frame,parameter,value
0,$4008_linear,0
0,$400A_period,1
0,$400B_length,0
0,$400C_const,1
0,$400C_vol,0
0,$400E_period,0
0,$400E_mode,0
0,$4000_duty,0
0,$4000_const,1
0,$4000_vol,0
0,$4004_duty,0
0,$4004_const,1
0,$4004_vol,0
0,$4008_linear,48
1,$4008_linear,0
1,$400A_period,1
1,$400B_length,0
1,$400C_const,1
1,$400C_vol,0
1,$400E_period,0
1,$400E_mode,0
1,$4000_duty,0
1,$4000_const,1
1,$4000_vol,0
1,$4004_duty,0
1,$4004_const,1
1,$4004_vol,0
1,$4008_linear,48
2,$4008_linear,0
2,$400A_period,1
2,$400B_length,0
2,$400C_const,1
2,$400C_vol,0
2,$400E_period,0
2,$400E_mode,0
2,$4000_duty,0
2,$4000_const,1
2,$4000_vol,0
2,$4004_duty,0
2,$4004_const,1
2,$4004_vol,0
2,$4008_linear,48
3,$4008_linear,0
3,$400A_period,1
3,$400B_length,0
3,$400C_const,1
3,$400C_vol,0
3,$400E_period,0
3,$400E_mode,0
3,$4000_duty,0
3,$4000_const,1
3,$4000_vol,0
3,$4004_duty,0
3,$4004_const,1
3,$4004_vol,0
3,$4008_linear,48
4,$4008_linear,0
4,$400A_period,1
4,$400B_length,0
4,$400C_const,1
4,$400C_vol,0
4,$400E_period,0
4,$400E_mode,0
4,$4000_duty,0
4,$4000_const,1
4,$4000_vol,0
4,$4004_duty,0
4,$4004_const,1
4,$4004_vol,0
4,$4008_linear,48
5,$4008_linear,0
5,$400A_period,1
5,$400B_length,0
5,$400C_const,1
5,$400C_vol,0
5,$400E_period,0
5,$400E_mode,0
5,$4000_duty,0
5,$4000_const,1
5,$4000_vol,0
5,$4004_duty,0
5,$4004_const,1
5,$4004_vol,0
5,$4008_linear,48
6,$4008_linear,0
6,$400A_period,1
6,$400B_length,0
6,$400C_const,1
6,$400C_vol,0
6,$400E_period,0
6,$400E_mode,0
6,$4000_duty,0
6,$4000_const,1
6,$4000_vol,0
6,$4004_duty,0
6,$4004_const,1
6,$4004_vol,0
6,$4008_linear,48
7,$4008_linear,0
7,$400A_period,1
7,$400B_length,0
7,$400C_const,1
7,$400C_vol,0
7,$400E_period,0
7,$400E_mode,0
7,$4000_duty,0
7,$4000_const,1
7,$4000_vol,0
7,$4004_duty,0
7,$4004_const,1
7,$4004_vol,0
7,$4008_linear,48
8,$4008_linear,0
8,$400A_period,1
8,$400B_length,0
8,$400C_const,1
8,$400C_vol,0
8,$400E_period,0
8,$400E_mode,0
8,$4000_duty,0
8,$4000_const,1
8,$4000_vol,0
8,$4004_duty,0
8,$4004_const,1
8,$4004_vol,0
8,$4008_linear,48
9,$4008_linear,0
9,$400A_period,1
9,$400B_length,0
9,$400C_const,1
9,$400C_vol,0
9,$400E_period,0
9,$400E_mode,0
9,$4000_duty,0
9,$4000_const,1
9,$4000_vol,0
9,$4004_duty,0
9,$4004_const,1
9,$4004_vol,0
9,$4008_linear,48
10,$4008_linear,0
10,$400A_period,1
10,$400B_length,0
10,$400C_const,1
10,$400C_vol,0
10,$400E_period,0
10,$400E_mode,0
10,$4000_duty,0
10,$4000_const,1
10,$4000_vol,0
10,$4004_duty,0
10,$4004_const,1
10,$4004_vol,0
10,$4008_linear,48
11,$4008_linear,0
11,$400A_period,1
11,$400B_length,0
11,$400C_const,1
11,$400C_vol,0
11,$400E_period,0
11,$400E_mode,0
11,$4000_duty,0
11,$4000_const,1
11,$4000_vol,0
11,$4004_duty,0
11,$4004_const,1
11,$4004_vol,0
11,$4008_linear,48
12,$4008_linear,0
12,$400A_period,1
12,$400B_length,0
12,$400C_const,1
12,$400C_vol,0
12,$400E_period,0
12,$400E_mode,0
12,$4000_duty,0
12,$4000_const,1
12,$4000_vol,0
12,$4004_duty,0
12,$4004_const,1
12,$4004_vol,0
12,$4008_linear,48
13,$4008_linear,0
13,$400A_period,1
13,$400B_length,0
13,$400C_const,1
13,$400C_vol,0
13,$400E_period,0
13,$400E_mode,0
13,$4000_duty,0
13,$4000_const,1
13,$4000_vol,0
13,$4004_duty,0
13,$4004_const,1
13,$4004_vol,0
13,$4008_linear,48
14,$4008_linear,0
14,$400A_period,1
14,$400B_length,0
14,$400C_const,1
14,$400C_vol,0
14,$400E_period,0
14,$400E_mode,0
14,$4000_duty,0
14,$4000_const,1
14,$4000_vol,0
14,$4004_duty,0
14,$4004_const,1
14,$4004_vol,0
14,$4008_linear,48
15,$4008_linear,0
15,$400A_period,1
15,$400B_length,0
15,$400C_const,1
15,$400C_vol,0
15,$400E_period,0
15,$400E_mode,0
15,$4000_duty,0
15,$4000_const,1
15,$4000_vol,0
15,$4004_duty,0
15,$4004_const,1
15,$4004_vol,0
15,$4008_linear,48
16,$4008_linear,0
16,$400A_period,1
16,$400B_length,0
16,$400C_const,1
16,$400C_vol,0
16,$400E_period,0
16,$400E_mode,0
16,$4000_duty,0
16,$4000_const,1
16,$4000_vol,0
16,$4004_duty,0
16,$4004_const,1
16,$4004_vol,0
16,$4008_linear,48
17,$4008_linear,0
17,$400A_period,1
17,$400B_length,0
17,$400C_const,1
17,$400C_vol,0
17,$400E_period,0
17,$400E_mode,0
17,$4000_duty,0
17,$4000_const,1
17,$4000_vol,0
17,$4004_duty,0
17,$4004_const,1
17,$4004_vol,0
17,$4008_linear,48
18,$4008_linear,0
18,$400A_period,1
18,$400B_length,0
18,$400C_const,1
18,$400C_vol,0
18,$400E_period,0
18,$400E_mode,0
18,$4000_duty,0
18,$4000_const,1
18,$4000_vol,0
18,$4004_duty,0
18,$4004_const,1
18,$4004_vol,0
18,$4008_linear,48
19,$4008_linear,0
19,$400A_period,1
19,$400B_length,0
19,$400C_const,1
19,$400C_vol,0
19,$400E_period,0
19,$400E_mode,0
19,$4000_duty,0
19,$4000_const,1
19,$4000_vol,0
19,$4004_duty,0
19,$4004_const,1
19,$4004_vol,0
19,$4008_linear,48
20,$4008_linear,0
20,$400A_period,1
20,$400B_length,0
20,$400C_const,1
20,$400C_vol,0
20,$400E_period,0
20,$400E_mode,0
20,$4000_duty,0
20,$4000_const,1
20,$4000_vol,0
20,$4004_duty,0
20,$4004_const,1
20,$4004_vol,0
20,$4008_linear,48
21,$4008_linear,0
21,$400A_period,1
21,$400B_length,0
21,$400C_const,1
21,$400C_vol,0
21,$400E_period,0
21,$400E_mode,0
21,$4000_duty,0
21,$4000_const,1
21,$4000_vol,0
21,$4004_duty,0
21,$4004_const,1
21,$4004_vol,0
21,$4008_linear,48
22,$4008_linear,0
22,$400A_period,1
22,$400B_length,0
22,$400C_const,1
22,$400C_vol,0
22,$400E_period,0
22,$400E_mode,0
22,$4000_duty,0
22,$4000_const,1
22,$4000_vol,0
22,$4004_duty,0
22,$4004_const,1
22,$4004_vol,0
22,$4008_linear,48
23,$4008_linear,0
23,$400A_period,1
23,$400B_length,0
23,$400C_const,1
23,$400C_vol,0
23,$400E_period,0
23,$400E_mode,0
23,$4000_duty,0
23,$4000_const,1
23,$4000_vol,0
23,$4004_duty,0
23,$4004_const,1
23,$4004_vol,0
23,$4008_linear,48
24,$4008_linear,0
24,$400A_period,1
24,$400B_length,0
24,$400C_const,1
24,$400C_vol,0
24,$400E_period,0
24,$400E_mode,0
24,$4000_duty,0
24,$4000_const,1
24,$4000_vol,0
24,$4004_duty,0
24,$4004_const,1
24,$4004_vol,0
24,$4008_linear,48
25,$4008_linear,0
25,$400A_period,1
25,$400B_length,0
25,$400C_const,1
25,$400C_vol,0
25,$400E_period,0
25,$400E_mode,0
25,$4000_duty,0
25,$4000_const,1
25,$4000_vol,0
25,$4004_duty,0
25,$4004_const,1
25,$4004_vol,0
25,$4008_linear,48
26,$4008_linear,0
26,$400A_period,1
26,$400B_length,0
26,$400C_const,1
26,$400C_vol,0
26,$400E_period,0
26,$400E_mode,0
26,$4000_duty,0
26,$4000_const,1
26,$4000_vol,0
26,$4004_duty,0
26,$4004_const,1
26,$4004_vol,0
26,$4008_linear,48
27,$4008_linear,0
27,$400A_period,1
27,$400B_length,0
27,$400C_const,1
27,$400C_vol,0
27,$400E_period,0
27,$400E_mode,0
27,$4000_duty,0
27,$4000_const,1
27,$4000_vol,0
27,$4004_duty,0
27,$4004_const,1
27,$4004_vol,0
27,$4008_linear,48
28,$4008_linear,0
28,$400A_period,1
28,$400B_length,0
28,$400C_const,1
28,$400C_vol,0
28,$400E_period,0
28,$400E_mode,0
28,$4000_duty,0
28,$4000_const,1
28,$4000_vol,0
28,$4004_duty,0
28,$4004_const,1
28,$4004_vol,0
28,$4008_linear,48
29,$4008_linear,0
29,$400A_period,1
29,$400B_length,0
29,$400C_const,1
29,$400C_vol,0
29,$400E_period,0
29,$400E_mode,0
29,$4000_duty,0
29,$4000_const,1
29,$4000_vol,0
29,$4004_duty,0
29,$4004_const,1
29,$4004_vol,0
29,$4008_linear,48
30,$4008_linear,0
30,$400A_period,1
30,$400B_length,0
30,$400C_const,1
30,$400C_vol,0
30,$400E_period,0
30,$400E_mode,0
30,$4000_duty,0
30,$4000_const,1
30,$4000_vol,0
30,$4004_duty,0
30,$4004_const,1
30,$4004_vol,0
30,$4008_linear,48
31,$4008_linear,0
31,$400A_period,1
31,$400B_length,0
31,$400C_const,1
31,$400C_vol,0
31,$400E_period,0
31,$400E_mode,0
31,$4000_duty,0
31,$4000_const,1
31,$4000_vol,0
31,$4004_duty,0
31,$4004_const,1
31,$4004_vol,0
31,$4008_linear,48
32,$4008_linear,0
32,$400A_period,1
32,$400B_length,0
32,$400C_const,1
32,$400C_vol,0
32,$400E_period,0
32,$400E_mode,0
32,$4000_duty,0
32,$4000_const,1
32,$4000_vol,0
32,$4004_duty,0
32,$4004_const,1
32,$4004_vol,0
32,$4008_linear,48
33,$4008_linear,0
33,$400A_period,1
33,$400B_length,0
33,$400C_const,1
33,$400C_vol,0
33,$400E_period,0
33,$400E_mode,0
33,$4000_duty,0
33,$4000_const,1
33,$4000_vol,0
33,$4004_duty,0
33,$4004_const,1
33,$4004_vol,0
33,$4008_linear,48
34,$4008_linear,0
34,$400A_period,1
34,$400B_length,0
34,$400C_const,1
34,$400C_vol,0
34,$400E_period,0
34,$400E_mode,0
34,$4000_duty,0
34,$4000_const,1
34,$4000_vol,0
34,$4004_duty,0
34,$4004_const,1
34,$4004_vol,0
34,$4008_linear,48
35,$4008_linear,0
35,$400A_period,1
35,$400B_length,0
35,$400C_const,1
35,$400C_vol,0
35,$400E_period,0
35,$400E_mode,0
35,$4000_duty,0
35,$4000_const,1
35,$4000_vol,0
35,$4004_duty,0
35,$4004_const,1
35,$4004_vol,0
35,$4008_linear,48
36,$4008_linear,0
36,$400A_period,1
36,$400B_length,0
36,$400C_const,1
36,$400C_vol,0
36,$400E_period,0
36,$400E_mode,0
36,$4000_duty,0
36,$4000_const,1
36,$4000_vol,0
36,$4004_duty,0
36,$4004_const,1
36,$4004_vol,0
36,$4008_linear,48
37,$4008_linear,0
37,$400A_period,1
37,$400B_length,0
37,$400C_const,1
37,$400C_vol,0
37,$400E_period,0
37,$400E_mode,0
37,$4000_duty,0
37,$4000_const,1
37,$4000_vol,0
37,$4004_duty,0
37,$4004_const,1
37,$4004_vol,0
37,$4008_linear,48
38,$4008_linear,0
38,$400A_period,1
38,$400B_length,0
38,$400C_const,1
38,$400C_vol,0
38,$400E_period,0
38,$400E_mode,0
38,$4000_duty,0
38,$4000_const,1
38,$4000_vol,0
38,$4004_duty,0
38,$4004_const,1
38,$4004_vol,0
38,$4008_linear,48
39,$4008_linear,0
39,$400A_period,1
39,$400B_length,0
39,$400C_const,1
39,$400C_vol,0
39,$400E_period,0
39,$400E_mode,0
39,$4000_duty,0
39,$4000_const,1
39,$4000_vol,0
39,$4004_duty,0
39,$4004_const,1
39,$4004_vol,0
39,$4008_linear,48
40,$4008_linear,0
40,$400A_period,1
40,$400B_length,0
40,$400C_const,1
40,$400C_vol,0
40,$400E_period,0
40,$400E_mode,0
40,$4000_duty,0
40,$4000_const,1
40,$4000_vol,0
40,$4004_duty,0
40,$4004_const,1
40,$4004_vol,0
40,$4008_linear,48
41,$4008_linear,0
41,$400A_period,1
41,$400B_length,0
41,$400C_const,1
41,$400C_vol,0
41,$400E_period,0
41,$400E_mode,0
41,$4000_duty,0
41,$4000_const,1
41,$4000_vol,0
41,$4004_duty,0
41,$4004_const,1
41,$4004_vol,0
41,$4008_linear,48
42,$4008_linear,0
42,$400A_period,1
42,$400B_length,0
42,$400C_const,1
42,$400C_vol,0
42,$400E_period,0
42,$400E_mode,0
42,$4000_duty,0
42,$4000_const,1
42,$4000_vol,0
42,$4004_duty,0
42,$4004_const,1
42,$4004_vol,0
42,$4008_linear,48
43,$4008_linear,0
43,$400A_period,1
43,$400B_length,0
43,$400C_const,1
43,$400C_vol,0
43,$400E_period,0
43,$400E_mode,0
43,$4000_duty,0
43,$4000_const,1
43,$4000_vol,0
43,$4004_duty,0
43,$4004_const,1
43,$4004_vol,0
43,$4008_linear,48
44,$4008_linear,0
44,$400A_period,1
44,$400B_length,0
44,$400C_const,1
44,$400C_vol,0
44,$400E_period,0
44,$400E_mode,0
44,$4000_duty,0
44,$4000_const,1
44,$4000_vol,0
44,$4004_duty,0
44,$4004_const,1
44,$4004_vol,0
44,$4008_linear,48
45,$4008_linear,0
45,$400A_period,1
45,$400B_length,0
45,$400C_const,1
45,$400C_vol,0
45,$400E_period,0
45,$400E_mode,0
45,$4000_duty,0
45,$4000_const,1
45,$4000_vol,0
45,$4004_duty,0
45,$4004_const,1
45,$4004_vol,0
45,$4008_linear,48
46,$4008_linear,0
46,$400A_period,1
46,$400B_length,0
46,$400C_const,1
46,$400C_vol,0
46,$400E_period,0
46,$400E_mode,0
46,$4000_duty,0
46,$4000_const,1
46,$4000_vol,0
46,$4004_duty,0
46,$4004_const,1
46,$4004_vol,0
46,$4008_linear,48
47,$4008_linear,0
47,$400A_period,1
47,$400B_length,0
47,$400C_const,1
47,$400C_vol,0
47,$400E_period,0
47,$400E_mode,0
47,$4000_duty,0
47,$4000_const,1
47,$4000_vol,0
47,$4004_duty,0
47,$4004_const,1
47,$4004_vol,0
47,$4008_linear,48
48,$4008_linear,0
48,$400A_period,1
48,$400B_length,0
48,$400C_const,1
48,$400C_vol,0
48,$400E_period,0
48,$400E_mode,0
48,$4000_duty,0
48,$4000_const,1
48,$4000_vol,0
48,$4004_duty,0
48,$4004_const,1
48,$4004_vol,0
48,$4008_linear,48
49,$4008_linear,0
49,$400A_period,1
49,$400B_length,0
49,$400C_const,1
49,$400C_vol,0
49,$400E_period,0
49,$400E_mode,0
49,$4000_duty,0
49,$4000_const,1
49,$4000_vol,0
49,$4004_duty,0
49,$4004_const,1
49,$4004_vol,0
49,$4008_linear,48
50,$4008_linear,0
50,$400A_period,1
50,$400B_length,0
50,$400C_const,1
50,$400C_vol,0
50,$400E_period,0
50,$400E_mode,0
50,$4000_duty,0
50,$4000_const,1
50,$4000_vol,0
50,$4004_duty,0
50,$4004_const,1
50,$4004_vol,0
50,$4008_linear,48
51,$4008_linear,0
51,$400A_period,1
51,$400B_length,0
51,$400C_const,1
51,$400C_vol,0
51,$400E_period,0
51,$400E_mode,0
51,$4000_duty,0
51,$4000_const,1
51,$4000_vol,0
51,$4004_duty,0
51,$4004_const,1
51,$4004_vol,0
51,$4008_linear,48
52,$4008_linear,0
52,$400A_period,1
52,$400B_length,0
52,$400C_const,1
52,$400C_vol,0
52,$400E_period,0
52,$400E_mode,0
52,$4000_duty,0
52,$4000_const,1
52,$4000_vol,0
52,$4004_duty,0
52,$4004_const,1
52,$4004_vol,0
52,$4008_linear,48
53,$4008_linear,0
53,$400A_period,1
53,$400B_length,0
53,$400C_const,1
53,$400C_vol,0
53,$400E_period,0
53,$400E_mode,0
53,$4000_duty,0
53,$4000_const,1
53,$4000_vol,0
53,$4004_duty,0
53,$4004_const,1
53,$4004_vol,0
53,$4008_linear,48
54,$4008_linear,0
54,$400A_period,1
54,$400B_length,0
54,$400C_const,1
54,$400C_vol,0
54,$400E_period,0
54,$400E_mode,0
54,$4000_duty,0
54,$4000_const,1
54,$4000_vol,0
54,$4004_duty,0
54,$4004_const,1
54,$4004_vol,0
54,$4008_linear,48
55,$4008_linear,0
55,$400A_period,1
55,$400B_length,0
55,$400C_const,1
55,$400C_vol,0
55,$400E_period,0
55,$400E_mode,0
55,$4000_duty,0
55,$4000_const,1
55,$4000_vol,0
55,$4004_duty,0
55,$4004_const,1
55,$4004_vol,0
55,$4008_linear,48
56,$4008_linear,0
56,$400A_period,1
56,$400B_length,0
56,$400C_const,1
56,$400C_vol,0
56,$400E_period,0
56,$400E_mode,0
56,$4000_duty,0
56,$4000_const,1
56,$4000_vol,0
56,$4004_duty,0
56,$4004_const,1
56,$4004_vol,0
56,$4008_linear,48
57,$4008_linear,0
57,$400A_period,1
57,$400B_length,0
57,$400C_const,1
57,$400C_vol,0
57,$400E_period,0
57,$400E_mode,0
57,$4000_duty,0
57,$4000_const,1
57,$4000_vol,0
57,$4004_duty,0
57,$4004_const,1
57,$4004_vol,0
57,$4008_linear,48
58,$4008_linear,0
58,$400A_period,1
58,$400B_length,0
58,$400C_const,1
58,$400C_vol,0
58,$400E_period,0
58,$400E_mode,0
58,$4000_duty,0
58,$4000_const,1
58,$4000_vol,0
58,$4004_duty,0
58,$4004_const,1
58,$4004_vol,0
58,$4008_linear,48
59,$4008_linear,0
59,$400A_period,1
59,$400B_length,0
59,$400C_const,1
59,$400C_vol,0
59,$400E_period,0
59,$400E_mode,0
59,$4000_duty,0
59,$4000_const,1
59,$4000_vol,0
59,$4004_duty,0
59,$4004_const,1
59,$4004_vol,0
59,$4008_linear,48
60,$4008_linear,0
60,$400A_period,1
60,$400B_length,0
60,$400C_const,1
60,$400C_vol,0
60,$400E_period,0
60,$400E_mode,0
60,$4000_duty,0
60,$4000_const,1
60,$4000_vol,0
60,$4004_duty,0
60,$4004_const,1
60,$4004_vol,0
60,$4008_linear,48
61,$4008_linear,0
61,$400A_period,1
61,$400B_length,0
61,$400C_const,1
61,$400C_vol,0
61,$400E_period,0
61,$400E_mode,0
61,$4000_duty,0
61,$4000_const,1
61,$4000_vol,0
61,$4004_duty,0
61,$4004_const,1
61,$4004_vol,0
61,$4008_linear,48
62,$4008_linear,0
62,$400A_period,1
62,$400B_length,0
62,$400C_const,1
62,$400C_vol,0
62,$400E_period,0
62,$400E_mode,0
62,$4000_duty,0
62,$4000_const,1
62,$4000_vol,0
62,$4004_duty,0
62,$4004_const,1
62,$4004_vol,0
62,$4008_linear,48
63,$4008_linear,0
63,$400A_period,1
63,$400B_length,0
63,$400C_const,1
63,$400C_vol,0
63,$400E_period,0
63,$400E_mode,0
63,$4000_duty,0
63,$4000_const,1
63,$4000_vol,0
63,$4004_duty,0
63,$4004_const,1
63,$4004_vol,0
63,$4008_linear,48
64,$4008_linear,0
64,$400A_period,1
64,$400B_length,0
64,$400C_const,1
64,$400C_vol,0
64,$400E_period,0
64,$400E_mode,0
64,$4000_duty,0
64,$4000_const,1
64,$4000_vol,0
64,$4004_duty,0
64,$4004_const,1
64,$4004_vol,0
64,$4008_linear,48
65,$4008_linear,0
65,$400A_period,1
65,$400B_length,0
65,$400C_const,1
65,$400C_vol,0
65,$400E_period,0
65,$400E_mode,0
65,$4000_duty,0
65,$4000_const,1
65,$4000_vol,0
65,$4004_duty,0
65,$4004_const,1
65,$4004_vol,0
65,$4008_linear,48
66,$4008_linear,0
66,$400A_period,1
66,$400B_length,0
66,$400C_const,1
66,$400C_vol,0
66,$400E_period,0
66,$400E_mode,0
66,$4000_duty,0
66,$4000_const,1
66,$4000_vol,0
66,$4004_duty,0
66,$4004_const,1
66,$4004_vol,0
66,$4008_linear,48
67,$4008_linear,0
67,$400A_period,1
67,$400B_length,0
67,$400C_const,1
67,$400C_vol,0
67,$400E_period,0
67,$400E_mode,0
67,$4000_duty,0
67,$4000_const,1
67,$4000_vol,0
67,$4004_duty,0
67,$4004_const,1
67,$4004_vol,0
67,$4008_linear,48
68,$4008_linear,0
68,$400A_period,1
68,$400B_length,0
68,$400C_const,1
68,$400C_vol,0
68,$400E_period,0
68,$400E_mode,0
68,$4000_duty,0
68,$4000_const,1
68,$4000_vol,0
68,$4004_duty,0
68,$4004_const,1
68,$4004_vol,0
68,$4008_linear,48
69,$4008_linear,0
69,$400A_period,1
69,$400B_length,0
69,$400C_const,1
69,$400C_vol,0
69,$400E_period,0
69,$400E_mode,0
69,$4000_duty,0
69,$4000_const,1
69,$4000_vol,0
69,$4004_duty,0
69,$4004_const,1
69,$4004_vol,0
69,$4008_linear,48
70,$4008_linear,0
70,$400A_period,1
70,$400B_length,0
70,$400C_const,1
70,$400C_vol,0
70,$400E_period,0
70,$400E_mode,0
70,$4000_duty,0
70,$4000_const,1
70,$4000_vol,0
70,$4004_duty,0
70,$4004_const,1
70,$4004_vol,0
70,$4008_linear,48
71,$4008_linear,0
71,$400A_period,1
71,$400B_length,0
71,$400C_const,1
71,$400C_vol,0
71,$400E_period,0
71,$400E_mode,0
71,$4000_duty,0
71,$4000_const,1
71,$4000_vol,0
71,$4004_duty,0
71,$4004_const,1
71,$4004_vol,0
71,$4008_linear,48
72,$4008_linear,0
72,$400A_period,1
72,$400B_length,0
72,$400C_const,1
72,$400C_vol,0
72,$400E_period,0
72,$400E_mode,0
72,$4000_duty,0
72,$4000_const,1
72,$4000_vol,0
72,$4004_duty,0
72,$4004_const,1
72,$4004_vol,0
72,$4008_linear,48
73,$4008_linear,0
73,$400A_period,1
73,$400B_length,0
73,$400C_const,1
73,$400C_vol,0
73,$400E_period,0
73,$400E_mode,0
73,$4000_duty,0
73,$4000_const,1
73,$4000_vol,0
73,$4004_duty,0
73,$4004_const,1
73,$4004_vol,0
73,$4008_linear,48
74,$4008_linear,0
74,$400A_period,1
74,$400B_length,0
74,$400C_const,1
74,$400C_vol,0
74,$400E_period,0
74,$400E_mode,0
74,$4000_duty,0
74,$4000_const,1
74,$4000_vol,0
74,$4004_duty,0
74,$4004_const,1
74,$4004_vol,0
74,$4008_linear,48
75,$4008_linear,0
75,$400A_period,1
75,$400B_length,0
75,$400C_const,1
75,$400C_vol,0
75,$400E_period,0
75,$400E_mode,0
75,$4000_duty,0
75,$4000_const,1
75,$4000_vol,0
75,$4004_duty,0
75,$4004_const,1
75,$4004_vol,0
75,$4008_linear,48
76,$4008_linear,0
76,$400A_period,1
76,$400B_length,0
76,$400C_const,1
76,$400C_vol,0
76,$400E_period,0
76,$400E_mode,0
76,$4000_duty,0
76,$4000_const,1
76,$4000_vol,0
76,$4004_duty,0
76,$4004_const,1
76,$4004_vol,0
76,$4008_linear,48
77,$4008_linear,0
77,$400A_period,1
77,$400B_length,0
77,$400C_const,1
77,$400C_vol,0
77,$400E_period,0
77,$400E_mode,0
77,$4000_duty,0
77,$4000_const,1
77,$4000_vol,0
77,$4004_duty,0
77,$4004_const,1
77,$4004_vol,0
77,$4008_linear,48
78,$4008_linear,0
78,$400A_period,1
78,$400B_length,0
78,$400C_const,1
78,$400C_vol,0
78,$400E_period,0
78,$400E_mode,0
78,$4000_duty,0
78,$4000_const,1
78,$4000_vol,0
78,$4004_duty,0
78,$4004_const,1
78,$4004_vol,0
78,$4008_linear,48
79,$4008_linear,0
79,$400A_period,1
79,$400B_length,0
79,$400C_const,1
79,$400C_vol,0
79,$400E_period,0
79,$400E_mode,0
79,$4000_duty,0
79,$4000_const,1
79,$4000_vol,0
79,$4004_duty,0
79,$4004_const,1
79,$4004_vol,0
79,$4008_linear,48
80,$4008_linear,0
80,$400A_period,1
80,$400B_length,0
80,$400C_const,1
80,$400C_vol,0
80,$400E_period,0
80,$400E_mode,0
80,$4000_duty,0
80,$4000_const,1
80,$4000_vol,0
80,$4004_duty,0
80,$4004_const,1
80,$4004_vol,0
80,$4008_linear,48
81,$4008_linear,0
81,$400A_period,1
81,$400B_length,0
81,$400C_const,1
81,$400C_vol,0
81,$400E_period,0
81,$400E_mode,0
81,$4000_duty,0
81,$4000_const,1
81,$4000_vol,0
81,$4004_duty,0
81,$4004_const,1
81,$4004_vol,0
81,$4008_linear,48
82,$4008_linear,0
82,$400A_period,1
82,$400B_length,0
82,$400C_const,1
82,$400C_vol,0
82,$400E_period,0
82,$400E_mode,0
82,$4000_duty,0
82,$4000_const,1
82,$4000_vol,0
82,$4004_duty,0
82,$4004_const,1
82,$4004_vol,0
82,$4008_linear,48
83,$4008_linear,0
83,$400A_period,1
83,$400B_length,0
83,$400C_const,1
83,$400C_vol,0
83,$400E_period,0
83,$400E_mode,0
83,$4000_duty,0
83,$4000_const,1
83,$4000_vol,0
83,$4004_duty,0
83,$4004_const,1
83,$4004_vol,0
83,$4008_linear,48
84,$4008_linear,0
84,$400A_period,1
84,$400B_length,0
84,$400C_const,1
84,$400C_vol,0
84,$400E_period,0
84,$400E_mode,0
84,$4000_duty,0
84,$4000_const,1
84,$4000_vol,0
84,$4004_duty,0
84,$4004_const,1
84,$4004_vol,0
84,$4008_linear,48
85,$4008_linear,0
85,$400A_period,1
85,$400B_length,0
85,$400C_const,1
85,$400C_vol,0
85,$400E_period,0
85,$400E_mode,0
85,$4000_duty,0
85,$4000_const,1
85,$4000_vol,0
85,$4004_duty,0
85,$4004_const,1
85,$4004_vol,0
85,$4008_linear,48
86,$4008_linear,0
86,$400A_period,1
86,$400B_length,0
86,$400C_const,1
86,$400C_vol,0
86,$400E_period,0
86,$400E_mode,0
86,$4000_duty,0
86,$4000_const,1
86,$4000_vol,0
86,$4004_duty,0
86,$4004_const,1
86,$4004_vol,0
86,$4008_linear,48
87,$4008_linear,0
87,$400A_period,1
87,$400B_length,0
87,$400C_const,1
87,$400C_vol,0
87,$400E_period,0
87,$400E_mode,0
87,$4000_duty,0
87,$4000_const,1
87,$4000_vol,0
87,$4004_duty,0
87,$4004_const,1
87,$4004_vol,0
87,$4008_linear,48
88,$4008_linear,0
88,$400A_period,1
88,$400B_length,0
88,$400C_const,1
88,$400C_vol,0
88,$400E_period,0
88,$400E_mode,0
88,$4000_duty,0
88,$4000_const,1
88,$4000_vol,0
88,$4004_duty,0
88,$4004_const,1
88,$4004_vol,0
88,$4008_linear,48
89,$4008_linear,0
89,$400A_period,1
89,$400B_length,0
89,$400C_const,1
89,$400C_vol,0
89,$400E_period,0
89,$400E_mode,0
89,$4000_duty,0
89,$4000_const,1
89,$4000_vol,0
89,$4004_duty,0
89,$4004_const,1
89,$4004_vol,0
89,$4008_linear,48
90,$4008_linear,0
90,$400A_period,1
90,$400B_length,0
90,$400C_const,1
90,$400C_vol,0
90,$400E_period,0
90,$400E_mode,0
90,$4000_duty,0
90,$4000_const,1
90,$4000_vol,0
90,$4004_duty,0
90,$4004_const,1
90,$4004_vol,0
90,$4008_linear,48
91,$4008_linear,0
91,$400A_period,1
91,$400B_length,0
91,$400C_const,1
91,$400C_vol,0
91,$400E_period,0
91,$400E_mode,0
91,$4000_duty,0
91,$4000_const,1
91,$4000_vol,0
91,$4004_duty,0
91,$4004_const,1
91,$4004_vol,0
91,$4008_linear,48
92,$4008_linear,0
92,$400A_period,1
92,$400B_length,0
92,$400C_const,1
92,$400C_vol,0
92,$400E_period,0
92,$400E_mode,0
92,$4000_duty,0
92,$4000_const,1
92,$4000_vol,0
92,$4004_duty,0
92,$4004_const,1
92,$4004_vol,0
92,$4008_linear,48
93,$4008_linear,0
93,$400A_period,1
93,$400B_length,0
93,$400C_const,1
93,$400C_vol,0
93,$400E_period,0
93,$400E_mode,0
93,$4000_duty,0
93,$4000_const,1
93,$4000_vol,0
93,$4004_duty,0
93,$4004_const,1
93,$4004_vol,0
93,$4008_linear,48
94,$4008_linear,0
94,$400A_period,1
94,$400B_length,0
94,$400C_const,1
94,$400C_vol,0
94,$400E_period,0
94,$400E_mode,0
94,$4000_duty,0
94,$4000_const,1
94,$4000_vol,0
94,$4004_duty,0
94,$4004_const,1
94,$4004_vol,0
94,$4008_linear,48
95,$4008_linear,0
95,$400A_period,1
95,$400B_length,0
95,$400C_const,1
95,$400C_vol,0
95,$400E_period,0
95,$400E_mode,0
95,$4000_duty,0
95,$4000_const,1
95,$4000_vol,0
95,$4004_duty,0
95,$4004_const,1
95,$4004_vol,0
95,$4008_linear,48
96,$4008_linear,0
96,$400A_period,1
96,$400B_length,0
96,$400C_const,1
96,$400C_vol,0
96,$400E_period,0
96,$400E_mode,0
96,$4000_duty,0
96,$4000_const,1
96,$4000_vol,0
96,$4004_duty,0
96,$4004_const,1
96,$4004_vol,0
96,$4008_linear,48
97,$4008_linear,0
97,$400A_period,1
97,$400B_length,0
97,$400C_const,1
97,$400C_vol,0
97,$400E_period,0
97,$400E_mode,0
97,$4000_duty,0
97,$4000_const,1
97,$4000_vol,0
97,$4004_duty,0
97,$4004_const,1
97,$4004_vol,0
97,$4008_linear,48
98,$4008_linear,0
98,$400A_period,1
98,$400B_length,0
98,$400C_const,1
98,$400C_vol,0
98,$400E_period,0
98,$400E_mode,0
98,$4000_duty,0
98,$4000_const,1
98,$4000_vol,0
98,$4004_duty,0
98,$4004_const,1
98,$4004_vol,0
98,$4008_linear,48
99,$4008_linear,0
99,$400A_period,1
99,$400B_length,0
99,$400C_const,1
99,$400C_vol,0
99,$400E_period,0
99,$400E_mode,0
99,$4000_duty,0
99,$4000_const,1
99,$4000_vol,0
99,$4004_duty,0
99,$4004_const,1
99,$4004_vol,0
99,$4008_linear,48
100,$4008_linear,0
100,$400A_period,1
100,$400B_length,0
100,$400C_const,1
100,$400C_vol,0
100,$400E_period,0
100,$400E_mode,0
100,$4000_duty,0
100,$4000_const,1
100,$4000_vol,0
100,$4004_duty,0
100,$4004_const,1
100,$4004_vol,0
100,$4008_linear,48
101,$4008_linear,0
101,$400A_period,1
101,$400B_length,0
101,$400C_const,1
101,$400C_vol,0
101,$400E_period,0
101,$400E_mode,0
101,$4000_duty,0
101,$4000_const,1
101,$4000_vol,0
101,$4004_duty,0
101,$4004_const,1
101,$4004_vol,0
101,$4008_linear,48
102,$4008_linear,0
102,$400A_period,1
102,$400B_length,0
102,$400C_const,1
102,$400C_vol,0
102,$400E_period,0
102,$400E_mode,0
102,$4000_duty,0
102,$4000_const,1
102,$4000_vol,0
102,$4004_duty,0
102,$4004_const,1
102,$4004_vol,0
102,$4008_linear,48
103,$4008_linear,0
103,$400A_period,1
103,$400B_length,0
103,$400C_const,1
103,$400C_vol,0
103,$400E_period,0
103,$400E_mode,0
103,$4000_duty,0
103,$4000_const,1
103,$4000_vol,0
103,$4004_duty,0
103,$4004_const,1
103,$4004_vol,0
103,$4008_linear,48
104,$4008_linear,0
104,$400A_period,1
104,$400B_length,0
104,$400C_const,1
104,$400C_vol,0
104,$400E_period,0
104,$400E_mode,0
104,$4000_duty,0
104,$4000_const,1
104,$4000_vol,0
104,$4004_duty,0
104,$4004_const,1
104,$4004_vol,0
104,$4008_linear,48
105,$4008_linear,0
105,$400A_period,1
105,$400B_length,0
105,$400C_const,1
105,$400C_vol,0
105,$400E_period,0
105,$400E_mode,0
105,$4000_duty,0
105,$4000_const,1
105,$4000_vol,0
105,$4004_duty,0
105,$4004_const,1
105,$4004_vol,0
105,$4008_linear,48
106,$4008_linear,0
106,$400A_period,1
106,$400B_length,0
106,$400C_const,1
106,$400C_vol,0
106,$400E_period,0
106,$400E_mode,0
106,$4000_duty,0
106,$4000_const,1
106,$4000_vol,0
106,$4004_duty,0
106,$4004_const,1
106,$4004_vol,0
106,$4008_linear,48
107,$4008_linear,0
107,$400A_period,1
107,$400B_length,0
107,$400C_const,1
107,$400C_vol,0
107,$400E_period,0
107,$400E_mode,0
107,$4000_duty,0
107,$4000_const,1
107,$4000_vol,0
107,$4004_duty,0
107,$4004_const,1
107,$4004_vol,0
107,$4008_linear,48
108,$4008_linear,0
108,$400A_period,1
108,$400B_length,0
108,$400C_const,1
108,$400C_vol,0
108,$400E_period,0
108,$400E_mode,0
108,$4000_duty,0
108,$4000_const,1
108,$4000_vol,0
108,$4004_duty,0
108,$4004_const,1
108,$4004_vol,0
108,$4008_linear,48
109,$4008_linear,0
109,$400A_period,1
109,$400B_length,0
109,$400C_const,1
109,$400C_vol,0
109,$400E_period,0
109,$400E_mode,0
109,$4000_duty,0
109,$4000_const,1
109,$4000_vol,0
109,$4004_duty,0
109,$4004_const,1
109,$4004_vol,0
109,$4008_linear,48
110,$4008_linear,0
110,$400A_period,1
110,$400B_length,0
110,$400C_const,1
110,$400C_vol,0
110,$400E_period,0
110,$400E_mode,0
110,$4000_duty,0
110,$4000_const,1
110,$4000_vol,0
110,$4004_duty,0
110,$4004_const,1
110,$4004_vol,0
110,$4008_linear,48
111,$4008_linear,0
111,$400A_period,1
111,$400B_length,0
111,$400C_const,1
111,$400C_vol,0
111,$400E_period,0
111,$400E_mode,0
111,$4000_duty,0
111,$4000_const,1
111,$4000_vol,0
111,$4004_duty,0
111,$4004_const,1
111,$4004_vol,0
111,$4008_linear,48
112,$4008_linear,0
112,$400A_period,1
112,$400B_length,0
112,$400C_const,1
112,$400C_vol,0
112,$400E_period,0
112,$400E_mode,0
112,$4000_duty,0
112,$4000_const,1
112,$4000_vol,0
112,$4004_duty,0
112,$4004_const,1
112,$4004_vol,0
112,$4008_linear,48
113,$4008_linear,0
113,$400A_period,1
113,$400B_length,0
113,$400C_const,1
113,$400C_vol,0
113,$400E_period,0
113,$400E_mode,0
113,$4000_duty,0
113,$4000_const,1
113,$4000_vol,0
113,$4004_duty,0
113,$4004_const,1
113,$4004_vol,0
113,$4008_linear,48
114,$4008_linear,0
114,$400A_period,1
114,$400B_length,0
114,$400C_const,1
114,$400C_vol,0
114,$400E_period,0
114,$400E_mode,0
114,$4000_duty,0
114,$4000_const,1
114,$4000_vol,0
114,$4004_duty,0
114,$4004_const,1
114,$4004_vol,0
114,$4008_linear,48
115,$4008_linear,0
115,$400A_period,1
115,$400B_length,0
115,$400C_const,1
115,$400C_vol,0
115,$400E_period,0
115,$400E_mode,0
115,$4000_duty,0
115,$4000_const,1
115,$4000_vol,0
115,$4004_duty,0
115,$4004_const,1
115,$4004_vol,0
115,$4008_linear,48
116,$4008_linear,0
116,$400A_period,1
116,$400B_length,0
116,$400C_const,1
116,$400C_vol,0
116,$400E_period,0
116,$400E_mode,0
116,$4000_duty,0
116,$4000_const,1
116,$4000_vol,0
116,$4004_duty,0
116,$4004_const,1
116,$4004_vol,0
116,$4008_linear,48
117,$4008_linear,0
117,$400A_period,1
117,$400B_length,0
117,$400C_const,1
117,$400C_vol,0
117,$400E_period,0
117,$400E_mode,0
117,$4000_duty,0
117,$4000_const,1
117,$4000_vol,0
117,$4004_duty,0
117,$4004_const,1
117,$4004_vol,0
117,$4008_linear,48
118,$4008_linear,0
118,$400A_period,1
118,$400B_length,0
118,$400C_const,1
118,$400C_vol,0
118,$400E_period,0
118,$400E_mode,0
118,$4000_duty,0
118,$4000_const,1
118,$4000_vol,0
118,$4004_duty,0
118,$4004_const,1
118,$4004_vol,0
118,$4008_linear,48
119,$4008_linear,0
119,$400A_period,1
119,$400B_length,0
119,$400C_const,1
119,$400C_vol,0
119,$400E_period,0
119,$400E_mode,0
119,$4000_duty,0
119,$4000_const,1
119,$4000_vol,0
119,$4004_duty,0
119,$4004_const,1
119,$4004_vol,0
119,$4008_linear,48
120,$4008_linear,0
120,$400A_period,1
120,$400B_length,0
120,$400C_const,1
120,$400C_vol,0
120,$400E_period,0
120,$400E_mode,0
120,$4000_duty,0
120,$4000_const,1
120,$4000_vol,0
120,$4004_duty,0
120,$4004_const,1
120,$4004_vol,0
120,$4008_linear,48
121,$4008_linear,0
121,$400A_period,1
121,$400B_length,0
121,$400C_const,1
121,$400C_vol,0
121,$400E_period,0
121,$400E_mode,0
121,$4000_duty,0
121,$4000_const,1
121,$4000_vol,0
121,$4004_duty,0
121,$4004_const,1
121,$4004_vol,0
121,$4008_linear,48
122,$4008_linear,0
122,$400A_period,1
122,$400B_length,0
122,$400C_const,1
122,$400C_vol,0
122,$400E_period,0
122,$400E_mode,0
122,$4000_duty,0
122,$4000_const,1
122,$4000_vol,0
122,$4004_duty,0
122,$4004_const,1
122,$4004_vol,0
122,$4008_linear,48
123,$4008_linear,0
123,$400A_period,1
123,$400B_length,0
123,$400C_const,1
123,$400C_vol,0
123,$400E_period,0
123,$400E_mode,0
123,$4000_duty,0
123,$4000_const,1
123,$4000_vol,0
123,$4004_duty,0
123,$4004_const,1
123,$4004_vol,0
123,$4008_linear,48
124,$4008_linear,0
124,$400A_period,1
124,$400B_length,0
124,$400C_const,1
124,$400C_vol,0
124,$400E_period,0
124,$400E_mode,0
124,$4000_duty,0
124,$4000_const,1
124,$4000_vol,0
124,$4004_duty,0
124,$4004_const,1
124,$4004_vol,0
124,$4008_linear,48
125,$4008_linear,0
125,$400A_period,1
125,$400B_length,0
125,$400C_const,1
125,$400C_vol,0
125,$400E_period,0
125,$400E_mode,0
125,$4000_duty,0
125,$4000_const,1
125,$4000_vol,0
125,$4004_duty,0
125,$4004_const,1
125,$4004_vol,0
125,$4008_linear,48
126,$4008_linear,0
126,$400A_period,1
126,$400B_length,0
126,$400C_const,1
126,$400C_vol,0
126,$400E_period,0
126,$400E_mode,0
126,$4000_duty,0
126,$4000_const,1
126,$4000_vol,0
126,$4004_duty,0
126,$4004_const,1
126,$4004_vol,0
126,$4008_linear,48
127,$4008_linear,0
127,$400A_period,1
127,$400B_length,0
127,$400C_const,1
127,$400C_vol,0
127,$400E_period,0
127,$400E_mode,0
127,$4000_duty,0
127,$4000_const,1
127,$4000_vol,0
127,$4004_duty,0
127,$4004_const,1
127,$4004_vol,0
127,$4008_linear,48
128,$4008_linear,0
128,$400A_period,1
128,$400B_length,0
128,$400C_const,1
128,$400C_vol,0
128,$400E_period,0
128,$400E_mode,0
128,$4000_duty,0
128,$4000_const,1
128,$4000_vol,0
128,$4004_duty,0
128,$4004_const,1
128,$4004_vol,0
128,$4008_linear,48
129,$4008_linear,0
129,$400A_period,1
129,$400B_length,0
129,$400C_const,1
129,$400C_vol,0
129,$400E_period,0
129,$400E_mode,0
129,$4000_duty,0
129,$4000_const,1
129,$4000_vol,0
129,$4004_duty,0
129,$4004_const,1
129,$4004_vol,0
129,$4008_linear,48
130,$4008_linear,0
130,$400A_period,1
130,$400B_length,0
130,$400C_const,1
130,$400C_vol,0
130,$400E_period,0
130,$400E_mode,0
130,$4000_duty,0
130,$4000_const,1
130,$4000_vol,0
130,$4004_duty,0
130,$4004_const,1
130,$4004_vol,0
130,$4008_linear,48
131,$4008_linear,0
131,$400A_period,1
131,$400B_length,0
131,$400C_const,1
131,$400C_vol,0
131,$400E_period,0
131,$400E_mode,0
131,$4000_duty,0
131,$4000_const,1
131,$4000_vol,0
131,$4004_duty,0
131,$4004_const,1
131,$4004_vol,0
131,$4008_linear,48
132,$4008_linear,0
132,$400A_period,1
132,$400B_length,0
132,$400C_const,1
132,$400C_vol,0
132,$400E_period,0
132,$400E_mode,0
132,$4000_duty,0
132,$4000_const,1
132,$4000_vol,0
132,$4004_duty,0
132,$4004_const,1
132,$4004_vol,0
132,$4008_linear,48
133,$4008_linear,0
133,$400A_period,1
133,$400B_length,0
133,$400C_const,1
133,$400C_vol,0
133,$400E_period,0
133,$400E_mode,0
133,$4000_duty,0
133,$4000_const,1
133,$4000_vol,0
133,$4004_duty,0
133,$4004_const,1
133,$4004_vol,0
133,$4008_linear,48
134,$4008_linear,0
134,$400A_period,1
134,$400B_length,0
134,$400C_const,1
134,$400C_vol,0
134,$400E_period,0
134,$400E_mode,0
134,$4000_duty,0
134,$4000_const,1
134,$4000_vol,0
134,$4004_duty,0
134,$4004_const,1
134,$4004_vol,0
134,$4008_linear,48
135,$4008_linear,0
135,$400A_period,1
135,$400B_length,0
135,$400C_const,1
135,$400C_vol,0
135,$400E_period,0
135,$400E_mode,0
135,$4000_duty,0
135,$4000_const,1
135,$4000_vol,0
135,$4004_duty,0
135,$4004_const,1
135,$4004_vol,0
135,$4008_linear,48
136,$4008_linear,0
136,$400A_period,1
136,$400B_length,0
136,$400C_const,1
136,$400C_vol,0
136,$400E_period,0
136,$400E_mode,0
136,$4000_duty,0
136,$4000_const,1
136,$4000_vol,0
136,$4004_duty,0
136,$4004_const,1
136,$4004_vol,0
136,$4008_linear,48
137,$4008_linear,0
137,$400A_period,1
137,$400B_length,0
137,$400C_const,1
137,$400C_vol,0
137,$400E_period,0
137,$400E_mode,0
137,$4000_duty,0
137,$4000_const,1
137,$4000_vol,0
137,$4004_duty,0
137,$4004_const,1
137,$4004_vol,0
137,$4008_linear,48
138,$4008_linear,0
138,$400A_period,1
138,$400B_length,0
138,$400C_const,1
138,$400C_vol,0
138,$400E_period,0
138,$400E_mode,0
138,$4000_duty,0
138,$4000_const,1
138,$4000_vol,0
138,$4004_duty,0
138,$4004_const,1
138,$4004_vol,0
138,$4008_linear,48
139,$4008_linear,0
139,$400A_period,1
139,$400B_length,0
139,$400C_const,1
139,$400C_vol,0
139,$400E_period,0
139,$400E_mode,0
139,$4000_duty,0
139,$4000_const,1
139,$4000_vol,0
139,$4004_duty,0
139,$4004_const,1
139,$4004_vol,0
139,$4008_linear,48
140,$4008_linear,0
140,$400A_period,1
140,$400B_length,0
140,$400C_const,1
140,$400C_vol,0
140,$400E_period,0
140,$400E_mode,0
140,$4000_duty,0
140,$4000_const,1
140,$4000_vol,0
140,$4004_duty,0
140,$4004_const,1
140,$4004_vol,0
140,$4008_linear,48
141,$4008_linear,0
141,$400A_period,1
141,$400B_length,0
141,$400C_const,1
141,$400C_vol,0
141,$400E_period,0
141,$400E_mode,0
141,$4000_duty,0
141,$4000_const,1
141,$4000_vol,0
141,$4004_duty,0
141,$4004_const,1
141,$4004_vol,0
141,$4008_linear,48
142,$4008_linear,0
142,$400A_period,1
142,$400B_length,0
142,$400C_const,1
142,$400C_vol,0
142,$400E_period,0
142,$400E_mode,0
142,$4000_duty,0
142,$4000_const,1
142,$4000_vol,0
142,$4004_duty,0
142,$4004_const,1
142,$4004_vol,0
142,$4008_linear,48
143,$4008_linear,0
143,$400A_period,1
143,$400B_length,0
143,$400C_const,1
143,$400C_vol,0
143,$400E_period,0
143,$400E_mode,0
143,$4000_duty,0
143,$4000_const,1
143,$4000_vol,0
143,$4004_duty,0
143,$4004_const,1
143,$4004_vol,0
143,$4008_linear,48
144,$4008_linear,0
144,$400A_period,1
144,$400B_length,0
144,$400C_const,1
144,$400C_vol,0
144,$400E_period,0
144,$400E_mode,0
144,$4000_duty,0
144,$4000_const,1
144,$4000_vol,0
144,$4004_duty,0
144,$4004_const,1
144,$4004_vol,0
144,$4008_linear,48
145,$4008_linear,0
145,$400A_period,1
145,$400B_length,0
145,$400C_const,1
145,$400C_vol,0
145,$400E_period,0
145,$400E_mode,0
145,$4000_duty,0
145,$4000_const,1
145,$4000_vol,0
145,$4004_duty,0
145,$4004_const,1
145,$4004_vol,0
145,$4008_linear,48
146,$4008_linear,0
146,$400A_period,1
146,$400B_length,0
146,$400C_const,1
146,$400C_vol,0
146,$400E_period,0
146,$400E_mode,0
146,$4000_duty,0
146,$4000_const,1
146,$4000_vol,0
146,$4004_duty,0
146,$4004_const,1
146,$4004_vol,0
146,$4008_linear,48
147,$4008_linear,0
147,$400A_period,1
147,$400B_length,0
147,$400C_const,1
147,$400C_vol,0
147,$400E_period,0
147,$400E_mode,0
147,$4000_duty,0
147,$4000_const,1
147,$4000_vol,0
147,$4004_duty,0
147,$4004_const,1
147,$4004_vol,0
147,$4008_linear,48
148,$4008_linear,0
148,$400A_period,1
148,$400B_length,0
148,$400C_const,1
148,$400C_vol,0
148,$400E_period,0
148,$400E_mode,0
148,$4000_duty,0
148,$4000_const,1
148,$4000_vol,0
148,$4004_duty,0
148,$4004_const,1
148,$4004_vol,0
148,$4008_linear,48
149,$4008_linear,0
149,$400A_period,1
149,$400B_length,0
149,$400C_const,1
149,$400C_vol,0
149,$400E_period,0
149,$400E_mode,0
149,$4000_duty,0
149,$4000_const,1
149,$4000_vol,0
149,$4004_duty,0
149,$4004_const,1
149,$4004_vol,0
149,$4008_linear,48
150,$4008_linear,0
150,$400A_period,1
150,$400B_length,0
150,$400C_const,1
150,$400C_vol,0
150,$400E_period,0
150,$400E_mode,0
150,$4000_duty,0
150,$4000_const,1
150,$4000_vol,0
150,$4004_duty,0
150,$4004_const,1
150,$4004_vol,0
150,$4008_linear,48
151,$4008_linear,0
151,$400A_period,1
151,$400B_length,0
151,$400C_const,1
151,$400C_vol,0
151,$400E_period,0
151,$400E_mode,0
151,$4000_duty,0
151,$4000_const,1
151,$4000_vol,0
151,$4004_duty,0
151,$4004_const,1
151,$4004_vol,0
151,$4008_linear,48
152,$4008_linear,0
152,$400A_period,1
152,$400B_length,0
152,$400C_const,1
152,$400C_vol,0
152,$400E_period,0
152,$400E_mode,0
152,$4000_duty,0
152,$4000_const,1
152,$4000_vol,0
152,$4004_duty,0
152,$4004_const,1
152,$4004_vol,0
152,$4008_linear,48
153,$4008_linear,0
153,$400A_period,1
153,$400B_length,0
153,$400C_const,1
153,$400C_vol,0
153,$400E_period,0
153,$400E_mode,0
153,$4000_duty,0
153,$4000_const,1
153,$4000_vol,0
153,$4004_duty,0
153,$4004_const,1
153,$4004_vol,0
153,$4008_linear,48
154,$4008_linear,0
154,$400A_period,1
154,$400B_length,0
154,$400C_const,1
154,$400C_vol,0
154,$400E_period,0
154,$400E_mode,0
154,$4000_duty,0
154,$4000_const,1
154,$4000_vol,0
154,$4004_duty,0
154,$4004_const,1
154,$4004_vol,0
154,$4008_linear,48
155,$4008_linear,0
155,$400A_period,1
155,$400B_length,0
155,$400C_const,1
155,$400C_vol,0
155,$400E_period,0
155,$400E_mode,0
155,$4000_duty,0
155,$4000_const,1
155,$4000_vol,0
155,$4004_duty,0
155,$4004_const,1
155,$4004_vol,0
155,$4008_linear,48
156,$4008_linear,0
156,$400A_period,1
156,$400B_length,0
156,$400C_const,1
156,$400C_vol,0
156,$400E_period,0
156,$400E_mode,0
156,$4000_duty,0
156,$4000_const,1
156,$4000_vol,0
156,$4004_duty,0
156,$4004_const,1
156,$4004_vol,0
156,$4008_linear,48
157,$4008_linear,0
157,$400A_period,1
157,$400B_length,0
157,$400C_const,1
157,$400C_vol,0
157,$400E_period,0
157,$400E_mode,0
157,$4000_duty,0
157,$4000_const,1
157,$4000_vol,0
157,$4004_duty,0
157,$4004_const,1
157,$4004_vol,0
157,$4008_linear,48
158,$4008_linear,0
158,$400A_period,1
158,$400B_length,0
158,$400C_const,1
158,$400C_vol,0
158,$400E_period,0
158,$400E_mode,0
158,$4000_duty,0
158,$4000_const,1
158,$4000_vol,0
158,$4004_duty,0
158,$4004_const,1
158,$4004_vol,0
158,$4008_linear,48
159,$4008_linear,0
159,$400A_period,1
159,$400B_length,0
159,$400C_const,1
159,$400C_vol,0
159,$400E_period,0
159,$400E_mode,0
159,$4000_duty,0
159,$4000_const,1
159,$4000_vol,0
159,$4004_duty,0
159,$4004_const,1
159,$4004_vol,0
159,$4008_linear,48
160,$4008_linear,0
160,$400A_period,1
160,$400B_length,0
160,$400C_const,1
160,$400C_vol,0
160,$400E_period,0
160,$400E_mode,0
160,$4000_duty,0
160,$4000_const,1
160,$4000_vol,0
160,$4004_duty,0
160,$4004_const,1
160,$4004_vol,0
160,$4008_linear,48
161,$4008_linear,0
161,$400A_period,1
161,$400B_length,0
161,$400C_const,1
161,$400C_vol,0
161,$400E_period,0
161,$400E_mode,0
161,$4000_duty,0
161,$4000_const,1
161,$4000_vol,0
161,$4004_duty,0
161,$4004_const,1
161,$4004_vol,0
161,$4008_linear,48
162,$4008_linear,0
162,$400A_period,1
162,$400B_length,0
162,$400C_const,1
162,$400C_vol,0
162,$400E_period,0
162,$400E_mode,0
162,$4000_duty,0
162,$4000_const,1
162,$4000_vol,0
162,$4004_duty,0
162,$4004_const,1
162,$4004_vol,0
162,$4008_linear,48
163,$4008_linear,0
163,$400A_period,1
163,$400B_length,0
163,$400C_const,1
163,$400C_vol,0
163,$400E_period,0
163,$400E_mode,0
163,$4000_duty,0
163,$4000_const,1
163,$4000_vol,0
163,$4004_duty,0
163,$4004_const,1
163,$4004_vol,0
163,$4008_linear,48
164,$4008_linear,0
164,$400A_period,1
164,$400B_length,0
164,$400C_const,1
164,$400C_vol,0
164,$400E_period,0
164,$400E_mode,0
164,$4000_duty,0
164,$4000_const,1
164,$4000_vol,0
164,$4004_duty,0
164,$4004_const,1
164,$4004_vol,0
164,$4008_linear,48
165,$4008_linear,0
165,$400A_period,1
165,$400B_length,0
165,$400C_const,1
165,$400C_vol,0
165,$400E_period,0
165,$400E_mode,0
165,$4000_duty,0
165,$4000_const,1
165,$4000_vol,0
165,$4004_duty,0
165,$4004_const,1
165,$4004_vol,0
165,$4008_linear,48
166,$4008_linear,0
166,$400A_period,1
166,$400B_length,0
166,$400C_const,1
166,$400C_vol,0
166,$400E_period,0
166,$400E_mode,0
166,$4000_duty,0
166,$4000_const,1
166,$4000_vol,0
166,$4004_duty,0
166,$4004_const,1
166,$4004_vol,0
166,$4008_linear,48
167,$4008_linear,0
167,$400A_period,1
167,$400B_length,0
167,$400C_const,1
167,$400C_vol,0
167,$400E_period,0
167,$400E_mode,0
167,$4000_duty,0
167,$4000_const,1
167,$4000_vol,0
167,$4004_duty,0
167,$4004_const,1
167,$4004_vol,0
167,$4008_linear,48
168,$4008_linear,0
168,$400A_period,1
168,$400B_length,0
168,$400C_const,1
168,$400C_vol,0
168,$400E_period,0
168,$400E_mode,0
168,$4000_duty,0
168,$4000_const,1
168,$4000_vol,0
168,$4004_duty,0
168,$4004_const,1
168,$4004_vol,0
168,$4008_linear,48
169,$4008_linear,0
169,$400A_period,1
169,$400B_length,0
169,$400C_const,1
169,$400C_vol,0
169,$400E_period,0
169,$400E_mode,0
169,$4000_duty,0
169,$4000_const,1
169,$4000_vol,0
169,$4004_duty,0
169,$4004_const,1
169,$4004_vol,0
169,$4008_linear,48
170,$4008_linear,0
170,$400A_period,1
170,$400B_length,0
170,$400C_const,1
170,$400C_vol,0
170,$400E_period,0
170,$400E_mode,0
170,$4000_duty,0
170,$4000_const,1
170,$4000_vol,0
170,$4004_duty,0
170,$4004_const,1
170,$4004_vol,0
170,$4008_linear,48
171,$4008_linear,0
171,$400A_period,1
171,$400B_length,0
171,$400C_const,1
171,$400C_vol,0
171,$400E_period,0
171,$400E_mode,0
171,$4000_duty,0
171,$4000_const,1
171,$4000_vol,0
171,$4004_duty,0
171,$4004_const,1
171,$4004_vol,0
171,$4008_linear,48
172,$4008_linear,0
172,$400A_period,1
172,$400B_length,0
172,$400C_const,1
172,$400C_vol,0
172,$400E_period,0
172,$400E_mode,0
172,$4000_duty,0
172,$4000_const,1
172,$4000_vol,0
172,$4004_duty,0
172,$4004_const,1
172,$4004_vol,0
172,$4008_linear,48
173,$4008_linear,0
173,$400A_period,1
173,$400B_length,0
173,$400C_const,1
173,$400C_vol,0
173,$400E_period,0
173,$400E_mode,0
173,$4000_duty,0
173,$4000_const,1
173,$4000_vol,0
173,$4004_duty,0
173,$4004_const,1
173,$4004_vol,0
173,$4008_linear,48
174,$4008_linear,0
174,$400A_period,1
174,$400B_length,0
174,$400C_const,1
174,$400C_vol,0
174,$400E_period,0
174,$400E_mode,0
174,$4000_duty,0
174,$4000_const,1
174,$4000_vol,0
174,$4004_duty,0
174,$4004_const,1
174,$4004_vol,0
174,$4008_linear,48
175,$4008_linear,0
175,$400A_period,1
175,$400B_length,0
175,$400C_const,1
175,$400C_vol,0
175,$400E_period,0
175,$400E_mode,0
175,$4000_duty,0
175,$4000_const,1
175,$4000_vol,0
175,$4004_duty,0
175,$4004_const,1
175,$4004_vol,0
175,$4008_linear,48
176,$4008_linear,0
176,$400A_period,1
176,$400B_length,0
176,$400C_const,1
176,$400C_vol,0
176,$400E_period,0
176,$400E_mode,0
176,$4000_duty,0
176,$4000_const,1
176,$4000_vol,0
176,$4004_duty,0
176,$4004_const,1
176,$4004_vol,0
176,$4008_linear,48
177,$4008_linear,0
177,$400A_period,1
177,$400B_length,0
177,$400C_const,1
177,$400C_vol,0
177,$400E_period,0
177,$400E_mode,0
177,$4000_duty,0
177,$4000_const,1
177,$4000_vol,0
177,$4004_duty,0
177,$4004_const,1
177,$4004_vol,0
177,$4008_linear,48
178,$4008_linear,0
178,$400A_period,1
178,$400B_length,0
178,$400C_const,1
178,$400C_vol,0
178,$400E_period,0
178,$400E_mode,0
178,$4000_duty,0
178,$4000_const,1
178,$4000_vol,0
178,$4004_duty,0
178,$4004_const,1
178,$4004_vol,0
178,$4008_linear,48
179,$4008_linear,0
179,$400A_period,1
179,$400B_length,0
179,$400C_const,1
179,$400C_vol,0
179,$400E_period,0
179,$400E_mode,0
179,$4000_duty,0
179,$4000_const,1
179,$4000_vol,0
179,$4004_duty,0
179,$4004_const,1
179,$4004_vol,0
179,$4008_linear,48
180,$4008_linear,0
180,$400A_period,1
180,$400B_length,0
180,$400C_const,1
180,$400C_vol,0
180,$400E_period,0
180,$400E_mode,0
180,$4000_duty,0
180,$4000_const,1
180,$4000_vol,0
180,$4004_duty,0
180,$4004_const,1
180,$4004_vol,0
180,$4008_linear,48
181,$4008_linear,0
181,$400A_period,1
181,$400B_length,0
181,$400C_const,1
181,$400C_vol,0
181,$400E_period,0
181,$400E_mode,0
181,$4000_duty,0
181,$4000_const,1
181,$4000_vol,0
181,$4004_duty,0
181,$4004_const,1
181,$4004_vol,0
181,$4008_linear,48
182,$4008_linear,0
182,$400A_period,1
182,$400B_length,0
182,$400C_const,1
182,$400C_vol,0
182,$400E_period,0
182,$400E_mode,0
182,$4000_duty,0
182,$4000_const,1
182,$4000_vol,0
182,$4004_duty,0
182,$4004_const,1
182,$4004_vol,0
182,$4008_linear,48
183,$4008_linear,0
183,$400A_period,1
183,$400B_length,0
183,$400C_const,1
183,$400C_vol,0
183,$400E_period,0
183,$400E_mode,0
183,$4000_duty,0
183,$4000_const,1
183,$4000_vol,0
183,$4004_duty,0
183,$4004_const,1
183,$4004_vol,0
183,$4008_linear,48
184,$4008_linear,0
184,$400A_period,1
184,$400B_length,0
184,$400C_const,1
184,$400C_vol,0
184,$400E_period,0
184,$400E_mode,0
184,$4000_duty,0
184,$4000_const,1
184,$4000_vol,0
184,$4004_duty,0
184,$4004_const,1
184,$4004_vol,0
184,$4008_linear,48
185,$4008_linear,0
185,$400A_period,1
185,$400B_length,0
185,$400C_const,1
185,$400C_vol,0
185,$400E_period,0
185,$400E_mode,0
185,$4000_duty,0
185,$4000_const,1
185,$4000_vol,0
185,$4004_duty,0
185,$4004_const,1
185,$4004_vol,0
185,$4008_linear,48
186,$4008_linear,0
186,$400A_period,1
186,$400B_length,0
186,$400C_const,1
186,$400C_vol,0
186,$400E_period,0
186,$400E_mode,0
186,$4000_duty,0
186,$4000_const,1
186,$4000_vol,0
186,$4004_duty,0
186,$4004_const,1
186,$4004_vol,0
186,$4008_linear,48
187,$4008_linear,0
187,$400A_period,1
187,$400B_length,0
187,$400C_const,1
187,$400C_vol,0
187,$400E_period,0
187,$400E_mode,0
187,$4000_duty,0
187,$4000_const,1
187,$4000_vol,0
187,$4004_duty,0
187,$4004_const,1
187,$4004_vol,0
187,$4008_linear,48
188,$4008_linear,0
188,$400A_period,1
188,$400B_length,0
188,$400C_const,1
188,$400C_vol,0
188,$400E_period,0
188,$400E_mode,0
188,$4000_duty,0
188,$4000_const,1
188,$4000_vol,0
188,$4004_duty,0
188,$4004_const,1
188,$4004_vol,0
188,$4008_linear,48
189,$4008_linear,0
189,$400A_period,1
189,$400B_length,0
189,$400C_const,1
189,$400C_vol,0
189,$400E_period,0
189,$400E_mode,0
189,$4000_duty,0
189,$4000_const,1
189,$4000_vol,0
189,$4004_duty,0
189,$4004_const,1
189,$4004_vol,0
189,$4008_linear,48
190,$4008_linear,0
190,$400A_period,1
190,$400B_length,0
190,$400C_const,1
190,$400C_vol,0
190,$400E_period,0
190,$400E_mode,0
190,$4000_duty,0
190,$4000_const,1
190,$4000_vol,0
190,$4004_duty,0
190,$4004_const,1
190,$4004_vol,0
190,$4008_linear,48
191,$4008_linear,0
191,$400A_period,1
191,$400B_length,0
191,$400C_const,1
191,$400C_vol,0
191,$400E_period,0
191,$400E_mode,0
191,$4000_duty,0
191,$4000_const,1
191,$4000_vol,0
191,$4004_duty,0
191,$4004_const,1
191,$4004_vol,0
191,$4008_linear,48
192,$4008_linear,0
192,$400A_period,1
192,$400B_length,0
192,$400C_const,1
192,$400C_vol,0
192,$400E_period,0
192,$400E_mode,0
192,$4000_duty,0
192,$4000_const,1
192,$4000_vol,0
192,$4004_duty,0
192,$4004_const,1
192,$4004_vol,0
192,$4008_linear,48
193,$4008_linear,0
193,$400A_period,1
193,$400B_length,0
193,$400C_const,1
193,$400C_vol,0
193,$400E_period,0
193,$400E_mode,0
193,$4000_duty,0
193,$4000_const,1
193,$4000_vol,0
193,$4004_duty,0
193,$4004_const,1
193,$4004_vol,0
193,$4008_linear,48
194,$4008_linear,0
194,$400A_period,1
194,$400B_length,0
194,$400C_const,1
194,$400C_vol,0
194,$400E_period,0
194,$400E_mode,0
194,$4000_duty,0
194,$4000_const,1
194,$4000_vol,0
194,$4004_duty,0
194,$4004_const,1
194,$4004_vol,0
194,$4008_linear,48
195,$4008_linear,0
195,$400A_period,1
195,$400B_length,0
195,$400C_const,1
195,$400C_vol,0
195,$400E_period,0
195,$400E_mode,0
195,$4000_duty,0
195,$4000_const,1
195,$4000_vol,0
195,$4004_duty,0
195,$4004_const,1
195,$4004_vol,0
195,$4008_linear,48
196,$4008_linear,0
196,$400A_period,1
196,$400B_length,0
196,$400C_const,1
196,$400C_vol,0
196,$400E_period,0
196,$400E_mode,0
196,$4000_duty,0
196,$4000_const,1
196,$4000_vol,0
196,$4004_duty,0
196,$4004_const,1
196,$4004_vol,0
196,$4008_linear,48
197,$4008_linear,0
197,$400A_period,1
197,$400B_length,0
197,$400C_const,1
197,$400C_vol,0
197,$400E_period,0
197,$400E_mode,0
197,$4000_duty,0
197,$4000_const,1
197,$4000_vol,0
197,$4004_duty,0
197,$4004_const,1
197,$4004_vol,0
197,$4008_linear,48
198,$4008_linear,0
198,$400A_period,1
198,$400B_length,0
198,$400C_const,1
198,$400C_vol,0
198,$400E_period,0
198,$400E_mode,0
198,$4000_duty,0
198,$4000_const,1
198,$4000_vol,0
198,$4004_duty,0
198,$4004_const,1
198,$4004_vol,0
198,$4008_linear,48
199,$4008_linear,0
199,$400A_period,1
199,$400B_length,0
199,$400C_const,1
199,$400C_vol,0
199,$400E_period,0
199,$400E_mode,0
199,$4000_duty,0
199,$4000_const,1
199,$4000_vol,0
199,$4004_duty,0
199,$4004_const,1
199,$4004_vol,0
199,$4008_linear,48
200,$4008_linear,0
200,$400A_period,1
200,$400B_length,0
200,$400C_const,1
200,$400C_vol,0
200,$400E_period,0
200,$400E_mode,0
200,$4000_duty,0
200,$4000_const,1
200,$4000_vol,0
200,$4004_duty,0
200,$4004_const,1
200,$4004_vol,0
200,$4008_linear,48
201,$4008_linear,0
201,$400A_period,1
201,$400B_length,0
201,$400C_const,1
201,$400C_vol,0
201,$400E_period,0
201,$400E_mode,0
201,$4000_duty,0
201,$4000_const,1
201,$4000_vol,0
201,$4004_duty,0
201,$4004_const,1
201,$4004_vol,0
201,$4008_linear,48
202,$4008_linear,0
202,$400A_period,1
202,$400B_length,0
202,$400C_const,1
202,$400C_vol,0
202,$400E_period,0
202,$400E_mode,0
202,$4000_duty,0
202,$4000_const,1
202,$4000_vol,0
202,$4004_duty,0
202,$4004_const,1
202,$4004_vol,0
202,$4008_linear,48
203,$4008_linear,0
203,$400A_period,1
203,$400B_length,0
203,$400C_const,1
203,$400C_vol,0
203,$400E_period,0
203,$400E_mode,0
203,$4000_duty,0
203,$4000_const,1
203,$4000_vol,0
203,$4004_duty,0
203,$4004_const,1
203,$4004_vol,0
203,$4008_linear,48
204,$4008_linear,0
204,$400A_period,1
204,$400B_length,0
204,$400C_const,1
204,$400C_vol,0
204,$400E_period,0
204,$400E_mode,0
204,$4000_duty,0
204,$4000_const,1
204,$4000_vol,0
204,$4004_duty,0
204,$4004_const,1
204,$4004_vol,0
204,$4008_linear,48
205,$4008_linear,0
205,$400A_period,1
205,$400B_length,0
205,$400C_const,1
205,$400C_vol,0
205,$400E_period,0
205,$400E_mode,0
205,$4000_duty,0
205,$4000_const,1
205,$4000_vol,0
205,$4004_duty,0
205,$4004_const,1
205,$4004_vol,0
205,$4008_linear,48
206,$4008_linear,0
206,$400A_period,1
206,$400B_length,0
206,$400C_const,1
206,$400C_vol,0
206,$400E_period,0
206,$400E_mode,0
206,$4000_duty,0
206,$4000_const,1
206,$4000_vol,0
206,$4004_duty,0
206,$4004_const,1
206,$4004_vol,0
206,$4008_linear,48
207,$4008_linear,0
207,$400A_period,1
207,$400B_length,0
207,$400C_const,1
207,$400C_vol,0
207,$400E_period,0
207,$400E_mode,0
207,$4000_duty,0
207,$4000_const,1
207,$4000_vol,0
207,$4004_duty,0
207,$4004_const,1
207,$4004_vol,0
207,$4008_linear,48
208,$4008_linear,0
208,$400A_period,1
208,$400B_length,0
208,$400C_const,1
208,$400C_vol,0
208,$400E_period,0
208,$400E_mode,0
208,$4000_duty,0
208,$4000_const,1
208,$4000_vol,0
208,$4004_duty,0
208,$4004_const,1
208,$4004_vol,0
208,$4008_linear,48
209,$4008_linear,0
209,$400A_period,1
209,$400B_length,0
209,$400C_const,1
209,$400C_vol,0
209,$400E_period,0
209,$400E_mode,0
209,$4000_duty,0
209,$4000_const,1
209,$4000_vol,0
209,$4004_duty,0
209,$4004_const,1
209,$4004_vol,0
209,$4008_linear,48
210,$4008_linear,0
210,$400A_period,1
210,$400B_length,0
210,$400C_const,1
210,$400C_vol,0
210,$400E_period,0
210,$400E_mode,0
210,$4000_duty,0
210,$4000_const,1
210,$4000_vol,0
210,$4004_duty,0
210,$4004_const,1
210,$4004_vol,0
210,$4008_linear,48
211,$4008_linear,0
211,$400A_period,1
211,$400B_length,0
211,$400C_const,1
211,$400C_vol,0
211,$400E_period,0
211,$400E_mode,0
211,$4000_duty,0
211,$4000_const,1
211,$4000_vol,0
211,$4004_duty,0
211,$4004_const,1
211,$4004_vol,0
211,$4008_linear,48
212,$4008_linear,0
212,$400A_period,1
212,$400B_length,0
212,$400C_const,1
212,$400C_vol,0
212,$400E_period,0
212,$400E_mode,0
212,$4000_duty,0
212,$4000_const,1
212,$4000_vol,0
212,$4004_duty,0
212,$4004_const,1
212,$4004_vol,0
212,$4008_linear,48
213,$4008_linear,0
213,$400A_period,1
213,$400B_length,0
213,$400C_const,1
213,$400C_vol,0
213,$400E_period,0
213,$400E_mode,0
213,$4000_duty,0
213,$4000_const,1
213,$4000_vol,0
213,$4004_duty,0
213,$4004_const,1
213,$4004_vol,0
213,$4008_linear,48
214,$4008_linear,0
214,$400A_period,1
214,$400B_length,0
214,$400C_const,1
214,$400C_vol,0
214,$400E_period,0
214,$400E_mode,0
214,$4000_duty,0
214,$4000_const,1
214,$4000_vol,0
214,$4004_duty,0
214,$4004_const,1
214,$4004_vol,0
214,$4008_linear,48
215,$4008_linear,0
215,$400A_period,1
215,$400B_length,0
215,$400C_const,1
215,$400C_vol,0
215,$400E_period,0
215,$400E_mode,0
215,$4000_duty,0
215,$4000_const,1
215,$4000_vol,0
215,$4004_duty,0
215,$4004_const,1
215,$4004_vol,0
215,$4008_linear,48
216,$4008_linear,0
216,$400A_period,1
216,$400B_length,0
216,$400C_const,1
216,$400C_vol,0
216,$400E_period,0
216,$400E_mode,0
216,$4000_duty,0
216,$4000_const,1
216,$4000_vol,0
216,$4004_duty,0
216,$4004_const,1
216,$4004_vol,0
216,$4008_linear,48
217,$4008_linear,0
217,$400A_period,1
217,$400B_length,0
217,$400C_const,1
217,$400C_vol,0
217,$400E_period,0
217,$400E_mode,0
217,$4000_duty,0
217,$4000_const,1
217,$4000_vol,0
217,$4004_duty,0
217,$4004_const,1
217,$4004_vol,0
217,$4008_linear,48
218,$4008_linear,0
218,$400A_period,1
218,$400B_length,0
218,$400C_const,1
218,$400C_vol,0
218,$400E_period,0
218,$400E_mode,0
218,$4000_duty,0
218,$4000_const,1
218,$4000_vol,0
218,$4004_duty,0
218,$4004_const,1
218,$4004_vol,0
218,$4008_linear,48
219,$4008_linear,0
219,$400A_period,1
219,$400B_length,0
219,$400C_const,1
219,$400C_vol,0
219,$400E_period,0
219,$400E_mode,0
219,$4000_duty,0
219,$4000_const,1
219,$4000_vol,0
219,$4004_duty,0
219,$4004_const,1
219,$4004_vol,0
219,$4008_linear,48
220,$4008_linear,0
220,$400A_period,1
220,$400B_length,0
220,$400C_const,1
220,$400C_vol,0
220,$400E_period,0
220,$400E_mode,0
220,$4000_duty,0
220,$4000_const,1
220,$4000_vol,0
220,$4004_duty,0
220,$4004_const,1
220,$4004_vol,0
220,$4008_linear,48
221,$4008_linear,0
221,$400A_period,1
221,$400B_length,0
221,$400C_const,1
221,$400C_vol,0
221,$400E_period,0
221,$400E_mode,0
221,$4000_duty,0
221,$4000_const,1
221,$4000_vol,0
221,$4004_duty,0
221,$4004_const,1
221,$4004_vol,0
221,$4008_linear,48
222,$4008_linear,0
222,$400A_period,1
222,$400B_length,0
222,$400C_const,1
222,$400C_vol,0
222,$400E_period,0
222,$400E_mode,0
222,$4000_duty,0
222,$4000_const,1
222,$4000_vol,0
222,$4004_duty,0
222,$4004_const,1
222,$4004_vol,0
222,$4008_linear,48
223,$4008_linear,0
223,$400A_period,1
223,$400B_length,0
223,$400C_const,1
223,$400C_vol,0
223,$400E_period,0
223,$400E_mode,0
223,$4000_duty,0
223,$4000_const,1
223,$4000_vol,0
223,$4004_duty,0
223,$4004_const,1
223,$4004_vol,0
223,$4008_linear,48
224,$4008_linear,0
224,$400A_period,1
224,$400B_length,0
224,$400C_const,1
224,$400C_vol,0
224,$400E_period,0
224,$400E_mode,0
224,$4000_duty,0
224,$4000_const,1
224,$4000_vol,0
224,$4004_duty,0
224,$4004_const,1
224,$4004_vol,0
224,$4008_linear,48
225,$4008_linear,0
225,$400A_period,1
225,$400B_length,0
225,$400C_const,1
225,$400C_vol,0
225,$400E_period,0
225,$400E_mode,0
225,$4000_duty,0
225,$4000_const,1
225,$4000_vol,0
225,$4004_duty,0
225,$4004_const,1
225,$4004_vol,0
225,$4008_linear,48
226,$4008_linear,0
226,$400A_period,1
226,$400B_length,0
226,$400C_const,1
226,$400C_vol,0
226,$400E_period,0
226,$400E_mode,0
226,$4000_duty,0
226,$4000_const,1
226,$4000_vol,0
226,$4004_duty,0
226,$4004_const,1
226,$4004_vol,0
226,$4008_linear,48
227,$4008_linear,0
227,$400A_period,1
227,$400B_length,0
227,$400C_const,1
227,$400C_vol,0
227,$400E_period,0
227,$400E_mode,0
227,$4000_duty,0
227,$4000_const,1
227,$4000_vol,0
227,$4004_duty,0
227,$4004_const,1
227,$4004_vol,0
227,$4008_linear,48
228,$4008_linear,0
228,$400A_period,1
228,$400B_length,0
228,$400C_const,1
228,$400C_vol,0
228,$400E_period,0
228,$400E_mode,0
228,$4000_duty,0
228,$4000_const,1
228,$4000_vol,0
228,$4004_duty,0
228,$4004_const,1
228,$4004_vol,0
228,$4008_linear,48
229,$4008_linear,0
229,$400A_period,1
229,$400B_length,0
229,$400C_const,1
229,$400C_vol,0
229,$400E_period,0
229,$400E_mode,0
229,$4000_duty,0
229,$4000_const,1
229,$4000_vol,0
229,$4004_duty,0
229,$4004_const,1
229,$4004_vol,0
229,$4008_linear,48
230,$4008_linear,0
230,$400A_period,1
230,$400B_length,0
230,$400C_const,1
230,$400C_vol,0
230,$400E_period,0
230,$400E_mode,0
230,$4000_duty,0
230,$4000_const,1
230,$4000_vol,0
230,$4004_duty,0
230,$4004_const,1
230,$4004_vol,0
230,$4008_linear,48
231,$4008_linear,0
231,$400A_period,1
231,$400B_length,0
231,$400C_const,1
231,$400C_vol,0
231,$400E_period,0
231,$400E_mode,0
231,$4000_duty,0
231,$4000_const,1
231,$4000_vol,0
231,$4004_duty,0
231,$4004_const,1
231,$4004_vol,0
231,$4008_linear,48
232,$4008_linear,0
232,$400A_period,1
232,$400B_length,0
232,$400C_const,1
232,$400C_vol,0
232,$400E_period,0
232,$400E_mode,0
232,$4000_duty,0
232,$4000_const,1
232,$4000_vol,0
232,$4004_duty,0
232,$4004_const,1
232,$4004_vol,0
232,$4008_linear,48
233,$4008_linear,0
233,$400A_period,1
233,$400B_length,0
233,$400C_const,1
233,$400C_vol,0
233,$400E_period,0
233,$400E_mode,0
233,$4000_duty,0
233,$4000_const,1
233,$4000_vol,0
233,$4004_duty,0
233,$4004_const,1
233,$4004_vol,0
233,$4008_linear,48
234,$4008_linear,0
234,$400A_period,1
234,$400B_length,0
234,$400C_const,1
234,$400C_vol,0
234,$400E_period,0
234,$400E_mode,0
234,$4000_duty,0
234,$4000_const,1
234,$4000_vol,0
234,$4004_duty,0
234,$4004_const,1
234,$4004_vol,0
234,$4008_linear,48
235,$4008_linear,0
235,$400A_period,1
235,$400B_length,0
235,$400C_const,1
235,$400C_vol,0
235,$400E_period,0
235,$400E_mode,0
235,$4000_duty,0
235,$4000_const,1
235,$4000_vol,0
235,$4004_duty,0
235,$4004_const,1
235,$4004_vol,0
235,$4008_linear,48
236,$4008_linear,0
236,$400A_period,1
236,$400B_length,0
236,$400C_const,1
236,$400C_vol,0
236,$400E_period,0
236,$400E_mode,0
236,$4000_duty,0
236,$4000_const,1
236,$4000_vol,0
236,$4004_duty,0
236,$4004_const,1
236,$4004_vol,0
236,$4008_linear,48
237,$4008_linear,0
237,$400A_period,1
237,$400B_length,0
237,$400C_const,1
237,$400C_vol,0
237,$400E_period,0
237,$400E_mode,0
237,$4000_duty,0
237,$4000_const,1
237,$4000_vol,0
237,$4004_duty,0
237,$4004_const,1
237,$4004_vol,0
237,$4008_linear,48
238,$4008_linear,0
238,$400A_period,1
238,$400B_length,0
238,$400C_const,1
238,$400C_vol,0
238,$400E_period,0
238,$400E_mode,0
238,$4000_duty,0
238,$4000_const,1
238,$4000_vol,0
238,$4004_duty,0
238,$4004_const,1
238,$4004_vol,0
238,$4008_linear,48
239,$4008_linear,0
239,$400A_period,1
239,$400B_length,0
239,$400C_const,1
239,$400C_vol,0
239,$400E_period,0
239,$400E_mode,0
239,$4000_duty,0
239,$4000_const,1
239,$4000_vol,0
239,$4004_duty,0
239,$4004_const,1
239,$4004_vol,0
239,$4008_linear,48
240,$4008_linear,0
240,$400A_period,1
240,$400B_length,0
240,$400C_const,1
240,$400C_vol,0
240,$400E_period,0
240,$400E_mode,0
240,$4000_duty,0
240,$4000_const,1
240,$4000_vol,0
240,$4004_duty,0
240,$4004_const,1
240,$4004_vol,0
240,$4008_linear,48
241,$4008_linear,0
241,$400A_period,1
241,$400B_length,0
241,$400C_const,1
241,$400C_vol,0
241,$400E_period,0
241,$400E_mode,0
241,$4000_duty,0
241,$4000_const,1
241,$4000_vol,0
241,$4004_duty,0
241,$4004_const,1
241,$4004_vol,0
241,$4008_linear,48
242,$4008_linear,0
242,$400A_period,1
242,$400B_length,0
242,$400C_const,1
242,$400C_vol,0
242,$400E_period,0
242,$400E_mode,0
242,$4000_duty,0
242,$4000_const,1
242,$4000_vol,0
242,$4004_duty,0
242,$4004_const,1
242,$4004_vol,0
242,$4008_linear,48
243,$4008_linear,0
243,$400A_period,1
243,$400B_length,0
243,$400C_const,1
243,$400C_vol,0
243,$400E_period,0
243,$400E_mode,0
243,$4000_duty,0
243,$4000_const,1
243,$4000_vol,0
243,$4004_duty,0
243,$4004_const,1
243,$4004_vol,0
243,$4008_linear,48
244,$4008_linear,0
244,$400A_period,1
244,$400B_length,0
244,$400C_const,1
244,$400C_vol,0
244,$400E_period,0
244,$400E_mode,0
244,$4000_duty,0
244,$4000_const,1
244,$4000_vol,0
244,$4004_duty,0
244,$4004_const,1
244,$4004_vol,0
244,$4008_linear,48
245,$4008_linear,0
245,$400A_period,1
245,$400B_length,0
245,$400C_const,1
245,$400C_vol,0
245,$400E_period,0
245,$400E_mode,0
245,$4000_duty,0
245,$4000_const,1
245,$4000_vol,0
245,$4004_duty,0
245,$4004_const,1
245,$4004_vol,0
245,$4008_linear,48
246,$4008_linear,0
246,$400A_period,1
246,$400B_length,0
246,$400C_const,1
246,$400C_vol,0
246,$400E_period,0
246,$400E_mode,0
246,$4000_duty,0
246,$4000_const,1
246,$4000_vol,0
246,$4004_duty,0
246,$4004_const,1
246,$4004_vol,0
246,$4008_linear,48
247,$4008_linear,0
247,$400A_period,1
247,$400B_length,0
247,$400C_const,1
247,$400C_vol,0
247,$400E_period,0
247,$400E_mode,0
247,$4000_duty,0
247,$4000_const,1
247,$4000_vol,0
247,$4004_duty,0
247,$4004_const,1
247,$4004_vol,0
247,$4008_linear,48
248,$4008_linear,0
248,$400A_period,1
248,$400B_length,0
248,$400C_const,1
248,$400C_vol,0
248,$400E_period,0
248,$400E_mode,0
248,$4000_duty,0
248,$4000_const,1
248,$4000_vol,0
248,$4004_duty,0
248,$4004_const,1
248,$4004_vol,0
248,$4008_linear,48
249,$4008_linear,0
249,$400A_period,1
249,$400B_length,0
249,$400C_const,1
249,$400C_vol,0
249,$400E_period,0
249,$400E_mode,0
249,$4000_duty,0
249,$4000_const,1
249,$4000_vol,0
249,$4004_duty,0
249,$4004_const,1
249,$4004_vol,0
249,$4008_linear,48
250,$4008_linear,0
250,$400A_period,1
250,$400B_length,0
250,$400C_const,1
250,$400C_vol,0
250,$400E_period,0
250,$400E_mode,0
250,$4000_duty,0
250,$4000_const,1
250,$4000_vol,0
250,$4004_duty,0
250,$4004_const,1
250,$4004_vol,0
250,$4008_linear,48
251,$4008_linear,0
251,$400A_period,1
251,$400B_length,0
251,$400C_const,1
251,$400C_vol,0
251,$400E_period,0
251,$400E_mode,0
251,$4000_duty,0
251,$4000_const,1
251,$4000_vol,0
251,$4004_duty,0
251,$4004_const,1
251,$4004_vol,0
251,$4008_linear,48
252,$4008_linear,0
252,$400A_period,1
252,$400B_length,0
252,$400C_const,1
252,$400C_vol,0
252,$400E_period,0
252,$400E_mode,0
252,$4000_duty,0
252,$4000_const,1
252,$4000_vol,0
252,$4004_duty,0
252,$4004_const,1
252,$4004_vol,0
252,$4008_linear,48
253,$4008_linear,0
253,$400A_period,1
253,$400B_length,0
253,$400C_const,1
253,$400C_vol,0
253,$400E_period,0
253,$400E_mode,0
253,$4000_duty,0
253,$4000_const,1
253,$4000_vol,0
253,$4004_duty,0
253,$4004_const,1
253,$4004_vol,0
253,$4008_linear,48
254,$4008_linear,0
254,$400A_period,1
254,$400B_length,0
254,$400C_const,1
254,$400C_vol,0
254,$400E_period,0
254,$400E_mode,0
254,$4000_duty,0
254,$4000_const,1
254,$4000_vol,0
254,$4004_duty,0
254,$4004_const,1
254,$4004_vol,0
254,$4008_linear,48
255,$4008_linear,0
255,$400A_period,1
255,$400B_length,0
255,$400C_const,1
255,$400C_vol,0
255,$400E_period,0
255,$400E_mode,0
255,$4000_duty,0
255,$4000_const,1
255,$4000_vol,0
255,$4004_duty,0
255,$4004_const,1
255,$4004_vol,0
255,$4008_linear,48
256,$4008_linear,0
256,$400A_period,1
256,$400B_length,0
256,$400C_const,1
256,$400C_vol,0
256,$400E_period,0
256,$400E_mode,0
256,$4000_duty,0
256,$4000_const,1
256,$4000_vol,0
256,$4004_duty,0
256,$4004_const,1
256,$4004_vol,0
256,$4008_linear,48
257,$4008_linear,0
257,$400A_period,1
257,$400B_length,0
257,$400C_const,1
257,$400C_vol,0
257,$400E_period,0
257,$400E_mode,0
257,$4000_duty,0
257,$4000_const,1
257,$4000_vol,0
257,$4004_duty,0
257,$4004_const,1
257,$4004_vol,0
257,$4008_linear,48
258,$4008_linear,0
258,$400A_period,1
258,$400B_length,0
258,$400C_const,1
258,$400C_vol,0
258,$400E_period,0
258,$400E_mode,0
258,$4000_duty,0
258,$4000_const,1
258,$4000_vol,0
258,$4004_duty,0
258,$4004_const,1
258,$4004_vol,0
258,$4008_linear,48
259,$4008_linear,0
259,$400A_period,1
259,$400B_length,0
259,$400C_const,1
259,$400C_vol,0
259,$400E_period,0
259,$400E_mode,0
259,$4000_duty,0
259,$4000_const,1
259,$4000_vol,0
259,$4004_duty,0
259,$4004_const,1
259,$4004_vol,0
259,$4008_linear,48
260,$4008_linear,0
260,$400A_period,1
260,$400B_length,0
260,$400C_const,1
260,$400C_vol,0
260,$400E_period,0
260,$400E_mode,0
260,$4000_duty,0
260,$4000_const,1
260,$4000_vol,0
260,$4004_duty,0
260,$4004_const,1
260,$4004_vol,0
260,$4008_linear,48
261,$4008_linear,0
261,$400A_period,1
261,$400B_length,0
261,$400C_const,1
261,$400C_vol,0
261,$400E_period,0
261,$400E_mode,0
261,$4000_duty,0
261,$4000_const,1
261,$4000_vol,0
261,$4004_duty,0
261,$4004_const,1
261,$4004_vol,0
261,$4008_linear,48
262,$4008_linear,0
262,$400A_period,1
262,$400B_length,0
262,$400C_const,1
262,$400C_vol,0
262,$400E_period,0
262,$400E_mode,0
262,$4000_duty,0
262,$4000_const,1
262,$4000_vol,0
262,$4004_duty,0
262,$4004_const,1
262,$4004_vol,0
262,$4008_linear,48
263,$4008_linear,0
263,$400A_period,1
263,$400B_length,0
263,$400C_const,1
263,$400C_vol,0
263,$400E_period,0
263,$400E_mode,0
263,$4000_duty,0
263,$4000_const,1
263,$4000_vol,0
263,$4004_duty,0
263,$4004_const,1
263,$4004_vol,0
263,$4008_linear,48
264,$4008_linear,0
264,$400A_period,1
264,$400B_length,0
264,$400C_const,1
264,$400C_vol,0
264,$400E_period,0
264,$400E_mode,0
264,$4000_duty,0
264,$4000_const,1
264,$4000_vol,0
264,$4004_duty,0
264,$4004_const,1
264,$4004_vol,0
264,$4008_linear,48
265,$4008_linear,0
265,$400A_period,1
265,$400B_length,0
265,$400C_const,1
265,$400C_vol,0
265,$400E_period,0
265,$400E_mode,0
265,$4000_duty,0
265,$4000_const,1
265,$4000_vol,0
265,$4004_duty,0
265,$4004_const,1
265,$4004_vol,0
265,$4008_linear,48
266,$4008_linear,0
266,$400A_period,1
266,$400B_length,0
266,$400C_const,1
266,$400C_vol,0
266,$400E_period,0
266,$400E_mode,0
266,$4000_duty,0
266,$4000_const,1
266,$4000_vol,0
266,$4004_duty,0
266,$4004_const,1
266,$4004_vol,0
266,$4008_linear,48
267,$4008_linear,0
267,$400A_period,1
267,$400B_length,0
267,$400C_const,1
267,$400C_vol,0
267,$400E_period,0
267,$400E_mode,0
267,$4000_duty,0
267,$4000_const,1
267,$4000_vol,0
267,$4004_duty,0
267,$4004_const,1
267,$4004_vol,0
267,$4008_linear,48
268,$4008_linear,0
268,$400A_period,1
268,$400B_length,0
268,$400C_const,1
268,$400C_vol,0
268,$400E_period,0
268,$400E_mode,0
268,$4000_duty,0
268,$4000_const,1
268,$4000_vol,0
268,$4004_duty,0
268,$4004_const,1
268,$4004_vol,0
268,$4008_linear,48
269,$4008_linear,0
269,$400A_period,1
269,$400B_length,0
269,$400C_const,1
269,$400C_vol,0
269,$400E_period,0
269,$400E_mode,0
269,$4000_duty,0
269,$4000_const,1
269,$4000_vol,0
269,$4004_duty,0
269,$4004_const,1
269,$4004_vol,0
269,$4008_linear,48
270,$4008_linear,0
270,$400A_period,1
270,$400B_length,0
270,$400C_const,1
270,$400C_vol,0
270,$400E_period,0
270,$400E_mode,0
270,$4000_duty,0
270,$4000_const,1
270,$4000_vol,0
270,$4004_duty,0
270,$4004_const,1
270,$4004_vol,0
270,$4008_linear,48
271,$4008_linear,0
271,$400A_period,1
271,$400B_length,0
271,$400C_const,1
271,$400C_vol,0
271,$400E_period,0
271,$400E_mode,0
271,$4000_duty,0
271,$4000_const,1
271,$4000_vol,0
271,$4004_duty,0
271,$4004_const,1
271,$4004_vol,0
271,$4008_linear,48
272,$4008_linear,0
272,$400A_period,1
272,$400B_length,0
272,$400C_const,1
272,$400C_vol,0
272,$400E_period,0
272,$400E_mode,0
272,$4000_duty,0
272,$4000_const,1
272,$4000_vol,0
272,$4004_duty,0
272,$4004_const,1
272,$4004_vol,0
272,$4008_linear,48
273,$4008_linear,0
273,$400A_period,1
273,$400B_length,0
273,$400C_const,1
273,$400C_vol,0
273,$400E_period,0
273,$400E_mode,0
273,$4000_duty,0
273,$4000_const,1
273,$4000_vol,0
273,$4004_duty,0
273,$4004_const,1
273,$4004_vol,0
273,$4008_linear,48
274,$4008_linear,0
274,$400A_period,1
274,$400B_length,0
274,$400C_const,1
274,$400C_vol,0
274,$400E_period,0
274,$400E_mode,0
274,$4000_duty,0
274,$4000_const,1
274,$4000_vol,0
274,$4004_duty,0
274,$4004_const,1
274,$4004_vol,0
274,$4008_linear,48
275,$4008_linear,0
275,$400A_period,1
275,$400B_length,0
275,$400C_const,1
275,$400C_vol,0
275,$400E_period,0
275,$400E_mode,0
275,$4000_duty,0
275,$4000_const,1
275,$4000_vol,0
275,$4004_duty,0
275,$4004_const,1
275,$4004_vol,0
275,$4008_linear,48
276,$4008_linear,0
276,$400A_period,1
276,$400B_length,0
276,$400C_const,1
276,$400C_vol,0
276,$400E_period,0
276,$400E_mode,0
276,$4000_duty,0
276,$4000_const,1
276,$4000_vol,0
276,$4004_duty,0
276,$4004_const,1
276,$4004_vol,0
276,$4008_linear,48
277,$4008_linear,0
277,$400A_period,1
277,$400B_length,0
277,$400C_const,1
277,$400C_vol,0
277,$400E_period,0
277,$400E_mode,0
277,$4000_duty,0
277,$4000_const,1
277,$4000_vol,0
277,$4004_duty,0
277,$4004_const,1
277,$4004_vol,0
277,$4008_linear,48
278,$4008_linear,0
278,$400A_period,1
278,$400B_length,0
278,$400C_const,1
278,$400C_vol,0
278,$400E_period,0
278,$400E_mode,0
278,$4000_duty,0
278,$4000_const,1
278,$4000_vol,0
278,$4004_duty,0
278,$4004_const,1
278,$4004_vol,0
278,$4008_linear,48
279,$4008_linear,0
279,$400A_period,1
279,$400B_length,0
279,$400C_const,1
279,$400C_vol,0
279,$400E_period,0
279,$400E_mode,0
279,$4000_duty,0
279,$4000_const,1
279,$4000_vol,0
279,$4004_duty,0
279,$4004_const,1
279,$4004_vol,0
279,$4008_linear,48
280,$4008_linear,0
280,$400A_period,1
280,$400B_length,0
280,$400C_const,1
280,$400C_vol,0
280,$400E_period,0
280,$400E_mode,0
280,$4000_duty,0
280,$4000_const,1
280,$4000_vol,0
280,$4004_duty,0
280,$4004_const,1
280,$4004_vol,0
280,$4008_linear,48
281,$4008_linear,0
281,$400A_period,1
281,$400B_length,0
281,$400C_const,1
281,$400C_vol,0
281,$400E_period,0
281,$400E_mode,0
281,$4000_duty,0
281,$4000_const,1
281,$4000_vol,0
281,$4004_duty,0
281,$4004_const,1
281,$4004_vol,0
281,$4008_linear,48
282,$4008_linear,0
282,$400A_period,1
282,$400B_length,0
282,$400C_const,1
282,$400C_vol,0
282,$400E_period,0
282,$400E_mode,0
282,$4000_duty,0
282,$4000_const,1
282,$4000_vol,0
282,$4004_duty,0
282,$4004_const,1
282,$4004_vol,0
282,$4008_linear,48
283,$4008_linear,0
283,$400A_period,1
283,$400B_length,0
283,$400C_const,1
283,$400C_vol,0
283,$400E_period,0
283,$400E_mode,0
283,$4000_duty,0
283,$4000_const,1
283,$4000_vol,0
283,$4004_duty,0
283,$4004_const,1
283,$4004_vol,0
283,$4008_linear,48
284,$4008_linear,0
284,$400A_period,1
284,$400B_length,0
284,$400C_const,1
284,$400C_vol,0
284,$400E_period,0
284,$400E_mode,0
284,$4000_duty,0
284,$4000_const,1
284,$4000_vol,0
284,$4004_duty,0
284,$4004_const,1
284,$4004_vol,0
284,$4008_linear,48
285,$4008_linear,0
285,$400A_period,1
285,$400B_length,0
285,$400C_const,1
285,$400C_vol,0
285,$400E_period,0
285,$400E_mode,0
285,$4000_duty,0
285,$4000_const,1
285,$4000_vol,0
285,$4004_duty,0
285,$4004_const,1
285,$4004_vol,0
285,$4008_linear,48
286,$4008_linear,0
286,$400A_period,1
286,$400B_length,0
286,$400C_const,1
286,$400C_vol,0
286,$400E_period,0
286,$400E_mode,0
286,$4000_duty,0
286,$4000_const,1
286,$4000_vol,0
286,$4004_duty,0
286,$4004_const,1
286,$4004_vol,0
286,$4008_linear,48
287,$4008_linear,0
287,$400A_period,1
287,$400B_length,0
287,$400C_const,1
287,$400C_vol,0
287,$400E_period,0
287,$400E_mode,0
287,$4000_duty,0
287,$4000_const,1
287,$4000_vol,0
287,$4004_duty,0
287,$4004_const,1
287,$4004_vol,0
287,$4008_linear,48
288,$4008_linear,0
288,$400A_period,1
288,$400B_length,0
288,$400C_const,1
288,$400C_vol,0
288,$400E_period,0
288,$400E_mode,0
288,$4000_duty,0
288,$4000_const,1
288,$4000_vol,0
288,$4004_duty,0
288,$4004_const,1
288,$4004_vol,0
288,$4008_linear,48
289,$4008_linear,0
289,$400A_period,1
289,$400B_length,0
289,$400C_const,1
289,$400C_vol,0
289,$400E_period,0
289,$400E_mode,0
289,$4000_duty,0
289,$4000_const,1
289,$4000_vol,0
289,$4004_duty,0
289,$4004_const,1
289,$4004_vol,0
289,$4008_linear,48
290,$4008_linear,0
290,$400A_period,1
290,$400B_length,0
290,$400C_const,1
290,$400C_vol,0
290,$400E_period,0
290,$400E_mode,0
290,$4000_duty,0
290,$4000_const,1
290,$4000_vol,0
290,$4004_duty,0
290,$4004_const,1
290,$4004_vol,0
290,$4008_linear,48
291,$4008_linear,0
291,$400A_period,1
291,$400B_length,0
291,$400C_const,1
291,$400C_vol,0
291,$400E_period,0
291,$400E_mode,0
291,$4000_duty,0
291,$4000_const,1
291,$4000_vol,0
291,$4004_duty,0
291,$4004_const,1
291,$4004_vol,0
291,$4008_linear,48
292,$4008_linear,0
292,$400A_period,1
292,$400B_length,0
292,$400C_const,1
292,$400C_vol,0
292,$400E_period,0
292,$400E_mode,0
292,$4000_duty,0
292,$4000_const,1
292,$4000_vol,0
292,$4004_duty,0
292,$4004_const,1
292,$4004_vol,0
292,$4008_linear,48
293,$4008_linear,0
293,$400A_period,1
293,$400B_length,0
293,$400C_const,1
293,$400C_vol,0
293,$400E_period,0
293,$400E_mode,0
293,$4000_duty,0
293,$4000_const,1
293,$4000_vol,0
293,$4004_duty,0
293,$4004_const,1
293,$4004_vol,0
293,$4008_linear,48
294,$4008_linear,0
294,$400A_period,1
294,$400B_length,0
294,$400C_const,1
294,$400C_vol,0
294,$400E_period,0
294,$400E_mode,0
294,$4000_duty,0
294,$4000_const,1
294,$4000_vol,0
294,$4004_duty,0
294,$4004_const,1
294,$4004_vol,0
294,$4008_linear,48
295,$4008_linear,0
295,$400A_period,1
295,$400B_length,0
295,$400C_const,1
295,$400C_vol,0
295,$400E_period,0
295,$400E_mode,0
295,$4000_duty,0
295,$4000_const,1
295,$4000_vol,0
295,$4004_duty,0
295,$4004_const,1
295,$4004_vol,0
295,$4008_linear,48
296,$4008_linear,0
296,$400A_period,1
296,$400B_length,0
296,$400C_const,1
296,$400C_vol,0
296,$400E_period,0
296,$400E_mode,0
296,$4000_duty,0
296,$4000_const,1
296,$4000_vol,0
296,$4004_duty,0
296,$4004_const,1
296,$4004_vol,0
296,$4008_linear,48
297,$4008_linear,0
297,$400A_period,1
297,$400B_length,0
297,$400C_const,1
297,$400C_vol,0
297,$400E_period,0
297,$400E_mode,0
297,$4000_duty,0
297,$4000_const,1
297,$4000_vol,0
297,$4004_duty,0
297,$4004_const,1
297,$4004_vol,0
297,$4008_linear,48
298,$4008_linear,0
298,$400A_period,1
298,$400B_length,0
298,$400C_const,1
298,$400C_vol,0
298,$400E_period,0
298,$400E_mode,0
298,$4000_duty,0
298,$4000_const,1
298,$4000_vol,0
298,$4004_duty,0
298,$4004_const,1
298,$4004_vol,0
298,$4008_linear,48
299,$4008_linear,0
299,$400A_period,1
299,$400B_length,0
299,$400C_const,1
299,$400C_vol,0
299,$400E_period,0
299,$400E_mode,0
299,$4000_duty,0
299,$4000_const,1
299,$4000_vol,0
299,$4004_duty,0
299,$4004_const,1
299,$4004_vol,0
299,$4008_linear,48
300,$4008_linear,0
300,$400A_period,1
300,$400B_length,0
300,$400C_const,1
300,$400C_vol,0
300,$400E_period,0
300,$400E_mode,0
300,$4000_duty,0
300,$4000_const,1
300,$4000_vol,0
300,$4004_duty,0
300,$4004_const,1
300,$4004_vol,0
300,$4008_linear,48
301,$4008_linear,0
301,$400A_period,1
301,$400B_length,0
301,$400C_const,1
301,$400C_vol,0
301,$400E_period,0
301,$400E_mode,0
301,$4000_duty,0
301,$4000_const,1
301,$4000_vol,0
301,$4004_duty,0
301,$4004_const,1
301,$4004_vol,0
301,$4008_linear,48
302,$4008_linear,0
302,$400A_period,1
302,$400B_length,0
302,$400C_const,1
302,$400C_vol,0
302,$400E_period,0
302,$400E_mode,0
302,$4000_duty,0
302,$4000_const,1
302,$4000_vol,0
302,$4004_duty,0
302,$4004_const,1
302,$4004_vol,0
302,$4008_linear,48
303,$4008_linear,0
303,$400A_period,1
303,$400B_length,0
303,$400C_const,1
303,$400C_vol,0
303,$400E_period,0
303,$400E_mode,0
303,$4000_duty,0
303,$4000_const,1
303,$4000_vol,0
303,$4004_duty,0
303,$4004_const,1
303,$4004_vol,0
303,$4008_linear,48
304,$4008_linear,0
304,$400A_period,1
304,$400B_length,0
304,$400C_const,1
304,$400C_vol,0
304,$400E_period,0
304,$400E_mode,0
304,$4000_duty,0
304,$4000_const,1
304,$4000_vol,0
304,$4004_duty,0
304,$4004_const,1
304,$4004_vol,0
304,$4008_linear,48
305,$4008_linear,0
305,$400A_period,1
305,$400B_length,0
305,$400C_const,1
305,$400C_vol,0
305,$400E_period,0
305,$400E_mode,0
305,$4000_duty,0
305,$4000_const,1
305,$4000_vol,0
305,$4004_duty,0
305,$4004_const,1
305,$4004_vol,0
305,$4008_linear,48
306,$4008_linear,0
306,$400A_period,1
306,$400B_length,0
306,$400C_const,1
306,$400C_vol,0
306,$400E_period,0
306,$400E_mode,0
306,$4000_duty,0
306,$4000_const,1
306,$4000_vol,0
306,$4004_duty,0
306,$4004_const,1
306,$4004_vol,0
306,$4008_linear,48
307,$4008_linear,0
307,$400A_period,1
307,$400B_length,0
307,$400C_const,1
307,$400C_vol,0
307,$400E_period,0
307,$400E_mode,0
307,$4000_duty,0
307,$4000_const,1
307,$4000_vol,0
307,$4004_duty,0
307,$4004_const,1
307,$4004_vol,0
307,$4008_linear,48
308,$4008_linear,0
308,$400A_period,1
308,$400B_length,0
308,$400C_const,1
308,$400C_vol,0
308,$400E_period,0
308,$400E_mode,0
308,$4000_duty,0
308,$4000_const,1
308,$4000_vol,0
308,$4004_duty,0
308,$4004_const,1
308,$4004_vol,0
308,$4008_linear,48
309,$4008_linear,0
309,$400A_period,1
309,$400B_length,0
309,$400C_const,1
309,$400C_vol,0
309,$400E_period,0
309,$400E_mode,0
309,$4000_duty,0
309,$4000_const,1
309,$4000_vol,0
309,$4004_duty,0
309,$4004_const,1
309,$4004_vol,0
309,$4008_linear,48
310,$4008_linear,0
310,$400A_period,1
310,$400B_length,0
310,$400C_const,1
310,$400C_vol,0
310,$400E_period,0
310,$400E_mode,0
310,$4000_duty,0
310,$4000_const,1
310,$4000_vol,0
310,$4004_duty,0
310,$4004_const,1
310,$4004_vol,0
310,$4008_linear,48
311,$4008_linear,0
311,$400A_period,1
311,$400B_length,0
311,$400C_const,1
311,$400C_vol,0
311,$400E_period,0
311,$400E_mode,0
311,$4000_duty,0
311,$4000_const,1
311,$4000_vol,0
311,$4004_duty,0
311,$4004_const,1
311,$4004_vol,0
311,$4008_linear,48
312,$4008_linear,0
312,$400A_period,1
312,$400B_length,0
312,$400C_const,1
312,$400C_vol,0
312,$400E_period,0
312,$400E_mode,0
312,$4000_duty,0
312,$4000_const,1
312,$4000_vol,0
312,$4004_duty,0
312,$4004_const,1
312,$4004_vol,0
312,$4008_linear,48
313,$4008_linear,0
313,$400A_period,1
313,$400B_length,0
313,$400C_const,1
313,$400C_vol,0
313,$400E_period,0
313,$400E_mode,0
313,$4000_duty,0
313,$4000_const,1
313,$4000_vol,0
313,$4004_duty,0
313,$4004_const,1
313,$4004_vol,0
313,$4008_linear,48
314,$4008_linear,0
314,$400A_period,1
314,$400B_length,0
314,$400C_const,1
314,$400C_vol,0
314,$400E_period,0
314,$400E_mode,0
314,$4000_duty,0
314,$4000_const,1
314,$4000_vol,0
314,$4004_duty,0
314,$4004_const,1
314,$4004_vol,0
314,$4008_linear,48
315,$4008_linear,0
315,$400A_period,1
315,$400B_length,0
315,$400C_const,1
315,$400C_vol,0
315,$400E_period,0
315,$400E_mode,0
315,$4000_duty,0
315,$4000_const,1
315,$4000_vol,0
315,$4004_duty,0
315,$4004_const,1
315,$4004_vol,0
315,$4008_linear,48
316,$4008_linear,0
316,$400A_period,1
316,$400B_length,0
316,$400C_const,1
316,$400C_vol,0
316,$400E_period,0
316,$400E_mode,0
316,$4000_duty,0
316,$4000_const,1
316,$4000_vol,0
316,$4004_duty,0
316,$4004_const,1
316,$4004_vol,0
316,$4008_linear,48
317,$4008_linear,0
317,$400A_period,1
317,$400B_length,0
317,$400C_const,1
317,$400C_vol,0
317,$400E_period,0
317,$400E_mode,0
317,$4000_duty,0
317,$4000_const,1
317,$4000_vol,0
317,$4004_duty,0
317,$4004_const,1
317,$4004_vol,0
317,$4008_linear,48
318,$4008_linear,0
318,$400A_period,1
318,$400B_length,0
318,$400C_const,1
318,$400C_vol,0
318,$400E_period,0
318,$400E_mode,0
318,$4000_duty,0
318,$4000_const,1
318,$4000_vol,0
318,$4004_duty,0
318,$4004_const,1
318,$4004_vol,0
318,$4008_linear,48
319,$4008_linear,0
319,$400A_period,1
319,$400B_length,0
319,$400C_const,1
319,$400C_vol,0
319,$400E_period,0
319,$400E_mode,0
319,$4000_duty,0
319,$4000_const,1
319,$4000_vol,0
319,$4004_duty,0
319,$4004_const,1
319,$4004_vol,0
319,$4008_linear,48
320,$4008_linear,0
320,$400A_period,1
320,$400B_length,0
320,$400C_const,1
320,$400C_vol,0
320,$400E_period,0
320,$400E_mode,0
320,$4000_duty,0
320,$4000_const,1
320,$4000_vol,0
320,$4004_duty,0
320,$4004_const,1
320,$4004_vol,0
320,$4008_linear,48
321,$4008_linear,0
321,$400A_period,1
321,$400B_length,0
321,$400C_const,1
321,$400C_vol,0
321,$400E_period,0
321,$400E_mode,0
321,$4000_duty,0
321,$4000_const,1
321,$4000_vol,0
321,$4004_duty,0
321,$4004_const,1
321,$4004_vol,0
321,$4008_linear,48
322,$4008_linear,0
322,$400A_period,1
322,$400B_length,0
322,$400C_const,1
322,$400C_vol,0
322,$400E_period,0
322,$400E_mode,0
322,$4000_duty,0
322,$4000_const,1
322,$4000_vol,0
322,$4004_duty,0
322,$4004_const,1
322,$4004_vol,0
322,$4008_linear,48
323,$4008_linear,0
323,$400A_period,1
323,$400B_length,0
323,$400C_const,1
323,$400C_vol,0
323,$400E_period,0
323,$400E_mode,0
323,$4000_duty,0
323,$4000_const,1
323,$4000_vol,0
323,$4004_duty,0
323,$4004_const,1
323,$4004_vol,0
323,$4008_linear,48
324,$4008_linear,0
324,$400A_period,1
324,$400B_length,0
324,$400C_const,1
324,$400C_vol,0
324,$400E_period,0
324,$400E_mode,0
324,$4000_duty,0
324,$4000_const,1
324,$4000_vol,0
324,$4004_duty,0
324,$4004_const,1
324,$4004_vol,0
324,$4008_linear,48
325,$4008_linear,0
325,$400A_period,1
325,$400B_length,0
325,$400C_const,1
325,$400C_vol,0
325,$400E_period,0
325,$400E_mode,0
325,$4000_duty,0
325,$4000_const,1
325,$4000_vol,0
325,$4004_duty,0
325,$4004_const,1
325,$4004_vol,0
325,$4008_linear,48
326,$4008_linear,0
326,$400A_period,1
326,$400B_length,0
326,$400C_const,1
326,$400C_vol,0
326,$400E_period,0
326,$400E_mode,0
326,$4000_duty,0
326,$4000_const,1
326,$4000_vol,0
326,$4004_duty,0
326,$4004_const,1
326,$4004_vol,0
326,$4008_linear,48
327,$4008_linear,0
327,$400A_period,1
327,$400B_length,0
327,$400C_const,1
327,$400C_vol,0
327,$400E_period,0
327,$400E_mode,0
327,$4000_duty,0
327,$4000_const,1
327,$4000_vol,0
327,$4004_duty,0
327,$4004_const,1
327,$4004_vol,0
327,$4008_linear,48
328,$4008_linear,0
328,$400A_period,1
328,$400B_length,0
328,$400C_const,1
328,$400C_vol,0
328,$400E_period,0
328,$400E_mode,0
328,$4000_duty,0
328,$4000_const,1
328,$4000_vol,0
328,$4004_duty,0
328,$4004_const,1
328,$4004_vol,0
328,$4008_linear,48
329,$4008_linear,0
329,$400A_period,1
329,$400B_length,0
329,$400C_const,1
329,$400C_vol,0
329,$400E_period,0
329,$400E_mode,0
329,$4000_duty,0
329,$4000_const,1
329,$4000_vol,0
329,$4004_duty,0
329,$4004_const,1
329,$4004_vol,0
329,$4008_linear,48
330,$4008_linear,0
330,$400A_period,1
330,$400B_length,0
330,$400C_const,1
330,$400C_vol,0
330,$400E_period,0
330,$400E_mode,0
330,$4000_duty,0
330,$4000_const,1
330,$4000_vol,0
330,$4004_duty,0
330,$4004_const,1
330,$4004_vol,0
330,$4008_linear,48
331,$4008_linear,0
331,$400A_period,1
331,$400B_length,0
331,$400C_const,1
331,$400C_vol,0
331,$400E_period,0
331,$400E_mode,0
331,$4000_duty,0
331,$4000_const,1
331,$4000_vol,0
331,$4004_duty,0
331,$4004_const,1
331,$4004_vol,0
331,$4008_linear,48
332,$4008_linear,0
332,$400A_period,1
332,$400B_length,0
332,$400C_const,1
332,$400C_vol,0
332,$400E_period,0
332,$400E_mode,0
332,$4000_duty,0
332,$4000_const,1
332,$4000_vol,0
332,$4004_duty,0
332,$4004_const,1
332,$4004_vol,0
332,$4008_linear,48
333,$4008_linear,0
333,$400A_period,1
333,$400B_length,0
333,$400C_const,1
333,$400C_vol,0
333,$400E_period,0
333,$400E_mode,0
333,$4000_duty,0
333,$4000_const,1
333,$4000_vol,0
333,$4004_duty,0
333,$4004_const,1
333,$4004_vol,0
333,$4008_linear,48
334,$4008_linear,0
334,$400A_period,1
334,$400B_length,0
334,$400C_const,1
334,$400C_vol,0
334,$400E_period,0
334,$400E_mode,0
334,$4000_duty,0
334,$4000_const,1
334,$4000_vol,0
334,$4004_duty,0
334,$4004_const,1
334,$4004_vol,0
334,$4008_linear,48
335,$4008_linear,0
335,$400A_period,1
335,$400B_length,0
335,$400C_const,1
335,$400C_vol,0
335,$400E_period,0
335,$400E_mode,0
335,$4000_duty,0
335,$4000_const,1
335,$4000_vol,0
335,$4004_duty,0
335,$4004_const,1
335,$4004_vol,0
335,$4008_linear,48
336,$4008_linear,0
336,$400A_period,1
336,$400B_length,0
336,$400C_const,1
336,$400C_vol,0
336,$400E_period,0
336,$400E_mode,0
336,$4000_duty,0
336,$4000_const,1
336,$4000_vol,0
336,$4004_duty,0
336,$4004_const,1
336,$4004_vol,0
336,$4008_linear,48
337,$4008_linear,0
337,$400A_period,1
337,$400B_length,0
337,$400C_const,1
337,$400C_vol,0
337,$400E_period,0
337,$400E_mode,0
337,$4000_duty,0
337,$4000_const,1
337,$4000_vol,0
337,$4004_duty,0
337,$4004_const,1
337,$4004_vol,0
337,$4008_linear,48
338,$4008_linear,0
338,$400A_period,1
338,$400B_length,0
338,$400C_const,1
338,$400C_vol,0
338,$400E_period,0
338,$400E_mode,0
338,$4000_duty,0
338,$4000_const,1
338,$4000_vol,0
338,$4004_duty,0
338,$4004_const,1
338,$4004_vol,0
338,$4008_linear,48
339,$4008_linear,0
339,$400A_period,1
339,$400B_length,0
339,$400C_const,1
339,$400C_vol,0
339,$400E_period,0
339,$400E_mode,0
339,$4000_duty,0
339,$4000_const,1
339,$4000_vol,0
339,$4004_duty,0
339,$4004_const,1
339,$4004_vol,0
339,$4008_linear,48
340,$4008_linear,0
340,$400A_period,1
340,$400B_length,0
340,$400C_const,1
340,$400C_vol,0
340,$400E_period,0
340,$400E_mode,0
340,$4000_duty,0
340,$4000_const,1
340,$4000_vol,0
340,$4004_duty,0
340,$4004_const,1
340,$4004_vol,0
340,$4008_linear,48
341,$4008_linear,0
341,$400A_period,1
341,$400B_length,0
341,$400C_const,1
341,$400C_vol,0
341,$400E_period,0
341,$400E_mode,0
341,$4000_duty,0
341,$4000_const,1
341,$4000_vol,0
341,$4004_duty,0
341,$4004_const,1
341,$4004_vol,0
341,$4008_linear,48
342,$4008_linear,0
342,$400A_period,1
342,$400B_length,0
342,$400C_const,1
342,$400C_vol,0
342,$400E_period,0
342,$400E_mode,0
342,$4000_duty,0
342,$4000_const,1
342,$4000_vol,0
342,$4004_duty,0
342,$4004_const,1
342,$4004_vol,0
342,$4008_linear,48
343,$4008_linear,0
343,$400A_period,1
343,$400B_length,0
343,$400C_const,1
343,$400C_vol,0
343,$400E_period,0
343,$400E_mode,0
343,$4000_duty,0
343,$4000_const,1
343,$4000_vol,0
343,$4004_duty,0
343,$4004_const,1
343,$4004_vol,0
343,$4008_linear,48
344,$4008_linear,0
344,$400A_period,1
344,$400B_length,0
344,$400C_const,1
344,$400C_vol,0
344,$400E_period,0
344,$400E_mode,0
344,$4000_duty,0
344,$4000_const,1
344,$4000_vol,0
344,$4004_duty,0
344,$4004_const,1
344,$4004_vol,0
344,$4008_linear,48
345,$4008_linear,0
345,$400A_period,1
345,$400B_length,0
345,$400C_const,1
345,$400C_vol,0
345,$400E_period,0
345,$400E_mode,0
345,$4000_duty,0
345,$4000_const,1
345,$4000_vol,0
345,$4004_duty,0
345,$4004_const,1
345,$4004_vol,0
345,$4008_linear,48
346,$4008_linear,0
346,$400A_period,1
346,$400B_length,0
346,$400C_const,1
346,$400C_vol,0
346,$400E_period,0
346,$400E_mode,0
346,$4000_duty,0
346,$4000_const,1
346,$4000_vol,0
346,$4004_duty,0
346,$4004_const,1
346,$4004_vol,0
346,$4008_linear,48
347,$4008_linear,0
347,$400A_period,1
347,$400B_length,0
347,$400C_const,1
347,$400C_vol,0
347,$400E_period,0
347,$400E_mode,0
347,$4000_duty,0
347,$4000_const,1
347,$4000_vol,0
347,$4004_duty,0
347,$4004_const,1
347,$4004_vol,0
347,$4008_linear,48
348,$4008_linear,0
348,$400A_period,1
348,$400B_length,0
348,$400C_const,1
348,$400C_vol,0
348,$400E_period,0
348,$400E_mode,0
348,$4000_duty,0
348,$4000_const,1
348,$4000_vol,0
348,$4004_duty,0
348,$4004_const,1
348,$4004_vol,0
348,$4008_linear,48
349,$4008_linear,0
349,$400A_period,1
349,$400B_length,0
349,$400C_const,1
349,$400C_vol,0
349,$400E_period,0
349,$400E_mode,0
349,$4000_duty,0
349,$4000_const,1
349,$4000_vol,0
349,$4004_duty,0
349,$4004_const,1
349,$4004_vol,0
349,$4008_linear,48
350,$4008_linear,0
350,$400A_period,1
350,$400B_length,0
350,$400C_const,1
350,$400C_vol,0
350,$400E_period,0
350,$400E_mode,0
350,$4000_duty,0
350,$4000_const,1
350,$4000_vol,0
350,$4004_duty,0
350,$4004_const,1
350,$4004_vol,0
350,$4008_linear,48
351,$4008_linear,0
351,$400A_period,1
351,$400B_length,0
351,$400C_const,1
351,$400C_vol,0
351,$400E_period,0
351,$400E_mode,0
351,$4000_duty,0
351,$4000_const,1
351,$4000_vol,0
351,$4004_duty,0
351,$4004_const,1
351,$4004_vol,0
351,$4008_linear,48
352,$4008_linear,0
352,$400A_period,1
352,$400B_length,0
352,$400C_const,1
352,$400C_vol,0
352,$400E_period,0
352,$400E_mode,0
352,$4000_duty,0
352,$4000_const,1
352,$4000_vol,0
352,$4004_duty,0
352,$4004_const,1
352,$4004_vol,0
352,$4008_linear,48
353,$4008_linear,0
353,$400A_period,1
353,$400B_length,0
353,$400C_const,1
353,$400C_vol,0
353,$400E_period,0
353,$400E_mode,0
353,$4000_duty,0
353,$4000_const,1
353,$4000_vol,0
353,$4004_duty,0
353,$4004_const,1
353,$4004_vol,0
353,$4008_linear,48
354,$4008_linear,0
354,$400A_period,1
354,$400B_length,0
354,$400C_const,1
354,$400C_vol,0
354,$400E_period,0
354,$400E_mode,0
354,$4000_duty,0
354,$4000_const,1
354,$4000_vol,0
354,$4004_duty,0
354,$4004_const,1
354,$4004_vol,0
354,$4008_linear,48
355,$4008_linear,0
355,$400A_period,1
355,$400B_length,0
355,$400C_const,1
355,$400C_vol,0
355,$400E_period,0
355,$400E_mode,0
355,$4000_duty,0
355,$4000_const,1
355,$4000_vol,0
355,$4004_duty,0
355,$4004_const,1
355,$4004_vol,0
355,$4008_linear,48
356,$4008_linear,0
356,$400A_period,1
356,$400B_length,0
356,$400C_const,1
356,$400C_vol,0
356,$400E_period,0
356,$400E_mode,0
356,$4000_duty,0
356,$4000_const,1
356,$4000_vol,0
356,$4004_duty,0
356,$4004_const,1
356,$4004_vol,0
356,$4008_linear,48
357,$4008_linear,0
357,$400A_period,1
357,$400B_length,0
357,$400C_const,1
357,$400C_vol,0
357,$400E_period,0
357,$400E_mode,0
357,$4000_duty,0
357,$4000_const,1
357,$4000_vol,0
357,$4004_duty,0
357,$4004_const,1
357,$4004_vol,0
357,$4008_linear,48
358,$4008_linear,0
358,$400A_period,1
358,$400B_length,0
358,$400C_const,1
358,$400C_vol,0
358,$400E_period,0
358,$400E_mode,0
358,$4000_duty,0
358,$4000_const,1
358,$4000_vol,0
358,$4004_duty,0
358,$4004_const,1
358,$4004_vol,0
358,$4008_linear,48
359,$4008_linear,0
359,$400A_period,1
359,$400B_length,0
359,$400C_const,1
359,$400C_vol,0
359,$400E_period,0
359,$400E_mode,0
359,$4000_duty,0
359,$4000_const,1
359,$4000_vol,0
359,$4004_duty,0
359,$4004_const,1
359,$4004_vol,0
359,$4008_linear,48
360,$4008_linear,0
360,$400A_period,1
360,$400B_length,0
360,$400C_const,1
360,$400C_vol,0
360,$400E_period,0
360,$400E_mode,0
360,$4000_duty,0
360,$4000_const,1
360,$4000_vol,0
360,$4004_duty,0
360,$4004_const,1
360,$4004_vol,0
360,$4008_linear,48
361,$4008_linear,0
361,$400A_period,1
361,$400B_length,0
361,$400C_const,1
361,$400C_vol,0
361,$400E_period,0
361,$400E_mode,0
361,$4000_duty,0
361,$4000_const,1
361,$4000_vol,0
361,$4004_duty,0
361,$4004_const,1
361,$4004_vol,0
361,$4008_linear,48
362,$4008_linear,0
362,$400A_period,1
362,$400B_length,0
362,$400C_const,1
362,$400C_vol,0
362,$400E_period,0
362,$400E_mode,0
362,$4000_duty,0
362,$4000_const,1
362,$4000_vol,0
362,$4004_duty,0
362,$4004_const,1
362,$4004_vol,0
362,$4008_linear,48
363,$4008_linear,0
363,$400A_period,1
363,$400B_length,0
363,$400C_const,1
363,$400C_vol,0
363,$400E_period,0
363,$400E_mode,0
363,$4000_duty,0
363,$4000_const,1
363,$4000_vol,0
363,$4004_duty,0
363,$4004_const,1
363,$4004_vol,0
363,$4008_linear,48
364,$4008_linear,0
364,$400A_period,1
364,$400B_length,0
364,$400C_const,1
364,$400C_vol,0
364,$400E_period,0
364,$400E_mode,0
364,$4000_duty,0
364,$4000_const,1
364,$4000_vol,0
364,$4004_duty,0
364,$4004_const,1
364,$4004_vol,0
364,$4008_linear,48
365,$4008_linear,0
365,$400A_period,1
365,$400B_length,0
365,$400C_const,1
365,$400C_vol,0
365,$400E_period,0
365,$400E_mode,0
365,$4000_duty,0
365,$4000_const,1
365,$4000_vol,0
365,$4004_duty,0
365,$4004_const,1
365,$4004_vol,0
365,$4008_linear,48
366,$4008_linear,0
366,$400A_period,1
366,$400B_length,0
366,$400C_const,1
366,$400C_vol,0
366,$400E_period,0
366,$400E_mode,0
366,$4000_duty,0
366,$4000_const,1
366,$4000_vol,0
366,$4004_duty,0
366,$4004_const,1
366,$4004_vol,0
366,$4008_linear,48
367,$4008_linear,0
367,$400A_period,1
367,$400B_length,0
367,$400C_const,1
367,$400C_vol,0
367,$400E_period,0
367,$400E_mode,0
367,$4000_duty,0
367,$4000_const,1
367,$4000_vol,0
367,$4004_duty,0
367,$4004_const,1
367,$4004_vol,0
367,$4008_linear,48
368,$4008_linear,0
368,$400A_period,1
368,$400B_length,0
368,$400C_const,1
368,$400C_vol,0
368,$400E_period,0
368,$400E_mode,0
368,$4000_duty,0
368,$4000_const,1
368,$4000_vol,0
368,$4004_duty,0
368,$4004_const,1
368,$4004_vol,0
368,$4008_linear,48
369,$4008_linear,0
369,$400A_period,1
369,$400B_length,0
369,$400C_const,1
369,$400C_vol,0
369,$400E_period,0
369,$400E_mode,0
369,$4000_duty,0
369,$4000_const,1
369,$4000_vol,0
369,$4004_duty,0
369,$4004_const,1
369,$4004_vol,0
369,$4008_linear,48
370,$4008_linear,0
370,$400A_period,1
370,$400B_length,0
370,$400C_const,1
370,$400C_vol,0
370,$400E_period,0
370,$400E_mode,0
370,$4000_duty,0
370,$4000_const,1
370,$4000_vol,0
370,$4004_duty,0
370,$4004_const,1
370,$4004_vol,0
370,$4008_linear,48
371,$4008_linear,0
371,$400A_period,1
371,$400B_length,0
371,$400C_const,1
371,$400C_vol,0
371,$400E_period,0
371,$400E_mode,0
371,$4000_duty,0
371,$4000_const,1
371,$4000_vol,0
371,$4004_duty,0
371,$4004_const,1
371,$4004_vol,0
371,$4008_linear,48
372,$4008_linear,0
372,$400A_period,1
372,$400B_length,0
372,$400C_const,1
372,$400C_vol,0
372,$400E_period,0
372,$400E_mode,0
372,$4000_duty,0
372,$4000_const,1
372,$4000_vol,0
372,$4004_duty,0
372,$4004_const,1
372,$4004_vol,0
372,$4008_linear,48
373,$4008_linear,0
373,$400A_period,1
373,$400B_length,0
373,$400C_const,1
373,$400C_vol,0
373,$400E_period,0
373,$400E_mode,0
373,$4000_duty,0
373,$4000_const,1
373,$4000_vol,0
373,$4004_duty,0
373,$4004_const,1
373,$4004_vol,0
373,$4008_linear,48
374,$4008_linear,0
374,$400A_period,1
374,$400B_length,0
374,$400C_const,1
374,$400C_vol,0
374,$400E_period,0
374,$400E_mode,0
374,$4000_duty,0
374,$4000_const,1
374,$4000_vol,0
374,$4004_duty,0
374,$4004_const,1
374,$4004_vol,0
374,$4008_linear,48
375,$4008_linear,0
375,$400A_period,1
375,$400B_length,0
375,$400C_const,1
375,$400C_vol,0
375,$400E_period,0
375,$400E_mode,0
375,$4000_duty,0
375,$4000_const,1
375,$4000_vol,0
375,$4004_duty,0
375,$4004_const,1
375,$4004_vol,0
375,$4008_linear,48
375,$4000_duty,0
375,$4000_const,1
375,$4000_vol,7
375,$4001_sweep,120
375,$4002_period,4095
375,$400B_length,255
375,$4004_duty,0
375,$4004_const,1
375,$4004_vol,7
375,$4005_sweep,120
375,$4006_period,4095
375,$4008_linear,55
375,$400A_period,4095
375,$400B_length,255
375,$400C_const,1
375,$400C_vol,7
375,$400E_period,15
375,$400E_mode,1
375,$400C_const,1
375,$400C_vol,0
376,$4000_duty,0
376,$4000_const,1
376,$4000_vol,6
376,$4002_period,353
376,$400B_length,0
376,$4004_duty,0
376,$4004_const,1
376,$4004_vol,15
376,$4006_period,5
376,$4008_linear,63
376,$400A_period,5
376,$400B_length,248
377,$4000_duty,0
377,$4000_const,1
377,$4000_vol,5
377,$4004_duty,0
377,$4004_const,1
377,$4004_vol,14
378,$4000_duty,0
378,$4000_const,1
378,$4000_vol,4
378,$4004_duty,0
378,$4004_const,1
378,$4004_vol,13
379,$4000_duty,0
379,$4000_const,1
379,$4000_vol,4
379,$4004_duty,0
379,$4004_const,1
379,$4004_vol,11
380,$4000_duty,0
380,$4000_const,1
380,$4000_vol,4
380,$4004_duty,0
380,$4004_const,1
380,$4004_vol,11
381,$4000_duty,0
381,$4000_const,1
381,$4000_vol,4
381,$4004_duty,0
381,$4004_const,1
381,$4004_vol,11
382,$4000_duty,0
382,$4000_const,1
382,$4000_vol,4
382,$4004_duty,0
382,$4004_const,1
382,$4004_vol,11
383,$4000_duty,0
383,$4000_const,1
383,$4000_vol,4
383,$4004_duty,0
383,$4004_const,1
383,$4004_vol,11
384,$4000_duty,0
384,$4000_const,1
384,$4000_vol,4
384,$4004_duty,0
384,$4004_const,1
384,$4004_vol,4
384,$4006_period,555
385,$4000_duty,0
385,$4000_const,1
385,$4000_vol,4
385,$4004_duty,0
385,$4004_const,1
385,$4004_vol,3
386,$4000_duty,0
386,$4000_const,1
386,$4000_vol,4
386,$4004_duty,0
386,$4004_const,1
386,$4004_vol,2
387,$4000_duty,0
387,$4000_const,1
387,$4000_vol,4
387,$4004_duty,0
387,$4004_const,1
387,$4004_vol,2
388,$4000_duty,0
388,$4000_const,1
388,$4000_vol,4
388,$4004_duty,0
388,$4004_const,1
388,$4004_vol,2
389,$4000_duty,0
389,$4000_const,1
389,$4000_vol,4
389,$4004_duty,0
389,$4004_const,1
389,$4004_vol,2
390,$4000_duty,0
390,$4000_const,1
390,$4000_vol,4
390,$4004_duty,0
390,$4004_const,1
390,$4004_vol,2
391,$4000_duty,0
391,$4000_const,1
391,$4000_vol,2
391,$4004_duty,0
391,$4004_const,1
391,$4004_vol,2
392,$4000_duty,0
392,$4000_const,1
392,$4000_vol,6
392,$4004_duty,0
392,$4004_const,1
392,$4004_vol,2
393,$4000_duty,0
393,$4000_const,1
393,$4000_vol,5
393,$4004_duty,0
393,$4004_const,1
393,$4004_vol,2
394,$4000_duty,0
394,$4000_const,1
394,$4000_vol,4
394,$4004_duty,0
394,$4004_const,1
394,$4004_vol,2
395,$4000_duty,0
395,$4000_const,1
395,$4000_vol,4
395,$4004_duty,0
395,$4004_const,1
395,$4004_vol,2
396,$4000_duty,0
396,$4000_const,1
396,$4000_vol,4
396,$4004_duty,0
396,$4004_const,1
396,$4004_vol,2
397,$4000_duty,0
397,$4000_const,1
397,$4000_vol,4
397,$4004_duty,0
397,$4004_const,1
397,$4004_vol,2
398,$4000_duty,0
398,$4000_const,1
398,$4000_vol,4
398,$4004_duty,0
398,$4004_const,1
398,$4004_vol,2
399,$4000_duty,0
399,$4000_const,1
399,$4000_vol,4
399,$4004_duty,0
399,$4004_const,1
399,$4004_vol,0
400,$4000_duty,0
400,$4000_const,1
400,$4000_vol,4
400,$4004_duty,0
400,$4004_const,1
400,$4004_vol,4
400,$4006_period,349
401,$4000_duty,0
401,$4000_const,1
401,$4000_vol,4
401,$4004_duty,0
401,$4004_const,1
401,$4004_vol,3
402,$4000_duty,0
402,$4000_const,1
402,$4000_vol,4
402,$4004_duty,0
402,$4004_const,1
402,$4004_vol,2
403,$4000_duty,0
403,$4000_const,1
403,$4000_vol,4
403,$4004_duty,0
403,$4004_const,1
403,$4004_vol,2
404,$4000_duty,0
404,$4000_const,1
404,$4000_vol,4
404,$4004_duty,0
404,$4004_const,1
404,$4004_vol,2
405,$4000_duty,0
405,$4000_const,1
405,$4000_vol,4
405,$4004_duty,0
405,$4004_const,1
405,$4004_vol,2
406,$4000_duty,0
406,$4000_const,1
406,$4000_vol,4
406,$4004_duty,0
406,$4004_const,1
406,$4004_vol,2
407,$4000_duty,0
407,$4000_const,1
407,$4000_vol,2
407,$4004_duty,0
407,$4004_const,1
407,$4004_vol,2
408,$4000_duty,0
408,$4000_const,1
408,$4000_vol,6
408,$4004_duty,0
408,$4004_const,1
408,$4004_vol,2
409,$4000_duty,0
409,$4000_const,1
409,$4000_vol,5
409,$4004_duty,0
409,$4004_const,1
409,$4004_vol,2
410,$4000_duty,0
410,$4000_const,1
410,$4000_vol,4
410,$4004_duty,0
410,$4004_const,1
410,$4004_vol,2
411,$4000_duty,0
411,$4000_const,1
411,$4000_vol,4
411,$4004_duty,0
411,$4004_const,1
411,$4004_vol,2
412,$4000_duty,0
412,$4000_const,1
412,$4000_vol,4
412,$4004_duty,0
412,$4004_const,1
412,$4004_vol,2
413,$4000_duty,0
413,$4000_const,1
413,$4000_vol,4
413,$4004_duty,0
413,$4004_const,1
413,$4004_vol,2
414,$4000_duty,0
414,$4000_const,1
414,$4000_vol,4
414,$4004_duty,0
414,$4004_const,1
414,$4004_vol,2
415,$4000_duty,0
415,$4000_const,1
415,$4000_vol,4
415,$4004_duty,0
415,$4004_const,1
415,$4004_vol,0
416,$4000_duty,0
416,$4000_const,1
416,$4000_vol,4
416,$4004_duty,0
416,$4004_const,1
416,$4004_vol,4
417,$4000_duty,0
417,$4000_const,1
417,$4000_vol,4
417,$4004_duty,0
417,$4004_const,1
417,$4004_vol,3
418,$4000_duty,0
418,$4000_const,1
418,$4000_vol,4
418,$4004_duty,0
418,$4004_const,1
418,$4004_vol,2
419,$4000_duty,0
419,$4000_const,1
419,$4000_vol,4
419,$4004_duty,0
419,$4004_const,1
419,$4004_vol,2
420,$4000_duty,0
420,$4000_const,1
420,$4000_vol,4
420,$4004_duty,0
420,$4004_const,1
420,$4004_vol,2
421,$4000_duty,0
421,$4000_const,1
421,$4000_vol,4
421,$4004_duty,0
421,$4004_const,1
421,$4004_vol,2
422,$4000_duty,0
422,$4000_const,1
422,$4000_vol,4
422,$4004_duty,0
422,$4004_const,1
422,$4004_vol,2
423,$4000_duty,0
423,$4000_const,1
423,$4000_vol,2
423,$4004_duty,0
423,$4004_const,1
423,$4004_vol,2
424,$4000_duty,0
424,$4000_const,1
424,$4000_vol,6
424,$4002_period,559
424,$400B_length,1
424,$4004_duty,0
424,$4004_const,1
424,$4004_vol,2
425,$4000_duty,0
425,$4000_const,1
425,$4000_vol,5
425,$4004_duty,0
425,$4004_const,1
425,$4004_vol,2
426,$4000_duty,0
426,$4000_const,1
426,$4000_vol,4
426,$4004_duty,0
426,$4004_const,1
426,$4004_vol,2
427,$4000_duty,0
427,$4000_const,1
427,$4000_vol,4
427,$4004_duty,0
427,$4004_const,1
427,$4004_vol,2
428,$4000_duty,0
428,$4000_const,1
428,$4000_vol,4
428,$4004_duty,0
428,$4004_const,1
428,$4004_vol,2
429,$4000_duty,0
429,$4000_const,1
429,$4000_vol,4
429,$4004_duty,0
429,$4004_const,1
429,$4004_vol,2
430,$4000_duty,0
430,$4000_const,1
430,$4000_vol,4
430,$4004_duty,0
430,$4004_const,1
430,$4004_vol,2
431,$4000_duty,0
431,$4000_const,1
431,$4000_vol,4
431,$4004_duty,0
431,$4004_const,1
431,$4004_vol,0
432,$4000_duty,0
432,$4000_const,1
432,$4000_vol,4
432,$4004_duty,0
432,$4004_const,1
432,$4004_vol,4
433,$4000_duty,0
433,$4000_const,1
433,$4000_vol,4
433,$4004_duty,0
433,$4004_const,1
433,$4004_vol,3
434,$4000_duty,0
434,$4000_const,1
434,$4000_vol,4
434,$4004_duty,0
434,$4004_const,1
434,$4004_vol,2
435,$4000_duty,0
435,$4000_const,1
435,$4000_vol,4
435,$4004_duty,0
435,$4004_const,1
435,$4004_vol,2
436,$4000_duty,0
436,$4000_const,1
436,$4000_vol,4
436,$4004_duty,0
436,$4004_const,1
436,$4004_vol,2
437,$4000_duty,0
437,$4000_const,1
437,$4000_vol,4
437,$4004_duty,0
437,$4004_const,1
437,$4004_vol,2
438,$4000_duty,0
438,$4000_const,1
438,$4000_vol,4
438,$4004_duty,0
438,$4004_const,1
438,$4004_vol,2
439,$4000_duty,0
439,$4000_const,1
439,$4000_vol,2
439,$4004_duty,0
439,$4004_const,1
439,$4004_vol,2
440,$4000_duty,0
440,$4000_const,1
440,$4000_vol,7
440,$4002_period,353
440,$400B_length,0
440,$4004_duty,0
440,$4004_const,1
440,$4004_vol,2
441,$4000_duty,0
441,$4000_const,1
441,$4000_vol,6
441,$4004_duty,0
441,$4004_const,1
441,$4004_vol,2
442,$4000_duty,0
442,$4000_const,1
442,$4000_vol,5
442,$4004_duty,0
442,$4004_const,1
442,$4004_vol,2
443,$4000_duty,0
443,$4000_const,1
443,$4000_vol,5
443,$4004_duty,0
443,$4004_const,1
443,$4004_vol,2
444,$4000_duty,0
444,$4000_const,1
444,$4000_vol,5
444,$4004_duty,0
444,$4004_const,1
444,$4004_vol,2
445,$4000_duty,0
445,$4000_const,1
445,$4000_vol,5
445,$4004_duty,0
445,$4004_const,1
445,$4004_vol,2
446,$4000_duty,0
446,$4000_const,1
446,$4000_vol,5
446,$4004_duty,0
446,$4004_const,1
446,$4004_vol,2
447,$4000_duty,0
447,$4000_const,1
447,$4000_vol,5
447,$4004_duty,0
447,$4004_const,1
447,$4004_vol,0
448,$4000_duty,0
448,$4000_const,1
448,$4000_vol,5
448,$4004_duty,0
448,$4004_const,1
448,$4004_vol,4
448,$4006_period,555
449,$4000_duty,0
449,$4000_const,1
449,$4000_vol,5
449,$4004_duty,0
449,$4004_const,1
449,$4004_vol,3
450,$4000_duty,0
450,$4000_const,1
450,$4000_vol,5
450,$4004_duty,0
450,$4004_const,1
450,$4004_vol,2
451,$4000_duty,0
451,$4000_const,1
451,$4000_vol,5
451,$4004_duty,0
451,$4004_const,1
451,$4004_vol,2
452,$4000_duty,0
452,$4000_const,1
452,$4000_vol,5
452,$4004_duty,0
452,$4004_const,1
452,$4004_vol,2
453,$4000_duty,0
453,$4000_const,1
453,$4000_vol,5
453,$4004_duty,0
453,$4004_const,1
453,$4004_vol,2
454,$4000_duty,0
454,$4000_const,1
454,$4000_vol,5
454,$4004_duty,0
454,$4004_const,1
454,$4004_vol,2
455,$4000_duty,0
455,$4000_const,1
455,$4000_vol,3
455,$4004_duty,0
455,$4004_const,1
455,$4004_vol,2
456,$4000_duty,0
456,$4000_const,1
456,$4000_vol,7
456,$4004_duty,0
456,$4004_const,1
456,$4004_vol,2
457,$4000_duty,0
457,$4000_const,1
457,$4000_vol,6
457,$4004_duty,0
457,$4004_const,1
457,$4004_vol,2
458,$4000_duty,0
458,$4000_const,1
458,$4000_vol,5
458,$4004_duty,0
458,$4004_const,1
458,$4004_vol,2
459,$4000_duty,0
459,$4000_const,1
459,$4000_vol,5
459,$4004_duty,0
459,$4004_const,1
459,$4004_vol,2
460,$4000_duty,0
460,$4000_const,1
460,$4000_vol,5
460,$4004_duty,0
460,$4004_const,1
460,$4004_vol,2
461,$4000_duty,0
461,$4000_const,1
461,$4000_vol,5
461,$4004_duty,0
461,$4004_const,1
461,$4004_vol,2
462,$4000_duty,0
462,$4000_const,1
462,$4000_vol,5
462,$4004_duty,0
462,$4004_const,1
462,$4004_vol,2
463,$4000_duty,0
463,$4000_const,1
463,$4000_vol,5
463,$4004_duty,0
463,$4004_const,1
463,$4004_vol,0
464,$4000_duty,0
464,$4000_const,1
464,$4000_vol,5
464,$4004_duty,0
464,$4004_const,1
464,$4004_vol,4
464,$4006_period,349
465,$4000_duty,0
465,$4000_const,1
465,$4000_vol,5
465,$4004_duty,0
465,$4004_const,1
465,$4004_vol,3
466,$4000_duty,0
466,$4000_const,1
466,$4000_vol,5
466,$4004_duty,0
466,$4004_const,1
466,$4004_vol,2
467,$4000_duty,0
467,$4000_const,1
467,$4000_vol,5
467,$4004_duty,0
467,$4004_const,1
467,$4004_vol,2
468,$4000_duty,0
468,$4000_const,1
468,$4000_vol,5
468,$4004_duty,0
468,$4004_const,1
468,$4004_vol,2
469,$4000_duty,0
469,$4000_const,1
469,$4000_vol,5
469,$4004_duty,0
469,$4004_const,1
469,$4004_vol,2
470,$4000_duty,0
470,$4000_const,1
470,$4000_vol,5
470,$4004_duty,0
470,$4004_const,1
470,$4004_vol,2
471,$4000_duty,0
471,$4000_const,1
471,$4000_vol,3
471,$4004_duty,0
471,$4004_const,1
471,$4004_vol,0
472,$400C_const,1
472,$400C_vol,8
472,$400E_period,10
472,$400E_mode,0
472,$4000_duty,0
472,$4000_const,1
472,$4000_vol,7
472,$4004_duty,1
472,$4004_const,1
472,$4004_vol,2
472,$4006_period,705
472,$4008_linear,63
472,$400A_period,1777
472,$400B_length,251
473,$400C_const,1
473,$400C_vol,4
473,$400E_period,11
473,$400E_mode,0
473,$4000_duty,0
473,$4000_const,1
473,$4000_vol,6
473,$4004_duty,1
473,$4004_const,1
473,$4004_vol,3
474,$400C_const,1
474,$400C_vol,2
474,$400E_period,12
474,$400E_mode,0
474,$4000_duty,0
474,$4000_const,1
474,$4000_vol,5
474,$4004_duty,1
474,$4004_const,1
474,$4004_vol,4
475,$400C_const,1
475,$400C_vol,0
475,$400E_period,13
475,$400E_mode,0
475,$4000_duty,0
475,$4000_const,1
475,$4000_vol,5
475,$4004_duty,1
475,$4004_const,1
475,$4004_vol,4
476,$4000_duty,0
476,$4000_const,1
476,$4000_vol,5
476,$4004_duty,1
476,$4004_const,1
476,$4004_vol,2
477,$4000_duty,0
477,$4000_const,1
477,$4000_vol,5
477,$4004_duty,1
477,$4004_const,1
477,$4004_vol,3
478,$4000_duty,0
478,$4000_const,1
478,$4000_vol,5
478,$4004_duty,1
478,$4004_const,1
478,$4004_vol,4
479,$4000_duty,0
479,$4000_const,1
479,$4000_vol,5
479,$4004_duty,1
479,$4004_const,1
479,$4004_vol,4
480,$4000_duty,0
480,$4000_const,1
480,$4000_vol,5
480,$4004_duty,1
480,$4004_const,1
480,$4004_vol,2
480,$4006_period,469
481,$4000_duty,0
481,$4000_const,1
481,$4000_vol,5
481,$4004_duty,1
481,$4004_const,1
481,$4004_vol,3
482,$4000_duty,0
482,$4000_const,1
482,$4000_vol,5
482,$4004_duty,1
482,$4004_const,1
482,$4004_vol,4
483,$4000_duty,0
483,$4000_const,1
483,$4000_vol,5
483,$4004_duty,1
483,$4004_const,1
483,$4004_vol,4
484,$4000_duty,0
484,$4000_const,1
484,$4000_vol,5
484,$4004_duty,1
484,$4004_const,1
484,$4004_vol,2
485,$4000_duty,0
485,$4000_const,1
485,$4000_vol,5
485,$4004_duty,1
485,$4004_const,1
485,$4004_vol,3
486,$4000_duty,0
486,$4000_const,1
486,$4000_vol,5
486,$4004_duty,1
486,$4004_const,1
486,$4004_vol,4
487,$4000_duty,0
487,$4000_const,1
487,$4000_vol,3
487,$4004_duty,1
487,$4004_const,1
487,$4004_vol,4
487,$4008_linear,30
487,$400A_period,1777
487,$400B_length,251
488,$4000_duty,0
488,$4000_const,1
488,$4000_vol,7
488,$4002_period,559
488,$400B_length,1
488,$4004_duty,1
488,$4004_const,1
488,$4004_vol,2
489,$4000_duty,0
489,$4000_const,1
489,$4000_vol,6
489,$4004_duty,1
489,$4004_const,1
489,$4004_vol,3
490,$4000_duty,0
490,$4000_const,1
490,$4000_vol,5
490,$4004_duty,1
490,$4004_const,1
490,$4004_vol,4
491,$4000_duty,0
491,$4000_const,1
491,$4000_vol,5
491,$4004_duty,1
491,$4004_const,1
491,$4004_vol,4
492,$4000_duty,0
492,$4000_const,1
492,$4000_vol,5
492,$4004_duty,1
492,$4004_const,1
492,$4004_vol,2
493,$4000_duty,0
493,$4000_const,1
493,$4000_vol,5
493,$4004_duty,1
493,$4004_const,1
493,$4004_vol,3
494,$4000_duty,0
494,$4000_const,1
494,$4000_vol,5
494,$4004_duty,1
494,$4004_const,1
494,$4004_vol,4
495,$4000_duty,0
495,$4000_const,1
495,$4000_vol,5
495,$4004_duty,1
495,$4004_const,1
495,$4004_vol,4
496,$4000_duty,0
496,$4000_const,1
496,$4000_vol,5
496,$4004_duty,1
496,$4004_const,1
496,$4004_vol,2
497,$4000_duty,0
497,$4000_const,1
497,$4000_vol,5
497,$4004_duty,1
497,$4004_const,1
497,$4004_vol,3
498,$4000_duty,0
498,$4000_const,1
498,$4000_vol,5
498,$4004_duty,1
498,$4004_const,1
498,$4004_vol,4
499,$4000_duty,0
499,$4000_const,1
499,$4000_vol,5
499,$4004_duty,1
499,$4004_const,1
499,$4004_vol,4
500,$4000_duty,0
500,$4000_const,1
500,$4000_vol,5
500,$4004_duty,1
500,$4004_const,1
500,$4004_vol,2
501,$4000_duty,0
501,$4000_const,1
501,$4000_vol,5
501,$4004_duty,1
501,$4004_const,1
501,$4004_vol,3
502,$4000_duty,0
502,$4000_const,1
502,$4000_vol,5
502,$4004_duty,1
502,$4004_const,1
502,$4004_vol,4
503,$4000_duty,0
503,$4000_const,1
503,$4000_vol,3
503,$4004_duty,1
503,$4004_const,1
503,$4004_vol,4
504,$400C_const,1
504,$400C_vol,9
504,$400E_period,14
504,$400E_mode,0
504,$4000_duty,0
504,$4000_const,1
504,$4000_vol,3
504,$4004_duty,1
504,$4004_const,1
504,$4004_vol,2
504,$4008_linear,63
504,$400A_period,1329
504,$400B_length,250
505,$400C_const,1
505,$400C_vol,3
505,$400E_period,15
505,$400E_mode,0
505,$4000_duty,0
505,$4000_const,1
505,$4000_vol,3
505,$4004_duty,1
505,$4004_const,1
505,$4004_vol,3
506,$400C_const,1
506,$400C_vol,0
506,$400E_period,15
506,$400E_mode,0
506,$4000_duty,0
506,$4000_const,1
506,$4000_vol,3
506,$4004_duty,1
506,$4004_const,1
506,$4004_vol,4
507,$4000_duty,0
507,$4000_const,1
507,$4000_vol,3
507,$4004_duty,1
507,$4004_const,1
507,$4004_vol,4
508,$4000_duty,0
508,$4000_const,1
508,$4000_vol,3
508,$4004_duty,1
508,$4004_const,1
508,$4004_vol,1
509,$4000_duty,0
509,$4000_const,1
509,$4000_vol,3
509,$4004_duty,1
509,$4004_const,1
509,$4004_vol,2
509,$4006_period,2237
510,$4000_duty,0
510,$4000_const,1
510,$4000_vol,3
510,$4004_duty,1
510,$4004_const,1
510,$4004_vol,3
510,$4008_linear,12
510,$400A_period,1329
510,$400B_length,250
511,$4000_duty,0
511,$4000_const,1
511,$4000_vol,3
511,$4004_duty,1
511,$4004_const,1
511,$4004_vol,4
512,$4000_duty,0
512,$4000_const,1
512,$4000_vol,3
512,$4004_duty,1
512,$4004_const,1
512,$4004_vol,4
513,$4000_duty,0
513,$4000_const,1
513,$4000_vol,3
513,$4004_duty,1
513,$4004_const,1
513,$4004_vol,4
514,$4000_duty,0
514,$4000_const,1
514,$4000_vol,2
514,$4004_duty,1
514,$4004_const,1
514,$4004_vol,2
514,$4006_period,1777
515,$4000_duty,0
515,$4000_const,1
515,$4000_vol,2
515,$4004_duty,1
515,$4004_const,1
515,$4004_vol,3
516,$4000_duty,0
516,$4000_const,1
516,$4000_vol,2
516,$4004_duty,1
516,$4004_const,1
516,$4004_vol,4
517,$4000_duty,0
517,$4000_const,1
517,$4000_vol,2
517,$4004_duty,1
517,$4004_const,1
517,$4004_vol,4
518,$4000_duty,0
518,$4000_const,1
518,$4000_vol,2
518,$4004_duty,1
518,$4004_const,1
518,$4004_vol,4
519,$4000_duty,0
519,$4000_const,1
519,$4000_vol,2
519,$4004_duty,1
519,$4004_const,1
519,$4004_vol,4
520,$400C_const,1
520,$400C_vol,9
520,$400E_period,14
520,$400E_mode,0
520,$4000_duty,0
520,$4000_const,1
520,$4000_vol,5
520,$4004_duty,1
520,$4004_const,1
520,$4004_vol,2
520,$4006_period,1329
520,$4008_linear,63
520,$400A_period,1777
520,$400B_length,251
521,$400C_const,1
521,$400C_vol,3
521,$400E_period,15
521,$400E_mode,0
521,$4000_duty,0
521,$4000_const,1
521,$4000_vol,6
521,$4004_duty,1
521,$4004_const,1
521,$4004_vol,3
522,$400C_const,1
522,$400C_vol,0
522,$400E_period,15
522,$400E_mode,0
522,$4000_duty,0
522,$4000_const,1
522,$4000_vol,4
522,$4004_duty,1
522,$4004_const,1
522,$4004_vol,4
523,$4000_duty,0
523,$4000_const,1
523,$4000_vol,2
523,$4004_duty,1
523,$4004_const,1
523,$4004_vol,4
524,$4000_duty,0
524,$4000_const,1
524,$4000_vol,2
524,$4004_duty,1
524,$4004_const,1
524,$4004_vol,4
525,$4000_duty,0
525,$4000_const,1
525,$4000_vol,2
525,$4004_duty,1
525,$4004_const,1
525,$4004_vol,2
526,$4000_duty,0
526,$4000_const,1
526,$4000_vol,3
526,$4004_duty,1
526,$4004_const,1
526,$4004_vol,3
526,$4008_linear,12
526,$400A_period,1777
526,$400B_length,251
527,$4000_duty,0
527,$4000_const,1
527,$4000_vol,3
527,$4004_duty,1
527,$4004_const,1
527,$4004_vol,4
528,$4000_duty,0
528,$4000_const,1
528,$4000_vol,3
528,$4004_duty,1
528,$4004_const,1
528,$4004_vol,4
529,$4000_duty,0
529,$4000_const,1
529,$4000_vol,3
529,$4004_duty,1
529,$4004_const,1
529,$4004_vol,4
530,$4000_duty,0
530,$4000_const,1
530,$4000_vol,3
530,$4004_duty,1
530,$4004_const,1
530,$4004_vol,2
530,$4006_period,889
531,$4000_duty,0
531,$4000_const,1
531,$4000_vol,4
531,$4004_duty,1
531,$4004_const,1
531,$4004_vol,3
532,$4000_duty,0
532,$4000_const,1
532,$4000_vol,4
532,$4004_duty,1
532,$4004_const,1
532,$4004_vol,4
533,$4000_duty,0
533,$4000_const,1
533,$4000_vol,4
533,$4004_duty,1
533,$4004_const,1
533,$4004_vol,4
534,$4000_duty,0
534,$4000_const,1
534,$4000_vol,4
534,$4004_duty,1
534,$4004_const,1
534,$4004_vol,4
535,$4000_duty,0
535,$4000_const,1
535,$4000_vol,2
535,$4004_duty,1
535,$4004_const,1
535,$4004_vol,4
536,$400C_const,1
536,$400C_vol,8
536,$400E_period,10
536,$400E_mode,0
536,$4000_duty,0
536,$4000_const,1
536,$4000_vol,5
536,$4004_duty,1
536,$4004_const,1
536,$4004_vol,2
536,$4008_linear,63
536,$400A_period,1329
536,$400B_length,250
537,$400C_const,1
537,$400C_vol,4
537,$400E_period,11
537,$400E_mode,0
537,$4000_duty,0
537,$4000_const,1
537,$4000_vol,6
537,$4004_duty,1
537,$4004_const,1
537,$4004_vol,3
538,$400C_const,1
538,$400C_vol,2
538,$400E_period,12
538,$400E_mode,0
538,$4000_duty,0
538,$4000_const,1
538,$4000_vol,4
538,$4004_duty,1
538,$4004_const,1
538,$4004_vol,4
539,$400C_const,1
539,$400C_vol,0
539,$400E_period,13
539,$400E_mode,0
539,$4000_duty,0
539,$4000_const,1
539,$4000_vol,2
539,$4004_duty,1
539,$4004_const,1
539,$4004_vol,4
540,$4000_duty,0
540,$4000_const,1
540,$4000_vol,2
540,$4004_duty,1
540,$4004_const,1
540,$4004_vol,4
541,$4000_duty,0
541,$4000_const,1
541,$4000_vol,2
541,$4004_duty,1
541,$4004_const,1
541,$4004_vol,2
542,$4000_duty,0
542,$4000_const,1
542,$4000_vol,3
542,$4004_duty,1
542,$4004_const,1
542,$4004_vol,3
543,$4000_duty,0
543,$4000_const,1
543,$4000_vol,3
543,$4004_duty,1
543,$4004_const,1
543,$4004_vol,4
544,$4000_duty,0
544,$4000_const,1
544,$4000_vol,3
544,$4004_duty,1
544,$4004_const,1
544,$4004_vol,4
545,$4000_duty,0
545,$4000_const,1
545,$4000_vol,3
545,$4004_duty,1
545,$4004_const,1
545,$4004_vol,4
546,$4000_duty,0
546,$4000_const,1
546,$4000_vol,3
546,$4004_duty,1
546,$4004_const,1
546,$4004_vol,2
546,$4006_period,445
547,$4000_duty,0
547,$4000_const,1
547,$4000_vol,4
547,$4004_duty,1
547,$4004_const,1
547,$4004_vol,3
548,$4000_duty,0
548,$4000_const,1
548,$4000_vol,2
548,$4004_duty,1
548,$4004_const,1
548,$4004_vol,4
549,$4000_duty,0
549,$4000_const,1
549,$4000_vol,2
549,$4004_duty,1
549,$4004_const,1
549,$4004_vol,4
550,$4000_duty,0
550,$4000_const,1
550,$4000_vol,2
550,$4004_duty,1
550,$4004_const,1
550,$4004_vol,4
551,$4000_duty,0
551,$4000_const,1
551,$4000_vol,2
551,$4004_duty,1
551,$4004_const,1
551,$4004_vol,4
551,$4008_linear,30
551,$400A_period,1329
551,$400B_length,250
552,$400C_const,1
552,$400C_vol,6
552,$400E_period,10
552,$400E_mode,0
552,$4000_duty,0
552,$4000_const,1
552,$4000_vol,5
552,$4004_duty,1
552,$4004_const,1
552,$4004_vol,2
553,$400C_const,1
553,$400C_vol,2
553,$400E_period,11
553,$400E_mode,0
553,$4000_duty,0
553,$4000_const,1
553,$4000_vol,6
553,$4004_duty,1
553,$4004_const,1
553,$4004_vol,3
554,$400C_const,1
554,$400C_vol,0
554,$400E_period,13
554,$400E_mode,0
554,$4000_duty,0
554,$4000_const,1
554,$4000_vol,4
554,$4004_duty,1
554,$4004_const,1
554,$4004_vol,4
555,$4000_duty,0
555,$4000_const,1
555,$4000_vol,2
555,$4004_duty,1
555,$4004_const,1
555,$4004_vol,4
556,$4000_duty,0
556,$4000_const,1
556,$4000_vol,2
556,$4004_duty,1
556,$4004_const,1
556,$4004_vol,4
557,$4000_duty,0
557,$4000_const,1
557,$4000_vol,2
557,$4004_duty,1
557,$4004_const,1
557,$4004_vol,2
558,$4000_duty,0
558,$4000_const,1
558,$4000_vol,3
558,$4004_duty,1
558,$4004_const,1
558,$4004_vol,3
559,$4000_duty,0
559,$4000_const,1
559,$4000_vol,3
559,$4004_duty,1
559,$4004_const,1
559,$4004_vol,4
560,$400C_const,1
560,$400C_vol,6
560,$400E_period,10
560,$400E_mode,0
560,$4000_duty,0
560,$4000_const,1
560,$4000_vol,5
560,$4004_duty,1
560,$4004_const,1
560,$4004_vol,4
561,$400C_const,1
561,$400C_vol,2
561,$400E_period,11
561,$400E_mode,0
561,$4000_duty,0
561,$4000_const,1
561,$4000_vol,6
561,$4004_duty,1
561,$4004_const,1
561,$4004_vol,4
562,$400C_const,1
562,$400C_vol,0
562,$400E_period,13
562,$400E_mode,0
562,$4000_duty,0
562,$4000_const,1
562,$4000_vol,4
562,$4004_duty,1
562,$4004_const,1
562,$4004_vol,2
563,$4000_duty,0
563,$4000_const,1
563,$4000_vol,2
563,$4004_duty,1
563,$4004_const,1
563,$4004_vol,3
564,$4000_duty,0
564,$4000_const,1
564,$4000_vol,2
564,$4004_duty,1
564,$4004_const,1
564,$4004_vol,4
565,$4000_duty,0
565,$4000_const,1
565,$4000_vol,2
565,$4004_duty,1
565,$4004_const,1
565,$4004_vol,4
566,$4000_duty,0
566,$4000_const,1
566,$4000_vol,4
566,$4004_duty,1
566,$4004_const,1
566,$4004_vol,4
567,$4000_duty,0
567,$4000_const,1
567,$4000_vol,2
567,$4004_duty,1
567,$4004_const,1
567,$4004_vol,4
568,$400C_const,1
568,$400C_vol,9
568,$400E_period,14
568,$400E_mode,0
568,$4000_duty,0
568,$4000_const,1
568,$4000_vol,5
568,$4004_duty,1
568,$4004_const,1
568,$4004_vol,2
568,$4008_linear,63
568,$400A_period,1409
568,$400B_length,250
569,$400C_const,1
569,$400C_vol,3
569,$400E_period,15
569,$400E_mode,0
569,$4000_duty,0
569,$4000_const,1
569,$4000_vol,6
569,$4004_duty,1
569,$4004_const,1
569,$4004_vol,3
570,$400C_const,1
570,$400C_vol,0
570,$400E_period,15
570,$400E_mode,0
570,$4000_duty,0
570,$4000_const,1
570,$4000_vol,4
570,$4004_duty,1
570,$4004_const,1
570,$4004_vol,4
571,$4000_duty,0
571,$4000_const,1
571,$4000_vol,2
571,$4004_duty,1
571,$4004_const,1
571,$4004_vol,4
572,$4000_duty,0
572,$4000_const,1
572,$4000_vol,2
572,$4004_duty,1
572,$4004_const,1
572,$4004_vol,4
573,$4000_duty,0
573,$4000_const,1
573,$4000_vol,2
573,$4004_duty,1
573,$4004_const,1
573,$4004_vol,2
574,$4000_duty,0
574,$4000_const,1
574,$4000_vol,3
574,$4004_duty,1
574,$4004_const,1
574,$4004_vol,3
574,$4008_linear,12
574,$400A_period,1409
574,$400B_length,250
575,$4000_duty,0
575,$4000_const,1
575,$4000_vol,3
575,$4004_duty,1
575,$4004_const,1
575,$4004_vol,4
576,$4000_duty,0
576,$4000_const,1
576,$4000_vol,3
576,$4004_duty,1
576,$4004_const,1
576,$4004_vol,4
577,$4000_duty,0
577,$4000_const,1
577,$4000_vol,3
577,$4004_duty,1
577,$4004_const,1
577,$4004_vol,4
578,$4000_duty,0
578,$4000_const,1
578,$4000_vol,3
578,$4004_duty,1
578,$4004_const,1
578,$4004_vol,2
579,$4000_duty,0
579,$4000_const,1
579,$4000_vol,4
579,$4004_duty,1
579,$4004_const,1
579,$4004_vol,3
580,$4000_duty,0
580,$4000_const,1
580,$4000_vol,4
580,$4004_duty,1
580,$4004_const,1
580,$4004_vol,4
581,$4000_duty,0
581,$4000_const,1
581,$4000_vol,4
581,$4004_duty,1
581,$4004_const,1
581,$4004_vol,4
582,$4000_duty,0
582,$4000_const,1
582,$4000_vol,4
582,$4004_duty,1
582,$4004_const,1
582,$4004_vol,4
583,$4000_duty,0
583,$4000_const,1
583,$4000_vol,4
583,$4004_duty,1
583,$4004_const,1
583,$4004_vol,4
584,$400C_const,1
584,$400C_vol,9
584,$400E_period,14
584,$400E_mode,0
584,$4000_duty,0
584,$4000_const,1
584,$4000_vol,5
584,$4004_duty,1
584,$4004_const,1
584,$4004_vol,2
584,$4008_linear,63
584,$400A_period,1877
584,$400B_length,251
585,$400C_const,1
585,$400C_vol,3
585,$400E_period,15
585,$400E_mode,0
585,$4000_duty,0
585,$4000_const,1
585,$4000_vol,6
585,$4004_duty,1
585,$4004_const,1
585,$4004_vol,3
586,$400C_const,1
586,$400C_vol,0
586,$400E_period,15
586,$400E_mode,0
586,$4000_duty,0
586,$4000_const,1
586,$4000_vol,4
586,$4004_duty,1
586,$4004_const,1
586,$4004_vol,4
587,$4000_duty,0
587,$4000_const,1
587,$4000_vol,2
587,$4004_duty,1
587,$4004_const,1
587,$4004_vol,4
588,$4000_duty,0
588,$4000_const,1
588,$4000_vol,2
588,$4004_duty,1
588,$4004_const,1
588,$4004_vol,4
589,$4000_duty,0
589,$4000_const,1
589,$4000_vol,2
589,$4004_duty,1
589,$4004_const,1
589,$4004_vol,2
590,$4000_duty,0
590,$4000_const,1
590,$4000_vol,3
590,$4004_duty,1
590,$4004_const,1
590,$4004_vol,3
590,$4008_linear,12
590,$400A_period,1877
590,$400B_length,251
591,$4000_duty,0
591,$4000_const,1
591,$4000_vol,3
591,$4004_duty,1
591,$4004_const,1
591,$4004_vol,4
592,$4000_duty,0
592,$4000_const,1
592,$4000_vol,3
592,$4004_duty,1
592,$4004_const,1
592,$4004_vol,4
593,$4000_duty,0
593,$4000_const,1
593,$4000_vol,3
593,$4004_duty,1
593,$4004_const,1
593,$4004_vol,4
594,$4000_duty,0
594,$4000_const,1
594,$4000_vol,3
594,$4004_duty,1
594,$4004_const,1
594,$4004_vol,2
594,$4006_period,593
595,$4000_duty,0
595,$4000_const,1
595,$4000_vol,4
595,$4004_duty,1
595,$4004_const,1
595,$4004_vol,3
596,$4000_duty,0
596,$4000_const,1
596,$4000_vol,4
596,$4004_duty,1
596,$4004_const,1
596,$4004_vol,4
597,$4000_duty,0
597,$4000_const,1
597,$4000_vol,4
597,$4004_duty,1
597,$4004_const,1
597,$4004_vol,4
598,$4000_duty,0
598,$4000_const,1
598,$4000_vol,4
598,$4004_duty,1
598,$4004_const,1
598,$4004_vol,4
599,$4000_duty,0
599,$4000_const,1
599,$4000_vol,4
599,$4004_duty,1
599,$4004_const,1
599,$4004_vol,4
