frame,parameter,value
0,$4000_duty,0
0,$4000_const,1
0,$4000_vol,0
0,$4004_duty,0
0,$4004_const,1
0,$4004_vol,0
0,$4008_linear,0
0,$400C_const,1
0,$400C_vol,0
0,$400C_const,1
0,$400C_vol,0
1,$4000_duty,0
1,$4000_const,1
1,$4000_vol,0
1,$4004_duty,0
1,$4004_const,1
1,$4004_vol,0
1,$4008_linear,0
1,$400C_const,1
1,$400C_vol,0
1,$400C_const,1
1,$400C_vol,0
16,$400C_const,1
16,$400C_vol,0
17,$400C_const,1
17,$400C_vol,0
18,$4002_period,481
18,$400B_length,0
18,$4000_duty,0
18,$4000_const,1
18,$4000_vol,6
18,$4006_period,571
18,$4004_duty,0
18,$4004_const,1
18,$4004_vol,4
18,$400A_period,679
18,$400B_length,1
18,$4008_linear,127
18,$400C_const,1
18,$400C_vol,0
18,$400C_const,1
18,$400C_vol,7
18,$400E_period,2
18,$400E_mode,0
18,$400C_const,1
18,$400C_vol,7
19,$4000_duty,0
19,$4000_const,1
19,$4000_vol,8
19,$4004_duty,0
19,$4004_const,1
19,$4004_vol,6
19,$4008_linear,127
20,$4000_duty,0
20,$4000_const,1
20,$4000_vol,10
20,$4004_duty,0
20,$4004_const,1
20,$4004_vol,8
20,$4008_linear,127
21,$4002_period,453
21,$400B_length,0
21,$4000_duty,0
21,$4000_const,1
21,$4000_vol,6
21,$4006_period,539
21,$4004_duty,0
21,$4004_const,1
21,$4004_vol,4
21,$4008_linear,127
22,$4000_duty,0
22,$4000_const,1
22,$4000_vol,8
22,$4004_duty,0
22,$4004_const,1
22,$4004_vol,6
22,$4008_linear,127
23,$4000_duty,0
23,$4000_const,1
23,$4000_vol,10
23,$4004_duty,0
23,$4004_const,1
23,$4004_vol,8
23,$4008_linear,127
24,$4000_duty,0
24,$4000_const,1
24,$4000_vol,12
24,$4004_duty,0
24,$4004_const,1
24,$4004_vol,10
24,$4008_linear,127
24,$400C_const,1
24,$400C_vol,6
25,$4000_duty,0
25,$4000_const,1
25,$4000_vol,10
25,$4004_duty,0
25,$4004_const,1
25,$4004_vol,8
25,$4008_linear,127
26,$4000_duty,0
26,$4000_const,1
26,$4000_vol,10
26,$4004_duty,0
26,$4004_const,1
26,$4004_vol,8
26,$4008_linear,127
27,$4000_duty,0
27,$4000_const,1
27,$4000_vol,10
27,$4004_duty,0
27,$4004_const,1
27,$4004_vol,8
27,$4008_linear,127
27,$400C_const,1
27,$400C_vol,5
28,$4000_duty,0
28,$4000_const,1
28,$4000_vol,10
28,$4004_duty,0
28,$4004_const,1
28,$4004_vol,8
28,$4008_linear,127
29,$4000_duty,0
29,$4000_const,1
29,$4000_vol,10
29,$4004_duty,0
29,$4004_const,1
29,$4004_vol,8
29,$4008_linear,127
30,$4000_duty,0
30,$4000_const,1
30,$4000_vol,1
30,$4004_duty,0
30,$4004_const,1
30,$4004_vol,1
30,$4008_linear,127
30,$400C_const,1
30,$400C_vol,4
31,$4000_duty,0
31,$4000_const,1
31,$4000_vol,2
31,$4004_duty,0
31,$4004_const,1
31,$4004_vol,2
31,$4008_linear,0
32,$4002_period,453
32,$400B_length,0
32,$4000_duty,0
32,$4000_const,1
32,$4000_vol,6
32,$4006_period,539
32,$4004_duty,0
32,$4004_const,1
32,$4004_vol,4
32,$400A_period,679
32,$400B_length,1
32,$4008_linear,127
32,$400C_const,1
32,$400C_vol,0
32,$400C_const,1
32,$400C_vol,11
32,$400E_period,2
32,$400E_mode,0
32,$400C_const,1
32,$400C_vol,11
33,$4000_duty,0
33,$4000_const,1
33,$4000_vol,8
33,$4004_duty,0
33,$4004_const,1
33,$4004_vol,6
33,$4008_linear,127
33,$400C_const,1
33,$400C_vol,2
34,$4000_duty,0
34,$4000_const,1
34,$4000_vol,10
34,$4004_duty,0
34,$4004_const,1
34,$4004_vol,8
34,$4008_linear,127
34,$400C_const,1
34,$400C_vol,0
35,$4000_duty,0
35,$4000_const,1
35,$4000_vol,12
35,$4004_duty,0
35,$4004_const,1
35,$4004_vol,10
35,$4008_linear,127
35,$400C_const,1
35,$400C_vol,0
36,$4000_duty,0
36,$4000_const,1
36,$4000_vol,10
36,$4004_duty,0
36,$4004_const,1
36,$4004_vol,8
36,$4008_linear,127
36,$400C_const,1
36,$400C_vol,0
37,$4000_duty,0
37,$4000_const,1
37,$4000_vol,1
37,$4004_duty,0
37,$4004_const,1
37,$4004_vol,1
37,$4008_linear,127
37,$400C_const,1
37,$400C_vol,0
38,$4000_duty,0
38,$4000_const,1
38,$4000_vol,2
38,$4004_duty,0
38,$4004_const,1
38,$4004_vol,2
38,$4008_linear,0
38,$400C_const,1
38,$400C_vol,0
39,$4002_period,453
39,$400B_length,0
39,$4000_duty,0
39,$4000_const,1
39,$4000_vol,6
39,$4006_period,539
39,$4004_duty,0
39,$4004_const,1
39,$4004_vol,4
39,$400A_period,679
39,$400B_length,1
39,$4008_linear,127
39,$400C_const,1
39,$400C_vol,0
39,$400C_const,1
39,$400C_vol,11
39,$400E_period,2
39,$400E_mode,0
39,$400C_const,1
39,$400C_vol,11
40,$4000_duty,0
40,$4000_const,1
40,$4000_vol,8
40,$4004_duty,0
40,$4004_const,1
40,$4004_vol,6
40,$4008_linear,127
40,$400C_const,1
40,$400C_vol,2
41,$4000_duty,0
41,$4000_const,1
41,$4000_vol,10
41,$4004_duty,0
41,$4004_const,1
41,$4004_vol,8
41,$4008_linear,127
41,$400C_const,1
41,$400C_vol,0
42,$4000_duty,0
42,$4000_const,1
42,$4000_vol,12
42,$4004_duty,0
42,$4004_const,1
42,$4004_vol,10
42,$4008_linear,127
42,$400C_const,1
42,$400C_vol,0
43,$4000_duty,0
43,$4000_const,1
43,$4000_vol,10
43,$4004_duty,0
43,$4004_const,1
43,$4004_vol,8
43,$4008_linear,127
43,$400C_const,1
43,$400C_vol,0
44,$4000_duty,0
44,$4000_const,1
44,$4000_vol,1
44,$4004_duty,0
44,$4004_const,1
44,$4004_vol,1
44,$4008_linear,127
44,$400C_const,1
44,$400C_vol,0
45,$4000_duty,0
45,$4000_const,1
45,$4000_vol,2
45,$4004_duty,0
45,$4004_const,1
45,$4004_vol,2
45,$4008_linear,0
45,$400C_const,1
45,$400C_vol,0
46,$4002_period,481
46,$400B_length,0
46,$4000_duty,0
46,$4000_const,1
46,$4000_vol,6
46,$4006_period,571
46,$4004_duty,0
46,$4004_const,1
46,$4004_vol,4
46,$400A_period,679
46,$400B_length,1
46,$4008_linear,127
46,$400C_const,1
46,$400C_vol,0
46,$400C_const,1
46,$400C_vol,7
46,$400E_period,2
46,$400E_mode,0
46,$400C_const,1
46,$400C_vol,7
47,$4000_duty,0
47,$4000_const,1
47,$4000_vol,8
47,$4004_duty,0
47,$4004_const,1
47,$4004_vol,6
47,$4008_linear,127
48,$4000_duty,0
48,$4000_const,1
48,$4000_vol,10
48,$4004_duty,0
48,$4004_const,1
48,$4004_vol,8
48,$4008_linear,127
49,$4002_period,453
49,$400B_length,0
49,$4000_duty,0
49,$4000_const,1
49,$4000_vol,6
49,$4006_period,539
49,$4004_duty,0
49,$4004_const,1
49,$4004_vol,4
49,$4008_linear,127
50,$4000_duty,0
50,$4000_const,1
50,$4000_vol,8
50,$4004_duty,0
50,$4004_const,1
50,$4004_vol,6
50,$4008_linear,127
51,$4000_duty,0
51,$4000_const,1
51,$4000_vol,10
51,$4004_duty,0
51,$4004_const,1
51,$4004_vol,8
51,$4008_linear,127
52,$4000_duty,0
52,$4000_const,1
52,$4000_vol,12
52,$4004_duty,0
52,$4004_const,1
52,$4004_vol,10
52,$4008_linear,127
52,$400C_const,1
52,$400C_vol,6
53,$4000_duty,0
53,$4000_const,1
53,$4000_vol,10
53,$4004_duty,0
53,$4004_const,1
53,$4004_vol,8
53,$4008_linear,127
54,$4000_duty,0
54,$4000_const,1
54,$4000_vol,10
54,$4004_duty,0
54,$4004_const,1
54,$4004_vol,8
54,$4008_linear,127
55,$4000_duty,0
55,$4000_const,1
55,$4000_vol,10
55,$4004_duty,0
55,$4004_const,1
55,$4004_vol,8
55,$4008_linear,127
55,$400C_const,1
55,$400C_vol,5
56,$4000_duty,0
56,$4000_const,1
56,$4000_vol,10
56,$4004_duty,0
56,$4004_const,1
56,$4004_vol,8
56,$4008_linear,127
57,$4000_duty,0
57,$4000_const,1
57,$4000_vol,10
57,$4004_duty,0
57,$4004_const,1
57,$4004_vol,8
57,$4008_linear,127
58,$4000_duty,0
58,$4000_const,1
58,$4000_vol,1
58,$4004_duty,0
58,$4004_const,1
58,$4004_vol,1
58,$4008_linear,127
58,$400C_const,1
58,$400C_vol,4
59,$4000_duty,0
59,$4000_const,1
59,$4000_vol,2
59,$4004_duty,0
59,$4004_const,1
59,$4004_vol,2
59,$4008_linear,0
60,$4002_period,453
60,$400B_length,0
60,$4000_duty,0
60,$4000_const,1
60,$4000_vol,6
60,$4006_period,539
60,$4004_duty,0
60,$4004_const,1
60,$4004_vol,4
60,$400A_period,679
60,$400B_length,1
60,$4008_linear,127
60,$400C_const,1
60,$400C_vol,0
60,$400C_const,1
60,$400C_vol,11
60,$400E_period,2
60,$400E_mode,0
60,$400C_const,1
60,$400C_vol,11
61,$4000_duty,0
61,$4000_const,1
61,$4000_vol,8
61,$4004_duty,0
61,$4004_const,1
61,$4004_vol,6
61,$4008_linear,127
61,$400C_const,1
61,$400C_vol,2
62,$4000_duty,0
62,$4000_const,1
62,$4000_vol,10
62,$4004_duty,0
62,$4004_const,1
62,$4004_vol,8
62,$4008_linear,127
62,$400C_const,1
62,$400C_vol,0
63,$4000_duty,0
63,$4000_const,1
63,$4000_vol,12
63,$4004_duty,0
63,$4004_const,1
63,$4004_vol,10
63,$4008_linear,127
63,$400C_const,1
63,$400C_vol,0
64,$4000_duty,0
64,$4000_const,1
64,$4000_vol,10
64,$4004_duty,0
64,$4004_const,1
64,$4004_vol,8
64,$4008_linear,127
64,$400C_const,1
64,$400C_vol,0
65,$4000_duty,0
65,$4000_const,1
65,$4000_vol,1
65,$4004_duty,0
65,$4004_const,1
65,$4004_vol,1
65,$4008_linear,127
65,$400C_const,1
65,$400C_vol,0
66,$4000_duty,0
66,$4000_const,1
66,$4000_vol,2
66,$4004_duty,0
66,$4004_const,1
66,$4004_vol,2
66,$4008_linear,0
66,$400C_const,1
66,$400C_vol,0
67,$4002_period,453
67,$400B_length,0
67,$4000_duty,0
67,$4000_const,1
67,$4000_vol,6
67,$4006_period,539
67,$4004_duty,0
67,$4004_const,1
67,$4004_vol,4
67,$400A_period,679
67,$400B_length,1
67,$4008_linear,127
67,$400C_const,1
67,$400C_vol,0
67,$400C_const,1
67,$400C_vol,11
67,$400E_period,2
67,$400E_mode,0
67,$400C_const,1
67,$400C_vol,11
68,$4000_duty,0
68,$4000_const,1
68,$4000_vol,8
68,$4004_duty,0
68,$4004_const,1
68,$4004_vol,6
68,$4008_linear,127
68,$400C_const,1
68,$400C_vol,2
69,$4000_duty,0
69,$4000_const,1
69,$4000_vol,10
69,$4004_duty,0
69,$4004_const,1
69,$4004_vol,8
69,$4008_linear,127
69,$400C_const,1
69,$400C_vol,0
70,$4000_duty,0
70,$4000_const,1
70,$4000_vol,12
70,$4004_duty,0
70,$4004_const,1
70,$4004_vol,10
70,$4008_linear,127
70,$400C_const,1
70,$400C_vol,0
71,$4000_duty,0
71,$4000_const,1
71,$4000_vol,10
71,$4004_duty,0
71,$4004_const,1
71,$4004_vol,8
71,$4008_linear,127
71,$400C_const,1
71,$400C_vol,0
72,$4000_duty,0
72,$4000_const,1
72,$4000_vol,1
72,$4004_duty,0
72,$4004_const,1
72,$4004_vol,1
72,$4008_linear,127
72,$400C_const,1
72,$400C_vol,0
73,$4000_duty,0
73,$4000_const,1
73,$4000_vol,2
73,$4004_duty,0
73,$4004_const,1
73,$4004_vol,2
73,$4008_linear,0
73,$400C_const,1
73,$400C_vol,0
74,$4002_period,481
74,$400B_length,0
74,$4000_duty,0
74,$4000_const,1
74,$4000_vol,6
74,$4006_period,571
74,$4004_duty,0
74,$4004_const,1
74,$4004_vol,4
74,$400A_period,679
74,$400B_length,1
74,$4008_linear,127
74,$400C_const,1
74,$400C_vol,0
74,$400C_const,1
74,$400C_vol,7
74,$400E_period,2
74,$400E_mode,0
74,$400C_const,1
74,$400C_vol,7
75,$4000_duty,0
75,$4000_const,1
75,$4000_vol,8
75,$4004_duty,0
75,$4004_const,1
75,$4004_vol,6
75,$4008_linear,127
76,$4000_duty,0
76,$4000_const,1
76,$4000_vol,10
76,$4004_duty,0
76,$4004_const,1
76,$4004_vol,8
76,$4008_linear,127
77,$4002_period,453
77,$400B_length,0
77,$4000_duty,0
77,$4000_const,1
77,$4000_vol,6
77,$4006_period,539
77,$4004_duty,0
77,$4004_const,1
77,$4004_vol,4
77,$4008_linear,127
78,$4000_duty,0
78,$4000_const,1
78,$4000_vol,8
78,$4004_duty,0
78,$4004_const,1
78,$4004_vol,6
78,$4008_linear,127
79,$4000_duty,0
79,$4000_const,1
79,$4000_vol,10
79,$4004_duty,0
79,$4004_const,1
79,$4004_vol,8
79,$4008_linear,127
80,$4000_duty,0
80,$4000_const,1
80,$4000_vol,12
80,$4004_duty,0
80,$4004_const,1
80,$4004_vol,10
80,$4008_linear,127
80,$400C_const,1
80,$400C_vol,6
81,$4000_duty,0
81,$4000_const,1
81,$4000_vol,10
81,$4004_duty,0
81,$4004_const,1
81,$4004_vol,8
81,$4008_linear,127
82,$4000_duty,0
82,$4000_const,1
82,$4000_vol,10
82,$4004_duty,0
82,$4004_const,1
82,$4004_vol,8
82,$4008_linear,127
83,$4000_duty,0
83,$4000_const,1
83,$4000_vol,10
83,$4004_duty,0
83,$4004_const,1
83,$4004_vol,8
83,$4008_linear,127
83,$400C_const,1
83,$400C_vol,5
84,$4000_duty,0
84,$4000_const,1
84,$4000_vol,10
84,$4004_duty,0
84,$4004_const,1
84,$4004_vol,8
84,$4008_linear,127
85,$4000_duty,0
85,$4000_const,1
85,$4000_vol,10
85,$4004_duty,0
85,$4004_const,1
85,$4004_vol,8
85,$4008_linear,127
86,$4000_duty,0
86,$4000_const,1
86,$4000_vol,1
86,$4004_duty,0
86,$4004_const,1
86,$4004_vol,1
86,$4008_linear,127
86,$400C_const,1
86,$400C_vol,4
87,$4000_duty,0
87,$4000_const,1
87,$4000_vol,2
87,$4004_duty,0
87,$4004_const,1
87,$4004_vol,2
87,$4008_linear,0
88,$4002_period,453
88,$400B_length,0
88,$4000_duty,0
88,$4000_const,1
88,$4000_vol,6
88,$4006_period,539
88,$4004_duty,0
88,$4004_const,1
88,$4004_vol,4
88,$400A_period,907
88,$400B_length,1
88,$4008_linear,127
88,$400C_const,1
88,$400C_vol,0
88,$400C_const,1
88,$400C_vol,8
88,$400E_period,14
88,$400E_mode,0
88,$400C_const,1
88,$400C_vol,8
89,$4000_duty,0
89,$4000_const,1
89,$4000_vol,8
89,$4004_duty,0
89,$4004_const,1
89,$4004_vol,6
89,$4008_linear,127
89,$400E_period,3
89,$400E_mode,0
89,$400C_const,1
89,$400C_vol,8
90,$4000_duty,0
90,$4000_const,1
90,$4000_vol,10
90,$4004_duty,0
90,$4004_const,1
90,$4004_vol,8
90,$4008_linear,127
90,$400C_const,1
90,$400C_vol,3
90,$400E_period,7
90,$400E_mode,0
90,$400C_const,1
90,$400C_vol,3
91,$4000_duty,0
91,$4000_const,1
91,$4000_vol,12
91,$4004_duty,0
91,$4004_const,1
91,$4004_vol,10
91,$4008_linear,127
92,$4000_duty,0
92,$4000_const,1
92,$4000_vol,10
92,$4004_duty,0
92,$4004_const,1
92,$4004_vol,8
92,$4008_linear,127
92,$400C_const,1
92,$400C_vol,2
93,$4000_duty,0
93,$4000_const,1
93,$4000_vol,1
93,$4004_duty,0
93,$4004_const,1
93,$4004_vol,1
93,$4008_linear,127
94,$4000_duty,0
94,$4000_const,1
94,$4000_vol,2
94,$4004_duty,0
94,$4004_const,1
94,$4004_vol,2
94,$4008_linear,0
95,$4002_period,453
95,$400B_length,0
95,$4000_duty,0
95,$4000_const,1
95,$4000_vol,6
95,$4006_period,539
95,$4004_duty,0
95,$4004_const,1
95,$4004_vol,4
95,$400A_period,907
95,$400B_length,1
95,$4008_linear,127
95,$400C_const,1
95,$400C_vol,0
95,$400C_const,1
95,$400C_vol,8
95,$400E_period,14
95,$400E_mode,0
95,$400C_const,1
95,$400C_vol,8
96,$4000_duty,0
96,$4000_const,1
96,$4000_vol,8
96,$4004_duty,0
96,$4004_const,1
96,$4004_vol,6
96,$4008_linear,127
96,$400E_period,3
96,$400E_mode,0
96,$400C_const,1
96,$400C_vol,8
97,$4000_duty,0
97,$4000_const,1
97,$4000_vol,10
97,$4004_duty,0
97,$4004_const,1
97,$4004_vol,8
97,$4008_linear,127
97,$400C_const,1
97,$400C_vol,3
97,$400E_period,7
97,$400E_mode,0
97,$400C_const,1
97,$400C_vol,3
98,$4000_duty,0
98,$4000_const,1
98,$4000_vol,12
98,$4004_duty,0
98,$4004_const,1
98,$4004_vol,10
98,$4008_linear,127
99,$4000_duty,0
99,$4000_const,1
99,$4000_vol,10
99,$4004_duty,0
99,$4004_const,1
99,$4004_vol,8
99,$4008_linear,127
99,$400C_const,1
99,$400C_vol,2
100,$4000_duty,0
100,$4000_const,1
100,$4000_vol,1
100,$4004_duty,0
100,$4004_const,1
100,$4004_vol,1
100,$4008_linear,127
101,$4000_duty,0
101,$4000_const,1
101,$4000_vol,2
101,$4004_duty,0
101,$4004_const,1
101,$4004_vol,2
101,$4008_linear,0
102,$4002_period,539
102,$400B_length,1
102,$4000_duty,0
102,$4000_const,1
102,$4000_vol,6
102,$4006_period,641
102,$4004_duty,0
102,$4004_const,1
102,$4004_vol,4
102,$400A_period,809
102,$400B_length,1
102,$4008_linear,127
102,$400C_const,1
102,$400C_vol,0
102,$400C_const,1
102,$400C_vol,8
102,$400E_period,14
102,$400E_mode,0
102,$400C_const,1
102,$400C_vol,8
103,$4000_duty,0
103,$4000_const,1
103,$4000_vol,8
103,$4004_duty,0
103,$4004_const,1
103,$4004_vol,6
103,$4008_linear,127
103,$400E_period,3
103,$400E_mode,0
103,$400C_const,1
103,$400C_vol,8
104,$4000_duty,0
104,$4000_const,1
104,$4000_vol,10
104,$4004_duty,0
104,$4004_const,1
104,$4004_vol,8
104,$4008_linear,127
104,$400C_const,1
104,$400C_vol,3
104,$400E_period,7
104,$400E_mode,0
104,$400C_const,1
104,$400C_vol,3
105,$4002_period,509
105,$400B_length,0
105,$4000_duty,0
105,$4000_const,1
105,$4000_vol,6
105,$4006_period,605
105,$4004_duty,0
105,$4004_const,1
105,$4004_vol,4
105,$4008_linear,127
106,$4000_duty,0
106,$4000_const,1
106,$4000_vol,8
106,$4004_duty,0
106,$4004_const,1
106,$4004_vol,6
106,$4008_linear,127
106,$400C_const,1
106,$400C_vol,2
107,$4000_duty,0
107,$4000_const,1
107,$4000_vol,10
107,$4004_duty,0
107,$4004_const,1
107,$4004_vol,8
107,$4008_linear,127
108,$4000_duty,0
108,$4000_const,1
108,$4000_vol,12
108,$4004_duty,0
108,$4004_const,1
108,$4004_vol,10
108,$4008_linear,0
109,$4002_period,539
109,$400B_length,1
109,$4000_duty,0
109,$4000_const,1
109,$4000_vol,6
109,$4006_period,679
109,$4004_duty,0
109,$4004_const,1
109,$4004_vol,4
109,$400A_period,809
109,$400B_length,1
109,$4008_linear,127
109,$400C_const,1
109,$400C_vol,0
109,$400C_const,1
109,$400C_vol,8
109,$400E_period,14
109,$400E_mode,0
109,$400C_const,1
109,$400C_vol,8
110,$4000_duty,0
110,$4000_const,1
110,$4000_vol,8
110,$4004_duty,0
110,$4004_const,1
110,$4004_vol,6
110,$4008_linear,127
110,$400E_period,3
110,$400E_mode,0
110,$400C_const,1
110,$400C_vol,8
111,$4000_duty,0
111,$4000_const,1
111,$4000_vol,10
111,$4004_duty,0
111,$4004_const,1
111,$4004_vol,8
111,$4008_linear,127
111,$400C_const,1
111,$400C_vol,3
111,$400E_period,7
111,$400E_mode,0
111,$400C_const,1
111,$400C_vol,3
112,$4000_duty,0
112,$4000_const,1
112,$4000_vol,12
112,$4004_duty,0
112,$4004_const,1
112,$4004_vol,10
112,$4008_linear,127
113,$4000_duty,0
113,$4000_const,1
113,$4000_vol,10
113,$4004_duty,0
113,$4004_const,1
113,$4004_vol,8
113,$4008_linear,127
113,$400C_const,1
113,$400C_vol,2
114,$4000_duty,0
114,$4000_const,1
114,$4000_vol,1
114,$4004_duty,0
114,$4004_const,1
114,$4004_vol,1
114,$4008_linear,127
115,$4000_duty,0
115,$4000_const,1
115,$4000_vol,2
115,$4004_duty,0
115,$4004_const,1
115,$4004_vol,2
115,$4008_linear,0
116,$4002_period,605
116,$400B_length,1
116,$4000_duty,0
116,$4000_const,1
116,$4000_vol,6
116,$4006_period,907
116,$4004_duty,0
116,$4004_const,1
116,$4004_vol,4
116,$400A_period,721
116,$400B_length,1
116,$4008_linear,127
116,$400C_const,1
116,$400C_vol,0
116,$400C_const,1
116,$400C_vol,15
116,$400E_period,14
116,$400E_mode,0
116,$400C_const,1
116,$400C_vol,15
117,$4000_duty,0
117,$4000_const,1
117,$4000_vol,8
117,$4004_duty,0
117,$4004_const,1
117,$4004_vol,6
117,$4008_linear,127
117,$400E_period,3
117,$400E_mode,0
117,$400C_const,1
117,$400C_vol,15
118,$4000_duty,0
118,$4000_const,1
118,$4000_vol,10
118,$4004_duty,0
118,$4004_const,1
118,$4004_vol,8
118,$4008_linear,127
118,$400C_const,1
118,$400C_vol,4
118,$400E_period,7
118,$400E_mode,0
118,$400C_const,1
118,$400C_vol,4
119,$4000_duty,0
119,$4000_const,1
119,$4000_vol,12
119,$4004_duty,0
119,$4004_const,1
119,$4004_vol,10
119,$4008_linear,127
120,$4000_duty,0
120,$4000_const,1
120,$4000_vol,10
120,$4004_duty,0
120,$4004_const,1
120,$4004_vol,8
120,$4008_linear,127
120,$400C_const,1
120,$400C_vol,3
121,$4000_duty,0
121,$4000_const,1
121,$4000_vol,1
121,$4004_duty,0
121,$4004_const,1
121,$4004_vol,1
121,$4008_linear,127
122,$4000_duty,0
122,$4000_const,1
122,$4000_vol,2
122,$4004_duty,0
122,$4004_const,1
122,$4004_vol,2
122,$4008_linear,0
123,$4002_period,721
123,$400B_length,1
123,$4000_duty,0
123,$4000_const,1
123,$4000_vol,6
123,$4006_period,907
123,$4004_duty,0
123,$4004_const,1
123,$4004_vol,4
123,$400A_period,721
123,$400B_length,1
123,$4008_linear,127
123,$400C_const,1
123,$400C_vol,0
123,$400C_const,1
123,$400C_vol,15
123,$400E_period,14
123,$400E_mode,0
123,$400C_const,1
123,$400C_vol,15
124,$4000_duty,0
124,$4000_const,1
124,$4000_vol,8
124,$4004_duty,0
124,$4004_const,1
124,$4004_vol,6
124,$4008_linear,127
124,$400E_period,3
124,$400E_mode,0
124,$400C_const,1
124,$400C_vol,15
125,$4000_duty,0
125,$4000_const,1
125,$4000_vol,10
125,$4004_duty,0
125,$4004_const,1
125,$4004_vol,8
125,$4008_linear,127
125,$400C_const,1
125,$400C_vol,4
125,$400E_period,7
125,$400E_mode,0
125,$400C_const,1
125,$400C_vol,4
126,$4000_duty,0
126,$4000_const,1
126,$4000_vol,12
126,$4004_duty,0
126,$4004_const,1
126,$4004_vol,10
126,$4008_linear,127
127,$4000_duty,0
127,$4000_const,1
127,$4000_vol,10
127,$4004_duty,0
127,$4004_const,1
127,$4004_vol,8
127,$4008_linear,127
127,$400C_const,1
127,$400C_vol,3
128,$4000_duty,0
128,$4000_const,1
128,$4000_vol,1
128,$4004_duty,0
128,$4004_const,1
128,$4004_vol,1
128,$4008_linear,127
129,$4000_duty,0
129,$4000_const,1
129,$4000_vol,2
129,$4004_duty,0
129,$4004_const,1
129,$4004_vol,2
129,$4008_linear,0
130,$4002_period,571
130,$400B_length,1
130,$4000_duty,0
130,$4000_const,1
130,$4000_vol,6
130,$4006_period,721
130,$4004_duty,0
130,$4004_const,1
130,$4004_vol,4
130,$400A_period,679
130,$400B_length,1
130,$4008_linear,127
130,$400C_const,1
130,$400C_vol,0
130,$4008_linear,127
130,$400A_period,97
130,$400B_length,0
130,$4008_linear,127
130,$400A_period,609
130,$400B_length,1
130,$4008_linear,127
130,$400C_const,1
130,$400C_vol,11
130,$400E_period,2
130,$400E_mode,0
130,$400C_const,1
130,$400C_vol,11
131,$4000_duty,0
131,$4000_const,1
131,$4000_vol,8
131,$4004_duty,0
131,$4004_const,1
131,$4004_vol,6
131,$4008_linear,127
131,$400C_const,1
131,$400C_vol,2
132,$4000_duty,0
132,$4000_const,1
132,$4000_vol,10
132,$4004_duty,0
132,$4004_const,1
132,$4004_vol,8
132,$400A_period,1409
132,$400B_length,2
132,$4008_linear,127
132,$400C_const,1
132,$400C_vol,0
133,$4002_period,539
133,$400B_length,1
133,$4000_duty,0
133,$4000_const,1
133,$4000_vol,6
133,$4006_period,679
133,$4004_duty,0
133,$4004_const,1
133,$4004_vol,4
133,$4008_linear,127
133,$400A_period,679
133,$400B_length,1
133,$400C_const,1
133,$400C_vol,0
134,$4000_duty,0
134,$4000_const,1
134,$4000_vol,8
134,$4004_duty,0
134,$4004_const,1
134,$4004_vol,6
134,$4008_linear,127
134,$400C_const,1
134,$400C_vol,0
135,$4000_duty,0
135,$4000_const,1
135,$4000_vol,10
135,$4004_duty,0
135,$4004_const,1
135,$4004_vol,8
135,$4008_linear,127
135,$400C_const,1
135,$400C_vol,0
136,$4000_duty,0
136,$4000_const,1
136,$4000_vol,12
136,$4004_duty,0
136,$4004_const,1
136,$4004_vol,10
136,$4008_linear,127
136,$400C_const,1
136,$400C_vol,0
137,$4000_duty,0
137,$4000_const,1
137,$4000_vol,10
137,$4004_duty,0
137,$4004_const,1
137,$4004_vol,8
137,$4008_linear,127
137,$400C_const,1
137,$400C_vol,0
138,$4000_duty,0
138,$4000_const,1
138,$4000_vol,10
138,$4004_duty,0
138,$4004_const,1
138,$4004_vol,8
138,$4008_linear,127
138,$400C_const,1
138,$400C_vol,0
139,$4000_duty,0
139,$4000_const,1
139,$4000_vol,10
139,$4004_duty,0
139,$4004_const,1
139,$4004_vol,8
139,$4008_linear,127
139,$400C_const,1
139,$400C_vol,0
140,$4000_duty,0
140,$4000_const,1
140,$4000_vol,10
140,$4004_duty,0
140,$4004_const,1
140,$4004_vol,8
140,$4008_linear,0
140,$400C_const,1
140,$400C_vol,0
141,$4000_duty,0
141,$4000_const,1
141,$4000_vol,10
141,$4004_duty,0
141,$4004_const,1
141,$4004_vol,8
141,$4008_linear,0
141,$400C_const,1
141,$400C_vol,0
142,$4000_duty,0
142,$4000_const,1
142,$4000_vol,1
142,$4004_duty,0
142,$4004_const,1
142,$4004_vol,1
142,$4008_linear,0
142,$400C_const,1
142,$400C_vol,0
143,$4000_duty,0
143,$4000_const,1
143,$4000_vol,2
143,$4004_duty,0
143,$4004_const,1
143,$4004_vol,2
143,$4008_linear,0
143,$400C_const,1
143,$400C_vol,0
144,$4002_period,453
144,$400B_length,0
144,$4000_duty,0
144,$4000_const,1
144,$4000_vol,6
144,$4006_period,539
144,$4004_duty,0
144,$4004_const,1
144,$4004_vol,4
144,$4008_linear,0
144,$400C_const,1
144,$400C_vol,0
144,$400C_const,1
144,$400C_vol,15
144,$400E_period,14
144,$400E_mode,0
144,$400C_const,1
144,$400C_vol,15
145,$4000_duty,0
145,$4000_const,1
145,$4000_vol,8
145,$4004_duty,0
145,$4004_const,1
145,$4004_vol,6
145,$4008_linear,0
145,$400E_period,3
145,$400E_mode,0
145,$400C_const,1
145,$400C_vol,15
146,$4000_duty,0
146,$4000_const,1
146,$4000_vol,10
146,$4004_duty,0
146,$4004_const,1
146,$4004_vol,8
146,$4008_linear,0
146,$400C_const,1
146,$400C_vol,4
146,$400E_period,7
146,$400E_mode,0
146,$400C_const,1
146,$400C_vol,4
147,$4000_duty,0
147,$4000_const,1
147,$4000_vol,12
147,$4004_duty,0
147,$4004_const,1
147,$4004_vol,10
147,$4008_linear,0
148,$4000_duty,0
148,$4000_const,1
148,$4000_vol,10
148,$4004_duty,0
148,$4004_const,1
148,$4004_vol,8
148,$4008_linear,0
148,$400C_const,1
148,$400C_vol,3
149,$4000_duty,0
149,$4000_const,1
149,$4000_vol,1
149,$4004_duty,0
149,$4004_const,1
149,$4004_vol,1
149,$4008_linear,0
150,$4000_duty,0
150,$4000_const,1
150,$4000_vol,2
150,$4004_duty,0
150,$4004_const,1
150,$4004_vol,2
150,$4008_linear,0
151,$4002_period,453
151,$400B_length,0
151,$4000_duty,0
151,$4000_const,1
151,$4000_vol,6
151,$4006_period,539
151,$4004_duty,0
151,$4004_const,1
151,$4004_vol,4
151,$4008_linear,0
152,$4000_duty,0
152,$4000_const,1
152,$4000_vol,8
152,$4004_duty,0
152,$4004_const,1
152,$4004_vol,6
152,$4008_linear,0
153,$4000_duty,0
153,$4000_const,1
153,$4000_vol,10
153,$4004_duty,0
153,$4004_const,1
153,$4004_vol,8
153,$4008_linear,0
154,$4000_duty,0
154,$4000_const,1
154,$4000_vol,12
154,$4004_duty,0
154,$4004_const,1
154,$4004_vol,10
154,$4008_linear,0
154,$400C_const,1
154,$400C_vol,2
155,$4000_duty,0
155,$4000_const,1
155,$4000_vol,10
155,$4004_duty,0
155,$4004_const,1
155,$4004_vol,8
155,$4008_linear,0
156,$4000_duty,0
156,$4000_const,1
156,$4000_vol,1
156,$4004_duty,0
156,$4004_const,1
156,$4004_vol,1
156,$4008_linear,0
157,$4000_duty,0
157,$4000_const,1
157,$4000_vol,2
157,$4004_duty,0
157,$4004_const,1
157,$4004_vol,2
157,$4008_linear,0
158,$4002_period,571
158,$400B_length,1
158,$4000_duty,0
158,$4000_const,1
158,$4000_vol,6
158,$4006_period,721
158,$4004_duty,0
158,$4004_const,1
158,$4004_vol,4
158,$400A_period,907
158,$400B_length,1
158,$4008_linear,127
158,$400C_const,1
158,$400C_vol,0
158,$4008_linear,127
158,$400A_period,97
158,$400B_length,0
158,$4008_linear,127
158,$400A_period,609
158,$400B_length,1
158,$4008_linear,127
158,$400C_const,1
158,$400C_vol,11
158,$400E_period,2
158,$400E_mode,0
158,$400C_const,1
158,$400C_vol,11
159,$4000_duty,0
159,$4000_const,1
159,$4000_vol,8
159,$4004_duty,0
159,$4004_const,1
159,$4004_vol,6
159,$4008_linear,127
159,$400C_const,1
159,$400C_vol,2
160,$4000_duty,0
160,$4000_const,1
160,$4000_vol,10
160,$4004_duty,0
160,$4004_const,1
160,$4004_vol,8
160,$400A_period,1409
160,$400B_length,2
160,$4008_linear,127
160,$400C_const,1
160,$400C_vol,0
161,$4002_period,539
161,$400B_length,1
161,$4000_duty,0
161,$4000_const,1
161,$4000_vol,6
161,$4006_period,679
161,$4004_duty,0
161,$4004_const,1
161,$4004_vol,4
161,$4008_linear,127
161,$400A_period,907
161,$400B_length,1
161,$400C_const,1
161,$400C_vol,0
162,$4000_duty,0
162,$4000_const,1
162,$4000_vol,8
162,$4004_duty,0
162,$4004_const,1
162,$4004_vol,6
162,$4008_linear,127
162,$400C_const,1
162,$400C_vol,0
163,$4000_duty,0
163,$4000_const,1
163,$4000_vol,10
163,$4004_duty,0
163,$4004_const,1
163,$4004_vol,8
163,$4008_linear,127
163,$400C_const,1
163,$400C_vol,0
164,$4000_duty,0
164,$4000_const,1
164,$4000_vol,12
164,$4004_duty,0
164,$4004_const,1
164,$4004_vol,10
164,$4008_linear,127
164,$400C_const,1
164,$400C_vol,0
165,$4000_duty,0
165,$4000_const,1
165,$4000_vol,10
165,$4004_duty,0
165,$4004_const,1
165,$4004_vol,8
165,$4008_linear,127
165,$400C_const,1
165,$400C_vol,0
166,$4000_duty,0
166,$4000_const,1
166,$4000_vol,10
166,$4004_duty,0
166,$4004_const,1
166,$4004_vol,8
166,$4008_linear,127
166,$400C_const,1
166,$400C_vol,0
167,$4000_duty,0
167,$4000_const,1
167,$4000_vol,10
167,$4004_duty,0
167,$4004_const,1
167,$4004_vol,8
167,$4008_linear,127
167,$400C_const,1
167,$400C_vol,0
168,$4000_duty,0
168,$4000_const,1
168,$4000_vol,10
168,$4004_duty,0
168,$4004_const,1
168,$4004_vol,8
168,$4008_linear,0
168,$400C_const,1
168,$400C_vol,0
169,$4000_duty,0
169,$4000_const,1
169,$4000_vol,10
169,$4004_duty,0
169,$4004_const,1
169,$4004_vol,8
169,$4008_linear,0
169,$400C_const,1
169,$400C_vol,0
170,$4000_duty,0
170,$4000_const,1
170,$4000_vol,1
170,$4004_duty,0
170,$4004_const,1
170,$4004_vol,1
170,$4008_linear,0
170,$400C_const,1
170,$400C_vol,0
171,$4000_duty,0
171,$4000_const,1
171,$4000_vol,2
171,$4004_duty,0
171,$4004_const,1
171,$4004_vol,2
171,$4008_linear,0
171,$400C_const,1
171,$400C_vol,0
172,$4002_period,453
172,$400B_length,0
172,$4000_duty,0
172,$4000_const,1
172,$4000_vol,6
172,$4006_period,539
172,$4004_duty,0
172,$4004_const,1
172,$4004_vol,4
172,$4008_linear,0
172,$400C_const,1
172,$400C_vol,0
172,$400C_const,1
172,$400C_vol,15
172,$400E_period,14
172,$400E_mode,0
172,$400C_const,1
172,$400C_vol,15
173,$4000_duty,0
173,$4000_const,1
173,$4000_vol,8
173,$4004_duty,0
173,$4004_const,1
173,$4004_vol,6
173,$4008_linear,0
173,$400E_period,3
173,$400E_mode,0
173,$400C_const,1
173,$400C_vol,15
174,$4000_duty,0
174,$4000_const,1
174,$4000_vol,10
174,$4004_duty,0
174,$4004_const,1
174,$4004_vol,8
174,$4008_linear,0
174,$400C_const,1
174,$400C_vol,4
174,$400E_period,7
174,$400E_mode,0
174,$400C_const,1
174,$400C_vol,4
175,$4000_duty,0
175,$4000_const,1
175,$4000_vol,12
175,$4004_duty,0
175,$4004_const,1
175,$4004_vol,10
175,$4008_linear,0
176,$4000_duty,0
176,$4000_const,1
176,$4000_vol,10
176,$4004_duty,0
176,$4004_const,1
176,$4004_vol,8
176,$4008_linear,0
176,$400C_const,1
176,$400C_vol,3
177,$4000_duty,0
177,$4000_const,1
177,$4000_vol,1
177,$4004_duty,0
177,$4004_const,1
177,$4004_vol,1
177,$4008_linear,0
178,$4000_duty,0
178,$4000_const,1
178,$4000_vol,2
178,$4004_duty,0
178,$4004_const,1
178,$4004_vol,2
178,$4008_linear,0
179,$4002_period,453
179,$400B_length,0
179,$4000_duty,0
179,$4000_const,1
179,$4000_vol,6
179,$4006_period,539
179,$4004_duty,0
179,$4004_const,1
179,$4004_vol,4
179,$4008_linear,0
180,$4000_duty,0
180,$4000_const,1
180,$4000_vol,8
180,$4004_duty,0
180,$4004_const,1
180,$4004_vol,6
180,$4008_linear,0
181,$4000_duty,0
181,$4000_const,1
181,$4000_vol,10
181,$4004_duty,0
181,$4004_const,1
181,$4004_vol,8
181,$4008_linear,0
182,$4000_duty,0
182,$4000_const,1
182,$4000_vol,12
182,$4004_duty,0
182,$4004_const,1
182,$4004_vol,10
182,$4008_linear,0
182,$400C_const,1
182,$400C_vol,2
183,$4000_duty,0
183,$4000_const,1
183,$4000_vol,10
183,$4004_duty,0
183,$4004_const,1
183,$4004_vol,8
183,$4008_linear,0
184,$4000_duty,0
184,$4000_const,1
184,$4000_vol,1
184,$4004_duty,0
184,$4004_const,1
184,$4004_vol,1
184,$4008_linear,0
185,$4000_duty,0
185,$4000_const,1
185,$4000_vol,2
185,$4004_duty,0
185,$4004_const,1
185,$4004_vol,2
185,$4008_linear,0
186,$4002_period,571
186,$400B_length,1
186,$4000_duty,0
186,$4000_const,1
186,$4000_vol,6
186,$4006_period,721
186,$4004_duty,0
186,$4004_const,1
186,$4004_vol,4
186,$400A_period,679
186,$400B_length,1
186,$4008_linear,127
186,$400C_const,1
186,$400C_vol,0
186,$4008_linear,127
186,$400A_period,97
186,$400B_length,0
186,$4008_linear,127
186,$400A_period,609
186,$400B_length,1
186,$4008_linear,127
186,$400C_const,1
186,$400C_vol,11
186,$400E_period,2
186,$400E_mode,0
186,$400C_const,1
186,$400C_vol,11
187,$4000_duty,0
187,$4000_const,1
187,$4000_vol,8
187,$4004_duty,0
187,$4004_const,1
187,$4004_vol,6
187,$4008_linear,127
187,$400C_const,1
187,$400C_vol,2
188,$4000_duty,0
188,$4000_const,1
188,$4000_vol,10
188,$4004_duty,0
188,$4004_const,1
188,$4004_vol,8
188,$400A_period,1409
188,$400B_length,2
188,$4008_linear,127
188,$400C_const,1
188,$400C_vol,0
189,$4002_period,539
189,$400B_length,1
189,$4000_duty,0
189,$4000_const,1
189,$4000_vol,6
189,$4006_period,679
189,$4004_duty,0
189,$4004_const,1
189,$4004_vol,4
189,$4008_linear,127
189,$400A_period,679
189,$400B_length,1
189,$400C_const,1
189,$400C_vol,0
190,$4000_duty,0
190,$4000_const,1
190,$4000_vol,8
190,$4004_duty,0
190,$4004_const,1
190,$4004_vol,6
190,$4008_linear,127
190,$400C_const,1
190,$400C_vol,0
191,$4000_duty,0
191,$4000_const,1
191,$4000_vol,10
191,$4004_duty,0
191,$4004_const,1
191,$4004_vol,8
191,$4008_linear,127
191,$400C_const,1
191,$400C_vol,0
192,$4000_duty,0
192,$4000_const,1
192,$4000_vol,12
192,$4004_duty,0
192,$4004_const,1
192,$4004_vol,10
192,$4008_linear,127
192,$400C_const,1
192,$400C_vol,0
193,$4000_duty,0
193,$4000_const,1
193,$4000_vol,10
193,$4004_duty,0
193,$4004_const,1
193,$4004_vol,8
193,$4008_linear,127
193,$400C_const,1
193,$400C_vol,0
194,$4000_duty,0
194,$4000_const,1
194,$4000_vol,10
194,$4004_duty,0
194,$4004_const,1
194,$4004_vol,8
194,$4008_linear,127
194,$400C_const,1
194,$400C_vol,0
195,$4000_duty,0
195,$4000_const,1
195,$4000_vol,10
195,$4004_duty,0
195,$4004_const,1
195,$4004_vol,8
195,$4008_linear,127
195,$400C_const,1
195,$400C_vol,0
196,$4000_duty,0
196,$4000_const,1
196,$4000_vol,10
196,$4004_duty,0
196,$4004_const,1
196,$4004_vol,8
196,$4008_linear,0
196,$400C_const,1
196,$400C_vol,0
197,$4000_duty,0
197,$4000_const,1
197,$4000_vol,10
197,$4004_duty,0
197,$4004_const,1
197,$4004_vol,8
197,$4008_linear,0
197,$400C_const,1
197,$400C_vol,0
198,$4000_duty,0
198,$4000_const,1
198,$4000_vol,1
198,$4004_duty,0
198,$4004_const,1
198,$4004_vol,1
198,$4008_linear,0
198,$400C_const,1
198,$400C_vol,0
199,$4000_duty,0
199,$4000_const,1
199,$4000_vol,2
199,$4004_duty,0
199,$4004_const,1
199,$4004_vol,2
199,$4008_linear,0
199,$400C_const,1
199,$400C_vol,0
200,$4002_period,453
200,$400B_length,0
200,$4000_duty,0
200,$4000_const,1
200,$4000_vol,6
200,$4006_period,539
200,$4004_duty,0
200,$4004_const,1
200,$4004_vol,4
200,$400A_period,907
200,$400B_length,1
200,$4008_linear,127
200,$400C_const,1
200,$400C_vol,0
200,$400C_const,1
200,$400C_vol,15
200,$400E_period,14
200,$400E_mode,0
200,$400C_const,1
200,$400C_vol,15
201,$4000_duty,0
201,$4000_const,1
201,$4000_vol,8
201,$4004_duty,0
201,$4004_const,1
201,$4004_vol,6
201,$4008_linear,127
201,$400E_period,3
201,$400E_mode,0
201,$400C_const,1
201,$400C_vol,15
202,$4000_duty,0
202,$4000_const,1
202,$4000_vol,10
202,$4004_duty,0
202,$4004_const,1
202,$4004_vol,8
202,$4008_linear,127
202,$400C_const,1
202,$400C_vol,4
202,$400E_period,7
202,$400E_mode,0
202,$400C_const,1
202,$400C_vol,4
203,$4000_duty,0
203,$4000_const,1
203,$4000_vol,12
203,$4004_duty,0
203,$4004_const,1
203,$4004_vol,10
203,$4008_linear,127
204,$4000_duty,0
204,$4000_const,1
204,$4000_vol,10
204,$4004_duty,0
204,$4004_const,1
204,$4004_vol,8
204,$4008_linear,127
204,$400C_const,1
204,$400C_vol,3
205,$4000_duty,0
205,$4000_const,1
205,$4000_vol,1
205,$4004_duty,0
205,$4004_const,1
205,$4004_vol,1
205,$4008_linear,127
206,$4000_duty,0
206,$4000_const,1
206,$4000_vol,2
206,$4004_duty,0
206,$4004_const,1
206,$4004_vol,2
206,$4008_linear,127
207,$4002_period,453
207,$400B_length,0
207,$4000_duty,0
207,$4000_const,1
207,$4000_vol,6
207,$4006_period,539
207,$4004_duty,0
207,$4004_const,1
207,$4004_vol,4
207,$4008_linear,127
207,$400C_const,1
207,$400C_vol,0
207,$400C_const,1
207,$400C_vol,15
207,$400E_period,14
207,$400E_mode,0
207,$400C_const,1
207,$400C_vol,15
208,$4000_duty,0
208,$4000_const,1
208,$4000_vol,8
208,$4004_duty,0
208,$4004_const,1
208,$4004_vol,6
208,$4008_linear,127
208,$400E_period,3
208,$400E_mode,0
208,$400C_const,1
208,$400C_vol,15
209,$4000_duty,0
209,$4000_const,1
209,$4000_vol,10
209,$4004_duty,0
209,$4004_const,1
209,$4004_vol,8
209,$4008_linear,127
209,$400C_const,1
209,$400C_vol,4
209,$400E_period,7
209,$400E_mode,0
209,$400C_const,1
209,$400C_vol,4
210,$4000_duty,0
210,$4000_const,1
210,$4000_vol,12
210,$4004_duty,0
210,$4004_const,1
210,$4004_vol,10
210,$4008_linear,0
211,$4000_duty,0
211,$4000_const,1
211,$4000_vol,10
211,$4004_duty,0
211,$4004_const,1
211,$4004_vol,8
211,$4008_linear,0
211,$400C_const,1
211,$400C_vol,3
212,$4000_duty,0
212,$4000_const,1
212,$4000_vol,1
212,$4004_duty,0
212,$4004_const,1
212,$4004_vol,1
212,$4008_linear,0
213,$4000_duty,0
213,$4000_const,1
213,$4000_vol,2
213,$4004_duty,0
213,$4004_const,1
213,$4004_vol,2
213,$4008_linear,0
214,$4002_period,571
214,$400B_length,1
214,$4000_duty,0
214,$4000_const,1
214,$4000_vol,6
214,$4006_period,721
214,$4004_duty,0
214,$4004_const,1
214,$4004_vol,4
214,$400A_period,809
214,$400B_length,1
214,$4008_linear,127
214,$400C_const,1
214,$400C_vol,0
214,$4008_linear,127
214,$400A_period,97
214,$400B_length,0
214,$4008_linear,127
214,$400A_period,609
214,$400B_length,1
214,$4008_linear,127
214,$400C_const,1
214,$400C_vol,11
214,$400E_period,2
214,$400E_mode,0
214,$400C_const,1
214,$400C_vol,11
215,$4000_duty,0
215,$4000_const,1
215,$4000_vol,8
215,$4004_duty,0
215,$4004_const,1
215,$4004_vol,6
215,$4008_linear,127
215,$400C_const,1
215,$400C_vol,2
216,$4000_duty,0
216,$4000_const,1
216,$4000_vol,10
216,$4004_duty,0
216,$4004_const,1
216,$4004_vol,8
216,$400A_period,1409
216,$400B_length,2
216,$4008_linear,127
216,$400C_const,1
216,$400C_vol,0
217,$4002_period,539
217,$400B_length,1
217,$4000_duty,0
217,$4000_const,1
217,$4000_vol,6
217,$4006_period,679
217,$4004_duty,0
217,$4004_const,1
217,$4004_vol,4
217,$4008_linear,127
217,$400A_period,809
217,$400B_length,1
217,$400C_const,1
217,$400C_vol,0
218,$4000_duty,0
218,$4000_const,1
218,$4000_vol,8
218,$4004_duty,0
218,$4004_const,1
218,$4004_vol,6
218,$4008_linear,127
218,$400C_const,1
218,$400C_vol,0
219,$4000_duty,0
219,$4000_const,1
219,$4000_vol,10
219,$4004_duty,0
219,$4004_const,1
219,$4004_vol,8
219,$4008_linear,127
219,$400C_const,1
219,$400C_vol,0
220,$4000_duty,0
220,$4000_const,1
220,$4000_vol,12
220,$4004_duty,0
220,$4004_const,1
220,$4004_vol,10
220,$4008_linear,127
220,$400C_const,1
220,$400C_vol,0
221,$4002_period,453
221,$400B_length,0
221,$4000_duty,0
221,$4000_const,1
221,$4000_vol,6
221,$4006_period,539
221,$4004_duty,0
221,$4004_const,1
221,$4004_vol,4
221,$4008_linear,127
221,$400C_const,1
221,$400C_vol,0
222,$4000_duty,0
222,$4000_const,1
222,$4000_vol,8
222,$4004_duty,0
222,$4004_const,1
222,$4004_vol,6
222,$4008_linear,127
222,$400C_const,1
222,$400C_vol,0
223,$4000_duty,0
223,$4000_const,1
223,$4000_vol,10
223,$4004_duty,0
223,$4004_const,1
223,$4004_vol,8
223,$4008_linear,127
223,$400C_const,1
223,$400C_vol,0
224,$4000_duty,0
224,$4000_const,1
224,$4000_vol,12
224,$4004_duty,0
224,$4004_const,1
224,$4004_vol,10
224,$4008_linear,0
224,$400C_const,1
224,$400C_vol,0
225,$4000_duty,0
225,$4000_const,1
225,$4000_vol,10
225,$4004_duty,0
225,$4004_const,1
225,$4004_vol,8
225,$4008_linear,0
225,$400C_const,1
225,$400C_vol,0
226,$4000_duty,0
226,$4000_const,1
226,$4000_vol,1
226,$4004_duty,0
226,$4004_const,1
226,$4004_vol,1
226,$4008_linear,0
226,$400C_const,1
226,$400C_vol,0
227,$4000_duty,0
227,$4000_const,1
227,$4000_vol,2
227,$4004_duty,0
227,$4004_const,1
227,$4004_vol,2
227,$4008_linear,0
227,$400C_const,1
227,$400C_vol,0
228,$4002_period,539
228,$400B_length,1
228,$4000_duty,0
228,$4000_const,1
228,$4000_vol,6
228,$4006_period,679
228,$4004_duty,0
228,$4004_const,1
228,$4004_vol,4
228,$400A_period,721
228,$400B_length,1
228,$4008_linear,127
228,$400C_const,1
228,$400C_vol,0
228,$400C_const,1
228,$400C_vol,15
228,$400E_period,14
228,$400E_mode,0
228,$400C_const,1
228,$400C_vol,15
229,$4000_duty,0
229,$4000_const,1
229,$4000_vol,8
229,$4004_duty,0
229,$4004_const,1
229,$4004_vol,6
229,$4008_linear,127
229,$400E_period,3
229,$400E_mode,0
229,$400C_const,1
229,$400C_vol,15
230,$4000_duty,0
230,$4000_const,1
230,$4000_vol,10
230,$4004_duty,0
230,$4004_const,1
230,$4004_vol,8
230,$4008_linear,127
230,$400C_const,1
230,$400C_vol,4
230,$400E_period,7
230,$400E_mode,0
230,$400C_const,1
230,$400C_vol,4
231,$4000_duty,0
231,$4000_const,1
231,$4000_vol,12
231,$4004_duty,0
231,$4004_const,1
231,$4004_vol,10
231,$4008_linear,127
232,$4000_duty,0
232,$4000_const,1
232,$4000_vol,10
232,$4004_duty,0
232,$4004_const,1
232,$4004_vol,8
232,$4008_linear,127
232,$400C_const,1
232,$400C_vol,3
233,$4000_duty,0
233,$4000_const,1
233,$4000_vol,1
233,$4004_duty,0
233,$4004_const,1
233,$4004_vol,1
233,$4008_linear,127
234,$4000_duty,0
234,$4000_const,1
234,$4000_vol,2
234,$4004_duty,0
234,$4004_const,1
234,$4004_vol,2
234,$4008_linear,127
235,$4002_period,453
235,$400B_length,0
235,$4000_duty,0
235,$4000_const,1
235,$4000_vol,6
235,$4006_period,539
235,$4004_duty,0
235,$4004_const,1
235,$4004_vol,4
235,$4008_linear,127
236,$4000_duty,0
236,$4000_const,1
236,$4000_vol,8
236,$4004_duty,0
236,$4004_const,1
236,$4004_vol,6
236,$4008_linear,127
237,$4000_duty,0
237,$4000_const,1
237,$4000_vol,10
237,$4004_duty,0
237,$4004_const,1
237,$4004_vol,8
237,$4008_linear,127
238,$4000_duty,0
238,$4000_const,1
238,$4000_vol,12
238,$4004_duty,0
238,$4004_const,1
238,$4004_vol,10
238,$4008_linear,0
238,$400C_const,1
238,$400C_vol,2
239,$4000_duty,0
239,$4000_const,1
239,$4000_vol,10
239,$4004_duty,0
239,$4004_const,1
239,$4004_vol,8
239,$4008_linear,0
240,$4000_duty,0
240,$4000_const,1
240,$4000_vol,1
240,$4004_duty,0
240,$4004_const,1
240,$4004_vol,1
240,$4008_linear,0
241,$4000_duty,0
241,$4000_const,1
241,$4000_vol,2
241,$4004_duty,0
241,$4004_const,1
241,$4004_vol,2
241,$4008_linear,0
242,$4002_period,509
242,$400B_length,0
242,$4000_duty,0
242,$4000_const,1
242,$4000_vol,6
242,$4006_period,641
242,$4004_duty,0
242,$4004_const,1
242,$4004_vol,4
242,$400A_period,605
242,$400B_length,1
242,$4008_linear,127
242,$400C_const,1
242,$400C_vol,0
242,$4008_linear,127
242,$400A_period,97
242,$400B_length,0
242,$4008_linear,127
242,$400A_period,609
242,$400B_length,1
242,$4008_linear,127
242,$400C_const,1
242,$400C_vol,11
242,$400E_period,2
242,$400E_mode,0
242,$400C_const,1
242,$400C_vol,11
243,$4000_duty,0
243,$4000_const,1
243,$4000_vol,8
243,$4004_duty,0
243,$4004_const,1
243,$4004_vol,6
243,$4008_linear,127
243,$400C_const,1
243,$400C_vol,2
244,$4000_duty,0
244,$4000_const,1
244,$4000_vol,10
244,$4004_duty,0
244,$4004_const,1
244,$4004_vol,8
244,$400A_period,1409
244,$400B_length,2
244,$4008_linear,127
244,$400C_const,1
244,$400C_vol,0
245,$4002_period,481
245,$400B_length,0
245,$4000_duty,0
245,$4000_const,1
245,$4000_vol,6
245,$4006_period,605
245,$4004_duty,0
245,$4004_const,1
245,$4004_vol,4
245,$4008_linear,127
245,$400A_period,605
245,$400B_length,1
245,$400C_const,1
245,$400C_vol,0
246,$4000_duty,0
246,$4000_const,1
246,$4000_vol,8
246,$4004_duty,0
246,$4004_const,1
246,$4004_vol,6
246,$4008_linear,127
246,$400C_const,1
246,$400C_vol,0
247,$4000_duty,0
247,$4000_const,1
247,$4000_vol,10
247,$4004_duty,0
247,$4004_const,1
247,$4004_vol,8
247,$4008_linear,127
247,$400C_const,1
247,$400C_vol,0
248,$4000_duty,0
248,$4000_const,1
248,$4000_vol,12
248,$4004_duty,0
248,$4004_const,1
248,$4004_vol,10
248,$4008_linear,127
248,$400C_const,1
248,$400C_vol,0
249,$4000_duty,0
249,$4000_const,1
249,$4000_vol,10
249,$4004_duty,0
249,$4004_const,1
249,$4004_vol,8
249,$4008_linear,127
249,$400C_const,1
249,$400C_vol,0
250,$4000_duty,0
250,$4000_const,1
250,$4000_vol,10
250,$4004_duty,0
250,$4004_const,1
250,$4004_vol,8
250,$4008_linear,127
250,$400C_const,1
250,$400C_vol,0
251,$4000_duty,0
251,$4000_const,1
251,$4000_vol,10
251,$4004_duty,0
251,$4004_const,1
251,$4004_vol,8
251,$4008_linear,127
251,$400C_const,1
251,$400C_vol,0
252,$4000_duty,0
252,$4000_const,1
252,$4000_vol,10
252,$4004_duty,0
252,$4004_const,1
252,$4004_vol,8
252,$4008_linear,0
252,$400C_const,1
252,$400C_vol,0
253,$4000_duty,0
253,$4000_const,1
253,$4000_vol,10
253,$4004_duty,0
253,$4004_const,1
253,$4004_vol,8
253,$4008_linear,0
253,$400C_const,1
253,$400C_vol,0
254,$4000_duty,0
254,$4000_const,1
254,$4000_vol,1
254,$4004_duty,0
254,$4004_const,1
254,$4004_vol,1
254,$4008_linear,0
254,$400C_const,1
254,$400C_vol,0
255,$4000_duty,0
255,$4000_const,1
255,$4000_vol,2
255,$4004_duty,0
255,$4004_const,1
255,$4004_vol,2
255,$4008_linear,0
255,$400C_const,1
255,$400C_vol,0
256,$4002_period,405
256,$400B_length,0
256,$4000_duty,0
256,$4000_const,1
256,$4000_vol,6
256,$4006_period,481
256,$4004_duty,0
256,$4004_const,1
256,$4004_vol,4
256,$4008_linear,0
256,$400C_const,1
256,$400C_vol,0
256,$400C_const,1
256,$400C_vol,15
256,$400E_period,14
256,$400E_mode,0
256,$400C_const,1
256,$400C_vol,15
257,$4000_duty,0
257,$4000_const,1
257,$4000_vol,8
257,$4004_duty,0
257,$4004_const,1
257,$4004_vol,6
257,$4008_linear,0
257,$400E_period,3
257,$400E_mode,0
257,$400C_const,1
257,$400C_vol,15
258,$4000_duty,0
258,$4000_const,1
258,$4000_vol,10
258,$4004_duty,0
258,$4004_const,1
258,$4004_vol,8
258,$4008_linear,0
258,$400C_const,1
258,$400C_vol,4
258,$400E_period,7
258,$400E_mode,0
258,$400C_const,1
258,$400C_vol,4
259,$4000_duty,0
259,$4000_const,1
259,$4000_vol,12
259,$4004_duty,0
259,$4004_const,1
259,$4004_vol,10
259,$4008_linear,0
260,$4000_duty,0
260,$4000_const,1
260,$4000_vol,10
260,$4004_duty,0
260,$4004_const,1
260,$4004_vol,8
260,$4008_linear,0
260,$400C_const,1
260,$400C_vol,3
261,$4000_duty,0
261,$4000_const,1
261,$4000_vol,1
261,$4004_duty,0
261,$4004_const,1
261,$4004_vol,1
261,$4008_linear,0
262,$4000_duty,0
262,$4000_const,1
262,$4000_vol,2
262,$4004_duty,0
262,$4004_const,1
262,$4004_vol,2
262,$4008_linear,0
263,$4002_period,405
263,$400B_length,0
263,$4000_duty,0
263,$4000_const,1
263,$4000_vol,6
263,$4006_period,481
263,$4004_duty,0
263,$4004_const,1
263,$4004_vol,4
263,$4008_linear,0
264,$4000_duty,0
264,$4000_const,1
264,$4000_vol,8
264,$4004_duty,0
264,$4004_const,1
264,$4004_vol,6
264,$4008_linear,0
265,$4000_duty,0
265,$4000_const,1
265,$4000_vol,10
265,$4004_duty,0
265,$4004_const,1
265,$4004_vol,8
265,$4008_linear,0
266,$4000_duty,0
266,$4000_const,1
266,$4000_vol,12
266,$4004_duty,0
266,$4004_const,1
266,$4004_vol,10
266,$4008_linear,0
266,$400C_const,1
266,$400C_vol,2
267,$4000_duty,0
267,$4000_const,1
267,$4000_vol,10
267,$4004_duty,0
267,$4004_const,1
267,$4004_vol,8
267,$4008_linear,0
268,$4000_duty,0
268,$4000_const,1
268,$4000_vol,1
268,$4004_duty,0
268,$4004_const,1
268,$4004_vol,1
268,$4008_linear,0
269,$4000_duty,0
269,$4000_const,1
269,$4000_vol,2
269,$4004_duty,0
269,$4004_const,1
269,$4004_vol,2
269,$4008_linear,0
270,$4002_period,509
270,$400B_length,0
270,$4000_duty,0
270,$4000_const,1
270,$4000_vol,6
270,$4006_period,641
270,$4004_duty,0
270,$4004_const,1
270,$4004_vol,4
270,$400A_period,809
270,$400B_length,1
270,$4008_linear,127
270,$400C_const,1
270,$400C_vol,0
270,$4008_linear,127
270,$400A_period,97
270,$400B_length,0
270,$4008_linear,127
270,$400A_period,609
270,$400B_length,1
270,$4008_linear,127
270,$400C_const,1
270,$400C_vol,11
270,$400E_period,2
270,$400E_mode,0
270,$400C_const,1
270,$400C_vol,11
271,$4000_duty,0
271,$4000_const,1
271,$4000_vol,8
271,$4004_duty,0
271,$4004_const,1
271,$4004_vol,6
271,$4008_linear,127
271,$400C_const,1
271,$400C_vol,2
272,$4000_duty,0
272,$4000_const,1
272,$4000_vol,10
272,$4004_duty,0
272,$4004_const,1
272,$4004_vol,8
272,$400A_period,1409
272,$400B_length,2
272,$4008_linear,127
272,$400C_const,1
272,$400C_vol,0
273,$4002_period,481
273,$400B_length,0
273,$4000_duty,0
273,$4000_const,1
273,$4000_vol,6
273,$4006_period,605
273,$4004_duty,0
273,$4004_const,1
273,$4004_vol,4
273,$4008_linear,127
273,$400A_period,809
273,$400B_length,1
273,$400C_const,1
273,$400C_vol,0
274,$4000_duty,0
274,$4000_const,1
274,$4000_vol,8
274,$4004_duty,0
274,$4004_const,1
274,$4004_vol,6
274,$4008_linear,127
274,$400C_const,1
274,$400C_vol,0
275,$4000_duty,0
275,$4000_const,1
275,$4000_vol,10
275,$4004_duty,0
275,$4004_const,1
275,$4004_vol,8
275,$4008_linear,127
275,$400C_const,1
275,$400C_vol,0
276,$4000_duty,0
276,$4000_const,1
276,$4000_vol,12
276,$4004_duty,0
276,$4004_const,1
276,$4004_vol,10
276,$4008_linear,127
276,$400C_const,1
276,$400C_vol,0
277,$4000_duty,0
277,$4000_const,1
277,$4000_vol,10
277,$4004_duty,0
277,$4004_const,1
277,$4004_vol,8
277,$4008_linear,127
277,$400C_const,1
277,$400C_vol,0
278,$4000_duty,0
278,$4000_const,1
278,$4000_vol,10
278,$4004_duty,0
278,$4004_const,1
278,$4004_vol,8
278,$4008_linear,127
278,$400C_const,1
278,$400C_vol,0
279,$4000_duty,0
279,$4000_const,1
279,$4000_vol,10
279,$4004_duty,0
279,$4004_const,1
279,$4004_vol,8
279,$4008_linear,127
279,$400C_const,1
279,$400C_vol,0
280,$4000_duty,0
280,$4000_const,1
280,$4000_vol,10
280,$4004_duty,0
280,$4004_const,1
280,$4004_vol,8
280,$4008_linear,0
280,$400C_const,1
280,$400C_vol,0
281,$4000_duty,0
281,$4000_const,1
281,$4000_vol,10
281,$4004_duty,0
281,$4004_const,1
281,$4004_vol,8
281,$4008_linear,0
281,$400C_const,1
281,$400C_vol,0
282,$4000_duty,0
282,$4000_const,1
282,$4000_vol,1
282,$4004_duty,0
282,$4004_const,1
282,$4004_vol,1
282,$4008_linear,0
282,$400C_const,1
282,$400C_vol,0
283,$4000_duty,0
283,$4000_const,1
283,$4000_vol,2
283,$4004_duty,0
283,$4004_const,1
283,$4004_vol,2
283,$4008_linear,0
283,$400C_const,1
283,$400C_vol,0
284,$4002_period,405
284,$400B_length,0
284,$4000_duty,0
284,$4000_const,1
284,$4000_vol,6
284,$4006_period,481
284,$4004_duty,0
284,$4004_const,1
284,$4004_vol,4
284,$4008_linear,0
284,$400C_const,1
284,$400C_vol,0
284,$400C_const,1
284,$400C_vol,15
284,$400E_period,14
284,$400E_mode,0
284,$400C_const,1
284,$400C_vol,15
285,$4000_duty,0
285,$4000_const,1
285,$4000_vol,8
285,$4004_duty,0
285,$4004_const,1
285,$4004_vol,6
285,$4008_linear,0
285,$400E_period,3
285,$400E_mode,0
285,$400C_const,1
285,$400C_vol,15
286,$4000_duty,0
286,$4000_const,1
286,$4000_vol,10
286,$4004_duty,0
286,$4004_const,1
286,$4004_vol,8
286,$4008_linear,0
286,$400C_const,1
286,$400C_vol,4
286,$400E_period,7
286,$400E_mode,0
286,$400C_const,1
286,$400C_vol,4
287,$4000_duty,0
287,$4000_const,1
287,$4000_vol,12
287,$4004_duty,0
287,$4004_const,1
287,$4004_vol,10
287,$4008_linear,0
288,$4000_duty,0
288,$4000_const,1
288,$4000_vol,10
288,$4004_duty,0
288,$4004_const,1
288,$4004_vol,8
288,$4008_linear,0
288,$400C_const,1
288,$400C_vol,3
289,$4000_duty,0
289,$4000_const,1
289,$4000_vol,1
289,$4004_duty,0
289,$4004_const,1
289,$4004_vol,1
289,$4008_linear,0
290,$4000_duty,0
290,$4000_const,1
290,$4000_vol,2
290,$4004_duty,0
290,$4004_const,1
290,$4004_vol,2
290,$4008_linear,0
291,$4002_period,405
291,$400B_length,0
291,$4000_duty,0
291,$4000_const,1
291,$4000_vol,6
291,$4006_period,481
291,$4004_duty,0
291,$4004_const,1
291,$4004_vol,4
291,$4008_linear,0
292,$4000_duty,0
292,$4000_const,1
292,$4000_vol,8
292,$4004_duty,0
292,$4004_const,1
292,$4004_vol,6
292,$4008_linear,0
293,$4000_duty,0
293,$4000_const,1
293,$4000_vol,10
293,$4004_duty,0
293,$4004_const,1
293,$4004_vol,8
293,$4008_linear,0
294,$4000_duty,0
294,$4000_const,1
294,$4000_vol,12
294,$4004_duty,0
294,$4004_const,1
294,$4004_vol,10
294,$4008_linear,0
294,$400C_const,1
294,$400C_vol,2
295,$4000_duty,0
295,$4000_const,1
295,$4000_vol,10
295,$4004_duty,0
295,$4004_const,1
295,$4004_vol,8
295,$4008_linear,0
296,$4000_duty,0
296,$4000_const,1
296,$4000_vol,1
296,$4004_duty,0
296,$4004_const,1
296,$4004_vol,1
296,$4008_linear,0
297,$4000_duty,0
297,$4000_const,1
297,$4000_vol,2
297,$4004_duty,0
297,$4004_const,1
297,$4004_vol,2
297,$4008_linear,0
298,$4002_period,509
298,$400B_length,0
298,$4000_duty,0
298,$4000_const,1
298,$4000_vol,6
298,$4006_period,641
298,$4004_duty,0
298,$4004_const,1
298,$4004_vol,4
298,$400A_period,605
298,$400B_length,1
298,$4008_linear,127
298,$400C_const,1
298,$400C_vol,0
298,$4008_linear,127
298,$400A_period,97
298,$400B_length,0
298,$4008_linear,127
298,$400A_period,609
298,$400B_length,1
298,$4008_linear,127
298,$400C_const,1
298,$400C_vol,11
298,$400E_period,2
298,$400E_mode,0
298,$400C_const,1
298,$400C_vol,11
299,$4000_duty,0
299,$4000_const,1
299,$4000_vol,8
299,$4004_duty,0
299,$4004_const,1
299,$4004_vol,6
299,$4008_linear,127
299,$400C_const,1
299,$400C_vol,2
300,$4000_duty,0
300,$4000_const,1
300,$4000_vol,10
300,$4004_duty,0
300,$4004_const,1
300,$4004_vol,8
300,$400A_period,1409
300,$400B_length,2
300,$4008_linear,127
300,$400C_const,1
300,$400C_vol,0
301,$4002_period,481
301,$400B_length,0
301,$4000_duty,0
301,$4000_const,1
301,$4000_vol,6
301,$4006_period,605
301,$4004_duty,0
301,$4004_const,1
301,$4004_vol,4
301,$4008_linear,127
301,$400A_period,605
301,$400B_length,1
301,$400C_const,1
301,$400C_vol,0
302,$4000_duty,0
302,$4000_const,1
302,$4000_vol,8
302,$4004_duty,0
302,$4004_const,1
302,$4004_vol,6
302,$4008_linear,127
302,$400C_const,1
302,$400C_vol,0
303,$4000_duty,0
303,$4000_const,1
303,$4000_vol,10
303,$4004_duty,0
303,$4004_const,1
303,$4004_vol,8
303,$4008_linear,127
303,$400C_const,1
303,$400C_vol,0
304,$4000_duty,0
304,$4000_const,1
304,$4000_vol,12
304,$4004_duty,0
304,$4004_const,1
304,$4004_vol,10
304,$4008_linear,127
304,$400C_const,1
304,$400C_vol,0
305,$4000_duty,0
305,$4000_const,1
305,$4000_vol,10
305,$4004_duty,0
305,$4004_const,1
305,$4004_vol,8
305,$4008_linear,127
305,$400C_const,1
305,$400C_vol,0
306,$4000_duty,0
306,$4000_const,1
306,$4000_vol,10
306,$4004_duty,0
306,$4004_const,1
306,$4004_vol,8
306,$4008_linear,127
306,$400C_const,1
306,$400C_vol,0
307,$4000_duty,0
307,$4000_const,1
307,$4000_vol,10
307,$4004_duty,0
307,$4004_const,1
307,$4004_vol,8
307,$4008_linear,127
307,$400C_const,1
307,$400C_vol,0
308,$4000_duty,0
308,$4000_const,1
308,$4000_vol,10
308,$4004_duty,0
308,$4004_const,1
308,$4004_vol,8
308,$4008_linear,0
308,$400C_const,1
308,$400C_vol,0
309,$4000_duty,0
309,$4000_const,1
309,$4000_vol,10
309,$4004_duty,0
309,$4004_const,1
309,$4004_vol,8
309,$4008_linear,0
309,$400C_const,1
309,$400C_vol,0
310,$4000_duty,0
310,$4000_const,1
310,$4000_vol,1
310,$4004_duty,0
310,$4004_const,1
310,$4004_vol,1
310,$4008_linear,0
310,$400C_const,1
310,$400C_vol,0
311,$4000_duty,0
311,$4000_const,1
311,$4000_vol,2
311,$4004_duty,0
311,$4004_const,1
311,$4004_vol,2
311,$4008_linear,0
311,$400C_const,1
311,$400C_vol,0
312,$4002_period,405
312,$400B_length,0
312,$4000_duty,0
312,$4000_const,1
312,$4000_vol,6
312,$4006_period,481
312,$4004_duty,0
312,$4004_const,1
312,$4004_vol,4
312,$400A_period,809
312,$400B_length,1
312,$4008_linear,127
312,$400C_const,1
312,$400C_vol,0
312,$400C_const,1
312,$400C_vol,15
312,$400E_period,14
312,$400E_mode,0
312,$400C_const,1
312,$400C_vol,15
313,$4000_duty,0
313,$4000_const,1
313,$4000_vol,8
313,$4004_duty,0
313,$4004_const,1
313,$4004_vol,6
313,$4008_linear,127
313,$400E_period,3
313,$400E_mode,0
313,$400C_const,1
313,$400C_vol,15
314,$4000_duty,0
314,$4000_const,1
314,$4000_vol,10
314,$4004_duty,0
314,$4004_const,1
314,$4004_vol,8
314,$4008_linear,127
314,$400C_const,1
314,$400C_vol,4
314,$400E_period,7
314,$400E_mode,0
314,$400C_const,1
314,$400C_vol,4
315,$4000_duty,0
315,$4000_const,1
315,$4000_vol,12
315,$4004_duty,0
315,$4004_const,1
315,$4004_vol,10
315,$4008_linear,127
316,$4000_duty,0
316,$4000_const,1
316,$4000_vol,10
316,$4004_duty,0
316,$4004_const,1
316,$4004_vol,8
316,$4008_linear,127
316,$400C_const,1
316,$400C_vol,3
317,$4000_duty,0
317,$4000_const,1
317,$4000_vol,1
317,$4004_duty,0
317,$4004_const,1
317,$4004_vol,1
317,$4008_linear,127
318,$4000_duty,0
318,$4000_const,1
318,$4000_vol,2
318,$4004_duty,0
318,$4004_const,1
318,$4004_vol,2
318,$4008_linear,127
319,$4002_period,405
319,$400B_length,0
319,$4000_duty,0
319,$4000_const,1
319,$4000_vol,6
319,$4006_period,481
319,$4004_duty,0
319,$4004_const,1
319,$4004_vol,4
319,$4008_linear,127
319,$400C_const,1
319,$400C_vol,0
319,$400C_const,1
319,$400C_vol,15
319,$400E_period,14
319,$400E_mode,0
319,$400C_const,1
319,$400C_vol,15
320,$4000_duty,0
320,$4000_const,1
320,$4000_vol,8
320,$4004_duty,0
320,$4004_const,1
320,$4004_vol,6
320,$4008_linear,127
320,$400E_period,3
320,$400E_mode,0
320,$400C_const,1
320,$400C_vol,15
321,$4000_duty,0
321,$4000_const,1
321,$4000_vol,10
321,$4004_duty,0
321,$4004_const,1
321,$4004_vol,8
321,$4008_linear,127
321,$400C_const,1
321,$400C_vol,4
321,$400E_period,7
321,$400E_mode,0
321,$400C_const,1
321,$400C_vol,4
322,$4000_duty,0
322,$4000_const,1
322,$4000_vol,12
322,$4004_duty,0
322,$4004_const,1
322,$4004_vol,10
322,$4008_linear,0
323,$4000_duty,0
323,$4000_const,1
323,$4000_vol,10
323,$4004_duty,0
323,$4004_const,1
323,$4004_vol,8
323,$4008_linear,0
323,$400C_const,1
323,$400C_vol,3
324,$4000_duty,0
324,$4000_const,1
324,$4000_vol,1
324,$4004_duty,0
324,$4004_const,1
324,$4004_vol,1
324,$4008_linear,0
325,$4000_duty,0
325,$4000_const,1
325,$4000_vol,2
325,$4004_duty,0
325,$4004_const,1
325,$4004_vol,2
325,$4008_linear,0
326,$4002_period,509
326,$400B_length,0
326,$4000_duty,0
326,$4000_const,1
326,$4000_vol,6
326,$4006_period,641
326,$4004_duty,0
326,$4004_const,1
326,$4004_vol,4
326,$400A_period,721
326,$400B_length,1
326,$4008_linear,127
326,$400C_const,1
326,$400C_vol,0
326,$4008_linear,127
326,$400A_period,97
326,$400B_length,0
326,$4008_linear,127
326,$400A_period,609
326,$400B_length,1
326,$4008_linear,127
326,$400C_const,1
326,$400C_vol,11
326,$400E_period,2
326,$400E_mode,0
326,$400C_const,1
326,$400C_vol,11
327,$4000_duty,0
327,$4000_const,1
327,$4000_vol,8
327,$4004_duty,0
327,$4004_const,1
327,$4004_vol,6
327,$4008_linear,127
327,$400C_const,1
327,$400C_vol,2
328,$4000_duty,0
328,$4000_const,1
328,$4000_vol,10
328,$4004_duty,0
328,$4004_const,1
328,$4004_vol,8
328,$400A_period,1409
328,$400B_length,2
328,$4008_linear,127
328,$400C_const,1
328,$400C_vol,0
329,$4002_period,481
329,$400B_length,0
329,$4000_duty,0
329,$4000_const,1
329,$4000_vol,6
329,$4006_period,605
329,$4004_duty,0
329,$4004_const,1
329,$4004_vol,4
329,$4008_linear,127
329,$400A_period,721
329,$400B_length,1
329,$400C_const,1
329,$400C_vol,0
330,$4000_duty,0
330,$4000_const,1
330,$4000_vol,8
330,$4004_duty,0
330,$4004_const,1
330,$4004_vol,6
330,$4008_linear,127
330,$400C_const,1
330,$400C_vol,0
331,$4000_duty,0
331,$4000_const,1
331,$4000_vol,10
331,$4004_duty,0
331,$4004_const,1
331,$4004_vol,8
331,$4008_linear,127
331,$400C_const,1
331,$400C_vol,0
332,$4000_duty,0
332,$4000_const,1
332,$4000_vol,12
332,$4004_duty,0
332,$4004_const,1
332,$4004_vol,10
332,$4008_linear,127
332,$400C_const,1
332,$400C_vol,0
333,$4002_period,405
333,$400B_length,0
333,$4000_duty,0
333,$4000_const,1
333,$4000_vol,6
333,$4006_period,481
333,$4004_duty,0
333,$4004_const,1
333,$4004_vol,4
333,$4008_linear,127
333,$400C_const,1
333,$400C_vol,0
334,$4000_duty,0
334,$4000_const,1
334,$4000_vol,8
334,$4004_duty,0
334,$4004_const,1
334,$4004_vol,6
334,$4008_linear,127
334,$400C_const,1
334,$400C_vol,0
335,$4000_duty,0
335,$4000_const,1
335,$4000_vol,10
335,$4004_duty,0
335,$4004_const,1
335,$4004_vol,8
335,$4008_linear,127
335,$400C_const,1
335,$400C_vol,0
336,$4000_duty,0
336,$4000_const,1
336,$4000_vol,12
336,$4004_duty,0
336,$4004_const,1
336,$4004_vol,10
336,$4008_linear,0
336,$400C_const,1
336,$400C_vol,0
337,$4000_duty,0
337,$4000_const,1
337,$4000_vol,10
337,$4004_duty,0
337,$4004_const,1
337,$4004_vol,8
337,$4008_linear,0
337,$400C_const,1
337,$400C_vol,0
338,$4000_duty,0
338,$4000_const,1
338,$4000_vol,1
338,$4004_duty,0
338,$4004_const,1
338,$4004_vol,1
338,$4008_linear,0
338,$400C_const,1
338,$400C_vol,0
339,$4000_duty,0
339,$4000_const,1
339,$4000_vol,2
339,$4004_duty,0
339,$4004_const,1
339,$4004_vol,2
339,$4008_linear,0
339,$400C_const,1
339,$400C_vol,0
340,$4002_period,481
340,$400B_length,0
340,$4000_duty,0
340,$4000_const,1
340,$4000_vol,6
340,$4006_period,605
340,$4004_duty,0
340,$4004_const,1
340,$4004_vol,4
340,$400A_period,641
340,$400B_length,1
340,$4008_linear,127
340,$400C_const,1
340,$400C_vol,0
340,$400C_const,1
340,$400C_vol,15
340,$400E_period,14
340,$400E_mode,0
340,$400C_const,1
340,$400C_vol,15
341,$4000_duty,0
341,$4000_const,1
341,$4000_vol,8
341,$4004_duty,0
341,$4004_const,1
341,$4004_vol,6
341,$4008_linear,127
341,$400E_period,3
341,$400E_mode,0
341,$400C_const,1
341,$400C_vol,15
342,$4000_duty,0
342,$4000_const,1
342,$4000_vol,10
342,$4004_duty,0
342,$4004_const,1
342,$4004_vol,8
342,$4008_linear,127
342,$400C_const,1
342,$400C_vol,4
342,$400E_period,7
342,$400E_mode,0
342,$400C_const,1
342,$400C_vol,4
343,$4000_duty,0
343,$4000_const,1
343,$4000_vol,12
343,$4004_duty,0
343,$4004_const,1
343,$4004_vol,10
343,$4008_linear,127
344,$4000_duty,0
344,$4000_const,1
344,$4000_vol,10
344,$4004_duty,0
344,$4004_const,1
344,$4004_vol,8
344,$4008_linear,127
344,$400C_const,1
344,$400C_vol,3
345,$4000_duty,0
345,$4000_const,1
345,$4000_vol,1
345,$4004_duty,0
345,$4004_const,1
345,$4004_vol,1
345,$4008_linear,127
346,$4000_duty,0
346,$4000_const,1
346,$4000_vol,2
346,$4004_duty,0
346,$4004_const,1
346,$4004_vol,2
346,$4008_linear,127
347,$4002_period,405
347,$400B_length,0
347,$4000_duty,0
347,$4000_const,1
347,$4000_vol,6
347,$4006_period,481
347,$4004_duty,0
347,$4004_const,1
347,$4004_vol,4
347,$4008_linear,127
348,$4000_duty,0
348,$4000_const,1
348,$4000_vol,8
348,$4004_duty,0
348,$4004_const,1
348,$4004_vol,6
348,$4008_linear,127
349,$4000_duty,0
349,$4000_const,1
349,$4000_vol,10
349,$4004_duty,0
349,$4004_const,1
349,$4004_vol,8
349,$4008_linear,127
350,$4000_duty,0
350,$4000_const,1
350,$4000_vol,12
350,$4004_duty,0
350,$4004_const,1
350,$4004_vol,10
350,$4008_linear,0
350,$400C_const,1
350,$400C_vol,2
351,$4000_duty,0
351,$4000_const,1
351,$4000_vol,10
351,$4004_duty,0
351,$4004_const,1
351,$4004_vol,8
351,$4008_linear,0
352,$4000_duty,0
352,$4000_const,1
352,$4000_vol,1
352,$4004_duty,0
352,$4004_const,1
352,$4004_vol,1
352,$4008_linear,0
353,$4000_duty,0
353,$4000_const,1
353,$4000_vol,2
353,$4004_duty,0
353,$4004_const,1
353,$4004_vol,2
353,$4008_linear,0
354,$4002_period,405
354,$400B_length,0
354,$4000_duty,0
354,$4000_const,1
354,$4000_vol,6
354,$4006_period,481
354,$4004_duty,0
354,$4004_const,1
354,$4004_vol,4
354,$400A_period,571
354,$400B_length,1
354,$4008_linear,127
354,$400C_const,1
354,$400C_vol,0
354,$400C_const,1
354,$400C_vol,15
354,$400E_period,14
354,$400E_mode,0
354,$400C_const,1
354,$400C_vol,15
355,$4000_duty,0
355,$4000_const,1
355,$4000_vol,8
355,$4004_duty,0
355,$4004_const,1
355,$4004_vol,6
355,$4008_linear,127
355,$400E_period,3
355,$400E_mode,0
355,$400C_const,1
355,$400C_vol,15
356,$4000_duty,0
356,$4000_const,1
356,$4000_vol,10
356,$4004_duty,0
356,$4004_const,1
356,$4004_vol,8
356,$4008_linear,127
356,$400C_const,1
356,$400C_vol,4
356,$400E_period,7
356,$400E_mode,0
356,$400C_const,1
356,$400C_vol,4
357,$4002_period,381
357,$400B_length,0
357,$4000_duty,0
357,$4000_const,1
357,$4000_vol,6
357,$4006_period,453
357,$4004_duty,0
357,$4004_const,1
357,$4004_vol,4
357,$4008_linear,127
358,$4000_duty,0
358,$4000_const,1
358,$4000_vol,8
358,$4004_duty,0
358,$4004_const,1
358,$4004_vol,6
358,$4008_linear,127
358,$400C_const,1
358,$400C_vol,3
359,$4000_duty,0
359,$4000_const,1
359,$4000_vol,10
359,$4004_duty,0
359,$4004_const,1
359,$4004_vol,8
359,$4008_linear,127
360,$4000_duty,0
360,$4000_const,1
360,$4000_vol,12
360,$4004_duty,0
360,$4004_const,1
360,$4004_vol,10
360,$4008_linear,127
361,$4000_duty,0
361,$4000_const,1
361,$4000_vol,10
361,$4004_duty,0
361,$4004_const,1
361,$4004_vol,8
361,$4008_linear,127
361,$400C_const,1
361,$400C_vol,0
361,$400C_const,1
361,$400C_vol,8
361,$400E_period,14
361,$400E_mode,0
361,$400C_const,1
361,$400C_vol,8
362,$4000_duty,0
362,$4000_const,1
362,$4000_vol,10
362,$4004_duty,0
362,$4004_const,1
362,$4004_vol,8
362,$4008_linear,127
362,$400E_period,3
362,$400E_mode,0
362,$400C_const,1
362,$400C_vol,8
363,$4000_duty,0
363,$4000_const,1
363,$4000_vol,10
363,$4004_duty,0
363,$4004_const,1
363,$4004_vol,8
363,$4008_linear,127
363,$400C_const,1
363,$400C_vol,3
363,$400E_period,7
363,$400E_mode,0
363,$400C_const,1
363,$400C_vol,3
364,$4000_duty,0
364,$4000_const,1
364,$4000_vol,10
364,$4004_duty,0
364,$4004_const,1
364,$4004_vol,8
364,$4008_linear,0
364,$400C_const,1
364,$400C_vol,0
364,$400C_const,1
364,$400C_vol,8
364,$400E_period,14
364,$400E_mode,0
364,$400C_const,1
364,$400C_vol,8
365,$4000_duty,0
365,$4000_const,1
365,$4000_vol,10
365,$4004_duty,0
365,$4004_const,1
365,$4004_vol,8
365,$4008_linear,0
365,$400E_period,3
365,$400E_mode,0
365,$400C_const,1
365,$400C_vol,8
366,$4000_duty,0
366,$4000_const,1
366,$4000_vol,1
366,$4004_duty,0
366,$4004_const,1
366,$4004_vol,1
366,$4008_linear,0
366,$400C_const,1
366,$400C_vol,3
366,$400E_period,7
366,$400E_mode,0
366,$400C_const,1
366,$400C_vol,3
367,$4000_duty,0
367,$4000_const,1
367,$4000_vol,2
367,$4004_duty,0
367,$4004_const,1
367,$4004_vol,2
367,$4008_linear,0
368,$4002_period,381
368,$400B_length,0
368,$4000_duty,0
368,$4000_const,1
368,$4000_vol,6
368,$4006_period,453
368,$4004_duty,0
368,$4004_const,1
368,$4004_vol,4
368,$4008_linear,0
368,$400C_const,1
368,$400C_vol,0
368,$400C_const,1
368,$400C_vol,15
368,$400E_period,14
368,$400E_mode,0
368,$400C_const,1
368,$400C_vol,15
369,$4000_duty,0
369,$4000_const,1
369,$4000_vol,8
369,$4004_duty,0
369,$4004_const,1
369,$4004_vol,6
369,$4008_linear,0
369,$400E_period,3
369,$400E_mode,0
369,$400C_const,1
369,$400C_vol,15
370,$4000_duty,0
370,$4000_const,1
370,$4000_vol,10
370,$4004_duty,0
370,$4004_const,1
370,$4004_vol,8
370,$4008_linear,0
370,$400C_const,1
370,$400C_vol,4
370,$400E_period,7
370,$400E_mode,0
370,$400C_const,1
370,$400C_vol,4
371,$4000_duty,0
371,$4000_const,1
371,$4000_vol,12
371,$4004_duty,0
371,$4004_const,1
371,$4004_vol,10
371,$4008_linear,0
372,$4000_duty,0
372,$4000_const,1
372,$4000_vol,10
372,$4004_duty,0
372,$4004_const,1
372,$4004_vol,8
372,$4008_linear,0
372,$400C_const,1
372,$400C_vol,3
373,$4000_duty,0
373,$4000_const,1
373,$4000_vol,10
373,$4004_duty,0
373,$4004_const,1
373,$4004_vol,8
373,$4008_linear,0
374,$4000_duty,0
374,$4000_const,1
374,$4000_vol,10
374,$4004_duty,0
374,$4004_const,1
374,$4004_vol,8
374,$4008_linear,0
375,$4000_duty,0
375,$4000_const,1
375,$4000_vol,10
375,$4004_duty,0
375,$4004_const,1
375,$4004_vol,8
375,$4008_linear,0
375,$400C_const,1
375,$400C_vol,0
375,$400C_const,1
375,$400C_vol,15
375,$400E_period,14
375,$400E_mode,0
375,$400C_const,1
375,$400C_vol,15
376,$4000_duty,0
376,$4000_const,1
376,$4000_vol,10
376,$4004_duty,0
376,$4004_const,1
376,$4004_vol,8
376,$4008_linear,0
376,$400E_period,3
376,$400E_mode,0
376,$400C_const,1
376,$400C_vol,15
377,$4000_duty,0
377,$4000_const,1
377,$4000_vol,10
377,$4004_duty,0
377,$4004_const,1
377,$4004_vol,8
377,$4008_linear,0
377,$400C_const,1
377,$400C_vol,4
377,$400E_period,7
377,$400E_mode,0
377,$400C_const,1
377,$400C_vol,4
378,$4000_duty,0
378,$4000_const,1
378,$4000_vol,10
378,$4004_duty,0
378,$4004_const,1
378,$4004_vol,8
378,$4008_linear,0
379,$4000_duty,0
379,$4000_const,1
379,$4000_vol,10
379,$4004_duty,0
379,$4004_const,1
379,$4004_vol,8
379,$4008_linear,0
379,$400C_const,1
379,$400C_vol,3
380,$4000_duty,0
380,$4000_const,1
380,$4000_vol,1
380,$4004_duty,0
380,$4004_const,1
380,$4004_vol,1
380,$4008_linear,0
381,$4000_duty,0
381,$4000_const,1
381,$4000_vol,2
381,$4004_duty,0
381,$4004_const,1
381,$4004_vol,2
381,$4008_linear,0
382,$4002_period,405
382,$400B_length,0
382,$4000_duty,0
382,$4000_const,1
382,$4000_vol,6
382,$4006_period,481
382,$4004_duty,0
382,$4004_const,1
382,$4004_vol,4
382,$4008_linear,0
382,$400C_const,1
382,$400C_vol,0
382,$400C_const,1
382,$400C_vol,8
382,$400E_period,14
382,$400E_mode,0
382,$400C_const,1
382,$400C_vol,8
383,$4000_duty,0
383,$4000_const,1
383,$4000_vol,8
383,$4004_duty,0
383,$4004_const,1
383,$4004_vol,6
383,$4008_linear,0
383,$400E_period,3
383,$400E_mode,0
383,$400C_const,1
383,$400C_vol,8
384,$4000_duty,0
384,$4000_const,1
384,$4000_vol,10
384,$4004_duty,0
384,$4004_const,1
384,$4004_vol,8
384,$4008_linear,0
384,$400C_const,1
384,$400C_vol,3
384,$400E_period,7
384,$400E_mode,0
384,$400C_const,1
384,$400C_vol,3
385,$4002_period,381
385,$400B_length,0
385,$4000_duty,0
385,$4000_const,1
385,$4000_vol,6
385,$4006_period,453
385,$4004_duty,0
385,$4004_const,1
385,$4004_vol,4
385,$4008_linear,0
385,$400C_const,1
385,$400C_vol,0
385,$400C_const,1
385,$400C_vol,8
385,$400E_period,14
385,$400E_mode,0
385,$400C_const,1
385,$400C_vol,8
386,$4000_duty,0
386,$4000_const,1
386,$4000_vol,8
386,$4004_duty,0
386,$4004_const,1
386,$4004_vol,6
386,$4008_linear,0
386,$400E_period,3
386,$400E_mode,0
386,$400C_const,1
386,$400C_vol,8
387,$4000_duty,0
387,$4000_const,1
387,$4000_vol,10
387,$4004_duty,0
387,$4004_const,1
387,$4004_vol,8
387,$4008_linear,0
387,$400C_const,1
387,$400C_vol,3
387,$400E_period,7
387,$400E_mode,0
387,$400C_const,1
387,$400C_vol,3
388,$4000_duty,0
388,$4000_const,1
388,$4000_vol,12
388,$4004_duty,0
388,$4004_const,1
388,$4004_vol,10
388,$4008_linear,0
389,$4002_period,453
389,$400B_length,0
389,$4000_duty,0
389,$4000_const,1
389,$4000_vol,6
389,$4006_period,571
389,$4004_duty,0
389,$4004_const,1
389,$4004_vol,4
389,$4008_linear,0
389,$400C_const,1
389,$400C_vol,0
389,$400C_const,1
389,$400C_vol,15
389,$400E_period,14
389,$400E_mode,0
389,$400C_const,1
389,$400C_vol,15
390,$4000_duty,0
390,$4000_const,1
390,$4000_vol,8
390,$4004_duty,0
390,$4004_const,1
390,$4004_vol,6
390,$4008_linear,0
390,$400E_period,3
390,$400E_mode,0
390,$400C_const,1
390,$400C_vol,15
391,$4000_duty,0
391,$4000_const,1
391,$4000_vol,10
391,$4004_duty,0
391,$4004_const,1
391,$4004_vol,8
391,$4008_linear,0
391,$400C_const,1
391,$400C_vol,4
391,$400E_period,7
391,$400E_mode,0
391,$400C_const,1
391,$400C_vol,4
392,$4000_duty,0
392,$4000_const,1
392,$4000_vol,12
392,$4004_duty,0
392,$4004_const,1
392,$4004_vol,10
392,$4008_linear,0
393,$4000_duty,0
393,$4000_const,1
393,$4000_vol,10
393,$4004_duty,0
393,$4004_const,1
393,$4004_vol,8
393,$4008_linear,0
393,$400C_const,1
393,$400C_vol,3
394,$4000_duty,0
394,$4000_const,1
394,$4000_vol,1
394,$4004_duty,0
394,$4004_const,1
394,$4004_vol,1
394,$4008_linear,0
395,$4000_duty,0
395,$4000_const,1
395,$4000_vol,2
395,$4004_duty,0
395,$4004_const,1
395,$4004_vol,2
395,$4008_linear,0
396,$4002_period,509
396,$400B_length,0
396,$4000_duty,0
396,$4000_const,1
396,$4000_vol,6
396,$4006_period,763
396,$4004_duty,0
396,$4004_const,1
396,$4004_vol,4
396,$4008_linear,0
396,$400C_const,1
396,$400C_vol,0
396,$4004_duty,2
396,$4004_const,1
396,$4004_vol,8
396,$400C_const,1
396,$400C_vol,7
396,$4006_period,149
396,$4004_duty,2
396,$4004_const,1
396,$4004_vol,8
396,$400E_period,3
396,$400E_mode,0
396,$400C_const,1
396,$400C_vol,7
397,$4000_duty,0
397,$4000_const,1
397,$4000_vol,8
397,$4008_linear,0
397,$4004_duty,2
397,$4004_const,1
397,$4004_vol,8
397,$4004_duty,2
397,$4004_const,1
397,$4004_vol,6
397,$400C_const,1
397,$400C_vol,5
398,$4000_duty,0
398,$4000_const,1
398,$4000_vol,10
398,$4008_linear,0
398,$4004_duty,2
398,$4004_const,1
398,$4004_vol,4
398,$400C_const,1
398,$400C_vol,3
399,$4000_duty,0
399,$4000_const,1
399,$4000_vol,12
399,$4008_linear,0
399,$4004_duty,0
399,$4004_const,1
399,$4004_vol,10
399,$4006_period,763
399,$400C_const,1
399,$400C_vol,0
399,$4004_duty,2
399,$4004_const,1
399,$4004_vol,8
399,$400C_const,1
399,$400C_vol,7
399,$4006_period,149
399,$4004_duty,2
399,$4004_const,1
399,$4004_vol,8
399,$400E_period,3
399,$400E_mode,0
399,$400C_const,1
399,$400C_vol,7
400,$4000_duty,0
400,$4000_const,1
400,$4000_vol,10
400,$4008_linear,0
400,$4004_duty,2
400,$4004_const,1
400,$4004_vol,8
400,$4004_duty,2
400,$4004_const,1
400,$4004_vol,6
400,$400C_const,1
400,$400C_vol,5
401,$4000_duty,0
401,$4000_const,1
401,$4000_vol,1
401,$4008_linear,0
401,$4004_duty,2
401,$4004_const,1
401,$4004_vol,4
401,$400C_const,1
401,$400C_vol,3
402,$4000_duty,0
402,$4000_const,1
402,$4000_vol,2
402,$4008_linear,0
402,$4004_duty,2
402,$4004_const,1
402,$4004_vol,2
402,$400C_const,1
402,$400C_vol,1
403,$4002_period,571
403,$400B_length,1
403,$4000_duty,0
403,$4000_const,1
403,$4000_vol,6
403,$4008_linear,0
403,$4004_duty,0
403,$4004_const,1
403,$4004_vol,4
403,$4006_period,763
403,$400C_const,1
403,$400C_vol,0
403,$4004_duty,2
403,$4004_const,1
403,$4004_vol,8
403,$400C_const,1
403,$400C_vol,7
403,$4006_period,149
403,$4004_duty,2
403,$4004_const,1
403,$4004_vol,8
403,$400E_period,3
403,$400E_mode,0
403,$400C_const,1
403,$400C_vol,7
404,$4000_duty,0
404,$4000_const,1
404,$4000_vol,8
404,$4008_linear,0
404,$4004_duty,2
404,$4004_const,1
404,$4004_vol,8
404,$4004_duty,2
404,$4004_const,1
404,$4004_vol,6
404,$400C_const,1
404,$400C_vol,5
405,$4000_duty,0
405,$4000_const,1
405,$4000_vol,10
405,$4008_linear,0
405,$4004_duty,2
405,$4004_const,1
405,$4004_vol,4
405,$400C_const,1
405,$400C_vol,3
406,$4000_duty,0
406,$4000_const,1
406,$4000_vol,12
406,$4008_linear,0
406,$4004_duty,2
406,$4004_const,1
406,$4004_vol,2
406,$400C_const,1
406,$400C_vol,1
407,$4000_duty,0
407,$4000_const,1
407,$4000_vol,10
407,$4008_linear,0
407,$4004_duty,0
407,$4004_const,1
407,$4004_vol,8
407,$4006_period,763
407,$400C_const,1
407,$400C_vol,0
408,$4000_duty,0
408,$4000_const,1
408,$4000_vol,1
408,$4004_duty,0
408,$4004_const,1
408,$4004_vol,1
408,$4008_linear,0
408,$400C_const,1
408,$400C_vol,0
409,$4000_duty,0
409,$4000_const,1
409,$4000_vol,2
409,$4004_duty,0
409,$4004_const,1
409,$4004_vol,2
409,$4008_linear,0
409,$400C_const,1
409,$400C_vol,0
410,$4002_period,429
410,$400B_length,0
410,$4000_duty,0
410,$4000_const,1
410,$4000_vol,6
410,$4006_period,539
410,$4004_duty,0
410,$4004_const,1
410,$4004_vol,4
410,$400A_period,509
410,$400B_length,0
410,$4008_linear,127
410,$400C_const,1
410,$400C_vol,0
410,$400C_const,1
410,$400C_vol,15
410,$400E_period,14
410,$400E_mode,0
410,$400C_const,1
410,$400C_vol,15
411,$4000_duty,0
411,$4000_const,1
411,$4000_vol,8
411,$4004_duty,0
411,$4004_const,1
411,$4004_vol,6
411,$4008_linear,127
411,$400E_period,3
411,$400E_mode,0
411,$400C_const,1
411,$400C_vol,15
412,$4000_duty,0
412,$4000_const,1
412,$4000_vol,10
412,$4004_duty,0
412,$4004_const,1
412,$4004_vol,8
412,$4008_linear,127
412,$400C_const,1
412,$400C_vol,4
412,$400E_period,7
412,$400E_mode,0
412,$400C_const,1
412,$400C_vol,4
413,$4002_period,405
413,$400B_length,0
413,$4000_duty,0
413,$4000_const,1
413,$4000_vol,6
413,$4006_period,509
413,$4004_duty,0
413,$4004_const,1
413,$4004_vol,4
413,$4008_linear,127
414,$4000_duty,0
414,$4000_const,1
414,$4000_vol,8
414,$4004_duty,0
414,$4004_const,1
414,$4004_vol,6
414,$4008_linear,127
414,$400C_const,1
414,$400C_vol,3
415,$4000_duty,0
415,$4000_const,1
415,$4000_vol,10
415,$4004_duty,0
415,$4004_const,1
415,$4004_vol,8
415,$4008_linear,127
416,$4000_duty,0
416,$4000_const,1
416,$4000_vol,12
416,$4004_duty,0
416,$4004_const,1
416,$4004_vol,10
416,$4008_linear,127
417,$4000_duty,0
417,$4000_const,1
417,$4000_vol,10
417,$4004_duty,0
417,$4004_const,1
417,$4004_vol,8
417,$4008_linear,127
417,$400C_const,1
417,$400C_vol,0
417,$400C_const,1
417,$400C_vol,8
417,$400E_period,14
417,$400E_mode,0
417,$400C_const,1
417,$400C_vol,8
418,$4000_duty,0
418,$4000_const,1
418,$4000_vol,10
418,$4004_duty,0
418,$4004_const,1
418,$4004_vol,8
418,$4008_linear,127
418,$400E_period,3
418,$400E_mode,0
418,$400C_const,1
418,$400C_vol,8
419,$4000_duty,0
419,$4000_const,1
419,$4000_vol,10
419,$4004_duty,0
419,$4004_const,1
419,$4004_vol,8
419,$4008_linear,127
419,$400C_const,1
419,$400C_vol,3
419,$400E_period,7
419,$400E_mode,0
419,$400C_const,1
419,$400C_vol,3
420,$4000_duty,0
420,$4000_const,1
420,$4000_vol,10
420,$4004_duty,0
420,$4004_const,1
420,$4004_vol,8
420,$4008_linear,0
420,$400C_const,1
420,$400C_vol,0
420,$400C_const,1
420,$400C_vol,8
420,$400E_period,14
420,$400E_mode,0
420,$400C_const,1
420,$400C_vol,8
421,$4000_duty,0
421,$4000_const,1
421,$4000_vol,10
421,$4004_duty,0
421,$4004_const,1
421,$4004_vol,8
421,$4008_linear,0
421,$400E_period,3
421,$400E_mode,0
421,$400C_const,1
421,$400C_vol,8
422,$4000_duty,0
422,$4000_const,1
422,$4000_vol,1
422,$4004_duty,0
422,$4004_const,1
422,$4004_vol,1
422,$4008_linear,0
422,$400C_const,1
422,$400C_vol,3
422,$400E_period,7
422,$400E_mode,0
422,$400C_const,1
422,$400C_vol,3
423,$4000_duty,0
423,$4000_const,1
423,$4000_vol,2
423,$4004_duty,0
423,$4004_const,1
423,$4004_vol,2
423,$4008_linear,0
424,$4002_period,405
424,$400B_length,0
424,$4000_duty,0
424,$4000_const,1
424,$4000_vol,6
424,$4006_period,509
424,$4004_duty,0
424,$4004_const,1
424,$4004_vol,4
424,$4008_linear,0
424,$400C_const,1
424,$400C_vol,0
424,$400C_const,1
424,$400C_vol,15
424,$400E_period,14
424,$400E_mode,0
424,$400C_const,1
424,$400C_vol,15
425,$4000_duty,0
425,$4000_const,1
425,$4000_vol,8
425,$4004_duty,0
425,$4004_const,1
425,$4004_vol,6
425,$4008_linear,0
425,$400E_period,3
425,$400E_mode,0
425,$400C_const,1
425,$400C_vol,15
426,$4000_duty,0
426,$4000_const,1
426,$4000_vol,10
426,$4004_duty,0
426,$4004_const,1
426,$4004_vol,8
426,$4008_linear,0
426,$400C_const,1
426,$400C_vol,4
426,$400E_period,7
426,$400E_mode,0
426,$400C_const,1
426,$400C_vol,4
427,$4000_duty,0
427,$4000_const,1
427,$4000_vol,12
427,$4004_duty,0
427,$4004_const,1
427,$4004_vol,10
427,$4008_linear,0
428,$4000_duty,0
428,$4000_const,1
428,$4000_vol,10
428,$4004_duty,0
428,$4004_const,1
428,$4004_vol,8
428,$4008_linear,0
428,$400C_const,1
428,$400C_vol,3
429,$4000_duty,0
429,$4000_const,1
429,$4000_vol,10
429,$4004_duty,0
429,$4004_const,1
429,$4004_vol,8
429,$4008_linear,0
430,$4000_duty,0
430,$4000_const,1
430,$4000_vol,10
430,$4004_duty,0
430,$4004_const,1
430,$4004_vol,8
430,$4008_linear,0
431,$4000_duty,0
431,$4000_const,1
431,$4000_vol,10
431,$4004_duty,0
431,$4004_const,1
431,$4004_vol,8
431,$4008_linear,0
431,$400C_const,1
431,$400C_vol,0
431,$400C_const,1
431,$400C_vol,15
431,$400E_period,14
431,$400E_mode,0
431,$400C_const,1
431,$400C_vol,15
432,$4000_duty,0
432,$4000_const,1
432,$4000_vol,10
432,$4004_duty,0
432,$4004_const,1
432,$4004_vol,8
432,$4008_linear,0
432,$400E_period,3
432,$400E_mode,0
432,$400C_const,1
432,$400C_vol,15
433,$4000_duty,0
433,$4000_const,1
433,$4000_vol,10
433,$4004_duty,0
433,$4004_const,1
433,$4004_vol,8
433,$4008_linear,0
433,$400C_const,1
433,$400C_vol,4
433,$400E_period,7
433,$400E_mode,0
433,$400C_const,1
433,$400C_vol,4
434,$4000_duty,0
434,$4000_const,1
434,$4000_vol,10
434,$4004_duty,0
434,$4004_const,1
434,$4004_vol,8
434,$4008_linear,0
435,$4000_duty,0
435,$4000_const,1
435,$4000_vol,10
435,$4004_duty,0
435,$4004_const,1
435,$4004_vol,8
435,$4008_linear,0
435,$400C_const,1
435,$400C_vol,3
436,$4000_duty,0
436,$4000_const,1
436,$4000_vol,1
436,$4004_duty,0
436,$4004_const,1
436,$4004_vol,1
436,$4008_linear,0
437,$4000_duty,0
437,$4000_const,1
437,$4000_vol,2
437,$4004_duty,0
437,$4004_const,1
437,$4004_vol,2
437,$4008_linear,0
438,$4002_period,429
438,$400B_length,0
438,$4000_duty,0
438,$4000_const,1
438,$4000_vol,6
438,$4006_period,539
438,$4004_duty,0
438,$4004_const,1
438,$4004_vol,4
438,$4008_linear,0
438,$400C_const,1
438,$400C_vol,0
438,$400C_const,1
438,$400C_vol,8
438,$400E_period,14
438,$400E_mode,0
438,$400C_const,1
438,$400C_vol,8
439,$4000_duty,0
439,$4000_const,1
439,$4000_vol,8
439,$4004_duty,0
439,$4004_const,1
439,$4004_vol,6
439,$4008_linear,0
439,$400E_period,3
439,$400E_mode,0
439,$400C_const,1
439,$400C_vol,8
440,$4000_duty,0
440,$4000_const,1
440,$4000_vol,10
440,$4004_duty,0
440,$4004_const,1
440,$4004_vol,8
440,$4008_linear,0
440,$400C_const,1
440,$400C_vol,3
440,$400E_period,7
440,$400E_mode,0
440,$400C_const,1
440,$400C_vol,3
441,$4002_period,405
441,$400B_length,0
441,$4000_duty,0
441,$4000_const,1
441,$4000_vol,6
441,$4006_period,509
441,$4004_duty,0
441,$4004_const,1
441,$4004_vol,4
441,$4008_linear,0
441,$400C_const,1
441,$400C_vol,0
441,$400C_const,1
441,$400C_vol,8
441,$400E_period,14
441,$400E_mode,0
441,$400C_const,1
441,$400C_vol,8
442,$4000_duty,0
442,$4000_const,1
442,$4000_vol,8
442,$4004_duty,0
442,$4004_const,1
442,$4004_vol,6
442,$4008_linear,0
442,$400E_period,3
442,$400E_mode,0
442,$400C_const,1
442,$400C_vol,8
443,$4000_duty,0
443,$4000_const,1
443,$4000_vol,10
443,$4004_duty,0
443,$4004_const,1
443,$4004_vol,8
443,$4008_linear,0
443,$400C_const,1
443,$400C_vol,3
443,$400E_period,7
443,$400E_mode,0
443,$400C_const,1
443,$400C_vol,3
444,$4000_duty,0
444,$4000_const,1
444,$4000_vol,12
444,$4004_duty,0
444,$4004_const,1
444,$4004_vol,10
444,$4008_linear,0
445,$4002_period,453
445,$400B_length,0
445,$4000_duty,0
445,$4000_const,1
445,$4000_vol,6
445,$4006_period,679
445,$4004_duty,0
445,$4004_const,1
445,$4004_vol,4
445,$4008_linear,0
445,$400C_const,1
445,$400C_vol,0
445,$400C_const,1
445,$400C_vol,15
445,$400E_period,14
445,$400E_mode,0
445,$400C_const,1
445,$400C_vol,15
446,$4000_duty,0
446,$4000_const,1
446,$4000_vol,8
446,$4004_duty,0
446,$4004_const,1
446,$4004_vol,6
446,$4008_linear,0
446,$400E_period,3
446,$400E_mode,0
446,$400C_const,1
446,$400C_vol,15
447,$4000_duty,0
447,$4000_const,1
447,$4000_vol,10
447,$4004_duty,0
447,$4004_const,1
447,$4004_vol,8
447,$4008_linear,0
447,$400C_const,1
447,$400C_vol,4
447,$400E_period,7
447,$400E_mode,0
447,$400C_const,1
447,$400C_vol,4
448,$4000_duty,0
448,$4000_const,1
448,$4000_vol,12
448,$4004_duty,0
448,$4004_const,1
448,$4004_vol,10
448,$4008_linear,0
449,$4000_duty,0
449,$4000_const,1
449,$4000_vol,10
449,$4004_duty,0
449,$4004_const,1
449,$4004_vol,8
449,$4008_linear,0
449,$400C_const,1
449,$400C_vol,3
450,$4000_duty,0
450,$4000_const,1
450,$4000_vol,1
450,$4004_duty,0
450,$4004_const,1
450,$4004_vol,1
450,$4008_linear,0
451,$4000_duty,0
451,$4000_const,1
451,$4000_vol,2
451,$4004_duty,0
451,$4004_const,1
451,$4004_vol,2
451,$4008_linear,0
452,$4002_period,509
452,$400B_length,0
452,$4000_duty,0
452,$4000_const,1
452,$4000_vol,6
452,$4006_period,679
452,$4004_duty,0
452,$4004_const,1
452,$4004_vol,4
452,$4008_linear,0
452,$400C_const,1
452,$400C_vol,0
452,$4004_duty,2
452,$4004_const,1
452,$4004_vol,8
452,$400C_const,1
452,$400C_vol,7
452,$4006_period,149
452,$4004_duty,2
452,$4004_const,1
452,$4004_vol,8
452,$400E_period,3
452,$400E_mode,0
452,$400C_const,1
452,$400C_vol,7
453,$4000_duty,0
453,$4000_const,1
453,$4000_vol,8
453,$4008_linear,0
453,$4004_duty,2
453,$4004_const,1
453,$4004_vol,8
453,$4004_duty,2
453,$4004_const,1
453,$4004_vol,6
453,$400C_const,1
453,$400C_vol,5
454,$4000_duty,0
454,$4000_const,1
454,$4000_vol,10
454,$4008_linear,0
454,$4004_duty,2
454,$4004_const,1
454,$4004_vol,4
454,$400C_const,1
454,$400C_vol,3
455,$4000_duty,0
455,$4000_const,1
455,$4000_vol,12
455,$4008_linear,0
455,$4004_duty,0
455,$4004_const,1
455,$4004_vol,10
455,$4006_period,679
455,$400C_const,1
455,$400C_vol,0
455,$4004_duty,2
455,$4004_const,1
455,$4004_vol,8
455,$400C_const,1
455,$400C_vol,7
455,$4006_period,225
455,$4004_duty,2
455,$4004_const,1
455,$4004_vol,8
455,$400E_period,3
455,$400E_mode,0
455,$400C_const,1
455,$400C_vol,7
456,$4000_duty,0
456,$4000_const,1
456,$4000_vol,10
456,$4008_linear,0
456,$4004_duty,2
456,$4004_const,1
456,$4004_vol,8
456,$4004_duty,2
456,$4004_const,1
456,$4004_vol,6
456,$400C_const,1
456,$400C_vol,5
457,$4000_duty,0
457,$4000_const,1
457,$4000_vol,1
457,$4008_linear,0
457,$4004_duty,2
457,$4004_const,1
457,$4004_vol,4
457,$400C_const,1
457,$400C_vol,3
458,$4000_duty,0
458,$4000_const,1
458,$4000_vol,2
458,$4008_linear,0
458,$4004_duty,2
458,$4004_const,1
458,$4004_vol,2
458,$400C_const,1
458,$400C_vol,1
459,$4002_period,679
459,$400B_length,1
459,$4000_duty,0
459,$4000_const,1
459,$4000_vol,6
459,$4008_linear,0
459,$4004_duty,0
459,$4004_const,1
459,$4004_vol,4
459,$4006_period,809
459,$400C_const,1
459,$400C_vol,0
459,$4004_duty,2
459,$4004_const,1
459,$4004_vol,8
459,$400C_const,1
459,$400C_vol,7
459,$4006_period,225
459,$4004_duty,2
459,$4004_const,1
459,$4004_vol,8
459,$400E_period,3
459,$400E_mode,0
459,$400C_const,1
459,$400C_vol,7
460,$4000_duty,0
460,$4000_const,1
460,$4000_vol,8
460,$4008_linear,0
460,$4004_duty,2
460,$4004_const,1
460,$4004_vol,8
460,$4004_duty,2
460,$4004_const,1
460,$4004_vol,6
460,$400C_const,1
460,$400C_vol,5
461,$4000_duty,0
461,$4000_const,1
461,$4000_vol,10
461,$4008_linear,0
461,$4004_duty,2
461,$4004_const,1
461,$4004_vol,4
461,$400C_const,1
461,$400C_vol,3
462,$4000_duty,0
462,$4000_const,1
462,$4000_vol,12
462,$4008_linear,0
462,$4004_duty,2
462,$4004_const,1
462,$4004_vol,2
462,$400C_const,1
462,$400C_vol,1
463,$4000_duty,0
463,$4000_const,1
463,$4000_vol,10
463,$4008_linear,0
463,$4004_duty,0
463,$4004_const,1
463,$4004_vol,8
463,$4006_period,809
463,$400C_const,1
463,$400C_vol,0
464,$4000_duty,0
464,$4000_const,1
464,$4000_vol,1
464,$4004_duty,0
464,$4004_const,1
464,$4004_vol,1
464,$4008_linear,0
464,$400C_const,1
464,$400C_vol,0
465,$4000_duty,0
465,$4000_const,1
465,$4000_vol,2
465,$4004_duty,0
465,$4004_const,1
465,$4004_vol,2
465,$4008_linear,0
465,$400C_const,1
465,$400C_vol,0
466,$4002_period,539
466,$400B_length,1
466,$4000_duty,0
466,$4000_const,1
466,$4000_vol,6
466,$4006_period,641
466,$4004_duty,0
466,$4004_const,1
466,$4004_vol,4
466,$400A_period,381
466,$400B_length,0
466,$4008_linear,127
466,$400C_const,1
466,$400C_vol,0
466,$400C_const,1
466,$400C_vol,15
466,$400E_period,14
466,$400E_mode,0
466,$400C_const,1
466,$400C_vol,15
467,$4000_duty,0
467,$4000_const,1
467,$4000_vol,8
467,$4004_duty,0
467,$4004_const,1
467,$4004_vol,6
467,$4008_linear,127
467,$400E_period,3
467,$400E_mode,0
467,$400C_const,1
467,$400C_vol,15
468,$4000_duty,0
468,$4000_const,1
468,$4000_vol,10
468,$4004_duty,0
468,$4004_const,1
468,$4004_vol,8
468,$4008_linear,127
468,$400C_const,1
468,$400C_vol,4
468,$400E_period,7
468,$400E_mode,0
468,$400C_const,1
468,$400C_vol,4
469,$4002_period,509
469,$400B_length,0
469,$4000_duty,0
469,$4000_const,1
469,$4000_vol,6
469,$4006_period,605
469,$4004_duty,0
469,$4004_const,1
469,$4004_vol,4
469,$4008_linear,127
470,$4000_duty,0
470,$4000_const,1
470,$4000_vol,8
470,$4004_duty,0
470,$4004_const,1
470,$4004_vol,6
470,$4008_linear,127
470,$400C_const,1
470,$400C_vol,3
471,$4000_duty,0
471,$4000_const,1
471,$4000_vol,10
471,$4004_duty,0
471,$4004_const,1
471,$4004_vol,8
471,$4008_linear,127
472,$4000_duty,0
472,$4000_const,1
472,$4000_vol,12
472,$4004_duty,0
472,$4004_const,1
472,$4004_vol,10
472,$4008_linear,127
473,$4000_duty,0
473,$4000_const,1
473,$4000_vol,10
473,$4004_duty,0
473,$4004_const,1
473,$4004_vol,8
473,$4008_linear,127
473,$400C_const,1
473,$400C_vol,0
473,$400C_const,1
473,$400C_vol,8
473,$400E_period,14
473,$400E_mode,0
473,$400C_const,1
473,$400C_vol,8
474,$4000_duty,0
474,$4000_const,1
474,$4000_vol,10
474,$4004_duty,0
474,$4004_const,1
474,$4004_vol,8
474,$4008_linear,127
474,$400E_period,3
474,$400E_mode,0
474,$400C_const,1
474,$400C_vol,8
475,$4000_duty,0
475,$4000_const,1
475,$4000_vol,10
475,$4004_duty,0
475,$4004_const,1
475,$4004_vol,8
475,$4008_linear,127
475,$400C_const,1
475,$400C_vol,3
475,$400E_period,7
475,$400E_mode,0
475,$400C_const,1
475,$400C_vol,3
476,$4000_duty,0
476,$4000_const,1
476,$4000_vol,10
476,$4004_duty,0
476,$4004_const,1
476,$4004_vol,8
476,$4008_linear,0
476,$400C_const,1
476,$400C_vol,0
476,$400C_const,1
476,$400C_vol,8
476,$400E_period,14
476,$400E_mode,0
476,$400C_const,1
476,$400C_vol,8
477,$4000_duty,0
477,$4000_const,1
477,$4000_vol,10
477,$4004_duty,0
477,$4004_const,1
477,$4004_vol,8
477,$4008_linear,0
477,$400E_period,3
477,$400E_mode,0
477,$400C_const,1
477,$400C_vol,8
478,$4000_duty,0
478,$4000_const,1
478,$4000_vol,1
478,$4004_duty,0
478,$4004_const,1
478,$4004_vol,1
478,$4008_linear,0
478,$400C_const,1
478,$400C_vol,3
478,$400E_period,7
478,$400E_mode,0
478,$400C_const,1
478,$400C_vol,3
479,$4000_duty,0
479,$4000_const,1
479,$4000_vol,2
479,$4004_duty,0
479,$4004_const,1
479,$4004_vol,2
479,$4008_linear,0
480,$4002_period,509
480,$400B_length,0
480,$4000_duty,0
480,$4000_const,1
480,$4000_vol,6
480,$4006_period,605
480,$4004_duty,0
480,$4004_const,1
480,$4004_vol,4
480,$4008_linear,0
480,$400C_const,1
480,$400C_vol,0
480,$400C_const,1
480,$400C_vol,15
480,$400E_period,14
480,$400E_mode,0
480,$400C_const,1
480,$400C_vol,15
481,$4000_duty,0
481,$4000_const,1
481,$4000_vol,8
481,$4004_duty,0
481,$4004_const,1
481,$4004_vol,6
481,$4008_linear,0
481,$400E_period,3
481,$400E_mode,0
481,$400C_const,1
481,$400C_vol,15
482,$4000_duty,0
482,$4000_const,1
482,$4000_vol,10
482,$4004_duty,0
482,$4004_const,1
482,$4004_vol,8
482,$4008_linear,0
482,$400C_const,1
482,$400C_vol,4
482,$400E_period,7
482,$400E_mode,0
482,$400C_const,1
482,$400C_vol,4
483,$4000_duty,0
483,$4000_const,1
483,$4000_vol,12
483,$4004_duty,0
483,$4004_const,1
483,$4004_vol,10
483,$4008_linear,0
484,$4000_duty,0
484,$4000_const,1
484,$4000_vol,10
484,$4004_duty,0
484,$4004_const,1
484,$4004_vol,8
484,$4008_linear,0
484,$400C_const,1
484,$400C_vol,3
485,$4000_duty,0
485,$4000_const,1
485,$4000_vol,10
485,$4004_duty,0
485,$4004_const,1
485,$4004_vol,8
485,$4008_linear,0
486,$4000_duty,0
486,$4000_const,1
486,$4000_vol,10
486,$4004_duty,0
486,$4004_const,1
486,$4004_vol,8
486,$4008_linear,0
487,$4000_duty,0
487,$4000_const,1
487,$4000_vol,10
487,$4004_duty,0
487,$4004_const,1
487,$4004_vol,8
487,$4008_linear,0
487,$400C_const,1
487,$400C_vol,0
487,$400C_const,1
487,$400C_vol,15
487,$400E_period,14
487,$400E_mode,0
487,$400C_const,1
487,$400C_vol,15
488,$4000_duty,0
488,$4000_const,1
488,$4000_vol,10
488,$4004_duty,0
488,$4004_const,1
488,$4004_vol,8
488,$4008_linear,0
488,$400E_period,3
488,$400E_mode,0
488,$400C_const,1
488,$400C_vol,15
489,$4000_duty,0
489,$4000_const,1
489,$4000_vol,10
489,$4004_duty,0
489,$4004_const,1
489,$4004_vol,8
489,$4008_linear,0
489,$400C_const,1
489,$400C_vol,4
489,$400E_period,7
489,$400E_mode,0
489,$400C_const,1
489,$400C_vol,4
490,$4000_duty,0
490,$4000_const,1
490,$4000_vol,10
490,$4004_duty,0
490,$4004_const,1
490,$4004_vol,8
490,$4008_linear,0
491,$4000_duty,0
491,$4000_const,1
491,$4000_vol,10
491,$4004_duty,0
491,$4004_const,1
491,$4004_vol,8
491,$4008_linear,0
491,$400C_const,1
491,$400C_vol,3
492,$4000_duty,0
492,$4000_const,1
492,$4000_vol,1
492,$4004_duty,0
492,$4004_const,1
492,$4004_vol,1
492,$4008_linear,0
493,$4000_duty,0
493,$4000_const,1
493,$4000_vol,2
493,$4004_duty,0
493,$4004_const,1
493,$4004_vol,2
493,$4008_linear,0
494,$4002_period,539
494,$400B_length,1
494,$4000_duty,0
494,$4000_const,1
494,$4000_vol,6
494,$4006_period,641
494,$4004_duty,0
494,$4004_const,1
494,$4004_vol,4
494,$4008_linear,0
494,$400C_const,1
494,$400C_vol,0
494,$400C_const,1
494,$400C_vol,8
494,$400E_period,14
494,$400E_mode,0
494,$400C_const,1
494,$400C_vol,8
495,$4000_duty,0
495,$4000_const,1
495,$4000_vol,8
495,$4004_duty,0
495,$4004_const,1
495,$4004_vol,6
495,$4008_linear,0
495,$400E_period,3
495,$400E_mode,0
495,$400C_const,1
495,$400C_vol,8
496,$4000_duty,0
496,$4000_const,1
496,$4000_vol,10
496,$4004_duty,0
496,$4004_const,1
496,$4004_vol,8
496,$4008_linear,0
496,$400C_const,1
496,$400C_vol,3
496,$400E_period,7
496,$400E_mode,0
496,$400C_const,1
496,$400C_vol,3
497,$4002_period,509
497,$400B_length,0
497,$4000_duty,0
497,$4000_const,1
497,$4000_vol,6
497,$4006_period,605
497,$4004_duty,0
497,$4004_const,1
497,$4004_vol,4
497,$4008_linear,0
497,$400C_const,1
497,$400C_vol,0
497,$400C_const,1
497,$400C_vol,8
497,$400E_period,14
497,$400E_mode,0
497,$400C_const,1
497,$400C_vol,8
498,$4000_duty,0
498,$4000_const,1
498,$4000_vol,8
498,$4004_duty,0
498,$4004_const,1
498,$4004_vol,6
498,$4008_linear,0
498,$400E_period,3
498,$400E_mode,0
498,$400C_const,1
498,$400C_vol,8
499,$4000_duty,0
499,$4000_const,1
499,$4000_vol,10
499,$4004_duty,0
499,$4004_const,1
499,$4004_vol,8
499,$4008_linear,0
499,$400C_const,1
499,$400C_vol,3
499,$400E_period,7
499,$400E_mode,0
499,$400C_const,1
499,$400C_vol,3
500,$4000_duty,0
500,$4000_const,1
500,$4000_vol,12
500,$4004_duty,0
500,$4004_const,1
500,$4004_vol,10
500,$4008_linear,0
501,$4002_period,571
501,$400B_length,1
501,$4000_duty,0
501,$4000_const,1
501,$4000_vol,6
501,$4006_period,679
501,$4004_duty,0
501,$4004_const,1
501,$4004_vol,4
501,$4008_linear,0
501,$400C_const,1
501,$400C_vol,0
501,$400C_const,1
501,$400C_vol,15
501,$400E_period,14
501,$400E_mode,0
501,$400C_const,1
501,$400C_vol,15
502,$4000_duty,0
502,$4000_const,1
502,$4000_vol,8
502,$4004_duty,0
502,$4004_const,1
502,$4004_vol,6
502,$4008_linear,0
502,$400E_period,3
502,$400E_mode,0
502,$400C_const,1
502,$400C_vol,15
503,$4000_duty,0
503,$4000_const,1
503,$4000_vol,10
503,$4004_duty,0
503,$4004_const,1
503,$4004_vol,8
503,$4008_linear,0
503,$400C_const,1
503,$400C_vol,4
503,$400E_period,7
503,$400E_mode,0
503,$400C_const,1
503,$400C_vol,4
504,$4000_duty,0
504,$4000_const,1
504,$4000_vol,12
504,$4004_duty,0
504,$4004_const,1
504,$4004_vol,10
504,$4008_linear,0
505,$4000_duty,0
505,$4000_const,1
505,$4000_vol,10
505,$4004_duty,0
505,$4004_const,1
505,$4004_vol,8
505,$4008_linear,0
505,$400C_const,1
505,$400C_vol,3
506,$4000_duty,0
506,$4000_const,1
506,$4000_vol,1
506,$4004_duty,0
506,$4004_const,1
506,$4004_vol,1
506,$4008_linear,0
507,$4000_duty,0
507,$4000_const,1
507,$4000_vol,2
507,$4004_duty,0
507,$4004_const,1
507,$4004_vol,2
507,$4008_linear,0
508,$4002_period,605
508,$400B_length,1
508,$4000_duty,0
508,$4000_const,1
508,$4000_vol,6
508,$4006_period,763
508,$4004_duty,0
508,$4004_const,1
508,$4004_vol,4
508,$4008_linear,0
508,$400C_const,1
508,$400C_vol,0
508,$400C_const,1
508,$400C_vol,15
508,$400E_period,14
508,$400E_mode,0
508,$400C_const,1
508,$400C_vol,15
509,$4000_duty,0
509,$4000_const,1
509,$4000_vol,8
509,$4004_duty,0
509,$4004_const,1
509,$4004_vol,6
509,$4008_linear,0
509,$400E_period,3
509,$400E_mode,0
509,$400C_const,1
509,$400C_vol,15
510,$4000_duty,0
510,$4000_const,1
510,$4000_vol,10
510,$4004_duty,0
510,$4004_const,1
510,$4004_vol,8
510,$4008_linear,0
510,$400C_const,1
510,$400C_vol,4
510,$400E_period,7
510,$400E_mode,0
510,$400C_const,1
510,$400C_vol,4
511,$4000_duty,0
511,$4000_const,1
511,$4000_vol,12
511,$4004_duty,0
511,$4004_const,1
511,$4004_vol,10
511,$4008_linear,0
512,$4000_duty,0
512,$4000_const,1
512,$4000_vol,10
512,$4004_duty,0
512,$4004_const,1
512,$4004_vol,8
512,$4008_linear,0
512,$400C_const,1
512,$400C_vol,3
513,$4000_duty,0
513,$4000_const,1
513,$4000_vol,1
513,$4004_duty,0
513,$4004_const,1
513,$4004_vol,1
513,$4008_linear,0
514,$4000_duty,0
514,$4000_const,1
514,$4000_vol,2
514,$4004_duty,0
514,$4004_const,1
514,$4004_vol,2
514,$4008_linear,0
515,$4002_period,763
515,$400B_length,1
515,$4000_duty,0
515,$4000_const,1
515,$4000_vol,6
515,$4006_period,1017
515,$4004_duty,0
515,$4004_const,1
515,$4004_vol,4
515,$4008_linear,0
515,$400C_const,1
515,$400C_vol,0
515,$400C_const,1
515,$400C_vol,15
515,$400E_period,14
515,$400E_mode,0
515,$400C_const,1
515,$400C_vol,15
516,$4000_duty,0
516,$4000_const,1
516,$4000_vol,8
516,$4004_duty,0
516,$4004_const,1
516,$4004_vol,6
516,$4008_linear,0
516,$400E_period,3
516,$400E_mode,0
516,$400C_const,1
516,$400C_vol,15
517,$4000_duty,0
517,$4000_const,1
517,$4000_vol,10
517,$4004_duty,0
517,$4004_const,1
517,$4004_vol,8
517,$4008_linear,0
517,$400C_const,1
517,$400C_vol,4
517,$400E_period,7
517,$400E_mode,0
517,$400C_const,1
517,$400C_vol,4
518,$4000_duty,0
518,$4000_const,1
518,$4000_vol,12
518,$4004_duty,0
518,$4004_const,1
518,$4004_vol,10
518,$4008_linear,0
519,$4000_duty,0
519,$4000_const,1
519,$4000_vol,10
519,$4004_duty,0
519,$4004_const,1
519,$4004_vol,8
519,$4008_linear,0
519,$400C_const,1
519,$400C_vol,3
520,$4000_duty,0
520,$4000_const,1
520,$4000_vol,1
520,$4004_duty,0
520,$4004_const,1
520,$4004_vol,1
520,$4008_linear,0
521,$4000_duty,0
521,$4000_const,1
521,$4000_vol,2
521,$4004_duty,0
521,$4004_const,1
521,$4004_vol,2
521,$4008_linear,0
522,$4002_period,641
522,$400B_length,1
522,$4000_duty,0
522,$4000_const,1
522,$4000_vol,6
522,$4006_period,809
522,$4004_duty,0
522,$4004_const,1
522,$4004_vol,4
522,$4008_linear,0
523,$4000_duty,0
523,$4000_const,1
523,$4000_vol,8
523,$4004_duty,0
523,$4004_const,1
523,$4004_vol,6
523,$4008_linear,0
524,$4000_duty,0
524,$4000_const,1
524,$4000_vol,10
524,$4004_duty,0
524,$4004_const,1
524,$4004_vol,8
524,$4008_linear,0
525,$4002_period,605
525,$400B_length,1
525,$4000_duty,0
525,$4000_const,1
525,$4000_vol,6
525,$4006_period,763
525,$4004_duty,0
525,$4004_const,1
525,$4004_vol,4
525,$4008_linear,0
525,$400C_const,1
525,$400C_vol,2
526,$4000_duty,0
526,$4000_const,1
526,$4000_vol,8
526,$4004_duty,0
526,$4004_const,1
526,$4004_vol,6
526,$4008_linear,0
527,$4000_duty,0
527,$4000_const,1
527,$4000_vol,10
527,$4004_duty,0
527,$4004_const,1
527,$4004_vol,8
527,$4008_linear,0
528,$4000_duty,0
528,$4000_const,1
528,$4000_vol,12
528,$4004_duty,0
528,$4004_const,1
528,$4004_vol,10
528,$4008_linear,0
529,$4002_period,763
529,$400B_length,1
529,$4000_duty,0
529,$4000_const,1
529,$4000_vol,6
529,$4006_period,1017
529,$4004_duty,0
529,$4004_const,1
529,$4004_vol,4
529,$400A_period,763
529,$400B_length,1
529,$4008_linear,127
529,$400C_const,1
529,$400C_vol,0
529,$4008_linear,127
529,$400A_period,353
529,$400B_length,0
529,$4008_linear,127
529,$400C_const,1
529,$400C_vol,10
529,$400E_period,5
529,$400E_mode,0
529,$400C_const,1
529,$400C_vol,10
530,$4000_duty,0
530,$4000_const,1
530,$4000_vol,8
530,$4004_duty,0
530,$4004_const,1
530,$4004_vol,6
530,$4008_linear,127
530,$400E_period,6
530,$400E_mode,0
530,$400C_const,1
530,$400C_vol,10
530,$400C_const,1
530,$400C_vol,7
531,$4000_duty,0
531,$4000_const,1
531,$4000_vol,10
531,$4004_duty,0
531,$4004_const,1
531,$4004_vol,8
531,$4008_linear,127
531,$400E_period,7
531,$400E_mode,0
531,$400C_const,1
531,$400C_vol,7
531,$400C_const,1
531,$400C_vol,3
532,$4000_duty,0
532,$4000_const,1
532,$4000_vol,12
532,$4004_duty,0
532,$4004_const,1
532,$4004_vol,10
532,$4008_linear,127
532,$400C_const,1
532,$400C_vol,6
533,$4000_duty,0
533,$4000_const,1
533,$4000_vol,10
533,$4004_duty,0
533,$4004_const,1
533,$4004_vol,8
533,$4008_linear,127
533,$400C_const,1
533,$400C_vol,5
534,$4000_duty,0
534,$4000_const,1
534,$4000_vol,1
534,$4004_duty,0
534,$4004_const,1
534,$4004_vol,1
534,$400A_period,993
534,$400B_length,1
534,$4008_linear,127
534,$400C_const,1
534,$400C_vol,4
535,$4000_duty,0
535,$4000_const,1
535,$4000_vol,2
535,$4004_duty,0
535,$4004_const,1
535,$4004_vol,2
535,$4008_linear,127
535,$400C_const,1
535,$400C_vol,3
536,$4002_period,679
536,$400B_length,1
536,$4000_duty,0
536,$4000_const,1
536,$4000_vol,6
536,$4006_period,1017
536,$4004_duty,0
536,$4004_const,1
536,$4004_vol,4
536,$4008_linear,127
536,$400A_period,763
536,$400B_length,1
536,$400C_const,1
536,$400C_vol,0
536,$4008_linear,127
536,$400A_period,449
536,$400B_length,0
536,$4008_linear,127
536,$400C_const,1
536,$400C_vol,10
536,$400E_period,5
536,$400E_mode,0
536,$400C_const,1
536,$400C_vol,10
537,$4000_duty,0
537,$4000_const,1
537,$4000_vol,8
537,$4004_duty,0
537,$4004_const,1
537,$4004_vol,6
537,$4008_linear,127
537,$400E_period,6
537,$400E_mode,0
537,$400C_const,1
537,$400C_vol,10
537,$400C_const,1
537,$400C_vol,7
538,$4000_duty,0
538,$4000_const,1
538,$4000_vol,10
538,$4004_duty,0
538,$4004_const,1
538,$4004_vol,8
538,$400A_period,993
538,$400B_length,1
538,$4008_linear,127
538,$400E_period,7
538,$400E_mode,0
538,$400C_const,1
538,$400C_vol,7
538,$400C_const,1
538,$400C_vol,3
539,$4000_duty,0
539,$4000_const,1
539,$4000_vol,12
539,$4004_duty,0
539,$4004_const,1
539,$4004_vol,10
539,$4008_linear,127
539,$400C_const,1
539,$400C_vol,6
540,$4000_duty,0
540,$4000_const,1
540,$4000_vol,10
540,$4004_duty,0
540,$4004_const,1
540,$4004_vol,8
540,$4008_linear,127
540,$400C_const,1
540,$400C_vol,5
541,$4000_duty,0
541,$4000_const,1
541,$4000_vol,10
541,$4004_duty,0
541,$4004_const,1
541,$4004_vol,8
541,$4008_linear,127
541,$400C_const,1
541,$400C_vol,4
542,$4000_duty,0
542,$4000_const,1
542,$4000_vol,10
542,$4004_duty,0
542,$4004_const,1
542,$4004_vol,8
542,$4008_linear,127
542,$400C_const,1
542,$400C_vol,3
543,$4000_duty,0
543,$4000_const,1
543,$4000_vol,10
543,$4004_duty,0
543,$4004_const,1
543,$4004_vol,8
543,$4008_linear,127
543,$400C_const,1
543,$400C_vol,2
544,$4000_duty,0
544,$4000_const,1
544,$4000_vol,10
544,$4004_duty,0
544,$4004_const,1
544,$4004_vol,8
544,$4008_linear,127
544,$400A_period,763
544,$400B_length,1
544,$400C_const,1
544,$400C_vol,0
545,$4000_duty,0
545,$4000_const,1
545,$4000_vol,10
545,$4004_duty,0
545,$4004_const,1
545,$4004_vol,8
545,$4008_linear,127
545,$400C_const,1
545,$400C_vol,0
546,$4000_duty,0
546,$4000_const,1
546,$4000_vol,10
546,$4004_duty,0
546,$4004_const,1
546,$4004_vol,8
546,$4008_linear,0
546,$400C_const,1
546,$400C_vol,0
547,$4000_duty,0
547,$4000_const,1
547,$4000_vol,10
547,$4004_duty,0
547,$4004_const,1
547,$4004_vol,8
547,$4008_linear,0
547,$400C_const,1
547,$400C_vol,0
548,$4000_duty,0
548,$4000_const,1
548,$4000_vol,1
548,$4004_duty,0
548,$4004_const,1
548,$4004_vol,1
548,$4008_linear,0
548,$400C_const,1
548,$400C_vol,0
549,$4000_duty,0
549,$4000_const,1
549,$4000_vol,2
549,$4004_duty,0
549,$4004_const,1
549,$4004_vol,2
549,$4008_linear,0
549,$400C_const,1
549,$400C_vol,0
550,$4002_period,809
550,$400B_length,1
550,$4000_duty,0
550,$4000_const,1
550,$4000_vol,6
550,$4006_period,1069
550,$4004_duty,0
550,$4004_const,1
550,$4004_vol,4
550,$400A_period,763
550,$400B_length,1
550,$4008_linear,127
550,$400C_const,1
550,$400C_vol,0
550,$400C_const,1
550,$400C_vol,15
550,$400E_period,4
550,$400E_mode,0
550,$400C_const,1
550,$400C_vol,15
551,$4000_duty,0
551,$4000_const,1
551,$4000_vol,8
551,$4004_duty,0
551,$4004_const,1
551,$4004_vol,6
551,$4008_linear,127
551,$400E_period,1
551,$400E_mode,0
551,$400C_const,1
551,$400C_vol,15
552,$4000_duty,0
552,$4000_const,1
552,$4000_vol,10
552,$4004_duty,0
552,$4004_const,1
552,$4004_vol,8
552,$4008_linear,127
552,$400C_const,1
552,$400C_vol,13
552,$400E_period,2
552,$400E_mode,0
552,$400C_const,1
552,$400C_vol,13
553,$4002_period,763
553,$400B_length,1
553,$4000_duty,0
553,$4000_const,1
553,$4000_vol,6
553,$4006_period,1017
553,$4004_duty,0
553,$4004_const,1
553,$4004_vol,4
553,$4008_linear,127
553,$400C_const,1
553,$400C_vol,11
553,$400E_period,3
553,$400E_mode,0
553,$400C_const,1
553,$400C_vol,11
554,$4000_duty,0
554,$4000_const,1
554,$4000_vol,8
554,$4004_duty,0
554,$4004_const,1
554,$4004_vol,6
554,$4008_linear,127
554,$400C_const,1
554,$400C_vol,9
554,$400E_period,4
554,$400E_mode,0
554,$400C_const,1
554,$400C_vol,9
555,$4000_duty,0
555,$4000_const,1
555,$4000_vol,10
555,$4004_duty,0
555,$4004_const,1
555,$4004_vol,8
555,$4008_linear,127
555,$400C_const,1
555,$400C_vol,7
555,$400E_period,5
555,$400E_mode,0
555,$400C_const,1
555,$400C_vol,7
556,$4000_duty,0
556,$4000_const,1
556,$4000_vol,12
556,$4004_duty,0
556,$4004_const,1
556,$4004_vol,10
556,$4008_linear,127
556,$400C_const,1
556,$400C_vol,6
556,$400E_period,6
556,$400E_mode,0
556,$400C_const,1
556,$400C_vol,6
557,$4000_duty,0
557,$4000_const,1
557,$4000_vol,10
557,$4004_duty,0
557,$4004_const,1
557,$4004_vol,8
557,$4008_linear,127
558,$4000_duty,0
558,$4000_const,1
558,$4000_vol,10
558,$4004_duty,0
558,$4004_const,1
558,$4004_vol,8
558,$4008_linear,127
558,$400C_const,1
558,$400C_vol,5
558,$400E_period,5
558,$400E_mode,0
558,$400C_const,1
558,$400C_vol,5
559,$4000_duty,0
559,$4000_const,1
559,$4000_vol,10
559,$4004_duty,0
559,$4004_const,1
559,$4004_vol,8
559,$4008_linear,127
560,$4000_duty,0
560,$4000_const,1
560,$4000_vol,10
560,$4004_duty,0
560,$4004_const,1
560,$4004_vol,8
560,$4008_linear,127
561,$4000_duty,0
561,$4000_const,1
561,$4000_vol,10
561,$4004_duty,0
561,$4004_const,1
561,$4004_vol,8
561,$4008_linear,127
562,$4000_duty,0
562,$4000_const,1
562,$4000_vol,10
562,$4004_duty,0
562,$4004_const,1
562,$4004_vol,8
562,$4008_linear,127
562,$400C_const,1
562,$400C_vol,4
562,$400E_period,6
562,$400E_mode,0
562,$400C_const,1
562,$400C_vol,4
563,$4000_duty,0
563,$4000_const,1
563,$4000_vol,10
563,$4004_duty,0
563,$4004_const,1
563,$4004_vol,8
563,$4008_linear,127
564,$4000_duty,0
564,$4000_const,1
564,$4000_vol,10
564,$4004_duty,0
564,$4004_const,1
564,$4004_vol,8
564,$4008_linear,127
564,$400C_const,1
564,$400C_vol,3
564,$400E_period,5
564,$400E_mode,0
564,$400C_const,1
564,$400C_vol,3
565,$4000_duty,0
565,$4000_const,1
565,$4000_vol,10
565,$4004_duty,0
565,$4004_const,1
565,$4004_vol,8
565,$4008_linear,127
566,$4000_duty,0
566,$4000_const,1
566,$4000_vol,10
566,$4004_duty,0
566,$4004_const,1
566,$4004_vol,8
566,$4008_linear,127
567,$4000_duty,0
567,$4000_const,1
567,$4000_vol,10
567,$4004_duty,0
567,$4004_const,1
567,$4004_vol,8
567,$4008_linear,127
568,$4000_duty,0
568,$4000_const,1
568,$4000_vol,10
568,$4004_duty,0
568,$4004_const,1
568,$4004_vol,8
568,$4008_linear,127
568,$400C_const,1
568,$400C_vol,2
568,$400E_period,6
568,$400E_mode,0
568,$400C_const,1
568,$400C_vol,2
569,$4000_duty,0
569,$4000_const,1
569,$4000_vol,10
569,$4004_duty,0
569,$4004_const,1
569,$4004_vol,8
569,$4008_linear,127
570,$4000_duty,0
570,$4000_const,1
570,$4000_vol,10
570,$4004_duty,0
570,$4004_const,1
570,$4004_vol,8
570,$4008_linear,127
570,$400E_period,5
570,$400E_mode,0
570,$400C_const,1
570,$400C_vol,2
571,$4000_duty,0
571,$4000_const,1
571,$4000_vol,10
571,$4004_duty,0
571,$4004_const,1
571,$4004_vol,8
571,$4008_linear,127
572,$4000_duty,0
572,$4000_const,1
572,$4000_vol,10
572,$4004_duty,0
572,$4004_const,1
572,$4004_vol,8
572,$4008_linear,127
573,$4000_duty,0
573,$4000_const,1
573,$4000_vol,10
573,$4004_duty,0
573,$4004_const,1
573,$4004_vol,8
573,$4008_linear,127
574,$4000_duty,0
574,$4000_const,1
574,$4000_vol,10
574,$4004_duty,0
574,$4004_const,1
574,$4004_vol,8
574,$4008_linear,0
574,$400C_const,1
574,$400C_vol,1
574,$400E_period,6
574,$400E_mode,0
574,$400C_const,1
574,$400C_vol,1
575,$4000_duty,0
575,$4000_const,1
575,$4000_vol,10
575,$4004_duty,0
575,$4004_const,1
575,$4004_vol,8
575,$4008_linear,0
576,$4000_duty,0
576,$4000_const,1
576,$4000_vol,1
576,$4004_duty,0
576,$4004_const,1
576,$4004_vol,1
576,$4008_linear,0
576,$400E_period,5
576,$400E_mode,0
576,$400C_const,1
576,$400C_vol,1
577,$4000_duty,0
577,$4000_const,1
577,$4000_vol,2
577,$4004_duty,0
577,$4004_const,1
577,$4004_vol,2
577,$4008_linear,0
579,$4000_duty,0
579,$4000_const,1
579,$4000_vol,0
579,$4004_duty,0
579,$4004_const,1
579,$4004_vol,0
579,$4008_linear,0
580,$4000_duty,0
580,$4000_const,1
580,$4000_vol,0
580,$4004_duty,0
580,$4004_const,1
580,$4004_vol,0
580,$4008_linear,0
580,$400C_const,1
580,$400C_vol,0
581,$4000_duty,0
581,$4000_const,1
581,$4000_vol,0
581,$4004_duty,0
581,$4004_const,1
581,$4004_vol,0
581,$4008_linear,0
581,$400C_const,1
581,$400C_vol,0
581,$400C_const,1
581,$400C_vol,0
582,$4000_duty,0
582,$4000_const,1
582,$4000_vol,0
582,$4004_duty,0
582,$4004_const,1
582,$4004_vol,0
582,$4008_linear,0
582,$400C_const,1
582,$400C_vol,0
582,$400C_const,1
582,$400C_vol,0
583,$4000_duty,0
583,$4000_const,1
583,$4000_vol,0
583,$4004_duty,0
583,$4004_const,1
583,$4004_vol,0
583,$4008_linear,0
583,$400C_const,1
583,$400C_vol,0
583,$400C_const,1
583,$400C_vol,0
584,$4000_duty,0
584,$4000_const,1
584,$4000_vol,0
584,$4004_duty,0
584,$4004_const,1
584,$4004_vol,0
584,$4008_linear,0
584,$400C_const,1
584,$400C_vol,0
584,$400C_const,1
584,$400C_vol,0
585,$4000_duty,0
585,$4000_const,1
585,$4000_vol,0
585,$4004_duty,0
585,$4004_const,1
585,$4004_vol,0
585,$4008_linear,0
585,$400C_const,1
585,$400C_vol,0
585,$400C_const,1
585,$400C_vol,0
586,$4000_duty,0
586,$4000_const,1
586,$4000_vol,0
586,$4004_duty,0
586,$4004_const,1
586,$4004_vol,0
586,$4008_linear,0
586,$400C_const,1
586,$400C_vol,0
586,$400C_const,1
586,$400C_vol,0
587,$4000_duty,0
587,$4000_const,1
587,$4000_vol,0
587,$4004_duty,0
587,$4004_const,1
587,$4004_vol,0
587,$4008_linear,0
587,$400C_const,1
587,$400C_vol,0
587,$400C_const,1
587,$400C_vol,0
588,$4000_duty,0
588,$4000_const,1
588,$4000_vol,0
588,$4004_duty,0
588,$4004_const,1
588,$4004_vol,0
588,$4008_linear,0
588,$400C_const,1
588,$400C_vol,0
588,$400C_const,1
588,$400C_vol,0
589,$4000_duty,0
589,$4000_const,1
589,$4000_vol,0
589,$4004_duty,0
589,$4004_const,1
589,$4004_vol,0
589,$4008_linear,0
589,$400C_const,1
589,$400C_vol,0
589,$400C_const,1
589,$400C_vol,0
590,$4000_duty,0
590,$4000_const,1
590,$4000_vol,0
590,$4004_duty,0
590,$4004_const,1
590,$4004_vol,0
590,$4008_linear,0
590,$400C_const,1
590,$400C_vol,0
590,$400C_const,1
590,$400C_vol,0
591,$4000_duty,0
591,$4000_const,1
591,$4000_vol,0
591,$4004_duty,0
591,$4004_const,1
591,$4004_vol,0
591,$4008_linear,0
591,$400C_const,1
591,$400C_vol,0
591,$400C_const,1
591,$400C_vol,0
592,$4000_duty,0
592,$4000_const,1
592,$4000_vol,0
592,$4004_duty,0
592,$4004_const,1
592,$4004_vol,0
592,$4008_linear,0
592,$400C_const,1
592,$400C_vol,0
592,$400C_const,1
592,$400C_vol,0
593,$4000_duty,0
593,$4000_const,1
593,$4000_vol,0
593,$4004_duty,0
593,$4004_const,1
593,$4004_vol,0
593,$4008_linear,0
593,$400C_const,1
593,$400C_vol,0
593,$400C_const,1
593,$400C_vol,0
594,$4000_duty,0
594,$4000_const,1
594,$4000_vol,0
594,$4004_duty,0
594,$4004_const,1
594,$4004_vol,0
594,$4008_linear,0
594,$400C_const,1
594,$400C_vol,0
594,$400C_const,1
594,$400C_vol,0
595,$4000_duty,0
595,$4000_const,1
595,$4000_vol,0
595,$4004_duty,0
595,$4004_const,1
595,$4004_vol,0
595,$4008_linear,0
595,$400C_const,1
595,$400C_vol,0
595,$400C_const,1
595,$400C_vol,0
596,$4000_duty,0
596,$4000_const,1
596,$4000_vol,0
596,$4004_duty,0
596,$4004_const,1
596,$4004_vol,0
596,$4008_linear,0
596,$400C_const,1
596,$400C_vol,0
596,$400C_const,1
596,$400C_vol,0
597,$4000_duty,0
597,$4000_const,1
597,$4000_vol,0
597,$4004_duty,0
597,$4004_const,1
597,$4004_vol,0
597,$4008_linear,0
597,$400C_const,1
597,$400C_vol,0
597,$400C_const,1
597,$400C_vol,0
598,$4000_duty,0
598,$4000_const,1
598,$4000_vol,0
598,$4004_duty,0
598,$4004_const,1
598,$4004_vol,0
598,$4008_linear,0
598,$400C_const,1
598,$400C_vol,0
598,$400C_const,1
598,$400C_vol,0
599,$4000_duty,0
599,$4000_const,1
599,$4000_vol,0
599,$4004_duty,0
599,$4004_const,1
599,$4004_vol,0
599,$4008_linear,0
599,$400C_const,1
599,$400C_vol,0
599,$400C_const,1
599,$400C_vol,0
