frame,parameter,value
0,$4000_duty,0
0,$4000_const,1
0,$4000_vol,0
0,$4001_sweep,17
0,$4004_duty,0
0,$4004_const,1
0,$4004_vol,0
0,$4005_sweep,17
0,$4008_linear,0
0,$400C_const,1
0,$400C_vol,0
0,$400E_period,0
0,$400E_mode,0
1,$4000_duty,0
1,$4000_const,1
1,$4000_vol,0
1,$4001_sweep,17
1,$4004_duty,0
1,$4004_const,1
1,$4004_vol,0
1,$4005_sweep,17
1,$4008_linear,0
1,$400C_const,1
1,$400C_vol,0
1,$400E_period,0
1,$400E_mode,0
2,$4000_duty,0
2,$4000_const,1
2,$4000_vol,0
2,$4001_sweep,17
2,$4004_duty,0
2,$4004_const,1
2,$4004_vol,0
2,$4005_sweep,17
2,$4008_linear,0
2,$400C_const,1
2,$400C_vol,0
2,$400E_period,0
2,$400E_mode,0
3,$4000_duty,0
3,$4000_const,1
3,$4000_vol,0
3,$4001_sweep,17
3,$4004_duty,0
3,$4004_const,1
3,$4004_vol,0
3,$4005_sweep,17
3,$4008_linear,0
3,$400C_const,1
3,$400C_vol,0
3,$400E_period,0
3,$400E_mode,0
4,$4000_duty,0
4,$4000_const,1
4,$4000_vol,0
4,$4001_sweep,17
4,$4002_period,429
4,$400B_length,0
4,$4004_duty,0
4,$4004_const,1
4,$4004_vol,0
4,$4005_sweep,17
4,$4006_period,1
4,$4008_linear,0
4,$400A_period,263
4,$400B_length,248
4,$400C_const,1
4,$400C_vol,0
4,$400E_period,0
4,$400E_mode,0
5,$4000_duty,0
5,$4000_const,1
5,$4000_vol,0
5,$4001_sweep,17
5,$4004_duty,0
5,$4004_const,1
5,$4004_vol,0
5,$4005_sweep,17
5,$4008_linear,0
5,$400C_const,1
5,$400C_vol,0
5,$400E_period,0
5,$400E_mode,0
6,$4000_duty,0
6,$4000_const,1
6,$4000_vol,0
6,$4001_sweep,17
6,$4004_duty,0
6,$4004_const,1
6,$4004_vol,0
6,$4005_sweep,17
6,$4008_linear,0
6,$400C_const,1
6,$400C_vol,0
6,$400E_period,0
6,$400E_mode,0
7,$4000_duty,0
7,$4000_const,1
7,$4000_vol,0
7,$4001_sweep,17
7,$4004_duty,0
7,$4004_const,1
7,$4004_vol,0
7,$4005_sweep,17
7,$4008_linear,0
7,$400C_const,1
7,$400C_vol,0
7,$400E_period,0
7,$400E_mode,0
8,$4000_duty,0
8,$4000_const,1
8,$4000_vol,0
8,$4001_sweep,17
8,$4004_duty,0
8,$4004_const,1
8,$4004_vol,0
8,$4005_sweep,17
8,$4008_linear,0
8,$400C_const,1
8,$400C_vol,0
8,$400E_period,0
8,$400E_mode,0
9,$4000_duty,0
9,$4000_const,1
9,$4000_vol,0
9,$4001_sweep,17
9,$4004_duty,0
9,$4004_const,1
9,$4004_vol,0
9,$4005_sweep,17
9,$4008_linear,0
9,$400C_const,1
9,$400C_vol,0
9,$400E_period,0
9,$400E_mode,0
10,$4000_duty,0
10,$4000_const,1
10,$4000_vol,0
10,$4001_sweep,17
10,$4004_duty,0
10,$4004_const,1
10,$4004_vol,0
10,$4005_sweep,17
10,$4008_linear,0
10,$400C_const,1
10,$400C_vol,0
10,$400E_period,0
10,$400E_mode,0
11,$4000_duty,0
11,$4000_const,1
11,$4000_vol,0
11,$4001_sweep,17
11,$4004_duty,0
11,$4004_const,1
11,$4004_vol,0
11,$4005_sweep,17
11,$4008_linear,0
11,$400C_const,1
11,$400C_vol,0
11,$400E_period,0
11,$400E_mode,0
12,$4000_duty,0
12,$4000_const,1
12,$4000_vol,0
12,$4001_sweep,17
12,$4004_duty,0
12,$4004_const,1
12,$4004_vol,0
12,$4005_sweep,17
12,$4008_linear,0
12,$400C_const,1
12,$400C_vol,0
12,$400E_period,0
12,$400E_mode,0
13,$4000_duty,0
13,$4000_const,1
13,$4000_vol,0
13,$4001_sweep,17
13,$4004_duty,0
13,$4004_const,1
13,$4004_vol,0
13,$4005_sweep,17
13,$4008_linear,0
13,$400C_const,1
13,$400C_vol,0
13,$400E_period,0
13,$400E_mode,0
14,$4000_duty,0
14,$4000_const,1
14,$4000_vol,0
14,$4001_sweep,17
14,$4004_duty,0
14,$4004_const,1
14,$4004_vol,0
14,$4005_sweep,17
14,$4008_linear,0
14,$400C_const,1
14,$400C_vol,0
14,$400E_period,0
14,$400E_mode,0
15,$4000_duty,0
15,$4000_const,1
15,$4000_vol,0
15,$4001_sweep,17
15,$4004_duty,0
15,$4004_const,1
15,$4004_vol,0
15,$4005_sweep,17
15,$4008_linear,0
15,$400C_const,1
15,$400C_vol,0
15,$400E_period,0
15,$400E_mode,0
16,$4000_duty,0
16,$4000_const,1
16,$4000_vol,0
16,$4001_sweep,17
16,$4004_duty,0
16,$4004_const,1
16,$4004_vol,0
16,$4005_sweep,17
16,$4008_linear,0
16,$400C_const,1
16,$400C_vol,0
16,$400E_period,0
16,$400E_mode,0
17,$4000_duty,0
17,$4000_const,1
17,$4000_vol,0
17,$4001_sweep,17
17,$4004_duty,0
17,$4004_const,1
17,$4004_vol,0
17,$4005_sweep,17
17,$4008_linear,0
17,$400C_const,1
17,$400C_vol,0
17,$400E_period,0
17,$400E_mode,0
18,$4000_duty,0
18,$4000_const,1
18,$4000_vol,0
18,$4001_sweep,17
18,$4004_duty,0
18,$4004_const,1
18,$4004_vol,0
18,$4005_sweep,17
18,$4008_linear,0
18,$400C_const,1
18,$400C_vol,0
18,$400E_period,0
18,$400E_mode,0
19,$4000_duty,0
19,$4000_const,1
19,$4000_vol,0
19,$4001_sweep,17
19,$4004_duty,0
19,$4004_const,1
19,$4004_vol,0
19,$4005_sweep,17
19,$4008_linear,0
19,$400C_const,1
19,$400C_vol,0
19,$400E_period,0
19,$400E_mode,0
20,$4000_duty,0
20,$4000_const,1
20,$4000_vol,0
20,$4001_sweep,17
20,$4004_duty,0
20,$4004_const,1
20,$4004_vol,0
20,$4005_sweep,17
20,$4008_linear,0
20,$400C_const,1
20,$400C_vol,0
20,$400E_period,0
20,$400E_mode,0
21,$4000_duty,0
21,$4000_const,1
21,$4000_vol,0
21,$4001_sweep,17
21,$4004_duty,0
21,$4004_const,1
21,$4004_vol,0
21,$4005_sweep,17
21,$4008_linear,0
21,$400C_const,1
21,$400C_vol,0
21,$400E_period,0
21,$400E_mode,0
22,$4000_duty,0
22,$4000_const,1
22,$4000_vol,0
22,$4001_sweep,17
22,$4004_duty,0
22,$4004_const,1
22,$4004_vol,0
22,$4005_sweep,17
22,$4008_linear,0
22,$400C_const,1
22,$400C_vol,0
22,$400E_period,0
22,$400E_mode,0
23,$4000_duty,0
23,$4000_const,1
23,$4000_vol,0
23,$4001_sweep,17
23,$4004_duty,0
23,$4004_const,1
23,$4004_vol,0
23,$4005_sweep,17
23,$4008_linear,0
23,$400C_const,1
23,$400C_vol,0
23,$400E_period,0
23,$400E_mode,0
24,$4000_duty,0
24,$4000_const,1
24,$4000_vol,0
24,$4001_sweep,17
24,$4004_duty,0
24,$4004_const,1
24,$4004_vol,0
24,$4005_sweep,17
24,$4008_linear,0
24,$400C_const,1
24,$400C_vol,0
24,$400E_period,0
24,$400E_mode,0
25,$4000_duty,0
25,$4000_const,1
25,$4000_vol,0
25,$4001_sweep,17
25,$4004_duty,0
25,$4004_const,1
25,$4004_vol,0
25,$4005_sweep,17
25,$4008_linear,0
25,$400C_const,1
25,$400C_vol,0
25,$400E_period,0
25,$400E_mode,0
26,$4000_duty,0
26,$4000_const,1
26,$4000_vol,0
26,$4001_sweep,17
26,$4004_duty,0
26,$4004_const,1
26,$4004_vol,0
26,$4005_sweep,17
26,$4008_linear,0
26,$400C_const,1
26,$400C_vol,0
26,$400E_period,0
26,$400E_mode,0
27,$4000_duty,0
27,$4000_const,1
27,$4000_vol,0
27,$4001_sweep,17
27,$4004_duty,0
27,$4004_const,1
27,$4004_vol,0
27,$4005_sweep,17
27,$4008_linear,0
27,$400C_const,1
27,$400C_vol,0
27,$400E_period,0
27,$400E_mode,0
28,$4000_duty,0
28,$4000_const,1
28,$4000_vol,0
28,$4001_sweep,17
28,$4004_duty,0
28,$4004_const,1
28,$4004_vol,0
28,$4005_sweep,17
28,$4008_linear,0
28,$400C_const,1
28,$400C_vol,0
28,$400E_period,0
28,$400E_mode,0
29,$4000_duty,0
29,$4000_const,1
29,$4000_vol,0
29,$4001_sweep,17
29,$4004_duty,0
29,$4004_const,1
29,$4004_vol,0
29,$4005_sweep,17
29,$4008_linear,0
29,$400C_const,1
29,$400C_vol,0
29,$400E_period,0
29,$400E_mode,0
30,$4000_duty,0
30,$4000_const,1
30,$4000_vol,0
30,$4001_sweep,17
30,$4004_duty,0
30,$4004_const,1
30,$4004_vol,0
30,$4005_sweep,17
30,$4008_linear,0
30,$400C_const,1
30,$400C_vol,0
30,$400E_period,0
30,$400E_mode,0
31,$4000_duty,0
31,$4000_const,1
31,$4000_vol,0
31,$4001_sweep,17
31,$4004_duty,0
31,$4004_const,1
31,$4004_vol,0
31,$4005_sweep,17
31,$4008_linear,0
31,$400C_const,1
31,$400C_vol,0
31,$400E_period,0
31,$400E_mode,0
32,$4000_duty,0
32,$4000_const,1
32,$4000_vol,0
32,$4001_sweep,17
32,$4004_duty,0
32,$4004_const,1
32,$4004_vol,0
32,$4005_sweep,17
32,$4008_linear,0
32,$400C_const,1
32,$400C_vol,0
32,$400E_period,0
32,$400E_mode,0
33,$4000_duty,0
33,$4000_const,1
33,$4000_vol,0
33,$4001_sweep,17
33,$4004_duty,0
33,$4004_const,1
33,$4004_vol,0
33,$4005_sweep,17
33,$4008_linear,0
33,$400C_const,1
33,$400C_vol,0
33,$400E_period,0
33,$400E_mode,0
34,$4000_duty,0
34,$4000_const,1
34,$4000_vol,0
34,$4001_sweep,17
34,$4004_duty,0
34,$4004_const,1
34,$4004_vol,0
34,$4005_sweep,17
34,$4008_linear,0
34,$400C_const,1
34,$400C_vol,0
34,$400E_period,0
34,$400E_mode,0
35,$4000_duty,0
35,$4000_const,1
35,$4000_vol,0
35,$4001_sweep,17
35,$4004_duty,0
35,$4004_const,1
35,$4004_vol,0
35,$4005_sweep,17
35,$4008_linear,0
35,$400C_const,1
35,$400C_vol,0
35,$400E_period,0
35,$400E_mode,0
36,$4000_duty,0
36,$4000_const,1
36,$4000_vol,0
36,$4001_sweep,17
36,$4004_duty,0
36,$4004_const,1
36,$4004_vol,0
36,$4005_sweep,17
36,$4008_linear,0
36,$400C_const,1
36,$400C_vol,0
36,$400E_period,0
36,$400E_mode,0
37,$4000_duty,0
37,$4000_const,1
37,$4000_vol,0
37,$4001_sweep,17
37,$4004_duty,0
37,$4004_const,1
37,$4004_vol,0
37,$4005_sweep,17
37,$4008_linear,0
37,$400C_const,1
37,$400C_vol,0
37,$400E_period,0
37,$400E_mode,0
38,$4000_duty,0
38,$4000_const,1
38,$4000_vol,0
38,$4001_sweep,17
38,$4004_duty,0
38,$4004_const,1
38,$4004_vol,0
38,$4005_sweep,17
38,$4008_linear,0
38,$400C_const,1
38,$400C_vol,0
38,$400E_period,0
38,$400E_mode,0
39,$4000_duty,0
39,$4000_const,1
39,$4000_vol,0
39,$4001_sweep,17
39,$4004_duty,0
39,$4004_const,1
39,$4004_vol,0
39,$4005_sweep,17
39,$4008_linear,0
39,$400C_const,1
39,$400C_vol,0
39,$400E_period,0
39,$400E_mode,0
40,$4000_duty,0
40,$4000_const,1
40,$4000_vol,0
40,$4001_sweep,17
40,$4004_duty,0
40,$4004_const,1
40,$4004_vol,0
40,$4005_sweep,17
40,$4008_linear,0
40,$400C_const,1
40,$400C_vol,0
40,$400E_period,0
40,$400E_mode,0
41,$4000_duty,0
41,$4000_const,1
41,$4000_vol,0
41,$4001_sweep,17
41,$4004_duty,0
41,$4004_const,1
41,$4004_vol,0
41,$4005_sweep,17
41,$4008_linear,0
41,$400C_const,1
41,$400C_vol,0
41,$400E_period,0
41,$400E_mode,0
42,$4000_duty,0
42,$4000_const,1
42,$4000_vol,0
42,$4001_sweep,17
42,$4004_duty,0
42,$4004_const,1
42,$4004_vol,0
42,$4005_sweep,17
42,$4008_linear,0
42,$400C_const,1
42,$400C_vol,0
42,$400E_period,0
42,$400E_mode,0
43,$4000_duty,0
43,$4000_const,1
43,$4000_vol,0
43,$4001_sweep,17
43,$4004_duty,0
43,$4004_const,1
43,$4004_vol,0
43,$4005_sweep,17
43,$4008_linear,0
43,$400C_const,1
43,$400C_vol,0
43,$400E_period,0
43,$400E_mode,0
44,$4000_duty,0
44,$4000_const,1
44,$4000_vol,0
44,$4001_sweep,17
44,$4004_duty,0
44,$4004_const,1
44,$4004_vol,0
44,$4005_sweep,17
44,$4008_linear,0
44,$400C_const,1
44,$400C_vol,0
44,$400E_period,0
44,$400E_mode,0
45,$4000_duty,0
45,$4000_const,1
45,$4000_vol,0
45,$4001_sweep,17
45,$4004_duty,0
45,$4004_const,1
45,$4004_vol,0
45,$4005_sweep,17
45,$4008_linear,0
45,$400C_const,1
45,$400C_vol,0
45,$400E_period,0
45,$400E_mode,0
46,$4000_duty,0
46,$4000_const,1
46,$4000_vol,0
46,$4001_sweep,17
46,$4004_duty,0
46,$4004_const,1
46,$4004_vol,0
46,$4005_sweep,17
46,$4008_linear,0
46,$400C_const,1
46,$400C_vol,0
46,$400E_period,0
46,$400E_mode,0
47,$4000_duty,0
47,$4000_const,1
47,$4000_vol,0
47,$4001_sweep,17
47,$4004_duty,0
47,$4004_const,1
47,$4004_vol,0
47,$4005_sweep,17
47,$4008_linear,0
47,$400C_const,1
47,$400C_vol,0
47,$400E_period,0
47,$400E_mode,0
48,$4000_duty,0
48,$4000_const,1
48,$4000_vol,0
48,$4001_sweep,17
48,$4004_duty,0
48,$4004_const,1
48,$4004_vol,0
48,$4005_sweep,17
48,$4008_linear,0
48,$400C_const,1
48,$400C_vol,0
48,$400E_period,0
48,$400E_mode,0
49,$4000_duty,0
49,$4000_const,1
49,$4000_vol,0
49,$4001_sweep,17
49,$4004_duty,0
49,$4004_const,1
49,$4004_vol,0
49,$4005_sweep,17
49,$4008_linear,0
49,$400C_const,1
49,$400C_vol,0
49,$400E_period,0
49,$400E_mode,0
50,$4000_duty,0
50,$4000_const,1
50,$4000_vol,0
50,$4001_sweep,17
50,$4004_duty,0
50,$4004_const,1
50,$4004_vol,0
50,$4005_sweep,17
50,$4008_linear,0
50,$400C_const,1
50,$400C_vol,0
50,$400E_period,0
50,$400E_mode,0
51,$4000_duty,0
51,$4000_const,1
51,$4000_vol,0
51,$4001_sweep,17
51,$4004_duty,0
51,$4004_const,1
51,$4004_vol,0
51,$4005_sweep,17
51,$4008_linear,0
51,$400C_const,1
51,$400C_vol,0
51,$400E_period,0
51,$400E_mode,0
52,$4000_duty,0
52,$4000_const,1
52,$4000_vol,0
52,$4001_sweep,17
52,$4004_duty,0
52,$4004_const,1
52,$4004_vol,0
52,$4005_sweep,17
52,$4008_linear,0
52,$400C_const,1
52,$400C_vol,0
52,$400E_period,0
52,$400E_mode,0
53,$4000_duty,0
53,$4000_const,1
53,$4000_vol,0
53,$4001_sweep,17
53,$4004_duty,0
53,$4004_const,1
53,$4004_vol,0
53,$4005_sweep,17
53,$4008_linear,0
53,$400C_const,1
53,$400C_vol,0
53,$400E_period,0
53,$400E_mode,0
54,$4000_duty,0
54,$4000_const,1
54,$4000_vol,0
54,$4001_sweep,17
54,$4004_duty,0
54,$4004_const,1
54,$4004_vol,0
54,$4005_sweep,17
54,$4008_linear,0
54,$400C_const,1
54,$400C_vol,0
54,$400E_period,0
54,$400E_mode,0
55,$4000_duty,0
55,$4000_const,1
55,$4000_vol,0
55,$4001_sweep,17
55,$4004_duty,0
55,$4004_const,1
55,$4004_vol,0
55,$4005_sweep,17
55,$4008_linear,0
55,$400C_const,1
55,$400C_vol,0
55,$400E_period,0
55,$400E_mode,0
56,$4000_duty,0
56,$4000_const,1
56,$4000_vol,0
56,$4001_sweep,17
56,$4004_duty,0
56,$4004_const,1
56,$4004_vol,0
56,$4005_sweep,17
56,$4008_linear,0
56,$400C_const,1
56,$400C_vol,0
56,$400E_period,0
56,$400E_mode,0
57,$4000_duty,0
57,$4000_const,1
57,$4000_vol,0
57,$4001_sweep,17
57,$4004_duty,0
57,$4004_const,1
57,$4004_vol,0
57,$4005_sweep,17
57,$4008_linear,0
57,$400C_const,1
57,$400C_vol,0
57,$400E_period,0
57,$400E_mode,0
58,$4000_duty,0
58,$4000_const,1
58,$4000_vol,0
58,$4001_sweep,17
58,$4004_duty,0
58,$4004_const,1
58,$4004_vol,0
58,$4005_sweep,17
58,$4008_linear,0
58,$400C_const,1
58,$400C_vol,0
58,$400E_period,0
58,$400E_mode,0
59,$4000_duty,0
59,$4000_const,1
59,$4000_vol,0
59,$4001_sweep,17
59,$4004_duty,0
59,$4004_const,1
59,$4004_vol,0
59,$4005_sweep,17
59,$4008_linear,0
59,$400C_const,1
59,$400C_vol,0
59,$400E_period,0
59,$400E_mode,0
60,$4000_duty,0
60,$4000_const,1
60,$4000_vol,0
60,$4001_sweep,17
60,$4004_duty,0
60,$4004_const,1
60,$4004_vol,0
60,$4005_sweep,17
60,$4008_linear,0
60,$400C_const,1
60,$400C_vol,0
60,$400E_period,0
60,$400E_mode,0
61,$4000_duty,0
61,$4000_const,1
61,$4000_vol,0
61,$4001_sweep,17
61,$4004_duty,0
61,$4004_const,1
61,$4004_vol,0
61,$4005_sweep,17
61,$4008_linear,0
61,$400C_const,1
61,$400C_vol,0
61,$400E_period,0
61,$400E_mode,0
62,$4000_duty,0
62,$4000_const,1
62,$4000_vol,0
62,$4001_sweep,17
62,$4004_duty,0
62,$4004_const,1
62,$4004_vol,0
62,$4005_sweep,17
62,$4008_linear,0
62,$400C_const,1
62,$400C_vol,0
62,$400E_period,0
62,$400E_mode,0
63,$4000_duty,0
63,$4000_const,1
63,$4000_vol,0
63,$4001_sweep,17
63,$4004_duty,0
63,$4004_const,1
63,$4004_vol,0
63,$4005_sweep,17
63,$4008_linear,0
63,$400C_const,1
63,$400C_vol,0
63,$400E_period,0
63,$400E_mode,0
64,$4000_duty,0
64,$4000_const,1
64,$4000_vol,0
64,$4001_sweep,17
64,$4004_duty,0
64,$4004_const,1
64,$4004_vol,0
64,$4005_sweep,17
64,$4008_linear,0
64,$400C_const,1
64,$400C_vol,0
64,$400E_period,0
64,$400E_mode,0
65,$4000_duty,0
65,$4000_const,1
65,$4000_vol,0
65,$4001_sweep,17
65,$4004_duty,0
65,$4004_const,1
65,$4004_vol,0
65,$4005_sweep,17
65,$4008_linear,0
65,$400C_const,1
65,$400C_vol,0
65,$400E_period,0
65,$400E_mode,0
66,$4000_duty,0
66,$4000_const,1
66,$4000_vol,0
66,$4001_sweep,17
66,$4004_duty,0
66,$4004_const,1
66,$4004_vol,0
66,$4005_sweep,17
66,$4008_linear,0
66,$400C_const,1
66,$400C_vol,0
66,$400E_period,0
66,$400E_mode,0
67,$4000_duty,0
67,$4000_const,1
67,$4000_vol,0
67,$4001_sweep,17
67,$4004_duty,0
67,$4004_const,1
67,$4004_vol,0
67,$4005_sweep,17
67,$4008_linear,0
67,$400C_const,1
67,$400C_vol,0
67,$400E_period,0
67,$400E_mode,0
68,$4000_duty,0
68,$4000_const,1
68,$4000_vol,0
68,$4001_sweep,17
68,$4002_period,429
68,$400B_length,0
68,$4004_duty,0
68,$4004_const,1
68,$4004_vol,0
68,$4005_sweep,17
68,$4006_period,1
68,$4008_linear,0
68,$400A_period,257
68,$400B_length,248
68,$400C_const,1
68,$400C_vol,0
68,$400E_period,0
68,$400E_mode,0
69,$4000_duty,0
69,$4000_const,1
69,$4000_vol,0
69,$4001_sweep,17
69,$4004_duty,0
69,$4004_const,1
69,$4004_vol,0
69,$4005_sweep,17
69,$4008_linear,0
69,$400C_const,1
69,$400C_vol,0
69,$400E_period,0
69,$400E_mode,0
70,$4000_duty,0
70,$4000_const,1
70,$4000_vol,0
70,$4001_sweep,17
70,$4004_duty,0
70,$4004_const,1
70,$4004_vol,0
70,$4005_sweep,17
70,$4008_linear,0
70,$400C_const,1
70,$400C_vol,0
70,$400E_period,0
70,$400E_mode,0
71,$4000_duty,0
71,$4000_const,1
71,$4000_vol,0
71,$4001_sweep,17
71,$4004_duty,0
71,$4004_const,1
71,$4004_vol,0
71,$4005_sweep,17
71,$4008_linear,0
71,$400C_const,1
71,$400C_vol,0
71,$400E_period,0
71,$400E_mode,0
72,$4000_duty,0
72,$4000_const,1
72,$4000_vol,0
72,$4001_sweep,17
72,$4004_duty,0
72,$4004_const,1
72,$4004_vol,0
72,$4005_sweep,17
72,$4008_linear,0
72,$400C_const,1
72,$400C_vol,0
72,$400E_period,0
72,$400E_mode,0
73,$4000_duty,0
73,$4000_const,1
73,$4000_vol,0
73,$4001_sweep,17
73,$4004_duty,0
73,$4004_const,1
73,$4004_vol,0
73,$4005_sweep,17
73,$4008_linear,0
73,$400C_const,1
73,$400C_vol,0
73,$400E_period,0
73,$400E_mode,0
74,$4000_duty,0
74,$4000_const,1
74,$4000_vol,0
74,$4001_sweep,17
74,$4004_duty,0
74,$4004_const,1
74,$4004_vol,0
74,$4005_sweep,17
74,$4008_linear,0
74,$400C_const,1
74,$400C_vol,0
74,$400E_period,0
74,$400E_mode,0
75,$4000_duty,0
75,$4000_const,1
75,$4000_vol,0
75,$4001_sweep,17
75,$4004_duty,0
75,$4004_const,1
75,$4004_vol,0
75,$4005_sweep,17
75,$4008_linear,0
75,$400C_const,1
75,$400C_vol,0
75,$400E_period,0
75,$400E_mode,0
76,$4000_duty,0
76,$4000_const,1
76,$4000_vol,0
76,$4001_sweep,17
76,$4004_duty,0
76,$4004_const,1
76,$4004_vol,0
76,$4005_sweep,17
76,$4008_linear,0
76,$400C_const,1
76,$400C_vol,0
76,$400E_period,0
76,$400E_mode,0
77,$4000_duty,0
77,$4000_const,1
77,$4000_vol,0
77,$4001_sweep,17
77,$4004_duty,0
77,$4004_const,1
77,$4004_vol,0
77,$4005_sweep,17
77,$4008_linear,0
77,$400C_const,1
77,$400C_vol,0
77,$400E_period,0
77,$400E_mode,0
78,$4000_duty,0
78,$4000_const,1
78,$4000_vol,0
78,$4001_sweep,17
78,$4004_duty,0
78,$4004_const,1
78,$4004_vol,0
78,$4005_sweep,17
78,$4008_linear,0
78,$400C_const,1
78,$400C_vol,0
78,$400E_period,0
78,$400E_mode,0
79,$4000_duty,0
79,$4000_const,1
79,$4000_vol,0
79,$4001_sweep,17
79,$4004_duty,0
79,$4004_const,1
79,$4004_vol,0
79,$4005_sweep,17
79,$4008_linear,0
79,$400C_const,1
79,$400C_vol,0
79,$400E_period,0
79,$400E_mode,0
80,$4000_duty,0
80,$4000_const,1
80,$4000_vol,0
80,$4001_sweep,17
80,$4004_duty,0
80,$4004_const,1
80,$4004_vol,0
80,$4005_sweep,17
80,$4008_linear,0
80,$400C_const,1
80,$400C_vol,0
80,$400E_period,0
80,$400E_mode,0
81,$4000_duty,0
81,$4000_const,1
81,$4000_vol,0
81,$4001_sweep,17
81,$4004_duty,0
81,$4004_const,1
81,$4004_vol,0
81,$4005_sweep,17
81,$4008_linear,0
81,$400C_const,1
81,$400C_vol,0
81,$400E_period,0
81,$400E_mode,0
82,$4000_duty,0
82,$4000_const,1
82,$4000_vol,0
82,$4001_sweep,17
82,$4004_duty,0
82,$4004_const,1
82,$4004_vol,0
82,$4005_sweep,17
82,$4008_linear,0
82,$400C_const,1
82,$400C_vol,0
82,$400E_period,0
82,$400E_mode,0
83,$4000_duty,0
83,$4000_const,1
83,$4000_vol,0
83,$4001_sweep,17
83,$4004_duty,0
83,$4004_const,1
83,$4004_vol,0
83,$4005_sweep,17
83,$4008_linear,0
83,$400C_const,1
83,$400C_vol,0
83,$400E_period,0
83,$400E_mode,0
84,$4000_duty,0
84,$4000_const,1
84,$4000_vol,0
84,$4001_sweep,17
84,$4004_duty,0
84,$4004_const,1
84,$4004_vol,0
84,$4005_sweep,17
84,$4008_linear,0
84,$400C_const,1
84,$400C_vol,0
84,$400E_period,0
84,$400E_mode,0
85,$4000_duty,0
85,$4000_const,1
85,$4000_vol,0
85,$4001_sweep,17
85,$4004_duty,0
85,$4004_const,1
85,$4004_vol,0
85,$4005_sweep,17
85,$4008_linear,0
85,$400C_const,1
85,$400C_vol,0
85,$400E_period,0
85,$400E_mode,0
86,$4000_duty,0
86,$4000_const,1
86,$4000_vol,0
86,$4001_sweep,17
86,$4004_duty,0
86,$4004_const,1
86,$4004_vol,0
86,$4005_sweep,17
86,$4008_linear,0
86,$400C_const,1
86,$400C_vol,0
86,$400E_period,0
86,$400E_mode,0
87,$4000_duty,0
87,$4000_const,1
87,$4000_vol,0
87,$4001_sweep,17
87,$4004_duty,0
87,$4004_const,1
87,$4004_vol,0
87,$4005_sweep,17
87,$4008_linear,0
87,$400C_const,1
87,$400C_vol,0
87,$400E_period,0
87,$400E_mode,0
88,$4000_duty,0
88,$4000_const,1
88,$4000_vol,0
88,$4001_sweep,17
88,$4004_duty,0
88,$4004_const,1
88,$4004_vol,0
88,$4005_sweep,17
88,$4008_linear,0
88,$400C_const,1
88,$400C_vol,0
88,$400E_period,0
88,$400E_mode,0
89,$4000_duty,0
89,$4000_const,1
89,$4000_vol,0
89,$4001_sweep,17
89,$4004_duty,0
89,$4004_const,1
89,$4004_vol,0
89,$4005_sweep,17
89,$4008_linear,0
89,$400C_const,1
89,$400C_vol,0
89,$400E_period,0
89,$400E_mode,0
90,$4000_duty,0
90,$4000_const,1
90,$4000_vol,0
90,$4001_sweep,17
90,$4004_duty,0
90,$4004_const,1
90,$4004_vol,0
90,$4005_sweep,17
90,$4008_linear,0
90,$400C_const,1
90,$400C_vol,0
90,$400E_period,0
90,$400E_mode,0
91,$4000_duty,0
91,$4000_const,1
91,$4000_vol,0
91,$4001_sweep,17
91,$4004_duty,0
91,$4004_const,1
91,$4004_vol,0
91,$4005_sweep,17
91,$4008_linear,0
91,$400C_const,1
91,$400C_vol,0
91,$400E_period,0
91,$400E_mode,0
92,$4000_duty,0
92,$4000_const,1
92,$4000_vol,0
92,$4001_sweep,17
92,$4004_duty,0
92,$4004_const,1
92,$4004_vol,0
92,$4005_sweep,17
92,$4008_linear,0
92,$400C_const,1
92,$400C_vol,0
92,$400E_period,0
92,$400E_mode,0
93,$4000_duty,0
93,$4000_const,1
93,$4000_vol,0
93,$4001_sweep,17
93,$4004_duty,0
93,$4004_const,1
93,$4004_vol,0
93,$4005_sweep,17
93,$4008_linear,0
93,$400C_const,1
93,$400C_vol,0
93,$400E_period,0
93,$400E_mode,0
94,$4000_duty,0
94,$4000_const,1
94,$4000_vol,0
94,$4001_sweep,17
94,$4004_duty,0
94,$4004_const,1
94,$4004_vol,0
94,$4005_sweep,17
94,$4008_linear,0
94,$400C_const,1
94,$400C_vol,0
94,$400E_period,0
94,$400E_mode,0
95,$4000_duty,0
95,$4000_const,1
95,$4000_vol,0
95,$4001_sweep,17
95,$4004_duty,0
95,$4004_const,1
95,$4004_vol,0
95,$4005_sweep,17
95,$4008_linear,0
95,$400C_const,1
95,$400C_vol,0
95,$400E_period,0
95,$400E_mode,0
96,$4000_duty,0
96,$4000_const,1
96,$4000_vol,0
96,$4001_sweep,17
96,$4004_duty,0
96,$4004_const,1
96,$4004_vol,0
96,$4005_sweep,17
96,$4008_linear,0
96,$400C_const,1
96,$400C_vol,0
96,$400E_period,0
96,$400E_mode,0
97,$4000_duty,0
97,$4000_const,1
97,$4000_vol,0
97,$4001_sweep,17
97,$4004_duty,0
97,$4004_const,1
97,$4004_vol,0
97,$4005_sweep,17
97,$4008_linear,0
97,$400C_const,1
97,$400C_vol,0
97,$400E_period,0
97,$400E_mode,0
98,$4000_duty,0
98,$4000_const,1
98,$4000_vol,0
98,$4001_sweep,17
98,$4004_duty,0
98,$4004_const,1
98,$4004_vol,0
98,$4005_sweep,17
98,$4008_linear,0
98,$400C_const,1
98,$400C_vol,0
98,$400E_period,0
98,$400E_mode,0
99,$4000_duty,0
99,$4000_const,1
99,$4000_vol,0
99,$4001_sweep,17
99,$4004_duty,0
99,$4004_const,1
99,$4004_vol,0
99,$4005_sweep,17
99,$4008_linear,0
99,$400C_const,1
99,$400C_vol,0
99,$400E_period,0
99,$400E_mode,0
100,$4000_duty,0
100,$4000_const,1
100,$4000_vol,0
100,$4001_sweep,17
100,$4004_duty,0
100,$4004_const,1
100,$4004_vol,0
100,$4005_sweep,17
100,$4008_linear,0
100,$400C_const,1
100,$400C_vol,0
100,$400E_period,0
100,$400E_mode,0
101,$4000_duty,0
101,$4000_const,1
101,$4000_vol,0
101,$4001_sweep,17
101,$4004_duty,0
101,$4004_const,1
101,$4004_vol,0
101,$4005_sweep,17
101,$4008_linear,0
101,$400C_const,1
101,$400C_vol,0
101,$400E_period,0
101,$400E_mode,0
102,$4000_duty,0
102,$4000_const,1
102,$4000_vol,0
102,$4001_sweep,17
102,$4004_duty,0
102,$4004_const,1
102,$4004_vol,0
102,$4005_sweep,17
102,$4008_linear,0
102,$400C_const,1
102,$400C_vol,0
102,$400E_period,0
102,$400E_mode,0
103,$4000_duty,0
103,$4000_const,1
103,$4000_vol,0
103,$4001_sweep,17
103,$4004_duty,0
103,$4004_const,1
103,$4004_vol,0
103,$4005_sweep,17
103,$4008_linear,0
103,$400C_const,1
103,$400C_vol,0
103,$400E_period,0
103,$400E_mode,0
104,$4000_duty,0
104,$4000_const,1
104,$4000_vol,0
104,$4001_sweep,17
104,$4004_duty,0
104,$4004_const,1
104,$4004_vol,0
104,$4005_sweep,17
104,$4008_linear,0
104,$400C_const,1
104,$400C_vol,0
104,$400E_period,0
104,$400E_mode,0
105,$4000_duty,0
105,$4000_const,1
105,$4000_vol,0
105,$4001_sweep,17
105,$4004_duty,0
105,$4004_const,1
105,$4004_vol,0
105,$4005_sweep,17
105,$4008_linear,0
105,$400C_const,1
105,$400C_vol,0
105,$400E_period,0
105,$400E_mode,0
106,$4000_duty,0
106,$4000_const,1
106,$4000_vol,0
106,$4001_sweep,17
106,$4004_duty,0
106,$4004_const,1
106,$4004_vol,0
106,$4005_sweep,17
106,$4008_linear,0
106,$400C_const,1
106,$400C_vol,0
106,$400E_period,0
106,$400E_mode,0
107,$4000_duty,0
107,$4000_const,1
107,$4000_vol,0
107,$4001_sweep,17
107,$4004_duty,0
107,$4004_const,1
107,$4004_vol,0
107,$4005_sweep,17
107,$4008_linear,0
107,$400C_const,1
107,$400C_vol,0
107,$400E_period,0
107,$400E_mode,0
108,$4000_duty,0
108,$4000_const,1
108,$4000_vol,0
108,$4001_sweep,17
108,$4004_duty,0
108,$4004_const,1
108,$4004_vol,0
108,$4005_sweep,17
108,$4008_linear,0
108,$400C_const,1
108,$400C_vol,0
108,$400E_period,0
108,$400E_mode,0
109,$4000_duty,0
109,$4000_const,1
109,$4000_vol,0
109,$4001_sweep,17
109,$4004_duty,0
109,$4004_const,1
109,$4004_vol,0
109,$4005_sweep,17
109,$4008_linear,0
109,$400C_const,1
109,$400C_vol,0
109,$400E_period,0
109,$400E_mode,0
110,$4000_duty,0
110,$4000_const,1
110,$4000_vol,0
110,$4001_sweep,17
110,$4004_duty,0
110,$4004_const,1
110,$4004_vol,0
110,$4005_sweep,17
110,$4008_linear,0
110,$400C_const,1
110,$400C_vol,0
110,$400E_period,0
110,$400E_mode,0
111,$4000_duty,0
111,$4000_const,1
111,$4000_vol,0
111,$4001_sweep,17
111,$4004_duty,0
111,$4004_const,1
111,$4004_vol,0
111,$4005_sweep,17
111,$4008_linear,0
111,$400C_const,1
111,$400C_vol,0
111,$400E_period,0
111,$400E_mode,0
112,$4000_duty,0
112,$4000_const,1
112,$4000_vol,0
112,$4001_sweep,17
112,$4004_duty,0
112,$4004_const,1
112,$4004_vol,0
112,$4005_sweep,17
112,$4008_linear,0
112,$400C_const,1
112,$400C_vol,0
112,$400E_period,0
112,$400E_mode,0
113,$4000_duty,0
113,$4000_const,1
113,$4000_vol,0
113,$4001_sweep,17
113,$4004_duty,0
113,$4004_const,1
113,$4004_vol,0
113,$4005_sweep,17
113,$4008_linear,0
113,$400C_const,1
113,$400C_vol,0
113,$400E_period,0
113,$400E_mode,0
114,$4000_duty,0
114,$4000_const,1
114,$4000_vol,0
114,$4001_sweep,17
114,$4004_duty,0
114,$4004_const,1
114,$4004_vol,0
114,$4005_sweep,17
114,$4008_linear,0
114,$400C_const,1
114,$400C_vol,0
114,$400E_period,0
114,$400E_mode,0
115,$4000_duty,0
115,$4000_const,1
115,$4000_vol,0
115,$4001_sweep,17
115,$4004_duty,0
115,$4004_const,1
115,$4004_vol,0
115,$4005_sweep,17
115,$4008_linear,0
115,$400C_const,1
115,$400C_vol,0
115,$400E_period,0
115,$400E_mode,0
116,$4000_duty,0
116,$4000_const,1
116,$4000_vol,0
116,$4001_sweep,17
116,$4004_duty,0
116,$4004_const,1
116,$4004_vol,0
116,$4005_sweep,17
116,$4008_linear,0
116,$400C_const,1
116,$400C_vol,0
116,$400E_period,0
116,$400E_mode,0
117,$4000_duty,0
117,$4000_const,1
117,$4000_vol,0
117,$4001_sweep,17
117,$4004_duty,0
117,$4004_const,1
117,$4004_vol,0
117,$4005_sweep,17
117,$4008_linear,0
117,$400C_const,1
117,$400C_vol,0
117,$400E_period,0
117,$400E_mode,0
118,$4000_duty,0
118,$4000_const,1
118,$4000_vol,0
118,$4001_sweep,17
118,$4004_duty,0
118,$4004_const,1
118,$4004_vol,0
118,$4005_sweep,17
118,$4008_linear,0
118,$400C_const,1
118,$400C_vol,0
118,$400E_period,0
118,$400E_mode,0
119,$4000_duty,0
119,$4000_const,1
119,$4000_vol,0
119,$4001_sweep,17
119,$4004_duty,0
119,$4004_const,1
119,$4004_vol,0
119,$4005_sweep,17
119,$4008_linear,0
119,$400C_const,1
119,$400C_vol,0
119,$400E_period,0
119,$400E_mode,0
120,$4000_duty,0
120,$4000_const,1
120,$4000_vol,0
120,$4001_sweep,17
120,$4004_duty,0
120,$4004_const,1
120,$4004_vol,0
120,$4005_sweep,17
120,$4008_linear,0
120,$400C_const,1
120,$400C_vol,0
120,$400E_period,0
120,$400E_mode,0
121,$4000_duty,0
121,$4000_const,1
121,$4000_vol,0
121,$4001_sweep,17
121,$4004_duty,0
121,$4004_const,1
121,$4004_vol,0
121,$4005_sweep,17
121,$4008_linear,0
121,$400C_const,1
121,$400C_vol,0
121,$400E_period,0
121,$400E_mode,0
122,$4000_duty,0
122,$4000_const,1
122,$4000_vol,0
122,$4001_sweep,17
122,$4004_duty,0
122,$4004_const,1
122,$4004_vol,0
122,$4005_sweep,17
122,$4008_linear,0
122,$400C_const,1
122,$400C_vol,0
122,$400E_period,0
122,$400E_mode,0
123,$4000_duty,0
123,$4000_const,1
123,$4000_vol,0
123,$4001_sweep,17
123,$4004_duty,0
123,$4004_const,1
123,$4004_vol,0
123,$4005_sweep,17
123,$4008_linear,0
123,$400C_const,1
123,$400C_vol,0
123,$400E_period,0
123,$400E_mode,0
124,$4000_duty,0
124,$4000_const,1
124,$4000_vol,0
124,$4001_sweep,17
124,$4004_duty,0
124,$4004_const,1
124,$4004_vol,0
124,$4005_sweep,17
124,$4008_linear,0
124,$400C_const,1
124,$400C_vol,0
124,$400E_period,0
124,$400E_mode,0
125,$4000_duty,0
125,$4000_const,1
125,$4000_vol,0
125,$4001_sweep,17
125,$4004_duty,0
125,$4004_const,1
125,$4004_vol,0
125,$4005_sweep,17
125,$4008_linear,0
125,$400C_const,1
125,$400C_vol,0
125,$400E_period,0
125,$400E_mode,0
126,$4000_duty,0
126,$4000_const,1
126,$4000_vol,0
126,$4001_sweep,17
126,$4004_duty,0
126,$4004_const,1
126,$4004_vol,0
126,$4005_sweep,17
126,$4008_linear,0
126,$400C_const,1
126,$400C_vol,0
126,$400E_period,0
126,$400E_mode,0
127,$4000_duty,0
127,$4000_const,1
127,$4000_vol,0
127,$4001_sweep,17
127,$4004_duty,0
127,$4004_const,1
127,$4004_vol,0
127,$4005_sweep,17
127,$4008_linear,0
127,$400C_const,1
127,$400C_vol,0
127,$400E_period,0
127,$400E_mode,0
128,$4000_duty,0
128,$4000_const,1
128,$4000_vol,0
128,$4001_sweep,17
128,$4004_duty,0
128,$4004_const,1
128,$4004_vol,0
128,$4005_sweep,17
128,$4008_linear,0
128,$400C_const,1
128,$400C_vol,0
128,$400E_period,0
128,$400E_mode,0
129,$4000_duty,0
129,$4000_const,1
129,$4000_vol,0
129,$4001_sweep,17
129,$4004_duty,0
129,$4004_const,1
129,$4004_vol,0
129,$4005_sweep,17
129,$4008_linear,0
129,$400C_const,1
129,$400C_vol,0
129,$400E_period,0
129,$400E_mode,0
130,$4000_duty,0
130,$4000_const,1
130,$4000_vol,0
130,$4001_sweep,17
130,$4004_duty,0
130,$4004_const,1
130,$4004_vol,0
130,$4005_sweep,17
130,$4008_linear,0
130,$400C_const,1
130,$400C_vol,0
130,$400E_period,0
130,$400E_mode,0
131,$4000_duty,0
131,$4000_const,1
131,$4000_vol,0
131,$4001_sweep,17
131,$4004_duty,0
131,$4004_const,1
131,$4004_vol,0
131,$4005_sweep,17
131,$4008_linear,0
131,$400C_const,1
131,$400C_vol,0
131,$400E_period,0
131,$400E_mode,0
132,$4000_duty,0
132,$4000_const,1
132,$4000_vol,0
132,$4001_sweep,17
132,$4002_period,429
132,$400B_length,0
132,$4004_duty,0
132,$4004_const,1
132,$4004_vol,0
132,$4005_sweep,17
132,$4006_period,1
132,$4008_linear,0
132,$400A_period,259
132,$400B_length,248
132,$400C_const,1
132,$400C_vol,0
132,$400E_period,0
132,$400E_mode,0
133,$4000_duty,0
133,$4000_const,1
133,$4000_vol,0
133,$4001_sweep,17
133,$4004_duty,0
133,$4004_const,1
133,$4004_vol,0
133,$4005_sweep,17
133,$4008_linear,0
133,$400C_const,1
133,$400C_vol,0
133,$400E_period,0
133,$400E_mode,0
134,$4000_duty,0
134,$4000_const,1
134,$4000_vol,0
134,$4001_sweep,17
134,$4004_duty,0
134,$4004_const,1
134,$4004_vol,0
134,$4005_sweep,17
134,$4008_linear,0
134,$400C_const,1
134,$400C_vol,0
134,$400E_period,0
134,$400E_mode,0
135,$4000_duty,0
135,$4000_const,1
135,$4000_vol,0
135,$4001_sweep,17
135,$4004_duty,0
135,$4004_const,1
135,$4004_vol,0
135,$4005_sweep,17
135,$4008_linear,0
135,$400C_const,1
135,$400C_vol,0
135,$400E_period,0
135,$400E_mode,0
136,$4000_duty,0
136,$4000_const,1
136,$4000_vol,0
136,$4001_sweep,17
136,$4004_duty,0
136,$4004_const,1
136,$4004_vol,0
136,$4005_sweep,17
136,$4008_linear,0
136,$400C_const,1
136,$400C_vol,0
136,$400E_period,0
136,$400E_mode,0
137,$4000_duty,0
137,$4000_const,1
137,$4000_vol,0
137,$4001_sweep,17
137,$4004_duty,0
137,$4004_const,1
137,$4004_vol,0
137,$4005_sweep,17
137,$4008_linear,0
137,$400C_const,1
137,$400C_vol,0
137,$400E_period,0
137,$400E_mode,0
138,$4000_duty,0
138,$4000_const,1
138,$4000_vol,0
138,$4001_sweep,17
138,$4004_duty,0
138,$4004_const,1
138,$4004_vol,0
138,$4005_sweep,17
138,$4008_linear,0
138,$400C_const,1
138,$400C_vol,0
138,$400E_period,0
138,$400E_mode,0
139,$4000_duty,0
139,$4000_const,1
139,$4000_vol,0
139,$4001_sweep,17
139,$4004_duty,0
139,$4004_const,1
139,$4004_vol,0
139,$4005_sweep,17
139,$4008_linear,0
139,$400C_const,1
139,$400C_vol,0
139,$400E_period,0
139,$400E_mode,0
140,$4000_duty,0
140,$4000_const,1
140,$4000_vol,0
140,$4001_sweep,17
140,$4004_duty,0
140,$4004_const,1
140,$4004_vol,0
140,$4005_sweep,17
140,$4008_linear,0
140,$400C_const,1
140,$400C_vol,0
140,$400E_period,0
140,$400E_mode,0
141,$4000_duty,0
141,$4000_const,1
141,$4000_vol,0
141,$4001_sweep,17
141,$4004_duty,0
141,$4004_const,1
141,$4004_vol,0
141,$4005_sweep,17
141,$4008_linear,0
141,$400C_const,1
141,$400C_vol,0
141,$400E_period,0
141,$400E_mode,0
142,$4000_duty,0
142,$4000_const,1
142,$4000_vol,0
142,$4001_sweep,17
142,$4004_duty,0
142,$4004_const,1
142,$4004_vol,0
142,$4005_sweep,17
142,$4008_linear,0
142,$400C_const,1
142,$400C_vol,0
142,$400E_period,0
142,$400E_mode,0
143,$4000_duty,0
143,$4000_const,1
143,$4000_vol,0
143,$4001_sweep,17
143,$4004_duty,0
143,$4004_const,1
143,$4004_vol,0
143,$4005_sweep,17
143,$4008_linear,0
143,$400C_const,1
143,$400C_vol,0
143,$400E_period,0
143,$400E_mode,0
144,$4000_duty,0
144,$4000_const,1
144,$4000_vol,0
144,$4001_sweep,17
144,$4004_duty,0
144,$4004_const,1
144,$4004_vol,0
144,$4005_sweep,17
144,$4008_linear,0
144,$400C_const,1
144,$400C_vol,0
144,$400E_period,0
144,$400E_mode,0
145,$4000_duty,0
145,$4000_const,1
145,$4000_vol,0
145,$4001_sweep,17
145,$4004_duty,0
145,$4004_const,1
145,$4004_vol,0
145,$4005_sweep,17
145,$4008_linear,0
145,$400C_const,1
145,$400C_vol,0
145,$400E_period,0
145,$400E_mode,0
146,$4000_duty,0
146,$4000_const,1
146,$4000_vol,0
146,$4001_sweep,17
146,$4004_duty,0
146,$4004_const,1
146,$4004_vol,0
146,$4005_sweep,17
146,$4008_linear,0
146,$400C_const,1
146,$400C_vol,0
146,$400E_period,0
146,$400E_mode,0
147,$4000_duty,0
147,$4000_const,1
147,$4000_vol,0
147,$4001_sweep,17
147,$4004_duty,0
147,$4004_const,1
147,$4004_vol,0
147,$4005_sweep,17
147,$4008_linear,0
147,$400C_const,1
147,$400C_vol,0
147,$400E_period,0
147,$400E_mode,0
148,$4000_duty,0
148,$4000_const,1
148,$4000_vol,0
148,$4001_sweep,17
148,$4004_duty,0
148,$4004_const,1
148,$4004_vol,0
148,$4005_sweep,17
148,$4008_linear,0
148,$400C_const,1
148,$400C_vol,0
148,$400E_period,0
148,$400E_mode,0
149,$4000_duty,0
149,$4000_const,1
149,$4000_vol,0
149,$4001_sweep,17
149,$4004_duty,0
149,$4004_const,1
149,$4004_vol,0
149,$4005_sweep,17
149,$4008_linear,0
149,$400C_const,1
149,$400C_vol,0
149,$400E_period,0
149,$400E_mode,0
150,$4000_duty,0
150,$4000_const,1
150,$4000_vol,0
150,$4001_sweep,17
150,$4004_duty,0
150,$4004_const,1
150,$4004_vol,0
150,$4005_sweep,17
150,$4008_linear,0
150,$400C_const,1
150,$400C_vol,0
150,$400E_period,0
150,$400E_mode,0
151,$4000_duty,0
151,$4000_const,1
151,$4000_vol,0
151,$4001_sweep,17
151,$4004_duty,0
151,$4004_const,1
151,$4004_vol,0
151,$4005_sweep,17
151,$4008_linear,0
151,$400C_const,1
151,$400C_vol,0
151,$400E_period,0
151,$400E_mode,0
152,$4000_duty,0
152,$4000_const,1
152,$4000_vol,0
152,$4001_sweep,17
152,$4004_duty,0
152,$4004_const,1
152,$4004_vol,0
152,$4005_sweep,17
152,$4008_linear,0
152,$400C_const,1
152,$400C_vol,0
152,$400E_period,0
152,$400E_mode,0
153,$4000_duty,0
153,$4000_const,1
153,$4000_vol,0
153,$4001_sweep,17
153,$4004_duty,0
153,$4004_const,1
153,$4004_vol,0
153,$4005_sweep,17
153,$4008_linear,0
153,$400C_const,1
153,$400C_vol,0
153,$400E_period,0
153,$400E_mode,0
154,$4000_duty,0
154,$4000_const,1
154,$4000_vol,0
154,$4001_sweep,17
154,$4004_duty,0
154,$4004_const,1
154,$4004_vol,0
154,$4005_sweep,17
154,$4008_linear,0
154,$400C_const,1
154,$400C_vol,0
154,$400E_period,0
154,$400E_mode,0
155,$4000_duty,0
155,$4000_const,1
155,$4000_vol,0
155,$4001_sweep,17
155,$4004_duty,0
155,$4004_const,1
155,$4004_vol,0
155,$4005_sweep,17
155,$4008_linear,0
155,$400C_const,1
155,$400C_vol,0
155,$400E_period,0
155,$400E_mode,0
156,$4000_duty,0
156,$4000_const,1
156,$4000_vol,0
156,$4001_sweep,17
156,$4004_duty,0
156,$4004_const,1
156,$4004_vol,0
156,$4005_sweep,17
156,$4008_linear,0
156,$400C_const,1
156,$400C_vol,0
156,$400E_period,0
156,$400E_mode,0
157,$4000_duty,0
157,$4000_const,1
157,$4000_vol,0
157,$4001_sweep,17
157,$4004_duty,0
157,$4004_const,1
157,$4004_vol,0
157,$4005_sweep,17
157,$4008_linear,0
157,$400C_const,1
157,$400C_vol,0
157,$400E_period,0
157,$400E_mode,0
158,$4000_duty,0
158,$4000_const,1
158,$4000_vol,0
158,$4001_sweep,17
158,$4004_duty,0
158,$4004_const,1
158,$4004_vol,0
158,$4005_sweep,17
158,$4008_linear,0
158,$400C_const,1
158,$400C_vol,0
158,$400E_period,0
158,$400E_mode,0
159,$4000_duty,0
159,$4000_const,1
159,$4000_vol,0
159,$4001_sweep,17
159,$4004_duty,0
159,$4004_const,1
159,$4004_vol,0
159,$4005_sweep,17
159,$4008_linear,0
159,$400C_const,1
159,$400C_vol,0
159,$400E_period,0
159,$400E_mode,0
160,$4000_duty,0
160,$4000_const,1
160,$4000_vol,0
160,$4001_sweep,17
160,$4004_duty,0
160,$4004_const,1
160,$4004_vol,0
160,$4005_sweep,17
160,$4008_linear,0
160,$400C_const,1
160,$400C_vol,0
160,$400E_period,0
160,$400E_mode,0
161,$4000_duty,0
161,$4000_const,1
161,$4000_vol,0
161,$4001_sweep,17
161,$4004_duty,0
161,$4004_const,1
161,$4004_vol,0
161,$4005_sweep,17
161,$4008_linear,0
161,$400C_const,1
161,$400C_vol,0
161,$400E_period,0
161,$400E_mode,0
162,$4000_duty,0
162,$4000_const,1
162,$4000_vol,0
162,$4001_sweep,17
162,$4004_duty,0
162,$4004_const,1
162,$4004_vol,0
162,$4005_sweep,17
162,$4008_linear,0
162,$400C_const,1
162,$400C_vol,0
162,$400E_period,0
162,$400E_mode,0
163,$4000_duty,0
163,$4000_const,1
163,$4000_vol,0
163,$4001_sweep,17
163,$4004_duty,0
163,$4004_const,1
163,$4004_vol,0
163,$4005_sweep,17
163,$4008_linear,0
163,$400C_const,1
163,$400C_vol,0
163,$400E_period,0
163,$400E_mode,0
164,$4000_duty,0
164,$4000_const,1
164,$4000_vol,0
164,$4001_sweep,17
164,$4004_duty,0
164,$4004_const,1
164,$4004_vol,0
164,$4005_sweep,17
164,$4008_linear,0
164,$400C_const,1
164,$400C_vol,0
164,$400E_period,0
164,$400E_mode,0
165,$4000_duty,0
165,$4000_const,1
165,$4000_vol,0
165,$4001_sweep,17
165,$4004_duty,0
165,$4004_const,1
165,$4004_vol,0
165,$4005_sweep,17
165,$4008_linear,0
165,$400C_const,1
165,$400C_vol,0
165,$400E_period,0
165,$400E_mode,0
166,$4000_duty,0
166,$4000_const,1
166,$4000_vol,0
166,$4001_sweep,17
166,$4004_duty,0
166,$4004_const,1
166,$4004_vol,0
166,$4005_sweep,17
166,$4008_linear,0
166,$400C_const,1
166,$400C_vol,0
166,$400E_period,0
166,$400E_mode,0
167,$4000_duty,0
167,$4000_const,1
167,$4000_vol,0
167,$4001_sweep,17
167,$4004_duty,0
167,$4004_const,1
167,$4004_vol,0
167,$4005_sweep,17
167,$4008_linear,0
167,$400C_const,1
167,$400C_vol,0
167,$400E_period,0
167,$400E_mode,0
168,$4000_duty,0
168,$4000_const,1
168,$4000_vol,0
168,$4001_sweep,17
168,$4004_duty,0
168,$4004_const,1
168,$4004_vol,0
168,$4005_sweep,17
168,$4008_linear,0
168,$400C_const,1
168,$400C_vol,0
168,$400E_period,0
168,$400E_mode,0
169,$4000_duty,0
169,$4000_const,1
169,$4000_vol,0
169,$4001_sweep,17
169,$4004_duty,0
169,$4004_const,1
169,$4004_vol,0
169,$4005_sweep,17
169,$4008_linear,0
169,$400C_const,1
169,$400C_vol,0
169,$400E_period,0
169,$400E_mode,0
170,$4000_duty,0
170,$4000_const,1
170,$4000_vol,0
170,$4001_sweep,17
170,$4004_duty,0
170,$4004_const,1
170,$4004_vol,0
170,$4005_sweep,17
170,$4008_linear,0
170,$400C_const,1
170,$400C_vol,0
170,$400E_period,0
170,$400E_mode,0
171,$4000_duty,0
171,$4000_const,1
171,$4000_vol,0
171,$4001_sweep,17
171,$4004_duty,0
171,$4004_const,1
171,$4004_vol,0
171,$4005_sweep,17
171,$4008_linear,0
171,$400C_const,1
171,$400C_vol,0
171,$400E_period,0
171,$400E_mode,0
172,$4000_duty,0
172,$4000_const,1
172,$4000_vol,0
172,$4001_sweep,17
172,$4004_duty,0
172,$4004_const,1
172,$4004_vol,0
172,$4005_sweep,17
172,$4008_linear,0
172,$400C_const,1
172,$400C_vol,0
172,$400E_period,0
172,$400E_mode,0
173,$4000_duty,0
173,$4000_const,1
173,$4000_vol,0
173,$4001_sweep,17
173,$4004_duty,0
173,$4004_const,1
173,$4004_vol,0
173,$4005_sweep,17
173,$4008_linear,0
173,$400C_const,1
173,$400C_vol,0
173,$400E_period,0
173,$400E_mode,0
174,$4000_duty,0
174,$4000_const,1
174,$4000_vol,0
174,$4001_sweep,17
174,$4004_duty,0
174,$4004_const,1
174,$4004_vol,0
174,$4005_sweep,17
174,$4008_linear,0
174,$400C_const,1
174,$400C_vol,0
174,$400E_period,0
174,$400E_mode,0
175,$4000_duty,0
175,$4000_const,1
175,$4000_vol,0
175,$4001_sweep,17
175,$4004_duty,0
175,$4004_const,1
175,$4004_vol,0
175,$4005_sweep,17
175,$4008_linear,0
175,$400C_const,1
175,$400C_vol,0
175,$400E_period,0
175,$400E_mode,0
176,$4000_duty,0
176,$4000_const,1
176,$4000_vol,0
176,$4001_sweep,17
176,$4004_duty,0
176,$4004_const,1
176,$4004_vol,0
176,$4005_sweep,17
176,$4008_linear,0
176,$400C_const,1
176,$400C_vol,0
176,$400E_period,0
176,$400E_mode,0
177,$4000_duty,0
177,$4000_const,1
177,$4000_vol,0
177,$4001_sweep,17
177,$4004_duty,0
177,$4004_const,1
177,$4004_vol,0
177,$4005_sweep,17
177,$4008_linear,0
177,$400C_const,1
177,$400C_vol,0
177,$400E_period,0
177,$400E_mode,0
178,$4000_duty,0
178,$4000_const,1
178,$4000_vol,0
178,$4001_sweep,17
178,$4004_duty,0
178,$4004_const,1
178,$4004_vol,0
178,$4005_sweep,17
178,$4008_linear,0
178,$400C_const,1
178,$400C_vol,0
178,$400E_period,0
178,$400E_mode,0
179,$4000_duty,0
179,$4000_const,1
179,$4000_vol,0
179,$4001_sweep,17
179,$4004_duty,0
179,$4004_const,1
179,$4004_vol,0
179,$4005_sweep,17
179,$4008_linear,0
179,$400C_const,1
179,$400C_vol,0
179,$400E_period,0
179,$400E_mode,0
180,$4000_duty,0
180,$4000_const,1
180,$4000_vol,0
180,$4001_sweep,17
180,$4004_duty,0
180,$4004_const,1
180,$4004_vol,0
180,$4005_sweep,17
180,$4008_linear,0
180,$400C_const,1
180,$400C_vol,0
180,$400E_period,0
180,$400E_mode,0
181,$4000_duty,0
181,$4000_const,1
181,$4000_vol,0
181,$4001_sweep,17
181,$4004_duty,0
181,$4004_const,1
181,$4004_vol,0
181,$4005_sweep,17
181,$4008_linear,0
181,$400C_const,1
181,$400C_vol,0
181,$400E_period,0
181,$400E_mode,0
182,$4000_duty,0
182,$4000_const,1
182,$4000_vol,0
182,$4001_sweep,17
182,$4004_duty,0
182,$4004_const,1
182,$4004_vol,0
182,$4005_sweep,17
182,$4008_linear,0
182,$400C_const,1
182,$400C_vol,0
182,$400E_period,0
182,$400E_mode,0
183,$4000_duty,0
183,$4000_const,1
183,$4000_vol,0
183,$4001_sweep,17
183,$4004_duty,0
183,$4004_const,1
183,$4004_vol,0
183,$4005_sweep,17
183,$4008_linear,0
183,$400C_const,1
183,$400C_vol,0
183,$400E_period,0
183,$400E_mode,0
184,$4000_duty,0
184,$4000_const,1
184,$4000_vol,0
184,$4001_sweep,17
184,$4004_duty,0
184,$4004_const,1
184,$4004_vol,0
184,$4005_sweep,17
184,$4008_linear,0
184,$400C_const,1
184,$400C_vol,0
184,$400E_period,0
184,$400E_mode,0
185,$4000_duty,0
185,$4000_const,1
185,$4000_vol,0
185,$4001_sweep,17
185,$4004_duty,0
185,$4004_const,1
185,$4004_vol,0
185,$4005_sweep,17
185,$4008_linear,0
185,$400C_const,1
185,$400C_vol,0
185,$400E_period,0
185,$400E_mode,0
186,$4000_duty,0
186,$4000_const,1
186,$4000_vol,0
186,$4001_sweep,17
186,$4004_duty,0
186,$4004_const,1
186,$4004_vol,0
186,$4005_sweep,17
186,$4008_linear,0
186,$400C_const,1
186,$400C_vol,0
186,$400E_period,0
186,$400E_mode,0
187,$4000_duty,0
187,$4000_const,1
187,$4000_vol,0
187,$4001_sweep,17
187,$4004_duty,0
187,$4004_const,1
187,$4004_vol,0
187,$4005_sweep,17
187,$4008_linear,0
187,$400C_const,1
187,$400C_vol,0
187,$400E_period,0
187,$400E_mode,0
188,$4000_duty,0
188,$4000_const,1
188,$4000_vol,0
188,$4001_sweep,17
188,$4004_duty,0
188,$4004_const,1
188,$4004_vol,0
188,$4005_sweep,17
188,$4008_linear,0
188,$400C_const,1
188,$400C_vol,0
188,$400E_period,0
188,$400E_mode,0
189,$4000_duty,0
189,$4000_const,1
189,$4000_vol,0
189,$4001_sweep,17
189,$4004_duty,0
189,$4004_const,1
189,$4004_vol,0
189,$4005_sweep,17
189,$4008_linear,0
189,$400C_const,1
189,$400C_vol,0
189,$400E_period,0
189,$400E_mode,0
190,$4000_duty,0
190,$4000_const,1
190,$4000_vol,0
190,$4001_sweep,17
190,$4004_duty,0
190,$4004_const,1
190,$4004_vol,0
190,$4005_sweep,17
190,$4008_linear,0
190,$400C_const,1
190,$400C_vol,0
190,$400E_period,0
190,$400E_mode,0
191,$4000_duty,0
191,$4000_const,1
191,$4000_vol,0
191,$4001_sweep,17
191,$4004_duty,0
191,$4004_const,1
191,$4004_vol,0
191,$4005_sweep,17
191,$4008_linear,0
191,$400C_const,1
191,$400C_vol,0
191,$400E_period,0
191,$400E_mode,0
192,$4000_duty,0
192,$4000_const,1
192,$4000_vol,0
192,$4001_sweep,17
192,$4004_duty,0
192,$4004_const,1
192,$4004_vol,0
192,$4005_sweep,17
192,$4008_linear,0
192,$400C_const,1
192,$400C_vol,0
192,$400E_period,0
192,$400E_mode,0
193,$4000_duty,0
193,$4000_const,1
193,$4000_vol,0
193,$4001_sweep,17
193,$4004_duty,0
193,$4004_const,1
193,$4004_vol,0
193,$4005_sweep,17
193,$4008_linear,0
193,$400C_const,1
193,$400C_vol,0
193,$400E_period,0
193,$400E_mode,0
194,$4000_duty,0
194,$4000_const,1
194,$4000_vol,0
194,$4001_sweep,17
194,$4004_duty,0
194,$4004_const,1
194,$4004_vol,0
194,$4005_sweep,17
194,$4008_linear,0
194,$400C_const,1
194,$400C_vol,0
194,$400E_period,0
194,$400E_mode,0
195,$4000_duty,0
195,$4000_const,1
195,$4000_vol,0
195,$4001_sweep,17
195,$4004_duty,0
195,$4004_const,1
195,$4004_vol,0
195,$4005_sweep,17
195,$4008_linear,0
195,$400C_const,1
195,$400C_vol,0
195,$400E_period,0
195,$400E_mode,0
196,$4000_duty,0
196,$4000_const,1
196,$4000_vol,0
196,$4001_sweep,17
196,$4002_period,429
196,$400B_length,0
196,$4004_duty,0
196,$4004_const,1
196,$4004_vol,0
196,$4005_sweep,17
196,$4006_period,1
196,$4008_linear,0
196,$400A_period,261
196,$400B_length,248
196,$400C_const,1
196,$400C_vol,0
196,$400E_period,0
196,$400E_mode,0
197,$4000_duty,0
197,$4000_const,1
197,$4000_vol,0
197,$4001_sweep,17
197,$4004_duty,0
197,$4004_const,1
197,$4004_vol,0
197,$4005_sweep,17
197,$4008_linear,0
197,$400C_const,1
197,$400C_vol,0
197,$400E_period,0
197,$400E_mode,0
198,$4000_duty,0
198,$4000_const,1
198,$4000_vol,0
198,$4001_sweep,17
198,$4004_duty,0
198,$4004_const,1
198,$4004_vol,0
198,$4005_sweep,17
198,$4008_linear,0
198,$400C_const,1
198,$400C_vol,0
198,$400E_period,0
198,$400E_mode,0
199,$4000_duty,0
199,$4000_const,1
199,$4000_vol,0
199,$4001_sweep,17
199,$4004_duty,0
199,$4004_const,1
199,$4004_vol,0
199,$4005_sweep,17
199,$4008_linear,0
199,$400C_const,1
199,$400C_vol,0
199,$400E_period,0
199,$400E_mode,0
200,$4000_duty,0
200,$4000_const,1
200,$4000_vol,0
200,$4001_sweep,17
200,$4004_duty,0
200,$4004_const,1
200,$4004_vol,0
200,$4005_sweep,17
200,$4008_linear,0
200,$400C_const,1
200,$400C_vol,0
200,$400E_period,0
200,$400E_mode,0
201,$4000_duty,0
201,$4000_const,1
201,$4000_vol,0
201,$4001_sweep,17
201,$4004_duty,0
201,$4004_const,1
201,$4004_vol,0
201,$4005_sweep,17
201,$4008_linear,0
201,$400C_const,1
201,$400C_vol,0
201,$400E_period,0
201,$400E_mode,0
202,$4000_duty,0
202,$4000_const,1
202,$4000_vol,0
202,$4001_sweep,17
202,$4004_duty,0
202,$4004_const,1
202,$4004_vol,0
202,$4005_sweep,17
202,$4008_linear,0
202,$400C_const,1
202,$400C_vol,0
202,$400E_period,0
202,$400E_mode,0
203,$4000_duty,0
203,$4000_const,1
203,$4000_vol,0
203,$4001_sweep,17
203,$4004_duty,0
203,$4004_const,1
203,$4004_vol,0
203,$4005_sweep,17
203,$4008_linear,0
203,$400C_const,1
203,$400C_vol,0
203,$400E_period,0
203,$400E_mode,0
204,$4000_duty,0
204,$4000_const,1
204,$4000_vol,0
204,$4001_sweep,17
204,$4004_duty,0
204,$4004_const,1
204,$4004_vol,0
204,$4005_sweep,17
204,$4008_linear,0
204,$400C_const,1
204,$400C_vol,0
204,$400E_period,0
204,$400E_mode,0
205,$4000_duty,0
205,$4000_const,1
205,$4000_vol,0
205,$4001_sweep,17
205,$4004_duty,0
205,$4004_const,1
205,$4004_vol,0
205,$4005_sweep,17
205,$4008_linear,0
205,$400C_const,1
205,$400C_vol,0
205,$400E_period,0
205,$400E_mode,0
206,$4000_duty,0
206,$4000_const,1
206,$4000_vol,0
206,$4001_sweep,17
206,$4004_duty,0
206,$4004_const,1
206,$4004_vol,0
206,$4005_sweep,17
206,$4008_linear,0
206,$400C_const,1
206,$400C_vol,0
206,$400E_period,0
206,$400E_mode,0
207,$4000_duty,0
207,$4000_const,1
207,$4000_vol,0
207,$4001_sweep,17
207,$4004_duty,0
207,$4004_const,1
207,$4004_vol,0
207,$4005_sweep,17
207,$4008_linear,0
207,$400C_const,1
207,$400C_vol,0
207,$400E_period,0
207,$400E_mode,0
208,$4000_duty,0
208,$4000_const,1
208,$4000_vol,0
208,$4001_sweep,17
208,$4004_duty,0
208,$4004_const,1
208,$4004_vol,0
208,$4005_sweep,17
208,$4008_linear,0
208,$400C_const,1
208,$400C_vol,0
208,$400E_period,0
208,$400E_mode,0
209,$4000_duty,0
209,$4000_const,1
209,$4000_vol,0
209,$4001_sweep,17
209,$4004_duty,0
209,$4004_const,1
209,$4004_vol,0
209,$4005_sweep,17
209,$4008_linear,0
209,$400C_const,1
209,$400C_vol,0
209,$400E_period,0
209,$400E_mode,0
210,$4000_duty,0
210,$4000_const,1
210,$4000_vol,0
210,$4001_sweep,17
210,$4004_duty,0
210,$4004_const,1
210,$4004_vol,0
210,$4005_sweep,17
210,$4008_linear,0
210,$400C_const,1
210,$400C_vol,0
210,$400E_period,0
210,$400E_mode,0
211,$4000_duty,0
211,$4000_const,1
211,$4000_vol,0
211,$4001_sweep,17
211,$4004_duty,0
211,$4004_const,1
211,$4004_vol,0
211,$4005_sweep,17
211,$4008_linear,0
211,$400C_const,1
211,$400C_vol,0
211,$400E_period,0
211,$400E_mode,0
212,$4000_duty,0
212,$4000_const,1
212,$4000_vol,0
212,$4001_sweep,17
212,$4004_duty,0
212,$4004_const,1
212,$4004_vol,0
212,$4005_sweep,17
212,$4008_linear,0
212,$400C_const,1
212,$400C_vol,0
212,$400E_period,0
212,$400E_mode,0
213,$4000_duty,0
213,$4000_const,1
213,$4000_vol,0
213,$4001_sweep,17
213,$4004_duty,0
213,$4004_const,1
213,$4004_vol,0
213,$4005_sweep,17
213,$4008_linear,0
213,$400C_const,1
213,$400C_vol,0
213,$400E_period,0
213,$400E_mode,0
214,$4000_duty,0
214,$4000_const,1
214,$4000_vol,0
214,$4001_sweep,17
214,$4004_duty,0
214,$4004_const,1
214,$4004_vol,0
214,$4005_sweep,17
214,$4008_linear,0
214,$400C_const,1
214,$400C_vol,0
214,$400E_period,0
214,$400E_mode,0
215,$4000_duty,0
215,$4000_const,1
215,$4000_vol,0
215,$4001_sweep,17
215,$4004_duty,0
215,$4004_const,1
215,$4004_vol,0
215,$4005_sweep,17
215,$4008_linear,0
215,$400C_const,1
215,$400C_vol,0
215,$400E_period,0
215,$400E_mode,0
216,$4000_duty,0
216,$4000_const,1
216,$4000_vol,0
216,$4001_sweep,17
216,$4004_duty,0
216,$4004_const,1
216,$4004_vol,0
216,$4005_sweep,17
216,$4008_linear,0
216,$400C_const,1
216,$400C_vol,0
216,$400E_period,0
216,$400E_mode,0
217,$4000_duty,0
217,$4000_const,1
217,$4000_vol,0
217,$4001_sweep,17
217,$4004_duty,0
217,$4004_const,1
217,$4004_vol,0
217,$4005_sweep,17
217,$4008_linear,0
217,$400C_const,1
217,$400C_vol,0
217,$400E_period,0
217,$400E_mode,0
218,$4000_duty,0
218,$4000_const,1
218,$4000_vol,0
218,$4001_sweep,17
218,$4004_duty,0
218,$4004_const,1
218,$4004_vol,0
218,$4005_sweep,17
218,$4008_linear,0
218,$400C_const,1
218,$400C_vol,0
218,$400E_period,0
218,$400E_mode,0
219,$4000_duty,0
219,$4000_const,1
219,$4000_vol,0
219,$4001_sweep,17
219,$4004_duty,0
219,$4004_const,1
219,$4004_vol,0
219,$4005_sweep,17
219,$4008_linear,0
219,$400C_const,1
219,$400C_vol,0
219,$400E_period,0
219,$400E_mode,0
220,$4000_duty,0
220,$4000_const,1
220,$4000_vol,0
220,$4001_sweep,17
220,$4004_duty,0
220,$4004_const,1
220,$4004_vol,0
220,$4005_sweep,17
220,$4008_linear,0
220,$400C_const,1
220,$400C_vol,0
220,$400E_period,0
220,$400E_mode,0
221,$4000_duty,0
221,$4000_const,1
221,$4000_vol,0
221,$4001_sweep,17
221,$4004_duty,0
221,$4004_const,1
221,$4004_vol,0
221,$4005_sweep,17
221,$4008_linear,0
221,$400C_const,1
221,$400C_vol,0
221,$400E_period,0
221,$400E_mode,0
222,$4000_duty,0
222,$4000_const,1
222,$4000_vol,0
222,$4001_sweep,17
222,$4004_duty,0
222,$4004_const,1
222,$4004_vol,0
222,$4005_sweep,17
222,$4008_linear,0
222,$400C_const,1
222,$400C_vol,0
222,$400E_period,0
222,$400E_mode,0
223,$4000_duty,0
223,$4000_const,1
223,$4000_vol,0
223,$4001_sweep,17
223,$4004_duty,0
223,$4004_const,1
223,$4004_vol,0
223,$4005_sweep,17
223,$4008_linear,0
223,$400C_const,1
223,$400C_vol,0
223,$400E_period,0
223,$400E_mode,0
224,$4000_duty,0
224,$4000_const,1
224,$4000_vol,0
224,$4001_sweep,17
224,$4004_duty,0
224,$4004_const,1
224,$4004_vol,0
224,$4005_sweep,17
224,$4008_linear,0
224,$400C_const,1
224,$400C_vol,0
224,$400E_period,0
224,$400E_mode,0
225,$4000_duty,0
225,$4000_const,1
225,$4000_vol,0
225,$4001_sweep,17
225,$4004_duty,0
225,$4004_const,1
225,$4004_vol,0
225,$4005_sweep,17
225,$4008_linear,0
225,$400C_const,1
225,$400C_vol,0
225,$400E_period,0
225,$400E_mode,0
226,$4000_duty,0
226,$4000_const,1
226,$4000_vol,0
226,$4001_sweep,17
226,$4004_duty,0
226,$4004_const,1
226,$4004_vol,0
226,$4005_sweep,17
226,$4008_linear,0
226,$400C_const,1
226,$400C_vol,0
226,$400E_period,0
226,$400E_mode,0
227,$4000_duty,0
227,$4000_const,1
227,$4000_vol,0
227,$4001_sweep,17
227,$4004_duty,0
227,$4004_const,1
227,$4004_vol,0
227,$4005_sweep,17
227,$4008_linear,0
227,$400C_const,1
227,$400C_vol,0
227,$400E_period,0
227,$400E_mode,0
228,$4000_duty,0
228,$4000_const,1
228,$4000_vol,0
228,$4001_sweep,17
228,$4004_duty,0
228,$4004_const,1
228,$4004_vol,0
228,$4005_sweep,17
228,$4008_linear,0
228,$400C_const,1
228,$400C_vol,0
228,$400E_period,0
228,$400E_mode,0
229,$4000_duty,0
229,$4000_const,1
229,$4000_vol,0
229,$4001_sweep,17
229,$4004_duty,0
229,$4004_const,1
229,$4004_vol,0
229,$4005_sweep,17
229,$4008_linear,0
229,$400C_const,1
229,$400C_vol,0
229,$400E_period,0
229,$400E_mode,0
230,$4000_duty,0
230,$4000_const,1
230,$4000_vol,0
230,$4001_sweep,17
230,$4004_duty,0
230,$4004_const,1
230,$4004_vol,0
230,$4005_sweep,17
230,$4008_linear,0
230,$400C_const,1
230,$400C_vol,0
230,$400E_period,0
230,$400E_mode,0
231,$4000_duty,0
231,$4000_const,1
231,$4000_vol,0
231,$4001_sweep,17
231,$4004_duty,0
231,$4004_const,1
231,$4004_vol,0
231,$4005_sweep,17
231,$4008_linear,0
231,$400C_const,1
231,$400C_vol,0
231,$400E_period,0
231,$400E_mode,0
232,$4000_duty,0
232,$4000_const,1
232,$4000_vol,0
232,$4001_sweep,17
232,$4004_duty,0
232,$4004_const,1
232,$4004_vol,0
232,$4005_sweep,17
232,$4008_linear,0
232,$400C_const,1
232,$400C_vol,0
232,$400E_period,0
232,$400E_mode,0
233,$4000_duty,0
233,$4000_const,1
233,$4000_vol,0
233,$4001_sweep,17
233,$4004_duty,0
233,$4004_const,1
233,$4004_vol,0
233,$4005_sweep,17
233,$4008_linear,0
233,$400C_const,1
233,$400C_vol,0
233,$400E_period,0
233,$400E_mode,0
234,$4000_duty,0
234,$4000_const,1
234,$4000_vol,0
234,$4001_sweep,17
234,$4004_duty,0
234,$4004_const,1
234,$4004_vol,0
234,$4005_sweep,17
234,$4008_linear,0
234,$400C_const,1
234,$400C_vol,0
234,$400E_period,0
234,$400E_mode,0
235,$4000_duty,0
235,$4000_const,1
235,$4000_vol,0
235,$4001_sweep,17
235,$4004_duty,0
235,$4004_const,1
235,$4004_vol,0
235,$4005_sweep,17
235,$4008_linear,0
235,$400C_const,1
235,$400C_vol,0
235,$400E_period,0
235,$400E_mode,0
236,$4000_duty,0
236,$4000_const,1
236,$4000_vol,0
236,$4001_sweep,17
236,$4004_duty,0
236,$4004_const,1
236,$4004_vol,0
236,$4005_sweep,17
236,$4008_linear,0
236,$400C_const,1
236,$400C_vol,0
236,$400E_period,0
236,$400E_mode,0
237,$4000_duty,0
237,$4000_const,1
237,$4000_vol,0
237,$4001_sweep,17
237,$4004_duty,0
237,$4004_const,1
237,$4004_vol,0
237,$4005_sweep,17
237,$4008_linear,0
237,$400C_const,1
237,$400C_vol,0
237,$400E_period,0
237,$400E_mode,0
238,$4000_duty,0
238,$4000_const,1
238,$4000_vol,0
238,$4001_sweep,17
238,$4004_duty,0
238,$4004_const,1
238,$4004_vol,0
238,$4005_sweep,17
238,$4008_linear,0
238,$400C_const,1
238,$400C_vol,0
238,$400E_period,0
238,$400E_mode,0
239,$4000_duty,0
239,$4000_const,1
239,$4000_vol,0
239,$4001_sweep,17
239,$4004_duty,0
239,$4004_const,1
239,$4004_vol,0
239,$4005_sweep,17
239,$4008_linear,0
239,$400C_const,1
239,$400C_vol,0
239,$400E_period,0
239,$400E_mode,0
240,$4000_duty,0
240,$4000_const,1
240,$4000_vol,0
240,$4001_sweep,17
240,$4004_duty,0
240,$4004_const,1
240,$4004_vol,0
240,$4005_sweep,17
240,$4008_linear,0
240,$400C_const,1
240,$400C_vol,0
240,$400E_period,0
240,$400E_mode,0
241,$4000_duty,0
241,$4000_const,1
241,$4000_vol,0
241,$4001_sweep,17
241,$4004_duty,0
241,$4004_const,1
241,$4004_vol,0
241,$4005_sweep,17
241,$4008_linear,0
241,$400C_const,1
241,$400C_vol,0
241,$400E_period,0
241,$400E_mode,0
242,$4000_duty,0
242,$4000_const,1
242,$4000_vol,0
242,$4001_sweep,17
242,$4004_duty,0
242,$4004_const,1
242,$4004_vol,0
242,$4005_sweep,17
242,$4008_linear,0
242,$400C_const,1
242,$400C_vol,0
242,$400E_period,0
242,$400E_mode,0
243,$4000_duty,0
243,$4000_const,1
243,$4000_vol,0
243,$4001_sweep,17
243,$4004_duty,0
243,$4004_const,1
243,$4004_vol,0
243,$4005_sweep,17
243,$4008_linear,0
243,$400C_const,1
243,$400C_vol,0
243,$400E_period,0
243,$400E_mode,0
244,$4000_duty,0
244,$4000_const,1
244,$4000_vol,0
244,$4001_sweep,17
244,$4004_duty,0
244,$4004_const,1
244,$4004_vol,0
244,$4005_sweep,17
244,$4008_linear,0
244,$400C_const,1
244,$400C_vol,0
244,$400E_period,0
244,$400E_mode,0
245,$4000_duty,0
245,$4000_const,1
245,$4000_vol,0
245,$4001_sweep,17
245,$4004_duty,0
245,$4004_const,1
245,$4004_vol,0
245,$4005_sweep,17
245,$4008_linear,0
245,$400C_const,1
245,$400C_vol,0
245,$400E_period,0
245,$400E_mode,0
246,$4000_duty,0
246,$4000_const,1
246,$4000_vol,0
246,$4001_sweep,17
246,$4004_duty,0
246,$4004_const,1
246,$4004_vol,0
246,$4005_sweep,17
246,$4008_linear,0
246,$400C_const,1
246,$400C_vol,0
246,$400E_period,0
246,$400E_mode,0
247,$4000_duty,0
247,$4000_const,1
247,$4000_vol,0
247,$4001_sweep,17
247,$4004_duty,0
247,$4004_const,1
247,$4004_vol,0
247,$4005_sweep,17
247,$4008_linear,0
247,$400C_const,1
247,$400C_vol,0
247,$400E_period,0
247,$400E_mode,0
248,$4000_duty,0
248,$4000_const,1
248,$4000_vol,0
248,$4001_sweep,17
248,$4004_duty,0
248,$4004_const,1
248,$4004_vol,0
248,$4005_sweep,17
248,$4008_linear,0
248,$400C_const,1
248,$400C_vol,0
248,$400E_period,0
248,$400E_mode,0
249,$4000_duty,0
249,$4000_const,1
249,$4000_vol,0
249,$4001_sweep,17
249,$4004_duty,0
249,$4004_const,1
249,$4004_vol,0
249,$4005_sweep,17
249,$4008_linear,0
249,$400C_const,1
249,$400C_vol,0
249,$400E_period,0
249,$400E_mode,0
250,$4000_duty,0
250,$4000_const,1
250,$4000_vol,0
250,$4001_sweep,17
250,$4004_duty,0
250,$4004_const,1
250,$4004_vol,0
250,$4005_sweep,17
250,$4008_linear,0
250,$400C_const,1
250,$400C_vol,0
250,$400E_period,0
250,$400E_mode,0
251,$4000_duty,0
251,$4000_const,1
251,$4000_vol,0
251,$4001_sweep,17
251,$4004_duty,0
251,$4004_const,1
251,$4004_vol,0
251,$4005_sweep,17
251,$4008_linear,0
251,$400C_const,1
251,$400C_vol,0
251,$400E_period,0
251,$400E_mode,0
252,$4000_duty,0
252,$4000_const,1
252,$4000_vol,0
252,$4001_sweep,17
252,$4004_duty,0
252,$4004_const,1
252,$4004_vol,0
252,$4005_sweep,17
252,$4008_linear,0
252,$400C_const,1
252,$400C_vol,0
252,$400E_period,0
252,$400E_mode,0
253,$4000_duty,0
253,$4000_const,1
253,$4000_vol,0
253,$4001_sweep,17
253,$4004_duty,0
253,$4004_const,1
253,$4004_vol,0
253,$4005_sweep,17
253,$4008_linear,0
253,$400C_const,1
253,$400C_vol,0
253,$400E_period,0
253,$400E_mode,0
254,$4000_duty,0
254,$4000_const,1
254,$4000_vol,0
254,$4001_sweep,17
254,$4004_duty,0
254,$4004_const,1
254,$4004_vol,0
254,$4005_sweep,17
254,$4008_linear,0
254,$400C_const,1
254,$400C_vol,0
254,$400E_period,0
254,$400E_mode,0
255,$4000_duty,0
255,$4000_const,1
255,$4000_vol,0
255,$4001_sweep,17
255,$4004_duty,0
255,$4004_const,1
255,$4004_vol,0
255,$4005_sweep,17
255,$4008_linear,0
255,$400C_const,1
255,$400C_vol,0
255,$400E_period,0
255,$400E_mode,0
256,$4000_duty,0
256,$4000_const,1
256,$4000_vol,0
256,$4001_sweep,17
256,$4004_duty,0
256,$4004_const,1
256,$4004_vol,0
256,$4005_sweep,17
256,$4008_linear,0
256,$400C_const,1
256,$400C_vol,0
256,$400E_period,0
256,$400E_mode,0
257,$4000_duty,0
257,$4000_const,1
257,$4000_vol,0
257,$4001_sweep,17
257,$4004_duty,0
257,$4004_const,1
257,$4004_vol,0
257,$4005_sweep,17
257,$4008_linear,0
257,$400C_const,1
257,$400C_vol,0
257,$400E_period,0
257,$400E_mode,0
258,$4000_duty,0
258,$4000_const,1
258,$4000_vol,0
258,$4001_sweep,17
258,$4004_duty,0
258,$4004_const,1
258,$4004_vol,0
258,$4005_sweep,17
258,$4008_linear,0
258,$400C_const,1
258,$400C_vol,0
258,$400E_period,0
258,$400E_mode,0
259,$4000_duty,0
259,$4000_const,1
259,$4000_vol,0
259,$4001_sweep,17
259,$4004_duty,0
259,$4004_const,1
259,$4004_vol,0
259,$4005_sweep,17
259,$4008_linear,0
259,$400C_const,1
259,$400C_vol,0
259,$400E_period,0
259,$400E_mode,0
260,$4000_duty,0
260,$4000_const,1
260,$4000_vol,0
260,$4001_sweep,17
260,$4002_period,429
260,$400B_length,0
260,$4004_duty,0
260,$4004_const,1
260,$4004_vol,0
260,$4005_sweep,17
260,$4006_period,1
260,$4008_linear,0
260,$400A_period,255
260,$400B_length,248
260,$400C_const,1
260,$400C_vol,0
260,$400E_period,0
260,$400E_mode,0
261,$4000_duty,0
261,$4000_const,1
261,$4000_vol,0
261,$4001_sweep,17
261,$4004_duty,0
261,$4004_const,1
261,$4004_vol,0
261,$4005_sweep,17
261,$4008_linear,0
261,$400C_const,1
261,$400C_vol,0
261,$400E_period,0
261,$400E_mode,0
262,$4000_duty,0
262,$4000_const,1
262,$4000_vol,0
262,$4001_sweep,17
262,$4004_duty,0
262,$4004_const,1
262,$4004_vol,0
262,$4005_sweep,17
262,$4008_linear,0
262,$400C_const,1
262,$400C_vol,0
262,$400E_period,0
262,$400E_mode,0
263,$4000_duty,0
263,$4000_const,1
263,$4000_vol,0
263,$4001_sweep,17
263,$4004_duty,0
263,$4004_const,1
263,$4004_vol,0
263,$4005_sweep,17
263,$4008_linear,0
263,$400C_const,1
263,$400C_vol,0
263,$400E_period,0
263,$400E_mode,0
264,$4000_duty,0
264,$4000_const,1
264,$4000_vol,0
264,$4001_sweep,17
264,$4004_duty,0
264,$4004_const,1
264,$4004_vol,0
264,$4005_sweep,17
264,$4008_linear,0
264,$400C_const,1
264,$400C_vol,0
264,$400E_period,0
264,$400E_mode,0
265,$4000_duty,0
265,$4000_const,1
265,$4000_vol,0
265,$4001_sweep,17
265,$4004_duty,0
265,$4004_const,1
265,$4004_vol,0
265,$4005_sweep,17
265,$4008_linear,0
265,$400C_const,1
265,$400C_vol,0
265,$400E_period,0
265,$400E_mode,0
266,$4000_duty,0
266,$4000_const,1
266,$4000_vol,0
266,$4001_sweep,17
266,$4004_duty,0
266,$4004_const,1
266,$4004_vol,0
266,$4005_sweep,17
266,$4008_linear,0
266,$400C_const,1
266,$400C_vol,0
266,$400E_period,0
266,$400E_mode,0
267,$4000_duty,0
267,$4000_const,1
267,$4000_vol,0
267,$4001_sweep,17
267,$4004_duty,0
267,$4004_const,1
267,$4004_vol,0
267,$4005_sweep,17
267,$4008_linear,0
267,$400C_const,1
267,$400C_vol,0
267,$400E_period,0
267,$400E_mode,0
268,$4000_duty,0
268,$4000_const,1
268,$4000_vol,0
268,$4001_sweep,17
268,$4004_duty,0
268,$4004_const,1
268,$4004_vol,0
268,$4005_sweep,17
268,$4008_linear,0
268,$400C_const,1
268,$400C_vol,0
268,$400E_period,0
268,$400E_mode,0
269,$4000_duty,0
269,$4000_const,1
269,$4000_vol,0
269,$4001_sweep,17
269,$4004_duty,0
269,$4004_const,1
269,$4004_vol,0
269,$4005_sweep,17
269,$4008_linear,0
269,$400C_const,1
269,$400C_vol,0
269,$400E_period,0
269,$400E_mode,0
270,$4000_duty,0
270,$4000_const,1
270,$4000_vol,0
270,$4001_sweep,17
270,$4004_duty,0
270,$4004_const,1
270,$4004_vol,0
270,$4005_sweep,17
270,$4008_linear,0
270,$400C_const,1
270,$400C_vol,0
270,$400E_period,0
270,$400E_mode,0
271,$4000_duty,0
271,$4000_const,1
271,$4000_vol,0
271,$4001_sweep,17
271,$4004_duty,0
271,$4004_const,1
271,$4004_vol,0
271,$4005_sweep,17
271,$4008_linear,0
271,$400C_const,1
271,$400C_vol,0
271,$400E_period,0
271,$400E_mode,0
272,$4000_duty,0
272,$4000_const,1
272,$4000_vol,0
272,$4001_sweep,17
272,$4004_duty,0
272,$4004_const,1
272,$4004_vol,0
272,$4005_sweep,17
272,$4008_linear,0
272,$400C_const,1
272,$400C_vol,0
272,$400E_period,0
272,$400E_mode,0
273,$4000_duty,0
273,$4000_const,1
273,$4000_vol,0
273,$4001_sweep,17
273,$4004_duty,0
273,$4004_const,1
273,$4004_vol,0
273,$4005_sweep,17
273,$4008_linear,0
273,$400C_const,1
273,$400C_vol,0
273,$400E_period,0
273,$400E_mode,0
274,$4000_duty,0
274,$4000_const,1
274,$4000_vol,0
274,$4001_sweep,17
274,$4004_duty,0
274,$4004_const,1
274,$4004_vol,0
274,$4005_sweep,17
274,$4008_linear,0
274,$400C_const,1
274,$400C_vol,0
274,$400E_period,0
274,$400E_mode,0
275,$4000_duty,0
275,$4000_const,1
275,$4000_vol,0
275,$4001_sweep,17
275,$4004_duty,0
275,$4004_const,1
275,$4004_vol,0
275,$4005_sweep,17
275,$4008_linear,0
275,$400C_const,1
275,$400C_vol,0
275,$400E_period,0
275,$400E_mode,0
276,$4000_duty,0
276,$4000_const,1
276,$4000_vol,0
276,$4001_sweep,17
276,$4004_duty,0
276,$4004_const,1
276,$4004_vol,0
276,$4005_sweep,17
276,$4008_linear,0
276,$400C_const,1
276,$400C_vol,0
276,$400E_period,0
276,$400E_mode,0
277,$4000_duty,0
277,$4000_const,1
277,$4000_vol,0
277,$4001_sweep,17
277,$4004_duty,0
277,$4004_const,1
277,$4004_vol,0
277,$4005_sweep,17
277,$4008_linear,0
277,$400C_const,1
277,$400C_vol,0
277,$400E_period,0
277,$400E_mode,0
278,$4000_duty,0
278,$4000_const,1
278,$4000_vol,0
278,$4001_sweep,17
278,$4004_duty,0
278,$4004_const,1
278,$4004_vol,0
278,$4005_sweep,17
278,$4008_linear,0
278,$400C_const,1
278,$400C_vol,0
278,$400E_period,0
278,$400E_mode,0
279,$4000_duty,0
279,$4000_const,1
279,$4000_vol,0
279,$4001_sweep,17
279,$4004_duty,0
279,$4004_const,1
279,$4004_vol,0
279,$4005_sweep,17
279,$4008_linear,0
279,$400C_const,1
279,$400C_vol,0
279,$400E_period,0
279,$400E_mode,0
280,$4000_duty,0
280,$4000_const,1
280,$4000_vol,0
280,$4001_sweep,17
280,$4004_duty,0
280,$4004_const,1
280,$4004_vol,0
280,$4005_sweep,17
280,$4008_linear,0
280,$400C_const,1
280,$400C_vol,0
280,$400E_period,0
280,$400E_mode,0
281,$4000_duty,0
281,$4000_const,1
281,$4000_vol,0
281,$4001_sweep,17
281,$4004_duty,0
281,$4004_const,1
281,$4004_vol,0
281,$4005_sweep,17
281,$4008_linear,0
281,$400C_const,1
281,$400C_vol,0
281,$400E_period,0
281,$400E_mode,0
282,$4000_duty,0
282,$4000_const,1
282,$4000_vol,0
282,$4001_sweep,17
282,$4004_duty,0
282,$4004_const,1
282,$4004_vol,0
282,$4005_sweep,17
282,$4008_linear,0
282,$400C_const,1
282,$400C_vol,0
282,$400E_period,0
282,$400E_mode,0
283,$4000_duty,0
283,$4000_const,1
283,$4000_vol,0
283,$4001_sweep,17
283,$4004_duty,0
283,$4004_const,1
283,$4004_vol,0
283,$4005_sweep,17
283,$4008_linear,0
283,$400C_const,1
283,$400C_vol,0
283,$400E_period,0
283,$400E_mode,0
284,$4000_duty,0
284,$4000_const,1
284,$4000_vol,0
284,$4001_sweep,17
284,$4004_duty,0
284,$4004_const,1
284,$4004_vol,0
284,$4005_sweep,17
284,$4008_linear,0
284,$400C_const,1
284,$400C_vol,0
284,$400E_period,0
284,$400E_mode,0
285,$4000_duty,0
285,$4000_const,1
285,$4000_vol,0
285,$4001_sweep,17
285,$4004_duty,0
285,$4004_const,1
285,$4004_vol,0
285,$4005_sweep,17
285,$4008_linear,0
285,$400C_const,1
285,$400C_vol,0
285,$400E_period,0
285,$400E_mode,0
286,$4000_duty,0
286,$4000_const,1
286,$4000_vol,0
286,$4001_sweep,17
286,$4004_duty,0
286,$4004_const,1
286,$4004_vol,0
286,$4005_sweep,17
286,$4008_linear,0
286,$400C_const,1
286,$400C_vol,0
286,$400E_period,0
286,$400E_mode,0
287,$4000_duty,0
287,$4000_const,1
287,$4000_vol,0
287,$4001_sweep,17
287,$4004_duty,0
287,$4004_const,1
287,$4004_vol,0
287,$4005_sweep,17
287,$4008_linear,0
287,$400C_const,1
287,$400C_vol,0
287,$400E_period,0
287,$400E_mode,0
288,$4000_duty,0
288,$4000_const,1
288,$4000_vol,0
288,$4001_sweep,17
288,$4004_duty,0
288,$4004_const,1
288,$4004_vol,0
288,$4005_sweep,17
288,$4008_linear,0
288,$400C_const,1
288,$400C_vol,0
288,$400E_period,0
288,$400E_mode,0
289,$4000_duty,0
289,$4000_const,1
289,$4000_vol,0
289,$4001_sweep,17
289,$4004_duty,0
289,$4004_const,1
289,$4004_vol,0
289,$4005_sweep,17
289,$4008_linear,0
289,$400C_const,1
289,$400C_vol,0
289,$400E_period,0
289,$400E_mode,0
290,$4000_duty,0
290,$4000_const,1
290,$4000_vol,0
290,$4001_sweep,17
290,$4004_duty,0
290,$4004_const,1
290,$4004_vol,0
290,$4005_sweep,17
290,$4008_linear,0
290,$400C_const,1
290,$400C_vol,0
290,$400E_period,0
290,$400E_mode,0
291,$4000_duty,0
291,$4000_const,1
291,$4000_vol,0
291,$4001_sweep,17
291,$4004_duty,0
291,$4004_const,1
291,$4004_vol,0
291,$4005_sweep,17
291,$4008_linear,0
291,$400C_const,1
291,$400C_vol,0
291,$400E_period,0
291,$400E_mode,0
292,$4000_duty,0
292,$4000_const,1
292,$4000_vol,0
292,$4001_sweep,17
292,$4004_duty,0
292,$4004_const,1
292,$4004_vol,0
292,$4005_sweep,17
292,$4008_linear,0
292,$400C_const,1
292,$400C_vol,0
292,$400E_period,0
292,$400E_mode,0
293,$4000_duty,0
293,$4000_const,1
293,$4000_vol,0
293,$4001_sweep,17
293,$4004_duty,0
293,$4004_const,1
293,$4004_vol,0
293,$4005_sweep,17
293,$4008_linear,0
293,$400C_const,1
293,$400C_vol,0
293,$400E_period,0
293,$400E_mode,0
294,$4000_duty,0
294,$4000_const,1
294,$4000_vol,0
294,$4001_sweep,17
294,$4004_duty,0
294,$4004_const,1
294,$4004_vol,0
294,$4005_sweep,17
294,$4008_linear,0
294,$400C_const,1
294,$400C_vol,0
294,$400E_period,0
294,$400E_mode,0
295,$4000_duty,0
295,$4000_const,1
295,$4000_vol,0
295,$4001_sweep,17
295,$4004_duty,0
295,$4004_const,1
295,$4004_vol,0
295,$4005_sweep,17
295,$4008_linear,0
295,$400C_const,1
295,$400C_vol,0
295,$400E_period,0
295,$400E_mode,0
296,$4000_duty,0
296,$4000_const,1
296,$4000_vol,0
296,$4001_sweep,17
296,$4004_duty,0
296,$4004_const,1
296,$4004_vol,0
296,$4005_sweep,17
296,$4008_linear,0
296,$400C_const,1
296,$400C_vol,0
296,$400E_period,0
296,$400E_mode,0
297,$4000_duty,0
297,$4000_const,1
297,$4000_vol,0
297,$4001_sweep,17
297,$4004_duty,0
297,$4004_const,1
297,$4004_vol,0
297,$4005_sweep,17
297,$4008_linear,0
297,$400C_const,1
297,$400C_vol,0
297,$400E_period,0
297,$400E_mode,0
298,$4000_duty,0
298,$4000_const,1
298,$4000_vol,0
298,$4001_sweep,17
298,$4004_duty,0
298,$4004_const,1
298,$4004_vol,0
298,$4005_sweep,17
298,$4008_linear,0
298,$400C_const,1
298,$400C_vol,0
298,$400E_period,0
298,$400E_mode,0
299,$4000_duty,0
299,$4000_const,1
299,$4000_vol,0
299,$4001_sweep,17
299,$4004_duty,0
299,$4004_const,1
299,$4004_vol,0
299,$4005_sweep,17
299,$4008_linear,0
299,$400C_const,1
299,$400C_vol,0
299,$400E_period,0
299,$400E_mode,0
300,$4000_duty,0
300,$4000_const,1
300,$4000_vol,0
300,$4001_sweep,17
300,$4004_duty,0
300,$4004_const,1
300,$4004_vol,0
300,$4005_sweep,17
300,$4008_linear,0
300,$400C_const,1
300,$400C_vol,0
300,$400E_period,0
300,$400E_mode,0
301,$4000_duty,0
301,$4000_const,1
301,$4000_vol,0
301,$4001_sweep,17
301,$4004_duty,0
301,$4004_const,1
301,$4004_vol,0
301,$4005_sweep,17
301,$4008_linear,0
301,$400C_const,1
301,$400C_vol,0
301,$400E_period,0
301,$400E_mode,0
302,$4000_duty,0
302,$4000_const,1
302,$4000_vol,0
302,$4001_sweep,17
302,$4004_duty,0
302,$4004_const,1
302,$4004_vol,0
302,$4005_sweep,17
302,$4008_linear,0
302,$400C_const,1
302,$400C_vol,0
302,$400E_period,0
302,$400E_mode,0
303,$4000_duty,0
303,$4000_const,1
303,$4000_vol,0
303,$4001_sweep,17
303,$4004_duty,0
303,$4004_const,1
303,$4004_vol,0
303,$4005_sweep,17
303,$4008_linear,0
303,$400C_const,1
303,$400C_vol,0
303,$400E_period,0
303,$400E_mode,0
304,$4000_duty,0
304,$4000_const,1
304,$4000_vol,0
304,$4001_sweep,17
304,$4004_duty,0
304,$4004_const,1
304,$4004_vol,0
304,$4005_sweep,17
304,$4008_linear,0
304,$400C_const,1
304,$400C_vol,0
304,$400E_period,0
304,$400E_mode,0
305,$4000_duty,0
305,$4000_const,1
305,$4000_vol,0
305,$4001_sweep,17
305,$4004_duty,0
305,$4004_const,1
305,$4004_vol,0
305,$4005_sweep,17
305,$4008_linear,0
305,$400C_const,1
305,$400C_vol,0
305,$400E_period,0
305,$400E_mode,0
306,$4000_duty,0
306,$4000_const,1
306,$4000_vol,0
306,$4001_sweep,17
306,$4004_duty,0
306,$4004_const,1
306,$4004_vol,0
306,$4005_sweep,17
306,$4008_linear,0
306,$400C_const,1
306,$400C_vol,0
306,$400E_period,0
306,$400E_mode,0
307,$4000_duty,0
307,$4000_const,1
307,$4000_vol,0
307,$4001_sweep,17
307,$4004_duty,0
307,$4004_const,1
307,$4004_vol,0
307,$4005_sweep,17
307,$4008_linear,0
307,$400C_const,1
307,$400C_vol,0
307,$400E_period,0
307,$400E_mode,0
308,$4000_duty,0
308,$4000_const,1
308,$4000_vol,0
308,$4001_sweep,17
308,$4004_duty,0
308,$4004_const,1
308,$4004_vol,0
308,$4005_sweep,17
308,$4008_linear,0
308,$400C_const,1
308,$400C_vol,0
308,$400E_period,0
308,$400E_mode,0
309,$4000_duty,0
309,$4000_const,1
309,$4000_vol,0
309,$4001_sweep,17
309,$4004_duty,0
309,$4004_const,1
309,$4004_vol,0
309,$4005_sweep,17
309,$4008_linear,0
309,$400C_const,1
309,$400C_vol,0
309,$400E_period,0
309,$400E_mode,0
310,$4000_duty,0
310,$4000_const,1
310,$4000_vol,0
310,$4001_sweep,17
310,$4004_duty,0
310,$4004_const,1
310,$4004_vol,0
310,$4005_sweep,17
310,$4008_linear,0
310,$400C_const,1
310,$400C_vol,0
310,$400E_period,0
310,$400E_mode,0
311,$4000_duty,0
311,$4000_const,1
311,$4000_vol,0
311,$4001_sweep,17
311,$4004_duty,0
311,$4004_const,1
311,$4004_vol,0
311,$4005_sweep,17
311,$4008_linear,0
311,$400C_const,1
311,$400C_vol,0
311,$400E_period,0
311,$400E_mode,0
312,$4000_duty,0
312,$4000_const,1
312,$4000_vol,0
312,$4001_sweep,17
312,$4004_duty,0
312,$4004_const,1
312,$4004_vol,0
312,$4005_sweep,17
312,$4008_linear,0
312,$400C_const,1
312,$400C_vol,0
312,$400E_period,0
312,$400E_mode,0
313,$4000_duty,0
313,$4000_const,1
313,$4000_vol,0
313,$4001_sweep,17
313,$4004_duty,0
313,$4004_const,1
313,$4004_vol,0
313,$4005_sweep,17
313,$4008_linear,0
313,$400C_const,1
313,$400C_vol,0
313,$400E_period,0
313,$400E_mode,0
314,$4000_duty,0
314,$4000_const,1
314,$4000_vol,0
314,$4001_sweep,17
314,$4004_duty,0
314,$4004_const,1
314,$4004_vol,0
314,$4005_sweep,17
314,$4008_linear,0
314,$400C_const,1
314,$400C_vol,0
314,$400E_period,0
314,$400E_mode,0
315,$4000_duty,0
315,$4000_const,1
315,$4000_vol,0
315,$4001_sweep,17
315,$4004_duty,0
315,$4004_const,1
315,$4004_vol,0
315,$4005_sweep,17
315,$4008_linear,0
315,$400C_const,1
315,$400C_vol,0
315,$400E_period,0
315,$400E_mode,0
316,$4000_duty,0
316,$4000_const,1
316,$4000_vol,0
316,$4001_sweep,17
316,$4004_duty,0
316,$4004_const,1
316,$4004_vol,0
316,$4005_sweep,17
316,$4008_linear,0
316,$400C_const,1
316,$400C_vol,0
316,$400E_period,0
316,$400E_mode,0
317,$4000_duty,0
317,$4000_const,1
317,$4000_vol,0
317,$4001_sweep,17
317,$4004_duty,0
317,$4004_const,1
317,$4004_vol,0
317,$4005_sweep,17
317,$4008_linear,0
317,$400C_const,1
317,$400C_vol,0
317,$400E_period,0
317,$400E_mode,0
318,$4000_duty,0
318,$4000_const,1
318,$4000_vol,0
318,$4001_sweep,17
318,$4004_duty,0
318,$4004_const,1
318,$4004_vol,0
318,$4005_sweep,17
318,$4008_linear,0
318,$400C_const,1
318,$400C_vol,0
318,$400E_period,0
318,$400E_mode,0
319,$4000_duty,0
319,$4000_const,1
319,$4000_vol,0
319,$4001_sweep,17
319,$4004_duty,0
319,$4004_const,1
319,$4004_vol,0
319,$4005_sweep,17
319,$4008_linear,0
319,$400C_const,1
319,$400C_vol,0
319,$400E_period,0
319,$400E_mode,0
320,$4000_duty,0
320,$4000_const,1
320,$4000_vol,0
320,$4001_sweep,17
320,$4004_duty,0
320,$4004_const,1
320,$4004_vol,0
320,$4005_sweep,17
320,$4008_linear,0
320,$400C_const,1
320,$400C_vol,0
320,$400E_period,0
320,$400E_mode,0
321,$4000_duty,0
321,$4000_const,1
321,$4000_vol,0
321,$4001_sweep,17
321,$4004_duty,0
321,$4004_const,1
321,$4004_vol,0
321,$4005_sweep,17
321,$4008_linear,0
321,$400C_const,1
321,$400C_vol,0
321,$400E_period,0
321,$400E_mode,0
322,$4000_duty,0
322,$4000_const,1
322,$4000_vol,0
322,$4001_sweep,17
322,$4004_duty,0
322,$4004_const,1
322,$4004_vol,0
322,$4005_sweep,17
322,$4008_linear,0
322,$400C_const,1
322,$400C_vol,0
322,$400E_period,0
322,$400E_mode,0
323,$4000_duty,0
323,$4000_const,1
323,$4000_vol,0
323,$4001_sweep,17
323,$4004_duty,0
323,$4004_const,1
323,$4004_vol,0
323,$4005_sweep,17
323,$4008_linear,0
323,$400C_const,1
323,$400C_vol,0
323,$400E_period,0
323,$400E_mode,0
324,$4000_duty,0
324,$4000_const,1
324,$4000_vol,0
324,$4001_sweep,17
324,$4002_period,429
324,$400B_length,0
324,$4004_duty,0
324,$4004_const,1
324,$4004_vol,0
324,$4005_sweep,17
324,$4006_period,1
324,$4008_linear,0
324,$400A_period,261
324,$400B_length,248
324,$400C_const,1
324,$400C_vol,0
324,$400E_period,0
324,$400E_mode,0
325,$4000_duty,0
325,$4000_const,1
325,$4000_vol,0
325,$4001_sweep,17
325,$4004_duty,0
325,$4004_const,1
325,$4004_vol,0
325,$4005_sweep,17
325,$4008_linear,0
325,$400C_const,1
325,$400C_vol,0
325,$400E_period,0
325,$400E_mode,0
326,$4000_duty,0
326,$4000_const,1
326,$4000_vol,0
326,$4001_sweep,17
326,$4004_duty,0
326,$4004_const,1
326,$4004_vol,0
326,$4005_sweep,17
326,$4008_linear,0
326,$400C_const,1
326,$400C_vol,0
326,$400E_period,0
326,$400E_mode,0
327,$4000_duty,0
327,$4000_const,1
327,$4000_vol,0
327,$4001_sweep,17
327,$4004_duty,0
327,$4004_const,1
327,$4004_vol,0
327,$4005_sweep,17
327,$4008_linear,0
327,$400C_const,1
327,$400C_vol,0
327,$400E_period,0
327,$400E_mode,0
328,$4000_duty,0
328,$4000_const,1
328,$4000_vol,0
328,$4001_sweep,17
328,$4004_duty,0
328,$4004_const,1
328,$4004_vol,0
328,$4005_sweep,17
328,$4008_linear,0
328,$400C_const,1
328,$400C_vol,0
328,$400E_period,0
328,$400E_mode,0
329,$4000_duty,0
329,$4000_const,1
329,$4000_vol,0
329,$4001_sweep,17
329,$4004_duty,0
329,$4004_const,1
329,$4004_vol,0
329,$4005_sweep,17
329,$4008_linear,0
329,$400C_const,1
329,$400C_vol,0
329,$400E_period,0
329,$400E_mode,0
330,$4000_duty,0
330,$4000_const,1
330,$4000_vol,0
330,$4001_sweep,17
330,$4004_duty,0
330,$4004_const,1
330,$4004_vol,0
330,$4005_sweep,17
330,$4008_linear,0
330,$400C_const,1
330,$400C_vol,0
330,$400E_period,0
330,$400E_mode,0
331,$4000_duty,0
331,$4000_const,1
331,$4000_vol,0
331,$4001_sweep,17
331,$4004_duty,0
331,$4004_const,1
331,$4004_vol,0
331,$4005_sweep,17
331,$4008_linear,0
331,$400C_const,1
331,$400C_vol,0
331,$400E_period,0
331,$400E_mode,0
332,$4000_duty,0
332,$4000_const,1
332,$4000_vol,0
332,$4001_sweep,17
332,$4004_duty,0
332,$4004_const,1
332,$4004_vol,0
332,$4005_sweep,17
332,$4008_linear,0
332,$400C_const,1
332,$400C_vol,0
332,$400E_period,0
332,$400E_mode,0
333,$4000_duty,0
333,$4000_const,1
333,$4000_vol,0
333,$4001_sweep,17
333,$4004_duty,0
333,$4004_const,1
333,$4004_vol,0
333,$4005_sweep,17
333,$4008_linear,0
333,$400C_const,1
333,$400C_vol,0
333,$400E_period,0
333,$400E_mode,0
334,$4000_duty,0
334,$4000_const,1
334,$4000_vol,0
334,$4001_sweep,17
334,$4004_duty,0
334,$4004_const,1
334,$4004_vol,0
334,$4005_sweep,17
334,$4008_linear,0
334,$400C_const,1
334,$400C_vol,0
334,$400E_period,0
334,$400E_mode,0
335,$4000_duty,0
335,$4000_const,1
335,$4000_vol,0
335,$4001_sweep,17
335,$4004_duty,0
335,$4004_const,1
335,$4004_vol,0
335,$4005_sweep,17
335,$4008_linear,0
335,$400C_const,1
335,$400C_vol,0
335,$400E_period,0
335,$400E_mode,0
336,$4000_duty,0
336,$4000_const,1
336,$4000_vol,0
336,$4001_sweep,17
336,$4004_duty,0
336,$4004_const,1
336,$4004_vol,0
336,$4005_sweep,17
336,$4008_linear,0
336,$400C_const,1
336,$400C_vol,0
336,$400E_period,0
336,$400E_mode,0
337,$4000_duty,0
337,$4000_const,1
337,$4000_vol,0
337,$4001_sweep,17
337,$4004_duty,0
337,$4004_const,1
337,$4004_vol,0
337,$4005_sweep,17
337,$4008_linear,0
337,$400C_const,1
337,$400C_vol,0
337,$400E_period,0
337,$400E_mode,0
338,$4000_duty,0
338,$4000_const,1
338,$4000_vol,0
338,$4001_sweep,17
338,$4004_duty,0
338,$4004_const,1
338,$4004_vol,0
338,$4005_sweep,17
338,$4008_linear,0
338,$400C_const,1
338,$400C_vol,0
338,$400E_period,0
338,$400E_mode,0
339,$4000_duty,0
339,$4000_const,1
339,$4000_vol,0
339,$4001_sweep,17
339,$4004_duty,0
339,$4004_const,1
339,$4004_vol,0
339,$4005_sweep,17
339,$4008_linear,0
339,$400C_const,1
339,$400C_vol,0
339,$400E_period,0
339,$400E_mode,0
340,$4000_duty,0
340,$4000_const,1
340,$4000_vol,0
340,$4001_sweep,17
340,$4004_duty,0
340,$4004_const,1
340,$4004_vol,0
340,$4005_sweep,17
340,$4008_linear,0
340,$400C_const,1
340,$400C_vol,0
340,$400E_period,0
340,$400E_mode,0
341,$4000_duty,0
341,$4000_const,1
341,$4000_vol,0
341,$4001_sweep,17
341,$4004_duty,0
341,$4004_const,1
341,$4004_vol,0
341,$4005_sweep,17
341,$4008_linear,0
341,$400C_const,1
341,$400C_vol,0
341,$400E_period,0
341,$400E_mode,0
342,$4000_duty,0
342,$4000_const,1
342,$4000_vol,0
342,$4001_sweep,17
342,$4004_duty,0
342,$4004_const,1
342,$4004_vol,0
342,$4005_sweep,17
342,$4008_linear,0
342,$400C_const,1
342,$400C_vol,0
342,$400E_period,0
342,$400E_mode,0
343,$4000_duty,0
343,$4000_const,1
343,$4000_vol,0
343,$4001_sweep,17
343,$4004_duty,0
343,$4004_const,1
343,$4004_vol,0
343,$4005_sweep,17
343,$4008_linear,0
343,$400C_const,1
343,$400C_vol,0
343,$400E_period,0
343,$400E_mode,0
344,$4000_duty,0
344,$4000_const,1
344,$4000_vol,0
344,$4001_sweep,17
344,$4004_duty,0
344,$4004_const,1
344,$4004_vol,0
344,$4005_sweep,17
344,$4008_linear,0
344,$400C_const,1
344,$400C_vol,0
344,$400E_period,0
344,$400E_mode,0
345,$4000_duty,0
345,$4000_const,1
345,$4000_vol,0
345,$4001_sweep,17
345,$4004_duty,0
345,$4004_const,1
345,$4004_vol,0
345,$4005_sweep,17
345,$4008_linear,0
345,$400C_const,1
345,$400C_vol,0
345,$400E_period,0
345,$400E_mode,0
346,$4000_duty,0
346,$4000_const,1
346,$4000_vol,0
346,$4001_sweep,17
346,$4004_duty,0
346,$4004_const,1
346,$4004_vol,0
346,$4005_sweep,17
346,$4008_linear,0
346,$400C_const,1
346,$400C_vol,0
346,$400E_period,0
346,$400E_mode,0
347,$4000_duty,0
347,$4000_const,1
347,$4000_vol,0
347,$4001_sweep,17
347,$4004_duty,0
347,$4004_const,1
347,$4004_vol,0
347,$4005_sweep,17
347,$4008_linear,0
347,$400C_const,1
347,$400C_vol,0
347,$400E_period,0
347,$400E_mode,0
348,$4000_duty,0
348,$4000_const,1
348,$4000_vol,0
348,$4001_sweep,17
348,$4004_duty,0
348,$4004_const,1
348,$4004_vol,0
348,$4005_sweep,17
348,$4008_linear,0
348,$400C_const,1
348,$400C_vol,0
348,$400E_period,0
348,$400E_mode,0
349,$4000_duty,0
349,$4000_const,1
349,$4000_vol,0
349,$4001_sweep,17
349,$4004_duty,0
349,$4004_const,1
349,$4004_vol,0
349,$4005_sweep,17
349,$4008_linear,0
349,$400C_const,1
349,$400C_vol,0
349,$400E_period,0
349,$400E_mode,0
350,$4000_duty,0
350,$4000_const,1
350,$4000_vol,0
350,$4001_sweep,17
350,$4004_duty,0
350,$4004_const,1
350,$4004_vol,0
350,$4005_sweep,17
350,$4008_linear,0
350,$400C_const,1
350,$400C_vol,0
350,$400E_period,0
350,$400E_mode,0
351,$4000_duty,0
351,$4000_const,1
351,$4000_vol,0
351,$4001_sweep,17
351,$4004_duty,0
351,$4004_const,1
351,$4004_vol,0
351,$4005_sweep,17
351,$4008_linear,0
351,$400C_const,1
351,$400C_vol,0
351,$400E_period,0
351,$400E_mode,0
352,$4000_duty,0
352,$4000_const,1
352,$4000_vol,0
352,$4001_sweep,17
352,$4004_duty,0
352,$4004_const,1
352,$4004_vol,0
352,$4005_sweep,17
352,$4008_linear,0
352,$400C_const,1
352,$400C_vol,0
352,$400E_period,0
352,$400E_mode,0
353,$4000_duty,0
353,$4000_const,1
353,$4000_vol,0
353,$4001_sweep,17
353,$4004_duty,0
353,$4004_const,1
353,$4004_vol,0
353,$4005_sweep,17
353,$4008_linear,0
353,$400C_const,1
353,$400C_vol,0
353,$400E_period,0
353,$400E_mode,0
354,$4000_duty,0
354,$4000_const,1
354,$4000_vol,0
354,$4001_sweep,17
354,$4004_duty,0
354,$4004_const,1
354,$4004_vol,0
354,$4005_sweep,17
354,$4008_linear,0
354,$400C_const,1
354,$400C_vol,0
354,$400E_period,0
354,$400E_mode,0
355,$4000_duty,0
355,$4000_const,1
355,$4000_vol,0
355,$4001_sweep,17
355,$4004_duty,0
355,$4004_const,1
355,$4004_vol,0
355,$4005_sweep,17
355,$4008_linear,0
355,$400C_const,1
355,$400C_vol,0
355,$400E_period,0
355,$400E_mode,0
356,$4000_duty,0
356,$4000_const,1
356,$4000_vol,0
356,$4001_sweep,17
356,$4004_duty,0
356,$4004_const,1
356,$4004_vol,0
356,$4005_sweep,17
356,$4008_linear,0
356,$400C_const,1
356,$400C_vol,0
356,$400E_period,0
356,$400E_mode,0
357,$4000_duty,0
357,$4000_const,1
357,$4000_vol,0
357,$4001_sweep,17
357,$4004_duty,0
357,$4004_const,1
357,$4004_vol,0
357,$4005_sweep,17
357,$4008_linear,0
357,$400C_const,1
357,$400C_vol,0
357,$400E_period,0
357,$400E_mode,0
358,$4000_duty,0
358,$4000_const,1
358,$4000_vol,0
358,$4001_sweep,17
358,$4004_duty,0
358,$4004_const,1
358,$4004_vol,0
358,$4005_sweep,17
358,$4008_linear,0
358,$400C_const,1
358,$400C_vol,0
358,$400E_period,0
358,$400E_mode,0
359,$4000_duty,0
359,$4000_const,1
359,$4000_vol,0
359,$4001_sweep,17
359,$4004_duty,0
359,$4004_const,1
359,$4004_vol,0
359,$4005_sweep,17
359,$4008_linear,0
359,$400C_const,1
359,$400C_vol,0
359,$400E_period,0
359,$400E_mode,0
360,$4000_duty,0
360,$4000_const,1
360,$4000_vol,0
360,$4001_sweep,17
360,$4004_duty,0
360,$4004_const,1
360,$4004_vol,0
360,$4005_sweep,17
360,$4008_linear,0
360,$400C_const,1
360,$400C_vol,0
360,$400E_period,0
360,$400E_mode,0
361,$4000_duty,0
361,$4000_const,1
361,$4000_vol,0
361,$4001_sweep,17
361,$4004_duty,0
361,$4004_const,1
361,$4004_vol,0
361,$4005_sweep,17
361,$4008_linear,0
361,$400C_const,1
361,$400C_vol,0
361,$400E_period,0
361,$400E_mode,0
362,$4000_duty,0
362,$4000_const,1
362,$4000_vol,0
362,$4001_sweep,17
362,$4004_duty,0
362,$4004_const,1
362,$4004_vol,0
362,$4005_sweep,17
362,$4008_linear,0
362,$400C_const,1
362,$400C_vol,0
362,$400E_period,0
362,$400E_mode,0
363,$4000_duty,0
363,$4000_const,1
363,$4000_vol,0
363,$4001_sweep,17
363,$4004_duty,0
363,$4004_const,1
363,$4004_vol,0
363,$4005_sweep,17
363,$4008_linear,0
363,$400C_const,1
363,$400C_vol,0
363,$400E_period,0
363,$400E_mode,0
364,$4000_duty,0
364,$4000_const,1
364,$4000_vol,0
364,$4001_sweep,17
364,$4004_duty,0
364,$4004_const,1
364,$4004_vol,0
364,$4005_sweep,17
364,$4008_linear,0
364,$400C_const,1
364,$400C_vol,0
364,$400E_period,0
364,$400E_mode,0
365,$4000_duty,0
365,$4000_const,1
365,$4000_vol,0
365,$4001_sweep,17
365,$4004_duty,0
365,$4004_const,1
365,$4004_vol,0
365,$4005_sweep,17
365,$4008_linear,0
365,$400C_const,1
365,$400C_vol,0
365,$400E_period,0
365,$400E_mode,0
366,$4000_duty,0
366,$4000_const,1
366,$4000_vol,0
366,$4001_sweep,17
366,$4004_duty,0
366,$4004_const,1
366,$4004_vol,0
366,$4005_sweep,17
366,$4008_linear,0
366,$400C_const,1
366,$400C_vol,0
366,$400E_period,0
366,$400E_mode,0
367,$4000_duty,0
367,$4000_const,1
367,$4000_vol,0
367,$4001_sweep,17
367,$4004_duty,0
367,$4004_const,1
367,$4004_vol,0
367,$4005_sweep,17
367,$4008_linear,0
367,$400C_const,1
367,$400C_vol,0
367,$400E_period,0
367,$400E_mode,0
368,$4000_duty,0
368,$4000_const,1
368,$4000_vol,0
368,$4001_sweep,17
368,$4004_duty,0
368,$4004_const,1
368,$4004_vol,0
368,$4005_sweep,17
368,$4008_linear,0
368,$400C_const,1
368,$400C_vol,0
368,$400E_period,0
368,$400E_mode,0
369,$4000_duty,0
369,$4000_const,1
369,$4000_vol,0
369,$4001_sweep,17
369,$4004_duty,0
369,$4004_const,1
369,$4004_vol,0
369,$4005_sweep,17
369,$4008_linear,0
369,$400C_const,1
369,$400C_vol,0
369,$400E_period,0
369,$400E_mode,0
370,$4000_duty,0
370,$4000_const,1
370,$4000_vol,0
370,$4001_sweep,17
370,$4004_duty,0
370,$4004_const,1
370,$4004_vol,0
370,$4005_sweep,17
370,$4008_linear,0
370,$400C_const,1
370,$400C_vol,0
370,$400E_period,0
370,$400E_mode,0
371,$4000_duty,0
371,$4000_const,1
371,$4000_vol,0
371,$4001_sweep,17
371,$4004_duty,0
371,$4004_const,1
371,$4004_vol,0
371,$4005_sweep,17
371,$4008_linear,0
371,$400C_const,1
371,$400C_vol,0
371,$400E_period,0
371,$400E_mode,0
372,$4000_duty,0
372,$4000_const,1
372,$4000_vol,0
372,$4001_sweep,17
372,$4004_duty,0
372,$4004_const,1
372,$4004_vol,0
372,$4005_sweep,17
372,$4008_linear,0
372,$400C_const,1
372,$400C_vol,0
372,$400E_period,0
372,$400E_mode,0
373,$4000_duty,0
373,$4000_const,1
373,$4000_vol,0
373,$4001_sweep,17
373,$4004_duty,0
373,$4004_const,1
373,$4004_vol,0
373,$4005_sweep,17
373,$4008_linear,0
373,$400C_const,1
373,$400C_vol,0
373,$400E_period,0
373,$400E_mode,0
374,$4000_duty,0
374,$4000_const,1
374,$4000_vol,0
374,$4001_sweep,17
374,$4004_duty,0
374,$4004_const,1
374,$4004_vol,0
374,$4005_sweep,17
374,$4008_linear,0
374,$400C_const,1
374,$400C_vol,0
374,$400E_period,0
374,$400E_mode,0
375,$4000_duty,0
375,$4000_const,1
375,$4000_vol,0
375,$4001_sweep,17
375,$4004_duty,0
375,$4004_const,1
375,$4004_vol,0
375,$4005_sweep,17
375,$4008_linear,0
375,$400C_const,1
375,$400C_vol,0
375,$400E_period,0
375,$400E_mode,0
376,$4000_duty,0
376,$4000_const,1
376,$4000_vol,0
376,$4001_sweep,17
376,$4004_duty,0
376,$4004_const,1
376,$4004_vol,0
376,$4005_sweep,17
376,$4008_linear,0
376,$400C_const,1
376,$400C_vol,0
376,$400E_period,0
376,$400E_mode,0
377,$4000_duty,0
377,$4000_const,1
377,$4000_vol,0
377,$4001_sweep,17
377,$4004_duty,0
377,$4004_const,1
377,$4004_vol,0
377,$4005_sweep,17
377,$4008_linear,0
377,$400C_const,1
377,$400C_vol,0
377,$400E_period,0
377,$400E_mode,0
378,$4000_duty,0
378,$4000_const,1
378,$4000_vol,0
378,$4001_sweep,17
378,$4004_duty,0
378,$4004_const,1
378,$4004_vol,0
378,$4005_sweep,17
378,$4008_linear,0
378,$400C_const,1
378,$400C_vol,0
378,$400E_period,0
378,$400E_mode,0
379,$4000_duty,0
379,$4000_const,1
379,$4000_vol,0
379,$4001_sweep,17
379,$4004_duty,0
379,$4004_const,1
379,$4004_vol,0
379,$4005_sweep,17
379,$4008_linear,0
379,$400C_const,1
379,$400C_vol,0
379,$400E_period,0
379,$400E_mode,0
380,$4000_duty,0
380,$4000_const,1
380,$4000_vol,0
380,$4001_sweep,17
380,$4004_duty,0
380,$4004_const,1
380,$4004_vol,0
380,$4005_sweep,17
380,$4008_linear,0
380,$400C_const,1
380,$400C_vol,0
380,$400E_period,0
380,$400E_mode,0
381,$4000_duty,0
381,$4000_const,1
381,$4000_vol,0
381,$4001_sweep,17
381,$4004_duty,0
381,$4004_const,1
381,$4004_vol,0
381,$4005_sweep,17
381,$4008_linear,0
381,$400C_const,1
381,$400C_vol,0
381,$400E_period,0
381,$400E_mode,0
382,$4000_duty,0
382,$4000_const,1
382,$4000_vol,0
382,$4001_sweep,17
382,$4004_duty,0
382,$4004_const,1
382,$4004_vol,0
382,$4005_sweep,17
382,$4008_linear,0
382,$400C_const,1
382,$400C_vol,0
382,$400E_period,0
382,$400E_mode,0
383,$4000_duty,0
383,$4000_const,1
383,$4000_vol,0
383,$4001_sweep,17
383,$4004_duty,0
383,$4004_const,1
383,$4004_vol,0
383,$4005_sweep,17
383,$4008_linear,0
383,$400C_const,1
383,$400C_vol,0
383,$400E_period,0
383,$400E_mode,0
384,$4000_duty,0
384,$4000_const,1
384,$4000_vol,0
384,$4001_sweep,17
384,$4004_duty,0
384,$4004_const,1
384,$4004_vol,0
384,$4005_sweep,17
384,$4008_linear,0
384,$400C_const,1
384,$400C_vol,0
384,$400E_period,0
384,$400E_mode,0
385,$4000_duty,0
385,$4000_const,1
385,$4000_vol,0
385,$4001_sweep,17
385,$4004_duty,0
385,$4004_const,1
385,$4004_vol,0
385,$4005_sweep,17
385,$4008_linear,0
385,$400C_const,1
385,$400C_vol,0
385,$400E_period,0
385,$400E_mode,0
386,$4000_duty,0
386,$4000_const,1
386,$4000_vol,0
386,$4001_sweep,17
386,$4004_duty,0
386,$4004_const,1
386,$4004_vol,0
386,$4005_sweep,17
386,$4008_linear,0
386,$400C_const,1
386,$400C_vol,0
386,$400E_period,0
386,$400E_mode,0
387,$4000_duty,0
387,$4000_const,1
387,$4000_vol,0
387,$4001_sweep,17
387,$4004_duty,0
387,$4004_const,1
387,$4004_vol,0
387,$4005_sweep,17
387,$4008_linear,0
387,$400C_const,1
387,$400C_vol,0
387,$400E_period,0
387,$400E_mode,0
388,$4000_duty,0
388,$4000_const,1
388,$4000_vol,0
388,$4001_sweep,17
388,$4002_period,429
388,$400B_length,0
388,$4004_duty,0
388,$4004_const,1
388,$4004_vol,0
388,$4005_sweep,17
388,$4006_period,1
388,$4008_linear,0
388,$400A_period,259
388,$400B_length,248
388,$400C_const,1
388,$400C_vol,0
388,$400E_period,0
388,$400E_mode,0
389,$4000_duty,0
389,$4000_const,1
389,$4000_vol,0
389,$4001_sweep,17
389,$4004_duty,0
389,$4004_const,1
389,$4004_vol,0
389,$4005_sweep,17
389,$4008_linear,0
389,$400C_const,1
389,$400C_vol,0
389,$400E_period,0
389,$400E_mode,0
390,$4000_duty,0
390,$4000_const,1
390,$4000_vol,0
390,$4001_sweep,17
390,$4004_duty,0
390,$4004_const,1
390,$4004_vol,0
390,$4005_sweep,17
390,$4008_linear,0
390,$400C_const,1
390,$400C_vol,0
390,$400E_period,0
390,$400E_mode,0
391,$4000_duty,0
391,$4000_const,1
391,$4000_vol,0
391,$4001_sweep,17
391,$4004_duty,0
391,$4004_const,1
391,$4004_vol,0
391,$4005_sweep,17
391,$4008_linear,0
391,$400C_const,1
391,$400C_vol,0
391,$400E_period,0
391,$400E_mode,0
392,$4000_duty,0
392,$4000_const,1
392,$4000_vol,0
392,$4001_sweep,17
392,$4004_duty,0
392,$4004_const,1
392,$4004_vol,0
392,$4005_sweep,17
392,$4008_linear,0
392,$400C_const,1
392,$400C_vol,0
392,$400E_period,0
392,$400E_mode,0
393,$4000_duty,0
393,$4000_const,1
393,$4000_vol,0
393,$4001_sweep,17
393,$4004_duty,0
393,$4004_const,1
393,$4004_vol,0
393,$4005_sweep,17
393,$4008_linear,0
393,$400C_const,1
393,$400C_vol,0
393,$400E_period,0
393,$400E_mode,0
394,$4000_duty,0
394,$4000_const,1
394,$4000_vol,0
394,$4001_sweep,17
394,$4004_duty,0
394,$4004_const,1
394,$4004_vol,0
394,$4005_sweep,17
394,$4008_linear,0
394,$400C_const,1
394,$400C_vol,0
394,$400E_period,0
394,$400E_mode,0
395,$4000_duty,0
395,$4000_const,1
395,$4000_vol,0
395,$4001_sweep,17
395,$4004_duty,0
395,$4004_const,1
395,$4004_vol,0
395,$4005_sweep,17
395,$4008_linear,0
395,$400C_const,1
395,$400C_vol,0
395,$400E_period,0
395,$400E_mode,0
396,$4000_duty,0
396,$4000_const,1
396,$4000_vol,0
396,$4001_sweep,17
396,$4004_duty,0
396,$4004_const,1
396,$4004_vol,0
396,$4005_sweep,17
396,$4008_linear,0
396,$400C_const,1
396,$400C_vol,0
396,$400E_period,0
396,$400E_mode,0
397,$4000_duty,0
397,$4000_const,1
397,$4000_vol,0
397,$4001_sweep,17
397,$4004_duty,0
397,$4004_const,1
397,$4004_vol,0
397,$4005_sweep,17
397,$4008_linear,0
397,$400C_const,1
397,$400C_vol,0
397,$400E_period,0
397,$400E_mode,0
398,$4000_duty,0
398,$4000_const,1
398,$4000_vol,0
398,$4001_sweep,17
398,$4004_duty,0
398,$4004_const,1
398,$4004_vol,0
398,$4005_sweep,17
398,$4008_linear,0
398,$400C_const,1
398,$400C_vol,0
398,$400E_period,0
398,$400E_mode,0
399,$4000_duty,0
399,$4000_const,1
399,$4000_vol,0
399,$4001_sweep,17
399,$4004_duty,0
399,$4004_const,1
399,$4004_vol,0
399,$4005_sweep,17
399,$4008_linear,0
399,$400C_const,1
399,$400C_vol,0
399,$400E_period,0
399,$400E_mode,0
400,$4000_duty,0
400,$4000_const,1
400,$4000_vol,0
400,$4001_sweep,17
400,$4004_duty,0
400,$4004_const,1
400,$4004_vol,0
400,$4005_sweep,17
400,$4008_linear,0
400,$400C_const,1
400,$400C_vol,0
400,$400E_period,0
400,$400E_mode,0
401,$4000_duty,0
401,$4000_const,1
401,$4000_vol,0
401,$4001_sweep,17
401,$4004_duty,0
401,$4004_const,1
401,$4004_vol,0
401,$4005_sweep,17
401,$4008_linear,0
401,$400C_const,1
401,$400C_vol,0
401,$400E_period,0
401,$400E_mode,0
402,$4000_duty,0
402,$4000_const,1
402,$4000_vol,0
402,$4001_sweep,17
402,$4004_duty,0
402,$4004_const,1
402,$4004_vol,0
402,$4005_sweep,17
402,$4008_linear,0
402,$400C_const,1
402,$400C_vol,0
402,$400E_period,0
402,$400E_mode,0
403,$4000_duty,0
403,$4000_const,1
403,$4000_vol,0
403,$4001_sweep,17
403,$4004_duty,0
403,$4004_const,1
403,$4004_vol,0
403,$4005_sweep,17
403,$4008_linear,0
403,$400C_const,1
403,$400C_vol,0
403,$400E_period,0
403,$400E_mode,0
404,$4000_duty,0
404,$4000_const,1
404,$4000_vol,0
404,$4001_sweep,17
404,$4004_duty,0
404,$4004_const,1
404,$4004_vol,0
404,$4005_sweep,17
404,$4008_linear,0
404,$400C_const,1
404,$400C_vol,0
404,$400E_period,0
404,$400E_mode,0
405,$4000_duty,0
405,$4000_const,1
405,$4000_vol,0
405,$4001_sweep,17
405,$4004_duty,0
405,$4004_const,1
405,$4004_vol,0
405,$4005_sweep,17
405,$4008_linear,0
405,$400C_const,1
405,$400C_vol,0
405,$400E_period,0
405,$400E_mode,0
406,$4000_duty,0
406,$4000_const,1
406,$4000_vol,0
406,$4001_sweep,17
406,$4004_duty,0
406,$4004_const,1
406,$4004_vol,0
406,$4005_sweep,17
406,$4008_linear,0
406,$400C_const,1
406,$400C_vol,0
406,$400E_period,0
406,$400E_mode,0
407,$4000_duty,0
407,$4000_const,1
407,$4000_vol,0
407,$4001_sweep,17
407,$4004_duty,0
407,$4004_const,1
407,$4004_vol,0
407,$4005_sweep,17
407,$4008_linear,0
407,$400C_const,1
407,$400C_vol,0
407,$400E_period,0
407,$400E_mode,0
408,$4000_duty,0
408,$4000_const,1
408,$4000_vol,0
408,$4001_sweep,17
408,$4004_duty,0
408,$4004_const,1
408,$4004_vol,0
408,$4005_sweep,17
408,$4008_linear,0
408,$400C_const,1
408,$400C_vol,0
408,$400E_period,0
408,$400E_mode,0
409,$4000_duty,0
409,$4000_const,1
409,$4000_vol,0
409,$4001_sweep,17
409,$4004_duty,0
409,$4004_const,1
409,$4004_vol,0
409,$4005_sweep,17
409,$4008_linear,0
409,$400C_const,1
409,$400C_vol,0
409,$400E_period,0
409,$400E_mode,0
410,$4000_duty,0
410,$4000_const,1
410,$4000_vol,0
410,$4001_sweep,17
410,$4004_duty,0
410,$4004_const,1
410,$4004_vol,0
410,$4005_sweep,17
410,$4008_linear,0
410,$400C_const,1
410,$400C_vol,0
410,$400E_period,0
410,$400E_mode,0
411,$4000_duty,0
411,$4000_const,1
411,$4000_vol,0
411,$4001_sweep,17
411,$4004_duty,0
411,$4004_const,1
411,$4004_vol,0
411,$4005_sweep,17
411,$4008_linear,0
411,$400C_const,1
411,$400C_vol,0
411,$400E_period,0
411,$400E_mode,0
412,$4000_duty,0
412,$4000_const,1
412,$4000_vol,0
412,$4001_sweep,17
412,$4004_duty,0
412,$4004_const,1
412,$4004_vol,0
412,$4005_sweep,17
412,$4008_linear,0
412,$400C_const,1
412,$400C_vol,0
412,$400E_period,0
412,$400E_mode,0
413,$4000_duty,0
413,$4000_const,1
413,$4000_vol,0
413,$4001_sweep,17
413,$4004_duty,0
413,$4004_const,1
413,$4004_vol,0
413,$4005_sweep,17
413,$4008_linear,0
413,$400C_const,1
413,$400C_vol,0
413,$400E_period,0
413,$400E_mode,0
414,$4000_duty,0
414,$4000_const,1
414,$4000_vol,0
414,$4001_sweep,17
414,$4004_duty,0
414,$4004_const,1
414,$4004_vol,0
414,$4005_sweep,17
414,$4008_linear,0
414,$400C_const,1
414,$400C_vol,0
414,$400E_period,0
414,$400E_mode,0
415,$4000_duty,0
415,$4000_const,1
415,$4000_vol,0
415,$4001_sweep,17
415,$4004_duty,0
415,$4004_const,1
415,$4004_vol,0
415,$4005_sweep,17
415,$4008_linear,0
415,$400C_const,1
415,$400C_vol,0
415,$400E_period,0
415,$400E_mode,0
416,$4000_duty,0
416,$4000_const,1
416,$4000_vol,0
416,$4001_sweep,17
416,$4004_duty,0
416,$4004_const,1
416,$4004_vol,0
416,$4005_sweep,17
416,$4008_linear,0
416,$400C_const,1
416,$400C_vol,0
416,$400E_period,0
416,$400E_mode,0
417,$4000_duty,0
417,$4000_const,1
417,$4000_vol,0
417,$4001_sweep,17
417,$4004_duty,0
417,$4004_const,1
417,$4004_vol,0
417,$4005_sweep,17
417,$4008_linear,0
417,$400C_const,1
417,$400C_vol,0
417,$400E_period,0
417,$400E_mode,0
418,$4000_duty,0
418,$4000_const,1
418,$4000_vol,0
418,$4001_sweep,17
418,$4004_duty,0
418,$4004_const,1
418,$4004_vol,0
418,$4005_sweep,17
418,$4008_linear,0
418,$400C_const,1
418,$400C_vol,0
418,$400E_period,0
418,$400E_mode,0
419,$4000_duty,0
419,$4000_const,1
419,$4000_vol,0
419,$4001_sweep,17
419,$4004_duty,0
419,$4004_const,1
419,$4004_vol,0
419,$4005_sweep,17
419,$4008_linear,0
419,$400C_const,1
419,$400C_vol,0
419,$400E_period,0
419,$400E_mode,0
420,$4000_duty,0
420,$4000_const,1
420,$4000_vol,0
420,$4001_sweep,17
420,$4004_duty,0
420,$4004_const,1
420,$4004_vol,0
420,$4005_sweep,17
420,$4008_linear,0
420,$400C_const,1
420,$400C_vol,0
420,$400E_period,0
420,$400E_mode,0
421,$4000_duty,0
421,$4000_const,1
421,$4000_vol,0
421,$4001_sweep,17
421,$4004_duty,0
421,$4004_const,1
421,$4004_vol,0
421,$4005_sweep,17
421,$4008_linear,0
421,$400C_const,1
421,$400C_vol,0
421,$400E_period,0
421,$400E_mode,0
422,$4000_duty,0
422,$4000_const,1
422,$4000_vol,0
422,$4001_sweep,17
422,$4004_duty,0
422,$4004_const,1
422,$4004_vol,0
422,$4005_sweep,17
422,$4008_linear,0
422,$400C_const,1
422,$400C_vol,0
422,$400E_period,0
422,$400E_mode,0
423,$4000_duty,0
423,$4000_const,1
423,$4000_vol,0
423,$4001_sweep,17
423,$4004_duty,0
423,$4004_const,1
423,$4004_vol,0
423,$4005_sweep,17
423,$4008_linear,0
423,$400C_const,1
423,$400C_vol,0
423,$400E_period,0
423,$400E_mode,0
424,$4000_duty,0
424,$4000_const,1
424,$4000_vol,0
424,$4001_sweep,17
424,$4004_duty,0
424,$4004_const,1
424,$4004_vol,0
424,$4005_sweep,17
424,$4008_linear,0
424,$400C_const,1
424,$400C_vol,0
424,$400E_period,0
424,$400E_mode,0
425,$4000_duty,0
425,$4000_const,1
425,$4000_vol,0
425,$4001_sweep,17
425,$4004_duty,0
425,$4004_const,1
425,$4004_vol,0
425,$4005_sweep,17
425,$4008_linear,0
425,$400C_const,1
425,$400C_vol,0
425,$400E_period,0
425,$400E_mode,0
426,$4000_duty,0
426,$4000_const,1
426,$4000_vol,0
426,$4001_sweep,17
426,$4004_duty,0
426,$4004_const,1
426,$4004_vol,0
426,$4005_sweep,17
426,$4008_linear,0
426,$400C_const,1
426,$400C_vol,0
426,$400E_period,0
426,$400E_mode,0
427,$4000_duty,0
427,$4000_const,1
427,$4000_vol,0
427,$4001_sweep,17
427,$4004_duty,0
427,$4004_const,1
427,$4004_vol,0
427,$4005_sweep,17
427,$4008_linear,0
427,$400C_const,1
427,$400C_vol,0
427,$400E_period,0
427,$400E_mode,0
428,$4000_duty,0
428,$4000_const,1
428,$4000_vol,0
428,$4001_sweep,17
428,$4004_duty,0
428,$4004_const,1
428,$4004_vol,0
428,$4005_sweep,17
428,$4008_linear,0
428,$400C_const,1
428,$400C_vol,0
428,$400E_period,0
428,$400E_mode,0
429,$4000_duty,0
429,$4000_const,1
429,$4000_vol,0
429,$4001_sweep,17
429,$4004_duty,0
429,$4004_const,1
429,$4004_vol,0
429,$4005_sweep,17
429,$4008_linear,0
429,$400C_const,1
429,$400C_vol,0
429,$400E_period,0
429,$400E_mode,0
430,$4000_duty,0
430,$4000_const,1
430,$4000_vol,0
430,$4001_sweep,17
430,$4004_duty,0
430,$4004_const,1
430,$4004_vol,0
430,$4005_sweep,17
430,$4008_linear,0
430,$400C_const,1
430,$400C_vol,0
430,$400E_period,0
430,$400E_mode,0
431,$4000_duty,0
431,$4000_const,1
431,$4000_vol,0
431,$4001_sweep,17
431,$4004_duty,0
431,$4004_const,1
431,$4004_vol,0
431,$4005_sweep,17
431,$4008_linear,0
431,$400C_const,1
431,$400C_vol,0
431,$400E_period,0
431,$400E_mode,0
432,$4000_duty,0
432,$4000_const,1
432,$4000_vol,0
432,$4001_sweep,17
432,$4004_duty,0
432,$4004_const,1
432,$4004_vol,0
432,$4005_sweep,17
432,$4008_linear,0
432,$400C_const,1
432,$400C_vol,0
432,$400E_period,0
432,$400E_mode,0
433,$4000_duty,0
433,$4000_const,1
433,$4000_vol,0
433,$4001_sweep,17
433,$4004_duty,0
433,$4004_const,1
433,$4004_vol,0
433,$4005_sweep,17
433,$4008_linear,0
433,$400C_const,1
433,$400C_vol,0
433,$400E_period,0
433,$400E_mode,0
434,$4000_duty,0
434,$4000_const,1
434,$4000_vol,0
434,$4001_sweep,17
434,$4004_duty,0
434,$4004_const,1
434,$4004_vol,0
434,$4005_sweep,17
434,$4008_linear,0
434,$400C_const,1
434,$400C_vol,0
434,$400E_period,0
434,$400E_mode,0
435,$4000_duty,0
435,$4000_const,1
435,$4000_vol,0
435,$4001_sweep,17
435,$4004_duty,0
435,$4004_const,1
435,$4004_vol,0
435,$4005_sweep,17
435,$4008_linear,0
435,$400C_const,1
435,$400C_vol,0
435,$400E_period,0
435,$400E_mode,0
436,$4000_duty,0
436,$4000_const,1
436,$4000_vol,0
436,$4001_sweep,17
436,$4004_duty,0
436,$4004_const,1
436,$4004_vol,0
436,$4005_sweep,17
436,$4008_linear,0
436,$400C_const,1
436,$400C_vol,0
436,$400E_period,0
436,$400E_mode,0
437,$4000_duty,0
437,$4000_const,1
437,$4000_vol,0
437,$4001_sweep,17
437,$4004_duty,0
437,$4004_const,1
437,$4004_vol,0
437,$4005_sweep,17
437,$4008_linear,0
437,$400C_const,1
437,$400C_vol,0
437,$400E_period,0
437,$400E_mode,0
438,$4000_duty,0
438,$4000_const,1
438,$4000_vol,0
438,$4001_sweep,17
438,$4004_duty,0
438,$4004_const,1
438,$4004_vol,0
438,$4005_sweep,17
438,$4008_linear,0
438,$400C_const,1
438,$400C_vol,0
438,$400E_period,0
438,$400E_mode,0
439,$4000_duty,0
439,$4000_const,1
439,$4000_vol,0
439,$4001_sweep,17
439,$4004_duty,0
439,$4004_const,1
439,$4004_vol,0
439,$4005_sweep,17
439,$4008_linear,0
439,$400C_const,1
439,$400C_vol,0
439,$400E_period,0
439,$400E_mode,0
440,$4000_duty,0
440,$4000_const,1
440,$4000_vol,0
440,$4001_sweep,17
440,$4004_duty,0
440,$4004_const,1
440,$4004_vol,0
440,$4005_sweep,17
440,$4008_linear,0
440,$400C_const,1
440,$400C_vol,0
440,$400E_period,0
440,$400E_mode,0
441,$4000_duty,0
441,$4000_const,1
441,$4000_vol,0
441,$4001_sweep,17
441,$4004_duty,0
441,$4004_const,1
441,$4004_vol,0
441,$4005_sweep,17
441,$4008_linear,0
441,$400C_const,1
441,$400C_vol,0
441,$400E_period,0
441,$400E_mode,0
442,$4000_duty,0
442,$4000_const,1
442,$4000_vol,0
442,$4001_sweep,17
442,$4004_duty,0
442,$4004_const,1
442,$4004_vol,0
442,$4005_sweep,17
442,$4008_linear,0
442,$400C_const,1
442,$400C_vol,0
442,$400E_period,0
442,$400E_mode,0
443,$4000_duty,0
443,$4000_const,1
443,$4000_vol,0
443,$4001_sweep,17
443,$4004_duty,0
443,$4004_const,1
443,$4004_vol,0
443,$4005_sweep,17
443,$4008_linear,0
443,$400C_const,1
443,$400C_vol,0
443,$400E_period,0
443,$400E_mode,0
444,$4000_duty,0
444,$4000_const,1
444,$4000_vol,0
444,$4001_sweep,17
444,$4004_duty,0
444,$4004_const,1
444,$4004_vol,0
444,$4005_sweep,17
444,$4008_linear,0
444,$400C_const,1
444,$400C_vol,0
444,$400E_period,0
444,$400E_mode,0
445,$4000_duty,0
445,$4000_const,1
445,$4000_vol,0
445,$4001_sweep,17
445,$4004_duty,0
445,$4004_const,1
445,$4004_vol,0
445,$4005_sweep,17
445,$4008_linear,0
445,$400C_const,1
445,$400C_vol,0
445,$400E_period,0
445,$400E_mode,0
446,$4000_duty,0
446,$4000_const,1
446,$4000_vol,0
446,$4001_sweep,17
446,$4004_duty,0
446,$4004_const,1
446,$4004_vol,0
446,$4005_sweep,17
446,$4008_linear,0
446,$400C_const,1
446,$400C_vol,0
446,$400E_period,0
446,$400E_mode,0
447,$4000_duty,0
447,$4000_const,1
447,$4000_vol,0
447,$4001_sweep,17
447,$4004_duty,0
447,$4004_const,1
447,$4004_vol,0
447,$4005_sweep,17
447,$4008_linear,0
447,$400C_const,1
447,$400C_vol,0
447,$400E_period,0
447,$400E_mode,0
448,$4000_duty,0
448,$4000_const,1
448,$4000_vol,0
448,$4001_sweep,17
448,$4004_duty,0
448,$4004_const,1
448,$4004_vol,0
448,$4005_sweep,17
448,$4008_linear,0
448,$400C_const,1
448,$400C_vol,0
448,$400E_period,0
448,$400E_mode,0
449,$4000_duty,0
449,$4000_const,1
449,$4000_vol,0
449,$4001_sweep,17
449,$4004_duty,0
449,$4004_const,1
449,$4004_vol,0
449,$4005_sweep,17
449,$4008_linear,0
449,$400C_const,1
449,$400C_vol,0
449,$400E_period,0
449,$400E_mode,0
450,$4000_duty,0
450,$4000_const,1
450,$4000_vol,0
450,$4001_sweep,17
450,$4004_duty,0
450,$4004_const,1
450,$4004_vol,0
450,$4005_sweep,17
450,$4008_linear,0
450,$400C_const,1
450,$400C_vol,0
450,$400E_period,0
450,$400E_mode,0
451,$4000_duty,0
451,$4000_const,1
451,$4000_vol,0
451,$4001_sweep,17
451,$4004_duty,0
451,$4004_const,1
451,$4004_vol,0
451,$4005_sweep,17
451,$4008_linear,0
451,$400C_const,1
451,$400C_vol,0
451,$400E_period,0
451,$400E_mode,0
452,$4000_duty,0
452,$4000_const,1
452,$4000_vol,0
452,$4001_sweep,17
452,$4002_period,429
452,$400B_length,0
452,$4004_duty,0
452,$4004_const,1
452,$4004_vol,0
452,$4005_sweep,17
452,$4006_period,1
452,$4008_linear,0
452,$400A_period,257
452,$400B_length,248
452,$400C_const,1
452,$400C_vol,0
452,$400E_period,0
452,$400E_mode,0
453,$4000_duty,0
453,$4000_const,1
453,$4000_vol,0
453,$4001_sweep,17
453,$4004_duty,0
453,$4004_const,1
453,$4004_vol,0
453,$4005_sweep,17
453,$4008_linear,0
453,$400C_const,1
453,$400C_vol,0
453,$400E_period,0
453,$400E_mode,0
454,$4000_duty,0
454,$4000_const,1
454,$4000_vol,0
454,$4001_sweep,17
454,$4004_duty,0
454,$4004_const,1
454,$4004_vol,0
454,$4005_sweep,17
454,$4008_linear,0
454,$400C_const,1
454,$400C_vol,0
454,$400E_period,0
454,$400E_mode,0
455,$4000_duty,0
455,$4000_const,1
455,$4000_vol,0
455,$4001_sweep,17
455,$4004_duty,0
455,$4004_const,1
455,$4004_vol,0
455,$4005_sweep,17
455,$4008_linear,0
455,$400C_const,1
455,$400C_vol,0
455,$400E_period,0
455,$400E_mode,0
456,$4000_duty,0
456,$4000_const,1
456,$4000_vol,0
456,$4001_sweep,17
456,$4004_duty,0
456,$4004_const,1
456,$4004_vol,0
456,$4005_sweep,17
456,$4008_linear,0
456,$400C_const,1
456,$400C_vol,0
456,$400E_period,0
456,$400E_mode,0
457,$4000_duty,0
457,$4000_const,1
457,$4000_vol,0
457,$4001_sweep,17
457,$4004_duty,0
457,$4004_const,1
457,$4004_vol,0
457,$4005_sweep,17
457,$4008_linear,0
457,$400C_const,1
457,$400C_vol,0
457,$400E_period,0
457,$400E_mode,0
458,$4000_duty,0
458,$4000_const,1
458,$4000_vol,0
458,$4001_sweep,17
458,$4004_duty,0
458,$4004_const,1
458,$4004_vol,0
458,$4005_sweep,17
458,$4008_linear,0
458,$400C_const,1
458,$400C_vol,0
458,$400E_period,0
458,$400E_mode,0
459,$4000_duty,0
459,$4000_const,1
459,$4000_vol,0
459,$4001_sweep,17
459,$4004_duty,0
459,$4004_const,1
459,$4004_vol,0
459,$4005_sweep,17
459,$4008_linear,0
459,$400C_const,1
459,$400C_vol,0
459,$400E_period,0
459,$400E_mode,0
460,$4000_duty,0
460,$4000_const,1
460,$4000_vol,0
460,$4001_sweep,17
460,$4004_duty,0
460,$4004_const,1
460,$4004_vol,0
460,$4005_sweep,17
460,$4008_linear,0
460,$400C_const,1
460,$400C_vol,0
460,$400E_period,0
460,$400E_mode,0
461,$4000_duty,0
461,$4000_const,1
461,$4000_vol,0
461,$4001_sweep,17
461,$4004_duty,0
461,$4004_const,1
461,$4004_vol,0
461,$4005_sweep,17
461,$4008_linear,0
461,$400C_const,1
461,$400C_vol,0
461,$400E_period,0
461,$400E_mode,0
462,$4000_duty,0
462,$4000_const,1
462,$4000_vol,0
462,$4001_sweep,17
462,$4004_duty,0
462,$4004_const,1
462,$4004_vol,0
462,$4005_sweep,17
462,$4008_linear,0
462,$400C_const,1
462,$400C_vol,0
462,$400E_period,0
462,$400E_mode,0
463,$4000_duty,0
463,$4000_const,1
463,$4000_vol,0
463,$4001_sweep,17
463,$4004_duty,0
463,$4004_const,1
463,$4004_vol,0
463,$4005_sweep,17
463,$4008_linear,0
463,$400C_const,1
463,$400C_vol,0
463,$400E_period,0
463,$400E_mode,0
464,$4000_duty,0
464,$4000_const,1
464,$4000_vol,0
464,$4001_sweep,17
464,$4004_duty,0
464,$4004_const,1
464,$4004_vol,0
464,$4005_sweep,17
464,$4008_linear,0
464,$400C_const,1
464,$400C_vol,0
464,$400E_period,0
464,$400E_mode,0
465,$4000_duty,0
465,$4000_const,1
465,$4000_vol,0
465,$4001_sweep,17
465,$4004_duty,0
465,$4004_const,1
465,$4004_vol,0
465,$4005_sweep,17
465,$4008_linear,0
465,$400C_const,1
465,$400C_vol,0
465,$400E_period,0
465,$400E_mode,0
466,$4000_duty,0
466,$4000_const,1
466,$4000_vol,0
466,$4001_sweep,17
466,$4004_duty,0
466,$4004_const,1
466,$4004_vol,0
466,$4005_sweep,17
466,$4008_linear,0
466,$400C_const,1
466,$400C_vol,0
466,$400E_period,0
466,$400E_mode,0
467,$4000_duty,0
467,$4000_const,1
467,$4000_vol,0
467,$4001_sweep,17
467,$4004_duty,0
467,$4004_const,1
467,$4004_vol,0
467,$4005_sweep,17
467,$4008_linear,0
467,$400C_const,1
467,$400C_vol,0
467,$400E_period,0
467,$400E_mode,0
468,$4000_duty,0
468,$4000_const,1
468,$4000_vol,0
468,$4001_sweep,17
468,$4004_duty,0
468,$4004_const,1
468,$4004_vol,0
468,$4005_sweep,17
468,$4008_linear,0
468,$400C_const,1
468,$400C_vol,0
468,$400E_period,0
468,$400E_mode,0
469,$4000_duty,0
469,$4000_const,1
469,$4000_vol,0
469,$4001_sweep,17
469,$4004_duty,0
469,$4004_const,1
469,$4004_vol,0
469,$4005_sweep,17
469,$4008_linear,0
469,$400C_const,1
469,$400C_vol,0
469,$400E_period,0
469,$400E_mode,0
470,$4000_duty,0
470,$4000_const,1
470,$4000_vol,0
470,$4001_sweep,17
470,$4004_duty,0
470,$4004_const,1
470,$4004_vol,0
470,$4005_sweep,17
470,$4008_linear,0
470,$400C_const,1
470,$400C_vol,0
470,$400E_period,0
470,$400E_mode,0
471,$4000_duty,0
471,$4000_const,1
471,$4000_vol,0
471,$4001_sweep,17
471,$4004_duty,0
471,$4004_const,1
471,$4004_vol,0
471,$4005_sweep,17
471,$4008_linear,0
471,$400C_const,1
471,$400C_vol,0
471,$400E_period,0
471,$400E_mode,0
472,$4000_duty,0
472,$4000_const,1
472,$4000_vol,0
472,$4001_sweep,17
472,$4004_duty,0
472,$4004_const,1
472,$4004_vol,0
472,$4005_sweep,17
472,$4008_linear,0
472,$400C_const,1
472,$400C_vol,0
472,$400E_period,0
472,$400E_mode,0
473,$4000_duty,0
473,$4000_const,1
473,$4000_vol,0
473,$4001_sweep,17
473,$4004_duty,0
473,$4004_const,1
473,$4004_vol,0
473,$4005_sweep,17
473,$4008_linear,0
473,$400C_const,1
473,$400C_vol,0
473,$400E_period,0
473,$400E_mode,0
474,$4000_duty,0
474,$4000_const,1
474,$4000_vol,0
474,$4001_sweep,17
474,$4004_duty,0
474,$4004_const,1
474,$4004_vol,0
474,$4005_sweep,17
474,$4008_linear,0
474,$400C_const,1
474,$400C_vol,0
474,$400E_period,0
474,$400E_mode,0
475,$4000_duty,0
475,$4000_const,1
475,$4000_vol,0
475,$4001_sweep,17
475,$4004_duty,0
475,$4004_const,1
475,$4004_vol,0
475,$4005_sweep,17
475,$4008_linear,0
475,$400C_const,1
475,$400C_vol,0
475,$400E_period,0
475,$400E_mode,0
476,$4000_duty,0
476,$4000_const,1
476,$4000_vol,0
476,$4001_sweep,17
476,$4004_duty,0
476,$4004_const,1
476,$4004_vol,0
476,$4005_sweep,17
476,$4008_linear,0
476,$400C_const,1
476,$400C_vol,0
476,$400E_period,0
476,$400E_mode,0
477,$4000_duty,0
477,$4000_const,1
477,$4000_vol,0
477,$4001_sweep,17
477,$4004_duty,0
477,$4004_const,1
477,$4004_vol,0
477,$4005_sweep,17
477,$4008_linear,0
477,$400C_const,1
477,$400C_vol,0
477,$400E_period,0
477,$400E_mode,0
478,$4000_duty,0
478,$4000_const,1
478,$4000_vol,0
478,$4001_sweep,17
478,$4004_duty,0
478,$4004_const,1
478,$4004_vol,0
478,$4005_sweep,17
478,$4008_linear,0
478,$400C_const,1
478,$400C_vol,0
478,$400E_period,0
478,$400E_mode,0
479,$4000_duty,0
479,$4000_const,1
479,$4000_vol,0
479,$4001_sweep,17
479,$4004_duty,0
479,$4004_const,1
479,$4004_vol,0
479,$4005_sweep,17
479,$4008_linear,0
479,$400C_const,1
479,$400C_vol,0
479,$400E_period,0
479,$400E_mode,0
480,$4000_duty,0
480,$4000_const,1
480,$4000_vol,0
480,$4001_sweep,17
480,$4004_duty,0
480,$4004_const,1
480,$4004_vol,0
480,$4005_sweep,17
480,$4008_linear,0
480,$400C_const,1
480,$400C_vol,0
480,$400E_period,0
480,$400E_mode,0
481,$4000_duty,0
481,$4000_const,1
481,$4000_vol,0
481,$4001_sweep,17
481,$4004_duty,0
481,$4004_const,1
481,$4004_vol,0
481,$4005_sweep,17
481,$4008_linear,0
481,$400C_const,1
481,$400C_vol,0
481,$400E_period,0
481,$400E_mode,0
482,$4000_duty,0
482,$4000_const,1
482,$4000_vol,0
482,$4001_sweep,17
482,$4004_duty,0
482,$4004_const,1
482,$4004_vol,0
482,$4005_sweep,17
482,$4008_linear,0
482,$400C_const,1
482,$400C_vol,0
482,$400E_period,0
482,$400E_mode,0
483,$4000_duty,0
483,$4000_const,1
483,$4000_vol,0
483,$4001_sweep,17
483,$4004_duty,0
483,$4004_const,1
483,$4004_vol,0
483,$4005_sweep,17
483,$4008_linear,0
483,$400C_const,1
483,$400C_vol,0
483,$400E_period,0
483,$400E_mode,0
484,$4000_duty,0
484,$4000_const,1
484,$4000_vol,0
484,$4001_sweep,17
484,$4004_duty,0
484,$4004_const,1
484,$4004_vol,0
484,$4005_sweep,17
484,$4008_linear,0
484,$400C_const,1
484,$400C_vol,0
484,$400E_period,0
484,$400E_mode,0
485,$4000_duty,0
485,$4000_const,1
485,$4000_vol,0
485,$4001_sweep,17
485,$4004_duty,0
485,$4004_const,1
485,$4004_vol,0
485,$4005_sweep,17
485,$4008_linear,0
485,$400C_const,1
485,$400C_vol,0
485,$400E_period,0
485,$400E_mode,0
486,$4000_duty,0
486,$4000_const,1
486,$4000_vol,0
486,$4001_sweep,17
486,$4004_duty,0
486,$4004_const,1
486,$4004_vol,0
486,$4005_sweep,17
486,$4008_linear,0
486,$400C_const,1
486,$400C_vol,0
486,$400E_period,0
486,$400E_mode,0
487,$4000_duty,0
487,$4000_const,1
487,$4000_vol,0
487,$4001_sweep,17
487,$4004_duty,0
487,$4004_const,1
487,$4004_vol,0
487,$4005_sweep,17
487,$4008_linear,0
487,$400C_const,1
487,$400C_vol,0
487,$400E_period,0
487,$400E_mode,0
488,$4000_duty,0
488,$4000_const,1
488,$4000_vol,0
488,$4001_sweep,17
488,$4004_duty,0
488,$4004_const,1
488,$4004_vol,0
488,$4005_sweep,17
488,$4008_linear,0
488,$400C_const,1
488,$400C_vol,0
488,$400E_period,0
488,$400E_mode,0
489,$4000_duty,0
489,$4000_const,1
489,$4000_vol,0
489,$4001_sweep,17
489,$4004_duty,0
489,$4004_const,1
489,$4004_vol,0
489,$4005_sweep,17
489,$4008_linear,0
489,$400C_const,1
489,$400C_vol,0
489,$400E_period,0
489,$400E_mode,0
490,$4000_duty,0
490,$4000_const,1
490,$4000_vol,0
490,$4001_sweep,17
490,$4004_duty,0
490,$4004_const,1
490,$4004_vol,0
490,$4005_sweep,17
490,$4008_linear,0
490,$400C_const,1
490,$400C_vol,0
490,$400E_period,0
490,$400E_mode,0
491,$4000_duty,0
491,$4000_const,1
491,$4000_vol,0
491,$4001_sweep,17
491,$4004_duty,0
491,$4004_const,1
491,$4004_vol,0
491,$4005_sweep,17
491,$4008_linear,0
491,$400C_const,1
491,$400C_vol,0
491,$400E_period,0
491,$400E_mode,0
492,$4000_duty,0
492,$4000_const,1
492,$4000_vol,0
492,$4001_sweep,17
492,$4004_duty,0
492,$4004_const,1
492,$4004_vol,0
492,$4005_sweep,17
492,$4008_linear,0
492,$400C_const,1
492,$400C_vol,0
492,$400E_period,0
492,$400E_mode,0
493,$4000_duty,0
493,$4000_const,1
493,$4000_vol,0
493,$4001_sweep,17
493,$4004_duty,0
493,$4004_const,1
493,$4004_vol,0
493,$4005_sweep,17
493,$4008_linear,0
493,$400C_const,1
493,$400C_vol,0
493,$400E_period,0
493,$400E_mode,0
494,$4000_duty,0
494,$4000_const,1
494,$4000_vol,0
494,$4001_sweep,17
494,$4004_duty,0
494,$4004_const,1
494,$4004_vol,0
494,$4005_sweep,17
494,$4008_linear,0
494,$400C_const,1
494,$400C_vol,0
494,$400E_period,0
494,$400E_mode,0
495,$4000_duty,0
495,$4000_const,1
495,$4000_vol,0
495,$4001_sweep,17
495,$4004_duty,0
495,$4004_const,1
495,$4004_vol,0
495,$4005_sweep,17
495,$4008_linear,0
495,$400C_const,1
495,$400C_vol,0
495,$400E_period,0
495,$400E_mode,0
496,$4000_duty,0
496,$4000_const,1
496,$4000_vol,0
496,$4001_sweep,17
496,$4004_duty,0
496,$4004_const,1
496,$4004_vol,0
496,$4005_sweep,17
496,$4008_linear,0
496,$400C_const,1
496,$400C_vol,0
496,$400E_period,0
496,$400E_mode,0
497,$4000_duty,0
497,$4000_const,1
497,$4000_vol,0
497,$4001_sweep,17
497,$4004_duty,0
497,$4004_const,1
497,$4004_vol,0
497,$4005_sweep,17
497,$4008_linear,0
497,$400C_const,1
497,$400C_vol,0
497,$400E_period,0
497,$400E_mode,0
498,$4000_duty,0
498,$4000_const,1
498,$4000_vol,0
498,$4001_sweep,17
498,$4004_duty,0
498,$4004_const,1
498,$4004_vol,0
498,$4005_sweep,17
498,$4008_linear,0
498,$400C_const,1
498,$400C_vol,0
498,$400E_period,0
498,$400E_mode,0
499,$4000_duty,0
499,$4000_const,1
499,$4000_vol,0
499,$4001_sweep,17
499,$4004_duty,0
499,$4004_const,1
499,$4004_vol,0
499,$4005_sweep,17
499,$4008_linear,0
499,$400C_const,1
499,$400C_vol,0
499,$400E_period,0
499,$400E_mode,0
500,$4000_duty,0
500,$4000_const,1
500,$4000_vol,0
500,$4001_sweep,17
500,$4004_duty,0
500,$4004_const,1
500,$4004_vol,0
500,$4005_sweep,17
500,$4008_linear,0
500,$400C_const,1
500,$400C_vol,0
500,$400E_period,0
500,$400E_mode,0
501,$4000_duty,0
501,$4000_const,1
501,$4000_vol,0
501,$4001_sweep,17
501,$4004_duty,0
501,$4004_const,1
501,$4004_vol,0
501,$4005_sweep,17
501,$4008_linear,0
501,$400C_const,1
501,$400C_vol,0
501,$400E_period,0
501,$400E_mode,0
502,$4000_duty,0
502,$4000_const,1
502,$4000_vol,0
502,$4001_sweep,17
502,$4004_duty,0
502,$4004_const,1
502,$4004_vol,0
502,$4005_sweep,17
502,$4008_linear,0
502,$400C_const,1
502,$400C_vol,0
502,$400E_period,0
502,$400E_mode,0
503,$4000_duty,0
503,$4000_const,1
503,$4000_vol,0
503,$4001_sweep,17
503,$4004_duty,0
503,$4004_const,1
503,$4004_vol,0
503,$4005_sweep,17
503,$4008_linear,0
503,$400C_const,1
503,$400C_vol,0
503,$400E_period,0
503,$400E_mode,0
504,$4000_duty,0
504,$4000_const,1
504,$4000_vol,0
504,$4001_sweep,17
504,$4004_duty,0
504,$4004_const,1
504,$4004_vol,0
504,$4005_sweep,17
504,$4008_linear,0
504,$400C_const,1
504,$400C_vol,0
504,$400E_period,0
504,$400E_mode,0
505,$4000_duty,0
505,$4000_const,1
505,$4000_vol,0
505,$4001_sweep,17
505,$4004_duty,0
505,$4004_const,1
505,$4004_vol,0
505,$4005_sweep,17
505,$4008_linear,0
505,$400C_const,1
505,$400C_vol,0
505,$400E_period,0
505,$400E_mode,0
506,$4000_duty,0
506,$4000_const,1
506,$4000_vol,0
506,$4001_sweep,17
506,$4004_duty,0
506,$4004_const,1
506,$4004_vol,0
506,$4005_sweep,17
506,$4008_linear,0
506,$400C_const,1
506,$400C_vol,0
506,$400E_period,0
506,$400E_mode,0
507,$4000_duty,0
507,$4000_const,1
507,$4000_vol,0
507,$4001_sweep,17
507,$4004_duty,0
507,$4004_const,1
507,$4004_vol,0
507,$4005_sweep,17
507,$4008_linear,0
507,$400C_const,1
507,$400C_vol,0
507,$400E_period,0
507,$400E_mode,0
508,$4000_duty,0
508,$4000_const,1
508,$4000_vol,0
508,$4001_sweep,17
508,$4004_duty,0
508,$4004_const,1
508,$4004_vol,0
508,$4005_sweep,17
508,$4008_linear,0
508,$400C_const,1
508,$400C_vol,0
508,$400E_period,0
508,$400E_mode,0
509,$4000_duty,0
509,$4000_const,1
509,$4000_vol,0
509,$4001_sweep,17
509,$4004_duty,0
509,$4004_const,1
509,$4004_vol,0
509,$4005_sweep,17
509,$4008_linear,0
509,$400C_const,1
509,$400C_vol,0
509,$400E_period,0
509,$400E_mode,0
510,$4000_duty,0
510,$4000_const,1
510,$4000_vol,0
510,$4001_sweep,17
510,$4004_duty,0
510,$4004_const,1
510,$4004_vol,0
510,$4005_sweep,17
510,$4008_linear,0
510,$400C_const,1
510,$400C_vol,0
510,$400E_period,0
510,$400E_mode,0
511,$4000_duty,0
511,$4000_const,1
511,$4000_vol,0
511,$4001_sweep,17
511,$4004_duty,0
511,$4004_const,1
511,$4004_vol,0
511,$4005_sweep,17
511,$4008_linear,0
511,$400C_const,1
511,$400C_vol,0
511,$400E_period,0
511,$400E_mode,0
512,$4000_duty,0
512,$4000_const,1
512,$4000_vol,0
512,$4001_sweep,17
512,$4004_duty,0
512,$4004_const,1
512,$4004_vol,0
512,$4005_sweep,17
512,$4008_linear,0
512,$400C_const,1
512,$400C_vol,0
512,$400E_period,0
512,$400E_mode,0
513,$4000_duty,0
513,$4000_const,1
513,$4000_vol,0
513,$4001_sweep,17
513,$4004_duty,0
513,$4004_const,1
513,$4004_vol,0
513,$4005_sweep,17
513,$4008_linear,0
513,$400C_const,1
513,$400C_vol,0
513,$400E_period,0
513,$400E_mode,0
514,$4000_duty,0
514,$4000_const,1
514,$4000_vol,0
514,$4001_sweep,17
514,$4004_duty,0
514,$4004_const,1
514,$4004_vol,0
514,$4005_sweep,17
514,$4008_linear,0
514,$400C_const,1
514,$400C_vol,0
514,$400E_period,0
514,$400E_mode,0
515,$4000_duty,0
515,$4000_const,1
515,$4000_vol,0
515,$4001_sweep,17
515,$4004_duty,0
515,$4004_const,1
515,$4004_vol,0
515,$4005_sweep,17
515,$4008_linear,0
515,$400C_const,1
515,$400C_vol,0
515,$400E_period,0
515,$400E_mode,0
516,$4000_duty,0
516,$4000_const,1
516,$4000_vol,0
516,$4001_sweep,17
516,$4002_period,429
516,$400B_length,0
516,$4004_duty,0
516,$4004_const,1
516,$4004_vol,0
516,$4005_sweep,17
516,$4006_period,1
516,$4008_linear,0
516,$400A_period,263
516,$400B_length,248
516,$400C_const,1
516,$400C_vol,0
516,$400E_period,0
516,$400E_mode,0
517,$4000_duty,0
517,$4000_const,1
517,$4000_vol,0
517,$4001_sweep,17
517,$4004_duty,0
517,$4004_const,1
517,$4004_vol,0
517,$4005_sweep,17
517,$4008_linear,0
517,$400C_const,1
517,$400C_vol,0
517,$400E_period,0
517,$400E_mode,0
518,$4000_duty,0
518,$4000_const,1
518,$4000_vol,0
518,$4001_sweep,17
518,$4004_duty,0
518,$4004_const,1
518,$4004_vol,0
518,$4005_sweep,17
518,$4008_linear,0
518,$400C_const,1
518,$400C_vol,0
518,$400E_period,0
518,$400E_mode,0
519,$4000_duty,0
519,$4000_const,1
519,$4000_vol,0
519,$4001_sweep,17
519,$4004_duty,0
519,$4004_const,1
519,$4004_vol,0
519,$4005_sweep,17
519,$4008_linear,0
519,$400C_const,1
519,$400C_vol,0
519,$400E_period,0
519,$400E_mode,0
520,$4000_duty,0
520,$4000_const,1
520,$4000_vol,0
520,$4001_sweep,17
520,$4004_duty,0
520,$4004_const,1
520,$4004_vol,0
520,$4005_sweep,17
520,$4008_linear,0
520,$400C_const,1
520,$400C_vol,0
520,$400E_period,0
520,$400E_mode,0
521,$4000_duty,0
521,$4000_const,1
521,$4000_vol,0
521,$4001_sweep,17
521,$4004_duty,0
521,$4004_const,1
521,$4004_vol,0
521,$4005_sweep,17
521,$4008_linear,0
521,$400C_const,1
521,$400C_vol,0
521,$400E_period,0
521,$400E_mode,0
522,$4000_duty,0
522,$4000_const,1
522,$4000_vol,0
522,$4001_sweep,17
522,$4004_duty,0
522,$4004_const,1
522,$4004_vol,0
522,$4005_sweep,17
522,$4008_linear,0
522,$400C_const,1
522,$400C_vol,0
522,$400E_period,0
522,$400E_mode,0
523,$4000_duty,0
523,$4000_const,1
523,$4000_vol,0
523,$4001_sweep,17
523,$4004_duty,0
523,$4004_const,1
523,$4004_vol,0
523,$4005_sweep,17
523,$4008_linear,0
523,$400C_const,1
523,$400C_vol,0
523,$400E_period,0
523,$400E_mode,0
524,$4000_duty,0
524,$4000_const,1
524,$4000_vol,0
524,$4001_sweep,17
524,$4004_duty,0
524,$4004_const,1
524,$4004_vol,0
524,$4005_sweep,17
524,$4008_linear,0
524,$400C_const,1
524,$400C_vol,0
524,$400E_period,0
524,$400E_mode,0
525,$4000_duty,0
525,$4000_const,1
525,$4000_vol,0
525,$4001_sweep,17
525,$4004_duty,0
525,$4004_const,1
525,$4004_vol,0
525,$4005_sweep,17
525,$4008_linear,0
525,$400C_const,1
525,$400C_vol,0
525,$400E_period,0
525,$400E_mode,0
526,$4000_duty,0
526,$4000_const,1
526,$4000_vol,0
526,$4001_sweep,17
526,$4004_duty,0
526,$4004_const,1
526,$4004_vol,0
526,$4005_sweep,17
526,$4008_linear,0
526,$400C_const,1
526,$400C_vol,0
526,$400E_period,0
526,$400E_mode,0
527,$4000_duty,0
527,$4000_const,1
527,$4000_vol,0
527,$4001_sweep,17
527,$4004_duty,0
527,$4004_const,1
527,$4004_vol,0
527,$4005_sweep,17
527,$4008_linear,0
527,$400C_const,1
527,$400C_vol,0
527,$400E_period,0
527,$400E_mode,0
528,$4000_duty,0
528,$4000_const,1
528,$4000_vol,0
528,$4001_sweep,17
528,$4004_duty,0
528,$4004_const,1
528,$4004_vol,0
528,$4005_sweep,17
528,$4008_linear,0
528,$400C_const,1
528,$400C_vol,0
528,$400E_period,0
528,$400E_mode,0
529,$4000_duty,0
529,$4000_const,1
529,$4000_vol,0
529,$4001_sweep,17
529,$4004_duty,0
529,$4004_const,1
529,$4004_vol,0
529,$4005_sweep,17
529,$4008_linear,0
529,$400C_const,1
529,$400C_vol,0
529,$400E_period,0
529,$400E_mode,0
530,$4000_duty,0
530,$4000_const,1
530,$4000_vol,0
530,$4001_sweep,17
530,$4004_duty,0
530,$4004_const,1
530,$4004_vol,0
530,$4005_sweep,17
530,$4008_linear,0
530,$400C_const,1
530,$400C_vol,0
530,$400E_period,0
530,$400E_mode,0
531,$4000_duty,0
531,$4000_const,1
531,$4000_vol,0
531,$4001_sweep,17
531,$4004_duty,0
531,$4004_const,1
531,$4004_vol,0
531,$4005_sweep,17
531,$4008_linear,0
531,$400C_const,1
531,$400C_vol,0
531,$400E_period,0
531,$400E_mode,0
532,$4000_duty,0
532,$4000_const,1
532,$4000_vol,0
532,$4001_sweep,17
532,$4004_duty,0
532,$4004_const,1
532,$4004_vol,0
532,$4005_sweep,17
532,$4008_linear,0
532,$400C_const,1
532,$400C_vol,0
532,$400E_period,0
532,$400E_mode,0
533,$4000_duty,0
533,$4000_const,1
533,$4000_vol,0
533,$4001_sweep,17
533,$4004_duty,0
533,$4004_const,1
533,$4004_vol,0
533,$4005_sweep,17
533,$4008_linear,0
533,$400C_const,1
533,$400C_vol,0
533,$400E_period,0
533,$400E_mode,0
534,$4000_duty,0
534,$4000_const,1
534,$4000_vol,0
534,$4001_sweep,17
534,$4004_duty,0
534,$4004_const,1
534,$4004_vol,0
534,$4005_sweep,17
534,$4008_linear,0
534,$400C_const,1
534,$400C_vol,0
534,$400E_period,0
534,$400E_mode,0
535,$4000_duty,0
535,$4000_const,1
535,$4000_vol,0
535,$4001_sweep,17
535,$4004_duty,0
535,$4004_const,1
535,$4004_vol,0
535,$4005_sweep,17
535,$4008_linear,0
535,$400C_const,1
535,$400C_vol,0
535,$400E_period,0
535,$400E_mode,0
536,$4000_duty,0
536,$4000_const,1
536,$4000_vol,0
536,$4001_sweep,17
536,$4004_duty,0
536,$4004_const,1
536,$4004_vol,0
536,$4005_sweep,17
536,$4008_linear,0
536,$400C_const,1
536,$400C_vol,0
536,$400E_period,0
536,$400E_mode,0
537,$4000_duty,0
537,$4000_const,1
537,$4000_vol,0
537,$4001_sweep,17
537,$4004_duty,0
537,$4004_const,1
537,$4004_vol,0
537,$4005_sweep,17
537,$4008_linear,0
537,$400C_const,1
537,$400C_vol,0
537,$400E_period,0
537,$400E_mode,0
538,$4000_duty,0
538,$4000_const,1
538,$4000_vol,0
538,$4001_sweep,17
538,$4004_duty,0
538,$4004_const,1
538,$4004_vol,0
538,$4005_sweep,17
538,$4008_linear,0
538,$400C_const,1
538,$400C_vol,0
538,$400E_period,0
538,$400E_mode,0
539,$4000_duty,0
539,$4000_const,1
539,$4000_vol,0
539,$4001_sweep,17
539,$4004_duty,0
539,$4004_const,1
539,$4004_vol,0
539,$4005_sweep,17
539,$4008_linear,0
539,$400C_const,1
539,$400C_vol,0
539,$400E_period,0
539,$400E_mode,0
540,$4000_duty,0
540,$4000_const,1
540,$4000_vol,0
540,$4001_sweep,17
540,$4004_duty,0
540,$4004_const,1
540,$4004_vol,0
540,$4005_sweep,17
540,$4008_linear,0
540,$400C_const,1
540,$400C_vol,0
540,$400E_period,0
540,$400E_mode,0
541,$4000_duty,0
541,$4000_const,1
541,$4000_vol,0
541,$4001_sweep,17
541,$4004_duty,0
541,$4004_const,1
541,$4004_vol,0
541,$4005_sweep,17
541,$4008_linear,0
541,$400C_const,1
541,$400C_vol,0
541,$400E_period,0
541,$400E_mode,0
542,$4000_duty,0
542,$4000_const,1
542,$4000_vol,0
542,$4001_sweep,17
542,$4004_duty,0
542,$4004_const,1
542,$4004_vol,0
542,$4005_sweep,17
542,$4008_linear,0
542,$400C_const,1
542,$400C_vol,0
542,$400E_period,0
542,$400E_mode,0
543,$4000_duty,0
543,$4000_const,1
543,$4000_vol,0
543,$4001_sweep,17
543,$4004_duty,0
543,$4004_const,1
543,$4004_vol,0
543,$4005_sweep,17
543,$4008_linear,0
543,$400C_const,1
543,$400C_vol,0
543,$400E_period,0
543,$400E_mode,0
544,$4000_duty,0
544,$4000_const,1
544,$4000_vol,0
544,$4001_sweep,17
544,$4004_duty,0
544,$4004_const,1
544,$4004_vol,0
544,$4005_sweep,17
544,$4008_linear,0
544,$400C_const,1
544,$400C_vol,0
544,$400E_period,0
544,$400E_mode,0
545,$4000_duty,0
545,$4000_const,1
545,$4000_vol,0
545,$4001_sweep,17
545,$4004_duty,0
545,$4004_const,1
545,$4004_vol,0
545,$4005_sweep,17
545,$4008_linear,0
545,$400C_const,1
545,$400C_vol,0
545,$400E_period,0
545,$400E_mode,0
546,$4000_duty,0
546,$4000_const,1
546,$4000_vol,0
546,$4001_sweep,17
546,$4004_duty,0
546,$4004_const,1
546,$4004_vol,0
546,$4005_sweep,17
546,$4008_linear,0
546,$400C_const,1
546,$400C_vol,0
546,$400E_period,0
546,$400E_mode,0
547,$4000_duty,0
547,$4000_const,1
547,$4000_vol,0
547,$4001_sweep,17
547,$4004_duty,0
547,$4004_const,1
547,$4004_vol,0
547,$4005_sweep,17
547,$4008_linear,0
547,$400C_const,1
547,$400C_vol,0
547,$400E_period,0
547,$400E_mode,0
548,$4000_duty,0
548,$4000_const,1
548,$4000_vol,0
548,$4001_sweep,17
548,$4004_duty,0
548,$4004_const,1
548,$4004_vol,0
548,$4005_sweep,17
548,$4008_linear,0
548,$400C_const,1
548,$400C_vol,0
548,$400E_period,0
548,$400E_mode,0
549,$4000_duty,0
549,$4000_const,1
549,$4000_vol,0
549,$4001_sweep,17
549,$4004_duty,0
549,$4004_const,1
549,$4004_vol,0
549,$4005_sweep,17
549,$4008_linear,0
549,$400C_const,1
549,$400C_vol,0
549,$400E_period,0
549,$400E_mode,0
550,$4000_duty,0
550,$4000_const,1
550,$4000_vol,0
550,$4001_sweep,17
550,$4004_duty,0
550,$4004_const,1
550,$4004_vol,0
550,$4005_sweep,17
550,$4008_linear,0
550,$400C_const,1
550,$400C_vol,0
550,$400E_period,0
550,$400E_mode,0
551,$4000_duty,0
551,$4000_const,1
551,$4000_vol,0
551,$4001_sweep,17
551,$4004_duty,0
551,$4004_const,1
551,$4004_vol,0
551,$4005_sweep,17
551,$4008_linear,0
551,$400C_const,1
551,$400C_vol,0
551,$400E_period,0
551,$400E_mode,0
552,$4000_duty,0
552,$4000_const,1
552,$4000_vol,0
552,$4001_sweep,17
552,$4004_duty,0
552,$4004_const,1
552,$4004_vol,0
552,$4005_sweep,17
552,$4008_linear,0
552,$400C_const,1
552,$400C_vol,0
552,$400E_period,0
552,$400E_mode,0
553,$4000_duty,0
553,$4000_const,1
553,$4000_vol,0
553,$4001_sweep,17
553,$4004_duty,0
553,$4004_const,1
553,$4004_vol,0
553,$4005_sweep,17
553,$4008_linear,0
553,$400C_const,1
553,$400C_vol,0
553,$400E_period,0
553,$400E_mode,0
554,$4000_duty,0
554,$4000_const,1
554,$4000_vol,0
554,$4001_sweep,17
554,$4004_duty,0
554,$4004_const,1
554,$4004_vol,0
554,$4005_sweep,17
554,$4008_linear,0
554,$400C_const,1
554,$400C_vol,0
554,$400E_period,0
554,$400E_mode,0
555,$4000_duty,0
555,$4000_const,1
555,$4000_vol,0
555,$4001_sweep,17
555,$4004_duty,0
555,$4004_const,1
555,$4004_vol,0
555,$4005_sweep,17
555,$4008_linear,0
555,$400C_const,1
555,$400C_vol,0
555,$400E_period,0
555,$400E_mode,0
556,$4000_duty,0
556,$4000_const,1
556,$4000_vol,0
556,$4001_sweep,17
556,$4004_duty,0
556,$4004_const,1
556,$4004_vol,0
556,$4005_sweep,17
556,$4008_linear,0
556,$400C_const,1
556,$400C_vol,0
556,$400E_period,0
556,$400E_mode,0
557,$4000_duty,0
557,$4000_const,1
557,$4000_vol,0
557,$4001_sweep,17
557,$4004_duty,0
557,$4004_const,1
557,$4004_vol,0
557,$4005_sweep,17
557,$4008_linear,0
557,$400C_const,1
557,$400C_vol,0
557,$400E_period,0
557,$400E_mode,0
558,$4000_duty,0
558,$4000_const,1
558,$4000_vol,0
558,$4001_sweep,17
558,$4004_duty,0
558,$4004_const,1
558,$4004_vol,0
558,$4005_sweep,17
558,$4008_linear,0
558,$400C_const,1
558,$400C_vol,0
558,$400E_period,0
558,$400E_mode,0
559,$4000_duty,0
559,$4000_const,1
559,$4000_vol,0
559,$4001_sweep,17
559,$4004_duty,0
559,$4004_const,1
559,$4004_vol,0
559,$4005_sweep,17
559,$4008_linear,0
559,$400C_const,1
559,$400C_vol,0
559,$400E_period,0
559,$400E_mode,0
560,$4000_duty,0
560,$4000_const,1
560,$4000_vol,0
560,$4001_sweep,17
560,$4004_duty,0
560,$4004_const,1
560,$4004_vol,0
560,$4005_sweep,17
560,$4008_linear,0
560,$400C_const,1
560,$400C_vol,0
560,$400E_period,0
560,$400E_mode,0
561,$4000_duty,0
561,$4000_const,1
561,$4000_vol,0
561,$4001_sweep,17
561,$4004_duty,0
561,$4004_const,1
561,$4004_vol,0
561,$4005_sweep,17
561,$4008_linear,0
561,$400C_const,1
561,$400C_vol,0
561,$400E_period,0
561,$400E_mode,0
562,$4000_duty,0
562,$4000_const,1
562,$4000_vol,0
562,$4001_sweep,17
562,$4004_duty,0
562,$4004_const,1
562,$4004_vol,0
562,$4005_sweep,17
562,$4008_linear,0
562,$400C_const,1
562,$400C_vol,0
562,$400E_period,0
562,$400E_mode,0
563,$4000_duty,0
563,$4000_const,1
563,$4000_vol,0
563,$4001_sweep,17
563,$4004_duty,0
563,$4004_const,1
563,$4004_vol,0
563,$4005_sweep,17
563,$4008_linear,0
563,$400C_const,1
563,$400C_vol,0
563,$400E_period,0
563,$400E_mode,0
564,$4000_duty,0
564,$4000_const,1
564,$4000_vol,0
564,$4001_sweep,17
564,$4004_duty,0
564,$4004_const,1
564,$4004_vol,0
564,$4005_sweep,17
564,$4008_linear,0
564,$400C_const,1
564,$400C_vol,0
564,$400E_period,0
564,$400E_mode,0
565,$4000_duty,0
565,$4000_const,1
565,$4000_vol,0
565,$4001_sweep,17
565,$4004_duty,0
565,$4004_const,1
565,$4004_vol,0
565,$4005_sweep,17
565,$4008_linear,0
565,$400C_const,1
565,$400C_vol,0
565,$400E_period,0
565,$400E_mode,0
566,$4000_duty,0
566,$4000_const,1
566,$4000_vol,0
566,$4001_sweep,17
566,$4004_duty,0
566,$4004_const,1
566,$4004_vol,0
566,$4005_sweep,17
566,$4008_linear,0
566,$400C_const,1
566,$400C_vol,0
566,$400E_period,0
566,$400E_mode,0
567,$4000_duty,0
567,$4000_const,1
567,$4000_vol,0
567,$4001_sweep,17
567,$4004_duty,0
567,$4004_const,1
567,$4004_vol,0
567,$4005_sweep,17
567,$4008_linear,0
567,$400C_const,1
567,$400C_vol,0
567,$400E_period,0
567,$400E_mode,0
568,$4000_duty,0
568,$4000_const,1
568,$4000_vol,0
568,$4001_sweep,17
568,$4004_duty,0
568,$4004_const,1
568,$4004_vol,0
568,$4005_sweep,17
568,$4008_linear,0
568,$400C_const,1
568,$400C_vol,0
568,$400E_period,0
568,$400E_mode,0
569,$4000_duty,0
569,$4000_const,1
569,$4000_vol,0
569,$4001_sweep,17
569,$4004_duty,0
569,$4004_const,1
569,$4004_vol,0
569,$4005_sweep,17
569,$4008_linear,0
569,$400C_const,1
569,$400C_vol,0
569,$400E_period,0
569,$400E_mode,0
570,$4000_duty,0
570,$4000_const,1
570,$4000_vol,0
570,$4001_sweep,17
570,$4004_duty,0
570,$4004_const,1
570,$4004_vol,0
570,$4005_sweep,17
570,$4008_linear,0
570,$400C_const,1
570,$400C_vol,0
570,$400E_period,0
570,$400E_mode,0
571,$4000_duty,0
571,$4000_const,1
571,$4000_vol,0
571,$4001_sweep,17
571,$4004_duty,0
571,$4004_const,1
571,$4004_vol,0
571,$4005_sweep,17
571,$4008_linear,0
571,$400C_const,1
571,$400C_vol,0
571,$400E_period,0
571,$400E_mode,0
572,$4000_duty,0
572,$4000_const,1
572,$4000_vol,0
572,$4001_sweep,17
572,$4004_duty,0
572,$4004_const,1
572,$4004_vol,0
572,$4005_sweep,17
572,$4008_linear,0
572,$400C_const,1
572,$400C_vol,0
572,$400E_period,0
572,$400E_mode,0
573,$4000_duty,0
573,$4000_const,1
573,$4000_vol,0
573,$4001_sweep,17
573,$4004_duty,0
573,$4004_const,1
573,$4004_vol,0
573,$4005_sweep,17
573,$4008_linear,0
573,$400C_const,1
573,$400C_vol,0
573,$400E_period,0
573,$400E_mode,0
574,$4000_duty,0
574,$4000_const,1
574,$4000_vol,0
574,$4001_sweep,17
574,$4004_duty,0
574,$4004_const,1
574,$4004_vol,0
574,$4005_sweep,17
574,$4008_linear,0
574,$400C_const,1
574,$400C_vol,0
574,$400E_period,0
574,$400E_mode,0
575,$4000_duty,0
575,$4000_const,1
575,$4000_vol,0
575,$4001_sweep,17
575,$4004_duty,0
575,$4004_const,1
575,$4004_vol,0
575,$4005_sweep,17
575,$4008_linear,0
575,$400C_const,1
575,$400C_vol,0
575,$400E_period,0
575,$400E_mode,0
576,$4000_duty,0
576,$4000_const,1
576,$4000_vol,0
576,$4001_sweep,17
576,$4004_duty,0
576,$4004_const,1
576,$4004_vol,0
576,$4005_sweep,17
576,$4008_linear,0
576,$400C_const,1
576,$400C_vol,0
576,$400E_period,0
576,$400E_mode,0
577,$4000_duty,0
577,$4000_const,1
577,$4000_vol,0
577,$4001_sweep,17
577,$4004_duty,0
577,$4004_const,1
577,$4004_vol,0
577,$4005_sweep,17
577,$4008_linear,0
577,$400C_const,1
577,$400C_vol,0
577,$400E_period,0
577,$400E_mode,0
578,$4000_duty,0
578,$4000_const,1
578,$4000_vol,0
578,$4001_sweep,17
578,$4004_duty,0
578,$4004_const,1
578,$4004_vol,0
578,$4005_sweep,17
578,$4008_linear,0
578,$400C_const,1
578,$400C_vol,0
578,$400E_period,0
578,$400E_mode,0
579,$4000_duty,0
579,$4000_const,1
579,$4000_vol,0
579,$4001_sweep,17
579,$4004_duty,0
579,$4004_const,1
579,$4004_vol,0
579,$4005_sweep,17
579,$4008_linear,0
579,$400C_const,1
579,$400C_vol,0
579,$400E_period,0
579,$400E_mode,0
580,$4000_duty,0
580,$4000_const,1
580,$4000_vol,0
580,$4001_sweep,17
580,$4002_period,429
580,$400B_length,0
580,$4004_duty,0
580,$4004_const,1
580,$4004_vol,0
580,$4005_sweep,17
580,$4006_period,1
580,$4008_linear,0
580,$400A_period,257
580,$400B_length,248
580,$400C_const,1
580,$400C_vol,0
580,$400E_period,0
580,$400E_mode,0
581,$4000_duty,0
581,$4000_const,1
581,$4000_vol,0
581,$4001_sweep,17
581,$4004_duty,0
581,$4004_const,1
581,$4004_vol,0
581,$4005_sweep,17
581,$4008_linear,0
581,$400C_const,1
581,$400C_vol,0
581,$400E_period,0
581,$400E_mode,0
582,$4000_duty,0
582,$4000_const,1
582,$4000_vol,0
582,$4001_sweep,17
582,$4004_duty,0
582,$4004_const,1
582,$4004_vol,0
582,$4005_sweep,17
582,$4008_linear,0
582,$400C_const,1
582,$400C_vol,0
582,$400E_period,0
582,$400E_mode,0
583,$4000_duty,0
583,$4000_const,1
583,$4000_vol,0
583,$4001_sweep,17
583,$4004_duty,0
583,$4004_const,1
583,$4004_vol,0
583,$4005_sweep,17
583,$4008_linear,0
583,$400C_const,1
583,$400C_vol,0
583,$400E_period,0
583,$400E_mode,0
584,$4000_duty,0
584,$4000_const,1
584,$4000_vol,0
584,$4001_sweep,17
584,$4004_duty,0
584,$4004_const,1
584,$4004_vol,0
584,$4005_sweep,17
584,$4008_linear,0
584,$400C_const,1
584,$400C_vol,0
584,$400E_period,0
584,$400E_mode,0
585,$4000_duty,0
585,$4000_const,1
585,$4000_vol,0
585,$4001_sweep,17
585,$4004_duty,0
585,$4004_const,1
585,$4004_vol,0
585,$4005_sweep,17
585,$4008_linear,0
585,$400C_const,1
585,$400C_vol,0
585,$400E_period,0
585,$400E_mode,0
586,$4000_duty,0
586,$4000_const,1
586,$4000_vol,0
586,$4001_sweep,17
586,$4004_duty,0
586,$4004_const,1
586,$4004_vol,0
586,$4005_sweep,17
586,$4008_linear,0
586,$400C_const,1
586,$400C_vol,0
586,$400E_period,0
586,$400E_mode,0
587,$4000_duty,0
587,$4000_const,1
587,$4000_vol,0
587,$4001_sweep,17
587,$4004_duty,0
587,$4004_const,1
587,$4004_vol,0
587,$4005_sweep,17
587,$4008_linear,0
587,$400C_const,1
587,$400C_vol,0
587,$400E_period,0
587,$400E_mode,0
588,$4000_duty,0
588,$4000_const,1
588,$4000_vol,0
588,$4001_sweep,17
588,$4004_duty,0
588,$4004_const,1
588,$4004_vol,0
588,$4005_sweep,17
588,$4008_linear,0
588,$400C_const,1
588,$400C_vol,0
588,$400E_period,0
588,$400E_mode,0
589,$4000_duty,0
589,$4000_const,1
589,$4000_vol,0
589,$4001_sweep,17
589,$4004_duty,0
589,$4004_const,1
589,$4004_vol,0
589,$4005_sweep,17
589,$4008_linear,0
589,$400C_const,1
589,$400C_vol,0
589,$400E_period,0
589,$400E_mode,0
590,$4000_duty,0
590,$4000_const,1
590,$4000_vol,0
590,$4001_sweep,17
590,$4004_duty,0
590,$4004_const,1
590,$4004_vol,0
590,$4005_sweep,17
590,$4008_linear,0
590,$400C_const,1
590,$400C_vol,0
590,$400E_period,0
590,$400E_mode,0
591,$4000_duty,0
591,$4000_const,1
591,$4000_vol,0
591,$4001_sweep,17
591,$4004_duty,0
591,$4004_const,1
591,$4004_vol,0
591,$4005_sweep,17
591,$4008_linear,0
591,$400C_const,1
591,$400C_vol,0
591,$400E_period,0
591,$400E_mode,0
592,$4000_duty,0
592,$4000_const,1
592,$4000_vol,0
592,$4001_sweep,17
592,$4004_duty,0
592,$4004_const,1
592,$4004_vol,0
592,$4005_sweep,17
592,$4008_linear,0
592,$400C_const,1
592,$400C_vol,0
592,$400E_period,0
592,$400E_mode,0
593,$4000_duty,0
593,$4000_const,1
593,$4000_vol,0
593,$4001_sweep,17
593,$4004_duty,0
593,$4004_const,1
593,$4004_vol,0
593,$4005_sweep,17
593,$4008_linear,0
593,$400C_const,1
593,$400C_vol,0
593,$400E_period,0
593,$400E_mode,0
594,$4000_duty,0
594,$4000_const,1
594,$4000_vol,0
594,$4001_sweep,17
594,$4004_duty,0
594,$4004_const,1
594,$4004_vol,0
594,$4005_sweep,17
594,$4008_linear,0
594,$400C_const,1
594,$400C_vol,0
594,$400E_period,0
594,$400E_mode,0
595,$4000_duty,0
595,$4000_const,1
595,$4000_vol,0
595,$4001_sweep,17
595,$4004_duty,0
595,$4004_const,1
595,$4004_vol,0
595,$4005_sweep,17
595,$4008_linear,0
595,$400C_const,1
595,$400C_vol,0
595,$400E_period,0
595,$400E_mode,0
596,$4000_duty,0
596,$4000_const,1
596,$4000_vol,0
596,$4001_sweep,17
596,$4004_duty,0
596,$4004_const,1
596,$4004_vol,0
596,$4005_sweep,17
596,$4008_linear,0
596,$400C_const,1
596,$400C_vol,0
596,$400E_period,0
596,$400E_mode,0
597,$4000_duty,0
597,$4000_const,1
597,$4000_vol,0
597,$4001_sweep,17
597,$4004_duty,0
597,$4004_const,1
597,$4004_vol,0
597,$4005_sweep,17
597,$4008_linear,0
597,$400C_const,1
597,$400C_vol,0
597,$400E_period,0
597,$400E_mode,0
598,$4000_duty,0
598,$4000_const,1
598,$4000_vol,0
598,$4001_sweep,17
598,$4004_duty,0
598,$4004_const,1
598,$4004_vol,0
598,$4005_sweep,17
598,$4008_linear,0
598,$400C_const,1
598,$400C_vol,0
598,$400E_period,0
598,$400E_mode,0
599,$4000_duty,0
599,$4000_const,1
599,$4000_vol,0
599,$4001_sweep,17
599,$4004_duty,0
599,$4004_const,1
599,$4004_vol,0
599,$4005_sweep,17
599,$4008_linear,0
599,$400C_const,1
599,$400C_vol,0
599,$400E_period,0
599,$400E_mode,0
