frame,parameter,value
133,$4008_linear,0
133,$4000_duty,0
133,$4000_const,1
133,$4000_vol,0
133,$4004_duty,0
133,$4004_const,1
133,$4004_vol,0
133,$400C_const,1
133,$400C_vol,0
134,$4001_sweep,0
134,$4002_period,1589
134,$400B_length,3
134,$4005_sweep,0
134,$4006_period,795
134,$400A_period,315
134,$400B_length,0
134,$4008_linear,1
134,$400E_period,4
134,$400E_mode,0
134,$4000_duty,1
134,$4000_const,1
134,$4000_vol,14
134,$4004_duty,1
134,$4004_const,1
134,$4004_vol,6
134,$400C_const,1
134,$400C_vol,10
134,$400E_period,4
134,$400E_mode,0
135,$4000_duty,1
135,$4000_const,1
135,$4000_vol,13
135,$4004_duty,1
135,$4004_const,1
135,$4004_vol,8
135,$400C_const,1
135,$400C_vol,1
135,$400E_period,4
135,$400E_mode,0
136,$4000_duty,1
136,$4000_const,1
136,$4000_vol,13
136,$4004_duty,1
136,$4004_const,1
136,$4004_vol,8
136,$400C_const,1
136,$400C_vol,1
136,$400E_period,4
136,$400E_mode,0
137,$4000_duty,1
137,$4000_const,1
137,$4000_vol,13
137,$4004_duty,1
137,$4004_const,1
137,$4004_vol,7
137,$400C_const,1
137,$400C_vol,5
137,$400E_period,4
137,$400E_mode,0
138,$4008_linear,0
138,$4000_duty,1
138,$4000_const,1
138,$4000_vol,12
138,$4004_duty,1
138,$4004_const,1
138,$4004_vol,7
138,$400C_const,1
138,$400C_vol,5
138,$400E_period,4
138,$400E_mode,0
139,$4000_duty,1
139,$4000_const,1
139,$4000_vol,12
139,$4004_duty,1
139,$4004_const,1
139,$4004_vol,5
139,$400C_const,1
139,$400C_vol,2
139,$400E_period,4
139,$400E_mode,0
140,$4000_duty,1
140,$4000_const,1
140,$4000_vol,12
140,$4004_duty,1
140,$4004_const,1
140,$4004_vol,5
140,$400C_const,1
140,$400C_vol,2
140,$400E_period,4
140,$400E_mode,0
141,$4000_duty,1
141,$4000_const,1
141,$4000_vol,11
141,$4004_duty,1
141,$4004_const,1
141,$4004_vol,3
141,$400C_const,1
141,$400C_vol,1
141,$400E_period,4
141,$400E_mode,0
142,$4000_duty,1
142,$4000_const,1
142,$4000_vol,11
142,$4004_duty,1
142,$4004_const,1
142,$4004_vol,3
142,$400C_const,1
142,$400C_vol,1
142,$400E_period,4
142,$400E_mode,0
143,$4000_duty,1
143,$4000_const,1
143,$4000_vol,11
143,$4004_duty,1
143,$4004_const,1
143,$4004_vol,1
143,$400C_const,1
143,$400C_vol,0
143,$400E_period,4
143,$400E_mode,0
144,$4005_sweep,0
144,$4006_period,795
144,$400A_period,315
144,$400B_length,0
144,$4008_linear,1
144,$4000_duty,1
144,$4000_const,1
144,$4000_vol,10
144,$4004_duty,1
144,$4004_const,1
144,$4004_vol,6
144,$400C_const,1
144,$400C_vol,0
144,$400E_period,4
144,$400E_mode,0
145,$4000_duty,1
145,$4000_const,1
145,$4000_vol,10
145,$4004_duty,1
145,$4004_const,1
145,$4004_vol,6
145,$400C_const,1
145,$400C_vol,0
145,$400E_period,4
145,$400E_mode,0
146,$4000_duty,1
146,$4000_const,1
146,$4000_vol,10
146,$4004_duty,1
146,$4004_const,1
146,$4004_vol,8
146,$400C_const,1
146,$400C_vol,0
146,$400E_period,4
146,$400E_mode,0
147,$4000_duty,1
147,$4000_const,1
147,$4000_vol,9
147,$4004_duty,1
147,$4004_const,1
147,$4004_vol,8
147,$400C_const,1
147,$400C_vol,0
147,$400E_period,4
147,$400E_mode,0
148,$4008_linear,0
148,$4000_duty,1
148,$4000_const,1
148,$4000_vol,9
148,$4004_duty,1
148,$4004_const,1
148,$4004_vol,7
148,$400C_const,1
148,$400C_vol,0
148,$400E_period,4
148,$400E_mode,0
149,$4000_duty,1
149,$4000_const,1
149,$4000_vol,9
149,$4004_duty,1
149,$4004_const,1
149,$4004_vol,7
149,$400C_const,1
149,$400C_vol,0
149,$400E_period,4
149,$400E_mode,0
150,$4000_duty,1
150,$4000_const,1
150,$4000_vol,8
150,$4004_duty,1
150,$4004_const,1
150,$4004_vol,5
150,$400C_const,1
150,$400C_vol,0
150,$400E_period,4
150,$400E_mode,0
151,$4000_duty,1
151,$4000_const,1
151,$4000_vol,8
151,$4004_duty,1
151,$4004_const,1
151,$4004_vol,5
151,$400C_const,1
151,$400C_vol,0
151,$400E_period,4
151,$400E_mode,0
152,$4000_duty,1
152,$4000_const,1
152,$4000_vol,8
152,$4004_duty,1
152,$4004_const,1
152,$4004_vol,3
152,$400C_const,1
152,$400C_vol,0
152,$400E_period,4
152,$400E_mode,0
153,$4000_duty,1
153,$4000_const,1
153,$4000_vol,7
153,$4004_duty,1
153,$4004_const,1
153,$4004_vol,3
153,$400C_const,1
153,$400C_vol,0
153,$400E_period,4
153,$400E_mode,0
154,$4000_duty,1
154,$4000_const,1
154,$4000_vol,7
154,$4004_duty,1
154,$4004_const,1
154,$4004_vol,1
154,$400C_const,1
154,$400C_vol,0
154,$400E_period,4
154,$400E_mode,0
155,$4005_sweep,0
155,$4006_period,795
155,$400A_period,315
155,$400B_length,0
155,$4008_linear,1
155,$4000_duty,1
155,$4000_const,1
155,$4000_vol,7
155,$4004_duty,1
155,$4004_const,1
155,$4004_vol,6
155,$400C_const,1
155,$400C_vol,0
155,$400E_period,4
155,$400E_mode,0
156,$4000_duty,1
156,$4000_const,1
156,$4000_vol,6
156,$4004_duty,1
156,$4004_const,1
156,$4004_vol,6
156,$400C_const,1
156,$400C_vol,0
156,$400E_period,4
156,$400E_mode,0
157,$4000_duty,1
157,$4000_const,1
157,$4000_vol,6
157,$4004_duty,1
157,$4004_const,1
157,$4004_vol,8
157,$400C_const,1
157,$400C_vol,0
157,$400E_period,4
157,$400E_mode,0
158,$4000_duty,1
158,$4000_const,1
158,$4000_vol,6
158,$4004_duty,1
158,$4004_const,1
158,$4004_vol,8
158,$400C_const,1
158,$400C_vol,0
158,$400E_period,4
158,$400E_mode,0
159,$4008_linear,0
159,$4000_duty,1
159,$4000_const,1
159,$4000_vol,5
159,$4004_duty,1
159,$4004_const,1
159,$4004_vol,7
159,$400C_const,1
159,$400C_vol,0
159,$400E_period,4
159,$400E_mode,0
160,$4000_duty,1
160,$4000_const,1
160,$4000_vol,5
160,$4004_duty,1
160,$4004_const,1
160,$4004_vol,7
160,$400C_const,1
160,$400C_vol,0
160,$400E_period,4
160,$400E_mode,0
161,$4000_duty,1
161,$4000_const,1
161,$4000_vol,5
161,$4004_duty,1
161,$4004_const,1
161,$4004_vol,5
161,$400C_const,1
161,$400C_vol,0
161,$400E_period,4
161,$400E_mode,0
162,$4000_duty,1
162,$4000_const,1
162,$4000_vol,4
162,$4004_duty,1
162,$4004_const,1
162,$4004_vol,5
162,$400C_const,1
162,$400C_vol,0
162,$400E_period,4
162,$400E_mode,0
163,$4000_duty,1
163,$4000_const,1
163,$4000_vol,4
163,$4004_duty,1
163,$4004_const,1
163,$4004_vol,3
163,$400C_const,1
163,$400C_vol,0
163,$400E_period,4
163,$400E_mode,0
164,$4000_duty,1
164,$4000_const,1
164,$4000_vol,4
164,$4004_duty,1
164,$4004_const,1
164,$4004_vol,3
164,$400C_const,1
164,$400C_vol,0
164,$400E_period,4
164,$400E_mode,0
165,$4000_duty,1
165,$4000_const,1
165,$4000_vol,3
165,$4004_duty,1
165,$4004_const,1
165,$4004_vol,1
165,$400C_const,1
165,$400C_vol,0
165,$400E_period,4
165,$400E_mode,0
166,$4001_sweep,0
166,$4002_period,1589
166,$400B_length,3
166,$4005_sweep,0
166,$4006_period,795
166,$400A_period,315
166,$400B_length,0
166,$4008_linear,1
166,$400E_period,4
166,$400E_mode,0
166,$4000_duty,1
166,$4000_const,1
166,$4000_vol,14
166,$4004_duty,1
166,$4004_const,1
166,$4004_vol,6
166,$400C_const,1
166,$400C_vol,10
166,$400E_period,4
166,$400E_mode,0
167,$4000_duty,1
167,$4000_const,1
167,$4000_vol,14
167,$4004_duty,1
167,$4004_const,1
167,$4004_vol,6
167,$400C_const,1
167,$400C_vol,10
167,$400E_period,4
167,$400E_mode,0
168,$4000_duty,1
168,$4000_const,1
168,$4000_vol,14
168,$4004_duty,1
168,$4004_const,1
168,$4004_vol,8
168,$400C_const,1
168,$400C_vol,1
168,$400E_period,4
168,$400E_mode,0
169,$4000_duty,1
169,$4000_const,1
169,$4000_vol,13
169,$4004_duty,1
169,$4004_const,1
169,$4004_vol,8
169,$400C_const,1
169,$400C_vol,1
169,$400E_period,4
169,$400E_mode,0
170,$4008_linear,0
170,$4000_duty,1
170,$4000_const,1
170,$4000_vol,13
170,$4004_duty,1
170,$4004_const,1
170,$4004_vol,7
170,$400C_const,1
170,$400C_vol,5
170,$400E_period,4
170,$400E_mode,0
171,$4000_duty,1
171,$4000_const,1
171,$4000_vol,13
171,$4004_duty,1
171,$4004_const,1
171,$4004_vol,7
171,$400C_const,1
171,$400C_vol,5
171,$400E_period,4
171,$400E_mode,0
172,$4000_duty,1
172,$4000_const,1
172,$4000_vol,12
172,$4004_duty,1
172,$4004_const,1
172,$4004_vol,5
172,$400C_const,1
172,$400C_vol,2
172,$400E_period,4
172,$400E_mode,0
173,$4000_duty,1
173,$4000_const,1
173,$4000_vol,12
173,$4004_duty,1
173,$4004_const,1
173,$4004_vol,5
173,$400C_const,1
173,$400C_vol,2
173,$400E_period,4
173,$400E_mode,0
174,$4000_duty,1
174,$4000_const,1
174,$4000_vol,12
174,$4004_duty,1
174,$4004_const,1
174,$4004_vol,3
174,$400C_const,1
174,$400C_vol,1
174,$400E_period,4
174,$400E_mode,0
175,$4000_duty,1
175,$4000_const,1
175,$4000_vol,11
175,$4004_duty,1
175,$4004_const,1
175,$4004_vol,3
175,$400C_const,1
175,$400C_vol,1
175,$400E_period,4
175,$400E_mode,0
176,$4000_duty,1
176,$4000_const,1
176,$4000_vol,11
176,$4004_duty,1
176,$4004_const,1
176,$4004_vol,1
176,$400C_const,1
176,$400C_vol,0
176,$400E_period,4
176,$400E_mode,0
177,$4005_sweep,0
177,$4006_period,795
177,$400A_period,315
177,$400B_length,0
177,$4008_linear,1
177,$4000_duty,1
177,$4000_const,1
177,$4000_vol,11
177,$4004_duty,1
177,$4004_const,1
177,$4004_vol,6
177,$400C_const,1
177,$400C_vol,0
177,$400E_period,4
177,$400E_mode,0
178,$4000_duty,1
178,$4000_const,1
178,$4000_vol,10
178,$4004_duty,1
178,$4004_const,1
178,$4004_vol,6
178,$400C_const,1
178,$400C_vol,0
178,$400E_period,4
178,$400E_mode,0
179,$4000_duty,1
179,$4000_const,1
179,$4000_vol,10
179,$4004_duty,1
179,$4004_const,1
179,$4004_vol,8
179,$400C_const,1
179,$400C_vol,0
179,$400E_period,4
179,$400E_mode,0
180,$4000_duty,1
180,$4000_const,1
180,$4000_vol,10
180,$4004_duty,1
180,$4004_const,1
180,$4004_vol,8
180,$400C_const,1
180,$400C_vol,0
180,$400E_period,4
180,$400E_mode,0
181,$4008_linear,0
181,$4000_duty,1
181,$4000_const,1
181,$4000_vol,9
181,$4004_duty,1
181,$4004_const,1
181,$4004_vol,7
181,$400C_const,1
181,$400C_vol,0
181,$400E_period,4
181,$400E_mode,0
182,$4000_duty,1
182,$4000_const,1
182,$4000_vol,9
182,$4004_duty,1
182,$4004_const,1
182,$4004_vol,7
182,$400C_const,1
182,$400C_vol,0
182,$400E_period,4
182,$400E_mode,0
183,$4000_duty,1
183,$4000_const,1
183,$4000_vol,9
183,$4004_duty,1
183,$4004_const,1
183,$4004_vol,5
183,$400C_const,1
183,$400C_vol,0
183,$400E_period,4
183,$400E_mode,0
184,$4000_duty,1
184,$4000_const,1
184,$4000_vol,8
184,$4004_duty,1
184,$4004_const,1
184,$4004_vol,5
184,$400C_const,1
184,$400C_vol,0
184,$400E_period,4
184,$400E_mode,0
185,$4000_duty,1
185,$4000_const,1
185,$4000_vol,8
185,$4004_duty,1
185,$4004_const,1
185,$4004_vol,3
185,$400C_const,1
185,$400C_vol,0
185,$400E_period,4
185,$400E_mode,0
186,$4000_duty,1
186,$4000_const,1
186,$4000_vol,8
186,$4004_duty,1
186,$4004_const,1
186,$4004_vol,3
186,$400C_const,1
186,$400C_vol,0
186,$400E_period,4
186,$400E_mode,0
187,$4000_duty,1
187,$4000_const,1
187,$4000_vol,7
187,$4004_duty,1
187,$4004_const,1
187,$4004_vol,1
187,$400C_const,1
187,$400C_vol,0
187,$400E_period,4
187,$400E_mode,0
188,$4005_sweep,0
188,$4006_period,795
188,$400A_period,315
188,$400B_length,0
188,$4008_linear,1
188,$4000_duty,1
188,$4000_const,1
188,$4000_vol,7
188,$4004_duty,1
188,$4004_const,1
188,$4004_vol,6
188,$400C_const,1
188,$400C_vol,0
188,$400E_period,4
188,$400E_mode,0
189,$4000_duty,1
189,$4000_const,1
189,$4000_vol,7
189,$4004_duty,1
189,$4004_const,1
189,$4004_vol,6
189,$400C_const,1
189,$400C_vol,0
189,$400E_period,4
189,$400E_mode,0
190,$4000_duty,1
190,$4000_const,1
190,$4000_vol,6
190,$4004_duty,1
190,$4004_const,1
190,$4004_vol,8
190,$400C_const,1
190,$400C_vol,0
190,$400E_period,4
190,$400E_mode,0
191,$4000_duty,1
191,$4000_const,1
191,$4000_vol,6
191,$4004_duty,1
191,$4004_const,1
191,$4004_vol,8
191,$400C_const,1
191,$400C_vol,0
191,$400E_period,4
191,$400E_mode,0
192,$4008_linear,0
192,$4000_duty,1
192,$4000_const,1
192,$4000_vol,6
192,$4004_duty,1
192,$4004_const,1
192,$4004_vol,7
192,$400C_const,1
192,$400C_vol,0
192,$400E_period,4
192,$400E_mode,0
193,$4000_duty,1
193,$4000_const,1
193,$4000_vol,5
193,$4004_duty,1
193,$4004_const,1
193,$4004_vol,7
193,$400C_const,1
193,$400C_vol,0
193,$400E_period,4
193,$400E_mode,0
194,$4000_duty,1
194,$4000_const,1
194,$4000_vol,5
194,$4004_duty,1
194,$4004_const,1
194,$4004_vol,5
194,$400C_const,1
194,$400C_vol,0
194,$400E_period,4
194,$400E_mode,0
195,$4000_duty,1
195,$4000_const,1
195,$4000_vol,5
195,$4004_duty,1
195,$4004_const,1
195,$4004_vol,5
195,$400C_const,1
195,$400C_vol,0
195,$400E_period,4
195,$400E_mode,0
196,$4000_duty,1
196,$4000_const,1
196,$4000_vol,4
196,$4004_duty,1
196,$4004_const,1
196,$4004_vol,3
196,$400C_const,1
196,$400C_vol,0
196,$400E_period,4
196,$400E_mode,0
197,$4000_duty,1
197,$4000_const,1
197,$4000_vol,4
197,$4004_duty,1
197,$4004_const,1
197,$4004_vol,3
197,$400C_const,1
197,$400C_vol,0
197,$400E_period,4
197,$400E_mode,0
198,$4000_duty,1
198,$4000_const,1
198,$4000_vol,4
198,$4004_duty,1
198,$4004_const,1
198,$4004_vol,1
198,$400C_const,1
198,$400C_vol,0
198,$400E_period,4
198,$400E_mode,0
199,$4001_sweep,0
199,$4002_period,1589
199,$400B_length,3
199,$4005_sweep,0
199,$4006_period,795
199,$400A_period,315
199,$400B_length,0
199,$4008_linear,1
199,$400E_period,4
199,$400E_mode,0
199,$4000_duty,1
199,$4000_const,1
199,$4000_vol,14
199,$4004_duty,1
199,$4004_const,1
199,$4004_vol,6
199,$400C_const,1
199,$400C_vol,10
199,$400E_period,4
199,$400E_mode,0
200,$4000_duty,1
200,$4000_const,1
200,$4000_vol,14
200,$4004_duty,1
200,$4004_const,1
200,$4004_vol,6
200,$400C_const,1
200,$400C_vol,10
200,$400E_period,4
200,$400E_mode,0
201,$4000_duty,1
201,$4000_const,1
201,$4000_vol,14
201,$4004_duty,1
201,$4004_const,1
201,$4004_vol,8
201,$400C_const,1
201,$400C_vol,1
201,$400E_period,4
201,$400E_mode,0
202,$4000_duty,1
202,$4000_const,1
202,$4000_vol,13
202,$4004_duty,1
202,$4004_const,1
202,$4004_vol,8
202,$400C_const,1
202,$400C_vol,1
202,$400E_period,4
202,$400E_mode,0
203,$4008_linear,0
203,$4000_duty,1
203,$4000_const,1
203,$4000_vol,13
203,$4004_duty,1
203,$4004_const,1
203,$4004_vol,7
203,$400C_const,1
203,$400C_vol,5
203,$400E_period,4
203,$400E_mode,0
204,$4000_duty,1
204,$4000_const,1
204,$4000_vol,13
204,$4004_duty,1
204,$4004_const,1
204,$4004_vol,7
204,$400C_const,1
204,$400C_vol,5
204,$400E_period,4
204,$400E_mode,0
205,$4000_duty,1
205,$4000_const,1
205,$4000_vol,12
205,$4004_duty,1
205,$4004_const,1
205,$4004_vol,5
205,$400C_const,1
205,$400C_vol,2
205,$400E_period,4
205,$400E_mode,0
206,$4000_duty,1
206,$4000_const,1
206,$4000_vol,12
206,$4004_duty,1
206,$4004_const,1
206,$4004_vol,5
206,$400C_const,1
206,$400C_vol,2
206,$400E_period,4
206,$400E_mode,0
207,$4000_duty,1
207,$4000_const,1
207,$4000_vol,12
207,$4004_duty,1
207,$4004_const,1
207,$4004_vol,3
207,$400C_const,1
207,$400C_vol,1
207,$400E_period,4
207,$400E_mode,0
208,$4000_duty,1
208,$4000_const,1
208,$4000_vol,11
208,$4004_duty,1
208,$4004_const,1
208,$4004_vol,3
208,$400C_const,1
208,$400C_vol,1
208,$400E_period,4
208,$400E_mode,0
209,$4000_duty,1
209,$4000_const,1
209,$4000_vol,11
209,$4004_duty,1
209,$4004_const,1
209,$4004_vol,1
209,$400C_const,1
209,$400C_vol,0
209,$400E_period,4
209,$400E_mode,0
210,$4005_sweep,0
210,$4006_period,795
210,$400A_period,315
210,$400B_length,0
210,$4008_linear,1
210,$4000_duty,1
210,$4000_const,1
210,$4000_vol,11
210,$4004_duty,1
210,$4004_const,1
210,$4004_vol,6
210,$400C_const,1
210,$400C_vol,0
210,$400E_period,4
210,$400E_mode,0
211,$4000_duty,1
211,$4000_const,1
211,$4000_vol,10
211,$4004_duty,1
211,$4004_const,1
211,$4004_vol,6
211,$400C_const,1
211,$400C_vol,0
211,$400E_period,4
211,$400E_mode,0
212,$4000_duty,1
212,$4000_const,1
212,$4000_vol,10
212,$4004_duty,1
212,$4004_const,1
212,$4004_vol,8
212,$400C_const,1
212,$400C_vol,0
212,$400E_period,4
212,$400E_mode,0
213,$4000_duty,1
213,$4000_const,1
213,$4000_vol,10
213,$4004_duty,1
213,$4004_const,1
213,$4004_vol,8
213,$400C_const,1
213,$400C_vol,0
213,$400E_period,4
213,$400E_mode,0
214,$4008_linear,0
214,$4000_duty,1
214,$4000_const,1
214,$4000_vol,9
214,$4004_duty,1
214,$4004_const,1
214,$4004_vol,7
214,$400C_const,1
214,$400C_vol,0
214,$400E_period,4
214,$400E_mode,0
215,$4000_duty,1
215,$4000_const,1
215,$4000_vol,9
215,$4004_duty,1
215,$4004_const,1
215,$4004_vol,7
215,$400C_const,1
215,$400C_vol,0
215,$400E_period,4
215,$400E_mode,0
216,$4000_duty,1
216,$4000_const,1
216,$4000_vol,9
216,$4004_duty,1
216,$4004_const,1
216,$4004_vol,5
216,$400C_const,1
216,$400C_vol,0
216,$400E_period,4
216,$400E_mode,0
217,$4000_duty,1
217,$4000_const,1
217,$4000_vol,8
217,$4004_duty,1
217,$4004_const,1
217,$4004_vol,5
217,$400C_const,1
217,$400C_vol,0
217,$400E_period,4
217,$400E_mode,0
218,$4000_duty,1
218,$4000_const,1
218,$4000_vol,8
218,$4004_duty,1
218,$4004_const,1
218,$4004_vol,3
218,$400C_const,1
218,$400C_vol,0
218,$400E_period,4
218,$400E_mode,0
219,$4000_duty,1
219,$4000_const,1
219,$4000_vol,8
219,$4004_duty,1
219,$4004_const,1
219,$4004_vol,3
219,$400C_const,1
219,$400C_vol,0
219,$400E_period,4
219,$400E_mode,0
220,$4000_duty,1
220,$4000_const,1
220,$4000_vol,7
220,$4004_duty,1
220,$4004_const,1
220,$4004_vol,1
220,$400C_const,1
220,$400C_vol,0
220,$400E_period,4
220,$400E_mode,0
221,$4005_sweep,0
221,$4006_period,795
221,$400A_period,315
221,$400B_length,0
221,$4008_linear,1
221,$4000_duty,1
221,$4000_const,1
221,$4000_vol,7
221,$4004_duty,1
221,$4004_const,1
221,$4004_vol,6
221,$400C_const,1
221,$400C_vol,0
221,$400E_period,4
221,$400E_mode,0
222,$4000_duty,1
222,$4000_const,1
222,$4000_vol,7
222,$4004_duty,1
222,$4004_const,1
222,$4004_vol,6
222,$400C_const,1
222,$400C_vol,0
222,$400E_period,4
222,$400E_mode,0
223,$4000_duty,1
223,$4000_const,1
223,$4000_vol,6
223,$4004_duty,1
223,$4004_const,1
223,$4004_vol,8
223,$400C_const,1
223,$400C_vol,0
223,$400E_period,4
223,$400E_mode,0
224,$4000_duty,1
224,$4000_const,1
224,$4000_vol,6
224,$4004_duty,1
224,$4004_const,1
224,$4004_vol,8
224,$400C_const,1
224,$400C_vol,0
224,$400E_period,4
224,$400E_mode,0
225,$4008_linear,0
225,$4000_duty,1
225,$4000_const,1
225,$4000_vol,6
225,$4004_duty,1
225,$4004_const,1
225,$4004_vol,7
225,$400C_const,1
225,$400C_vol,0
225,$400E_period,4
225,$400E_mode,0
226,$4000_duty,1
226,$4000_const,1
226,$4000_vol,5
226,$4004_duty,1
226,$4004_const,1
226,$4004_vol,7
226,$400C_const,1
226,$400C_vol,0
226,$400E_period,4
226,$400E_mode,0
227,$4000_duty,1
227,$4000_const,1
227,$4000_vol,5
227,$4004_duty,1
227,$4004_const,1
227,$4004_vol,5
227,$400C_const,1
227,$400C_vol,0
227,$400E_period,4
227,$400E_mode,0
228,$4000_duty,1
228,$4000_const,1
228,$4000_vol,5
228,$4004_duty,1
228,$4004_const,1
228,$4004_vol,5
228,$400C_const,1
228,$400C_vol,0
228,$400E_period,4
228,$400E_mode,0
229,$4000_duty,1
229,$4000_const,1
229,$4000_vol,4
229,$4004_duty,1
229,$4004_const,1
229,$4004_vol,3
229,$400C_const,1
229,$400C_vol,0
229,$400E_period,4
229,$400E_mode,0
230,$4000_duty,1
230,$4000_const,1
230,$4000_vol,4
230,$4004_duty,1
230,$4004_const,1
230,$4004_vol,3
230,$400C_const,1
230,$400C_vol,0
230,$400E_period,4
230,$400E_mode,0
231,$4000_duty,1
231,$4000_const,1
231,$4000_vol,4
231,$4004_duty,1
231,$4004_const,1
231,$4004_vol,1
231,$400C_const,1
231,$400C_vol,0
231,$400E_period,4
231,$400E_mode,0
232,$4001_sweep,0
232,$4002_period,1059
232,$400B_length,2
232,$4005_sweep,0
232,$4006_period,795
232,$400A_period,297
232,$400B_length,0
232,$4008_linear,1
232,$400E_period,4
232,$400E_mode,0
232,$4000_duty,1
232,$4000_const,1
232,$4000_vol,14
232,$4004_duty,1
232,$4004_const,1
232,$4004_vol,6
232,$400C_const,1
232,$400C_vol,10
232,$400E_period,4
232,$400E_mode,0
233,$4000_duty,1
233,$4000_const,1
233,$4000_vol,14
233,$4004_duty,1
233,$4004_const,1
233,$4004_vol,6
233,$400C_const,1
233,$400C_vol,10
233,$400E_period,4
233,$400E_mode,0
234,$4000_duty,1
234,$4000_const,1
234,$4000_vol,14
234,$4004_duty,1
234,$4004_const,1
234,$4004_vol,8
234,$400C_const,1
234,$400C_vol,1
234,$400E_period,4
234,$400E_mode,0
235,$4000_duty,1
235,$4000_const,1
235,$4000_vol,13
235,$4004_duty,1
235,$4004_const,1
235,$4004_vol,8
235,$400C_const,1
235,$400C_vol,1
235,$400E_period,4
235,$400E_mode,0
236,$4008_linear,0
236,$4000_duty,1
236,$4000_const,1
236,$4000_vol,13
236,$4004_duty,1
236,$4004_const,1
236,$4004_vol,7
236,$400C_const,1
236,$400C_vol,5
236,$400E_period,4
236,$400E_mode,0
237,$4000_duty,1
237,$4000_const,1
237,$4000_vol,13
237,$4004_duty,1
237,$4004_const,1
237,$4004_vol,7
237,$400C_const,1
237,$400C_vol,5
237,$400E_period,4
237,$400E_mode,0
238,$4000_duty,1
238,$4000_const,1
238,$4000_vol,12
238,$4004_duty,1
238,$4004_const,1
238,$4004_vol,5
238,$400C_const,1
238,$400C_vol,2
238,$400E_period,4
238,$400E_mode,0
239,$4000_duty,1
239,$4000_const,1
239,$4000_vol,12
239,$4004_duty,1
239,$4004_const,1
239,$4004_vol,5
239,$400C_const,1
239,$400C_vol,2
239,$400E_period,4
239,$400E_mode,0
240,$4000_duty,1
240,$4000_const,1
240,$4000_vol,12
240,$4004_duty,1
240,$4004_const,1
240,$4004_vol,3
240,$400C_const,1
240,$400C_vol,1
240,$400E_period,4
240,$400E_mode,0
241,$4000_duty,1
241,$4000_const,1
241,$4000_vol,11
241,$4004_duty,1
241,$4004_const,1
241,$4004_vol,3
241,$400C_const,1
241,$400C_vol,1
241,$400E_period,4
241,$400E_mode,0
242,$4005_sweep,0
242,$4006_period,795
242,$400A_period,297
242,$400B_length,0
242,$4008_linear,1
242,$4000_duty,1
242,$4000_const,1
242,$4000_vol,11
242,$4004_duty,1
242,$4004_const,1
242,$4004_vol,6
242,$400C_const,1
242,$400C_vol,0
242,$400E_period,4
242,$400E_mode,0
243,$4000_duty,1
243,$4000_const,1
243,$4000_vol,11
243,$4004_duty,1
243,$4004_const,1
243,$4004_vol,6
243,$400C_const,1
243,$400C_vol,0
243,$400E_period,4
243,$400E_mode,0
244,$4000_duty,1
244,$4000_const,1
244,$4000_vol,10
244,$4004_duty,1
244,$4004_const,1
244,$4004_vol,8
244,$400C_const,1
244,$400C_vol,0
244,$400E_period,4
244,$400E_mode,0
245,$4000_duty,1
245,$4000_const,1
245,$4000_vol,10
245,$4004_duty,1
245,$4004_const,1
245,$4004_vol,8
245,$400C_const,1
245,$400C_vol,0
245,$400E_period,4
245,$400E_mode,0
246,$4008_linear,0
246,$4000_duty,1
246,$4000_const,1
246,$4000_vol,10
246,$4004_duty,1
246,$4004_const,1
246,$4004_vol,7
246,$400C_const,1
246,$400C_vol,0
246,$400E_period,4
246,$400E_mode,0
247,$4000_duty,1
247,$4000_const,1
247,$4000_vol,9
247,$4004_duty,1
247,$4004_const,1
247,$4004_vol,7
247,$400C_const,1
247,$400C_vol,0
247,$400E_period,4
247,$400E_mode,0
248,$4000_duty,1
248,$4000_const,1
248,$4000_vol,9
248,$4004_duty,1
248,$4004_const,1
248,$4004_vol,5
248,$400C_const,1
248,$400C_vol,0
248,$400E_period,4
248,$400E_mode,0
249,$4000_duty,1
249,$4000_const,1
249,$4000_vol,9
249,$4004_duty,1
249,$4004_const,1
249,$4004_vol,5
249,$400C_const,1
249,$400C_vol,0
249,$400E_period,4
249,$400E_mode,0
250,$4000_duty,1
250,$4000_const,1
250,$4000_vol,8
250,$4004_duty,1
250,$4004_const,1
250,$4004_vol,3
250,$400C_const,1
250,$400C_vol,0
250,$400E_period,4
250,$400E_mode,0
251,$4000_duty,1
251,$4000_const,1
251,$4000_vol,8
251,$4004_duty,1
251,$4004_const,1
251,$4004_vol,3
251,$400C_const,1
251,$400C_vol,0
251,$400E_period,4
251,$400E_mode,0
252,$4000_duty,1
252,$4000_const,1
252,$4000_vol,8
252,$4004_duty,1
252,$4004_const,1
252,$4004_vol,1
252,$400C_const,1
252,$400C_vol,0
252,$400E_period,4
252,$400E_mode,0
253,$4001_sweep,0
253,$4002_period,1059
253,$400B_length,2
253,$4005_sweep,0
253,$4006_period,795
253,$400A_period,297
253,$400B_length,0
253,$4008_linear,1
253,$400E_period,4
253,$400E_mode,0
253,$4000_duty,1
253,$4000_const,1
253,$4000_vol,14
253,$4004_duty,1
253,$4004_const,1
253,$4004_vol,6
253,$400C_const,1
253,$400C_vol,10
253,$400E_period,4
253,$400E_mode,0
254,$4000_duty,1
254,$4000_const,1
254,$4000_vol,14
254,$4004_duty,1
254,$4004_const,1
254,$4004_vol,6
254,$400C_const,1
254,$400C_vol,10
254,$400E_period,4
254,$400E_mode,0
255,$4000_duty,1
255,$4000_const,1
255,$4000_vol,14
255,$4004_duty,1
255,$4004_const,1
255,$4004_vol,8
255,$400C_const,1
255,$400C_vol,1
255,$400E_period,4
255,$400E_mode,0
256,$4000_duty,1
256,$4000_const,1
256,$4000_vol,13
256,$4004_duty,1
256,$4004_const,1
256,$4004_vol,8
256,$400C_const,1
256,$400C_vol,1
256,$400E_period,4
256,$400E_mode,0
257,$4008_linear,0
257,$4000_duty,1
257,$4000_const,1
257,$4000_vol,13
257,$4004_duty,1
257,$4004_const,1
257,$4004_vol,7
257,$400C_const,1
257,$400C_vol,5
257,$400E_period,4
257,$400E_mode,0
258,$4000_duty,1
258,$4000_const,1
258,$4000_vol,13
258,$4004_duty,1
258,$4004_const,1
258,$4004_vol,7
258,$400C_const,1
258,$400C_vol,5
258,$400E_period,4
258,$400E_mode,0
259,$4000_duty,1
259,$4000_const,1
259,$4000_vol,12
259,$4004_duty,1
259,$4004_const,1
259,$4004_vol,5
259,$400C_const,1
259,$400C_vol,2
259,$400E_period,4
259,$400E_mode,0
260,$4000_duty,1
260,$4000_const,1
260,$4000_vol,12
260,$4004_duty,1
260,$4004_const,1
260,$4004_vol,5
260,$400C_const,1
260,$400C_vol,2
260,$400E_period,4
260,$400E_mode,0
261,$4000_duty,1
261,$4000_const,1
261,$4000_vol,12
261,$4004_duty,1
261,$4004_const,1
261,$4004_vol,3
261,$400C_const,1
261,$400C_vol,1
261,$400E_period,4
261,$400E_mode,0
262,$4000_duty,1
262,$4000_const,1
262,$4000_vol,11
262,$4004_duty,1
262,$4004_const,1
262,$4004_vol,3
262,$400C_const,1
262,$400C_vol,1
262,$400E_period,4
262,$400E_mode,0
263,$4000_duty,1
263,$4000_const,1
263,$4000_vol,11
263,$4004_duty,1
263,$4004_const,1
263,$4004_vol,1
263,$400C_const,1
263,$400C_vol,0
263,$400E_period,4
263,$400E_mode,0
264,$4001_sweep,0
264,$4002_period,1059
264,$400B_length,2
264,$4005_sweep,0
264,$4006_period,795
264,$400A_period,297
264,$400B_length,0
264,$4008_linear,1
264,$400E_period,4
264,$400E_mode,0
264,$4000_duty,1
264,$4000_const,1
264,$4000_vol,14
264,$4004_duty,1
264,$4004_const,1
264,$4004_vol,6
264,$400C_const,1
264,$400C_vol,10
264,$400E_period,4
264,$400E_mode,0
265,$4000_duty,1
265,$4000_const,1
265,$4000_vol,14
265,$4004_duty,1
265,$4004_const,1
265,$4004_vol,6
265,$400C_const,1
265,$400C_vol,10
265,$400E_period,4
265,$400E_mode,0
266,$4000_duty,1
266,$4000_const,1
266,$4000_vol,14
266,$4004_duty,1
266,$4004_const,1
266,$4004_vol,8
266,$400C_const,1
266,$400C_vol,1
266,$400E_period,4
266,$400E_mode,0
267,$4000_duty,1
267,$4000_const,1
267,$4000_vol,13
267,$4004_duty,1
267,$4004_const,1
267,$4004_vol,8
267,$400C_const,1
267,$400C_vol,1
267,$400E_period,4
267,$400E_mode,0
268,$4008_linear,0
268,$4000_duty,1
268,$4000_const,1
268,$4000_vol,13
268,$4004_duty,1
268,$4004_const,1
268,$4004_vol,7
268,$400C_const,1
268,$400C_vol,5
268,$400E_period,4
268,$400E_mode,0
269,$4000_duty,1
269,$4000_const,1
269,$4000_vol,13
269,$4004_duty,1
269,$4004_const,1
269,$4004_vol,7
269,$400C_const,1
269,$400C_vol,5
269,$400E_period,4
269,$400E_mode,0
270,$4000_duty,1
270,$4000_const,1
270,$4000_vol,12
270,$4004_duty,1
270,$4004_const,1
270,$4004_vol,5
270,$400C_const,1
270,$400C_vol,2
270,$400E_period,4
270,$400E_mode,0
271,$4000_duty,1
271,$4000_const,1
271,$4000_vol,12
271,$4004_duty,1
271,$4004_const,1
271,$4004_vol,5
271,$400C_const,1
271,$400C_vol,2
271,$400E_period,4
271,$400E_mode,0
272,$4000_duty,1
272,$4000_const,1
272,$4000_vol,12
272,$4004_duty,1
272,$4004_const,1
272,$4004_vol,3
272,$400C_const,1
272,$400C_vol,1
272,$400E_period,4
272,$400E_mode,0
273,$4000_duty,1
273,$4000_const,1
273,$4000_vol,11
273,$4004_duty,1
273,$4004_const,1
273,$4004_vol,3
273,$400C_const,1
273,$400C_vol,1
273,$400E_period,4
273,$400E_mode,0
274,$4000_duty,1
274,$4000_const,1
274,$4000_vol,11
274,$4004_duty,1
274,$4004_const,1
274,$4004_vol,1
274,$400C_const,1
274,$400C_vol,0
274,$400E_period,4
274,$400E_mode,0
275,$4005_sweep,0
275,$4006_period,795
275,$400A_period,297
275,$400B_length,0
275,$4008_linear,1
275,$4000_duty,1
275,$4000_const,1
275,$4000_vol,11
275,$4004_duty,1
275,$4004_const,1
275,$4004_vol,6
275,$400C_const,1
275,$400C_vol,0
275,$400E_period,4
275,$400E_mode,0
276,$4000_duty,1
276,$4000_const,1
276,$4000_vol,10
276,$4004_duty,1
276,$4004_const,1
276,$4004_vol,6
276,$400C_const,1
276,$400C_vol,0
276,$400E_period,4
276,$400E_mode,0
277,$4000_duty,1
277,$4000_const,1
277,$4000_vol,10
277,$4004_duty,1
277,$4004_const,1
277,$4004_vol,8
277,$400C_const,1
277,$400C_vol,0
277,$400E_period,4
277,$400E_mode,0
278,$4000_duty,1
278,$4000_const,1
278,$4000_vol,10
278,$4004_duty,1
278,$4004_const,1
278,$4004_vol,8
278,$400C_const,1
278,$400C_vol,0
278,$400E_period,4
278,$400E_mode,0
279,$4008_linear,0
279,$4000_duty,1
279,$4000_const,1
279,$4000_vol,9
279,$4004_duty,1
279,$4004_const,1
279,$4004_vol,7
279,$400C_const,1
279,$400C_vol,0
279,$400E_period,4
279,$400E_mode,0
280,$4000_duty,1
280,$4000_const,1
280,$4000_vol,9
280,$4004_duty,1
280,$4004_const,1
280,$4004_vol,7
280,$400C_const,1
280,$400C_vol,0
280,$400E_period,4
280,$400E_mode,0
281,$4000_duty,1
281,$4000_const,1
281,$4000_vol,9
281,$4004_duty,1
281,$4004_const,1
281,$4004_vol,5
281,$400C_const,1
281,$400C_vol,0
281,$400E_period,4
281,$400E_mode,0
282,$4000_duty,1
282,$4000_const,1
282,$4000_vol,8
282,$4004_duty,1
282,$4004_const,1
282,$4004_vol,5
282,$400C_const,1
282,$400C_vol,0
282,$400E_period,4
282,$400E_mode,0
283,$4000_duty,1
283,$4000_const,1
283,$4000_vol,8
283,$4004_duty,1
283,$4004_const,1
283,$4004_vol,3
283,$400C_const,1
283,$400C_vol,0
283,$400E_period,4
283,$400E_mode,0
284,$4000_duty,1
284,$4000_const,1
284,$4000_vol,8
284,$4004_duty,1
284,$4004_const,1
284,$4004_vol,3
284,$400C_const,1
284,$400C_vol,0
284,$400E_period,4
284,$400E_mode,0
285,$4000_duty,1
285,$4000_const,1
285,$4000_vol,7
285,$4004_duty,1
285,$4004_const,1
285,$4004_vol,1
285,$400C_const,1
285,$400C_vol,0
285,$400E_period,4
285,$400E_mode,0
286,$4001_sweep,0
286,$4002_period,1059
286,$400B_length,2
286,$4005_sweep,0
286,$4006_period,795
286,$400A_period,297
286,$400B_length,0
286,$4008_linear,1
286,$400E_period,4
286,$400E_mode,0
286,$4000_duty,1
286,$4000_const,1
286,$4000_vol,14
286,$4004_duty,1
286,$4004_const,1
286,$4004_vol,6
286,$400C_const,1
286,$400C_vol,10
286,$400E_period,4
286,$400E_mode,0
287,$4000_duty,1
287,$4000_const,1
287,$4000_vol,14
287,$4004_duty,1
287,$4004_const,1
287,$4004_vol,6
287,$400C_const,1
287,$400C_vol,10
287,$400E_period,4
287,$400E_mode,0
288,$4000_duty,1
288,$4000_const,1
288,$4000_vol,14
288,$4004_duty,1
288,$4004_const,1
288,$4004_vol,8
288,$400C_const,1
288,$400C_vol,1
288,$400E_period,4
288,$400E_mode,0
289,$4000_duty,1
289,$4000_const,1
289,$4000_vol,13
289,$4004_duty,1
289,$4004_const,1
289,$4004_vol,8
289,$400C_const,1
289,$400C_vol,1
289,$400E_period,4
289,$400E_mode,0
290,$4008_linear,0
290,$4000_duty,1
290,$4000_const,1
290,$4000_vol,13
290,$4004_duty,1
290,$4004_const,1
290,$4004_vol,7
290,$400C_const,1
290,$400C_vol,5
290,$400E_period,4
290,$400E_mode,0
291,$4000_duty,1
291,$4000_const,1
291,$4000_vol,13
291,$4004_duty,1
291,$4004_const,1
291,$4004_vol,7
291,$400C_const,1
291,$400C_vol,5
291,$400E_period,4
291,$400E_mode,0
292,$4000_duty,1
292,$4000_const,1
292,$4000_vol,12
292,$4004_duty,1
292,$4004_const,1
292,$4004_vol,5
292,$400C_const,1
292,$400C_vol,2
292,$400E_period,4
292,$400E_mode,0
293,$4000_duty,1
293,$4000_const,1
293,$4000_vol,12
293,$4004_duty,1
293,$4004_const,1
293,$4004_vol,5
293,$400C_const,1
293,$400C_vol,2
293,$400E_period,4
293,$400E_mode,0
294,$4000_duty,1
294,$4000_const,1
294,$4000_vol,12
294,$4004_duty,1
294,$4004_const,1
294,$4004_vol,3
294,$400C_const,1
294,$400C_vol,1
294,$400E_period,4
294,$400E_mode,0
295,$4000_duty,1
295,$4000_const,1
295,$4000_vol,11
295,$4004_duty,1
295,$4004_const,1
295,$4004_vol,3
295,$400C_const,1
295,$400C_vol,1
295,$400E_period,4
295,$400E_mode,0
296,$4000_duty,1
296,$4000_const,1
296,$4000_vol,11
296,$4004_duty,1
296,$4004_const,1
296,$4004_vol,1
296,$400C_const,1
296,$400C_vol,0
296,$400E_period,4
296,$400E_mode,0
297,$4005_sweep,0
297,$4006_period,795
297,$400A_period,297
297,$400B_length,0
297,$4008_linear,1
297,$4000_duty,1
297,$4000_const,1
297,$4000_vol,11
297,$4004_duty,1
297,$4004_const,1
297,$4004_vol,6
297,$400C_const,1
297,$400C_vol,0
297,$400E_period,4
297,$400E_mode,0
298,$4000_duty,1
298,$4000_const,1
298,$4000_vol,10
298,$4004_duty,1
298,$4004_const,1
298,$4004_vol,6
298,$400C_const,1
298,$400C_vol,0
298,$400E_period,4
298,$400E_mode,0
299,$4000_duty,1
299,$4000_const,1
299,$4000_vol,10
299,$4004_duty,1
299,$4004_const,1
299,$4004_vol,8
299,$400C_const,1
299,$400C_vol,0
299,$400E_period,4
299,$400E_mode,0
300,$4000_duty,1
300,$4000_const,1
300,$4000_vol,10
300,$4004_duty,1
300,$4004_const,1
300,$4004_vol,8
300,$400C_const,1
300,$400C_vol,0
300,$400E_period,4
300,$400E_mode,0
301,$4008_linear,0
301,$4000_duty,1
301,$4000_const,1
301,$4000_vol,9
301,$4004_duty,1
301,$4004_const,1
301,$4004_vol,7
301,$400C_const,1
301,$400C_vol,0
301,$400E_period,4
301,$400E_mode,0
302,$4000_duty,1
302,$4000_const,1
302,$4000_vol,9
302,$4004_duty,1
302,$4004_const,1
302,$4004_vol,7
302,$400C_const,1
302,$400C_vol,0
302,$400E_period,4
302,$400E_mode,0
303,$4000_duty,1
303,$4000_const,1
303,$4000_vol,9
303,$4004_duty,1
303,$4004_const,1
303,$4004_vol,5
303,$400C_const,1
303,$400C_vol,0
303,$400E_period,4
303,$400E_mode,0
304,$4000_duty,1
304,$4000_const,1
304,$4000_vol,8
304,$4004_duty,1
304,$4004_const,1
304,$4004_vol,5
304,$400C_const,1
304,$400C_vol,0
304,$400E_period,4
304,$400E_mode,0
305,$4000_duty,1
305,$4000_const,1
305,$4000_vol,8
305,$4004_duty,1
305,$4004_const,1
305,$4004_vol,3
305,$400C_const,1
305,$400C_vol,0
305,$400E_period,4
305,$400E_mode,0
306,$4000_duty,1
306,$4000_const,1
306,$4000_vol,8
306,$4004_duty,1
306,$4004_const,1
306,$4004_vol,3
306,$400C_const,1
306,$400C_vol,0
306,$400E_period,4
306,$400E_mode,0
307,$4000_duty,1
307,$4000_const,1
307,$4000_vol,7
307,$4004_duty,1
307,$4004_const,1
307,$4004_vol,1
307,$400C_const,1
307,$400C_vol,0
307,$400E_period,4
307,$400E_mode,0
308,$4001_sweep,0
308,$4002_period,1589
308,$400B_length,3
308,$4005_sweep,0
308,$4006_period,795
308,$400A_period,315
308,$400B_length,0
308,$4008_linear,1
308,$400E_period,4
308,$400E_mode,0
308,$4000_duty,1
308,$4000_const,1
308,$4000_vol,14
308,$4004_duty,1
308,$4004_const,1
308,$4004_vol,6
308,$400C_const,1
308,$400C_vol,10
308,$400E_period,4
308,$400E_mode,0
309,$4000_duty,1
309,$4000_const,1
309,$4000_vol,14
309,$4004_duty,1
309,$4004_const,1
309,$4004_vol,6
309,$400C_const,1
309,$400C_vol,10
309,$400E_period,4
309,$400E_mode,0
310,$4000_duty,1
310,$4000_const,1
310,$4000_vol,14
310,$4004_duty,1
310,$4004_const,1
310,$4004_vol,8
310,$400C_const,1
310,$400C_vol,1
310,$400E_period,4
310,$400E_mode,0
311,$4000_duty,1
311,$4000_const,1
311,$4000_vol,13
311,$4004_duty,1
311,$4004_const,1
311,$4004_vol,8
311,$400C_const,1
311,$400C_vol,1
311,$400E_period,4
311,$400E_mode,0
312,$4008_linear,0
312,$4000_duty,1
312,$4000_const,1
312,$4000_vol,13
312,$4004_duty,1
312,$4004_const,1
312,$4004_vol,7
312,$400C_const,1
312,$400C_vol,5
312,$400E_period,4
312,$400E_mode,0
313,$4000_duty,1
313,$4000_const,1
313,$4000_vol,13
313,$4004_duty,1
313,$4004_const,1
313,$4004_vol,7
313,$400C_const,1
313,$400C_vol,5
313,$400E_period,4
313,$400E_mode,0
314,$4000_duty,1
314,$4000_const,1
314,$4000_vol,12
314,$4004_duty,1
314,$4004_const,1
314,$4004_vol,5
314,$400C_const,1
314,$400C_vol,2
314,$400E_period,4
314,$400E_mode,0
315,$4000_duty,1
315,$4000_const,1
315,$4000_vol,12
315,$4004_duty,1
315,$4004_const,1
315,$4004_vol,5
315,$400C_const,1
315,$400C_vol,2
315,$400E_period,4
315,$400E_mode,0
316,$4000_duty,1
316,$4000_const,1
316,$4000_vol,12
316,$4004_duty,1
316,$4004_const,1
316,$4004_vol,3
316,$400C_const,1
316,$400C_vol,1
316,$400E_period,4
316,$400E_mode,0
317,$4000_duty,1
317,$4000_const,1
317,$4000_vol,11
317,$4004_duty,1
317,$4004_const,1
317,$4004_vol,3
317,$400C_const,1
317,$400C_vol,1
317,$400E_period,4
317,$400E_mode,0
318,$4000_duty,1
318,$4000_const,1
318,$4000_vol,11
318,$4004_duty,1
318,$4004_const,1
318,$4004_vol,1
318,$400C_const,1
318,$400C_vol,0
318,$400E_period,4
318,$400E_mode,0
319,$4005_sweep,0
319,$4006_period,795
319,$400A_period,315
319,$400B_length,0
319,$4008_linear,1
319,$4000_duty,1
319,$4000_const,1
319,$4000_vol,11
319,$4004_duty,1
319,$4004_const,1
319,$4004_vol,6
319,$400C_const,1
319,$400C_vol,0
319,$400E_period,4
319,$400E_mode,0
320,$4000_duty,1
320,$4000_const,1
320,$4000_vol,10
320,$4004_duty,1
320,$4004_const,1
320,$4004_vol,6
320,$400C_const,1
320,$400C_vol,0
320,$400E_period,4
320,$400E_mode,0
321,$4000_duty,1
321,$4000_const,1
321,$4000_vol,10
321,$4004_duty,1
321,$4004_const,1
321,$4004_vol,8
321,$400C_const,1
321,$400C_vol,0
321,$400E_period,4
321,$400E_mode,0
322,$4000_duty,1
322,$4000_const,1
322,$4000_vol,10
322,$4004_duty,1
322,$4004_const,1
322,$4004_vol,8
322,$400C_const,1
322,$400C_vol,0
322,$400E_period,4
322,$400E_mode,0
323,$4008_linear,0
323,$4000_duty,1
323,$4000_const,1
323,$4000_vol,9
323,$4004_duty,1
323,$4004_const,1
323,$4004_vol,7
323,$400C_const,1
323,$400C_vol,0
323,$400E_period,4
323,$400E_mode,0
324,$4000_duty,1
324,$4000_const,1
324,$4000_vol,9
324,$4004_duty,1
324,$4004_const,1
324,$4004_vol,7
324,$400C_const,1
324,$400C_vol,0
324,$400E_period,4
324,$400E_mode,0
325,$4000_duty,1
325,$4000_const,1
325,$4000_vol,9
325,$4004_duty,1
325,$4004_const,1
325,$4004_vol,5
325,$400C_const,1
325,$400C_vol,0
325,$400E_period,4
325,$400E_mode,0
326,$4000_duty,1
326,$4000_const,1
326,$4000_vol,8
326,$4004_duty,1
326,$4004_const,1
326,$4004_vol,5
326,$400C_const,1
326,$400C_vol,0
326,$400E_period,4
326,$400E_mode,0
327,$4000_duty,1
327,$4000_const,1
327,$4000_vol,8
327,$4004_duty,1
327,$4004_const,1
327,$4004_vol,3
327,$400C_const,1
327,$400C_vol,0
327,$400E_period,4
327,$400E_mode,0
328,$4000_duty,1
328,$4000_const,1
328,$4000_vol,8
328,$4004_duty,1
328,$4004_const,1
328,$4004_vol,3
328,$400C_const,1
328,$400C_vol,0
328,$400E_period,4
328,$400E_mode,0
329,$4000_duty,1
329,$4000_const,1
329,$4000_vol,7
329,$4004_duty,1
329,$4004_const,1
329,$4004_vol,1
329,$400C_const,1
329,$400C_vol,0
329,$400E_period,4
329,$400E_mode,0
330,$4005_sweep,0
330,$4006_period,795
330,$400A_period,315
330,$400B_length,0
330,$4008_linear,1
330,$4000_duty,1
330,$4000_const,1
330,$4000_vol,7
330,$4004_duty,1
330,$4004_const,1
330,$4004_vol,6
330,$400C_const,1
330,$400C_vol,0
330,$400E_period,4
330,$400E_mode,0
331,$4000_duty,1
331,$4000_const,1
331,$4000_vol,7
331,$4004_duty,1
331,$4004_const,1
331,$4004_vol,6
331,$400C_const,1
331,$400C_vol,0
331,$400E_period,4
331,$400E_mode,0
332,$4000_duty,1
332,$4000_const,1
332,$4000_vol,6
332,$4004_duty,1
332,$4004_const,1
332,$4004_vol,8
332,$400C_const,1
332,$400C_vol,0
332,$400E_period,4
332,$400E_mode,0
333,$4000_duty,1
333,$4000_const,1
333,$4000_vol,6
333,$4004_duty,1
333,$4004_const,1
333,$4004_vol,8
333,$400C_const,1
333,$400C_vol,0
333,$400E_period,4
333,$400E_mode,0
334,$4008_linear,0
334,$4000_duty,1
334,$4000_const,1
334,$4000_vol,6
334,$4004_duty,1
334,$4004_const,1
334,$4004_vol,7
334,$400C_const,1
334,$400C_vol,0
334,$400E_period,4
334,$400E_mode,0
335,$4000_duty,1
335,$4000_const,1
335,$4000_vol,5
335,$4004_duty,1
335,$4004_const,1
335,$4004_vol,7
335,$400C_const,1
335,$400C_vol,0
335,$400E_period,4
335,$400E_mode,0
336,$4000_duty,1
336,$4000_const,1
336,$4000_vol,5
336,$4004_duty,1
336,$4004_const,1
336,$4004_vol,5
336,$400C_const,1
336,$400C_vol,0
336,$400E_period,4
336,$400E_mode,0
337,$4000_duty,1
337,$4000_const,1
337,$4000_vol,5
337,$4004_duty,1
337,$4004_const,1
337,$4004_vol,5
337,$400C_const,1
337,$400C_vol,0
337,$400E_period,4
337,$400E_mode,0
338,$4000_duty,1
338,$4000_const,1
338,$4000_vol,4
338,$4004_duty,1
338,$4004_const,1
338,$4004_vol,3
338,$400C_const,1
338,$400C_vol,0
338,$400E_period,4
338,$400E_mode,0
339,$4000_duty,1
339,$4000_const,1
339,$4000_vol,4
339,$4004_duty,1
339,$4004_const,1
339,$4004_vol,3
339,$400C_const,1
339,$400C_vol,0
339,$400E_period,4
339,$400E_mode,0
340,$4001_sweep,0
340,$4002_period,1589
340,$400B_length,3
340,$4005_sweep,0
340,$4006_period,795
340,$400A_period,315
340,$400B_length,0
340,$4008_linear,1
340,$400E_period,4
340,$400E_mode,0
340,$4000_duty,1
340,$4000_const,1
340,$4000_vol,14
340,$4004_duty,1
340,$4004_const,1
340,$4004_vol,6
340,$400C_const,1
340,$400C_vol,10
340,$400E_period,4
340,$400E_mode,0
341,$4000_duty,1
341,$4000_const,1
341,$4000_vol,14
341,$4004_duty,1
341,$4004_const,1
341,$4004_vol,6
341,$400C_const,1
341,$400C_vol,10
341,$400E_period,4
341,$400E_mode,0
342,$4000_duty,1
342,$4000_const,1
342,$4000_vol,14
342,$4004_duty,1
342,$4004_const,1
342,$4004_vol,8
342,$400C_const,1
342,$400C_vol,1
342,$400E_period,4
342,$400E_mode,0
343,$4000_duty,1
343,$4000_const,1
343,$4000_vol,13
343,$4004_duty,1
343,$4004_const,1
343,$4004_vol,8
343,$400C_const,1
343,$400C_vol,1
343,$400E_period,4
343,$400E_mode,0
344,$4008_linear,0
344,$4000_duty,1
344,$4000_const,1
344,$4000_vol,13
344,$4004_duty,1
344,$4004_const,1
344,$4004_vol,7
344,$400C_const,1
344,$400C_vol,5
344,$400E_period,4
344,$400E_mode,0
345,$4000_duty,1
345,$4000_const,1
345,$4000_vol,13
345,$4004_duty,1
345,$4004_const,1
345,$4004_vol,7
345,$400C_const,1
345,$400C_vol,5
345,$400E_period,4
345,$400E_mode,0
346,$4000_duty,1
346,$4000_const,1
346,$4000_vol,12
346,$4004_duty,1
346,$4004_const,1
346,$4004_vol,5
346,$400C_const,1
346,$400C_vol,2
346,$400E_period,4
346,$400E_mode,0
347,$4000_duty,1
347,$4000_const,1
347,$4000_vol,12
347,$4004_duty,1
347,$4004_const,1
347,$4004_vol,5
347,$400C_const,1
347,$400C_vol,2
347,$400E_period,4
347,$400E_mode,0
348,$4000_duty,1
348,$4000_const,1
348,$4000_vol,12
348,$4004_duty,1
348,$4004_const,1
348,$4004_vol,3
348,$400C_const,1
348,$400C_vol,1
348,$400E_period,4
348,$400E_mode,0
349,$4000_duty,1
349,$4000_const,1
349,$4000_vol,11
349,$4004_duty,1
349,$4004_const,1
349,$4004_vol,3
349,$400C_const,1
349,$400C_vol,1
349,$400E_period,4
349,$400E_mode,0
350,$4000_duty,1
350,$4000_const,1
350,$4000_vol,11
350,$4004_duty,1
350,$4004_const,1
350,$4004_vol,1
350,$400C_const,1
350,$400C_vol,0
350,$400E_period,4
350,$400E_mode,0
351,$4005_sweep,0
351,$4006_period,795
351,$400A_period,315
351,$400B_length,0
351,$4008_linear,1
351,$4000_duty,1
351,$4000_const,1
351,$4000_vol,11
351,$4004_duty,1
351,$4004_const,1
351,$4004_vol,6
351,$400C_const,1
351,$400C_vol,0
351,$400E_period,4
351,$400E_mode,0
352,$4000_duty,1
352,$4000_const,1
352,$4000_vol,10
352,$4004_duty,1
352,$4004_const,1
352,$4004_vol,6
352,$400C_const,1
352,$400C_vol,0
352,$400E_period,4
352,$400E_mode,0
353,$4000_duty,1
353,$4000_const,1
353,$4000_vol,10
353,$4004_duty,1
353,$4004_const,1
353,$4004_vol,8
353,$400C_const,1
353,$400C_vol,0
353,$400E_period,4
353,$400E_mode,0
354,$4000_duty,1
354,$4000_const,1
354,$4000_vol,10
354,$4004_duty,1
354,$4004_const,1
354,$4004_vol,8
354,$400C_const,1
354,$400C_vol,0
354,$400E_period,4
354,$400E_mode,0
355,$4008_linear,0
355,$4000_duty,1
355,$4000_const,1
355,$4000_vol,9
355,$4004_duty,1
355,$4004_const,1
355,$4004_vol,7
355,$400C_const,1
355,$400C_vol,0
355,$400E_period,4
355,$400E_mode,0
356,$4000_duty,1
356,$4000_const,1
356,$4000_vol,9
356,$4004_duty,1
356,$4004_const,1
356,$4004_vol,7
356,$400C_const,1
356,$400C_vol,0
356,$400E_period,4
356,$400E_mode,0
357,$4000_duty,1
357,$4000_const,1
357,$4000_vol,9
357,$4004_duty,1
357,$4004_const,1
357,$4004_vol,5
357,$400C_const,1
357,$400C_vol,0
357,$400E_period,4
357,$400E_mode,0
358,$4000_duty,1
358,$4000_const,1
358,$4000_vol,8
358,$4004_duty,1
358,$4004_const,1
358,$4004_vol,5
358,$400C_const,1
358,$400C_vol,0
358,$400E_period,4
358,$400E_mode,0
359,$4000_duty,1
359,$4000_const,1
359,$4000_vol,8
359,$4004_duty,1
359,$4004_const,1
359,$4004_vol,3
359,$400C_const,1
359,$400C_vol,0
359,$400E_period,4
359,$400E_mode,0
360,$4000_duty,1
360,$4000_const,1
360,$4000_vol,8
360,$4004_duty,1
360,$4004_const,1
360,$4004_vol,3
360,$400C_const,1
360,$400C_vol,0
360,$400E_period,4
360,$400E_mode,0
361,$4000_duty,1
361,$4000_const,1
361,$4000_vol,7
361,$4004_duty,1
361,$4004_const,1
361,$4004_vol,1
361,$400C_const,1
361,$400C_vol,0
361,$400E_period,4
361,$400E_mode,0
362,$4005_sweep,0
362,$4006_period,795
362,$400A_period,315
362,$400B_length,0
362,$4008_linear,1
362,$4000_duty,1
362,$4000_const,1
362,$4000_vol,7
362,$4004_duty,1
362,$4004_const,1
362,$4004_vol,6
362,$400C_const,1
362,$400C_vol,0
362,$400E_period,4
362,$400E_mode,0
363,$4000_duty,1
363,$4000_const,1
363,$4000_vol,7
363,$4004_duty,1
363,$4004_const,1
363,$4004_vol,6
363,$400C_const,1
363,$400C_vol,0
363,$400E_period,4
363,$400E_mode,0
364,$4000_duty,1
364,$4000_const,1
364,$4000_vol,6
364,$4004_duty,1
364,$4004_const,1
364,$4004_vol,8
364,$400C_const,1
364,$400C_vol,0
364,$400E_period,4
364,$400E_mode,0
365,$4000_duty,1
365,$4000_const,1
365,$4000_vol,6
365,$4004_duty,1
365,$4004_const,1
365,$4004_vol,8
365,$400C_const,1
365,$400C_vol,0
365,$400E_period,4
365,$400E_mode,0
366,$4008_linear,0
366,$4000_duty,1
366,$4000_const,1
366,$4000_vol,6
366,$4004_duty,1
366,$4004_const,1
366,$4004_vol,7
366,$400C_const,1
366,$400C_vol,0
366,$400E_period,4
366,$400E_mode,0
367,$4000_duty,1
367,$4000_const,1
367,$4000_vol,5
367,$4004_duty,1
367,$4004_const,1
367,$4004_vol,7
367,$400C_const,1
367,$400C_vol,0
367,$400E_period,4
367,$400E_mode,0
368,$4000_duty,1
368,$4000_const,1
368,$4000_vol,5
368,$4004_duty,1
368,$4004_const,1
368,$4004_vol,5
368,$400C_const,1
368,$400C_vol,0
368,$400E_period,4
368,$400E_mode,0
369,$4000_duty,1
369,$4000_const,1
369,$4000_vol,5
369,$4004_duty,1
369,$4004_const,1
369,$4004_vol,5
369,$400C_const,1
369,$400C_vol,0
369,$400E_period,4
369,$400E_mode,0
370,$4000_duty,1
370,$4000_const,1
370,$4000_vol,4
370,$4004_duty,1
370,$4004_const,1
370,$4004_vol,3
370,$400C_const,1
370,$400C_vol,0
370,$400E_period,4
370,$400E_mode,0
371,$4000_duty,1
371,$4000_const,1
371,$4000_vol,4
371,$4004_duty,1
371,$4004_const,1
371,$4004_vol,3
371,$400C_const,1
371,$400C_vol,0
371,$400E_period,4
371,$400E_mode,0
372,$4000_duty,1
372,$4000_const,1
372,$4000_vol,4
372,$4004_duty,1
372,$4004_const,1
372,$4004_vol,1
372,$400C_const,1
372,$400C_vol,0
372,$400E_period,4
372,$400E_mode,0
373,$4001_sweep,0
373,$4002_period,1589
373,$400B_length,3
373,$4005_sweep,0
373,$4006_period,795
373,$400A_period,315
373,$400B_length,0
373,$4008_linear,1
373,$400E_period,4
373,$400E_mode,0
373,$4000_duty,1
373,$4000_const,1
373,$4000_vol,14
373,$4004_duty,1
373,$4004_const,1
373,$4004_vol,6
373,$400C_const,1
373,$400C_vol,10
373,$400E_period,4
373,$400E_mode,0
374,$4000_duty,1
374,$4000_const,1
374,$4000_vol,14
374,$4004_duty,1
374,$4004_const,1
374,$4004_vol,6
374,$400C_const,1
374,$400C_vol,10
374,$400E_period,4
374,$400E_mode,0
375,$4000_duty,1
375,$4000_const,1
375,$4000_vol,14
375,$4004_duty,1
375,$4004_const,1
375,$4004_vol,8
375,$400C_const,1
375,$400C_vol,1
375,$400E_period,4
375,$400E_mode,0
376,$4000_duty,1
376,$4000_const,1
376,$4000_vol,13
376,$4004_duty,1
376,$4004_const,1
376,$4004_vol,8
376,$400C_const,1
376,$400C_vol,1
376,$400E_period,4
376,$400E_mode,0
377,$4008_linear,0
377,$4000_duty,1
377,$4000_const,1
377,$4000_vol,13
377,$4004_duty,1
377,$4004_const,1
377,$4004_vol,7
377,$400C_const,1
377,$400C_vol,5
377,$400E_period,4
377,$400E_mode,0
378,$4000_duty,1
378,$4000_const,1
378,$4000_vol,13
378,$4004_duty,1
378,$4004_const,1
378,$4004_vol,7
378,$400C_const,1
378,$400C_vol,5
378,$400E_period,4
378,$400E_mode,0
379,$4000_duty,1
379,$4000_const,1
379,$4000_vol,12
379,$4004_duty,1
379,$4004_const,1
379,$4004_vol,5
379,$400C_const,1
379,$400C_vol,2
379,$400E_period,4
379,$400E_mode,0
380,$4000_duty,1
380,$4000_const,1
380,$4000_vol,12
380,$4004_duty,1
380,$4004_const,1
380,$4004_vol,5
380,$400C_const,1
380,$400C_vol,2
380,$400E_period,4
380,$400E_mode,0
381,$4000_duty,1
381,$4000_const,1
381,$4000_vol,12
381,$4004_duty,1
381,$4004_const,1
381,$4004_vol,3
381,$400C_const,1
381,$400C_vol,1
381,$400E_period,4
381,$400E_mode,0
382,$4000_duty,1
382,$4000_const,1
382,$4000_vol,11
382,$4004_duty,1
382,$4004_const,1
382,$4004_vol,3
382,$400C_const,1
382,$400C_vol,1
382,$400E_period,4
382,$400E_mode,0
383,$4000_duty,1
383,$4000_const,1
383,$4000_vol,11
383,$4004_duty,1
383,$4004_const,1
383,$4004_vol,1
383,$400C_const,1
383,$400C_vol,0
383,$400E_period,4
383,$400E_mode,0
384,$4005_sweep,0
384,$4006_period,795
384,$400A_period,315
384,$400B_length,0
384,$4008_linear,1
384,$4000_duty,1
384,$4000_const,1
384,$4000_vol,11
384,$4004_duty,1
384,$4004_const,1
384,$4004_vol,6
384,$400C_const,1
384,$400C_vol,0
384,$400E_period,4
384,$400E_mode,0
385,$4000_duty,1
385,$4000_const,1
385,$4000_vol,10
385,$4004_duty,1
385,$4004_const,1
385,$4004_vol,6
385,$400C_const,1
385,$400C_vol,0
385,$400E_period,4
385,$400E_mode,0
386,$4000_duty,1
386,$4000_const,1
386,$4000_vol,10
386,$4004_duty,1
386,$4004_const,1
386,$4004_vol,8
386,$400C_const,1
386,$400C_vol,0
386,$400E_period,4
386,$400E_mode,0
387,$4000_duty,1
387,$4000_const,1
387,$4000_vol,10
387,$4004_duty,1
387,$4004_const,1
387,$4004_vol,8
387,$400C_const,1
387,$400C_vol,0
387,$400E_period,4
387,$400E_mode,0
388,$4008_linear,0
388,$4000_duty,1
388,$4000_const,1
388,$4000_vol,9
388,$4004_duty,1
388,$4004_const,1
388,$4004_vol,7
388,$400C_const,1
388,$400C_vol,0
388,$400E_period,4
388,$400E_mode,0
389,$4000_duty,1
389,$4000_const,1
389,$4000_vol,9
389,$4004_duty,1
389,$4004_const,1
389,$4004_vol,7
389,$400C_const,1
389,$400C_vol,0
389,$400E_period,4
389,$400E_mode,0
390,$4000_duty,1
390,$4000_const,1
390,$4000_vol,9
390,$4004_duty,1
390,$4004_const,1
390,$4004_vol,5
390,$400C_const,1
390,$400C_vol,0
390,$400E_period,4
390,$400E_mode,0
391,$4000_duty,1
391,$4000_const,1
391,$4000_vol,8
391,$4004_duty,1
391,$4004_const,1
391,$4004_vol,5
391,$400C_const,1
391,$400C_vol,0
391,$400E_period,4
391,$400E_mode,0
392,$4000_duty,1
392,$4000_const,1
392,$4000_vol,8
392,$4004_duty,1
392,$4004_const,1
392,$4004_vol,3
392,$400C_const,1
392,$400C_vol,0
392,$400E_period,4
392,$400E_mode,0
393,$4000_duty,1
393,$4000_const,1
393,$4000_vol,8
393,$4004_duty,1
393,$4004_const,1
393,$4004_vol,3
393,$400C_const,1
393,$400C_vol,0
393,$400E_period,4
393,$400E_mode,0
394,$4000_duty,1
394,$4000_const,1
394,$4000_vol,7
394,$4004_duty,1
394,$4004_const,1
394,$4004_vol,1
394,$400C_const,1
394,$400C_vol,0
394,$400E_period,4
394,$400E_mode,0
395,$4005_sweep,0
395,$4006_period,795
395,$400A_period,315
395,$400B_length,0
395,$4008_linear,1
395,$4000_duty,1
395,$4000_const,1
395,$4000_vol,7
395,$4004_duty,1
395,$4004_const,1
395,$4004_vol,6
395,$400C_const,1
395,$400C_vol,0
395,$400E_period,4
395,$400E_mode,0
396,$4000_duty,1
396,$4000_const,1
396,$4000_vol,7
396,$4004_duty,1
396,$4004_const,1
396,$4004_vol,6
396,$400C_const,1
396,$400C_vol,0
396,$400E_period,4
396,$400E_mode,0
397,$4000_duty,1
397,$4000_const,1
397,$4000_vol,6
397,$4004_duty,1
397,$4004_const,1
397,$4004_vol,8
397,$400C_const,1
397,$400C_vol,0
397,$400E_period,4
397,$400E_mode,0
398,$4000_duty,1
398,$4000_const,1
398,$4000_vol,6
398,$4004_duty,1
398,$4004_const,1
398,$4004_vol,8
398,$400C_const,1
398,$400C_vol,0
398,$400E_period,4
398,$400E_mode,0
399,$4008_linear,0
399,$4000_duty,1
399,$4000_const,1
399,$4000_vol,6
399,$4004_duty,1
399,$4004_const,1
399,$4004_vol,7
399,$400C_const,1
399,$400C_vol,0
399,$400E_period,4
399,$400E_mode,0
400,$4000_duty,1
400,$4000_const,1
400,$4000_vol,5
400,$4004_duty,1
400,$4004_const,1
400,$4004_vol,7
400,$400C_const,1
400,$400C_vol,0
400,$400E_period,4
400,$400E_mode,0
401,$4000_duty,1
401,$4000_const,1
401,$4000_vol,5
401,$4004_duty,1
401,$4004_const,1
401,$4004_vol,5
401,$400C_const,1
401,$400C_vol,0
401,$400E_period,4
401,$400E_mode,0
402,$4000_duty,1
402,$4000_const,1
402,$4000_vol,5
402,$4004_duty,1
402,$4004_const,1
402,$4004_vol,5
402,$400C_const,1
402,$400C_vol,0
402,$400E_period,4
402,$400E_mode,0
403,$4000_duty,1
403,$4000_const,1
403,$4000_vol,4
403,$4004_duty,1
403,$4004_const,1
403,$4004_vol,3
403,$400C_const,1
403,$400C_vol,0
403,$400E_period,4
403,$400E_mode,0
404,$4000_duty,1
404,$4000_const,1
404,$4000_vol,4
404,$4004_duty,1
404,$4004_const,1
404,$4004_vol,3
404,$400C_const,1
404,$400C_vol,0
404,$400E_period,4
404,$400E_mode,0
405,$4000_duty,1
405,$4000_const,1
405,$4000_vol,4
405,$4004_duty,1
405,$4004_const,1
405,$4004_vol,1
405,$400C_const,1
405,$400C_vol,0
405,$400E_period,4
405,$400E_mode,0
406,$4001_sweep,0
406,$4002_period,1059
406,$400B_length,2
406,$4005_sweep,0
406,$4006_period,795
406,$400A_period,297
406,$400B_length,0
406,$4008_linear,1
406,$400E_period,4
406,$400E_mode,0
406,$4000_duty,1
406,$4000_const,1
406,$4000_vol,14
406,$4004_duty,1
406,$4004_const,1
406,$4004_vol,6
406,$400C_const,1
406,$400C_vol,10
406,$400E_period,4
406,$400E_mode,0
407,$4000_duty,1
407,$4000_const,1
407,$4000_vol,14
407,$4004_duty,1
407,$4004_const,1
407,$4004_vol,6
407,$400C_const,1
407,$400C_vol,10
407,$400E_period,4
407,$400E_mode,0
408,$4000_duty,1
408,$4000_const,1
408,$4000_vol,14
408,$4004_duty,1
408,$4004_const,1
408,$4004_vol,8
408,$400C_const,1
408,$400C_vol,1
408,$400E_period,4
408,$400E_mode,0
409,$4000_duty,1
409,$4000_const,1
409,$4000_vol,13
409,$4004_duty,1
409,$4004_const,1
409,$4004_vol,8
409,$400C_const,1
409,$400C_vol,1
409,$400E_period,4
409,$400E_mode,0
410,$4008_linear,0
410,$4000_duty,1
410,$4000_const,1
410,$4000_vol,13
410,$4004_duty,1
410,$4004_const,1
410,$4004_vol,7
410,$400C_const,1
410,$400C_vol,5
410,$400E_period,4
410,$400E_mode,0
411,$4000_duty,1
411,$4000_const,1
411,$4000_vol,13
411,$4004_duty,1
411,$4004_const,1
411,$4004_vol,7
411,$400C_const,1
411,$400C_vol,5
411,$400E_period,4
411,$400E_mode,0
412,$4000_duty,1
412,$4000_const,1
412,$4000_vol,12
412,$4004_duty,1
412,$4004_const,1
412,$4004_vol,5
412,$400C_const,1
412,$400C_vol,2
412,$400E_period,4
412,$400E_mode,0
413,$4000_duty,1
413,$4000_const,1
413,$4000_vol,12
413,$4004_duty,1
413,$4004_const,1
413,$4004_vol,5
413,$400C_const,1
413,$400C_vol,2
413,$400E_period,4
413,$400E_mode,0
414,$4000_duty,1
414,$4000_const,1
414,$4000_vol,12
414,$4004_duty,1
414,$4004_const,1
414,$4004_vol,3
414,$400C_const,1
414,$400C_vol,1
414,$400E_period,4
414,$400E_mode,0
415,$4000_duty,1
415,$4000_const,1
415,$4000_vol,11
415,$4004_duty,1
415,$4004_const,1
415,$4004_vol,3
415,$400C_const,1
415,$400C_vol,1
415,$400E_period,4
415,$400E_mode,0
416,$4000_duty,1
416,$4000_const,1
416,$4000_vol,11
416,$4004_duty,1
416,$4004_const,1
416,$4004_vol,1
416,$400C_const,1
416,$400C_vol,0
416,$400E_period,4
416,$400E_mode,0
417,$4005_sweep,0
417,$4006_period,795
417,$400A_period,297
417,$400B_length,0
417,$4008_linear,1
417,$4000_duty,1
417,$4000_const,1
417,$4000_vol,11
417,$4004_duty,1
417,$4004_const,1
417,$4004_vol,6
417,$400C_const,1
417,$400C_vol,0
417,$400E_period,4
417,$400E_mode,0
418,$4000_duty,1
418,$4000_const,1
418,$4000_vol,10
418,$4004_duty,1
418,$4004_const,1
418,$4004_vol,6
418,$400C_const,1
418,$400C_vol,0
418,$400E_period,4
418,$400E_mode,0
419,$4000_duty,1
419,$4000_const,1
419,$4000_vol,10
419,$4004_duty,1
419,$4004_const,1
419,$4004_vol,8
419,$400C_const,1
419,$400C_vol,0
419,$400E_period,4
419,$400E_mode,0
420,$4000_duty,1
420,$4000_const,1
420,$4000_vol,10
420,$4004_duty,1
420,$4004_const,1
420,$4004_vol,8
420,$400C_const,1
420,$400C_vol,0
420,$400E_period,4
420,$400E_mode,0
421,$4008_linear,0
421,$4000_duty,1
421,$4000_const,1
421,$4000_vol,9
421,$4004_duty,1
421,$4004_const,1
421,$4004_vol,7
421,$400C_const,1
421,$400C_vol,0
421,$400E_period,4
421,$400E_mode,0
422,$4000_duty,1
422,$4000_const,1
422,$4000_vol,9
422,$4004_duty,1
422,$4004_const,1
422,$4004_vol,7
422,$400C_const,1
422,$400C_vol,0
422,$400E_period,4
422,$400E_mode,0
423,$4000_duty,1
423,$4000_const,1
423,$4000_vol,9
423,$4004_duty,1
423,$4004_const,1
423,$4004_vol,5
423,$400C_const,1
423,$400C_vol,0
423,$400E_period,4
423,$400E_mode,0
424,$4000_duty,1
424,$4000_const,1
424,$4000_vol,8
424,$4004_duty,1
424,$4004_const,1
424,$4004_vol,5
424,$400C_const,1
424,$400C_vol,0
424,$400E_period,4
424,$400E_mode,0
425,$4000_duty,1
425,$4000_const,1
425,$4000_vol,8
425,$4004_duty,1
425,$4004_const,1
425,$4004_vol,3
425,$400C_const,1
425,$400C_vol,0
425,$400E_period,4
425,$400E_mode,0
426,$4000_duty,1
426,$4000_const,1
426,$4000_vol,8
426,$4004_duty,1
426,$4004_const,1
426,$4004_vol,3
426,$400C_const,1
426,$400C_vol,0
426,$400E_period,4
426,$400E_mode,0
427,$4000_duty,1
427,$4000_const,1
427,$4000_vol,7
427,$4004_duty,1
427,$4004_const,1
427,$4004_vol,1
427,$400C_const,1
427,$400C_vol,0
427,$400E_period,4
427,$400E_mode,0
428,$4001_sweep,0
428,$4002_period,1059
428,$400B_length,2
428,$4005_sweep,0
428,$4006_period,795
428,$400A_period,297
428,$400B_length,0
428,$4008_linear,1
428,$400E_period,4
428,$400E_mode,0
428,$4000_duty,1
428,$4000_const,1
428,$4000_vol,14
428,$4004_duty,1
428,$4004_const,1
428,$4004_vol,6
428,$400C_const,1
428,$400C_vol,10
428,$400E_period,4
428,$400E_mode,0
429,$4000_duty,1
429,$4000_const,1
429,$4000_vol,14
429,$4004_duty,1
429,$4004_const,1
429,$4004_vol,6
429,$400C_const,1
429,$400C_vol,10
429,$400E_period,4
429,$400E_mode,0
430,$4000_duty,1
430,$4000_const,1
430,$4000_vol,14
430,$4004_duty,1
430,$4004_const,1
430,$4004_vol,8
430,$400C_const,1
430,$400C_vol,1
430,$400E_period,4
430,$400E_mode,0
431,$4000_duty,1
431,$4000_const,1
431,$4000_vol,13
431,$4004_duty,1
431,$4004_const,1
431,$4004_vol,8
431,$400C_const,1
431,$400C_vol,1
431,$400E_period,4
431,$400E_mode,0
432,$4008_linear,0
432,$4000_duty,1
432,$4000_const,1
432,$4000_vol,13
432,$4004_duty,1
432,$4004_const,1
432,$4004_vol,7
432,$400C_const,1
432,$400C_vol,5
432,$400E_period,4
432,$400E_mode,0
433,$4000_duty,1
433,$4000_const,1
433,$4000_vol,13
433,$4004_duty,1
433,$4004_const,1
433,$4004_vol,7
433,$400C_const,1
433,$400C_vol,5
433,$400E_period,4
433,$400E_mode,0
434,$4000_duty,1
434,$4000_const,1
434,$4000_vol,12
434,$4004_duty,1
434,$4004_const,1
434,$4004_vol,5
434,$400C_const,1
434,$400C_vol,2
434,$400E_period,4
434,$400E_mode,0
435,$4000_duty,1
435,$4000_const,1
435,$4000_vol,12
435,$4004_duty,1
435,$4004_const,1
435,$4004_vol,5
435,$400C_const,1
435,$400C_vol,2
435,$400E_period,4
435,$400E_mode,0
436,$4000_duty,1
436,$4000_const,1
436,$4000_vol,12
436,$4004_duty,1
436,$4004_const,1
436,$4004_vol,3
436,$400C_const,1
436,$400C_vol,1
436,$400E_period,4
436,$400E_mode,0
437,$4000_duty,1
437,$4000_const,1
437,$4000_vol,11
437,$4004_duty,1
437,$4004_const,1
437,$4004_vol,3
437,$400C_const,1
437,$400C_vol,1
437,$400E_period,4
437,$400E_mode,0
438,$4000_duty,1
438,$4000_const,1
438,$4000_vol,11
438,$4004_duty,1
438,$4004_const,1
438,$4004_vol,1
438,$400C_const,1
438,$400C_vol,0
438,$400E_period,4
438,$400E_mode,0
439,$4001_sweep,0
439,$4002_period,1059
439,$400B_length,2
439,$4005_sweep,0
439,$4006_period,795
439,$400A_period,297
439,$400B_length,0
439,$4008_linear,1
439,$400E_period,4
439,$400E_mode,0
439,$4000_duty,1
439,$4000_const,1
439,$4000_vol,14
439,$4004_duty,1
439,$4004_const,1
439,$4004_vol,6
439,$400C_const,1
439,$400C_vol,10
439,$400E_period,4
439,$400E_mode,0
440,$4000_duty,1
440,$4000_const,1
440,$4000_vol,14
440,$4004_duty,1
440,$4004_const,1
440,$4004_vol,6
440,$400C_const,1
440,$400C_vol,10
440,$400E_period,4
440,$400E_mode,0
441,$4000_duty,1
441,$4000_const,1
441,$4000_vol,14
441,$4004_duty,1
441,$4004_const,1
441,$4004_vol,8
441,$400C_const,1
441,$400C_vol,1
441,$400E_period,4
441,$400E_mode,0
442,$4000_duty,1
442,$4000_const,1
442,$4000_vol,13
442,$4004_duty,1
442,$4004_const,1
442,$4004_vol,8
442,$400C_const,1
442,$400C_vol,1
442,$400E_period,4
442,$400E_mode,0
443,$4008_linear,0
443,$4000_duty,1
443,$4000_const,1
443,$4000_vol,13
443,$4004_duty,1
443,$4004_const,1
443,$4004_vol,7
443,$400C_const,1
443,$400C_vol,5
443,$400E_period,4
443,$400E_mode,0
444,$4000_duty,1
444,$4000_const,1
444,$4000_vol,13
444,$4004_duty,1
444,$4004_const,1
444,$4004_vol,7
444,$400C_const,1
444,$400C_vol,5
444,$400E_period,4
444,$400E_mode,0
445,$4000_duty,1
445,$4000_const,1
445,$4000_vol,12
445,$4004_duty,1
445,$4004_const,1
445,$4004_vol,5
445,$400C_const,1
445,$400C_vol,2
445,$400E_period,4
445,$400E_mode,0
446,$4000_duty,1
446,$4000_const,1
446,$4000_vol,12
446,$4004_duty,1
446,$4004_const,1
446,$4004_vol,5
446,$400C_const,1
446,$400C_vol,2
446,$400E_period,4
446,$400E_mode,0
447,$4000_duty,1
447,$4000_const,1
447,$4000_vol,12
447,$4004_duty,1
447,$4004_const,1
447,$4004_vol,3
447,$400C_const,1
447,$400C_vol,1
447,$400E_period,4
447,$400E_mode,0
448,$4000_duty,1
448,$4000_const,1
448,$4000_vol,11
448,$4004_duty,1
448,$4004_const,1
448,$4004_vol,3
448,$400C_const,1
448,$400C_vol,1
448,$400E_period,4
448,$400E_mode,0
449,$4005_sweep,0
449,$4006_period,795
449,$400A_period,297
449,$400B_length,0
449,$4008_linear,1
449,$4000_duty,1
449,$4000_const,1
449,$4000_vol,11
449,$4004_duty,1
449,$4004_const,1
449,$4004_vol,6
449,$400C_const,1
449,$400C_vol,0
449,$400E_period,4
449,$400E_mode,0
450,$4000_duty,1
450,$4000_const,1
450,$4000_vol,11
450,$4004_duty,1
450,$4004_const,1
450,$4004_vol,6
450,$400C_const,1
450,$400C_vol,0
450,$400E_period,4
450,$400E_mode,0
451,$4000_duty,1
451,$4000_const,1
451,$4000_vol,10
451,$4004_duty,1
451,$4004_const,1
451,$4004_vol,8
451,$400C_const,1
451,$400C_vol,0
451,$400E_period,4
451,$400E_mode,0
452,$4000_duty,1
452,$4000_const,1
452,$4000_vol,10
452,$4004_duty,1
452,$4004_const,1
452,$4004_vol,8
452,$400C_const,1
452,$400C_vol,0
452,$400E_period,4
452,$400E_mode,0
453,$4008_linear,0
453,$4000_duty,1
453,$4000_const,1
453,$4000_vol,10
453,$4004_duty,1
453,$4004_const,1
453,$4004_vol,7
453,$400C_const,1
453,$400C_vol,0
453,$400E_period,4
453,$400E_mode,0
454,$4000_duty,1
454,$4000_const,1
454,$4000_vol,9
454,$4004_duty,1
454,$4004_const,1
454,$4004_vol,7
454,$400C_const,1
454,$400C_vol,0
454,$400E_period,4
454,$400E_mode,0
455,$4000_duty,1
455,$4000_const,1
455,$4000_vol,9
455,$4004_duty,1
455,$4004_const,1
455,$4004_vol,5
455,$400C_const,1
455,$400C_vol,0
455,$400E_period,4
455,$400E_mode,0
456,$4000_duty,1
456,$4000_const,1
456,$4000_vol,9
456,$4004_duty,1
456,$4004_const,1
456,$4004_vol,5
456,$400C_const,1
456,$400C_vol,0
456,$400E_period,4
456,$400E_mode,0
457,$4000_duty,1
457,$4000_const,1
457,$4000_vol,8
457,$4004_duty,1
457,$4004_const,1
457,$4004_vol,3
457,$400C_const,1
457,$400C_vol,0
457,$400E_period,4
457,$400E_mode,0
458,$4000_duty,1
458,$4000_const,1
458,$4000_vol,8
458,$4004_duty,1
458,$4004_const,1
458,$4004_vol,3
458,$400C_const,1
458,$400C_vol,0
458,$400E_period,4
458,$400E_mode,0
459,$4000_duty,1
459,$4000_const,1
459,$4000_vol,8
459,$4004_duty,1
459,$4004_const,1
459,$4004_vol,1
459,$400C_const,1
459,$400C_vol,0
459,$400E_period,4
459,$400E_mode,0
460,$4001_sweep,0
460,$4002_period,1059
460,$400B_length,2
460,$4005_sweep,0
460,$4006_period,795
460,$400A_period,297
460,$400B_length,0
460,$4008_linear,1
460,$400E_period,4
460,$400E_mode,0
460,$4000_duty,1
460,$4000_const,1
460,$4000_vol,14
460,$4004_duty,1
460,$4004_const,1
460,$4004_vol,6
460,$400C_const,1
460,$400C_vol,10
460,$400E_period,4
460,$400E_mode,0
461,$4000_duty,1
461,$4000_const,1
461,$4000_vol,14
461,$4004_duty,1
461,$4004_const,1
461,$4004_vol,6
461,$400C_const,1
461,$400C_vol,10
461,$400E_period,4
461,$400E_mode,0
462,$4000_duty,1
462,$4000_const,1
462,$4000_vol,14
462,$4004_duty,1
462,$4004_const,1
462,$4004_vol,8
462,$400C_const,1
462,$400C_vol,1
462,$400E_period,4
462,$400E_mode,0
463,$4000_duty,1
463,$4000_const,1
463,$4000_vol,13
463,$4004_duty,1
463,$4004_const,1
463,$4004_vol,8
463,$400C_const,1
463,$400C_vol,1
463,$400E_period,4
463,$400E_mode,0
464,$4008_linear,0
464,$4000_duty,1
464,$4000_const,1
464,$4000_vol,13
464,$4004_duty,1
464,$4004_const,1
464,$4004_vol,7
464,$400C_const,1
464,$400C_vol,5
464,$400E_period,4
464,$400E_mode,0
465,$4000_duty,1
465,$4000_const,1
465,$4000_vol,13
465,$4004_duty,1
465,$4004_const,1
465,$4004_vol,7
465,$400C_const,1
465,$400C_vol,5
465,$400E_period,4
465,$400E_mode,0
466,$4000_duty,1
466,$4000_const,1
466,$4000_vol,12
466,$4004_duty,1
466,$4004_const,1
466,$4004_vol,5
466,$400C_const,1
466,$400C_vol,2
466,$400E_period,4
466,$400E_mode,0
467,$4000_duty,1
467,$4000_const,1
467,$4000_vol,12
467,$4004_duty,1
467,$4004_const,1
467,$4004_vol,5
467,$400C_const,1
467,$400C_vol,2
467,$400E_period,4
467,$400E_mode,0
468,$4000_duty,1
468,$4000_const,1
468,$4000_vol,12
468,$4004_duty,1
468,$4004_const,1
468,$4004_vol,3
468,$400C_const,1
468,$400C_vol,1
468,$400E_period,4
468,$400E_mode,0
469,$4000_duty,1
469,$4000_const,1
469,$4000_vol,11
469,$4004_duty,1
469,$4004_const,1
469,$4004_vol,3
469,$400C_const,1
469,$400C_vol,1
469,$400E_period,4
469,$400E_mode,0
470,$4000_duty,1
470,$4000_const,1
470,$4000_vol,11
470,$4004_duty,1
470,$4004_const,1
470,$4004_vol,1
470,$400C_const,1
470,$400C_vol,0
470,$400E_period,4
470,$400E_mode,0
471,$4005_sweep,0
471,$4006_period,795
471,$400A_period,297
471,$400B_length,0
471,$4008_linear,1
471,$400E_period,4
471,$400E_mode,0
471,$4000_duty,1
471,$4000_const,1
471,$4000_vol,11
471,$4004_duty,1
471,$4004_const,1
471,$4004_vol,6
471,$400C_const,1
471,$400C_vol,10
471,$400E_period,4
471,$400E_mode,0
472,$4000_duty,1
472,$4000_const,1
472,$4000_vol,10
472,$4004_duty,1
472,$4004_const,1
472,$4004_vol,6
472,$400C_const,1
472,$400C_vol,10
472,$400E_period,4
472,$400E_mode,0
473,$4000_duty,1
473,$4000_const,1
473,$4000_vol,10
473,$4004_duty,1
473,$4004_const,1
473,$4004_vol,8
473,$400C_const,1
473,$400C_vol,1
473,$400E_period,4
473,$400E_mode,0
474,$4000_duty,1
474,$4000_const,1
474,$4000_vol,10
474,$4004_duty,1
474,$4004_const,1
474,$4004_vol,8
474,$400C_const,1
474,$400C_vol,1
474,$400E_period,4
474,$400E_mode,0
475,$4008_linear,0
475,$4000_duty,1
475,$4000_const,1
475,$4000_vol,9
475,$4004_duty,1
475,$4004_const,1
475,$4004_vol,7
475,$400C_const,1
475,$400C_vol,5
475,$400E_period,4
475,$400E_mode,0
476,$4000_duty,1
476,$4000_const,1
476,$4000_vol,9
476,$4004_duty,1
476,$4004_const,1
476,$4004_vol,7
476,$400C_const,1
476,$400C_vol,5
476,$400E_period,4
476,$400E_mode,0
477,$4000_duty,1
477,$4000_const,1
477,$4000_vol,9
477,$4004_duty,1
477,$4004_const,1
477,$4004_vol,5
477,$400C_const,1
477,$400C_vol,2
477,$400E_period,4
477,$400E_mode,0
478,$4000_duty,1
478,$4000_const,1
478,$4000_vol,8
478,$4004_duty,1
478,$4004_const,1
478,$4004_vol,5
478,$400C_const,1
478,$400C_vol,2
478,$400E_period,4
478,$400E_mode,0
479,$4000_duty,1
479,$4000_const,1
479,$4000_vol,8
479,$4004_duty,1
479,$4004_const,1
479,$4004_vol,3
479,$400C_const,1
479,$400C_vol,1
479,$400E_period,4
479,$400E_mode,0
480,$4000_duty,1
480,$4000_const,1
480,$4000_vol,8
480,$4004_duty,1
480,$4004_const,1
480,$4004_vol,3
480,$400C_const,1
480,$400C_vol,1
480,$400E_period,4
480,$400E_mode,0
481,$4000_duty,1
481,$4000_const,1
481,$4000_vol,7
481,$4004_duty,1
481,$4004_const,1
481,$4004_vol,1
481,$400C_const,1
481,$400C_vol,0
481,$400E_period,4
481,$400E_mode,0
482,$4001_sweep,0
482,$4002_period,1589
482,$400B_length,3
482,$400A_period,315
482,$400B_length,0
482,$4008_linear,1
482,$400E_period,4
482,$400E_mode,0
482,$4000_duty,1
482,$4000_const,1
482,$4000_vol,14
482,$4004_duty,0
482,$4004_const,1
482,$4004_vol,0
482,$400C_const,1
482,$400C_vol,10
482,$400E_period,4
482,$400E_mode,0
483,$4000_duty,1
483,$4000_const,1
483,$4000_vol,14
483,$4004_duty,0
483,$4004_const,1
483,$4004_vol,0
483,$400C_const,1
483,$400C_vol,10
483,$400E_period,4
483,$400E_mode,0
484,$4000_duty,1
484,$4000_const,1
484,$4000_vol,14
484,$4004_duty,0
484,$4004_const,1
484,$4004_vol,0
484,$400C_const,1
484,$400C_vol,1
484,$400E_period,4
484,$400E_mode,0
485,$4000_duty,1
485,$4000_const,1
485,$4000_vol,13
485,$4004_duty,0
485,$4004_const,1
485,$4004_vol,0
485,$400C_const,1
485,$400C_vol,1
485,$400E_period,4
485,$400E_mode,0
486,$4008_linear,0
486,$4000_duty,1
486,$4000_const,1
486,$4000_vol,13
486,$4004_duty,0
486,$4004_const,1
486,$4004_vol,0
486,$400C_const,1
486,$400C_vol,5
486,$400E_period,4
486,$400E_mode,0
487,$4000_duty,1
487,$4000_const,1
487,$4000_vol,13
487,$4004_duty,0
487,$4004_const,1
487,$4004_vol,0
487,$400C_const,1
487,$400C_vol,5
487,$400E_period,4
487,$400E_mode,0
488,$4000_duty,1
488,$4000_const,1
488,$4000_vol,12
488,$4004_duty,0
488,$4004_const,1
488,$4004_vol,0
488,$400C_const,1
488,$400C_vol,2
488,$400E_period,4
488,$400E_mode,0
489,$4000_duty,1
489,$4000_const,1
489,$4000_vol,12
489,$4004_duty,0
489,$4004_const,1
489,$4004_vol,0
489,$400C_const,1
489,$400C_vol,2
489,$400E_period,4
489,$400E_mode,0
490,$4000_duty,1
490,$4000_const,1
490,$4000_vol,12
490,$4004_duty,0
490,$4004_const,1
490,$4004_vol,0
490,$400C_const,1
490,$400C_vol,1
490,$400E_period,4
490,$400E_mode,0
491,$4000_duty,1
491,$4000_const,1
491,$4000_vol,11
491,$4004_duty,0
491,$4004_const,1
491,$4004_vol,0
491,$400C_const,1
491,$400C_vol,1
491,$400E_period,4
491,$400E_mode,0
492,$4000_duty,1
492,$4000_const,1
492,$4000_vol,11
492,$4004_duty,0
492,$4004_const,1
492,$4004_vol,0
492,$400C_const,1
492,$400C_vol,0
492,$400E_period,4
492,$400E_mode,0
493,$4005_sweep,0
493,$4006_period,529
493,$400A_period,315
493,$400B_length,0
493,$4008_linear,1
493,$4000_duty,1
493,$4000_const,1
493,$4000_vol,11
493,$4004_duty,2
493,$4004_const,1
493,$4004_vol,10
493,$400C_const,1
493,$400C_vol,0
493,$400E_period,4
493,$400E_mode,0
494,$4000_duty,1
494,$4000_const,1
494,$4000_vol,10
494,$4004_duty,2
494,$4004_const,1
494,$4004_vol,10
494,$400C_const,1
494,$400C_vol,0
494,$400E_period,4
494,$400E_mode,0
495,$4000_duty,1
495,$4000_const,1
495,$4000_vol,10
495,$4004_duty,2
495,$4004_const,1
495,$4004_vol,15
495,$400C_const,1
495,$400C_vol,0
495,$400E_period,4
495,$400E_mode,0
496,$4000_duty,1
496,$4000_const,1
496,$4000_vol,10
496,$4004_duty,2
496,$4004_const,1
496,$4004_vol,15
496,$400C_const,1
496,$400C_vol,0
496,$400E_period,4
496,$400E_mode,0
497,$4008_linear,0
497,$4000_duty,1
497,$4000_const,1
497,$4000_vol,9
497,$4004_duty,2
497,$4004_const,1
497,$4004_vol,11
497,$400C_const,1
497,$400C_vol,0
497,$400E_period,4
497,$400E_mode,0
498,$4005_sweep,0
498,$4006_period,529
498,$4000_duty,1
498,$4000_const,1
498,$4000_vol,9
498,$4004_duty,2
498,$4004_const,1
498,$4004_vol,10
498,$400C_const,1
498,$400C_vol,0
498,$400E_period,4
498,$400E_mode,0
499,$4000_duty,1
499,$4000_const,1
499,$4000_vol,9
499,$4004_duty,2
499,$4004_const,1
499,$4004_vol,10
499,$400C_const,1
499,$400C_vol,0
499,$400E_period,4
499,$400E_mode,0
500,$4000_duty,1
500,$4000_const,1
500,$4000_vol,8
500,$4004_duty,2
500,$4004_const,1
500,$4004_vol,15
500,$400C_const,1
500,$400C_vol,0
500,$400E_period,4
500,$400E_mode,0
501,$4000_duty,1
501,$4000_const,1
501,$4000_vol,8
501,$4004_duty,2
501,$4004_const,1
501,$4004_vol,15
501,$400C_const,1
501,$400C_vol,0
501,$400E_period,4
501,$400E_mode,0
502,$4000_duty,1
502,$4000_const,1
502,$4000_vol,8
502,$4004_duty,2
502,$4004_const,1
502,$4004_vol,11
502,$400C_const,1
502,$400C_vol,0
502,$400E_period,4
502,$400E_mode,0
503,$4000_duty,1
503,$4000_const,1
503,$4000_vol,7
503,$4004_duty,2
503,$4004_const,1
503,$4004_vol,11
503,$400C_const,1
503,$400C_vol,0
503,$400E_period,4
503,$400E_mode,0
504,$4005_sweep,0
504,$4006_period,395
504,$400A_period,315
504,$400B_length,0
504,$4008_linear,1
504,$4000_duty,1
504,$4000_const,1
504,$4000_vol,7
504,$4004_duty,2
504,$4004_const,1
504,$4004_vol,10
504,$400C_const,1
504,$400C_vol,0
504,$400E_period,4
504,$400E_mode,0
505,$4000_duty,1
505,$4000_const,1
505,$4000_vol,7
505,$4004_duty,2
505,$4004_const,1
505,$4004_vol,10
505,$400C_const,1
505,$400C_vol,0
505,$400E_period,4
505,$400E_mode,0
506,$4000_duty,1
506,$4000_const,1
506,$4000_vol,6
506,$4004_duty,2
506,$4004_const,1
506,$4004_vol,15
506,$400C_const,1
506,$400C_vol,0
506,$400E_period,4
506,$400E_mode,0
507,$4000_duty,1
507,$4000_const,1
507,$4000_vol,6
507,$4004_duty,2
507,$4004_const,1
507,$4004_vol,15
507,$400C_const,1
507,$400C_vol,0
507,$400E_period,4
507,$400E_mode,0
508,$4008_linear,0
508,$4000_duty,1
508,$4000_const,1
508,$4000_vol,6
508,$4004_duty,2
508,$4004_const,1
508,$4004_vol,11
508,$400C_const,1
508,$400C_vol,0
508,$400E_period,4
508,$400E_mode,0
509,$4000_duty,1
509,$4000_const,1
509,$4000_vol,5
509,$4004_duty,2
509,$4004_const,1
509,$4004_vol,11
509,$400C_const,1
509,$400C_vol,0
509,$400E_period,4
509,$400E_mode,0
510,$4000_duty,1
510,$4000_const,1
510,$4000_vol,5
510,$4004_duty,2
510,$4004_const,1
510,$4004_vol,9
510,$400C_const,1
510,$400C_vol,0
510,$400E_period,4
510,$400E_mode,0
511,$4000_duty,1
511,$4000_const,1
511,$4000_vol,5
511,$4004_duty,2
511,$4004_const,1
511,$4004_vol,9
511,$400C_const,1
511,$400C_vol,0
511,$400E_period,4
511,$400E_mode,0
512,$4000_duty,1
512,$4000_const,1
512,$4000_vol,4
512,$4004_duty,2
512,$4004_const,1
512,$4004_vol,7
512,$400C_const,1
512,$400C_vol,0
512,$400E_period,4
512,$400E_mode,0
513,$4000_duty,1
513,$4000_const,1
513,$4000_vol,4
513,$4004_duty,2
513,$4004_const,1
513,$4004_vol,7
513,$400C_const,1
513,$400C_vol,0
513,$400E_period,4
513,$400E_mode,0
514,$4000_duty,1
514,$4000_const,1
514,$4000_vol,4
514,$4004_duty,2
514,$4004_const,1
514,$4004_vol,7
514,$400C_const,1
514,$400C_vol,0
514,$400E_period,4
514,$400E_mode,0
515,$4001_sweep,0
515,$4002_period,1589
515,$400B_length,3
515,$4005_sweep,0
515,$4006_period,315
515,$400A_period,315
515,$400B_length,0
515,$4008_linear,1
515,$400E_period,4
515,$400E_mode,0
515,$4000_duty,1
515,$4000_const,1
515,$4000_vol,14
515,$4004_duty,2
515,$4004_const,1
515,$4004_vol,10
515,$400C_const,1
515,$400C_vol,10
515,$400E_period,4
515,$400E_mode,0
516,$4000_duty,1
516,$4000_const,1
516,$4000_vol,14
516,$4004_duty,2
516,$4004_const,1
516,$4004_vol,10
516,$400C_const,1
516,$400C_vol,10
516,$400E_period,4
516,$400E_mode,0
517,$4000_duty,1
517,$4000_const,1
517,$4000_vol,14
517,$4004_duty,2
517,$4004_const,1
517,$4004_vol,15
517,$400C_const,1
517,$400C_vol,1
517,$400E_period,4
517,$400E_mode,0
518,$4000_duty,1
518,$4000_const,1
518,$4000_vol,13
518,$4004_duty,2
518,$4004_const,1
518,$4004_vol,15
518,$400C_const,1
518,$400C_vol,1
518,$400E_period,4
518,$400E_mode,0
519,$4008_linear,0
519,$4000_duty,1
519,$4000_const,1
519,$4000_vol,13
519,$4004_duty,2
519,$4004_const,1
519,$4004_vol,11
519,$400C_const,1
519,$400C_vol,5
519,$400E_period,4
519,$400E_mode,0
520,$4000_duty,1
520,$4000_const,1
520,$4000_vol,13
520,$4004_duty,2
520,$4004_const,1
520,$4004_vol,11
520,$400C_const,1
520,$400C_vol,5
520,$400E_period,4
520,$400E_mode,0
521,$4000_duty,1
521,$4000_const,1
521,$4000_vol,12
521,$4004_duty,2
521,$4004_const,1
521,$4004_vol,9
521,$400C_const,1
521,$400C_vol,2
521,$400E_period,4
521,$400E_mode,0
522,$4000_duty,1
522,$4000_const,1
522,$4000_vol,12
522,$4004_duty,2
522,$4004_const,1
522,$4004_vol,9
522,$400C_const,1
522,$400C_vol,2
522,$400E_period,4
522,$400E_mode,0
523,$4000_duty,1
523,$4000_const,1
523,$4000_vol,12
523,$4004_duty,2
523,$4004_const,1
523,$4004_vol,7
523,$400C_const,1
523,$400C_vol,1
523,$400E_period,4
523,$400E_mode,0
524,$4000_duty,1
524,$4000_const,1
524,$4000_vol,11
524,$4004_duty,2
524,$4004_const,1
524,$4004_vol,7
524,$400C_const,1
524,$400C_vol,1
524,$400E_period,4
524,$400E_mode,0
525,$4000_duty,1
525,$4000_const,1
525,$4000_vol,11
525,$4004_duty,2
525,$4004_const,1
525,$4004_vol,7
525,$400C_const,1
525,$400C_vol,0
525,$400E_period,4
525,$400E_mode,0
526,$4005_sweep,0
526,$4006_period,265
526,$400A_period,315
526,$400B_length,0
526,$4008_linear,1
526,$4000_duty,1
526,$4000_const,1
526,$4000_vol,11
526,$4004_duty,2
526,$4004_const,1
526,$4004_vol,10
526,$400C_const,1
526,$400C_vol,0
526,$400E_period,4
526,$400E_mode,0
527,$4000_duty,1
527,$4000_const,1
527,$4000_vol,10
527,$4004_duty,2
527,$4004_const,1
527,$4004_vol,10
527,$400C_const,1
527,$400C_vol,0
527,$400E_period,4
527,$400E_mode,0
528,$4000_duty,1
528,$4000_const,1
528,$4000_vol,10
528,$4004_duty,2
528,$4004_const,1
528,$4004_vol,15
528,$400C_const,1
528,$400C_vol,0
528,$400E_period,4
528,$400E_mode,0
529,$4000_duty,1
529,$4000_const,1
529,$4000_vol,10
529,$4004_duty,2
529,$4004_const,1
529,$4004_vol,15
529,$400C_const,1
529,$400C_vol,0
529,$400E_period,4
529,$400E_mode,0
530,$4008_linear,0
530,$4000_duty,1
530,$4000_const,1
530,$4000_vol,9
530,$4004_duty,2
530,$4004_const,1
530,$4004_vol,11
530,$400C_const,1
530,$400C_vol,0
530,$400E_period,4
530,$400E_mode,0
531,$4000_duty,1
531,$4000_const,1
531,$4000_vol,9
531,$4004_duty,2
531,$4004_const,1
531,$4004_vol,11
531,$400C_const,1
531,$400C_vol,0
531,$400E_period,4
531,$400E_mode,0
532,$4000_duty,1
532,$4000_const,1
532,$4000_vol,9
532,$4004_duty,2
532,$4004_const,1
532,$4004_vol,9
532,$400C_const,1
532,$400C_vol,0
532,$400E_period,4
532,$400E_mode,0
533,$4000_duty,1
533,$4000_const,1
533,$4000_vol,8
533,$4004_duty,2
533,$4004_const,1
533,$4004_vol,9
533,$400C_const,1
533,$400C_vol,0
533,$400E_period,4
533,$400E_mode,0
534,$4000_duty,1
534,$4000_const,1
534,$4000_vol,8
534,$4004_duty,2
534,$4004_const,1
534,$4004_vol,7
534,$400C_const,1
534,$400C_vol,0
534,$400E_period,4
534,$400E_mode,0
535,$4000_duty,1
535,$4000_const,1
535,$4000_vol,8
535,$4004_duty,2
535,$4004_const,1
535,$4004_vol,7
535,$400C_const,1
535,$400C_vol,0
535,$400E_period,4
535,$400E_mode,0
536,$4000_duty,1
536,$4000_const,1
536,$4000_vol,7
536,$4004_duty,2
536,$4004_const,1
536,$4004_vol,7
536,$400C_const,1
536,$400C_vol,0
536,$400E_period,4
536,$400E_mode,0
537,$400A_period,315
537,$400B_length,0
537,$4008_linear,1
537,$4000_duty,1
537,$4000_const,1
537,$4000_vol,7
537,$4004_duty,2
537,$4004_const,1
537,$4004_vol,7
537,$400C_const,1
537,$400C_vol,0
537,$400E_period,4
537,$400E_mode,0
538,$4000_duty,1
538,$4000_const,1
538,$4000_vol,7
538,$4004_duty,2
538,$4004_const,1
538,$4004_vol,7
538,$400C_const,1
538,$400C_vol,0
538,$400E_period,4
538,$400E_mode,0
539,$4000_duty,1
539,$4000_const,1
539,$4000_vol,6
539,$4004_duty,2
539,$4004_const,1
539,$4004_vol,7
539,$400C_const,1
539,$400C_vol,0
539,$400E_period,4
539,$400E_mode,0
540,$4000_duty,1
540,$4000_const,1
540,$4000_vol,6
540,$4004_duty,2
540,$4004_const,1
540,$4004_vol,7
540,$400C_const,1
540,$400C_vol,0
540,$400E_period,4
540,$400E_mode,0
541,$4008_linear,0
541,$4000_duty,1
541,$4000_const,1
541,$4000_vol,6
541,$4004_duty,2
541,$4004_const,1
541,$4004_vol,7
541,$400C_const,1
541,$400C_vol,0
541,$400E_period,4
541,$400E_mode,0
542,$4000_duty,1
542,$4000_const,1
542,$4000_vol,5
542,$4004_duty,2
542,$4004_const,1
542,$4004_vol,7
542,$400C_const,1
542,$400C_vol,0
542,$400E_period,4
542,$400E_mode,0
543,$4000_duty,1
543,$4000_const,1
543,$4000_vol,5
543,$4004_duty,2
543,$4004_const,1
543,$4004_vol,7
543,$400C_const,1
543,$400C_vol,0
543,$400E_period,4
543,$400E_mode,0
544,$4000_duty,1
544,$4000_const,1
544,$4000_vol,5
544,$4004_duty,2
544,$4004_const,1
544,$4004_vol,7
544,$400C_const,1
544,$400C_vol,0
544,$400E_period,4
544,$400E_mode,0
545,$4000_duty,1
545,$4000_const,1
545,$4000_vol,4
545,$4004_duty,2
545,$4004_const,1
545,$4004_vol,7
545,$400C_const,1
545,$400C_vol,0
545,$400E_period,4
545,$400E_mode,0
546,$4000_duty,1
546,$4000_const,1
546,$4000_vol,4
546,$4004_duty,2
546,$4004_const,1
546,$4004_vol,7
546,$400C_const,1
546,$400C_vol,0
546,$400E_period,4
546,$400E_mode,0
547,$4001_sweep,0
547,$4002_period,1589
547,$400B_length,3
547,$400A_period,315
547,$400B_length,0
547,$4008_linear,1
547,$400E_period,4
547,$400E_mode,0
547,$4000_duty,1
547,$4000_const,1
547,$4000_vol,14
547,$4004_duty,2
547,$4004_const,1
547,$4004_vol,7
547,$400C_const,1
547,$400C_vol,10
547,$400E_period,4
547,$400E_mode,0
548,$4000_duty,1
548,$4000_const,1
548,$4000_vol,14
548,$4004_duty,2
548,$4004_const,1
548,$4004_vol,7
548,$400C_const,1
548,$400C_vol,10
548,$400E_period,4
548,$400E_mode,0
549,$4000_duty,1
549,$4000_const,1
549,$4000_vol,14
549,$4004_duty,2
549,$4004_const,1
549,$4004_vol,7
549,$400C_const,1
549,$400C_vol,1
549,$400E_period,4
549,$400E_mode,0
550,$4000_duty,1
550,$4000_const,1
550,$4000_vol,13
550,$4004_duty,2
550,$4004_const,1
550,$4004_vol,7
550,$400C_const,1
550,$400C_vol,1
550,$400E_period,4
550,$400E_mode,0
551,$4008_linear,0
551,$4000_duty,1
551,$4000_const,1
551,$4000_vol,13
551,$4004_duty,2
551,$4004_const,1
551,$4004_vol,7
551,$400C_const,1
551,$400C_vol,5
551,$400E_period,4
551,$400E_mode,0
552,$4000_duty,1
552,$4000_const,1
552,$4000_vol,13
552,$4004_duty,2
552,$4004_const,1
552,$4004_vol,7
552,$400C_const,1
552,$400C_vol,5
552,$400E_period,4
552,$400E_mode,0
553,$4000_duty,1
553,$4000_const,1
553,$4000_vol,12
553,$4004_duty,2
553,$4004_const,1
553,$4004_vol,7
553,$400C_const,1
553,$400C_vol,2
553,$400E_period,4
553,$400E_mode,0
554,$4000_duty,1
554,$4000_const,1
554,$4000_vol,12
554,$4004_duty,2
554,$4004_const,1
554,$4004_vol,7
554,$400C_const,1
554,$400C_vol,2
554,$400E_period,4
554,$400E_mode,0
555,$4000_duty,1
555,$4000_const,1
555,$4000_vol,12
555,$4004_duty,2
555,$4004_const,1
555,$4004_vol,7
555,$400C_const,1
555,$400C_vol,1
555,$400E_period,4
555,$400E_mode,0
556,$4000_duty,1
556,$4000_const,1
556,$4000_vol,11
556,$4004_duty,2
556,$4004_const,1
556,$4004_vol,7
556,$400C_const,1
556,$400C_vol,1
556,$400E_period,4
556,$400E_mode,0
557,$4000_duty,1
557,$4000_const,1
557,$4000_vol,11
557,$4004_duty,2
557,$4004_const,1
557,$4004_vol,7
557,$400C_const,1
557,$400C_vol,0
557,$400E_period,4
557,$400E_mode,0
558,$400A_period,315
558,$400B_length,0
558,$4008_linear,1
558,$4000_duty,1
558,$4000_const,1
558,$4000_vol,11
558,$4004_duty,2
558,$4004_const,1
558,$4004_vol,7
558,$400C_const,1
558,$400C_vol,0
558,$400E_period,4
558,$400E_mode,0
559,$4000_duty,1
559,$4000_const,1
559,$4000_vol,10
559,$4004_duty,2
559,$4004_const,1
559,$4004_vol,7
559,$400C_const,1
559,$400C_vol,0
559,$400E_period,4
559,$400E_mode,0
560,$4000_duty,1
560,$4000_const,1
560,$4000_vol,10
560,$4004_duty,2
560,$4004_const,1
560,$4004_vol,7
560,$400C_const,1
560,$400C_vol,0
560,$400E_period,4
560,$400E_mode,0
561,$4000_duty,1
561,$4000_const,1
561,$4000_vol,10
561,$4004_duty,2
561,$4004_const,1
561,$4004_vol,7
561,$400C_const,1
561,$400C_vol,0
561,$400E_period,4
561,$400E_mode,0
562,$4008_linear,0
562,$4000_duty,1
562,$4000_const,1
562,$4000_vol,9
562,$4004_duty,2
562,$4004_const,1
562,$4004_vol,7
562,$400C_const,1
562,$400C_vol,0
562,$400E_period,4
562,$400E_mode,0
563,$4000_duty,1
563,$4000_const,1
563,$4000_vol,9
563,$4004_duty,2
563,$4004_const,1
563,$4004_vol,7
563,$400C_const,1
563,$400C_vol,0
563,$400E_period,4
563,$400E_mode,0
564,$4000_duty,1
564,$4000_const,1
564,$4000_vol,9
564,$4004_duty,2
564,$4004_const,1
564,$4004_vol,7
564,$400C_const,1
564,$400C_vol,0
564,$400E_period,4
564,$400E_mode,0
565,$4000_duty,1
565,$4000_const,1
565,$4000_vol,8
565,$4004_duty,2
565,$4004_const,1
565,$4004_vol,7
565,$400C_const,1
565,$400C_vol,0
565,$400E_period,4
565,$400E_mode,0
566,$4000_duty,1
566,$4000_const,1
566,$4000_vol,8
566,$4004_duty,2
566,$4004_const,1
566,$4004_vol,7
566,$400C_const,1
566,$400C_vol,0
566,$400E_period,4
566,$400E_mode,0
567,$4000_duty,1
567,$4000_const,1
567,$4000_vol,8
567,$4004_duty,2
567,$4004_const,1
567,$4004_vol,7
567,$400C_const,1
567,$400C_vol,0
567,$400E_period,4
567,$400E_mode,0
568,$4000_duty,1
568,$4000_const,1
568,$4000_vol,7
568,$4004_duty,2
568,$4004_const,1
568,$4004_vol,7
568,$400C_const,1
568,$400C_vol,0
568,$400E_period,4
568,$400E_mode,0
569,$400A_period,315
569,$400B_length,0
569,$4008_linear,1
569,$4000_duty,1
569,$4000_const,1
569,$4000_vol,7
569,$4004_duty,2
569,$4004_const,1
569,$4004_vol,7
569,$400C_const,1
569,$400C_vol,0
569,$400E_period,4
569,$400E_mode,0
570,$4000_duty,1
570,$4000_const,1
570,$4000_vol,7
570,$4004_duty,2
570,$4004_const,1
570,$4004_vol,7
570,$400C_const,1
570,$400C_vol,0
570,$400E_period,4
570,$400E_mode,0
571,$4000_duty,1
571,$4000_const,1
571,$4000_vol,6
571,$4004_duty,2
571,$4004_const,1
571,$4004_vol,7
571,$400C_const,1
571,$400C_vol,0
571,$400E_period,4
571,$400E_mode,0
572,$4000_duty,1
572,$4000_const,1
572,$4000_vol,6
572,$4004_duty,2
572,$4004_const,1
572,$4004_vol,7
572,$400C_const,1
572,$400C_vol,0
572,$400E_period,4
572,$400E_mode,0
573,$4008_linear,0
573,$4000_duty,1
573,$4000_const,1
573,$4000_vol,6
573,$4004_duty,2
573,$4004_const,1
573,$4004_vol,7
573,$400C_const,1
573,$400C_vol,0
573,$400E_period,4
573,$400E_mode,0
574,$4000_duty,1
574,$4000_const,1
574,$4000_vol,5
574,$4004_duty,2
574,$4004_const,1
574,$4004_vol,7
574,$400C_const,1
574,$400C_vol,0
574,$400E_period,4
574,$400E_mode,0
575,$4000_duty,1
575,$4000_const,1
575,$4000_vol,5
575,$4004_duty,2
575,$4004_const,1
575,$4004_vol,7
575,$400C_const,1
575,$400C_vol,0
575,$400E_period,4
575,$400E_mode,0
576,$4000_duty,1
576,$4000_const,1
576,$4000_vol,5
576,$4004_duty,2
576,$4004_const,1
576,$4004_vol,7
576,$400C_const,1
576,$400C_vol,0
576,$400E_period,4
576,$400E_mode,0
577,$4000_duty,1
577,$4000_const,1
577,$4000_vol,4
577,$4004_duty,2
577,$4004_const,1
577,$4004_vol,7
577,$400C_const,1
577,$400C_vol,0
577,$400E_period,4
577,$400E_mode,0
578,$4000_duty,1
578,$4000_const,1
578,$4000_vol,4
578,$4004_duty,2
578,$4004_const,1
578,$4004_vol,7
578,$400C_const,1
578,$400C_vol,0
578,$400E_period,4
578,$400E_mode,0
579,$4000_duty,1
579,$4000_const,1
579,$4000_vol,4
579,$4004_duty,2
579,$4004_const,1
579,$4004_vol,7
579,$400C_const,1
579,$400C_vol,0
579,$400E_period,4
579,$400E_mode,0
580,$4001_sweep,0
580,$4002_period,1059
580,$400B_length,2
580,$4005_sweep,0
580,$4006_period,353
580,$400A_period,297
580,$400B_length,0
580,$4008_linear,1
580,$400E_period,4
580,$400E_mode,0
580,$4000_duty,1
580,$4000_const,1
580,$4000_vol,14
580,$4004_duty,2
580,$4004_const,1
580,$4004_vol,10
580,$400C_const,1
580,$400C_vol,10
580,$400E_period,4
580,$400E_mode,0
581,$4000_duty,1
581,$4000_const,1
581,$4000_vol,14
581,$4004_duty,2
581,$4004_const,1
581,$4004_vol,10
581,$400C_const,1
581,$400C_vol,10
581,$400E_period,4
581,$400E_mode,0
582,$4000_duty,1
582,$4000_const,1
582,$4000_vol,14
582,$4004_duty,2
582,$4004_const,1
582,$4004_vol,15
582,$400C_const,1
582,$400C_vol,1
582,$400E_period,4
582,$400E_mode,0
583,$4000_duty,1
583,$4000_const,1
583,$4000_vol,13
583,$4004_duty,2
583,$4004_const,1
583,$4004_vol,15
583,$400C_const,1
583,$400C_vol,1
583,$400E_period,4
583,$400E_mode,0
584,$4008_linear,0
584,$4000_duty,1
584,$4000_const,1
584,$4000_vol,13
584,$4004_duty,2
584,$4004_const,1
584,$4004_vol,11
584,$400C_const,1
584,$400C_vol,5
584,$400E_period,4
584,$400E_mode,0
585,$4000_duty,1
585,$4000_const,1
585,$4000_vol,13
585,$4004_duty,2
585,$4004_const,1
585,$4004_vol,11
585,$400C_const,1
585,$400C_vol,5
585,$400E_period,4
585,$400E_mode,0
586,$4005_sweep,0
586,$4006_period,353
586,$4000_duty,1
586,$4000_const,1
586,$4000_vol,12
586,$4004_duty,2
586,$4004_const,1
586,$4004_vol,10
586,$400C_const,1
586,$400C_vol,2
586,$400E_period,4
586,$400E_mode,0
587,$4000_duty,1
587,$4000_const,1
587,$4000_vol,12
587,$4004_duty,2
587,$4004_const,1
587,$4004_vol,10
587,$400C_const,1
587,$400C_vol,2
587,$400E_period,4
587,$400E_mode,0
588,$4000_duty,1
588,$4000_const,1
588,$4000_vol,12
588,$4004_duty,2
588,$4004_const,1
588,$4004_vol,15
588,$400C_const,1
588,$400C_vol,1
588,$400E_period,4
588,$400E_mode,0
589,$4000_duty,1
589,$4000_const,1
589,$4000_vol,11
589,$4004_duty,2
589,$4004_const,1
589,$4004_vol,15
589,$400C_const,1
589,$400C_vol,1
589,$400E_period,4
589,$400E_mode,0
590,$4000_duty,1
590,$4000_const,1
590,$4000_vol,11
590,$4004_duty,2
590,$4004_const,1
590,$4004_vol,11
590,$400C_const,1
590,$400C_vol,0
590,$400E_period,4
590,$400E_mode,0
591,$4005_sweep,0
591,$4006_period,297
591,$400A_period,297
591,$400B_length,0
591,$4008_linear,1
591,$4000_duty,1
591,$4000_const,1
591,$4000_vol,11
591,$4004_duty,2
591,$4004_const,1
591,$4004_vol,10
591,$400C_const,1
591,$400C_vol,0
591,$400E_period,4
591,$400E_mode,0
592,$4000_duty,1
592,$4000_const,1
592,$4000_vol,10
592,$4004_duty,2
592,$4004_const,1
592,$4004_vol,10
592,$400C_const,1
592,$400C_vol,0
592,$400E_period,4
592,$400E_mode,0
593,$4000_duty,1
593,$4000_const,1
593,$4000_vol,10
593,$4004_duty,2
593,$4004_const,1
593,$4004_vol,15
593,$400C_const,1
593,$400C_vol,0
593,$400E_period,4
593,$400E_mode,0
594,$4000_duty,1
594,$4000_const,1
594,$4000_vol,10
594,$4004_duty,2
594,$4004_const,1
594,$4004_vol,15
594,$400C_const,1
594,$400C_vol,0
594,$400E_period,4
594,$400E_mode,0
595,$4008_linear,0
595,$4000_duty,1
595,$4000_const,1
595,$4000_vol,9
595,$4004_duty,2
595,$4004_const,1
595,$4004_vol,11
595,$400C_const,1
595,$400C_vol,0
595,$400E_period,4
595,$400E_mode,0
596,$4000_duty,1
596,$4000_const,1
596,$4000_vol,9
596,$4004_duty,2
596,$4004_const,1
596,$4004_vol,11
596,$400C_const,1
596,$400C_vol,0
596,$400E_period,4
596,$400E_mode,0
597,$4000_duty,1
597,$4000_const,1
597,$4000_vol,9
597,$4004_duty,2
597,$4004_const,1
597,$4004_vol,9
597,$400C_const,1
597,$400C_vol,0
597,$400E_period,4
597,$400E_mode,0
598,$4000_duty,1
598,$4000_const,1
598,$4000_vol,8
598,$4004_duty,2
598,$4004_const,1
598,$4004_vol,9
598,$400C_const,1
598,$400C_vol,0
598,$400E_period,4
598,$400E_mode,0
599,$4000_duty,1
599,$4000_const,1
599,$4000_vol,8
599,$4004_duty,2
599,$4004_const,1
599,$4004_vol,7
599,$400C_const,1
599,$400C_vol,0
599,$400E_period,4
599,$400E_mode,0
600,$4000_duty,1
600,$4000_const,1
600,$4000_vol,8
600,$4004_duty,2
600,$4004_const,1
600,$4004_vol,7
600,$400C_const,1
600,$400C_vol,0
600,$400E_period,4
600,$400E_mode,0
601,$4000_duty,1
601,$4000_const,1
601,$4000_vol,7
601,$4004_duty,2
601,$4004_const,1
601,$4004_vol,7
601,$400C_const,1
601,$400C_vol,0
601,$400E_period,4
601,$400E_mode,0
602,$4001_sweep,0
602,$4002_period,1059
602,$400B_length,2
602,$4005_sweep,0
602,$4006_period,265
602,$400A_period,297
602,$400B_length,0
602,$4008_linear,1
602,$400E_period,4
602,$400E_mode,0
602,$4000_duty,1
602,$4000_const,1
602,$4000_vol,14
602,$4004_duty,2
602,$4004_const,1
602,$4004_vol,10
602,$400C_const,1
602,$400C_vol,10
602,$400E_period,4
602,$400E_mode,0
603,$4000_duty,1
603,$4000_const,1
603,$4000_vol,14
603,$4004_duty,2
603,$4004_const,1
603,$4004_vol,10
603,$400C_const,1
603,$400C_vol,10
603,$400E_period,4
603,$400E_mode,0
604,$4000_duty,1
604,$4000_const,1
604,$4000_vol,14
604,$4004_duty,2
604,$4004_const,1
604,$4004_vol,15
604,$400C_const,1
604,$400C_vol,1
604,$400E_period,4
604,$400E_mode,0
605,$4000_duty,1
605,$4000_const,1
605,$4000_vol,13
605,$4004_duty,2
605,$4004_const,1
605,$4004_vol,15
605,$400C_const,1
605,$400C_vol,1
605,$400E_period,4
605,$400E_mode,0
606,$4008_linear,0
606,$4000_duty,1
606,$4000_const,1
606,$4000_vol,13
606,$4004_duty,2
606,$4004_const,1
606,$4004_vol,11
606,$400C_const,1
606,$400C_vol,5
606,$400E_period,4
606,$400E_mode,0
607,$4000_duty,1
607,$4000_const,1
607,$4000_vol,13
607,$4004_duty,2
607,$4004_const,1
607,$4004_vol,11
607,$400C_const,1
607,$400C_vol,5
607,$400E_period,4
607,$400E_mode,0
608,$4000_duty,1
608,$4000_const,1
608,$4000_vol,12
608,$4004_duty,2
608,$4004_const,1
608,$4004_vol,9
608,$400C_const,1
608,$400C_vol,2
608,$400E_period,4
608,$400E_mode,0
609,$4000_duty,1
609,$4000_const,1
609,$4000_vol,12
609,$4004_duty,2
609,$4004_const,1
609,$4004_vol,9
609,$400C_const,1
609,$400C_vol,2
609,$400E_period,4
609,$400E_mode,0
610,$4000_duty,1
610,$4000_const,1
610,$4000_vol,12
610,$4004_duty,2
610,$4004_const,1
610,$4004_vol,7
610,$400C_const,1
610,$400C_vol,1
610,$400E_period,4
610,$400E_mode,0
611,$4000_duty,1
611,$4000_const,1
611,$4000_vol,11
611,$4004_duty,2
611,$4004_const,1
611,$4004_vol,7
611,$400C_const,1
611,$400C_vol,1
611,$400E_period,4
611,$400E_mode,0
612,$4000_duty,1
612,$4000_const,1
612,$4000_vol,11
612,$4004_duty,2
612,$4004_const,1
612,$4004_vol,7
612,$400C_const,1
612,$400C_vol,0
612,$400E_period,4
612,$400E_mode,0
613,$4001_sweep,0
613,$4002_period,1059
613,$400B_length,2
613,$4005_sweep,0
613,$4006_period,235
613,$400A_period,297
613,$400B_length,0
613,$4008_linear,1
613,$400E_period,4
613,$400E_mode,0
613,$4000_duty,1
613,$4000_const,1
613,$4000_vol,14
613,$4004_duty,2
613,$4004_const,1
613,$4004_vol,10
613,$400C_const,1
613,$400C_vol,10
613,$400E_period,4
613,$400E_mode,0
614,$4000_duty,1
614,$4000_const,1
614,$4000_vol,14
614,$4004_duty,2
614,$4004_const,1
614,$4004_vol,10
614,$400C_const,1
614,$400C_vol,10
614,$400E_period,4
614,$400E_mode,0
615,$4000_duty,1
615,$4000_const,1
615,$4000_vol,14
615,$4004_duty,2
615,$4004_const,1
615,$4004_vol,15
615,$400C_const,1
615,$400C_vol,1
615,$400E_period,4
615,$400E_mode,0
616,$4000_duty,1
616,$4000_const,1
616,$4000_vol,13
616,$4004_duty,2
616,$4004_const,1
616,$4004_vol,15
616,$400C_const,1
616,$400C_vol,1
616,$400E_period,4
616,$400E_mode,0
617,$4008_linear,0
617,$4000_duty,1
617,$4000_const,1
617,$4000_vol,13
617,$4004_duty,2
617,$4004_const,1
617,$4004_vol,11
617,$400C_const,1
617,$400C_vol,5
617,$400E_period,4
617,$400E_mode,0
618,$4000_duty,1
618,$4000_const,1
618,$4000_vol,13
618,$4004_duty,2
618,$4004_const,1
618,$4004_vol,11
618,$400C_const,1
618,$400C_vol,5
618,$400E_period,4
618,$400E_mode,0
619,$4000_duty,1
619,$4000_const,1
619,$4000_vol,12
619,$4004_duty,2
619,$4004_const,1
619,$4004_vol,9
619,$400C_const,1
619,$400C_vol,2
619,$400E_period,4
619,$400E_mode,0
620,$4000_duty,1
620,$4000_const,1
620,$4000_vol,12
620,$4004_duty,2
620,$4004_const,1
620,$4004_vol,9
620,$400C_const,1
620,$400C_vol,2
620,$400E_period,4
620,$400E_mode,0
621,$4000_duty,1
621,$4000_const,1
621,$4000_vol,12
621,$4004_duty,2
621,$4004_const,1
621,$4004_vol,7
621,$400C_const,1
621,$400C_vol,1
621,$400E_period,4
621,$400E_mode,0
622,$4000_duty,1
622,$4000_const,1
622,$4000_vol,11
622,$4004_duty,2
622,$4004_const,1
622,$4004_vol,7
622,$400C_const,1
622,$400C_vol,1
622,$400E_period,4
622,$400E_mode,0
623,$4000_duty,1
623,$4000_const,1
623,$4000_vol,11
623,$4004_duty,2
623,$4004_const,1
623,$4004_vol,7
623,$400C_const,1
623,$400C_vol,0
623,$400E_period,4
623,$400E_mode,0
624,$4005_sweep,0
624,$4006_period,265
624,$400A_period,297
624,$400B_length,0
624,$4008_linear,1
624,$4000_duty,1
624,$4000_const,1
624,$4000_vol,11
624,$4004_duty,2
624,$4004_const,1
624,$4004_vol,10
624,$400C_const,1
624,$400C_vol,0
624,$400E_period,4
624,$400E_mode,0
625,$4000_duty,1
625,$4000_const,1
625,$4000_vol,10
625,$4004_duty,2
625,$4004_const,1
625,$4004_vol,10
625,$400C_const,1
625,$400C_vol,0
625,$400E_period,4
625,$400E_mode,0
626,$4000_duty,1
626,$4000_const,1
626,$4000_vol,10
626,$4004_duty,2
626,$4004_const,1
626,$4004_vol,15
626,$400C_const,1
626,$400C_vol,0
626,$400E_period,4
626,$400E_mode,0
627,$4000_duty,1
627,$4000_const,1
627,$4000_vol,10
627,$4004_duty,2
627,$4004_const,1
627,$4004_vol,15
627,$400C_const,1
627,$400C_vol,0
627,$400E_period,4
627,$400E_mode,0
628,$4008_linear,0
628,$4000_duty,1
628,$4000_const,1
628,$4000_vol,9
628,$4004_duty,2
628,$4004_const,1
628,$4004_vol,11
628,$400C_const,1
628,$400C_vol,0
628,$400E_period,4
628,$400E_mode,0
629,$4000_duty,1
629,$4000_const,1
629,$4000_vol,9
629,$4004_duty,2
629,$4004_const,1
629,$4004_vol,11
629,$400C_const,1
629,$400C_vol,0
629,$400E_period,4
629,$400E_mode,0
630,$4000_duty,1
630,$4000_const,1
630,$4000_vol,9
630,$4004_duty,2
630,$4004_const,1
630,$4004_vol,9
630,$400C_const,1
630,$400C_vol,0
630,$400E_period,4
630,$400E_mode,0
631,$4000_duty,1
631,$4000_const,1
631,$4000_vol,8
631,$4004_duty,2
631,$4004_const,1
631,$4004_vol,9
631,$400C_const,1
631,$400C_vol,0
631,$400E_period,4
631,$400E_mode,0
632,$4000_duty,1
632,$4000_const,1
632,$4000_vol,8
632,$4004_duty,2
632,$4004_const,1
632,$4004_vol,7
632,$400C_const,1
632,$400C_vol,0
632,$400E_period,4
632,$400E_mode,0
633,$4000_duty,1
633,$4000_const,1
633,$4000_vol,8
633,$4004_duty,2
633,$4004_const,1
633,$4004_vol,7
633,$400C_const,1
633,$400C_vol,0
633,$400E_period,4
633,$400E_mode,0
634,$4000_duty,1
634,$4000_const,1
634,$4000_vol,7
634,$4004_duty,2
634,$4004_const,1
634,$4004_vol,7
634,$400C_const,1
634,$400C_vol,0
634,$400E_period,4
634,$400E_mode,0
635,$4001_sweep,0
635,$4002_period,1059
635,$400B_length,2
635,$4005_sweep,0
635,$4006_period,315
635,$400A_period,297
635,$400B_length,0
635,$4008_linear,1
635,$400E_period,4
635,$400E_mode,0
635,$4000_duty,1
635,$4000_const,1
635,$4000_vol,14
635,$4004_duty,2
635,$4004_const,1
635,$4004_vol,10
635,$400C_const,1
635,$400C_vol,10
635,$400E_period,4
635,$400E_mode,0
636,$4000_duty,1
636,$4000_const,1
636,$4000_vol,14
636,$4004_duty,2
636,$4004_const,1
636,$4004_vol,10
636,$400C_const,1
636,$400C_vol,10
636,$400E_period,4
636,$400E_mode,0
637,$4000_duty,1
637,$4000_const,1
637,$4000_vol,14
637,$4004_duty,2
637,$4004_const,1
637,$4004_vol,15
637,$400C_const,1
637,$400C_vol,1
637,$400E_period,4
637,$400E_mode,0
638,$4000_duty,1
638,$4000_const,1
638,$4000_vol,13
638,$4004_duty,2
638,$4004_const,1
638,$4004_vol,15
638,$400C_const,1
638,$400C_vol,1
638,$400E_period,4
638,$400E_mode,0
639,$4008_linear,0
639,$4000_duty,1
639,$4000_const,1
639,$4000_vol,13
639,$4004_duty,2
639,$4004_const,1
639,$4004_vol,11
639,$400C_const,1
639,$400C_vol,5
639,$400E_period,4
639,$400E_mode,0
640,$4000_duty,1
640,$4000_const,1
640,$4000_vol,13
640,$4004_duty,2
640,$4004_const,1
640,$4004_vol,11
640,$400C_const,1
640,$400C_vol,5
640,$400E_period,4
640,$400E_mode,0
641,$4000_duty,1
641,$4000_const,1
641,$4000_vol,12
641,$4004_duty,2
641,$4004_const,1
641,$4004_vol,9
641,$400C_const,1
641,$400C_vol,2
641,$400E_period,4
641,$400E_mode,0
642,$4000_duty,1
642,$4000_const,1
642,$4000_vol,12
642,$4004_duty,2
642,$4004_const,1
642,$4004_vol,9
642,$400C_const,1
642,$400C_vol,2
642,$400E_period,4
642,$400E_mode,0
643,$4000_duty,1
643,$4000_const,1
643,$4000_vol,12
643,$4004_duty,2
643,$4004_const,1
643,$4004_vol,7
643,$400C_const,1
643,$400C_vol,1
643,$400E_period,4
643,$400E_mode,0
644,$4000_duty,1
644,$4000_const,1
644,$4000_vol,11
644,$4004_duty,2
644,$4004_const,1
644,$4004_vol,7
644,$400C_const,1
644,$400C_vol,1
644,$400E_period,4
644,$400E_mode,0
645,$4000_duty,1
645,$4000_const,1
645,$4000_vol,11
645,$4004_duty,2
645,$4004_const,1
645,$4004_vol,7
645,$400C_const,1
645,$400C_vol,0
645,$400E_period,4
645,$400E_mode,0
646,$4005_sweep,0
646,$4006_period,353
646,$400A_period,297
646,$400B_length,0
646,$4008_linear,1
646,$4000_duty,1
646,$4000_const,1
646,$4000_vol,11
646,$4004_duty,2
646,$4004_const,1
646,$4004_vol,10
646,$400C_const,1
646,$400C_vol,0
646,$400E_period,4
646,$400E_mode,0
647,$4000_duty,1
647,$4000_const,1
647,$4000_vol,10
647,$4004_duty,2
647,$4004_const,1
647,$4004_vol,10
647,$400C_const,1
647,$400C_vol,0
647,$400E_period,4
647,$400E_mode,0
648,$4000_duty,1
648,$4000_const,1
648,$4000_vol,10
648,$4004_duty,2
648,$4004_const,1
648,$4004_vol,15
648,$400C_const,1
648,$400C_vol,0
648,$400E_period,4
648,$400E_mode,0
649,$4000_duty,1
649,$4000_const,1
649,$4000_vol,10
649,$4004_duty,2
649,$4004_const,1
649,$4004_vol,15
649,$400C_const,1
649,$400C_vol,0
649,$400E_period,4
649,$400E_mode,0
650,$4008_linear,0
650,$4000_duty,1
650,$4000_const,1
650,$4000_vol,9
650,$4004_duty,2
650,$4004_const,1
650,$4004_vol,11
650,$400C_const,1
650,$400C_vol,0
650,$400E_period,4
650,$400E_mode,0
651,$4000_duty,1
651,$4000_const,1
651,$4000_vol,9
651,$4004_duty,2
651,$4004_const,1
651,$4004_vol,11
651,$400C_const,1
651,$400C_vol,0
651,$400E_period,4
651,$400E_mode,0
652,$4000_duty,1
652,$4000_const,1
652,$4000_vol,9
652,$4004_duty,2
652,$4004_const,1
652,$4004_vol,9
652,$400C_const,1
652,$400C_vol,0
652,$400E_period,4
652,$400E_mode,0
653,$4000_duty,1
653,$4000_const,1
653,$4000_vol,8
653,$4004_duty,2
653,$4004_const,1
653,$4004_vol,9
653,$400C_const,1
653,$400C_vol,0
653,$400E_period,4
653,$400E_mode,0
654,$4000_duty,1
654,$4000_const,1
654,$4000_vol,8
654,$4004_duty,2
654,$4004_const,1
654,$4004_vol,7
654,$400C_const,1
654,$400C_vol,0
654,$400E_period,4
654,$400E_mode,0
655,$4000_duty,1
655,$4000_const,1
655,$4000_vol,8
655,$4004_duty,2
655,$4004_const,1
655,$4004_vol,7
655,$400C_const,1
655,$400C_vol,0
655,$400E_period,4
655,$400E_mode,0
656,$4001_sweep,0
656,$4002_period,1589
656,$400B_length,3
656,$4005_sweep,0
656,$4006_period,315
656,$400A_period,315
656,$400B_length,0
656,$4008_linear,1
656,$400E_period,4
656,$400E_mode,0
656,$4000_duty,1
656,$4000_const,1
656,$4000_vol,14
656,$4004_duty,2
656,$4004_const,1
656,$4004_vol,10
656,$400C_const,1
656,$400C_vol,10
656,$400E_period,4
656,$400E_mode,0
657,$4000_duty,1
657,$4000_const,1
657,$4000_vol,14
657,$4004_duty,2
657,$4004_const,1
657,$4004_vol,10
657,$400C_const,1
657,$400C_vol,10
657,$400E_period,4
657,$400E_mode,0
658,$4000_duty,1
658,$4000_const,1
658,$4000_vol,14
658,$4004_duty,2
658,$4004_const,1
658,$4004_vol,15
658,$400C_const,1
658,$400C_vol,1
658,$400E_period,4
658,$400E_mode,0
659,$4000_duty,1
659,$4000_const,1
659,$4000_vol,13
659,$4004_duty,2
659,$4004_const,1
659,$4004_vol,15
659,$400C_const,1
659,$400C_vol,1
659,$400E_period,4
659,$400E_mode,0
660,$4008_linear,0
660,$4000_duty,1
660,$4000_const,1
660,$4000_vol,13
660,$4004_duty,2
660,$4004_const,1
660,$4004_vol,11
660,$400C_const,1
660,$400C_vol,5
660,$400E_period,4
660,$400E_mode,0
661,$4000_duty,1
661,$4000_const,1
661,$4000_vol,13
661,$4004_duty,2
661,$4004_const,1
661,$4004_vol,11
661,$400C_const,1
661,$400C_vol,5
661,$400E_period,4
661,$400E_mode,0
662,$4000_duty,1
662,$4000_const,1
662,$4000_vol,12
662,$4004_duty,2
662,$4004_const,1
662,$4004_vol,9
662,$400C_const,1
662,$400C_vol,2
662,$400E_period,4
662,$400E_mode,0
663,$4000_duty,1
663,$4000_const,1
663,$4000_vol,12
663,$4004_duty,2
663,$4004_const,1
663,$4004_vol,9
663,$400C_const,1
663,$400C_vol,2
663,$400E_period,4
663,$400E_mode,0
664,$4000_duty,1
664,$4000_const,1
664,$4000_vol,12
664,$4004_duty,2
664,$4004_const,1
664,$4004_vol,7
664,$400C_const,1
664,$400C_vol,1
664,$400E_period,4
664,$400E_mode,0
665,$4000_duty,1
665,$4000_const,1
665,$4000_vol,11
665,$4004_duty,2
665,$4004_const,1
665,$4004_vol,7
665,$400C_const,1
665,$400C_vol,1
665,$400E_period,4
665,$400E_mode,0
666,$4000_duty,1
666,$4000_const,1
666,$4000_vol,11
666,$4004_duty,2
666,$4004_const,1
666,$4004_vol,7
666,$400C_const,1
666,$400C_vol,0
666,$400E_period,4
666,$400E_mode,0
667,$4005_sweep,0
667,$4006_period,395
667,$400A_period,315
667,$400B_length,0
667,$4008_linear,1
667,$4000_duty,1
667,$4000_const,1
667,$4000_vol,11
667,$4004_duty,2
667,$4004_const,1
667,$4004_vol,10
667,$400C_const,1
667,$400C_vol,0
667,$400E_period,4
667,$400E_mode,0
668,$4000_duty,1
668,$4000_const,1
668,$4000_vol,10
668,$4004_duty,2
668,$4004_const,1
668,$4004_vol,10
668,$400C_const,1
668,$400C_vol,0
668,$400E_period,4
668,$400E_mode,0
669,$4000_duty,1
669,$4000_const,1
669,$4000_vol,10
669,$4004_duty,2
669,$4004_const,1
669,$4004_vol,15
669,$400C_const,1
669,$400C_vol,0
669,$400E_period,4
669,$400E_mode,0
670,$4000_duty,1
670,$4000_const,1
670,$4000_vol,10
670,$4004_duty,2
670,$4004_const,1
670,$4004_vol,15
670,$400C_const,1
670,$400C_vol,0
670,$400E_period,4
670,$400E_mode,0
671,$4008_linear,0
671,$4000_duty,1
671,$4000_const,1
671,$4000_vol,9
671,$4004_duty,2
671,$4004_const,1
671,$4004_vol,11
671,$400C_const,1
671,$400C_vol,0
671,$400E_period,4
671,$400E_mode,0
672,$4000_duty,1
672,$4000_const,1
672,$4000_vol,9
672,$4004_duty,2
672,$4004_const,1
672,$4004_vol,11
672,$400C_const,1
672,$400C_vol,0
672,$400E_period,4
672,$400E_mode,0
673,$4000_duty,1
673,$4000_const,1
673,$4000_vol,9
673,$4004_duty,2
673,$4004_const,1
673,$4004_vol,9
673,$400C_const,1
673,$400C_vol,0
673,$400E_period,4
673,$400E_mode,0
674,$4000_duty,1
674,$4000_const,1
674,$4000_vol,8
674,$4004_duty,2
674,$4004_const,1
674,$4004_vol,9
674,$400C_const,1
674,$400C_vol,0
674,$400E_period,4
674,$400E_mode,0
675,$4000_duty,1
675,$4000_const,1
675,$4000_vol,8
675,$4004_duty,2
675,$4004_const,1
675,$4004_vol,7
675,$400C_const,1
675,$400C_vol,0
675,$400E_period,4
675,$400E_mode,0
676,$4000_duty,1
676,$4000_const,1
676,$4000_vol,8
676,$4004_duty,2
676,$4004_const,1
676,$4004_vol,7
676,$400C_const,1
676,$400C_vol,0
676,$400E_period,4
676,$400E_mode,0
677,$4000_duty,1
677,$4000_const,1
677,$4000_vol,7
677,$4004_duty,2
677,$4004_const,1
677,$4004_vol,7
677,$400C_const,1
677,$400C_vol,0
677,$400E_period,4
677,$400E_mode,0
678,$4005_sweep,0
678,$4006_period,529
678,$400A_period,315
678,$400B_length,0
678,$4008_linear,1
678,$4000_duty,1
678,$4000_const,1
678,$4000_vol,7
678,$4004_duty,2
678,$4004_const,1
678,$4004_vol,10
678,$400C_const,1
678,$400C_vol,0
678,$400E_period,4
678,$400E_mode,0
679,$4000_duty,1
679,$4000_const,1
679,$4000_vol,7
679,$4004_duty,2
679,$4004_const,1
679,$4004_vol,10
679,$400C_const,1
679,$400C_vol,0
679,$400E_period,4
679,$400E_mode,0
680,$4000_duty,1
680,$4000_const,1
680,$4000_vol,6
680,$4004_duty,2
680,$4004_const,1
680,$4004_vol,15
680,$400C_const,1
680,$400C_vol,0
680,$400E_period,4
680,$400E_mode,0
681,$4000_duty,1
681,$4000_const,1
681,$4000_vol,6
681,$4004_duty,2
681,$4004_const,1
681,$4004_vol,15
681,$400C_const,1
681,$400C_vol,0
681,$400E_period,4
681,$400E_mode,0
682,$4008_linear,0
682,$4000_duty,1
682,$4000_const,1
682,$4000_vol,6
682,$4004_duty,2
682,$4004_const,1
682,$4004_vol,11
682,$400C_const,1
682,$400C_vol,0
682,$400E_period,4
682,$400E_mode,0
683,$4000_duty,1
683,$4000_const,1
683,$4000_vol,5
683,$4004_duty,2
683,$4004_const,1
683,$4004_vol,11
683,$400C_const,1
683,$400C_vol,0
683,$400E_period,4
683,$400E_mode,0
684,$4000_duty,1
684,$4000_const,1
684,$4000_vol,5
684,$4004_duty,2
684,$4004_const,1
684,$4004_vol,9
684,$400C_const,1
684,$400C_vol,0
684,$400E_period,4
684,$400E_mode,0
685,$4000_duty,1
685,$4000_const,1
685,$4000_vol,5
685,$4004_duty,2
685,$4004_const,1
685,$4004_vol,9
685,$400C_const,1
685,$400C_vol,0
685,$400E_period,4
685,$400E_mode,0
686,$4000_duty,1
686,$4000_const,1
686,$4000_vol,4
686,$4004_duty,2
686,$4004_const,1
686,$4004_vol,7
686,$400C_const,1
686,$400C_vol,0
686,$400E_period,4
686,$400E_mode,0
687,$4000_duty,1
687,$4000_const,1
687,$4000_vol,4
687,$4004_duty,2
687,$4004_const,1
687,$4004_vol,7
687,$400C_const,1
687,$400C_vol,0
687,$400E_period,4
687,$400E_mode,0
688,$4000_duty,1
688,$4000_const,1
688,$4000_vol,4
688,$4004_duty,2
688,$4004_const,1
688,$4004_vol,7
688,$400C_const,1
688,$400C_vol,0
688,$400E_period,4
688,$400E_mode,0
689,$4001_sweep,0
689,$4002_period,1589
689,$400B_length,3
689,$4005_sweep,0
689,$4006_period,529
689,$400A_period,315
689,$400B_length,0
689,$4008_linear,1
689,$400E_period,4
689,$400E_mode,0
689,$4000_duty,1
689,$4000_const,1
689,$4000_vol,14
689,$4004_duty,2
689,$4004_const,1
689,$4004_vol,10
689,$400C_const,1
689,$400C_vol,10
689,$400E_period,4
689,$400E_mode,0
690,$4000_duty,1
690,$4000_const,1
690,$4000_vol,14
690,$4004_duty,2
690,$4004_const,1
690,$4004_vol,10
690,$400C_const,1
690,$400C_vol,10
690,$400E_period,4
690,$400E_mode,0
691,$4000_duty,1
691,$4000_const,1
691,$4000_vol,14
691,$4004_duty,2
691,$4004_const,1
691,$4004_vol,15
691,$400C_const,1
691,$400C_vol,1
691,$400E_period,4
691,$400E_mode,0
692,$4000_duty,1
692,$4000_const,1
692,$4000_vol,13
692,$4004_duty,2
692,$4004_const,1
692,$4004_vol,15
692,$400C_const,1
692,$400C_vol,1
692,$400E_period,4
692,$400E_mode,0
693,$4008_linear,0
693,$4000_duty,1
693,$4000_const,1
693,$4000_vol,13
693,$4004_duty,2
693,$4004_const,1
693,$4004_vol,11
693,$400C_const,1
693,$400C_vol,5
693,$400E_period,4
693,$400E_mode,0
694,$4000_duty,1
694,$4000_const,1
694,$4000_vol,13
694,$4004_duty,2
694,$4004_const,1
694,$4004_vol,11
694,$400C_const,1
694,$400C_vol,5
694,$400E_period,4
694,$400E_mode,0
695,$4000_duty,1
695,$4000_const,1
695,$4000_vol,12
695,$4004_duty,2
695,$4004_const,1
695,$4004_vol,9
695,$400C_const,1
695,$400C_vol,2
695,$400E_period,4
695,$400E_mode,0
696,$4000_duty,1
696,$4000_const,1
696,$4000_vol,12
696,$4004_duty,2
696,$4004_const,1
696,$4004_vol,9
696,$400C_const,1
696,$400C_vol,2
696,$400E_period,4
696,$400E_mode,0
697,$4000_duty,1
697,$4000_const,1
697,$4000_vol,12
697,$4004_duty,2
697,$4004_const,1
697,$4004_vol,7
697,$400C_const,1
697,$400C_vol,1
697,$400E_period,4
697,$400E_mode,0
698,$4000_duty,1
698,$4000_const,1
698,$4000_vol,11
698,$4004_duty,2
698,$4004_const,1
698,$4004_vol,7
698,$400C_const,1
698,$400C_vol,1
698,$400E_period,4
698,$400E_mode,0
699,$4000_duty,1
699,$4000_const,1
699,$4000_vol,11
699,$4004_duty,2
699,$4004_const,1
699,$4004_vol,7
699,$400C_const,1
699,$400C_vol,0
699,$400E_period,4
699,$400E_mode,0
700,$400A_period,315
700,$400B_length,0
700,$4008_linear,1
700,$4000_duty,1
700,$4000_const,1
700,$4000_vol,11
700,$4004_duty,2
700,$4004_const,1
700,$4004_vol,7
700,$400C_const,1
700,$400C_vol,0
700,$400E_period,4
700,$400E_mode,0
701,$4000_duty,1
701,$4000_const,1
701,$4000_vol,10
701,$4004_duty,2
701,$4004_const,1
701,$4004_vol,7
701,$400C_const,1
701,$400C_vol,0
701,$400E_period,4
701,$400E_mode,0
702,$4000_duty,1
702,$4000_const,1
702,$4000_vol,10
702,$4004_duty,2
702,$4004_const,1
702,$4004_vol,7
702,$400C_const,1
702,$400C_vol,0
702,$400E_period,4
702,$400E_mode,0
703,$4000_duty,1
703,$4000_const,1
703,$4000_vol,10
703,$4004_duty,2
703,$4004_const,1
703,$4004_vol,7
703,$400C_const,1
703,$400C_vol,0
703,$400E_period,4
703,$400E_mode,0
704,$4008_linear,0
704,$4000_duty,1
704,$4000_const,1
704,$4000_vol,9
704,$4004_duty,2
704,$4004_const,1
704,$4004_vol,7
704,$400C_const,1
704,$400C_vol,0
704,$400E_period,4
704,$400E_mode,0
705,$4000_duty,1
705,$4000_const,1
705,$4000_vol,9
705,$4004_duty,2
705,$4004_const,1
705,$4004_vol,7
705,$400C_const,1
705,$400C_vol,0
705,$400E_period,4
705,$400E_mode,0
706,$4000_duty,1
706,$4000_const,1
706,$4000_vol,9
706,$4004_duty,2
706,$4004_const,1
706,$4004_vol,7
706,$400C_const,1
706,$400C_vol,0
706,$400E_period,4
706,$400E_mode,0
707,$4000_duty,1
707,$4000_const,1
707,$4000_vol,8
707,$4004_duty,2
707,$4004_const,1
707,$4004_vol,7
707,$400C_const,1
707,$400C_vol,0
707,$400E_period,4
707,$400E_mode,0
708,$4000_duty,1
708,$4000_const,1
708,$4000_vol,8
708,$4004_duty,2
708,$4004_const,1
708,$4004_vol,7
708,$400C_const,1
708,$400C_vol,0
708,$400E_period,4
708,$400E_mode,0
709,$4000_duty,1
709,$4000_const,1
709,$4000_vol,8
709,$4004_duty,2
709,$4004_const,1
709,$4004_vol,7
709,$400C_const,1
709,$400C_vol,0
709,$400E_period,4
709,$400E_mode,0
710,$4000_duty,1
710,$4000_const,1
710,$4000_vol,7
710,$4004_duty,2
710,$4004_const,1
710,$4004_vol,7
710,$400C_const,1
710,$400C_vol,0
710,$400E_period,4
710,$400E_mode,0
711,$400A_period,315
711,$400B_length,0
711,$4008_linear,1
711,$4000_duty,1
711,$4000_const,1
711,$4000_vol,7
711,$4004_duty,2
711,$4004_const,1
711,$4004_vol,7
711,$400C_const,1
711,$400C_vol,0
711,$400E_period,4
711,$400E_mode,0
712,$4000_duty,1
712,$4000_const,1
712,$4000_vol,7
712,$4004_duty,2
712,$4004_const,1
712,$4004_vol,7
712,$400C_const,1
712,$400C_vol,0
712,$400E_period,4
712,$400E_mode,0
713,$4000_duty,1
713,$4000_const,1
713,$4000_vol,6
713,$4004_duty,2
713,$4004_const,1
713,$4004_vol,7
713,$400C_const,1
713,$400C_vol,0
713,$400E_period,4
713,$400E_mode,0
714,$4000_duty,1
714,$4000_const,1
714,$4000_vol,6
714,$4004_duty,2
714,$4004_const,1
714,$4004_vol,7
714,$400C_const,1
714,$400C_vol,0
714,$400E_period,4
714,$400E_mode,0
715,$4008_linear,0
715,$4000_duty,1
715,$4000_const,1
715,$4000_vol,6
715,$4004_duty,2
715,$4004_const,1
715,$4004_vol,7
715,$400C_const,1
715,$400C_vol,0
715,$400E_period,4
715,$400E_mode,0
716,$4000_duty,1
716,$4000_const,1
716,$4000_vol,5
716,$4004_duty,2
716,$4004_const,1
716,$4004_vol,7
716,$400C_const,1
716,$400C_vol,0
716,$400E_period,4
716,$400E_mode,0
717,$4000_duty,1
717,$4000_const,1
717,$4000_vol,5
717,$4004_duty,2
717,$4004_const,1
717,$4004_vol,7
717,$400C_const,1
717,$400C_vol,0
717,$400E_period,4
717,$400E_mode,0
718,$4000_duty,1
718,$4000_const,1
718,$4000_vol,5
718,$4004_duty,2
718,$4004_const,1
718,$4004_vol,7
718,$400C_const,1
718,$400C_vol,0
718,$400E_period,4
718,$400E_mode,0
719,$4000_duty,1
719,$4000_const,1
719,$4000_vol,4
719,$4004_duty,2
719,$4004_const,1
719,$4004_vol,7
719,$400C_const,1
719,$400C_vol,0
719,$400E_period,4
719,$400E_mode,0
720,$4000_duty,1
720,$4000_const,1
720,$4000_vol,4
720,$4004_duty,2
720,$4004_const,1
720,$4004_vol,7
720,$400C_const,1
720,$400C_vol,0
720,$400E_period,4
720,$400E_mode,0
721,$4000_duty,1
721,$4000_const,1
721,$4000_vol,4
721,$4004_duty,2
721,$4004_const,1
721,$4004_vol,7
721,$400C_const,1
721,$400C_vol,0
721,$400E_period,4
721,$400E_mode,0
722,$4001_sweep,0
722,$4002_period,1589
722,$400B_length,3
722,$400A_period,315
722,$400B_length,0
722,$4008_linear,1
722,$400E_period,4
722,$400E_mode,0
722,$4000_duty,1
722,$4000_const,1
722,$4000_vol,14
722,$4004_duty,2
722,$4004_const,1
722,$4004_vol,7
722,$400C_const,1
722,$400C_vol,10
722,$400E_period,4
722,$400E_mode,0
723,$4000_duty,1
723,$4000_const,1
723,$4000_vol,14
723,$4004_duty,2
723,$4004_const,1
723,$4004_vol,7
723,$400C_const,1
723,$400C_vol,10
723,$400E_period,4
723,$400E_mode,0
724,$4000_duty,1
724,$4000_const,1
724,$4000_vol,14
724,$4004_duty,2
724,$4004_const,1
724,$4004_vol,7
724,$400C_const,1
724,$400C_vol,1
724,$400E_period,4
724,$400E_mode,0
725,$4000_duty,1
725,$4000_const,1
725,$4000_vol,13
725,$4004_duty,2
725,$4004_const,1
725,$4004_vol,7
725,$400C_const,1
725,$400C_vol,1
725,$400E_period,4
725,$400E_mode,0
726,$4008_linear,0
726,$4000_duty,1
726,$4000_const,1
726,$4000_vol,13
726,$4004_duty,2
726,$4004_const,1
726,$4004_vol,7
726,$400C_const,1
726,$400C_vol,5
726,$400E_period,4
726,$400E_mode,0
727,$4000_duty,1
727,$4000_const,1
727,$4000_vol,13
727,$4004_duty,2
727,$4004_const,1
727,$4004_vol,7
727,$400C_const,1
727,$400C_vol,5
727,$400E_period,4
727,$400E_mode,0
728,$4000_duty,1
728,$4000_const,1
728,$4000_vol,12
728,$4004_duty,2
728,$4004_const,1
728,$4004_vol,7
728,$400C_const,1
728,$400C_vol,2
728,$400E_period,4
728,$400E_mode,0
729,$4000_duty,1
729,$4000_const,1
729,$4000_vol,12
729,$4004_duty,2
729,$4004_const,1
729,$4004_vol,7
729,$400C_const,1
729,$400C_vol,2
729,$400E_period,4
729,$400E_mode,0
730,$4000_duty,1
730,$4000_const,1
730,$4000_vol,12
730,$4004_duty,2
730,$4004_const,1
730,$4004_vol,7
730,$400C_const,1
730,$400C_vol,1
730,$400E_period,4
730,$400E_mode,0
731,$4000_duty,1
731,$4000_const,1
731,$4000_vol,11
731,$4004_duty,2
731,$4004_const,1
731,$4004_vol,7
731,$400C_const,1
731,$400C_vol,1
731,$400E_period,4
731,$400E_mode,0
732,$4000_duty,1
732,$4000_const,1
732,$4000_vol,11
732,$4004_duty,2
732,$4004_const,1
732,$4004_vol,7
732,$400C_const,1
732,$400C_vol,0
732,$400E_period,4
732,$400E_mode,0
733,$400A_period,315
733,$400B_length,0
733,$4008_linear,1
733,$4000_duty,1
733,$4000_const,1
733,$4000_vol,11
733,$4004_duty,2
733,$4004_const,1
733,$4004_vol,7
733,$400C_const,1
733,$400C_vol,0
733,$400E_period,4
733,$400E_mode,0
734,$4000_duty,1
734,$4000_const,1
734,$4000_vol,10
734,$4004_duty,2
734,$4004_const,1
734,$4004_vol,7
734,$400C_const,1
734,$400C_vol,0
734,$400E_period,4
734,$400E_mode,0
735,$4000_duty,1
735,$4000_const,1
735,$4000_vol,10
735,$4004_duty,2
735,$4004_const,1
735,$4004_vol,7
735,$400C_const,1
735,$400C_vol,0
735,$400E_period,4
735,$400E_mode,0
736,$4000_duty,1
736,$4000_const,1
736,$4000_vol,10
736,$4004_duty,2
736,$4004_const,1
736,$4004_vol,7
736,$400C_const,1
736,$400C_vol,0
736,$400E_period,4
736,$400E_mode,0
737,$4008_linear,0
737,$4000_duty,1
737,$4000_const,1
737,$4000_vol,9
737,$4004_duty,2
737,$4004_const,1
737,$4004_vol,7
737,$400C_const,1
737,$400C_vol,0
737,$400E_period,4
737,$400E_mode,0
738,$4000_duty,1
738,$4000_const,1
738,$4000_vol,9
738,$4004_duty,2
738,$4004_const,1
738,$4004_vol,7
738,$400C_const,1
738,$400C_vol,0
738,$400E_period,4
738,$400E_mode,0
739,$4000_duty,1
739,$4000_const,1
739,$4000_vol,9
739,$4004_duty,2
739,$4004_const,1
739,$4004_vol,7
739,$400C_const,1
739,$400C_vol,0
739,$400E_period,4
739,$400E_mode,0
740,$4000_duty,1
740,$4000_const,1
740,$4000_vol,8
740,$4004_duty,2
740,$4004_const,1
740,$4004_vol,7
740,$400C_const,1
740,$400C_vol,0
740,$400E_period,4
740,$400E_mode,0
741,$4000_duty,1
741,$4000_const,1
741,$4000_vol,8
741,$4004_duty,2
741,$4004_const,1
741,$4004_vol,7
741,$400C_const,1
741,$400C_vol,0
741,$400E_period,4
741,$400E_mode,0
742,$4000_duty,1
742,$4000_const,1
742,$4000_vol,8
742,$4004_duty,2
742,$4004_const,1
742,$4004_vol,7
742,$400C_const,1
742,$400C_vol,0
742,$400E_period,4
742,$400E_mode,0
743,$4000_duty,1
743,$4000_const,1
743,$4000_vol,7
743,$4004_duty,2
743,$4004_const,1
743,$4004_vol,7
743,$400C_const,1
743,$400C_vol,0
743,$400E_period,4
743,$400E_mode,0
744,$4001_sweep,0
744,$4002_period,1059
744,$400B_length,2
744,$4008_linear,0
744,$4000_duty,1
744,$4000_const,1
744,$4000_vol,14
744,$4004_duty,2
744,$4004_const,1
744,$4004_vol,7
744,$400C_const,1
744,$400C_vol,0
744,$400E_period,4
744,$400E_mode,0
745,$4000_duty,1
745,$4000_const,1
745,$4000_vol,14
745,$4004_duty,2
745,$4004_const,1
745,$4004_vol,7
745,$400C_const,1
745,$400C_vol,0
745,$400E_period,4
745,$400E_mode,0
746,$4000_duty,1
746,$4000_const,1
746,$4000_vol,14
746,$4004_duty,2
746,$4004_const,1
746,$4004_vol,7
746,$400C_const,1
746,$400C_vol,0
746,$400E_period,4
746,$400E_mode,0
747,$4000_duty,1
747,$4000_const,1
747,$4000_vol,13
747,$4004_duty,2
747,$4004_const,1
747,$4004_vol,7
747,$400C_const,1
747,$400C_vol,0
747,$400E_period,4
747,$400E_mode,0
748,$4000_duty,1
748,$4000_const,1
748,$4000_vol,13
748,$4004_duty,2
748,$4004_const,1
748,$4004_vol,7
748,$400C_const,1
748,$400C_vol,0
748,$400E_period,4
748,$400E_mode,0
749,$4000_duty,1
749,$4000_const,1
749,$4000_vol,13
749,$4004_duty,2
749,$4004_const,1
749,$4004_vol,7
749,$400C_const,1
749,$400C_vol,0
749,$400E_period,4
749,$400E_mode,0
750,$4000_duty,1
750,$4000_const,1
750,$4000_vol,12
750,$4004_duty,2
750,$4004_const,1
750,$4004_vol,7
750,$400C_const,1
750,$400C_vol,0
750,$400E_period,4
750,$400E_mode,0
751,$4000_duty,1
751,$4000_const,1
751,$4000_vol,12
751,$4004_duty,2
751,$4004_const,1
751,$4004_vol,7
751,$400C_const,1
751,$400C_vol,0
751,$400E_period,4
751,$400E_mode,0
752,$4000_duty,1
752,$4000_const,1
752,$4000_vol,12
752,$4004_duty,2
752,$4004_const,1
752,$4004_vol,7
752,$400C_const,1
752,$400C_vol,0
752,$400E_period,4
752,$400E_mode,0
753,$4000_duty,1
753,$4000_const,1
753,$4000_vol,11
753,$4004_duty,2
753,$4004_const,1
753,$4004_vol,7
753,$400C_const,1
753,$400C_vol,0
753,$400E_period,4
753,$400E_mode,0
754,$400A_period,297
754,$400B_length,0
754,$4008_linear,1
754,$400E_period,4
754,$400E_mode,0
754,$4000_duty,1
754,$4000_const,1
754,$4000_vol,11
754,$4004_duty,0
754,$4004_const,1
754,$4004_vol,0
754,$400C_const,1
754,$400C_vol,10
754,$400E_period,4
754,$400E_mode,0
755,$4000_duty,1
755,$4000_const,1
755,$4000_vol,11
755,$4004_duty,0
755,$4004_const,1
755,$4004_vol,0
755,$400C_const,1
755,$400C_vol,10
755,$400E_period,4
755,$400E_mode,0
756,$4000_duty,1
756,$4000_const,1
756,$4000_vol,10
756,$4004_duty,0
756,$4004_const,1
756,$4004_vol,0
756,$400C_const,1
756,$400C_vol,1
756,$400E_period,4
756,$400E_mode,0
757,$4000_duty,1
757,$4000_const,1
757,$4000_vol,10
757,$4004_duty,0
757,$4004_const,1
757,$4004_vol,0
757,$400C_const,1
757,$400C_vol,1
757,$400E_period,4
757,$400E_mode,0
758,$4008_linear,0
758,$4000_duty,1
758,$4000_const,1
758,$4000_vol,10
758,$4004_duty,0
758,$4004_const,1
758,$4004_vol,0
758,$400C_const,1
758,$400C_vol,5
758,$400E_period,4
758,$400E_mode,0
759,$4000_duty,1
759,$4000_const,1
759,$4000_vol,9
759,$4004_duty,0
759,$4004_const,1
759,$4004_vol,0
759,$400C_const,1
759,$400C_vol,5
759,$400E_period,4
759,$400E_mode,0
760,$4000_duty,1
760,$4000_const,1
760,$4000_vol,9
760,$4004_duty,0
760,$4004_const,1
760,$4004_vol,0
760,$400C_const,1
760,$400C_vol,2
760,$400E_period,4
760,$400E_mode,0
761,$4000_duty,1
761,$4000_const,1
761,$4000_vol,9
761,$4004_duty,0
761,$4004_const,1
761,$4004_vol,0
761,$400C_const,1
761,$400C_vol,2
761,$400E_period,4
761,$400E_mode,0
762,$4000_duty,1
762,$4000_const,1
762,$4000_vol,8
762,$4004_duty,0
762,$4004_const,1
762,$4004_vol,0
762,$400C_const,1
762,$400C_vol,1
762,$400E_period,4
762,$400E_mode,0
763,$4000_duty,1
763,$4000_const,1
763,$4000_vol,8
763,$4004_duty,0
763,$4004_const,1
763,$4004_vol,0
763,$400C_const,1
763,$400C_vol,1
763,$400E_period,4
763,$400E_mode,0
764,$4000_duty,1
764,$4000_const,1
764,$4000_vol,8
764,$4004_duty,0
764,$4004_const,1
764,$4004_vol,0
764,$400C_const,1
764,$400C_vol,0
764,$400E_period,4
764,$400E_mode,0
765,$400A_period,297
765,$400B_length,0
765,$4008_linear,1
765,$4000_duty,1
765,$4000_const,1
765,$4000_vol,7
765,$4004_duty,0
765,$4004_const,1
765,$4004_vol,0
765,$400C_const,1
765,$400C_vol,0
765,$400E_period,4
765,$400E_mode,0
766,$4000_duty,1
766,$4000_const,1
766,$4000_vol,7
766,$4004_duty,0
766,$4004_const,1
766,$4004_vol,0
766,$400C_const,1
766,$400C_vol,0
766,$400E_period,4
766,$400E_mode,0
767,$4000_duty,1
767,$4000_const,1
767,$4000_vol,7
767,$4004_duty,0
767,$4004_const,1
767,$4004_vol,0
767,$400C_const,1
767,$400C_vol,0
767,$400E_period,4
767,$400E_mode,0
768,$4000_duty,1
768,$4000_const,1
768,$4000_vol,6
768,$4004_duty,0
768,$4004_const,1
768,$4004_vol,0
768,$400C_const,1
768,$400C_vol,0
768,$400E_period,4
768,$400E_mode,0
769,$4008_linear,0
769,$4000_duty,1
769,$4000_const,1
769,$4000_vol,6
769,$4004_duty,0
769,$4004_const,1
769,$4004_vol,0
769,$400C_const,1
769,$400C_vol,0
769,$400E_period,4
769,$400E_mode,0
770,$4000_duty,1
770,$4000_const,1
770,$4000_vol,6
770,$4004_duty,0
770,$4004_const,1
770,$4004_vol,0
770,$400C_const,1
770,$400C_vol,0
770,$400E_period,4
770,$400E_mode,0
771,$4000_duty,1
771,$4000_const,1
771,$4000_vol,5
771,$4004_duty,0
771,$4004_const,1
771,$4004_vol,0
771,$400C_const,1
771,$400C_vol,0
771,$400E_period,4
771,$400E_mode,0
772,$4000_duty,1
772,$4000_const,1
772,$4000_vol,5
772,$4004_duty,0
772,$4004_const,1
772,$4004_vol,0
772,$400C_const,1
772,$400C_vol,0
772,$400E_period,4
772,$400E_mode,0
773,$4000_duty,1
773,$4000_const,1
773,$4000_vol,5
773,$4004_duty,0
773,$4004_const,1
773,$4004_vol,0
773,$400C_const,1
773,$400C_vol,0
773,$400E_period,4
773,$400E_mode,0
774,$4000_duty,1
774,$4000_const,1
774,$4000_vol,4
774,$4004_duty,0
774,$4004_const,1
774,$4004_vol,0
774,$400C_const,1
774,$400C_vol,0
774,$400E_period,4
774,$400E_mode,0
775,$4000_duty,1
775,$4000_const,1
775,$4000_vol,4
775,$4004_duty,0
775,$4004_const,1
775,$4004_vol,0
775,$400C_const,1
775,$400C_vol,0
775,$400E_period,4
775,$400E_mode,0
776,$4001_sweep,0
776,$4002_period,1059
776,$400B_length,2
776,$400A_period,297
776,$400B_length,0
776,$4008_linear,1
776,$400E_period,4
776,$400E_mode,0
776,$4000_duty,1
776,$4000_const,1
776,$4000_vol,14
776,$4004_duty,0
776,$4004_const,1
776,$4004_vol,0
776,$400C_const,1
776,$400C_vol,10
776,$400E_period,4
776,$400E_mode,0
777,$4000_duty,1
777,$4000_const,1
777,$4000_vol,14
777,$4004_duty,0
777,$4004_const,1
777,$4004_vol,0
777,$400C_const,1
777,$400C_vol,10
777,$400E_period,4
777,$400E_mode,0
778,$4000_duty,1
778,$4000_const,1
778,$4000_vol,14
778,$4004_duty,0
778,$4004_const,1
778,$4004_vol,0
778,$400C_const,1
778,$400C_vol,1
778,$400E_period,4
778,$400E_mode,0
779,$4000_duty,1
779,$4000_const,1
779,$4000_vol,13
779,$4004_duty,0
779,$4004_const,1
779,$4004_vol,0
779,$400C_const,1
779,$400C_vol,1
779,$400E_period,4
779,$400E_mode,0
780,$4008_linear,0
780,$4000_duty,1
780,$4000_const,1
780,$4000_vol,13
780,$4004_duty,0
780,$4004_const,1
780,$4004_vol,0
780,$400C_const,1
780,$400C_vol,5
780,$400E_period,4
780,$400E_mode,0
781,$4000_duty,1
781,$4000_const,1
781,$4000_vol,13
781,$4004_duty,0
781,$4004_const,1
781,$4004_vol,0
781,$400C_const,1
781,$400C_vol,5
781,$400E_period,4
781,$400E_mode,0
782,$4000_duty,1
782,$4000_const,1
782,$4000_vol,12
782,$4004_duty,0
782,$4004_const,1
782,$4004_vol,0
782,$400C_const,1
782,$400C_vol,2
782,$400E_period,4
782,$400E_mode,0
783,$4000_duty,1
783,$4000_const,1
783,$4000_vol,12
783,$4004_duty,0
783,$4004_const,1
783,$4004_vol,0
783,$400C_const,1
783,$400C_vol,2
783,$400E_period,4
783,$400E_mode,0
784,$4000_duty,1
784,$4000_const,1
784,$4000_vol,12
784,$4004_duty,0
784,$4004_const,1
784,$4004_vol,0
784,$400C_const,1
784,$400C_vol,1
784,$400E_period,4
784,$400E_mode,0
785,$4000_duty,1
785,$4000_const,1
785,$4000_vol,11
785,$4004_duty,0
785,$4004_const,1
785,$4004_vol,0
785,$400C_const,1
785,$400C_vol,1
785,$400E_period,4
785,$400E_mode,0
786,$4000_duty,1
786,$4000_const,1
786,$4000_vol,11
786,$4004_duty,0
786,$4004_const,1
786,$4004_vol,0
786,$400C_const,1
786,$400C_vol,0
786,$400E_period,4
786,$400E_mode,0
787,$400A_period,297
787,$400B_length,0
787,$4008_linear,1
787,$400E_period,4
787,$400E_mode,0
787,$4000_duty,1
787,$4000_const,1
787,$4000_vol,11
787,$4004_duty,0
787,$4004_const,1
787,$4004_vol,0
787,$400C_const,1
787,$400C_vol,10
787,$400E_period,4
787,$400E_mode,0
788,$4000_duty,1
788,$4000_const,1
788,$4000_vol,10
788,$4004_duty,0
788,$4004_const,1
788,$4004_vol,0
788,$400C_const,1
788,$400C_vol,10
788,$400E_period,4
788,$400E_mode,0
789,$4000_duty,1
789,$4000_const,1
789,$4000_vol,10
789,$4004_duty,0
789,$4004_const,1
789,$4004_vol,0
789,$400C_const,1
789,$400C_vol,1
789,$400E_period,4
789,$400E_mode,0
790,$4000_duty,1
790,$4000_const,1
790,$4000_vol,10
790,$4004_duty,0
790,$4004_const,1
790,$4004_vol,0
790,$400C_const,1
790,$400C_vol,1
790,$400E_period,4
790,$400E_mode,0
791,$4008_linear,0
791,$4000_duty,1
791,$4000_const,1
791,$4000_vol,9
791,$4004_duty,0
791,$4004_const,1
791,$4004_vol,0
791,$400C_const,1
791,$400C_vol,5
791,$400E_period,4
791,$400E_mode,0
792,$4000_duty,1
792,$4000_const,1
792,$4000_vol,9
792,$4004_duty,0
792,$4004_const,1
792,$4004_vol,0
792,$400C_const,1
792,$400C_vol,5
792,$400E_period,4
792,$400E_mode,0
793,$4000_duty,1
793,$4000_const,1
793,$4000_vol,9
793,$4004_duty,0
793,$4004_const,1
793,$4004_vol,0
793,$400C_const,1
793,$400C_vol,2
793,$400E_period,4
793,$400E_mode,0
794,$4000_duty,1
794,$4000_const,1
794,$4000_vol,8
794,$4004_duty,0
794,$4004_const,1
794,$4004_vol,0
794,$400C_const,1
794,$400C_vol,2
794,$400E_period,4
794,$400E_mode,0
795,$4000_duty,1
795,$4000_const,1
795,$4000_vol,8
795,$4004_duty,0
795,$4004_const,1
795,$4004_vol,0
795,$400C_const,1
795,$400C_vol,1
795,$400E_period,4
795,$400E_mode,0
796,$4000_duty,1
796,$4000_const,1
796,$4000_vol,8
796,$4004_duty,0
796,$4004_const,1
796,$4004_vol,0
796,$400C_const,1
796,$400C_vol,1
796,$400E_period,4
796,$400E_mode,0
797,$4000_duty,1
797,$4000_const,1
797,$4000_vol,7
797,$4004_duty,0
797,$4004_const,1
797,$4004_vol,0
797,$400C_const,1
797,$400C_vol,0
797,$400E_period,4
797,$400E_mode,0
798,$400A_period,297
798,$400B_length,0
798,$4008_linear,1
798,$4000_duty,1
798,$4000_const,1
798,$4000_vol,7
798,$4004_duty,0
798,$4004_const,1
798,$4004_vol,0
798,$400C_const,1
798,$400C_vol,0
798,$400E_period,4
798,$400E_mode,0
799,$4000_duty,1
799,$4000_const,1
799,$4000_vol,7
799,$4004_duty,0
799,$4004_const,1
799,$4004_vol,0
799,$400C_const,1
799,$400C_vol,0
799,$400E_period,4
799,$400E_mode,0
