frame,parameter,value
1,$4000_duty,2
1,$4000_const,1
1,$4000_vol,4
1,$4004_duty,2
1,$4004_const,1
1,$4004_vol,4
1,$4008_linear,31
1,$400C_const,1
1,$400C_vol,4
1,$400E_period,4
1,$400E_mode,0
3,$4000_duty,2
3,$4000_const,1
3,$4000_vol,4
3,$4004_duty,2
3,$4004_const,1
3,$4004_vol,4
3,$4008_linear,31
3,$400C_const,1
3,$400C_vol,4
3,$400E_period,4
3,$400E_mode,0
5,$4000_duty,2
5,$4000_const,1
5,$4000_vol,4
5,$4004_duty,2
5,$4004_const,1
5,$4004_vol,4
5,$4008_linear,31
5,$400C_const,1
5,$400C_vol,4
5,$400E_period,4
5,$400E_mode,0
6,$4000_duty,2
6,$4000_const,1
6,$4000_vol,4
6,$4004_duty,2
6,$4004_const,1
6,$4004_vol,4
6,$4008_linear,31
6,$400C_const,1
6,$400C_vol,4
6,$400E_period,4
6,$400E_mode,0
7,$4001_sweep,67
7,$4000_duty,2
7,$4000_const,1
7,$4000_vol,6
7,$4002_period,1141
7,$400B_length,26
7,$4005_sweep,67
7,$4004_duty,2
7,$4004_const,1
7,$4004_vol,2
7,$4006_period,1
7,$4008_linear,31
7,$400A_period,855
7,$400B_length,105
7,$400C_const,1
7,$400C_vol,6
7,$400E_period,13
7,$400E_mode,0
8,$4000_duty,2
8,$4000_const,1
8,$4000_vol,5
8,$4004_duty,2
8,$4004_const,1
8,$4004_vol,2
8,$4008_linear,31
8,$400C_const,1
8,$400C_vol,6
8,$400E_period,13
8,$400E_mode,0
10,$4000_duty,2
10,$4000_const,1
10,$4000_vol,4
10,$4004_duty,2
10,$4004_const,1
10,$4004_vol,1
10,$4008_linear,31
10,$400C_const,1
10,$400C_vol,6
10,$400E_period,13
10,$400E_mode,0
12,$4000_duty,2
12,$4000_const,1
12,$4000_vol,3
12,$4004_duty,2
12,$4004_const,1
12,$4004_vol,1
12,$4008_linear,31
12,$400C_const,1
12,$400C_vol,6
12,$400E_period,13
12,$400E_mode,0
14,$4000_duty,2
14,$4000_const,1
14,$4000_vol,2
14,$4004_duty,2
14,$4004_const,1
14,$4004_vol,0
14,$4008_linear,31
14,$400C_const,1
14,$400C_vol,6
14,$400E_period,13
14,$400E_mode,0
15,$4000_duty,2
15,$4000_const,1
15,$4000_vol,1
15,$4004_duty,2
15,$4004_const,1
15,$4004_vol,0
15,$4008_linear,31
15,$400C_const,1
15,$400C_vol,6
15,$400E_period,13
15,$400E_mode,0
16,$4001_sweep,67
16,$4000_duty,2
16,$4000_const,1
16,$4000_vol,6
16,$4002_period,569
16,$400B_length,25
16,$4008_linear,31
16,$400A_period,855
16,$400B_length,105
16,$400C_const,1
16,$400C_vol,3
16,$400E_period,13
16,$400E_mode,0
17,$4000_duty,2
17,$4000_const,1
17,$4000_vol,5
17,$4004_duty,2
17,$4004_const,1
17,$4004_vol,0
17,$4008_linear,31
17,$400C_const,1
17,$400C_vol,3
17,$400E_period,13
17,$400E_mode,0
18,$4005_sweep,67
18,$4004_duty,2
18,$4004_const,1
18,$4004_vol,2
18,$4006_period,1141
19,$4000_duty,2
19,$4000_const,1
19,$4000_vol,4
19,$4004_duty,2
19,$4004_const,1
19,$4004_vol,2
19,$4008_linear,31
19,$400C_const,1
19,$400C_vol,3
19,$400E_period,13
19,$400E_mode,0
21,$4000_duty,2
21,$4000_const,1
21,$4000_vol,3
21,$4004_duty,2
21,$4004_const,1
21,$4004_vol,1
21,$4008_linear,31
21,$400C_const,1
21,$400C_vol,3
21,$400E_period,13
21,$400E_mode,0
23,$4000_duty,2
23,$4000_const,1
23,$4000_vol,2
23,$4004_duty,2
23,$4004_const,1
23,$4004_vol,1
23,$4008_linear,31
23,$400C_const,1
23,$400C_vol,3
23,$400E_period,13
23,$400E_mode,0
24,$4000_duty,2
24,$4000_const,1
24,$4000_vol,1
24,$4004_duty,2
24,$4004_const,1
24,$4004_vol,0
24,$4008_linear,31
24,$400C_const,1
24,$400C_vol,3
24,$400E_period,13
24,$400E_mode,0
25,$4001_sweep,67
25,$4000_duty,2
25,$4000_const,1
25,$4000_vol,6
25,$4002_period,569
25,$400B_length,25
25,$4008_linear,31
25,$400A_period,855
25,$400B_length,105
25,$400C_const,1
25,$400C_vol,2
25,$400E_period,13
25,$400E_mode,0
26,$4000_duty,2
26,$4000_const,1
26,$4000_vol,5
26,$4004_duty,2
26,$4004_const,1
26,$4004_vol,0
26,$4008_linear,31
26,$400C_const,1
26,$400C_vol,2
26,$400E_period,13
26,$400E_mode,0
27,$4005_sweep,67
27,$4004_duty,2
27,$4004_const,1
27,$4004_vol,2
27,$4006_period,569
28,$4000_duty,2
28,$4000_const,1
28,$4000_vol,4
28,$4004_duty,2
28,$4004_const,1
28,$4004_vol,2
28,$4008_linear,31
28,$400C_const,1
28,$400C_vol,2
28,$400E_period,13
28,$400E_mode,0
30,$4000_duty,2
30,$4000_const,1
30,$4000_vol,3
30,$4004_duty,2
30,$4004_const,1
30,$4004_vol,1
30,$4008_linear,31
30,$400C_const,1
30,$400C_vol,2
30,$400E_period,13
30,$400E_mode,0
32,$4000_duty,2
32,$4000_const,1
32,$4000_vol,2
32,$4004_duty,2
32,$4004_const,1
32,$4004_vol,1
32,$4008_linear,31
32,$400C_const,1
32,$400C_vol,2
32,$400E_period,13
32,$400E_mode,0
33,$4000_duty,2
33,$4000_const,1
33,$4000_vol,1
33,$4004_duty,2
33,$4004_const,1
33,$4004_vol,0
33,$4008_linear,31
33,$400C_const,1
33,$400C_vol,2
33,$400E_period,13
33,$400E_mode,0
34,$4001_sweep,67
34,$4000_duty,2
34,$4000_const,1
34,$4000_vol,6
34,$4002_period,603
34,$400B_length,25
34,$4008_linear,31
34,$400A_period,855
34,$400B_length,105
34,$400C_const,1
34,$400C_vol,1
34,$400E_period,13
34,$400E_mode,0
35,$4000_duty,2
35,$4000_const,1
35,$4000_vol,5
35,$4004_duty,2
35,$4004_const,1
35,$4004_vol,0
35,$4008_linear,31
35,$400C_const,1
35,$400C_vol,1
35,$400E_period,13
35,$400E_mode,0
36,$4005_sweep,67
36,$4004_duty,2
36,$4004_const,1
36,$4004_vol,2
36,$4006_period,569
37,$4000_duty,2
37,$4000_const,1
37,$4000_vol,4
37,$4004_duty,2
37,$4004_const,1
37,$4004_vol,2
37,$4008_linear,31
37,$400C_const,1
37,$400C_vol,1
37,$400E_period,13
37,$400E_mode,0
39,$4000_duty,2
39,$4000_const,1
39,$4000_vol,3
39,$4004_duty,2
39,$4004_const,1
39,$4004_vol,1
39,$4008_linear,31
39,$400C_const,1
39,$400C_vol,1
39,$400E_period,13
39,$400E_mode,0
41,$4000_duty,2
41,$4000_const,1
41,$4000_vol,2
41,$4004_duty,2
41,$4004_const,1
41,$4004_vol,1
41,$4008_linear,31
41,$400C_const,1
41,$400C_vol,1
41,$400E_period,13
41,$400E_mode,0
42,$4000_duty,2
42,$4000_const,1
42,$4000_vol,1
42,$4004_duty,2
42,$4004_const,1
42,$4004_vol,0
42,$4008_linear,31
42,$400C_const,1
42,$400C_vol,1
42,$400E_period,13
42,$400E_mode,0
43,$4001_sweep,67
43,$4000_duty,2
43,$4000_const,1
43,$4000_vol,6
43,$4002_period,761
43,$400B_length,25
43,$4008_linear,31
43,$400A_period,855
43,$400B_length,105
43,$400C_const,1
43,$400C_vol,6
43,$400E_period,6
43,$400E_mode,0
44,$4000_duty,2
44,$4000_const,1
44,$4000_vol,5
44,$4004_duty,2
44,$4004_const,1
44,$4004_vol,0
44,$4008_linear,31
44,$400C_const,1
44,$400C_vol,6
44,$400E_period,6
44,$400E_mode,0
45,$4005_sweep,67
45,$4004_duty,2
45,$4004_const,1
45,$4004_vol,2
45,$4006_period,603
46,$4000_duty,2
46,$4000_const,1
46,$4000_vol,4
46,$4004_duty,2
46,$4004_const,1
46,$4004_vol,2
46,$4008_linear,31
46,$400C_const,1
46,$400C_vol,6
46,$400E_period,6
46,$400E_mode,0
48,$4000_duty,2
48,$4000_const,1
48,$4000_vol,3
48,$4004_duty,2
48,$4004_const,1
48,$4004_vol,1
48,$4008_linear,31
48,$400C_const,1
48,$400C_vol,6
48,$400E_period,6
48,$400E_mode,0
50,$4000_duty,2
50,$4000_const,1
50,$4000_vol,2
50,$4004_duty,2
50,$4004_const,1
50,$4004_vol,1
50,$4008_linear,31
50,$400C_const,1
50,$400C_vol,6
50,$400E_period,6
50,$400E_mode,0
51,$4000_duty,2
51,$4000_const,1
51,$4000_vol,1
51,$4004_duty,2
51,$4004_const,1
51,$4004_vol,0
51,$4008_linear,31
51,$400C_const,1
51,$400C_vol,6
51,$400E_period,6
51,$400E_mode,0
52,$4008_linear,31
52,$400A_period,855
52,$400B_length,105
52,$400C_const,1
52,$400C_vol,3
52,$400E_period,6
52,$400E_mode,0
53,$4000_duty,2
53,$4000_const,1
53,$4000_vol,0
53,$4004_duty,2
53,$4004_const,1
53,$4004_vol,0
53,$4008_linear,31
53,$400C_const,1
53,$400C_vol,3
53,$400E_period,6
53,$400E_mode,0
54,$4005_sweep,67
54,$4004_duty,2
54,$4004_const,1
54,$4004_vol,2
54,$4006_period,761
55,$4000_duty,2
55,$4000_const,1
55,$4000_vol,0
55,$4004_duty,2
55,$4004_const,1
55,$4004_vol,2
55,$4008_linear,31
55,$400C_const,1
55,$400C_vol,3
55,$400E_period,6
55,$400E_mode,0
57,$4000_duty,2
57,$4000_const,1
57,$4000_vol,0
57,$4004_duty,2
57,$4004_const,1
57,$4004_vol,1
57,$4008_linear,31
57,$400C_const,1
57,$400C_vol,3
57,$400E_period,6
57,$400E_mode,0
59,$4000_duty,2
59,$4000_const,1
59,$4000_vol,0
59,$4004_duty,2
59,$4004_const,1
59,$4004_vol,1
59,$4008_linear,31
59,$400C_const,1
59,$400C_vol,3
59,$400E_period,6
59,$400E_mode,0
60,$4001_sweep,67
60,$4000_duty,2
60,$4000_const,1
60,$4000_vol,6
60,$4002_period,1017
60,$400B_length,25
60,$4008_linear,31
60,$400A_period,855
60,$400B_length,105
60,$400C_const,1
60,$400C_vol,5
60,$400E_period,13
60,$400E_mode,0
61,$4000_duty,2
61,$4000_const,1
61,$4000_vol,5
61,$4004_duty,2
61,$4004_const,1
61,$4004_vol,0
61,$4008_linear,31
61,$400C_const,1
61,$400C_vol,5
61,$400E_period,13
61,$400E_mode,0
62,$4000_duty,2
62,$4000_const,1
62,$4000_vol,4
62,$4004_duty,2
62,$4004_const,1
62,$4004_vol,0
62,$4008_linear,31
62,$400C_const,1
62,$400C_vol,5
62,$400E_period,13
62,$400E_mode,0
64,$4000_duty,2
64,$4000_const,1
64,$4000_vol,3
64,$4004_duty,2
64,$4004_const,1
64,$4004_vol,0
64,$4008_linear,31
64,$400C_const,1
64,$400C_vol,5
64,$400E_period,13
64,$400E_mode,0
66,$4000_duty,2
66,$4000_const,1
66,$4000_vol,2
66,$4004_duty,2
66,$4004_const,1
66,$4004_vol,0
66,$4008_linear,31
66,$400C_const,1
66,$400C_vol,5
66,$400E_period,13
66,$400E_mode,0
68,$4000_duty,2
68,$4000_const,1
68,$4000_vol,1
68,$4004_duty,2
68,$4004_const,1
68,$4004_vol,0
68,$4008_linear,31
68,$400C_const,1
68,$400C_vol,5
68,$400E_period,13
68,$400E_mode,0
69,$4001_sweep,67
69,$4000_duty,2
69,$4000_const,1
69,$4000_vol,6
69,$4002_period,905
69,$400B_length,25
69,$4008_linear,31
69,$400A_period,855
69,$400B_length,105
69,$400C_const,1
69,$400C_vol,2
69,$400E_period,13
69,$400E_mode,0
70,$4000_duty,2
70,$4000_const,1
70,$4000_vol,5
70,$4004_duty,2
70,$4004_const,1
70,$4004_vol,0
70,$4008_linear,31
70,$400C_const,1
70,$400C_vol,2
70,$400E_period,13
70,$400E_mode,0
71,$4000_duty,2
71,$4000_const,1
71,$4000_vol,4
71,$4004_duty,2
71,$4004_const,1
71,$4004_vol,0
71,$4008_linear,31
71,$400C_const,1
71,$400C_vol,2
71,$400E_period,13
71,$400E_mode,0
72,$4005_sweep,67
72,$4004_duty,2
72,$4004_const,1
72,$4004_vol,2
72,$4006_period,1017
73,$4000_duty,2
73,$4000_const,1
73,$4000_vol,3
73,$4004_duty,2
73,$4004_const,1
73,$4004_vol,2
73,$4008_linear,31
73,$400C_const,1
73,$400C_vol,2
73,$400E_period,13
73,$400E_mode,0
75,$4000_duty,2
75,$4000_const,1
75,$4000_vol,2
75,$4004_duty,2
75,$4004_const,1
75,$4004_vol,1
75,$4008_linear,31
75,$400C_const,1
75,$400C_vol,2
75,$400E_period,13
75,$400E_mode,0
77,$4000_duty,2
77,$4000_const,1
77,$4000_vol,1
77,$4004_duty,2
77,$4004_const,1
77,$4004_vol,1
77,$4008_linear,31
77,$400C_const,1
77,$400C_vol,2
77,$400E_period,13
77,$400E_mode,0
78,$4001_sweep,67
78,$4000_duty,2
78,$4000_const,1
78,$4000_vol,6
78,$4002_period,1141
78,$400B_length,26
78,$4008_linear,31
78,$400A_period,855
78,$400B_length,105
78,$400C_const,1
78,$400C_vol,6
78,$400E_period,13
78,$400E_mode,0
79,$4000_duty,2
79,$4000_const,1
79,$4000_vol,5
79,$4004_duty,2
79,$4004_const,1
79,$4004_vol,0
79,$4008_linear,31
79,$400C_const,1
79,$400C_vol,6
79,$400E_period,13
79,$400E_mode,0
80,$4000_duty,2
80,$4000_const,1
80,$4000_vol,4
80,$4004_duty,2
80,$4004_const,1
80,$4004_vol,0
80,$4008_linear,31
80,$400C_const,1
80,$400C_vol,6
80,$400E_period,13
80,$400E_mode,0
81,$4005_sweep,67
81,$4004_duty,2
81,$4004_const,1
81,$4004_vol,2
81,$4006_period,905
82,$4000_duty,2
82,$4000_const,1
82,$4000_vol,3
82,$4004_duty,2
82,$4004_const,1
82,$4004_vol,2
82,$4008_linear,31
82,$400C_const,1
82,$400C_vol,6
82,$400E_period,13
82,$400E_mode,0
84,$4000_duty,2
84,$4000_const,1
84,$4000_vol,2
84,$4004_duty,2
84,$4004_const,1
84,$4004_vol,1
84,$4008_linear,31
84,$400C_const,1
84,$400C_vol,6
84,$400E_period,13
84,$400E_mode,0
86,$4000_duty,2
86,$4000_const,1
86,$4000_vol,1
86,$4004_duty,2
86,$4004_const,1
86,$4004_vol,1
86,$4008_linear,31
86,$400C_const,1
86,$400C_vol,6
86,$400E_period,13
86,$400E_mode,0
87,$4001_sweep,67
87,$4000_duty,2
87,$4000_const,1
87,$4000_vol,6
87,$4002_period,569
87,$400B_length,25
87,$4008_linear,31
87,$400A_period,855
87,$400B_length,105
87,$400C_const,1
87,$400C_vol,3
87,$400E_period,13
87,$400E_mode,0
88,$4000_duty,2
88,$4000_const,1
88,$4000_vol,5
88,$4004_duty,2
88,$4004_const,1
88,$4004_vol,0
88,$4008_linear,31
88,$400C_const,1
88,$400C_vol,3
88,$400E_period,13
88,$400E_mode,0
89,$4000_duty,2
89,$4000_const,1
89,$4000_vol,4
89,$4004_duty,2
89,$4004_const,1
89,$4004_vol,0
89,$4008_linear,31
89,$400C_const,1
89,$400C_vol,3
89,$400E_period,13
89,$400E_mode,0
90,$4005_sweep,67
90,$4004_duty,2
90,$4004_const,1
90,$4004_vol,2
90,$4006_period,1141
91,$4000_duty,2
91,$4000_const,1
91,$4000_vol,3
91,$4004_duty,2
91,$4004_const,1
91,$4004_vol,2
91,$4008_linear,31
91,$400C_const,1
91,$400C_vol,3
91,$400E_period,13
91,$400E_mode,0
93,$4000_duty,2
93,$4000_const,1
93,$4000_vol,2
93,$4004_duty,2
93,$4004_const,1
93,$4004_vol,1
93,$4008_linear,31
93,$400C_const,1
93,$400C_vol,3
93,$400E_period,13
93,$400E_mode,0
95,$4000_duty,2
95,$4000_const,1
95,$4000_vol,1
95,$4004_duty,2
95,$4004_const,1
95,$4004_vol,1
95,$4008_linear,31
95,$400C_const,1
95,$400C_vol,3
95,$400E_period,13
95,$400E_mode,0
96,$4001_sweep,67
96,$4000_duty,2
96,$4000_const,1
96,$4000_vol,6
96,$4002_period,569
96,$400B_length,25
96,$4008_linear,31
96,$400A_period,855
96,$400B_length,105
96,$400C_const,1
96,$400C_vol,2
96,$400E_period,13
96,$400E_mode,0
97,$4000_duty,2
97,$4000_const,1
97,$4000_vol,5
97,$4004_duty,2
97,$4004_const,1
97,$4004_vol,0
97,$4008_linear,31
97,$400C_const,1
97,$400C_vol,2
97,$400E_period,13
97,$400E_mode,0
98,$4000_duty,2
98,$4000_const,1
98,$4000_vol,4
98,$4004_duty,2
98,$4004_const,1
98,$4004_vol,0
98,$4008_linear,31
98,$400C_const,1
98,$400C_vol,2
98,$400E_period,13
98,$400E_mode,0
99,$4005_sweep,67
99,$4004_duty,2
99,$4004_const,1
99,$4004_vol,2
99,$4006_period,569
100,$4000_duty,2
100,$4000_const,1
100,$4000_vol,3
100,$4004_duty,2
100,$4004_const,1
100,$4004_vol,2
100,$4008_linear,31
100,$400C_const,1
100,$400C_vol,2
100,$400E_period,13
100,$400E_mode,0
102,$4000_duty,2
102,$4000_const,1
102,$4000_vol,2
102,$4004_duty,2
102,$4004_const,1
102,$4004_vol,1
102,$4008_linear,31
102,$400C_const,1
102,$400C_vol,2
102,$400E_period,13
102,$400E_mode,0
104,$4000_duty,2
104,$4000_const,1
104,$4000_vol,1
104,$4004_duty,2
104,$4004_const,1
104,$4004_vol,1
104,$4008_linear,31
104,$400C_const,1
104,$400C_vol,2
104,$400E_period,13
104,$400E_mode,0
105,$4001_sweep,67
105,$4000_duty,2
105,$4000_const,1
105,$4000_vol,6
105,$4002_period,603
105,$400B_length,25
105,$4008_linear,31
105,$400A_period,855
105,$400B_length,105
105,$400C_const,1
105,$400C_vol,1
105,$400E_period,13
105,$400E_mode,0
106,$4000_duty,2
106,$4000_const,1
106,$4000_vol,5
106,$4004_duty,2
106,$4004_const,1
106,$4004_vol,0
106,$4008_linear,31
106,$400C_const,1
106,$400C_vol,1
106,$400E_period,13
106,$400E_mode,0
107,$4000_duty,2
107,$4000_const,1
107,$4000_vol,4
107,$4004_duty,2
107,$4004_const,1
107,$4004_vol,0
107,$4008_linear,31
107,$400C_const,1
107,$400C_vol,1
107,$400E_period,13
107,$400E_mode,0
108,$4005_sweep,67
108,$4004_duty,2
108,$4004_const,1
108,$4004_vol,2
108,$4006_period,569
109,$4000_duty,2
109,$4000_const,1
109,$4000_vol,3
109,$4004_duty,2
109,$4004_const,1
109,$4004_vol,2
109,$4008_linear,31
109,$400C_const,1
109,$400C_vol,1
109,$400E_period,13
109,$400E_mode,0
111,$4000_duty,2
111,$4000_const,1
111,$4000_vol,2
111,$4004_duty,2
111,$4004_const,1
111,$4004_vol,1
111,$4008_linear,31
111,$400C_const,1
111,$400C_vol,1
111,$400E_period,13
111,$400E_mode,0
113,$4000_duty,2
113,$4000_const,1
113,$4000_vol,1
113,$4004_duty,2
113,$4004_const,1
113,$4004_vol,1
113,$4008_linear,31
113,$400C_const,1
113,$400C_vol,1
113,$400E_period,13
113,$400E_mode,0
114,$4001_sweep,67
114,$4000_duty,2
114,$4000_const,1
114,$4000_vol,6
114,$4002_period,761
114,$400B_length,25
114,$4008_linear,31
114,$400A_period,855
114,$400B_length,105
114,$400C_const,1
114,$400C_vol,6
114,$400E_period,6
114,$400E_mode,0
115,$4000_duty,2
115,$4000_const,1
115,$4000_vol,5
115,$4004_duty,2
115,$4004_const,1
115,$4004_vol,0
115,$4008_linear,31
115,$400C_const,1
115,$400C_vol,6
115,$400E_period,6
115,$400E_mode,0
116,$4000_duty,2
116,$4000_const,1
116,$4000_vol,4
116,$4004_duty,2
116,$4004_const,1
116,$4004_vol,0
116,$4008_linear,31
116,$400C_const,1
116,$400C_vol,6
116,$400E_period,6
116,$400E_mode,0
117,$4005_sweep,67
117,$4004_duty,2
117,$4004_const,1
117,$4004_vol,2
117,$4006_period,603
118,$4000_duty,2
118,$4000_const,1
118,$4000_vol,3
118,$4004_duty,2
118,$4004_const,1
118,$4004_vol,2
118,$4008_linear,31
118,$400C_const,1
118,$400C_vol,6
118,$400E_period,6
118,$400E_mode,0
120,$4000_duty,2
120,$4000_const,1
120,$4000_vol,2
120,$4004_duty,2
120,$4004_const,1
120,$4004_vol,1
120,$4008_linear,31
120,$400C_const,1
120,$400C_vol,6
120,$400E_period,6
120,$400E_mode,0
122,$4000_duty,2
122,$4000_const,1
122,$4000_vol,1
122,$4004_duty,2
122,$4004_const,1
122,$4004_vol,1
122,$4008_linear,31
122,$400C_const,1
122,$400C_vol,6
122,$400E_period,6
122,$400E_mode,0
123,$4008_linear,31
123,$400A_period,855
123,$400B_length,105
123,$400C_const,1
123,$400C_vol,3
123,$400E_period,6
123,$400E_mode,0
124,$4000_duty,2
124,$4000_const,1
124,$4000_vol,0
124,$4004_duty,2
124,$4004_const,1
124,$4004_vol,0
124,$4008_linear,31
124,$400C_const,1
124,$400C_vol,3
124,$400E_period,6
124,$400E_mode,0
125,$4000_duty,2
125,$4000_const,1
125,$4000_vol,0
125,$4004_duty,2
125,$4004_const,1
125,$4004_vol,0
125,$4008_linear,31
125,$400C_const,1
125,$400C_vol,3
125,$400E_period,6
125,$400E_mode,0
126,$4005_sweep,67
126,$4004_duty,2
126,$4004_const,1
126,$4004_vol,2
126,$4006_period,761
127,$4000_duty,2
127,$4000_const,1
127,$4000_vol,0
127,$4004_duty,2
127,$4004_const,1
127,$4004_vol,2
127,$4008_linear,31
127,$400C_const,1
127,$400C_vol,3
127,$400E_period,6
127,$400E_mode,0
129,$4000_duty,2
129,$4000_const,1
129,$4000_vol,0
129,$4004_duty,2
129,$4004_const,1
129,$4004_vol,1
129,$4008_linear,31
129,$400C_const,1
129,$400C_vol,3
129,$400E_period,6
129,$400E_mode,0
131,$4000_duty,2
131,$4000_const,1
131,$4000_vol,0
131,$4004_duty,2
131,$4004_const,1
131,$4004_vol,1
131,$4008_linear,31
131,$400C_const,1
131,$400C_vol,3
131,$400E_period,6
131,$400E_mode,0
132,$4001_sweep,67
132,$4000_duty,2
132,$4000_const,1
132,$4000_vol,6
132,$4002_period,1017
132,$400B_length,25
132,$4008_linear,31
132,$400A_period,855
132,$400B_length,105
132,$400C_const,1
132,$400C_vol,2
132,$400E_period,6
132,$400E_mode,0
133,$4000_duty,2
133,$4000_const,1
133,$4000_vol,5
133,$4004_duty,2
133,$4004_const,1
133,$4004_vol,0
133,$4008_linear,31
133,$400C_const,1
133,$400C_vol,2
133,$400E_period,6
133,$400E_mode,0
134,$4000_duty,2
134,$4000_const,1
134,$4000_vol,4
134,$4004_duty,2
134,$4004_const,1
134,$4004_vol,0
134,$4008_linear,31
134,$400C_const,1
134,$400C_vol,2
134,$400E_period,6
134,$400E_mode,0
136,$4000_duty,2
136,$4000_const,1
136,$4000_vol,3
136,$4004_duty,2
136,$4004_const,1
136,$4004_vol,0
136,$4008_linear,31
136,$400C_const,1
136,$400C_vol,2
136,$400E_period,6
136,$400E_mode,0
138,$4000_duty,2
138,$4000_const,1
138,$4000_vol,2
138,$4004_duty,2
138,$4004_const,1
138,$4004_vol,0
138,$4008_linear,31
138,$400C_const,1
138,$400C_vol,2
138,$400E_period,6
138,$400E_mode,0
140,$4000_duty,2
140,$4000_const,1
140,$4000_vol,1
140,$4004_duty,2
140,$4004_const,1
140,$4004_vol,0
140,$4008_linear,31
140,$400C_const,1
140,$400C_vol,2
140,$400E_period,6
140,$400E_mode,0
141,$4001_sweep,67
141,$4000_duty,2
141,$4000_const,1
141,$4000_vol,6
141,$4002_period,905
141,$400B_length,25
141,$4008_linear,31
141,$400A_period,855
141,$400B_length,105
141,$400C_const,1
141,$400C_vol,1
141,$400E_period,6
141,$400E_mode,0
142,$4000_duty,2
142,$4000_const,1
142,$4000_vol,5
142,$4004_duty,2
142,$4004_const,1
142,$4004_vol,0
142,$4008_linear,31
142,$400C_const,1
142,$400C_vol,1
142,$400E_period,6
142,$400E_mode,0
143,$4000_duty,2
143,$4000_const,1
143,$4000_vol,4
143,$4004_duty,2
143,$4004_const,1
143,$4004_vol,0
143,$4008_linear,31
143,$400C_const,1
143,$400C_vol,1
143,$400E_period,6
143,$400E_mode,0
144,$4005_sweep,67
144,$4004_duty,2
144,$4004_const,1
144,$4004_vol,2
144,$4006_period,1017
145,$4000_duty,2
145,$4000_const,1
145,$4000_vol,3
145,$4004_duty,2
145,$4004_const,1
145,$4004_vol,2
145,$4008_linear,31
145,$400C_const,1
145,$400C_vol,1
145,$400E_period,6
145,$400E_mode,0
147,$4000_duty,2
147,$4000_const,1
147,$4000_vol,2
147,$4004_duty,2
147,$4004_const,1
147,$4004_vol,1
147,$4008_linear,31
147,$400C_const,1
147,$400C_vol,1
147,$400E_period,6
147,$400E_mode,0
149,$4000_duty,2
149,$4000_const,1
149,$4000_vol,1
149,$4004_duty,2
149,$4004_const,1
149,$4004_vol,1
149,$4008_linear,31
149,$400C_const,1
149,$400C_vol,1
149,$400E_period,6
149,$400E_mode,0
150,$4001_sweep,67
150,$4000_duty,1
150,$4000_const,1
150,$4000_vol,5
150,$4002_period,1357
150,$400B_length,26
150,$4005_sweep,67
150,$4004_duty,1
150,$4004_const,1
150,$4004_vol,5
150,$4006_period,2717
150,$4008_linear,31
150,$400A_period,677
150,$400B_length,105
150,$400C_const,1
150,$400C_vol,6
150,$400E_period,13
150,$400E_mode,0
151,$4000_duty,1
151,$4000_const,1
151,$4000_vol,4
151,$4004_duty,1
151,$4004_const,1
151,$4004_vol,4
151,$4008_linear,31
151,$400C_const,1
151,$400C_vol,6
151,$400E_period,13
151,$400E_mode,0
152,$4000_duty,1
152,$4000_const,1
152,$4000_vol,3
152,$4004_duty,1
152,$4004_const,1
152,$4004_vol,3
152,$4008_linear,31
152,$400C_const,1
152,$400C_vol,6
152,$400E_period,13
152,$400E_mode,0
154,$4000_duty,1
154,$4000_const,1
154,$4000_vol,2
154,$4004_duty,1
154,$4004_const,1
154,$4004_vol,2
154,$4008_linear,31
154,$400C_const,1
154,$400C_vol,6
154,$400E_period,13
154,$400E_mode,0
156,$4000_duty,1
156,$4000_const,1
156,$4000_vol,1
156,$4004_duty,1
156,$4004_const,1
156,$4004_vol,1
156,$4008_linear,31
156,$400C_const,1
156,$400C_vol,6
156,$400E_period,13
156,$400E_mode,0
158,$4000_duty,1
158,$4000_const,1
158,$4000_vol,0
158,$4004_duty,1
158,$4004_const,1
158,$4004_vol,0
158,$4008_linear,31
158,$400C_const,1
158,$400C_vol,6
158,$400E_period,13
158,$400E_mode,0
159,$4001_sweep,67
159,$4000_duty,1
159,$4000_const,1
159,$4000_vol,5
159,$4002_period,569
159,$400B_length,25
159,$4005_sweep,67
159,$4004_duty,1
159,$4004_const,1
159,$4004_vol,5
159,$4006_period,677
159,$4008_linear,31
159,$400A_period,677
159,$400B_length,105
159,$400C_const,1
159,$400C_vol,3
159,$400E_period,13
159,$400E_mode,0
160,$4000_duty,1
160,$4000_const,1
160,$4000_vol,4
160,$4004_duty,1
160,$4004_const,1
160,$4004_vol,4
160,$4008_linear,31
160,$400C_const,1
160,$400C_vol,3
160,$400E_period,13
160,$400E_mode,0
161,$4000_duty,1
161,$4000_const,1
161,$4000_vol,3
161,$4004_duty,1
161,$4004_const,1
161,$4004_vol,3
161,$4008_linear,31
161,$400C_const,1
161,$400C_vol,3
161,$400E_period,13
161,$400E_mode,0
163,$4000_duty,1
163,$4000_const,1
163,$4000_vol,2
163,$4004_duty,1
163,$4004_const,1
163,$4004_vol,2
163,$4008_linear,31
163,$400C_const,1
163,$400C_vol,3
163,$400E_period,13
163,$400E_mode,0
165,$4000_duty,1
165,$4000_const,1
165,$4000_vol,1
165,$4004_duty,1
165,$4004_const,1
165,$4004_vol,1
165,$4008_linear,31
165,$400C_const,1
165,$400C_vol,3
165,$400E_period,13
165,$400E_mode,0
167,$4000_duty,1
167,$4000_const,1
167,$4000_vol,0
167,$4004_duty,1
167,$4004_const,1
167,$4004_vol,0
167,$4008_linear,31
167,$400C_const,1
167,$400C_vol,3
167,$400E_period,13
167,$400E_mode,0
168,$4001_sweep,67
168,$4000_duty,1
168,$4000_const,1
168,$4000_vol,5
168,$4002_period,569
168,$400B_length,25
168,$4005_sweep,67
168,$4004_duty,1
168,$4004_const,1
168,$4004_vol,5
168,$4006_period,677
168,$4008_linear,31
168,$400A_period,677
168,$400B_length,105
168,$400C_const,1
168,$400C_vol,2
168,$400E_period,13
168,$400E_mode,0
169,$4000_duty,1
169,$4000_const,1
169,$4000_vol,4
169,$4004_duty,1
169,$4004_const,1
169,$4004_vol,4
169,$4008_linear,31
169,$400C_const,1
169,$400C_vol,2
169,$400E_period,13
169,$400E_mode,0
170,$4000_duty,1
170,$4000_const,1
170,$4000_vol,3
170,$4004_duty,1
170,$4004_const,1
170,$4004_vol,3
170,$4008_linear,31
170,$400C_const,1
170,$400C_vol,2
170,$400E_period,13
170,$400E_mode,0
172,$4000_duty,1
172,$4000_const,1
172,$4000_vol,2
172,$4004_duty,1
172,$4004_const,1
172,$4004_vol,2
172,$4008_linear,31
172,$400C_const,1
172,$400C_vol,2
172,$400E_period,13
172,$400E_mode,0
174,$4000_duty,1
174,$4000_const,1
174,$4000_vol,1
174,$4004_duty,1
174,$4004_const,1
174,$4004_vol,1
174,$4008_linear,31
174,$400C_const,1
174,$400C_vol,2
174,$400E_period,13
174,$400E_mode,0
176,$4000_duty,1
176,$4000_const,1
176,$4000_vol,0
176,$4004_duty,1
176,$4004_const,1
176,$4004_vol,0
176,$4008_linear,31
176,$400C_const,1
176,$400C_vol,2
176,$400E_period,13
176,$400E_mode,0
177,$4001_sweep,67
177,$4000_duty,1
177,$4000_const,1
177,$4000_vol,5
177,$4002_period,603
177,$400B_length,25
177,$4005_sweep,67
177,$4004_duty,1
177,$4004_const,1
177,$4004_vol,5
177,$4006_period,761
177,$4008_linear,31
177,$400A_period,677
177,$400B_length,105
177,$400C_const,1
177,$400C_vol,1
177,$400E_period,13
177,$400E_mode,0
178,$4000_duty,1
178,$4000_const,1
178,$4000_vol,4
178,$4004_duty,1
178,$4004_const,1
178,$4004_vol,4
178,$4008_linear,31
178,$400C_const,1
178,$400C_vol,1
178,$400E_period,13
178,$400E_mode,0
179,$4000_duty,1
179,$4000_const,1
179,$4000_vol,3
179,$4004_duty,1
179,$4004_const,1
179,$4004_vol,3
179,$4008_linear,31
179,$400C_const,1
179,$400C_vol,1
179,$400E_period,13
179,$400E_mode,0
181,$4000_duty,1
181,$4000_const,1
181,$4000_vol,2
181,$4004_duty,1
181,$4004_const,1
181,$4004_vol,2
181,$4008_linear,31
181,$400C_const,1
181,$400C_vol,1
181,$400E_period,13
181,$400E_mode,0
183,$4000_duty,1
183,$4000_const,1
183,$4000_vol,1
183,$4004_duty,1
183,$4004_const,1
183,$4004_vol,1
183,$4008_linear,31
183,$400C_const,1
183,$400C_vol,1
183,$400E_period,13
183,$400E_mode,0
185,$4000_duty,1
185,$4000_const,1
185,$4000_vol,0
185,$4004_duty,1
185,$4004_const,1
185,$4004_vol,0
185,$4008_linear,31
185,$400C_const,1
185,$400C_vol,1
185,$400E_period,13
185,$400E_mode,0
186,$4001_sweep,67
186,$4000_duty,1
186,$4000_const,1
186,$4000_vol,5
186,$4002_period,1357
186,$400B_length,26
186,$4005_sweep,67
186,$4004_duty,1
186,$4004_const,1
186,$4004_vol,5
186,$4006_period,2717
186,$4008_linear,31
186,$400A_period,677
186,$400B_length,105
186,$400C_const,1
186,$400C_vol,6
186,$400E_period,6
186,$400E_mode,0
187,$4000_duty,1
187,$4000_const,1
187,$4000_vol,4
187,$4004_duty,1
187,$4004_const,1
187,$4004_vol,4
187,$4008_linear,31
187,$400C_const,1
187,$400C_vol,6
187,$400E_period,6
187,$400E_mode,0
189,$4000_duty,1
189,$4000_const,1
189,$4000_vol,3
189,$4004_duty,1
189,$4004_const,1
189,$4004_vol,3
189,$4008_linear,31
189,$400C_const,1
189,$400C_vol,6
189,$400E_period,6
189,$400E_mode,0
190,$4000_duty,1
190,$4000_const,1
190,$4000_vol,2
190,$4004_duty,1
190,$4004_const,1
190,$4004_vol,2
190,$4008_linear,31
190,$400C_const,1
190,$400C_vol,6
190,$400E_period,6
190,$400E_mode,0
192,$4000_duty,1
192,$4000_const,1
192,$4000_vol,1
192,$4004_duty,1
192,$4004_const,1
192,$4004_vol,1
192,$4008_linear,31
192,$400C_const,1
192,$400C_vol,6
192,$400E_period,6
192,$400E_mode,0
194,$4000_duty,1
194,$4000_const,1
194,$4000_vol,0
194,$4004_duty,1
194,$4004_const,1
194,$4004_vol,0
194,$4008_linear,31
194,$400C_const,1
194,$400C_vol,6
194,$400E_period,6
194,$400E_mode,0
195,$4001_sweep,67
195,$4000_duty,1
195,$4000_const,1
195,$4000_vol,5
195,$4002_period,507
195,$400B_length,24
195,$4005_sweep,67
195,$4004_duty,1
195,$4004_const,1
195,$4004_vol,5
195,$4006_period,603
195,$4008_linear,31
195,$400A_period,677
195,$400B_length,105
195,$400C_const,1
195,$400C_vol,3
195,$400E_period,6
195,$400E_mode,0
196,$4000_duty,1
196,$4000_const,1
196,$4000_vol,4
196,$4004_duty,1
196,$4004_const,1
196,$4004_vol,4
196,$4008_linear,31
196,$400C_const,1
196,$400C_vol,3
196,$400E_period,6
196,$400E_mode,0
198,$4000_duty,1
198,$4000_const,1
198,$4000_vol,3
198,$4004_duty,1
198,$4004_const,1
198,$4004_vol,3
198,$4008_linear,31
198,$400C_const,1
198,$400C_vol,3
198,$400E_period,6
198,$400E_mode,0
199,$4000_duty,1
199,$4000_const,1
199,$4000_vol,2
199,$4004_duty,1
199,$4004_const,1
199,$4004_vol,2
199,$4008_linear,31
199,$400C_const,1
199,$400C_vol,3
199,$400E_period,6
199,$400E_mode,0
201,$4000_duty,1
201,$4000_const,1
201,$4000_vol,1
201,$4004_duty,1
201,$4004_const,1
201,$4004_vol,1
201,$4008_linear,31
201,$400C_const,1
201,$400C_vol,3
201,$400E_period,6
201,$400E_mode,0
203,$4000_duty,1
203,$4000_const,1
203,$4000_vol,0
203,$4004_duty,1
203,$4004_const,1
203,$4004_vol,0
203,$4008_linear,31
203,$400C_const,1
203,$400C_vol,3
203,$400E_period,6
203,$400E_mode,0
204,$4001_sweep,67
204,$4000_duty,1
204,$4000_const,1
204,$4000_vol,5
204,$4002_period,507
204,$400B_length,24
204,$4005_sweep,67
204,$4004_duty,1
204,$4004_const,1
204,$4004_vol,5
204,$4006_period,603
204,$4008_linear,31
204,$400A_period,677
204,$400B_length,105
204,$400C_const,1
204,$400C_vol,5
204,$400E_period,13
204,$400E_mode,0
205,$4000_duty,1
205,$4000_const,1
205,$4000_vol,4
205,$4004_duty,1
205,$4004_const,1
205,$4004_vol,4
205,$4008_linear,31
205,$400C_const,1
205,$400C_vol,5
205,$400E_period,13
205,$400E_mode,0
207,$4000_duty,1
207,$4000_const,1
207,$4000_vol,3
207,$4004_duty,1
207,$4004_const,1
207,$4004_vol,3
207,$4008_linear,31
207,$400C_const,1
207,$400C_vol,5
207,$400E_period,13
207,$400E_mode,0
208,$4000_duty,1
208,$4000_const,1
208,$4000_vol,2
208,$4004_duty,1
208,$4004_const,1
208,$4004_vol,2
208,$4008_linear,31
208,$400C_const,1
208,$400C_vol,5
208,$400E_period,13
208,$400E_mode,0
210,$4000_duty,1
210,$4000_const,1
210,$4000_vol,1
210,$4004_duty,1
210,$4004_const,1
210,$4004_vol,1
210,$4008_linear,31
210,$400C_const,1
210,$400C_vol,5
210,$400E_period,13
210,$400E_mode,0
212,$4000_duty,1
212,$4000_const,1
212,$4000_vol,0
212,$4004_duty,1
212,$4004_const,1
212,$4004_vol,0
212,$4008_linear,31
212,$400C_const,1
212,$400C_vol,5
212,$400E_period,13
212,$400E_mode,0
213,$4001_sweep,67
213,$4000_duty,1
213,$4000_const,1
213,$4000_vol,5
213,$4002_period,603
213,$400B_length,25
213,$4005_sweep,67
213,$4004_duty,1
213,$4004_const,1
213,$4004_vol,5
213,$4006_period,761
213,$4008_linear,31
213,$400A_period,677
213,$400B_length,105
213,$400C_const,1
213,$400C_vol,2
213,$400E_period,13
213,$400E_mode,0
214,$4000_duty,1
214,$4000_const,1
214,$4000_vol,4
214,$4004_duty,1
214,$4004_const,1
214,$4004_vol,4
214,$4008_linear,31
214,$400C_const,1
214,$400C_vol,2
214,$400E_period,13
214,$400E_mode,0
216,$4000_duty,1
216,$4000_const,1
216,$4000_vol,3
216,$4004_duty,1
216,$4004_const,1
216,$4004_vol,3
216,$4008_linear,31
216,$400C_const,1
216,$400C_vol,2
216,$400E_period,13
216,$400E_mode,0
217,$4000_duty,1
217,$4000_const,1
217,$4000_vol,2
217,$4004_duty,1
217,$4004_const,1
217,$4004_vol,2
217,$4008_linear,31
217,$400C_const,1
217,$400C_vol,2
217,$400E_period,13
217,$400E_mode,0
219,$4000_duty,1
219,$4000_const,1
219,$4000_vol,1
219,$4004_duty,1
219,$4004_const,1
219,$4004_vol,1
219,$4008_linear,31
219,$400C_const,1
219,$400C_vol,2
219,$400E_period,13
219,$400E_mode,0
221,$4000_duty,1
221,$4000_const,1
221,$4000_vol,0
221,$4004_duty,1
221,$4004_const,1
221,$4004_vol,0
221,$4008_linear,31
221,$400C_const,1
221,$400C_vol,2
221,$400E_period,13
221,$400E_mode,0
222,$4001_sweep,67
222,$4000_duty,1
222,$4000_const,1
222,$4000_vol,5
222,$4002_period,1523
222,$400B_length,26
222,$4005_sweep,67
222,$4004_duty,1
222,$4004_const,1
222,$4004_vol,5
222,$4006_period,3049
222,$4008_linear,31
222,$400A_period,761
222,$400B_length,105
222,$400C_const,1
222,$400C_vol,6
222,$400E_period,13
222,$400E_mode,0
223,$4000_duty,1
223,$4000_const,1
223,$4000_vol,4
223,$4004_duty,1
223,$4004_const,1
223,$4004_vol,4
223,$4008_linear,31
223,$400C_const,1
223,$400C_vol,6
223,$400E_period,13
223,$400E_mode,0
225,$4000_duty,1
225,$4000_const,1
225,$4000_vol,3
225,$4004_duty,1
225,$4004_const,1
225,$4004_vol,3
225,$4008_linear,31
225,$400C_const,1
225,$400C_vol,6
225,$400E_period,13
225,$400E_mode,0
226,$4000_duty,1
226,$4000_const,1
226,$4000_vol,2
226,$4004_duty,1
226,$4004_const,1
226,$4004_vol,2
226,$4008_linear,31
226,$400C_const,1
226,$400C_vol,6
226,$400E_period,13
226,$400E_mode,0
228,$4000_duty,1
228,$4000_const,1
228,$4000_vol,1
228,$4004_duty,1
228,$4004_const,1
228,$4004_vol,1
228,$4008_linear,31
228,$400C_const,1
228,$400C_vol,6
228,$400E_period,13
228,$400E_mode,0
230,$4000_duty,1
230,$4000_const,1
230,$4000_vol,0
230,$4004_duty,1
230,$4004_const,1
230,$4004_vol,0
230,$4008_linear,31
230,$400C_const,1
230,$400C_vol,6
230,$400E_period,13
230,$400E_mode,0
231,$4001_sweep,67
231,$4000_duty,1
231,$4000_const,1
231,$4000_vol,5
231,$4002_period,569
231,$400B_length,25
231,$4005_sweep,67
231,$4004_duty,1
231,$4004_const,1
231,$4004_vol,5
231,$4006_period,677
231,$4008_linear,31
231,$400A_period,761
231,$400B_length,105
231,$400C_const,1
231,$400C_vol,3
231,$400E_period,13
231,$400E_mode,0
232,$4000_duty,1
232,$4000_const,1
232,$4000_vol,4
232,$4004_duty,1
232,$4004_const,1
232,$4004_vol,4
232,$4008_linear,31
232,$400C_const,1
232,$400C_vol,3
232,$400E_period,13
232,$400E_mode,0
234,$4000_duty,1
234,$4000_const,1
234,$4000_vol,3
234,$4004_duty,1
234,$4004_const,1
234,$4004_vol,3
234,$4008_linear,31
234,$400C_const,1
234,$400C_vol,3
234,$400E_period,13
234,$400E_mode,0
235,$4000_duty,1
235,$4000_const,1
235,$4000_vol,2
235,$4004_duty,1
235,$4004_const,1
235,$4004_vol,2
235,$4008_linear,31
235,$400C_const,1
235,$400C_vol,3
235,$400E_period,13
235,$400E_mode,0
237,$4000_duty,1
237,$4000_const,1
237,$4000_vol,1
237,$4004_duty,1
237,$4004_const,1
237,$4004_vol,1
237,$4008_linear,31
237,$400C_const,1
237,$400C_vol,3
237,$400E_period,13
237,$400E_mode,0
239,$4000_duty,1
239,$4000_const,1
239,$4000_vol,0
239,$4004_duty,1
239,$4004_const,1
239,$4004_vol,0
239,$4008_linear,31
239,$400C_const,1
239,$400C_vol,3
239,$400E_period,13
239,$400E_mode,0
240,$4001_sweep,67
240,$4000_duty,1
240,$4000_const,1
240,$4000_vol,5
240,$4002_period,569
240,$400B_length,25
240,$4005_sweep,67
240,$4004_duty,1
240,$4004_const,1
240,$4004_vol,5
240,$4006_period,677
240,$4008_linear,31
240,$400A_period,761
240,$400B_length,105
240,$400C_const,1
240,$400C_vol,2
240,$400E_period,13
240,$400E_mode,0
241,$4000_duty,1
241,$4000_const,1
241,$4000_vol,4
241,$4004_duty,1
241,$4004_const,1
241,$4004_vol,4
241,$4008_linear,31
241,$400C_const,1
241,$400C_vol,2
241,$400E_period,13
241,$400E_mode,0
243,$4000_duty,1
243,$4000_const,1
243,$4000_vol,3
243,$4004_duty,1
243,$4004_const,1
243,$4004_vol,3
243,$4008_linear,31
243,$400C_const,1
243,$400C_vol,2
243,$400E_period,13
243,$400E_mode,0
244,$4000_duty,1
244,$4000_const,1
244,$4000_vol,2
244,$4004_duty,1
244,$4004_const,1
244,$4004_vol,2
244,$4008_linear,31
244,$400C_const,1
244,$400C_vol,2
244,$400E_period,13
244,$400E_mode,0
246,$4000_duty,1
246,$4000_const,1
246,$4000_vol,1
246,$4004_duty,1
246,$4004_const,1
246,$4004_vol,1
246,$4008_linear,31
246,$400C_const,1
246,$400C_vol,2
246,$400E_period,13
246,$400E_mode,0
248,$4000_duty,1
248,$4000_const,1
248,$4000_vol,0
248,$4004_duty,1
248,$4004_const,1
248,$4004_vol,0
248,$4008_linear,31
248,$400C_const,1
248,$400C_vol,2
248,$400E_period,13
248,$400E_mode,0
249,$4001_sweep,67
249,$4000_duty,1
249,$4000_const,1
249,$4000_vol,5
249,$4002_period,603
249,$400B_length,25
249,$4005_sweep,67
249,$4004_duty,1
249,$4004_const,1
249,$4004_vol,5
249,$4006_period,761
249,$4008_linear,31
249,$400A_period,761
249,$400B_length,105
249,$400C_const,1
249,$400C_vol,1
249,$400E_period,13
249,$400E_mode,0
250,$4000_duty,1
250,$4000_const,1
250,$4000_vol,4
250,$4004_duty,1
250,$4004_const,1
250,$4004_vol,4
250,$4008_linear,31
250,$400C_const,1
250,$400C_vol,1
250,$400E_period,13
250,$400E_mode,0
252,$4000_duty,1
252,$4000_const,1
252,$4000_vol,3
252,$4004_duty,1
252,$4004_const,1
252,$4004_vol,3
252,$4008_linear,31
252,$400C_const,1
252,$400C_vol,1
252,$400E_period,13
252,$400E_mode,0
253,$4000_duty,1
253,$4000_const,1
253,$4000_vol,2
253,$4004_duty,1
253,$4004_const,1
253,$4004_vol,2
253,$4008_linear,31
253,$400C_const,1
253,$400C_vol,1
253,$400E_period,13
253,$400E_mode,0
255,$4000_duty,1
255,$4000_const,1
255,$4000_vol,1
255,$4004_duty,1
255,$4004_const,1
255,$4004_vol,1
255,$4008_linear,31
255,$400C_const,1
255,$400C_vol,1
255,$400E_period,13
255,$400E_mode,0
257,$4000_duty,1
257,$4000_const,1
257,$4000_vol,0
257,$4004_duty,1
257,$4004_const,1
257,$4004_vol,0
257,$4008_linear,31
257,$400C_const,1
257,$400C_vol,1
257,$400E_period,13
257,$400E_mode,0
258,$4001_sweep,67
258,$4000_duty,1
258,$4000_const,1
258,$4000_vol,5
258,$4002_period,1523
258,$400B_length,26
258,$4005_sweep,67
258,$4004_duty,1
258,$4004_const,1
258,$4004_vol,5
258,$4006_period,3049
258,$4008_linear,31
258,$400A_period,761
258,$400B_length,105
258,$400C_const,1
258,$400C_vol,6
258,$400E_period,6
258,$400E_mode,0
259,$4000_duty,1
259,$4000_const,1
259,$4000_vol,4
259,$4004_duty,1
259,$4004_const,1
259,$4004_vol,4
259,$4008_linear,31
259,$400C_const,1
259,$400C_vol,6
259,$400E_period,6
259,$400E_mode,0
261,$4000_duty,1
261,$4000_const,1
261,$4000_vol,3
261,$4004_duty,1
261,$4004_const,1
261,$4004_vol,3
261,$4008_linear,31
261,$400C_const,1
261,$400C_vol,6
261,$400E_period,6
261,$400E_mode,0
262,$4000_duty,1
262,$4000_const,1
262,$4000_vol,2
262,$4004_duty,1
262,$4004_const,1
262,$4004_vol,2
262,$4008_linear,31
262,$400C_const,1
262,$400C_vol,6
262,$400E_period,6
262,$400E_mode,0
264,$4000_duty,1
264,$4000_const,1
264,$4000_vol,1
264,$4004_duty,1
264,$4004_const,1
264,$4004_vol,1
264,$4008_linear,31
264,$400C_const,1
264,$400C_vol,6
264,$400E_period,6
264,$400E_mode,0
266,$4000_duty,1
266,$4000_const,1
266,$4000_vol,0
266,$4004_duty,1
266,$4004_const,1
266,$4004_vol,0
266,$4008_linear,31
266,$400C_const,1
266,$400C_vol,6
266,$400E_period,6
266,$400E_mode,0
267,$4001_sweep,67
267,$4000_duty,1
267,$4000_const,1
267,$4000_vol,5
267,$4002_period,507
267,$400B_length,24
267,$4005_sweep,67
267,$4004_duty,1
267,$4004_const,1
267,$4004_vol,5
267,$4006_period,603
267,$4008_linear,31
267,$400A_period,761
267,$400B_length,105
267,$400C_const,1
267,$400C_vol,3
267,$400E_period,6
267,$400E_mode,0
268,$4000_duty,1
268,$4000_const,1
268,$4000_vol,4
268,$4004_duty,1
268,$4004_const,1
268,$4004_vol,4
268,$4008_linear,31
268,$400C_const,1
268,$400C_vol,3
268,$400E_period,6
268,$400E_mode,0
270,$4000_duty,1
270,$4000_const,1
270,$4000_vol,3
270,$4004_duty,1
270,$4004_const,1
270,$4004_vol,3
270,$4008_linear,31
270,$400C_const,1
270,$400C_vol,3
270,$400E_period,6
270,$400E_mode,0
271,$4000_duty,1
271,$4000_const,1
271,$4000_vol,2
271,$4004_duty,1
271,$4004_const,1
271,$4004_vol,2
271,$4008_linear,31
271,$400C_const,1
271,$400C_vol,3
271,$400E_period,6
271,$400E_mode,0
273,$4000_duty,1
273,$4000_const,1
273,$4000_vol,1
273,$4004_duty,1
273,$4004_const,1
273,$4004_vol,1
273,$4008_linear,31
273,$400C_const,1
273,$400C_vol,3
273,$400E_period,6
273,$400E_mode,0
275,$4000_duty,1
275,$4000_const,1
275,$4000_vol,0
275,$4004_duty,1
275,$4004_const,1
275,$4004_vol,0
275,$4008_linear,31
275,$400C_const,1
275,$400C_vol,3
275,$400E_period,6
275,$400E_mode,0
276,$4001_sweep,67
276,$4000_duty,1
276,$4000_const,1
276,$4000_vol,5
276,$4002_period,507
276,$400B_length,24
276,$4005_sweep,67
276,$4004_duty,1
276,$4004_const,1
276,$4004_vol,5
276,$4006_period,603
276,$4008_linear,31
276,$400A_period,761
276,$400B_length,105
276,$400C_const,1
276,$400C_vol,2
276,$400E_period,6
276,$400E_mode,0
277,$4000_duty,1
277,$4000_const,1
277,$4000_vol,4
277,$4004_duty,1
277,$4004_const,1
277,$4004_vol,4
277,$4008_linear,31
277,$400C_const,1
277,$400C_vol,2
277,$400E_period,6
277,$400E_mode,0
279,$4000_duty,1
279,$4000_const,1
279,$4000_vol,3
279,$4004_duty,1
279,$4004_const,1
279,$4004_vol,3
279,$4008_linear,31
279,$400C_const,1
279,$400C_vol,2
279,$400E_period,6
279,$400E_mode,0
280,$4000_duty,1
280,$4000_const,1
280,$4000_vol,2
280,$4004_duty,1
280,$4004_const,1
280,$4004_vol,2
280,$4008_linear,31
280,$400C_const,1
280,$400C_vol,2
280,$400E_period,6
280,$400E_mode,0
282,$4000_duty,1
282,$4000_const,1
282,$4000_vol,1
282,$4004_duty,1
282,$4004_const,1
282,$4004_vol,1
282,$4008_linear,31
282,$400C_const,1
282,$400C_vol,2
282,$400E_period,6
282,$400E_mode,0
284,$4000_duty,1
284,$4000_const,1
284,$4000_vol,0
284,$4004_duty,1
284,$4004_const,1
284,$4004_vol,0
284,$4008_linear,31
284,$400C_const,1
284,$400C_vol,2
284,$400E_period,6
284,$400E_mode,0
285,$4001_sweep,67
285,$4000_duty,1
285,$4000_const,1
285,$4000_vol,5
285,$4002_period,603
285,$400B_length,25
285,$4005_sweep,67
285,$4004_duty,1
285,$4004_const,1
285,$4004_vol,5
285,$4006_period,761
285,$4008_linear,31
285,$400A_period,761
285,$400B_length,105
285,$400C_const,1
285,$400C_vol,1
285,$400E_period,6
285,$400E_mode,0
286,$4000_duty,1
286,$4000_const,1
286,$4000_vol,4
286,$4004_duty,1
286,$4004_const,1
286,$4004_vol,4
286,$4008_linear,31
286,$400C_const,1
286,$400C_vol,1
286,$400E_period,6
286,$400E_mode,0
288,$4000_duty,1
288,$4000_const,1
288,$4000_vol,3
288,$4004_duty,1
288,$4004_const,1
288,$4004_vol,3
288,$4008_linear,31
288,$400C_const,1
288,$400C_vol,1
288,$400E_period,6
288,$400E_mode,0
289,$4000_duty,1
289,$4000_const,1
289,$4000_vol,2
289,$4004_duty,1
289,$4004_const,1
289,$4004_vol,2
289,$4008_linear,31
289,$400C_const,1
289,$400C_vol,1
289,$400E_period,6
289,$400E_mode,0
291,$4000_duty,1
291,$4000_const,1
291,$4000_vol,1
291,$4004_duty,1
291,$4004_const,1
291,$4004_vol,1
291,$4008_linear,31
291,$400C_const,1
291,$400C_vol,1
291,$400E_period,6
291,$400E_mode,0
293,$4000_duty,1
293,$4000_const,1
293,$4000_vol,0
293,$4004_duty,1
293,$4004_const,1
293,$4004_vol,0
293,$4008_linear,31
293,$400C_const,1
293,$400C_vol,1
293,$400E_period,6
293,$400E_mode,0
294,$4001_sweep,67
294,$4000_duty,2
294,$4000_const,1
294,$4000_vol,6
294,$4002_period,1141
294,$400B_length,26
294,$4005_sweep,67
294,$4004_duty,2
294,$4004_const,1
294,$4004_vol,2
294,$4006_period,1
294,$4008_linear,31
294,$400A_period,905
294,$400B_length,105
294,$400C_const,1
294,$400C_vol,6
294,$400E_period,13
294,$400E_mode,0
295,$4000_duty,2
295,$4000_const,1
295,$4000_vol,5
295,$4004_duty,2
295,$4004_const,1
295,$4004_vol,2
295,$4008_linear,31
295,$400C_const,1
295,$400C_vol,6
295,$400E_period,13
295,$400E_mode,0
297,$4000_duty,2
297,$4000_const,1
297,$4000_vol,4
297,$4004_duty,2
297,$4004_const,1
297,$4004_vol,1
297,$4008_linear,31
297,$400C_const,1
297,$400C_vol,6
297,$400E_period,13
297,$400E_mode,0
298,$4000_duty,2
298,$4000_const,1
298,$4000_vol,3
298,$4004_duty,2
298,$4004_const,1
298,$4004_vol,1
298,$4008_linear,31
298,$400C_const,1
298,$400C_vol,6
298,$400E_period,13
298,$400E_mode,0
300,$4000_duty,2
300,$4000_const,1
300,$4000_vol,2
300,$4004_duty,2
300,$4004_const,1
300,$4004_vol,0
300,$4008_linear,31
300,$400C_const,1
300,$400C_vol,6
300,$400E_period,13
300,$400E_mode,0
302,$4000_duty,2
302,$4000_const,1
302,$4000_vol,1
302,$4004_duty,2
302,$4004_const,1
302,$4004_vol,0
302,$4008_linear,31
302,$400C_const,1
302,$400C_vol,6
302,$400E_period,13
302,$400E_mode,0
303,$4001_sweep,67
303,$4000_duty,2
303,$4000_const,1
303,$4000_vol,6
303,$4002_period,569
303,$400B_length,25
303,$4008_linear,31
303,$400A_period,905
303,$400B_length,105
303,$400C_const,1
303,$400C_vol,3
303,$400E_period,13
303,$400E_mode,0
304,$4000_duty,2
304,$4000_const,1
304,$4000_vol,5
304,$4004_duty,2
304,$4004_const,1
304,$4004_vol,0
304,$4008_linear,31
304,$400C_const,1
304,$400C_vol,3
304,$400E_period,13
304,$400E_mode,0
305,$4005_sweep,67
305,$4004_duty,2
305,$4004_const,1
305,$4004_vol,2
305,$4006_period,1141
306,$4000_duty,2
306,$4000_const,1
306,$4000_vol,4
306,$4004_duty,2
306,$4004_const,1
306,$4004_vol,2
306,$4008_linear,31
306,$400C_const,1
306,$400C_vol,3
306,$400E_period,13
306,$400E_mode,0
307,$4000_duty,2
307,$4000_const,1
307,$4000_vol,3
307,$4004_duty,2
307,$4004_const,1
307,$4004_vol,1
307,$4008_linear,31
307,$400C_const,1
307,$400C_vol,3
307,$400E_period,13
307,$400E_mode,0
309,$4000_duty,2
309,$4000_const,1
309,$4000_vol,2
309,$4004_duty,2
309,$4004_const,1
309,$4004_vol,1
309,$4008_linear,31
309,$400C_const,1
309,$400C_vol,3
309,$400E_period,13
309,$400E_mode,0
311,$4000_duty,2
311,$4000_const,1
311,$4000_vol,1
311,$4004_duty,2
311,$4004_const,1
311,$4004_vol,0
311,$4008_linear,31
311,$400C_const,1
311,$400C_vol,3
311,$400E_period,13
311,$400E_mode,0
312,$4001_sweep,67
312,$4000_duty,2
312,$4000_const,1
312,$4000_vol,6
312,$4002_period,569
312,$400B_length,25
312,$4008_linear,31
312,$400A_period,905
312,$400B_length,105
312,$400C_const,1
312,$400C_vol,2
312,$400E_period,13
312,$400E_mode,0
313,$4000_duty,2
313,$4000_const,1
313,$4000_vol,5
313,$4004_duty,2
313,$4004_const,1
313,$4004_vol,0
313,$4008_linear,31
313,$400C_const,1
313,$400C_vol,2
313,$400E_period,13
313,$400E_mode,0
314,$4005_sweep,67
314,$4004_duty,2
314,$4004_const,1
314,$4004_vol,2
314,$4006_period,569
315,$4000_duty,2
315,$4000_const,1
315,$4000_vol,4
315,$4004_duty,2
315,$4004_const,1
315,$4004_vol,2
315,$4008_linear,31
315,$400C_const,1
315,$400C_vol,2
315,$400E_period,13
315,$400E_mode,0
317,$4000_duty,2
317,$4000_const,1
317,$4000_vol,3
317,$4004_duty,2
317,$4004_const,1
317,$4004_vol,1
317,$4008_linear,31
317,$400C_const,1
317,$400C_vol,2
317,$400E_period,13
317,$400E_mode,0
318,$4000_duty,2
318,$4000_const,1
318,$4000_vol,2
318,$4004_duty,2
318,$4004_const,1
318,$4004_vol,1
318,$4008_linear,31
318,$400C_const,1
318,$400C_vol,2
318,$400E_period,13
318,$400E_mode,0
320,$4000_duty,2
320,$4000_const,1
320,$4000_vol,1
320,$4004_duty,2
320,$4004_const,1
320,$4004_vol,0
320,$4008_linear,31
320,$400C_const,1
320,$400C_vol,2
320,$400E_period,13
320,$400E_mode,0
321,$4001_sweep,67
321,$4000_duty,2
321,$4000_const,1
321,$4000_vol,6
321,$4002_period,603
321,$400B_length,25
321,$4008_linear,31
321,$400A_period,905
321,$400B_length,105
321,$400C_const,1
321,$400C_vol,1
321,$400E_period,13
321,$400E_mode,0
322,$4000_duty,2
322,$4000_const,1
322,$4000_vol,5
322,$4004_duty,2
322,$4004_const,1
322,$4004_vol,0
322,$4008_linear,31
322,$400C_const,1
322,$400C_vol,1
322,$400E_period,13
322,$400E_mode,0
323,$4005_sweep,67
323,$4004_duty,2
323,$4004_const,1
323,$4004_vol,2
323,$4006_period,569
324,$4000_duty,2
324,$4000_const,1
324,$4000_vol,4
324,$4004_duty,2
324,$4004_const,1
324,$4004_vol,2
324,$4008_linear,31
324,$400C_const,1
324,$400C_vol,1
324,$400E_period,13
324,$400E_mode,0
326,$4000_duty,2
326,$4000_const,1
326,$4000_vol,3
326,$4004_duty,2
326,$4004_const,1
326,$4004_vol,1
326,$4008_linear,31
326,$400C_const,1
326,$400C_vol,1
326,$400E_period,13
326,$400E_mode,0
327,$4000_duty,2
327,$4000_const,1
327,$4000_vol,2
327,$4004_duty,2
327,$4004_const,1
327,$4004_vol,1
327,$4008_linear,31
327,$400C_const,1
327,$400C_vol,1
327,$400E_period,13
327,$400E_mode,0
329,$4000_duty,2
329,$4000_const,1
329,$4000_vol,1
329,$4004_duty,2
329,$4004_const,1
329,$4004_vol,0
329,$4008_linear,31
329,$400C_const,1
329,$400C_vol,1
329,$400E_period,13
329,$400E_mode,0
330,$4001_sweep,67
330,$4000_duty,2
330,$4000_const,1
330,$4000_vol,6
330,$4002_period,761
330,$400B_length,25
330,$4008_linear,31
330,$400A_period,905
330,$400B_length,105
330,$400C_const,1
330,$400C_vol,6
330,$400E_period,6
330,$400E_mode,0
331,$4000_duty,2
331,$4000_const,1
331,$4000_vol,5
331,$4004_duty,2
331,$4004_const,1
331,$4004_vol,0
331,$4008_linear,31
331,$400C_const,1
331,$400C_vol,6
331,$400E_period,6
331,$400E_mode,0
332,$4005_sweep,67
332,$4004_duty,2
332,$4004_const,1
332,$4004_vol,2
332,$4006_period,603
333,$4000_duty,2
333,$4000_const,1
333,$4000_vol,4
333,$4004_duty,2
333,$4004_const,1
333,$4004_vol,2
333,$4008_linear,31
333,$400C_const,1
333,$400C_vol,6
333,$400E_period,6
333,$400E_mode,0
335,$4000_duty,2
335,$4000_const,1
335,$4000_vol,3
335,$4004_duty,2
335,$4004_const,1
335,$4004_vol,1
335,$4008_linear,31
335,$400C_const,1
335,$400C_vol,6
335,$400E_period,6
335,$400E_mode,0
336,$4000_duty,2
336,$4000_const,1
336,$4000_vol,2
336,$4004_duty,2
336,$4004_const,1
336,$4004_vol,1
336,$4008_linear,31
336,$400C_const,1
336,$400C_vol,6
336,$400E_period,6
336,$400E_mode,0
338,$4000_duty,2
338,$4000_const,1
338,$4000_vol,1
338,$4004_duty,2
338,$4004_const,1
338,$4004_vol,0
338,$4008_linear,31
338,$400C_const,1
338,$400C_vol,6
338,$400E_period,6
338,$400E_mode,0
339,$4008_linear,31
339,$400A_period,905
339,$400B_length,105
339,$400C_const,1
339,$400C_vol,3
339,$400E_period,6
339,$400E_mode,0
340,$4000_duty,2
340,$4000_const,1
340,$4000_vol,0
340,$4004_duty,2
340,$4004_const,1
340,$4004_vol,0
340,$4008_linear,31
340,$400C_const,1
340,$400C_vol,3
340,$400E_period,6
340,$400E_mode,0
341,$4005_sweep,67
341,$4004_duty,2
341,$4004_const,1
341,$4004_vol,2
341,$4006_period,761
342,$4000_duty,2
342,$4000_const,1
342,$4000_vol,0
342,$4004_duty,2
342,$4004_const,1
342,$4004_vol,2
342,$4008_linear,31
342,$400C_const,1
342,$400C_vol,3
342,$400E_period,6
342,$400E_mode,0
344,$4000_duty,2
344,$4000_const,1
344,$4000_vol,0
344,$4004_duty,2
344,$4004_const,1
344,$4004_vol,1
344,$4008_linear,31
344,$400C_const,1
344,$400C_vol,3
344,$400E_period,6
344,$400E_mode,0
345,$4000_duty,2
345,$4000_const,1
345,$4000_vol,0
345,$4004_duty,2
345,$4004_const,1
345,$4004_vol,1
345,$4008_linear,31
345,$400C_const,1
345,$400C_vol,3
345,$400E_period,6
345,$400E_mode,0
347,$4000_duty,2
347,$4000_const,1
347,$4000_vol,0
347,$4004_duty,2
347,$4004_const,1
347,$4004_vol,0
347,$4008_linear,31
347,$400C_const,1
347,$400C_vol,3
347,$400E_period,6
347,$400E_mode,0
348,$4001_sweep,67
348,$4000_duty,2
348,$4000_const,1
348,$4000_vol,6
348,$4002_period,1017
348,$400B_length,25
348,$4008_linear,31
348,$400A_period,905
348,$400B_length,105
348,$400C_const,1
348,$400C_vol,5
348,$400E_period,13
348,$400E_mode,0
349,$4000_duty,2
349,$4000_const,1
349,$4000_vol,5
349,$4004_duty,2
349,$4004_const,1
349,$4004_vol,0
349,$4008_linear,31
349,$400C_const,1
349,$400C_vol,5
349,$400E_period,13
349,$400E_mode,0
351,$4000_duty,2
351,$4000_const,1
351,$4000_vol,4
351,$4004_duty,2
351,$4004_const,1
351,$4004_vol,0
351,$4008_linear,31
351,$400C_const,1
351,$400C_vol,5
351,$400E_period,13
351,$400E_mode,0
353,$4000_duty,2
353,$4000_const,1
353,$4000_vol,3
353,$4004_duty,2
353,$4004_const,1
353,$4004_vol,0
353,$4008_linear,31
353,$400C_const,1
353,$400C_vol,5
353,$400E_period,13
353,$400E_mode,0
354,$4000_duty,2
354,$4000_const,1
354,$4000_vol,2
354,$4004_duty,2
354,$4004_const,1
354,$4004_vol,0
354,$4008_linear,31
354,$400C_const,1
354,$400C_vol,5
354,$400E_period,13
354,$400E_mode,0
356,$4000_duty,2
356,$4000_const,1
356,$4000_vol,1
356,$4004_duty,2
356,$4004_const,1
356,$4004_vol,0
356,$4008_linear,31
356,$400C_const,1
356,$400C_vol,5
356,$400E_period,13
356,$400E_mode,0
357,$4001_sweep,67
357,$4000_duty,2
357,$4000_const,1
357,$4000_vol,6
357,$4002_period,905
357,$400B_length,25
357,$4008_linear,31
357,$400A_period,905
357,$400B_length,105
357,$400C_const,1
357,$400C_vol,2
357,$400E_period,13
357,$400E_mode,0
358,$4000_duty,2
358,$4000_const,1
358,$4000_vol,5
358,$4004_duty,2
358,$4004_const,1
358,$4004_vol,0
358,$4008_linear,31
358,$400C_const,1
358,$400C_vol,2
358,$400E_period,13
358,$400E_mode,0
359,$4005_sweep,67
359,$4004_duty,2
359,$4004_const,1
359,$4004_vol,2
359,$4006_period,1017
360,$4000_duty,2
360,$4000_const,1
360,$4000_vol,4
360,$4004_duty,2
360,$4004_const,1
360,$4004_vol,2
360,$4008_linear,31
360,$400C_const,1
360,$400C_vol,2
360,$400E_period,13
360,$400E_mode,0
362,$4000_duty,2
362,$4000_const,1
362,$4000_vol,3
362,$4004_duty,2
362,$4004_const,1
362,$4004_vol,1
362,$4008_linear,31
362,$400C_const,1
362,$400C_vol,2
362,$400E_period,13
362,$400E_mode,0
363,$4000_duty,2
363,$4000_const,1
363,$4000_vol,2
363,$4004_duty,2
363,$4004_const,1
363,$4004_vol,1
363,$4008_linear,31
363,$400C_const,1
363,$400C_vol,2
363,$400E_period,13
363,$400E_mode,0
365,$4000_duty,2
365,$4000_const,1
365,$4000_vol,1
365,$4004_duty,2
365,$4004_const,1
365,$4004_vol,0
365,$4008_linear,31
365,$400C_const,1
365,$400C_vol,2
365,$400E_period,13
365,$400E_mode,0
366,$4001_sweep,67
366,$4000_duty,2
366,$4000_const,1
366,$4000_vol,6
366,$4002_period,1141
366,$400B_length,26
366,$4008_linear,31
366,$400A_period,905
366,$400B_length,105
366,$400C_const,1
366,$400C_vol,6
366,$400E_period,13
366,$400E_mode,0
367,$4000_duty,2
367,$4000_const,1
367,$4000_vol,5
367,$4004_duty,2
367,$4004_const,1
367,$4004_vol,0
367,$4008_linear,31
367,$400C_const,1
367,$400C_vol,6
367,$400E_period,13
367,$400E_mode,0
368,$4005_sweep,67
368,$4004_duty,2
368,$4004_const,1
368,$4004_vol,2
368,$4006_period,905
369,$4000_duty,2
369,$4000_const,1
369,$4000_vol,4
369,$4004_duty,2
369,$4004_const,1
369,$4004_vol,2
369,$4008_linear,31
369,$400C_const,1
369,$400C_vol,6
369,$400E_period,13
369,$400E_mode,0
371,$4000_duty,2
371,$4000_const,1
371,$4000_vol,3
371,$4004_duty,2
371,$4004_const,1
371,$4004_vol,1
371,$4008_linear,31
371,$400C_const,1
371,$400C_vol,6
371,$400E_period,13
371,$400E_mode,0
372,$4000_duty,2
372,$4000_const,1
372,$4000_vol,2
372,$4004_duty,2
372,$4004_const,1
372,$4004_vol,1
372,$4008_linear,31
372,$400C_const,1
372,$400C_vol,6
372,$400E_period,13
372,$400E_mode,0
374,$4000_duty,2
374,$4000_const,1
374,$4000_vol,1
374,$4004_duty,2
374,$4004_const,1
374,$4004_vol,0
374,$4008_linear,31
374,$400C_const,1
374,$400C_vol,6
374,$400E_period,13
374,$400E_mode,0
375,$4001_sweep,67
375,$4000_duty,2
375,$4000_const,1
375,$4000_vol,6
375,$4002_period,569
375,$400B_length,25
375,$4008_linear,31
375,$400A_period,905
375,$400B_length,105
375,$400C_const,1
375,$400C_vol,3
375,$400E_period,13
375,$400E_mode,0
376,$4000_duty,2
376,$4000_const,1
376,$4000_vol,5
376,$4004_duty,2
376,$4004_const,1
376,$4004_vol,0
376,$4008_linear,31
376,$400C_const,1
376,$400C_vol,3
376,$400E_period,13
376,$400E_mode,0
377,$4005_sweep,67
377,$4004_duty,2
377,$4004_const,1
377,$4004_vol,2
377,$4006_period,1141
378,$4000_duty,2
378,$4000_const,1
378,$4000_vol,4
378,$4004_duty,2
378,$4004_const,1
378,$4004_vol,2
378,$4008_linear,31
378,$400C_const,1
378,$400C_vol,3
378,$400E_period,13
378,$400E_mode,0
380,$4000_duty,2
380,$4000_const,1
380,$4000_vol,3
380,$4004_duty,2
380,$4004_const,1
380,$4004_vol,1
380,$4008_linear,31
380,$400C_const,1
380,$400C_vol,3
380,$400E_period,13
380,$400E_mode,0
381,$4000_duty,2
381,$4000_const,1
381,$4000_vol,2
381,$4004_duty,2
381,$4004_const,1
381,$4004_vol,1
381,$4008_linear,31
381,$400C_const,1
381,$400C_vol,3
381,$400E_period,13
381,$400E_mode,0
383,$4000_duty,2
383,$4000_const,1
383,$4000_vol,1
383,$4004_duty,2
383,$4004_const,1
383,$4004_vol,0
383,$4008_linear,31
383,$400C_const,1
383,$400C_vol,3
383,$400E_period,13
383,$400E_mode,0
384,$4001_sweep,67
384,$4000_duty,2
384,$4000_const,1
384,$4000_vol,6
384,$4002_period,569
384,$400B_length,25
384,$4008_linear,31
384,$400A_period,905
384,$400B_length,105
384,$400C_const,1
384,$400C_vol,2
384,$400E_period,13
384,$400E_mode,0
385,$4000_duty,2
385,$4000_const,1
385,$4000_vol,5
385,$4004_duty,2
385,$4004_const,1
385,$4004_vol,0
385,$4008_linear,31
385,$400C_const,1
385,$400C_vol,2
385,$400E_period,13
385,$400E_mode,0
386,$4005_sweep,67
386,$4004_duty,2
386,$4004_const,1
386,$4004_vol,2
386,$4006_period,569
387,$4000_duty,2
387,$4000_const,1
387,$4000_vol,4
387,$4004_duty,2
387,$4004_const,1
387,$4004_vol,2
387,$4008_linear,31
387,$400C_const,1
387,$400C_vol,2
387,$400E_period,13
387,$400E_mode,0
389,$4000_duty,2
389,$4000_const,1
389,$4000_vol,3
389,$4004_duty,2
389,$4004_const,1
389,$4004_vol,1
389,$4008_linear,31
389,$400C_const,1
389,$400C_vol,2
389,$400E_period,13
389,$400E_mode,0
390,$4000_duty,2
390,$4000_const,1
390,$4000_vol,2
390,$4004_duty,2
390,$4004_const,1
390,$4004_vol,1
390,$4008_linear,31
390,$400C_const,1
390,$400C_vol,2
390,$400E_period,13
390,$400E_mode,0
392,$4000_duty,2
392,$4000_const,1
392,$4000_vol,1
392,$4004_duty,2
392,$4004_const,1
392,$4004_vol,0
392,$4008_linear,31
392,$400C_const,1
392,$400C_vol,2
392,$400E_period,13
392,$400E_mode,0
393,$4001_sweep,67
393,$4000_duty,2
393,$4000_const,1
393,$4000_vol,6
393,$4002_period,603
393,$400B_length,25
393,$4008_linear,31
393,$400A_period,905
393,$400B_length,105
393,$400C_const,1
393,$400C_vol,1
393,$400E_period,13
393,$400E_mode,0
394,$4000_duty,2
394,$4000_const,1
394,$4000_vol,5
394,$4004_duty,2
394,$4004_const,1
394,$4004_vol,0
394,$4008_linear,31
394,$400C_const,1
394,$400C_vol,1
394,$400E_period,13
394,$400E_mode,0
395,$4005_sweep,67
395,$4004_duty,2
395,$4004_const,1
395,$4004_vol,2
395,$4006_period,569
396,$4000_duty,2
396,$4000_const,1
396,$4000_vol,4
396,$4004_duty,2
396,$4004_const,1
396,$4004_vol,2
396,$4008_linear,31
396,$400C_const,1
396,$400C_vol,1
396,$400E_period,13
396,$400E_mode,0
398,$4000_duty,2
398,$4000_const,1
398,$4000_vol,3
398,$4004_duty,2
398,$4004_const,1
398,$4004_vol,1
398,$4008_linear,31
398,$400C_const,1
398,$400C_vol,1
398,$400E_period,13
398,$400E_mode,0
399,$4000_duty,2
399,$4000_const,1
399,$4000_vol,2
399,$4004_duty,2
399,$4004_const,1
399,$4004_vol,1
399,$4008_linear,31
399,$400C_const,1
399,$400C_vol,1
399,$400E_period,13
399,$400E_mode,0
401,$4000_duty,2
401,$4000_const,1
401,$4000_vol,1
401,$4004_duty,2
401,$4004_const,1
401,$4004_vol,0
401,$4008_linear,31
401,$400C_const,1
401,$400C_vol,1
401,$400E_period,13
401,$400E_mode,0
402,$4001_sweep,67
402,$4000_duty,2
402,$4000_const,1
402,$4000_vol,6
402,$4002_period,761
402,$400B_length,25
402,$4008_linear,31
402,$400A_period,905
402,$400B_length,105
402,$400C_const,1
402,$400C_vol,6
402,$400E_period,6
402,$400E_mode,0
403,$4000_duty,2
403,$4000_const,1
403,$4000_vol,5
403,$4004_duty,2
403,$4004_const,1
403,$4004_vol,0
403,$4008_linear,31
403,$400C_const,1
403,$400C_vol,6
403,$400E_period,6
403,$400E_mode,0
404,$4005_sweep,67
404,$4004_duty,2
404,$4004_const,1
404,$4004_vol,2
404,$4006_period,603
405,$4000_duty,2
405,$4000_const,1
405,$4000_vol,4
405,$4004_duty,2
405,$4004_const,1
405,$4004_vol,2
405,$4008_linear,31
405,$400C_const,1
405,$400C_vol,6
405,$400E_period,6
405,$400E_mode,0
407,$4000_duty,2
407,$4000_const,1
407,$4000_vol,3
407,$4004_duty,2
407,$4004_const,1
407,$4004_vol,1
407,$4008_linear,31
407,$400C_const,1
407,$400C_vol,6
407,$400E_period,6
407,$400E_mode,0
408,$4000_duty,2
408,$4000_const,1
408,$4000_vol,2
408,$4004_duty,2
408,$4004_const,1
408,$4004_vol,1
408,$4008_linear,31
408,$400C_const,1
408,$400C_vol,6
408,$400E_period,6
408,$400E_mode,0
410,$4000_duty,2
410,$4000_const,1
410,$4000_vol,1
410,$4004_duty,2
410,$4004_const,1
410,$4004_vol,0
410,$4008_linear,31
410,$400C_const,1
410,$400C_vol,6
410,$400E_period,6
410,$400E_mode,0
411,$4008_linear,31
411,$400A_period,905
411,$400B_length,105
411,$400C_const,1
411,$400C_vol,3
411,$400E_period,6
411,$400E_mode,0
412,$4000_duty,2
412,$4000_const,1
412,$4000_vol,0
412,$4004_duty,2
412,$4004_const,1
412,$4004_vol,0
412,$4008_linear,31
412,$400C_const,1
412,$400C_vol,3
412,$400E_period,6
412,$400E_mode,0
413,$4005_sweep,67
413,$4004_duty,2
413,$4004_const,1
413,$4004_vol,2
413,$4006_period,761
414,$4000_duty,2
414,$4000_const,1
414,$4000_vol,0
414,$4004_duty,2
414,$4004_const,1
414,$4004_vol,2
414,$4008_linear,31
414,$400C_const,1
414,$400C_vol,3
414,$400E_period,6
414,$400E_mode,0
416,$4000_duty,2
416,$4000_const,1
416,$4000_vol,0
416,$4004_duty,2
416,$4004_const,1
416,$4004_vol,1
416,$4008_linear,31
416,$400C_const,1
416,$400C_vol,3
416,$400E_period,6
416,$400E_mode,0
417,$4000_duty,2
417,$4000_const,1
417,$4000_vol,0
417,$4004_duty,2
417,$4004_const,1
417,$4004_vol,1
417,$4008_linear,31
417,$400C_const,1
417,$400C_vol,3
417,$400E_period,6
417,$400E_mode,0
419,$4000_duty,2
419,$4000_const,1
419,$4000_vol,0
419,$4004_duty,2
419,$4004_const,1
419,$4004_vol,0
419,$4008_linear,31
419,$400C_const,1
419,$400C_vol,3
419,$400E_period,6
419,$400E_mode,0
420,$4001_sweep,67
420,$4000_duty,2
420,$4000_const,1
420,$4000_vol,6
420,$4002_period,1017
420,$400B_length,25
420,$4008_linear,31
420,$400A_period,905
420,$400B_length,105
420,$400C_const,1
420,$400C_vol,2
420,$400E_period,6
420,$400E_mode,0
421,$4000_duty,2
421,$4000_const,1
421,$4000_vol,5
421,$4004_duty,2
421,$4004_const,1
421,$4004_vol,0
421,$4008_linear,31
421,$400C_const,1
421,$400C_vol,2
421,$400E_period,6
421,$400E_mode,0
423,$4000_duty,2
423,$4000_const,1
423,$4000_vol,4
423,$4004_duty,2
423,$4004_const,1
423,$4004_vol,0
423,$4008_linear,31
423,$400C_const,1
423,$400C_vol,2
423,$400E_period,6
423,$400E_mode,0
425,$4000_duty,2
425,$4000_const,1
425,$4000_vol,3
425,$4004_duty,2
425,$4004_const,1
425,$4004_vol,0
425,$4008_linear,31
425,$400C_const,1
425,$400C_vol,2
425,$400E_period,6
425,$400E_mode,0
426,$4000_duty,2
426,$4000_const,1
426,$4000_vol,2
426,$4004_duty,2
426,$4004_const,1
426,$4004_vol,0
426,$4008_linear,31
426,$400C_const,1
426,$400C_vol,2
426,$400E_period,6
426,$400E_mode,0
428,$4000_duty,2
428,$4000_const,1
428,$4000_vol,1
428,$4004_duty,2
428,$4004_const,1
428,$4004_vol,0
428,$4008_linear,31
428,$400C_const,1
428,$400C_vol,2
428,$400E_period,6
428,$400E_mode,0
429,$4001_sweep,67
429,$4000_duty,2
429,$4000_const,1
429,$4000_vol,6
429,$4002_period,905
429,$400B_length,25
429,$4008_linear,31
429,$400A_period,905
429,$400B_length,105
429,$400C_const,1
429,$400C_vol,1
429,$400E_period,6
429,$400E_mode,0
430,$4000_duty,2
430,$4000_const,1
430,$4000_vol,5
430,$4004_duty,2
430,$4004_const,1
430,$4004_vol,0
430,$4008_linear,31
430,$400C_const,1
430,$400C_vol,1
430,$400E_period,6
430,$400E_mode,0
431,$4005_sweep,67
431,$4004_duty,2
431,$4004_const,1
431,$4004_vol,2
431,$4006_period,1017
432,$4000_duty,2
432,$4000_const,1
432,$4000_vol,4
432,$4004_duty,2
432,$4004_const,1
432,$4004_vol,2
432,$4008_linear,31
432,$400C_const,1
432,$400C_vol,1
432,$400E_period,6
432,$400E_mode,0
434,$4000_duty,2
434,$4000_const,1
434,$4000_vol,3
434,$4004_duty,2
434,$4004_const,1
434,$4004_vol,1
434,$4008_linear,31
434,$400C_const,1
434,$400C_vol,1
434,$400E_period,6
434,$400E_mode,0
435,$4000_duty,2
435,$4000_const,1
435,$4000_vol,2
435,$4004_duty,2
435,$4004_const,1
435,$4004_vol,1
435,$4008_linear,31
435,$400C_const,1
435,$400C_vol,1
435,$400E_period,6
435,$400E_mode,0
437,$4000_duty,2
437,$4000_const,1
437,$4000_vol,1
437,$4004_duty,2
437,$4004_const,1
437,$4004_vol,0
437,$4008_linear,31
437,$400C_const,1
437,$400C_vol,1
437,$400E_period,6
437,$400E_mode,0
438,$4001_sweep,67
438,$4000_duty,0
438,$4000_const,1
438,$4000_vol,6
438,$4002_period,1
438,$400B_length,40
438,$4005_sweep,67
438,$4004_duty,0
438,$4004_const,1
438,$4004_vol,6
438,$4006_period,1
438,$4008_linear,31
438,$400A_period,1017
438,$400B_length,105
438,$400C_const,1
438,$400C_vol,6
438,$400E_period,13
438,$400E_mode,0
439,$4000_duty,0
439,$4000_const,1
439,$4000_vol,5
439,$4004_duty,0
439,$4004_const,1
439,$4004_vol,6
439,$4008_linear,31
439,$400C_const,1
439,$400C_vol,6
439,$400E_period,13
439,$400E_mode,0
441,$4000_duty,0
441,$4000_const,1
441,$4000_vol,4
441,$4004_duty,0
441,$4004_const,1
441,$4004_vol,5
441,$4008_linear,31
441,$400C_const,1
441,$400C_vol,6
441,$400E_period,13
441,$400E_mode,0
443,$4000_duty,0
443,$4000_const,1
443,$4000_vol,3
443,$4004_duty,0
443,$4004_const,1
443,$4004_vol,5
443,$4008_linear,31
443,$400C_const,1
443,$400C_vol,6
443,$400E_period,13
443,$400E_mode,0
445,$4000_duty,0
445,$4000_const,1
445,$4000_vol,2
445,$4004_duty,0
445,$4004_const,1
445,$4004_vol,4
445,$4008_linear,31
445,$400C_const,1
445,$400C_vol,6
445,$400E_period,13
445,$400E_mode,0
446,$4000_duty,0
446,$4000_const,1
446,$4000_vol,1
446,$4004_duty,0
446,$4004_const,1
446,$4004_vol,4
446,$4008_linear,31
446,$400C_const,1
446,$400C_vol,6
446,$400E_period,13
446,$400E_mode,0
447,$4001_sweep,67
447,$4000_duty,0
447,$4000_const,1
447,$4000_vol,6
447,$4002_period,1017
447,$400B_length,41
447,$4005_sweep,67
447,$4004_duty,0
447,$4004_const,1
447,$4004_vol,6
447,$4006_period,507
447,$4008_linear,31
447,$400A_period,1017
447,$400B_length,105
447,$400C_const,1
447,$400C_vol,3
447,$400E_period,13
447,$400E_mode,0
448,$4000_duty,0
448,$4000_const,1
448,$4000_vol,5
448,$4004_duty,0
448,$4004_const,1
448,$4004_vol,5
448,$4008_linear,31
448,$400C_const,1
448,$400C_vol,3
448,$400E_period,13
448,$400E_mode,0
450,$4000_duty,0
450,$4000_const,1
450,$4000_vol,4
450,$4004_duty,0
450,$4004_const,1
450,$4004_vol,5
450,$4006_period,513
450,$4008_linear,31
450,$400C_const,1
450,$400C_vol,3
450,$400E_period,13
450,$400E_mode,0
452,$4000_duty,0
452,$4000_const,1
452,$4000_vol,3
452,$4004_duty,0
452,$4004_const,1
452,$4004_vol,4
452,$4008_linear,31
452,$400C_const,1
452,$400C_vol,3
452,$400E_period,13
452,$400E_mode,0
454,$4000_duty,0
454,$4000_const,1
454,$4000_vol,2
454,$4004_duty,0
454,$4004_const,1
454,$4004_vol,4
454,$4006_period,507
454,$4008_linear,31
454,$400C_const,1
454,$400C_vol,3
454,$400E_period,13
454,$400E_mode,0
455,$4000_duty,0
455,$4000_const,1
455,$4000_vol,1
455,$4004_duty,0
455,$4004_const,1
455,$4004_vol,3
455,$4008_linear,31
455,$400C_const,1
455,$400C_vol,3
455,$400E_period,13
455,$400E_mode,0
456,$4001_sweep,67
456,$4000_duty,0
456,$4000_const,1
456,$4000_vol,6
456,$4002_period,855
456,$400B_length,41
456,$4005_sweep,67
456,$4004_duty,0
456,$4004_const,1
456,$4004_vol,6
456,$4006_period,427
456,$4008_linear,31
456,$400A_period,1017
456,$400B_length,105
456,$400C_const,1
456,$400C_vol,2
456,$400E_period,13
456,$400E_mode,0
457,$4000_duty,0
457,$4000_const,1
457,$4000_vol,5
457,$4004_duty,0
457,$4004_const,1
457,$4004_vol,6
457,$4008_linear,31
457,$400C_const,1
457,$400C_vol,2
457,$400E_period,13
457,$400E_mode,0
459,$4000_duty,0
459,$4000_const,1
459,$4000_vol,4
459,$4004_duty,0
459,$4004_const,1
459,$4004_vol,5
459,$4008_linear,31
459,$400C_const,1
459,$400C_vol,2
459,$400E_period,13
459,$400E_mode,0
460,$4001_sweep,67
460,$4000_duty,0
460,$4000_const,1
460,$4000_vol,2
460,$4002_period,1017
460,$400B_length,41
460,$4005_sweep,67
460,$4004_duty,0
460,$4004_const,1
460,$4004_vol,2
460,$4006_period,507
461,$4000_duty,0
461,$4000_const,1
461,$4000_vol,2
461,$4004_duty,0
461,$4004_const,1
461,$4004_vol,2
461,$4008_linear,31
461,$400C_const,1
461,$400C_vol,2
461,$400E_period,13
461,$400E_mode,0
463,$4000_duty,0
463,$4000_const,1
463,$4000_vol,2
463,$4004_duty,0
463,$4004_const,1
463,$4004_vol,2
463,$4008_linear,31
463,$400C_const,1
463,$400C_vol,2
463,$400E_period,13
463,$400E_mode,0
464,$4000_duty,0
464,$4000_const,1
464,$4000_vol,2
464,$4004_duty,0
464,$4004_const,1
464,$4004_vol,2
464,$4008_linear,31
464,$400C_const,1
464,$400C_vol,2
464,$400E_period,13
464,$400E_mode,0
465,$4001_sweep,67
465,$4000_duty,0
465,$4000_const,1
465,$4000_vol,6
465,$4002_period,677
465,$400B_length,41
465,$4005_sweep,67
465,$4004_duty,0
465,$4004_const,1
465,$4004_vol,6
465,$4006_period,339
465,$4008_linear,31
465,$400A_period,1017
465,$400B_length,105
465,$400C_const,1
465,$400C_vol,1
465,$400E_period,13
465,$400E_mode,0
466,$4000_duty,0
466,$4000_const,1
466,$4000_vol,5
466,$4004_duty,0
466,$4004_const,1
466,$4004_vol,6
466,$4008_linear,31
466,$400C_const,1
466,$400C_vol,1
466,$400E_period,13
466,$400E_mode,0
468,$4000_duty,0
468,$4000_const,1
468,$4000_vol,4
468,$4004_duty,0
468,$4004_const,1
468,$4004_vol,5
468,$4008_linear,31
468,$400C_const,1
468,$400C_vol,1
468,$400E_period,13
468,$400E_mode,0
469,$4001_sweep,67
469,$4000_duty,0
469,$4000_const,1
469,$4000_vol,2
469,$4002_period,855
469,$400B_length,41
469,$4005_sweep,67
469,$4004_duty,0
469,$4004_const,1
469,$4004_vol,2
469,$4006_period,427
470,$4000_duty,0
470,$4000_const,1
470,$4000_vol,1
470,$4004_duty,0
470,$4004_const,1
470,$4004_vol,2
470,$4008_linear,31
470,$400C_const,1
470,$400C_vol,1
470,$400E_period,13
470,$400E_mode,0
472,$4000_duty,0
472,$4000_const,1
472,$4000_vol,0
472,$4004_duty,0
472,$4004_const,1
472,$4004_vol,1
472,$4008_linear,31
472,$400C_const,1
472,$400C_vol,1
472,$400E_period,13
472,$400E_mode,0
473,$4000_duty,0
473,$4000_const,1
473,$4000_vol,0
473,$4004_duty,0
473,$4004_const,1
473,$4004_vol,1
473,$4008_linear,31
473,$400C_const,1
473,$400C_vol,1
473,$400E_period,13
473,$400E_mode,0
474,$4001_sweep,67
474,$4000_duty,0
474,$4000_const,1
474,$4000_vol,6
474,$4002_period,569
474,$400B_length,41
474,$4005_sweep,67
474,$4004_duty,0
474,$4004_const,1
474,$4004_vol,6
474,$4006_period,285
474,$4008_linear,31
474,$400A_period,1017
474,$400B_length,105
474,$400C_const,1
474,$400C_vol,6
474,$400E_period,6
474,$400E_mode,0
475,$4000_duty,0
475,$4000_const,1
475,$4000_vol,5
475,$4004_duty,0
475,$4004_const,1
475,$4004_vol,5
475,$4008_linear,31
475,$400C_const,1
475,$400C_vol,6
475,$400E_period,6
475,$400E_mode,0
477,$4000_duty,0
477,$4000_const,1
477,$4000_vol,4
477,$4004_duty,0
477,$4004_const,1
477,$4004_vol,5
477,$4008_linear,31
477,$400C_const,1
477,$400C_vol,6
477,$400E_period,6
477,$400E_mode,0
478,$4001_sweep,67
478,$4000_duty,0
478,$4000_const,1
478,$4000_vol,2
478,$4002_period,677
478,$400B_length,41
478,$4005_sweep,67
478,$4004_duty,0
478,$4004_const,1
478,$4004_vol,2
478,$4006_period,339
479,$4000_duty,0
479,$4000_const,1
479,$4000_vol,1
479,$4004_duty,0
479,$4004_const,1
479,$4004_vol,1
479,$4008_linear,31
479,$400C_const,1
479,$400C_vol,6
479,$400E_period,6
479,$400E_mode,0
481,$4000_duty,0
481,$4000_const,1
481,$4000_vol,0
481,$4004_duty,0
481,$4004_const,1
481,$4004_vol,1
481,$4008_linear,31
481,$400C_const,1
481,$400C_vol,6
481,$400E_period,6
481,$400E_mode,0
482,$4000_duty,0
482,$4000_const,1
482,$4000_vol,0
482,$4004_duty,0
482,$4004_const,1
482,$4004_vol,0
482,$4008_linear,31
482,$400C_const,1
482,$400C_vol,6
482,$400E_period,6
482,$400E_mode,0
483,$4001_sweep,67
483,$4000_duty,0
483,$4000_const,1
483,$4000_vol,6
483,$4002_period,677
483,$400B_length,41
483,$4005_sweep,67
483,$4004_duty,0
483,$4004_const,1
483,$4004_vol,6
483,$4006_period,339
483,$4008_linear,31
483,$400A_period,1017
483,$400B_length,105
483,$400C_const,1
483,$400C_vol,3
483,$400E_period,6
483,$400E_mode,0
484,$4000_duty,0
484,$4000_const,1
484,$4000_vol,5
484,$4004_duty,0
484,$4004_const,1
484,$4004_vol,6
484,$4008_linear,31
484,$400C_const,1
484,$400C_vol,3
484,$400E_period,6
484,$400E_mode,0
486,$4000_duty,0
486,$4000_const,1
486,$4000_vol,4
486,$4004_duty,0
486,$4004_const,1
486,$4004_vol,5
486,$4008_linear,31
486,$400C_const,1
486,$400C_vol,3
486,$400E_period,6
486,$400E_mode,0
487,$4001_sweep,67
487,$4000_duty,0
487,$4000_const,1
487,$4000_vol,2
487,$4002_period,569
487,$400B_length,41
487,$4005_sweep,67
487,$4004_duty,0
487,$4004_const,1
487,$4004_vol,2
487,$4006_period,285
488,$4000_duty,0
488,$4000_const,1
488,$4000_vol,1
488,$4004_duty,0
488,$4004_const,1
488,$4004_vol,2
488,$4008_linear,31
488,$400C_const,1
488,$400C_vol,3
488,$400E_period,6
488,$400E_mode,0
490,$4000_duty,0
490,$4000_const,1
490,$4000_vol,0
490,$4004_duty,0
490,$4004_const,1
490,$4004_vol,1
490,$4008_linear,31
490,$400C_const,1
490,$400C_vol,3
490,$400E_period,6
490,$400E_mode,0
491,$4000_duty,0
491,$4000_const,1
491,$4000_vol,0
491,$4004_duty,0
491,$4004_const,1
491,$4004_vol,1
491,$4008_linear,31
491,$400C_const,1
491,$400C_vol,3
491,$400E_period,6
491,$400E_mode,0
492,$4001_sweep,67
492,$4000_duty,0
492,$4000_const,1
492,$4000_vol,6
492,$4002_period,855
492,$400B_length,41
492,$4005_sweep,67
492,$4004_duty,0
492,$4004_const,1
492,$4004_vol,6
492,$4006_period,427
492,$4008_linear,31
492,$400A_period,1017
492,$400B_length,105
492,$400C_const,1
492,$400C_vol,5
492,$400E_period,13
492,$400E_mode,0
493,$4000_duty,0
493,$4000_const,1
493,$4000_vol,5
493,$4004_duty,0
493,$4004_const,1
493,$4004_vol,5
493,$4008_linear,31
493,$400C_const,1
493,$400C_vol,5
493,$400E_period,13
493,$400E_mode,0
495,$4000_duty,0
495,$4000_const,1
495,$4000_vol,4
495,$4004_duty,0
495,$4004_const,1
495,$4004_vol,5
495,$4008_linear,31
495,$400C_const,1
495,$400C_vol,5
495,$400E_period,13
495,$400E_mode,0
496,$4001_sweep,67
496,$4000_duty,0
496,$4000_const,1
496,$4000_vol,2
496,$4002_period,677
496,$400B_length,41
496,$4005_sweep,67
496,$4004_duty,0
496,$4004_const,1
496,$4004_vol,2
496,$4006_period,339
497,$4000_duty,0
497,$4000_const,1
497,$4000_vol,1
497,$4004_duty,0
497,$4004_const,1
497,$4004_vol,1
497,$4008_linear,31
497,$400C_const,1
497,$400C_vol,5
497,$400E_period,13
497,$400E_mode,0
499,$4000_duty,0
499,$4000_const,1
499,$4000_vol,0
499,$4004_duty,0
499,$4004_const,1
499,$4004_vol,1
499,$4008_linear,31
499,$400C_const,1
499,$400C_vol,5
499,$400E_period,13
499,$400E_mode,0
500,$4000_duty,0
500,$4000_const,1
500,$4000_vol,0
500,$4004_duty,0
500,$4004_const,1
500,$4004_vol,0
500,$4008_linear,31
500,$400C_const,1
500,$400C_vol,5
500,$400E_period,13
500,$400E_mode,0
501,$4001_sweep,67
501,$4000_duty,0
501,$4000_const,1
501,$4000_vol,6
501,$4002_period,1017
501,$400B_length,41
501,$4005_sweep,67
501,$4004_duty,0
501,$4004_const,1
501,$4004_vol,6
501,$4006_period,507
501,$4008_linear,31
501,$400A_period,1017
501,$400B_length,105
501,$400C_const,1
501,$400C_vol,2
501,$400E_period,13
501,$400E_mode,0
502,$4000_duty,0
502,$4000_const,1
502,$4000_vol,5
502,$4004_duty,0
502,$4004_const,1
502,$4004_vol,6
502,$4008_linear,31
502,$400C_const,1
502,$400C_vol,2
502,$400E_period,13
502,$400E_mode,0
504,$4000_duty,0
504,$4000_const,1
504,$4000_vol,4
504,$4004_duty,0
504,$4004_const,1
504,$4004_vol,5
504,$4008_linear,31
504,$400C_const,1
504,$400C_vol,2
504,$400E_period,13
504,$400E_mode,0
505,$4001_sweep,67
505,$4000_duty,0
505,$4000_const,1
505,$4000_vol,2
505,$4002_period,855
505,$400B_length,41
505,$4005_sweep,67
505,$4004_duty,0
505,$4004_const,1
505,$4004_vol,2
505,$4006_period,427
506,$4000_duty,0
506,$4000_const,1
506,$4000_vol,1
506,$4004_duty,0
506,$4004_const,1
506,$4004_vol,2
506,$4008_linear,31
506,$400C_const,1
506,$400C_vol,2
506,$400E_period,13
506,$400E_mode,0
508,$4000_duty,0
508,$4000_const,1
508,$4000_vol,0
508,$4004_duty,0
508,$4004_const,1
508,$4004_vol,1
508,$4008_linear,31
508,$400C_const,1
508,$400C_vol,2
508,$400E_period,13
508,$400E_mode,0
509,$4000_duty,0
509,$4000_const,1
509,$4000_vol,0
509,$4004_duty,0
509,$4004_const,1
509,$4004_vol,1
509,$4008_linear,31
509,$400C_const,1
509,$400C_vol,2
509,$400E_period,13
509,$400E_mode,0
510,$4001_sweep,67
510,$4000_duty,0
510,$4000_const,1
510,$4000_vol,6
510,$4002_period,1
510,$400B_length,40
510,$4005_sweep,67
510,$4004_duty,0
510,$4004_const,1
510,$4004_vol,6
510,$4006_period,1
510,$4008_linear,31
510,$400A_period,761
510,$400B_length,105
510,$400C_const,1
510,$400C_vol,6
510,$400E_period,13
510,$400E_mode,0
511,$4000_duty,0
511,$4000_const,1
511,$4000_vol,5
511,$4004_duty,0
511,$4004_const,1
511,$4004_vol,5
511,$4008_linear,31
511,$400C_const,1
511,$400C_vol,6
511,$400E_period,13
511,$400E_mode,0
513,$4000_duty,0
513,$4000_const,1
513,$4000_vol,4
513,$4004_duty,0
513,$4004_const,1
513,$4004_vol,5
513,$4008_linear,31
513,$400C_const,1
513,$400C_vol,6
513,$400E_period,13
513,$400E_mode,0
514,$4001_sweep,67
514,$4000_duty,0
514,$4000_const,1
514,$4000_vol,2
514,$4002_period,1017
514,$400B_length,41
514,$4005_sweep,67
514,$4004_duty,0
514,$4004_const,1
514,$4004_vol,2
514,$4006_period,507
515,$4000_duty,0
515,$4000_const,1
515,$4000_vol,1
515,$4004_duty,0
515,$4004_const,1
515,$4004_vol,1
515,$4008_linear,31
515,$400C_const,1
515,$400C_vol,6
515,$400E_period,13
515,$400E_mode,0
517,$4000_duty,0
517,$4000_const,1
517,$4000_vol,0
517,$4004_duty,0
517,$4004_const,1
517,$4004_vol,1
517,$4008_linear,31
517,$400C_const,1
517,$400C_vol,6
517,$400E_period,13
517,$400E_mode,0
518,$4000_duty,0
518,$4000_const,1
518,$4000_vol,0
518,$4004_duty,0
518,$4004_const,1
518,$4004_vol,0
518,$4008_linear,31
518,$400C_const,1
518,$400C_vol,6
518,$400E_period,13
518,$400E_mode,0
519,$4001_sweep,67
519,$4000_duty,0
519,$4000_const,1
519,$4000_vol,6
519,$4002_period,507
519,$400B_length,40
519,$4005_sweep,67
519,$4004_duty,0
519,$4004_const,1
519,$4004_vol,6
519,$4006_period,253
519,$4008_linear,31
519,$400A_period,761
519,$400B_length,105
519,$400C_const,1
519,$400C_vol,3
519,$400E_period,13
519,$400E_mode,0
520,$4000_duty,0
520,$4000_const,1
520,$4000_vol,5
520,$4004_duty,0
520,$4004_const,1
520,$4004_vol,6
520,$4008_linear,31
520,$400C_const,1
520,$400C_vol,3
520,$400E_period,13
520,$400E_mode,0
522,$4000_duty,0
522,$4000_const,1
522,$4000_vol,4
522,$4004_duty,0
522,$4004_const,1
522,$4004_vol,5
522,$4008_linear,31
522,$400C_const,1
522,$400C_vol,3
522,$400E_period,13
522,$400E_mode,0
523,$4001_sweep,67
523,$4000_duty,0
523,$4000_const,1
523,$4000_vol,2
523,$4002_period,1
523,$400B_length,40
523,$4005_sweep,67
523,$4004_duty,0
523,$4004_const,1
523,$4004_vol,2
523,$4006_period,1
524,$4000_duty,0
524,$4000_const,1
524,$4000_vol,1
524,$4004_duty,0
524,$4004_const,1
524,$4004_vol,2
524,$4008_linear,31
524,$400C_const,1
524,$400C_vol,3
524,$400E_period,13
524,$400E_mode,0
526,$4000_duty,0
526,$4000_const,1
526,$4000_vol,0
526,$4004_duty,0
526,$4004_const,1
526,$4004_vol,1
526,$4008_linear,31
526,$400C_const,1
526,$400C_vol,3
526,$400E_period,13
526,$400E_mode,0
527,$4000_duty,0
527,$4000_const,1
527,$4000_vol,0
527,$4004_duty,0
527,$4004_const,1
527,$4004_vol,1
527,$4008_linear,31
527,$400C_const,1
527,$400C_vol,3
527,$400E_period,13
527,$400E_mode,0
528,$4001_sweep,67
528,$4000_duty,0
528,$4000_const,1
528,$4000_vol,6
528,$4002_period,427
528,$400B_length,40
528,$4005_sweep,67
528,$4004_duty,0
528,$4004_const,1
528,$4004_vol,6
528,$4006_period,213
528,$4008_linear,31
528,$400A_period,761
528,$400B_length,105
528,$400C_const,1
528,$400C_vol,2
528,$400E_period,13
528,$400E_mode,0
529,$4000_duty,0
529,$4000_const,1
529,$4000_vol,5
529,$4004_duty,0
529,$4004_const,1
529,$4004_vol,5
529,$4008_linear,31
529,$400C_const,1
529,$400C_vol,2
529,$400E_period,13
529,$400E_mode,0
531,$4000_duty,0
531,$4000_const,1
531,$4000_vol,4
531,$4004_duty,0
531,$4004_const,1
531,$4004_vol,5
531,$4008_linear,31
531,$400C_const,1
531,$400C_vol,2
531,$400E_period,13
531,$400E_mode,0
532,$4001_sweep,67
532,$4000_duty,0
532,$4000_const,1
532,$4000_vol,2
532,$4002_period,507
532,$400B_length,40
532,$4005_sweep,67
532,$4004_duty,0
532,$4004_const,1
532,$4004_vol,2
532,$4006_period,253
533,$4000_duty,0
533,$4000_const,1
533,$4000_vol,1
533,$4004_duty,0
533,$4004_const,1
533,$4004_vol,1
533,$4008_linear,31
533,$400C_const,1
533,$400C_vol,2
533,$400E_period,13
533,$400E_mode,0
535,$4000_duty,0
535,$4000_const,1
535,$4000_vol,0
535,$4004_duty,0
535,$4004_const,1
535,$4004_vol,1
535,$4008_linear,31
535,$400C_const,1
535,$400C_vol,2
535,$400E_period,13
535,$400E_mode,0
536,$4000_duty,0
536,$4000_const,1
536,$4000_vol,0
536,$4004_duty,0
536,$4004_const,1
536,$4004_vol,0
536,$4008_linear,31
536,$400C_const,1
536,$400C_vol,2
536,$400E_period,13
536,$400E_mode,0
537,$4001_sweep,67
537,$4000_duty,0
537,$4000_const,1
537,$4000_vol,6
537,$4002_period,339
537,$400B_length,40
537,$4005_sweep,67
537,$4004_duty,0
537,$4004_const,1
537,$4004_vol,6
537,$4006_period,169
537,$4008_linear,31
537,$400A_period,761
537,$400B_length,105
537,$400C_const,1
537,$400C_vol,1
537,$400E_period,13
537,$400E_mode,0
538,$4000_duty,0
538,$4000_const,1
538,$4000_vol,5
538,$4004_duty,0
538,$4004_const,1
538,$4004_vol,6
538,$4008_linear,31
538,$400C_const,1
538,$400C_vol,1
538,$400E_period,13
538,$400E_mode,0
540,$4000_duty,0
540,$4000_const,1
540,$4000_vol,4
540,$4004_duty,0
540,$4004_const,1
540,$4004_vol,5
540,$4008_linear,31
540,$400C_const,1
540,$400C_vol,1
540,$400E_period,13
540,$400E_mode,0
541,$4001_sweep,67
541,$4000_duty,0
541,$4000_const,1
541,$4000_vol,2
541,$4002_period,427
541,$400B_length,40
541,$4005_sweep,67
541,$4004_duty,0
541,$4004_const,1
541,$4004_vol,2
541,$4006_period,213
542,$4000_duty,0
542,$4000_const,1
542,$4000_vol,1
542,$4004_duty,0
542,$4004_const,1
542,$4004_vol,2
542,$4008_linear,31
542,$400C_const,1
542,$400C_vol,1
542,$400E_period,13
542,$400E_mode,0
544,$4000_duty,0
544,$4000_const,1
544,$4000_vol,0
544,$4004_duty,0
544,$4004_const,1
544,$4004_vol,1
544,$4008_linear,31
544,$400C_const,1
544,$400C_vol,1
544,$400E_period,13
544,$400E_mode,0
545,$4000_duty,0
545,$4000_const,1
545,$4000_vol,0
545,$4004_duty,0
545,$4004_const,1
545,$4004_vol,1
545,$4008_linear,31
545,$400C_const,1
545,$400C_vol,1
545,$400E_period,13
545,$400E_mode,0
546,$4001_sweep,67
546,$4000_duty,0
546,$4000_const,1
546,$4000_vol,6
546,$4002_period,569
546,$400B_length,41
546,$4005_sweep,67
546,$4004_duty,0
546,$4004_const,1
546,$4004_vol,6
546,$4006_period,285
546,$4008_linear,31
546,$400A_period,761
546,$400B_length,105
546,$400C_const,1
546,$400C_vol,6
546,$400E_period,6
546,$400E_mode,0
547,$4000_duty,0
547,$4000_const,1
547,$4000_vol,5
547,$4004_duty,0
547,$4004_const,1
547,$4004_vol,5
547,$4008_linear,31
547,$400C_const,1
547,$400C_vol,6
547,$400E_period,6
547,$400E_mode,0
549,$4000_duty,0
549,$4000_const,1
549,$4000_vol,4
549,$4004_duty,0
549,$4004_const,1
549,$4004_vol,5
549,$4008_linear,31
549,$400C_const,1
549,$400C_vol,6
549,$400E_period,6
549,$400E_mode,0
550,$4001_sweep,67
550,$4000_duty,0
550,$4000_const,1
550,$4000_vol,2
550,$4002_period,339
550,$400B_length,40
550,$4005_sweep,67
550,$4004_duty,0
550,$4004_const,1
550,$4004_vol,2
550,$4006_period,169
551,$4000_duty,0
551,$4000_const,1
551,$4000_vol,1
551,$4004_duty,0
551,$4004_const,1
551,$4004_vol,1
551,$4008_linear,31
551,$400C_const,1
551,$400C_vol,6
551,$400E_period,6
551,$400E_mode,0
553,$4000_duty,0
553,$4000_const,1
553,$4000_vol,0
553,$4004_duty,0
553,$4004_const,1
553,$4004_vol,1
553,$4008_linear,31
553,$400C_const,1
553,$400C_vol,6
553,$400E_period,6
553,$400E_mode,0
554,$4000_duty,0
554,$4000_const,1
554,$4000_vol,0
554,$4004_duty,0
554,$4004_const,1
554,$4004_vol,0
554,$4008_linear,31
554,$400C_const,1
554,$400C_vol,6
554,$400E_period,6
554,$400E_mode,0
555,$4001_sweep,67
555,$4000_duty,0
555,$4000_const,1
555,$4000_vol,6
555,$4002_period,301
555,$400B_length,40
555,$4005_sweep,67
555,$4004_duty,0
555,$4004_const,1
555,$4004_vol,6
555,$4006_period,151
555,$4008_linear,31
555,$400A_period,761
555,$400B_length,105
555,$400C_const,1
555,$400C_vol,3
555,$400E_period,6
555,$400E_mode,0
556,$4000_duty,0
556,$4000_const,1
556,$4000_vol,5
556,$4004_duty,0
556,$4004_const,1
556,$4004_vol,6
556,$4008_linear,31
556,$400C_const,1
556,$400C_vol,3
556,$400E_period,6
556,$400E_mode,0
558,$4000_duty,0
558,$4000_const,1
558,$4000_vol,4
558,$4004_duty,0
558,$4004_const,1
558,$4004_vol,5
558,$4008_linear,31
558,$400C_const,1
558,$400C_vol,3
558,$400E_period,6
558,$400E_mode,0
559,$4001_sweep,67
559,$4000_duty,0
559,$4000_const,1
559,$4000_vol,2
559,$4002_period,285
559,$400B_length,40
559,$4005_sweep,67
559,$4004_duty,0
559,$4004_const,1
559,$4004_vol,2
559,$4006_period,141
560,$4000_duty,0
560,$4000_const,1
560,$4000_vol,1
560,$4004_duty,0
560,$4004_const,1
560,$4004_vol,2
560,$4008_linear,31
560,$400C_const,1
560,$400C_vol,3
560,$400E_period,6
560,$400E_mode,0
562,$4000_duty,0
562,$4000_const,1
562,$4000_vol,0
562,$4004_duty,0
562,$4004_const,1
562,$4004_vol,1
562,$4008_linear,31
562,$400C_const,1
562,$400C_vol,3
562,$400E_period,6
562,$400E_mode,0
563,$4000_duty,0
563,$4000_const,1
563,$4000_vol,0
563,$4004_duty,0
563,$4004_const,1
563,$4004_vol,1
563,$4008_linear,31
563,$400C_const,1
563,$400C_vol,3
563,$400E_period,6
563,$400E_mode,0
564,$4001_sweep,67
564,$4000_duty,0
564,$4000_const,1
564,$4000_vol,6
564,$4002_period,379
564,$400B_length,40
564,$4005_sweep,67
564,$4004_duty,0
564,$4004_const,1
564,$4004_vol,6
564,$4006_period,189
564,$4008_linear,31
564,$400A_period,761
564,$400B_length,105
564,$400C_const,1
564,$400C_vol,2
564,$400E_period,6
564,$400E_mode,0
565,$4000_duty,0
565,$4000_const,1
565,$4000_vol,5
565,$4004_duty,0
565,$4004_const,1
565,$4004_vol,5
565,$4008_linear,31
565,$400C_const,1
565,$400C_vol,2
565,$400E_period,6
565,$400E_mode,0
567,$4000_duty,0
567,$4000_const,1
567,$4000_vol,4
567,$4004_duty,0
567,$4004_const,1
567,$4004_vol,5
567,$4008_linear,31
567,$400C_const,1
567,$400C_vol,2
567,$400E_period,6
567,$400E_mode,0
568,$4001_sweep,67
568,$4000_duty,0
568,$4000_const,1
568,$4000_vol,2
568,$4002_period,301
568,$400B_length,40
568,$4005_sweep,67
568,$4004_duty,0
568,$4004_const,1
568,$4004_vol,2
568,$4006_period,151
569,$4000_duty,0
569,$4000_const,1
569,$4000_vol,1
569,$4004_duty,0
569,$4004_const,1
569,$4004_vol,1
569,$4008_linear,31
569,$400C_const,1
569,$400C_vol,2
569,$400E_period,6
569,$400E_mode,0
571,$4000_duty,0
571,$4000_const,1
571,$4000_vol,0
571,$4004_duty,0
571,$4004_const,1
571,$4004_vol,1
571,$4008_linear,31
571,$400C_const,1
571,$400C_vol,2
571,$400E_period,6
571,$400E_mode,0
572,$4001_sweep,67
572,$4000_duty,0
572,$4000_const,1
572,$4000_vol,6
572,$4002_period,339
572,$400B_length,40
572,$4005_sweep,67
572,$4004_duty,0
572,$4004_const,1
572,$4004_vol,6
572,$4006_period,169
572,$4008_linear,31
572,$400A_period,761
572,$400B_length,105
572,$400C_const,1
572,$400C_vol,1
572,$400E_period,6
572,$400E_mode,0
573,$4000_duty,0
573,$4000_const,1
573,$4000_vol,5
573,$4004_duty,0
573,$4004_const,1
573,$4004_vol,5
573,$4008_linear,31
573,$400C_const,1
573,$400C_vol,1
573,$400E_period,6
573,$400E_mode,0
576,$4000_duty,0
576,$4000_const,1
576,$4000_vol,5
576,$4004_duty,0
576,$4004_const,1
576,$4004_vol,5
576,$4008_linear,31
576,$400C_const,1
576,$400C_vol,1
576,$400E_period,6
576,$400E_mode,0
576,$4000_duty,0
576,$4000_const,1
576,$4000_vol,5
576,$4004_duty,0
576,$4004_const,1
576,$4004_vol,5
576,$4008_linear,31
576,$400C_const,1
576,$400C_vol,1
576,$400E_period,6
576,$400E_mode,0
577,$4001_sweep,67
577,$4000_duty,1
577,$4000_const,1
577,$4000_vol,6
577,$4002_period,1709
577,$400B_length,3
577,$4005_sweep,67
577,$4004_duty,1
577,$4004_const,1
577,$4004_vol,6
577,$4006_period,2283
577,$4008_linear,31
577,$400A_period,1709
577,$400B_length,139
577,$400C_const,1
577,$400C_vol,1
577,$400E_period,15
577,$400E_mode,0
577,$4011_dac,35
577,$4011_dac,30
577,$4011_dac,38
577,$4011_dac,32
577,$4011_dac,35
577,$4011_dac,36
577,$4011_dac,34
577,$4011_dac,34
577,$4011_dac,34
577,$4011_dac,37
577,$4011_dac,37
577,$4011_dac,37
577,$4011_dac,32
577,$4011_dac,37
577,$4011_dac,38
577,$4011_dac,33
577,$4011_dac,36
577,$4011_dac,31
577,$4011_dac,33
577,$4011_dac,36
577,$4011_dac,33
577,$4011_dac,34
577,$4011_dac,35
577,$4011_dac,31
577,$4011_dac,31
577,$4011_dac,32
577,$4011_dac,33
577,$4011_dac,37
577,$4011_dac,30
577,$4011_dac,36
577,$4011_dac,37
577,$4011_dac,32
577,$4011_dac,36
577,$4011_dac,35
577,$4011_dac,37
577,$4011_dac,37
577,$4011_dac,32
577,$4011_dac,35
577,$4011_dac,34
577,$4011_dac,36
577,$4011_dac,31
577,$4011_dac,34
577,$4011_dac,37
577,$4011_dac,30
577,$4011_dac,36
577,$4011_dac,36
577,$4011_dac,32
577,$4011_dac,37
577,$4011_dac,32
577,$4011_dac,32
577,$4011_dac,35
577,$4011_dac,35
577,$4011_dac,34
577,$4011_dac,35
577,$4011_dac,36
577,$4011_dac,34
577,$4011_dac,36
577,$4011_dac,37
577,$4011_dac,37
577,$4011_dac,32
577,$4011_dac,34
577,$4011_dac,32
577,$4011_dac,33
577,$4011_dac,30
577,$4011_dac,31
577,$4011_dac,34
577,$4011_dac,33
577,$4011_dac,37
577,$4011_dac,34
577,$4011_dac,34
577,$4011_dac,37
577,$4011_dac,33
577,$4011_dac,30
577,$4011_dac,34
577,$4011_dac,34
577,$4011_dac,31
577,$4011_dac,33
577,$4011_dac,33
577,$4011_dac,34
577,$4011_dac,31
577,$4011_dac,36
577,$4011_dac,36
577,$4011_dac,36
577,$4011_dac,37
577,$4011_dac,25
577,$4011_dac,21
577,$4011_dac,19
577,$4011_dac,19
577,$4011_dac,21
577,$4011_dac,25
577,$4011_dac,31
577,$4011_dac,38
577,$4011_dac,45
577,$4011_dac,49
577,$4011_dac,52
577,$4011_dac,52
577,$4011_dac,52
577,$4011_dac,49
577,$4011_dac,45
577,$4011_dac,40
577,$4011_dac,36
577,$4011_dac,31
577,$4011_dac,28
577,$4011_dac,24
577,$4011_dac,21
577,$4011_dac,19
577,$4011_dac,17
577,$4011_dac,15
577,$4011_dac,14
577,$4011_dac,13
577,$4011_dac,13
577,$4011_dac,13
577,$4011_dac,14
577,$4011_dac,16
577,$4011_dac,17
577,$4011_dac,19
577,$4011_dac,22
577,$4011_dac,25
577,$4011_dac,29
577,$4011_dac,33
577,$4011_dac,37
577,$4011_dac,40
577,$4011_dac,43
577,$4011_dac,46
577,$4011_dac,48
577,$4011_dac,51
577,$4011_dac,53
577,$4011_dac,54
577,$4011_dac,55
577,$4011_dac,56
577,$4011_dac,57
577,$4011_dac,57
577,$4011_dac,57
577,$4011_dac,57
577,$4011_dac,56
577,$4011_dac,55
577,$4011_dac,54
577,$4011_dac,53
577,$4011_dac,51
577,$4011_dac,48
577,$4011_dac,46
577,$4011_dac,43
577,$4011_dac,40
577,$4011_dac,37
577,$4011_dac,34
577,$4011_dac,31
577,$4011_dac,28
577,$4011_dac,25
577,$4011_dac,23
577,$4011_dac,21
577,$4011_dac,19
577,$4011_dac,17
577,$4011_dac,16
577,$4011_dac,15
577,$4011_dac,14
577,$4011_dac,13
577,$4011_dac,13
577,$4011_dac,13
577,$4011_dac,13
577,$4011_dac,13
577,$4011_dac,14
577,$4011_dac,15
577,$4011_dac,16
577,$4011_dac,17
577,$4011_dac,19
577,$4011_dac,21
577,$4011_dac,23
577,$4011_dac,25
577,$4011_dac,28
577,$4011_dac,31
577,$4011_dac,34
577,$4011_dac,37
577,$4011_dac,39
577,$4011_dac,42
577,$4011_dac,44
577,$4011_dac,46
577,$4011_dac,48
577,$4011_dac,50
577,$4011_dac,51
577,$4011_dac,52
577,$4011_dac,53
577,$4011_dac,54
577,$4011_dac,54
577,$4011_dac,55
577,$4011_dac,55
577,$4011_dac,54
577,$4011_dac,54
577,$4011_dac,53
577,$4011_dac,53
577,$4011_dac,52
577,$4011_dac,50
577,$4011_dac,49
577,$4011_dac,47
577,$4011_dac,45
577,$4011_dac,43
577,$4011_dac,41
577,$4011_dac,40
577,$4011_dac,38
577,$4011_dac,36
577,$4011_dac,34
577,$4011_dac,32
577,$4011_dac,30
577,$4011_dac,28
577,$4011_dac,27
577,$4011_dac,25
577,$4011_dac,24
577,$4011_dac,23
577,$4011_dac,23
577,$4011_dac,22
577,$4011_dac,22
577,$4011_dac,21
577,$4011_dac,21
577,$4011_dac,21
577,$4011_dac,22
577,$4011_dac,22
577,$4011_dac,23
577,$4011_dac,24
577,$4011_dac,25
577,$4011_dac,26
577,$4011_dac,28
577,$4011_dac,29
577,$4011_dac,31
577,$4011_dac,33
577,$4011_dac,35
577,$4011_dac,37
577,$4011_dac,38
577,$4011_dac,40
577,$4011_dac,41
577,$4011_dac,42
577,$4011_dac,43
577,$4011_dac,44
577,$4011_dac,45
577,$4011_dac,45
577,$4011_dac,45
577,$4011_dac,46
577,$4011_dac,46
577,$4011_dac,45
577,$4011_dac,45
577,$4011_dac,45
577,$4011_dac,44
577,$4011_dac,43
577,$4011_dac,42
577,$4011_dac,41
577,$4011_dac,40
577,$4011_dac,38
577,$4011_dac,37
577,$4011_dac,35
577,$4011_dac,33
577,$4011_dac,31
577,$4011_dac,29
577,$4011_dac,28
577,$4011_dac,26
577,$4011_dac,25
577,$4011_dac,23
577,$4011_dac,22
577,$4011_dac,21
577,$4011_dac,20
577,$4011_dac,19
577,$4011_dac,19
577,$4011_dac,18
577,$4011_dac,18
577,$4011_dac,18
577,$4011_dac,18
577,$4011_dac,18
577,$4011_dac,18
577,$4011_dac,18
577,$4011_dac,19
577,$4011_dac,19
577,$4011_dac,20
577,$4011_dac,21
577,$4011_dac,22
577,$4011_dac,23
577,$4011_dac,25
577,$4011_dac,26
577,$4011_dac,28
577,$4011_dac,30
577,$4011_dac,32
577,$4011_dac,33
577,$4011_dac,35
577,$4011_dac,37
577,$4011_dac,38
577,$4011_dac,39
577,$4011_dac,41
577,$4011_dac,42
577,$4011_dac,43
577,$4011_dac,44
577,$4011_dac,45
577,$4011_dac,45
577,$4011_dac,46
577,$4011_dac,46
577,$4011_dac,47
577,$4011_dac,47
577,$4011_dac,47
577,$4011_dac,47
577,$4011_dac,47
577,$4011_dac,47
577,$4011_dac,47
577,$4011_dac,46
577,$4011_dac,46
577,$4011_dac,45
577,$4011_dac,44
577,$4011_dac,44
577,$4011_dac,43
577,$4011_dac,42
577,$4011_dac,40
577,$4011_dac,39
577,$4011_dac,38
577,$4011_dac,36
577,$4011_dac,35
577,$4011_dac,33
577,$4011_dac,31
577,$4011_dac,30
577,$4011_dac,28
577,$4011_dac,27
577,$4011_dac,25
577,$4011_dac,24
577,$4011_dac,23
577,$4011_dac,22
577,$4011_dac,21
577,$4011_dac,21
577,$4011_dac,20
577,$4011_dac,20
577,$4011_dac,19
577,$4011_dac,19
577,$4011_dac,19
577,$4011_dac,19
577,$4011_dac,19
577,$4011_dac,20
577,$4011_dac,20
577,$4011_dac,21
577,$4011_dac,21
577,$4011_dac,22
577,$4011_dac,23
577,$4011_dac,24
577,$4011_dac,25
577,$4011_dac,27
577,$4011_dac,28
577,$4011_dac,30
577,$4011_dac,31
577,$4011_dac,33
577,$4011_dac,35
577,$4011_dac,36
577,$4011_dac,38
577,$4011_dac,39
577,$4011_dac,41
577,$4011_dac,42
577,$4011_dac,43
577,$4011_dac,44
577,$4011_dac,45
577,$4011_dac,46
577,$4011_dac,47
577,$4011_dac,47
577,$4011_dac,48
577,$4011_dac,49
577,$4011_dac,49
577,$4011_dac,49
577,$4011_dac,50
577,$4011_dac,50
577,$4011_dac,50
577,$4011_dac,50
577,$4011_dac,49
577,$4011_dac,49
577,$4011_dac,49
577,$4011_dac,48
577,$4011_dac,48
577,$4011_dac,47
577,$4011_dac,47
577,$4011_dac,46
577,$4011_dac,45
577,$4011_dac,44
577,$4011_dac,43
577,$4011_dac,42
577,$4011_dac,40
577,$4011_dac,39
577,$4011_dac,37
577,$4011_dac,36
577,$4011_dac,34
577,$4011_dac,32
577,$4011_dac,31
577,$4011_dac,28
577,$4011_dac,26
577,$4011_dac,27
577,$4011_dac,25
577,$4011_dac,22
577,$4011_dac,23
577,$4011_dac,20
577,$4011_dac,21
577,$4011_dac,18
577,$4011_dac,19
577,$4011_dac,19
577,$4011_dac,16
577,$4011_dac,16
577,$4011_dac,17
577,$4011_dac,17
577,$4011_dac,17
577,$4011_dac,17
577,$4011_dac,17
577,$4011_dac,17
577,$4011_dac,16
577,$4011_dac,16
577,$4011_dac,19
577,$4011_dac,19
577,$4011_dac,18
577,$4011_dac,21
577,$4011_dac,20
577,$4011_dac,23
577,$4011_dac,22
577,$4011_dac,24
577,$4011_dac,27
577,$4011_dac,29
577,$4011_dac,28
577,$4011_dac,30
577,$4011_dac,32
577,$4011_dac,34
577,$4011_dac,36
577,$4011_dac,39
577,$4011_dac,41
577,$4011_dac,40
577,$4011_dac,42
577,$4011_dac,45
577,$4011_dac,44
577,$4011_dac,47
577,$4011_dac,46
577,$4011_dac,49
577,$4011_dac,48
577,$4011_dac,51
577,$4011_dac,50
577,$4011_dac,53
577,$4011_dac,53
577,$4011_dac,52
577,$4011_dac,52
577,$4011_dac,55
577,$4011_dac,55
577,$4011_dac,55
577,$4011_dac,55
577,$4011_dac,54
577,$4011_dac,54
577,$4011_dac,55
577,$4011_dac,55
577,$4011_dac,55
577,$4011_dac,55
577,$4011_dac,52
577,$4011_dac,52
577,$4011_dac,53
577,$4011_dac,53
577,$4011_dac,50
577,$4011_dac,51
577,$4011_dac,48
577,$4011_dac,49
577,$4011_dac,46
577,$4011_dac,47
577,$4011_dac,44
577,$4011_dac,45
577,$4011_dac,42
577,$4011_dac,40
577,$4011_dac,41
577,$4011_dac,39
577,$4011_dac,36
577,$4011_dac,34
577,$4011_dac,32
577,$4011_dac,30
577,$4011_dac,28
577,$4011_dac,29
578,$4000_duty,1
578,$4000_const,1
578,$4000_vol,6
578,$4004_duty,1
578,$4004_const,1
578,$4004_vol,6
578,$4008_linear,31
578,$400C_const,1
578,$400C_vol,1
578,$400E_period,15
578,$400E_mode,0
578,$4011_dac,27
578,$4011_dac,24
578,$4011_dac,22
578,$4011_dac,23
578,$4011_dac,20
578,$4011_dac,21
578,$4011_dac,19
578,$4011_dac,19
578,$4011_dac,16
578,$4011_dac,17
578,$4011_dac,14
578,$4011_dac,14
578,$4011_dac,15
578,$4011_dac,15
578,$4011_dac,15
578,$4011_dac,12
578,$4011_dac,12
578,$4011_dac,12
578,$4011_dac,12
578,$4011_dac,15
578,$4011_dac,15
578,$4011_dac,15
578,$4011_dac,14
578,$4011_dac,14
578,$4011_dac,17
578,$4011_dac,16
578,$4011_dac,19
578,$4011_dac,19
578,$4011_dac,21
578,$4011_dac,20
578,$4011_dac,23
578,$4011_dac,22
578,$4011_dac,24
578,$4011_dac,27
578,$4011_dac,29
578,$4011_dac,28
578,$4011_dac,30
578,$4011_dac,32
578,$4011_dac,34
578,$4011_dac,36
578,$4011_dac,39
578,$4011_dac,41
578,$4011_dac,40
578,$4011_dac,42
578,$4011_dac,45
578,$4011_dac,44
578,$4011_dac,47
578,$4011_dac,46
578,$4011_dac,49
578,$4011_dac,48
578,$4011_dac,51
578,$4011_dac,50
578,$4011_dac,53
578,$4011_dac,53
578,$4011_dac,52
578,$4011_dac,52
578,$4011_dac,55
578,$4011_dac,55
578,$4011_dac,55
578,$4011_dac,55
578,$4011_dac,54
578,$4011_dac,54
578,$4011_dac,55
578,$4011_dac,55
578,$4011_dac,55
578,$4011_dac,55
578,$4011_dac,52
578,$4011_dac,52
578,$4011_dac,53
578,$4011_dac,53
578,$4011_dac,50
578,$4011_dac,51
578,$4011_dac,48
578,$4011_dac,49
578,$4011_dac,46
578,$4011_dac,47
578,$4011_dac,44
578,$4011_dac,45
578,$4011_dac,42
578,$4011_dac,40
578,$4011_dac,41
578,$4011_dac,39
578,$4011_dac,36
578,$4011_dac,34
578,$4011_dac,32
578,$4011_dac,30
578,$4011_dac,28
578,$4011_dac,29
578,$4011_dac,27
578,$4011_dac,24
578,$4011_dac,22
578,$4011_dac,23
578,$4011_dac,20
578,$4011_dac,21
578,$4011_dac,19
578,$4011_dac,19
578,$4011_dac,16
578,$4011_dac,17
578,$4011_dac,14
578,$4011_dac,14
578,$4011_dac,15
578,$4011_dac,15
578,$4011_dac,15
578,$4011_dac,12
578,$4011_dac,12
578,$4011_dac,12
578,$4011_dac,12
578,$4011_dac,15
578,$4011_dac,15
578,$4011_dac,15
578,$4011_dac,14
578,$4011_dac,14
578,$4011_dac,17
578,$4011_dac,16
578,$4011_dac,19
578,$4011_dac,19
578,$4011_dac,21
578,$4011_dac,20
578,$4011_dac,23
578,$4011_dac,22
578,$4011_dac,24
578,$4011_dac,27
578,$4011_dac,29
578,$4011_dac,28
578,$4011_dac,30
578,$4011_dac,32
578,$4011_dac,35
578,$4011_dac,37
578,$4011_dac,36
578,$4011_dac,38
578,$4011_dac,41
578,$4011_dac,43
578,$4011_dac,42
578,$4011_dac,45
578,$4011_dac,44
578,$4011_dac,47
578,$4011_dac,46
578,$4011_dac,49
578,$4011_dac,48
578,$4011_dac,51
578,$4011_dac,50
578,$4011_dac,50
578,$4011_dac,53
578,$4011_dac,53
578,$4011_dac,52
578,$4011_dac,52
578,$4011_dac,55
578,$4011_dac,55
578,$4011_dac,55
578,$4011_dac,55
578,$4011_dac,54
578,$4011_dac,54
578,$4011_dac,54
578,$4011_dac,54
578,$4011_dac,55
578,$4011_dac,55
578,$4011_dac,55
578,$4011_dac,55
578,$4011_dac,52
578,$4011_dac,52
578,$4011_dac,53
578,$4011_dac,53
578,$4011_dac,50
578,$4011_dac,50
578,$4011_dac,51
578,$4011_dac,48
578,$4011_dac,49
578,$4011_dac,46
578,$4011_dac,47
578,$4011_dac,44
578,$4011_dac,45
578,$4011_dac,42
578,$4011_dac,43
578,$4011_dac,41
578,$4011_dac,38
578,$4011_dac,36
578,$4011_dac,37
578,$4011_dac,35
578,$4011_dac,32
578,$4011_dac,30
578,$4011_dac,28
578,$4011_dac,29
578,$4011_dac,27
578,$4011_dac,24
578,$4011_dac,25
578,$4011_dac,22
578,$4011_dac,20
578,$4011_dac,21
578,$4011_dac,18
578,$4011_dac,19
578,$4011_dac,19
578,$4011_dac,16
578,$4011_dac,17
578,$4011_dac,17
578,$4011_dac,14
578,$4011_dac,14
578,$4011_dac,15
578,$4011_dac,15
578,$4011_dac,15
578,$4011_dac,15
578,$4011_dac,15
578,$4011_dac,15
578,$4011_dac,15
578,$4011_dac,15
578,$4011_dac,15
578,$4011_dac,14
578,$4011_dac,14
578,$4011_dac,17
578,$4011_dac,17
578,$4011_dac,16
578,$4011_dac,16
578,$4011_dac,19
578,$4011_dac,18
578,$4011_dac,21
578,$4011_dac,20
578,$4011_dac,23
578,$4011_dac,25
578,$4011_dac,24
578,$4011_dac,27
578,$4011_dac,29
578,$4011_dac,28
578,$4011_dac,31
578,$4011_dac,33
580,$4000_duty,1
580,$4000_const,1
580,$4000_vol,5
580,$4004_duty,1
580,$4004_const,1
580,$4004_vol,5
580,$4008_linear,31
580,$400C_const,1
580,$400C_vol,1
580,$400E_period,15
580,$400E_mode,0
581,$4000_duty,1
581,$4000_const,1
581,$4000_vol,5
581,$4004_duty,1
581,$4004_const,1
581,$4004_vol,5
581,$4008_linear,31
581,$400C_const,1
581,$400C_vol,1
581,$400E_period,15
581,$400E_mode,0
583,$4000_duty,1
583,$4000_const,1
583,$4000_vol,4
583,$4004_duty,1
583,$4004_const,1
583,$4004_vol,4
583,$4008_linear,31
583,$400C_const,1
583,$400C_vol,1
583,$400E_period,15
583,$400E_mode,0
585,$4000_duty,1
585,$4000_const,1
585,$4000_vol,4
585,$4004_duty,1
585,$4004_const,1
585,$4004_vol,4
585,$4008_linear,31
585,$400C_const,1
585,$400C_vol,1
585,$400E_period,15
585,$400E_mode,0
586,$4000_duty,1
586,$4000_const,1
586,$4000_vol,3
586,$4004_duty,1
586,$4004_const,1
586,$4004_vol,3
586,$4008_linear,31
586,$400C_const,1
586,$400C_vol,1
586,$400E_period,15
586,$400E_mode,0
587,$4001_sweep,67
587,$4000_duty,1
587,$4000_const,1
587,$4000_vol,6
587,$4002_period,1709
587,$400B_length,3
587,$4005_sweep,67
587,$4004_duty,1
587,$4004_const,1
587,$4004_vol,6
587,$4006_period,2283
587,$4008_linear,31
587,$400A_period,1709
587,$400B_length,139
587,$400C_const,1
587,$400C_vol,1
587,$400E_period,15
587,$400E_mode,0
587,$4011_dac,35
587,$4011_dac,32
587,$4011_dac,37
587,$4011_dac,37
587,$4011_dac,30
587,$4011_dac,30
587,$4011_dac,34
587,$4011_dac,35
587,$4011_dac,37
587,$4011_dac,35
587,$4011_dac,33
587,$4011_dac,33
587,$4011_dac,35
587,$4011_dac,36
587,$4011_dac,34
587,$4011_dac,35
587,$4011_dac,34
587,$4011_dac,34
587,$4011_dac,34
587,$4011_dac,34
587,$4011_dac,37
587,$4011_dac,34
587,$4011_dac,31
587,$4011_dac,37
587,$4011_dac,32
587,$4011_dac,30
587,$4011_dac,32
587,$4011_dac,34
587,$4011_dac,36
587,$4011_dac,30
587,$4011_dac,37
587,$4011_dac,37
587,$4011_dac,32
587,$4011_dac,34
587,$4011_dac,32
587,$4011_dac,30
587,$4011_dac,37
587,$4011_dac,34
587,$4011_dac,31
587,$4011_dac,32
587,$4011_dac,31
587,$4011_dac,32
587,$4011_dac,32
587,$4011_dac,30
587,$4011_dac,33
587,$4011_dac,35
587,$4011_dac,37
587,$4011_dac,36
587,$4011_dac,32
587,$4011_dac,36
587,$4011_dac,34
587,$4011_dac,32
587,$4011_dac,34
587,$4011_dac,33
587,$4011_dac,35
587,$4011_dac,33
587,$4011_dac,37
587,$4011_dac,31
587,$4011_dac,31
587,$4011_dac,35
587,$4011_dac,33
587,$4011_dac,37
587,$4011_dac,33
587,$4011_dac,34
587,$4011_dac,32
587,$4011_dac,30
587,$4011_dac,38
587,$4011_dac,31
587,$4011_dac,36
587,$4011_dac,33
587,$4011_dac,34
587,$4011_dac,37
587,$4011_dac,37
587,$4011_dac,31
587,$4011_dac,30
587,$4011_dac,33
587,$4011_dac,34
587,$4011_dac,33
587,$4011_dac,35
587,$4011_dac,32
587,$4011_dac,36
587,$4011_dac,32
587,$4011_dac,37
587,$4011_dac,37
587,$4011_dac,25
587,$4011_dac,21
587,$4011_dac,19
587,$4011_dac,19
587,$4011_dac,21
587,$4011_dac,25
587,$4011_dac,31
587,$4011_dac,38
587,$4011_dac,45
587,$4011_dac,49
587,$4011_dac,52
587,$4011_dac,52
587,$4011_dac,52
587,$4011_dac,49
587,$4011_dac,45
587,$4011_dac,40
587,$4011_dac,36
587,$4011_dac,31
587,$4011_dac,28
587,$4011_dac,24
587,$4011_dac,21
587,$4011_dac,19
587,$4011_dac,17
587,$4011_dac,15
587,$4011_dac,14
587,$4011_dac,13
587,$4011_dac,13
587,$4011_dac,13
587,$4011_dac,14
587,$4011_dac,16
587,$4011_dac,17
587,$4011_dac,19
587,$4011_dac,22
587,$4011_dac,25
587,$4011_dac,29
587,$4011_dac,33
587,$4011_dac,37
587,$4011_dac,40
587,$4011_dac,43
587,$4011_dac,46
587,$4011_dac,48
587,$4011_dac,51
587,$4011_dac,53
587,$4011_dac,54
587,$4011_dac,55
587,$4011_dac,56
587,$4011_dac,57
587,$4011_dac,57
587,$4011_dac,57
587,$4011_dac,57
587,$4011_dac,56
587,$4011_dac,55
587,$4011_dac,54
587,$4011_dac,53
587,$4011_dac,51
587,$4011_dac,48
587,$4011_dac,46
587,$4011_dac,43
587,$4011_dac,40
587,$4011_dac,37
587,$4011_dac,34
587,$4011_dac,31
587,$4011_dac,28
587,$4011_dac,25
587,$4011_dac,23
587,$4011_dac,21
587,$4011_dac,19
587,$4011_dac,17
587,$4011_dac,16
587,$4011_dac,15
587,$4011_dac,14
587,$4011_dac,13
587,$4011_dac,13
587,$4011_dac,13
587,$4011_dac,13
587,$4011_dac,13
587,$4011_dac,14
587,$4011_dac,15
587,$4011_dac,16
587,$4011_dac,17
587,$4011_dac,19
587,$4011_dac,21
587,$4011_dac,23
587,$4011_dac,25
587,$4011_dac,28
587,$4011_dac,31
587,$4011_dac,34
587,$4011_dac,37
587,$4011_dac,39
587,$4011_dac,42
587,$4011_dac,44
587,$4011_dac,46
587,$4011_dac,48
587,$4011_dac,50
587,$4011_dac,51
587,$4011_dac,52
587,$4011_dac,53
587,$4011_dac,54
587,$4011_dac,54
587,$4011_dac,55
587,$4011_dac,55
587,$4011_dac,54
587,$4011_dac,54
587,$4011_dac,53
587,$4011_dac,53
587,$4011_dac,52
587,$4011_dac,50
587,$4011_dac,49
587,$4011_dac,47
587,$4011_dac,45
587,$4011_dac,43
587,$4011_dac,41
587,$4011_dac,40
587,$4011_dac,38
587,$4011_dac,36
587,$4011_dac,34
587,$4011_dac,32
587,$4011_dac,30
587,$4011_dac,28
587,$4011_dac,27
587,$4011_dac,25
587,$4011_dac,24
587,$4011_dac,23
587,$4011_dac,23
587,$4011_dac,22
587,$4011_dac,22
587,$4011_dac,21
587,$4011_dac,21
587,$4011_dac,21
587,$4011_dac,22
587,$4011_dac,22
587,$4011_dac,23
587,$4011_dac,24
587,$4011_dac,25
587,$4011_dac,26
587,$4011_dac,28
587,$4011_dac,29
587,$4011_dac,31
587,$4011_dac,33
587,$4011_dac,35
587,$4011_dac,37
587,$4011_dac,38
587,$4011_dac,40
587,$4011_dac,41
587,$4011_dac,42
587,$4011_dac,43
587,$4011_dac,44
587,$4011_dac,45
587,$4011_dac,45
587,$4011_dac,45
587,$4011_dac,46
587,$4011_dac,46
587,$4011_dac,45
587,$4011_dac,45
587,$4011_dac,45
587,$4011_dac,44
587,$4011_dac,43
587,$4011_dac,42
587,$4011_dac,41
587,$4011_dac,40
587,$4011_dac,38
587,$4011_dac,37
587,$4011_dac,35
587,$4011_dac,33
587,$4011_dac,31
587,$4011_dac,29
587,$4011_dac,28
587,$4011_dac,26
587,$4011_dac,25
587,$4011_dac,23
587,$4011_dac,22
587,$4011_dac,21
587,$4011_dac,20
587,$4011_dac,19
587,$4011_dac,19
587,$4011_dac,18
587,$4011_dac,18
587,$4011_dac,18
587,$4011_dac,18
587,$4011_dac,18
587,$4011_dac,18
587,$4011_dac,18
587,$4011_dac,19
587,$4011_dac,19
587,$4011_dac,20
587,$4011_dac,21
587,$4011_dac,22
587,$4011_dac,23
587,$4011_dac,25
587,$4011_dac,26
587,$4011_dac,28
587,$4011_dac,30
587,$4011_dac,32
587,$4011_dac,33
587,$4011_dac,35
587,$4011_dac,37
587,$4011_dac,38
587,$4011_dac,39
587,$4011_dac,41
587,$4011_dac,42
587,$4011_dac,43
587,$4011_dac,44
587,$4011_dac,45
587,$4011_dac,45
587,$4011_dac,46
587,$4011_dac,46
587,$4011_dac,47
587,$4011_dac,47
587,$4011_dac,47
587,$4011_dac,47
587,$4011_dac,47
587,$4011_dac,47
587,$4011_dac,47
587,$4011_dac,46
587,$4011_dac,46
587,$4011_dac,45
587,$4011_dac,44
587,$4011_dac,44
587,$4011_dac,43
587,$4011_dac,42
587,$4011_dac,40
587,$4011_dac,39
587,$4011_dac,38
587,$4011_dac,36
587,$4011_dac,35
587,$4011_dac,33
587,$4011_dac,31
587,$4011_dac,30
587,$4011_dac,28
587,$4011_dac,27
587,$4011_dac,25
587,$4011_dac,24
587,$4011_dac,23
587,$4011_dac,22
587,$4011_dac,21
587,$4011_dac,21
587,$4011_dac,20
587,$4011_dac,20
587,$4011_dac,19
587,$4011_dac,19
587,$4011_dac,19
587,$4011_dac,19
587,$4011_dac,19
587,$4011_dac,20
587,$4011_dac,20
587,$4011_dac,21
587,$4011_dac,21
587,$4011_dac,22
587,$4011_dac,23
587,$4011_dac,24
587,$4011_dac,25
587,$4011_dac,27
587,$4011_dac,28
587,$4011_dac,30
587,$4011_dac,31
587,$4011_dac,33
587,$4011_dac,35
587,$4011_dac,36
587,$4011_dac,38
587,$4011_dac,39
587,$4011_dac,41
587,$4011_dac,42
587,$4011_dac,43
587,$4011_dac,44
587,$4011_dac,45
587,$4011_dac,46
587,$4011_dac,47
587,$4011_dac,47
587,$4011_dac,48
587,$4011_dac,49
587,$4011_dac,49
587,$4011_dac,49
587,$4011_dac,50
587,$4011_dac,50
587,$4011_dac,50
587,$4011_dac,50
587,$4011_dac,49
587,$4011_dac,49
587,$4011_dac,49
587,$4011_dac,48
587,$4011_dac,48
587,$4011_dac,47
587,$4011_dac,47
587,$4011_dac,46
587,$4011_dac,45
587,$4011_dac,44
587,$4011_dac,43
587,$4011_dac,42
587,$4011_dac,40
587,$4011_dac,39
587,$4011_dac,37
587,$4011_dac,36
587,$4011_dac,34
587,$4011_dac,32
587,$4011_dac,31
587,$4011_dac,28
587,$4011_dac,26
587,$4011_dac,27
587,$4011_dac,25
587,$4011_dac,22
587,$4011_dac,23
587,$4011_dac,20
587,$4011_dac,21
587,$4011_dac,18
587,$4011_dac,19
587,$4011_dac,19
587,$4011_dac,16
587,$4011_dac,16
587,$4011_dac,17
587,$4011_dac,17
587,$4011_dac,17
587,$4011_dac,17
587,$4011_dac,17
587,$4011_dac,17
587,$4011_dac,16
587,$4011_dac,16
587,$4011_dac,19
587,$4011_dac,19
587,$4011_dac,18
587,$4011_dac,21
587,$4011_dac,20
587,$4011_dac,23
587,$4011_dac,22
587,$4011_dac,24
587,$4011_dac,27
587,$4011_dac,29
587,$4011_dac,28
587,$4011_dac,30
587,$4011_dac,32
587,$4011_dac,34
587,$4011_dac,36
587,$4011_dac,39
587,$4011_dac,41
587,$4011_dac,40
587,$4011_dac,42
587,$4011_dac,45
587,$4011_dac,44
587,$4011_dac,47
587,$4011_dac,46
587,$4011_dac,49
587,$4011_dac,48
587,$4011_dac,51
587,$4011_dac,50
587,$4011_dac,53
587,$4011_dac,53
587,$4011_dac,52
587,$4011_dac,52
587,$4011_dac,55
587,$4011_dac,55
587,$4011_dac,55
587,$4011_dac,55
587,$4011_dac,54
587,$4011_dac,54
587,$4011_dac,55
587,$4011_dac,55
587,$4011_dac,55
587,$4011_dac,55
587,$4011_dac,52
587,$4011_dac,52
587,$4011_dac,53
587,$4011_dac,53
587,$4011_dac,50
587,$4011_dac,51
587,$4011_dac,48
587,$4011_dac,49
587,$4011_dac,46
587,$4011_dac,47
587,$4011_dac,44
587,$4011_dac,45
587,$4011_dac,42
587,$4011_dac,40
587,$4011_dac,41
587,$4011_dac,39
587,$4011_dac,36
587,$4011_dac,34
587,$4011_dac,32
587,$4011_dac,30
587,$4011_dac,28
587,$4011_dac,29
587,$4011_dac,27
587,$4011_dac,24
587,$4011_dac,22
587,$4011_dac,23
587,$4011_dac,20
587,$4011_dac,21
587,$4011_dac,19
587,$4011_dac,19
587,$4011_dac,16
587,$4011_dac,17
587,$4011_dac,14
587,$4011_dac,14
587,$4011_dac,15
587,$4011_dac,15
587,$4011_dac,15
587,$4011_dac,12
587,$4011_dac,12
587,$4011_dac,12
587,$4011_dac,12
587,$4011_dac,15
587,$4011_dac,15
587,$4011_dac,15
587,$4011_dac,14
587,$4011_dac,14
587,$4011_dac,17
587,$4011_dac,16
587,$4011_dac,19
587,$4011_dac,19
587,$4011_dac,21
587,$4011_dac,20
587,$4011_dac,23
587,$4011_dac,22
587,$4011_dac,24
587,$4011_dac,27
587,$4011_dac,29
587,$4011_dac,28
588,$4000_duty,1
588,$4000_const,1
588,$4000_vol,6
588,$4004_duty,1
588,$4004_const,1
588,$4004_vol,6
588,$4008_linear,31
588,$400C_const,1
588,$400C_vol,1
588,$400E_period,15
588,$400E_mode,0
588,$4011_dac,30
588,$4011_dac,32
588,$4011_dac,34
588,$4011_dac,36
588,$4011_dac,39
588,$4011_dac,41
588,$4011_dac,40
588,$4011_dac,42
588,$4011_dac,45
588,$4011_dac,44
588,$4011_dac,47
588,$4011_dac,46
588,$4011_dac,49
588,$4011_dac,48
588,$4011_dac,51
588,$4011_dac,50
588,$4011_dac,53
588,$4011_dac,53
588,$4011_dac,52
588,$4011_dac,52
588,$4011_dac,55
588,$4011_dac,55
588,$4011_dac,55
588,$4011_dac,55
588,$4011_dac,54
588,$4011_dac,54
588,$4011_dac,55
588,$4011_dac,55
588,$4011_dac,55
588,$4011_dac,55
588,$4011_dac,52
588,$4011_dac,52
588,$4011_dac,53
588,$4011_dac,53
588,$4011_dac,50
588,$4011_dac,51
588,$4011_dac,48
588,$4011_dac,49
588,$4011_dac,46
588,$4011_dac,47
588,$4011_dac,44
588,$4011_dac,45
588,$4011_dac,42
588,$4011_dac,40
588,$4011_dac,41
588,$4011_dac,39
588,$4011_dac,36
588,$4011_dac,34
588,$4011_dac,32
588,$4011_dac,30
588,$4011_dac,28
588,$4011_dac,29
588,$4011_dac,27
588,$4011_dac,24
588,$4011_dac,22
588,$4011_dac,23
588,$4011_dac,20
588,$4011_dac,21
588,$4011_dac,19
588,$4011_dac,19
588,$4011_dac,16
588,$4011_dac,17
588,$4011_dac,14
588,$4011_dac,14
588,$4011_dac,15
588,$4011_dac,15
588,$4011_dac,15
588,$4011_dac,12
588,$4011_dac,12
588,$4011_dac,12
588,$4011_dac,12
588,$4011_dac,15
588,$4011_dac,15
588,$4011_dac,15
588,$4011_dac,14
588,$4011_dac,14
588,$4011_dac,17
588,$4011_dac,16
588,$4011_dac,19
588,$4011_dac,19
588,$4011_dac,21
588,$4011_dac,20
588,$4011_dac,23
588,$4011_dac,22
588,$4011_dac,24
588,$4011_dac,27
588,$4011_dac,29
588,$4011_dac,28
588,$4011_dac,30
588,$4011_dac,32
588,$4011_dac,35
588,$4011_dac,37
588,$4011_dac,36
588,$4011_dac,38
588,$4011_dac,41
588,$4011_dac,43
588,$4011_dac,42
588,$4011_dac,45
588,$4011_dac,44
588,$4011_dac,47
588,$4011_dac,46
588,$4011_dac,49
588,$4011_dac,48
588,$4011_dac,51
588,$4011_dac,50
588,$4011_dac,50
588,$4011_dac,53
588,$4011_dac,53
588,$4011_dac,52
588,$4011_dac,52
588,$4011_dac,55
588,$4011_dac,55
588,$4011_dac,55
588,$4011_dac,55
588,$4011_dac,54
588,$4011_dac,54
588,$4011_dac,54
588,$4011_dac,54
588,$4011_dac,55
588,$4011_dac,55
588,$4011_dac,55
588,$4011_dac,55
588,$4011_dac,52
588,$4011_dac,52
588,$4011_dac,53
588,$4011_dac,53
588,$4011_dac,50
588,$4011_dac,50
588,$4011_dac,51
588,$4011_dac,48
588,$4011_dac,49
588,$4011_dac,46
588,$4011_dac,47
588,$4011_dac,44
588,$4011_dac,45
588,$4011_dac,42
588,$4011_dac,43
588,$4011_dac,41
588,$4011_dac,38
588,$4011_dac,36
588,$4011_dac,37
588,$4011_dac,35
588,$4011_dac,32
588,$4011_dac,30
588,$4011_dac,28
588,$4011_dac,29
588,$4011_dac,27
588,$4011_dac,24
588,$4011_dac,25
588,$4011_dac,22
588,$4011_dac,20
588,$4011_dac,21
588,$4011_dac,18
588,$4011_dac,19
588,$4011_dac,19
588,$4011_dac,16
588,$4011_dac,17
588,$4011_dac,17
588,$4011_dac,14
588,$4011_dac,14
588,$4011_dac,15
588,$4011_dac,15
588,$4011_dac,15
588,$4011_dac,15
588,$4011_dac,15
588,$4011_dac,15
588,$4011_dac,15
588,$4011_dac,15
588,$4011_dac,15
588,$4011_dac,14
588,$4011_dac,14
588,$4011_dac,17
588,$4011_dac,17
588,$4011_dac,16
588,$4011_dac,16
588,$4011_dac,19
588,$4011_dac,18
588,$4011_dac,21
588,$4011_dac,20
588,$4011_dac,23
588,$4011_dac,25
588,$4011_dac,24
588,$4011_dac,27
588,$4011_dac,29
588,$4011_dac,28
588,$4011_dac,31
588,$4011_dac,33
590,$4000_duty,1
590,$4000_const,1
590,$4000_vol,5
590,$4004_duty,1
590,$4004_const,1
590,$4004_vol,5
590,$4008_linear,31
590,$400C_const,1
590,$400C_vol,1
590,$400E_period,15
590,$400E_mode,0
592,$4000_duty,1
592,$4000_const,1
592,$4000_vol,5
592,$4004_duty,1
592,$4004_const,1
592,$4004_vol,5
592,$4008_linear,31
592,$400C_const,1
592,$400C_vol,1
592,$400E_period,15
592,$400E_mode,0
593,$4000_duty,1
593,$4000_const,1
593,$4000_vol,4
593,$4004_duty,1
593,$4004_const,1
593,$4004_vol,4
593,$4008_linear,31
593,$400C_const,1
593,$400C_vol,1
593,$400E_period,15
593,$400E_mode,0
595,$4000_duty,1
595,$4000_const,1
595,$4000_vol,4
595,$4004_duty,1
595,$4004_const,1
595,$4004_vol,4
595,$4008_linear,31
595,$400C_const,1
595,$400C_vol,1
595,$400E_period,15
595,$400E_mode,0
597,$4000_duty,1
597,$4000_const,1
597,$4000_vol,3
597,$4004_duty,1
597,$4004_const,1
597,$4004_vol,3
597,$4008_linear,31
597,$400C_const,1
597,$400C_vol,1
597,$400E_period,15
597,$400E_mode,0
598,$4000_duty,1
598,$4000_const,1
598,$4000_vol,3
598,$4004_duty,1
598,$4004_const,1
598,$4004_vol,3
598,$4008_linear,31
598,$400C_const,1
598,$400C_vol,1
598,$400E_period,15
598,$400E_mode,0
