frame,parameter,value
0,$4000_duty,3
0,$4000_const,1
0,$4000_vol,0
0,$4004_duty,3
0,$4004_const,1
0,$4004_vol,0
0,$4008_linear,0
0,$400C_const,1
0,$400C_vol,8
1,$4000_duty,3
1,$4000_const,1
1,$4000_vol,0
1,$4004_duty,3
1,$4004_const,1
1,$4004_vol,0
1,$4008_linear,0
2,$4000_duty,3
2,$4000_const,1
2,$4000_vol,0
2,$4004_duty,3
2,$4004_const,1
2,$4004_vol,0
2,$4008_linear,0
3,$4000_duty,3
3,$4000_const,1
3,$4000_vol,0
3,$4004_duty,3
3,$4004_const,1
3,$4004_vol,0
3,$4008_linear,0
4,$4000_duty,3
4,$4000_const,1
4,$4000_vol,0
4,$4004_duty,3
4,$4004_const,1
4,$4004_vol,0
4,$4008_linear,0
5,$4000_duty,3
5,$4000_const,1
5,$4000_vol,0
5,$4004_duty,3
5,$4004_const,1
5,$4004_vol,0
5,$4008_linear,0
6,$4000_duty,3
6,$4000_const,1
6,$4000_vol,0
6,$4004_duty,3
6,$4004_const,1
6,$4004_vol,0
6,$4008_linear,0
7,$4000_duty,3
7,$4000_const,1
7,$4000_vol,0
7,$4004_duty,3
7,$4004_const,1
7,$4004_vol,0
7,$4008_linear,0
8,$4000_duty,3
8,$4000_const,1
8,$4000_vol,0
8,$4004_duty,3
8,$4004_const,1
8,$4004_vol,0
8,$4008_linear,0
9,$4000_duty,3
9,$4000_const,1
9,$4000_vol,0
9,$4004_duty,3
9,$4004_const,1
9,$4004_vol,0
9,$4008_linear,0
9,$400C_const,1
9,$400C_vol,9
10,$4000_duty,3
10,$4000_const,1
10,$4000_vol,0
10,$4004_duty,3
10,$4004_const,1
10,$4004_vol,0
10,$4008_linear,0
11,$4000_duty,3
11,$4000_const,1
11,$4000_vol,0
11,$4004_duty,3
11,$4004_const,1
11,$4004_vol,0
11,$4008_linear,0
12,$4000_duty,3
12,$4000_const,1
12,$4000_vol,0
12,$4004_duty,3
12,$4004_const,1
12,$4004_vol,0
12,$4008_linear,0
13,$4000_duty,3
13,$4000_const,1
13,$4000_vol,0
13,$4004_duty,3
13,$4004_const,1
13,$4004_vol,0
13,$4008_linear,0
14,$4000_duty,3
14,$4000_const,1
14,$4000_vol,0
14,$4004_duty,3
14,$4004_const,1
14,$4004_vol,0
14,$4008_linear,0
15,$4000_duty,3
15,$4000_const,1
15,$4000_vol,0
15,$4004_duty,3
15,$4004_const,1
15,$4004_vol,0
15,$4008_linear,0
16,$4000_duty,3
16,$4000_const,1
16,$4000_vol,0
16,$4004_duty,3
16,$4004_const,1
16,$4004_vol,0
16,$4008_linear,0
17,$4000_duty,3
17,$4000_const,1
17,$4000_vol,0
17,$4004_duty,3
17,$4004_const,1
17,$4004_vol,0
17,$4008_linear,0
18,$4000_duty,3
18,$4000_const,1
18,$4000_vol,0
18,$4004_duty,3
18,$4004_const,1
18,$4004_vol,0
18,$4008_linear,0
18,$400C_const,1
18,$400C_vol,10
19,$4000_duty,3
19,$4000_const,1
19,$4000_vol,0
19,$4004_duty,3
19,$4004_const,1
19,$4004_vol,0
19,$4008_linear,0
20,$4000_duty,3
20,$4000_const,1
20,$4000_vol,0
20,$4004_duty,3
20,$4004_const,1
20,$4004_vol,0
20,$4008_linear,0
21,$4000_duty,3
21,$4000_const,1
21,$4000_vol,0
21,$4004_duty,3
21,$4004_const,1
21,$4004_vol,0
21,$4008_linear,0
22,$4000_duty,3
22,$4000_const,1
22,$4000_vol,0
22,$4004_duty,3
22,$4004_const,1
22,$4004_vol,0
22,$4008_linear,0
23,$4000_duty,3
23,$4000_const,1
23,$4000_vol,0
23,$4004_duty,3
23,$4004_const,1
23,$4004_vol,0
23,$4008_linear,0
24,$4000_duty,3
24,$4000_const,1
24,$4000_vol,0
24,$4004_duty,3
24,$4004_const,1
24,$4004_vol,0
24,$4008_linear,0
25,$4000_duty,3
25,$4000_const,1
25,$4000_vol,0
25,$4004_duty,3
25,$4004_const,1
25,$4004_vol,0
25,$4008_linear,0
26,$4000_duty,3
26,$4000_const,1
26,$4000_vol,0
26,$4004_duty,3
26,$4004_const,1
26,$4004_vol,0
26,$4008_linear,0
27,$4000_duty,3
27,$4000_const,1
27,$4000_vol,0
27,$4004_duty,3
27,$4004_const,1
27,$4004_vol,0
27,$4008_linear,0
27,$400C_const,1
27,$400C_vol,11
28,$4000_duty,3
28,$4000_const,1
28,$4000_vol,0
28,$4004_duty,3
28,$4004_const,1
28,$4004_vol,0
28,$4008_linear,0
29,$4000_duty,3
29,$4000_const,1
29,$4000_vol,0
29,$4004_duty,3
29,$4004_const,1
29,$4004_vol,0
29,$4008_linear,0
30,$4000_duty,3
30,$4000_const,1
30,$4000_vol,0
30,$4004_duty,3
30,$4004_const,1
30,$4004_vol,0
30,$4008_linear,0
31,$4000_duty,3
31,$4000_const,1
31,$4000_vol,0
31,$4004_duty,3
31,$4004_const,1
31,$4004_vol,0
31,$4008_linear,0
32,$4000_duty,3
32,$4000_const,1
32,$4000_vol,0
32,$4004_duty,3
32,$4004_const,1
32,$4004_vol,0
32,$4008_linear,0
33,$4000_duty,3
33,$4000_const,1
33,$4000_vol,0
33,$4004_duty,3
33,$4004_const,1
33,$4004_vol,0
33,$4008_linear,0
34,$4000_duty,3
34,$4000_const,1
34,$4000_vol,0
34,$4004_duty,3
34,$4004_const,1
34,$4004_vol,0
34,$4008_linear,0
35,$4000_duty,3
35,$4000_const,1
35,$4000_vol,0
35,$4004_duty,3
35,$4004_const,1
35,$4004_vol,0
35,$4008_linear,0
36,$4000_duty,3
36,$4000_const,1
36,$4000_vol,0
36,$4004_duty,3
36,$4004_const,1
36,$4004_vol,0
36,$4008_linear,0
36,$400C_const,1
36,$400C_vol,12
37,$4000_duty,3
37,$4000_const,1
37,$4000_vol,0
37,$4004_duty,3
37,$4004_const,1
37,$4004_vol,0
37,$4008_linear,0
38,$4000_duty,3
38,$4000_const,1
38,$4000_vol,0
38,$4004_duty,3
38,$4004_const,1
38,$4004_vol,0
38,$4008_linear,0
39,$4000_duty,3
39,$4000_const,1
39,$4000_vol,0
39,$4004_duty,3
39,$4004_const,1
39,$4004_vol,0
39,$4008_linear,0
40,$4000_duty,3
40,$4000_const,1
40,$4000_vol,0
40,$4004_duty,3
40,$4004_const,1
40,$4004_vol,0
40,$4008_linear,0
41,$4000_duty,3
41,$4000_const,1
41,$4000_vol,0
41,$4004_duty,3
41,$4004_const,1
41,$4004_vol,0
41,$4008_linear,0
42,$4000_duty,3
42,$4000_const,1
42,$4000_vol,0
42,$4004_duty,3
42,$4004_const,1
42,$4004_vol,0
42,$4008_linear,0
43,$4000_duty,3
43,$4000_const,1
43,$4000_vol,0
43,$4004_duty,3
43,$4004_const,1
43,$4004_vol,0
43,$4008_linear,0
44,$4000_duty,3
44,$4000_const,1
44,$4000_vol,0
44,$4004_duty,3
44,$4004_const,1
44,$4004_vol,0
44,$4008_linear,0
45,$4000_duty,3
45,$4000_const,1
45,$4000_vol,0
45,$4004_duty,3
45,$4004_const,1
45,$4004_vol,0
45,$4008_linear,0
45,$400C_const,1
45,$400C_vol,13
46,$4000_duty,3
46,$4000_const,1
46,$4000_vol,0
46,$4004_duty,3
46,$4004_const,1
46,$4004_vol,0
46,$4008_linear,0
47,$4000_duty,3
47,$4000_const,1
47,$4000_vol,0
47,$4004_duty,3
47,$4004_const,1
47,$4004_vol,0
47,$4008_linear,0
48,$4000_duty,3
48,$4000_const,1
48,$4000_vol,0
48,$4004_duty,3
48,$4004_const,1
48,$4004_vol,0
48,$4008_linear,0
49,$4000_duty,3
49,$4000_const,1
49,$4000_vol,0
49,$4004_duty,3
49,$4004_const,1
49,$4004_vol,0
49,$4008_linear,0
50,$4000_duty,3
50,$4000_const,1
50,$4000_vol,0
50,$4004_duty,3
50,$4004_const,1
50,$4004_vol,0
50,$4008_linear,0
51,$4000_duty,3
51,$4000_const,1
51,$4000_vol,0
51,$4004_duty,3
51,$4004_const,1
51,$4004_vol,0
51,$4008_linear,0
52,$4000_duty,3
52,$4000_const,1
52,$4000_vol,0
52,$4004_duty,3
52,$4004_const,1
52,$4004_vol,0
52,$4008_linear,0
53,$4000_duty,3
53,$4000_const,1
53,$4000_vol,0
53,$4004_duty,3
53,$4004_const,1
53,$4004_vol,0
53,$4008_linear,0
54,$4000_duty,3
54,$4000_const,1
54,$4000_vol,0
54,$4004_duty,3
54,$4004_const,1
54,$4004_vol,0
54,$4008_linear,0
54,$400C_const,1
54,$400C_vol,14
55,$4000_duty,3
55,$4000_const,1
55,$4000_vol,0
55,$4004_duty,3
55,$4004_const,1
55,$4004_vol,0
55,$4008_linear,0
56,$4000_duty,3
56,$4000_const,1
56,$4000_vol,0
56,$4004_duty,3
56,$4004_const,1
56,$4004_vol,0
56,$4008_linear,0
57,$4000_duty,3
57,$4000_const,1
57,$4000_vol,0
57,$4004_duty,3
57,$4004_const,1
57,$4004_vol,0
57,$4008_linear,0
58,$4000_duty,3
58,$4000_const,1
58,$4000_vol,0
58,$4004_duty,3
58,$4004_const,1
58,$4004_vol,0
58,$4008_linear,0
59,$4000_duty,3
59,$4000_const,1
59,$4000_vol,0
59,$4004_duty,3
59,$4004_const,1
59,$4004_vol,0
59,$4008_linear,0
60,$4000_duty,3
60,$4000_const,1
60,$4000_vol,0
60,$4004_duty,3
60,$4004_const,1
60,$4004_vol,0
60,$4008_linear,0
61,$4000_duty,3
61,$4000_const,1
61,$4000_vol,0
61,$4004_duty,3
61,$4004_const,1
61,$4004_vol,0
61,$4008_linear,0
62,$4000_duty,3
62,$4000_const,1
62,$4000_vol,0
62,$4004_duty,3
62,$4004_const,1
62,$4004_vol,0
62,$4008_linear,0
63,$4000_duty,3
63,$4000_const,1
63,$4000_vol,0
63,$4004_duty,3
63,$4004_const,1
63,$4004_vol,0
63,$4008_linear,0
63,$400C_const,1
63,$400C_vol,15
64,$4000_duty,3
64,$4000_const,1
64,$4000_vol,0
64,$4004_duty,3
64,$4004_const,1
64,$4004_vol,0
64,$4008_linear,0
66,$4000_duty,3
66,$4000_const,1
66,$4000_vol,0
66,$4004_duty,3
66,$4004_const,1
66,$4004_vol,0
66,$4008_linear,0
67,$4000_duty,3
67,$4000_const,1
67,$4000_vol,0
67,$4004_duty,3
67,$4004_const,1
67,$4004_vol,0
67,$4008_linear,0
68,$4000_duty,3
68,$4000_const,1
68,$4000_vol,0
68,$4004_duty,3
68,$4004_const,1
68,$4004_vol,0
68,$4008_linear,0
69,$4000_duty,3
69,$4000_const,1
69,$4000_vol,0
69,$4004_duty,3
69,$4004_const,1
69,$4004_vol,0
69,$4008_linear,0
70,$4000_duty,3
70,$4000_const,1
70,$4000_vol,0
70,$4004_duty,3
70,$4004_const,1
70,$4004_vol,0
70,$4008_linear,0
71,$4000_duty,3
71,$4000_const,1
71,$4000_vol,0
71,$4004_duty,3
71,$4004_const,1
71,$4004_vol,0
71,$4008_linear,0
72,$4000_duty,3
72,$4000_const,1
72,$4000_vol,0
72,$4004_duty,3
72,$4004_const,1
72,$4004_vol,0
72,$4008_linear,0
73,$4000_duty,3
73,$4000_const,1
73,$4000_vol,0
73,$4004_duty,3
73,$4004_const,1
73,$4004_vol,0
73,$4008_linear,0
73,$400C_const,1
73,$400C_vol,14
74,$4000_duty,3
74,$4000_const,1
74,$4000_vol,0
74,$4004_duty,3
74,$4004_const,1
74,$4004_vol,0
74,$4008_linear,0
75,$4000_duty,3
75,$4000_const,1
75,$4000_vol,0
75,$4004_duty,3
75,$4004_const,1
75,$4004_vol,0
75,$4008_linear,0
76,$4000_duty,3
76,$4000_const,1
76,$4000_vol,0
76,$4004_duty,3
76,$4004_const,1
76,$4004_vol,0
76,$4008_linear,0
77,$4000_duty,3
77,$4000_const,1
77,$4000_vol,0
77,$4004_duty,3
77,$4004_const,1
77,$4004_vol,0
77,$4008_linear,0
78,$4000_duty,3
78,$4000_const,1
78,$4000_vol,0
78,$4004_duty,3
78,$4004_const,1
78,$4004_vol,0
78,$4008_linear,0
79,$4000_duty,3
79,$4000_const,1
79,$4000_vol,0
79,$4004_duty,3
79,$4004_const,1
79,$4004_vol,0
79,$4008_linear,0
80,$4000_duty,3
80,$4000_const,1
80,$4000_vol,0
80,$4004_duty,3
80,$4004_const,1
80,$4004_vol,0
80,$4008_linear,0
81,$4000_duty,3
81,$4000_const,1
81,$4000_vol,0
81,$4004_duty,3
81,$4004_const,1
81,$4004_vol,0
81,$4008_linear,0
82,$4000_duty,3
82,$4000_const,1
82,$4000_vol,0
82,$4004_duty,3
82,$4004_const,1
82,$4004_vol,0
82,$4008_linear,0
82,$400C_const,1
82,$400C_vol,13
83,$4000_duty,3
83,$4000_const,1
83,$4000_vol,0
83,$4004_duty,3
83,$4004_const,1
83,$4004_vol,0
83,$4008_linear,0
84,$4000_duty,3
84,$4000_const,1
84,$4000_vol,0
84,$4004_duty,3
84,$4004_const,1
84,$4004_vol,0
84,$4008_linear,0
85,$4000_duty,3
85,$4000_const,1
85,$4000_vol,0
85,$4004_duty,3
85,$4004_const,1
85,$4004_vol,0
85,$4008_linear,0
86,$4000_duty,3
86,$4000_const,1
86,$4000_vol,0
86,$4004_duty,3
86,$4004_const,1
86,$4004_vol,0
86,$4008_linear,0
87,$4000_duty,3
87,$4000_const,1
87,$4000_vol,0
87,$4004_duty,3
87,$4004_const,1
87,$4004_vol,0
87,$4008_linear,0
88,$4000_duty,3
88,$4000_const,1
88,$4000_vol,0
88,$4004_duty,3
88,$4004_const,1
88,$4004_vol,0
88,$4008_linear,0
89,$4000_duty,3
89,$4000_const,1
89,$4000_vol,0
89,$4004_duty,3
89,$4004_const,1
89,$4004_vol,0
89,$4008_linear,0
90,$4000_duty,3
90,$4000_const,1
90,$4000_vol,0
90,$4004_duty,3
90,$4004_const,1
90,$4004_vol,0
90,$4008_linear,0
91,$4000_duty,3
91,$4000_const,1
91,$4000_vol,0
91,$4004_duty,3
91,$4004_const,1
91,$4004_vol,0
91,$4008_linear,0
91,$400C_const,1
91,$400C_vol,12
92,$4000_duty,3
92,$4000_const,1
92,$4000_vol,0
92,$4004_duty,3
92,$4004_const,1
92,$4004_vol,0
92,$4008_linear,0
93,$4000_duty,3
93,$4000_const,1
93,$4000_vol,0
93,$4004_duty,3
93,$4004_const,1
93,$4004_vol,0
93,$4008_linear,0
94,$4000_duty,3
94,$4000_const,1
94,$4000_vol,0
94,$4004_duty,3
94,$4004_const,1
94,$4004_vol,0
94,$4008_linear,0
95,$4000_duty,3
95,$4000_const,1
95,$4000_vol,0
95,$4004_duty,3
95,$4004_const,1
95,$4004_vol,0
95,$4008_linear,0
96,$4000_duty,3
96,$4000_const,1
96,$4000_vol,0
96,$4004_duty,3
96,$4004_const,1
96,$4004_vol,0
96,$4008_linear,0
97,$4000_duty,3
97,$4000_const,1
97,$4000_vol,0
97,$4004_duty,3
97,$4004_const,1
97,$4004_vol,0
97,$4008_linear,0
98,$4000_duty,3
98,$4000_const,1
98,$4000_vol,0
98,$4004_duty,3
98,$4004_const,1
98,$4004_vol,0
98,$4008_linear,0
99,$4000_duty,3
99,$4000_const,1
99,$4000_vol,0
99,$4004_duty,3
99,$4004_const,1
99,$4004_vol,0
99,$4008_linear,0
100,$4000_duty,3
100,$4000_const,1
100,$4000_vol,0
100,$4004_duty,3
100,$4004_const,1
100,$4004_vol,0
100,$4008_linear,0
100,$400C_const,1
100,$400C_vol,11
101,$4000_duty,3
101,$4000_const,1
101,$4000_vol,0
101,$4004_duty,3
101,$4004_const,1
101,$4004_vol,0
101,$4008_linear,0
102,$4000_duty,3
102,$4000_const,1
102,$4000_vol,0
102,$4004_duty,3
102,$4004_const,1
102,$4004_vol,0
102,$4008_linear,0
103,$4000_duty,3
103,$4000_const,1
103,$4000_vol,0
103,$4004_duty,3
103,$4004_const,1
103,$4004_vol,0
103,$4008_linear,0
104,$4000_duty,3
104,$4000_const,1
104,$4000_vol,0
104,$4004_duty,3
104,$4004_const,1
104,$4004_vol,0
104,$4008_linear,0
105,$4000_duty,3
105,$4000_const,1
105,$4000_vol,0
105,$4004_duty,3
105,$4004_const,1
105,$4004_vol,0
105,$4008_linear,0
106,$4000_duty,3
106,$4000_const,1
106,$4000_vol,0
106,$4004_duty,3
106,$4004_const,1
106,$4004_vol,0
106,$4008_linear,0
107,$4000_duty,3
107,$4000_const,1
107,$4000_vol,0
107,$4004_duty,3
107,$4004_const,1
107,$4004_vol,0
107,$4008_linear,0
108,$4000_duty,3
108,$4000_const,1
108,$4000_vol,0
108,$4004_duty,3
108,$4004_const,1
108,$4004_vol,0
108,$4008_linear,0
109,$4000_duty,3
109,$4000_const,1
109,$4000_vol,0
109,$4004_duty,3
109,$4004_const,1
109,$4004_vol,0
109,$4008_linear,0
109,$400C_const,1
109,$400C_vol,10
110,$4000_duty,3
110,$4000_const,1
110,$4000_vol,0
110,$4004_duty,3
110,$4004_const,1
110,$4004_vol,0
110,$4008_linear,0
111,$4000_duty,3
111,$4000_const,1
111,$4000_vol,0
111,$4004_duty,3
111,$4004_const,1
111,$4004_vol,0
111,$4008_linear,0
112,$4000_duty,3
112,$4000_const,1
112,$4000_vol,0
112,$4004_duty,3
112,$4004_const,1
112,$4004_vol,0
112,$4008_linear,0
113,$4000_duty,3
113,$4000_const,1
113,$4000_vol,0
113,$4004_duty,3
113,$4004_const,1
113,$4004_vol,0
113,$4008_linear,0
114,$4000_duty,3
114,$4000_const,1
114,$4000_vol,0
114,$4004_duty,3
114,$4004_const,1
114,$4004_vol,0
114,$4008_linear,0
115,$4000_duty,3
115,$4000_const,1
115,$4000_vol,0
115,$4004_duty,3
115,$4004_const,1
115,$4004_vol,0
115,$4008_linear,0
116,$4000_duty,3
116,$4000_const,1
116,$4000_vol,0
116,$4004_duty,3
116,$4004_const,1
116,$4004_vol,0
116,$4008_linear,0
117,$4000_duty,3
117,$4000_const,1
117,$4000_vol,0
117,$4004_duty,3
117,$4004_const,1
117,$4004_vol,0
117,$4008_linear,0
118,$4000_duty,3
118,$4000_const,1
118,$4000_vol,0
118,$4004_duty,3
118,$4004_const,1
118,$4004_vol,0
118,$4008_linear,0
118,$400C_const,1
118,$400C_vol,9
119,$4000_duty,3
119,$4000_const,1
119,$4000_vol,0
119,$4004_duty,3
119,$4004_const,1
119,$4004_vol,0
119,$4008_linear,0
120,$4000_duty,3
120,$4000_const,1
120,$4000_vol,0
120,$4004_duty,3
120,$4004_const,1
120,$4004_vol,0
120,$4008_linear,0
121,$4000_duty,3
121,$4000_const,1
121,$4000_vol,0
121,$4004_duty,3
121,$4004_const,1
121,$4004_vol,0
121,$4008_linear,0
122,$4000_duty,3
122,$4000_const,1
122,$4000_vol,0
122,$4004_duty,3
122,$4004_const,1
122,$4004_vol,0
122,$4008_linear,0
123,$4000_duty,3
123,$4000_const,1
123,$4000_vol,0
123,$4004_duty,3
123,$4004_const,1
123,$4004_vol,0
123,$4008_linear,0
124,$4000_duty,3
124,$4000_const,1
124,$4000_vol,0
124,$4004_duty,3
124,$4004_const,1
124,$4004_vol,0
124,$4008_linear,0
126,$4000_duty,3
126,$4000_const,1
126,$4000_vol,0
126,$4004_duty,3
126,$4004_const,1
126,$4004_vol,0
126,$4008_linear,0
127,$4000_duty,3
127,$4000_const,1
127,$4000_vol,0
127,$4004_duty,3
127,$4004_const,1
127,$4004_vol,0
127,$4008_linear,0
128,$4000_duty,3
128,$4000_const,1
128,$4000_vol,0
128,$4004_duty,3
128,$4004_const,1
128,$4004_vol,0
128,$4008_linear,0
128,$400C_const,1
128,$400C_vol,8
129,$4000_duty,3
129,$4000_const,1
129,$4000_vol,0
129,$4004_duty,3
129,$4004_const,1
129,$4004_vol,0
129,$4008_linear,0
130,$4000_duty,3
130,$4000_const,1
130,$4000_vol,0
130,$4004_duty,3
130,$4004_const,1
130,$4004_vol,0
130,$4008_linear,0
131,$4000_duty,3
131,$4000_const,1
131,$4000_vol,0
131,$4004_duty,3
131,$4004_const,1
131,$4004_vol,0
131,$4008_linear,0
132,$4000_duty,3
132,$4000_const,1
132,$4000_vol,0
132,$4004_duty,3
132,$4004_const,1
132,$4004_vol,0
132,$4008_linear,0
133,$4000_duty,3
133,$4000_const,1
133,$4000_vol,0
133,$4004_duty,3
133,$4004_const,1
133,$4004_vol,0
133,$4008_linear,0
134,$4000_duty,3
134,$4000_const,1
134,$4000_vol,0
134,$4004_duty,3
134,$4004_const,1
134,$4004_vol,0
134,$4008_linear,0
135,$4000_duty,3
135,$4000_const,1
135,$4000_vol,0
135,$4004_duty,3
135,$4004_const,1
135,$4004_vol,0
135,$4008_linear,0
136,$4000_duty,3
136,$4000_const,1
136,$4000_vol,0
136,$4004_duty,3
136,$4004_const,1
136,$4004_vol,0
136,$4008_linear,0
137,$4000_duty,3
137,$4000_const,1
137,$4000_vol,0
137,$4004_duty,3
137,$4004_const,1
137,$4004_vol,0
137,$4008_linear,0
137,$400C_const,1
137,$400C_vol,7
138,$4000_duty,3
138,$4000_const,1
138,$4000_vol,0
138,$4004_duty,3
138,$4004_const,1
138,$4004_vol,0
138,$4008_linear,0
139,$4000_duty,3
139,$4000_const,1
139,$4000_vol,0
139,$4004_duty,3
139,$4004_const,1
139,$4004_vol,0
139,$4008_linear,0
140,$4000_duty,3
140,$4000_const,1
140,$4000_vol,0
140,$4004_duty,3
140,$4004_const,1
140,$4004_vol,0
140,$4008_linear,0
141,$4000_duty,3
141,$4000_const,1
141,$4000_vol,0
141,$4004_duty,3
141,$4004_const,1
141,$4004_vol,0
141,$4008_linear,0
142,$4000_duty,3
142,$4000_const,1
142,$4000_vol,0
142,$4004_duty,3
142,$4004_const,1
142,$4004_vol,0
142,$4008_linear,0
143,$4000_duty,3
143,$4000_const,1
143,$4000_vol,0
143,$4004_duty,3
143,$4004_const,1
143,$4004_vol,0
143,$4008_linear,0
144,$4000_duty,3
144,$4000_const,1
144,$4000_vol,0
144,$4004_duty,3
144,$4004_const,1
144,$4004_vol,0
144,$4008_linear,0
145,$4000_duty,3
145,$4000_const,1
145,$4000_vol,0
145,$4004_duty,3
145,$4004_const,1
145,$4004_vol,0
145,$4008_linear,0
146,$4000_duty,3
146,$4000_const,1
146,$4000_vol,0
146,$4004_duty,3
146,$4004_const,1
146,$4004_vol,0
146,$4008_linear,0
146,$400C_const,1
146,$400C_vol,6
147,$4000_duty,3
147,$4000_const,1
147,$4000_vol,0
147,$4004_duty,3
147,$4004_const,1
147,$4004_vol,0
147,$4008_linear,0
148,$4000_duty,3
148,$4000_const,1
148,$4000_vol,0
148,$4004_duty,3
148,$4004_const,1
148,$4004_vol,0
148,$4008_linear,0
149,$4000_duty,3
149,$4000_const,1
149,$4000_vol,0
149,$4004_duty,3
149,$4004_const,1
149,$4004_vol,0
149,$4008_linear,0
150,$4000_duty,3
150,$4000_const,1
150,$4000_vol,0
150,$4004_duty,3
150,$4004_const,1
150,$4004_vol,0
150,$4008_linear,0
151,$4000_duty,3
151,$4000_const,1
151,$4000_vol,0
151,$4004_duty,3
151,$4004_const,1
151,$4004_vol,0
151,$4008_linear,0
152,$4000_duty,3
152,$4000_const,1
152,$4000_vol,0
152,$4004_duty,3
152,$4004_const,1
152,$4004_vol,0
152,$4008_linear,0
153,$4000_duty,3
153,$4000_const,1
153,$4000_vol,0
153,$4004_duty,3
153,$4004_const,1
153,$4004_vol,0
153,$4008_linear,0
154,$4000_duty,3
154,$4000_const,1
154,$4000_vol,0
154,$4004_duty,3
154,$4004_const,1
154,$4004_vol,0
154,$4008_linear,0
155,$4000_duty,3
155,$4000_const,1
155,$4000_vol,0
155,$4004_duty,3
155,$4004_const,1
155,$4004_vol,0
155,$4008_linear,0
155,$400C_const,1
155,$400C_vol,5
156,$4000_duty,3
156,$4000_const,1
156,$4000_vol,0
156,$4004_duty,3
156,$4004_const,1
156,$4004_vol,0
156,$4008_linear,0
157,$4000_duty,3
157,$4000_const,1
157,$4000_vol,0
157,$4004_duty,3
157,$4004_const,1
157,$4004_vol,0
157,$4008_linear,0
158,$4000_duty,3
158,$4000_const,1
158,$4000_vol,0
158,$4004_duty,3
158,$4004_const,1
158,$4004_vol,0
158,$4008_linear,0
159,$4000_duty,3
159,$4000_const,1
159,$4000_vol,0
159,$4004_duty,3
159,$4004_const,1
159,$4004_vol,0
159,$4008_linear,0
160,$4000_duty,3
160,$4000_const,1
160,$4000_vol,0
160,$4004_duty,3
160,$4004_const,1
160,$4004_vol,0
160,$4008_linear,0
161,$4000_duty,3
161,$4000_const,1
161,$4000_vol,0
161,$4004_duty,3
161,$4004_const,1
161,$4004_vol,0
161,$4008_linear,0
162,$4000_duty,3
162,$4000_const,1
162,$4000_vol,0
162,$4004_duty,3
162,$4004_const,1
162,$4004_vol,0
162,$4008_linear,0
163,$4000_duty,3
163,$4000_const,1
163,$4000_vol,0
163,$4004_duty,3
163,$4004_const,1
163,$4004_vol,0
163,$4008_linear,0
164,$4000_duty,3
164,$4000_const,1
164,$4000_vol,0
164,$4004_duty,3
164,$4004_const,1
164,$4004_vol,0
164,$4008_linear,0
164,$400C_const,1
164,$400C_vol,4
165,$4000_duty,3
165,$4000_const,1
165,$4000_vol,0
165,$4004_duty,3
165,$4004_const,1
165,$4004_vol,0
165,$4008_linear,0
166,$4000_duty,3
166,$4000_const,1
166,$4000_vol,0
166,$4004_duty,3
166,$4004_const,1
166,$4004_vol,0
166,$4008_linear,0
167,$4000_duty,3
167,$4000_const,1
167,$4000_vol,0
167,$4004_duty,3
167,$4004_const,1
167,$4004_vol,0
167,$4008_linear,0
168,$4000_duty,3
168,$4000_const,1
168,$4000_vol,0
168,$4004_duty,3
168,$4004_const,1
168,$4004_vol,0
168,$4008_linear,0
169,$4000_duty,3
169,$4000_const,1
169,$4000_vol,0
169,$4004_duty,3
169,$4004_const,1
169,$4004_vol,0
169,$4008_linear,0
170,$4000_duty,3
170,$4000_const,1
170,$4000_vol,0
170,$4004_duty,3
170,$4004_const,1
170,$4004_vol,0
170,$4008_linear,0
171,$4000_duty,3
171,$4000_const,1
171,$4000_vol,0
171,$4004_duty,3
171,$4004_const,1
171,$4004_vol,0
171,$4008_linear,0
172,$4000_duty,3
172,$4000_const,1
172,$4000_vol,0
172,$4004_duty,3
172,$4004_const,1
172,$4004_vol,0
172,$4008_linear,0
173,$4000_duty,3
173,$4000_const,1
173,$4000_vol,0
173,$4004_duty,3
173,$4004_const,1
173,$4004_vol,0
173,$4008_linear,0
173,$400C_const,1
173,$400C_vol,3
174,$4000_duty,3
174,$4000_const,1
174,$4000_vol,0
174,$4004_duty,3
174,$4004_const,1
174,$4004_vol,0
174,$4008_linear,0
175,$4000_duty,3
175,$4000_const,1
175,$4000_vol,0
175,$4004_duty,3
175,$4004_const,1
175,$4004_vol,0
175,$4008_linear,0
176,$4000_duty,3
176,$4000_const,1
176,$4000_vol,0
176,$4004_duty,3
176,$4004_const,1
176,$4004_vol,0
176,$4008_linear,0
177,$4000_duty,3
177,$4000_const,1
177,$4000_vol,0
177,$4004_duty,3
177,$4004_const,1
177,$4004_vol,0
177,$4008_linear,0
178,$4000_duty,3
178,$4000_const,1
178,$4000_vol,0
178,$4004_duty,3
178,$4004_const,1
178,$4004_vol,0
178,$4008_linear,0
179,$4000_duty,3
179,$4000_const,1
179,$4000_vol,0
179,$4004_duty,3
179,$4004_const,1
179,$4004_vol,0
179,$4008_linear,0
180,$4000_duty,3
180,$4000_const,1
180,$4000_vol,0
180,$4004_duty,3
180,$4004_const,1
180,$4004_vol,0
180,$4008_linear,0
181,$4000_duty,2
181,$4000_const,1
181,$4000_vol,15
181,$4000_duty,2
181,$4000_const,1
181,$4000_vol,15
181,$4001_sweep,120
181,$4002_period,215
181,$400B_length,8
181,$4004_duty,3
181,$4004_const,1
181,$4004_vol,0
181,$4008_linear,0
182,$4004_duty,3
182,$4004_const,1
182,$4004_vol,0
182,$4008_linear,0
182,$400C_const,1
182,$400C_vol,2
183,$4000_duty,3
183,$4000_const,1
183,$4000_vol,0
183,$4004_duty,3
183,$4004_const,1
183,$4004_vol,0
183,$4008_linear,0
184,$4000_duty,3
184,$4000_const,1
184,$4000_vol,0
184,$4004_duty,3
184,$4004_const,1
184,$4004_vol,0
184,$4008_linear,0
185,$4000_duty,3
185,$4000_const,1
185,$4000_vol,0
185,$4004_duty,3
185,$4004_const,1
185,$4004_vol,0
185,$4008_linear,0
186,$4000_duty,3
186,$4000_const,1
186,$4000_vol,0
186,$4004_duty,3
186,$4004_const,1
186,$4004_vol,0
186,$4008_linear,0
187,$4000_duty,3
187,$4000_const,1
187,$4000_vol,0
187,$4004_duty,2
187,$4004_const,1
187,$4004_vol,4
187,$4004_duty,2
187,$4004_const,1
187,$4004_vol,4
187,$4005_sweep,120
187,$4006_period,215
187,$4008_linear,0
188,$4000_duty,3
188,$4000_const,1
188,$4000_vol,0
188,$4008_linear,0
189,$4000_duty,3
189,$4000_const,1
189,$4000_vol,0
189,$4004_duty,3
189,$4004_const,1
189,$4004_vol,0
189,$4008_linear,0
190,$4000_duty,3
190,$4000_const,1
190,$4000_vol,0
190,$4004_duty,3
190,$4004_const,1
190,$4004_vol,0
190,$4008_linear,0
191,$4000_duty,3
191,$4000_const,1
191,$4000_vol,0
191,$4004_duty,3
191,$4004_const,1
191,$4004_vol,0
191,$4008_linear,0
191,$400C_const,1
191,$400C_vol,1
192,$4000_duty,3
192,$4000_const,1
192,$4000_vol,0
192,$4004_duty,3
192,$4004_const,1
192,$4004_vol,0
192,$4008_linear,0
193,$4000_duty,3
193,$4000_const,1
193,$4000_vol,0
193,$4004_duty,3
193,$4004_const,1
193,$4004_vol,0
193,$4008_linear,0
194,$4000_duty,3
194,$4000_const,1
194,$4000_vol,0
194,$4004_duty,3
194,$4004_const,1
194,$4004_vol,0
194,$4008_linear,0
194,$400C_const,1
194,$400C_vol,1
194,$400C_const,1
194,$400C_vol,1
194,$400E_period,6
194,$400E_mode,0
195,$4000_duty,3
195,$4000_const,1
195,$4000_vol,0
195,$4004_duty,3
195,$4004_const,1
195,$4004_vol,0
195,$4008_linear,0
196,$4000_duty,3
196,$4000_const,1
196,$4000_vol,0
196,$4004_duty,3
196,$4004_const,1
196,$4004_vol,0
196,$4008_linear,0
197,$4000_duty,3
197,$4000_const,1
197,$4000_vol,0
197,$4004_duty,3
197,$4004_const,1
197,$4004_vol,0
197,$4008_linear,0
198,$4000_duty,3
198,$4000_const,1
198,$4000_vol,0
198,$4004_duty,3
198,$4004_const,1
198,$4004_vol,0
198,$4008_linear,0
199,$4000_duty,3
199,$4000_const,1
199,$4000_vol,0
199,$4004_duty,3
199,$4004_const,1
199,$4004_vol,0
199,$4008_linear,0
200,$4000_duty,3
200,$4000_const,1
200,$4000_vol,0
200,$4004_duty,3
200,$4004_const,1
200,$4004_vol,0
200,$4008_linear,0
201,$4000_duty,3
201,$4000_const,1
201,$4000_vol,0
201,$4004_duty,3
201,$4004_const,1
201,$4004_vol,0
201,$4008_linear,0
202,$4000_duty,3
202,$4000_const,1
202,$4000_vol,0
202,$4004_duty,3
202,$4004_const,1
202,$4004_vol,0
202,$4008_linear,0
203,$4000_duty,3
203,$4000_const,1
203,$4000_vol,0
203,$4004_duty,3
203,$4004_const,1
203,$4004_vol,0
203,$4008_linear,0
204,$4000_duty,3
204,$4000_const,1
204,$4000_vol,0
204,$4004_duty,3
204,$4004_const,1
204,$4004_vol,0
204,$4008_linear,0
205,$4000_duty,3
205,$4000_const,1
205,$4000_vol,0
205,$4004_duty,3
205,$4004_const,1
205,$4004_vol,0
205,$4008_linear,0
206,$4000_duty,3
206,$4000_const,1
206,$4000_vol,0
206,$4004_duty,3
206,$4004_const,1
206,$4004_vol,0
206,$4008_linear,0
207,$4000_duty,3
207,$4000_const,1
207,$4000_vol,0
207,$4004_duty,3
207,$4004_const,1
207,$4004_vol,0
207,$4008_linear,0
208,$4000_duty,3
208,$4000_const,1
208,$4000_vol,0
208,$4004_duty,3
208,$4004_const,1
208,$4004_vol,0
208,$4008_linear,0
209,$4000_duty,3
209,$4000_const,1
209,$4000_vol,0
209,$4004_duty,3
209,$4004_const,1
209,$4004_vol,0
209,$4008_linear,0
210,$4000_duty,3
210,$4000_const,1
210,$4000_vol,0
210,$4004_duty,3
210,$4004_const,1
210,$4004_vol,0
210,$4008_linear,0
211,$4000_duty,3
211,$4000_const,1
211,$4000_vol,0
211,$4004_duty,3
211,$4004_const,1
211,$4004_vol,0
211,$4008_linear,0
212,$4000_duty,3
212,$4000_const,1
212,$4000_vol,0
212,$4004_duty,3
212,$4004_const,1
212,$4004_vol,0
212,$4008_linear,0
213,$4000_duty,3
213,$4000_const,1
213,$4000_vol,0
213,$4004_duty,3
213,$4004_const,1
213,$4004_vol,0
213,$4008_linear,0
214,$4000_duty,3
214,$4000_const,1
214,$4000_vol,0
214,$4004_duty,3
214,$4004_const,1
214,$4004_vol,0
214,$4008_linear,0
215,$4000_duty,3
215,$4000_const,1
215,$4000_vol,0
215,$4004_duty,3
215,$4004_const,1
215,$4004_vol,0
215,$4008_linear,0
216,$4000_duty,3
216,$4000_const,1
216,$4000_vol,0
216,$4004_duty,3
216,$4004_const,1
216,$4004_vol,0
216,$4008_linear,0
217,$4000_duty,3
217,$4000_const,1
217,$4000_vol,0
217,$4004_duty,3
217,$4004_const,1
217,$4004_vol,0
217,$4008_linear,0
218,$4000_duty,3
218,$4000_const,1
218,$4000_vol,0
218,$4004_duty,3
218,$4004_const,1
218,$4004_vol,0
218,$4008_linear,0
219,$4000_duty,3
219,$4000_const,1
219,$4000_vol,0
219,$4004_duty,3
219,$4004_const,1
219,$4004_vol,0
219,$4008_linear,0
220,$4000_duty,3
220,$4000_const,1
220,$4000_vol,0
220,$4004_duty,3
220,$4004_const,1
220,$4004_vol,0
220,$4008_linear,0
221,$4000_duty,3
221,$4000_const,1
221,$4000_vol,0
221,$4004_duty,3
221,$4004_const,1
221,$4004_vol,0
221,$4008_linear,0
222,$4000_duty,3
222,$4000_const,1
222,$4000_vol,0
222,$4004_duty,3
222,$4004_const,1
222,$4004_vol,0
222,$4008_linear,0
223,$4000_duty,3
223,$4000_const,1
223,$4000_vol,0
223,$4004_duty,3
223,$4004_const,1
223,$4004_vol,0
223,$4008_linear,0
224,$4000_duty,3
224,$4000_const,1
224,$4000_vol,0
224,$4004_duty,3
224,$4004_const,1
224,$4004_vol,0
224,$4008_linear,0
225,$4000_duty,3
225,$4000_const,1
225,$4000_vol,0
225,$4004_duty,3
225,$4004_const,1
225,$4004_vol,0
225,$4008_linear,0
226,$4000_duty,3
226,$4000_const,1
226,$4000_vol,0
226,$4004_duty,3
226,$4004_const,1
226,$4004_vol,0
226,$4008_linear,0
227,$4000_duty,3
227,$4000_const,1
227,$4000_vol,0
227,$4004_duty,3
227,$4004_const,1
227,$4004_vol,0
227,$4008_linear,0
228,$4000_duty,3
228,$4000_const,1
228,$4000_vol,0
228,$4004_duty,3
228,$4004_const,1
228,$4004_vol,0
228,$4008_linear,0
229,$4000_duty,3
229,$4000_const,1
229,$4000_vol,0
229,$4004_duty,3
229,$4004_const,1
229,$4004_vol,0
229,$4008_linear,0
230,$4000_duty,3
230,$4000_const,1
230,$4000_vol,0
230,$4004_duty,3
230,$4004_const,1
230,$4004_vol,0
230,$4008_linear,0
231,$4000_duty,3
231,$4000_const,1
231,$4000_vol,0
231,$4004_duty,3
231,$4004_const,1
231,$4004_vol,0
231,$4008_linear,0
232,$4000_duty,3
232,$4000_const,1
232,$4000_vol,0
232,$4004_duty,3
232,$4004_const,1
232,$4004_vol,0
232,$4008_linear,0
233,$4000_duty,3
233,$4000_const,1
233,$4000_vol,0
233,$4004_duty,3
233,$4004_const,1
233,$4004_vol,0
233,$4008_linear,0
234,$4000_duty,3
234,$4000_const,1
234,$4000_vol,0
234,$4004_duty,3
234,$4004_const,1
234,$4004_vol,0
234,$4008_linear,0
235,$4000_duty,3
235,$4000_const,1
235,$4000_vol,0
235,$4004_duty,3
235,$4004_const,1
235,$4004_vol,0
235,$4008_linear,0
236,$4000_duty,3
236,$4000_const,1
236,$4000_vol,0
236,$4004_duty,3
236,$4004_const,1
236,$4004_vol,0
236,$4008_linear,0
237,$4000_duty,3
237,$4000_const,1
237,$4000_vol,0
237,$4004_duty,3
237,$4004_const,1
237,$4004_vol,0
237,$4008_linear,0
238,$4000_duty,3
238,$4000_const,1
238,$4000_vol,0
238,$4004_duty,3
238,$4004_const,1
238,$4004_vol,0
238,$4008_linear,0
239,$4000_duty,3
239,$4000_const,1
239,$4000_vol,0
239,$4004_duty,3
239,$4004_const,1
239,$4004_vol,0
239,$4008_linear,0
240,$4000_duty,3
240,$4000_const,1
240,$4000_vol,0
240,$4004_duty,3
240,$4004_const,1
240,$4004_vol,0
240,$4008_linear,0
241,$4000_duty,3
241,$4000_const,1
241,$4000_vol,0
241,$4004_duty,3
241,$4004_const,1
241,$4004_vol,0
241,$4008_linear,0
242,$4000_duty,3
242,$4000_const,1
242,$4000_vol,0
242,$4004_duty,3
242,$4004_const,1
242,$4004_vol,0
242,$4008_linear,0
243,$4000_duty,3
243,$4000_const,1
243,$4000_vol,0
243,$4004_duty,3
243,$4004_const,1
243,$4004_vol,0
243,$4008_linear,0
244,$4000_duty,3
244,$4000_const,1
244,$4000_vol,0
244,$4004_duty,3
244,$4004_const,1
244,$4004_vol,0
244,$4008_linear,0
245,$4000_duty,3
245,$4000_const,1
245,$4000_vol,0
245,$4004_duty,3
245,$4004_const,1
245,$4004_vol,0
245,$4008_linear,0
246,$4000_duty,3
246,$4000_const,1
246,$4000_vol,0
246,$4004_duty,3
246,$4004_const,1
246,$4004_vol,0
246,$4008_linear,0
247,$4000_duty,3
247,$4000_const,1
247,$4000_vol,0
247,$4004_duty,3
247,$4004_const,1
247,$4004_vol,0
247,$4008_linear,0
248,$4000_duty,3
248,$4000_const,1
248,$4000_vol,0
248,$4004_duty,3
248,$4004_const,1
248,$4004_vol,0
248,$4008_linear,0
249,$4000_duty,3
249,$4000_const,1
249,$4000_vol,0
249,$4004_duty,3
249,$4004_const,1
249,$4004_vol,0
249,$4008_linear,0
250,$4000_duty,3
250,$4000_const,1
250,$4000_vol,0
250,$4004_duty,3
250,$4004_const,1
250,$4004_vol,0
250,$4008_linear,0
251,$4000_duty,3
251,$4000_const,1
251,$4000_vol,0
251,$4004_duty,3
251,$4004_const,1
251,$4004_vol,0
251,$4008_linear,0
252,$4000_duty,3
252,$4000_const,1
252,$4000_vol,0
252,$4004_duty,3
252,$4004_const,1
252,$4004_vol,0
252,$4008_linear,0
253,$4000_duty,3
253,$4000_const,1
253,$4000_vol,0
253,$4004_duty,3
253,$4004_const,1
253,$4004_vol,0
253,$4008_linear,0
254,$4000_duty,3
254,$4000_const,1
254,$4000_vol,0
254,$4004_duty,3
254,$4004_const,1
254,$4004_vol,0
254,$4008_linear,0
255,$4000_duty,3
255,$4000_const,1
255,$4000_vol,0
255,$4004_duty,3
255,$4004_const,1
255,$4004_vol,0
255,$4008_linear,0
256,$4000_duty,3
256,$4000_const,1
256,$4000_vol,0
256,$4004_duty,3
256,$4004_const,1
256,$4004_vol,0
256,$4008_linear,0
257,$4000_duty,3
257,$4000_const,1
257,$4000_vol,0
257,$4004_duty,3
257,$4004_const,1
257,$4004_vol,0
257,$4008_linear,0
258,$4000_duty,3
258,$4000_const,1
258,$4000_vol,0
258,$4004_duty,3
258,$4004_const,1
258,$4004_vol,0
258,$4008_linear,0
259,$4000_duty,3
259,$4000_const,1
259,$4000_vol,0
259,$4004_duty,3
259,$4004_const,1
259,$4004_vol,0
259,$4008_linear,0
260,$4000_duty,3
260,$4000_const,1
260,$4000_vol,0
260,$4004_duty,3
260,$4004_const,1
260,$4004_vol,0
260,$4008_linear,0
261,$4000_duty,3
261,$4000_const,1
261,$4000_vol,0
261,$4004_duty,3
261,$4004_const,1
261,$4004_vol,0
261,$4008_linear,0
262,$4000_duty,3
262,$4000_const,1
262,$4000_vol,0
262,$4004_duty,3
262,$4004_const,1
262,$4004_vol,0
262,$4008_linear,0
263,$4000_duty,3
263,$4000_const,1
263,$4000_vol,0
263,$4004_duty,3
263,$4004_const,1
263,$4004_vol,0
263,$4008_linear,0
264,$4000_duty,3
264,$4000_const,1
264,$4000_vol,0
264,$4004_duty,3
264,$4004_const,1
264,$4004_vol,0
264,$4008_linear,0
265,$4000_duty,3
265,$4000_const,1
265,$4000_vol,0
265,$4004_duty,3
265,$4004_const,1
265,$4004_vol,0
265,$4008_linear,0
266,$4000_duty,3
266,$4000_const,1
266,$4000_vol,0
266,$4004_duty,3
266,$4004_const,1
266,$4004_vol,0
266,$4008_linear,0
267,$4000_duty,3
267,$4000_const,1
267,$4000_vol,0
267,$4004_duty,3
267,$4004_const,1
267,$4004_vol,0
267,$4008_linear,0
268,$4000_duty,3
268,$4000_const,1
268,$4000_vol,0
268,$4004_duty,3
268,$4004_const,1
268,$4004_vol,0
268,$4008_linear,0
269,$4000_duty,3
269,$4000_const,1
269,$4000_vol,0
269,$4004_duty,3
269,$4004_const,1
269,$4004_vol,0
269,$4008_linear,0
270,$4000_duty,3
270,$4000_const,1
270,$4000_vol,0
270,$4004_duty,3
270,$4004_const,1
270,$4004_vol,0
270,$4008_linear,0
271,$4000_duty,3
271,$4000_const,1
271,$4000_vol,0
271,$4004_duty,3
271,$4004_const,1
271,$4004_vol,0
271,$4008_linear,0
272,$4000_duty,3
272,$4000_const,1
272,$4000_vol,0
272,$4004_duty,3
272,$4004_const,1
272,$4004_vol,0
272,$4008_linear,0
273,$4000_duty,3
273,$4000_const,1
273,$4000_vol,0
273,$4004_duty,3
273,$4004_const,1
273,$4004_vol,0
273,$4008_linear,0
274,$4000_duty,3
274,$4000_const,1
274,$4000_vol,0
274,$4004_duty,3
274,$4004_const,1
274,$4004_vol,0
274,$4008_linear,0
275,$4000_duty,3
275,$4000_const,1
275,$4000_vol,0
275,$4004_duty,3
275,$4004_const,1
275,$4004_vol,0
275,$4008_linear,0
276,$4000_duty,3
276,$4000_const,1
276,$4000_vol,0
276,$4004_duty,3
276,$4004_const,1
276,$4004_vol,0
276,$4008_linear,0
277,$4000_duty,3
277,$4000_const,1
277,$4000_vol,0
277,$4004_duty,3
277,$4004_const,1
277,$4004_vol,0
277,$4008_linear,0
278,$4000_duty,3
278,$4000_const,1
278,$4000_vol,0
278,$4004_duty,3
278,$4004_const,1
278,$4004_vol,0
278,$4008_linear,0
279,$4000_duty,3
279,$4000_const,1
279,$4000_vol,0
279,$4004_duty,3
279,$4004_const,1
279,$4004_vol,0
279,$4008_linear,0
280,$4000_duty,3
280,$4000_const,1
280,$4000_vol,0
280,$4004_duty,3
280,$4004_const,1
280,$4004_vol,0
280,$4008_linear,0
281,$4000_duty,3
281,$4000_const,1
281,$4000_vol,0
281,$4004_duty,3
281,$4004_const,1
281,$4004_vol,0
281,$4008_linear,0
282,$4000_duty,3
282,$4000_const,1
282,$4000_vol,0
282,$4004_duty,3
282,$4004_const,1
282,$4004_vol,0
282,$4008_linear,0
283,$4000_duty,3
283,$4000_const,1
283,$4000_vol,0
283,$4004_duty,3
283,$4004_const,1
283,$4004_vol,0
283,$4008_linear,0
284,$4000_duty,3
284,$4000_const,1
284,$4000_vol,0
284,$4004_duty,3
284,$4004_const,1
284,$4004_vol,0
284,$4008_linear,0
285,$4000_duty,3
285,$4000_const,1
285,$4000_vol,0
285,$4004_duty,3
285,$4004_const,1
285,$4004_vol,0
285,$4008_linear,0
286,$4000_duty,3
286,$4000_const,1
286,$4000_vol,0
286,$4004_duty,3
286,$4004_const,1
286,$4004_vol,0
286,$4008_linear,0
287,$4000_duty,3
287,$4000_const,1
287,$4000_vol,0
287,$4004_duty,3
287,$4004_const,1
287,$4004_vol,0
287,$4008_linear,0
288,$4000_duty,3
288,$4000_const,1
288,$4000_vol,0
288,$4004_duty,3
288,$4004_const,1
288,$4004_vol,0
288,$4008_linear,0
289,$4000_duty,3
289,$4000_const,1
289,$4000_vol,0
289,$4004_duty,3
289,$4004_const,1
289,$4004_vol,0
289,$4008_linear,0
290,$4000_duty,3
290,$4000_const,1
290,$4000_vol,0
290,$4004_duty,3
290,$4004_const,1
290,$4004_vol,0
290,$4008_linear,0
291,$4000_duty,3
291,$4000_const,1
291,$4000_vol,0
291,$4004_duty,3
291,$4004_const,1
291,$4004_vol,0
291,$4008_linear,0
292,$4000_duty,3
292,$4000_const,1
292,$4000_vol,0
292,$4004_duty,3
292,$4004_const,1
292,$4004_vol,0
292,$4008_linear,0
293,$4000_duty,3
293,$4000_const,1
293,$4000_vol,0
293,$4004_duty,3
293,$4004_const,1
293,$4004_vol,0
293,$4008_linear,0
294,$4000_duty,3
294,$4000_const,1
294,$4000_vol,0
294,$4004_duty,3
294,$4004_const,1
294,$4004_vol,0
294,$4008_linear,0
295,$4000_duty,3
295,$4000_const,1
295,$4000_vol,0
295,$4004_duty,3
295,$4004_const,1
295,$4004_vol,0
295,$4008_linear,0
296,$4000_duty,3
296,$4000_const,1
296,$4000_vol,0
296,$4004_duty,3
296,$4004_const,1
296,$4004_vol,0
296,$4008_linear,0
297,$4000_duty,3
297,$4000_const,1
297,$4000_vol,0
297,$4004_duty,3
297,$4004_const,1
297,$4004_vol,0
297,$4008_linear,0
298,$4000_duty,3
298,$4000_const,1
298,$4000_vol,0
298,$4004_duty,3
298,$4004_const,1
298,$4004_vol,0
298,$4008_linear,0
299,$4000_duty,3
299,$4000_const,1
299,$4000_vol,0
299,$4004_duty,3
299,$4004_const,1
299,$4004_vol,0
299,$4008_linear,0
300,$4000_duty,3
300,$4000_const,1
300,$4000_vol,0
300,$4004_duty,3
300,$4004_const,1
300,$4004_vol,0
300,$4008_linear,0
301,$4000_duty,3
301,$4000_const,1
301,$4000_vol,0
301,$4004_duty,3
301,$4004_const,1
301,$4004_vol,0
301,$4008_linear,0
302,$4000_duty,3
302,$4000_const,1
302,$4000_vol,0
302,$4004_duty,3
302,$4004_const,1
302,$4004_vol,0
302,$4008_linear,0
303,$4000_duty,3
303,$4000_const,1
303,$4000_vol,0
303,$4004_duty,3
303,$4004_const,1
303,$4004_vol,0
303,$4008_linear,0
304,$4000_duty,3
304,$4000_const,1
304,$4000_vol,0
304,$4004_duty,3
304,$4004_const,1
304,$4004_vol,0
304,$4008_linear,0
305,$4000_duty,3
305,$4000_const,1
305,$4000_vol,0
305,$4004_duty,3
305,$4004_const,1
305,$4004_vol,0
305,$4008_linear,0
306,$4000_duty,3
306,$4000_const,1
306,$4000_vol,0
306,$4004_duty,3
306,$4004_const,1
306,$4004_vol,0
306,$4008_linear,0
307,$4000_duty,3
307,$4000_const,1
307,$4000_vol,0
307,$4004_duty,3
307,$4004_const,1
307,$4004_vol,0
307,$4008_linear,0
308,$4000_duty,3
308,$4000_const,1
308,$4000_vol,0
308,$4004_duty,3
308,$4004_const,1
308,$4004_vol,0
308,$4008_linear,0
309,$4000_duty,3
309,$4000_const,1
309,$4000_vol,0
309,$4004_duty,3
309,$4004_const,1
309,$4004_vol,0
309,$4008_linear,0
309,$400C_const,1
309,$400C_vol,0
310,$4000_duty,3
310,$4000_const,1
310,$4000_vol,0
310,$4004_duty,3
310,$4004_const,1
310,$4004_vol,0
310,$4008_linear,0
310,$400C_const,1
310,$400C_vol,0
311,$4000_duty,3
311,$4000_const,1
311,$4000_vol,0
311,$4004_duty,3
311,$4004_const,1
311,$4004_vol,0
311,$4008_linear,0
311,$400C_const,1
311,$400C_vol,0
312,$4000_duty,3
312,$4000_const,1
312,$4000_vol,0
312,$4004_duty,3
312,$4004_const,1
312,$4004_vol,0
312,$4008_linear,0
312,$400C_const,1
312,$400C_vol,0
313,$4000_duty,3
313,$4000_const,1
313,$4000_vol,0
313,$4004_duty,3
313,$4004_const,1
313,$4004_vol,0
313,$4008_linear,0
313,$400C_const,1
313,$400C_vol,0
314,$4000_duty,3
314,$4000_const,1
314,$4000_vol,0
314,$4004_duty,3
314,$4004_const,1
314,$4004_vol,0
314,$4008_linear,0
314,$400C_const,1
314,$400C_vol,0
315,$4000_duty,3
315,$4000_const,1
315,$4000_vol,0
315,$4004_duty,3
315,$4004_const,1
315,$4004_vol,0
315,$4008_linear,0
315,$400C_const,1
315,$400C_vol,0
316,$4000_duty,3
316,$4000_const,1
316,$4000_vol,0
316,$4004_duty,3
316,$4004_const,1
316,$4004_vol,0
316,$4008_linear,0
316,$400C_const,1
316,$400C_vol,0
317,$4000_duty,3
317,$4000_const,1
317,$4000_vol,0
317,$4004_duty,3
317,$4004_const,1
317,$4004_vol,0
317,$4008_linear,0
317,$400C_const,1
317,$400C_vol,0
318,$4000_duty,3
318,$4000_const,1
318,$4000_vol,0
318,$4004_duty,3
318,$4004_const,1
318,$4004_vol,0
318,$4008_linear,0
318,$400C_const,1
318,$400C_vol,0
319,$4000_duty,3
319,$4000_const,1
319,$4000_vol,0
319,$4004_duty,3
319,$4004_const,1
319,$4004_vol,0
319,$4008_linear,0
319,$400C_const,1
319,$400C_vol,0
320,$4000_duty,3
320,$4000_const,1
320,$4000_vol,0
320,$4004_duty,3
320,$4004_const,1
320,$4004_vol,0
320,$4008_linear,0
320,$400C_const,1
320,$400C_vol,0
321,$4000_duty,3
321,$4000_const,1
321,$4000_vol,0
321,$4004_duty,3
321,$4004_const,1
321,$4004_vol,0
321,$4008_linear,0
321,$400C_const,1
321,$400C_vol,0
322,$4000_duty,3
322,$4000_const,1
322,$4000_vol,0
322,$4004_duty,3
322,$4004_const,1
322,$4004_vol,0
322,$4008_linear,0
322,$400C_const,1
322,$400C_vol,0
323,$4000_duty,3
323,$4000_const,1
323,$4000_vol,0
323,$4004_duty,3
323,$4004_const,1
323,$4004_vol,0
323,$4008_linear,0
323,$400C_const,1
323,$400C_vol,0
324,$4000_duty,3
324,$4000_const,1
324,$4000_vol,0
324,$4004_duty,3
324,$4004_const,1
324,$4004_vol,0
324,$4008_linear,0
324,$400C_const,1
324,$400C_vol,0
325,$4000_duty,3
325,$4000_const,1
325,$4000_vol,0
325,$4004_duty,3
325,$4004_const,1
325,$4004_vol,0
325,$4008_linear,0
325,$400C_const,1
325,$400C_vol,0
326,$4000_duty,3
326,$4000_const,1
326,$4000_vol,0
326,$4004_duty,3
326,$4004_const,1
326,$4004_vol,0
326,$4008_linear,0
326,$400C_const,1
326,$400C_vol,0
327,$4000_duty,3
327,$4000_const,1
327,$4000_vol,0
327,$4004_duty,3
327,$4004_const,1
327,$4004_vol,0
327,$4008_linear,0
327,$400C_const,1
327,$400C_vol,0
328,$4000_duty,3
328,$4000_const,1
328,$4000_vol,0
328,$4004_duty,3
328,$4004_const,1
328,$4004_vol,0
328,$4008_linear,0
328,$400C_const,1
328,$400C_vol,0
329,$4000_duty,3
329,$4000_const,1
329,$4000_vol,0
329,$4004_duty,3
329,$4004_const,1
329,$4004_vol,0
329,$4008_linear,0
329,$400C_const,1
329,$400C_vol,0
330,$4000_duty,3
330,$4000_const,1
330,$4000_vol,0
330,$4004_duty,3
330,$4004_const,1
330,$4004_vol,0
330,$4008_linear,0
330,$400C_const,1
330,$400C_vol,0
331,$4000_duty,3
331,$4000_const,1
331,$4000_vol,0
331,$4004_duty,3
331,$4004_const,1
331,$4004_vol,0
331,$4008_linear,0
331,$400C_const,1
331,$400C_vol,0
332,$4000_duty,3
332,$4000_const,1
332,$4000_vol,0
332,$4004_duty,3
332,$4004_const,1
332,$4004_vol,0
332,$4008_linear,0
332,$400C_const,1
332,$400C_vol,0
333,$4000_duty,3
333,$4000_const,1
333,$4000_vol,0
333,$4004_duty,3
333,$4004_const,1
333,$4004_vol,0
333,$4008_linear,0
333,$400C_const,1
333,$400C_vol,0
334,$4000_duty,3
334,$4000_const,1
334,$4000_vol,0
334,$4004_duty,3
334,$4004_const,1
334,$4004_vol,0
334,$4008_linear,0
334,$400C_const,1
334,$400C_vol,0
335,$4000_duty,3
335,$4000_const,1
335,$4000_vol,0
335,$4004_duty,3
335,$4004_const,1
335,$4004_vol,0
335,$4008_linear,0
335,$400C_const,1
335,$400C_vol,0
336,$4000_duty,3
336,$4000_const,1
336,$4000_vol,0
336,$4004_duty,3
336,$4004_const,1
336,$4004_vol,0
336,$4008_linear,0
336,$400C_const,1
336,$400C_vol,0
337,$4000_duty,3
337,$4000_const,1
337,$4000_vol,0
337,$4004_duty,3
337,$4004_const,1
337,$4004_vol,0
337,$4008_linear,0
337,$400C_const,1
337,$400C_vol,0
338,$4000_duty,3
338,$4000_const,1
338,$4000_vol,0
338,$4004_duty,3
338,$4004_const,1
338,$4004_vol,0
338,$4008_linear,0
338,$400C_const,1
338,$400C_vol,0
339,$4000_duty,3
339,$4000_const,1
339,$4000_vol,0
339,$4004_duty,3
339,$4004_const,1
339,$4004_vol,0
339,$4008_linear,0
339,$400C_const,1
339,$400C_vol,0
340,$4000_duty,3
340,$4000_const,1
340,$4000_vol,0
340,$4004_duty,3
340,$4004_const,1
340,$4004_vol,0
340,$4008_linear,0
340,$400C_const,1
340,$400C_vol,0
341,$4000_duty,3
341,$4000_const,1
341,$4000_vol,0
341,$4004_duty,3
341,$4004_const,1
341,$4004_vol,0
341,$4008_linear,0
341,$400C_const,1
341,$400C_vol,0
342,$4000_duty,3
342,$4000_const,1
342,$4000_vol,0
342,$4004_duty,3
342,$4004_const,1
342,$4004_vol,0
342,$4008_linear,0
342,$400C_const,1
342,$400C_vol,0
343,$4000_duty,3
343,$4000_const,1
343,$4000_vol,0
343,$4004_duty,3
343,$4004_const,1
343,$4004_vol,0
343,$4008_linear,0
343,$400C_const,1
343,$400C_vol,0
344,$4000_duty,3
344,$4000_const,1
344,$4000_vol,0
344,$4004_duty,3
344,$4004_const,1
344,$4004_vol,0
344,$4008_linear,0
344,$400C_const,1
344,$400C_vol,0
345,$4000_duty,3
345,$4000_const,1
345,$4000_vol,0
345,$4004_duty,3
345,$4004_const,1
345,$4004_vol,0
345,$4008_linear,0
345,$400C_const,1
345,$400C_vol,0
346,$4000_duty,3
346,$4000_const,1
346,$4000_vol,0
346,$4004_duty,3
346,$4004_const,1
346,$4004_vol,0
346,$4008_linear,0
346,$400C_const,1
346,$400C_vol,0
347,$4000_duty,3
347,$4000_const,1
347,$4000_vol,0
347,$4004_duty,3
347,$4004_const,1
347,$4004_vol,0
347,$4008_linear,0
347,$400C_const,1
347,$400C_vol,0
348,$4000_duty,3
348,$4000_const,1
348,$4000_vol,0
348,$4004_duty,3
348,$4004_const,1
348,$4004_vol,0
348,$4008_linear,0
348,$400C_const,1
348,$400C_vol,0
349,$4000_duty,3
349,$4000_const,1
349,$4000_vol,0
349,$4004_duty,3
349,$4004_const,1
349,$4004_vol,0
349,$4008_linear,0
349,$400C_const,1
349,$400C_vol,0
350,$4000_duty,3
350,$4000_const,1
350,$4000_vol,0
350,$4004_duty,3
350,$4004_const,1
350,$4004_vol,0
350,$4008_linear,0
350,$400C_const,1
350,$400C_vol,0
351,$4000_duty,3
351,$4000_const,1
351,$4000_vol,0
351,$4004_duty,3
351,$4004_const,1
351,$4004_vol,0
351,$4008_linear,0
351,$400C_const,1
351,$400C_vol,0
352,$4000_duty,3
352,$4000_const,1
352,$4000_vol,0
352,$4004_duty,3
352,$4004_const,1
352,$4004_vol,0
352,$4008_linear,0
352,$400C_const,1
352,$400C_vol,0
353,$4000_duty,3
353,$4000_const,1
353,$4000_vol,0
353,$4004_duty,3
353,$4004_const,1
353,$4004_vol,0
353,$4008_linear,0
353,$400C_const,1
353,$400C_vol,0
354,$4000_duty,3
354,$4000_const,1
354,$4000_vol,0
354,$4004_duty,3
354,$4004_const,1
354,$4004_vol,0
354,$4008_linear,0
354,$400C_const,1
354,$400C_vol,0
355,$4000_duty,3
355,$4000_const,1
355,$4000_vol,0
355,$4004_duty,3
355,$4004_const,1
355,$4004_vol,0
355,$4008_linear,0
355,$400C_const,1
355,$400C_vol,0
356,$4000_duty,3
356,$4000_const,1
356,$4000_vol,0
356,$4004_duty,3
356,$4004_const,1
356,$4004_vol,0
356,$4008_linear,0
356,$400C_const,1
356,$400C_vol,0
357,$4000_duty,3
357,$4000_const,1
357,$4000_vol,0
357,$4004_duty,3
357,$4004_const,1
357,$4004_vol,0
357,$4008_linear,0
357,$400C_const,1
357,$400C_vol,0
358,$4000_duty,3
358,$4000_const,1
358,$4000_vol,0
358,$4004_duty,3
358,$4004_const,1
358,$4004_vol,0
358,$4008_linear,0
358,$400C_const,1
358,$400C_vol,0
359,$4000_duty,3
359,$4000_const,1
359,$4000_vol,0
359,$4004_duty,3
359,$4004_const,1
359,$4004_vol,0
359,$4008_linear,0
359,$400C_const,1
359,$400C_vol,0
360,$4000_duty,3
360,$4000_const,1
360,$4000_vol,0
360,$4004_duty,3
360,$4004_const,1
360,$4004_vol,0
360,$4008_linear,0
360,$400C_const,1
360,$400C_vol,0
361,$4000_duty,3
361,$4000_const,1
361,$4000_vol,0
361,$4004_duty,3
361,$4004_const,1
361,$4004_vol,0
361,$4008_linear,0
361,$400C_const,1
361,$400C_vol,0
362,$4000_duty,3
362,$4000_const,1
362,$4000_vol,0
362,$4004_duty,3
362,$4004_const,1
362,$4004_vol,0
362,$4008_linear,0
362,$400C_const,1
362,$400C_vol,0
363,$4000_duty,3
363,$4000_const,1
363,$4000_vol,0
363,$4004_duty,3
363,$4004_const,1
363,$4004_vol,0
363,$4008_linear,0
363,$400C_const,1
363,$400C_vol,0
364,$4000_duty,3
364,$4000_const,1
364,$4000_vol,0
364,$4004_duty,3
364,$4004_const,1
364,$4004_vol,0
364,$4008_linear,0
364,$400C_const,1
364,$400C_vol,0
365,$4000_duty,3
365,$4000_const,1
365,$4000_vol,0
365,$4004_duty,3
365,$4004_const,1
365,$4004_vol,0
365,$4008_linear,0
365,$400C_const,1
365,$400C_vol,0
366,$4000_duty,3
366,$4000_const,1
366,$4000_vol,0
366,$4004_duty,3
366,$4004_const,1
366,$4004_vol,0
366,$4008_linear,0
366,$400C_const,1
366,$400C_vol,0
367,$4000_duty,3
367,$4000_const,1
367,$4000_vol,0
367,$4004_duty,3
367,$4004_const,1
367,$4004_vol,0
367,$4008_linear,0
367,$400C_const,1
367,$400C_vol,0
368,$4000_duty,3
368,$4000_const,1
368,$4000_vol,0
368,$4004_duty,3
368,$4004_const,1
368,$4004_vol,0
368,$4008_linear,0
368,$400C_const,1
368,$400C_vol,0
369,$4000_duty,3
369,$4000_const,1
369,$4000_vol,0
369,$4004_duty,3
369,$4004_const,1
369,$4004_vol,0
369,$4008_linear,0
369,$400C_const,1
369,$400C_vol,0
370,$4000_duty,3
370,$4000_const,1
370,$4000_vol,0
370,$4004_duty,3
370,$4004_const,1
370,$4004_vol,0
370,$4008_linear,0
370,$400C_const,1
370,$400C_vol,0
371,$4000_duty,3
371,$4000_const,1
371,$4000_vol,0
371,$4004_duty,3
371,$4004_const,1
371,$4004_vol,0
371,$4008_linear,0
371,$400C_const,1
371,$400C_vol,0
372,$4000_duty,3
372,$4000_const,1
372,$4000_vol,0
372,$4004_duty,3
372,$4004_const,1
372,$4004_vol,0
372,$4008_linear,0
372,$400C_const,1
372,$400C_vol,0
373,$4000_duty,3
373,$4000_const,1
373,$4000_vol,0
373,$4004_duty,3
373,$4004_const,1
373,$4004_vol,0
373,$4008_linear,0
373,$400C_const,1
373,$400C_vol,0
374,$4000_duty,3
374,$4000_const,1
374,$4000_vol,0
374,$4004_duty,3
374,$4004_const,1
374,$4004_vol,0
374,$4008_linear,0
374,$400C_const,1
374,$400C_vol,0
375,$4000_duty,3
375,$4000_const,1
375,$4000_vol,0
375,$4004_duty,3
375,$4004_const,1
375,$4004_vol,0
375,$4008_linear,0
375,$400C_const,1
375,$400C_vol,0
376,$4000_duty,3
376,$4000_const,1
376,$4000_vol,0
376,$4004_duty,3
376,$4004_const,1
376,$4004_vol,0
376,$4008_linear,0
376,$400C_const,1
376,$400C_vol,0
377,$4000_duty,3
377,$4000_const,1
377,$4000_vol,0
377,$4004_duty,3
377,$4004_const,1
377,$4004_vol,0
377,$4008_linear,0
377,$400C_const,1
377,$400C_vol,0
378,$4000_duty,3
378,$4000_const,1
378,$4000_vol,0
378,$4004_duty,3
378,$4004_const,1
378,$4004_vol,0
378,$4008_linear,0
378,$400C_const,1
378,$400C_vol,0
379,$4000_duty,3
379,$4000_const,1
379,$4000_vol,0
379,$4004_duty,3
379,$4004_const,1
379,$4004_vol,0
379,$4008_linear,0
379,$400C_const,1
379,$400C_vol,0
380,$4000_duty,3
380,$4000_const,1
380,$4000_vol,0
380,$4004_duty,3
380,$4004_const,1
380,$4004_vol,0
380,$4008_linear,0
380,$400C_const,1
380,$400C_vol,0
381,$4000_duty,3
381,$4000_const,1
381,$4000_vol,0
381,$4004_duty,3
381,$4004_const,1
381,$4004_vol,0
381,$4008_linear,0
381,$400C_const,1
381,$400C_vol,0
382,$4000_duty,3
382,$4000_const,1
382,$4000_vol,0
382,$4004_duty,3
382,$4004_const,1
382,$4004_vol,0
382,$4008_linear,0
382,$400C_const,1
382,$400C_vol,0
383,$4000_duty,3
383,$4000_const,1
383,$4000_vol,0
383,$4004_duty,3
383,$4004_const,1
383,$4004_vol,0
383,$4008_linear,0
383,$400C_const,1
383,$400C_vol,0
384,$4000_duty,3
384,$4000_const,1
384,$4000_vol,0
384,$4004_duty,3
384,$4004_const,1
384,$4004_vol,0
384,$4008_linear,0
384,$400C_const,1
384,$400C_vol,0
385,$4000_duty,3
385,$4000_const,1
385,$4000_vol,0
385,$4004_duty,3
385,$4004_const,1
385,$4004_vol,0
385,$4008_linear,0
385,$400C_const,1
385,$400C_vol,0
386,$4000_duty,3
386,$4000_const,1
386,$4000_vol,0
386,$4004_duty,3
386,$4004_const,1
386,$4004_vol,0
386,$4008_linear,0
386,$400C_const,1
386,$400C_vol,0
387,$4000_duty,3
387,$4000_const,1
387,$4000_vol,0
387,$4004_duty,3
387,$4004_const,1
387,$4004_vol,0
387,$4008_linear,0
387,$400C_const,1
387,$400C_vol,0
388,$4000_duty,3
388,$4000_const,1
388,$4000_vol,0
388,$4004_duty,3
388,$4004_const,1
388,$4004_vol,0
388,$4008_linear,0
388,$400C_const,1
388,$400C_vol,0
389,$4000_duty,3
389,$4000_const,1
389,$4000_vol,0
389,$4004_duty,3
389,$4004_const,1
389,$4004_vol,0
389,$4008_linear,0
389,$400C_const,1
389,$400C_vol,0
390,$4000_duty,3
390,$4000_const,1
390,$4000_vol,0
390,$4004_duty,3
390,$4004_const,1
390,$4004_vol,0
390,$4008_linear,0
390,$400C_const,1
390,$400C_vol,0
391,$4000_duty,3
391,$4000_const,1
391,$4000_vol,0
391,$4004_duty,3
391,$4004_const,1
391,$4004_vol,0
391,$4008_linear,0
391,$400C_const,1
391,$400C_vol,0
392,$4000_duty,3
392,$4000_const,1
392,$4000_vol,0
392,$4004_duty,3
392,$4004_const,1
392,$4004_vol,0
392,$4008_linear,0
392,$400C_const,1
392,$400C_vol,0
393,$4000_duty,3
393,$4000_const,1
393,$4000_vol,0
393,$4004_duty,3
393,$4004_const,1
393,$4004_vol,0
393,$4008_linear,0
393,$400C_const,1
393,$400C_vol,0
394,$4000_duty,3
394,$4000_const,1
394,$4000_vol,0
394,$4004_duty,3
394,$4004_const,1
394,$4004_vol,0
394,$4008_linear,0
394,$400C_const,1
394,$400C_vol,0
395,$4000_duty,3
395,$4000_const,1
395,$4000_vol,0
395,$4004_duty,3
395,$4004_const,1
395,$4004_vol,0
395,$4008_linear,0
395,$400C_const,1
395,$400C_vol,0
396,$4000_duty,3
396,$4000_const,1
396,$4000_vol,0
396,$4004_duty,3
396,$4004_const,1
396,$4004_vol,0
396,$4008_linear,0
396,$400C_const,1
396,$400C_vol,0
397,$4000_duty,3
397,$4000_const,1
397,$4000_vol,0
397,$4004_duty,3
397,$4004_const,1
397,$4004_vol,0
397,$4008_linear,0
397,$400C_const,1
397,$400C_vol,0
398,$4000_duty,3
398,$4000_const,1
398,$4000_vol,0
398,$4004_duty,3
398,$4004_const,1
398,$4004_vol,0
398,$4008_linear,0
398,$400C_const,1
398,$400C_vol,0
399,$4000_duty,3
399,$4000_const,1
399,$4000_vol,0
399,$4004_duty,3
399,$4004_const,1
399,$4004_vol,0
399,$4008_linear,0
399,$400C_const,1
399,$400C_vol,0
400,$4000_duty,3
400,$4000_const,1
400,$4000_vol,0
400,$4004_duty,3
400,$4004_const,1
400,$4004_vol,0
400,$4008_linear,0
400,$400C_const,1
400,$400C_vol,0
401,$4000_duty,3
401,$4000_const,1
401,$4000_vol,0
401,$4004_duty,3
401,$4004_const,1
401,$4004_vol,0
401,$4008_linear,0
401,$400C_const,1
401,$400C_vol,0
402,$4000_duty,3
402,$4000_const,1
402,$4000_vol,0
402,$4004_duty,3
402,$4004_const,1
402,$4004_vol,0
402,$4008_linear,0
402,$400C_const,1
402,$400C_vol,0
403,$4000_duty,3
403,$4000_const,1
403,$4000_vol,0
403,$4004_duty,3
403,$4004_const,1
403,$4004_vol,0
403,$4008_linear,0
403,$400C_const,1
403,$400C_vol,0
404,$4000_duty,3
404,$4000_const,1
404,$4000_vol,0
404,$4004_duty,3
404,$4004_const,1
404,$4004_vol,0
404,$4008_linear,0
404,$400C_const,1
404,$400C_vol,0
405,$4000_duty,3
405,$4000_const,1
405,$4000_vol,0
405,$4004_duty,3
405,$4004_const,1
405,$4004_vol,0
405,$4008_linear,0
405,$400C_const,1
405,$400C_vol,0
406,$4000_duty,3
406,$4000_const,1
406,$4000_vol,0
406,$4004_duty,3
406,$4004_const,1
406,$4004_vol,0
406,$4008_linear,0
406,$400C_const,1
406,$400C_vol,0
407,$4000_duty,3
407,$4000_const,1
407,$4000_vol,0
407,$4004_duty,3
407,$4004_const,1
407,$4004_vol,0
407,$4008_linear,0
407,$400C_const,1
407,$400C_vol,0
408,$4000_duty,3
408,$4000_const,1
408,$4000_vol,0
408,$4004_duty,3
408,$4004_const,1
408,$4004_vol,0
408,$4008_linear,0
408,$400C_const,1
408,$400C_vol,0
409,$4000_duty,3
409,$4000_const,1
409,$4000_vol,0
409,$4004_duty,3
409,$4004_const,1
409,$4004_vol,0
409,$4008_linear,0
409,$400C_const,1
409,$400C_vol,0
410,$4000_duty,3
410,$4000_const,1
410,$4000_vol,0
410,$4004_duty,3
410,$4004_const,1
410,$4004_vol,0
410,$4008_linear,0
410,$400C_const,1
410,$400C_vol,0
411,$4000_duty,3
411,$4000_const,1
411,$4000_vol,0
411,$4004_duty,3
411,$4004_const,1
411,$4004_vol,0
411,$4008_linear,0
411,$400C_const,1
411,$400C_vol,0
412,$4000_duty,3
412,$4000_const,1
412,$4000_vol,0
412,$4004_duty,3
412,$4004_const,1
412,$4004_vol,0
412,$4008_linear,0
412,$400C_const,1
412,$400C_vol,0
413,$4000_duty,3
413,$4000_const,1
413,$4000_vol,0
413,$4004_duty,3
413,$4004_const,1
413,$4004_vol,0
413,$4008_linear,0
413,$400C_const,1
413,$400C_vol,0
414,$4000_duty,3
414,$4000_const,1
414,$4000_vol,0
414,$4004_duty,3
414,$4004_const,1
414,$4004_vol,0
414,$4008_linear,0
414,$400C_const,1
414,$400C_vol,0
415,$4000_duty,3
415,$4000_const,1
415,$4000_vol,0
415,$4004_duty,3
415,$4004_const,1
415,$4004_vol,0
415,$4008_linear,0
415,$400C_const,1
415,$400C_vol,0
416,$4000_duty,3
416,$4000_const,1
416,$4000_vol,0
416,$4004_duty,3
416,$4004_const,1
416,$4004_vol,0
416,$4008_linear,0
416,$400C_const,1
416,$400C_vol,0
417,$4000_duty,3
417,$4000_const,1
417,$4000_vol,0
417,$4004_duty,3
417,$4004_const,1
417,$4004_vol,0
417,$4008_linear,0
417,$400C_const,1
417,$400C_vol,0
418,$4000_duty,3
418,$4000_const,1
418,$4000_vol,0
418,$4004_duty,3
418,$4004_const,1
418,$4004_vol,0
418,$4008_linear,0
418,$400C_const,1
418,$400C_vol,0
419,$4000_duty,3
419,$4000_const,1
419,$4000_vol,0
419,$4004_duty,3
419,$4004_const,1
419,$4004_vol,0
419,$4008_linear,0
419,$400C_const,1
419,$400C_vol,0
420,$4000_duty,3
420,$4000_const,1
420,$4000_vol,0
420,$4004_duty,3
420,$4004_const,1
420,$4004_vol,0
420,$4008_linear,0
420,$400C_const,1
420,$400C_vol,0
421,$4000_duty,3
421,$4000_const,1
421,$4000_vol,0
421,$4004_duty,3
421,$4004_const,1
421,$4004_vol,0
421,$4008_linear,0
421,$400C_const,1
421,$400C_vol,0
422,$4000_duty,3
422,$4000_const,1
422,$4000_vol,0
422,$4004_duty,3
422,$4004_const,1
422,$4004_vol,0
422,$4008_linear,0
422,$400C_const,1
422,$400C_vol,0
423,$4000_duty,3
423,$4000_const,1
423,$4000_vol,0
423,$4004_duty,3
423,$4004_const,1
423,$4004_vol,0
423,$4008_linear,0
423,$400C_const,1
423,$400C_vol,0
424,$4000_duty,3
424,$4000_const,1
424,$4000_vol,0
424,$4004_duty,3
424,$4004_const,1
424,$4004_vol,0
424,$4008_linear,0
424,$400C_const,1
424,$400C_vol,0
425,$4000_duty,3
425,$4000_const,1
425,$4000_vol,0
425,$4004_duty,3
425,$4004_const,1
425,$4004_vol,0
425,$4008_linear,0
425,$400C_const,1
425,$400C_vol,0
426,$4000_duty,3
426,$4000_const,1
426,$4000_vol,0
426,$4004_duty,3
426,$4004_const,1
426,$4004_vol,0
426,$4008_linear,0
426,$400C_const,1
426,$400C_vol,0
427,$4000_duty,3
427,$4000_const,1
427,$4000_vol,0
427,$4004_duty,3
427,$4004_const,1
427,$4004_vol,0
427,$4008_linear,0
427,$400C_const,1
427,$400C_vol,0
428,$4000_duty,3
428,$4000_const,1
428,$4000_vol,0
428,$4004_duty,3
428,$4004_const,1
428,$4004_vol,0
428,$4008_linear,0
428,$400C_const,1
428,$400C_vol,0
429,$4000_duty,3
429,$4000_const,1
429,$4000_vol,0
429,$4004_duty,3
429,$4004_const,1
429,$4004_vol,0
429,$4008_linear,0
429,$400C_const,1
429,$400C_vol,0
430,$4000_duty,3
430,$4000_const,1
430,$4000_vol,0
430,$4004_duty,3
430,$4004_const,1
430,$4004_vol,0
430,$4008_linear,0
430,$400C_const,1
430,$400C_vol,0
431,$4000_duty,3
431,$4000_const,1
431,$4000_vol,0
431,$4004_duty,3
431,$4004_const,1
431,$4004_vol,0
431,$4008_linear,0
431,$400C_const,1
431,$400C_vol,0
432,$4000_duty,3
432,$4000_const,1
432,$4000_vol,0
432,$4004_duty,3
432,$4004_const,1
432,$4004_vol,0
432,$4008_linear,0
432,$400C_const,1
432,$400C_vol,0
433,$4000_duty,3
433,$4000_const,1
433,$4000_vol,0
433,$4004_duty,3
433,$4004_const,1
433,$4004_vol,0
433,$4008_linear,0
433,$400C_const,1
433,$400C_vol,0
434,$4000_duty,3
434,$4000_const,1
434,$4000_vol,0
434,$4004_duty,3
434,$4004_const,1
434,$4004_vol,0
434,$4008_linear,0
434,$400C_const,1
434,$400C_vol,0
435,$4000_duty,3
435,$4000_const,1
435,$4000_vol,0
435,$4004_duty,3
435,$4004_const,1
435,$4004_vol,0
435,$4008_linear,0
435,$400C_const,1
435,$400C_vol,0
436,$4000_duty,3
436,$4000_const,1
436,$4000_vol,0
436,$4004_duty,3
436,$4004_const,1
436,$4004_vol,0
436,$4008_linear,0
436,$400C_const,1
436,$400C_vol,0
437,$4000_duty,3
437,$4000_const,1
437,$4000_vol,0
437,$4004_duty,3
437,$4004_const,1
437,$4004_vol,0
437,$4008_linear,0
437,$400C_const,1
437,$400C_vol,0
438,$4000_duty,3
438,$4000_const,1
438,$4000_vol,0
438,$4004_duty,3
438,$4004_const,1
438,$4004_vol,0
438,$4008_linear,0
438,$400C_const,1
438,$400C_vol,0
441,$4000_duty,3
441,$4000_const,1
441,$4000_vol,0
441,$4004_duty,3
441,$4004_const,1
441,$4004_vol,0
441,$4008_linear,0
441,$400C_const,1
441,$400C_vol,0
442,$4000_duty,3
442,$4000_const,1
442,$4000_vol,0
442,$4004_duty,3
442,$4004_const,1
442,$4004_vol,0
442,$4008_linear,0
442,$400C_const,1
442,$400C_vol,0
443,$4000_duty,1
443,$4000_const,1
443,$4000_vol,7
443,$4000_duty,1
443,$4000_const,1
443,$4000_vol,7
443,$4001_sweep,120
443,$4002_period,1615
443,$400B_length,11
443,$4004_duty,3
443,$4004_const,1
443,$4004_vol,0
443,$4008_linear,0
443,$400C_const,1
443,$400C_vol,0
444,$4000_duty,2
444,$4000_const,1
444,$4000_vol,15
444,$4000_duty,2
444,$4000_const,1
444,$4000_vol,15
444,$4001_sweep,120
444,$4002_period,287
444,$400B_length,8
444,$4004_duty,2
444,$4004_const,1
444,$4004_vol,15
444,$4004_duty,2
444,$4004_const,1
444,$4004_vol,15
444,$4005_sweep,120
444,$4006_period,429
444,$4008_linear,0
444,$400C_const,1
444,$400C_vol,0
445,$4008_linear,0
445,$400C_const,1
445,$400C_vol,0
446,$4000_duty,2
446,$4000_const,1
446,$4000_vol,0
446,$4004_duty,2
446,$4004_const,1
446,$4004_vol,0
446,$4008_linear,0
446,$400C_const,1
446,$400C_vol,0
447,$4008_linear,0
447,$400C_const,1
447,$400C_vol,0
448,$4008_linear,0
448,$400C_const,1
448,$400C_vol,0
449,$4008_linear,0
449,$400C_const,1
449,$400C_vol,0
450,$4000_duty,2
450,$4000_const,1
450,$4000_vol,15
450,$4000_duty,2
450,$4000_const,1
450,$4000_vol,15
450,$4001_sweep,120
450,$4002_period,215
450,$400B_length,8
450,$4004_duty,2
450,$4004_const,1
450,$4004_vol,15
450,$4004_duty,2
450,$4004_const,1
450,$4004_vol,15
450,$4005_sweep,120
450,$4006_period,321
450,$4008_linear,0
450,$400C_const,1
450,$400C_vol,0
451,$4008_linear,0
451,$400C_const,1
451,$400C_vol,0
452,$4000_duty,2
452,$4000_const,1
452,$4000_vol,0
452,$4004_duty,2
452,$4004_const,1
452,$4004_vol,0
452,$4008_linear,0
452,$400C_const,1
452,$400C_vol,0
453,$4008_linear,0
453,$400C_const,1
453,$400C_vol,0
454,$4008_linear,0
454,$400C_const,1
454,$400C_vol,0
455,$4008_linear,0
455,$400C_const,1
455,$400C_vol,0
456,$4000_duty,2
456,$4000_const,1
456,$4000_vol,15
456,$4000_duty,2
456,$4000_const,1
456,$4000_vol,15
456,$4001_sweep,120
456,$4002_period,287
456,$400B_length,8
456,$4004_duty,2
456,$4004_const,1
456,$4004_vol,15
456,$4004_duty,2
456,$4004_const,1
456,$4004_vol,15
456,$4005_sweep,120
456,$4006_period,429
456,$4008_linear,0
456,$400C_const,1
456,$400C_vol,0
457,$4008_linear,0
457,$400C_const,1
457,$400C_vol,0
458,$4000_duty,2
458,$4000_const,1
458,$4000_vol,0
458,$4004_duty,2
458,$4004_const,1
458,$4004_vol,0
458,$4008_linear,0
458,$400C_const,1
458,$400C_vol,0
459,$4008_linear,0
459,$400C_const,1
459,$400C_vol,0
460,$4008_linear,0
460,$400C_const,1
460,$400C_vol,0
461,$4008_linear,0
461,$400C_const,1
461,$400C_vol,0
462,$4000_duty,2
462,$4000_const,1
462,$4000_vol,15
462,$4000_duty,2
462,$4000_const,1
462,$4000_vol,15
462,$4001_sweep,120
462,$4002_period,215
462,$400B_length,8
462,$4004_duty,2
462,$4004_const,1
462,$4004_vol,15
462,$4004_duty,2
462,$4004_const,1
462,$4004_vol,15
462,$4005_sweep,120
462,$4006_period,321
462,$4008_linear,0
462,$400C_const,1
462,$400C_vol,0
463,$4008_linear,0
463,$400C_const,1
463,$400C_vol,0
464,$4000_duty,2
464,$4000_const,1
464,$4000_vol,0
464,$4004_duty,2
464,$4004_const,1
464,$4004_vol,0
464,$4008_linear,0
464,$400C_const,1
464,$400C_vol,0
465,$4008_linear,0
465,$400C_const,1
465,$400C_vol,0
466,$4008_linear,0
466,$400C_const,1
466,$400C_vol,0
467,$4008_linear,0
467,$400C_const,1
467,$400C_vol,0
468,$4000_duty,3
468,$4000_const,1
468,$4000_vol,0
468,$4004_duty,3
468,$4004_const,1
468,$4004_vol,0
468,$4008_linear,0
468,$400C_const,1
468,$400C_vol,0
469,$4000_duty,3
469,$4000_const,1
469,$4000_vol,0
469,$4004_duty,3
469,$4004_const,1
469,$4004_vol,0
469,$4008_linear,0
469,$400C_const,1
469,$400C_vol,0
470,$4000_duty,3
470,$4000_const,1
470,$4000_vol,0
470,$4004_duty,3
470,$4004_const,1
470,$4004_vol,0
470,$4008_linear,0
470,$400C_const,1
470,$400C_vol,0
471,$4000_duty,3
471,$4000_const,1
471,$4000_vol,0
471,$4004_duty,3
471,$4004_const,1
471,$4004_vol,0
471,$4008_linear,0
471,$400C_const,1
471,$400C_vol,0
472,$4000_duty,3
472,$4000_const,1
472,$4000_vol,0
472,$4004_duty,3
472,$4004_const,1
472,$4004_vol,0
472,$4008_linear,0
472,$400C_const,1
472,$400C_vol,0
473,$4000_duty,3
473,$4000_const,1
473,$4000_vol,0
473,$4004_duty,3
473,$4004_const,1
473,$4004_vol,0
473,$4008_linear,0
473,$400C_const,1
473,$400C_vol,0
474,$4000_duty,3
474,$4000_const,1
474,$4000_vol,0
474,$4004_duty,3
474,$4004_const,1
474,$4004_vol,0
474,$4008_linear,0
474,$400C_const,1
474,$400C_vol,0
475,$4000_duty,3
475,$4000_const,1
475,$4000_vol,0
475,$4004_duty,3
475,$4004_const,1
475,$4004_vol,0
475,$4008_linear,0
475,$400C_const,1
475,$400C_vol,0
476,$4000_duty,3
476,$4000_const,1
476,$4000_vol,0
476,$4004_duty,3
476,$4004_const,1
476,$4004_vol,0
476,$4008_linear,0
476,$400C_const,1
476,$400C_vol,0
477,$4000_duty,3
477,$4000_const,1
477,$4000_vol,0
477,$4004_duty,3
477,$4004_const,1
477,$4004_vol,0
477,$4008_linear,0
477,$400C_const,1
477,$400C_vol,0
478,$4000_duty,3
478,$4000_const,1
478,$4000_vol,0
478,$4004_duty,3
478,$4004_const,1
478,$4004_vol,0
478,$4008_linear,0
478,$400C_const,1
478,$400C_vol,0
479,$4000_duty,3
479,$4000_const,1
479,$4000_vol,0
479,$4004_duty,3
479,$4004_const,1
479,$4004_vol,0
479,$4008_linear,0
479,$400C_const,1
479,$400C_vol,0
480,$4000_duty,3
480,$4000_const,1
480,$4000_vol,0
480,$4004_duty,3
480,$4004_const,1
480,$4004_vol,0
480,$4008_linear,0
480,$400C_const,1
480,$400C_vol,0
481,$4000_duty,3
481,$4000_const,1
481,$4000_vol,0
481,$4004_duty,3
481,$4004_const,1
481,$4004_vol,0
481,$4008_linear,0
481,$400C_const,1
481,$400C_vol,0
482,$4000_duty,3
482,$4000_const,1
482,$4000_vol,0
482,$4004_duty,3
482,$4004_const,1
482,$4004_vol,0
482,$4008_linear,0
482,$400C_const,1
482,$400C_vol,0
483,$4000_duty,3
483,$4000_const,1
483,$4000_vol,0
483,$4004_duty,3
483,$4004_const,1
483,$4004_vol,0
483,$4008_linear,0
483,$400C_const,1
483,$400C_vol,0
484,$4000_duty,3
484,$4000_const,1
484,$4000_vol,0
484,$4004_duty,3
484,$4004_const,1
484,$4004_vol,0
484,$4008_linear,0
484,$400C_const,1
484,$400C_vol,0
485,$4000_duty,3
485,$4000_const,1
485,$4000_vol,0
485,$4004_duty,3
485,$4004_const,1
485,$4004_vol,0
485,$4008_linear,0
485,$400C_const,1
485,$400C_vol,0
486,$4000_duty,3
486,$4000_const,1
486,$4000_vol,0
486,$4004_duty,3
486,$4004_const,1
486,$4004_vol,0
486,$4008_linear,0
486,$400C_const,1
486,$400C_vol,0
487,$4000_duty,3
487,$4000_const,1
487,$4000_vol,0
487,$4004_duty,3
487,$4004_const,1
487,$4004_vol,0
487,$4008_linear,0
487,$400C_const,1
487,$400C_vol,0
488,$4000_duty,3
488,$4000_const,1
488,$4000_vol,0
488,$4004_duty,3
488,$4004_const,1
488,$4004_vol,0
488,$4008_linear,0
488,$400C_const,1
488,$400C_vol,0
489,$4000_duty,3
489,$4000_const,1
489,$4000_vol,0
489,$4004_duty,3
489,$4004_const,1
489,$4004_vol,0
489,$4008_linear,0
489,$400C_const,1
489,$400C_vol,0
490,$4000_duty,3
490,$4000_const,1
490,$4000_vol,0
490,$4004_duty,3
490,$4004_const,1
490,$4004_vol,0
490,$4008_linear,0
490,$400C_const,1
490,$400C_vol,0
491,$4000_duty,3
491,$4000_const,1
491,$4000_vol,0
491,$4004_duty,3
491,$4004_const,1
491,$4004_vol,0
491,$4008_linear,0
491,$400C_const,1
491,$400C_vol,0
492,$4000_duty,3
492,$4000_const,1
492,$4000_vol,0
492,$4004_duty,3
492,$4004_const,1
492,$4004_vol,0
492,$4008_linear,0
492,$400C_const,1
492,$400C_vol,0
493,$4000_duty,3
493,$4000_const,1
493,$4000_vol,0
493,$4004_duty,3
493,$4004_const,1
493,$4004_vol,0
493,$4008_linear,0
493,$400C_const,1
493,$400C_vol,0
494,$4000_duty,3
494,$4000_const,1
494,$4000_vol,0
494,$4004_duty,3
494,$4004_const,1
494,$4004_vol,0
494,$4008_linear,0
494,$400C_const,1
494,$400C_vol,0
495,$4000_duty,3
495,$4000_const,1
495,$4000_vol,0
495,$4004_duty,3
495,$4004_const,1
495,$4004_vol,0
495,$4008_linear,0
495,$400C_const,1
495,$400C_vol,0
496,$4000_duty,3
496,$4000_const,1
496,$4000_vol,0
496,$4004_duty,3
496,$4004_const,1
496,$4004_vol,0
496,$4008_linear,0
496,$400C_const,1
496,$400C_vol,0
497,$4000_duty,3
497,$4000_const,1
497,$4000_vol,0
497,$4004_duty,3
497,$4004_const,1
497,$4004_vol,0
497,$4008_linear,0
497,$400C_const,1
497,$400C_vol,0
498,$4000_duty,3
498,$4000_const,1
498,$4000_vol,0
498,$4004_duty,3
498,$4004_const,1
498,$4004_vol,0
498,$4008_linear,0
498,$400C_const,1
498,$400C_vol,0
499,$4000_duty,3
499,$4000_const,1
499,$4000_vol,0
499,$4004_duty,3
499,$4004_const,1
499,$4004_vol,0
499,$4008_linear,0
499,$400C_const,1
499,$400C_vol,0
500,$4000_duty,3
500,$4000_const,1
500,$4000_vol,0
500,$4004_duty,3
500,$4004_const,1
500,$4004_vol,0
500,$4008_linear,0
500,$400C_const,1
500,$400C_vol,0
501,$4000_duty,3
501,$4000_const,1
501,$4000_vol,0
501,$4004_duty,3
501,$4004_const,1
501,$4004_vol,0
501,$4008_linear,0
501,$400C_const,1
501,$400C_vol,0
502,$4000_duty,3
502,$4000_const,1
502,$4000_vol,0
502,$4004_duty,3
502,$4004_const,1
502,$4004_vol,0
502,$4008_linear,0
502,$400C_const,1
502,$400C_vol,0
503,$4000_duty,3
503,$4000_const,1
503,$4000_vol,0
503,$4004_duty,3
503,$4004_const,1
503,$4004_vol,0
503,$4008_linear,0
503,$400C_const,1
503,$400C_vol,0
504,$4000_duty,3
504,$4000_const,1
504,$4000_vol,0
504,$4004_duty,3
504,$4004_const,1
504,$4004_vol,0
504,$4008_linear,0
504,$400C_const,1
504,$400C_vol,0
505,$4000_duty,3
505,$4000_const,1
505,$4000_vol,0
505,$4004_duty,3
505,$4004_const,1
505,$4004_vol,0
505,$4008_linear,0
505,$400C_const,1
505,$400C_vol,0
506,$4000_duty,3
506,$4000_const,1
506,$4000_vol,0
506,$4004_duty,3
506,$4004_const,1
506,$4004_vol,0
506,$4008_linear,0
506,$400C_const,1
506,$400C_vol,0
507,$4000_duty,3
507,$4000_const,1
507,$4000_vol,0
507,$4004_duty,3
507,$4004_const,1
507,$4004_vol,0
507,$4008_linear,0
507,$400C_const,1
507,$400C_vol,0
508,$4000_duty,3
508,$4000_const,1
508,$4000_vol,0
508,$4004_duty,3
508,$4004_const,1
508,$4004_vol,0
508,$4008_linear,0
508,$400C_const,1
508,$400C_vol,0
509,$4000_duty,3
509,$4000_const,1
509,$4000_vol,0
509,$4004_duty,3
509,$4004_const,1
509,$4004_vol,0
509,$4008_linear,0
509,$400C_const,1
509,$400C_vol,0
510,$4000_duty,3
510,$4000_const,1
510,$4000_vol,0
510,$4004_duty,3
510,$4004_const,1
510,$4004_vol,0
510,$4008_linear,0
510,$400C_const,1
510,$400C_vol,0
511,$4000_duty,3
511,$4000_const,1
511,$4000_vol,0
511,$4004_duty,3
511,$4004_const,1
511,$4004_vol,0
511,$4008_linear,0
511,$400C_const,1
511,$400C_vol,0
512,$4000_duty,3
512,$4000_const,1
512,$4000_vol,0
512,$4004_duty,3
512,$4004_const,1
512,$4004_vol,0
512,$4008_linear,0
512,$400C_const,1
512,$400C_vol,0
513,$4000_duty,3
513,$4000_const,1
513,$4000_vol,0
513,$4004_duty,3
513,$4004_const,1
513,$4004_vol,0
513,$4008_linear,0
513,$400C_const,1
513,$400C_vol,0
514,$4000_duty,3
514,$4000_const,1
514,$4000_vol,0
514,$4004_duty,3
514,$4004_const,1
514,$4004_vol,0
514,$4008_linear,0
514,$400C_const,1
514,$400C_vol,0
515,$4000_duty,3
515,$4000_const,1
515,$4000_vol,0
515,$4004_duty,3
515,$4004_const,1
515,$4004_vol,0
515,$4008_linear,0
515,$400C_const,1
515,$400C_vol,0
516,$4000_duty,3
516,$4000_const,1
516,$4000_vol,0
516,$4004_duty,3
516,$4004_const,1
516,$4004_vol,0
516,$4008_linear,0
516,$400C_const,1
516,$400C_vol,0
517,$4000_duty,3
517,$4000_const,1
517,$4000_vol,0
517,$4004_duty,3
517,$4004_const,1
517,$4004_vol,0
517,$4008_linear,0
517,$400C_const,1
517,$400C_vol,0
518,$4000_duty,3
518,$4000_const,1
518,$4000_vol,0
518,$4004_duty,3
518,$4004_const,1
518,$4004_vol,0
518,$4008_linear,0
518,$400C_const,1
518,$400C_vol,0
519,$4000_duty,3
519,$4000_const,1
519,$4000_vol,0
519,$4004_duty,3
519,$4004_const,1
519,$4004_vol,0
519,$4008_linear,0
519,$400C_const,1
519,$400C_vol,0
520,$4000_duty,3
520,$4000_const,1
520,$4000_vol,0
520,$4004_duty,3
520,$4004_const,1
520,$4004_vol,0
520,$4008_linear,0
520,$400C_const,1
520,$400C_vol,0
521,$4000_duty,3
521,$4000_const,1
521,$4000_vol,0
521,$4004_duty,3
521,$4004_const,1
521,$4004_vol,0
521,$4008_linear,0
521,$400C_const,1
521,$400C_vol,0
522,$4000_duty,3
522,$4000_const,1
522,$4000_vol,0
522,$4004_duty,3
522,$4004_const,1
522,$4004_vol,0
522,$4008_linear,0
522,$400C_const,1
522,$400C_vol,0
523,$4000_duty,3
523,$4000_const,1
523,$4000_vol,0
523,$4004_duty,3
523,$4004_const,1
523,$4004_vol,0
523,$4008_linear,0
523,$400C_const,1
523,$400C_vol,0
524,$4000_duty,3
524,$4000_const,1
524,$4000_vol,0
524,$4004_duty,3
524,$4004_const,1
524,$4004_vol,0
524,$4008_linear,0
524,$400C_const,1
524,$400C_vol,0
525,$4000_duty,3
525,$4000_const,1
525,$4000_vol,0
525,$4004_duty,3
525,$4004_const,1
525,$4004_vol,0
525,$4008_linear,0
525,$400C_const,1
525,$400C_vol,0
526,$4000_duty,3
526,$4000_const,1
526,$4000_vol,0
526,$4004_duty,3
526,$4004_const,1
526,$4004_vol,0
526,$4008_linear,0
526,$400C_const,1
526,$400C_vol,0
527,$4000_duty,3
527,$4000_const,1
527,$4000_vol,0
527,$4004_duty,3
527,$4004_const,1
527,$4004_vol,0
527,$4008_linear,0
527,$400C_const,1
527,$400C_vol,0
528,$4000_duty,3
528,$4000_const,1
528,$4000_vol,0
528,$4004_duty,3
528,$4004_const,1
528,$4004_vol,0
528,$4008_linear,0
528,$400C_const,1
528,$400C_vol,0
529,$4000_duty,3
529,$4000_const,1
529,$4000_vol,0
529,$4004_duty,3
529,$4004_const,1
529,$4004_vol,0
529,$4008_linear,0
529,$400C_const,1
529,$400C_vol,0
530,$4000_duty,3
530,$4000_const,1
530,$4000_vol,0
530,$4004_duty,3
530,$4004_const,1
530,$4004_vol,0
530,$4008_linear,0
530,$400C_const,1
530,$400C_vol,0
531,$4000_duty,3
531,$4000_const,1
531,$4000_vol,0
531,$4004_duty,3
531,$4004_const,1
531,$4004_vol,0
531,$4008_linear,0
531,$400C_const,1
531,$400C_vol,0
532,$4000_duty,3
532,$4000_const,1
532,$4000_vol,0
532,$4004_duty,3
532,$4004_const,1
532,$4004_vol,0
532,$4008_linear,0
532,$400C_const,1
532,$400C_vol,0
533,$4000_duty,3
533,$4000_const,1
533,$4000_vol,0
533,$4004_duty,3
533,$4004_const,1
533,$4004_vol,0
533,$4008_linear,0
533,$400C_const,1
533,$400C_vol,0
534,$4000_duty,3
534,$4000_const,1
534,$4000_vol,0
534,$4004_duty,3
534,$4004_const,1
534,$4004_vol,0
534,$4008_linear,0
534,$400C_const,1
534,$400C_vol,0
535,$4000_duty,3
535,$4000_const,1
535,$4000_vol,0
535,$4004_duty,3
535,$4004_const,1
535,$4004_vol,0
535,$4008_linear,0
535,$400C_const,1
535,$400C_vol,0
536,$4000_duty,3
536,$4000_const,1
536,$4000_vol,0
536,$4004_duty,3
536,$4004_const,1
536,$4004_vol,0
536,$4008_linear,0
536,$400C_const,1
536,$400C_vol,0
537,$4000_duty,3
537,$4000_const,1
537,$4000_vol,0
537,$4004_duty,3
537,$4004_const,1
537,$4004_vol,0
537,$4008_linear,0
537,$400C_const,1
537,$400C_vol,0
538,$4000_duty,3
538,$4000_const,1
538,$4000_vol,0
538,$4004_duty,3
538,$4004_const,1
538,$4004_vol,0
538,$4008_linear,0
538,$400C_const,1
538,$400C_vol,0
539,$4000_duty,3
539,$4000_const,1
539,$4000_vol,0
539,$4004_duty,3
539,$4004_const,1
539,$4004_vol,0
539,$4008_linear,0
539,$400C_const,1
539,$400C_vol,0
540,$4000_duty,3
540,$4000_const,1
540,$4000_vol,0
540,$4004_duty,3
540,$4004_const,1
540,$4004_vol,0
540,$4008_linear,0
540,$400C_const,1
540,$400C_vol,0
541,$4000_duty,3
541,$4000_const,1
541,$4000_vol,0
541,$4004_duty,3
541,$4004_const,1
541,$4004_vol,0
541,$4008_linear,0
541,$400C_const,1
541,$400C_vol,0
542,$4000_duty,3
542,$4000_const,1
542,$4000_vol,0
542,$4004_duty,3
542,$4004_const,1
542,$4004_vol,0
542,$4008_linear,0
542,$400C_const,1
542,$400C_vol,0
543,$4000_duty,3
543,$4000_const,1
543,$4000_vol,0
543,$4004_duty,3
543,$4004_const,1
543,$4004_vol,0
543,$4008_linear,0
543,$400C_const,1
543,$400C_vol,0
544,$4000_duty,3
544,$4000_const,1
544,$4000_vol,0
544,$4004_duty,3
544,$4004_const,1
544,$4004_vol,0
544,$4008_linear,0
544,$400C_const,1
544,$400C_vol,0
545,$4000_duty,3
545,$4000_const,1
545,$4000_vol,0
545,$4004_duty,3
545,$4004_const,1
545,$4004_vol,0
545,$4008_linear,0
545,$400C_const,1
545,$400C_vol,0
546,$4000_duty,3
546,$4000_const,1
546,$4000_vol,0
546,$4004_duty,3
546,$4004_const,1
546,$4004_vol,0
546,$4008_linear,0
546,$400C_const,1
546,$400C_vol,0
547,$4000_duty,3
547,$4000_const,1
547,$4000_vol,0
547,$4004_duty,3
547,$4004_const,1
547,$4004_vol,0
547,$4008_linear,0
547,$400C_const,1
547,$400C_vol,0
548,$4000_duty,3
548,$4000_const,1
548,$4000_vol,0
548,$4004_duty,3
548,$4004_const,1
548,$4004_vol,0
548,$4008_linear,0
548,$400C_const,1
548,$400C_vol,0
549,$4000_duty,3
549,$4000_const,1
549,$4000_vol,0
549,$4004_duty,3
549,$4004_const,1
549,$4004_vol,0
549,$4008_linear,0
549,$400C_const,1
549,$400C_vol,0
550,$4000_duty,3
550,$4000_const,1
550,$4000_vol,0
550,$4004_duty,3
550,$4004_const,1
550,$4004_vol,0
550,$4008_linear,0
550,$400C_const,1
550,$400C_vol,0
551,$4000_duty,3
551,$4000_const,1
551,$4000_vol,0
551,$4004_duty,3
551,$4004_const,1
551,$4004_vol,0
551,$4008_linear,0
551,$400C_const,1
551,$400C_vol,0
552,$4000_duty,3
552,$4000_const,1
552,$4000_vol,0
552,$4004_duty,3
552,$4004_const,1
552,$4004_vol,0
552,$4008_linear,0
552,$400C_const,1
552,$400C_vol,0
553,$4000_duty,3
553,$4000_const,1
553,$4000_vol,0
553,$4004_duty,3
553,$4004_const,1
553,$4004_vol,0
553,$4008_linear,0
553,$400C_const,1
553,$400C_vol,0
554,$4000_duty,3
554,$4000_const,1
554,$4000_vol,0
554,$4004_duty,3
554,$4004_const,1
554,$4004_vol,0
554,$4008_linear,0
554,$400C_const,1
554,$400C_vol,0
555,$4000_duty,3
555,$4000_const,1
555,$4000_vol,0
555,$4004_duty,3
555,$4004_const,1
555,$4004_vol,0
555,$4008_linear,0
555,$400C_const,1
555,$400C_vol,0
556,$4000_duty,3
556,$4000_const,1
556,$4000_vol,0
556,$4004_duty,3
556,$4004_const,1
556,$4004_vol,0
556,$4008_linear,0
556,$400C_const,1
556,$400C_vol,0
557,$4000_duty,3
557,$4000_const,1
557,$4000_vol,0
557,$4004_duty,3
557,$4004_const,1
557,$4004_vol,0
557,$4008_linear,0
557,$400C_const,1
557,$400C_vol,0
558,$4000_duty,3
558,$4000_const,1
558,$4000_vol,0
558,$4004_duty,3
558,$4004_const,1
558,$4004_vol,0
558,$4008_linear,0
558,$400C_const,1
558,$400C_vol,0
559,$4000_duty,3
559,$4000_const,1
559,$4000_vol,0
559,$4004_duty,3
559,$4004_const,1
559,$4004_vol,0
559,$4008_linear,0
559,$400C_const,1
559,$400C_vol,0
560,$4000_duty,3
560,$4000_const,1
560,$4000_vol,0
560,$4004_duty,3
560,$4004_const,1
560,$4004_vol,0
560,$4008_linear,0
560,$400C_const,1
560,$400C_vol,0
561,$4000_duty,3
561,$4000_const,1
561,$4000_vol,0
561,$4004_duty,3
561,$4004_const,1
561,$4004_vol,0
561,$4008_linear,0
561,$400C_const,1
561,$400C_vol,0
562,$4000_duty,3
562,$4000_const,1
562,$4000_vol,0
562,$4004_duty,3
562,$4004_const,1
562,$4004_vol,0
562,$4008_linear,0
562,$400C_const,1
562,$400C_vol,0
563,$4000_duty,3
563,$4000_const,1
563,$4000_vol,0
563,$4004_duty,3
563,$4004_const,1
563,$4004_vol,0
563,$4008_linear,0
563,$400C_const,1
563,$400C_vol,0
564,$4000_duty,3
564,$4000_const,1
564,$4000_vol,0
564,$4004_duty,3
564,$4004_const,1
564,$4004_vol,0
564,$4008_linear,0
564,$400C_const,1
564,$400C_vol,0
565,$4000_duty,3
565,$4000_const,1
565,$4000_vol,0
565,$4004_duty,3
565,$4004_const,1
565,$4004_vol,0
565,$4008_linear,0
565,$400C_const,1
565,$400C_vol,0
566,$4000_duty,3
566,$4000_const,1
566,$4000_vol,0
566,$4004_duty,3
566,$4004_const,1
566,$4004_vol,0
566,$4008_linear,0
566,$400C_const,1
566,$400C_vol,0
567,$4000_duty,3
567,$4000_const,1
567,$4000_vol,0
567,$4004_duty,3
567,$4004_const,1
567,$4004_vol,0
567,$4008_linear,0
567,$400C_const,1
567,$400C_vol,0
568,$4000_duty,3
568,$4000_const,1
568,$4000_vol,0
568,$4004_duty,3
568,$4004_const,1
568,$4004_vol,0
568,$4008_linear,0
568,$400C_const,1
568,$400C_vol,0
569,$4000_duty,3
569,$4000_const,1
569,$4000_vol,0
569,$4004_duty,3
569,$4004_const,1
569,$4004_vol,0
569,$4008_linear,0
569,$400C_const,1
569,$400C_vol,0
570,$4000_duty,3
570,$4000_const,1
570,$4000_vol,0
570,$4004_duty,3
570,$4004_const,1
570,$4004_vol,0
570,$4008_linear,0
570,$400C_const,1
570,$400C_vol,0
571,$4000_duty,3
571,$4000_const,1
571,$4000_vol,0
571,$4004_duty,3
571,$4004_const,1
571,$4004_vol,0
571,$4008_linear,0
571,$400C_const,1
571,$400C_vol,0
572,$4000_duty,3
572,$4000_const,1
572,$4000_vol,0
572,$4004_duty,3
572,$4004_const,1
572,$4004_vol,0
572,$4008_linear,0
572,$400C_const,1
572,$400C_vol,0
573,$4000_duty,3
573,$4000_const,1
573,$4000_vol,0
573,$4004_duty,3
573,$4004_const,1
573,$4004_vol,0
573,$4008_linear,0
573,$400C_const,1
573,$400C_vol,0
574,$4000_duty,3
574,$4000_const,1
574,$4000_vol,0
574,$4004_duty,3
574,$4004_const,1
574,$4004_vol,0
574,$4008_linear,0
574,$400C_const,1
574,$400C_vol,0
575,$4000_duty,3
575,$4000_const,1
575,$4000_vol,0
575,$4004_duty,3
575,$4004_const,1
575,$4004_vol,0
575,$4008_linear,0
575,$400C_const,1
575,$400C_vol,0
576,$4000_duty,3
576,$4000_const,1
576,$4000_vol,0
576,$4004_duty,3
576,$4004_const,1
576,$4004_vol,0
576,$4008_linear,0
576,$400C_const,1
576,$400C_vol,0
577,$4000_duty,3
577,$4000_const,1
577,$4000_vol,0
577,$4004_duty,3
577,$4004_const,1
577,$4004_vol,0
577,$4008_linear,0
577,$400C_const,1
577,$400C_vol,0
578,$4000_duty,3
578,$4000_const,1
578,$4000_vol,0
578,$4004_duty,3
578,$4004_const,1
578,$4004_vol,0
578,$4008_linear,0
578,$400C_const,1
578,$400C_vol,0
579,$4000_duty,3
579,$4000_const,1
579,$4000_vol,0
579,$4004_duty,3
579,$4004_const,1
579,$4004_vol,0
579,$4008_linear,0
579,$400C_const,1
579,$400C_vol,0
580,$4000_duty,3
580,$4000_const,1
580,$4000_vol,0
580,$4004_duty,3
580,$4004_const,1
580,$4004_vol,0
580,$4008_linear,0
580,$400C_const,1
580,$400C_vol,0
581,$4000_duty,3
581,$4000_const,1
581,$4000_vol,0
581,$4004_duty,3
581,$4004_const,1
581,$4004_vol,0
581,$4008_linear,0
581,$400C_const,1
581,$400C_vol,0
582,$4000_duty,3
582,$4000_const,1
582,$4000_vol,0
582,$4004_duty,3
582,$4004_const,1
582,$4004_vol,0
582,$4008_linear,0
582,$400C_const,1
582,$400C_vol,0
583,$4000_duty,3
583,$4000_const,1
583,$4000_vol,0
583,$4004_duty,3
583,$4004_const,1
583,$4004_vol,0
583,$4008_linear,0
583,$400C_const,1
583,$400C_vol,0
584,$4000_duty,3
584,$4000_const,1
584,$4000_vol,0
584,$4004_duty,3
584,$4004_const,1
584,$4004_vol,0
584,$4008_linear,0
584,$400C_const,1
584,$400C_vol,0
585,$4000_duty,3
585,$4000_const,1
585,$4000_vol,0
585,$4004_duty,3
585,$4004_const,1
585,$4004_vol,0
585,$4008_linear,0
585,$400C_const,1
585,$400C_vol,0
586,$4000_duty,3
586,$4000_const,1
586,$4000_vol,0
586,$4004_duty,3
586,$4004_const,1
586,$4004_vol,0
586,$4008_linear,0
586,$400C_const,1
586,$400C_vol,0
587,$4000_duty,3
587,$4000_const,1
587,$4000_vol,0
587,$4004_duty,3
587,$4004_const,1
587,$4004_vol,0
587,$4008_linear,0
587,$400C_const,1
587,$400C_vol,0
588,$4000_duty,3
588,$4000_const,1
588,$4000_vol,0
588,$4004_duty,3
588,$4004_const,1
588,$4004_vol,0
588,$4008_linear,0
588,$400C_const,1
588,$400C_vol,0
589,$4000_duty,3
589,$4000_const,1
589,$4000_vol,0
589,$4004_duty,3
589,$4004_const,1
589,$4004_vol,0
589,$4008_linear,0
589,$400C_const,1
589,$400C_vol,0
590,$4000_duty,3
590,$4000_const,1
590,$4000_vol,0
590,$4004_duty,3
590,$4004_const,1
590,$4004_vol,0
590,$4008_linear,0
590,$400C_const,1
590,$400C_vol,0
591,$4000_duty,3
591,$4000_const,1
591,$4000_vol,0
591,$4004_duty,3
591,$4004_const,1
591,$4004_vol,0
591,$4008_linear,0
591,$400C_const,1
591,$400C_vol,0
592,$4000_duty,3
592,$4000_const,1
592,$4000_vol,0
592,$4004_duty,3
592,$4004_const,1
592,$4004_vol,0
592,$4008_linear,0
592,$400C_const,1
592,$400C_vol,0
593,$4000_duty,3
593,$4000_const,1
593,$4000_vol,0
593,$4004_duty,3
593,$4004_const,1
593,$4004_vol,0
593,$4008_linear,0
593,$400C_const,1
593,$400C_vol,0
594,$4000_duty,3
594,$4000_const,1
594,$4000_vol,0
594,$4004_duty,3
594,$4004_const,1
594,$4004_vol,0
594,$4008_linear,0
594,$400C_const,1
594,$400C_vol,0
595,$4000_duty,3
595,$4000_const,1
595,$4000_vol,0
595,$4004_duty,3
595,$4004_const,1
595,$4004_vol,0
595,$4008_linear,0
595,$400C_const,1
595,$400C_vol,0
596,$4000_duty,3
596,$4000_const,1
596,$4000_vol,0
596,$4004_duty,3
596,$4004_const,1
596,$4004_vol,0
596,$4008_linear,0
596,$400C_const,1
596,$400C_vol,0
597,$4000_duty,3
597,$4000_const,1
597,$4000_vol,0
597,$4004_duty,3
597,$4004_const,1
597,$4004_vol,0
597,$4008_linear,0
597,$400C_const,1
597,$400C_vol,0
598,$4000_duty,3
598,$4000_const,1
598,$4000_vol,0
598,$4004_duty,3
598,$4004_const,1
598,$4004_vol,0
598,$4008_linear,0
598,$400C_const,1
598,$400C_vol,0
599,$4000_duty,3
599,$4000_const,1
599,$4000_vol,0
599,$4004_duty,3
599,$4004_const,1
599,$4004_vol,0
599,$4008_linear,0
599,$400C_const,1
599,$400C_vol,0
600,$4000_duty,3
600,$4000_const,1
600,$4000_vol,0
600,$4004_duty,3
600,$4004_const,1
600,$4004_vol,0
600,$4008_linear,0
600,$400C_const,1
600,$400C_vol,0
601,$4000_duty,3
601,$4000_const,1
601,$4000_vol,0
601,$4004_duty,3
601,$4004_const,1
601,$4004_vol,0
601,$4008_linear,0
601,$400C_const,1
601,$400C_vol,0
602,$4000_duty,3
602,$4000_const,1
602,$4000_vol,0
602,$4004_duty,3
602,$4004_const,1
602,$4004_vol,0
602,$4008_linear,0
602,$400C_const,1
602,$400C_vol,0
603,$4000_duty,3
603,$4000_const,1
603,$4000_vol,0
603,$4004_duty,3
603,$4004_const,1
603,$4004_vol,0
603,$4008_linear,0
603,$400C_const,1
603,$400C_vol,0
604,$4000_duty,3
604,$4000_const,1
604,$4000_vol,0
604,$4004_duty,3
604,$4004_const,1
604,$4004_vol,0
604,$4008_linear,0
604,$400C_const,1
604,$400C_vol,0
605,$4000_duty,3
605,$4000_const,1
605,$4000_vol,0
605,$4004_duty,3
605,$4004_const,1
605,$4004_vol,0
605,$4008_linear,0
605,$400C_const,1
605,$400C_vol,0
606,$4000_duty,3
606,$4000_const,1
606,$4000_vol,0
606,$4004_duty,3
606,$4004_const,1
606,$4004_vol,0
606,$4008_linear,0
606,$400C_const,1
606,$400C_vol,0
607,$4000_duty,3
607,$4000_const,1
607,$4000_vol,0
607,$4004_duty,3
607,$4004_const,1
607,$4004_vol,0
607,$4008_linear,0
607,$400C_const,1
607,$400C_vol,0
608,$4000_duty,3
608,$4000_const,1
608,$4000_vol,0
608,$4004_duty,3
608,$4004_const,1
608,$4004_vol,0
608,$4008_linear,0
608,$400C_const,1
608,$400C_vol,0
609,$4000_duty,3
609,$4000_const,1
609,$4000_vol,0
609,$4004_duty,3
609,$4004_const,1
609,$4004_vol,0
609,$4008_linear,0
609,$400C_const,1
609,$400C_vol,0
610,$4000_duty,3
610,$4000_const,1
610,$4000_vol,0
610,$4004_duty,3
610,$4004_const,1
610,$4004_vol,0
610,$4008_linear,0
610,$400C_const,1
610,$400C_vol,0
611,$4000_duty,3
611,$4000_const,1
611,$4000_vol,0
611,$4004_duty,3
611,$4004_const,1
611,$4004_vol,0
611,$4008_linear,0
611,$400C_const,1
611,$400C_vol,0
612,$4000_duty,3
612,$4000_const,1
612,$4000_vol,0
612,$4004_duty,3
612,$4004_const,1
612,$4004_vol,0
612,$4008_linear,0
612,$400C_const,1
612,$400C_vol,0
613,$4000_duty,3
613,$4000_const,1
613,$4000_vol,0
613,$4004_duty,3
613,$4004_const,1
613,$4004_vol,0
613,$4008_linear,0
613,$400C_const,1
613,$400C_vol,0
614,$4000_duty,3
614,$4000_const,1
614,$4000_vol,0
614,$4004_duty,3
614,$4004_const,1
614,$4004_vol,0
614,$4008_linear,0
614,$400C_const,1
614,$400C_vol,0
615,$4000_duty,3
615,$4000_const,1
615,$4000_vol,0
615,$4004_duty,3
615,$4004_const,1
615,$4004_vol,0
615,$4008_linear,0
615,$400C_const,1
615,$400C_vol,0
616,$4000_duty,3
616,$4000_const,1
616,$4000_vol,0
616,$4004_duty,3
616,$4004_const,1
616,$4004_vol,0
616,$4008_linear,0
616,$400C_const,1
616,$400C_vol,0
617,$4000_duty,3
617,$4000_const,1
617,$4000_vol,0
617,$4004_duty,3
617,$4004_const,1
617,$4004_vol,0
617,$4008_linear,0
617,$400C_const,1
617,$400C_vol,0
618,$4000_duty,3
618,$4000_const,1
618,$4000_vol,0
618,$4004_duty,3
618,$4004_const,1
618,$4004_vol,0
618,$4008_linear,0
618,$400C_const,1
618,$400C_vol,0
619,$4000_duty,3
619,$4000_const,1
619,$4000_vol,0
619,$4004_duty,3
619,$4004_const,1
619,$4004_vol,0
619,$4008_linear,0
619,$400C_const,1
619,$400C_vol,0
620,$4000_duty,3
620,$4000_const,1
620,$4000_vol,0
620,$4004_duty,3
620,$4004_const,1
620,$4004_vol,0
620,$4008_linear,0
620,$400C_const,1
620,$400C_vol,0
621,$4000_duty,3
621,$4000_const,1
621,$4000_vol,0
621,$4004_duty,3
621,$4004_const,1
621,$4004_vol,0
621,$4008_linear,0
621,$400C_const,1
621,$400C_vol,0
622,$4000_duty,3
622,$4000_const,1
622,$4000_vol,0
622,$4004_duty,3
622,$4004_const,1
622,$4004_vol,0
622,$4008_linear,0
622,$400C_const,1
622,$400C_vol,0
623,$4000_duty,3
623,$4000_const,1
623,$4000_vol,0
623,$4004_duty,3
623,$4004_const,1
623,$4004_vol,0
623,$4008_linear,0
623,$400C_const,1
623,$400C_vol,0
624,$4000_duty,3
624,$4000_const,1
624,$4000_vol,0
624,$4004_duty,3
624,$4004_const,1
624,$4004_vol,0
624,$4008_linear,0
624,$400C_const,1
624,$400C_vol,0
625,$4000_duty,3
625,$4000_const,1
625,$4000_vol,0
625,$4004_duty,3
625,$4004_const,1
625,$4004_vol,0
625,$4008_linear,0
625,$400C_const,1
625,$400C_vol,0
626,$4000_duty,3
626,$4000_const,1
626,$4000_vol,0
626,$4004_duty,3
626,$4004_const,1
626,$4004_vol,0
626,$4008_linear,0
626,$400C_const,1
626,$400C_vol,0
627,$4000_duty,3
627,$4000_const,1
627,$4000_vol,0
627,$4004_duty,3
627,$4004_const,1
627,$4004_vol,0
627,$4008_linear,0
627,$400C_const,1
627,$400C_vol,0
628,$4000_duty,3
628,$4000_const,1
628,$4000_vol,0
628,$4004_duty,3
628,$4004_const,1
628,$4004_vol,0
628,$4008_linear,0
628,$400C_const,1
628,$400C_vol,0
629,$4000_duty,3
629,$4000_const,1
629,$4000_vol,0
629,$4004_duty,3
629,$4004_const,1
629,$4004_vol,0
629,$4008_linear,0
629,$400C_const,1
629,$400C_vol,0
630,$4000_duty,3
630,$4000_const,1
630,$4000_vol,0
630,$4004_duty,3
630,$4004_const,1
630,$4004_vol,0
630,$4008_linear,0
630,$400C_const,1
630,$400C_vol,0
631,$4000_duty,3
631,$4000_const,1
631,$4000_vol,0
631,$4004_duty,3
631,$4004_const,1
631,$4004_vol,0
631,$4008_linear,0
631,$400C_const,1
631,$400C_vol,0
632,$4000_duty,3
632,$4000_const,1
632,$4000_vol,0
632,$4004_duty,3
632,$4004_const,1
632,$4004_vol,0
632,$4008_linear,0
632,$400C_const,1
632,$400C_vol,0
633,$4000_duty,3
633,$4000_const,1
633,$4000_vol,0
633,$4004_duty,3
633,$4004_const,1
633,$4004_vol,0
633,$4008_linear,0
633,$400C_const,1
633,$400C_vol,0
634,$4000_duty,3
634,$4000_const,1
634,$4000_vol,0
634,$4004_duty,3
634,$4004_const,1
634,$4004_vol,0
634,$4008_linear,0
634,$400C_const,1
634,$400C_vol,0
635,$4000_duty,3
635,$4000_const,1
635,$4000_vol,0
635,$4004_duty,3
635,$4004_const,1
635,$4004_vol,0
635,$4008_linear,0
635,$400C_const,1
635,$400C_vol,0
636,$4000_duty,3
636,$4000_const,1
636,$4000_vol,0
636,$4004_duty,3
636,$4004_const,1
636,$4004_vol,0
636,$4008_linear,0
636,$400C_const,1
636,$400C_vol,0
637,$4000_duty,3
637,$4000_const,1
637,$4000_vol,0
637,$4004_duty,3
637,$4004_const,1
637,$4004_vol,0
637,$4008_linear,0
637,$400C_const,1
637,$400C_vol,0
638,$4000_duty,3
638,$4000_const,1
638,$4000_vol,0
638,$4004_duty,3
638,$4004_const,1
638,$4004_vol,0
638,$4008_linear,0
638,$400C_const,1
638,$400C_vol,0
639,$4000_duty,3
639,$4000_const,1
639,$4000_vol,0
639,$4004_duty,3
639,$4004_const,1
639,$4004_vol,0
639,$4008_linear,0
639,$400C_const,1
639,$400C_vol,0
640,$4000_duty,3
640,$4000_const,1
640,$4000_vol,0
640,$4004_duty,3
640,$4004_const,1
640,$4004_vol,0
640,$4008_linear,0
640,$400C_const,1
640,$400C_vol,0
641,$4000_duty,3
641,$4000_const,1
641,$4000_vol,0
641,$4004_duty,3
641,$4004_const,1
641,$4004_vol,0
641,$4008_linear,0
641,$400C_const,1
641,$400C_vol,0
642,$4000_duty,3
642,$4000_const,1
642,$4000_vol,0
642,$4004_duty,3
642,$4004_const,1
642,$4004_vol,0
642,$4008_linear,0
642,$400C_const,1
642,$400C_vol,0
643,$4000_duty,3
643,$4000_const,1
643,$4000_vol,0
643,$4004_duty,3
643,$4004_const,1
643,$4004_vol,0
643,$4008_linear,0
643,$400C_const,1
643,$400C_vol,0
644,$4000_duty,3
644,$4000_const,1
644,$4000_vol,0
644,$4004_duty,3
644,$4004_const,1
644,$4004_vol,0
644,$4008_linear,0
644,$400C_const,1
644,$400C_vol,0
645,$4000_duty,3
645,$4000_const,1
645,$4000_vol,0
645,$4004_duty,3
645,$4004_const,1
645,$4004_vol,0
645,$4008_linear,0
645,$400C_const,1
645,$400C_vol,0
646,$4000_duty,3
646,$4000_const,1
646,$4000_vol,0
646,$4004_duty,3
646,$4004_const,1
646,$4004_vol,0
646,$4008_linear,0
646,$400C_const,1
646,$400C_vol,0
647,$4000_duty,3
647,$4000_const,1
647,$4000_vol,0
647,$4004_duty,3
647,$4004_const,1
647,$4004_vol,0
647,$4008_linear,0
647,$400C_const,1
647,$400C_vol,0
648,$4000_duty,3
648,$4000_const,1
648,$4000_vol,0
648,$4004_duty,3
648,$4004_const,1
648,$4004_vol,0
648,$4008_linear,0
648,$400C_const,1
648,$400C_vol,0
649,$4000_duty,3
649,$4000_const,1
649,$4000_vol,0
649,$4004_duty,3
649,$4004_const,1
649,$4004_vol,0
649,$4008_linear,0
649,$400C_const,1
649,$400C_vol,0
650,$4000_duty,3
650,$4000_const,1
650,$4000_vol,0
650,$4004_duty,3
650,$4004_const,1
650,$4004_vol,0
650,$4008_linear,0
650,$400C_const,1
650,$400C_vol,0
651,$4000_duty,3
651,$4000_const,1
651,$4000_vol,0
651,$4004_duty,3
651,$4004_const,1
651,$4004_vol,0
651,$4008_linear,0
651,$400C_const,1
651,$400C_vol,0
652,$4000_duty,3
652,$4000_const,1
652,$4000_vol,0
652,$4004_duty,3
652,$4004_const,1
652,$4004_vol,0
652,$4008_linear,0
652,$400C_const,1
652,$400C_vol,0
653,$4000_duty,3
653,$4000_const,1
653,$4000_vol,0
653,$4004_duty,3
653,$4004_const,1
653,$4004_vol,0
653,$4008_linear,0
653,$400C_const,1
653,$400C_vol,0
654,$4000_duty,3
654,$4000_const,1
654,$4000_vol,0
654,$4004_duty,3
654,$4004_const,1
654,$4004_vol,0
654,$4008_linear,0
654,$400C_const,1
654,$400C_vol,0
655,$4000_duty,3
655,$4000_const,1
655,$4000_vol,0
655,$4004_duty,3
655,$4004_const,1
655,$4004_vol,0
655,$4008_linear,0
655,$400C_const,1
655,$400C_vol,0
656,$4000_duty,3
656,$4000_const,1
656,$4000_vol,0
656,$4004_duty,3
656,$4004_const,1
656,$4004_vol,0
656,$4008_linear,0
656,$400C_const,1
656,$400C_vol,0
657,$4000_duty,3
657,$4000_const,1
657,$4000_vol,0
657,$4004_duty,3
657,$4004_const,1
657,$4004_vol,0
657,$4008_linear,0
657,$400C_const,1
657,$400C_vol,0
658,$4000_duty,3
658,$4000_const,1
658,$4000_vol,0
658,$4004_duty,3
658,$4004_const,1
658,$4004_vol,0
658,$4008_linear,0
658,$400C_const,1
658,$400C_vol,0
659,$4000_duty,3
659,$4000_const,1
659,$4000_vol,0
659,$4004_duty,3
659,$4004_const,1
659,$4004_vol,0
659,$4008_linear,0
659,$400C_const,1
659,$400C_vol,0
660,$4000_duty,3
660,$4000_const,1
660,$4000_vol,0
660,$4004_duty,3
660,$4004_const,1
660,$4004_vol,0
660,$4008_linear,0
660,$400C_const,1
660,$400C_vol,0
661,$4000_duty,3
661,$4000_const,1
661,$4000_vol,0
661,$4004_duty,3
661,$4004_const,1
661,$4004_vol,0
661,$4008_linear,0
661,$400C_const,1
661,$400C_vol,0
662,$4000_duty,3
662,$4000_const,1
662,$4000_vol,0
662,$4004_duty,3
662,$4004_const,1
662,$4004_vol,0
662,$4008_linear,0
662,$400C_const,1
662,$400C_vol,0
663,$4000_duty,3
663,$4000_const,1
663,$4000_vol,0
663,$4004_duty,3
663,$4004_const,1
663,$4004_vol,0
663,$4008_linear,0
663,$400C_const,1
663,$400C_vol,0
664,$4000_duty,3
664,$4000_const,1
664,$4000_vol,0
664,$4004_duty,3
664,$4004_const,1
664,$4004_vol,0
664,$4008_linear,0
664,$400C_const,1
664,$400C_vol,0
665,$4000_duty,3
665,$4000_const,1
665,$4000_vol,0
665,$4004_duty,3
665,$4004_const,1
665,$4004_vol,0
665,$4008_linear,0
665,$400C_const,1
665,$400C_vol,0
666,$4000_duty,3
666,$4000_const,1
666,$4000_vol,0
666,$4004_duty,3
666,$4004_const,1
666,$4004_vol,0
666,$4008_linear,0
666,$400C_const,1
666,$400C_vol,0
667,$4000_duty,3
667,$4000_const,1
667,$4000_vol,0
667,$4004_duty,3
667,$4004_const,1
667,$4004_vol,0
667,$4008_linear,0
667,$400C_const,1
667,$400C_vol,0
668,$4000_duty,3
668,$4000_const,1
668,$4000_vol,0
668,$4004_duty,3
668,$4004_const,1
668,$4004_vol,0
668,$4008_linear,0
668,$400C_const,1
668,$400C_vol,0
669,$4000_duty,3
669,$4000_const,1
669,$4000_vol,0
669,$4004_duty,3
669,$4004_const,1
669,$4004_vol,0
669,$4008_linear,0
669,$400C_const,1
669,$400C_vol,0
670,$4000_duty,3
670,$4000_const,1
670,$4000_vol,0
670,$4004_duty,3
670,$4004_const,1
670,$4004_vol,0
670,$4008_linear,0
670,$400C_const,1
670,$400C_vol,0
671,$4000_duty,3
671,$4000_const,1
671,$4000_vol,0
671,$4004_duty,3
671,$4004_const,1
671,$4004_vol,0
671,$4008_linear,0
671,$400C_const,1
671,$400C_vol,0
672,$4000_duty,3
672,$4000_const,1
672,$4000_vol,0
672,$4004_duty,3
672,$4004_const,1
672,$4004_vol,0
672,$4008_linear,0
672,$400C_const,1
672,$400C_vol,0
673,$4000_duty,3
673,$4000_const,1
673,$4000_vol,0
673,$4004_duty,3
673,$4004_const,1
673,$4004_vol,0
673,$4008_linear,0
673,$400C_const,1
673,$400C_vol,0
674,$4000_duty,3
674,$4000_const,1
674,$4000_vol,0
674,$4004_duty,3
674,$4004_const,1
674,$4004_vol,0
674,$4008_linear,0
674,$400C_const,1
674,$400C_vol,0
675,$4000_duty,3
675,$4000_const,1
675,$4000_vol,0
675,$4004_duty,3
675,$4004_const,1
675,$4004_vol,0
675,$4008_linear,0
675,$400C_const,1
675,$400C_vol,0
676,$4000_duty,3
676,$4000_const,1
676,$4000_vol,0
676,$4004_duty,3
676,$4004_const,1
676,$4004_vol,0
676,$4008_linear,0
676,$400C_const,1
676,$400C_vol,0
677,$4000_duty,3
677,$4000_const,1
677,$4000_vol,0
677,$4004_duty,3
677,$4004_const,1
677,$4004_vol,0
677,$4008_linear,0
677,$400C_const,1
677,$400C_vol,0
678,$4000_duty,3
678,$4000_const,1
678,$4000_vol,0
678,$4004_duty,3
678,$4004_const,1
678,$4004_vol,0
678,$4008_linear,0
678,$400C_const,1
678,$400C_vol,0
679,$4000_duty,3
679,$4000_const,1
679,$4000_vol,0
679,$4004_duty,3
679,$4004_const,1
679,$4004_vol,0
679,$4008_linear,0
679,$400C_const,1
679,$400C_vol,0
680,$4000_duty,3
680,$4000_const,1
680,$4000_vol,0
680,$4004_duty,3
680,$4004_const,1
680,$4004_vol,0
680,$4008_linear,0
680,$400C_const,1
680,$400C_vol,0
681,$4000_duty,3
681,$4000_const,1
681,$4000_vol,0
681,$4004_duty,3
681,$4004_const,1
681,$4004_vol,0
681,$4008_linear,0
681,$400C_const,1
681,$400C_vol,0
682,$4000_duty,3
682,$4000_const,1
682,$4000_vol,0
682,$4004_duty,3
682,$4004_const,1
682,$4004_vol,0
682,$4008_linear,0
682,$400C_const,1
682,$400C_vol,0
683,$4000_duty,3
683,$4000_const,1
683,$4000_vol,0
683,$4004_duty,3
683,$4004_const,1
683,$4004_vol,0
683,$4008_linear,0
683,$400C_const,1
683,$400C_vol,0
684,$4000_duty,3
684,$4000_const,1
684,$4000_vol,0
684,$4004_duty,3
684,$4004_const,1
684,$4004_vol,0
684,$4008_linear,0
684,$400C_const,1
684,$400C_vol,0
685,$4000_duty,3
685,$4000_const,1
685,$4000_vol,0
685,$4004_duty,3
685,$4004_const,1
685,$4004_vol,0
685,$4008_linear,0
685,$400C_const,1
685,$400C_vol,0
686,$4000_duty,3
686,$4000_const,1
686,$4000_vol,0
686,$4004_duty,3
686,$4004_const,1
686,$4004_vol,0
686,$4008_linear,0
686,$400C_const,1
686,$400C_vol,0
687,$4000_duty,3
687,$4000_const,1
687,$4000_vol,0
687,$4004_duty,3
687,$4004_const,1
687,$4004_vol,0
687,$4008_linear,0
687,$400C_const,1
687,$400C_vol,0
688,$4000_duty,3
688,$4000_const,1
688,$4000_vol,0
688,$4004_duty,3
688,$4004_const,1
688,$4004_vol,0
688,$4008_linear,0
688,$400C_const,1
688,$400C_vol,0
689,$4000_duty,3
689,$4000_const,1
689,$4000_vol,0
689,$4004_duty,3
689,$4004_const,1
689,$4004_vol,0
689,$4008_linear,0
689,$400C_const,1
689,$400C_vol,0
690,$4000_duty,3
690,$4000_const,1
690,$4000_vol,0
690,$4004_duty,3
690,$4004_const,1
690,$4004_vol,0
690,$4008_linear,0
690,$400C_const,1
690,$400C_vol,0
691,$4000_duty,3
691,$4000_const,1
691,$4000_vol,0
691,$4004_duty,3
691,$4004_const,1
691,$4004_vol,0
691,$4008_linear,0
691,$400C_const,1
691,$400C_vol,0
692,$4000_duty,3
692,$4000_const,1
692,$4000_vol,0
692,$4004_duty,3
692,$4004_const,1
692,$4004_vol,0
692,$4008_linear,0
692,$400C_const,1
692,$400C_vol,0
693,$4000_duty,3
693,$4000_const,1
693,$4000_vol,0
693,$4004_duty,3
693,$4004_const,1
693,$4004_vol,0
693,$4008_linear,0
693,$400C_const,1
693,$400C_vol,0
694,$4000_duty,3
694,$4000_const,1
694,$4000_vol,0
694,$4004_duty,3
694,$4004_const,1
694,$4004_vol,0
694,$4008_linear,0
694,$400C_const,1
694,$400C_vol,0
695,$4000_duty,3
695,$4000_const,1
695,$4000_vol,0
695,$4004_duty,3
695,$4004_const,1
695,$4004_vol,0
695,$4008_linear,0
695,$400C_const,1
695,$400C_vol,0
696,$4000_duty,3
696,$4000_const,1
696,$4000_vol,0
696,$4004_duty,3
696,$4004_const,1
696,$4004_vol,0
696,$4008_linear,0
696,$400C_const,1
696,$400C_vol,0
697,$4000_duty,3
697,$4000_const,1
697,$4000_vol,0
697,$4004_duty,3
697,$4004_const,1
697,$4004_vol,0
697,$4008_linear,0
697,$400C_const,1
697,$400C_vol,0
698,$4000_duty,3
698,$4000_const,1
698,$4000_vol,0
698,$4004_duty,3
698,$4004_const,1
698,$4004_vol,0
698,$4008_linear,0
698,$400C_const,1
698,$400C_vol,0
699,$4000_duty,3
699,$4000_const,1
699,$4000_vol,0
699,$4004_duty,3
699,$4004_const,1
699,$4004_vol,0
699,$4008_linear,0
699,$400C_const,1
699,$400C_vol,0
700,$4000_duty,3
700,$4000_const,1
700,$4000_vol,0
700,$4004_duty,3
700,$4004_const,1
700,$4004_vol,0
700,$4008_linear,0
700,$400C_const,1
700,$400C_vol,0
701,$4000_duty,3
701,$4000_const,1
701,$4000_vol,0
701,$4004_duty,3
701,$4004_const,1
701,$4004_vol,0
701,$4008_linear,0
701,$400C_const,1
701,$400C_vol,0
702,$4000_duty,3
702,$4000_const,1
702,$4000_vol,0
702,$4004_duty,3
702,$4004_const,1
702,$4004_vol,0
702,$4008_linear,0
702,$400C_const,1
702,$400C_vol,0
703,$4000_duty,3
703,$4000_const,1
703,$4000_vol,0
703,$4004_duty,3
703,$4004_const,1
703,$4004_vol,0
703,$4008_linear,0
703,$400C_const,1
703,$400C_vol,0
704,$4000_duty,3
704,$4000_const,1
704,$4000_vol,0
704,$4004_duty,3
704,$4004_const,1
704,$4004_vol,0
704,$4008_linear,0
704,$400C_const,1
704,$400C_vol,0
705,$4000_duty,3
705,$4000_const,1
705,$4000_vol,0
705,$4004_duty,3
705,$4004_const,1
705,$4004_vol,0
705,$4008_linear,0
705,$400C_const,1
705,$400C_vol,0
706,$4000_duty,3
706,$4000_const,1
706,$4000_vol,0
706,$4004_duty,3
706,$4004_const,1
706,$4004_vol,0
706,$4008_linear,0
706,$400C_const,1
706,$400C_vol,0
707,$4000_duty,3
707,$4000_const,1
707,$4000_vol,0
707,$4004_duty,3
707,$4004_const,1
707,$4004_vol,0
707,$4008_linear,0
707,$400C_const,1
707,$400C_vol,0
708,$4000_duty,3
708,$4000_const,1
708,$4000_vol,0
708,$4004_duty,3
708,$4004_const,1
708,$4004_vol,0
708,$4008_linear,0
708,$400C_const,1
708,$400C_vol,0
709,$4000_duty,3
709,$4000_const,1
709,$4000_vol,0
709,$4004_duty,3
709,$4004_const,1
709,$4004_vol,0
709,$4008_linear,0
709,$400C_const,1
709,$400C_vol,0
710,$4000_duty,3
710,$4000_const,1
710,$4000_vol,0
710,$4004_duty,3
710,$4004_const,1
710,$4004_vol,0
710,$4008_linear,0
710,$400C_const,1
710,$400C_vol,0
711,$4000_duty,3
711,$4000_const,1
711,$4000_vol,0
711,$4004_duty,3
711,$4004_const,1
711,$4004_vol,0
711,$4008_linear,0
711,$400C_const,1
711,$400C_vol,0
712,$4000_duty,3
712,$4000_const,1
712,$4000_vol,0
712,$4004_duty,3
712,$4004_const,1
712,$4004_vol,0
712,$4008_linear,0
712,$400C_const,1
712,$400C_vol,0
713,$4000_duty,3
713,$4000_const,1
713,$4000_vol,0
713,$4004_duty,3
713,$4004_const,1
713,$4004_vol,0
713,$4008_linear,0
713,$400C_const,1
713,$400C_vol,0
714,$4000_duty,3
714,$4000_const,1
714,$4000_vol,0
714,$4004_duty,3
714,$4004_const,1
714,$4004_vol,0
714,$4008_linear,0
714,$400C_const,1
714,$400C_vol,0
715,$4000_duty,3
715,$4000_const,1
715,$4000_vol,0
715,$4004_duty,3
715,$4004_const,1
715,$4004_vol,0
715,$4008_linear,0
715,$400C_const,1
715,$400C_vol,0
716,$4000_duty,3
716,$4000_const,1
716,$4000_vol,0
716,$4004_duty,3
716,$4004_const,1
716,$4004_vol,0
716,$4008_linear,0
716,$400C_const,1
716,$400C_vol,0
717,$4000_duty,3
717,$4000_const,1
717,$4000_vol,0
717,$4004_duty,3
717,$4004_const,1
717,$4004_vol,0
717,$4008_linear,0
717,$400C_const,1
717,$400C_vol,0
718,$4000_duty,3
718,$4000_const,1
718,$4000_vol,0
718,$4004_duty,3
718,$4004_const,1
718,$4004_vol,0
718,$4008_linear,0
718,$400C_const,1
718,$400C_vol,0
719,$4000_duty,3
719,$4000_const,1
719,$4000_vol,0
719,$4004_duty,3
719,$4004_const,1
719,$4004_vol,0
719,$4008_linear,0
719,$400C_const,1
719,$400C_vol,0
720,$4000_duty,3
720,$4000_const,1
720,$4000_vol,0
720,$4004_duty,3
720,$4004_const,1
720,$4004_vol,0
720,$4008_linear,0
720,$400C_const,1
720,$400C_vol,0
721,$4000_duty,3
721,$4000_const,1
721,$4000_vol,0
721,$4004_duty,3
721,$4004_const,1
721,$4004_vol,0
721,$4008_linear,0
721,$400C_const,1
721,$400C_vol,0
722,$4000_duty,3
722,$4000_const,1
722,$4000_vol,0
722,$4004_duty,3
722,$4004_const,1
722,$4004_vol,0
722,$4008_linear,0
722,$400C_const,1
722,$400C_vol,0
723,$4000_duty,3
723,$4000_const,1
723,$4000_vol,0
723,$4004_duty,3
723,$4004_const,1
723,$4004_vol,0
723,$4008_linear,0
723,$400C_const,1
723,$400C_vol,0
724,$4000_duty,3
724,$4000_const,1
724,$4000_vol,0
724,$4004_duty,3
724,$4004_const,1
724,$4004_vol,0
724,$4008_linear,0
724,$400C_const,1
724,$400C_vol,0
725,$4000_duty,3
725,$4000_const,1
725,$4000_vol,0
725,$4004_duty,3
725,$4004_const,1
725,$4004_vol,0
725,$4008_linear,0
725,$400C_const,1
725,$400C_vol,0
726,$4000_duty,3
726,$4000_const,1
726,$4000_vol,0
726,$4004_duty,3
726,$4004_const,1
726,$4004_vol,0
726,$4008_linear,0
726,$400C_const,1
726,$400C_vol,0
727,$4000_duty,3
727,$4000_const,1
727,$4000_vol,0
727,$4004_duty,3
727,$4004_const,1
727,$4004_vol,0
727,$4008_linear,0
727,$400C_const,1
727,$400C_vol,0
728,$4000_duty,3
728,$4000_const,1
728,$4000_vol,0
728,$4004_duty,3
728,$4004_const,1
728,$4004_vol,0
728,$4008_linear,0
728,$400C_const,1
728,$400C_vol,0
729,$4000_duty,3
729,$4000_const,1
729,$4000_vol,0
729,$4004_duty,3
729,$4004_const,1
729,$4004_vol,0
729,$4008_linear,0
729,$400C_const,1
729,$400C_vol,0
730,$4000_duty,3
730,$4000_const,1
730,$4000_vol,0
730,$4004_duty,3
730,$4004_const,1
730,$4004_vol,0
730,$4008_linear,0
730,$400C_const,1
730,$400C_vol,0
731,$4000_duty,3
731,$4000_const,1
731,$4000_vol,0
731,$4004_duty,3
731,$4004_const,1
731,$4004_vol,0
731,$4008_linear,0
731,$400C_const,1
731,$400C_vol,0
732,$4000_duty,3
732,$4000_const,1
732,$4000_vol,0
732,$4004_duty,3
732,$4004_const,1
732,$4004_vol,0
732,$4008_linear,0
732,$400C_const,1
732,$400C_vol,0
733,$4000_duty,3
733,$4000_const,1
733,$4000_vol,0
733,$4004_duty,3
733,$4004_const,1
733,$4004_vol,0
733,$4008_linear,0
733,$400C_const,1
733,$400C_vol,0
734,$4000_duty,3
734,$4000_const,1
734,$4000_vol,0
734,$4004_duty,3
734,$4004_const,1
734,$4004_vol,0
734,$4008_linear,0
734,$400C_const,1
734,$400C_vol,0
735,$4000_duty,3
735,$4000_const,1
735,$4000_vol,0
735,$4004_duty,3
735,$4004_const,1
735,$4004_vol,0
735,$4008_linear,0
735,$400C_const,1
735,$400C_vol,0
736,$4000_duty,3
736,$4000_const,1
736,$4000_vol,0
736,$4004_duty,3
736,$4004_const,1
736,$4004_vol,0
736,$4008_linear,0
736,$400C_const,1
736,$400C_vol,0
737,$4000_duty,3
737,$4000_const,1
737,$4000_vol,0
737,$4004_duty,3
737,$4004_const,1
737,$4004_vol,0
737,$4008_linear,0
737,$400C_const,1
737,$400C_vol,0
738,$4000_duty,3
738,$4000_const,1
738,$4000_vol,0
738,$4004_duty,3
738,$4004_const,1
738,$4004_vol,0
738,$4008_linear,0
738,$400C_const,1
738,$400C_vol,0
739,$4000_duty,3
739,$4000_const,1
739,$4000_vol,0
739,$4004_duty,3
739,$4004_const,1
739,$4004_vol,0
739,$4008_linear,0
739,$400C_const,1
739,$400C_vol,0
740,$4000_duty,3
740,$4000_const,1
740,$4000_vol,0
740,$4004_duty,3
740,$4004_const,1
740,$4004_vol,0
740,$4008_linear,0
740,$400C_const,1
740,$400C_vol,0
741,$4000_duty,3
741,$4000_const,1
741,$4000_vol,0
741,$4004_duty,3
741,$4004_const,1
741,$4004_vol,0
741,$4008_linear,0
741,$400C_const,1
741,$400C_vol,0
742,$4000_duty,3
742,$4000_const,1
742,$4000_vol,0
742,$4004_duty,3
742,$4004_const,1
742,$4004_vol,0
742,$4008_linear,0
742,$400C_const,1
742,$400C_vol,0
743,$4000_duty,3
743,$4000_const,1
743,$4000_vol,0
743,$4004_duty,3
743,$4004_const,1
743,$4004_vol,0
743,$4008_linear,0
743,$400C_const,1
743,$400C_vol,0
744,$4000_duty,3
744,$4000_const,1
744,$4000_vol,0
744,$4004_duty,3
744,$4004_const,1
744,$4004_vol,0
744,$4008_linear,0
744,$400C_const,1
744,$400C_vol,0
745,$4000_duty,3
745,$4000_const,1
745,$4000_vol,0
745,$4004_duty,3
745,$4004_const,1
745,$4004_vol,0
745,$4008_linear,0
745,$400C_const,1
745,$400C_vol,0
746,$4000_duty,3
746,$4000_const,1
746,$4000_vol,0
746,$4004_duty,3
746,$4004_const,1
746,$4004_vol,0
746,$4008_linear,0
746,$400C_const,1
746,$400C_vol,0
747,$4000_duty,3
747,$4000_const,1
747,$4000_vol,0
747,$4004_duty,3
747,$4004_const,1
747,$4004_vol,0
747,$4008_linear,0
747,$400C_const,1
747,$400C_vol,0
748,$4000_duty,3
748,$4000_const,1
748,$4000_vol,0
748,$4004_duty,3
748,$4004_const,1
748,$4004_vol,0
748,$4008_linear,0
748,$400C_const,1
748,$400C_vol,0
749,$4000_duty,3
749,$4000_const,1
749,$4000_vol,0
749,$4004_duty,3
749,$4004_const,1
749,$4004_vol,0
749,$4008_linear,0
749,$400C_const,1
749,$400C_vol,0
750,$4000_duty,3
750,$4000_const,1
750,$4000_vol,0
750,$4004_duty,3
750,$4004_const,1
750,$4004_vol,0
750,$4008_linear,0
750,$400C_const,1
750,$400C_vol,0
751,$4000_duty,3
751,$4000_const,1
751,$4000_vol,0
751,$4004_duty,3
751,$4004_const,1
751,$4004_vol,0
751,$4008_linear,0
751,$400C_const,1
751,$400C_vol,0
752,$4000_duty,3
752,$4000_const,1
752,$4000_vol,0
752,$4004_duty,3
752,$4004_const,1
752,$4004_vol,0
752,$4008_linear,0
752,$400C_const,1
752,$400C_vol,0
753,$4000_duty,3
753,$4000_const,1
753,$4000_vol,0
753,$4004_duty,3
753,$4004_const,1
753,$4004_vol,0
753,$4008_linear,0
753,$400C_const,1
753,$400C_vol,0
754,$4000_duty,3
754,$4000_const,1
754,$4000_vol,0
754,$4004_duty,3
754,$4004_const,1
754,$4004_vol,0
754,$4008_linear,0
754,$400C_const,1
754,$400C_vol,0
755,$4000_duty,3
755,$4000_const,1
755,$4000_vol,0
755,$4004_duty,3
755,$4004_const,1
755,$4004_vol,0
755,$4008_linear,0
755,$400C_const,1
755,$400C_vol,0
756,$4000_duty,3
756,$4000_const,1
756,$4000_vol,0
756,$4004_duty,3
756,$4004_const,1
756,$4004_vol,0
756,$4008_linear,0
756,$400C_const,1
756,$400C_vol,0
757,$4000_duty,3
757,$4000_const,1
757,$4000_vol,0
757,$4004_duty,3
757,$4004_const,1
757,$4004_vol,0
757,$4008_linear,0
757,$400C_const,1
757,$400C_vol,0
758,$4000_duty,3
758,$4000_const,1
758,$4000_vol,0
758,$4004_duty,3
758,$4004_const,1
758,$4004_vol,0
758,$4008_linear,0
758,$400C_const,1
758,$400C_vol,0
759,$4000_duty,3
759,$4000_const,1
759,$4000_vol,0
759,$4004_duty,3
759,$4004_const,1
759,$4004_vol,0
759,$4008_linear,0
759,$400C_const,1
759,$400C_vol,0
760,$4000_duty,3
760,$4000_const,1
760,$4000_vol,0
760,$4004_duty,3
760,$4004_const,1
760,$4004_vol,0
760,$4008_linear,0
760,$400C_const,1
760,$400C_vol,0
761,$4000_duty,3
761,$4000_const,1
761,$4000_vol,0
761,$4004_duty,3
761,$4004_const,1
761,$4004_vol,0
761,$4008_linear,0
761,$400C_const,1
761,$400C_vol,0
762,$4000_duty,3
762,$4000_const,1
762,$4000_vol,0
762,$4004_duty,3
762,$4004_const,1
762,$4004_vol,0
762,$4008_linear,0
762,$400C_const,1
762,$400C_vol,0
763,$4000_duty,3
763,$4000_const,1
763,$4000_vol,0
763,$4004_duty,3
763,$4004_const,1
763,$4004_vol,0
763,$4008_linear,0
763,$400C_const,1
763,$400C_vol,0
764,$4000_duty,3
764,$4000_const,1
764,$4000_vol,0
764,$4004_duty,3
764,$4004_const,1
764,$4004_vol,0
764,$4008_linear,0
764,$400C_const,1
764,$400C_vol,0
765,$4000_duty,3
765,$4000_const,1
765,$4000_vol,0
765,$4004_duty,3
765,$4004_const,1
765,$4004_vol,0
765,$4008_linear,0
765,$400C_const,1
765,$400C_vol,0
766,$4000_duty,3
766,$4000_const,1
766,$4000_vol,0
766,$4004_duty,3
766,$4004_const,1
766,$4004_vol,0
766,$4008_linear,0
766,$400C_const,1
766,$400C_vol,0
767,$4000_duty,3
767,$4000_const,1
767,$4000_vol,0
767,$4004_duty,3
767,$4004_const,1
767,$4004_vol,0
767,$4008_linear,0
767,$400C_const,1
767,$400C_vol,0
768,$4000_duty,3
768,$4000_const,1
768,$4000_vol,0
768,$4004_duty,3
768,$4004_const,1
768,$4004_vol,0
768,$4008_linear,0
768,$400C_const,1
768,$400C_vol,0
769,$4000_duty,3
769,$4000_const,1
769,$4000_vol,0
769,$4004_duty,3
769,$4004_const,1
769,$4004_vol,0
769,$4008_linear,0
769,$400C_const,1
769,$400C_vol,0
770,$4000_duty,3
770,$4000_const,1
770,$4000_vol,0
770,$4004_duty,3
770,$4004_const,1
770,$4004_vol,0
770,$4008_linear,0
770,$400C_const,1
770,$400C_vol,0
771,$4000_duty,3
771,$4000_const,1
771,$4000_vol,0
771,$4004_duty,3
771,$4004_const,1
771,$4004_vol,0
771,$4008_linear,0
771,$400C_const,1
771,$400C_vol,0
772,$4000_duty,3
772,$4000_const,1
772,$4000_vol,0
772,$4004_duty,3
772,$4004_const,1
772,$4004_vol,0
772,$4008_linear,0
772,$400C_const,1
772,$400C_vol,0
773,$4000_duty,3
773,$4000_const,1
773,$4000_vol,0
773,$4004_duty,3
773,$4004_const,1
773,$4004_vol,0
773,$4008_linear,0
773,$400C_const,1
773,$400C_vol,0
774,$4000_duty,3
774,$4000_const,1
774,$4000_vol,0
774,$4004_duty,3
774,$4004_const,1
774,$4004_vol,0
774,$4008_linear,0
774,$400C_const,1
774,$400C_vol,0
775,$4000_duty,3
775,$4000_const,1
775,$4000_vol,0
775,$4004_duty,3
775,$4004_const,1
775,$4004_vol,0
775,$4008_linear,0
775,$400C_const,1
775,$400C_vol,0
776,$4000_duty,3
776,$4000_const,1
776,$4000_vol,0
776,$4004_duty,3
776,$4004_const,1
776,$4004_vol,0
776,$4008_linear,0
776,$400C_const,1
776,$400C_vol,0
777,$4000_duty,3
777,$4000_const,1
777,$4000_vol,0
777,$4004_duty,3
777,$4004_const,1
777,$4004_vol,0
777,$4008_linear,0
777,$400C_const,1
777,$400C_vol,0
778,$4000_duty,3
778,$4000_const,1
778,$4000_vol,0
778,$4004_duty,3
778,$4004_const,1
778,$4004_vol,0
778,$4008_linear,0
778,$400C_const,1
778,$400C_vol,0
779,$4000_duty,3
779,$4000_const,1
779,$4000_vol,0
779,$4004_duty,3
779,$4004_const,1
779,$4004_vol,0
779,$4008_linear,0
779,$400C_const,1
779,$400C_vol,0
780,$4000_duty,3
780,$4000_const,1
780,$4000_vol,0
780,$4004_duty,3
780,$4004_const,1
780,$4004_vol,0
780,$4008_linear,0
780,$400C_const,1
780,$400C_vol,0
781,$4000_duty,3
781,$4000_const,1
781,$4000_vol,0
781,$4004_duty,3
781,$4004_const,1
781,$4004_vol,0
781,$4008_linear,0
781,$400C_const,1
781,$400C_vol,0
782,$4000_duty,3
782,$4000_const,1
782,$4000_vol,0
782,$4004_duty,3
782,$4004_const,1
782,$4004_vol,0
782,$4008_linear,0
782,$400C_const,1
782,$400C_vol,0
783,$4000_duty,3
783,$4000_const,1
783,$4000_vol,0
783,$4004_duty,3
783,$4004_const,1
783,$4004_vol,0
783,$4008_linear,0
783,$400C_const,1
783,$400C_vol,0
784,$4000_duty,3
784,$4000_const,1
784,$4000_vol,0
784,$4004_duty,3
784,$4004_const,1
784,$4004_vol,0
784,$4008_linear,0
784,$400C_const,1
784,$400C_vol,0
785,$4000_duty,3
785,$4000_const,1
785,$4000_vol,0
785,$4004_duty,3
785,$4004_const,1
785,$4004_vol,0
785,$4008_linear,0
785,$400C_const,1
785,$400C_vol,0
786,$4000_duty,3
786,$4000_const,1
786,$4000_vol,0
786,$4004_duty,3
786,$4004_const,1
786,$4004_vol,0
786,$4008_linear,0
786,$400C_const,1
786,$400C_vol,0
787,$4000_duty,3
787,$4000_const,1
787,$4000_vol,0
787,$4004_duty,3
787,$4004_const,1
787,$4004_vol,0
787,$4008_linear,0
787,$400C_const,1
787,$400C_vol,0
788,$4000_duty,3
788,$4000_const,1
788,$4000_vol,0
788,$4004_duty,3
788,$4004_const,1
788,$4004_vol,0
788,$4008_linear,0
788,$400C_const,1
788,$400C_vol,0
789,$4000_duty,3
789,$4000_const,1
789,$4000_vol,0
789,$4004_duty,3
789,$4004_const,1
789,$4004_vol,0
789,$4008_linear,0
789,$400C_const,1
789,$400C_vol,0
790,$4000_duty,3
790,$4000_const,1
790,$4000_vol,0
790,$4004_duty,3
790,$4004_const,1
790,$4004_vol,0
790,$4008_linear,0
790,$400C_const,1
790,$400C_vol,0
791,$4000_duty,3
791,$4000_const,1
791,$4000_vol,0
791,$4004_duty,3
791,$4004_const,1
791,$4004_vol,0
791,$4008_linear,0
791,$400C_const,1
791,$400C_vol,0
792,$4000_duty,3
792,$4000_const,1
792,$4000_vol,0
792,$4004_duty,3
792,$4004_const,1
792,$4004_vol,0
792,$4008_linear,0
792,$400C_const,1
792,$400C_vol,0
793,$4000_duty,3
793,$4000_const,1
793,$4000_vol,0
793,$4004_duty,3
793,$4004_const,1
793,$4004_vol,0
793,$4008_linear,0
793,$400C_const,1
793,$400C_vol,0
794,$4000_duty,3
794,$4000_const,1
794,$4000_vol,0
794,$4004_duty,3
794,$4004_const,1
794,$4004_vol,0
794,$4008_linear,0
794,$400C_const,1
794,$400C_vol,0
795,$4000_duty,3
795,$4000_const,1
795,$4000_vol,0
795,$4004_duty,3
795,$4004_const,1
795,$4004_vol,0
795,$4008_linear,0
795,$400C_const,1
795,$400C_vol,0
796,$4000_duty,3
796,$4000_const,1
796,$4000_vol,0
796,$4004_duty,3
796,$4004_const,1
796,$4004_vol,0
796,$4008_linear,0
796,$400C_const,1
796,$400C_vol,0
797,$4000_duty,3
797,$4000_const,1
797,$4000_vol,0
797,$4004_duty,3
797,$4004_const,1
797,$4004_vol,0
797,$4008_linear,0
797,$400C_const,1
797,$400C_vol,0
798,$4000_duty,3
798,$4000_const,1
798,$4000_vol,0
798,$4004_duty,3
798,$4004_const,1
798,$4004_vol,0
798,$4008_linear,0
798,$400C_const,1
798,$400C_vol,0
799,$4000_duty,3
799,$4000_const,1
799,$4000_vol,0
799,$4004_duty,3
799,$4004_const,1
799,$4004_vol,0
799,$4008_linear,0
799,$400C_const,1
799,$400C_vol,0
