frame,parameter,value
23,$4011_dac,63
23,$4011_dac,64
23,$4011_dac,64
23,$4011_dac,65
23,$4011_dac,65
23,$4011_dac,65
23,$4011_dac,65
23,$4011_dac,66
23,$4011_dac,66
23,$4011_dac,66
23,$4011_dac,66
23,$4011_dac,65
23,$4011_dac,65
23,$4011_dac,64
23,$4011_dac,63
23,$4011_dac,63
23,$4011_dac,63
23,$4011_dac,62
23,$4011_dac,60
23,$4011_dac,60
23,$4011_dac,61
23,$4011_dac,62
23,$4011_dac,63
23,$4011_dac,63
23,$4011_dac,62
23,$4011_dac,62
23,$4011_dac,62
23,$4011_dac,63
23,$4011_dac,63
23,$4011_dac,64
23,$4011_dac,64
23,$4011_dac,64
23,$4011_dac,63
23,$4011_dac,63
23,$4011_dac,64
23,$4011_dac,64
23,$4011_dac,64
23,$4011_dac,64
23,$4011_dac,64
23,$4011_dac,65
23,$4011_dac,67
23,$4011_dac,68
23,$4011_dac,69
23,$4011_dac,70
23,$4011_dac,68
23,$4011_dac,67
23,$4011_dac,65
23,$4011_dac,63
23,$4011_dac,61
23,$4011_dac,61
23,$4011_dac,61
23,$4011_dac,60
23,$4011_dac,56
23,$4011_dac,54
23,$4011_dac,53
23,$4011_dac,55
23,$4011_dac,59
23,$4011_dac,62
23,$4011_dac,64
23,$4011_dac,66
23,$4011_dac,68
23,$4011_dac,71
23,$4011_dac,73
23,$4011_dac,74
23,$4011_dac,74
23,$4011_dac,73
23,$4011_dac,72
23,$4011_dac,70
23,$4011_dac,68
23,$4011_dac,66
23,$4011_dac,64
23,$4011_dac,63
23,$4011_dac,61
23,$4011_dac,58
23,$4011_dac,54
23,$4011_dac,51
23,$4011_dac,50
23,$4011_dac,50
23,$4011_dac,52
23,$4011_dac,54
23,$4011_dac,54
23,$4011_dac,56
23,$4011_dac,59
23,$4011_dac,61
23,$4011_dac,64
23,$4011_dac,67
23,$4011_dac,69
23,$4011_dac,71
23,$4011_dac,72
23,$4011_dac,71
23,$4011_dac,72
23,$4011_dac,72
23,$4011_dac,70
23,$4011_dac,67
23,$4011_dac,63
23,$4011_dac,59
23,$4011_dac,59
23,$4011_dac,61
23,$4011_dac,64
23,$4011_dac,66
23,$4011_dac,68
23,$4011_dac,69
23,$4011_dac,72
23,$4011_dac,74
23,$4011_dac,75
23,$4011_dac,75
23,$4011_dac,72
23,$4011_dac,68
23,$4011_dac,64
23,$4011_dac,59
23,$4011_dac,56
23,$4011_dac,53
23,$4011_dac,51
23,$4011_dac,49
23,$4011_dac,48
23,$4011_dac,47
23,$4011_dac,49
23,$4011_dac,51
23,$4011_dac,53
23,$4011_dac,57
23,$4011_dac,61
23,$4011_dac,64
23,$4011_dac,67
23,$4011_dac,70
24,$4011_dac,74
24,$4011_dac,77
24,$4011_dac,79
24,$4011_dac,79
24,$4011_dac,77
24,$4011_dac,74
24,$4011_dac,72
24,$4011_dac,71
24,$4011_dac,71
24,$4011_dac,69
24,$4011_dac,66
24,$4011_dac,63
24,$4011_dac,60
24,$4011_dac,57
24,$4011_dac,54
24,$4011_dac,52
24,$4011_dac,51
24,$4011_dac,50
24,$4011_dac,47
24,$4011_dac,48
24,$4011_dac,52
24,$4011_dac,55
24,$4011_dac,59
24,$4011_dac,61
24,$4011_dac,62
24,$4011_dac,66
24,$4011_dac,69
24,$4011_dac,71
24,$4011_dac,74
24,$4011_dac,75
24,$4011_dac,73
24,$4011_dac,71
24,$4011_dac,68
24,$4011_dac,64
24,$4011_dac,63
24,$4011_dac,62
24,$4011_dac,62
24,$4011_dac,64
24,$4011_dac,66
24,$4011_dac,66
24,$4011_dac,69
24,$4011_dac,71
24,$4011_dac,73
24,$4011_dac,74
24,$4011_dac,72
24,$4011_dac,69
24,$4011_dac,66
24,$4011_dac,62
24,$4011_dac,61
24,$4011_dac,60
24,$4011_dac,57
24,$4011_dac,53
24,$4011_dac,49
24,$4011_dac,46
24,$4011_dac,45
24,$4011_dac,46
24,$4011_dac,50
24,$4011_dac,54
24,$4011_dac,58
24,$4011_dac,62
24,$4011_dac,67
24,$4011_dac,71
24,$4011_dac,75
24,$4011_dac,79
24,$4011_dac,81
24,$4011_dac,83
24,$4011_dac,83
24,$4011_dac,79
24,$4011_dac,75
24,$4011_dac,72
24,$4011_dac,68
24,$4011_dac,64
24,$4011_dac,61
24,$4011_dac,56
24,$4011_dac,52
24,$4011_dac,49
24,$4011_dac,48
24,$4011_dac,48
24,$4011_dac,48
24,$4011_dac,49
24,$4011_dac,51
24,$4011_dac,55
24,$4011_dac,57
24,$4011_dac,57
24,$4011_dac,61
24,$4011_dac,65
24,$4011_dac,68
24,$4011_dac,72
24,$4011_dac,72
24,$4011_dac,72
24,$4011_dac,74
24,$4011_dac,76
24,$4011_dac,78
24,$4011_dac,76
24,$4011_dac,73
24,$4011_dac,68
24,$4011_dac,66
24,$4011_dac,63
24,$4011_dac,61
24,$4011_dac,60
24,$4011_dac,60
24,$4011_dac,62
24,$4011_dac,64
24,$4011_dac,64
24,$4011_dac,61
24,$4011_dac,62
24,$4011_dac,65
24,$4011_dac,69
24,$4011_dac,70
24,$4011_dac,68
24,$4011_dac,67
24,$4011_dac,65
24,$4011_dac,60
24,$4011_dac,55
24,$4011_dac,51
24,$4011_dac,52
24,$4011_dac,52
24,$4011_dac,49
24,$4011_dac,48
24,$4011_dac,52
24,$4011_dac,56
24,$4011_dac,60
24,$4011_dac,63
24,$4011_dac,69
24,$4011_dac,74
24,$4011_dac,77
24,$4011_dac,77
24,$4011_dac,75
24,$4011_dac,73
24,$4011_dac,69
24,$4011_dac,64
24,$4011_dac,63
24,$4011_dac,64
24,$4011_dac,65
24,$4011_dac,65
24,$4011_dac,66
24,$4011_dac,67
24,$4011_dac,68
24,$4011_dac,66
24,$4011_dac,62
24,$4011_dac,60
24,$4011_dac,60
24,$4011_dac,54
24,$4011_dac,49
24,$4011_dac,49
24,$4011_dac,52
24,$4011_dac,53
24,$4011_dac,55
24,$4011_dac,57
24,$4011_dac,63
24,$4011_dac,66
24,$4011_dac,69
24,$4011_dac,74
24,$4011_dac,79
24,$4011_dac,79
24,$4011_dac,78
24,$4011_dac,76
24,$4011_dac,73
24,$4011_dac,68
24,$4011_dac,63
24,$4011_dac,59
24,$4011_dac,57
24,$4011_dac,54
24,$4011_dac,54
24,$4011_dac,57
24,$4011_dac,62
24,$4011_dac,65
24,$4011_dac,67
24,$4011_dac,69
24,$4011_dac,73
24,$4011_dac,72
24,$4011_dac,71
24,$4011_dac,68
24,$4011_dac,64
24,$4011_dac,59
24,$4011_dac,54
24,$4011_dac,51
24,$4011_dac,51
24,$4011_dac,50
24,$4011_dac,51
24,$4011_dac,55
24,$4011_dac,60
24,$4011_dac,64
24,$4011_dac,68
24,$4011_dac,70
24,$4011_dac,73
24,$4011_dac,74
24,$4011_dac,73
24,$4011_dac,69
24,$4011_dac,67
24,$4011_dac,66
24,$4011_dac,60
24,$4011_dac,57
24,$4011_dac,58
24,$4011_dac,60
24,$4011_dac,63
24,$4011_dac,63
24,$4011_dac,64
24,$4011_dac,67
24,$4011_dac,65
24,$4011_dac,62
24,$4011_dac,64
24,$4011_dac,61
24,$4011_dac,60
24,$4011_dac,61
24,$4011_dac,61
24,$4011_dac,58
24,$4011_dac,55
24,$4011_dac,55
24,$4011_dac,61
24,$4011_dac,64
24,$4011_dac,67
24,$4011_dac,73
24,$4011_dac,75
24,$4011_dac,74
24,$4011_dac,70
24,$4011_dac,70
24,$4011_dac,72
24,$4011_dac,68
24,$4011_dac,66
24,$4011_dac,67
24,$4011_dac,65
24,$4011_dac,63
24,$4011_dac,62
24,$4011_dac,61
24,$4011_dac,61
24,$4011_dac,59
24,$4011_dac,58
24,$4011_dac,58
24,$4011_dac,55
24,$4011_dac,54
24,$4011_dac,57
24,$4011_dac,59
24,$4011_dac,62
24,$4011_dac,65
24,$4011_dac,68
24,$4011_dac,70
24,$4011_dac,69
24,$4011_dac,67
24,$4011_dac,63
24,$4011_dac,59
24,$4011_dac,58
24,$4011_dac,57
24,$4011_dac,57
24,$4011_dac,58
24,$4011_dac,60
24,$4011_dac,63
24,$4011_dac,65
24,$4011_dac,68
24,$4011_dac,71
24,$4011_dac,72
24,$4011_dac,72
24,$4011_dac,71
24,$4011_dac,68
24,$4011_dac,67
24,$4011_dac,64
24,$4011_dac,61
24,$4011_dac,61
24,$4011_dac,57
24,$4011_dac,55
24,$4011_dac,56
24,$4011_dac,58
24,$4011_dac,60
24,$4011_dac,60
24,$4011_dac,66
24,$4011_dac,69
24,$4011_dac,66
24,$4011_dac,65
24,$4011_dac,62
24,$4011_dac,61
24,$4011_dac,63
24,$4011_dac,64
24,$4011_dac,67
24,$4011_dac,64
24,$4011_dac,60
24,$4011_dac,62
24,$4011_dac,65
24,$4011_dac,71
24,$4011_dac,74
24,$4011_dac,65
24,$4011_dac,64
24,$4011_dac,68
24,$4011_dac,65
24,$4011_dac,65
24,$4011_dac,70
24,$4011_dac,69
24,$4011_dac,66
24,$4011_dac,60
24,$4011_dac,57
24,$4011_dac,52
24,$4011_dac,46
24,$4011_dac,49
24,$4011_dac,55
24,$4011_dac,57
24,$4011_dac,62
24,$4011_dac,65
24,$4011_dac,68
24,$4011_dac,72
24,$4011_dac,75
24,$4011_dac,81
24,$4011_dac,82
24,$4011_dac,78
24,$4011_dac,73
24,$4011_dac,63
24,$4011_dac,52
24,$4011_dac,48
24,$4011_dac,44
24,$4011_dac,43
24,$4011_dac,46
24,$4011_dac,52
24,$4011_dac,58
24,$4011_dac,63
24,$4011_dac,72
24,$4011_dac,78
24,$4011_dac,80
24,$4011_dac,82
25,$4011_dac,80
25,$4011_dac,75
25,$4011_dac,69
25,$4011_dac,65
25,$4011_dac,61
25,$4011_dac,57
25,$4011_dac,56
25,$4011_dac,55
25,$4011_dac,54
25,$4011_dac,55
25,$4011_dac,57
25,$4011_dac,60
25,$4011_dac,64
25,$4011_dac,68
25,$4011_dac,68
25,$4011_dac,66
25,$4011_dac,63
25,$4011_dac,63
25,$4011_dac,65
25,$4011_dac,64
25,$4011_dac,63
25,$4011_dac,59
25,$4011_dac,58
25,$4011_dac,55
25,$4011_dac,57
25,$4011_dac,63
25,$4011_dac,70
25,$4011_dac,57
25,$4011_dac,62
25,$4011_dac,74
25,$4011_dac,66
25,$4011_dac,66
25,$4011_dac,76
25,$4011_dac,69
25,$4011_dac,67
25,$4011_dac,64
25,$4011_dac,65
25,$4011_dac,57
25,$4011_dac,55
25,$4011_dac,60
25,$4011_dac,57
25,$4011_dac,55
25,$4011_dac,63
25,$4011_dac,67
25,$4011_dac,72
25,$4011_dac,76
25,$4011_dac,81
25,$4011_dac,82
25,$4011_dac,78
25,$4011_dac,76
25,$4011_dac,66
25,$4011_dac,55
25,$4011_dac,46
25,$4011_dac,38
25,$4011_dac,34
25,$4011_dac,36
25,$4011_dac,39
25,$4011_dac,47
25,$4011_dac,54
25,$4011_dac,65
25,$4011_dac,71
25,$4011_dac,76
25,$4011_dac,84
25,$4011_dac,87
25,$4011_dac,86
25,$4011_dac,86
25,$4011_dac,78
25,$4011_dac,70
25,$4011_dac,66
25,$4011_dac,55
25,$4011_dac,55
25,$4011_dac,51
25,$4011_dac,48
25,$4011_dac,52
25,$4011_dac,54
25,$4011_dac,60
25,$4011_dac,64
25,$4011_dac,67
25,$4011_dac,69
25,$4011_dac,67
25,$4011_dac,68
25,$4011_dac,69
25,$4011_dac,64
25,$4011_dac,63
25,$4011_dac,61
25,$4011_dac,56
25,$4011_dac,60
25,$4011_dac,55
25,$4011_dac,41
25,$4011_dac,68
25,$4011_dac,60
25,$4011_dac,69
25,$4011_dac,81
25,$4011_dac,81
25,$4011_dac,79
25,$4011_dac,76
25,$4011_dac,78
25,$4011_dac,67
25,$4011_dac,58
25,$4011_dac,59
25,$4011_dac,50
25,$4011_dac,43
25,$4011_dac,50
25,$4011_dac,48
25,$4011_dac,58
25,$4011_dac,63
25,$4011_dac,74
25,$4011_dac,82
25,$4011_dac,86
25,$4011_dac,85
25,$4011_dac,79
25,$4011_dac,82
25,$4011_dac,63
25,$4011_dac,55
25,$4011_dac,51
25,$4011_dac,35
25,$4011_dac,33
25,$4011_dac,32
25,$4011_dac,29
25,$4011_dac,41
25,$4011_dac,50
25,$4011_dac,63
25,$4011_dac,74
25,$4011_dac,83
25,$4011_dac,92
25,$4011_dac,91
25,$4011_dac,94
25,$4011_dac,90
25,$4011_dac,81
25,$4011_dac,73
25,$4011_dac,69
25,$4011_dac,57
25,$4011_dac,50
25,$4011_dac,49
25,$4011_dac,45
25,$4011_dac,44
25,$4011_dac,51
25,$4011_dac,56
25,$4011_dac,61
25,$4011_dac,67
25,$4011_dac,72
25,$4011_dac,73
25,$4011_dac,75
25,$4011_dac,76
25,$4011_dac,69
25,$4011_dac,62
25,$4011_dac,40
25,$4011_dac,56
25,$4011_dac,51
25,$4011_dac,52
25,$4011_dac,60
25,$4011_dac,64
25,$4011_dac,61
25,$4011_dac,74
25,$4011_dac,71
25,$4011_dac,76
25,$4011_dac,73
25,$4011_dac,76
25,$4011_dac,67
25,$4011_dac,63
25,$4011_dac,60
25,$4011_dac,51
25,$4011_dac,56
25,$4011_dac,58
25,$4011_dac,61
25,$4011_dac,64
25,$4011_dac,72
25,$4011_dac,74
25,$4011_dac,77
25,$4011_dac,78
25,$4011_dac,74
25,$4011_dac,66
25,$4011_dac,63
25,$4011_dac,54
25,$4011_dac,50
25,$4011_dac,46
25,$4011_dac,42
25,$4011_dac,43
25,$4011_dac,43
25,$4011_dac,50
25,$4011_dac,58
25,$4011_dac,67
25,$4011_dac,72
25,$4011_dac,80
25,$4011_dac,82
25,$4011_dac,83
25,$4011_dac,89
25,$4011_dac,85
25,$4011_dac,81
25,$4011_dac,78
25,$4011_dac,67
25,$4011_dac,64
25,$4011_dac,56
25,$4011_dac,47
25,$4011_dac,46
25,$4011_dac,42
25,$4011_dac,48
25,$4011_dac,53
25,$4011_dac,58
25,$4011_dac,64
25,$4011_dac,64
25,$4011_dac,60
25,$4011_dac,49
25,$4011_dac,73
25,$4011_dac,61
25,$4011_dac,66
25,$4011_dac,74
25,$4011_dac,66
25,$4011_dac,64
25,$4011_dac,63
25,$4011_dac,61
25,$4011_dac,54
25,$4011_dac,58
25,$4011_dac,57
25,$4011_dac,56
25,$4011_dac,58
25,$4011_dac,65
25,$4011_dac,65
25,$4011_dac,72
25,$4011_dac,78
25,$4011_dac,82
25,$4011_dac,85
25,$4011_dac,88
25,$4011_dac,86
25,$4011_dac,79
25,$4011_dac,73
25,$4011_dac,63
25,$4011_dac,57
25,$4011_dac,49
25,$4011_dac,46
25,$4011_dac,40
25,$4011_dac,39
25,$4011_dac,38
25,$4011_dac,39
25,$4011_dac,42
25,$4011_dac,52
25,$4011_dac,59
25,$4011_dac,65
25,$4011_dac,74
25,$4011_dac,78
25,$4011_dac,85
25,$4011_dac,88
25,$4011_dac,90
25,$4011_dac,84
25,$4011_dac,80
25,$4011_dac,74
25,$4011_dac,68
25,$4011_dac,63
25,$4011_dac,59
25,$4011_dac,54
25,$4011_dac,53
25,$4011_dac,49
25,$4011_dac,54
25,$4011_dac,55
25,$4011_dac,45
25,$4011_dac,46
25,$4011_dac,64
25,$4011_dac,49
25,$4011_dac,65
25,$4011_dac,68
25,$4011_dac,67
25,$4011_dac,70
25,$4011_dac,70
25,$4011_dac,65
25,$4011_dac,62
25,$4011_dac,66
25,$4011_dac,61
25,$4011_dac,59
25,$4011_dac,56
25,$4011_dac,53
25,$4011_dac,55
25,$4011_dac,60
25,$4011_dac,60
25,$4011_dac,70
25,$4011_dac,72
25,$4011_dac,78
25,$4011_dac,82
25,$4011_dac,85
25,$4011_dac,85
25,$4011_dac,84
25,$4011_dac,80
25,$4011_dac,71
25,$4011_dac,67
25,$4011_dac,60
25,$4011_dac,51
25,$4011_dac,46
25,$4011_dac,40
25,$4011_dac,37
25,$4011_dac,42
25,$4011_dac,41
25,$4011_dac,45
25,$4011_dac,53
25,$4011_dac,59
25,$4011_dac,67
25,$4011_dac,79
25,$4011_dac,84
25,$4011_dac,86
25,$4011_dac,92
25,$4011_dac,89
25,$4011_dac,88
25,$4011_dac,82
25,$4011_dac,79
25,$4011_dac,68
25,$4011_dac,60
25,$4011_dac,56
25,$4011_dac,46
25,$4011_dac,30
25,$4011_dac,46
25,$4011_dac,38
25,$4011_dac,40
25,$4011_dac,56
25,$4011_dac,55
25,$4011_dac,57
25,$4011_dac,71
25,$4011_dac,68
25,$4011_dac,68
25,$4011_dac,75
26,$4011_dac,71
26,$4011_dac,63
26,$4011_dac,66
26,$4011_dac,59
26,$4011_dac,50
26,$4011_dac,55
26,$4011_dac,53
26,$4011_dac,55
26,$4011_dac,62
26,$4011_dac,65
26,$4011_dac,74
26,$4011_dac,83
26,$4011_dac,84
26,$4011_dac,86
26,$4011_dac,86
26,$4011_dac,82
26,$4011_dac,77
26,$4011_dac,73
26,$4011_dac,63
26,$4011_dac,53
26,$4011_dac,47
26,$4011_dac,39
26,$4011_dac,42
26,$4011_dac,47
26,$4011_dac,49
26,$4011_dac,54
26,$4011_dac,60
26,$4011_dac,62
26,$4011_dac,67
26,$4011_dac,74
26,$4011_dac,80
26,$4011_dac,82
26,$4011_dac,84
26,$4011_dac,80
26,$4011_dac,78
26,$4011_dac,78
26,$4011_dac,70
26,$4011_dac,65
26,$4011_dac,63
26,$4011_dac,49
26,$4011_dac,38
26,$4011_dac,52
26,$4011_dac,41
26,$4011_dac,51
26,$4011_dac,59
26,$4011_dac,52
26,$4011_dac,57
26,$4011_dac,64
26,$4011_dac,58
26,$4011_dac,62
26,$4011_dac,66
26,$4011_dac,62
26,$4011_dac,60
26,$4011_dac,64
26,$4011_dac,58
26,$4011_dac,57
26,$4011_dac,65
26,$4011_dac,59
26,$4011_dac,65
26,$4011_dac,70
26,$4011_dac,70
26,$4011_dac,73
26,$4011_dac,75
26,$4011_dac,74
26,$4011_dac,76
26,$4011_dac,75
26,$4011_dac,69
26,$4011_dac,65
26,$4011_dac,64
26,$4011_dac,57
26,$4011_dac,56
26,$4011_dac,55
26,$4011_dac,52
26,$4011_dac,57
26,$4011_dac,57
26,$4011_dac,58
26,$4011_dac,64
26,$4011_dac,65
26,$4011_dac,67
26,$4011_dac,74
26,$4011_dac,73
26,$4011_dac,73
26,$4011_dac,75
26,$4011_dac,71
26,$4011_dac,69
26,$4011_dac,69
26,$4011_dac,67
26,$4011_dac,68
26,$4011_dac,67
26,$4011_dac,66
26,$4011_dac,59
26,$4011_dac,58
26,$4011_dac,62
26,$4011_dac,53
26,$4011_dac,59
26,$4011_dac,61
26,$4011_dac,56
26,$4011_dac,60
26,$4011_dac,57
26,$4011_dac,52
26,$4011_dac,58
26,$4011_dac,57
26,$4011_dac,53
26,$4011_dac,58
26,$4011_dac,57
26,$4011_dac,57
26,$4011_dac,63
26,$4011_dac,66
26,$4011_dac,61
26,$4011_dac,65
26,$4011_dac,65
26,$4011_dac,65
26,$4011_dac,69
26,$4011_dac,70
26,$4011_dac,69
26,$4011_dac,70
26,$4011_dac,68
26,$4011_dac,67
26,$4011_dac,70
26,$4011_dac,68
26,$4011_dac,67
26,$4011_dac,66
26,$4011_dac,62
26,$4011_dac,62
26,$4011_dac,65
26,$4011_dac,64
26,$4011_dac,65
26,$4011_dac,64
26,$4011_dac,60
26,$4011_dac,60
26,$4011_dac,58
26,$4011_dac,60
26,$4011_dac,66
26,$4011_dac,68
26,$4011_dac,69
26,$4011_dac,70
26,$4011_dac,73
26,$4011_dac,73
26,$4011_dac,70
26,$4011_dac,68
26,$4011_dac,67
26,$4011_dac,63
26,$4011_dac,64
26,$4011_dac,62
26,$4011_dac,57
26,$4011_dac,57
26,$4011_dac,56
26,$4011_dac,52
26,$4011_dac,54
26,$4011_dac,55
26,$4011_dac,56
26,$4011_dac,60
26,$4011_dac,62
26,$4011_dac,64
26,$4011_dac,65
26,$4011_dac,65
26,$4011_dac,65
26,$4011_dac,66
26,$4011_dac,65
26,$4011_dac,62
26,$4011_dac,58
26,$4011_dac,58
26,$4011_dac,55
26,$4011_dac,56
26,$4011_dac,57
26,$4011_dac,56
26,$4011_dac,58
26,$4011_dac,63
26,$4011_dac,68
26,$4011_dac,72
26,$4011_dac,76
26,$4011_dac,76
26,$4011_dac,75
26,$4011_dac,75
26,$4011_dac,75
26,$4011_dac,70
26,$4011_dac,65
26,$4011_dac,64
26,$4011_dac,63
26,$4011_dac,61
26,$4011_dac,61
26,$4011_dac,58
26,$4011_dac,59
26,$4011_dac,60
26,$4011_dac,61
26,$4011_dac,63
26,$4011_dac,65
26,$4011_dac,67
26,$4011_dac,69
26,$4011_dac,68
26,$4011_dac,68
26,$4011_dac,65
26,$4011_dac,62
26,$4011_dac,62
26,$4011_dac,60
26,$4011_dac,62
26,$4011_dac,63
26,$4011_dac,60
26,$4011_dac,62
26,$4011_dac,63
26,$4011_dac,60
26,$4011_dac,60
26,$4011_dac,62
26,$4011_dac,61
26,$4011_dac,62
26,$4011_dac,63
26,$4011_dac,62
26,$4011_dac,62
26,$4011_dac,63
26,$4011_dac,62
26,$4011_dac,60
26,$4011_dac,61
26,$4011_dac,62
26,$4011_dac,62
26,$4011_dac,62
26,$4011_dac,62
26,$4011_dac,62
26,$4011_dac,65
26,$4011_dac,65
26,$4011_dac,64
26,$4011_dac,64
26,$4011_dac,65
26,$4011_dac,63
26,$4011_dac,62
26,$4011_dac,61
26,$4011_dac,62
26,$4011_dac,63
26,$4011_dac,63
26,$4011_dac,65
26,$4011_dac,66
26,$4011_dac,66
26,$4011_dac,67
26,$4011_dac,68
26,$4011_dac,70
26,$4011_dac,71
26,$4011_dac,70
26,$4011_dac,68
26,$4011_dac,65
26,$4011_dac,65
26,$4011_dac,65
26,$4011_dac,66
26,$4011_dac,65
26,$4011_dac,63
26,$4011_dac,64
26,$4011_dac,62
26,$4011_dac,61
26,$4011_dac,61
26,$4011_dac,62
26,$4011_dac,61
26,$4011_dac,61
26,$4011_dac,60
26,$4011_dac,58
26,$4011_dac,59
26,$4011_dac,59
26,$4011_dac,61
26,$4011_dac,62
26,$4011_dac,64
26,$4011_dac,64
26,$4011_dac,65
26,$4011_dac,63
26,$4011_dac,62
26,$4011_dac,64
26,$4011_dac,64
26,$4011_dac,65
26,$4011_dac,65
26,$4011_dac,62
26,$4011_dac,60
26,$4011_dac,61
26,$4011_dac,62
26,$4011_dac,61
26,$4011_dac,61
26,$4011_dac,60
26,$4011_dac,61
26,$4011_dac,61
26,$4011_dac,61
26,$4011_dac,64
26,$4011_dac,67
26,$4011_dac,67
26,$4011_dac,68
26,$4011_dac,68
26,$4011_dac,67
26,$4011_dac,68
26,$4011_dac,67
26,$4011_dac,66
26,$4011_dac,68
26,$4011_dac,68
26,$4011_dac,67
26,$4011_dac,66
26,$4011_dac,64
26,$4011_dac,62
26,$4011_dac,62
26,$4011_dac,64
26,$4011_dac,64
26,$4011_dac,65
26,$4011_dac,64
26,$4011_dac,61
26,$4011_dac,58
26,$4011_dac,59
26,$4011_dac,60
26,$4011_dac,61
26,$4011_dac,62
26,$4011_dac,62
26,$4011_dac,63
26,$4011_dac,64
26,$4011_dac,63
26,$4011_dac,63
26,$4011_dac,65
26,$4011_dac,64
26,$4011_dac,63
26,$4011_dac,63
26,$4011_dac,64
26,$4011_dac,65
26,$4011_dac,65
26,$4011_dac,64
26,$4011_dac,62
26,$4011_dac,61
26,$4011_dac,62
26,$4011_dac,62
27,$4011_dac,60
27,$4011_dac,60
27,$4011_dac,60
27,$4011_dac,61
27,$4011_dac,61
27,$4011_dac,62
27,$4011_dac,64
27,$4011_dac,64
27,$4011_dac,66
27,$4011_dac,68
27,$4011_dac,68
27,$4011_dac,66
27,$4011_dac,65
27,$4011_dac,64
27,$4011_dac,65
27,$4011_dac,66
27,$4011_dac,65
27,$4011_dac,63
27,$4011_dac,60
27,$4011_dac,61
27,$4011_dac,64
27,$4011_dac,68
27,$4011_dac,70
27,$4011_dac,68
27,$4011_dac,66
27,$4011_dac,64
27,$4011_dac,63
27,$4011_dac,62
27,$4011_dac,61
27,$4011_dac,60
27,$4011_dac,61
27,$4011_dac,62
27,$4011_dac,62
27,$4011_dac,59
27,$4011_dac,57
27,$4011_dac,57
27,$4011_dac,60
27,$4011_dac,63
27,$4011_dac,65
27,$4011_dac,65
27,$4011_dac,65
27,$4011_dac,66
27,$4011_dac,68
27,$4011_dac,69
27,$4011_dac,70
27,$4011_dac,70
27,$4011_dac,68
27,$4011_dac,65
27,$4011_dac,66
27,$4011_dac,65
27,$4011_dac,64
27,$4011_dac,62
27,$4011_dac,61
27,$4011_dac,60
27,$4011_dac,59
27,$4011_dac,57
27,$4011_dac,57
27,$4011_dac,59
27,$4011_dac,61
27,$4011_dac,62
27,$4011_dac,62
27,$4011_dac,61
27,$4011_dac,60
27,$4011_dac,61
27,$4011_dac,62
27,$4011_dac,63
27,$4011_dac,63
27,$4011_dac,63
27,$4011_dac,62
27,$4011_dac,62
27,$4011_dac,64
27,$4011_dac,64
27,$4011_dac,66
27,$4011_dac,69
27,$4011_dac,69
27,$4011_dac,68
27,$4011_dac,68
27,$4011_dac,66
27,$4011_dac,65
27,$4011_dac,66
27,$4011_dac,66
27,$4011_dac,65
27,$4011_dac,65
27,$4011_dac,65
27,$4011_dac,66
27,$4011_dac,66
27,$4011_dac,65
27,$4011_dac,63
27,$4011_dac,60
27,$4011_dac,60
27,$4011_dac,59
27,$4011_dac,59
27,$4011_dac,60
27,$4011_dac,61
27,$4011_dac,61
27,$4011_dac,60
27,$4011_dac,61
27,$4011_dac,63
27,$4011_dac,65
27,$4011_dac,65
27,$4011_dac,66
27,$4011_dac,67
27,$4011_dac,67
27,$4011_dac,66
27,$4011_dac,66
27,$4011_dac,67
27,$4011_dac,66
27,$4011_dac,64
27,$4011_dac,62
27,$4011_dac,59
27,$4011_dac,58
27,$4011_dac,58
27,$4011_dac,60
27,$4011_dac,61
27,$4011_dac,61
27,$4011_dac,63
27,$4011_dac,64
27,$4011_dac,64
27,$4011_dac,64
27,$4011_dac,63
27,$4011_dac,62
27,$4011_dac,62
27,$4011_dac,63
27,$4011_dac,64
27,$4011_dac,65
27,$4011_dac,63
27,$4011_dac,61
27,$4011_dac,62
27,$4011_dac,63
27,$4011_dac,66
27,$4011_dac,68
27,$4011_dac,69
27,$4011_dac,68
27,$4011_dac,68
27,$4011_dac,68
27,$4011_dac,68
27,$4011_dac,65
27,$4011_dac,64
27,$4011_dac,64
27,$4011_dac,63
27,$4011_dac,61
27,$4011_dac,59
27,$4011_dac,58
27,$4011_dac,58
27,$4011_dac,60
27,$4011_dac,62
27,$4011_dac,65
27,$4011_dac,67
27,$4011_dac,68
27,$4011_dac,67
27,$4011_dac,66
27,$4011_dac,67
27,$4011_dac,65
27,$4011_dac,62
27,$4011_dac,60
27,$4011_dac,60
27,$4011_dac,61
27,$4011_dac,60
27,$4011_dac,60
27,$4011_dac,60
27,$4011_dac,60
27,$4011_dac,61
27,$4011_dac,63
27,$4011_dac,63
27,$4011_dac,63
27,$4011_dac,63
27,$4011_dac,64
27,$4011_dac,65
27,$4011_dac,66
27,$4011_dac,66
27,$4011_dac,65
27,$4011_dac,63
27,$4011_dac,61
27,$4011_dac,62
27,$4011_dac,63
27,$4011_dac,64
27,$4011_dac,64
27,$4011_dac,63
27,$4011_dac,63
27,$4011_dac,64
27,$4011_dac,65
27,$4011_dac,65
27,$4011_dac,65
27,$4011_dac,66
27,$4011_dac,67
27,$4011_dac,65
27,$4011_dac,64
27,$4011_dac,65
27,$4011_dac,65
27,$4011_dac,63
27,$4011_dac,62
27,$4011_dac,62
27,$4011_dac,62
27,$4011_dac,62
27,$4011_dac,62
27,$4011_dac,63
27,$4011_dac,64
27,$4011_dac,64
27,$4011_dac,64
27,$4011_dac,63
27,$4011_dac,62
27,$4011_dac,62
27,$4011_dac,64
27,$4011_dac,64
27,$4011_dac,63
27,$4011_dac,63
27,$4011_dac,65
27,$4011_dac,67
27,$4011_dac,69
27,$4011_dac,69
27,$4011_dac,69
27,$4011_dac,67
27,$4011_dac,64
27,$4011_dac,62
27,$4011_dac,61
27,$4011_dac,59
27,$4011_dac,58
27,$4011_dac,56
27,$4011_dac,56
27,$4011_dac,59
27,$4011_dac,59
27,$4011_dac,59
27,$4011_dac,60
27,$4011_dac,62
27,$4011_dac,64
27,$4011_dac,65
27,$4011_dac,66
27,$4011_dac,69
27,$4011_dac,70
27,$4011_dac,69
27,$4011_dac,67
27,$4011_dac,65
27,$4011_dac,65
27,$4011_dac,65
27,$4011_dac,63
27,$4011_dac,62
27,$4011_dac,62
27,$4011_dac,62
27,$4011_dac,63
27,$4011_dac,63
27,$4011_dac,63
27,$4011_dac,63
27,$4011_dac,63
27,$4011_dac,63
27,$4011_dac,63
27,$4011_dac,64
27,$4011_dac,66
27,$4011_dac,65
27,$4011_dac,64
27,$4011_dac,63
27,$4011_dac,63
27,$4011_dac,62
27,$4011_dac,62
27,$4011_dac,62
27,$4011_dac,62
27,$4011_dac,63
27,$4011_dac,64
27,$4011_dac,64
27,$4011_dac,66
27,$4011_dac,68
27,$4011_dac,68
27,$4011_dac,67
27,$4011_dac,66
27,$4011_dac,64
27,$4011_dac,64
27,$4011_dac,63
27,$4011_dac,63
27,$4011_dac,62
27,$4011_dac,59
27,$4011_dac,59
27,$4011_dac,60
27,$4011_dac,61
27,$4011_dac,61
27,$4011_dac,60
27,$4011_dac,60
27,$4011_dac,61
27,$4011_dac,62
27,$4011_dac,64
27,$4011_dac,65
27,$4011_dac,65
27,$4011_dac,64
27,$4011_dac,63
27,$4011_dac,63
27,$4011_dac,64
27,$4011_dac,63
27,$4011_dac,64
27,$4011_dac,66
27,$4011_dac,66
27,$4011_dac,65
27,$4011_dac,64
27,$4011_dac,64
27,$4011_dac,64
27,$4011_dac,64
27,$4011_dac,65
27,$4011_dac,65
27,$4011_dac,65
27,$4011_dac,65
27,$4011_dac,64
27,$4011_dac,63
27,$4011_dac,62
27,$4011_dac,62
27,$4011_dac,64
27,$4011_dac,64
27,$4011_dac,64
27,$4011_dac,63
27,$4011_dac,64
27,$4011_dac,65
27,$4011_dac,65
27,$4011_dac,65
27,$4011_dac,64
27,$4011_dac,63
27,$4011_dac,63
27,$4011_dac,63
27,$4011_dac,62
27,$4011_dac,61
27,$4011_dac,60
27,$4011_dac,61
28,$4011_dac,62
28,$4011_dac,64
28,$4011_dac,65
28,$4011_dac,65
28,$4011_dac,63
28,$4011_dac,62
28,$4011_dac,63
28,$4011_dac,63
28,$4011_dac,63
28,$4011_dac,63
28,$4011_dac,63
28,$4011_dac,62
28,$4011_dac,61
28,$4011_dac,62
28,$4011_dac,62
28,$4011_dac,61
28,$4011_dac,61
28,$4011_dac,62
28,$4011_dac,64
28,$4011_dac,64
28,$4011_dac,64
28,$4011_dac,66
28,$4011_dac,67
28,$4011_dac,68
28,$4011_dac,68
28,$4011_dac,66
28,$4011_dac,66
28,$4011_dac,66
28,$4011_dac,60
28,$4011_dac,58
28,$4011_dac,64
28,$4011_dac,67
28,$4011_dac,61
28,$4011_dac,60
28,$4011_dac,65
28,$4011_dac,66
28,$4011_dac,61
28,$4011_dac,58
28,$4011_dac,67
28,$4011_dac,77
28,$4011_dac,70
28,$4011_dac,48
28,$4011_dac,45
28,$4011_dac,70
28,$4011_dac,90
28,$4011_dac,77
28,$4011_dac,47
28,$4011_dac,40
28,$4011_dac,61
28,$4011_dac,79
28,$4011_dac,71
28,$4011_dac,54
28,$4011_dac,50
28,$4011_dac,56
28,$4011_dac,66
28,$4011_dac,71
28,$4011_dac,71
28,$4011_dac,67
28,$4011_dac,61
28,$4011_dac,60
28,$4011_dac,63
28,$4011_dac,63
28,$4011_dac,58
28,$4011_dac,53
28,$4011_dac,54
28,$4011_dac,60
28,$4011_dac,67
28,$4011_dac,69
28,$4011_dac,67
28,$4011_dac,66
28,$4011_dac,67
28,$4011_dac,69
28,$4011_dac,69
28,$4011_dac,63
28,$4011_dac,60
28,$4011_dac,62
28,$4011_dac,63
28,$4011_dac,62
28,$4011_dac,62
28,$4011_dac,65
28,$4011_dac,67
28,$4011_dac,66
28,$4011_dac,65
28,$4011_dac,66
28,$4011_dac,66
28,$4011_dac,65
28,$4011_dac,65
28,$4011_dac,65
28,$4011_dac,67
28,$4011_dac,69
28,$4011_dac,68
28,$4011_dac,63
28,$4011_dac,61
28,$4011_dac,61
28,$4011_dac,60
28,$4011_dac,58
28,$4011_dac,58
28,$4011_dac,57
28,$4011_dac,57
28,$4011_dac,57
28,$4011_dac,57
28,$4011_dac,60
28,$4011_dac,63
28,$4011_dac,64
28,$4011_dac,65
28,$4011_dac,68
28,$4011_dac,70
28,$4011_dac,71
28,$4011_dac,69
28,$4011_dac,66
28,$4011_dac,64
28,$4011_dac,65
28,$4011_dac,65
28,$4011_dac,64
28,$4011_dac,62
28,$4011_dac,62
28,$4011_dac,63
28,$4011_dac,62
28,$4011_dac,61
28,$4011_dac,61
28,$4011_dac,60
28,$4011_dac,59
28,$4011_dac,59
28,$4011_dac,60
28,$4011_dac,63
28,$4011_dac,66
28,$4011_dac,66
28,$4011_dac,64
28,$4011_dac,63
28,$4011_dac,65
28,$4011_dac,67
28,$4011_dac,67
28,$4011_dac,65
28,$4011_dac,63
28,$4011_dac,64
28,$4011_dac,65
28,$4011_dac,65
28,$4011_dac,65
28,$4011_dac,64
28,$4011_dac,62
28,$4011_dac,63
28,$4011_dac,63
28,$4011_dac,63
28,$4011_dac,64
28,$4011_dac,63
28,$4011_dac,62
28,$4011_dac,62
28,$4011_dac,64
28,$4011_dac,65
28,$4011_dac,64
28,$4011_dac,63
28,$4011_dac,64
28,$4011_dac,65
28,$4011_dac,65
28,$4011_dac,64
28,$4011_dac,63
28,$4011_dac,62
28,$4011_dac,60
28,$4011_dac,61
28,$4011_dac,63
28,$4011_dac,63
28,$4011_dac,62
28,$4011_dac,61
28,$4011_dac,63
28,$4011_dac,66
28,$4011_dac,67
28,$4011_dac,66
28,$4011_dac,64
28,$4011_dac,63
28,$4011_dac,63
28,$4011_dac,64
28,$4011_dac,64
28,$4011_dac,62
28,$4011_dac,61
28,$4011_dac,61
28,$4011_dac,63
28,$4011_dac,64
28,$4011_dac,65
28,$4011_dac,63
28,$4011_dac,62
28,$4011_dac,64
28,$4011_dac,67
28,$4011_dac,67
28,$4011_dac,65
28,$4011_dac,63
28,$4011_dac,64
28,$4011_dac,65
28,$4011_dac,64
28,$4011_dac,63
28,$4011_dac,61
28,$4011_dac,59
28,$4011_dac,58
28,$4011_dac,60
28,$4011_dac,60
28,$4011_dac,60
28,$4011_dac,63
28,$4011_dac,68
28,$4011_dac,71
28,$4011_dac,72
28,$4011_dac,66
28,$4011_dac,59
28,$4011_dac,57
28,$4011_dac,59
28,$4011_dac,65
28,$4011_dac,68
28,$4011_dac,68
28,$4011_dac,65
28,$4011_dac,62
28,$4011_dac,61
28,$4011_dac,63
28,$4011_dac,65
28,$4011_dac,68
28,$4011_dac,70
28,$4011_dac,69
28,$4011_dac,67
28,$4011_dac,62
28,$4011_dac,57
28,$4011_dac,57
28,$4011_dac,61
28,$4011_dac,64
28,$4011_dac,66
28,$4011_dac,64
28,$4011_dac,59
28,$4011_dac,57
28,$4011_dac,59
28,$4011_dac,62
28,$4011_dac,63
28,$4011_dac,64
28,$4011_dac,64
28,$4011_dac,63
28,$4011_dac,63
28,$4011_dac,62
28,$4011_dac,63
28,$4011_dac,65
28,$4011_dac,66
28,$4011_dac,66
28,$4011_dac,65
28,$4011_dac,65
28,$4011_dac,63
28,$4011_dac,62
28,$4011_dac,64
28,$4011_dac,64
28,$4011_dac,67
28,$4011_dac,68
28,$4011_dac,66
28,$4011_dac,65
28,$4011_dac,63
28,$4011_dac,62
28,$4011_dac,62
28,$4011_dac,62
28,$4011_dac,61
28,$4011_dac,62
28,$4011_dac,64
28,$4011_dac,63
28,$4011_dac,60
28,$4011_dac,59
28,$4011_dac,63
28,$4011_dac,68
28,$4011_dac,71
28,$4011_dac,71
28,$4011_dac,66
28,$4011_dac,63
28,$4011_dac,63
28,$4011_dac,64
28,$4011_dac,67
28,$4011_dac,64
28,$4011_dac,59
28,$4011_dac,55
28,$4011_dac,54
28,$4011_dac,55
28,$4011_dac,60
28,$4011_dac,63
28,$4011_dac,63
28,$4011_dac,63
28,$4011_dac,62
28,$4011_dac,61
28,$4011_dac,64
28,$4011_dac,67
28,$4011_dac,70
28,$4011_dac,69
28,$4011_dac,66
28,$4011_dac,62
28,$4011_dac,61
28,$4011_dac,64
28,$4011_dac,68
28,$4011_dac,70
28,$4011_dac,68
28,$4011_dac,65
28,$4011_dac,63
28,$4011_dac,62
28,$4011_dac,61
28,$4011_dac,63
28,$4011_dac,64
28,$4011_dac,63
28,$4011_dac,61
28,$4011_dac,58
28,$4011_dac,56
28,$4011_dac,58
28,$4011_dac,61
28,$4011_dac,64
28,$4011_dac,66
28,$4011_dac,66
28,$4011_dac,66
28,$4011_dac,66
28,$4011_dac,66
28,$4011_dac,68
28,$4011_dac,68
28,$4011_dac,67
28,$4011_dac,65
28,$4011_dac,64
28,$4011_dac,62
28,$4011_dac,61
28,$4011_dac,60
28,$4011_dac,59
28,$4011_dac,59
28,$4011_dac,59
28,$4011_dac,61
29,$4011_dac,64
29,$4011_dac,64
29,$4011_dac,62
29,$4011_dac,62
29,$4011_dac,63
29,$4011_dac,64
29,$4011_dac,63
29,$4011_dac,64
29,$4011_dac,65
29,$4011_dac,63
29,$4011_dac,62
29,$4011_dac,61
29,$4011_dac,63
29,$4011_dac,65
29,$4011_dac,66
29,$4011_dac,65
29,$4011_dac,62
29,$4011_dac,62
29,$4011_dac,63
29,$4011_dac,65
29,$4011_dac,64
29,$4011_dac,64
29,$4011_dac,65
29,$4011_dac,67
29,$4011_dac,68
29,$4011_dac,68
29,$4011_dac,65
29,$4011_dac,62
29,$4011_dac,63
29,$4011_dac,65
29,$4011_dac,66
29,$4011_dac,64
29,$4011_dac,62
29,$4011_dac,61
29,$4011_dac,61
29,$4011_dac,61
29,$4011_dac,62
29,$4011_dac,63
29,$4011_dac,63
29,$4011_dac,64
29,$4011_dac,64
29,$4011_dac,63
29,$4011_dac,61
29,$4011_dac,59
29,$4011_dac,59
29,$4011_dac,63
29,$4011_dac,65
29,$4011_dac,66
29,$4011_dac,65
29,$4011_dac,64
29,$4011_dac,62
29,$4011_dac,63
29,$4011_dac,64
29,$4011_dac,64
29,$4011_dac,63
29,$4011_dac,64
29,$4011_dac,64
29,$4011_dac,64
29,$4011_dac,63
29,$4011_dac,62
29,$4011_dac,63
29,$4011_dac,65
29,$4011_dac,64
29,$4011_dac,63
29,$4011_dac,63
29,$4011_dac,63
29,$4011_dac,63
29,$4011_dac,63
29,$4011_dac,62
29,$4011_dac,64
29,$4011_dac,65
29,$4011_dac,65
29,$4011_dac,64
29,$4011_dac,64
29,$4011_dac,65
29,$4011_dac,65
29,$4011_dac,65
29,$4011_dac,65
29,$4011_dac,66
29,$4011_dac,66
29,$4011_dac,65
29,$4011_dac,62
29,$4011_dac,60
29,$4011_dac,59
29,$4011_dac,60
29,$4011_dac,63
29,$4011_dac,65
29,$4011_dac,66
29,$4011_dac,65
29,$4011_dac,64
29,$4011_dac,63
29,$4011_dac,63
29,$4011_dac,62
29,$4011_dac,63
29,$4011_dac,63
29,$4011_dac,62
29,$4011_dac,62
29,$4011_dac,62
29,$4011_dac,62
29,$4011_dac,62
29,$4011_dac,63
29,$4011_dac,63
29,$4011_dac,64
29,$4011_dac,64
29,$4011_dac,65
29,$4011_dac,65
29,$4011_dac,64
29,$4011_dac,63
29,$4011_dac,62
29,$4011_dac,62
29,$4011_dac,62
29,$4011_dac,63
29,$4011_dac,64
29,$4011_dac,64
29,$4011_dac,64
29,$4011_dac,64
29,$4011_dac,65
29,$4011_dac,66
29,$4011_dac,67
29,$4011_dac,66
29,$4011_dac,66
29,$4011_dac,65
29,$4011_dac,65
29,$4011_dac,63
29,$4011_dac,62
29,$4011_dac,62
29,$4011_dac,63
29,$4011_dac,63
29,$4011_dac,62
29,$4011_dac,61
29,$4011_dac,62
29,$4011_dac,64
29,$4011_dac,65
29,$4011_dac,65
29,$4011_dac,65
29,$4011_dac,66
29,$4011_dac,66
29,$4011_dac,64
29,$4011_dac,63
29,$4011_dac,63
29,$4011_dac,61
29,$4011_dac,58
29,$4011_dac,58
29,$4011_dac,59
29,$4011_dac,61
29,$4011_dac,61
29,$4011_dac,61
29,$4011_dac,62
29,$4011_dac,63
29,$4011_dac,64
29,$4011_dac,64
29,$4011_dac,64
29,$4011_dac,66
29,$4011_dac,66
29,$4011_dac,64
29,$4011_dac,63
29,$4011_dac,64
29,$4011_dac,67
29,$4011_dac,67
29,$4011_dac,66
29,$4011_dac,65
29,$4011_dac,65
29,$4011_dac,65
29,$4011_dac,65
29,$4011_dac,65
29,$4011_dac,65
29,$4011_dac,65
29,$4011_dac,64
29,$4011_dac,63
29,$4011_dac,62
29,$4011_dac,61
29,$4011_dac,62
29,$4011_dac,62
29,$4011_dac,61
29,$4011_dac,61
29,$4011_dac,62
29,$4011_dac,63
29,$4011_dac,64
29,$4011_dac,64
29,$4011_dac,63
29,$4011_dac,64
29,$4011_dac,63
29,$4011_dac,63
29,$4011_dac,64
29,$4011_dac,64
29,$4011_dac,64
29,$4011_dac,64
29,$4011_dac,62
29,$4011_dac,61
29,$4011_dac,62
29,$4011_dac,64
29,$4011_dac,66
29,$4011_dac,67
29,$4011_dac,67
29,$4011_dac,66
29,$4011_dac,64
29,$4011_dac,63
29,$4011_dac,61
29,$4011_dac,61
29,$4011_dac,61
29,$4011_dac,62
29,$4011_dac,62
29,$4011_dac,61
29,$4011_dac,61
29,$4011_dac,61
29,$4011_dac,63
29,$4011_dac,64
29,$4011_dac,65
29,$4011_dac,66
29,$4011_dac,65
29,$4011_dac,64
29,$4011_dac,65
29,$4011_dac,66
29,$4011_dac,65
29,$4011_dac,63
29,$4011_dac,63
29,$4011_dac,63
29,$4011_dac,63
29,$4011_dac,61
29,$4011_dac,60
29,$4011_dac,60
29,$4011_dac,60
29,$4011_dac,61
29,$4011_dac,64
29,$4011_dac,67
29,$4011_dac,67
29,$4011_dac,66
29,$4011_dac,65
29,$4011_dac,66
29,$4011_dac,68
29,$4011_dac,69
29,$4011_dac,68
29,$4011_dac,66
29,$4011_dac,65
29,$4011_dac,63
29,$4011_dac,62
29,$4011_dac,61
29,$4011_dac,61
29,$4011_dac,61
29,$4011_dac,62
29,$4011_dac,62
29,$4011_dac,62
29,$4011_dac,61
29,$4011_dac,61
29,$4011_dac,61
29,$4011_dac,61
29,$4011_dac,61
29,$4011_dac,61
29,$4011_dac,62
29,$4011_dac,64
29,$4011_dac,66
29,$4011_dac,66
29,$4011_dac,65
29,$4011_dac,64
29,$4011_dac,64
29,$4011_dac,65
29,$4011_dac,66
29,$4011_dac,66
29,$4011_dac,65
29,$4011_dac,63
29,$4011_dac,64
29,$4011_dac,64
29,$4011_dac,64
29,$4011_dac,64
29,$4011_dac,64
29,$4011_dac,63
29,$4011_dac,62
29,$4011_dac,62
29,$4011_dac,62
29,$4011_dac,62
29,$4011_dac,62
29,$4011_dac,61
29,$4011_dac,60
29,$4011_dac,60
29,$4011_dac,59
29,$4011_dac,60
29,$4011_dac,61
29,$4011_dac,61
29,$4011_dac,63
29,$4011_dac,65
29,$4011_dac,67
29,$4011_dac,69
29,$4011_dac,70
29,$4011_dac,71
29,$4011_dac,71
29,$4011_dac,70
29,$4011_dac,68
29,$4011_dac,67
29,$4011_dac,65
29,$4011_dac,62
29,$4011_dac,60
29,$4011_dac,59
29,$4011_dac,58
29,$4011_dac,58
29,$4011_dac,57
29,$4011_dac,57
29,$4011_dac,58
29,$4011_dac,60
29,$4011_dac,63
29,$4011_dac,64
29,$4011_dac,66
29,$4011_dac,67
29,$4011_dac,67
29,$4011_dac,67
29,$4011_dac,67
29,$4011_dac,66
29,$4011_dac,65
29,$4011_dac,63
29,$4011_dac,63
29,$4011_dac,62
29,$4011_dac,63
29,$4011_dac,65
29,$4011_dac,66
29,$4011_dac,66
29,$4011_dac,62
29,$4011_dac,60
29,$4011_dac,62
30,$4011_dac,63
30,$4011_dac,64
30,$4011_dac,63
30,$4011_dac,59
30,$4011_dac,59
30,$4011_dac,63
30,$4011_dac,66
30,$4011_dac,67
30,$4011_dac,65
30,$4011_dac,60
30,$4011_dac,58
30,$4011_dac,58
30,$4011_dac,58
30,$4011_dac,59
30,$4011_dac,58
30,$4011_dac,57
30,$4011_dac,60
30,$4011_dac,63
30,$4011_dac,66
30,$4011_dac,70
30,$4011_dac,74
30,$4011_dac,77
30,$4011_dac,79
30,$4011_dac,78
30,$4011_dac,77
30,$4011_dac,73
30,$4011_dac,68
30,$4011_dac,64
30,$4011_dac,62
30,$4011_dac,60
30,$4011_dac,57
30,$4011_dac,52
30,$4011_dac,48
30,$4011_dac,47
30,$4011_dac,47
30,$4011_dac,50
30,$4011_dac,55
30,$4011_dac,58
30,$4011_dac,60
30,$4011_dac,63
30,$4011_dac,67
30,$4011_dac,72
30,$4011_dac,76
30,$4011_dac,77
30,$4011_dac,78
30,$4011_dac,77
30,$4011_dac,74
30,$4011_dac,71
30,$4011_dac,68
30,$4011_dac,68
30,$4011_dac,67
30,$4011_dac,65
30,$4011_dac,60
30,$4011_dac,55
30,$4011_dac,53
30,$4011_dac,53
30,$4011_dac,56
30,$4011_dac,57
30,$4011_dac,52
30,$4011_dac,48
30,$4011_dac,51
30,$4011_dac,57
30,$4011_dac,62
30,$4011_dac,66
30,$4011_dac,62
30,$4011_dac,60
30,$4011_dac,65
30,$4011_dac,71
30,$4011_dac,75
30,$4011_dac,74
30,$4011_dac,68
30,$4011_dac,65
30,$4011_dac,65
30,$4011_dac,65
30,$4011_dac,66
30,$4011_dac,62
30,$4011_dac,58
30,$4011_dac,57
30,$4011_dac,60
30,$4011_dac,67
30,$4011_dac,74
30,$4011_dac,77
30,$4011_dac,76
30,$4011_dac,76
30,$4011_dac,75
30,$4011_dac,75
30,$4011_dac,73
30,$4011_dac,69
30,$4011_dac,64
30,$4011_dac,57
30,$4011_dac,53
30,$4011_dac,50
30,$4011_dac,48
30,$4011_dac,45
30,$4011_dac,43
30,$4011_dac,43
30,$4011_dac,47
30,$4011_dac,53
30,$4011_dac,59
30,$4011_dac,64
30,$4011_dac,69
30,$4011_dac,73
30,$4011_dac,77
30,$4011_dac,82
30,$4011_dac,83
30,$4011_dac,79
30,$4011_dac,74
30,$4011_dac,69
30,$4011_dac,65
30,$4011_dac,64
30,$4011_dac,63
30,$4011_dac,62
30,$4011_dac,59
30,$4011_dac,55
30,$4011_dac,52
30,$4011_dac,51
30,$4011_dac,54
30,$4011_dac,58
30,$4011_dac,61
30,$4011_dac,61
30,$4011_dac,56
30,$4011_dac,50
30,$4011_dac,53
30,$4011_dac,61
30,$4011_dac,68
30,$4011_dac,72
30,$4011_dac,67
30,$4011_dac,63
30,$4011_dac,65
30,$4011_dac,72
30,$4011_dac,79
30,$4011_dac,82
30,$4011_dac,75
30,$4011_dac,67
30,$4011_dac,63
30,$4011_dac,61
30,$4011_dac,63
30,$4011_dac,65
30,$4011_dac,61
30,$4011_dac,57
30,$4011_dac,55
30,$4011_dac,57
30,$4011_dac,64
30,$4011_dac,70
30,$4011_dac,73
30,$4011_dac,74
30,$4011_dac,72
30,$4011_dac,70
30,$4011_dac,69
30,$4011_dac,69
30,$4011_dac,67
30,$4011_dac,63
30,$4011_dac,58
30,$4011_dac,53
30,$4011_dac,49
30,$4011_dac,46
30,$4011_dac,43
30,$4011_dac,43
30,$4011_dac,46
30,$4011_dac,51
30,$4011_dac,57
30,$4011_dac,64
30,$4011_dac,69
30,$4011_dac,73
30,$4011_dac,77
30,$4011_dac,80
30,$4011_dac,83
30,$4011_dac,83
30,$4011_dac,80
30,$4011_dac,74
30,$4011_dac,67
30,$4011_dac,63
30,$4011_dac,61
30,$4011_dac,61
30,$4011_dac,60
30,$4011_dac,56
30,$4011_dac,52
30,$4011_dac,50
30,$4011_dac,51
30,$4011_dac,54
30,$4011_dac,57
30,$4011_dac,61
30,$4011_dac,62
30,$4011_dac,62
30,$4011_dac,61
30,$4011_dac,56
30,$4011_dac,56
30,$4011_dac,63
30,$4011_dac,72
30,$4011_dac,76
30,$4011_dac,74
30,$4011_dac,65
30,$4011_dac,63
30,$4011_dac,70
30,$4011_dac,78
30,$4011_dac,83
30,$4011_dac,78
30,$4011_dac,68
30,$4011_dac,61
30,$4011_dac,57
30,$4011_dac,60
30,$4011_dac,64
30,$4011_dac,62
30,$4011_dac,56
30,$4011_dac,51
30,$4011_dac,51
30,$4011_dac,57
30,$4011_dac,66
30,$4011_dac,71
30,$4011_dac,73
30,$4011_dac,73
30,$4011_dac,73
30,$4011_dac,73
30,$4011_dac,71
30,$4011_dac,66
30,$4011_dac,59
30,$4011_dac,54
30,$4011_dac,53
30,$4011_dac,51
30,$4011_dac,47
30,$4011_dac,43
30,$4011_dac,43
30,$4011_dac,49
30,$4011_dac,56
30,$4011_dac,63
30,$4011_dac,69
30,$4011_dac,72
30,$4011_dac,73
30,$4011_dac,72
30,$4011_dac,71
30,$4011_dac,74
30,$4011_dac,77
30,$4011_dac,77
30,$4011_dac,73
30,$4011_dac,66
30,$4011_dac,62
30,$4011_dac,65
30,$4011_dac,72
30,$4011_dac,74
30,$4011_dac,70
30,$4011_dac,62
30,$4011_dac,54
30,$4011_dac,50
30,$4011_dac,53
30,$4011_dac,59
30,$4011_dac,66
30,$4011_dac,65
30,$4011_dac,57
30,$4011_dac,35
30,$4011_dac,29
30,$4011_dac,45
30,$4011_dac,78
30,$4011_dac,101
30,$4011_dac,99
30,$4011_dac,73
30,$4011_dac,61
30,$4011_dac,64
30,$4011_dac,73
30,$4011_dac,64
30,$4011_dac,48
30,$4011_dac,37
30,$4011_dac,49
30,$4011_dac,69
30,$4011_dac,84
30,$4011_dac,82
30,$4011_dac,77
30,$4011_dac,76
30,$4011_dac,80
30,$4011_dac,76
30,$4011_dac,63
30,$4011_dac,47
30,$4011_dac,44
30,$4011_dac,50
30,$4011_dac,59
30,$4011_dac,61
30,$4011_dac,54
30,$4011_dac,46
30,$4011_dac,43
30,$4011_dac,47
30,$4011_dac,57
30,$4011_dac,62
30,$4011_dac,67
30,$4011_dac,71
30,$4011_dac,71
30,$4011_dac,71
30,$4011_dac,70
30,$4011_dac,70
30,$4011_dac,73
30,$4011_dac,77
30,$4011_dac,78
30,$4011_dac,74
30,$4011_dac,65
30,$4011_dac,63
30,$4011_dac,65
30,$4011_dac,69
30,$4011_dac,64
30,$4011_dac,53
30,$4011_dac,44
30,$4011_dac,43
30,$4011_dac,53
30,$4011_dac,66
30,$4011_dac,68
30,$4011_dac,61
30,$4011_dac,54
30,$4011_dac,53
30,$4011_dac,63
30,$4011_dac,76
30,$4011_dac,83
30,$4011_dac,74
30,$4011_dac,65
30,$4011_dac,64
30,$4011_dac,44
30,$4011_dac,34
30,$4011_dac,47
30,$4011_dac,81
30,$4011_dac,110
30,$4011_dac,108
31,$4011_dac,77
31,$4011_dac,59
31,$4011_dac,56
31,$4011_dac,58
31,$4011_dac,48
31,$4011_dac,33
31,$4011_dac,28
31,$4011_dac,44
31,$4011_dac,70
31,$4011_dac,88
31,$4011_dac,85
31,$4011_dac,83
31,$4011_dac,81
31,$4011_dac,82
31,$4011_dac,76
31,$4011_dac,59
31,$4011_dac,43
31,$4011_dac,45
31,$4011_dac,56
31,$4011_dac,67
31,$4011_dac,64
31,$4011_dac,49
31,$4011_dac,41
31,$4011_dac,43
31,$4011_dac,48
31,$4011_dac,54
31,$4011_dac,56
31,$4011_dac,61
31,$4011_dac,71
31,$4011_dac,76
31,$4011_dac,73
31,$4011_dac,66
31,$4011_dac,66
31,$4011_dac,76
31,$4011_dac,86
31,$4011_dac,86
31,$4011_dac,76
31,$4011_dac,71
31,$4011_dac,77
31,$4011_dac,74
31,$4011_dac,62
31,$4011_dac,50
31,$4011_dac,47
31,$4011_dac,58
31,$4011_dac,61
31,$4011_dac,52
31,$4011_dac,47
31,$4011_dac,53
31,$4011_dac,65
31,$4011_dac,60
31,$4011_dac,46
31,$4011_dac,47
31,$4011_dac,55
31,$4011_dac,68
31,$4011_dac,84
31,$4011_dac,89
31,$4011_dac,86
31,$4011_dac,64
31,$4011_dac,28
31,$4011_dac,29
31,$4011_dac,63
31,$4011_dac,106
31,$4011_dac,112
31,$4011_dac,79
31,$4011_dac,49
31,$4011_dac,57
31,$4011_dac,65
31,$4011_dac,56
31,$4011_dac,32
31,$4011_dac,25
31,$4011_dac,46
31,$4011_dac,79
31,$4011_dac,89
31,$4011_dac,80
31,$4011_dac,72
31,$4011_dac,83
31,$4011_dac,91
31,$4011_dac,82
31,$4011_dac,58
31,$4011_dac,34
31,$4011_dac,40
31,$4011_dac,59
31,$4011_dac,68
31,$4011_dac,62
31,$4011_dac,56
31,$4011_dac,59
31,$4011_dac,65
31,$4011_dac,56
31,$4011_dac,45
31,$4011_dac,42
31,$4011_dac,55
31,$4011_dac,71
31,$4011_dac,75
31,$4011_dac,68
31,$4011_dac,65
31,$4011_dac,69
31,$4011_dac,75
31,$4011_dac,76
31,$4011_dac,71
31,$4011_dac,73
31,$4011_dac,78
31,$4011_dac,73
31,$4011_dac,65
31,$4011_dac,58
31,$4011_dac,58
31,$4011_dac,57
31,$4011_dac,51
31,$4011_dac,50
31,$4011_dac,55
31,$4011_dac,63
31,$4011_dac,71
31,$4011_dac,67
31,$4011_dac,58
31,$4011_dac,52
31,$4011_dac,56
31,$4011_dac,57
31,$4011_dac,57
31,$4011_dac,65
31,$4011_dac,76
31,$4011_dac,80
31,$4011_dac,80
31,$4011_dac,71
31,$4011_dac,41
31,$4011_dac,23
31,$4011_dac,41
31,$4011_dac,84
31,$4011_dac,114
31,$4011_dac,105
31,$4011_dac,70
31,$4011_dac,60
31,$4011_dac,63
31,$4011_dac,56
31,$4011_dac,34
31,$4011_dac,24
31,$4011_dac,37
31,$4011_dac,68
31,$4011_dac,86
31,$4011_dac,81
31,$4011_dac,68
31,$4011_dac,76
31,$4011_dac,88
31,$4011_dac,86
31,$4011_dac,63
31,$4011_dac,43
31,$4011_dac,45
31,$4011_dac,61
31,$4011_dac,71
31,$4011_dac,72
31,$4011_dac,68
31,$4011_dac,67
31,$4011_dac,62
31,$4011_dac,48
31,$4011_dac,35
31,$4011_dac,35
31,$4011_dac,46
31,$4011_dac,60
31,$4011_dac,68
31,$4011_dac,68
31,$4011_dac,67
31,$4011_dac,65
31,$4011_dac,68
31,$4011_dac,74
31,$4011_dac,79
31,$4011_dac,85
31,$4011_dac,83
31,$4011_dac,73
31,$4011_dac,65
31,$4011_dac,58
31,$4011_dac,55
31,$4011_dac,52
31,$4011_dac,51
31,$4011_dac,60
31,$4011_dac,67
31,$4011_dac,69
31,$4011_dac,65
31,$4011_dac,62
31,$4011_dac,67
31,$4011_dac,64
31,$4011_dac,51
31,$4011_dac,37
31,$4011_dac,38
31,$4011_dac,70
31,$4011_dac,88
31,$4011_dac,74
31,$4011_dac,59
31,$4011_dac,64
31,$4011_dac,80
31,$4011_dac,55
31,$4011_dac,33
31,$4011_dac,47
31,$4011_dac,91
31,$4011_dac,119
31,$4011_dac,103
31,$4011_dac,58
31,$4011_dac,49
31,$4011_dac,58
31,$4011_dac,57
31,$4011_dac,34
31,$4011_dac,26
31,$4011_dac,49
31,$4011_dac,86
31,$4011_dac,90
31,$4011_dac,69
31,$4011_dac,54
31,$4011_dac,70
31,$4011_dac,87
31,$4011_dac,77
31,$4011_dac,52
31,$4011_dac,41
31,$4011_dac,55
31,$4011_dac,70
31,$4011_dac,70
31,$4011_dac,66
31,$4011_dac,65
31,$4011_dac,65
31,$4011_dac,56
31,$4011_dac,41
31,$4011_dac,39
31,$4011_dac,53
31,$4011_dac,66
31,$4011_dac,69
31,$4011_dac,68
31,$4011_dac,69
31,$4011_dac,72
31,$4011_dac,68
31,$4011_dac,63
31,$4011_dac,67
31,$4011_dac,79
31,$4011_dac,79
31,$4011_dac,68
31,$4011_dac,58
31,$4011_dac,56
31,$4011_dac,58
31,$4011_dac,60
31,$4011_dac,56
31,$4011_dac,59
31,$4011_dac,71
31,$4011_dac,80
31,$4011_dac,72
31,$4011_dac,60
31,$4011_dac,54
31,$4011_dac,57
31,$4011_dac,59
31,$4011_dac,54
31,$4011_dac,51
31,$4011_dac,57
31,$4011_dac,69
31,$4011_dac,77
31,$4011_dac,70
31,$4011_dac,65
31,$4011_dac,71
31,$4011_dac,58
31,$4011_dac,32
31,$4011_dac,41
31,$4011_dac,77
31,$4011_dac,113
31,$4011_dac,108
31,$4011_dac,75
31,$4011_dac,58
31,$4011_dac,65
31,$4011_dac,53
31,$4011_dac,30
31,$4011_dac,21
31,$4011_dac,42
31,$4011_dac,72
31,$4011_dac,81
31,$4011_dac,70
31,$4011_dac,67
31,$4011_dac,76
31,$4011_dac,82
31,$4011_dac,70
31,$4011_dac,57
31,$4011_dac,58
31,$4011_dac,64
31,$4011_dac,65
31,$4011_dac,49
31,$4011_dac,49
31,$4011_dac,75
31,$4011_dac,92
31,$4011_dac,79
31,$4011_dac,49
31,$4011_dac,35
31,$4011_dac,49
31,$4011_dac,57
31,$4011_dac,51
31,$4011_dac,51
31,$4011_dac,68
31,$4011_dac,82
31,$4011_dac,72
31,$4011_dac,53
31,$4011_dac,58
31,$4011_dac,82
31,$4011_dac,95
31,$4011_dac,78
31,$4011_dac,52
31,$4011_dac,54
31,$4011_dac,66
31,$4011_dac,68
31,$4011_dac,56
31,$4011_dac,47
31,$4011_dac,64
31,$4011_dac,72
31,$4011_dac,68
31,$4011_dac,62
31,$4011_dac,61
31,$4011_dac,61
31,$4011_dac,58
31,$4011_dac,49
31,$4011_dac,50
31,$4011_dac,63
31,$4011_dac,62
31,$4011_dac,58
31,$4011_dac,62
31,$4011_dac,77
31,$4011_dac,90
31,$4011_dac,68
31,$4011_dac,31
31,$4011_dac,37
32,$4011_dac,80
32,$4011_dac,115
32,$4011_dac,101
32,$4011_dac,67
32,$4011_dac,65
32,$4011_dac,74
32,$4011_dac,55
32,$4011_dac,23
32,$4011_dac,23
32,$4011_dac,54
32,$4011_dac,79
32,$4011_dac,66
32,$4011_dac,57
32,$4011_dac,70
32,$4011_dac,88
32,$4011_dac,76
32,$4011_dac,57
32,$4011_dac,57
32,$4011_dac,74
32,$4011_dac,72
32,$4011_dac,54
32,$4011_dac,43
32,$4011_dac,57
32,$4011_dac,64
32,$4011_dac,61
32,$4011_dac,63
32,$4011_dac,74
32,$4011_dac,76
32,$4011_dac,56
32,$4011_dac,38
32,$4011_dac,46
32,$4011_dac,62
32,$4011_dac,62
32,$4011_dac,56
32,$4011_dac,63
32,$4011_dac,80
32,$4011_dac,82
32,$4011_dac,71
32,$4011_dac,67
32,$4011_dac,73
32,$4011_dac,77
32,$4011_dac,72
32,$4011_dac,60
32,$4011_dac,57
32,$4011_dac,59
32,$4011_dac,64
32,$4011_dac,69
32,$4011_dac,65
32,$4011_dac,59
32,$4011_dac,63
32,$4011_dac,73
32,$4011_dac,72
32,$4011_dac,59
32,$4011_dac,47
32,$4011_dac,36
32,$4011_dac,48
32,$4011_dac,48
32,$4011_dac,51
32,$4011_dac,67
32,$4011_dac,69
32,$4011_dac,77
32,$4011_dac,83
32,$4011_dac,72
32,$4011_dac,41
32,$4011_dac,36
32,$4011_dac,68
32,$4011_dac,103
32,$4011_dac,107
32,$4011_dac,88
32,$4011_dac,75
32,$4011_dac,73
32,$4011_dac,58
32,$4011_dac,29
32,$4011_dac,25
32,$4011_dac,41
32,$4011_dac,60
32,$4011_dac,62
32,$4011_dac,63
32,$4011_dac,72
32,$4011_dac,79
32,$4011_dac,70
32,$4011_dac,63
32,$4011_dac,66
32,$4011_dac,73
32,$4011_dac,64
32,$4011_dac,52
32,$4011_dac,50
32,$4011_dac,61
32,$4011_dac,69
32,$4011_dac,62
32,$4011_dac,56
32,$4011_dac,70
32,$4011_dac,83
32,$4011_dac,73
32,$4011_dac,53
32,$4011_dac,47
32,$4011_dac,52
32,$4011_dac,50
32,$4011_dac,43
32,$4011_dac,51
32,$4011_dac,74
32,$4011_dac,84
32,$4011_dac,75
32,$4011_dac,68
32,$4011_dac,73
32,$4011_dac,77
32,$4011_dac,71
32,$4011_dac,64
32,$4011_dac,64
32,$4011_dac,64
32,$4011_dac,65
32,$4011_dac,71
32,$4011_dac,71
32,$4011_dac,63
32,$4011_dac,57
32,$4011_dac,56
32,$4011_dac,50
32,$4011_dac,49
32,$4011_dac,53
32,$4011_dac,58
32,$4011_dac,59
32,$4011_dac,51
32,$4011_dac,58
32,$4011_dac,63
32,$4011_dac,67
32,$4011_dac,77
32,$4011_dac,72
32,$4011_dac,73
32,$4011_dac,83
32,$4011_dac,69
32,$4011_dac,33
32,$4011_dac,42
32,$4011_dac,81
32,$4011_dac,98
32,$4011_dac,82
32,$4011_dac,66
32,$4011_dac,69
32,$4011_dac,71
32,$4011_dac,42
32,$4011_dac,25
32,$4011_dac,40
32,$4011_dac,60
32,$4011_dac,61
32,$4011_dac,60
32,$4011_dac,70
32,$4011_dac,84
32,$4011_dac,79
32,$4011_dac,68
32,$4011_dac,70
32,$4011_dac,72
32,$4011_dac,64
32,$4011_dac,57
32,$4011_dac,55
32,$4011_dac,60
32,$4011_dac,62
32,$4011_dac,59
32,$4011_dac,64
32,$4011_dac,68
32,$4011_dac,72
32,$4011_dac,74
32,$4011_dac,72
32,$4011_dac,65
32,$4011_dac,51
32,$4011_dac,42
32,$4011_dac,45
32,$4011_dac,49
32,$4011_dac,53
32,$4011_dac,60
32,$4011_dac,71
32,$4011_dac,79
32,$4011_dac,77
32,$4011_dac,70
32,$4011_dac,66
32,$4011_dac,67
32,$4011_dac,64
32,$4011_dac,63
32,$4011_dac,69
32,$4011_dac,76
32,$4011_dac,76
32,$4011_dac,64
32,$4011_dac,52
32,$4011_dac,54
32,$4011_dac,52
32,$4011_dac,51
32,$4011_dac,55
32,$4011_dac,65
32,$4011_dac,71
32,$4011_dac,54
32,$4011_dac,45
32,$4011_dac,68
32,$4011_dac,78
32,$4011_dac,68
32,$4011_dac,64
32,$4011_dac,61
32,$4011_dac,72
32,$4011_dac,73
32,$4011_dac,58
32,$4011_dac,33
32,$4011_dac,54
32,$4011_dac,89
32,$4011_dac,95
32,$4011_dac,84
32,$4011_dac,79
32,$4011_dac,77
32,$4011_dac,67
32,$4011_dac,36
32,$4011_dac,32
32,$4011_dac,44
32,$4011_dac,51
32,$4011_dac,56
32,$4011_dac,69
32,$4011_dac,77
32,$4011_dac,72
32,$4011_dac,65
32,$4011_dac,71
32,$4011_dac,71
32,$4011_dac,63
32,$4011_dac,60
32,$4011_dac,59
32,$4011_dac,60
32,$4011_dac,56
32,$4011_dac,53
32,$4011_dac,62
32,$4011_dac,69
32,$4011_dac,65
32,$4011_dac,69
32,$4011_dac,75
32,$4011_dac,68
32,$4011_dac,55
32,$4011_dac,50
32,$4011_dac,52
32,$4011_dac,50
32,$4011_dac,48
32,$4011_dac,61
32,$4011_dac,76
32,$4011_dac,80
32,$4011_dac,78
32,$4011_dac,74
32,$4011_dac,71
32,$4011_dac,69
32,$4011_dac,65
32,$4011_dac,67
32,$4011_dac,70
32,$4011_dac,67
32,$4011_dac,66
32,$4011_dac,64
32,$4011_dac,57
32,$4011_dac,49
32,$4011_dac,49
32,$4011_dac,60
32,$4011_dac,67
32,$4011_dac,67
32,$4011_dac,66
32,$4011_dac,61
32,$4011_dac,55
32,$4011_dac,58
32,$4011_dac,58
32,$4011_dac,55
32,$4011_dac,60
32,$4011_dac,73
32,$4011_dac,74
32,$4011_dac,68
32,$4011_dac,70
32,$4011_dac,42
32,$4011_dac,35
32,$4011_dac,70
32,$4011_dac,85
32,$4011_dac,77
32,$4011_dac,85
32,$4011_dac,90
32,$4011_dac,79
32,$4011_dac,49
32,$4011_dac,37
32,$4011_dac,49
32,$4011_dac,49
32,$4011_dac,42
32,$4011_dac,57
32,$4011_dac,72
32,$4011_dac,74
32,$4011_dac,70
32,$4011_dac,76
32,$4011_dac,82
32,$4011_dac,73
32,$4011_dac,63
32,$4011_dac,63
32,$4011_dac,55
32,$4011_dac,48
32,$4011_dac,54
32,$4011_dac,63
32,$4011_dac,70
32,$4011_dac,68
32,$4011_dac,67
32,$4011_dac,70
32,$4011_dac,67
32,$4011_dac,59
32,$4011_dac,53
32,$4011_dac,50
32,$4011_dac,49
32,$4011_dac,49
32,$4011_dac,54
32,$4011_dac,60
32,$4011_dac,67
32,$4011_dac,72
32,$4011_dac,72
32,$4011_dac,74
32,$4011_dac,79
32,$4011_dac,80
32,$4011_dac,73
32,$4011_dac,67
32,$4011_dac,69
32,$4011_dac,72
32,$4011_dac,65
32,$4011_dac,59
32,$4011_dac,57
32,$4011_dac,54
32,$4011_dac,52
32,$4011_dac,54
33,$4011_dac,62
33,$4011_dac,61
33,$4011_dac,58
33,$4011_dac,65
33,$4011_dac,57
33,$4011_dac,50
33,$4011_dac,53
33,$4011_dac,60
33,$4011_dac,78
33,$4011_dac,71
33,$4011_dac,59
33,$4011_dac,78
33,$4011_dac,70
33,$4011_dac,35
33,$4011_dac,47
33,$4011_dac,80
33,$4011_dac,81
33,$4011_dac,77
33,$4011_dac,84
33,$4011_dac,89
33,$4011_dac,73
33,$4011_dac,45
33,$4011_dac,43
33,$4011_dac,47
33,$4011_dac,37
33,$4011_dac,46
33,$4011_dac,68
33,$4011_dac,72
33,$4011_dac,73
33,$4011_dac,84
33,$4011_dac,92
33,$4011_dac,80
33,$4011_dac,65
33,$4011_dac,68
33,$4011_dac,63
33,$4011_dac,44
33,$4011_dac,44
33,$4011_dac,57
33,$4011_dac,56
33,$4011_dac,53
33,$4011_dac,61
33,$4011_dac,70
33,$4011_dac,67
33,$4011_dac,62
33,$4011_dac,64
33,$4011_dac,63
33,$4011_dac,54
33,$4011_dac,53
33,$4011_dac,57
33,$4011_dac,55
33,$4011_dac,52
33,$4011_dac,61
33,$4011_dac,73
33,$4011_dac,76
33,$4011_dac,74
33,$4011_dac,79
33,$4011_dac,83
33,$4011_dac,74
33,$4011_dac,68
33,$4011_dac,68
33,$4011_dac,64
33,$4011_dac,60
33,$4011_dac,62
33,$4011_dac,61
33,$4011_dac,58
33,$4011_dac,58
33,$4011_dac,63
33,$4011_dac,53
33,$4011_dac,53
33,$4011_dac,62
33,$4011_dac,61
33,$4011_dac,61
33,$4011_dac,58
33,$4011_dac,58
33,$4011_dac,64
33,$4011_dac,68
33,$4011_dac,67
33,$4011_dac,68
33,$4011_dac,66
33,$4011_dac,69
33,$4011_dac,42
33,$4011_dac,60
33,$4011_dac,85
33,$4011_dac,76
33,$4011_dac,76
33,$4011_dac,88
33,$4011_dac,80
33,$4011_dac,61
33,$4011_dac,45
33,$4011_dac,45
33,$4011_dac,41
33,$4011_dac,32
33,$4011_dac,46
33,$4011_dac,65
33,$4011_dac,69
33,$4011_dac,72
33,$4011_dac,82
33,$4011_dac,85
33,$4011_dac,78
33,$4011_dac,70
33,$4011_dac,74
33,$4011_dac,65
33,$4011_dac,52
33,$4011_dac,53
33,$4011_dac,55
33,$4011_dac,47
33,$4011_dac,52
33,$4011_dac,64
33,$4011_dac,68
33,$4011_dac,64
33,$4011_dac,67
33,$4011_dac,73
33,$4011_dac,67
33,$4011_dac,56
33,$4011_dac,56
33,$4011_dac,54
33,$4011_dac,48
33,$4011_dac,50
33,$4011_dac,60
33,$4011_dac,70
33,$4011_dac,73
33,$4011_dac,78
33,$4011_dac,85
33,$4011_dac,80
33,$4011_dac,72
33,$4011_dac,74
33,$4011_dac,75
33,$4011_dac,65
33,$4011_dac,58
33,$4011_dac,60
33,$4011_dac,57
33,$4011_dac,48
33,$4011_dac,52
33,$4011_dac,53
33,$4011_dac,55
33,$4011_dac,60
33,$4011_dac,64
33,$4011_dac,64
33,$4011_dac,58
33,$4011_dac,53
33,$4011_dac,62
33,$4011_dac,66
33,$4011_dac,67
33,$4011_dac,73
33,$4011_dac,66
33,$4011_dac,72
33,$4011_dac,54
33,$4011_dac,41
33,$4011_dac,71
33,$4011_dac,75
33,$4011_dac,75
33,$4011_dac,88
33,$4011_dac,86
33,$4011_dac,78
33,$4011_dac,59
33,$4011_dac,48
33,$4011_dac,47
33,$4011_dac,37
33,$4011_dac,39
33,$4011_dac,56
33,$4011_dac,60
33,$4011_dac,64
33,$4011_dac,74
33,$4011_dac,83
33,$4011_dac,84
33,$4011_dac,80
33,$4011_dac,83
33,$4011_dac,81
33,$4011_dac,63
33,$4011_dac,56
33,$4011_dac,55
33,$4011_dac,44
33,$4011_dac,41
33,$4011_dac,46
33,$4011_dac,51
33,$4011_dac,55
33,$4011_dac,60
33,$4011_dac,74
33,$4011_dac,73
33,$4011_dac,67
33,$4011_dac,69
33,$4011_dac,62
33,$4011_dac,54
33,$4011_dac,52
33,$4011_dac,55
33,$4011_dac,61
33,$4011_dac,63
33,$4011_dac,68
33,$4011_dac,76
33,$4011_dac,79
33,$4011_dac,82
33,$4011_dac,85
33,$4011_dac,80
33,$4011_dac,77
33,$4011_dac,72
33,$4011_dac,63
33,$4011_dac,55
33,$4011_dac,48
33,$4011_dac,45
33,$4011_dac,49
33,$4011_dac,45
33,$4011_dac,45
33,$4011_dac,55
33,$4011_dac,59
33,$4011_dac,61
33,$4011_dac,63
33,$4011_dac,63
33,$4011_dac,65
33,$4011_dac,75
33,$4011_dac,79
33,$4011_dac,73
33,$4011_dac,60
33,$4011_dac,63
33,$4011_dac,48
33,$4011_dac,49
33,$4011_dac,77
33,$4011_dac,76
33,$4011_dac,78
33,$4011_dac,86
33,$4011_dac,79
33,$4011_dac,75
33,$4011_dac,57
33,$4011_dac,49
33,$4011_dac,49
33,$4011_dac,34
33,$4011_dac,37
33,$4011_dac,50
33,$4011_dac,53
33,$4011_dac,62
33,$4011_dac,74
33,$4011_dac,84
33,$4011_dac,88
33,$4011_dac,86
33,$4011_dac,93
33,$4011_dac,90
33,$4011_dac,76
33,$4011_dac,68
33,$4011_dac,55
33,$4011_dac,41
33,$4011_dac,34
33,$4011_dac,36
33,$4011_dac,39
33,$4011_dac,40
33,$4011_dac,50
33,$4011_dac,66
33,$4011_dac,69
33,$4011_dac,71
33,$4011_dac,78
33,$4011_dac,75
33,$4011_dac,67
33,$4011_dac,62
33,$4011_dac,59
33,$4011_dac,60
33,$4011_dac,59
33,$4011_dac,62
33,$4011_dac,68
33,$4011_dac,68
33,$4011_dac,70
33,$4011_dac,77
33,$4011_dac,77
33,$4011_dac,76
33,$4011_dac,77
33,$4011_dac,72
33,$4011_dac,67
33,$4011_dac,58
33,$4011_dac,53
33,$4011_dac,51
33,$4011_dac,45
33,$4011_dac,47
33,$4011_dac,49
33,$4011_dac,46
33,$4011_dac,56
33,$4011_dac,64
33,$4011_dac,69
33,$4011_dac,74
33,$4011_dac,71
33,$4011_dac,74
33,$4011_dac,75
33,$4011_dac,68
33,$4011_dac,60
33,$4011_dac,66
33,$4011_dac,62
33,$4011_dac,51
33,$4011_dac,73
33,$4011_dac,78
33,$4011_dac,72
33,$4011_dac,71
33,$4011_dac,73
33,$4011_dac,72
33,$4011_dac,57
33,$4011_dac,51
33,$4011_dac,54
33,$4011_dac,48
33,$4011_dac,44
33,$4011_dac,50
33,$4011_dac,53
33,$4011_dac,56
33,$4011_dac,66
33,$4011_dac,77
33,$4011_dac,83
33,$4011_dac,82
33,$4011_dac,84
33,$4011_dac,83
33,$4011_dac,75
33,$4011_dac,69
33,$4011_dac,63
33,$4011_dac,55
33,$4011_dac,51
33,$4011_dac,47
33,$4011_dac,48
33,$4011_dac,48
33,$4011_dac,46
33,$4011_dac,52
33,$4011_dac,55
33,$4011_dac,55
33,$4011_dac,57
33,$4011_dac,61
34,$4011_dac,67
34,$4011_dac,70
34,$4011_dac,72
34,$4011_dac,76
34,$4011_dac,75
34,$4011_dac,74
34,$4011_dac,76
34,$4011_dac,72
34,$4011_dac,75
34,$4011_dac,73
34,$4011_dac,73
34,$4011_dac,66
34,$4011_dac,63
34,$4011_dac,60
34,$4011_dac,59
34,$4011_dac,56
34,$4011_dac,55
34,$4011_dac,52
34,$4011_dac,50
34,$4011_dac,55
34,$4011_dac,53
34,$4011_dac,55
34,$4011_dac,59
34,$4011_dac,60
34,$4011_dac,62
34,$4011_dac,68
34,$4011_dac,70
34,$4011_dac,72
34,$4011_dac,71
34,$4011_dac,72
34,$4011_dac,69
34,$4011_dac,63
34,$4011_dac,65
34,$4011_dac,68
34,$4011_dac,69
34,$4011_dac,68
34,$4011_dac,65
34,$4011_dac,66
34,$4011_dac,63
34,$4011_dac,58
34,$4011_dac,57
34,$4011_dac,57
34,$4011_dac,56
34,$4011_dac,56
34,$4011_dac,58
34,$4011_dac,61
34,$4011_dac,65
34,$4011_dac,68
34,$4011_dac,69
34,$4011_dac,69
34,$4011_dac,68
34,$4011_dac,66
34,$4011_dac,63
34,$4011_dac,61
34,$4011_dac,61
34,$4011_dac,61
34,$4011_dac,62
34,$4011_dac,63
34,$4011_dac,65
34,$4011_dac,67
34,$4011_dac,67
34,$4011_dac,69
34,$4011_dac,71
34,$4011_dac,66
34,$4011_dac,63
34,$4011_dac,59
34,$4011_dac,55
34,$4011_dac,54
34,$4011_dac,57
34,$4011_dac,63
34,$4011_dac,65
34,$4011_dac,64
34,$4011_dac,64
34,$4011_dac,66
34,$4011_dac,64
34,$4011_dac,61
34,$4011_dac,62
34,$4011_dac,66
34,$4011_dac,63
34,$4011_dac,60
34,$4011_dac,63
34,$4011_dac,63
34,$4011_dac,61
34,$4011_dac,62
34,$4011_dac,64
34,$4011_dac,64
34,$4011_dac,63
34,$4011_dac,65
34,$4011_dac,70
34,$4011_dac,71
34,$4011_dac,71
34,$4011_dac,74
34,$4011_dac,74
34,$4011_dac,69
34,$4011_dac,64
34,$4011_dac,62
34,$4011_dac,57
34,$4011_dac,52
34,$4011_dac,51
34,$4011_dac,54
34,$4011_dac,54
34,$4011_dac,56
34,$4011_dac,58
34,$4011_dac,60
34,$4011_dac,62
34,$4011_dac,65
34,$4011_dac,67
34,$4011_dac,67
34,$4011_dac,65
34,$4011_dac,69
34,$4011_dac,69
34,$4011_dac,66
34,$4011_dac,65
34,$4011_dac,67
34,$4011_dac,69
34,$4011_dac,68
34,$4011_dac,67
34,$4011_dac,67
34,$4011_dac,67
34,$4011_dac,68
34,$4011_dac,67
34,$4011_dac,63
34,$4011_dac,57
34,$4011_dac,54
34,$4011_dac,57
34,$4011_dac,57
34,$4011_dac,56
34,$4011_dac,60
34,$4011_dac,65
34,$4011_dac,67
34,$4011_dac,67
34,$4011_dac,65
34,$4011_dac,63
34,$4011_dac,58
34,$4011_dac,56
34,$4011_dac,59
34,$4011_dac,64
34,$4011_dac,67
34,$4011_dac,70
34,$4011_dac,70
34,$4011_dac,66
34,$4011_dac,63
34,$4011_dac,63
34,$4011_dac,63
34,$4011_dac,63
34,$4011_dac,63
34,$4011_dac,63
34,$4011_dac,63
34,$4011_dac,61
34,$4011_dac,59
34,$4011_dac,57
34,$4011_dac,58
34,$4011_dac,60
34,$4011_dac,59
34,$4011_dac,59
34,$4011_dac,64
34,$4011_dac,66
34,$4011_dac,70
34,$4011_dac,73
34,$4011_dac,73
34,$4011_dac,70
34,$4011_dac,70
34,$4011_dac,69
34,$4011_dac,67
34,$4011_dac,66
34,$4011_dac,66
34,$4011_dac,64
34,$4011_dac,62
34,$4011_dac,63
34,$4011_dac,64
34,$4011_dac,62
34,$4011_dac,60
34,$4011_dac,60
34,$4011_dac,57
34,$4011_dac,55
34,$4011_dac,55
34,$4011_dac,56
34,$4011_dac,56
34,$4011_dac,59
34,$4011_dac,62
34,$4011_dac,66
34,$4011_dac,67
34,$4011_dac,70
34,$4011_dac,73
34,$4011_dac,75
34,$4011_dac,71
34,$4011_dac,66
34,$4011_dac,63
34,$4011_dac,60
34,$4011_dac,58
34,$4011_dac,59
34,$4011_dac,62
34,$4011_dac,63
34,$4011_dac,64
34,$4011_dac,65
34,$4011_dac,65
34,$4011_dac,63
34,$4011_dac,64
34,$4011_dac,63
34,$4011_dac,60
34,$4011_dac,57
34,$4011_dac,61
34,$4011_dac,63
34,$4011_dac,65
34,$4011_dac,66
34,$4011_dac,66
34,$4011_dac,65
34,$4011_dac,63
34,$4011_dac,63
34,$4011_dac,64
34,$4011_dac,64
34,$4011_dac,65
34,$4011_dac,66
34,$4011_dac,62
34,$4011_dac,59
34,$4011_dac,60
34,$4011_dac,64
34,$4011_dac,65
34,$4011_dac,64
34,$4011_dac,63
34,$4011_dac,64
34,$4011_dac,65
34,$4011_dac,66
34,$4011_dac,66
34,$4011_dac,67
34,$4011_dac,65
34,$4011_dac,61
34,$4011_dac,59
34,$4011_dac,60
34,$4011_dac,61
34,$4011_dac,64
34,$4011_dac,66
34,$4011_dac,65
34,$4011_dac,65
34,$4011_dac,66
34,$4011_dac,64
34,$4011_dac,61
34,$4011_dac,63
34,$4011_dac,67
34,$4011_dac,67
34,$4011_dac,64
34,$4011_dac,63
34,$4011_dac,62
34,$4011_dac,59
34,$4011_dac,57
34,$4011_dac,60
34,$4011_dac,64
34,$4011_dac,65
34,$4011_dac,65
34,$4011_dac,63
34,$4011_dac,62
34,$4011_dac,61
34,$4011_dac,63
34,$4011_dac,64
34,$4011_dac,64
34,$4011_dac,64
34,$4011_dac,66
34,$4011_dac,68
34,$4011_dac,68
34,$4011_dac,68
34,$4011_dac,66
34,$4011_dac,63
34,$4011_dac,62
34,$4011_dac,61
34,$4011_dac,61
34,$4011_dac,63
34,$4011_dac,64
34,$4011_dac,63
34,$4011_dac,63
34,$4011_dac,64
34,$4011_dac,65
34,$4011_dac,65
34,$4011_dac,62
34,$4011_dac,61
34,$4011_dac,62
34,$4011_dac,63
34,$4011_dac,63
34,$4011_dac,64
34,$4011_dac,65
34,$4011_dac,62
34,$4011_dac,58
34,$4011_dac,59
34,$4011_dac,60
34,$4011_dac,61
34,$4011_dac,64
34,$4011_dac,67
34,$4011_dac,67
34,$4011_dac,65
34,$4011_dac,64
34,$4011_dac,63
34,$4011_dac,62
34,$4011_dac,61
34,$4011_dac,62
34,$4011_dac,67
34,$4011_dac,69
34,$4011_dac,68
34,$4011_dac,68
34,$4011_dac,66
34,$4011_dac,64
34,$4011_dac,62
34,$4011_dac,62
34,$4011_dac,62
34,$4011_dac,61
34,$4011_dac,60
34,$4011_dac,60
34,$4011_dac,60
34,$4011_dac,61
34,$4011_dac,63
34,$4011_dac,65
34,$4011_dac,65
34,$4011_dac,64
34,$4011_dac,66
34,$4011_dac,67
34,$4011_dac,67
34,$4011_dac,66
34,$4011_dac,66
34,$4011_dac,67
35,$4011_dac,64
35,$4011_dac,61
35,$4011_dac,62
35,$4011_dac,64
35,$4011_dac,63
35,$4011_dac,63
35,$4011_dac,60
35,$4011_dac,58
35,$4011_dac,61
35,$4011_dac,66
35,$4011_dac,63
35,$4011_dac,63
35,$4011_dac,63
35,$4011_dac,63
35,$4011_dac,63
35,$4011_dac,63
35,$4011_dac,63
35,$4011_dac,63
35,$4011_dac,64
35,$4011_dac,64
35,$4011_dac,64
35,$4011_dac,64
35,$4011_dac,64
35,$4011_dac,64
35,$4011_dac,64
35,$4011_dac,61
35,$4011_dac,61
35,$4011_dac,62
35,$4011_dac,65
35,$4011_dac,67
35,$4011_dac,66
35,$4011_dac,65
35,$4011_dac,65
35,$4011_dac,66
35,$4011_dac,66
35,$4011_dac,65
35,$4011_dac,63
35,$4011_dac,64
35,$4011_dac,65
35,$4011_dac,66
35,$4011_dac,65
35,$4011_dac,66
35,$4011_dac,67
35,$4011_dac,67
35,$4011_dac,67
35,$4011_dac,65
35,$4011_dac,62
35,$4011_dac,59
35,$4011_dac,57
35,$4011_dac,57
35,$4011_dac,59
35,$4011_dac,62
35,$4011_dac,64
35,$4011_dac,63
35,$4011_dac,64
35,$4011_dac,64
35,$4011_dac,62
35,$4011_dac,61
35,$4011_dac,61
35,$4011_dac,62
35,$4011_dac,63
35,$4011_dac,62
35,$4011_dac,63
35,$4011_dac,63
35,$4011_dac,64
35,$4011_dac,67
35,$4011_dac,67
35,$4011_dac,64
35,$4011_dac,62
35,$4011_dac,63
35,$4011_dac,66
35,$4011_dac,67
35,$4011_dac,67
35,$4011_dac,66
35,$4011_dac,65
35,$4011_dac,63
35,$4011_dac,60
35,$4011_dac,58
35,$4011_dac,60
35,$4011_dac,63
35,$4011_dac,63
35,$4011_dac,63
35,$4011_dac,63
35,$4011_dac,64
35,$4011_dac,65
35,$4011_dac,66
35,$4011_dac,67
35,$4011_dac,65
35,$4011_dac,64
35,$4011_dac,63
35,$4011_dac,65
35,$4011_dac,66
35,$4011_dac,65
35,$4011_dac,64
35,$4011_dac,63
35,$4011_dac,62
35,$4011_dac,62
35,$4011_dac,64
35,$4011_dac,66
35,$4011_dac,65
35,$4011_dac,63
35,$4011_dac,61
35,$4011_dac,60
35,$4011_dac,61
35,$4011_dac,61
35,$4011_dac,61
35,$4011_dac,62
35,$4011_dac,64
35,$4011_dac,65
35,$4011_dac,66
35,$4011_dac,65
35,$4011_dac,64
35,$4011_dac,63
35,$4011_dac,63
35,$4011_dac,62
35,$4011_dac,60
35,$4011_dac,60
35,$4011_dac,60
35,$4011_dac,62
35,$4011_dac,64
35,$4011_dac,64
35,$4011_dac,65
35,$4011_dac,65
35,$4011_dac,65
35,$4011_dac,65
35,$4011_dac,67
35,$4011_dac,67
35,$4011_dac,65
35,$4011_dac,63
35,$4011_dac,62
35,$4011_dac,63
35,$4011_dac,63
35,$4011_dac,62
35,$4011_dac,62
35,$4011_dac,62
35,$4011_dac,65
35,$4011_dac,67
35,$4011_dac,66
35,$4011_dac,65
35,$4011_dac,66
35,$4011_dac,67
35,$4011_dac,55
35,$4011_dac,58
35,$4011_dac,74
35,$4011_dac,78
35,$4011_dac,72
35,$4011_dac,55
35,$4011_dac,57
35,$4011_dac,66
35,$4011_dac,66
35,$4011_dac,60
35,$4011_dac,54
35,$4011_dac,53
35,$4011_dac,55
35,$4011_dac,60
35,$4011_dac,64
35,$4011_dac,65
35,$4011_dac,65
35,$4011_dac,66
35,$4011_dac,62
35,$4011_dac,59
35,$4011_dac,58
35,$4011_dac,64
35,$4011_dac,61
35,$4011_dac,58
35,$4011_dac,68
35,$4011_dac,73
35,$4011_dac,70
35,$4011_dac,65
35,$4011_dac,65
35,$4011_dac,62
35,$4011_dac,57
35,$4011_dac,60
35,$4011_dac,66
35,$4011_dac,65
35,$4011_dac,65
35,$4011_dac,72
35,$4011_dac,73
35,$4011_dac,68
35,$4011_dac,67
35,$4011_dac,71
35,$4011_dac,68
35,$4011_dac,63
35,$4011_dac,66
35,$4011_dac,66
35,$4011_dac,61
35,$4011_dac,56
35,$4011_dac,57
35,$4011_dac,55
35,$4011_dac,53
35,$4011_dac,55
35,$4011_dac,60
35,$4011_dac,60
35,$4011_dac,61
35,$4011_dac,60
35,$4011_dac,64
35,$4011_dac,65
35,$4011_dac,62
35,$4011_dac,66
35,$4011_dac,65
35,$4011_dac,65
35,$4011_dac,66
35,$4011_dac,70
35,$4011_dac,65
35,$4011_dac,63
35,$4011_dac,60
35,$4011_dac,63
35,$4011_dac,65
35,$4011_dac,67
35,$4011_dac,66
35,$4011_dac,67
35,$4011_dac,67
35,$4011_dac,65
35,$4011_dac,65
35,$4011_dac,63
35,$4011_dac,60
35,$4011_dac,58
35,$4011_dac,64
35,$4011_dac,63
35,$4011_dac,67
35,$4011_dac,63
35,$4011_dac,62
35,$4011_dac,63
35,$4011_dac,63
35,$4011_dac,63
35,$4011_dac,59
35,$4011_dac,60
35,$4011_dac,64
35,$4011_dac,65
35,$4011_dac,62
35,$4011_dac,65
35,$4011_dac,65
35,$4011_dac,66
35,$4011_dac,62
35,$4011_dac,62
35,$4011_dac,66
35,$4011_dac,64
35,$4011_dac,62
35,$4011_dac,64
35,$4011_dac,68
35,$4011_dac,68
35,$4011_dac,67
35,$4011_dac,66
35,$4011_dac,66
35,$4011_dac,60
35,$4011_dac,59
35,$4011_dac,60
35,$4011_dac,60
35,$4011_dac,57
35,$4011_dac,57
35,$4011_dac,62
35,$4011_dac,62
35,$4011_dac,60
35,$4011_dac,63
35,$4011_dac,71
35,$4011_dac,71
35,$4011_dac,69
35,$4011_dac,69
35,$4011_dac,71
35,$4011_dac,66
35,$4011_dac,61
35,$4011_dac,57
35,$4011_dac,53
35,$4011_dac,51
35,$4011_dac,54
35,$4011_dac,58
35,$4011_dac,58
35,$4011_dac,56
35,$4011_dac,63
35,$4011_dac,71
35,$4011_dac,70
35,$4011_dac,73
35,$4011_dac,76
35,$4011_dac,77
35,$4011_dac,76
35,$4011_dac,78
35,$4011_dac,77
35,$4011_dac,70
35,$4011_dac,61
35,$4011_dac,52
35,$4011_dac,51
35,$4011_dac,52
35,$4011_dac,54
35,$4011_dac,47
35,$4011_dac,53
35,$4011_dac,59
35,$4011_dac,60
35,$4011_dac,57
35,$4011_dac,67
35,$4011_dac,71
35,$4011_dac,69
35,$4011_dac,69
35,$4011_dac,72
35,$4011_dac,73
35,$4011_dac,69
35,$4011_dac,67
35,$4011_dac,61
35,$4011_dac,63
35,$4011_dac,65
35,$4011_dac,66
35,$4011_dac,65
35,$4011_dac,65
35,$4011_dac,63
35,$4011_dac,60
35,$4011_dac,55
35,$4011_dac,57
35,$4011_dac,58
35,$4011_dac,56
35,$4011_dac,56
35,$4011_dac,56
35,$4011_dac,58
35,$4011_dac,60
35,$4011_dac,65
35,$4011_dac,70
35,$4011_dac,72
35,$4011_dac,71
35,$4011_dac,73
36,$4011_dac,74
36,$4011_dac,75
36,$4011_dac,75
36,$4011_dac,73
36,$4011_dac,67
36,$4011_dac,62
36,$4011_dac,60
36,$4011_dac,52
36,$4011_dac,43
36,$4011_dac,40
36,$4011_dac,42
36,$4011_dac,42
36,$4011_dac,44
36,$4011_dac,52
36,$4011_dac,62
36,$4011_dac,70
36,$4011_dac,79
36,$4011_dac,89
36,$4011_dac,90
36,$4011_dac,90
36,$4011_dac,93
36,$4011_dac,89
36,$4011_dac,83
36,$4011_dac,77
36,$4011_dac,72
36,$4011_dac,61
36,$4011_dac,51
36,$4011_dac,48
36,$4011_dac,40
36,$4011_dac,36
36,$4011_dac,40
36,$4011_dac,44
36,$4011_dac,50
36,$4011_dac,52
36,$4011_dac,57
36,$4011_dac,63
36,$4011_dac,71
36,$4011_dac,65
36,$4011_dac,69
36,$4011_dac,67
36,$4011_dac,60
36,$4011_dac,67
36,$4011_dac,68
36,$4011_dac,65
36,$4011_dac,60
36,$4011_dac,62
36,$4011_dac,76
36,$4011_dac,74
36,$4011_dac,71
36,$4011_dac,77
36,$4011_dac,73
36,$4011_dac,68
36,$4011_dac,61
36,$4011_dac,58
36,$4011_dac,54
36,$4011_dac,50
36,$4011_dac,51
36,$4011_dac,55
36,$4011_dac,55
36,$4011_dac,58
36,$4011_dac,70
36,$4011_dac,75
36,$4011_dac,79
36,$4011_dac,82
36,$4011_dac,85
36,$4011_dac,84
36,$4011_dac,80
36,$4011_dac,75
36,$4011_dac,70
36,$4011_dac,59
36,$4011_dac,52
36,$4011_dac,47
36,$4011_dac,42
36,$4011_dac,37
36,$4011_dac,33
36,$4011_dac,35
36,$4011_dac,38
36,$4011_dac,40
36,$4011_dac,52
36,$4011_dac,64
36,$4011_dac,73
36,$4011_dac,80
36,$4011_dac,87
36,$4011_dac,94
36,$4011_dac,95
36,$4011_dac,94
36,$4011_dac,90
36,$4011_dac,82
36,$4011_dac,76
36,$4011_dac,66
36,$4011_dac,57
36,$4011_dac,52
36,$4011_dac,47
36,$4011_dac,47
36,$4011_dac,45
36,$4011_dac,42
36,$4011_dac,44
36,$4011_dac,46
36,$4011_dac,52
36,$4011_dac,55
36,$4011_dac,56
36,$4011_dac,65
36,$4011_dac,75
36,$4011_dac,73
36,$4011_dac,67
36,$4011_dac,75
36,$4011_dac,76
36,$4011_dac,60
36,$4011_dac,62
36,$4011_dac,66
36,$4011_dac,65
36,$4011_dac,62
36,$4011_dac,58
36,$4011_dac,77
36,$4011_dac,82
36,$4011_dac,75
36,$4011_dac,80
36,$4011_dac,82
36,$4011_dac,70
36,$4011_dac,60
36,$4011_dac,51
36,$4011_dac,48
36,$4011_dac,37
36,$4011_dac,34
36,$4011_dac,45
36,$4011_dac,49
36,$4011_dac,53
36,$4011_dac,64
36,$4011_dac,76
36,$4011_dac,85
36,$4011_dac,90
36,$4011_dac,97
36,$4011_dac,100
36,$4011_dac,90
36,$4011_dac,81
36,$4011_dac,74
36,$4011_dac,59
36,$4011_dac,45
36,$4011_dac,31
36,$4011_dac,25
36,$4011_dac,25
36,$4011_dac,22
36,$4011_dac,32
36,$4011_dac,43
36,$4011_dac,46
36,$4011_dac,56
36,$4011_dac,71
36,$4011_dac,81
36,$4011_dac,86
36,$4011_dac,90
36,$4011_dac,97
36,$4011_dac,95
36,$4011_dac,86
36,$4011_dac,85
36,$4011_dac,80
36,$4011_dac,68
36,$4011_dac,59
36,$4011_dac,58
36,$4011_dac,58
36,$4011_dac,52
36,$4011_dac,52
36,$4011_dac,53
36,$4011_dac,55
36,$4011_dac,57
36,$4011_dac,57
36,$4011_dac,52
36,$4011_dac,49
36,$4011_dac,50
36,$4011_dac,59
36,$4011_dac,61
36,$4011_dac,62
36,$4011_dac,67
36,$4011_dac,68
36,$4011_dac,71
36,$4011_dac,69
36,$4011_dac,68
36,$4011_dac,62
36,$4011_dac,67
36,$4011_dac,76
36,$4011_dac,75
36,$4011_dac,70
36,$4011_dac,62
36,$4011_dac,71
36,$4011_dac,80
36,$4011_dac,71
36,$4011_dac,64
36,$4011_dac,64
36,$4011_dac,57
36,$4011_dac,50
36,$4011_dac,45
36,$4011_dac,47
36,$4011_dac,44
36,$4011_dac,41
36,$4011_dac,49
36,$4011_dac,61
36,$4011_dac,66
36,$4011_dac,76
36,$4011_dac,89
36,$4011_dac,96
36,$4011_dac,93
36,$4011_dac,86
36,$4011_dac,91
36,$4011_dac,79
36,$4011_dac,62
36,$4011_dac,56
36,$4011_dac,46
36,$4011_dac,28
36,$4011_dac,24
36,$4011_dac,34
36,$4011_dac,39
36,$4011_dac,34
36,$4011_dac,47
36,$4011_dac,64
36,$4011_dac,65
36,$4011_dac,68
36,$4011_dac,80
36,$4011_dac,88
36,$4011_dac,87
36,$4011_dac,83
36,$4011_dac,85
36,$4011_dac,80
36,$4011_dac,71
36,$4011_dac,71
36,$4011_dac,73
36,$4011_dac,62
36,$4011_dac,55
36,$4011_dac,62
36,$4011_dac,67
36,$4011_dac,58
36,$4011_dac,55
36,$4011_dac,61
36,$4011_dac,56
36,$4011_dac,47
36,$4011_dac,48
36,$4011_dac,53
36,$4011_dac,54
36,$4011_dac,51
36,$4011_dac,63
36,$4011_dac,66
36,$4011_dac,63
36,$4011_dac,67
36,$4011_dac,76
36,$4011_dac,79
36,$4011_dac,72
36,$4011_dac,68
36,$4011_dac,73
36,$4011_dac,77
36,$4011_dac,66
36,$4011_dac,63
36,$4011_dac,54
36,$4011_dac,54
36,$4011_dac,67
36,$4011_dac,67
36,$4011_dac,63
36,$4011_dac,66
36,$4011_dac,63
36,$4011_dac,58
36,$4011_dac,50
36,$4011_dac,49
36,$4011_dac,48
36,$4011_dac,47
36,$4011_dac,50
36,$4011_dac,59
36,$4011_dac,68
36,$4011_dac,73
36,$4011_dac,80
36,$4011_dac,91
36,$4011_dac,96
36,$4011_dac,90
36,$4011_dac,87
36,$4011_dac,84
36,$4011_dac,73
36,$4011_dac,60
36,$4011_dac,46
36,$4011_dac,36
36,$4011_dac,32
36,$4011_dac,25
36,$4011_dac,31
36,$4011_dac,40
36,$4011_dac,45
36,$4011_dac,57
36,$4011_dac,66
36,$4011_dac,69
36,$4011_dac,74
36,$4011_dac,79
36,$4011_dac,85
36,$4011_dac,79
36,$4011_dac,74
36,$4011_dac,76
36,$4011_dac,75
36,$4011_dac,73
36,$4011_dac,76
36,$4011_dac,71
36,$4011_dac,67
36,$4011_dac,64
36,$4011_dac,63
36,$4011_dac,63
36,$4011_dac,57
36,$4011_dac,54
36,$4011_dac,50
36,$4011_dac,42
36,$4011_dac,42
36,$4011_dac,49
36,$4011_dac,54
36,$4011_dac,59
36,$4011_dac,66
36,$4011_dac,71
36,$4011_dac,77
36,$4011_dac,77
36,$4011_dac,81
36,$4011_dac,81
36,$4011_dac,65
36,$4011_dac,63
36,$4011_dac,63
36,$4011_dac,52
36,$4011_dac,54
36,$4011_dac,63
37,$4011_dac,65
37,$4011_dac,49
37,$4011_dac,63
37,$4011_dac,79
37,$4011_dac,67
37,$4011_dac,63
37,$4011_dac,71
37,$4011_dac,71
37,$4011_dac,59
37,$4011_dac,48
37,$4011_dac,52
37,$4011_dac,51
37,$4011_dac,44
37,$4011_dac,49
37,$4011_dac,61
37,$4011_dac,68
37,$4011_dac,80
37,$4011_dac,96
37,$4011_dac,102
37,$4011_dac,94
37,$4011_dac,87
37,$4011_dac,83
37,$4011_dac,69
37,$4011_dac,52
37,$4011_dac,36
37,$4011_dac,29
37,$4011_dac,28
37,$4011_dac,25
37,$4011_dac,34
37,$4011_dac,48
37,$4011_dac,54
37,$4011_dac,64
37,$4011_dac,73
37,$4011_dac,77
37,$4011_dac,80
37,$4011_dac,81
37,$4011_dac,82
37,$4011_dac,78
37,$4011_dac,73
37,$4011_dac,72
37,$4011_dac,71
37,$4011_dac,69
37,$4011_dac,66
37,$4011_dac,66
37,$4011_dac,66
37,$4011_dac,66
37,$4011_dac,62
37,$4011_dac,62
37,$4011_dac,58
37,$4011_dac,51
37,$4011_dac,49
37,$4011_dac,46
37,$4011_dac,49
37,$4011_dac,55
37,$4011_dac,57
37,$4011_dac,63
37,$4011_dac,67
37,$4011_dac,64
37,$4011_dac,64
37,$4011_dac,75
37,$4011_dac,78
37,$4011_dac,78
37,$4011_dac,79
37,$4011_dac,66
37,$4011_dac,56
37,$4011_dac,53
37,$4011_dac,52
37,$4011_dac,63
37,$4011_dac,64
37,$4011_dac,47
37,$4011_dac,63
37,$4011_dac,82
37,$4011_dac,77
37,$4011_dac,75
37,$4011_dac,81
37,$4011_dac,80
37,$4011_dac,63
37,$4011_dac,48
37,$4011_dac,50
37,$4011_dac,44
37,$4011_dac,35
37,$4011_dac,46
37,$4011_dac,53
37,$4011_dac,63
37,$4011_dac,76
37,$4011_dac,88
37,$4011_dac,98
37,$4011_dac,95
37,$4011_dac,87
37,$4011_dac,80
37,$4011_dac,68
37,$4011_dac,55
37,$4011_dac,44
37,$4011_dac,24
37,$4011_dac,18
37,$4011_dac,29
37,$4011_dac,35
37,$4011_dac,46
37,$4011_dac,59
37,$4011_dac,73
37,$4011_dac,81
37,$4011_dac,79
37,$4011_dac,81
37,$4011_dac,82
37,$4011_dac,72
37,$4011_dac,71
37,$4011_dac,70
37,$4011_dac,63
37,$4011_dac,62
37,$4011_dac,69
37,$4011_dac,71
37,$4011_dac,65
37,$4011_dac,68
37,$4011_dac,73
37,$4011_dac,69
37,$4011_dac,66
37,$4011_dac,68
37,$4011_dac,62
37,$4011_dac,55
37,$4011_dac,50
37,$4011_dac,48
37,$4011_dac,48
37,$4011_dac,46
37,$4011_dac,58
37,$4011_dac,70
37,$4011_dac,68
37,$4011_dac,67
37,$4011_dac,74
37,$4011_dac,82
37,$4011_dac,80
37,$4011_dac,67
37,$4011_dac,59
37,$4011_dac,49
37,$4011_dac,51
37,$4011_dac,52
37,$4011_dac,52
37,$4011_dac,69
37,$4011_dac,64
37,$4011_dac,51
37,$4011_dac,77
37,$4011_dac,88
37,$4011_dac,78
37,$4011_dac,75
37,$4011_dac,75
37,$4011_dac,71
37,$4011_dac,54
37,$4011_dac,43
37,$4011_dac,52
37,$4011_dac,46
37,$4011_dac,42
37,$4011_dac,53
37,$4011_dac,65
37,$4011_dac,72
37,$4011_dac,74
37,$4011_dac,89
37,$4011_dac,93
37,$4011_dac,84
37,$4011_dac,79
37,$4011_dac,71
37,$4011_dac,57
37,$4011_dac,45
37,$4011_dac,34
37,$4011_dac,27
37,$4011_dac,35
37,$4011_dac,42
37,$4011_dac,51
37,$4011_dac,63
37,$4011_dac,68
37,$4011_dac,77
37,$4011_dac,80
37,$4011_dac,74
37,$4011_dac,70
37,$4011_dac,66
37,$4011_dac,64
37,$4011_dac,63
37,$4011_dac,60
37,$4011_dac,63
37,$4011_dac,71
37,$4011_dac,75
37,$4011_dac,77
37,$4011_dac,77
37,$4011_dac,77
37,$4011_dac,77
37,$4011_dac,75
37,$4011_dac,67
37,$4011_dac,60
37,$4011_dac,58
37,$4011_dac,50
37,$4011_dac,32
37,$4011_dac,36
37,$4011_dac,51
37,$4011_dac,52
37,$4011_dac,61
37,$4011_dac,70
37,$4011_dac,66
37,$4011_dac,71
37,$4011_dac,82
37,$4011_dac,88
37,$4011_dac,78
37,$4011_dac,54
37,$4011_dac,48
37,$4011_dac,58
37,$4011_dac,50
37,$4011_dac,48
37,$4011_dac,56
37,$4011_dac,65
37,$4011_dac,61
37,$4011_dac,50
37,$4011_dac,76
37,$4011_dac,93
37,$4011_dac,82
37,$4011_dac,81
37,$4011_dac,86
37,$4011_dac,75
37,$4011_dac,53
37,$4011_dac,48
37,$4011_dac,55
37,$4011_dac,51
37,$4011_dac,36
37,$4011_dac,43
37,$4011_dac,57
37,$4011_dac,59
37,$4011_dac,68
37,$4011_dac,88
37,$4011_dac,99
37,$4011_dac,86
37,$4011_dac,74
37,$4011_dac,79
37,$4011_dac,69
37,$4011_dac,51
37,$4011_dac,37
37,$4011_dac,24
37,$4011_dac,32
37,$4011_dac,42
37,$4011_dac,58
37,$4011_dac,68
37,$4011_dac,58
37,$4011_dac,67
37,$4011_dac,80
37,$4011_dac,72
37,$4011_dac,74
37,$4011_dac,66
37,$4011_dac,60
37,$4011_dac,66
37,$4011_dac,64
37,$4011_dac,64
37,$4011_dac,66
37,$4011_dac,71
37,$4011_dac,78
37,$4011_dac,73
37,$4011_dac,77
37,$4011_dac,80
37,$4011_dac,74
37,$4011_dac,70
37,$4011_dac,58
37,$4011_dac,50
37,$4011_dac,46
37,$4011_dac,41
37,$4011_dac,40
37,$4011_dac,52
37,$4011_dac,75
37,$4011_dac,69
37,$4011_dac,62
37,$4011_dac,78
37,$4011_dac,82
37,$4011_dac,56
37,$4011_dac,55
37,$4011_dac,74
37,$4011_dac,66
37,$4011_dac,37
37,$4011_dac,44
37,$4011_dac,67
37,$4011_dac,57
37,$4011_dac,50
37,$4011_dac,77
37,$4011_dac,66
37,$4011_dac,58
37,$4011_dac,78
37,$4011_dac,87
37,$4011_dac,89
37,$4011_dac,76
37,$4011_dac,67
37,$4011_dac,73
37,$4011_dac,47
37,$4011_dac,30
37,$4011_dac,47
37,$4011_dac,56
37,$4011_dac,51
37,$4011_dac,51
37,$4011_dac,64
37,$4011_dac,79
37,$4011_dac,83
37,$4011_dac,94
37,$4011_dac,96
37,$4011_dac,82
37,$4011_dac,65
37,$4011_dac,64
37,$4011_dac,58
37,$4011_dac,42
37,$4011_dac,32
37,$4011_dac,39
37,$4011_dac,47
37,$4011_dac,42
37,$4011_dac,57
37,$4011_dac,79
37,$4011_dac,78
37,$4011_dac,69
37,$4011_dac,66
37,$4011_dac,72
37,$4011_dac,62
37,$4011_dac,53
37,$4011_dac,54
37,$4011_dac,54
37,$4011_dac,60
37,$4011_dac,67
37,$4011_dac,69
37,$4011_dac,79
37,$4011_dac,77
38,$4011_dac,77
38,$4011_dac,90
38,$4011_dac,73
38,$4011_dac,56
38,$4011_dac,62
38,$4011_dac,61
38,$4011_dac,54
38,$4011_dac,51
38,$4011_dac,48
38,$4011_dac,55
38,$4011_dac,60
38,$4011_dac,53
38,$4011_dac,60
38,$4011_dac,64
38,$4011_dac,71
38,$4011_dac,70
38,$4011_dac,69
38,$4011_dac,87
38,$4011_dac,64
38,$4011_dac,44
38,$4011_dac,62
38,$4011_dac,63
38,$4011_dac,56
38,$4011_dac,53
38,$4011_dac,66
38,$4011_dac,68
38,$4011_dac,49
38,$4011_dac,73
38,$4011_dac,91
38,$4011_dac,74
38,$4011_dac,69
38,$4011_dac,76
38,$4011_dac,76
38,$4011_dac,61
38,$4011_dac,42
38,$4011_dac,53
38,$4011_dac,48
38,$4011_dac,36
38,$4011_dac,49
38,$4011_dac,62
38,$4011_dac,73
38,$4011_dac,80
38,$4011_dac,86
38,$4011_dac,86
38,$4011_dac,79
38,$4011_dac,75
38,$4011_dac,77
38,$4011_dac,69
38,$4011_dac,51
38,$4011_dac,41
38,$4011_dac,30
38,$4011_dac,36
38,$4011_dac,47
38,$4011_dac,54
38,$4011_dac,60
38,$4011_dac,62
38,$4011_dac,67
38,$4011_dac,70
38,$4011_dac,74
38,$4011_dac,68
38,$4011_dac,56
38,$4011_dac,56
38,$4011_dac,60
38,$4011_dac,72
38,$4011_dac,78
38,$4011_dac,69
38,$4011_dac,70
38,$4011_dac,86
38,$4011_dac,81
38,$4011_dac,74
38,$4011_dac,74
38,$4011_dac,74
38,$4011_dac,60
38,$4011_dac,48
38,$4011_dac,50
38,$4011_dac,49
38,$4011_dac,45
38,$4011_dac,45
38,$4011_dac,59
38,$4011_dac,68
38,$4011_dac,71
38,$4011_dac,67
38,$4011_dac,74
38,$4011_dac,82
38,$4011_dac,73
38,$4011_dac,64
38,$4011_dac,54
38,$4011_dac,53
38,$4011_dac,49
38,$4011_dac,47
38,$4011_dac,62
38,$4011_dac,61
38,$4011_dac,72
38,$4011_dac,76
38,$4011_dac,61
38,$4011_dac,70
38,$4011_dac,82
38,$4011_dac,80
38,$4011_dac,70
38,$4011_dac,63
38,$4011_dac,62
38,$4011_dac,58
38,$4011_dac,42
38,$4011_dac,46
38,$4011_dac,45
38,$4011_dac,35
38,$4011_dac,45
38,$4011_dac,61
38,$4011_dac,78
38,$4011_dac,85
38,$4011_dac,88
38,$4011_dac,99
38,$4011_dac,84
38,$4011_dac,74
38,$4011_dac,80
38,$4011_dac,62
38,$4011_dac,44
38,$4011_dac,36
38,$4011_dac,38
38,$4011_dac,50
38,$4011_dac,51
38,$4011_dac,46
38,$4011_dac,60
38,$4011_dac,70
38,$4011_dac,76
38,$4011_dac,74
38,$4011_dac,58
38,$4011_dac,60
38,$4011_dac,67
38,$4011_dac,60
38,$4011_dac,60
38,$4011_dac,69
38,$4011_dac,69
38,$4011_dac,72
38,$4011_dac,82
38,$4011_dac,85
38,$4011_dac,77
38,$4011_dac,68
38,$4011_dac,69
38,$4011_dac,71
38,$4011_dac,54
38,$4011_dac,54
38,$4011_dac,65
38,$4011_dac,37
38,$4011_dac,39
38,$4011_dac,64
38,$4011_dac,56
38,$4011_dac,62
38,$4011_dac,70
38,$4011_dac,61
38,$4011_dac,76
38,$4011_dac,70
38,$4011_dac,41
38,$4011_dac,58
38,$4011_dac,65
38,$4011_dac,64
38,$4011_dac,50
38,$4011_dac,52
38,$4011_dac,66
38,$4011_dac,63
38,$4011_dac,63
38,$4011_dac,92
38,$4011_dac,80
38,$4011_dac,48
38,$4011_dac,64
38,$4011_dac,81
38,$4011_dac,78
38,$4011_dac,78
38,$4011_dac,68
38,$4011_dac,63
38,$4011_dac,52
38,$4011_dac,55
38,$4011_dac,65
38,$4011_dac,49
38,$4011_dac,35
38,$4011_dac,58
38,$4011_dac,75
38,$4011_dac,72
38,$4011_dac,75
38,$4011_dac,78
38,$4011_dac,82
38,$4011_dac,77
38,$4011_dac,69
38,$4011_dac,67
38,$4011_dac,49
38,$4011_dac,44
38,$4011_dac,44
38,$4011_dac,44
38,$4011_dac,54
38,$4011_dac,61
38,$4011_dac,58
38,$4011_dac,56
38,$4011_dac,66
38,$4011_dac,72
38,$4011_dac,64
38,$4011_dac,66
38,$4011_dac,63
38,$4011_dac,58
38,$4011_dac,61
38,$4011_dac,64
38,$4011_dac,72
38,$4011_dac,66
38,$4011_dac,65
38,$4011_dac,89
38,$4011_dac,85
38,$4011_dac,70
38,$4011_dac,68
38,$4011_dac,67
38,$4011_dac,62
38,$4011_dac,67
38,$4011_dac,57
38,$4011_dac,47
38,$4011_dac,44
38,$4011_dac,42
38,$4011_dac,58
38,$4011_dac,70
38,$4011_dac,67
38,$4011_dac,65
38,$4011_dac,64
38,$4011_dac,63
38,$4011_dac,80
38,$4011_dac,72
38,$4011_dac,46
38,$4011_dac,45
38,$4011_dac,53
38,$4011_dac,61
38,$4011_dac,65
38,$4011_dac,72
38,$4011_dac,77
38,$4011_dac,75
38,$4011_dac,72
38,$4011_dac,87
38,$4011_dac,58
38,$4011_dac,51
38,$4011_dac,73
38,$4011_dac,66
38,$4011_dac,56
38,$4011_dac,70
38,$4011_dac,71
38,$4011_dac,65
38,$4011_dac,56
38,$4011_dac,58
38,$4011_dac,54
38,$4011_dac,42
38,$4011_dac,51
38,$4011_dac,67
38,$4011_dac,67
38,$4011_dac,59
38,$4011_dac,72
38,$4011_dac,74
38,$4011_dac,60
38,$4011_dac,76
38,$4011_dac,87
38,$4011_dac,62
38,$4011_dac,51
38,$4011_dac,50
38,$4011_dac,68
38,$4011_dac,67
38,$4011_dac,52
38,$4011_dac,54
38,$4011_dac,56
38,$4011_dac,54
38,$4011_dac,64
38,$4011_dac,62
38,$4011_dac,52
38,$4011_dac,52
38,$4011_dac,61
38,$4011_dac,77
38,$4011_dac,73
38,$4011_dac,66
38,$4011_dac,70
38,$4011_dac,72
38,$4011_dac,74
38,$4011_dac,88
38,$4011_dac,74
38,$4011_dac,64
38,$4011_dac,72
38,$4011_dac,66
38,$4011_dac,55
38,$4011_dac,53
38,$4011_dac,54
38,$4011_dac,53
38,$4011_dac,56
38,$4011_dac,65
38,$4011_dac,73
38,$4011_dac,61
38,$4011_dac,57
38,$4011_dac,55
38,$4011_dac,78
38,$4011_dac,58
38,$4011_dac,42
38,$4011_dac,52
38,$4011_dac,65
38,$4011_dac,65
38,$4011_dac,71
38,$4011_dac,63
38,$4011_dac,61
38,$4011_dac,66
38,$4011_dac,71
38,$4011_dac,75
38,$4011_dac,70
38,$4011_dac,62
38,$4011_dac,53
38,$4011_dac,64
38,$4011_dac,77
38,$4011_dac,83
38,$4011_dac,68
38,$4011_dac,75
38,$4011_dac,71
38,$4011_dac,50
38,$4011_dac,52
38,$4011_dac,46
38,$4011_dac,36
38,$4011_dac,42
38,$4011_dac,53
38,$4011_dac,61
39,$4011_dac,68
39,$4011_dac,74
39,$4011_dac,90
39,$4011_dac,88
39,$4011_dac,84
39,$4011_dac,87
39,$4011_dac,69
39,$4011_dac,56
39,$4011_dac,51
39,$4011_dac,50
39,$4011_dac,59
39,$4011_dac,41
39,$4011_dac,30
39,$4011_dac,51
39,$4011_dac,62
39,$4011_dac,71
39,$4011_dac,75
39,$4011_dac,65
39,$4011_dac,52
39,$4011_dac,56
39,$4011_dac,69
39,$4011_dac,74
39,$4011_dac,71
39,$4011_dac,57
39,$4011_dac,51
39,$4011_dac,67
39,$4011_dac,74
39,$4011_dac,84
39,$4011_dac,91
39,$4011_dac,79
39,$4011_dac,65
39,$4011_dac,61
39,$4011_dac,62
39,$4011_dac,63
39,$4011_dac,50
39,$4011_dac,47
39,$4011_dac,53
39,$4011_dac,61
39,$4011_dac,75
39,$4011_dac,74
39,$4011_dac,58
39,$4011_dac,49
39,$4011_dac,65
39,$4011_dac,66
39,$4011_dac,50
39,$4011_dac,56
39,$4011_dac,53
39,$4011_dac,52
39,$4011_dac,69
39,$4011_dac,72
39,$4011_dac,69
39,$4011_dac,72
39,$4011_dac,72
39,$4011_dac,78
39,$4011_dac,77
39,$4011_dac,54
39,$4011_dac,60
39,$4011_dac,77
39,$4011_dac,62
39,$4011_dac,60
39,$4011_dac,71
39,$4011_dac,69
39,$4011_dac,61
39,$4011_dac,51
39,$4011_dac,61
39,$4011_dac,50
39,$4011_dac,35
39,$4011_dac,54
39,$4011_dac,63
39,$4011_dac,60
39,$4011_dac,68
39,$4011_dac,73
39,$4011_dac,76
39,$4011_dac,74
39,$4011_dac,77
39,$4011_dac,84
39,$4011_dac,65
39,$4011_dac,57
39,$4011_dac,62
39,$4011_dac,60
39,$4011_dac,56
39,$4011_dac,53
39,$4011_dac,48
39,$4011_dac,50
39,$4011_dac,59
39,$4011_dac,74
39,$4011_dac,70
39,$4011_dac,53
39,$4011_dac,51
39,$4011_dac,56
39,$4011_dac,69
39,$4011_dac,77
39,$4011_dac,70
39,$4011_dac,65
39,$4011_dac,65
39,$4011_dac,72
39,$4011_dac,77
39,$4011_dac,74
39,$4011_dac,75
39,$4011_dac,74
39,$4011_dac,65
39,$4011_dac,59
39,$4011_dac,60
39,$4011_dac,58
39,$4011_dac,55
39,$4011_dac,55
39,$4011_dac,49
39,$4011_dac,56
39,$4011_dac,66
39,$4011_dac,61
39,$4011_dac,65
39,$4011_dac,66
39,$4011_dac,55
39,$4011_dac,57
39,$4011_dac,67
39,$4011_dac,69
39,$4011_dac,67
39,$4011_dac,57
39,$4011_dac,66
39,$4011_dac,64
39,$4011_dac,58
39,$4011_dac,67
39,$4011_dac,66
39,$4011_dac,61
39,$4011_dac,80
39,$4011_dac,78
39,$4011_dac,49
39,$4011_dac,57
39,$4011_dac,84
39,$4011_dac,79
39,$4011_dac,69
39,$4011_dac,67
39,$4011_dac,60
39,$4011_dac,63
39,$4011_dac,67
39,$4011_dac,60
39,$4011_dac,44
39,$4011_dac,29
39,$4011_dac,42
39,$4011_dac,56
39,$4011_dac,63
39,$4011_dac,76
39,$4011_dac,77
39,$4011_dac,71
39,$4011_dac,73
39,$4011_dac,82
39,$4011_dac,84
39,$4011_dac,72
39,$4011_dac,58
39,$4011_dac,50
39,$4011_dac,48
39,$4011_dac,51
39,$4011_dac,56
39,$4011_dac,54
39,$4011_dac,53
39,$4011_dac,60
39,$4011_dac,67
39,$4011_dac,71
39,$4011_dac,67
39,$4011_dac,62
39,$4011_dac,60
39,$4011_dac,59
39,$4011_dac,66
39,$4011_dac,70
39,$4011_dac,71
39,$4011_dac,68
39,$4011_dac,73
39,$4011_dac,77
39,$4011_dac,71
39,$4011_dac,74
39,$4011_dac,74
39,$4011_dac,65
39,$4011_dac,60
39,$4011_dac,60
39,$4011_dac,56
39,$4011_dac,47
39,$4011_dac,49
39,$4011_dac,69
39,$4011_dac,64
39,$4011_dac,53
39,$4011_dac,68
39,$4011_dac,66
39,$4011_dac,57
39,$4011_dac,61
39,$4011_dac,57
39,$4011_dac,54
39,$4011_dac,61
39,$4011_dac,70
39,$4011_dac,67
39,$4011_dac,58
39,$4011_dac,60
39,$4011_dac,72
39,$4011_dac,80
39,$4011_dac,67
39,$4011_dac,72
39,$4011_dac,71
39,$4011_dac,54
39,$4011_dac,67
39,$4011_dac,57
39,$4011_dac,56
39,$4011_dac,75
39,$4011_dac,66
39,$4011_dac,66
39,$4011_dac,82
39,$4011_dac,76
39,$4011_dac,66
39,$4011_dac,58
39,$4011_dac,54
39,$4011_dac,44
39,$4011_dac,38
39,$4011_dac,51
39,$4011_dac,54
39,$4011_dac,47
39,$4011_dac,60
39,$4011_dac,78
39,$4011_dac,76
39,$4011_dac,79
39,$4011_dac,82
39,$4011_dac,82
39,$4011_dac,77
39,$4011_dac,61
39,$4011_dac,56
39,$4011_dac,55
39,$4011_dac,41
39,$4011_dac,48
39,$4011_dac,62
39,$4011_dac,59
39,$4011_dac,58
39,$4011_dac,64
39,$4011_dac,69
39,$4011_dac,66
39,$4011_dac,64
39,$4011_dac,67
39,$4011_dac,62
39,$4011_dac,55
39,$4011_dac,61
39,$4011_dac,69
39,$4011_dac,66
39,$4011_dac,68
39,$4011_dac,68
39,$4011_dac,71
39,$4011_dac,85
39,$4011_dac,82
39,$4011_dac,75
39,$4011_dac,70
39,$4011_dac,53
39,$4011_dac,55
39,$4011_dac,66
39,$4011_dac,48
39,$4011_dac,38
39,$4011_dac,60
39,$4011_dac,62
39,$4011_dac,45
39,$4011_dac,56
39,$4011_dac,71
39,$4011_dac,58
39,$4011_dac,61
39,$4011_dac,77
39,$4011_dac,64
39,$4011_dac,50
39,$4011_dac,75
39,$4011_dac,82
39,$4011_dac,56
39,$4011_dac,55
39,$4011_dac,61
39,$4011_dac,59
39,$4011_dac,59
39,$4011_dac,70
39,$4011_dac,85
39,$4011_dac,72
39,$4011_dac,51
39,$4011_dac,67
39,$4011_dac,81
39,$4011_dac,80
39,$4011_dac,76
39,$4011_dac,65
39,$4011_dac,54
39,$4011_dac,57
39,$4011_dac,57
39,$4011_dac,56
39,$4011_dac,46
39,$4011_dac,42
39,$4011_dac,46
39,$4011_dac,53
39,$4011_dac,64
39,$4011_dac,74
39,$4011_dac,71
39,$4011_dac,73
39,$4011_dac,79
39,$4011_dac,81
39,$4011_dac,77
39,$4011_dac,69
39,$4011_dac,63
39,$4011_dac,51
39,$4011_dac,51
39,$4011_dac,55
39,$4011_dac,52
39,$4011_dac,55
39,$4011_dac,63
39,$4011_dac,66
39,$4011_dac,66
39,$4011_dac,61
39,$4011_dac,64
39,$4011_dac,67
39,$4011_dac,56
39,$4011_dac,62
39,$4011_dac,77
39,$4011_dac,69
39,$4011_dac,57
39,$4011_dac,61
39,$4011_dac,71
39,$4011_dac,71
39,$4011_dac,80
39,$4011_dac,75
39,$4011_dac,64
39,$4011_dac,65
39,$4011_dac,67
39,$4011_dac,62
40,$4011_dac,53
40,$4011_dac,46
40,$4011_dac,60
40,$4011_dac,55
40,$4011_dac,54
40,$4011_dac,71
40,$4011_dac,62
40,$4011_dac,56
40,$4011_dac,64
40,$4011_dac,68
40,$4011_dac,70
40,$4011_dac,67
40,$4011_dac,64
40,$4011_dac,63
40,$4011_dac,61
40,$4011_dac,57
40,$4011_dac,70
40,$4011_dac,71
40,$4011_dac,48
40,$4011_dac,64
40,$4011_dac,76
40,$4011_dac,60
40,$4011_dac,72
40,$4011_dac,79
40,$4011_dac,62
40,$4011_dac,57
40,$4011_dac,60
40,$4011_dac,68
40,$4011_dac,60
40,$4011_dac,51
40,$4011_dac,65
40,$4011_dac,68
40,$4011_dac,63
40,$4011_dac,73
40,$4011_dac,65
40,$4011_dac,55
40,$4011_dac,56
40,$4011_dac,54
40,$4011_dac,54
40,$4011_dac,55
40,$4011_dac,53
40,$4011_dac,56
40,$4011_dac,64
40,$4011_dac,73
40,$4011_dac,74
40,$4011_dac,77
40,$4011_dac,76
40,$4011_dac,70
40,$4011_dac,73
40,$4011_dac,73
40,$4011_dac,64
40,$4011_dac,59
40,$4011_dac,62
40,$4011_dac,60
40,$4011_dac,52
40,$4011_dac,51
40,$4011_dac,51
40,$4011_dac,56
40,$4011_dac,64
40,$4011_dac,72
40,$4011_dac,70
40,$4011_dac,64
40,$4011_dac,60
40,$4011_dac,66
40,$4011_dac,67
40,$4011_dac,65
40,$4011_dac,71
40,$4011_dac,73
40,$4011_dac,67
40,$4011_dac,68
40,$4011_dac,69
40,$4011_dac,59
40,$4011_dac,54
40,$4011_dac,53
40,$4011_dac,61
40,$4011_dac,63
40,$4011_dac,64
40,$4011_dac,64
40,$4011_dac,65
40,$4011_dac,73
40,$4011_dac,75
40,$4011_dac,63
40,$4011_dac,60
40,$4011_dac,64
40,$4011_dac,53
40,$4011_dac,44
40,$4011_dac,60
40,$4011_dac,57
40,$4011_dac,45
40,$4011_dac,76
40,$4011_dac,72
40,$4011_dac,55
40,$4011_dac,73
40,$4011_dac,82
40,$4011_dac,68
40,$4011_dac,68
40,$4011_dac,66
40,$4011_dac,66
40,$4011_dac,61
40,$4011_dac,64
40,$4011_dac,69
40,$4011_dac,51
40,$4011_dac,51
40,$4011_dac,69
40,$4011_dac,64
40,$4011_dac,59
40,$4011_dac,70
40,$4011_dac,72
40,$4011_dac,63
40,$4011_dac,62
40,$4011_dac,58
40,$4011_dac,49
40,$4011_dac,49
40,$4011_dac,56
40,$4011_dac,58
40,$4011_dac,57
40,$4011_dac,66
40,$4011_dac,73
40,$4011_dac,71
40,$4011_dac,80
40,$4011_dac,82
40,$4011_dac,67
40,$4011_dac,66
40,$4011_dac,74
40,$4011_dac,71
40,$4011_dac,62
40,$4011_dac,63
40,$4011_dac,59
40,$4011_dac,51
40,$4011_dac,57
40,$4011_dac,62
40,$4011_dac,57
40,$4011_dac,53
40,$4011_dac,55
40,$4011_dac,58
40,$4011_dac,55
40,$4011_dac,56
40,$4011_dac,65
40,$4011_dac,64
40,$4011_dac,69
40,$4011_dac,71
40,$4011_dac,73
40,$4011_dac,72
40,$4011_dac,76
40,$4011_dac,75
40,$4011_dac,64
40,$4011_dac,60
40,$4011_dac,66
40,$4011_dac,59
40,$4011_dac,54
40,$4011_dac,68
40,$4011_dac,68
40,$4011_dac,51
40,$4011_dac,59
40,$4011_dac,74
40,$4011_dac,59
40,$4011_dac,61
40,$4011_dac,61
40,$4011_dac,55
40,$4011_dac,62
40,$4011_dac,61
40,$4011_dac,64
40,$4011_dac,72
40,$4011_dac,59
40,$4011_dac,64
40,$4011_dac,74
40,$4011_dac,66
40,$4011_dac,57
40,$4011_dac,63
40,$4011_dac,61
40,$4011_dac,61
40,$4011_dac,68
40,$4011_dac,75
40,$4011_dac,65
40,$4011_dac,64
40,$4011_dac,62
40,$4011_dac,59
40,$4011_dac,61
40,$4011_dac,60
40,$4011_dac,54
40,$4011_dac,60
40,$4011_dac,63
40,$4011_dac,63
40,$4011_dac,65
40,$4011_dac,69
40,$4011_dac,67
40,$4011_dac,68
40,$4011_dac,69
40,$4011_dac,64
40,$4011_dac,56
40,$4011_dac,47
40,$4011_dac,55
40,$4011_dac,62
40,$4011_dac,61
40,$4011_dac,66
40,$4011_dac,66
40,$4011_dac,65
40,$4011_dac,69
40,$4011_dac,73
40,$4011_dac,79
40,$4011_dac,75
40,$4011_dac,69
40,$4011_dac,71
40,$4011_dac,69
40,$4011_dac,65
40,$4011_dac,60
40,$4011_dac,52
40,$4011_dac,46
40,$4011_dac,47
40,$4011_dac,55
40,$4011_dac,59
40,$4011_dac,56
40,$4011_dac,56
40,$4011_dac,62
40,$4011_dac,69
40,$4011_dac,73
40,$4011_dac,69
40,$4011_dac,67
40,$4011_dac,74
40,$4011_dac,74
40,$4011_dac,69
40,$4011_dac,72
40,$4011_dac,65
40,$4011_dac,52
40,$4011_dac,57
40,$4011_dac,52
40,$4011_dac,49
40,$4011_dac,58
40,$4011_dac,57
40,$4011_dac,71
40,$4011_dac,77
40,$4011_dac,67
40,$4011_dac,73
40,$4011_dac,71
40,$4011_dac,70
40,$4011_dac,71
40,$4011_dac,56
40,$4011_dac,50
40,$4011_dac,51
40,$4011_dac,53
40,$4011_dac,64
40,$4011_dac,63
40,$4011_dac,65
40,$4011_dac,64
40,$4011_dac,68
40,$4011_dac,73
40,$4011_dac,70
40,$4011_dac,75
40,$4011_dac,65
40,$4011_dac,59
40,$4011_dac,64
40,$4011_dac,55
40,$4011_dac,62
40,$4011_dac,64
40,$4011_dac,54
40,$4011_dac,59
40,$4011_dac,67
40,$4011_dac,62
40,$4011_dac,72
40,$4011_dac,75
40,$4011_dac,66
40,$4011_dac,67
40,$4011_dac,64
40,$4011_dac,61
40,$4011_dac,64
40,$4011_dac,54
40,$4011_dac,52
40,$4011_dac,52
40,$4011_dac,54
40,$4011_dac,56
40,$4011_dac,50
40,$4011_dac,62
40,$4011_dac,71
40,$4011_dac,70
40,$4011_dac,75
40,$4011_dac,75
40,$4011_dac,72
40,$4011_dac,77
40,$4011_dac,75
40,$4011_dac,72
40,$4011_dac,66
40,$4011_dac,56
40,$4011_dac,56
40,$4011_dac,56
40,$4011_dac,53
40,$4011_dac,53
40,$4011_dac,51
40,$4011_dac,54
40,$4011_dac,62
40,$4011_dac,65
40,$4011_dac,71
40,$4011_dac,70
40,$4011_dac,64
40,$4011_dac,67
40,$4011_dac,74
40,$4011_dac,75
40,$4011_dac,66
40,$4011_dac,57
40,$4011_dac,61
40,$4011_dac,59
40,$4011_dac,56
40,$4011_dac,67
40,$4011_dac,67
40,$4011_dac,66
40,$4011_dac,80
40,$4011_dac,78
40,$4011_dac,62
40,$4011_dac,57
40,$4011_dac,52
40,$4011_dac,62
40,$4011_dac,65
40,$4011_dac,51
40,$4011_dac,57
40,$4011_dac,65
40,$4011_dac,51
40,$4011_dac,58
40,$4011_dac,72
41,$4011_dac,67
41,$4011_dac,64
41,$4011_dac,70
41,$4011_dac,67
41,$4011_dac,71
41,$4011_dac,69
41,$4011_dac,64
41,$4011_dac,60
41,$4011_dac,61
41,$4011_dac,65
41,$4011_dac,62
41,$4011_dac,64
41,$4011_dac,66
41,$4011_dac,55
41,$4011_dac,54
41,$4011_dac,60
41,$4011_dac,61
41,$4011_dac,65
41,$4011_dac,62
41,$4011_dac,61
41,$4011_dac,65
41,$4011_dac,67
41,$4011_dac,71
41,$4011_dac,73
41,$4011_dac,65
41,$4011_dac,62
41,$4011_dac,65
41,$4011_dac,64
41,$4011_dac,56
41,$4011_dac,50
41,$4011_dac,55
41,$4011_dac,56
41,$4011_dac,57
41,$4011_dac,62
41,$4011_dac,64
41,$4011_dac,68
41,$4011_dac,76
41,$4011_dac,82
41,$4011_dac,80
41,$4011_dac,75
41,$4011_dac,69
41,$4011_dac,65
41,$4011_dac,63
41,$4011_dac,59
41,$4011_dac,56
41,$4011_dac,53
41,$4011_dac,50
41,$4011_dac,53
41,$4011_dac,58
41,$4011_dac,62
41,$4011_dac,63
41,$4011_dac,64
41,$4011_dac,66
41,$4011_dac,67
41,$4011_dac,69
41,$4011_dac,66
41,$4011_dac,66
41,$4011_dac,74
41,$4011_dac,62
41,$4011_dac,57
41,$4011_dac,71
41,$4011_dac,61
41,$4011_dac,53
41,$4011_dac,65
41,$4011_dac,68
41,$4011_dac,58
41,$4011_dac,60
41,$4011_dac,76
41,$4011_dac,65
41,$4011_dac,58
41,$4011_dac,68
41,$4011_dac,63
41,$4011_dac,48
41,$4011_dac,61
41,$4011_dac,66
41,$4011_dac,56
41,$4011_dac,61
41,$4011_dac,72
41,$4011_dac,67
41,$4011_dac,69
41,$4011_dac,72
41,$4011_dac,68
41,$4011_dac,63
41,$4011_dac,69
41,$4011_dac,65
41,$4011_dac,56
41,$4011_dac,56
41,$4011_dac,59
41,$4011_dac,62
41,$4011_dac,61
41,$4011_dac,62
41,$4011_dac,64
41,$4011_dac,61
41,$4011_dac,65
41,$4011_dac,68
41,$4011_dac,63
41,$4011_dac,63
41,$4011_dac,58
41,$4011_dac,54
41,$4011_dac,60
41,$4011_dac,65
41,$4011_dac,65
41,$4011_dac,65
41,$4011_dac,70
41,$4011_dac,71
41,$4011_dac,76
41,$4011_dac,69
41,$4011_dac,59
41,$4011_dac,60
41,$4011_dac,58
41,$4011_dac,57
41,$4011_dac,61
41,$4011_dac,59
41,$4011_dac,61
41,$4011_dac,60
41,$4011_dac,64
41,$4011_dac,75
41,$4011_dac,77
41,$4011_dac,78
41,$4011_dac,71
41,$4011_dac,63
41,$4011_dac,67
41,$4011_dac,67
41,$4011_dac,64
41,$4011_dac,59
41,$4011_dac,48
41,$4011_dac,48
41,$4011_dac,55
41,$4011_dac,55
41,$4011_dac,54
41,$4011_dac,56
41,$4011_dac,58
41,$4011_dac,66
41,$4011_dac,74
41,$4011_dac,76
41,$4011_dac,70
41,$4011_dac,64
41,$4011_dac,69
41,$4011_dac,60
41,$4011_dac,59
41,$4011_dac,65
41,$4011_dac,58
41,$4011_dac,59
41,$4011_dac,62
41,$4011_dac,63
41,$4011_dac,67
41,$4011_dac,61
41,$4011_dac,70
41,$4011_dac,76
41,$4011_dac,71
41,$4011_dac,71
41,$4011_dac,69
41,$4011_dac,65
41,$4011_dac,58
41,$4011_dac,66
41,$4011_dac,56
41,$4011_dac,48
41,$4011_dac,69
41,$4011_dac,61
41,$4011_dac,54
41,$4011_dac,70
41,$4011_dac,58
41,$4011_dac,60
41,$4011_dac,71
41,$4011_dac,60
41,$4011_dac,63
41,$4011_dac,67
41,$4011_dac,64
41,$4011_dac,63
41,$4011_dac,62
41,$4011_dac,62
41,$4011_dac,59
41,$4011_dac,58
41,$4011_dac,59
41,$4011_dac,60
41,$4011_dac,68
41,$4011_dac,65
41,$4011_dac,62
41,$4011_dac,68
41,$4011_dac,67
41,$4011_dac,69
41,$4011_dac,70
41,$4011_dac,69
41,$4011_dac,66
41,$4011_dac,60
41,$4011_dac,62
41,$4011_dac,63
41,$4011_dac,62
41,$4011_dac,62
41,$4011_dac,60
41,$4011_dac,60
41,$4011_dac,60
41,$4011_dac,59
41,$4011_dac,61
41,$4011_dac,65
41,$4011_dac,66
41,$4011_dac,68
41,$4011_dac,69
41,$4011_dac,69
41,$4011_dac,73
41,$4011_dac,72
41,$4011_dac,70
41,$4011_dac,69
41,$4011_dac,58
41,$4011_dac,57
41,$4011_dac,61
41,$4011_dac,57
41,$4011_dac,57
41,$4011_dac,58
41,$4011_dac,49
41,$4011_dac,52
41,$4011_dac,54
41,$4011_dac,60
41,$4011_dac,70
41,$4011_dac,62
41,$4011_dac,67
41,$4011_dac,76
41,$4011_dac,63
41,$4011_dac,71
41,$4011_dac,73
41,$4011_dac,60
41,$4011_dac,64
41,$4011_dac,62
41,$4011_dac,64
41,$4011_dac,76
41,$4011_dac,65
41,$4011_dac,67
41,$4011_dac,72
41,$4011_dac,54
41,$4011_dac,65
41,$4011_dac,70
41,$4011_dac,58
41,$4011_dac,67
41,$4011_dac,63
41,$4011_dac,54
41,$4011_dac,61
41,$4011_dac,62
41,$4011_dac,58
41,$4011_dac,57
41,$4011_dac,59
41,$4011_dac,53
41,$4011_dac,60
41,$4011_dac,67
41,$4011_dac,67
41,$4011_dac,67
41,$4011_dac,67
41,$4011_dac,60
41,$4011_dac,67
41,$4011_dac,69
41,$4011_dac,66
41,$4011_dac,70
41,$4011_dac,67
41,$4011_dac,62
41,$4011_dac,65
41,$4011_dac,63
41,$4011_dac,56
41,$4011_dac,58
41,$4011_dac,66
41,$4011_dac,58
41,$4011_dac,54
41,$4011_dac,65
41,$4011_dac,67
41,$4011_dac,67
41,$4011_dac,70
41,$4011_dac,67
41,$4011_dac,63
41,$4011_dac,65
41,$4011_dac,70
41,$4011_dac,64
41,$4011_dac,62
41,$4011_dac,66
41,$4011_dac,60
41,$4011_dac,62
41,$4011_dac,63
41,$4011_dac,57
41,$4011_dac,60
41,$4011_dac,60
41,$4011_dac,57
41,$4011_dac,62
41,$4011_dac,66
41,$4011_dac,69
41,$4011_dac,67
41,$4011_dac,69
41,$4011_dac,70
41,$4011_dac,68
41,$4011_dac,65
41,$4011_dac,61
41,$4011_dac,58
41,$4011_dac,58
41,$4011_dac,58
41,$4011_dac,65
41,$4011_dac,65
41,$4011_dac,58
41,$4011_dac,61
41,$4011_dac,61
41,$4011_dac,56
41,$4011_dac,60
41,$4011_dac,70
41,$4011_dac,61
41,$4011_dac,59
41,$4011_dac,66
41,$4011_dac,68
41,$4011_dac,67
41,$4011_dac,73
41,$4011_dac,69
41,$4011_dac,58
41,$4011_dac,65
41,$4011_dac,68
41,$4011_dac,60
41,$4011_dac,70
41,$4011_dac,74
41,$4011_dac,63
41,$4011_dac,68
41,$4011_dac,72
41,$4011_dac,60
41,$4011_dac,62
41,$4011_dac,61
42,$4011_dac,60
42,$4011_dac,61
42,$4011_dac,60
42,$4011_dac,62
42,$4011_dac,53
42,$4011_dac,54
42,$4011_dac,58
42,$4011_dac,58
42,$4011_dac,65
42,$4011_dac,59
42,$4011_dac,58
42,$4011_dac,67
42,$4011_dac,68
42,$4011_dac,65
42,$4011_dac,72
42,$4011_dac,64
42,$4011_dac,65
42,$4011_dac,67
42,$4011_dac,67
42,$4011_dac,61
42,$4011_dac,56
42,$4011_dac,63
42,$4011_dac,64
42,$4011_dac,54
42,$4011_dac,68
42,$4011_dac,67
42,$4011_dac,61
42,$4011_dac,71
42,$4011_dac,68
42,$4011_dac,62
42,$4011_dac,69
42,$4011_dac,64
42,$4011_dac,58
42,$4011_dac,64
42,$4011_dac,67
42,$4011_dac,63
42,$4011_dac,63
42,$4011_dac,69
42,$4011_dac,63
42,$4011_dac,61
42,$4011_dac,63
42,$4011_dac,60
42,$4011_dac,59
42,$4011_dac,61
42,$4011_dac,62
42,$4011_dac,64
42,$4011_dac,65
42,$4011_dac,71
42,$4011_dac,68
42,$4011_dac,68
42,$4011_dac,70
42,$4011_dac,62
42,$4011_dac,62
42,$4011_dac,65
42,$4011_dac,57
42,$4011_dac,53
42,$4011_dac,55
42,$4011_dac,57
42,$4011_dac,60
42,$4011_dac,59
42,$4011_dac,62
42,$4011_dac,64
42,$4011_dac,61
42,$4011_dac,65
42,$4011_dac,67
42,$4011_dac,66
42,$4011_dac,71
42,$4011_dac,71
42,$4011_dac,66
42,$4011_dac,65
42,$4011_dac,66
42,$4011_dac,60
42,$4011_dac,61
42,$4011_dac,68
42,$4011_dac,67
42,$4011_dac,64
42,$4011_dac,63
42,$4011_dac,69
42,$4011_dac,75
42,$4011_dac,67
42,$4011_dac,65
42,$4011_dac,55
42,$4011_dac,58
42,$4011_dac,58
42,$4011_dac,56
42,$4011_dac,59
42,$4011_dac,57
42,$4011_dac,60
42,$4011_dac,63
42,$4011_dac,61
42,$4011_dac,66
42,$4011_dac,64
42,$4011_dac,64
42,$4011_dac,68
42,$4011_dac,69
42,$4011_dac,70
42,$4011_dac,64
42,$4011_dac,63
42,$4011_dac,66
42,$4011_dac,64
42,$4011_dac,64
42,$4011_dac,60
42,$4011_dac,57
42,$4011_dac,60
42,$4011_dac,57
42,$4011_dac,56
42,$4011_dac,61
42,$4011_dac,60
42,$4011_dac,64
42,$4011_dac,72
42,$4011_dac,72
42,$4011_dac,71
42,$4011_dac,71
42,$4011_dac,69
42,$4011_dac,64
42,$4011_dac,64
42,$4011_dac,62
42,$4011_dac,57
42,$4011_dac,61
42,$4011_dac,59
42,$4011_dac,54
42,$4011_dac,62
42,$4011_dac,64
42,$4011_dac,63
42,$4011_dac,66
42,$4011_dac,66
42,$4011_dac,67
42,$4011_dac,68
42,$4011_dac,67
42,$4011_dac,65
42,$4011_dac,64
42,$4011_dac,65
42,$4011_dac,66
42,$4011_dac,64
42,$4011_dac,67
42,$4011_dac,66
42,$4011_dac,63
42,$4011_dac,63
42,$4011_dac,62
42,$4011_dac,58
42,$4011_dac,55
42,$4011_dac,55
42,$4011_dac,52
42,$4011_dac,52
42,$4011_dac,63
42,$4011_dac,59
42,$4011_dac,64
42,$4011_dac,71
42,$4011_dac,66
42,$4011_dac,71
42,$4011_dac,68
42,$4011_dac,62
42,$4011_dac,70
42,$4011_dac,63
42,$4011_dac,64
42,$4011_dac,66
42,$4011_dac,62
42,$4011_dac,70
42,$4011_dac,62
42,$4011_dac,68
42,$4011_dac,72
42,$4011_dac,54
42,$4011_dac,66
42,$4011_dac,71
42,$4011_dac,56
42,$4011_dac,65
42,$4011_dac,65
42,$4011_dac,54
42,$4011_dac,56
42,$4011_dac,61
42,$4011_dac,61
42,$4011_dac,54
42,$4011_dac,64
42,$4011_dac,68
42,$4011_dac,66
42,$4011_dac,76
42,$4011_dac,70
42,$4011_dac,66
42,$4011_dac,71
42,$4011_dac,66
42,$4011_dac,64
42,$4011_dac,59
42,$4011_dac,56
42,$4011_dac,60
42,$4011_dac,56
42,$4011_dac,57
42,$4011_dac,57
42,$4011_dac,56
42,$4011_dac,58
42,$4011_dac,66
42,$4011_dac,65
42,$4011_dac,63
42,$4011_dac,67
42,$4011_dac,69
42,$4011_dac,69
42,$4011_dac,63
42,$4011_dac,64
42,$4011_dac,66
42,$4011_dac,67
42,$4011_dac,65
42,$4011_dac,67
42,$4011_dac,66
42,$4011_dac,63
42,$4011_dac,66
42,$4011_dac,67
42,$4011_dac,58
42,$4011_dac,65
42,$4011_dac,67
42,$4011_dac,61
42,$4011_dac,67
42,$4011_dac,66
42,$4011_dac,60
42,$4011_dac,63
42,$4011_dac,64
42,$4011_dac,60
42,$4011_dac,60
42,$4011_dac,61
42,$4011_dac,57
42,$4011_dac,60
42,$4011_dac,66
42,$4011_dac,65
42,$4011_dac,67
42,$4011_dac,72
42,$4011_dac,70
42,$4011_dac,64
42,$4011_dac,65
42,$4011_dac,60
42,$4011_dac,57
42,$4011_dac,62
42,$4011_dac,59
42,$4011_dac,55
42,$4011_dac,64
42,$4011_dac,57
42,$4011_dac,61
42,$4011_dac,66
42,$4011_dac,63
42,$4011_dac,68
42,$4011_dac,62
42,$4011_dac,64
42,$4011_dac,69
42,$4011_dac,62
42,$4011_dac,63
42,$4011_dac,66
42,$4011_dac,66
42,$4011_dac,64
42,$4011_dac,62
42,$4011_dac,70
42,$4011_dac,64
42,$4011_dac,64
42,$4011_dac,65
42,$4011_dac,60
42,$4011_dac,65
42,$4011_dac,62
42,$4011_dac,60
42,$4011_dac,62
42,$4011_dac,58
42,$4011_dac,60
42,$4011_dac,62
42,$4011_dac,63
42,$4011_dac,63
42,$4011_dac,61
42,$4011_dac,67
42,$4011_dac,67
42,$4011_dac,64
42,$4011_dac,68
42,$4011_dac,65
42,$4011_dac,65
42,$4011_dac,66
42,$4011_dac,67
42,$4011_dac,67
42,$4011_dac,61
42,$4011_dac,62
42,$4011_dac,59
42,$4011_dac,56
42,$4011_dac,62
42,$4011_dac,60
42,$4011_dac,60
42,$4011_dac,61
42,$4011_dac,58
42,$4011_dac,62
42,$4011_dac,65
42,$4011_dac,68
42,$4011_dac,71
42,$4011_dac,71
42,$4011_dac,71
42,$4011_dac,65
42,$4011_dac,60
42,$4011_dac,62
42,$4011_dac,57
42,$4011_dac,58
42,$4011_dac,62
42,$4011_dac,61
42,$4011_dac,63
42,$4011_dac,66
42,$4011_dac,63
42,$4011_dac,63
42,$4011_dac,67
42,$4011_dac,64
42,$4011_dac,62
42,$4011_dac,65
42,$4011_dac,62
42,$4011_dac,62
42,$4011_dac,62
42,$4011_dac,63
42,$4011_dac,66
42,$4011_dac,62
42,$4011_dac,64
42,$4011_dac,65
42,$4011_dac,65
42,$4011_dac,66
42,$4011_dac,64
42,$4011_dac,67
42,$4011_dac,63
42,$4011_dac,61
42,$4011_dac,63
42,$4011_dac,60
42,$4011_dac,66
43,$4011_dac,69
43,$4011_dac,64
43,$4011_dac,66
43,$4011_dac,64
43,$4011_dac,62
43,$4011_dac,65
43,$4011_dac,66
43,$4011_dac,61
43,$4011_dac,58
43,$4011_dac,58
43,$4011_dac,56
43,$4011_dac,66
43,$4011_dac,67
43,$4011_dac,64
43,$4011_dac,67
43,$4011_dac,73
43,$4011_dac,62
43,$4011_dac,65
43,$4011_dac,65
43,$4011_dac,55
43,$4011_dac,59
43,$4011_dac,63
43,$4011_dac,51
43,$4011_dac,59
43,$4011_dac,69
43,$4011_dac,59
43,$4011_dac,59
43,$4011_dac,72
43,$4011_dac,61
43,$4011_dac,65
43,$4011_dac,71
43,$4011_dac,59
43,$4011_dac,59
43,$4011_dac,66
43,$4011_dac,61
43,$4011_dac,70
43,$4011_dac,74
43,$4011_dac,63
43,$4011_dac,67
43,$4011_dac,68
43,$4011_dac,60
43,$4011_dac,64
43,$4011_dac,67
43,$4011_dac,59
43,$4011_dac,64
43,$4011_dac,66
43,$4011_dac,60
43,$4011_dac,65
43,$4011_dac,64
43,$4011_dac,56
43,$4011_dac,59
43,$4011_dac,59
43,$4011_dac,59
43,$4011_dac,64
43,$4011_dac,66
43,$4011_dac,62
43,$4011_dac,66
43,$4011_dac,65
43,$4011_dac,61
43,$4011_dac,67
43,$4011_dac,67
43,$4011_dac,65
43,$4011_dac,65
43,$4011_dac,64
43,$4011_dac,64
43,$4011_dac,61
43,$4011_dac,62
43,$4011_dac,62
43,$4011_dac,59
43,$4011_dac,63
43,$4011_dac,63
43,$4011_dac,65
43,$4011_dac,68
43,$4011_dac,65
43,$4011_dac,64
43,$4011_dac,63
43,$4011_dac,62
43,$4011_dac,67
43,$4011_dac,64
43,$4011_dac,64
43,$4011_dac,65
43,$4011_dac,58
43,$4011_dac,64
43,$4011_dac,66
43,$4011_dac,63
43,$4011_dac,63
43,$4011_dac,64
43,$4011_dac,62
43,$4011_dac,64
43,$4011_dac,67
43,$4011_dac,63
43,$4011_dac,61
43,$4011_dac,63
43,$4011_dac,57
43,$4011_dac,60
43,$4011_dac,59
43,$4011_dac,57
43,$4011_dac,65
43,$4011_dac,70
43,$4011_dac,64
43,$4011_dac,66
43,$4011_dac,73
43,$4011_dac,66
43,$4011_dac,64
43,$4011_dac,71
43,$4011_dac,64
43,$4011_dac,65
43,$4011_dac,65
43,$4011_dac,56
43,$4011_dac,61
43,$4011_dac,65
43,$4011_dac,63
43,$4011_dac,60
43,$4011_dac,68
43,$4011_dac,69
43,$4011_dac,57
43,$4011_dac,66
43,$4011_dac,61
43,$4011_dac,54
43,$4011_dac,68
43,$4011_dac,66
43,$4011_dac,58
43,$4011_dac,62
43,$4011_dac,63
43,$4011_dac,61
43,$4011_dac,66
43,$4011_dac,68
43,$4011_dac,60
43,$4011_dac,61
43,$4011_dac,65
43,$4011_dac,62
43,$4011_dac,64
43,$4011_dac,68
43,$4011_dac,69
43,$4011_dac,63
43,$4011_dac,61
43,$4011_dac,64
43,$4011_dac,60
43,$4011_dac,63
43,$4011_dac,61
43,$4011_dac,60
43,$4011_dac,67
43,$4011_dac,63
43,$4011_dac,59
43,$4011_dac,66
43,$4011_dac,65
43,$4011_dac,66
43,$4011_dac,70
43,$4011_dac,68
43,$4011_dac,65
43,$4011_dac,69
43,$4011_dac,64
43,$4011_dac,56
43,$4011_dac,60
43,$4011_dac,60
43,$4011_dac,60
43,$4011_dac,66
43,$4011_dac,65
43,$4011_dac,62
43,$4011_dac,67
43,$4011_dac,68
43,$4011_dac,66
43,$4011_dac,67
43,$4011_dac,66
43,$4011_dac,60
43,$4011_dac,61
43,$4011_dac,60
43,$4011_dac,57
43,$4011_dac,61
43,$4011_dac,60
43,$4011_dac,56
43,$4011_dac,62
43,$4011_dac,63
43,$4011_dac,62
43,$4011_dac,66
43,$4011_dac,64
43,$4011_dac,62
43,$4011_dac,64
43,$4011_dac,63
43,$4011_dac,63
43,$4011_dac,65
43,$4011_dac,64
43,$4011_dac,63
43,$4011_dac,64
43,$4011_dac,67
43,$4011_dac,66
43,$4011_dac,68
43,$4011_dac,65
43,$4011_dac,67
43,$4011_dac,66
43,$4011_dac,65
43,$4011_dac,65
43,$4011_dac,61
43,$4011_dac,63
43,$4011_dac,65
43,$4011_dac,66
43,$4011_dac,66
43,$4011_dac,64
43,$4011_dac,66
43,$4011_dac,59
43,$4011_dac,56
43,$4011_dac,67
43,$4011_dac,59
43,$4011_dac,61
43,$4011_dac,66
43,$4011_dac,64
43,$4011_dac,69
43,$4011_dac,65
43,$4011_dac,64
43,$4011_dac,63
43,$4011_dac,61
43,$4011_dac,61
43,$4011_dac,54
43,$4011_dac,55
43,$4011_dac,60
43,$4011_dac,57
43,$4011_dac,68
43,$4011_dac,67
43,$4011_dac,64
43,$4011_dac,67
43,$4011_dac,66
43,$4011_dac,66
43,$4011_dac,67
43,$4011_dac,65
43,$4011_dac,63
43,$4011_dac,61
43,$4011_dac,65
43,$4011_dac,64
43,$4011_dac,64
43,$4011_dac,64
43,$4011_dac,61
43,$4011_dac,63
43,$4011_dac,66
43,$4011_dac,65
43,$4011_dac,64
43,$4011_dac,66
43,$4011_dac,63
43,$4011_dac,61
43,$4011_dac,65
43,$4011_dac,64
43,$4011_dac,59
43,$4011_dac,66
43,$4011_dac,63
43,$4011_dac,58
43,$4011_dac,64
43,$4011_dac,66
43,$4011_dac,64
43,$4011_dac,69
43,$4011_dac,63
43,$4011_dac,60
43,$4011_dac,65
43,$4011_dac,60
43,$4011_dac,57
43,$4011_dac,64
43,$4011_dac,62
43,$4011_dac,59
43,$4011_dac,62
43,$4011_dac,65
43,$4011_dac,63
43,$4011_dac,68
43,$4011_dac,66
43,$4011_dac,66
43,$4011_dac,71
43,$4011_dac,69
43,$4011_dac,68
43,$4011_dac,66
43,$4011_dac,60
43,$4011_dac,58
43,$4011_dac,55
43,$4011_dac,56
43,$4011_dac,57
43,$4011_dac,60
43,$4011_dac,61
43,$4011_dac,61
43,$4011_dac,70
43,$4011_dac,69
43,$4011_dac,70
43,$4011_dac,70
43,$4011_dac,67
43,$4011_dac,65
43,$4011_dac,63
43,$4011_dac,63
43,$4011_dac,60
43,$4011_dac,60
43,$4011_dac,60
43,$4011_dac,56
43,$4011_dac,59
43,$4011_dac,58
43,$4011_dac,62
43,$4011_dac,65
43,$4011_dac,65
43,$4011_dac,70
43,$4011_dac,71
43,$4011_dac,68
43,$4011_dac,68
43,$4011_dac,70
43,$4011_dac,64
43,$4011_dac,60
43,$4011_dac,62
43,$4011_dac,58
43,$4011_dac,58
43,$4011_dac,62
43,$4011_dac,58
43,$4011_dac,60
43,$4011_dac,62
43,$4011_dac,63
43,$4011_dac,63
43,$4011_dac,66
43,$4011_dac,65
43,$4011_dac,67
43,$4011_dac,68
43,$4011_dac,68
43,$4011_dac,69
43,$4011_dac,68
43,$4011_dac,65
43,$4011_dac,65
43,$4011_dac,64
43,$4011_dac,60
44,$4011_dac,60
44,$4011_dac,60
44,$4011_dac,58
44,$4011_dac,60
44,$4011_dac,65
44,$4011_dac,64
44,$4011_dac,66
44,$4011_dac,69
44,$4011_dac,63
44,$4011_dac,62
44,$4011_dac,66
44,$4011_dac,65
44,$4011_dac,63
44,$4011_dac,64
44,$4011_dac,60
44,$4011_dac,58
44,$4011_dac,61
44,$4011_dac,63
44,$4011_dac,61
44,$4011_dac,61
44,$4011_dac,58
44,$4011_dac,62
44,$4011_dac,65
44,$4011_dac,64
44,$4011_dac,65
44,$4011_dac,65
44,$4011_dac,64
44,$4011_dac,64
44,$4011_dac,66
44,$4011_dac,66
44,$4011_dac,67
44,$4011_dac,67
44,$4011_dac,67
44,$4011_dac,63
44,$4011_dac,64
44,$4011_dac,64
44,$4011_dac,63
44,$4011_dac,64
44,$4011_dac,61
44,$4011_dac,61
44,$4011_dac,64
44,$4011_dac,62
44,$4011_dac,62
44,$4011_dac,63
44,$4011_dac,61
44,$4011_dac,60
44,$4011_dac,64
44,$4011_dac,63
44,$4011_dac,67
44,$4011_dac,66
44,$4011_dac,63
44,$4011_dac,65
44,$4011_dac,64
44,$4011_dac,62
44,$4011_dac,65
44,$4011_dac,63
44,$4011_dac,60
44,$4011_dac,63
44,$4011_dac,61
44,$4011_dac,60
44,$4011_dac,65
44,$4011_dac,64
44,$4011_dac,60
44,$4011_dac,64
44,$4011_dac,65
44,$4011_dac,61
44,$4011_dac,66
44,$4011_dac,68
44,$4011_dac,64
44,$4011_dac,65
44,$4011_dac,64
44,$4011_dac,61
44,$4011_dac,62
44,$4011_dac,63
44,$4011_dac,63
44,$4011_dac,66
44,$4011_dac,67
44,$4011_dac,64
44,$4011_dac,65
44,$4011_dac,66
44,$4011_dac,64
44,$4011_dac,66
44,$4011_dac,63
44,$4011_dac,61
44,$4011_dac,63
44,$4011_dac,64
44,$4011_dac,63
44,$4011_dac,62
44,$4011_dac,61
44,$4011_dac,60
44,$4011_dac,61
44,$4011_dac,61
44,$4011_dac,62
44,$4011_dac,61
44,$4011_dac,60
44,$4011_dac,65
44,$4011_dac,67
44,$4011_dac,65
44,$4011_dac,67
44,$4011_dac,70
44,$4011_dac,64
44,$4011_dac,62
44,$4011_dac,66
44,$4011_dac,61
44,$4011_dac,62
44,$4011_dac,64
44,$4011_dac,61
44,$4011_dac,64
44,$4011_dac,67
44,$4011_dac,64
44,$4011_dac,64
44,$4011_dac,66
44,$4011_dac,63
44,$4011_dac,63
44,$4011_dac,65
44,$4011_dac,62
44,$4011_dac,64
44,$4011_dac,67
44,$4011_dac,61
44,$4011_dac,61
44,$4011_dac,65
44,$4011_dac,61
44,$4011_dac,62
44,$4011_dac,65
44,$4011_dac,63
44,$4011_dac,63
44,$4011_dac,63
44,$4011_dac,61
44,$4011_dac,59
44,$4011_dac,63
44,$4011_dac,62
44,$4011_dac,61
44,$4011_dac,65
44,$4011_dac,64
44,$4011_dac,64
44,$4011_dac,65
44,$4011_dac,66
44,$4011_dac,65
44,$4011_dac,66
44,$4011_dac,64
44,$4011_dac,62
44,$4011_dac,64
44,$4011_dac,63
44,$4011_dac,60
44,$4011_dac,63
44,$4011_dac,61
44,$4011_dac,65
44,$4011_dac,66
44,$4011_dac,63
44,$4011_dac,67
44,$4011_dac,65
44,$4011_dac,67
44,$4011_dac,69
44,$4011_dac,66
44,$4011_dac,65
44,$4011_dac,62
44,$4011_dac,62
44,$4011_dac,61
44,$4011_dac,61
44,$4011_dac,63
44,$4011_dac,60
44,$4011_dac,60
44,$4011_dac,63
44,$4011_dac,62
44,$4011_dac,63
44,$4011_dac,64
44,$4011_dac,62
44,$4011_dac,63
44,$4011_dac,63
44,$4011_dac,64
44,$4011_dac,62
44,$4011_dac,64
44,$4011_dac,61
44,$4011_dac,61
44,$4011_dac,64
44,$4011_dac,63
44,$4011_dac,65
44,$4011_dac,66
44,$4011_dac,64
44,$4011_dac,65
44,$4011_dac,65
44,$4011_dac,63
44,$4011_dac,61
44,$4011_dac,64
44,$4011_dac,66
44,$4011_dac,64
44,$4011_dac,65
44,$4011_dac,64
44,$4011_dac,62
44,$4011_dac,63
44,$4011_dac,62
44,$4011_dac,61
44,$4011_dac,64
44,$4011_dac,63
44,$4011_dac,65
44,$4011_dac,64
44,$4011_dac,61
44,$4011_dac,62
44,$4011_dac,62
44,$4011_dac,62
44,$4011_dac,64
44,$4011_dac,65
44,$4011_dac,65
44,$4011_dac,67
44,$4011_dac,65
44,$4011_dac,64
44,$4011_dac,66
44,$4011_dac,63
44,$4011_dac,63
44,$4011_dac,64
44,$4011_dac,63
44,$4011_dac,64
44,$4011_dac,66
44,$4011_dac,66
44,$4011_dac,64
44,$4011_dac,64
44,$4011_dac,63
44,$4011_dac,60
44,$4011_dac,62
44,$4011_dac,62
44,$4011_dac,60
44,$4011_dac,62
44,$4011_dac,62
44,$4011_dac,63
44,$4011_dac,63
44,$4011_dac,62
44,$4011_dac,64
44,$4011_dac,63
44,$4011_dac,63
44,$4011_dac,64
44,$4011_dac,63
44,$4011_dac,63
44,$4011_dac,62
44,$4011_dac,64
44,$4011_dac,64
44,$4011_dac,64
44,$4011_dac,65
44,$4011_dac,64
44,$4011_dac,63
44,$4011_dac,62
44,$4011_dac,62
44,$4011_dac,62
44,$4011_dac,65
44,$4011_dac,65
44,$4011_dac,67
44,$4011_dac,66
44,$4011_dac,64
44,$4011_dac,66
44,$4011_dac,63
44,$4011_dac,63
44,$4011_dac,63
44,$4011_dac,61
44,$4011_dac,63
44,$4011_dac,63
44,$4011_dac,63
44,$4011_dac,62
44,$4011_dac,64
44,$4011_dac,65
44,$4011_dac,63
44,$4011_dac,64
44,$4011_dac,63
44,$4011_dac,63
44,$4011_dac,64
44,$4011_dac,63
44,$4011_dac,65
44,$4011_dac,63
44,$4011_dac,63
44,$4011_dac,65
44,$4011_dac,66
44,$4011_dac,65
44,$4011_dac,63
44,$4011_dac,62
44,$4011_dac,63
44,$4011_dac,64
44,$4011_dac,65
44,$4011_dac,65
44,$4011_dac,63
44,$4011_dac,63
44,$4011_dac,62
44,$4011_dac,63
44,$4011_dac,64
44,$4011_dac,63
44,$4011_dac,61
44,$4011_dac,61
44,$4011_dac,62
44,$4011_dac,62
44,$4011_dac,63
44,$4011_dac,62
44,$4011_dac,62
44,$4011_dac,62
44,$4011_dac,62
44,$4011_dac,61
44,$4011_dac,63
44,$4011_dac,62
44,$4011_dac,64
44,$4011_dac,64
44,$4011_dac,64
44,$4011_dac,65
44,$4011_dac,66
44,$4011_dac,66
44,$4011_dac,64
44,$4011_dac,65
44,$4011_dac,66
44,$4011_dac,66
44,$4011_dac,68
44,$4011_dac,66
44,$4011_dac,64
44,$4011_dac,65
44,$4011_dac,63
44,$4011_dac,64
44,$4011_dac,62
44,$4011_dac,60
44,$4011_dac,58
44,$4011_dac,59
44,$4011_dac,61
44,$4011_dac,61
45,$4011_dac,65
45,$4011_dac,67
45,$4011_dac,66
45,$4011_dac,66
45,$4011_dac,65
45,$4011_dac,62
45,$4011_dac,63
45,$4011_dac,66
45,$4011_dac,64
45,$4011_dac,63
45,$4011_dac,62
45,$4011_dac,60
45,$4011_dac,63
45,$4011_dac,61
45,$4011_dac,60
45,$4011_dac,60
45,$4011_dac,60
45,$4011_dac,62
45,$4011_dac,64
45,$4011_dac,63
45,$4011_dac,65
45,$4011_dac,65
45,$4011_dac,64
45,$4011_dac,66
45,$4011_dac,67
45,$4011_dac,65
45,$4011_dac,65
45,$4011_dac,66
45,$4011_dac,65
45,$4011_dac,64
45,$4011_dac,63
45,$4011_dac,62
45,$4011_dac,63
45,$4011_dac,65
45,$4011_dac,64
45,$4011_dac,64
45,$4011_dac,64
45,$4011_dac,63
45,$4011_dac,65
45,$4011_dac,64
45,$4011_dac,64
45,$4011_dac,65
45,$4011_dac,63
45,$4011_dac,63
45,$4011_dac,61
45,$4011_dac,63
45,$4011_dac,62
45,$4011_dac,60
45,$4011_dac,62
45,$4011_dac,65
45,$4011_dac,64
45,$4011_dac,64
45,$4011_dac,65
45,$4011_dac,63
45,$4011_dac,62
45,$4011_dac,62
45,$4011_dac,61
45,$4011_dac,61
45,$4011_dac,61
45,$4011_dac,63
45,$4011_dac,63
45,$4011_dac,65
45,$4011_dac,66
45,$4011_dac,64
45,$4011_dac,65
45,$4011_dac,64
45,$4011_dac,64
45,$4011_dac,64
45,$4011_dac,63
45,$4011_dac,63
45,$4011_dac,64
45,$4011_dac,64
45,$4011_dac,64
45,$4011_dac,65
45,$4011_dac,65
45,$4011_dac,64
45,$4011_dac,63
45,$4011_dac,61
45,$4011_dac,63
45,$4011_dac,62
45,$4011_dac,60
45,$4011_dac,62
45,$4011_dac,61
45,$4011_dac,61
45,$4011_dac,63
45,$4011_dac,64
45,$4011_dac,66
45,$4011_dac,66
45,$4011_dac,65
45,$4011_dac,66
45,$4011_dac,68
45,$4011_dac,68
45,$4011_dac,67
45,$4011_dac,67
45,$4011_dac,66
45,$4011_dac,64
45,$4011_dac,64
45,$4011_dac,64
45,$4011_dac,62
45,$4011_dac,63
45,$4011_dac,61
45,$4011_dac,61
45,$4011_dac,61
45,$4011_dac,59
45,$4011_dac,59
45,$4011_dac,60
45,$4011_dac,60
45,$4011_dac,62
45,$4011_dac,63
45,$4011_dac,64
45,$4011_dac,63
45,$4011_dac,62
45,$4011_dac,64
45,$4011_dac,65
45,$4011_dac,65
45,$4011_dac,66
45,$4011_dac,64
45,$4011_dac,64
45,$4011_dac,64
45,$4011_dac,63
45,$4011_dac,63
45,$4011_dac,65
45,$4011_dac,64
45,$4011_dac,62
45,$4011_dac,63
45,$4011_dac,63
45,$4011_dac,63
45,$4011_dac,63
45,$4011_dac,65
45,$4011_dac,64
45,$4011_dac,62
45,$4011_dac,63
45,$4011_dac,65
45,$4011_dac,64
45,$4011_dac,64
45,$4011_dac,64
45,$4011_dac,64
45,$4011_dac,64
45,$4011_dac,65
45,$4011_dac,65
45,$4011_dac,64
45,$4011_dac,64
45,$4011_dac,64
45,$4011_dac,62
45,$4011_dac,63
45,$4011_dac,67
45,$4011_dac,64
45,$4011_dac,62
45,$4011_dac,64
45,$4011_dac,62
45,$4011_dac,64
45,$4011_dac,64
45,$4011_dac,63
45,$4011_dac,63
45,$4011_dac,64
45,$4011_dac,64
45,$4011_dac,63
45,$4011_dac,62
45,$4011_dac,62
45,$4011_dac,62
45,$4011_dac,63
45,$4011_dac,62
45,$4011_dac,61
45,$4011_dac,62
45,$4011_dac,62
45,$4011_dac,61
45,$4011_dac,62
45,$4011_dac,63
45,$4011_dac,64
45,$4011_dac,66
45,$4011_dac,66
45,$4011_dac,65
45,$4011_dac,65
45,$4011_dac,64
45,$4011_dac,64
45,$4011_dac,64
45,$4011_dac,63
45,$4011_dac,64
45,$4011_dac,64
45,$4011_dac,63
45,$4011_dac,63
45,$4011_dac,63
45,$4011_dac,64
45,$4011_dac,63
45,$4011_dac,64
45,$4011_dac,64
45,$4011_dac,64
45,$4011_dac,65
45,$4011_dac,65
45,$4011_dac,64
45,$4011_dac,62
45,$4011_dac,61
45,$4011_dac,60
45,$4011_dac,61
45,$4011_dac,62
45,$4011_dac,62
45,$4011_dac,62
45,$4011_dac,64
45,$4011_dac,64
45,$4011_dac,64
45,$4011_dac,68
45,$4011_dac,69
45,$4011_dac,67
45,$4011_dac,67
45,$4011_dac,66
45,$4011_dac,63
45,$4011_dac,64
45,$4011_dac,62
45,$4011_dac,61
45,$4011_dac,61
45,$4011_dac,61
45,$4011_dac,60
45,$4011_dac,61
45,$4011_dac,63
45,$4011_dac,64
45,$4011_dac,64
45,$4011_dac,65
45,$4011_dac,63
45,$4011_dac,62
45,$4011_dac,64
45,$4011_dac,64
45,$4011_dac,64
45,$4011_dac,64
45,$4011_dac,63
45,$4011_dac,62
45,$4011_dac,62
45,$4011_dac,63
45,$4011_dac,63
45,$4011_dac,63
45,$4011_dac,64
45,$4011_dac,66
45,$4011_dac,65
45,$4011_dac,65
45,$4011_dac,64
45,$4011_dac,63
45,$4011_dac,64
45,$4011_dac,64
45,$4011_dac,64
45,$4011_dac,65
45,$4011_dac,63
45,$4011_dac,62
45,$4011_dac,62
45,$4011_dac,61
45,$4011_dac,61
45,$4011_dac,62
45,$4011_dac,63
45,$4011_dac,63
45,$4011_dac,65
45,$4011_dac,65
45,$4011_dac,64
45,$4011_dac,65
45,$4011_dac,64
45,$4011_dac,64
45,$4011_dac,64
45,$4011_dac,62
45,$4011_dac,62
45,$4011_dac,61
45,$4011_dac,62
45,$4011_dac,63
45,$4011_dac,64
45,$4011_dac,66
45,$4011_dac,66
45,$4011_dac,65
45,$4011_dac,65
45,$4011_dac,64
45,$4011_dac,65
45,$4011_dac,65
45,$4011_dac,63
45,$4011_dac,63
45,$4011_dac,62
45,$4011_dac,61
45,$4011_dac,61
45,$4011_dac,62
45,$4011_dac,63
45,$4011_dac,64
45,$4011_dac,66
45,$4011_dac,66
45,$4011_dac,65
45,$4011_dac,65
45,$4011_dac,63
45,$4011_dac,62
45,$4011_dac,62
45,$4011_dac,62
45,$4011_dac,62
45,$4011_dac,62
45,$4011_dac,62
45,$4011_dac,63
45,$4011_dac,63
45,$4011_dac,64
45,$4011_dac,64
45,$4011_dac,63
45,$4011_dac,64
45,$4011_dac,64
45,$4011_dac,64
45,$4011_dac,64
45,$4011_dac,65
45,$4011_dac,65
45,$4011_dac,64
45,$4011_dac,64
45,$4011_dac,63
45,$4011_dac,63
45,$4011_dac,64
45,$4011_dac,64
45,$4011_dac,64
45,$4011_dac,65
45,$4011_dac,65
45,$4011_dac,64
45,$4011_dac,64
45,$4011_dac,62
45,$4011_dac,64
45,$4011_dac,65
45,$4011_dac,66
45,$4011_dac,66
45,$4011_dac,65
45,$4011_dac,63
45,$4011_dac,63
45,$4011_dac,64
46,$4011_dac,65
46,$4011_dac,64
46,$4011_dac,64
46,$4011_dac,64
46,$4011_dac,64
108,$4000_duty,1
108,$4000_const,0
108,$4000_vol,5
108,$4001_sweep,4
108,$4002_period,513
108,$400B_length,9
108,$4002_period,743
108,$400B_length,9
108,$4004_duty,0
108,$4004_const,0
108,$4004_vol,8
108,$4005_sweep,4
108,$4006_period,513
108,$4006_period,927
108,$4008_linear,127
108,$4008_linear,127
108,$4008_linear,127
108,$4008_linear,127
108,$400A_period,513
108,$400B_length,121
108,$4008_linear,127
108,$4008_linear,127
108,$400A_period,2227
108,$400B_length,124
108,$400C_const,0
108,$400C_vol,0
108,$400C_const,1
108,$400C_vol,5
108,$400E_period,6
108,$400E_mode,1
108,$400C_const,1
108,$400C_vol,5
108,$400E_period,0
108,$400E_mode,0
108,$400C_const,1
108,$400C_vol,0
120,$4008_linear,127
120,$4008_linear,127
120,$400A_period,1115
120,$400B_length,122
126,$4008_linear,127
126,$4008_linear,127
126,$400A_period,1
126,$400B_length,0
126,$4008_linear,0
132,$4008_linear,127
132,$4008_linear,127
132,$400A_period,1989
132,$400B_length,123
144,$4008_linear,127
144,$4008_linear,127
144,$400A_period,1001
144,$400B_length,121
150,$4008_linear,127
150,$4008_linear,127
150,$400A_period,1
150,$400B_length,0
150,$4008_linear,0
156,$4002_period,895
156,$400B_length,9
156,$4006_period,1115
156,$4008_linear,127
156,$4008_linear,127
156,$400A_period,1843
156,$400B_length,123
168,$4008_linear,127
168,$4008_linear,127
168,$400A_period,927
168,$400B_length,121
174,$4008_linear,127
174,$4008_linear,127
174,$400A_period,1
174,$400B_length,0
174,$4008_linear,0
180,$4008_linear,127
180,$4008_linear,127
180,$400A_period,1677
180,$400B_length,123
192,$4008_linear,127
192,$4008_linear,127
192,$400A_period,839
192,$400B_length,121
198,$4008_linear,127
198,$4008_linear,127
198,$400A_period,1
198,$400B_length,0
198,$4008_linear,0
204,$4002_period,839
204,$400B_length,9
204,$4006_period,1115
204,$4008_linear,127
204,$4008_linear,127
204,$400A_period,1115
204,$400B_length,122
210,$4002_period,839
210,$400B_length,9
210,$4006_period,1115
210,$4008_linear,127
210,$4008_linear,127
210,$400A_period,1115
210,$400B_length,122
216,$4002_period,1
216,$400B_length,8
216,$4006_period,1
216,$4008_linear,127
216,$4008_linear,127
216,$400A_period,1115
216,$400B_length,122
222,$4008_linear,127
222,$4008_linear,127
222,$400A_period,1115
222,$400B_length,122
228,$4002_period,1
228,$400B_length,8
228,$4006_period,1
228,$4008_linear,127
228,$4008_linear,127
228,$400A_period,1477
228,$400B_length,122
234,$4008_linear,127
234,$4008_linear,127
234,$400A_period,1
234,$400B_length,0
234,$4008_linear,0
240,$4008_linear,127
240,$4008_linear,127
240,$400A_period,1255
240,$400B_length,122
246,$4008_linear,127
246,$4008_linear,127
246,$400A_period,1115
246,$400B_length,122
252,$4002_period,1
252,$400B_length,8
252,$4006_period,1
252,$4008_linear,127
252,$4008_linear,127
252,$400A_period,1
252,$400B_length,0
252,$4008_linear,0
258,$4008_linear,127
258,$4008_linear,127
258,$400A_period,1477
258,$400B_length,122
264,$4008_linear,127
264,$4008_linear,127
264,$400A_period,1255
264,$400B_length,122
270,$4008_linear,127
270,$4008_linear,127
270,$400A_period,1115
270,$400B_length,122
276,$4008_linear,127
276,$4008_linear,127
276,$400A_period,927
276,$400B_length,121
282,$4008_linear,127
282,$4008_linear,127
282,$400A_period,927
282,$400B_length,121
288,$4008_linear,127
288,$4008_linear,127
288,$400A_period,1001
288,$400B_length,121
294,$4008_linear,127
294,$4008_linear,127
294,$400A_period,1001
294,$400B_length,121
300,$4002_period,927
300,$400B_length,9
300,$4006_period,1115
300,$4008_linear,127
300,$4008_linear,127
300,$400A_period,2227
300,$400B_length,124
312,$4008_linear,127
312,$4008_linear,127
312,$400A_period,1115
312,$400B_length,122
318,$4008_linear,127
318,$4008_linear,127
318,$400A_period,1
318,$400B_length,0
318,$4008_linear,0
324,$4008_linear,127
324,$4008_linear,127
324,$400A_period,1989
324,$400B_length,123
336,$4008_linear,127
336,$4008_linear,127
336,$400A_period,1001
336,$400B_length,121
342,$4008_linear,127
342,$4008_linear,127
342,$400A_period,1
342,$400B_length,0
342,$4008_linear,0
348,$4002_period,1255
348,$400B_length,10
348,$4006_period,1677
348,$4008_linear,127
348,$4008_linear,127
348,$400A_period,1843
348,$400B_length,123
360,$4008_linear,127
360,$4008_linear,127
360,$400A_period,927
360,$400B_length,121
366,$4008_linear,127
366,$4008_linear,127
366,$400A_period,1
366,$400B_length,0
366,$4008_linear,0
372,$4008_linear,127
372,$4008_linear,127
372,$400A_period,1677
372,$400B_length,123
384,$4008_linear,127
384,$4008_linear,127
384,$400A_period,839
384,$400B_length,121
390,$4008_linear,127
390,$4008_linear,127
390,$400A_period,1
390,$400B_length,0
390,$4008_linear,0
396,$4002_period,1
396,$400B_length,8
396,$4006_period,1
396,$4008_linear,127
396,$4008_linear,127
396,$400A_period,1115
396,$400B_length,122
402,$4002_period,1115
402,$400B_length,10
402,$4006_period,1477
402,$4008_linear,127
402,$4008_linear,127
402,$400A_period,1115
402,$400B_length,122
408,$4002_period,1
408,$400B_length,8
408,$4006_period,1
408,$4008_linear,127
408,$4008_linear,127
408,$400A_period,1115
408,$400B_length,122
414,$4008_linear,127
414,$4008_linear,127
414,$400A_period,1115
414,$400B_length,122
420,$4002_period,1115
420,$400B_length,10
420,$4006_period,1477
420,$4008_linear,127
420,$4008_linear,127
420,$400A_period,1477
420,$400B_length,122
426,$4002_period,1
426,$400B_length,8
426,$4006_period,1
426,$4008_linear,127
426,$4008_linear,127
426,$400A_period,1
426,$400B_length,0
426,$4008_linear,0
432,$4002_period,1255
432,$400B_length,10
432,$4006_period,1677
432,$4008_linear,127
432,$4008_linear,127
432,$400A_period,1255
432,$400B_length,122
438,$4002_period,1115
438,$400B_length,10
438,$4006_period,1477
438,$4008_linear,127
438,$4008_linear,127
438,$400A_period,1115
438,$400B_length,122
444,$4002_period,1
444,$400B_length,8
444,$4006_period,1
444,$4008_linear,127
444,$4008_linear,127
444,$400A_period,1
444,$400B_length,0
444,$4008_linear,0
450,$4008_linear,127
450,$4008_linear,127
450,$400A_period,1477
450,$400B_length,122
456,$4002_period,1255
456,$400B_length,10
456,$4006_period,1677
456,$4008_linear,127
456,$4008_linear,127
456,$400A_period,1255
456,$400B_length,122
462,$4002_period,1115
462,$400B_length,10
462,$4006_period,1477
462,$4008_linear,127
462,$4008_linear,127
462,$400A_period,1115
462,$400B_length,122
468,$4002_period,1
468,$400B_length,8
468,$4006_period,1
468,$4008_linear,127
468,$4008_linear,127
468,$400A_period,743
468,$400B_length,121
474,$4002_period,1001
474,$400B_length,9
474,$4006_period,1255
474,$4008_linear,127
474,$4008_linear,127
474,$400A_period,927
474,$400B_length,121
480,$4002_period,1115
480,$400B_length,10
480,$4006_period,1477
480,$4008_linear,127
480,$4008_linear,127
480,$400A_period,839
480,$400B_length,121
486,$4002_period,1
486,$400B_length,8
486,$4006_period,1
486,$4008_linear,127
486,$4008_linear,127
486,$400A_period,1
486,$400B_length,0
486,$4008_linear,0
492,$4002_period,1677
492,$400B_length,11
492,$4006_period,1843
492,$4008_linear,127
492,$4008_linear,127
492,$400A_period,2227
492,$400B_length,124
504,$4008_linear,127
504,$4008_linear,127
504,$400A_period,1115
504,$400B_length,122
510,$4008_linear,127
510,$4008_linear,127
510,$400A_period,1
510,$400B_length,0
510,$4008_linear,0
516,$4002_period,1
516,$400B_length,8
516,$4006_period,1
516,$4008_linear,127
516,$4008_linear,127
516,$400A_period,1989
516,$400B_length,123
528,$4002_period,1477
528,$400B_length,10
528,$4006_period,2227
528,$4008_linear,127
528,$4008_linear,127
528,$400A_period,1001
528,$400B_length,121
534,$4002_period,1
534,$400B_length,8
534,$4006_period,1
534,$4008_linear,127
534,$4008_linear,127
534,$400A_period,1
534,$400B_length,0
534,$4008_linear,0
540,$4002_period,1
540,$400B_length,8
540,$4006_period,1
540,$4008_linear,127
540,$4008_linear,127
540,$400A_period,1843
540,$400B_length,123
552,$4008_linear,127
552,$4008_linear,127
552,$400A_period,927
552,$400B_length,121
558,$4008_linear,127
558,$4008_linear,127
558,$400A_period,1
558,$400B_length,0
558,$4008_linear,0
564,$4008_linear,127
564,$4008_linear,127
564,$400A_period,1677
564,$400B_length,123
576,$4008_linear,127
576,$4008_linear,127
576,$400A_period,839
576,$400B_length,121
582,$4008_linear,127
582,$4008_linear,127
582,$400A_period,1
582,$400B_length,0
582,$4008_linear,0
588,$4002_period,839
588,$400B_length,9
588,$4006_period,1843
588,$4008_linear,127
588,$4008_linear,127
588,$400A_period,1115
588,$400B_length,122
594,$4002_period,839
594,$400B_length,9
594,$4006_period,1843
594,$4008_linear,127
594,$4008_linear,127
594,$400A_period,1115
594,$400B_length,122
