frame,parameter,value
326,$4011_dac,69
326,$4011_dac,69
326,$4011_dac,69
326,$4011_dac,69
326,$4011_dac,69
326,$4011_dac,69
326,$4011_dac,69
326,$4011_dac,69
326,$4011_dac,69
326,$4011_dac,69
326,$4011_dac,69
326,$4011_dac,69
326,$4011_dac,69
326,$4011_dac,69
326,$4011_dac,69
326,$4011_dac,69
326,$4011_dac,69
326,$4011_dac,69
326,$4011_dac,68
326,$4011_dac,69
326,$4011_dac,68
326,$4011_dac,69
326,$4011_dac,68
326,$4011_dac,67
326,$4011_dac,69
326,$4011_dac,68
326,$4011_dac,67
326,$4011_dac,68
326,$4011_dac,68
326,$4011_dac,68
326,$4011_dac,68
326,$4011_dac,68
326,$4011_dac,68
326,$4011_dac,69
326,$4011_dac,68
326,$4011_dac,68
326,$4011_dac,69
326,$4011_dac,67
326,$4011_dac,68
326,$4011_dac,67
326,$4011_dac,68
326,$4011_dac,68
326,$4011_dac,69
326,$4011_dac,72
326,$4011_dac,67
326,$4011_dac,69
326,$4011_dac,66
326,$4011_dac,69
326,$4011_dac,64
326,$4011_dac,67
326,$4011_dac,56
326,$4011_dac,62
326,$4011_dac,62
326,$4011_dac,76
326,$4011_dac,68
326,$4011_dac,26
326,$4011_dac,76
326,$4011_dac,49
326,$4011_dac,49
326,$4011_dac,69
326,$4011_dac,62
326,$4011_dac,76
326,$4011_dac,72
326,$4011_dac,87
326,$4011_dac,91
326,$4011_dac,87
326,$4011_dac,87
326,$4011_dac,91
326,$4011_dac,103
326,$4011_dac,87
326,$4011_dac,87
326,$4011_dac,91
326,$4011_dac,91
326,$4011_dac,103
326,$4011_dac,103
326,$4011_dac,103
326,$4011_dac,103
326,$4011_dac,91
326,$4011_dac,91
326,$4011_dac,87
326,$4011_dac,76
326,$4011_dac,69
326,$4011_dac,62
326,$4011_dac,56
326,$4011_dac,68
326,$4011_dac,72
326,$4011_dac,72
326,$4011_dac,64
326,$4011_dac,56
326,$4011_dac,49
326,$4011_dac,49
326,$4011_dac,49
326,$4011_dac,49
326,$4011_dac,49
326,$4011_dac,26
326,$4011_dac,26
326,$4011_dac,26
326,$4011_dac,26
326,$4011_dac,49
326,$4011_dac,49
326,$4011_dac,26
326,$4011_dac,26
326,$4011_dac,49
326,$4011_dac,49
326,$4011_dac,26
326,$4011_dac,26
326,$4011_dac,26
326,$4011_dac,49
326,$4011_dac,103
326,$4011_dac,87
326,$4011_dac,103
326,$4011_dac,103
326,$4011_dac,103
326,$4011_dac,91
326,$4011_dac,103
326,$4011_dac,103
326,$4011_dac,68
326,$4011_dac,87
326,$4011_dac,76
326,$4011_dac,72
326,$4011_dac,65
326,$4011_dac,87
326,$4011_dac,72
326,$4011_dac,62
326,$4011_dac,49
326,$4011_dac,87
326,$4011_dac,91
326,$4011_dac,91
326,$4011_dac,103
326,$4011_dac,103
326,$4011_dac,103
326,$4011_dac,87
326,$4011_dac,87
326,$4011_dac,103
326,$4011_dac,103
326,$4011_dac,87
326,$4011_dac,91
326,$4011_dac,91
326,$4011_dac,76
326,$4011_dac,72
326,$4011_dac,63
326,$4011_dac,56
326,$4011_dac,49
326,$4011_dac,49
326,$4011_dac,49
326,$4011_dac,26
326,$4011_dac,26
326,$4011_dac,26
326,$4011_dac,26
326,$4011_dac,26
326,$4011_dac,49
326,$4011_dac,49
326,$4011_dac,49
326,$4011_dac,56
326,$4011_dac,62
326,$4011_dac,64
326,$4011_dac,72
326,$4011_dac,76
326,$4011_dac,76
326,$4011_dac,87
326,$4011_dac,91
326,$4011_dac,91
326,$4011_dac,91
326,$4011_dac,91
326,$4011_dac,91
326,$4011_dac,91
326,$4011_dac,103
326,$4011_dac,103
326,$4011_dac,91
326,$4011_dac,87
326,$4011_dac,87
326,$4011_dac,87
326,$4011_dac,65
326,$4011_dac,56
326,$4011_dac,49
326,$4011_dac,49
326,$4011_dac,49
326,$4011_dac,56
326,$4011_dac,65
326,$4011_dac,69
327,$4011_dac,72
327,$4011_dac,76
327,$4011_dac,72
327,$4011_dac,72
327,$4011_dac,72
327,$4011_dac,76
327,$4011_dac,76
327,$4011_dac,87
327,$4011_dac,87
327,$4011_dac,76
327,$4011_dac,72
327,$4011_dac,69
327,$4011_dac,76
327,$4011_dac,64
327,$4011_dac,56
327,$4011_dac,56
327,$4011_dac,49
327,$4011_dac,49
327,$4011_dac,49
327,$4011_dac,49
327,$4011_dac,49
327,$4011_dac,49
327,$4011_dac,49
327,$4011_dac,49
327,$4011_dac,49
327,$4011_dac,26
327,$4011_dac,49
327,$4011_dac,49
327,$4011_dac,49
327,$4011_dac,49
327,$4011_dac,56
327,$4011_dac,76
327,$4011_dac,66
327,$4011_dac,87
327,$4011_dac,76
327,$4011_dac,87
327,$4011_dac,91
327,$4011_dac,103
327,$4011_dac,103
327,$4011_dac,103
327,$4011_dac,103
327,$4011_dac,91
327,$4011_dac,91
327,$4011_dac,103
327,$4011_dac,72
327,$4011_dac,87
327,$4011_dac,87
327,$4011_dac,76
327,$4011_dac,87
327,$4011_dac,87
327,$4011_dac,103
327,$4011_dac,103
327,$4011_dac,91
327,$4011_dac,87
327,$4011_dac,87
327,$4011_dac,87
327,$4011_dac,87
327,$4011_dac,87
327,$4011_dac,87
327,$4011_dac,87
327,$4011_dac,68
327,$4011_dac,67
327,$4011_dac,49
327,$4011_dac,49
327,$4011_dac,56
327,$4011_dac,49
327,$4011_dac,49
327,$4011_dac,49
327,$4011_dac,49
327,$4011_dac,49
327,$4011_dac,49
327,$4011_dac,26
327,$4011_dac,26
327,$4011_dac,26
327,$4011_dac,26
327,$4011_dac,26
327,$4011_dac,26
327,$4011_dac,26
327,$4011_dac,26
327,$4011_dac,26
327,$4011_dac,26
327,$4011_dac,26
327,$4011_dac,26
327,$4011_dac,49
327,$4011_dac,63
327,$4011_dac,68
327,$4011_dac,68
327,$4011_dac,68
327,$4011_dac,69
327,$4011_dac,68
327,$4011_dac,69
327,$4011_dac,66
327,$4011_dac,69
327,$4011_dac,63
327,$4011_dac,49
327,$4011_dac,56
327,$4011_dac,49
327,$4011_dac,49
327,$4011_dac,49
327,$4011_dac,63
327,$4011_dac,62
327,$4011_dac,64
327,$4011_dac,103
327,$4011_dac,103
327,$4011_dac,103
327,$4011_dac,103
327,$4011_dac,103
327,$4011_dac,103
327,$4011_dac,103
327,$4011_dac,103
327,$4011_dac,103
327,$4011_dac,91
327,$4011_dac,87
327,$4011_dac,87
327,$4011_dac,87
327,$4011_dac,103
327,$4011_dac,103
327,$4011_dac,103
327,$4011_dac,103
327,$4011_dac,103
327,$4011_dac,76
327,$4011_dac,56
327,$4011_dac,56
327,$4011_dac,56
327,$4011_dac,65
327,$4011_dac,63
327,$4011_dac,69
327,$4011_dac,66
327,$4011_dac,72
327,$4011_dac,67
327,$4011_dac,69
327,$4011_dac,69
327,$4011_dac,72
327,$4011_dac,76
327,$4011_dac,87
327,$4011_dac,87
327,$4011_dac,103
327,$4011_dac,103
327,$4011_dac,87
327,$4011_dac,69
327,$4011_dac,66
327,$4011_dac,64
327,$4011_dac,87
327,$4011_dac,87
327,$4011_dac,63
327,$4011_dac,87
327,$4011_dac,87
327,$4011_dac,72
327,$4011_dac,64
327,$4011_dac,62
327,$4011_dac,49
327,$4011_dac,49
327,$4011_dac,49
327,$4011_dac,26
327,$4011_dac,26
327,$4011_dac,26
327,$4011_dac,26
327,$4011_dac,26
327,$4011_dac,26
327,$4011_dac,26
327,$4011_dac,49
327,$4011_dac,63
327,$4011_dac,64
327,$4011_dac,49
327,$4011_dac,62
327,$4011_dac,56
327,$4011_dac,26
327,$4011_dac,56
327,$4011_dac,62
327,$4011_dac,49
327,$4011_dac,49
327,$4011_dac,72
327,$4011_dac,72
327,$4011_dac,64
327,$4011_dac,63
327,$4011_dac,62
327,$4011_dac,67
327,$4011_dac,69
327,$4011_dac,72
327,$4011_dac,87
327,$4011_dac,87
328,$4011_dac,87
328,$4011_dac,65
328,$4011_dac,56
328,$4011_dac,62
328,$4011_dac,26
328,$4011_dac,68
328,$4011_dac,49
328,$4011_dac,56
328,$4011_dac,91
328,$4011_dac,76
328,$4011_dac,72
328,$4011_dac,26
328,$4011_dac,56
328,$4011_dac,67
328,$4011_dac,76
328,$4011_dac,91
328,$4011_dac,91
328,$4011_dac,91
328,$4011_dac,87
328,$4011_dac,76
328,$4011_dac,62
328,$4011_dac,91
328,$4011_dac,76
328,$4011_dac,76
328,$4011_dac,76
328,$4011_dac,62
328,$4011_dac,62
328,$4011_dac,49
328,$4011_dac,26
328,$4011_dac,26
328,$4011_dac,26
328,$4011_dac,49
328,$4011_dac,63
328,$4011_dac,76
328,$4011_dac,69
328,$4011_dac,76
328,$4011_dac,76
328,$4011_dac,72
328,$4011_dac,72
328,$4011_dac,91
328,$4011_dac,87
328,$4011_dac,103
328,$4011_dac,103
328,$4011_dac,91
328,$4011_dac,87
328,$4011_dac,76
328,$4011_dac,87
328,$4011_dac,103
328,$4011_dac,103
328,$4011_dac,103
328,$4011_dac,103
328,$4011_dac,76
328,$4011_dac,87
328,$4011_dac,76
328,$4011_dac,72
328,$4011_dac,87
328,$4011_dac,103
328,$4011_dac,91
328,$4011_dac,103
328,$4011_dac,103
328,$4011_dac,103
328,$4011_dac,91
328,$4011_dac,87
328,$4011_dac,87
328,$4011_dac,87
328,$4011_dac,76
328,$4011_dac,72
328,$4011_dac,66
328,$4011_dac,65
328,$4011_dac,49
328,$4011_dac,64
328,$4011_dac,56
328,$4011_dac,26
328,$4011_dac,49
328,$4011_dac,26
328,$4011_dac,26
328,$4011_dac,26
328,$4011_dac,26
328,$4011_dac,26
328,$4011_dac,26
328,$4011_dac,26
328,$4011_dac,49
328,$4011_dac,26
328,$4011_dac,26
328,$4011_dac,56
328,$4011_dac,87
328,$4011_dac,67
328,$4011_dac,62
328,$4011_dac,63
328,$4011_dac,26
328,$4011_dac,49
328,$4011_dac,49
328,$4011_dac,56
328,$4011_dac,56
328,$4011_dac,63
328,$4011_dac,49
328,$4011_dac,87
328,$4011_dac,56
328,$4011_dac,67
328,$4011_dac,76
328,$4011_dac,72
328,$4011_dac,76
328,$4011_dac,76
328,$4011_dac,87
328,$4011_dac,87
328,$4011_dac,91
328,$4011_dac,67
328,$4011_dac,91
328,$4011_dac,103
328,$4011_dac,91
328,$4011_dac,103
328,$4011_dac,103
328,$4011_dac,91
328,$4011_dac,87
328,$4011_dac,87
328,$4011_dac,87
328,$4011_dac,63
328,$4011_dac,87
328,$4011_dac,56
328,$4011_dac,65
328,$4011_dac,103
328,$4011_dac,103
328,$4011_dac,103
328,$4011_dac,103
328,$4011_dac,87
328,$4011_dac,49
328,$4011_dac,49
328,$4011_dac,49
328,$4011_dac,56
328,$4011_dac,91
328,$4011_dac,103
328,$4011_dac,103
328,$4011_dac,91
328,$4011_dac,91
328,$4011_dac,87
328,$4011_dac,69
328,$4011_dac,56
328,$4011_dac,49
328,$4011_dac,49
328,$4011_dac,26
328,$4011_dac,49
328,$4011_dac,26
328,$4011_dac,26
328,$4011_dac,26
328,$4011_dac,26
328,$4011_dac,26
328,$4011_dac,26
328,$4011_dac,26
328,$4011_dac,26
328,$4011_dac,26
328,$4011_dac,26
328,$4011_dac,26
328,$4011_dac,26
328,$4011_dac,62
328,$4011_dac,67
328,$4011_dac,87
328,$4011_dac,87
328,$4011_dac,62
328,$4011_dac,87
328,$4011_dac,103
328,$4011_dac,103
328,$4011_dac,103
328,$4011_dac,103
328,$4011_dac,103
328,$4011_dac,103
328,$4011_dac,87
328,$4011_dac,72
328,$4011_dac,87
328,$4011_dac,103
328,$4011_dac,103
328,$4011_dac,103
328,$4011_dac,103
328,$4011_dac,103
328,$4011_dac,103
328,$4011_dac,103
328,$4011_dac,103
328,$4011_dac,103
328,$4011_dac,103
328,$4011_dac,103
328,$4011_dac,103
329,$4011_dac,103
329,$4011_dac,103
329,$4011_dac,91
329,$4011_dac,69
329,$4011_dac,26
329,$4011_dac,26
329,$4011_dac,26
329,$4011_dac,26
329,$4011_dac,26
329,$4011_dac,26
329,$4011_dac,26
329,$4011_dac,26
329,$4011_dac,26
329,$4011_dac,63
329,$4011_dac,49
329,$4011_dac,76
329,$4011_dac,66
329,$4011_dac,62
329,$4011_dac,66
329,$4011_dac,49
329,$4011_dac,66
329,$4011_dac,56
329,$4011_dac,56
329,$4011_dac,56
329,$4011_dac,49
329,$4011_dac,49
329,$4011_dac,49
329,$4011_dac,49
329,$4011_dac,49
329,$4011_dac,49
329,$4011_dac,56
329,$4011_dac,63
329,$4011_dac,26
329,$4011_dac,26
329,$4011_dac,26
329,$4011_dac,26
329,$4011_dac,26
329,$4011_dac,26
329,$4011_dac,56
329,$4011_dac,72
329,$4011_dac,72
329,$4011_dac,76
329,$4011_dac,91
329,$4011_dac,91
329,$4011_dac,103
329,$4011_dac,87
329,$4011_dac,103
329,$4011_dac,103
329,$4011_dac,103
329,$4011_dac,103
329,$4011_dac,103
329,$4011_dac,91
329,$4011_dac,91
329,$4011_dac,103
329,$4011_dac,87
329,$4011_dac,103
329,$4011_dac,76
329,$4011_dac,87
329,$4011_dac,62
329,$4011_dac,91
329,$4011_dac,87
329,$4011_dac,91
329,$4011_dac,91
329,$4011_dac,68
329,$4011_dac,62
329,$4011_dac,76
329,$4011_dac,64
329,$4011_dac,56
329,$4011_dac,56
329,$4011_dac,64
329,$4011_dac,49
329,$4011_dac,26
329,$4011_dac,26
329,$4011_dac,56
329,$4011_dac,49
329,$4011_dac,26
329,$4011_dac,56
329,$4011_dac,76
329,$4011_dac,72
329,$4011_dac,76
329,$4011_dac,72
329,$4011_dac,87
329,$4011_dac,87
329,$4011_dac,76
329,$4011_dac,65
329,$4011_dac,49
329,$4011_dac,62
329,$4011_dac,56
329,$4011_dac,72
329,$4011_dac,87
329,$4011_dac,76
329,$4011_dac,87
329,$4011_dac,63
329,$4011_dac,76
329,$4011_dac,72
329,$4011_dac,69
329,$4011_dac,72
329,$4011_dac,76
329,$4011_dac,67
329,$4011_dac,69
329,$4011_dac,69
329,$4011_dac,68
329,$4011_dac,66
329,$4011_dac,56
329,$4011_dac,76
329,$4011_dac,76
329,$4011_dac,49
329,$4011_dac,65
329,$4011_dac,91
329,$4011_dac,66
329,$4011_dac,76
329,$4011_dac,66
329,$4011_dac,72
329,$4011_dac,56
329,$4011_dac,69
329,$4011_dac,49
329,$4011_dac,26
329,$4011_dac,26
329,$4011_dac,26
329,$4011_dac,26
329,$4011_dac,26
329,$4011_dac,26
329,$4011_dac,66
329,$4011_dac,72
329,$4011_dac,64
329,$4011_dac,76
329,$4011_dac,69
329,$4011_dac,91
329,$4011_dac,87
329,$4011_dac,91
329,$4011_dac,103
329,$4011_dac,103
329,$4011_dac,103
329,$4011_dac,103
329,$4011_dac,87
329,$4011_dac,26
329,$4011_dac,103
329,$4011_dac,87
329,$4011_dac,49
329,$4011_dac,49
329,$4011_dac,26
329,$4011_dac,49
329,$4011_dac,49
329,$4011_dac,56
329,$4011_dac,63
329,$4011_dac,91
329,$4011_dac,76
329,$4011_dac,64
329,$4011_dac,66
329,$4011_dac,66
329,$4011_dac,67
329,$4011_dac,72
329,$4011_dac,87
329,$4011_dac,67
329,$4011_dac,87
329,$4011_dac,87
329,$4011_dac,103
329,$4011_dac,103
329,$4011_dac,87
329,$4011_dac,87
329,$4011_dac,103
329,$4011_dac,76
329,$4011_dac,72
329,$4011_dac,91
329,$4011_dac,91
329,$4011_dac,76
329,$4011_dac,87
329,$4011_dac,72
329,$4011_dac,56
329,$4011_dac,64
329,$4011_dac,49
329,$4011_dac,49
329,$4011_dac,49
329,$4011_dac,49
329,$4011_dac,26
329,$4011_dac,26
329,$4011_dac,26
329,$4011_dac,26
329,$4011_dac,49
329,$4011_dac,49
329,$4011_dac,76
330,$4011_dac,69
330,$4011_dac,56
330,$4011_dac,69
330,$4011_dac,65
330,$4011_dac,72
330,$4011_dac,62
330,$4011_dac,76
330,$4011_dac,56
330,$4011_dac,49
330,$4011_dac,49
330,$4011_dac,69
330,$4011_dac,76
330,$4011_dac,62
330,$4011_dac,103
330,$4011_dac,103
330,$4011_dac,103
330,$4011_dac,103
330,$4011_dac,103
330,$4011_dac,103
330,$4011_dac,103
330,$4011_dac,103
330,$4011_dac,103
330,$4011_dac,91
330,$4011_dac,87
330,$4011_dac,76
330,$4011_dac,69
330,$4011_dac,67
330,$4011_dac,56
330,$4011_dac,26
330,$4011_dac,64
330,$4011_dac,62
330,$4011_dac,72
330,$4011_dac,65
330,$4011_dac,49
330,$4011_dac,56
330,$4011_dac,26
330,$4011_dac,49
330,$4011_dac,62
330,$4011_dac,49
330,$4011_dac,103
330,$4011_dac,103
330,$4011_dac,103
330,$4011_dac,76
330,$4011_dac,49
330,$4011_dac,56
330,$4011_dac,26
330,$4011_dac,76
330,$4011_dac,26
330,$4011_dac,26
330,$4011_dac,62
330,$4011_dac,26
330,$4011_dac,72
330,$4011_dac,103
330,$4011_dac,76
330,$4011_dac,76
330,$4011_dac,91
330,$4011_dac,49
330,$4011_dac,49
330,$4011_dac,62
330,$4011_dac,72
330,$4011_dac,87
330,$4011_dac,91
330,$4011_dac,87
330,$4011_dac,87
330,$4011_dac,87
330,$4011_dac,72
330,$4011_dac,49
330,$4011_dac,87
330,$4011_dac,63
330,$4011_dac,103
330,$4011_dac,26
330,$4011_dac,26
330,$4011_dac,26
330,$4011_dac,26
330,$4011_dac,26
330,$4011_dac,26
330,$4011_dac,26
330,$4011_dac,49
330,$4011_dac,49
330,$4011_dac,26
330,$4011_dac,62
330,$4011_dac,76
330,$4011_dac,91
330,$4011_dac,103
330,$4011_dac,103
330,$4011_dac,103
330,$4011_dac,103
330,$4011_dac,103
330,$4011_dac,103
330,$4011_dac,72
330,$4011_dac,103
330,$4011_dac,103
330,$4011_dac,103
330,$4011_dac,103
330,$4011_dac,91
330,$4011_dac,103
330,$4011_dac,91
330,$4011_dac,103
330,$4011_dac,103
330,$4011_dac,56
330,$4011_dac,69
330,$4011_dac,56
330,$4011_dac,56
330,$4011_dac,56
330,$4011_dac,69
330,$4011_dac,72
330,$4011_dac,56
330,$4011_dac,49
330,$4011_dac,26
330,$4011_dac,26
330,$4011_dac,26
330,$4011_dac,26
330,$4011_dac,26
330,$4011_dac,26
330,$4011_dac,26
330,$4011_dac,26
330,$4011_dac,26
330,$4011_dac,26
330,$4011_dac,56
330,$4011_dac,49
330,$4011_dac,103
330,$4011_dac,76
330,$4011_dac,49
330,$4011_dac,91
330,$4011_dac,87
330,$4011_dac,87
330,$4011_dac,87
330,$4011_dac,76
330,$4011_dac,72
330,$4011_dac,69
330,$4011_dac,49
330,$4011_dac,49
330,$4011_dac,26
330,$4011_dac,56
330,$4011_dac,56
330,$4011_dac,56
330,$4011_dac,69
330,$4011_dac,67
330,$4011_dac,69
330,$4011_dac,72
330,$4011_dac,103
330,$4011_dac,103
330,$4011_dac,103
330,$4011_dac,103
330,$4011_dac,91
330,$4011_dac,87
330,$4011_dac,76
330,$4011_dac,87
330,$4011_dac,91
330,$4011_dac,103
330,$4011_dac,103
330,$4011_dac,103
330,$4011_dac,72
330,$4011_dac,91
330,$4011_dac,103
330,$4011_dac,87
330,$4011_dac,103
330,$4011_dac,76
330,$4011_dac,87
330,$4011_dac,87
330,$4011_dac,87
330,$4011_dac,103
330,$4011_dac,91
330,$4011_dac,76
330,$4011_dac,63
330,$4011_dac,66
330,$4011_dac,66
330,$4011_dac,72
330,$4011_dac,62
330,$4011_dac,72
330,$4011_dac,49
330,$4011_dac,26
330,$4011_dac,56
330,$4011_dac,56
330,$4011_dac,56
330,$4011_dac,65
330,$4011_dac,56
330,$4011_dac,49
330,$4011_dac,49
330,$4011_dac,56
330,$4011_dac,49
331,$4011_dac,56
331,$4011_dac,56
331,$4011_dac,64
331,$4011_dac,103
331,$4011_dac,87
331,$4011_dac,49
331,$4011_dac,56
331,$4011_dac,49
331,$4011_dac,26
331,$4011_dac,62
331,$4011_dac,62
331,$4011_dac,72
331,$4011_dac,76
331,$4011_dac,87
331,$4011_dac,56
331,$4011_dac,76
331,$4011_dac,103
331,$4011_dac,91
331,$4011_dac,103
331,$4011_dac,103
331,$4011_dac,62
331,$4011_dac,56
331,$4011_dac,103
331,$4011_dac,76
331,$4011_dac,103
331,$4011_dac,87
331,$4011_dac,103
331,$4011_dac,103
331,$4011_dac,103
331,$4011_dac,87
331,$4011_dac,69
331,$4011_dac,49
331,$4011_dac,72
331,$4011_dac,49
331,$4011_dac,56
331,$4011_dac,87
331,$4011_dac,62
331,$4011_dac,87
331,$4011_dac,56
331,$4011_dac,76
331,$4011_dac,62
331,$4011_dac,62
331,$4011_dac,56
331,$4011_dac,49
331,$4011_dac,49
331,$4011_dac,49
331,$4011_dac,49
331,$4011_dac,26
331,$4011_dac,26
331,$4011_dac,49
331,$4011_dac,26
331,$4011_dac,26
331,$4011_dac,76
331,$4011_dac,76
331,$4011_dac,56
331,$4011_dac,69
331,$4011_dac,56
331,$4011_dac,49
331,$4011_dac,49
331,$4011_dac,26
331,$4011_dac,56
331,$4011_dac,72
331,$4011_dac,63
331,$4011_dac,72
331,$4011_dac,72
331,$4011_dac,103
331,$4011_dac,68
331,$4011_dac,64
331,$4011_dac,64
331,$4011_dac,76
331,$4011_dac,87
331,$4011_dac,76
331,$4011_dac,91
331,$4011_dac,91
331,$4011_dac,91
331,$4011_dac,87
331,$4011_dac,91
331,$4011_dac,91
331,$4011_dac,91
331,$4011_dac,67
331,$4011_dac,68
331,$4011_dac,56
331,$4011_dac,49
331,$4011_dac,49
331,$4011_dac,26
331,$4011_dac,49
331,$4011_dac,49
331,$4011_dac,62
331,$4011_dac,65
331,$4011_dac,72
331,$4011_dac,91
331,$4011_dac,56
331,$4011_dac,87
331,$4011_dac,87
331,$4011_dac,62
331,$4011_dac,67
331,$4011_dac,62
331,$4011_dac,68
331,$4011_dac,65
331,$4011_dac,67
331,$4011_dac,49
331,$4011_dac,76
331,$4011_dac,103
331,$4011_dac,67
331,$4011_dac,91
331,$4011_dac,66
331,$4011_dac,56
331,$4011_dac,66
331,$4011_dac,56
331,$4011_dac,64
331,$4011_dac,56
331,$4011_dac,64
331,$4011_dac,62
331,$4011_dac,72
331,$4011_dac,76
331,$4011_dac,87
331,$4011_dac,91
331,$4011_dac,87
331,$4011_dac,91
331,$4011_dac,91
331,$4011_dac,103
331,$4011_dac,103
331,$4011_dac,103
331,$4011_dac,103
331,$4011_dac,91
331,$4011_dac,91
331,$4011_dac,91
331,$4011_dac,87
331,$4011_dac,87
331,$4011_dac,87
331,$4011_dac,87
331,$4011_dac,76
331,$4011_dac,76
331,$4011_dac,76
331,$4011_dac,87
331,$4011_dac,76
331,$4011_dac,87
331,$4011_dac,76
331,$4011_dac,49
331,$4011_dac,87
331,$4011_dac,76
331,$4011_dac,72
331,$4011_dac,87
331,$4011_dac,76
331,$4011_dac,72
331,$4011_dac,69
331,$4011_dac,63
331,$4011_dac,68
331,$4011_dac,63
331,$4011_dac,49
331,$4011_dac,49
331,$4011_dac,26
331,$4011_dac,49
331,$4011_dac,26
331,$4011_dac,26
331,$4011_dac,26
331,$4011_dac,26
331,$4011_dac,26
331,$4011_dac,26
331,$4011_dac,26
331,$4011_dac,26
331,$4011_dac,49
331,$4011_dac,26
331,$4011_dac,64
331,$4011_dac,26
331,$4011_dac,26
331,$4011_dac,26
331,$4011_dac,26
331,$4011_dac,56
331,$4011_dac,49
331,$4011_dac,103
331,$4011_dac,87
331,$4011_dac,68
331,$4011_dac,64
331,$4011_dac,72
331,$4011_dac,65
331,$4011_dac,69
331,$4011_dac,62
331,$4011_dac,72
331,$4011_dac,72
332,$4011_dac,64
332,$4011_dac,72
332,$4011_dac,87
332,$4011_dac,91
332,$4011_dac,91
332,$4011_dac,87
332,$4011_dac,91
332,$4011_dac,87
332,$4011_dac,87
332,$4011_dac,87
332,$4011_dac,87
332,$4011_dac,87
332,$4011_dac,87
332,$4011_dac,87
332,$4011_dac,76
332,$4011_dac,91
332,$4011_dac,87
332,$4011_dac,72
332,$4011_dac,68
332,$4011_dac,62
332,$4011_dac,76
332,$4011_dac,91
332,$4011_dac,76
332,$4011_dac,76
332,$4011_dac,103
332,$4011_dac,103
332,$4011_dac,87
332,$4011_dac,87
332,$4011_dac,87
332,$4011_dac,91
332,$4011_dac,87
332,$4011_dac,76
332,$4011_dac,87
332,$4011_dac,69
332,$4011_dac,72
332,$4011_dac,68
332,$4011_dac,69
332,$4011_dac,72
332,$4011_dac,63
332,$4011_dac,62
332,$4011_dac,63
332,$4011_dac,64
332,$4011_dac,67
332,$4011_dac,87
332,$4011_dac,87
332,$4011_dac,69
332,$4011_dac,76
332,$4011_dac,72
332,$4011_dac,56
332,$4011_dac,49
332,$4011_dac,26
332,$4011_dac,49
332,$4011_dac,63
332,$4011_dac,68
332,$4011_dac,87
332,$4011_dac,91
332,$4011_dac,87
332,$4011_dac,87
332,$4011_dac,103
332,$4011_dac,103
332,$4011_dac,103
332,$4011_dac,49
332,$4011_dac,26
332,$4011_dac,49
332,$4011_dac,26
332,$4011_dac,26
332,$4011_dac,49
332,$4011_dac,49
332,$4011_dac,26
332,$4011_dac,49
332,$4011_dac,62
332,$4011_dac,63
332,$4011_dac,72
332,$4011_dac,63
332,$4011_dac,69
332,$4011_dac,103
332,$4011_dac,87
332,$4011_dac,49
332,$4011_dac,76
332,$4011_dac,56
332,$4011_dac,26
332,$4011_dac,49
332,$4011_dac,26
332,$4011_dac,49
332,$4011_dac,56
332,$4011_dac,49
332,$4011_dac,56
332,$4011_dac,56
332,$4011_dac,69
332,$4011_dac,49
332,$4011_dac,49
332,$4011_dac,49
332,$4011_dac,56
332,$4011_dac,62
332,$4011_dac,63
332,$4011_dac,64
332,$4011_dac,56
332,$4011_dac,26
332,$4011_dac,49
332,$4011_dac,56
332,$4011_dac,49
332,$4011_dac,87
332,$4011_dac,103
332,$4011_dac,103
332,$4011_dac,103
332,$4011_dac,103
332,$4011_dac,49
332,$4011_dac,65
332,$4011_dac,87
332,$4011_dac,87
332,$4011_dac,103
332,$4011_dac,103
332,$4011_dac,103
332,$4011_dac,87
332,$4011_dac,103
332,$4011_dac,103
332,$4011_dac,103
332,$4011_dac,103
332,$4011_dac,103
332,$4011_dac,91
332,$4011_dac,87
332,$4011_dac,76
332,$4011_dac,72
332,$4011_dac,72
332,$4011_dac,56
332,$4011_dac,56
332,$4011_dac,62
332,$4011_dac,56
332,$4011_dac,62
332,$4011_dac,62
332,$4011_dac,56
332,$4011_dac,56
332,$4011_dac,56
332,$4011_dac,62
332,$4011_dac,65
332,$4011_dac,49
332,$4011_dac,26
332,$4011_dac,49
332,$4011_dac,26
332,$4011_dac,49
332,$4011_dac,49
332,$4011_dac,56
332,$4011_dac,49
332,$4011_dac,49
332,$4011_dac,49
332,$4011_dac,49
332,$4011_dac,56
332,$4011_dac,56
332,$4011_dac,65
332,$4011_dac,64
332,$4011_dac,49
332,$4011_dac,72
332,$4011_dac,72
332,$4011_dac,64
332,$4011_dac,76
332,$4011_dac,49
332,$4011_dac,62
332,$4011_dac,87
332,$4011_dac,76
332,$4011_dac,87
332,$4011_dac,103
332,$4011_dac,68
332,$4011_dac,62
332,$4011_dac,87
332,$4011_dac,76
332,$4011_dac,87
332,$4011_dac,76
332,$4011_dac,87
332,$4011_dac,87
332,$4011_dac,69
332,$4011_dac,63
332,$4011_dac,66
332,$4011_dac,87
332,$4011_dac,64
332,$4011_dac,56
332,$4011_dac,65
332,$4011_dac,56
332,$4011_dac,69
332,$4011_dac,62
332,$4011_dac,67
332,$4011_dac,63
333,$4011_dac,56
333,$4011_dac,87
333,$4011_dac,91
333,$4011_dac,87
333,$4011_dac,87
333,$4011_dac,62
333,$4011_dac,103
333,$4011_dac,91
333,$4011_dac,87
333,$4011_dac,87
333,$4011_dac,49
333,$4011_dac,49
333,$4011_dac,56
333,$4011_dac,62
333,$4011_dac,72
333,$4011_dac,87
333,$4011_dac,76
333,$4011_dac,49
333,$4011_dac,72
333,$4011_dac,62
333,$4011_dac,26
333,$4011_dac,56
333,$4011_dac,26
333,$4011_dac,49
333,$4011_dac,62
333,$4011_dac,69
333,$4011_dac,76
333,$4011_dac,87
333,$4011_dac,103
333,$4011_dac,103
333,$4011_dac,103
333,$4011_dac,91
333,$4011_dac,76
333,$4011_dac,87
333,$4011_dac,91
333,$4011_dac,103
333,$4011_dac,103
333,$4011_dac,103
333,$4011_dac,103
333,$4011_dac,103
333,$4011_dac,87
333,$4011_dac,91
333,$4011_dac,87
333,$4011_dac,87
333,$4011_dac,103
333,$4011_dac,76
333,$4011_dac,76
333,$4011_dac,76
333,$4011_dac,65
333,$4011_dac,56
333,$4011_dac,49
333,$4011_dac,26
333,$4011_dac,26
333,$4011_dac,26
333,$4011_dac,26
333,$4011_dac,26
333,$4011_dac,26
333,$4011_dac,49
333,$4011_dac,26
333,$4011_dac,62
333,$4011_dac,87
333,$4011_dac,72
333,$4011_dac,66
333,$4011_dac,62
333,$4011_dac,62
333,$4011_dac,56
333,$4011_dac,49
333,$4011_dac,49
333,$4011_dac,49
333,$4011_dac,26
333,$4011_dac,49
333,$4011_dac,49
333,$4011_dac,49
333,$4011_dac,49
333,$4011_dac,49
333,$4011_dac,49
333,$4011_dac,49
333,$4011_dac,56
333,$4011_dac,49
333,$4011_dac,64
333,$4011_dac,56
333,$4011_dac,49
333,$4011_dac,56
333,$4011_dac,49
333,$4011_dac,64
333,$4011_dac,87
333,$4011_dac,76
333,$4011_dac,91
333,$4011_dac,103
333,$4011_dac,103
333,$4011_dac,103
333,$4011_dac,103
333,$4011_dac,103
333,$4011_dac,103
333,$4011_dac,103
333,$4011_dac,103
333,$4011_dac,103
333,$4011_dac,103
333,$4011_dac,103
333,$4011_dac,103
333,$4011_dac,56
333,$4011_dac,56
333,$4011_dac,64
333,$4011_dac,49
333,$4011_dac,49
333,$4011_dac,49
333,$4011_dac,56
333,$4011_dac,56
333,$4011_dac,56
333,$4011_dac,65
333,$4011_dac,64
333,$4011_dac,72
333,$4011_dac,63
333,$4011_dac,64
333,$4011_dac,63
333,$4011_dac,64
333,$4011_dac,64
333,$4011_dac,49
333,$4011_dac,76
333,$4011_dac,72
333,$4011_dac,72
333,$4011_dac,68
333,$4011_dac,62
333,$4011_dac,49
333,$4011_dac,64
333,$4011_dac,62
333,$4011_dac,49
333,$4011_dac,87
333,$4011_dac,76
333,$4011_dac,87
333,$4011_dac,49
333,$4011_dac,49
333,$4011_dac,49
333,$4011_dac,26
333,$4011_dac,49
333,$4011_dac,26
333,$4011_dac,56
333,$4011_dac,56
333,$4011_dac,56
333,$4011_dac,49
333,$4011_dac,49
333,$4011_dac,56
333,$4011_dac,49
333,$4011_dac,56
333,$4011_dac,67
333,$4011_dac,72
333,$4011_dac,63
333,$4011_dac,103
333,$4011_dac,87
333,$4011_dac,87
333,$4011_dac,76
333,$4011_dac,91
333,$4011_dac,87
333,$4011_dac,87
333,$4011_dac,91
333,$4011_dac,91
333,$4011_dac,91
333,$4011_dac,91
333,$4011_dac,87
333,$4011_dac,87
333,$4011_dac,76
333,$4011_dac,87
333,$4011_dac,91
333,$4011_dac,87
333,$4011_dac,87
333,$4011_dac,91
333,$4011_dac,87
333,$4011_dac,87
333,$4011_dac,76
333,$4011_dac,72
333,$4011_dac,69
333,$4011_dac,56
333,$4011_dac,49
333,$4011_dac,49
333,$4011_dac,62
333,$4011_dac,62
333,$4011_dac,62
333,$4011_dac,64
333,$4011_dac,49
333,$4011_dac,62
334,$4011_dac,49
334,$4011_dac,49
334,$4011_dac,56
334,$4011_dac,49
334,$4011_dac,49
334,$4011_dac,49
334,$4011_dac,49
334,$4011_dac,49
334,$4011_dac,49
334,$4011_dac,49
334,$4011_dac,49
334,$4011_dac,49
334,$4011_dac,26
334,$4011_dac,49
334,$4011_dac,26
334,$4011_dac,49
334,$4011_dac,56
334,$4011_dac,56
334,$4011_dac,56
334,$4011_dac,62
334,$4011_dac,87
334,$4011_dac,76
334,$4011_dac,65
334,$4011_dac,72
334,$4011_dac,91
334,$4011_dac,91
334,$4011_dac,91
334,$4011_dac,103
334,$4011_dac,49
334,$4011_dac,62
334,$4011_dac,56
334,$4011_dac,63
334,$4011_dac,56
334,$4011_dac,49
334,$4011_dac,87
334,$4011_dac,56
334,$4011_dac,72
334,$4011_dac,87
334,$4011_dac,91
334,$4011_dac,103
334,$4011_dac,103
334,$4011_dac,103
334,$4011_dac,103
334,$4011_dac,103
334,$4011_dac,103
334,$4011_dac,103
334,$4011_dac,103
334,$4011_dac,103
334,$4011_dac,103
334,$4011_dac,103
334,$4011_dac,103
334,$4011_dac,103
334,$4011_dac,103
334,$4011_dac,103
334,$4011_dac,103
334,$4011_dac,103
334,$4011_dac,103
334,$4011_dac,91
334,$4011_dac,68
334,$4011_dac,67
334,$4011_dac,62
334,$4011_dac,62
334,$4011_dac,49
334,$4011_dac,62
334,$4011_dac,62
334,$4011_dac,26
334,$4011_dac,26
334,$4011_dac,26
334,$4011_dac,26
334,$4011_dac,26
334,$4011_dac,26
334,$4011_dac,56
334,$4011_dac,49
334,$4011_dac,26
334,$4011_dac,26
334,$4011_dac,26
334,$4011_dac,26
334,$4011_dac,26
334,$4011_dac,62
334,$4011_dac,66
334,$4011_dac,56
334,$4011_dac,56
334,$4011_dac,62
334,$4011_dac,49
334,$4011_dac,26
334,$4011_dac,26
334,$4011_dac,49
334,$4011_dac,49
334,$4011_dac,49
334,$4011_dac,26
334,$4011_dac,26
334,$4011_dac,49
334,$4011_dac,26
334,$4011_dac,26
334,$4011_dac,49
334,$4011_dac,26
334,$4011_dac,62
334,$4011_dac,72
334,$4011_dac,87
334,$4011_dac,103
334,$4011_dac,103
334,$4011_dac,103
334,$4011_dac,103
334,$4011_dac,103
334,$4011_dac,103
334,$4011_dac,103
334,$4011_dac,103
334,$4011_dac,103
334,$4011_dac,103
334,$4011_dac,103
334,$4011_dac,103
334,$4011_dac,103
334,$4011_dac,103
334,$4011_dac,103
334,$4011_dac,103
334,$4011_dac,103
334,$4011_dac,91
334,$4011_dac,91
334,$4011_dac,87
334,$4011_dac,87
334,$4011_dac,76
334,$4011_dac,87
334,$4011_dac,72
334,$4011_dac,56
334,$4011_dac,62
334,$4011_dac,67
334,$4011_dac,56
334,$4011_dac,56
334,$4011_dac,76
334,$4011_dac,76
334,$4011_dac,76
334,$4011_dac,68
334,$4011_dac,56
334,$4011_dac,49
334,$4011_dac,49
334,$4011_dac,49
334,$4011_dac,49
334,$4011_dac,56
334,$4011_dac,49
334,$4011_dac,49
334,$4011_dac,26
334,$4011_dac,26
334,$4011_dac,26
334,$4011_dac,26
334,$4011_dac,26
334,$4011_dac,26
334,$4011_dac,26
334,$4011_dac,26
334,$4011_dac,26
334,$4011_dac,26
334,$4011_dac,26
334,$4011_dac,49
334,$4011_dac,49
334,$4011_dac,49
334,$4011_dac,62
334,$4011_dac,69
334,$4011_dac,62
334,$4011_dac,56
334,$4011_dac,87
334,$4011_dac,87
334,$4011_dac,91
334,$4011_dac,103
334,$4011_dac,103
334,$4011_dac,103
334,$4011_dac,103
334,$4011_dac,103
334,$4011_dac,103
334,$4011_dac,103
334,$4011_dac,103
334,$4011_dac,103
334,$4011_dac,103
334,$4011_dac,103
334,$4011_dac,103
334,$4011_dac,103
334,$4011_dac,103
334,$4011_dac,103
334,$4011_dac,103
334,$4011_dac,63
334,$4011_dac,64
334,$4011_dac,72
334,$4011_dac,76
335,$4011_dac,66
335,$4011_dac,26
335,$4011_dac,26
335,$4011_dac,49
335,$4011_dac,49
335,$4011_dac,49
335,$4011_dac,49
335,$4011_dac,49
335,$4011_dac,49
335,$4011_dac,49
335,$4011_dac,49
335,$4011_dac,56
335,$4011_dac,62
335,$4011_dac,49
335,$4011_dac,49
335,$4011_dac,49
335,$4011_dac,49
335,$4011_dac,49
335,$4011_dac,49
335,$4011_dac,49
335,$4011_dac,62
335,$4011_dac,63
335,$4011_dac,56
335,$4011_dac,72
335,$4011_dac,87
335,$4011_dac,76
335,$4011_dac,87
335,$4011_dac,72
335,$4011_dac,76
335,$4011_dac,72
335,$4011_dac,64
335,$4011_dac,67
335,$4011_dac,64
335,$4011_dac,62
335,$4011_dac,62
335,$4011_dac,56
335,$4011_dac,49
335,$4011_dac,56
335,$4011_dac,49
335,$4011_dac,49
335,$4011_dac,49
335,$4011_dac,49
335,$4011_dac,49
335,$4011_dac,62
335,$4011_dac,72
335,$4011_dac,72
335,$4011_dac,87
335,$4011_dac,87
335,$4011_dac,76
335,$4011_dac,87
335,$4011_dac,91
335,$4011_dac,87
335,$4011_dac,103
335,$4011_dac,103
335,$4011_dac,87
335,$4011_dac,103
335,$4011_dac,103
335,$4011_dac,91
335,$4011_dac,103
335,$4011_dac,103
335,$4011_dac,103
335,$4011_dac,103
335,$4011_dac,87
335,$4011_dac,87
335,$4011_dac,76
335,$4011_dac,76
335,$4011_dac,68
335,$4011_dac,63
335,$4011_dac,64
335,$4011_dac,56
335,$4011_dac,56
335,$4011_dac,49
335,$4011_dac,56
335,$4011_dac,49
335,$4011_dac,49
335,$4011_dac,49
335,$4011_dac,56
335,$4011_dac,56
335,$4011_dac,56
335,$4011_dac,56
335,$4011_dac,49
335,$4011_dac,49
335,$4011_dac,49
335,$4011_dac,56
335,$4011_dac,49
335,$4011_dac,49
335,$4011_dac,49
335,$4011_dac,49
335,$4011_dac,49
335,$4011_dac,49
335,$4011_dac,49
335,$4011_dac,49
335,$4011_dac,49
335,$4011_dac,49
335,$4011_dac,49
335,$4011_dac,49
335,$4011_dac,26
335,$4011_dac,26
335,$4011_dac,26
335,$4011_dac,49
335,$4011_dac,49
335,$4011_dac,49
335,$4011_dac,56
335,$4011_dac,56
335,$4011_dac,65
335,$4011_dac,62
335,$4011_dac,69
335,$4011_dac,103
335,$4011_dac,91
335,$4011_dac,103
335,$4011_dac,103
335,$4011_dac,103
335,$4011_dac,91
335,$4011_dac,87
335,$4011_dac,103
335,$4011_dac,103
335,$4011_dac,103
335,$4011_dac,91
335,$4011_dac,103
335,$4011_dac,103
335,$4011_dac,103
335,$4011_dac,103
335,$4011_dac,103
335,$4011_dac,103
335,$4011_dac,91
335,$4011_dac,76
335,$4011_dac,87
335,$4011_dac,87
335,$4011_dac,87
335,$4011_dac,87
335,$4011_dac,76
335,$4011_dac,91
335,$4011_dac,91
335,$4011_dac,87
335,$4011_dac,87
335,$4011_dac,76
335,$4011_dac,64
335,$4011_dac,62
335,$4011_dac,64
335,$4011_dac,65
335,$4011_dac,65
335,$4011_dac,56
335,$4011_dac,56
335,$4011_dac,49
335,$4011_dac,49
335,$4011_dac,26
335,$4011_dac,26
335,$4011_dac,26
335,$4011_dac,26
335,$4011_dac,26
335,$4011_dac,26
335,$4011_dac,49
335,$4011_dac,26
335,$4011_dac,49
335,$4011_dac,49
335,$4011_dac,26
335,$4011_dac,49
335,$4011_dac,49
335,$4011_dac,49
335,$4011_dac,26
335,$4011_dac,26
335,$4011_dac,49
335,$4011_dac,49
335,$4011_dac,49
335,$4011_dac,87
335,$4011_dac,91
335,$4011_dac,87
335,$4011_dac,91
335,$4011_dac,87
335,$4011_dac,103
335,$4011_dac,87
335,$4011_dac,103
335,$4011_dac,103
335,$4011_dac,103
335,$4011_dac,103
335,$4011_dac,103
335,$4011_dac,103
335,$4011_dac,103
335,$4011_dac,91
335,$4011_dac,103
335,$4011_dac,103
336,$4011_dac,103
336,$4011_dac,103
336,$4011_dac,87
336,$4011_dac,87
336,$4011_dac,72
336,$4011_dac,56
336,$4011_dac,56
336,$4011_dac,49
336,$4011_dac,49
336,$4011_dac,49
336,$4011_dac,49
336,$4011_dac,49
336,$4011_dac,49
336,$4011_dac,49
336,$4011_dac,64
336,$4011_dac,49
336,$4011_dac,26
336,$4011_dac,49
336,$4011_dac,49
336,$4011_dac,49
336,$4011_dac,64
336,$4011_dac,56
336,$4011_dac,49
336,$4011_dac,56
336,$4011_dac,56
336,$4011_dac,56
336,$4011_dac,62
336,$4011_dac,56
336,$4011_dac,49
336,$4011_dac,56
336,$4011_dac,72
336,$4011_dac,56
336,$4011_dac,56
336,$4011_dac,63
336,$4011_dac,49
336,$4011_dac,63
336,$4011_dac,76
336,$4011_dac,87
336,$4011_dac,87
336,$4011_dac,76
336,$4011_dac,69
336,$4011_dac,56
336,$4011_dac,66
336,$4011_dac,76
336,$4011_dac,66
336,$4011_dac,103
336,$4011_dac,103
336,$4011_dac,91
336,$4011_dac,91
336,$4011_dac,76
336,$4011_dac,56
336,$4011_dac,66
336,$4011_dac,67
336,$4011_dac,63
336,$4011_dac,103
336,$4011_dac,103
336,$4011_dac,91
336,$4011_dac,87
336,$4011_dac,87
336,$4011_dac,87
336,$4011_dac,87
336,$4011_dac,87
336,$4011_dac,87
336,$4011_dac,76
336,$4011_dac,76
336,$4011_dac,72
336,$4011_dac,63
336,$4011_dac,69
336,$4011_dac,66
336,$4011_dac,62
336,$4011_dac,72
336,$4011_dac,68
336,$4011_dac,66
336,$4011_dac,72
336,$4011_dac,62
336,$4011_dac,69
336,$4011_dac,69
336,$4011_dac,66
336,$4011_dac,72
336,$4011_dac,67
336,$4011_dac,64
336,$4011_dac,63
336,$4011_dac,66
336,$4011_dac,72
336,$4011_dac,66
336,$4011_dac,68
336,$4011_dac,76
336,$4011_dac,64
336,$4011_dac,64
336,$4011_dac,56
336,$4011_dac,49
336,$4011_dac,56
336,$4011_dac,64
336,$4011_dac,65
336,$4011_dac,72
336,$4011_dac,72
336,$4011_dac,69
336,$4011_dac,69
336,$4011_dac,67
336,$4011_dac,76
336,$4011_dac,72
336,$4011_dac,76
336,$4011_dac,69
336,$4011_dac,63
336,$4011_dac,76
336,$4011_dac,69
336,$4011_dac,72
336,$4011_dac,69
336,$4011_dac,64
336,$4011_dac,63
336,$4011_dac,63
336,$4011_dac,63
336,$4011_dac,69
336,$4011_dac,62
336,$4011_dac,56
336,$4011_dac,56
336,$4011_dac,49
336,$4011_dac,56
336,$4011_dac,56
336,$4011_dac,56
336,$4011_dac,56
336,$4011_dac,56
336,$4011_dac,56
336,$4011_dac,49
336,$4011_dac,49
336,$4011_dac,56
336,$4011_dac,62
336,$4011_dac,56
336,$4011_dac,49
336,$4011_dac,49
336,$4011_dac,49
336,$4011_dac,63
336,$4011_dac,56
336,$4011_dac,56
336,$4011_dac,56
336,$4011_dac,62
336,$4011_dac,69
336,$4011_dac,76
336,$4011_dac,76
336,$4011_dac,76
336,$4011_dac,87
336,$4011_dac,87
336,$4011_dac,87
336,$4011_dac,87
336,$4011_dac,87
336,$4011_dac,87
336,$4011_dac,87
336,$4011_dac,87
336,$4011_dac,87
336,$4011_dac,87
336,$4011_dac,87
336,$4011_dac,87
336,$4011_dac,87
336,$4011_dac,87
336,$4011_dac,87
336,$4011_dac,76
336,$4011_dac,76
336,$4011_dac,72
336,$4011_dac,72
336,$4011_dac,72
336,$4011_dac,69
336,$4011_dac,68
336,$4011_dac,68
336,$4011_dac,56
336,$4011_dac,49
336,$4011_dac,62
336,$4011_dac,62
336,$4011_dac,62
336,$4011_dac,76
336,$4011_dac,69
336,$4011_dac,72
336,$4011_dac,65
336,$4011_dac,49
336,$4011_dac,62
336,$4011_dac,65
336,$4011_dac,62
336,$4011_dac,56
336,$4011_dac,72
336,$4011_dac,72
336,$4011_dac,66
337,$4011_dac,63
337,$4011_dac,65
337,$4011_dac,62
337,$4011_dac,64
337,$4011_dac,63
337,$4011_dac,62
337,$4011_dac,62
337,$4011_dac,64
337,$4011_dac,63
337,$4011_dac,69
337,$4011_dac,66
337,$4011_dac,68
337,$4011_dac,64
337,$4011_dac,72
337,$4011_dac,76
337,$4011_dac,76
337,$4011_dac,76
337,$4011_dac,67
337,$4011_dac,72
337,$4011_dac,56
337,$4011_dac,56
337,$4011_dac,66
337,$4011_dac,62
337,$4011_dac,76
337,$4011_dac,103
337,$4011_dac,72
337,$4011_dac,76
337,$4011_dac,66
337,$4011_dac,49
337,$4011_dac,62
337,$4011_dac,62
337,$4011_dac,65
337,$4011_dac,66
337,$4011_dac,68
337,$4011_dac,66
337,$4011_dac,72
337,$4011_dac,68
337,$4011_dac,72
337,$4011_dac,72
337,$4011_dac,69
337,$4011_dac,72
337,$4011_dac,68
337,$4011_dac,69
337,$4011_dac,69
337,$4011_dac,69
337,$4011_dac,69
337,$4011_dac,72
337,$4011_dac,68
337,$4011_dac,66
337,$4011_dac,64
337,$4011_dac,64
337,$4011_dac,63
337,$4011_dac,63
337,$4011_dac,63
337,$4011_dac,63
337,$4011_dac,62
337,$4011_dac,64
337,$4011_dac,68
337,$4011_dac,64
337,$4011_dac,56
337,$4011_dac,63
337,$4011_dac,68
337,$4011_dac,64
337,$4011_dac,68
337,$4011_dac,66
337,$4011_dac,69
337,$4011_dac,67
337,$4011_dac,69
337,$4011_dac,69
337,$4011_dac,67
337,$4011_dac,67
337,$4011_dac,67
337,$4011_dac,66
337,$4011_dac,66
337,$4011_dac,66
337,$4011_dac,67
337,$4011_dac,65
337,$4011_dac,69
337,$4011_dac,66
337,$4011_dac,68
337,$4011_dac,62
337,$4011_dac,66
337,$4011_dac,62
337,$4011_dac,56
337,$4011_dac,87
337,$4011_dac,66
337,$4011_dac,62
337,$4011_dac,62
337,$4011_dac,62
337,$4011_dac,69
337,$4011_dac,87
337,$4011_dac,56
337,$4011_dac,49
337,$4011_dac,87
337,$4011_dac,76
337,$4011_dac,91
337,$4011_dac,87
337,$4011_dac,87
337,$4011_dac,76
337,$4011_dac,87
337,$4011_dac,72
337,$4011_dac,72
337,$4011_dac,69
337,$4011_dac,68
337,$4011_dac,67
337,$4011_dac,66
337,$4011_dac,65
337,$4011_dac,64
337,$4011_dac,63
337,$4011_dac,63
337,$4011_dac,64
337,$4011_dac,64
337,$4011_dac,63
337,$4011_dac,64
337,$4011_dac,64
337,$4011_dac,62
337,$4011_dac,62
337,$4011_dac,62
337,$4011_dac,62
337,$4011_dac,63
337,$4011_dac,68
337,$4011_dac,64
337,$4011_dac,64
337,$4011_dac,64
337,$4011_dac,64
337,$4011_dac,63
337,$4011_dac,65
337,$4011_dac,67
337,$4011_dac,65
337,$4011_dac,76
337,$4011_dac,64
337,$4011_dac,64
337,$4011_dac,72
337,$4011_dac,67
337,$4011_dac,69
337,$4011_dac,67
337,$4011_dac,69
337,$4011_dac,67
337,$4011_dac,87
337,$4011_dac,72
337,$4011_dac,72
337,$4011_dac,91
337,$4011_dac,76
337,$4011_dac,63
337,$4011_dac,65
337,$4011_dac,69
337,$4011_dac,64
337,$4011_dac,63
337,$4011_dac,62
337,$4011_dac,63
337,$4011_dac,56
337,$4011_dac,56
337,$4011_dac,56
337,$4011_dac,62
337,$4011_dac,56
337,$4011_dac,62
337,$4011_dac,67
337,$4011_dac,65
337,$4011_dac,69
337,$4011_dac,66
337,$4011_dac,72
337,$4011_dac,72
337,$4011_dac,68
337,$4011_dac,67
337,$4011_dac,72
337,$4011_dac,72
337,$4011_dac,72
337,$4011_dac,68
337,$4011_dac,56
337,$4011_dac,72
337,$4011_dac,72
337,$4011_dac,66
337,$4011_dac,76
337,$4011_dac,72
337,$4011_dac,76
337,$4011_dac,72
337,$4011_dac,66
337,$4011_dac,76
337,$4011_dac,66
337,$4011_dac,69
337,$4011_dac,72
338,$4011_dac,72
338,$4011_dac,72
338,$4011_dac,72
338,$4011_dac,64
338,$4011_dac,72
338,$4011_dac,87
338,$4011_dac,63
338,$4011_dac,56
338,$4011_dac,49
338,$4011_dac,49
338,$4011_dac,62
338,$4011_dac,64
338,$4011_dac,63
338,$4011_dac,72
338,$4011_dac,76
338,$4011_dac,72
338,$4011_dac,72
338,$4011_dac,72
338,$4011_dac,68
338,$4011_dac,68
338,$4011_dac,68
338,$4011_dac,68
338,$4011_dac,67
338,$4011_dac,65
338,$4011_dac,65
338,$4011_dac,66
338,$4011_dac,65
338,$4011_dac,64
338,$4011_dac,64
338,$4011_dac,64
338,$4011_dac,65
338,$4011_dac,64
338,$4011_dac,63
338,$4011_dac,63
338,$4011_dac,64
338,$4011_dac,65
338,$4011_dac,65
338,$4011_dac,66
338,$4011_dac,66
338,$4011_dac,64
338,$4011_dac,68
338,$4011_dac,62
338,$4011_dac,65
338,$4011_dac,69
338,$4011_dac,65
338,$4011_dac,62
338,$4011_dac,49
338,$4011_dac,62
338,$4011_dac,64
338,$4011_dac,69
338,$4011_dac,87
338,$4011_dac,76
338,$4011_dac,76
338,$4011_dac,72
338,$4011_dac,72
338,$4011_dac,72
338,$4011_dac,72
338,$4011_dac,69
338,$4011_dac,72
338,$4011_dac,76
338,$4011_dac,64
338,$4011_dac,66
338,$4011_dac,69
338,$4011_dac,67
338,$4011_dac,66
338,$4011_dac,66
338,$4011_dac,69
338,$4011_dac,69
338,$4011_dac,69
338,$4011_dac,68
338,$4011_dac,69
338,$4011_dac,68
338,$4011_dac,72
338,$4011_dac,69
338,$4011_dac,72
338,$4011_dac,69
338,$4011_dac,72
338,$4011_dac,65
338,$4011_dac,66
338,$4011_dac,76
338,$4011_dac,72
338,$4011_dac,76
338,$4011_dac,72
338,$4011_dac,72
338,$4011_dac,72
338,$4011_dac,68
338,$4011_dac,72
338,$4011_dac,68
338,$4011_dac,69
338,$4011_dac,68
338,$4011_dac,69
338,$4011_dac,67
338,$4011_dac,72
338,$4011_dac,65
338,$4011_dac,72
338,$4011_dac,87
338,$4011_dac,76
338,$4011_dac,76
338,$4011_dac,65
338,$4011_dac,56
338,$4011_dac,56
338,$4011_dac,56
338,$4011_dac,56
338,$4011_dac,56
338,$4011_dac,62
338,$4011_dac,62
338,$4011_dac,62
338,$4011_dac,62
338,$4011_dac,64
338,$4011_dac,63
338,$4011_dac,64
338,$4011_dac,72
338,$4011_dac,62
338,$4011_dac,62
338,$4011_dac,63
338,$4011_dac,63
338,$4011_dac,64
338,$4011_dac,63
338,$4011_dac,65
338,$4011_dac,64
338,$4011_dac,64
338,$4011_dac,64
338,$4011_dac,67
338,$4011_dac,65
338,$4011_dac,65
338,$4011_dac,67
338,$4011_dac,67
338,$4011_dac,64
338,$4011_dac,66
338,$4011_dac,68
338,$4011_dac,65
338,$4011_dac,67
338,$4011_dac,69
338,$4011_dac,69
338,$4011_dac,72
338,$4011_dac,69
338,$4011_dac,69
338,$4011_dac,65
338,$4011_dac,64
338,$4011_dac,76
338,$4011_dac,76
338,$4011_dac,72
338,$4011_dac,72
338,$4011_dac,67
338,$4011_dac,67
338,$4011_dac,72
338,$4011_dac,72
338,$4011_dac,72
338,$4011_dac,69
338,$4011_dac,72
338,$4011_dac,72
338,$4011_dac,69
338,$4011_dac,67
338,$4011_dac,62
338,$4011_dac,56
338,$4011_dac,69
338,$4011_dac,76
338,$4011_dac,76
338,$4011_dac,76
338,$4011_dac,76
338,$4011_dac,69
338,$4011_dac,68
338,$4011_dac,72
338,$4011_dac,62
338,$4011_dac,67
338,$4011_dac,72
338,$4011_dac,65
338,$4011_dac,68
338,$4011_dac,68
338,$4011_dac,66
338,$4011_dac,66
338,$4011_dac,63
338,$4011_dac,64
338,$4011_dac,63
338,$4011_dac,64
338,$4011_dac,63
338,$4011_dac,64
338,$4011_dac,62
338,$4011_dac,62
338,$4011_dac,63
339,$4011_dac,64
339,$4011_dac,63
339,$4011_dac,64
339,$4011_dac,65
339,$4011_dac,66
339,$4011_dac,63
339,$4011_dac,69
339,$4011_dac,76
339,$4011_dac,72
339,$4011_dac,69
339,$4011_dac,65
339,$4011_dac,63
339,$4011_dac,66
339,$4011_dac,66
339,$4011_dac,69
339,$4011_dac,69
339,$4011_dac,72
339,$4011_dac,69
339,$4011_dac,72
339,$4011_dac,87
339,$4011_dac,76
339,$4011_dac,76
339,$4011_dac,62
339,$4011_dac,67
339,$4011_dac,76
339,$4011_dac,65
339,$4011_dac,69
339,$4011_dac,76
339,$4011_dac,72
339,$4011_dac,76
339,$4011_dac,72
339,$4011_dac,76
339,$4011_dac,72
339,$4011_dac,76
339,$4011_dac,72
339,$4011_dac,72
339,$4011_dac,72
339,$4011_dac,72
339,$4011_dac,72
339,$4011_dac,72
339,$4011_dac,72
339,$4011_dac,64
339,$4011_dac,63
339,$4011_dac,64
339,$4011_dac,72
339,$4011_dac,65
339,$4011_dac,65
339,$4011_dac,65
339,$4011_dac,64
339,$4011_dac,64
339,$4011_dac,63
339,$4011_dac,56
339,$4011_dac,49
339,$4011_dac,63
339,$4011_dac,62
339,$4011_dac,49
339,$4011_dac,62
339,$4011_dac,63
339,$4011_dac,62
339,$4011_dac,62
339,$4011_dac,56
339,$4011_dac,63
339,$4011_dac,64
339,$4011_dac,72
339,$4011_dac,72
339,$4011_dac,69
339,$4011_dac,69
339,$4011_dac,65
339,$4011_dac,63
339,$4011_dac,62
339,$4011_dac,62
339,$4011_dac,64
339,$4011_dac,63
339,$4011_dac,63
339,$4011_dac,63
339,$4011_dac,63
339,$4011_dac,63
339,$4011_dac,63
339,$4011_dac,64
339,$4011_dac,64
339,$4011_dac,64
339,$4011_dac,65
339,$4011_dac,67
339,$4011_dac,67
339,$4011_dac,67
339,$4011_dac,69
339,$4011_dac,69
339,$4011_dac,69
339,$4011_dac,72
339,$4011_dac,72
339,$4011_dac,72
339,$4011_dac,72
339,$4011_dac,76
339,$4011_dac,72
339,$4011_dac,76
339,$4011_dac,76
339,$4011_dac,76
339,$4011_dac,76
339,$4011_dac,76
339,$4011_dac,76
339,$4011_dac,72
339,$4011_dac,68
339,$4011_dac,72
339,$4011_dac,69
339,$4011_dac,62
339,$4011_dac,69
339,$4011_dac,76
339,$4011_dac,68
339,$4011_dac,62
339,$4011_dac,76
339,$4011_dac,76
339,$4011_dac,72
339,$4011_dac,72
339,$4011_dac,67
339,$4011_dac,69
339,$4011_dac,56
339,$4011_dac,69
339,$4011_dac,76
339,$4011_dac,72
339,$4011_dac,68
339,$4011_dac,69
339,$4011_dac,64
339,$4011_dac,64
339,$4011_dac,63
339,$4011_dac,66
339,$4011_dac,64
339,$4011_dac,64
339,$4011_dac,63
339,$4011_dac,62
339,$4011_dac,62
339,$4011_dac,63
339,$4011_dac,63
339,$4011_dac,62
339,$4011_dac,62
339,$4011_dac,63
339,$4011_dac,63
339,$4011_dac,63
339,$4011_dac,62
339,$4011_dac,62
339,$4011_dac,64
339,$4011_dac,64
339,$4011_dac,65
339,$4011_dac,67
339,$4011_dac,66
339,$4011_dac,67
339,$4011_dac,72
339,$4011_dac,72
339,$4011_dac,67
339,$4011_dac,72
339,$4011_dac,76
339,$4011_dac,87
339,$4011_dac,76
339,$4011_dac,69
339,$4011_dac,72
339,$4011_dac,62
339,$4011_dac,63
339,$4011_dac,67
339,$4011_dac,69
339,$4011_dac,76
339,$4011_dac,87
339,$4011_dac,87
339,$4011_dac,87
339,$4011_dac,72
339,$4011_dac,56
339,$4011_dac,62
339,$4011_dac,63
339,$4011_dac,64
339,$4011_dac,67
339,$4011_dac,68
339,$4011_dac,65
339,$4011_dac,64
339,$4011_dac,65
339,$4011_dac,64
339,$4011_dac,72
339,$4011_dac,64
339,$4011_dac,63
339,$4011_dac,76
339,$4011_dac,72
339,$4011_dac,69
339,$4011_dac,69
339,$4011_dac,63
340,$4011_dac,49
340,$4011_dac,26
340,$4011_dac,56
340,$4011_dac,56
340,$4011_dac,56
340,$4011_dac,56
340,$4011_dac,68
340,$4011_dac,56
340,$4011_dac,72
340,$4011_dac,103
340,$4011_dac,103
340,$4011_dac,91
340,$4011_dac,87
340,$4011_dac,76
340,$4011_dac,76
340,$4011_dac,69
340,$4011_dac,68
340,$4011_dac,63
340,$4011_dac,64
340,$4011_dac,62
340,$4011_dac,62
340,$4011_dac,56
340,$4011_dac,56
340,$4011_dac,49
340,$4011_dac,49
340,$4011_dac,49
340,$4011_dac,49
340,$4011_dac,69
340,$4011_dac,56
340,$4011_dac,56
340,$4011_dac,62
340,$4011_dac,72
340,$4011_dac,69
340,$4011_dac,72
340,$4011_dac,69
340,$4011_dac,72
340,$4011_dac,69
340,$4011_dac,69
340,$4011_dac,72
340,$4011_dac,72
340,$4011_dac,72
340,$4011_dac,72
340,$4011_dac,76
340,$4011_dac,72
340,$4011_dac,87
340,$4011_dac,91
340,$4011_dac,72
340,$4011_dac,87
340,$4011_dac,87
340,$4011_dac,76
340,$4011_dac,87
340,$4011_dac,76
340,$4011_dac,72
340,$4011_dac,69
340,$4011_dac,66
340,$4011_dac,56
340,$4011_dac,64
340,$4011_dac,62
340,$4011_dac,65
340,$4011_dac,64
340,$4011_dac,67
340,$4011_dac,67
340,$4011_dac,67
340,$4011_dac,68
340,$4011_dac,67
340,$4011_dac,66
340,$4011_dac,66
340,$4011_dac,66
340,$4011_dac,66
340,$4011_dac,67
340,$4011_dac,66
340,$4011_dac,66
340,$4011_dac,66
340,$4011_dac,65
340,$4011_dac,64
340,$4011_dac,65
340,$4011_dac,63
340,$4011_dac,65
340,$4011_dac,65
340,$4011_dac,62
340,$4011_dac,62
340,$4011_dac,63
340,$4011_dac,65
340,$4011_dac,64
340,$4011_dac,63
340,$4011_dac,66
340,$4011_dac,65
340,$4011_dac,72
340,$4011_dac,63
340,$4011_dac,62
340,$4011_dac,69
340,$4011_dac,64
340,$4011_dac,63
340,$4011_dac,65
340,$4011_dac,69
340,$4011_dac,67
340,$4011_dac,67
340,$4011_dac,68
340,$4011_dac,69
340,$4011_dac,72
340,$4011_dac,76
340,$4011_dac,87
340,$4011_dac,62
340,$4011_dac,68
340,$4011_dac,62
340,$4011_dac,64
340,$4011_dac,76
340,$4011_dac,65
340,$4011_dac,76
340,$4011_dac,72
340,$4011_dac,69
340,$4011_dac,72
340,$4011_dac,67
340,$4011_dac,68
340,$4011_dac,87
340,$4011_dac,76
340,$4011_dac,67
340,$4011_dac,68
340,$4011_dac,68
340,$4011_dac,72
340,$4011_dac,68
340,$4011_dac,72
340,$4011_dac,67
340,$4011_dac,65
340,$4011_dac,66
340,$4011_dac,65
340,$4011_dac,66
340,$4011_dac,65
340,$4011_dac,64
340,$4011_dac,63
340,$4011_dac,66
340,$4011_dac,64
340,$4011_dac,66
340,$4011_dac,62
340,$4011_dac,65
340,$4011_dac,62
340,$4011_dac,64
340,$4011_dac,56
340,$4011_dac,62
340,$4011_dac,56
340,$4011_dac,26
340,$4011_dac,26
340,$4011_dac,49
340,$4011_dac,56
340,$4011_dac,62
340,$4011_dac,72
340,$4011_dac,72
340,$4011_dac,69
340,$4011_dac,69
340,$4011_dac,63
340,$4011_dac,69
340,$4011_dac,64
340,$4011_dac,69
340,$4011_dac,63
340,$4011_dac,64
340,$4011_dac,64
340,$4011_dac,65
340,$4011_dac,65
340,$4011_dac,64
340,$4011_dac,56
340,$4011_dac,67
340,$4011_dac,72
340,$4011_dac,64
340,$4011_dac,69
340,$4011_dac,69
340,$4011_dac,72
340,$4011_dac,72
340,$4011_dac,72
340,$4011_dac,72
340,$4011_dac,72
340,$4011_dac,76
340,$4011_dac,76
340,$4011_dac,76
340,$4011_dac,87
340,$4011_dac,76
340,$4011_dac,76
340,$4011_dac,72
340,$4011_dac,72
340,$4011_dac,72
340,$4011_dac,76
341,$4011_dac,91
341,$4011_dac,91
341,$4011_dac,76
341,$4011_dac,76
341,$4011_dac,76
341,$4011_dac,56
341,$4011_dac,62
341,$4011_dac,63
341,$4011_dac,64
341,$4011_dac,64
341,$4011_dac,65
341,$4011_dac,66
341,$4011_dac,65
341,$4011_dac,66
341,$4011_dac,63
341,$4011_dac,66
341,$4011_dac,63
341,$4011_dac,65
341,$4011_dac,62
341,$4011_dac,65
341,$4011_dac,62
341,$4011_dac,62
341,$4011_dac,69
341,$4011_dac,56
341,$4011_dac,63
341,$4011_dac,64
341,$4011_dac,63
341,$4011_dac,62
341,$4011_dac,64
341,$4011_dac,62
341,$4011_dac,63
341,$4011_dac,62
341,$4011_dac,56
341,$4011_dac,67
341,$4011_dac,64
341,$4011_dac,66
341,$4011_dac,49
341,$4011_dac,63
341,$4011_dac,64
341,$4011_dac,56
341,$4011_dac,64
341,$4011_dac,62
341,$4011_dac,65
341,$4011_dac,64
341,$4011_dac,66
341,$4011_dac,63
341,$4011_dac,64
341,$4011_dac,76
341,$4011_dac,64
341,$4011_dac,65
341,$4011_dac,76
341,$4011_dac,72
341,$4011_dac,72
341,$4011_dac,72
341,$4011_dac,72
341,$4011_dac,72
341,$4011_dac,72
341,$4011_dac,72
341,$4011_dac,72
341,$4011_dac,72
341,$4011_dac,72
341,$4011_dac,72
341,$4011_dac,72
341,$4011_dac,72
341,$4011_dac,72
341,$4011_dac,63
341,$4011_dac,56
341,$4011_dac,67
341,$4011_dac,72
341,$4011_dac,87
341,$4011_dac,72
341,$4011_dac,72
341,$4011_dac,68
341,$4011_dac,68
341,$4011_dac,69
341,$4011_dac,66
341,$4011_dac,65
341,$4011_dac,66
341,$4011_dac,66
341,$4011_dac,64
341,$4011_dac,65
341,$4011_dac,66
341,$4011_dac,62
341,$4011_dac,49
341,$4011_dac,62
341,$4011_dac,56
341,$4011_dac,62
341,$4011_dac,76
341,$4011_dac,67
341,$4011_dac,66
341,$4011_dac,56
341,$4011_dac,49
341,$4011_dac,56
341,$4011_dac,56
341,$4011_dac,63
341,$4011_dac,91
341,$4011_dac,87
341,$4011_dac,76
341,$4011_dac,72
341,$4011_dac,72
341,$4011_dac,68
341,$4011_dac,68
341,$4011_dac,64
341,$4011_dac,63
341,$4011_dac,69
341,$4011_dac,69
341,$4011_dac,67
341,$4011_dac,56
341,$4011_dac,66
341,$4011_dac,68
341,$4011_dac,66
341,$4011_dac,67
341,$4011_dac,69
341,$4011_dac,72
341,$4011_dac,91
341,$4011_dac,103
341,$4011_dac,87
341,$4011_dac,76
341,$4011_dac,56
341,$4011_dac,49
341,$4011_dac,56
341,$4011_dac,62
341,$4011_dac,64
341,$4011_dac,67
341,$4011_dac,69
341,$4011_dac,72
341,$4011_dac,72
341,$4011_dac,87
341,$4011_dac,91
341,$4011_dac,87
341,$4011_dac,103
341,$4011_dac,87
341,$4011_dac,49
341,$4011_dac,56
341,$4011_dac,63
341,$4011_dac,64
341,$4011_dac,68
341,$4011_dac,63
341,$4011_dac,66
341,$4011_dac,67
341,$4011_dac,68
341,$4011_dac,69
341,$4011_dac,68
341,$4011_dac,67
341,$4011_dac,69
341,$4011_dac,66
341,$4011_dac,67
341,$4011_dac,69
341,$4011_dac,68
341,$4011_dac,66
341,$4011_dac,65
341,$4011_dac,66
341,$4011_dac,65
341,$4011_dac,64
341,$4011_dac,64
341,$4011_dac,63
341,$4011_dac,63
341,$4011_dac,63
341,$4011_dac,62
341,$4011_dac,62
341,$4011_dac,56
341,$4011_dac,56
341,$4011_dac,66
341,$4011_dac,72
341,$4011_dac,64
341,$4011_dac,63
341,$4011_dac,64
341,$4011_dac,64
341,$4011_dac,62
341,$4011_dac,63
341,$4011_dac,63
341,$4011_dac,63
341,$4011_dac,63
341,$4011_dac,63
341,$4011_dac,63
341,$4011_dac,63
341,$4011_dac,63
341,$4011_dac,63
341,$4011_dac,64
341,$4011_dac,64
341,$4011_dac,66
342,$4011_dac,66
342,$4011_dac,66
342,$4011_dac,66
342,$4011_dac,66
342,$4011_dac,69
342,$4011_dac,69
342,$4011_dac,72
342,$4011_dac,72
342,$4011_dac,69
342,$4011_dac,69
342,$4011_dac,72
342,$4011_dac,72
342,$4011_dac,72
342,$4011_dac,72
342,$4011_dac,76
342,$4011_dac,72
342,$4011_dac,72
342,$4011_dac,72
342,$4011_dac,72
342,$4011_dac,72
342,$4011_dac,76
342,$4011_dac,72
342,$4011_dac,64
342,$4011_dac,67
342,$4011_dac,66
342,$4011_dac,62
342,$4011_dac,69
342,$4011_dac,67
342,$4011_dac,62
342,$4011_dac,67
342,$4011_dac,72
342,$4011_dac,65
342,$4011_dac,67
342,$4011_dac,69
342,$4011_dac,67
342,$4011_dac,68
342,$4011_dac,66
342,$4011_dac,66
342,$4011_dac,64
342,$4011_dac,65
342,$4011_dac,63
342,$4011_dac,63
342,$4011_dac,63
342,$4011_dac,62
342,$4011_dac,65
342,$4011_dac,64
342,$4011_dac,56
342,$4011_dac,56
342,$4011_dac,68
342,$4011_dac,64
342,$4011_dac,63
342,$4011_dac,66
342,$4011_dac,66
342,$4011_dac,65
342,$4011_dac,72
342,$4011_dac,67
342,$4011_dac,72
342,$4011_dac,69
342,$4011_dac,72
342,$4011_dac,76
342,$4011_dac,72
342,$4011_dac,76
342,$4011_dac,66
342,$4011_dac,68
342,$4011_dac,72
342,$4011_dac,68
342,$4011_dac,72
342,$4011_dac,63
342,$4011_dac,49
342,$4011_dac,56
342,$4011_dac,64
342,$4011_dac,62
342,$4011_dac,66
342,$4011_dac,67
342,$4011_dac,67
342,$4011_dac,69
342,$4011_dac,69
342,$4011_dac,72
342,$4011_dac,76
342,$4011_dac,72
342,$4011_dac,76
342,$4011_dac,72
342,$4011_dac,72
342,$4011_dac,72
342,$4011_dac,72
342,$4011_dac,72
342,$4011_dac,76
342,$4011_dac,72
342,$4011_dac,72
342,$4011_dac,69
342,$4011_dac,72
342,$4011_dac,72
342,$4011_dac,69
342,$4011_dac,67
342,$4011_dac,68
342,$4011_dac,64
342,$4011_dac,62
342,$4011_dac,62
342,$4011_dac,56
342,$4011_dac,62
342,$4011_dac,76
342,$4011_dac,65
342,$4011_dac,62
342,$4011_dac,65
342,$4011_dac,63
342,$4011_dac,64
342,$4011_dac,63
342,$4011_dac,62
342,$4011_dac,62
342,$4011_dac,63
342,$4011_dac,56
342,$4011_dac,62
342,$4011_dac,56
342,$4011_dac,62
342,$4011_dac,64
342,$4011_dac,62
342,$4011_dac,63
342,$4011_dac,62
342,$4011_dac,63
342,$4011_dac,62
342,$4011_dac,63
342,$4011_dac,63
342,$4011_dac,64
342,$4011_dac,63
342,$4011_dac,63
342,$4011_dac,64
342,$4011_dac,64
342,$4011_dac,62
342,$4011_dac,67
342,$4011_dac,66
342,$4011_dac,63
342,$4011_dac,67
342,$4011_dac,69
342,$4011_dac,69
342,$4011_dac,69
342,$4011_dac,72
342,$4011_dac,69
342,$4011_dac,72
342,$4011_dac,76
342,$4011_dac,72
342,$4011_dac,72
342,$4011_dac,76
342,$4011_dac,76
342,$4011_dac,66
342,$4011_dac,69
342,$4011_dac,72
342,$4011_dac,72
342,$4011_dac,68
342,$4011_dac,76
342,$4011_dac,72
342,$4011_dac,69
342,$4011_dac,66
342,$4011_dac,66
342,$4011_dac,68
342,$4011_dac,63
342,$4011_dac,69
342,$4011_dac,68
342,$4011_dac,68
342,$4011_dac,68
342,$4011_dac,69
342,$4011_dac,76
342,$4011_dac,69
342,$4011_dac,69
342,$4011_dac,69
342,$4011_dac,68
342,$4011_dac,69
342,$4011_dac,66
342,$4011_dac,67
342,$4011_dac,67
342,$4011_dac,66
342,$4011_dac,67
342,$4011_dac,66
342,$4011_dac,65
342,$4011_dac,66
342,$4011_dac,66
342,$4011_dac,65
342,$4011_dac,65
342,$4011_dac,67
342,$4011_dac,63
342,$4011_dac,65
342,$4011_dac,65
343,$4011_dac,64
343,$4011_dac,64
343,$4011_dac,64
343,$4011_dac,65
343,$4011_dac,65
343,$4011_dac,72
343,$4011_dac,67
343,$4011_dac,66
343,$4011_dac,69
343,$4011_dac,68
343,$4011_dac,67
343,$4011_dac,69
343,$4011_dac,66
343,$4011_dac,65
343,$4011_dac,62
343,$4011_dac,64
343,$4011_dac,64
343,$4011_dac,66
343,$4011_dac,64
343,$4011_dac,63
343,$4011_dac,68
343,$4011_dac,72
343,$4011_dac,67
343,$4011_dac,68
343,$4011_dac,69
343,$4011_dac,68
343,$4011_dac,69
343,$4011_dac,69
343,$4011_dac,72
343,$4011_dac,76
343,$4011_dac,72
343,$4011_dac,64
343,$4011_dac,64
343,$4011_dac,66
343,$4011_dac,66
343,$4011_dac,67
343,$4011_dac,66
343,$4011_dac,67
343,$4011_dac,65
343,$4011_dac,65
343,$4011_dac,64
343,$4011_dac,65
343,$4011_dac,66
343,$4011_dac,69
343,$4011_dac,65
343,$4011_dac,65
343,$4011_dac,64
343,$4011_dac,56
343,$4011_dac,64
343,$4011_dac,67
343,$4011_dac,72
343,$4011_dac,72
343,$4011_dac,66
343,$4011_dac,67
343,$4011_dac,66
343,$4011_dac,68
343,$4011_dac,66
343,$4011_dac,65
343,$4011_dac,64
343,$4011_dac,64
343,$4011_dac,62
343,$4011_dac,62
343,$4011_dac,64
343,$4011_dac,67
343,$4011_dac,65
343,$4011_dac,65
343,$4011_dac,65
343,$4011_dac,62
343,$4011_dac,56
343,$4011_dac,56
343,$4011_dac,56
343,$4011_dac,64
343,$4011_dac,87
343,$4011_dac,76
343,$4011_dac,76
343,$4011_dac,72
343,$4011_dac,72
343,$4011_dac,72
343,$4011_dac,72
343,$4011_dac,72
343,$4011_dac,69
343,$4011_dac,69
343,$4011_dac,68
343,$4011_dac,69
343,$4011_dac,68
343,$4011_dac,68
343,$4011_dac,72
343,$4011_dac,72
343,$4011_dac,68
343,$4011_dac,67
343,$4011_dac,76
343,$4011_dac,69
343,$4011_dac,69
343,$4011_dac,69
343,$4011_dac,69
343,$4011_dac,76
343,$4011_dac,67
343,$4011_dac,66
343,$4011_dac,66
343,$4011_dac,67
343,$4011_dac,62
343,$4011_dac,62
343,$4011_dac,63
343,$4011_dac,65
343,$4011_dac,64
343,$4011_dac,65
343,$4011_dac,66
343,$4011_dac,66
343,$4011_dac,68
343,$4011_dac,69
343,$4011_dac,67
343,$4011_dac,65
343,$4011_dac,72
343,$4011_dac,76
343,$4011_dac,69
343,$4011_dac,66
343,$4011_dac,66
343,$4011_dac,76
343,$4011_dac,72
343,$4011_dac,64
343,$4011_dac,68
343,$4011_dac,63
343,$4011_dac,62
343,$4011_dac,63
343,$4011_dac,64
343,$4011_dac,64
343,$4011_dac,65
343,$4011_dac,67
343,$4011_dac,67
343,$4011_dac,67
343,$4011_dac,67
343,$4011_dac,68
343,$4011_dac,67
343,$4011_dac,68
343,$4011_dac,68
343,$4011_dac,68
343,$4011_dac,72
343,$4011_dac,66
343,$4011_dac,66
343,$4011_dac,66
343,$4011_dac,68
343,$4011_dac,69
343,$4011_dac,67
343,$4011_dac,68
343,$4011_dac,67
343,$4011_dac,72
343,$4011_dac,76
343,$4011_dac,72
343,$4011_dac,64
343,$4011_dac,64
343,$4011_dac,63
343,$4011_dac,64
343,$4011_dac,72
343,$4011_dac,65
343,$4011_dac,65
343,$4011_dac,68
343,$4011_dac,64
343,$4011_dac,62
343,$4011_dac,68
343,$4011_dac,64
343,$4011_dac,62
343,$4011_dac,63
343,$4011_dac,72
343,$4011_dac,72
343,$4011_dac,68
343,$4011_dac,68
343,$4011_dac,68
343,$4011_dac,68
343,$4011_dac,66
343,$4011_dac,67
343,$4011_dac,65
343,$4011_dac,66
343,$4011_dac,65
343,$4011_dac,65
343,$4011_dac,65
343,$4011_dac,65
343,$4011_dac,66
343,$4011_dac,65
343,$4011_dac,65
343,$4011_dac,65
344,$4011_dac,66
344,$4011_dac,65
344,$4011_dac,65
344,$4011_dac,63
344,$4011_dac,65
344,$4011_dac,56
344,$4011_dac,56
344,$4011_dac,65
344,$4011_dac,68
344,$4011_dac,72
344,$4011_dac,68
344,$4011_dac,72
344,$4011_dac,72
344,$4011_dac,69
344,$4011_dac,76
344,$4011_dac,66
344,$4011_dac,67
344,$4011_dac,65
344,$4011_dac,65
344,$4011_dac,64
344,$4011_dac,69
344,$4011_dac,72
344,$4011_dac,65
344,$4011_dac,66
344,$4011_dac,69
344,$4011_dac,69
344,$4011_dac,68
344,$4011_dac,64
344,$4011_dac,69
344,$4011_dac,68
344,$4011_dac,68
344,$4011_dac,72
344,$4011_dac,69
344,$4011_dac,69
344,$4011_dac,69
344,$4011_dac,67
344,$4011_dac,72
344,$4011_dac,69
344,$4011_dac,65
344,$4011_dac,65
344,$4011_dac,65
344,$4011_dac,64
344,$4011_dac,65
344,$4011_dac,66
344,$4011_dac,67
344,$4011_dac,68
344,$4011_dac,64
344,$4011_dac,63
344,$4011_dac,72
344,$4011_dac,76
344,$4011_dac,64
344,$4011_dac,65
344,$4011_dac,66
344,$4011_dac,66
344,$4011_dac,68
344,$4011_dac,66
344,$4011_dac,64
344,$4011_dac,65
344,$4011_dac,66
344,$4011_dac,63
344,$4011_dac,65
344,$4011_dac,65
344,$4011_dac,66
344,$4011_dac,65
344,$4011_dac,65
344,$4011_dac,67
344,$4011_dac,66
344,$4011_dac,67
344,$4011_dac,67
344,$4011_dac,69
344,$4011_dac,67
344,$4011_dac,69
344,$4011_dac,67
344,$4011_dac,72
344,$4011_dac,64
344,$4011_dac,65
344,$4011_dac,64
344,$4011_dac,63
344,$4011_dac,72
344,$4011_dac,72
344,$4011_dac,69
344,$4011_dac,62
344,$4011_dac,65
344,$4011_dac,63
344,$4011_dac,65
344,$4011_dac,65
344,$4011_dac,66
344,$4011_dac,76
344,$4011_dac,63
344,$4011_dac,65
344,$4011_dac,69
344,$4011_dac,65
344,$4011_dac,67
344,$4011_dac,66
344,$4011_dac,67
344,$4011_dac,62
344,$4011_dac,65
344,$4011_dac,63
344,$4011_dac,67
344,$4011_dac,72
344,$4011_dac,66
344,$4011_dac,69
344,$4011_dac,69
344,$4011_dac,69
344,$4011_dac,69
344,$4011_dac,69
344,$4011_dac,66
344,$4011_dac,66
344,$4011_dac,66
344,$4011_dac,66
344,$4011_dac,68
344,$4011_dac,65
344,$4011_dac,66
344,$4011_dac,65
344,$4011_dac,67
344,$4011_dac,65
344,$4011_dac,66
344,$4011_dac,65
344,$4011_dac,64
344,$4011_dac,67
344,$4011_dac,64
344,$4011_dac,64
344,$4011_dac,62
344,$4011_dac,67
344,$4011_dac,69
344,$4011_dac,67
344,$4011_dac,72
344,$4011_dac,72
344,$4011_dac,69
344,$4011_dac,69
344,$4011_dac,68
344,$4011_dac,68
344,$4011_dac,67
344,$4011_dac,68
344,$4011_dac,67
344,$4011_dac,66
344,$4011_dac,63
344,$4011_dac,72
344,$4011_dac,76
344,$4011_dac,68
344,$4011_dac,66
344,$4011_dac,72
344,$4011_dac,69
344,$4011_dac,66
344,$4011_dac,72
344,$4011_dac,64
344,$4011_dac,63
344,$4011_dac,67
344,$4011_dac,66
344,$4011_dac,64
344,$4011_dac,64
344,$4011_dac,66
344,$4011_dac,66
344,$4011_dac,67
344,$4011_dac,67
344,$4011_dac,66
344,$4011_dac,69
344,$4011_dac,72
344,$4011_dac,69
344,$4011_dac,67
344,$4011_dac,66
344,$4011_dac,66
344,$4011_dac,66
344,$4011_dac,65
344,$4011_dac,67
344,$4011_dac,66
344,$4011_dac,67
344,$4011_dac,66
344,$4011_dac,66
344,$4011_dac,65
344,$4011_dac,65
344,$4011_dac,65
344,$4011_dac,65
344,$4011_dac,66
344,$4011_dac,65
344,$4011_dac,68
344,$4011_dac,65
344,$4011_dac,64
344,$4011_dac,64
344,$4011_dac,64
344,$4011_dac,67
345,$4011_dac,64
345,$4011_dac,64
345,$4011_dac,64
345,$4011_dac,65
345,$4011_dac,64
345,$4011_dac,65
345,$4011_dac,65
345,$4011_dac,66
345,$4011_dac,68
345,$4011_dac,66
345,$4011_dac,68
345,$4011_dac,63
345,$4011_dac,64
345,$4011_dac,67
345,$4011_dac,67
345,$4011_dac,68
345,$4011_dac,69
345,$4011_dac,68
345,$4011_dac,68
345,$4011_dac,68
345,$4011_dac,68
345,$4011_dac,68
345,$4011_dac,68
345,$4011_dac,68
345,$4011_dac,69
345,$4011_dac,69
345,$4011_dac,69
345,$4011_dac,76
345,$4011_dac,69
345,$4011_dac,69
345,$4011_dac,64
345,$4011_dac,67
345,$4011_dac,72
345,$4011_dac,68
345,$4011_dac,69
345,$4011_dac,63
345,$4011_dac,64
345,$4011_dac,64
345,$4011_dac,65
345,$4011_dac,65
345,$4011_dac,67
345,$4011_dac,66
345,$4011_dac,67
345,$4011_dac,65
345,$4011_dac,68
345,$4011_dac,66
345,$4011_dac,66
345,$4011_dac,67
345,$4011_dac,65
345,$4011_dac,66
345,$4011_dac,65
345,$4011_dac,66
345,$4011_dac,64
345,$4011_dac,64
345,$4011_dac,62
345,$4011_dac,62
345,$4011_dac,63
345,$4011_dac,66
345,$4011_dac,69
345,$4011_dac,69
345,$4011_dac,72
345,$4011_dac,66
345,$4011_dac,65
345,$4011_dac,67
345,$4011_dac,64
345,$4011_dac,69
345,$4011_dac,67
345,$4011_dac,63
345,$4011_dac,66
345,$4011_dac,65
345,$4011_dac,65
345,$4011_dac,65
345,$4011_dac,65
345,$4011_dac,65
345,$4011_dac,65
345,$4011_dac,65
345,$4011_dac,66
345,$4011_dac,65
345,$4011_dac,65
345,$4011_dac,68
345,$4011_dac,68
345,$4011_dac,66
345,$4011_dac,68
345,$4011_dac,69
345,$4011_dac,69
345,$4011_dac,68
345,$4011_dac,69
345,$4011_dac,72
345,$4011_dac,72
345,$4011_dac,72
345,$4011_dac,69
345,$4011_dac,72
345,$4011_dac,69
345,$4011_dac,72
345,$4011_dac,87
345,$4011_dac,76
345,$4011_dac,76
345,$4011_dac,72
345,$4011_dac,72
345,$4011_dac,62
345,$4011_dac,62
345,$4011_dac,65
345,$4011_dac,62
345,$4011_dac,66
345,$4011_dac,67
345,$4011_dac,69
345,$4011_dac,68
345,$4011_dac,66
345,$4011_dac,67
345,$4011_dac,68
345,$4011_dac,68
345,$4011_dac,67
345,$4011_dac,64
345,$4011_dac,64
345,$4011_dac,65
345,$4011_dac,65
345,$4011_dac,65
345,$4011_dac,68
345,$4011_dac,66
345,$4011_dac,65
345,$4011_dac,65
345,$4011_dac,63
345,$4011_dac,62
345,$4011_dac,63
345,$4011_dac,62
345,$4011_dac,62
345,$4011_dac,65
345,$4011_dac,67
345,$4011_dac,69
345,$4011_dac,66
345,$4011_dac,63
345,$4011_dac,64
345,$4011_dac,67
345,$4011_dac,65
345,$4011_dac,63
345,$4011_dac,67
345,$4011_dac,65
345,$4011_dac,65
345,$4011_dac,68
345,$4011_dac,64
345,$4011_dac,65
345,$4011_dac,66
345,$4011_dac,65
345,$4011_dac,65
345,$4011_dac,66
345,$4011_dac,66
345,$4011_dac,67
345,$4011_dac,68
345,$4011_dac,67
345,$4011_dac,66
345,$4011_dac,68
345,$4011_dac,72
345,$4011_dac,69
345,$4011_dac,76
345,$4011_dac,76
345,$4011_dac,66
345,$4011_dac,76
345,$4011_dac,72
345,$4011_dac,63
345,$4011_dac,62
345,$4011_dac,65
345,$4011_dac,65
345,$4011_dac,68
345,$4011_dac,62
345,$4011_dac,66
345,$4011_dac,72
345,$4011_dac,66
345,$4011_dac,76
345,$4011_dac,69
345,$4011_dac,69
345,$4011_dac,68
345,$4011_dac,63
345,$4011_dac,67
345,$4011_dac,67
345,$4011_dac,67
345,$4011_dac,66
345,$4011_dac,67
345,$4011_dac,66
345,$4011_dac,67
345,$4011_dac,66
346,$4011_dac,66
346,$4011_dac,65
346,$4011_dac,66
346,$4011_dac,65
346,$4011_dac,65
346,$4011_dac,63
346,$4011_dac,66
346,$4011_dac,64
346,$4011_dac,64
346,$4011_dac,62
346,$4011_dac,62
346,$4011_dac,62
346,$4011_dac,62
346,$4011_dac,66
346,$4011_dac,65
346,$4011_dac,63
346,$4011_dac,65
346,$4011_dac,64
346,$4011_dac,65
346,$4011_dac,63
346,$4011_dac,65
346,$4011_dac,62
346,$4011_dac,65
346,$4011_dac,62
346,$4011_dac,67
346,$4011_dac,76
346,$4011_dac,62
346,$4011_dac,69
346,$4011_dac,69
346,$4011_dac,66
346,$4011_dac,69
346,$4011_dac,72
346,$4011_dac,69
346,$4011_dac,67
346,$4011_dac,69
346,$4011_dac,69
346,$4011_dac,69
346,$4011_dac,72
346,$4011_dac,76
346,$4011_dac,65
346,$4011_dac,72
346,$4011_dac,76
346,$4011_dac,72
346,$4011_dac,76
346,$4011_dac,76
346,$4011_dac,69
346,$4011_dac,63
346,$4011_dac,66
346,$4011_dac,66
346,$4011_dac,68
346,$4011_dac,67
346,$4011_dac,68
346,$4011_dac,68
346,$4011_dac,69
346,$4011_dac,69
346,$4011_dac,72
346,$4011_dac,69
346,$4011_dac,66
346,$4011_dac,69
346,$4011_dac,72
346,$4011_dac,69
346,$4011_dac,64
346,$4011_dac,63
346,$4011_dac,72
346,$4011_dac,66
346,$4011_dac,62
346,$4011_dac,63
346,$4011_dac,64
346,$4011_dac,69
346,$4011_dac,69
346,$4011_dac,67
346,$4011_dac,67
346,$4011_dac,65
346,$4011_dac,64
346,$4011_dac,65
346,$4011_dac,64
346,$4011_dac,63
346,$4011_dac,64
346,$4011_dac,63
346,$4011_dac,64
346,$4011_dac,63
346,$4011_dac,64
346,$4011_dac,63
346,$4011_dac,63
346,$4011_dac,63
346,$4011_dac,63
346,$4011_dac,63
346,$4011_dac,64
346,$4011_dac,63
346,$4011_dac,64
346,$4011_dac,63
346,$4011_dac,68
346,$4011_dac,76
346,$4011_dac,64
346,$4011_dac,65
346,$4011_dac,64
346,$4011_dac,65
346,$4011_dac,64
346,$4011_dac,65
346,$4011_dac,65
346,$4011_dac,66
346,$4011_dac,67
346,$4011_dac,67
346,$4011_dac,69
346,$4011_dac,69
346,$4011_dac,69
346,$4011_dac,69
346,$4011_dac,72
346,$4011_dac,69
346,$4011_dac,72
346,$4011_dac,72
346,$4011_dac,72
346,$4011_dac,72
346,$4011_dac,76
346,$4011_dac,72
346,$4011_dac,72
346,$4011_dac,76
346,$4011_dac,69
346,$4011_dac,68
346,$4011_dac,67
346,$4011_dac,68
346,$4011_dac,67
346,$4011_dac,69
346,$4011_dac,67
346,$4011_dac,65
346,$4011_dac,66
346,$4011_dac,66
346,$4011_dac,68
346,$4011_dac,62
346,$4011_dac,66
346,$4011_dac,64
346,$4011_dac,64
346,$4011_dac,64
346,$4011_dac,64
346,$4011_dac,66
346,$4011_dac,64
346,$4011_dac,76
346,$4011_dac,72
346,$4011_dac,69
346,$4011_dac,68
346,$4011_dac,66
346,$4011_dac,65
346,$4011_dac,63
346,$4011_dac,63
346,$4011_dac,64
346,$4011_dac,63
346,$4011_dac,64
346,$4011_dac,63
346,$4011_dac,62
346,$4011_dac,56
346,$4011_dac,64
346,$4011_dac,62
346,$4011_dac,62
346,$4011_dac,72
346,$4011_dac,64
346,$4011_dac,65
346,$4011_dac,65
346,$4011_dac,64
346,$4011_dac,65
346,$4011_dac,65
346,$4011_dac,65
346,$4011_dac,65
346,$4011_dac,66
346,$4011_dac,67
346,$4011_dac,66
346,$4011_dac,65
346,$4011_dac,67
346,$4011_dac,68
346,$4011_dac,68
346,$4011_dac,68
346,$4011_dac,69
346,$4011_dac,69
346,$4011_dac,69
346,$4011_dac,72
346,$4011_dac,69
346,$4011_dac,72
346,$4011_dac,76
346,$4011_dac,76
346,$4011_dac,76
346,$4011_dac,76
346,$4011_dac,72
347,$4011_dac,62
347,$4011_dac,63
347,$4011_dac,64
347,$4011_dac,65
347,$4011_dac,68
347,$4011_dac,68
347,$4011_dac,69
347,$4011_dac,68
347,$4011_dac,68
347,$4011_dac,63
347,$4011_dac,63
347,$4011_dac,64
347,$4011_dac,64
347,$4011_dac,66
347,$4011_dac,68
347,$4011_dac,62
347,$4011_dac,63
347,$4011_dac,65
347,$4011_dac,63
347,$4011_dac,64
347,$4011_dac,62
347,$4011_dac,62
347,$4011_dac,72
347,$4011_dac,72
347,$4011_dac,66
347,$4011_dac,68
347,$4011_dac,62
347,$4011_dac,62
347,$4011_dac,63
347,$4011_dac,64
347,$4011_dac,66
347,$4011_dac,65
347,$4011_dac,69
347,$4011_dac,69
347,$4011_dac,66
347,$4011_dac,69
347,$4011_dac,69
347,$4011_dac,67
347,$4011_dac,66
347,$4011_dac,66
347,$4011_dac,65
347,$4011_dac,65
347,$4011_dac,65
347,$4011_dac,65
347,$4011_dac,64
347,$4011_dac,64
347,$4011_dac,64
347,$4011_dac,68
347,$4011_dac,66
347,$4011_dac,65
347,$4011_dac,67
347,$4011_dac,67
347,$4011_dac,67
347,$4011_dac,68
347,$4011_dac,68
347,$4011_dac,69
347,$4011_dac,69
347,$4011_dac,69
347,$4011_dac,69
347,$4011_dac,69
347,$4011_dac,72
347,$4011_dac,69
347,$4011_dac,72
347,$4011_dac,76
347,$4011_dac,69
347,$4011_dac,69
347,$4011_dac,67
347,$4011_dac,63
347,$4011_dac,65
347,$4011_dac,68
347,$4011_dac,65
347,$4011_dac,67
347,$4011_dac,66
347,$4011_dac,64
347,$4011_dac,69
347,$4011_dac,64
347,$4011_dac,66
347,$4011_dac,66
347,$4011_dac,64
347,$4011_dac,66
347,$4011_dac,64
347,$4011_dac,67
347,$4011_dac,67
347,$4011_dac,66
347,$4011_dac,66
347,$4011_dac,64
347,$4011_dac,64
347,$4011_dac,64
347,$4011_dac,64
347,$4011_dac,64
347,$4011_dac,64
347,$4011_dac,64
347,$4011_dac,64
347,$4011_dac,64
347,$4011_dac,64
347,$4011_dac,64
347,$4011_dac,64
347,$4011_dac,63
347,$4011_dac,64
347,$4011_dac,63
347,$4011_dac,64
347,$4011_dac,63
347,$4011_dac,64
347,$4011_dac,63
347,$4011_dac,62
347,$4011_dac,64
347,$4011_dac,63
347,$4011_dac,64
347,$4011_dac,67
347,$4011_dac,67
347,$4011_dac,67
347,$4011_dac,68
347,$4011_dac,67
347,$4011_dac,68
347,$4011_dac,67
347,$4011_dac,68
347,$4011_dac,68
347,$4011_dac,69
347,$4011_dac,69
347,$4011_dac,69
347,$4011_dac,69
347,$4011_dac,69
347,$4011_dac,69
347,$4011_dac,69
347,$4011_dac,72
347,$4011_dac,72
347,$4011_dac,76
347,$4011_dac,76
347,$4011_dac,76
347,$4011_dac,76
347,$4011_dac,68
347,$4011_dac,64
347,$4011_dac,64
347,$4011_dac,66
347,$4011_dac,65
347,$4011_dac,64
347,$4011_dac,65
347,$4011_dac,67
347,$4011_dac,66
347,$4011_dac,66
347,$4011_dac,66
347,$4011_dac,67
347,$4011_dac,67
347,$4011_dac,67
347,$4011_dac,67
347,$4011_dac,66
347,$4011_dac,67
347,$4011_dac,66
347,$4011_dac,66
347,$4011_dac,64
347,$4011_dac,65
347,$4011_dac,66
347,$4011_dac,65
347,$4011_dac,63
347,$4011_dac,64
347,$4011_dac,62
347,$4011_dac,64
347,$4011_dac,64
347,$4011_dac,64
347,$4011_dac,64
347,$4011_dac,64
347,$4011_dac,64
347,$4011_dac,64
347,$4011_dac,64
347,$4011_dac,64
347,$4011_dac,64
347,$4011_dac,64
347,$4011_dac,64
347,$4011_dac,64
347,$4011_dac,64
347,$4011_dac,64
347,$4011_dac,66
347,$4011_dac,65
347,$4011_dac,65
347,$4011_dac,65
347,$4011_dac,65
347,$4011_dac,67
347,$4011_dac,68
347,$4011_dac,67
347,$4011_dac,68
347,$4011_dac,68
348,$4011_dac,69
348,$4011_dac,69
348,$4011_dac,67
348,$4011_dac,69
348,$4011_dac,69
348,$4011_dac,68
348,$4011_dac,69
348,$4011_dac,69
348,$4011_dac,72
348,$4011_dac,76
348,$4011_dac,72
348,$4011_dac,76
348,$4011_dac,67
348,$4011_dac,63
348,$4011_dac,65
348,$4011_dac,65
348,$4011_dac,69
348,$4011_dac,68
348,$4011_dac,65
348,$4011_dac,67
348,$4011_dac,68
348,$4011_dac,67
348,$4011_dac,64
348,$4011_dac,68
348,$4011_dac,66
348,$4011_dac,67
348,$4011_dac,68
348,$4011_dac,67
348,$4011_dac,68
348,$4011_dac,67
348,$4011_dac,64
348,$4011_dac,62
348,$4011_dac,62
348,$4011_dac,64
348,$4011_dac,64
348,$4011_dac,67
348,$4011_dac,64
348,$4011_dac,64
348,$4011_dac,68
348,$4011_dac,67
348,$4011_dac,72
348,$4011_dac,72
348,$4011_dac,69
348,$4011_dac,68
348,$4011_dac,67
348,$4011_dac,66
348,$4011_dac,66
348,$4011_dac,64
348,$4011_dac,62
348,$4011_dac,64
348,$4011_dac,64
348,$4011_dac,64
348,$4011_dac,64
348,$4011_dac,64
348,$4011_dac,64
348,$4011_dac,64
348,$4011_dac,64
348,$4011_dac,64
348,$4011_dac,64
348,$4011_dac,64
348,$4011_dac,64
348,$4011_dac,64
348,$4011_dac,64
348,$4011_dac,65
348,$4011_dac,65
348,$4011_dac,66
348,$4011_dac,66
348,$4011_dac,66
348,$4011_dac,68
348,$4011_dac,68
348,$4011_dac,69
348,$4011_dac,69
348,$4011_dac,69
348,$4011_dac,69
348,$4011_dac,72
348,$4011_dac,72
348,$4011_dac,69
348,$4011_dac,69
348,$4011_dac,69
348,$4011_dac,69
348,$4011_dac,69
348,$4011_dac,69
348,$4011_dac,69
348,$4011_dac,69
348,$4011_dac,69
348,$4011_dac,69
348,$4011_dac,69
348,$4011_dac,67
348,$4011_dac,68
348,$4011_dac,69
348,$4011_dac,69
348,$4011_dac,72
348,$4011_dac,72
348,$4011_dac,67
348,$4011_dac,62
348,$4011_dac,63
348,$4011_dac,64
348,$4011_dac,63
348,$4011_dac,63
348,$4011_dac,63
348,$4011_dac,64
348,$4011_dac,63
348,$4011_dac,64
348,$4011_dac,63
348,$4011_dac,56
348,$4011_dac,62
348,$4011_dac,64
348,$4011_dac,63
348,$4011_dac,64
348,$4011_dac,65
348,$4011_dac,65
348,$4011_dac,64
348,$4011_dac,64
348,$4011_dac,64
348,$4011_dac,64
348,$4011_dac,64
348,$4011_dac,64
348,$4011_dac,67
348,$4011_dac,65
348,$4011_dac,65
348,$4011_dac,66
348,$4011_dac,63
348,$4011_dac,65
348,$4011_dac,68
348,$4011_dac,66
348,$4011_dac,72
348,$4011_dac,69
348,$4011_dac,66
348,$4011_dac,67
348,$4011_dac,66
348,$4011_dac,68
348,$4011_dac,65
348,$4011_dac,68
348,$4011_dac,67
348,$4011_dac,68
348,$4011_dac,69
348,$4011_dac,66
348,$4011_dac,67
348,$4011_dac,63
348,$4011_dac,63
348,$4011_dac,68
348,$4011_dac,67
348,$4011_dac,67
348,$4011_dac,67
348,$4011_dac,68
348,$4011_dac,67
348,$4011_dac,67
348,$4011_dac,67
348,$4011_dac,68
348,$4011_dac,65
348,$4011_dac,63
348,$4011_dac,69
348,$4011_dac,66
348,$4011_dac,65
348,$4011_dac,69
348,$4011_dac,69
348,$4011_dac,69
348,$4011_dac,67
348,$4011_dac,63
348,$4011_dac,62
348,$4011_dac,64
348,$4011_dac,64
348,$4011_dac,65
348,$4011_dac,69
348,$4011_dac,68
348,$4011_dac,68
348,$4011_dac,67
348,$4011_dac,66
348,$4011_dac,65
348,$4011_dac,65
348,$4011_dac,64
348,$4011_dac,62
348,$4011_dac,67
348,$4011_dac,64
348,$4011_dac,64
348,$4011_dac,66
348,$4011_dac,65
348,$4011_dac,67
348,$4011_dac,65
348,$4011_dac,67
349,$4011_dac,68
349,$4011_dac,66
349,$4011_dac,67
349,$4011_dac,65
349,$4011_dac,65
349,$4011_dac,64
349,$4011_dac,66
349,$4011_dac,64
349,$4011_dac,67
349,$4011_dac,69
349,$4011_dac,65
349,$4011_dac,65
349,$4011_dac,65
349,$4011_dac,72
349,$4011_dac,66
349,$4011_dac,65
349,$4011_dac,65
349,$4011_dac,63
349,$4011_dac,66
349,$4011_dac,63
349,$4011_dac,65
349,$4011_dac,65
349,$4011_dac,67
349,$4011_dac,67
349,$4011_dac,68
349,$4011_dac,68
349,$4011_dac,68
349,$4011_dac,68
349,$4011_dac,69
349,$4011_dac,68
349,$4011_dac,69
349,$4011_dac,69
349,$4011_dac,68
349,$4011_dac,69
349,$4011_dac,69
349,$4011_dac,72
349,$4011_dac,72
349,$4011_dac,76
349,$4011_dac,72
349,$4011_dac,66
349,$4011_dac,72
349,$4011_dac,66
349,$4011_dac,68
349,$4011_dac,69
349,$4011_dac,63
349,$4011_dac,69
349,$4011_dac,63
349,$4011_dac,65
349,$4011_dac,63
349,$4011_dac,62
349,$4011_dac,64
349,$4011_dac,56
349,$4011_dac,62
349,$4011_dac,63
349,$4011_dac,63
349,$4011_dac,64
349,$4011_dac,64
349,$4011_dac,65
349,$4011_dac,64
349,$4011_dac,65
349,$4011_dac,64
349,$4011_dac,64
349,$4011_dac,65
349,$4011_dac,66
349,$4011_dac,64
349,$4011_dac,65
349,$4011_dac,64
349,$4011_dac,64
349,$4011_dac,64
349,$4011_dac,64
349,$4011_dac,65
349,$4011_dac,65
349,$4011_dac,66
349,$4011_dac,65
349,$4011_dac,65
349,$4011_dac,65
349,$4011_dac,65
349,$4011_dac,65
349,$4011_dac,65
349,$4011_dac,64
349,$4011_dac,64
349,$4011_dac,67
349,$4011_dac,66
349,$4011_dac,64
349,$4011_dac,67
349,$4011_dac,65
349,$4011_dac,64
349,$4011_dac,65
349,$4011_dac,64
349,$4011_dac,69
349,$4011_dac,67
349,$4011_dac,69
349,$4011_dac,69
349,$4011_dac,67
349,$4011_dac,68
349,$4011_dac,67
349,$4011_dac,68
349,$4011_dac,67
349,$4011_dac,68
349,$4011_dac,64
349,$4011_dac,64
349,$4011_dac,65
349,$4011_dac,64
349,$4011_dac,64
349,$4011_dac,65
349,$4011_dac,69
349,$4011_dac,66
349,$4011_dac,72
349,$4011_dac,67
349,$4011_dac,64
349,$4011_dac,66
349,$4011_dac,64
349,$4011_dac,64
349,$4011_dac,66
349,$4011_dac,67
349,$4011_dac,66
349,$4011_dac,66
349,$4011_dac,64
349,$4011_dac,68
349,$4011_dac,64
349,$4011_dac,64
349,$4011_dac,69
349,$4011_dac,66
349,$4011_dac,66
349,$4011_dac,65
349,$4011_dac,65
349,$4011_dac,65
349,$4011_dac,66
349,$4011_dac,64
349,$4011_dac,66
349,$4011_dac,66
349,$4011_dac,66
349,$4011_dac,66
349,$4011_dac,66
349,$4011_dac,66
349,$4011_dac,69
349,$4011_dac,72
349,$4011_dac,69
349,$4011_dac,67
349,$4011_dac,66
349,$4011_dac,69
349,$4011_dac,69
349,$4011_dac,64
349,$4011_dac,62
349,$4011_dac,64
349,$4011_dac,68
349,$4011_dac,66
349,$4011_dac,64
349,$4011_dac,56
349,$4011_dac,62
349,$4011_dac,64
349,$4011_dac,63
349,$4011_dac,64
349,$4011_dac,63
349,$4011_dac,66
349,$4011_dac,66
349,$4011_dac,67
349,$4011_dac,67
349,$4011_dac,67
349,$4011_dac,67
349,$4011_dac,68
349,$4011_dac,67
349,$4011_dac,69
349,$4011_dac,69
349,$4011_dac,69
349,$4011_dac,69
349,$4011_dac,69
349,$4011_dac,69
349,$4011_dac,67
349,$4011_dac,68
349,$4011_dac,67
349,$4011_dac,67
349,$4011_dac,67
349,$4011_dac,65
349,$4011_dac,68
349,$4011_dac,67
349,$4011_dac,67
349,$4011_dac,64
349,$4011_dac,65
349,$4011_dac,67
349,$4011_dac,67
350,$4011_dac,67
350,$4011_dac,67
350,$4011_dac,66
350,$4011_dac,65
350,$4011_dac,65
350,$4011_dac,64
350,$4011_dac,64
350,$4011_dac,65
350,$4011_dac,64
350,$4011_dac,64
350,$4011_dac,64
350,$4011_dac,64
350,$4011_dac,65
350,$4011_dac,64
350,$4011_dac,64
350,$4011_dac,64
603,$4011_dac,68
603,$4011_dac,68
603,$4011_dac,68
603,$4011_dac,68
603,$4011_dac,68
603,$4011_dac,68
603,$4011_dac,68
603,$4011_dac,68
603,$4011_dac,68
603,$4011_dac,69
603,$4011_dac,68
603,$4011_dac,68
603,$4011_dac,68
603,$4011_dac,68
603,$4011_dac,68
603,$4011_dac,68
603,$4011_dac,68
603,$4011_dac,68
603,$4011_dac,69
603,$4011_dac,68
603,$4011_dac,68
603,$4011_dac,68
603,$4011_dac,67
603,$4011_dac,67
603,$4011_dac,67
603,$4011_dac,68
603,$4011_dac,68
603,$4011_dac,68
603,$4011_dac,68
603,$4011_dac,67
603,$4011_dac,68
603,$4011_dac,68
603,$4011_dac,68
603,$4011_dac,69
603,$4011_dac,67
603,$4011_dac,67
603,$4011_dac,68
603,$4011_dac,68
603,$4011_dac,68
603,$4011_dac,68
603,$4011_dac,69
603,$4011_dac,69
603,$4011_dac,69
603,$4011_dac,68
603,$4011_dac,68
603,$4011_dac,69
603,$4011_dac,68
603,$4011_dac,68
603,$4011_dac,68
603,$4011_dac,68
603,$4011_dac,68
603,$4011_dac,68
603,$4011_dac,69
603,$4011_dac,68
603,$4011_dac,68
603,$4011_dac,68
603,$4011_dac,69
603,$4011_dac,69
603,$4011_dac,68
603,$4011_dac,67
603,$4011_dac,67
603,$4011_dac,68
603,$4011_dac,67
603,$4011_dac,67
603,$4011_dac,67
603,$4011_dac,68
603,$4011_dac,68
603,$4011_dac,68
603,$4011_dac,68
603,$4011_dac,68
603,$4011_dac,67
603,$4011_dac,68
603,$4011_dac,69
603,$4011_dac,67
603,$4011_dac,68
603,$4011_dac,67
603,$4011_dac,67
603,$4011_dac,67
603,$4011_dac,67
603,$4011_dac,67
603,$4011_dac,67
603,$4011_dac,67
603,$4011_dac,67
603,$4011_dac,67
603,$4011_dac,68
603,$4011_dac,67
603,$4011_dac,67
603,$4011_dac,67
603,$4011_dac,67
603,$4011_dac,68
603,$4011_dac,68
603,$4011_dac,68
603,$4011_dac,68
603,$4011_dac,69
603,$4011_dac,69
603,$4011_dac,69
603,$4011_dac,68
603,$4011_dac,68
603,$4011_dac,68
603,$4011_dac,68
603,$4011_dac,68
603,$4011_dac,68
603,$4011_dac,69
603,$4011_dac,67
603,$4011_dac,66
603,$4011_dac,68
603,$4011_dac,67
603,$4011_dac,69
603,$4011_dac,71
603,$4011_dac,68
603,$4011_dac,69
603,$4011_dac,71
603,$4011_dac,71
603,$4011_dac,72
603,$4011_dac,72
603,$4011_dac,70
603,$4011_dac,68
603,$4011_dac,67
603,$4011_dac,65
603,$4011_dac,64
603,$4011_dac,65
603,$4011_dac,65
603,$4011_dac,64
603,$4011_dac,64
603,$4011_dac,64
603,$4011_dac,65
603,$4011_dac,66
603,$4011_dac,68
603,$4011_dac,69
603,$4011_dac,71
603,$4011_dac,72
603,$4011_dac,72
603,$4011_dac,75
603,$4011_dac,80
603,$4011_dac,80
603,$4011_dac,75
603,$4011_dac,72
603,$4011_dac,64
603,$4011_dac,58
603,$4011_dac,58
603,$4011_dac,58
603,$4011_dac,58
603,$4011_dac,66
603,$4011_dac,67
603,$4011_dac,61
603,$4011_dac,65
603,$4011_dac,61
603,$4011_dac,65
603,$4011_dac,80
603,$4011_dac,80
603,$4011_dac,80
603,$4011_dac,80
603,$4011_dac,86
603,$4011_dac,75
603,$4011_dac,65
603,$4011_dac,80
603,$4011_dac,64
603,$4011_dac,64
603,$4011_dac,71
603,$4011_dac,58
603,$4011_dac,58
603,$4011_dac,58
603,$4011_dac,58
603,$4011_dac,61
603,$4011_dac,61
603,$4011_dac,66
603,$4011_dac,64
603,$4011_dac,65
603,$4011_dac,71
603,$4011_dac,67
603,$4011_dac,75
603,$4011_dac,80
603,$4011_dac,80
603,$4011_dac,80
603,$4011_dac,80
603,$4011_dac,75
603,$4011_dac,72
603,$4011_dac,71
603,$4011_dac,71
603,$4011_dac,69
603,$4011_dac,65
603,$4011_dac,61
603,$4011_dac,61
603,$4011_dac,64
603,$4011_dac,61
603,$4011_dac,65
603,$4011_dac,66
603,$4011_dac,61
603,$4011_dac,66
603,$4011_dac,68
603,$4011_dac,66
603,$4011_dac,70
603,$4011_dac,70
603,$4011_dac,71
603,$4011_dac,72
603,$4011_dac,75
603,$4011_dac,72
603,$4011_dac,68
603,$4011_dac,71
603,$4011_dac,69
603,$4011_dac,68
603,$4011_dac,72
603,$4011_dac,69
603,$4011_dac,67
603,$4011_dac,65
603,$4011_dac,61
603,$4011_dac,64
603,$4011_dac,64
603,$4011_dac,65
603,$4011_dac,65
603,$4011_dac,61
603,$4011_dac,64
603,$4011_dac,69
603,$4011_dac,71
603,$4011_dac,75
603,$4011_dac,75
603,$4011_dac,75
603,$4011_dac,75
603,$4011_dac,75
603,$4011_dac,71
603,$4011_dac,72
603,$4011_dac,75
603,$4011_dac,75
603,$4011_dac,70
603,$4011_dac,69
603,$4011_dac,68
603,$4011_dac,67
603,$4011_dac,65
603,$4011_dac,58
603,$4011_dac,46
603,$4011_dac,46
603,$4011_dac,58
603,$4011_dac,58
603,$4011_dac,58
603,$4011_dac,61
603,$4011_dac,61
603,$4011_dac,58
603,$4011_dac,58
603,$4011_dac,75
603,$4011_dac,96
603,$4011_dac,96
603,$4011_dac,96
603,$4011_dac,86
603,$4011_dac,72
603,$4011_dac,70
603,$4011_dac,80
603,$4011_dac,64
603,$4011_dac,64
603,$4011_dac,72
603,$4011_dac,61
603,$4011_dac,46
603,$4011_dac,58
603,$4011_dac,46
603,$4011_dac,46
603,$4011_dac,65
603,$4011_dac,80
603,$4011_dac,65
603,$4011_dac,65
603,$4011_dac,71
603,$4011_dac,67
603,$4011_dac,80
603,$4011_dac,86
603,$4011_dac,86
603,$4011_dac,86
603,$4011_dac,70
603,$4011_dac,66
603,$4011_dac,75
603,$4011_dac,72
603,$4011_dac,70
603,$4011_dac,68
603,$4011_dac,61
603,$4011_dac,61
603,$4011_dac,58
603,$4011_dac,58
603,$4011_dac,58
603,$4011_dac,64
603,$4011_dac,61
603,$4011_dac,58
603,$4011_dac,68
603,$4011_dac,71
603,$4011_dac,69
603,$4011_dac,67
603,$4011_dac,69
603,$4011_dac,71
603,$4011_dac,71
603,$4011_dac,80
603,$4011_dac,86
603,$4011_dac,96
603,$4011_dac,96
603,$4011_dac,96
603,$4011_dac,72
603,$4011_dac,46
603,$4011_dac,46
603,$4011_dac,58
603,$4011_dac,46
603,$4011_dac,58
603,$4011_dac,67
603,$4011_dac,46
603,$4011_dac,46
603,$4011_dac,46
603,$4011_dac,75
603,$4011_dac,96
603,$4011_dac,96
603,$4011_dac,96
603,$4011_dac,58
603,$4011_dac,46
603,$4011_dac,58
603,$4011_dac,46
603,$4011_dac,61
603,$4011_dac,80
603,$4011_dac,64
603,$4011_dac,61
603,$4011_dac,72
603,$4011_dac,64
603,$4011_dac,75
603,$4011_dac,96
603,$4011_dac,86
603,$4011_dac,69
603,$4011_dac,65
603,$4011_dac,46
603,$4011_dac,58
603,$4011_dac,58
603,$4011_dac,58
603,$4011_dac,61
603,$4011_dac,64
603,$4011_dac,66
603,$4011_dac,80
603,$4011_dac,75
603,$4011_dac,80
603,$4011_dac,96
603,$4011_dac,86
603,$4011_dac,65
603,$4011_dac,64
603,$4011_dac,58
603,$4011_dac,58
603,$4011_dac,64
603,$4011_dac,69
603,$4011_dac,65
603,$4011_dac,67
603,$4011_dac,75
603,$4011_dac,68
603,$4011_dac,66
603,$4011_dac,75
603,$4011_dac,80
603,$4011_dac,80
603,$4011_dac,86
603,$4011_dac,80
603,$4011_dac,70
603,$4011_dac,68
603,$4011_dac,86
603,$4011_dac,75
603,$4011_dac,58
603,$4011_dac,46
603,$4011_dac,46
603,$4011_dac,46
603,$4011_dac,65
604,$4011_dac,96
604,$4011_dac,96
604,$4011_dac,86
604,$4011_dac,61
604,$4011_dac,46
604,$4011_dac,71
604,$4011_dac,96
604,$4011_dac,96
604,$4011_dac,61
604,$4011_dac,46
604,$4011_dac,46
604,$4011_dac,46
604,$4011_dac,66
604,$4011_dac,96
604,$4011_dac,96
604,$4011_dac,96
604,$4011_dac,67
604,$4011_dac,58
604,$4011_dac,80
604,$4011_dac,80
604,$4011_dac,86
604,$4011_dac,64
604,$4011_dac,46
604,$4011_dac,46
604,$4011_dac,46
604,$4011_dac,46
604,$4011_dac,72
604,$4011_dac,96
604,$4011_dac,86
604,$4011_dac,80
604,$4011_dac,86
604,$4011_dac,86
604,$4011_dac,71
604,$4011_dac,75
604,$4011_dac,64
604,$4011_dac,46
604,$4011_dac,46
604,$4011_dac,46
604,$4011_dac,58
604,$4011_dac,80
604,$4011_dac,86
604,$4011_dac,86
604,$4011_dac,86
604,$4011_dac,86
604,$4011_dac,75
604,$4011_dac,80
604,$4011_dac,75
604,$4011_dac,69
604,$4011_dac,80
604,$4011_dac,72
604,$4011_dac,80
604,$4011_dac,96
604,$4011_dac,86
604,$4011_dac,58
604,$4011_dac,46
604,$4011_dac,46
604,$4011_dac,46
604,$4011_dac,80
604,$4011_dac,96
604,$4011_dac,96
604,$4011_dac,86
604,$4011_dac,46
604,$4011_dac,46
604,$4011_dac,46
604,$4011_dac,86
604,$4011_dac,96
604,$4011_dac,61
604,$4011_dac,46
604,$4011_dac,46
604,$4011_dac,46
604,$4011_dac,46
604,$4011_dac,46
604,$4011_dac,80
604,$4011_dac,96
604,$4011_dac,96
604,$4011_dac,96
604,$4011_dac,69
604,$4011_dac,86
604,$4011_dac,96
604,$4011_dac,65
604,$4011_dac,46
604,$4011_dac,46
604,$4011_dac,58
604,$4011_dac,65
604,$4011_dac,68
604,$4011_dac,69
604,$4011_dac,67
604,$4011_dac,72
604,$4011_dac,64
604,$4011_dac,58
604,$4011_dac,68
604,$4011_dac,65
604,$4011_dac,68
604,$4011_dac,66
604,$4011_dac,68
604,$4011_dac,72
604,$4011_dac,68
604,$4011_dac,75
604,$4011_dac,80
604,$4011_dac,86
604,$4011_dac,96
604,$4011_dac,86
604,$4011_dac,80
604,$4011_dac,75
604,$4011_dac,64
604,$4011_dac,58
604,$4011_dac,46
604,$4011_dac,46
604,$4011_dac,46
604,$4011_dac,64
604,$4011_dac,80
604,$4011_dac,86
604,$4011_dac,96
604,$4011_dac,96
604,$4011_dac,80
604,$4011_dac,69
604,$4011_dac,67
604,$4011_dac,61
604,$4011_dac,58
604,$4011_dac,64
604,$4011_dac,66
604,$4011_dac,64
604,$4011_dac,61
604,$4011_dac,58
604,$4011_dac,61
604,$4011_dac,75
604,$4011_dac,86
604,$4011_dac,96
604,$4011_dac,86
604,$4011_dac,61
604,$4011_dac,46
604,$4011_dac,46
604,$4011_dac,46
604,$4011_dac,46
604,$4011_dac,46
604,$4011_dac,80
604,$4011_dac,96
604,$4011_dac,80
604,$4011_dac,64
604,$4011_dac,86
604,$4011_dac,96
604,$4011_dac,96
604,$4011_dac,96
604,$4011_dac,64
604,$4011_dac,46
604,$4011_dac,46
604,$4011_dac,46
604,$4011_dac,46
604,$4011_dac,75
604,$4011_dac,96
604,$4011_dac,96
604,$4011_dac,96
604,$4011_dac,96
604,$4011_dac,86
604,$4011_dac,67
604,$4011_dac,58
604,$4011_dac,58
604,$4011_dac,46
604,$4011_dac,46
604,$4011_dac,46
604,$4011_dac,58
604,$4011_dac,58
604,$4011_dac,65
604,$4011_dac,86
604,$4011_dac,80
604,$4011_dac,66
604,$4011_dac,67
604,$4011_dac,61
604,$4011_dac,46
604,$4011_dac,46
604,$4011_dac,58
604,$4011_dac,61
604,$4011_dac,67
604,$4011_dac,61
604,$4011_dac,75
604,$4011_dac,96
604,$4011_dac,96
604,$4011_dac,96
604,$4011_dac,96
604,$4011_dac,96
604,$4011_dac,86
604,$4011_dac,75
604,$4011_dac,61
604,$4011_dac,46
604,$4011_dac,46
604,$4011_dac,46
604,$4011_dac,46
604,$4011_dac,80
604,$4011_dac,96
604,$4011_dac,86
604,$4011_dac,58
604,$4011_dac,58
604,$4011_dac,75
604,$4011_dac,96
604,$4011_dac,86
604,$4011_dac,58
604,$4011_dac,46
604,$4011_dac,46
604,$4011_dac,46
604,$4011_dac,58
604,$4011_dac,75
604,$4011_dac,72
604,$4011_dac,69
604,$4011_dac,96
604,$4011_dac,96
604,$4011_dac,96
604,$4011_dac,72
604,$4011_dac,46
604,$4011_dac,46
604,$4011_dac,46
604,$4011_dac,58
604,$4011_dac,65
604,$4011_dac,80
604,$4011_dac,80
604,$4011_dac,75
604,$4011_dac,86
604,$4011_dac,96
604,$4011_dac,86
604,$4011_dac,70
604,$4011_dac,46
604,$4011_dac,46
604,$4011_dac,46
604,$4011_dac,61
604,$4011_dac,68
604,$4011_dac,68
604,$4011_dac,58
604,$4011_dac,75
604,$4011_dac,96
604,$4011_dac,96
604,$4011_dac,96
604,$4011_dac,86
604,$4011_dac,70
604,$4011_dac,80
604,$4011_dac,80
604,$4011_dac,58
604,$4011_dac,46
604,$4011_dac,46
604,$4011_dac,46
604,$4011_dac,46
604,$4011_dac,64
604,$4011_dac,86
604,$4011_dac,96
604,$4011_dac,96
604,$4011_dac,86
604,$4011_dac,75
604,$4011_dac,46
604,$4011_dac,46
604,$4011_dac,80
604,$4011_dac,96
604,$4011_dac,64
604,$4011_dac,46
604,$4011_dac,46
604,$4011_dac,46
604,$4011_dac,67
604,$4011_dac,96
604,$4011_dac,96
604,$4011_dac,96
604,$4011_dac,86
604,$4011_dac,80
604,$4011_dac,75
604,$4011_dac,96
604,$4011_dac,86
604,$4011_dac,61
604,$4011_dac,46
604,$4011_dac,46
604,$4011_dac,46
604,$4011_dac,46
604,$4011_dac,75
604,$4011_dac,86
604,$4011_dac,86
604,$4011_dac,80
604,$4011_dac,64
604,$4011_dac,58
604,$4011_dac,64
604,$4011_dac,75
604,$4011_dac,68
604,$4011_dac,46
604,$4011_dac,46
604,$4011_dac,46
604,$4011_dac,46
604,$4011_dac,75
604,$4011_dac,96
604,$4011_dac,96
604,$4011_dac,96
604,$4011_dac,86
604,$4011_dac,86
604,$4011_dac,86
604,$4011_dac,86
604,$4011_dac,86
604,$4011_dac,75
604,$4011_dac,46
604,$4011_dac,46
604,$4011_dac,46
604,$4011_dac,46
604,$4011_dac,46
604,$4011_dac,46
604,$4011_dac,70
604,$4011_dac,96
604,$4011_dac,96
604,$4011_dac,96
604,$4011_dac,96
604,$4011_dac,96
604,$4011_dac,96
604,$4011_dac,96
604,$4011_dac,75
604,$4011_dac,46
604,$4011_dac,46
604,$4011_dac,46
604,$4011_dac,46
604,$4011_dac,64
604,$4011_dac,58
604,$4011_dac,67
604,$4011_dac,96
604,$4011_dac,96
604,$4011_dac,96
604,$4011_dac,96
604,$4011_dac,58
604,$4011_dac,46
604,$4011_dac,58
604,$4011_dac,58
604,$4011_dac,46
604,$4011_dac,46
604,$4011_dac,46
604,$4011_dac,58
604,$4011_dac,61
604,$4011_dac,70
604,$4011_dac,86
604,$4011_dac,96
604,$4011_dac,86
604,$4011_dac,80
604,$4011_dac,75
604,$4011_dac,80
604,$4011_dac,71
604,$4011_dac,61
604,$4011_dac,58
604,$4011_dac,46
604,$4011_dac,61
604,$4011_dac,64
604,$4011_dac,69
604,$4011_dac,68
604,$4011_dac,75
604,$4011_dac,86
604,$4011_dac,96
604,$4011_dac,86
604,$4011_dac,61
604,$4011_dac,46
604,$4011_dac,46
604,$4011_dac,46
604,$4011_dac,64
604,$4011_dac,69
604,$4011_dac,75
604,$4011_dac,68
604,$4011_dac,64
604,$4011_dac,86
604,$4011_dac,86
604,$4011_dac,96
604,$4011_dac,96
604,$4011_dac,64
605,$4011_dac,58
605,$4011_dac,46
605,$4011_dac,46
605,$4011_dac,46
605,$4011_dac,70
605,$4011_dac,75
605,$4011_dac,86
605,$4011_dac,96
605,$4011_dac,96
605,$4011_dac,96
605,$4011_dac,86
605,$4011_dac,75
605,$4011_dac,72
605,$4011_dac,61
605,$4011_dac,46
605,$4011_dac,46
605,$4011_dac,46
605,$4011_dac,58
605,$4011_dac,65
605,$4011_dac,58
605,$4011_dac,61
605,$4011_dac,70
605,$4011_dac,86
605,$4011_dac,96
605,$4011_dac,75
605,$4011_dac,75
605,$4011_dac,68
605,$4011_dac,58
605,$4011_dac,46
605,$4011_dac,46
605,$4011_dac,65
605,$4011_dac,67
605,$4011_dac,72
605,$4011_dac,80
605,$4011_dac,86
605,$4011_dac,96
605,$4011_dac,96
605,$4011_dac,86
605,$4011_dac,96
605,$4011_dac,96
605,$4011_dac,69
605,$4011_dac,46
605,$4011_dac,46
605,$4011_dac,46
605,$4011_dac,58
605,$4011_dac,66
605,$4011_dac,70
605,$4011_dac,58
605,$4011_dac,46
605,$4011_dac,70
605,$4011_dac,96
605,$4011_dac,96
605,$4011_dac,96
605,$4011_dac,96
605,$4011_dac,61
605,$4011_dac,58
605,$4011_dac,46
605,$4011_dac,58
605,$4011_dac,58
605,$4011_dac,46
605,$4011_dac,46
605,$4011_dac,46
605,$4011_dac,64
605,$4011_dac,72
605,$4011_dac,72
605,$4011_dac,72
605,$4011_dac,80
605,$4011_dac,96
605,$4011_dac,96
605,$4011_dac,86
605,$4011_dac,64
605,$4011_dac,58
605,$4011_dac,58
605,$4011_dac,61
605,$4011_dac,46
605,$4011_dac,46
605,$4011_dac,46
605,$4011_dac,58
605,$4011_dac,61
605,$4011_dac,75
605,$4011_dac,86
605,$4011_dac,96
605,$4011_dac,80
605,$4011_dac,80
605,$4011_dac,80
605,$4011_dac,67
605,$4011_dac,72
605,$4011_dac,67
605,$4011_dac,61
605,$4011_dac,64
605,$4011_dac,64
605,$4011_dac,58
605,$4011_dac,64
605,$4011_dac,80
605,$4011_dac,69
605,$4011_dac,61
605,$4011_dac,58
605,$4011_dac,46
605,$4011_dac,58
605,$4011_dac,80
605,$4011_dac,69
605,$4011_dac,64
605,$4011_dac,72
605,$4011_dac,61
605,$4011_dac,58
605,$4011_dac,65
605,$4011_dac,80
605,$4011_dac,96
605,$4011_dac,80
605,$4011_dac,80
605,$4011_dac,80
605,$4011_dac,75
605,$4011_dac,71
605,$4011_dac,72
605,$4011_dac,71
605,$4011_dac,66
605,$4011_dac,64
605,$4011_dac,61
605,$4011_dac,65
605,$4011_dac,75
605,$4011_dac,71
605,$4011_dac,71
605,$4011_dac,75
605,$4011_dac,71
605,$4011_dac,70
605,$4011_dac,64
605,$4011_dac,70
605,$4011_dac,72
605,$4011_dac,58
605,$4011_dac,46
605,$4011_dac,58
605,$4011_dac,68
605,$4011_dac,67
605,$4011_dac,58
605,$4011_dac,70
605,$4011_dac,71
605,$4011_dac,80
605,$4011_dac,80
605,$4011_dac,69
605,$4011_dac,75
605,$4011_dac,75
605,$4011_dac,61
605,$4011_dac,64
605,$4011_dac,72
605,$4011_dac,69
605,$4011_dac,58
605,$4011_dac,46
605,$4011_dac,46
605,$4011_dac,64
605,$4011_dac,86
605,$4011_dac,68
605,$4011_dac,61
605,$4011_dac,64
605,$4011_dac,67
605,$4011_dac,80
605,$4011_dac,72
605,$4011_dac,67
605,$4011_dac,68
605,$4011_dac,67
605,$4011_dac,80
605,$4011_dac,80
605,$4011_dac,80
605,$4011_dac,80
605,$4011_dac,66
605,$4011_dac,66
605,$4011_dac,72
605,$4011_dac,75
605,$4011_dac,66
605,$4011_dac,61
605,$4011_dac,64
605,$4011_dac,65
605,$4011_dac,64
605,$4011_dac,65
605,$4011_dac,58
605,$4011_dac,61
605,$4011_dac,69
605,$4011_dac,61
605,$4011_dac,64
605,$4011_dac,75
605,$4011_dac,71
605,$4011_dac,58
605,$4011_dac,61
605,$4011_dac,71
605,$4011_dac,80
605,$4011_dac,61
605,$4011_dac,46
605,$4011_dac,66
605,$4011_dac,80
605,$4011_dac,70
605,$4011_dac,58
605,$4011_dac,61
605,$4011_dac,64
605,$4011_dac,75
605,$4011_dac,80
605,$4011_dac,69
605,$4011_dac,61
605,$4011_dac,75
605,$4011_dac,80
605,$4011_dac,68
605,$4011_dac,61
605,$4011_dac,61
605,$4011_dac,68
605,$4011_dac,65
605,$4011_dac,61
605,$4011_dac,58
605,$4011_dac,64
605,$4011_dac,68
605,$4011_dac,66
605,$4011_dac,65
605,$4011_dac,68
605,$4011_dac,72
605,$4011_dac,71
605,$4011_dac,69
605,$4011_dac,72
605,$4011_dac,70
605,$4011_dac,72
605,$4011_dac,72
605,$4011_dac,66
605,$4011_dac,61
605,$4011_dac,64
605,$4011_dac,75
605,$4011_dac,71
605,$4011_dac,61
605,$4011_dac,75
605,$4011_dac,86
605,$4011_dac,80
605,$4011_dac,64
605,$4011_dac,69
605,$4011_dac,80
605,$4011_dac,72
605,$4011_dac,61
605,$4011_dac,68
605,$4011_dac,80
605,$4011_dac,66
605,$4011_dac,61
605,$4011_dac,61
605,$4011_dac,65
605,$4011_dac,71
605,$4011_dac,69
605,$4011_dac,61
605,$4011_dac,64
605,$4011_dac,61
605,$4011_dac,61
605,$4011_dac,61
605,$4011_dac,66
605,$4011_dac,64
605,$4011_dac,65
605,$4011_dac,66
605,$4011_dac,67
605,$4011_dac,72
605,$4011_dac,72
605,$4011_dac,69
605,$4011_dac,72
605,$4011_dac,70
605,$4011_dac,66
605,$4011_dac,67
605,$4011_dac,68
605,$4011_dac,66
605,$4011_dac,65
605,$4011_dac,64
605,$4011_dac,65
605,$4011_dac,66
605,$4011_dac,69
605,$4011_dac,69
605,$4011_dac,69
605,$4011_dac,69
605,$4011_dac,67
605,$4011_dac,69
605,$4011_dac,72
605,$4011_dac,72
605,$4011_dac,70
605,$4011_dac,70
605,$4011_dac,68
605,$4011_dac,66
605,$4011_dac,67
605,$4011_dac,80
605,$4011_dac,75
605,$4011_dac,70
605,$4011_dac,72
605,$4011_dac,69
605,$4011_dac,64
605,$4011_dac,66
605,$4011_dac,68
605,$4011_dac,72
605,$4011_dac,70
605,$4011_dac,66
605,$4011_dac,66
605,$4011_dac,65
605,$4011_dac,66
605,$4011_dac,66
605,$4011_dac,64
605,$4011_dac,64
605,$4011_dac,64
605,$4011_dac,64
605,$4011_dac,64
605,$4011_dac,65
605,$4011_dac,67
605,$4011_dac,66
605,$4011_dac,64
605,$4011_dac,65
605,$4011_dac,71
605,$4011_dac,71
605,$4011_dac,70
605,$4011_dac,70
605,$4011_dac,67
605,$4011_dac,68
605,$4011_dac,72
605,$4011_dac,72
605,$4011_dac,69
605,$4011_dac,69
605,$4011_dac,64
605,$4011_dac,64
605,$4011_dac,68
605,$4011_dac,66
605,$4011_dac,66
605,$4011_dac,67
605,$4011_dac,65
605,$4011_dac,61
605,$4011_dac,66
605,$4011_dac,67
605,$4011_dac,68
605,$4011_dac,69
605,$4011_dac,68
605,$4011_dac,70
605,$4011_dac,71
605,$4011_dac,70
605,$4011_dac,75
605,$4011_dac,75
605,$4011_dac,75
605,$4011_dac,69
605,$4011_dac,69
605,$4011_dac,66
605,$4011_dac,65
605,$4011_dac,67
605,$4011_dac,65
605,$4011_dac,65
605,$4011_dac,70
605,$4011_dac,75
605,$4011_dac,71
605,$4011_dac,71
605,$4011_dac,69
605,$4011_dac,65
605,$4011_dac,66
605,$4011_dac,67
605,$4011_dac,67
605,$4011_dac,65
605,$4011_dac,64
605,$4011_dac,64
605,$4011_dac,61
605,$4011_dac,66
605,$4011_dac,70
605,$4011_dac,70
605,$4011_dac,70
605,$4011_dac,65
605,$4011_dac,61
605,$4011_dac,61
605,$4011_dac,67
605,$4011_dac,69
606,$4011_dac,72
606,$4011_dac,72
606,$4011_dac,65
606,$4011_dac,61
606,$4011_dac,68
606,$4011_dac,72
606,$4011_dac,75
606,$4011_dac,80
606,$4011_dac,70
606,$4011_dac,65
606,$4011_dac,66
606,$4011_dac,64
606,$4011_dac,69
606,$4011_dac,75
606,$4011_dac,72
606,$4011_dac,65
606,$4011_dac,61
606,$4011_dac,70
606,$4011_dac,75
606,$4011_dac,71
606,$4011_dac,70
606,$4011_dac,68
606,$4011_dac,64
606,$4011_dac,64
606,$4011_dac,61
606,$4011_dac,58
606,$4011_dac,64
606,$4011_dac,69
606,$4011_dac,64
606,$4011_dac,66
606,$4011_dac,65
606,$4011_dac,67
606,$4011_dac,72
606,$4011_dac,72
606,$4011_dac,72
606,$4011_dac,75
606,$4011_dac,75
606,$4011_dac,71
606,$4011_dac,68
606,$4011_dac,75
606,$4011_dac,75
606,$4011_dac,66
606,$4011_dac,65
606,$4011_dac,58
606,$4011_dac,61
606,$4011_dac,67
606,$4011_dac,67
606,$4011_dac,72
606,$4011_dac,75
606,$4011_dac,65
606,$4011_dac,61
606,$4011_dac,70
606,$4011_dac,72
606,$4011_dac,72
606,$4011_dac,75
606,$4011_dac,68
606,$4011_dac,64
606,$4011_dac,64
606,$4011_dac,68
606,$4011_dac,72
606,$4011_dac,71
606,$4011_dac,69
606,$4011_dac,65
606,$4011_dac,64
606,$4011_dac,67
606,$4011_dac,67
606,$4011_dac,67
606,$4011_dac,65
606,$4011_dac,61
606,$4011_dac,61
606,$4011_dac,66
606,$4011_dac,71
606,$4011_dac,72
606,$4011_dac,70
606,$4011_dac,69
606,$4011_dac,69
606,$4011_dac,69
606,$4011_dac,69
606,$4011_dac,70
606,$4011_dac,75
606,$4011_dac,71
606,$4011_dac,68
606,$4011_dac,68
606,$4011_dac,68
606,$4011_dac,72
606,$4011_dac,72
606,$4011_dac,70
606,$4011_dac,66
606,$4011_dac,66
606,$4011_dac,66
606,$4011_dac,65
606,$4011_dac,67
606,$4011_dac,71
606,$4011_dac,69
606,$4011_dac,65
606,$4011_dac,65
606,$4011_dac,64
606,$4011_dac,66
606,$4011_dac,72
606,$4011_dac,72
606,$4011_dac,69
606,$4011_dac,75
606,$4011_dac,68
606,$4011_dac,61
606,$4011_dac,64
606,$4011_dac,66
606,$4011_dac,72
606,$4011_dac,75
606,$4011_dac,69
606,$4011_dac,61
606,$4011_dac,64
606,$4011_dac,64
606,$4011_dac,66
606,$4011_dac,65
606,$4011_dac,67
606,$4011_dac,71
606,$4011_dac,70
606,$4011_dac,68
606,$4011_dac,65
606,$4011_dac,67
606,$4011_dac,72
606,$4011_dac,75
606,$4011_dac,75
606,$4011_dac,71
606,$4011_dac,69
606,$4011_dac,67
606,$4011_dac,64
606,$4011_dac,64
606,$4011_dac,68
606,$4011_dac,72
606,$4011_dac,75
606,$4011_dac,66
606,$4011_dac,61
606,$4011_dac,64
606,$4011_dac,64
606,$4011_dac,64
606,$4011_dac,66
606,$4011_dac,66
606,$4011_dac,64
606,$4011_dac,65
606,$4011_dac,66
606,$4011_dac,71
606,$4011_dac,72
606,$4011_dac,75
606,$4011_dac,80
606,$4011_dac,66
606,$4011_dac,70
606,$4011_dac,72
606,$4011_dac,64
606,$4011_dac,72
606,$4011_dac,69
606,$4011_dac,65
606,$4011_dac,68
606,$4011_dac,69
606,$4011_dac,75
606,$4011_dac,80
606,$4011_dac,67
606,$4011_dac,58
606,$4011_dac,64
606,$4011_dac,61
606,$4011_dac,61
606,$4011_dac,64
606,$4011_dac,66
606,$4011_dac,64
606,$4011_dac,66
606,$4011_dac,67
606,$4011_dac,68
606,$4011_dac,80
606,$4011_dac,75
606,$4011_dac,68
606,$4011_dac,68
606,$4011_dac,61
606,$4011_dac,64
606,$4011_dac,64
606,$4011_dac,65
606,$4011_dac,66
606,$4011_dac,67
606,$4011_dac,66
606,$4011_dac,65
606,$4011_dac,69
606,$4011_dac,80
606,$4011_dac,80
606,$4011_dac,75
606,$4011_dac,80
606,$4011_dac,67
606,$4011_dac,61
606,$4011_dac,65
606,$4011_dac,58
606,$4011_dac,64
606,$4011_dac,67
606,$4011_dac,68
606,$4011_dac,69
606,$4011_dac,67
606,$4011_dac,68
606,$4011_dac,69
606,$4011_dac,69
606,$4011_dac,75
606,$4011_dac,70
606,$4011_dac,69
606,$4011_dac,72
606,$4011_dac,69
606,$4011_dac,70
606,$4011_dac,66
606,$4011_dac,61
606,$4011_dac,58
606,$4011_dac,64
606,$4011_dac,71
606,$4011_dac,71
606,$4011_dac,75
606,$4011_dac,69
606,$4011_dac,61
606,$4011_dac,67
606,$4011_dac,68
606,$4011_dac,70
606,$4011_dac,75
606,$4011_dac,72
606,$4011_dac,70
606,$4011_dac,65
606,$4011_dac,64
606,$4011_dac,75
606,$4011_dac,80
606,$4011_dac,75
606,$4011_dac,72
606,$4011_dac,67
606,$4011_dac,61
606,$4011_dac,58
606,$4011_dac,61
606,$4011_dac,66
606,$4011_dac,69
606,$4011_dac,69
606,$4011_dac,65
606,$4011_dac,66
606,$4011_dac,69
606,$4011_dac,72
606,$4011_dac,75
606,$4011_dac,80
606,$4011_dac,72
606,$4011_dac,64
606,$4011_dac,61
606,$4011_dac,58
606,$4011_dac,61
606,$4011_dac,67
606,$4011_dac,70
606,$4011_dac,66
606,$4011_dac,58
606,$4011_dac,58
606,$4011_dac,67
606,$4011_dac,75
606,$4011_dac,75
606,$4011_dac,80
606,$4011_dac,75
606,$4011_dac,72
606,$4011_dac,61
606,$4011_dac,61
606,$4011_dac,69
606,$4011_dac,69
606,$4011_dac,69
606,$4011_dac,70
606,$4011_dac,67
606,$4011_dac,67
606,$4011_dac,69
606,$4011_dac,68
606,$4011_dac,66
606,$4011_dac,69
606,$4011_dac,71
606,$4011_dac,71
606,$4011_dac,68
606,$4011_dac,67
606,$4011_dac,65
606,$4011_dac,64
606,$4011_dac,64
606,$4011_dac,64
606,$4011_dac,64
606,$4011_dac,69
606,$4011_dac,69
606,$4011_dac,69
606,$4011_dac,72
606,$4011_dac,69
606,$4011_dac,72
606,$4011_dac,80
606,$4011_dac,71
606,$4011_dac,64
606,$4011_dac,64
606,$4011_dac,67
606,$4011_dac,66
606,$4011_dac,68
606,$4011_dac,68
606,$4011_dac,67
606,$4011_dac,70
606,$4011_dac,69
606,$4011_dac,72
606,$4011_dac,75
606,$4011_dac,75
606,$4011_dac,72
606,$4011_dac,69
606,$4011_dac,70
606,$4011_dac,61
606,$4011_dac,58
606,$4011_dac,58
606,$4011_dac,61
606,$4011_dac,65
606,$4011_dac,65
606,$4011_dac,67
606,$4011_dac,69
606,$4011_dac,75
606,$4011_dac,75
606,$4011_dac,69
606,$4011_dac,68
606,$4011_dac,72
606,$4011_dac,65
606,$4011_dac,68
606,$4011_dac,69
606,$4011_dac,70
606,$4011_dac,64
606,$4011_dac,58
606,$4011_dac,64
606,$4011_dac,58
606,$4011_dac,64
606,$4011_dac,67
606,$4011_dac,69
606,$4011_dac,68
606,$4011_dac,66
606,$4011_dac,75
606,$4011_dac,75
606,$4011_dac,67
606,$4011_dac,75
606,$4011_dac,68
606,$4011_dac,61
606,$4011_dac,68
606,$4011_dac,71
606,$4011_dac,72
606,$4011_dac,68
606,$4011_dac,67
606,$4011_dac,68
606,$4011_dac,61
606,$4011_dac,64
606,$4011_dac,75
606,$4011_dac,80
606,$4011_dac,68
606,$4011_dac,61
606,$4011_dac,61
606,$4011_dac,64
606,$4011_dac,64
606,$4011_dac,65
606,$4011_dac,68
606,$4011_dac,68
606,$4011_dac,72
606,$4011_dac,72
606,$4011_dac,72
606,$4011_dac,80
606,$4011_dac,75
606,$4011_dac,65
606,$4011_dac,58
606,$4011_dac,58
606,$4011_dac,64
606,$4011_dac,72
606,$4011_dac,71
606,$4011_dac,68
607,$4011_dac,75
607,$4011_dac,72
607,$4011_dac,64
607,$4011_dac,64
607,$4011_dac,71
607,$4011_dac,70
607,$4011_dac,69
607,$4011_dac,64
607,$4011_dac,61
607,$4011_dac,64
607,$4011_dac,64
607,$4011_dac,72
607,$4011_dac,72
607,$4011_dac,72
607,$4011_dac,72
607,$4011_dac,58
607,$4011_dac,61
607,$4011_dac,71
607,$4011_dac,75
607,$4011_dac,66
607,$4011_dac,58
607,$4011_dac,69
607,$4011_dac,71
607,$4011_dac,75
607,$4011_dac,75
607,$4011_dac,66
607,$4011_dac,80
607,$4011_dac,80
607,$4011_dac,70
607,$4011_dac,72
607,$4011_dac,61
607,$4011_dac,69
607,$4011_dac,70
607,$4011_dac,61
607,$4011_dac,75
607,$4011_dac,68
607,$4011_dac,80
607,$4011_dac,64
607,$4011_dac,58
607,$4011_dac,72
607,$4011_dac,65
607,$4011_dac,64
607,$4011_dac,61
607,$4011_dac,61
607,$4011_dac,75
607,$4011_dac,64
607,$4011_dac,64
607,$4011_dac,67
607,$4011_dac,68
607,$4011_dac,80
607,$4011_dac,71
607,$4011_dac,61
607,$4011_dac,68
607,$4011_dac,68
607,$4011_dac,75
607,$4011_dac,70
607,$4011_dac,61
607,$4011_dac,61
607,$4011_dac,58
607,$4011_dac,69
607,$4011_dac,70
607,$4011_dac,71
607,$4011_dac,69
607,$4011_dac,61
607,$4011_dac,70
607,$4011_dac,75
607,$4011_dac,71
607,$4011_dac,61
607,$4011_dac,58
607,$4011_dac,61
607,$4011_dac,58
607,$4011_dac,71
607,$4011_dac,80
607,$4011_dac,72
607,$4011_dac,64
607,$4011_dac,71
607,$4011_dac,67
607,$4011_dac,65
607,$4011_dac,68
607,$4011_dac,80
607,$4011_dac,75
607,$4011_dac,64
607,$4011_dac,68
607,$4011_dac,66
607,$4011_dac,64
607,$4011_dac,61
607,$4011_dac,64
607,$4011_dac,75
607,$4011_dac,80
607,$4011_dac,80
607,$4011_dac,68
607,$4011_dac,68
607,$4011_dac,64
607,$4011_dac,70
607,$4011_dac,68
607,$4011_dac,65
607,$4011_dac,75
607,$4011_dac,65
607,$4011_dac,64
607,$4011_dac,64
607,$4011_dac,66
607,$4011_dac,65
607,$4011_dac,66
607,$4011_dac,70
607,$4011_dac,64
607,$4011_dac,66
607,$4011_dac,61
607,$4011_dac,67
607,$4011_dac,72
607,$4011_dac,71
607,$4011_dac,75
607,$4011_dac,65
607,$4011_dac,61
607,$4011_dac,68
607,$4011_dac,61
607,$4011_dac,67
607,$4011_dac,75
607,$4011_dac,65
607,$4011_dac,58
607,$4011_dac,61
607,$4011_dac,67
607,$4011_dac,72
607,$4011_dac,66
607,$4011_dac,58
607,$4011_dac,58
607,$4011_dac,72
607,$4011_dac,69
607,$4011_dac,70
607,$4011_dac,72
607,$4011_dac,71
607,$4011_dac,64
607,$4011_dac,64
607,$4011_dac,75
607,$4011_dac,75
607,$4011_dac,66
607,$4011_dac,69
607,$4011_dac,69
607,$4011_dac,64
607,$4011_dac,61
607,$4011_dac,75
607,$4011_dac,80
607,$4011_dac,66
607,$4011_dac,64
607,$4011_dac,72
607,$4011_dac,72
607,$4011_dac,75
607,$4011_dac,72
607,$4011_dac,72
607,$4011_dac,67
607,$4011_dac,61
607,$4011_dac,64
607,$4011_dac,61
607,$4011_dac,61
607,$4011_dac,72
607,$4011_dac,66
607,$4011_dac,67
607,$4011_dac,71
607,$4011_dac,61
607,$4011_dac,65
607,$4011_dac,72
607,$4011_dac,80
607,$4011_dac,80
607,$4011_dac,80
607,$4011_dac,75
607,$4011_dac,67
607,$4011_dac,80
607,$4011_dac,67
607,$4011_dac,61
607,$4011_dac,66
607,$4011_dac,75
607,$4011_dac,61
607,$4011_dac,58
607,$4011_dac,64
607,$4011_dac,58
607,$4011_dac,68
607,$4011_dac,72
607,$4011_dac,58
607,$4011_dac,64
607,$4011_dac,70
607,$4011_dac,75
607,$4011_dac,65
607,$4011_dac,58
607,$4011_dac,70
607,$4011_dac,64
607,$4011_dac,58
607,$4011_dac,64
607,$4011_dac,66
607,$4011_dac,61
607,$4011_dac,75
607,$4011_dac,72
607,$4011_dac,61
607,$4011_dac,75
607,$4011_dac,80
607,$4011_dac,71
607,$4011_dac,69
607,$4011_dac,66
607,$4011_dac,61
607,$4011_dac,75
607,$4011_dac,80
607,$4011_dac,64
607,$4011_dac,80
607,$4011_dac,72
607,$4011_dac,69
607,$4011_dac,70
607,$4011_dac,61
607,$4011_dac,68
607,$4011_dac,80
607,$4011_dac,72
607,$4011_dac,70
607,$4011_dac,61
607,$4011_dac,67
607,$4011_dac,75
607,$4011_dac,61
607,$4011_dac,46
607,$4011_dac,61
607,$4011_dac,72
607,$4011_dac,70
607,$4011_dac,72
607,$4011_dac,75
607,$4011_dac,80
607,$4011_dac,69
607,$4011_dac,72
607,$4011_dac,67
607,$4011_dac,58
607,$4011_dac,61
607,$4011_dac,72
607,$4011_dac,68
607,$4011_dac,58
607,$4011_dac,61
607,$4011_dac,75
607,$4011_dac,61
607,$4011_dac,61
607,$4011_dac,65
607,$4011_dac,64
607,$4011_dac,72
607,$4011_dac,75
607,$4011_dac,70
607,$4011_dac,67
607,$4011_dac,69
607,$4011_dac,72
607,$4011_dac,75
607,$4011_dac,80
607,$4011_dac,70
607,$4011_dac,80
607,$4011_dac,86
607,$4011_dac,72
607,$4011_dac,75
607,$4011_dac,75
607,$4011_dac,64
607,$4011_dac,58
607,$4011_dac,69
607,$4011_dac,58
607,$4011_dac,58
607,$4011_dac,70
607,$4011_dac,72
607,$4011_dac,58
607,$4011_dac,64
607,$4011_dac,61
607,$4011_dac,75
607,$4011_dac,75
607,$4011_dac,58
607,$4011_dac,61
607,$4011_dac,80
607,$4011_dac,75
607,$4011_dac,46
607,$4011_dac,46
607,$4011_dac,65
607,$4011_dac,80
607,$4011_dac,75
607,$4011_dac,72
607,$4011_dac,72
607,$4011_dac,80
607,$4011_dac,71
607,$4011_dac,69
607,$4011_dac,75
607,$4011_dac,75
607,$4011_dac,72
607,$4011_dac,58
607,$4011_dac,58
607,$4011_dac,64
607,$4011_dac,71
607,$4011_dac,69
607,$4011_dac,64
607,$4011_dac,58
607,$4011_dac,64
607,$4011_dac,66
607,$4011_dac,65
607,$4011_dac,58
607,$4011_dac,58
607,$4011_dac,75
607,$4011_dac,72
607,$4011_dac,65
607,$4011_dac,64
607,$4011_dac,72
607,$4011_dac,75
607,$4011_dac,66
607,$4011_dac,64
607,$4011_dac,75
607,$4011_dac,86
607,$4011_dac,72
607,$4011_dac,58
607,$4011_dac,58
607,$4011_dac,64
607,$4011_dac,80
607,$4011_dac,72
607,$4011_dac,66
607,$4011_dac,70
607,$4011_dac,68
607,$4011_dac,65
607,$4011_dac,64
607,$4011_dac,72
607,$4011_dac,67
607,$4011_dac,61
607,$4011_dac,65
607,$4011_dac,70
607,$4011_dac,61
607,$4011_dac,58
607,$4011_dac,61
607,$4011_dac,75
607,$4011_dac,75
607,$4011_dac,61
607,$4011_dac,69
607,$4011_dac,68
607,$4011_dac,72
607,$4011_dac,70
607,$4011_dac,61
607,$4011_dac,68
607,$4011_dac,72
607,$4011_dac,68
607,$4011_dac,65
607,$4011_dac,64
607,$4011_dac,64
607,$4011_dac,58
607,$4011_dac,58
607,$4011_dac,69
607,$4011_dac,75
607,$4011_dac,69
607,$4011_dac,68
607,$4011_dac,61
607,$4011_dac,66
607,$4011_dac,71
607,$4011_dac,70
607,$4011_dac,69
607,$4011_dac,67
607,$4011_dac,61
607,$4011_dac,66
607,$4011_dac,75
607,$4011_dac,72
607,$4011_dac,67
607,$4011_dac,71
607,$4011_dac,71
607,$4011_dac,70
607,$4011_dac,75
607,$4011_dac,75
607,$4011_dac,80
607,$4011_dac,72
607,$4011_dac,65
607,$4011_dac,68
608,$4011_dac,72
608,$4011_dac,61
608,$4011_dac,64
608,$4011_dac,75
608,$4011_dac,80
608,$4011_dac,58
608,$4011_dac,58
608,$4011_dac,68
608,$4011_dac,80
608,$4011_dac,68
608,$4011_dac,58
608,$4011_dac,61
608,$4011_dac,65
608,$4011_dac,72
608,$4011_dac,66
608,$4011_dac,64
608,$4011_dac,68
608,$4011_dac,67
608,$4011_dac,70
608,$4011_dac,75
608,$4011_dac,71
608,$4011_dac,70
608,$4011_dac,69
608,$4011_dac,68
608,$4011_dac,66
608,$4011_dac,67
608,$4011_dac,75
608,$4011_dac,68
608,$4011_dac,64
608,$4011_dac,67
608,$4011_dac,80
608,$4011_dac,72
608,$4011_dac,61
608,$4011_dac,58
608,$4011_dac,66
608,$4011_dac,66
608,$4011_dac,64
608,$4011_dac,61
608,$4011_dac,67
608,$4011_dac,70
608,$4011_dac,61
608,$4011_dac,58
608,$4011_dac,67
608,$4011_dac,75
608,$4011_dac,71
608,$4011_dac,67
608,$4011_dac,72
608,$4011_dac,72
608,$4011_dac,65
608,$4011_dac,64
608,$4011_dac,67
608,$4011_dac,68
608,$4011_dac,66
608,$4011_dac,65
608,$4011_dac,72
608,$4011_dac,75
608,$4011_dac,69
608,$4011_dac,68
608,$4011_dac,75
608,$4011_dac,75
608,$4011_dac,64
608,$4011_dac,64
608,$4011_dac,66
608,$4011_dac,68
608,$4011_dac,61
608,$4011_dac,64
608,$4011_dac,67
608,$4011_dac,68
608,$4011_dac,64
608,$4011_dac,65
608,$4011_dac,69
608,$4011_dac,71
608,$4011_dac,75
608,$4011_dac,72
608,$4011_dac,69
608,$4011_dac,67
608,$4011_dac,65
608,$4011_dac,61
608,$4011_dac,66
608,$4011_dac,68
608,$4011_dac,65
608,$4011_dac,68
608,$4011_dac,67
608,$4011_dac,67
608,$4011_dac,67
608,$4011_dac,71
608,$4011_dac,75
608,$4011_dac,69
608,$4011_dac,64
608,$4011_dac,64
608,$4011_dac,66
608,$4011_dac,69
608,$4011_dac,68
608,$4011_dac,66
608,$4011_dac,65
608,$4011_dac,66
608,$4011_dac,66
608,$4011_dac,66
608,$4011_dac,71
608,$4011_dac,80
608,$4011_dac,71
608,$4011_dac,64
608,$4011_dac,67
608,$4011_dac,67
608,$4011_dac,64
608,$4011_dac,65
608,$4011_dac,66
608,$4011_dac,67
608,$4011_dac,69
608,$4011_dac,67
608,$4011_dac,65
608,$4011_dac,67
608,$4011_dac,70
608,$4011_dac,69
608,$4011_dac,69
608,$4011_dac,72
608,$4011_dac,75
608,$4011_dac,70
608,$4011_dac,66
608,$4011_dac,65
608,$4011_dac,66
608,$4011_dac,65
608,$4011_dac,65
608,$4011_dac,66
608,$4011_dac,68
608,$4011_dac,70
608,$4011_dac,67
608,$4011_dac,64
608,$4011_dac,68
608,$4011_dac,72
608,$4011_dac,72
608,$4011_dac,72
608,$4011_dac,68
608,$4011_dac,72
608,$4011_dac,75
608,$4011_dac,72
608,$4011_dac,65
608,$4011_dac,68
608,$4011_dac,66
608,$4011_dac,61
608,$4011_dac,61
608,$4011_dac,72
608,$4011_dac,71
608,$4011_dac,58
608,$4011_dac,58
608,$4011_dac,58
608,$4011_dac,66
608,$4011_dac,64
608,$4011_dac,58
608,$4011_dac,65
608,$4011_dac,80
608,$4011_dac,72
608,$4011_dac,66
608,$4011_dac,64
608,$4011_dac,70
608,$4011_dac,80
608,$4011_dac,69
608,$4011_dac,61
608,$4011_dac,70
608,$4011_dac,80
608,$4011_dac,75
608,$4011_dac,64
608,$4011_dac,61
608,$4011_dac,72
608,$4011_dac,75
608,$4011_dac,80
608,$4011_dac,75
608,$4011_dac,61
608,$4011_dac,70
608,$4011_dac,86
608,$4011_dac,75
608,$4011_dac,58
608,$4011_dac,58
608,$4011_dac,72
608,$4011_dac,75
608,$4011_dac,61
608,$4011_dac,58
608,$4011_dac,67
608,$4011_dac,75
608,$4011_dac,72
608,$4011_dac,64
608,$4011_dac,65
608,$4011_dac,68
608,$4011_dac,75
608,$4011_dac,69
608,$4011_dac,64
608,$4011_dac,69
608,$4011_dac,72
608,$4011_dac,71
608,$4011_dac,66
608,$4011_dac,58
608,$4011_dac,46
608,$4011_dac,71
608,$4011_dac,72
608,$4011_dac,61
608,$4011_dac,58
608,$4011_dac,69
608,$4011_dac,80
608,$4011_dac,64
608,$4011_dac,46
608,$4011_dac,58
608,$4011_dac,75
608,$4011_dac,75
608,$4011_dac,58
608,$4011_dac,58
608,$4011_dac,75
608,$4011_dac,96
608,$4011_dac,86
608,$4011_dac,70
608,$4011_dac,61
608,$4011_dac,66
608,$4011_dac,96
608,$4011_dac,80
608,$4011_dac,58
608,$4011_dac,58
608,$4011_dac,75
608,$4011_dac,80
608,$4011_dac,58
608,$4011_dac,46
608,$4011_dac,66
608,$4011_dac,80
608,$4011_dac,86
608,$4011_dac,67
608,$4011_dac,58
608,$4011_dac,75
608,$4011_dac,80
608,$4011_dac,61
608,$4011_dac,58
608,$4011_dac,66
608,$4011_dac,71
608,$4011_dac,75
608,$4011_dac,61
608,$4011_dac,61
608,$4011_dac,65
608,$4011_dac,70
608,$4011_dac,72
608,$4011_dac,64
608,$4011_dac,67
608,$4011_dac,69
608,$4011_dac,58
608,$4011_dac,61
608,$4011_dac,80
608,$4011_dac,65
608,$4011_dac,46
608,$4011_dac,58
608,$4011_dac,75
608,$4011_dac,72
608,$4011_dac,58
608,$4011_dac,58
608,$4011_dac,72
608,$4011_dac,72
608,$4011_dac,61
608,$4011_dac,58
608,$4011_dac,64
608,$4011_dac,86
608,$4011_dac,86
608,$4011_dac,66
608,$4011_dac,64
608,$4011_dac,96
608,$4011_dac,86
608,$4011_dac,64
608,$4011_dac,58
608,$4011_dac,75
608,$4011_dac,96
608,$4011_dac,86
608,$4011_dac,58
608,$4011_dac,58
608,$4011_dac,80
608,$4011_dac,72
608,$4011_dac,58
608,$4011_dac,58
608,$4011_dac,80
608,$4011_dac,86
608,$4011_dac,71
608,$4011_dac,46
608,$4011_dac,64
608,$4011_dac,80
608,$4011_dac,75
608,$4011_dac,64
608,$4011_dac,61
608,$4011_dac,80
608,$4011_dac,86
608,$4011_dac,71
608,$4011_dac,58
608,$4011_dac,58
608,$4011_dac,65
608,$4011_dac,80
608,$4011_dac,75
608,$4011_dac,46
608,$4011_dac,58
608,$4011_dac,80
608,$4011_dac,86
608,$4011_dac,64
608,$4011_dac,46
608,$4011_dac,46
608,$4011_dac,75
608,$4011_dac,75
608,$4011_dac,46
608,$4011_dac,61
608,$4011_dac,80
608,$4011_dac,96
608,$4011_dac,70
608,$4011_dac,58
608,$4011_dac,67
608,$4011_dac,96
608,$4011_dac,80
608,$4011_dac,58
608,$4011_dac,66
608,$4011_dac,96
608,$4011_dac,80
608,$4011_dac,46
608,$4011_dac,46
608,$4011_dac,71
608,$4011_dac,96
608,$4011_dac,65
608,$4011_dac,46
608,$4011_dac,58
608,$4011_dac,80
608,$4011_dac,61
608,$4011_dac,46
608,$4011_dac,46
608,$4011_dac,80
608,$4011_dac,80
608,$4011_dac,64
608,$4011_dac,61
608,$4011_dac,80
608,$4011_dac,96
608,$4011_dac,64
608,$4011_dac,46
608,$4011_dac,46
608,$4011_dac,80
608,$4011_dac,66
608,$4011_dac,46
608,$4011_dac,46
608,$4011_dac,80
608,$4011_dac,86
608,$4011_dac,58
608,$4011_dac,46
608,$4011_dac,75
608,$4011_dac,86
608,$4011_dac,58
608,$4011_dac,46
608,$4011_dac,46
608,$4011_dac,86
608,$4011_dac,96
608,$4011_dac,58
608,$4011_dac,64
608,$4011_dac,96
608,$4011_dac,96
608,$4011_dac,58
608,$4011_dac,46
608,$4011_dac,68
608,$4011_dac,96
608,$4011_dac,71
608,$4011_dac,46
608,$4011_dac,58
608,$4011_dac,86
609,$4011_dac,86
609,$4011_dac,46
609,$4011_dac,46
609,$4011_dac,72
609,$4011_dac,80
609,$4011_dac,58
609,$4011_dac,58
609,$4011_dac,65
609,$4011_dac,86
609,$4011_dac,86
609,$4011_dac,64
609,$4011_dac,58
609,$4011_dac,46
609,$4011_dac,46
609,$4011_dac,75
609,$4011_dac,75
609,$4011_dac,64
609,$4011_dac,58
609,$4011_dac,86
609,$4011_dac,96
609,$4011_dac,68
609,$4011_dac,46
609,$4011_dac,64
609,$4011_dac,86
609,$4011_dac,86
609,$4011_dac,58
609,$4011_dac,69
609,$4011_dac,96
609,$4011_dac,96
609,$4011_dac,67
609,$4011_dac,58
609,$4011_dac,80
609,$4011_dac,80
609,$4011_dac,46
609,$4011_dac,46
609,$4011_dac,71
609,$4011_dac,86
609,$4011_dac,61
609,$4011_dac,46
609,$4011_dac,58
609,$4011_dac,75
609,$4011_dac,75
609,$4011_dac,58
609,$4011_dac,58
609,$4011_dac,75
609,$4011_dac,86
609,$4011_dac,61
609,$4011_dac,75
609,$4011_dac,96
609,$4011_dac,96
609,$4011_dac,80
609,$4011_dac,46
609,$4011_dac,46
609,$4011_dac,58
609,$4011_dac,64
609,$4011_dac,46
609,$4011_dac,46
609,$4011_dac,80
609,$4011_dac,96
609,$4011_dac,80
609,$4011_dac,46
609,$4011_dac,61
609,$4011_dac,86
609,$4011_dac,80
609,$4011_dac,46
609,$4011_dac,58
609,$4011_dac,80
609,$4011_dac,96
609,$4011_dac,75
609,$4011_dac,58
609,$4011_dac,70
609,$4011_dac,86
609,$4011_dac,58
609,$4011_dac,46
609,$4011_dac,64
609,$4011_dac,86
609,$4011_dac,86
609,$4011_dac,46
609,$4011_dac,46
609,$4011_dac,75
609,$4011_dac,72
609,$4011_dac,58
609,$4011_dac,61
609,$4011_dac,75
609,$4011_dac,96
609,$4011_dac,71
609,$4011_dac,64
609,$4011_dac,80
609,$4011_dac,86
609,$4011_dac,86
609,$4011_dac,72
609,$4011_dac,58
609,$4011_dac,46
609,$4011_dac,46
609,$4011_dac,64
609,$4011_dac,58
609,$4011_dac,46
609,$4011_dac,46
609,$4011_dac,80
609,$4011_dac,75
609,$4011_dac,46
609,$4011_dac,58
609,$4011_dac,86
609,$4011_dac,96
609,$4011_dac,86
609,$4011_dac,72
609,$4011_dac,96
609,$4011_dac,96
609,$4011_dac,75
609,$4011_dac,58
609,$4011_dac,58
609,$4011_dac,96
609,$4011_dac,75
609,$4011_dac,46
609,$4011_dac,46
609,$4011_dac,69
609,$4011_dac,80
609,$4011_dac,61
609,$4011_dac,58
609,$4011_dac,86
609,$4011_dac,96
609,$4011_dac,70
609,$4011_dac,58
609,$4011_dac,58
609,$4011_dac,80
609,$4011_dac,80
609,$4011_dac,96
609,$4011_dac,86
609,$4011_dac,46
609,$4011_dac,46
609,$4011_dac,46
609,$4011_dac,46
609,$4011_dac,69
609,$4011_dac,58
609,$4011_dac,46
609,$4011_dac,75
609,$4011_dac,80
609,$4011_dac,61
609,$4011_dac,80
609,$4011_dac,96
609,$4011_dac,96
609,$4011_dac,96
609,$4011_dac,69
609,$4011_dac,46
609,$4011_dac,46
609,$4011_dac,75
609,$4011_dac,58
609,$4011_dac,46
609,$4011_dac,46
609,$4011_dac,71
609,$4011_dac,61
609,$4011_dac,46
609,$4011_dac,46
609,$4011_dac,80
609,$4011_dac,96
609,$4011_dac,71
609,$4011_dac,86
609,$4011_dac,96
609,$4011_dac,96
609,$4011_dac,61
609,$4011_dac,46
609,$4011_dac,58
609,$4011_dac,72
609,$4011_dac,64
609,$4011_dac,72
609,$4011_dac,80
609,$4011_dac,46
609,$4011_dac,46
609,$4011_dac,58
609,$4011_dac,70
609,$4011_dac,65
609,$4011_dac,46
609,$4011_dac,70
609,$4011_dac,86
609,$4011_dac,65
609,$4011_dac,67
609,$4011_dac,96
609,$4011_dac,96
609,$4011_dac,86
609,$4011_dac,46
609,$4011_dac,58
609,$4011_dac,69
609,$4011_dac,58
609,$4011_dac,46
609,$4011_dac,46
609,$4011_dac,46
609,$4011_dac,80
609,$4011_dac,86
609,$4011_dac,61
609,$4011_dac,58
609,$4011_dac,86
609,$4011_dac,96
609,$4011_dac,75
609,$4011_dac,96
609,$4011_dac,96
609,$4011_dac,80
609,$4011_dac,46
609,$4011_dac,46
609,$4011_dac,46
609,$4011_dac,46
609,$4011_dac,61
609,$4011_dac,80
609,$4011_dac,96
609,$4011_dac,96
609,$4011_dac,69
609,$4011_dac,46
609,$4011_dac,75
609,$4011_dac,96
609,$4011_dac,96
609,$4011_dac,67
609,$4011_dac,86
609,$4011_dac,86
609,$4011_dac,86
609,$4011_dac,58
609,$4011_dac,75
609,$4011_dac,86
609,$4011_dac,58
609,$4011_dac,46
609,$4011_dac,46
609,$4011_dac,96
609,$4011_dac,80
609,$4011_dac,61
609,$4011_dac,75
609,$4011_dac,75
609,$4011_dac,46
609,$4011_dac,46
609,$4011_dac,72
609,$4011_dac,80
609,$4011_dac,64
609,$4011_dac,64
609,$4011_dac,72
609,$4011_dac,75
609,$4011_dac,64
609,$4011_dac,75
609,$4011_dac,80
609,$4011_dac,58
609,$4011_dac,58
609,$4011_dac,86
609,$4011_dac,86
609,$4011_dac,96
609,$4011_dac,96
609,$4011_dac,58
609,$4011_dac,46
609,$4011_dac,46
609,$4011_dac,61
609,$4011_dac,69
609,$4011_dac,58
609,$4011_dac,64
609,$4011_dac,86
609,$4011_dac,68
609,$4011_dac,46
609,$4011_dac,71
609,$4011_dac,96
609,$4011_dac,71
609,$4011_dac,46
609,$4011_dac,46
609,$4011_dac,72
609,$4011_dac,80
609,$4011_dac,58
609,$4011_dac,58
609,$4011_dac,61
609,$4011_dac,46
609,$4011_dac,58
609,$4011_dac,86
609,$4011_dac,96
609,$4011_dac,86
609,$4011_dac,65
609,$4011_dac,46
609,$4011_dac,46
609,$4011_dac,61
609,$4011_dac,69
609,$4011_dac,72
609,$4011_dac,75
609,$4011_dac,80
609,$4011_dac,86
609,$4011_dac,80
609,$4011_dac,86
609,$4011_dac,96
609,$4011_dac,96
609,$4011_dac,80
609,$4011_dac,46
609,$4011_dac,46
609,$4011_dac,46
609,$4011_dac,46
609,$4011_dac,46
609,$4011_dac,61
609,$4011_dac,80
609,$4011_dac,58
609,$4011_dac,69
609,$4011_dac,96
609,$4011_dac,86
609,$4011_dac,96
609,$4011_dac,80
609,$4011_dac,46
609,$4011_dac,46
609,$4011_dac,58
609,$4011_dac,64
609,$4011_dac,58
609,$4011_dac,75
609,$4011_dac,75
609,$4011_dac,58
609,$4011_dac,46
609,$4011_dac,46
609,$4011_dac,68
609,$4011_dac,96
609,$4011_dac,96
609,$4011_dac,96
609,$4011_dac,86
609,$4011_dac,46
609,$4011_dac,46
609,$4011_dac,46
609,$4011_dac,58
609,$4011_dac,75
609,$4011_dac,96
609,$4011_dac,61
609,$4011_dac,46
609,$4011_dac,61
609,$4011_dac,72
609,$4011_dac,61
609,$4011_dac,80
609,$4011_dac,96
609,$4011_dac,80
609,$4011_dac,46
609,$4011_dac,66
609,$4011_dac,61
609,$4011_dac,58
609,$4011_dac,86
609,$4011_dac,80
609,$4011_dac,58
609,$4011_dac,46
609,$4011_dac,46
609,$4011_dac,67
609,$4011_dac,96
609,$4011_dac,96
609,$4011_dac,86
609,$4011_dac,58
609,$4011_dac,58
609,$4011_dac,46
609,$4011_dac,46
609,$4011_dac,80
609,$4011_dac,96
609,$4011_dac,96
609,$4011_dac,46
609,$4011_dac,46
609,$4011_dac,46
609,$4011_dac,75
609,$4011_dac,96
609,$4011_dac,86
609,$4011_dac,46
609,$4011_dac,58
609,$4011_dac,80
609,$4011_dac,66
609,$4011_dac,61
609,$4011_dac,96
609,$4011_dac,86
609,$4011_dac,58
609,$4011_dac,61
609,$4011_dac,80
610,$4011_dac,72
610,$4011_dac,80
610,$4011_dac,69
610,$4011_dac,46
610,$4011_dac,65
610,$4011_dac,64
610,$4011_dac,46
610,$4011_dac,58
610,$4011_dac,86
610,$4011_dac,96
610,$4011_dac,80
610,$4011_dac,67
610,$4011_dac,75
610,$4011_dac,58
610,$4011_dac,66
610,$4011_dac,96
610,$4011_dac,69
610,$4011_dac,58
610,$4011_dac,61
610,$4011_dac,46
610,$4011_dac,46
610,$4011_dac,86
610,$4011_dac,96
610,$4011_dac,96
610,$4011_dac,75
610,$4011_dac,46
610,$4011_dac,46
610,$4011_dac,46
610,$4011_dac,58
610,$4011_dac,58
610,$4011_dac,80
610,$4011_dac,96
610,$4011_dac,61
610,$4011_dac,46
610,$4011_dac,65
610,$4011_dac,80
610,$4011_dac,96
610,$4011_dac,72
610,$4011_dac,58
610,$4011_dac,58
610,$4011_dac,46
610,$4011_dac,46
610,$4011_dac,75
610,$4011_dac,96
610,$4011_dac,96
610,$4011_dac,80
610,$4011_dac,46
610,$4011_dac,46
610,$4011_dac,46
610,$4011_dac,61
610,$4011_dac,96
610,$4011_dac,96
610,$4011_dac,96
610,$4011_dac,71
610,$4011_dac,46
610,$4011_dac,46
610,$4011_dac,46
610,$4011_dac,46
610,$4011_dac,46
610,$4011_dac,58
610,$4011_dac,80
610,$4011_dac,80
610,$4011_dac,96
610,$4011_dac,96
610,$4011_dac,80
610,$4011_dac,86
610,$4011_dac,96
610,$4011_dac,96
610,$4011_dac,86
610,$4011_dac,61
610,$4011_dac,46
610,$4011_dac,46
610,$4011_dac,61
610,$4011_dac,86
610,$4011_dac,96
610,$4011_dac,96
610,$4011_dac,86
610,$4011_dac,61
610,$4011_dac,46
610,$4011_dac,58
610,$4011_dac,80
610,$4011_dac,96
610,$4011_dac,96
610,$4011_dac,86
610,$4011_dac,46
610,$4011_dac,46
610,$4011_dac,46
610,$4011_dac,46
610,$4011_dac,46
610,$4011_dac,46
610,$4011_dac,46
610,$4011_dac,69
610,$4011_dac,80
610,$4011_dac,96
610,$4011_dac,96
610,$4011_dac,80
610,$4011_dac,61
610,$4011_dac,75
610,$4011_dac,86
610,$4011_dac,96
610,$4011_dac,80
610,$4011_dac,46
610,$4011_dac,46
610,$4011_dac,46
610,$4011_dac,61
610,$4011_dac,96
610,$4011_dac,96
610,$4011_dac,96
610,$4011_dac,96
610,$4011_dac,46
610,$4011_dac,46
610,$4011_dac,46
610,$4011_dac,46
610,$4011_dac,68
610,$4011_dac,86
610,$4011_dac,75
610,$4011_dac,80
610,$4011_dac,64
610,$4011_dac,46
610,$4011_dac,46
610,$4011_dac,46
610,$4011_dac,58
610,$4011_dac,61
610,$4011_dac,68
610,$4011_dac,96
610,$4011_dac,86
610,$4011_dac,64
610,$4011_dac,80
610,$4011_dac,64
610,$4011_dac,58
610,$4011_dac,86
610,$4011_dac,86
610,$4011_dac,58
610,$4011_dac,46
610,$4011_dac,46
610,$4011_dac,46
610,$4011_dac,72
610,$4011_dac,96
610,$4011_dac,96
610,$4011_dac,86
610,$4011_dac,80
610,$4011_dac,58
610,$4011_dac,46
610,$4011_dac,58
610,$4011_dac,96
610,$4011_dac,96
610,$4011_dac,96
610,$4011_dac,86
610,$4011_dac,46
610,$4011_dac,46
610,$4011_dac,46
610,$4011_dac,46
610,$4011_dac,58
610,$4011_dac,67
610,$4011_dac,65
610,$4011_dac,86
610,$4011_dac,86
610,$4011_dac,65
610,$4011_dac,75
610,$4011_dac,75
610,$4011_dac,65
610,$4011_dac,96
610,$4011_dac,80
610,$4011_dac,58
610,$4011_dac,69
610,$4011_dac,58
610,$4011_dac,46
610,$4011_dac,64
610,$4011_dac,86
610,$4011_dac,96
610,$4011_dac,86
610,$4011_dac,96
610,$4011_dac,75
610,$4011_dac,46
610,$4011_dac,69
610,$4011_dac,80
610,$4011_dac,86
610,$4011_dac,86
610,$4011_dac,66
610,$4011_dac,46
610,$4011_dac,46
610,$4011_dac,46
610,$4011_dac,46
610,$4011_dac,46
610,$4011_dac,46
610,$4011_dac,68
610,$4011_dac,80
610,$4011_dac,68
610,$4011_dac,80
610,$4011_dac,72
610,$4011_dac,58
610,$4011_dac,64
610,$4011_dac,86
610,$4011_dac,75
610,$4011_dac,66
610,$4011_dac,46
610,$4011_dac,46
610,$4011_dac,46
610,$4011_dac,75
610,$4011_dac,96
610,$4011_dac,96
610,$4011_dac,96
610,$4011_dac,96
610,$4011_dac,61
610,$4011_dac,58
610,$4011_dac,86
610,$4011_dac,86
610,$4011_dac,96
610,$4011_dac,96
610,$4011_dac,72
610,$4011_dac,46
610,$4011_dac,46
610,$4011_dac,46
610,$4011_dac,46
610,$4011_dac,46
610,$4011_dac,72
610,$4011_dac,96
610,$4011_dac,86
610,$4011_dac,75
610,$4011_dac,68
610,$4011_dac,46
610,$4011_dac,58
610,$4011_dac,86
610,$4011_dac,80
610,$4011_dac,80
610,$4011_dac,75
610,$4011_dac,46
610,$4011_dac,46
610,$4011_dac,46
610,$4011_dac,86
610,$4011_dac,96
610,$4011_dac,96
610,$4011_dac,96
610,$4011_dac,67
610,$4011_dac,46
610,$4011_dac,61
610,$4011_dac,80
610,$4011_dac,96
610,$4011_dac,96
610,$4011_dac,71
610,$4011_dac,46
610,$4011_dac,46
610,$4011_dac,46
610,$4011_dac,46
610,$4011_dac,46
610,$4011_dac,46
610,$4011_dac,86
610,$4011_dac,86
610,$4011_dac,86
610,$4011_dac,80
610,$4011_dac,58
610,$4011_dac,64
610,$4011_dac,86
610,$4011_dac,72
610,$4011_dac,75
610,$4011_dac,61
610,$4011_dac,46
610,$4011_dac,46
610,$4011_dac,46
610,$4011_dac,96
610,$4011_dac,96
610,$4011_dac,96
610,$4011_dac,96
610,$4011_dac,86
610,$4011_dac,46
610,$4011_dac,46
610,$4011_dac,64
610,$4011_dac,80
610,$4011_dac,96
610,$4011_dac,96
610,$4011_dac,46
610,$4011_dac,46
610,$4011_dac,46
610,$4011_dac,46
610,$4011_dac,46
610,$4011_dac,46
610,$4011_dac,46
610,$4011_dac,86
610,$4011_dac,96
610,$4011_dac,96
610,$4011_dac,96
610,$4011_dac,80
610,$4011_dac,46
610,$4011_dac,71
610,$4011_dac,96
610,$4011_dac,86
610,$4011_dac,96
610,$4011_dac,96
610,$4011_dac,66
610,$4011_dac,46
610,$4011_dac,46
610,$4011_dac,80
610,$4011_dac,96
610,$4011_dac,96
610,$4011_dac,96
610,$4011_dac,46
610,$4011_dac,46
610,$4011_dac,46
610,$4011_dac,46
610,$4011_dac,80
610,$4011_dac,96
610,$4011_dac,96
610,$4011_dac,46
610,$4011_dac,46
610,$4011_dac,46
610,$4011_dac,46
610,$4011_dac,46
610,$4011_dac,61
610,$4011_dac,96
610,$4011_dac,96
610,$4011_dac,96
610,$4011_dac,96
610,$4011_dac,46
610,$4011_dac,46
610,$4011_dac,61
610,$4011_dac,86
610,$4011_dac,96
610,$4011_dac,72
610,$4011_dac,46
610,$4011_dac,46
610,$4011_dac,46
610,$4011_dac,75
610,$4011_dac,96
610,$4011_dac,96
610,$4011_dac,96
610,$4011_dac,75
610,$4011_dac,46
610,$4011_dac,46
610,$4011_dac,61
610,$4011_dac,86
610,$4011_dac,96
610,$4011_dac,96
610,$4011_dac,58
610,$4011_dac,46
610,$4011_dac,46
610,$4011_dac,46
610,$4011_dac,46
610,$4011_dac,58
610,$4011_dac,96
610,$4011_dac,96
610,$4011_dac,96
610,$4011_dac,80
610,$4011_dac,46
610,$4011_dac,58
610,$4011_dac,58
610,$4011_dac,67
610,$4011_dac,96
610,$4011_dac,64
610,$4011_dac,46
610,$4011_dac,46
610,$4011_dac,46
610,$4011_dac,80
610,$4011_dac,96
610,$4011_dac,96
610,$4011_dac,96
610,$4011_dac,86
610,$4011_dac,46
610,$4011_dac,46
611,$4011_dac,46
611,$4011_dac,75
611,$4011_dac,96
611,$4011_dac,96
611,$4011_dac,70
611,$4011_dac,46
611,$4011_dac,46
611,$4011_dac,46
611,$4011_dac,46
611,$4011_dac,46
611,$4011_dac,96
611,$4011_dac,96
611,$4011_dac,96
611,$4011_dac,96
611,$4011_dac,58
611,$4011_dac,46
611,$4011_dac,58
611,$4011_dac,75
611,$4011_dac,75
611,$4011_dac,96
611,$4011_dac,86
611,$4011_dac,46
611,$4011_dac,46
611,$4011_dac,58
611,$4011_dac,70
611,$4011_dac,96
611,$4011_dac,96
611,$4011_dac,96
611,$4011_dac,58
611,$4011_dac,46
611,$4011_dac,46
611,$4011_dac,46
611,$4011_dac,86
611,$4011_dac,96
611,$4011_dac,96
611,$4011_dac,46
611,$4011_dac,46
611,$4011_dac,46
611,$4011_dac,46
611,$4011_dac,46
611,$4011_dac,86
611,$4011_dac,96
611,$4011_dac,96
611,$4011_dac,96
611,$4011_dac,58
611,$4011_dac,46
611,$4011_dac,46
611,$4011_dac,58
611,$4011_dac,80
611,$4011_dac,96
611,$4011_dac,61
611,$4011_dac,46
611,$4011_dac,46
611,$4011_dac,46
611,$4011_dac,80
611,$4011_dac,96
611,$4011_dac,96
611,$4011_dac,96
611,$4011_dac,61
611,$4011_dac,46
611,$4011_dac,46
611,$4011_dac,46
611,$4011_dac,72
611,$4011_dac,80
611,$4011_dac,96
611,$4011_dac,96
611,$4011_dac,80
611,$4011_dac,46
611,$4011_dac,46
611,$4011_dac,46
611,$4011_dac,46
611,$4011_dac,80
611,$4011_dac,96
611,$4011_dac,96
611,$4011_dac,96
611,$4011_dac,61
611,$4011_dac,46
611,$4011_dac,46
611,$4011_dac,46
611,$4011_dac,58
611,$4011_dac,86
611,$4011_dac,96
611,$4011_dac,61
611,$4011_dac,46
611,$4011_dac,46
611,$4011_dac,46
611,$4011_dac,72
611,$4011_dac,96
611,$4011_dac,96
611,$4011_dac,96
611,$4011_dac,69
611,$4011_dac,46
611,$4011_dac,46
611,$4011_dac,58
611,$4011_dac,86
611,$4011_dac,96
611,$4011_dac,96
611,$4011_dac,96
611,$4011_dac,61
611,$4011_dac,46
611,$4011_dac,46
611,$4011_dac,46
611,$4011_dac,46
611,$4011_dac,86
611,$4011_dac,96
611,$4011_dac,96
611,$4011_dac,96
611,$4011_dac,64
611,$4011_dac,46
611,$4011_dac,46
611,$4011_dac,46
611,$4011_dac,46
611,$4011_dac,86
611,$4011_dac,72
611,$4011_dac,46
611,$4011_dac,46
611,$4011_dac,46
611,$4011_dac,46
611,$4011_dac,86
611,$4011_dac,96
611,$4011_dac,96
611,$4011_dac,96
611,$4011_dac,71
611,$4011_dac,46
611,$4011_dac,61
611,$4011_dac,58
611,$4011_dac,65
611,$4011_dac,96
611,$4011_dac,96
611,$4011_dac,75
611,$4011_dac,46
611,$4011_dac,46
611,$4011_dac,46
611,$4011_dac,46
611,$4011_dac,71
611,$4011_dac,67
611,$4011_dac,86
611,$4011_dac,96
611,$4011_dac,80
611,$4011_dac,61
611,$4011_dac,72
611,$4011_dac,61
611,$4011_dac,67
611,$4011_dac,96
611,$4011_dac,64
611,$4011_dac,46
611,$4011_dac,46
611,$4011_dac,46
611,$4011_dac,58
611,$4011_dac,75
611,$4011_dac,96
611,$4011_dac,96
611,$4011_dac,96
611,$4011_dac,86
611,$4011_dac,46
611,$4011_dac,46
611,$4011_dac,58
611,$4011_dac,61
611,$4011_dac,86
611,$4011_dac,96
611,$4011_dac,86
611,$4011_dac,58
611,$4011_dac,46
611,$4011_dac,46
611,$4011_dac,46
611,$4011_dac,46
611,$4011_dac,67
611,$4011_dac,86
611,$4011_dac,86
611,$4011_dac,96
611,$4011_dac,64
611,$4011_dac,46
611,$4011_dac,64
611,$4011_dac,58
611,$4011_dac,61
611,$4011_dac,80
611,$4011_dac,80
611,$4011_dac,46
611,$4011_dac,46
611,$4011_dac,46
611,$4011_dac,46
611,$4011_dac,96
611,$4011_dac,96
611,$4011_dac,96
611,$4011_dac,96
611,$4011_dac,86
611,$4011_dac,46
611,$4011_dac,46
611,$4011_dac,46
611,$4011_dac,46
611,$4011_dac,86
611,$4011_dac,96
611,$4011_dac,96
611,$4011_dac,80
611,$4011_dac,46
611,$4011_dac,46
611,$4011_dac,46
611,$4011_dac,46
611,$4011_dac,67
611,$4011_dac,86
611,$4011_dac,96
611,$4011_dac,96
611,$4011_dac,86
611,$4011_dac,58
611,$4011_dac,58
611,$4011_dac,58
611,$4011_dac,46
611,$4011_dac,72
611,$4011_dac,64
611,$4011_dac,58
611,$4011_dac,64
611,$4011_dac,46
611,$4011_dac,46
611,$4011_dac,86
611,$4011_dac,96
611,$4011_dac,96
611,$4011_dac,96
611,$4011_dac,96
611,$4011_dac,66
611,$4011_dac,61
611,$4011_dac,58
611,$4011_dac,46
611,$4011_dac,64
611,$4011_dac,72
611,$4011_dac,71
611,$4011_dac,80
611,$4011_dac,58
611,$4011_dac,46
611,$4011_dac,58
611,$4011_dac,46
611,$4011_dac,64
611,$4011_dac,75
611,$4011_dac,75
611,$4011_dac,96
611,$4011_dac,86
611,$4011_dac,64
611,$4011_dac,64
611,$4011_dac,58
611,$4011_dac,58
611,$4011_dac,86
611,$4011_dac,86
611,$4011_dac,67
611,$4011_dac,58
611,$4011_dac,46
611,$4011_dac,46
611,$4011_dac,66
611,$4011_dac,96
611,$4011_dac,96
611,$4011_dac,96
611,$4011_dac,96
611,$4011_dac,70
611,$4011_dac,58
611,$4011_dac,46
611,$4011_dac,46
611,$4011_dac,58
611,$4011_dac,72
611,$4011_dac,86
611,$4011_dac,96
611,$4011_dac,86
611,$4011_dac,70
611,$4011_dac,72
611,$4011_dac,46
611,$4011_dac,46
611,$4011_dac,61
611,$4011_dac,46
611,$4011_dac,46
611,$4011_dac,72
611,$4011_dac,67
611,$4011_dac,80
611,$4011_dac,75
611,$4011_dac,58
611,$4011_dac,72
611,$4011_dac,80
611,$4011_dac,58
611,$4011_dac,75
611,$4011_dac,75
611,$4011_dac,46
611,$4011_dac,46
611,$4011_dac,46
611,$4011_dac,46
611,$4011_dac,80
611,$4011_dac,75
611,$4011_dac,67
611,$4011_dac,86
611,$4011_dac,96
611,$4011_dac,64
611,$4011_dac,64
611,$4011_dac,68
611,$4011_dac,46
611,$4011_dac,61
611,$4011_dac,72
611,$4011_dac,61
611,$4011_dac,75
611,$4011_dac,72
611,$4011_dac,46
611,$4011_dac,46
611,$4011_dac,58
611,$4011_dac,58
611,$4011_dac,46
611,$4011_dac,80
611,$4011_dac,96
611,$4011_dac,86
611,$4011_dac,96
611,$4011_dac,80
611,$4011_dac,64
611,$4011_dac,80
611,$4011_dac,75
611,$4011_dac,46
611,$4011_dac,72
611,$4011_dac,75
611,$4011_dac,58
611,$4011_dac,46
611,$4011_dac,46
611,$4011_dac,46
611,$4011_dac,64
611,$4011_dac,80
611,$4011_dac,96
611,$4011_dac,96
611,$4011_dac,96
611,$4011_dac,96
611,$4011_dac,80
611,$4011_dac,46
611,$4011_dac,46
611,$4011_dac,58
611,$4011_dac,66
611,$4011_dac,86
611,$4011_dac,80
611,$4011_dac,72
611,$4011_dac,86
611,$4011_dac,80
611,$4011_dac,68
611,$4011_dac,46
611,$4011_dac,46
611,$4011_dac,61
611,$4011_dac,46
611,$4011_dac,58
611,$4011_dac,80
611,$4011_dac,72
611,$4011_dac,86
611,$4011_dac,86
611,$4011_dac,61
611,$4011_dac,75
611,$4011_dac,75
611,$4011_dac,61
611,$4011_dac,64
611,$4011_dac,80
611,$4011_dac,72
611,$4011_dac,71
611,$4011_dac,46
611,$4011_dac,46
611,$4011_dac,64
611,$4011_dac,69
611,$4011_dac,61
611,$4011_dac,86
611,$4011_dac,86
611,$4011_dac,64
611,$4011_dac,67
611,$4011_dac,58
612,$4011_dac,61
612,$4011_dac,80
612,$4011_dac,67
612,$4011_dac,58
612,$4011_dac,80
612,$4011_dac,69
612,$4011_dac,65
612,$4011_dac,80
612,$4011_dac,65
612,$4011_dac,46
612,$4011_dac,46
612,$4011_dac,58
612,$4011_dac,61
612,$4011_dac,46
612,$4011_dac,70
612,$4011_dac,80
612,$4011_dac,67
612,$4011_dac,86
612,$4011_dac,96
612,$4011_dac,80
612,$4011_dac,86
612,$4011_dac,96
612,$4011_dac,70
612,$4011_dac,80
612,$4011_dac,96
612,$4011_dac,58
612,$4011_dac,46
612,$4011_dac,46
612,$4011_dac,46
612,$4011_dac,46
612,$4011_dac,65
612,$4011_dac,86
612,$4011_dac,96
612,$4011_dac,96
612,$4011_dac,96
612,$4011_dac,68
612,$4011_dac,66
612,$4011_dac,46
612,$4011_dac,46
612,$4011_dac,58
612,$4011_dac,80
612,$4011_dac,72
612,$4011_dac,58
612,$4011_dac,66
612,$4011_dac,58
612,$4011_dac,46
612,$4011_dac,46
612,$4011_dac,96
612,$4011_dac,96
612,$4011_dac,80
612,$4011_dac,46
612,$4011_dac,58
612,$4011_dac,46
612,$4011_dac,46
612,$4011_dac,61
612,$4011_dac,72
612,$4011_dac,80
612,$4011_dac,96
612,$4011_dac,96
612,$4011_dac,75
612,$4011_dac,96
612,$4011_dac,75
612,$4011_dac,58
612,$4011_dac,69
612,$4011_dac,58
612,$4011_dac,46
612,$4011_dac,61
612,$4011_dac,58
612,$4011_dac,46
612,$4011_dac,75
612,$4011_dac,75
612,$4011_dac,75
612,$4011_dac,96
612,$4011_dac,75
612,$4011_dac,75
612,$4011_dac,80
612,$4011_dac,58
612,$4011_dac,46
612,$4011_dac,61
612,$4011_dac,46
612,$4011_dac,46
612,$4011_dac,61
612,$4011_dac,46
612,$4011_dac,61
612,$4011_dac,75
612,$4011_dac,86
612,$4011_dac,96
612,$4011_dac,86
612,$4011_dac,61
612,$4011_dac,58
612,$4011_dac,58
612,$4011_dac,46
612,$4011_dac,46
612,$4011_dac,61
612,$4011_dac,65
612,$4011_dac,86
612,$4011_dac,96
612,$4011_dac,70
612,$4011_dac,96
612,$4011_dac,80
612,$4011_dac,58
612,$4011_dac,75
612,$4011_dac,75
612,$4011_dac,61
612,$4011_dac,72
612,$4011_dac,61
612,$4011_dac,46
612,$4011_dac,58
612,$4011_dac,58
612,$4011_dac,46
612,$4011_dac,72
612,$4011_dac,86
612,$4011_dac,80
612,$4011_dac,96
612,$4011_dac,80
612,$4011_dac,58
612,$4011_dac,75
612,$4011_dac,58
612,$4011_dac,46
612,$4011_dac,61
612,$4011_dac,61
612,$4011_dac,64
612,$4011_dac,86
612,$4011_dac,86
612,$4011_dac,67
612,$4011_dac,86
612,$4011_dac,75
612,$4011_dac,80
612,$4011_dac,80
612,$4011_dac,46
612,$4011_dac,46
612,$4011_dac,46
612,$4011_dac,46
612,$4011_dac,46
612,$4011_dac,72
612,$4011_dac,72
612,$4011_dac,80
612,$4011_dac,96
612,$4011_dac,86
612,$4011_dac,80
612,$4011_dac,80
612,$4011_dac,58
612,$4011_dac,58
612,$4011_dac,69
612,$4011_dac,58
612,$4011_dac,58
612,$4011_dac,67
612,$4011_dac,58
612,$4011_dac,67
612,$4011_dac,86
612,$4011_dac,68
612,$4011_dac,86
612,$4011_dac,96
612,$4011_dac,80
612,$4011_dac,96
612,$4011_dac,80
612,$4011_dac,61
612,$4011_dac,72
612,$4011_dac,58
612,$4011_dac,46
612,$4011_dac,46
612,$4011_dac,58
612,$4011_dac,58
612,$4011_dac,75
612,$4011_dac,86
612,$4011_dac,71
612,$4011_dac,86
612,$4011_dac,80
612,$4011_dac,64
612,$4011_dac,86
612,$4011_dac,86
612,$4011_dac,80
612,$4011_dac,75
612,$4011_dac,58
612,$4011_dac,58
612,$4011_dac,58
612,$4011_dac,46
612,$4011_dac,46
612,$4011_dac,46
612,$4011_dac,61
612,$4011_dac,80
612,$4011_dac,80
612,$4011_dac,86
612,$4011_dac,96
612,$4011_dac,80
612,$4011_dac,61
612,$4011_dac,68
612,$4011_dac,68
612,$4011_dac,72
612,$4011_dac,86
612,$4011_dac,72
612,$4011_dac,61
612,$4011_dac,64
612,$4011_dac,46
612,$4011_dac,58
612,$4011_dac,66
612,$4011_dac,65
612,$4011_dac,69
612,$4011_dac,86
612,$4011_dac,75
612,$4011_dac,66
612,$4011_dac,67
612,$4011_dac,46
612,$4011_dac,46
612,$4011_dac,64
612,$4011_dac,58
612,$4011_dac,71
612,$4011_dac,96
612,$4011_dac,80
612,$4011_dac,75
612,$4011_dac,75
612,$4011_dac,58
612,$4011_dac,64
612,$4011_dac,86
612,$4011_dac,86
612,$4011_dac,86
612,$4011_dac,96
612,$4011_dac,80
612,$4011_dac,46
612,$4011_dac,46
612,$4011_dac,46
612,$4011_dac,46
612,$4011_dac,46
612,$4011_dac,58
612,$4011_dac,80
612,$4011_dac,86
612,$4011_dac,96
612,$4011_dac,96
612,$4011_dac,86
612,$4011_dac,86
612,$4011_dac,80
612,$4011_dac,46
612,$4011_dac,58
612,$4011_dac,61
612,$4011_dac,58
612,$4011_dac,80
612,$4011_dac,71
612,$4011_dac,58
612,$4011_dac,67
612,$4011_dac,58
612,$4011_dac,58
612,$4011_dac,80
612,$4011_dac,86
612,$4011_dac,80
612,$4011_dac,96
612,$4011_dac,68
612,$4011_dac,46
612,$4011_dac,46
612,$4011_dac,46
612,$4011_dac,46
612,$4011_dac,65
612,$4011_dac,72
612,$4011_dac,58
612,$4011_dac,80
612,$4011_dac,96
612,$4011_dac,86
612,$4011_dac,86
612,$4011_dac,64
612,$4011_dac,46
612,$4011_dac,58
612,$4011_dac,58
612,$4011_dac,58
612,$4011_dac,86
612,$4011_dac,80
612,$4011_dac,80
612,$4011_dac,75
612,$4011_dac,58
612,$4011_dac,58
612,$4011_dac,58
612,$4011_dac,46
612,$4011_dac,58
612,$4011_dac,75
612,$4011_dac,80
612,$4011_dac,86
612,$4011_dac,96
612,$4011_dac,65
612,$4011_dac,64
612,$4011_dac,66
612,$4011_dac,61
612,$4011_dac,86
612,$4011_dac,86
612,$4011_dac,80
612,$4011_dac,96
612,$4011_dac,75
612,$4011_dac,58
612,$4011_dac,64
612,$4011_dac,61
612,$4011_dac,58
612,$4011_dac,58
612,$4011_dac,46
612,$4011_dac,66
612,$4011_dac,96
612,$4011_dac,86
612,$4011_dac,67
612,$4011_dac,58
612,$4011_dac,64
612,$4011_dac,46
612,$4011_dac,46
612,$4011_dac,61
612,$4011_dac,67
612,$4011_dac,80
612,$4011_dac,96
612,$4011_dac,86
612,$4011_dac,69
612,$4011_dac,64
612,$4011_dac,58
612,$4011_dac,58
612,$4011_dac,61
612,$4011_dac,65
612,$4011_dac,86
612,$4011_dac,96
612,$4011_dac,75
612,$4011_dac,58
612,$4011_dac,46
612,$4011_dac,46
612,$4011_dac,58
612,$4011_dac,80
612,$4011_dac,86
612,$4011_dac,80
612,$4011_dac,66
612,$4011_dac,58
612,$4011_dac,58
612,$4011_dac,46
612,$4011_dac,46
612,$4011_dac,58
612,$4011_dac,86
612,$4011_dac,96
612,$4011_dac,96
612,$4011_dac,96
612,$4011_dac,86
612,$4011_dac,46
612,$4011_dac,46
612,$4011_dac,58
612,$4011_dac,58
612,$4011_dac,71
612,$4011_dac,68
612,$4011_dac,68
612,$4011_dac,80
612,$4011_dac,70
612,$4011_dac,58
612,$4011_dac,72
612,$4011_dac,67
612,$4011_dac,69
612,$4011_dac,80
612,$4011_dac,68
612,$4011_dac,75
612,$4011_dac,80
612,$4011_dac,71
612,$4011_dac,61
612,$4011_dac,46
612,$4011_dac,46
612,$4011_dac,58
612,$4011_dac,66
612,$4011_dac,68
612,$4011_dac,80
612,$4011_dac,96
612,$4011_dac,96
612,$4011_dac,71
613,$4011_dac,46
613,$4011_dac,46
613,$4011_dac,46
613,$4011_dac,46
613,$4011_dac,72
613,$4011_dac,96
613,$4011_dac,96
613,$4011_dac,96
613,$4011_dac,68
613,$4011_dac,46
613,$4011_dac,58
613,$4011_dac,46
613,$4011_dac,66
613,$4011_dac,86
613,$4011_dac,96
613,$4011_dac,96
613,$4011_dac,86
613,$4011_dac,46
613,$4011_dac,46
613,$4011_dac,46
613,$4011_dac,46
613,$4011_dac,46
613,$4011_dac,58
613,$4011_dac,75
613,$4011_dac,80
613,$4011_dac,75
613,$4011_dac,75
613,$4011_dac,86
613,$4011_dac,80
613,$4011_dac,69
613,$4011_dac,75
613,$4011_dac,69
613,$4011_dac,68
613,$4011_dac,80
613,$4011_dac,72
613,$4011_dac,70
613,$4011_dac,72
613,$4011_dac,46
613,$4011_dac,46
613,$4011_dac,46
613,$4011_dac,46
613,$4011_dac,46
613,$4011_dac,80
613,$4011_dac,96
613,$4011_dac,96
613,$4011_dac,96
613,$4011_dac,86
613,$4011_dac,67
613,$4011_dac,46
613,$4011_dac,46
613,$4011_dac,46
613,$4011_dac,61
613,$4011_dac,71
613,$4011_dac,80
613,$4011_dac,80
613,$4011_dac,75
613,$4011_dac,61
613,$4011_dac,58
613,$4011_dac,58
613,$4011_dac,46
613,$4011_dac,58
613,$4011_dac,71
613,$4011_dac,67
613,$4011_dac,80
613,$4011_dac,80
613,$4011_dac,64
613,$4011_dac,64
613,$4011_dac,70
613,$4011_dac,72
613,$4011_dac,86
613,$4011_dac,96
613,$4011_dac,64
613,$4011_dac,46
613,$4011_dac,58
613,$4011_dac,46
613,$4011_dac,46
613,$4011_dac,61
613,$4011_dac,71
613,$4011_dac,86
613,$4011_dac,96
613,$4011_dac,80
613,$4011_dac,61
613,$4011_dac,66
613,$4011_dac,86
613,$4011_dac,86
613,$4011_dac,72
613,$4011_dac,71
613,$4011_dac,58
613,$4011_dac,46
613,$4011_dac,46
613,$4011_dac,46
613,$4011_dac,46
613,$4011_dac,58
613,$4011_dac,65
613,$4011_dac,69
613,$4011_dac,80
613,$4011_dac,86
613,$4011_dac,66
613,$4011_dac,64
613,$4011_dac,71
613,$4011_dac,72
613,$4011_dac,75
613,$4011_dac,70
613,$4011_dac,65
613,$4011_dac,64
613,$4011_dac,58
613,$4011_dac,46
613,$4011_dac,58
613,$4011_dac,68
613,$4011_dac,86
613,$4011_dac,96
613,$4011_dac,96
613,$4011_dac,86
613,$4011_dac,72
613,$4011_dac,46
613,$4011_dac,46
613,$4011_dac,46
613,$4011_dac,46
613,$4011_dac,46
613,$4011_dac,80
613,$4011_dac,96
613,$4011_dac,96
613,$4011_dac,96
613,$4011_dac,72
613,$4011_dac,46
613,$4011_dac,46
613,$4011_dac,58
613,$4011_dac,64
613,$4011_dac,80
613,$4011_dac,86
613,$4011_dac,67
613,$4011_dac,58
613,$4011_dac,46
613,$4011_dac,46
613,$4011_dac,46
613,$4011_dac,46
613,$4011_dac,66
613,$4011_dac,96
613,$4011_dac,96
613,$4011_dac,96
613,$4011_dac,96
613,$4011_dac,86
613,$4011_dac,66
613,$4011_dac,58
613,$4011_dac,46
613,$4011_dac,46
613,$4011_dac,66
613,$4011_dac,71
613,$4011_dac,72
613,$4011_dac,64
613,$4011_dac,46
613,$4011_dac,46
613,$4011_dac,46
613,$4011_dac,46
613,$4011_dac,46
613,$4011_dac,72
613,$4011_dac,96
613,$4011_dac,96
613,$4011_dac,96
613,$4011_dac,86
613,$4011_dac,66
613,$4011_dac,58
613,$4011_dac,46
613,$4011_dac,46
613,$4011_dac,64
613,$4011_dac,65
613,$4011_dac,68
613,$4011_dac,86
613,$4011_dac,80
613,$4011_dac,80
613,$4011_dac,75
613,$4011_dac,64
613,$4011_dac,66
613,$4011_dac,68
613,$4011_dac,72
613,$4011_dac,86
613,$4011_dac,86
613,$4011_dac,72
613,$4011_dac,58
613,$4011_dac,46
613,$4011_dac,46
613,$4011_dac,46
613,$4011_dac,58
613,$4011_dac,71
613,$4011_dac,80
613,$4011_dac,96
613,$4011_dac,86
613,$4011_dac,71
613,$4011_dac,72
613,$4011_dac,64
613,$4011_dac,61
613,$4011_dac,58
613,$4011_dac,72
613,$4011_dac,70
613,$4011_dac,69
613,$4011_dac,80
613,$4011_dac,80
613,$4011_dac,80
613,$4011_dac,80
613,$4011_dac,75
613,$4011_dac,46
613,$4011_dac,46
613,$4011_dac,46
613,$4011_dac,46
613,$4011_dac,46
613,$4011_dac,61
613,$4011_dac,96
613,$4011_dac,96
613,$4011_dac,96
613,$4011_dac,96
613,$4011_dac,66
613,$4011_dac,46
613,$4011_dac,46
613,$4011_dac,46
613,$4011_dac,58
613,$4011_dac,75
613,$4011_dac,96
613,$4011_dac,71
613,$4011_dac,72
613,$4011_dac,72
613,$4011_dac,58
613,$4011_dac,66
613,$4011_dac,58
613,$4011_dac,46
613,$4011_dac,61
613,$4011_dac,72
613,$4011_dac,58
613,$4011_dac,66
613,$4011_dac,75
613,$4011_dac,72
613,$4011_dac,69
613,$4011_dac,58
613,$4011_dac,58
613,$4011_dac,72
613,$4011_dac,80
613,$4011_dac,80
613,$4011_dac,96
613,$4011_dac,96
613,$4011_dac,69
613,$4011_dac,58
613,$4011_dac,46
613,$4011_dac,46
613,$4011_dac,75
613,$4011_dac,80
613,$4011_dac,75
613,$4011_dac,86
613,$4011_dac,64
613,$4011_dac,46
613,$4011_dac,46
613,$4011_dac,46
613,$4011_dac,46
613,$4011_dac,68
613,$4011_dac,75
613,$4011_dac,80
613,$4011_dac,75
613,$4011_dac,68
613,$4011_dac,64
613,$4011_dac,71
613,$4011_dac,75
613,$4011_dac,86
613,$4011_dac,96
613,$4011_dac,96
613,$4011_dac,71
613,$4011_dac,58
613,$4011_dac,46
613,$4011_dac,46
613,$4011_dac,46
613,$4011_dac,46
613,$4011_dac,46
613,$4011_dac,65
613,$4011_dac,80
613,$4011_dac,86
613,$4011_dac,96
613,$4011_dac,96
613,$4011_dac,86
613,$4011_dac,96
613,$4011_dac,86
613,$4011_dac,58
613,$4011_dac,58
613,$4011_dac,46
613,$4011_dac,46
613,$4011_dac,58
613,$4011_dac,58
613,$4011_dac,70
613,$4011_dac,86
613,$4011_dac,75
613,$4011_dac,61
613,$4011_dac,69
613,$4011_dac,68
613,$4011_dac,70
613,$4011_dac,96
613,$4011_dac,80
613,$4011_dac,69
613,$4011_dac,68
613,$4011_dac,58
613,$4011_dac,46
613,$4011_dac,46
613,$4011_dac,58
613,$4011_dac,75
613,$4011_dac,80
613,$4011_dac,86
613,$4011_dac,86
613,$4011_dac,86
613,$4011_dac,86
613,$4011_dac,68
613,$4011_dac,46
613,$4011_dac,46
613,$4011_dac,58
613,$4011_dac,46
613,$4011_dac,58
613,$4011_dac,61
613,$4011_dac,64
613,$4011_dac,86
613,$4011_dac,80
613,$4011_dac,80
613,$4011_dac,96
613,$4011_dac,75
613,$4011_dac,58
613,$4011_dac,46
613,$4011_dac,46
613,$4011_dac,61
613,$4011_dac,75
613,$4011_dac,72
613,$4011_dac,65
613,$4011_dac,46
613,$4011_dac,46
613,$4011_dac,46
613,$4011_dac,58
613,$4011_dac,68
613,$4011_dac,96
613,$4011_dac,96
613,$4011_dac,96
613,$4011_dac,96
613,$4011_dac,80
613,$4011_dac,46
613,$4011_dac,46
613,$4011_dac,46
613,$4011_dac,46
613,$4011_dac,72
613,$4011_dac,86
613,$4011_dac,80
613,$4011_dac,66
613,$4011_dac,58
613,$4011_dac,58
613,$4011_dac,58
613,$4011_dac,64
613,$4011_dac,96
613,$4011_dac,96
613,$4011_dac,86
613,$4011_dac,80
613,$4011_dac,65
613,$4011_dac,58
613,$4011_dac,46
613,$4011_dac,46
613,$4011_dac,46
613,$4011_dac,58
613,$4011_dac,61
614,$4011_dac,61
614,$4011_dac,75
614,$4011_dac,96
614,$4011_dac,96
614,$4011_dac,96
614,$4011_dac,96
614,$4011_dac,80
614,$4011_dac,58
614,$4011_dac,46
614,$4011_dac,46
614,$4011_dac,46
614,$4011_dac,46
614,$4011_dac,68
614,$4011_dac,80
614,$4011_dac,80
614,$4011_dac,70
614,$4011_dac,69
614,$4011_dac,66
614,$4011_dac,66
614,$4011_dac,72
614,$4011_dac,86
614,$4011_dac,86
614,$4011_dac,80
614,$4011_dac,69
614,$4011_dac,58
614,$4011_dac,46
614,$4011_dac,46
614,$4011_dac,46
614,$4011_dac,61
614,$4011_dac,80
614,$4011_dac,86
614,$4011_dac,96
614,$4011_dac,96
614,$4011_dac,86
614,$4011_dac,70
614,$4011_dac,66
614,$4011_dac,61
614,$4011_dac,58
614,$4011_dac,58
614,$4011_dac,58
614,$4011_dac,46
614,$4011_dac,58
614,$4011_dac,64
614,$4011_dac,65
614,$4011_dac,72
614,$4011_dac,80
614,$4011_dac,80
614,$4011_dac,80
614,$4011_dac,86
614,$4011_dac,80
614,$4011_dac,65
614,$4011_dac,46
614,$4011_dac,46
614,$4011_dac,46
614,$4011_dac,46
614,$4011_dac,46
614,$4011_dac,58
614,$4011_dac,70
614,$4011_dac,71
614,$4011_dac,96
614,$4011_dac,96
614,$4011_dac,96
614,$4011_dac,96
614,$4011_dac,86
614,$4011_dac,66
614,$4011_dac,72
614,$4011_dac,61
614,$4011_dac,46
614,$4011_dac,64
614,$4011_dac,61
614,$4011_dac,46
614,$4011_dac,58
614,$4011_dac,61
614,$4011_dac,58
614,$4011_dac,80
614,$4011_dac,86
614,$4011_dac,80
614,$4011_dac,86
614,$4011_dac,75
614,$4011_dac,64
614,$4011_dac,69
614,$4011_dac,58
614,$4011_dac,46
614,$4011_dac,61
614,$4011_dac,58
614,$4011_dac,46
614,$4011_dac,61
614,$4011_dac,65
614,$4011_dac,65
614,$4011_dac,86
614,$4011_dac,86
614,$4011_dac,86
614,$4011_dac,86
614,$4011_dac,72
614,$4011_dac,61
614,$4011_dac,64
614,$4011_dac,58
614,$4011_dac,58
614,$4011_dac,66
614,$4011_dac,66
614,$4011_dac,58
614,$4011_dac,65
614,$4011_dac,72
614,$4011_dac,68
614,$4011_dac,75
614,$4011_dac,80
614,$4011_dac,65
614,$4011_dac,69
614,$4011_dac,65
614,$4011_dac,61
614,$4011_dac,70
614,$4011_dac,64
614,$4011_dac,68
614,$4011_dac,69
614,$4011_dac,61
614,$4011_dac,66
614,$4011_dac,66
614,$4011_dac,61
614,$4011_dac,80
614,$4011_dac,86
614,$4011_dac,80
614,$4011_dac,80
614,$4011_dac,66
614,$4011_dac,69
614,$4011_dac,72
614,$4011_dac,58
614,$4011_dac,58
614,$4011_dac,64
614,$4011_dac,58
614,$4011_dac,58
614,$4011_dac,66
614,$4011_dac,61
614,$4011_dac,67
614,$4011_dac,86
614,$4011_dac,86
614,$4011_dac,80
614,$4011_dac,86
614,$4011_dac,72
614,$4011_dac,58
614,$4011_dac,58
614,$4011_dac,58
614,$4011_dac,58
614,$4011_dac,66
614,$4011_dac,67
614,$4011_dac,61
614,$4011_dac,70
614,$4011_dac,68
614,$4011_dac,66
614,$4011_dac,80
614,$4011_dac,72
614,$4011_dac,75
614,$4011_dac,86
614,$4011_dac,75
614,$4011_dac,58
614,$4011_dac,61
614,$4011_dac,58
614,$4011_dac,46
614,$4011_dac,70
614,$4011_dac,68
614,$4011_dac,66
614,$4011_dac,86
614,$4011_dac,75
614,$4011_dac,70
614,$4011_dac,86
614,$4011_dac,75
614,$4011_dac,68
614,$4011_dac,80
614,$4011_dac,61
614,$4011_dac,46
614,$4011_dac,46
614,$4011_dac,46
614,$4011_dac,64
614,$4011_dac,75
614,$4011_dac,64
614,$4011_dac,65
614,$4011_dac,75
614,$4011_dac,68
614,$4011_dac,66
614,$4011_dac,69
614,$4011_dac,72
614,$4011_dac,75
614,$4011_dac,65
614,$4011_dac,61
614,$4011_dac,58
614,$4011_dac,58
614,$4011_dac,61
614,$4011_dac,66
614,$4011_dac,80
614,$4011_dac,96
614,$4011_dac,86
614,$4011_dac,66
614,$4011_dac,58
614,$4011_dac,58
614,$4011_dac,46
614,$4011_dac,58
614,$4011_dac,75
614,$4011_dac,80
614,$4011_dac,80
614,$4011_dac,86
614,$4011_dac,75
614,$4011_dac,58
614,$4011_dac,67
614,$4011_dac,64
614,$4011_dac,68
614,$4011_dac,80
614,$4011_dac,58
614,$4011_dac,58
614,$4011_dac,61
614,$4011_dac,58
614,$4011_dac,65
614,$4011_dac,80
614,$4011_dac,72
614,$4011_dac,80
614,$4011_dac,80
614,$4011_dac,64
614,$4011_dac,66
614,$4011_dac,68
614,$4011_dac,58
614,$4011_dac,67
614,$4011_dac,72
614,$4011_dac,70
614,$4011_dac,68
614,$4011_dac,61
614,$4011_dac,46
614,$4011_dac,46
614,$4011_dac,65
614,$4011_dac,70
614,$4011_dac,80
614,$4011_dac,86
614,$4011_dac,80
614,$4011_dac,72
614,$4011_dac,68
614,$4011_dac,64
614,$4011_dac,66
614,$4011_dac,75
614,$4011_dac,66
614,$4011_dac,69
614,$4011_dac,65
614,$4011_dac,58
614,$4011_dac,58
614,$4011_dac,58
614,$4011_dac,61
614,$4011_dac,75
614,$4011_dac,80
614,$4011_dac,75
614,$4011_dac,75
614,$4011_dac,70
614,$4011_dac,67
614,$4011_dac,61
614,$4011_dac,61
614,$4011_dac,66
614,$4011_dac,66
614,$4011_dac,65
614,$4011_dac,69
614,$4011_dac,64
614,$4011_dac,58
614,$4011_dac,61
614,$4011_dac,64
614,$4011_dac,71
614,$4011_dac,86
614,$4011_dac,80
614,$4011_dac,72
614,$4011_dac,67
614,$4011_dac,58
614,$4011_dac,58
614,$4011_dac,58
614,$4011_dac,71
614,$4011_dac,86
614,$4011_dac,80
614,$4011_dac,80
614,$4011_dac,75
614,$4011_dac,65
614,$4011_dac,61
614,$4011_dac,66
614,$4011_dac,66
614,$4011_dac,64
614,$4011_dac,70
614,$4011_dac,71
614,$4011_dac,72
614,$4011_dac,75
614,$4011_dac,69
614,$4011_dac,61
614,$4011_dac,68
614,$4011_dac,64
614,$4011_dac,58
614,$4011_dac,65
614,$4011_dac,75
614,$4011_dac,70
614,$4011_dac,75
614,$4011_dac,80
614,$4011_dac,70
614,$4011_dac,70
614,$4011_dac,70
614,$4011_dac,58
614,$4011_dac,64
614,$4011_dac,66
614,$4011_dac,58
614,$4011_dac,68
614,$4011_dac,80
614,$4011_dac,70
614,$4011_dac,67
614,$4011_dac,72
614,$4011_dac,66
614,$4011_dac,72
614,$4011_dac,80
614,$4011_dac,72
614,$4011_dac,67
614,$4011_dac,70
614,$4011_dac,61
614,$4011_dac,64
614,$4011_dac,66
614,$4011_dac,58
614,$4011_dac,64
614,$4011_dac,70
614,$4011_dac,68
614,$4011_dac,75
614,$4011_dac,80
614,$4011_dac,65
614,$4011_dac,67
614,$4011_dac,75
614,$4011_dac,64
614,$4011_dac,64
614,$4011_dac,67
614,$4011_dac,64
614,$4011_dac,70
614,$4011_dac,70
614,$4011_dac,61
614,$4011_dac,64
614,$4011_dac,66
614,$4011_dac,64
614,$4011_dac,70
614,$4011_dac,72
614,$4011_dac,72
614,$4011_dac,80
614,$4011_dac,70
614,$4011_dac,61
614,$4011_dac,69
614,$4011_dac,58
614,$4011_dac,61
614,$4011_dac,61
614,$4011_dac,61
614,$4011_dac,70
614,$4011_dac,75
614,$4011_dac,72
614,$4011_dac,80
614,$4011_dac,86
614,$4011_dac,67
614,$4011_dac,58
614,$4011_dac,58
614,$4011_dac,58
614,$4011_dac,61
614,$4011_dac,65
614,$4011_dac,75
614,$4011_dac,80
614,$4011_dac,75
614,$4011_dac,67
614,$4011_dac,68
614,$4011_dac,72
615,$4011_dac,67
615,$4011_dac,72
615,$4011_dac,80
615,$4011_dac,69
615,$4011_dac,61
615,$4011_dac,69
615,$4011_dac,58
615,$4011_dac,58
615,$4011_dac,64
615,$4011_dac,58
615,$4011_dac,61
615,$4011_dac,80
615,$4011_dac,66
615,$4011_dac,61
615,$4011_dac,71
615,$4011_dac,61
615,$4011_dac,58
615,$4011_dac,80
615,$4011_dac,75
615,$4011_dac,72
615,$4011_dac,86
615,$4011_dac,72
615,$4011_dac,75
615,$4011_dac,86
615,$4011_dac,61
615,$4011_dac,64
615,$4011_dac,58
615,$4011_dac,46
615,$4011_dac,75
615,$4011_dac,75
615,$4011_dac,64
615,$4011_dac,61
615,$4011_dac,75
615,$4011_dac,86
615,$4011_dac,69
615,$4011_dac,64
615,$4011_dac,68
615,$4011_dac,58
615,$4011_dac,64
615,$4011_dac,86
615,$4011_dac,68
615,$4011_dac,71
615,$4011_dac,72
615,$4011_dac,58
615,$4011_dac,58
615,$4011_dac,68
615,$4011_dac,68
615,$4011_dac,71
615,$4011_dac,80
615,$4011_dac,70
615,$4011_dac,72
615,$4011_dac,71
615,$4011_dac,61
615,$4011_dac,65
615,$4011_dac,65
615,$4011_dac,58
615,$4011_dac,69
615,$4011_dac,80
615,$4011_dac,65
615,$4011_dac,67
615,$4011_dac,65
615,$4011_dac,61
615,$4011_dac,69
615,$4011_dac,64
615,$4011_dac,61
615,$4011_dac,75
615,$4011_dac,68
615,$4011_dac,64
615,$4011_dac,68
615,$4011_dac,61
615,$4011_dac,65
615,$4011_dac,80
615,$4011_dac,80
615,$4011_dac,64
615,$4011_dac,72
615,$4011_dac,72
615,$4011_dac,71
615,$4011_dac,71
615,$4011_dac,64
615,$4011_dac,61
615,$4011_dac,61
615,$4011_dac,58
615,$4011_dac,61
615,$4011_dac,71
615,$4011_dac,72
615,$4011_dac,75
615,$4011_dac,86
615,$4011_dac,72
615,$4011_dac,67
615,$4011_dac,70
615,$4011_dac,64
615,$4011_dac,69
615,$4011_dac,75
615,$4011_dac,67
615,$4011_dac,64
615,$4011_dac,61
615,$4011_dac,46
615,$4011_dac,58
615,$4011_dac,58
615,$4011_dac,61
615,$4011_dac,75
615,$4011_dac,80
615,$4011_dac,86
615,$4011_dac,86
615,$4011_dac,80
615,$4011_dac,75
615,$4011_dac,75
615,$4011_dac,70
615,$4011_dac,64
615,$4011_dac,65
615,$4011_dac,61
615,$4011_dac,58
615,$4011_dac,61
615,$4011_dac,64
615,$4011_dac,61
615,$4011_dac,61
615,$4011_dac,70
615,$4011_dac,68
615,$4011_dac,75
615,$4011_dac,80
615,$4011_dac,66
615,$4011_dac,67
615,$4011_dac,75
615,$4011_dac,70
615,$4011_dac,64
615,$4011_dac,69
615,$4011_dac,67
615,$4011_dac,67
615,$4011_dac,72
615,$4011_dac,69
615,$4011_dac,61
615,$4011_dac,67
615,$4011_dac,65
615,$4011_dac,64
615,$4011_dac,75
615,$4011_dac,69
615,$4011_dac,64
615,$4011_dac,72
615,$4011_dac,75
615,$4011_dac,75
615,$4011_dac,80
615,$4011_dac,75
615,$4011_dac,65
615,$4011_dac,65
615,$4011_dac,64
615,$4011_dac,61
615,$4011_dac,61
615,$4011_dac,64
615,$4011_dac,64
615,$4011_dac,66
615,$4011_dac,65
615,$4011_dac,65
615,$4011_dac,67
615,$4011_dac,64
615,$4011_dac,65
615,$4011_dac,75
615,$4011_dac,80
615,$4011_dac,71
615,$4011_dac,72
615,$4011_dac,69
615,$4011_dac,61
615,$4011_dac,64
615,$4011_dac,67
615,$4011_dac,61
615,$4011_dac,75
615,$4011_dac,80
615,$4011_dac,67
615,$4011_dac,65
615,$4011_dac,66
615,$4011_dac,61
615,$4011_dac,64
615,$4011_dac,69
615,$4011_dac,66
615,$4011_dac,71
615,$4011_dac,72
615,$4011_dac,68
615,$4011_dac,69
615,$4011_dac,69
615,$4011_dac,65
615,$4011_dac,71
615,$4011_dac,75
615,$4011_dac,71
615,$4011_dac,72
615,$4011_dac,65
615,$4011_dac,61
615,$4011_dac,61
615,$4011_dac,61
615,$4011_dac,66
615,$4011_dac,69
615,$4011_dac,64
615,$4011_dac,64
615,$4011_dac,66
615,$4011_dac,66
615,$4011_dac,67
615,$4011_dac,71
615,$4011_dac,72
615,$4011_dac,71
615,$4011_dac,68
615,$4011_dac,66
615,$4011_dac,67
615,$4011_dac,72
615,$4011_dac,72
615,$4011_dac,75
615,$4011_dac,80
615,$4011_dac,69
615,$4011_dac,61
615,$4011_dac,61
615,$4011_dac,58
615,$4011_dac,61
615,$4011_dac,66
615,$4011_dac,68
615,$4011_dac,75
615,$4011_dac,80
615,$4011_dac,72
615,$4011_dac,67
615,$4011_dac,65
615,$4011_dac,58
615,$4011_dac,58
615,$4011_dac,61
615,$4011_dac,67
615,$4011_dac,75
615,$4011_dac,86
615,$4011_dac,75
615,$4011_dac,71
615,$4011_dac,86
615,$4011_dac,66
615,$4011_dac,65
615,$4011_dac,67
615,$4011_dac,58
615,$4011_dac,64
615,$4011_dac,64
615,$4011_dac,61
615,$4011_dac,65
615,$4011_dac,66
615,$4011_dac,64
615,$4011_dac,66
615,$4011_dac,64
615,$4011_dac,64
615,$4011_dac,75
615,$4011_dac,75
615,$4011_dac,80
615,$4011_dac,86
615,$4011_dac,75
615,$4011_dac,70
615,$4011_dac,66
615,$4011_dac,58
615,$4011_dac,61
615,$4011_dac,61
615,$4011_dac,61
615,$4011_dac,68
615,$4011_dac,72
615,$4011_dac,72
615,$4011_dac,72
615,$4011_dac,71
615,$4011_dac,70
615,$4011_dac,64
615,$4011_dac,68
615,$4011_dac,72
615,$4011_dac,70
615,$4011_dac,69
615,$4011_dac,69
615,$4011_dac,67
615,$4011_dac,64
615,$4011_dac,61
615,$4011_dac,58
615,$4011_dac,64
615,$4011_dac,75
615,$4011_dac,75
615,$4011_dac,80
615,$4011_dac,80
615,$4011_dac,75
615,$4011_dac,64
615,$4011_dac,64
615,$4011_dac,65
615,$4011_dac,64
615,$4011_dac,69
615,$4011_dac,71
615,$4011_dac,66
615,$4011_dac,64
615,$4011_dac,64
615,$4011_dac,64
615,$4011_dac,61
615,$4011_dac,64
615,$4011_dac,65
615,$4011_dac,66
615,$4011_dac,71
615,$4011_dac,68
615,$4011_dac,70
615,$4011_dac,75
615,$4011_dac,69
615,$4011_dac,70
615,$4011_dac,70
615,$4011_dac,66
615,$4011_dac,68
615,$4011_dac,68
615,$4011_dac,64
615,$4011_dac,64
615,$4011_dac,72
615,$4011_dac,69
615,$4011_dac,69
615,$4011_dac,70
615,$4011_dac,61
615,$4011_dac,68
615,$4011_dac,66
615,$4011_dac,61
615,$4011_dac,69
615,$4011_dac,69
615,$4011_dac,65
615,$4011_dac,68
615,$4011_dac,70
615,$4011_dac,68
615,$4011_dac,72
615,$4011_dac,75
615,$4011_dac,75
615,$4011_dac,71
615,$4011_dac,70
615,$4011_dac,67
615,$4011_dac,66
615,$4011_dac,66
615,$4011_dac,64
615,$4011_dac,65
615,$4011_dac,67
615,$4011_dac,67
615,$4011_dac,67
615,$4011_dac,67
615,$4011_dac,68
615,$4011_dac,72
615,$4011_dac,68
615,$4011_dac,66
615,$4011_dac,69
615,$4011_dac,66
615,$4011_dac,65
615,$4011_dac,66
615,$4011_dac,65
615,$4011_dac,69
615,$4011_dac,75
615,$4011_dac,66
615,$4011_dac,64
615,$4011_dac,66
615,$4011_dac,61
615,$4011_dac,69
615,$4011_dac,75
615,$4011_dac,72
615,$4011_dac,75
615,$4011_dac,75
615,$4011_dac,64
615,$4011_dac,61
615,$4011_dac,64
615,$4011_dac,61
615,$4011_dac,65
615,$4011_dac,67
615,$4011_dac,65
615,$4011_dac,67
615,$4011_dac,72
615,$4011_dac,68
615,$4011_dac,68
615,$4011_dac,69
615,$4011_dac,65
616,$4011_dac,70
616,$4011_dac,68
616,$4011_dac,67
616,$4011_dac,80
616,$4011_dac,75
616,$4011_dac,61
616,$4011_dac,65
616,$4011_dac,65
616,$4011_dac,64
616,$4011_dac,68
616,$4011_dac,67
616,$4011_dac,65
616,$4011_dac,70
616,$4011_dac,70
616,$4011_dac,67
616,$4011_dac,70
616,$4011_dac,71
616,$4011_dac,65
616,$4011_dac,65
616,$4011_dac,67
616,$4011_dac,67
616,$4011_dac,70
616,$4011_dac,72
616,$4011_dac,72
616,$4011_dac,70
616,$4011_dac,68
616,$4011_dac,67
616,$4011_dac,66
616,$4011_dac,65
616,$4011_dac,64
616,$4011_dac,66
616,$4011_dac,71
616,$4011_dac,72
616,$4011_dac,70
616,$4011_dac,69
616,$4011_dac,68
616,$4011_dac,65
616,$4011_dac,64
616,$4011_dac,64
616,$4011_dac,66
616,$4011_dac,71
616,$4011_dac,71
616,$4011_dac,68
616,$4011_dac,71
616,$4011_dac,67
616,$4011_dac,65
616,$4011_dac,66
616,$4011_dac,64
616,$4011_dac,67
616,$4011_dac,71
616,$4011_dac,71
616,$4011_dac,71
616,$4011_dac,75
616,$4011_dac,70
616,$4011_dac,64
616,$4011_dac,64
616,$4011_dac,66
616,$4011_dac,66
616,$4011_dac,65
616,$4011_dac,71
616,$4011_dac,75
616,$4011_dac,70
616,$4011_dac,68
616,$4011_dac,69
616,$4011_dac,68
616,$4011_dac,68
616,$4011_dac,70
616,$4011_dac,72
616,$4011_dac,72
616,$4011_dac,72
616,$4011_dac,71
616,$4011_dac,66
616,$4011_dac,65
616,$4011_dac,64
616,$4011_dac,64
616,$4011_dac,68
616,$4011_dac,72
616,$4011_dac,69
616,$4011_dac,70
616,$4011_dac,68
616,$4011_dac,64
616,$4011_dac,64
616,$4011_dac,64
616,$4011_dac,65
616,$4011_dac,67
616,$4011_dac,68
616,$4011_dac,69
616,$4011_dac,71
616,$4011_dac,69
616,$4011_dac,66
616,$4011_dac,67
616,$4011_dac,69
616,$4011_dac,69
616,$4011_dac,71
616,$4011_dac,71
616,$4011_dac,75
616,$4011_dac,80
616,$4011_dac,68
616,$4011_dac,64
616,$4011_dac,64
616,$4011_dac,61
616,$4011_dac,58
616,$4011_dac,61
616,$4011_dac,64
616,$4011_dac,69
616,$4011_dac,72
616,$4011_dac,75
616,$4011_dac,80
616,$4011_dac,72
616,$4011_dac,71
616,$4011_dac,67
616,$4011_dac,65
616,$4011_dac,68
616,$4011_dac,69
616,$4011_dac,70
616,$4011_dac,68
616,$4011_dac,67
616,$4011_dac,67
616,$4011_dac,64
616,$4011_dac,64
616,$4011_dac,65
616,$4011_dac,64
616,$4011_dac,66
616,$4011_dac,72
616,$4011_dac,75
616,$4011_dac,80
616,$4011_dac,80
616,$4011_dac,72
616,$4011_dac,66
616,$4011_dac,61
616,$4011_dac,64
616,$4011_dac,65
616,$4011_dac,61
616,$4011_dac,65
616,$4011_dac,69
616,$4011_dac,67
616,$4011_dac,71
616,$4011_dac,70
616,$4011_dac,64
616,$4011_dac,64
616,$4011_dac,66
616,$4011_dac,61
616,$4011_dac,64
616,$4011_dac,72
616,$4011_dac,70
616,$4011_dac,80
616,$4011_dac,75
616,$4011_dac,64
616,$4011_dac,66
616,$4011_dac,66
616,$4011_dac,61
616,$4011_dac,64
616,$4011_dac,70
616,$4011_dac,72
616,$4011_dac,72
616,$4011_dac,70
616,$4011_dac,64
616,$4011_dac,61
616,$4011_dac,65
616,$4011_dac,64
616,$4011_dac,71
616,$4011_dac,75
616,$4011_dac,75
616,$4011_dac,72
616,$4011_dac,70
616,$4011_dac,64
616,$4011_dac,66
616,$4011_dac,67
616,$4011_dac,64
616,$4011_dac,67
616,$4011_dac,66
616,$4011_dac,64
616,$4011_dac,68
616,$4011_dac,67
616,$4011_dac,67
616,$4011_dac,72
616,$4011_dac,68
616,$4011_dac,69
616,$4011_dac,70
616,$4011_dac,65
616,$4011_dac,67
616,$4011_dac,69
616,$4011_dac,67
616,$4011_dac,66
616,$4011_dac,71
616,$4011_dac,70
616,$4011_dac,66
616,$4011_dac,70
616,$4011_dac,68
616,$4011_dac,64
616,$4011_dac,72
616,$4011_dac,75
616,$4011_dac,68
616,$4011_dac,80
616,$4011_dac,71
616,$4011_dac,61
616,$4011_dac,65
616,$4011_dac,58
616,$4011_dac,61
616,$4011_dac,69
616,$4011_dac,70
616,$4011_dac,71
616,$4011_dac,80
616,$4011_dac,69
616,$4011_dac,61
616,$4011_dac,66
616,$4011_dac,65
616,$4011_dac,65
616,$4011_dac,70
616,$4011_dac,71
616,$4011_dac,65
616,$4011_dac,71
616,$4011_dac,70
616,$4011_dac,64
616,$4011_dac,66
616,$4011_dac,68
616,$4011_dac,61
616,$4011_dac,65
616,$4011_dac,70
616,$4011_dac,68
616,$4011_dac,71
616,$4011_dac,75
616,$4011_dac,71
616,$4011_dac,69
616,$4011_dac,70
616,$4011_dac,67
616,$4011_dac,65
616,$4011_dac,67
616,$4011_dac,67
616,$4011_dac,66
616,$4011_dac,67
616,$4011_dac,66
616,$4011_dac,64
616,$4011_dac,64
616,$4011_dac,64
616,$4011_dac,65
616,$4011_dac,71
616,$4011_dac,72
616,$4011_dac,75
616,$4011_dac,75
616,$4011_dac,70
616,$4011_dac,71
616,$4011_dac,68
616,$4011_dac,64
616,$4011_dac,66
616,$4011_dac,66
616,$4011_dac,67
616,$4011_dac,69
616,$4011_dac,66
616,$4011_dac,65
616,$4011_dac,67
616,$4011_dac,67
616,$4011_dac,70
616,$4011_dac,75
616,$4011_dac,66
616,$4011_dac,66
616,$4011_dac,71
616,$4011_dac,68
616,$4011_dac,67
616,$4011_dac,75
616,$4011_dac,70
616,$4011_dac,69
616,$4011_dac,69
616,$4011_dac,61
616,$4011_dac,61
616,$4011_dac,65
616,$4011_dac,64
616,$4011_dac,68
616,$4011_dac,70
616,$4011_dac,70
616,$4011_dac,72
616,$4011_dac,67
616,$4011_dac,64
616,$4011_dac,66
616,$4011_dac,64
616,$4011_dac,65
616,$4011_dac,69
616,$4011_dac,72
616,$4011_dac,75
616,$4011_dac,75
616,$4011_dac,69
616,$4011_dac,67
616,$4011_dac,70
616,$4011_dac,67
616,$4011_dac,64
616,$4011_dac,66
616,$4011_dac,67
616,$4011_dac,67
616,$4011_dac,70
616,$4011_dac,68
616,$4011_dac,68
616,$4011_dac,70
616,$4011_dac,65
616,$4011_dac,66
616,$4011_dac,67
616,$4011_dac,66
616,$4011_dac,69
616,$4011_dac,71
616,$4011_dac,64
616,$4011_dac,65
616,$4011_dac,65
616,$4011_dac,61
616,$4011_dac,65
616,$4011_dac,67
616,$4011_dac,64
616,$4011_dac,68
616,$4011_dac,72
616,$4011_dac,65
616,$4011_dac,70
616,$4011_dac,70
616,$4011_dac,61
616,$4011_dac,66
616,$4011_dac,67
616,$4011_dac,64
616,$4011_dac,71
616,$4011_dac,72
616,$4011_dac,70
616,$4011_dac,70
616,$4011_dac,65
616,$4011_dac,66
616,$4011_dac,69
616,$4011_dac,66
616,$4011_dac,65
616,$4011_dac,70
616,$4011_dac,70
616,$4011_dac,69
616,$4011_dac,66
616,$4011_dac,65
616,$4011_dac,68
616,$4011_dac,72
616,$4011_dac,72
616,$4011_dac,75
616,$4011_dac,75
616,$4011_dac,67
616,$4011_dac,64
616,$4011_dac,65
616,$4011_dac,64
616,$4011_dac,64
616,$4011_dac,64
616,$4011_dac,64
616,$4011_dac,68
616,$4011_dac,69
616,$4011_dac,68
616,$4011_dac,69
616,$4011_dac,68
616,$4011_dac,69
616,$4011_dac,70
616,$4011_dac,70
616,$4011_dac,72
616,$4011_dac,75
616,$4011_dac,71
616,$4011_dac,66
616,$4011_dac,68
616,$4011_dac,69
616,$4011_dac,65
616,$4011_dac,69
616,$4011_dac,70
616,$4011_dac,65
617,$4011_dac,68
617,$4011_dac,66
617,$4011_dac,64
617,$4011_dac,68
617,$4011_dac,67
617,$4011_dac,65
617,$4011_dac,69
617,$4011_dac,69
617,$4011_dac,67
617,$4011_dac,72
617,$4011_dac,69
617,$4011_dac,66
617,$4011_dac,71
617,$4011_dac,68
617,$4011_dac,67
617,$4011_dac,70
617,$4011_dac,66
617,$4011_dac,66
617,$4011_dac,69
617,$4011_dac,68
617,$4011_dac,69
617,$4011_dac,72
617,$4011_dac,75
617,$4011_dac,71
617,$4011_dac,68
617,$4011_dac,65
617,$4011_dac,65
617,$4011_dac,64
617,$4011_dac,65
617,$4011_dac,68
617,$4011_dac,69
617,$4011_dac,72
617,$4011_dac,75
617,$4011_dac,72
617,$4011_dac,69
617,$4011_dac,68
617,$4011_dac,61
617,$4011_dac,61
617,$4011_dac,65
617,$4011_dac,67
617,$4011_dac,68
617,$4011_dac,75
617,$4011_dac,72
617,$4011_dac,69
617,$4011_dac,69
617,$4011_dac,66
617,$4011_dac,68
617,$4011_dac,72
617,$4011_dac,69
617,$4011_dac,68
617,$4011_dac,72
617,$4011_dac,65
617,$4011_dac,64
617,$4011_dac,64
617,$4011_dac,61
617,$4011_dac,64
617,$4011_dac,66
617,$4011_dac,69
617,$4011_dac,71
617,$4011_dac,75
617,$4011_dac,75
617,$4011_dac,75
617,$4011_dac,72
617,$4011_dac,69
617,$4011_dac,64
617,$4011_dac,64
617,$4011_dac,64
617,$4011_dac,61
617,$4011_dac,64
617,$4011_dac,64
617,$4011_dac,67
617,$4011_dac,67
617,$4011_dac,68
617,$4011_dac,68
617,$4011_dac,67
617,$4011_dac,69
617,$4011_dac,70
617,$4011_dac,71
617,$4011_dac,75
617,$4011_dac,80
617,$4011_dac,75
617,$4011_dac,72
617,$4011_dac,69
617,$4011_dac,64
617,$4011_dac,64
617,$4011_dac,64
617,$4011_dac,64
617,$4011_dac,70
617,$4011_dac,69
617,$4011_dac,66
617,$4011_dac,67
617,$4011_dac,64
617,$4011_dac,61
617,$4011_dac,64
617,$4011_dac,66
617,$4011_dac,68
617,$4011_dac,75
617,$4011_dac,75
617,$4011_dac,72
617,$4011_dac,72
617,$4011_dac,65
617,$4011_dac,64
617,$4011_dac,65
617,$4011_dac,64
617,$4011_dac,65
617,$4011_dac,65
617,$4011_dac,65
617,$4011_dac,66
617,$4011_dac,66
617,$4011_dac,67
617,$4011_dac,67
617,$4011_dac,67
617,$4011_dac,68
617,$4011_dac,67
617,$4011_dac,66
617,$4011_dac,67
617,$4011_dac,68
617,$4011_dac,68
617,$4011_dac,69
617,$4011_dac,70
617,$4011_dac,67
617,$4011_dac,68
617,$4011_dac,68
617,$4011_dac,65
617,$4011_dac,68
617,$4011_dac,69
617,$4011_dac,71
617,$4011_dac,75
617,$4011_dac,75
617,$4011_dac,71
617,$4011_dac,65
617,$4011_dac,64
617,$4011_dac,64
617,$4011_dac,64
617,$4011_dac,67
617,$4011_dac,71
617,$4011_dac,70
617,$4011_dac,71
617,$4011_dac,70
617,$4011_dac,64
617,$4011_dac,64
617,$4011_dac,64
617,$4011_dac,64
617,$4011_dac,67
617,$4011_dac,69
617,$4011_dac,71
617,$4011_dac,72
617,$4011_dac,72
617,$4011_dac,69
617,$4011_dac,66
617,$4011_dac,68
617,$4011_dac,67
617,$4011_dac,66
617,$4011_dac,68
617,$4011_dac,67
617,$4011_dac,67
617,$4011_dac,68
617,$4011_dac,68
617,$4011_dac,68
617,$4011_dac,68
617,$4011_dac,68
617,$4011_dac,67
617,$4011_dac,68
617,$4011_dac,67
617,$4011_dac,68
617,$4011_dac,70
617,$4011_dac,70
617,$4011_dac,69
617,$4011_dac,68
617,$4011_dac,65
617,$4011_dac,65
617,$4011_dac,67
617,$4011_dac,67
617,$4011_dac,70
617,$4011_dac,75
617,$4011_dac,75
617,$4011_dac,75
617,$4011_dac,71
617,$4011_dac,66
617,$4011_dac,61
617,$4011_dac,80
617,$4011_dac,72
617,$4011_dac,64
617,$4011_dac,71
617,$4011_dac,65
617,$4011_dac,70
617,$4011_dac,69
617,$4011_dac,67
617,$4011_dac,70
617,$4011_dac,69
617,$4011_dac,68
617,$4011_dac,70
617,$4011_dac,72
617,$4011_dac,70
617,$4011_dac,70
617,$4011_dac,69
617,$4011_dac,67
617,$4011_dac,67
617,$4011_dac,67
617,$4011_dac,67
617,$4011_dac,67
617,$4011_dac,67
617,$4011_dac,68
617,$4011_dac,69
617,$4011_dac,69
617,$4011_dac,70
617,$4011_dac,68
617,$4011_dac,67
617,$4011_dac,67
617,$4011_dac,66
617,$4011_dac,68
617,$4011_dac,69
617,$4011_dac,69
617,$4011_dac,68
617,$4011_dac,75
617,$4011_dac,75
617,$4011_dac,68
617,$4011_dac,67
617,$4011_dac,65
617,$4011_dac,64
617,$4011_dac,64
617,$4011_dac,64
617,$4011_dac,64
617,$4011_dac,65
617,$4011_dac,66
617,$4011_dac,68
617,$4011_dac,69
617,$4011_dac,71
617,$4011_dac,71
617,$4011_dac,70
617,$4011_dac,67
617,$4011_dac,67
617,$4011_dac,66
617,$4011_dac,67
617,$4011_dac,67
617,$4011_dac,68
617,$4011_dac,70
617,$4011_dac,71
617,$4011_dac,70
617,$4011_dac,70
617,$4011_dac,68
617,$4011_dac,68
617,$4011_dac,66
617,$4011_dac,66
617,$4011_dac,66
617,$4011_dac,65
617,$4011_dac,67
617,$4011_dac,67
617,$4011_dac,69
617,$4011_dac,71
617,$4011_dac,69
617,$4011_dac,66
617,$4011_dac,68
617,$4011_dac,67
617,$4011_dac,68
617,$4011_dac,72
617,$4011_dac,69
617,$4011_dac,67
617,$4011_dac,67
617,$4011_dac,65
617,$4011_dac,65
617,$4011_dac,67
617,$4011_dac,67
617,$4011_dac,68
617,$4011_dac,69
617,$4011_dac,68
617,$4011_dac,69
617,$4011_dac,68
617,$4011_dac,66
617,$4011_dac,66
617,$4011_dac,66
617,$4011_dac,67
617,$4011_dac,67
617,$4011_dac,68
617,$4011_dac,72
617,$4011_dac,71
617,$4011_dac,70
617,$4011_dac,70
617,$4011_dac,66
617,$4011_dac,66
617,$4011_dac,65
617,$4011_dac,64
617,$4011_dac,66
617,$4011_dac,67
617,$4011_dac,66
617,$4011_dac,68
617,$4011_dac,70
617,$4011_dac,70
617,$4011_dac,70
617,$4011_dac,72
617,$4011_dac,70
617,$4011_dac,70
617,$4011_dac,69
617,$4011_dac,66
617,$4011_dac,65
617,$4011_dac,64
617,$4011_dac,64
617,$4011_dac,65
617,$4011_dac,69
617,$4011_dac,69
617,$4011_dac,72
617,$4011_dac,72
617,$4011_dac,70
617,$4011_dac,71
617,$4011_dac,68
617,$4011_dac,67
617,$4011_dac,67
617,$4011_dac,67
617,$4011_dac,67
617,$4011_dac,67
617,$4011_dac,67
617,$4011_dac,68
617,$4011_dac,67
617,$4011_dac,67
617,$4011_dac,67
617,$4011_dac,67
617,$4011_dac,68
617,$4011_dac,70
617,$4011_dac,70
617,$4011_dac,69
617,$4011_dac,71
617,$4011_dac,70
617,$4011_dac,67
617,$4011_dac,67
617,$4011_dac,68
617,$4011_dac,67
617,$4011_dac,66
617,$4011_dac,68
617,$4011_dac,68
617,$4011_dac,67
617,$4011_dac,69
617,$4011_dac,67
617,$4011_dac,66
617,$4011_dac,67
617,$4011_dac,68
617,$4011_dac,69
617,$4011_dac,69
617,$4011_dac,69
617,$4011_dac,71
617,$4011_dac,72
617,$4011_dac,75
617,$4011_dac,71
617,$4011_dac,68
617,$4011_dac,64
617,$4011_dac,64
617,$4011_dac,64
617,$4011_dac,64
617,$4011_dac,64
617,$4011_dac,66
617,$4011_dac,67
617,$4011_dac,69
617,$4011_dac,72
617,$4011_dac,71
617,$4011_dac,71
617,$4011_dac,71
617,$4011_dac,69
617,$4011_dac,69
617,$4011_dac,68
618,$4011_dac,69
618,$4011_dac,67
618,$4011_dac,67
618,$4011_dac,66
618,$4011_dac,65
618,$4011_dac,65
618,$4011_dac,66
618,$4011_dac,68
618,$4011_dac,68
618,$4011_dac,69
618,$4011_dac,71
618,$4011_dac,71
618,$4011_dac,71
618,$4011_dac,71
618,$4011_dac,69
618,$4011_dac,66
618,$4011_dac,67
618,$4011_dac,66
618,$4011_dac,66
618,$4011_dac,66
618,$4011_dac,67
618,$4011_dac,68
618,$4011_dac,67
618,$4011_dac,65
618,$4011_dac,67
618,$4011_dac,67
618,$4011_dac,67
618,$4011_dac,69
618,$4011_dac,70
618,$4011_dac,69
618,$4011_dac,72
618,$4011_dac,75
618,$4011_dac,70
618,$4011_dac,70
618,$4011_dac,69
618,$4011_dac,66
618,$4011_dac,66
618,$4011_dac,64
618,$4011_dac,64
618,$4011_dac,66
618,$4011_dac,67
618,$4011_dac,65
618,$4011_dac,66
618,$4011_dac,67
618,$4011_dac,68
618,$4011_dac,70
618,$4011_dac,70
618,$4011_dac,69
618,$4011_dac,69
618,$4011_dac,69
618,$4011_dac,68
618,$4011_dac,68
618,$4011_dac,70
618,$4011_dac,70
618,$4011_dac,68
618,$4011_dac,69
618,$4011_dac,67
618,$4011_dac,64
618,$4011_dac,65
618,$4011_dac,66
618,$4011_dac,65
618,$4011_dac,68
618,$4011_dac,71
618,$4011_dac,70
618,$4011_dac,69
618,$4011_dac,69
618,$4011_dac,66
618,$4011_dac,66
618,$4011_dac,66
618,$4011_dac,65
618,$4011_dac,67
618,$4011_dac,69
618,$4011_dac,72
618,$4011_dac,71
618,$4011_dac,69
618,$4011_dac,67
618,$4011_dac,65
618,$4011_dac,65
618,$4011_dac,66
618,$4011_dac,67
618,$4011_dac,67
618,$4011_dac,68
618,$4011_dac,70
618,$4011_dac,68
618,$4011_dac,66
618,$4011_dac,66
618,$4011_dac,67
618,$4011_dac,67
618,$4011_dac,68
618,$4011_dac,68
618,$4011_dac,68
618,$4011_dac,68
618,$4011_dac,66
618,$4011_dac,67
618,$4011_dac,67
618,$4011_dac,67
618,$4011_dac,68
618,$4011_dac,69
618,$4011_dac,70
618,$4011_dac,70
618,$4011_dac,68
618,$4011_dac,69
618,$4011_dac,68
618,$4011_dac,68
618,$4011_dac,68
618,$4011_dac,66
618,$4011_dac,67
618,$4011_dac,68
618,$4011_dac,67
618,$4011_dac,68
618,$4011_dac,68
618,$4011_dac,67
618,$4011_dac,69
618,$4011_dac,69
618,$4011_dac,67
618,$4011_dac,69
618,$4011_dac,67
618,$4011_dac,65
618,$4011_dac,68
618,$4011_dac,68
618,$4011_dac,68
618,$4011_dac,70
618,$4011_dac,70
618,$4011_dac,69
618,$4011_dac,70
618,$4011_dac,69
618,$4011_dac,68
618,$4011_dac,68
618,$4011_dac,66
618,$4011_dac,66
618,$4011_dac,67
618,$4011_dac,67
618,$4011_dac,67
618,$4011_dac,67
618,$4011_dac,67
618,$4011_dac,67
618,$4011_dac,69
618,$4011_dac,69
618,$4011_dac,70
618,$4011_dac,72
618,$4011_dac,69
618,$4011_dac,68
618,$4011_dac,66
618,$4011_dac,65
618,$4011_dac,67
618,$4011_dac,67
618,$4011_dac,67
618,$4011_dac,67
618,$4011_dac,70
618,$4011_dac,70
618,$4011_dac,69
618,$4011_dac,67
618,$4011_dac,67
618,$4011_dac,68
618,$4011_dac,68
618,$4011_dac,69
618,$4011_dac,69
618,$4011_dac,69
618,$4011_dac,69
618,$4011_dac,68
618,$4011_dac,68
618,$4011_dac,68
618,$4011_dac,67
618,$4011_dac,68
618,$4011_dac,69
618,$4011_dac,69
618,$4011_dac,70
618,$4011_dac,70
618,$4011_dac,69
618,$4011_dac,69
618,$4011_dac,68
618,$4011_dac,66
618,$4011_dac,67
618,$4011_dac,67
618,$4011_dac,67
618,$4011_dac,69
618,$4011_dac,69
618,$4011_dac,69
618,$4011_dac,70
618,$4011_dac,67
618,$4011_dac,66
618,$4011_dac,67
618,$4011_dac,66
618,$4011_dac,67
618,$4011_dac,67
618,$4011_dac,68
618,$4011_dac,69
618,$4011_dac,72
618,$4011_dac,71
618,$4011_dac,68
618,$4011_dac,71
618,$4011_dac,68
618,$4011_dac,65
618,$4011_dac,66
618,$4011_dac,66
618,$4011_dac,66
618,$4011_dac,67
618,$4011_dac,66
618,$4011_dac,66
618,$4011_dac,68
618,$4011_dac,67
618,$4011_dac,67
618,$4011_dac,68
618,$4011_dac,67
618,$4011_dac,68
618,$4011_dac,69
618,$4011_dac,70
618,$4011_dac,70
618,$4011_dac,69
618,$4011_dac,68
618,$4011_dac,66
618,$4011_dac,66
618,$4011_dac,67
618,$4011_dac,67
618,$4011_dac,67
618,$4011_dac,67
618,$4011_dac,67
618,$4011_dac,69
618,$4011_dac,68
618,$4011_dac,67
618,$4011_dac,70
618,$4011_dac,68
618,$4011_dac,68
618,$4011_dac,68
618,$4011_dac,67
618,$4011_dac,67
618,$4011_dac,67
618,$4011_dac,67
618,$4011_dac,69
618,$4011_dac,69
618,$4011_dac,67
618,$4011_dac,66
618,$4011_dac,67
618,$4011_dac,67
618,$4011_dac,67
618,$4011_dac,70
618,$4011_dac,68
618,$4011_dac,72
618,$4011_dac,72
618,$4011_dac,67
618,$4011_dac,67
618,$4011_dac,65
618,$4011_dac,64
618,$4011_dac,66
618,$4011_dac,65
618,$4011_dac,65
618,$4011_dac,68
618,$4011_dac,69
618,$4011_dac,69
618,$4011_dac,69
618,$4011_dac,70
618,$4011_dac,68
618,$4011_dac,69
618,$4011_dac,68
618,$4011_dac,66
618,$4011_dac,68
618,$4011_dac,67
618,$4011_dac,66
618,$4011_dac,69
618,$4011_dac,68
618,$4011_dac,67
618,$4011_dac,68
618,$4011_dac,69
618,$4011_dac,67
618,$4011_dac,67
618,$4011_dac,68
618,$4011_dac,66
618,$4011_dac,69
618,$4011_dac,69
618,$4011_dac,69
618,$4011_dac,69
618,$4011_dac,67
618,$4011_dac,67
618,$4011_dac,67
618,$4011_dac,67
618,$4011_dac,68
618,$4011_dac,69
618,$4011_dac,69
618,$4011_dac,69
618,$4011_dac,70
618,$4011_dac,68
618,$4011_dac,66
618,$4011_dac,65
618,$4011_dac,66
618,$4011_dac,67
618,$4011_dac,68
618,$4011_dac,69
618,$4011_dac,70
618,$4011_dac,70
618,$4011_dac,67
618,$4011_dac,67
618,$4011_dac,67
618,$4011_dac,68
618,$4011_dac,68
618,$4011_dac,68
618,$4011_dac,68
618,$4011_dac,68
618,$4011_dac,69
618,$4011_dac,68
618,$4011_dac,69
618,$4011_dac,70
618,$4011_dac,67
618,$4011_dac,67
618,$4011_dac,66
618,$4011_dac,67
618,$4011_dac,69
618,$4011_dac,69
618,$4011_dac,69
618,$4011_dac,69
618,$4011_dac,69
618,$4011_dac,68
618,$4011_dac,67
618,$4011_dac,68
618,$4011_dac,68
618,$4011_dac,69
618,$4011_dac,70
618,$4011_dac,69
618,$4011_dac,69
618,$4011_dac,69
618,$4011_dac,68
618,$4011_dac,67
618,$4011_dac,67
618,$4011_dac,67
618,$4011_dac,69
618,$4011_dac,69
618,$4011_dac,68
618,$4011_dac,70
618,$4011_dac,69
618,$4011_dac,67
618,$4011_dac,67
618,$4011_dac,67
618,$4011_dac,67
618,$4011_dac,67
618,$4011_dac,68
618,$4011_dac,67
618,$4011_dac,68
618,$4011_dac,69
618,$4011_dac,67
618,$4011_dac,69
618,$4011_dac,68
618,$4011_dac,67
618,$4011_dac,69
618,$4011_dac,67
618,$4011_dac,66
618,$4011_dac,67
618,$4011_dac,67
618,$4011_dac,68
618,$4011_dac,68
618,$4011_dac,68
618,$4011_dac,70
618,$4011_dac,70
618,$4011_dac,69
618,$4011_dac,69
618,$4011_dac,69
618,$4011_dac,67
618,$4011_dac,67
618,$4011_dac,67
619,$4011_dac,66
619,$4011_dac,67
619,$4011_dac,67
619,$4011_dac,67
619,$4011_dac,69
619,$4011_dac,70
619,$4011_dac,69
619,$4011_dac,70
619,$4011_dac,69
619,$4011_dac,67
619,$4011_dac,67
619,$4011_dac,67
619,$4011_dac,66
619,$4011_dac,66
619,$4011_dac,67
619,$4011_dac,67
619,$4011_dac,67
619,$4011_dac,67
619,$4011_dac,67
619,$4011_dac,69
619,$4011_dac,69
619,$4011_dac,69
619,$4011_dac,72
619,$4011_dac,70
619,$4011_dac,67
619,$4011_dac,67
619,$4011_dac,66
619,$4011_dac,67
619,$4011_dac,67
619,$4011_dac,67
619,$4011_dac,67
619,$4011_dac,68
619,$4011_dac,69
619,$4011_dac,68
619,$4011_dac,68
619,$4011_dac,69
619,$4011_dac,67
619,$4011_dac,67
619,$4011_dac,66
619,$4011_dac,66
619,$4011_dac,67
619,$4011_dac,67
619,$4011_dac,66
619,$4011_dac,67
619,$4011_dac,66
619,$4011_dac,67
619,$4011_dac,68
619,$4011_dac,66
619,$4011_dac,67
619,$4011_dac,67
619,$4011_dac,67
619,$4011_dac,67
619,$4011_dac,69
619,$4011_dac,68
619,$4011_dac,69
619,$4011_dac,68
619,$4011_dac,67
619,$4011_dac,68
619,$4011_dac,68
619,$4011_dac,68
619,$4011_dac,69
619,$4011_dac,69
619,$4011_dac,68
619,$4011_dac,68
619,$4011_dac,68
619,$4011_dac,67
619,$4011_dac,67
619,$4011_dac,68
619,$4011_dac,68
619,$4011_dac,68
619,$4011_dac,69
619,$4011_dac,68
619,$4011_dac,68
619,$4011_dac,69
619,$4011_dac,68
619,$4011_dac,68
619,$4011_dac,68
619,$4011_dac,68
619,$4011_dac,67
619,$4011_dac,68
619,$4011_dac,68
619,$4011_dac,68
619,$4011_dac,70
619,$4011_dac,68
619,$4011_dac,68
619,$4011_dac,68
619,$4011_dac,67
619,$4011_dac,67
619,$4011_dac,68
619,$4011_dac,68
619,$4011_dac,68
619,$4011_dac,69
619,$4011_dac,70
619,$4011_dac,69
619,$4011_dac,69
619,$4011_dac,69
619,$4011_dac,68
619,$4011_dac,67
619,$4011_dac,67
619,$4011_dac,67
619,$4011_dac,67
619,$4011_dac,67
619,$4011_dac,67
619,$4011_dac,70
619,$4011_dac,68
619,$4011_dac,68
619,$4011_dac,68
619,$4011_dac,67
619,$4011_dac,68
619,$4011_dac,69
619,$4011_dac,68
619,$4011_dac,69
619,$4011_dac,69
619,$4011_dac,68
619,$4011_dac,68
619,$4011_dac,69
619,$4011_dac,68
619,$4011_dac,67
619,$4011_dac,69
619,$4011_dac,68
619,$4011_dac,68
619,$4011_dac,70
619,$4011_dac,69
619,$4011_dac,68
619,$4011_dac,70
619,$4011_dac,67
619,$4011_dac,67
619,$4011_dac,67
619,$4011_dac,66
619,$4011_dac,67
619,$4011_dac,67
619,$4011_dac,67
619,$4011_dac,68
619,$4011_dac,70
619,$4011_dac,68
619,$4011_dac,69
619,$4011_dac,69
619,$4011_dac,67
619,$4011_dac,67
619,$4011_dac,68
619,$4011_dac,68
619,$4011_dac,69
619,$4011_dac,69
619,$4011_dac,67
619,$4011_dac,68
619,$4011_dac,68
619,$4011_dac,67
619,$4011_dac,68
619,$4011_dac,69
619,$4011_dac,69
619,$4011_dac,68
619,$4011_dac,67
619,$4011_dac,67
619,$4011_dac,67
619,$4011_dac,68
640,$4000_duty,3
640,$4000_const,0
640,$4000_vol,2
640,$4001_sweep,8
640,$4002_period,2413
640,$400B_length,12
640,$4008_linear,19
640,$400A_period,299
640,$400B_length,0
640,$4004_duty,3
640,$4004_const,1
640,$4004_vol,9
640,$4005_sweep,0
640,$4006_period,299
640,$400C_const,0
640,$400C_vol,1
640,$400E_period,0
640,$400E_mode,0
649,$4000_duty,3
649,$4000_const,0
649,$4000_vol,2
649,$4001_sweep,8
649,$4002_period,2413
649,$400B_length,12
649,$400C_const,0
649,$400C_vol,1
649,$400E_period,0
649,$400E_mode,0
658,$4000_duty,3
658,$4000_const,0
658,$4000_vol,2
658,$4001_sweep,8
658,$4002_period,2413
658,$400B_length,12
658,$400C_const,0
658,$400C_vol,1
658,$400E_period,0
658,$400E_mode,0
667,$4000_duty,3
667,$4000_const,0
667,$4000_vol,2
667,$4001_sweep,8
667,$4002_period,2413
667,$400B_length,12
667,$400C_const,0
667,$400C_vol,1
667,$400E_period,0
667,$400E_mode,0
676,$4000_duty,3
676,$4000_const,0
676,$4000_vol,2
676,$4001_sweep,8
676,$4002_period,2413
676,$400B_length,12
676,$4008_linear,19
676,$400A_period,337
676,$400B_length,0
676,$4004_duty,3
676,$4004_const,1
676,$4004_vol,9
676,$4005_sweep,0
676,$4006_period,337
676,$400C_const,0
676,$400C_vol,1
676,$400E_period,0
676,$400E_mode,0
685,$4000_duty,3
685,$4000_const,0
685,$4000_vol,2
685,$4001_sweep,8
685,$4002_period,2413
685,$400B_length,12
685,$4008_linear,19
685,$400A_period,401
685,$400B_length,0
685,$4004_duty,3
685,$4004_const,1
685,$4004_vol,9
685,$4005_sweep,0
685,$4006_period,401
685,$400C_const,0
685,$400C_vol,1
685,$400E_period,0
685,$400E_mode,0
694,$4000_duty,3
694,$4000_const,0
694,$4000_vol,2
694,$4001_sweep,8
694,$4002_period,2413
694,$400B_length,12
694,$4008_linear,19
694,$400A_period,299
694,$400B_length,0
694,$4004_duty,3
694,$4004_const,1
694,$4004_vol,9
694,$4005_sweep,0
694,$4006_period,299
694,$400C_const,0
694,$400C_vol,1
694,$400E_period,5
694,$400E_mode,0
703,$4000_duty,3
703,$4000_const,0
703,$4000_vol,2
703,$4001_sweep,8
703,$4002_period,2413
703,$400B_length,12
703,$400C_const,0
703,$400C_vol,1
703,$400E_period,0
703,$400E_mode,0
712,$4000_duty,3
712,$4000_const,0
712,$4000_vol,2
712,$4001_sweep,8
712,$4002_period,2413
712,$400B_length,12
712,$400C_const,0
712,$400C_vol,1
712,$400E_period,0
712,$400E_mode,0
721,$4000_duty,3
721,$4000_const,0
721,$4000_vol,2
721,$4001_sweep,8
721,$4002_period,2413
721,$400B_length,12
721,$400C_const,0
721,$400C_vol,1
721,$400E_period,0
721,$400E_mode,0
730,$4000_duty,3
730,$4000_const,0
730,$4000_vol,2
730,$4001_sweep,8
730,$4002_period,2413
730,$400B_length,12
730,$4008_linear,19
730,$400A_period,337
730,$400B_length,0
730,$4004_duty,3
730,$4004_const,1
730,$4004_vol,9
730,$4005_sweep,0
730,$4006_period,337
730,$400C_const,0
730,$400C_vol,1
730,$400E_period,0
730,$400E_mode,0
739,$4000_duty,3
739,$4000_const,0
739,$4000_vol,2
739,$4001_sweep,8
739,$4002_period,2413
739,$400B_length,12
739,$4008_linear,19
739,$400A_period,401
739,$400B_length,0
739,$4004_duty,3
739,$4004_const,1
739,$4004_vol,9
739,$4005_sweep,0
739,$4006_period,401
739,$400C_const,0
739,$400C_vol,1
739,$400E_period,0
739,$400E_mode,0
748,$4000_duty,3
748,$4000_const,0
748,$4000_vol,2
748,$4001_sweep,8
748,$4002_period,2413
748,$400B_length,12
748,$4008_linear,19
748,$400A_period,299
748,$400B_length,0
748,$4004_duty,3
748,$4004_const,1
748,$4004_vol,9
748,$4005_sweep,0
748,$4006_period,299
748,$400C_const,0
748,$400C_vol,1
748,$400E_period,0
748,$400E_mode,0
757,$4000_duty,3
757,$4000_const,0
757,$4000_vol,2
757,$4001_sweep,8
757,$4002_period,2413
757,$400B_length,12
757,$400C_const,0
757,$400C_vol,1
757,$400E_period,0
757,$400E_mode,0
766,$4000_duty,3
766,$4000_const,0
766,$4000_vol,2
766,$4001_sweep,8
766,$4002_period,2413
766,$400B_length,12
766,$400C_const,0
766,$400C_vol,1
766,$400E_period,0
766,$400E_mode,0
775,$4000_duty,3
775,$4000_const,0
775,$4000_vol,2
775,$4001_sweep,8
775,$4002_period,2413
775,$400B_length,12
775,$400C_const,0
775,$400C_vol,1
775,$400E_period,0
775,$400E_mode,0
784,$4000_duty,3
784,$4000_const,0
784,$4000_vol,2
784,$4001_sweep,8
784,$4002_period,2413
784,$400B_length,12
784,$4008_linear,19
784,$400A_period,337
784,$400B_length,0
784,$4004_duty,3
784,$4004_const,1
784,$4004_vol,9
784,$4005_sweep,0
784,$4006_period,337
784,$400C_const,0
784,$400C_vol,1
784,$400E_period,0
784,$400E_mode,0
793,$4000_duty,3
793,$4000_const,0
793,$4000_vol,2
793,$4001_sweep,8
793,$4002_period,2413
793,$400B_length,12
793,$4008_linear,19
793,$400A_period,401
793,$400B_length,0
793,$4004_duty,3
793,$4004_const,1
793,$4004_vol,9
793,$4005_sweep,0
793,$4006_period,401
793,$400C_const,0
793,$400C_vol,1
793,$400E_period,0
793,$400E_mode,0
