frame,parameter,value
0,$4000_duty,2
0,$4000_const,0
0,$4000_vol,5
0,$4001_sweep,0
0,$4002_period,121
0,$400B_length,8
0,$4004_duty,3
0,$4004_const,0
0,$4004_vol,5
0,$4005_sweep,0
0,$4006_period,241
1,$4000_duty,2
1,$4000_const,0
1,$4000_vol,5
1,$4001_sweep,0
1,$4002_period,75
1,$400B_length,8
1,$4004_duty,3
1,$4004_const,0
1,$4004_vol,5
1,$4005_sweep,0
1,$4006_period,151
2,$4000_duty,2
2,$4000_const,0
2,$4000_vol,5
2,$4004_duty,3
2,$4004_const,0
2,$4004_vol,5
3,$4000_duty,2
3,$4000_const,0
3,$4000_vol,5
3,$4001_sweep,0
3,$4002_period,107
3,$400B_length,8
3,$4004_duty,3
3,$4004_const,0
3,$4004_vol,5
3,$4005_sweep,0
3,$4006_period,213
4,$4000_duty,2
4,$4000_const,0
4,$4000_vol,5
4,$4004_duty,3
4,$4004_const,0
4,$4004_vol,5
5,$4000_duty,2
5,$4000_const,0
5,$4000_vol,5
5,$4001_sweep,0
5,$4002_period,95
5,$400B_length,8
5,$4004_duty,3
5,$4004_const,0
5,$4004_vol,5
5,$4005_sweep,0
5,$4006_period,191
6,$4000_duty,2
6,$4000_const,0
6,$4000_vol,5
6,$4004_duty,3
6,$4004_const,0
6,$4004_vol,5
7,$4000_duty,2
7,$4000_const,0
7,$4000_vol,5
7,$4001_sweep,0
7,$4002_period,121
7,$400B_length,8
7,$4004_duty,3
7,$4004_const,0
7,$4004_vol,5
7,$4005_sweep,0
7,$4006_period,241
8,$4000_duty,2
8,$4000_const,0
8,$4000_vol,5
8,$4001_sweep,0
8,$4002_period,75
8,$400B_length,8
8,$4004_duty,3
8,$4004_const,0
8,$4004_vol,5
8,$4005_sweep,0
8,$4006_period,151
9,$4000_duty,2
9,$4000_const,0
9,$4000_vol,5
9,$4004_duty,3
9,$4004_const,0
9,$4004_vol,5
10,$4000_duty,2
10,$4000_const,0
10,$4000_vol,5
10,$4001_sweep,0
10,$4002_period,107
10,$400B_length,8
10,$4004_duty,3
10,$4004_const,0
10,$4004_vol,5
10,$4005_sweep,0
10,$4006_period,213
11,$4000_duty,2
11,$4000_const,0
11,$4000_vol,5
11,$4004_duty,3
11,$4004_const,0
11,$4004_vol,5
12,$4000_duty,2
12,$4000_const,0
12,$4000_vol,5
12,$4001_sweep,0
12,$4002_period,95
12,$400B_length,8
12,$4004_duty,3
12,$4004_const,0
12,$4004_vol,5
12,$4005_sweep,0
12,$4006_period,191
13,$4000_duty,2
13,$4000_const,0
13,$4000_vol,5
13,$4004_duty,3
13,$4004_const,0
13,$4004_vol,5
14,$4000_duty,2
14,$4000_const,0
14,$4000_vol,5
14,$4001_sweep,0
14,$4002_period,121
14,$400B_length,8
14,$4004_duty,3
14,$4004_const,0
14,$4004_vol,5
14,$4005_sweep,0
14,$4006_period,241
15,$4000_duty,2
15,$4000_const,0
15,$4000_vol,5
15,$4001_sweep,0
15,$4002_period,75
15,$400B_length,8
15,$4004_duty,3
15,$4004_const,0
15,$4004_vol,5
15,$4005_sweep,0
15,$4006_period,151
16,$4000_duty,2
16,$4000_const,0
16,$4000_vol,5
16,$4004_duty,3
16,$4004_const,0
16,$4004_vol,5
17,$4000_duty,2
17,$4000_const,0
17,$4000_vol,5
17,$4001_sweep,0
17,$4002_period,107
17,$400B_length,8
17,$4004_duty,3
17,$4004_const,0
17,$4004_vol,5
17,$4005_sweep,0
17,$4006_period,213
18,$4000_duty,2
18,$4000_const,0
18,$4000_vol,5
18,$4004_duty,3
18,$4004_const,0
18,$4004_vol,5
19,$4000_duty,2
19,$4000_const,0
19,$4000_vol,5
19,$4001_sweep,0
19,$4002_period,95
19,$400B_length,8
19,$4004_duty,3
19,$4004_const,0
19,$4004_vol,5
19,$4005_sweep,0
19,$4006_period,191
20,$4000_duty,2
20,$4000_const,0
20,$4000_vol,5
20,$4004_duty,3
20,$4004_const,0
20,$4004_vol,5
21,$4000_duty,2
21,$4000_const,0
21,$4000_vol,5
21,$4001_sweep,0
21,$4002_period,121
21,$400B_length,8
21,$4004_duty,3
21,$4004_const,0
21,$4004_vol,5
21,$4005_sweep,0
21,$4006_period,241
22,$4000_duty,2
22,$4000_const,0
22,$4000_vol,5
22,$4004_duty,3
22,$4004_const,0
22,$4004_vol,5
23,$4000_duty,2
23,$4000_const,0
23,$4000_vol,5
23,$4001_sweep,0
23,$4002_period,75
23,$400B_length,8
23,$4004_duty,3
23,$4004_const,0
23,$4004_vol,5
23,$4005_sweep,0
23,$4006_period,151
24,$4000_duty,2
24,$4000_const,0
24,$4000_vol,5
24,$4004_duty,3
24,$4004_const,0
24,$4004_vol,5
25,$4000_duty,2
25,$4000_const,0
25,$4000_vol,5
25,$4001_sweep,0
25,$4002_period,75
25,$400B_length,8
25,$4004_duty,3
25,$4004_const,0
25,$4004_vol,5
25,$4005_sweep,0
25,$4006_period,151
26,$4000_duty,2
26,$4000_const,0
26,$4000_vol,5
26,$4004_duty,3
26,$4004_const,0
26,$4004_vol,5
27,$4000_duty,2
27,$4000_const,0
27,$4000_vol,5
27,$4001_sweep,0
27,$4002_period,107
27,$400B_length,8
27,$4004_duty,3
27,$4004_const,0
27,$4004_vol,5
27,$4005_sweep,0
27,$4006_period,213
28,$4000_duty,2
28,$4000_const,0
28,$4000_vol,5
28,$4004_duty,3
28,$4004_const,0
28,$4004_vol,5
29,$4000_duty,2
29,$4000_const,0
29,$4000_vol,5
29,$4001_sweep,0
29,$4002_period,95
29,$400B_length,8
29,$4004_duty,3
29,$4004_const,0
29,$4004_vol,5
29,$4005_sweep,0
29,$4006_period,191
30,$4000_duty,2
30,$4000_const,0
30,$4000_vol,5
30,$4004_duty,3
30,$4004_const,0
30,$4004_vol,5
31,$4000_duty,2
31,$4000_const,0
31,$4000_vol,5
31,$4001_sweep,0
31,$4002_period,121
31,$400B_length,8
31,$4004_duty,3
31,$4004_const,0
31,$4004_vol,5
31,$4005_sweep,0
31,$4006_period,241
32,$4000_duty,2
32,$4000_const,0
32,$4000_vol,5
32,$4004_duty,3
32,$4004_const,0
32,$4004_vol,5
33,$4000_duty,2
33,$4000_const,0
33,$4000_vol,5
33,$4001_sweep,0
33,$4002_period,75
33,$400B_length,8
33,$4004_duty,3
33,$4004_const,0
33,$4004_vol,5
33,$4005_sweep,0
33,$4006_period,151
34,$4000_duty,2
34,$4000_const,0
34,$4000_vol,5
34,$4004_duty,3
34,$4004_const,0
34,$4004_vol,5
35,$4000_duty,2
35,$4000_const,0
35,$4000_vol,5
35,$4001_sweep,0
35,$4002_period,107
35,$400B_length,8
35,$4004_duty,3
35,$4004_const,0
35,$4004_vol,5
35,$4005_sweep,0
35,$4006_period,213
36,$4000_duty,2
36,$4000_const,0
36,$4000_vol,5
36,$4004_duty,3
36,$4004_const,0
36,$4004_vol,5
37,$4000_duty,2
37,$4000_const,0
37,$4000_vol,5
37,$4001_sweep,0
37,$4002_period,95
37,$400B_length,8
37,$4004_duty,3
37,$4004_const,0
37,$4004_vol,5
37,$4005_sweep,0
37,$4006_period,191
38,$4000_duty,2
38,$4000_const,0
38,$4000_vol,5
38,$4004_duty,3
38,$4004_const,0
38,$4004_vol,5
39,$4000_duty,2
39,$4000_const,0
39,$4000_vol,5
39,$4001_sweep,0
39,$4002_period,121
39,$400B_length,8
39,$4004_duty,3
39,$4004_const,0
39,$4004_vol,5
39,$4005_sweep,0
39,$4006_period,241
40,$4000_duty,2
40,$4000_const,0
40,$4000_vol,5
40,$4004_duty,3
40,$4004_const,0
40,$4004_vol,5
157,$4000_duty,1
157,$4000_const,1
157,$4000_vol,10
157,$4001_sweep,187
157,$4002_period,1281
157,$400B_length,10
157,$4004_duty,1
157,$4004_const,1
157,$4004_vol,15
157,$4005_sweep,171
157,$4006_period,1711
158,$4000_duty,1
158,$4000_const,1
158,$4000_vol,10
158,$4004_duty,1
158,$4004_const,1
158,$4004_vol,15
158,$4008_linear,10
158,$400C_const,1
158,$400C_vol,10
158,$400C_const,1
158,$400C_vol,7
159,$4000_duty,1
159,$4000_const,1
159,$4000_vol,10
159,$4004_duty,1
159,$4004_const,1
159,$4004_vol,15
159,$4008_linear,10
159,$400C_const,1
159,$400C_vol,7
159,$400C_const,1
159,$400C_vol,3
160,$4000_duty,1
160,$4000_const,1
160,$4000_vol,10
160,$4004_duty,1
160,$4004_const,1
160,$4004_vol,15
160,$4008_linear,10
160,$400C_const,1
160,$400C_vol,3
160,$400C_const,1
160,$400C_vol,0
161,$4000_duty,1
161,$4000_const,1
161,$4000_vol,10
161,$4004_duty,1
161,$4004_const,1
161,$4004_vol,15
161,$4008_linear,10
161,$400C_const,1
161,$400C_vol,0
161,$400C_const,1
161,$400C_vol,0
162,$4000_duty,1
162,$4000_const,1
162,$4000_vol,10
162,$4004_duty,1
162,$4004_const,1
162,$4004_vol,15
162,$4008_linear,10
162,$400C_const,1
162,$400C_vol,0
162,$400C_const,1
162,$400C_vol,0
163,$4000_duty,1
163,$4000_const,1
163,$4000_vol,10
163,$4004_duty,1
163,$4004_const,1
163,$4004_vol,15
163,$4008_linear,10
163,$400C_const,1
163,$400C_vol,0
163,$400C_const,1
163,$400C_vol,0
164,$4000_duty,1
164,$4000_const,1
164,$4000_vol,10
164,$4004_duty,1
164,$4004_const,1
164,$4004_vol,15
164,$4008_linear,10
164,$400C_const,1
164,$400C_vol,0
164,$400C_const,1
164,$400C_vol,0
165,$4000_duty,1
165,$4000_const,1
165,$4000_vol,10
165,$4004_duty,1
165,$4004_const,1
165,$4004_vol,15
165,$4008_linear,10
165,$400C_const,1
165,$400C_vol,0
165,$400C_const,1
165,$400C_vol,0
166,$4000_duty,1
166,$4000_const,1
166,$4000_vol,10
166,$4004_duty,1
166,$4004_const,1
166,$4004_vol,15
166,$4008_linear,10
166,$400C_const,1
166,$400C_vol,0
166,$400C_const,1
166,$400C_vol,0
167,$4000_duty,1
167,$4000_const,1
167,$4000_vol,10
167,$4004_duty,1
167,$4004_const,1
167,$4004_vol,15
167,$4008_linear,10
167,$400C_const,1
167,$400C_vol,0
167,$400C_const,1
167,$400C_vol,0
168,$4000_duty,1
168,$4000_const,1
168,$4000_vol,10
168,$4004_duty,1
168,$4004_const,1
168,$4004_vol,15
168,$4008_linear,10
168,$400C_const,1
168,$400C_vol,0
168,$400C_const,1
168,$400C_vol,0
169,$4000_duty,1
169,$4000_const,1
169,$4000_vol,10
169,$4004_duty,1
169,$4004_const,1
169,$4004_vol,15
169,$4008_linear,10
169,$400C_const,1
169,$400C_vol,0
169,$400C_const,1
169,$400C_vol,0
170,$4000_duty,1
170,$4000_const,1
170,$4000_vol,10
170,$4004_duty,1
170,$4004_const,1
170,$4004_vol,15
170,$4008_linear,10
170,$400C_const,1
170,$400C_vol,0
170,$400C_const,1
170,$400C_vol,0
171,$4000_duty,1
171,$4000_const,1
171,$4000_vol,10
171,$4004_duty,1
171,$4004_const,1
171,$4004_vol,15
171,$4008_linear,10
171,$400C_const,1
171,$400C_vol,0
171,$400C_const,1
171,$400C_vol,0
172,$4000_duty,1
172,$4000_const,1
172,$4000_vol,10
172,$4004_duty,1
172,$4004_const,1
172,$4004_vol,15
172,$4008_linear,10
172,$400C_const,1
172,$400C_vol,0
172,$400C_const,1
172,$400C_vol,0
173,$4000_duty,1
173,$4000_const,1
173,$4000_vol,10
173,$4004_duty,1
173,$4004_const,1
173,$4004_vol,15
173,$4008_linear,10
173,$400C_const,1
173,$400C_vol,0
173,$400C_const,1
173,$400C_vol,0
174,$4000_duty,1
174,$4000_const,1
174,$4000_vol,10
174,$4004_duty,1
174,$4004_const,1
174,$4004_vol,15
174,$4008_linear,10
174,$400C_const,1
174,$400C_vol,0
174,$400C_const,1
174,$400C_vol,0
175,$4000_duty,1
175,$4000_const,1
175,$4000_vol,10
175,$4004_duty,1
175,$4004_const,1
175,$4004_vol,15
175,$4008_linear,10
175,$400C_const,1
175,$400C_vol,0
175,$400C_const,1
175,$400C_vol,0
176,$4000_duty,1
176,$4000_const,1
176,$4000_vol,10
176,$4004_duty,1
176,$4004_const,1
176,$4004_vol,15
176,$4008_linear,10
176,$400C_const,1
176,$400C_vol,0
176,$400C_const,1
176,$400C_vol,0
177,$4000_duty,1
177,$4000_const,1
177,$4000_vol,10
177,$4004_duty,1
177,$4004_const,1
177,$4004_vol,15
177,$4008_linear,10
177,$400C_const,1
177,$400C_vol,0
177,$400C_const,1
177,$400C_vol,0
178,$4000_duty,1
178,$4000_const,1
178,$4000_vol,10
178,$4004_duty,1
178,$4004_const,1
178,$4004_vol,15
178,$4008_linear,10
178,$400C_const,1
178,$400C_vol,0
178,$400C_const,1
178,$400C_vol,0
179,$4000_duty,1
179,$4000_const,1
179,$4000_vol,10
179,$4004_duty,1
179,$4004_const,1
179,$4004_vol,15
179,$4008_linear,10
179,$400C_const,1
179,$400C_vol,0
179,$400C_const,1
179,$400C_vol,0
180,$4000_duty,1
180,$4000_const,1
180,$4000_vol,10
180,$4004_duty,1
180,$4004_const,1
180,$4004_vol,15
180,$4008_linear,10
180,$400C_const,1
180,$400C_vol,0
180,$400C_const,1
180,$400C_vol,0
181,$4000_duty,1
181,$4000_const,1
181,$4000_vol,10
181,$4001_sweep,0
181,$4002_period,427
181,$400B_length,8
181,$4004_duty,1
181,$4004_const,1
181,$4004_vol,15
181,$4005_sweep,0
181,$4006_period,255
181,$4008_linear,10
181,$400A_period,641
181,$400B_length,9
181,$400C_const,1
181,$400C_vol,0
181,$400C_const,1
181,$400C_vol,10
181,$400E_period,13
181,$400E_mode,0
182,$4000_duty,1
182,$4000_const,1
182,$4000_vol,10
182,$4000_duty,1
182,$4000_const,1
182,$4000_vol,9
182,$4004_duty,1
182,$4004_const,1
182,$4004_vol,15
182,$4004_duty,1
182,$4004_const,1
182,$4004_vol,13
182,$4008_linear,10
182,$400C_const,1
182,$400C_vol,10
182,$400C_const,1
182,$400C_vol,7
183,$4000_duty,1
183,$4000_const,1
183,$4000_vol,9
183,$4000_duty,1
183,$4000_const,1
183,$4000_vol,8
183,$4004_duty,1
183,$4004_const,1
183,$4004_vol,13
183,$4004_duty,1
183,$4004_const,1
183,$4004_vol,11
183,$4008_linear,10
183,$400C_const,1
183,$400C_vol,7
183,$400C_const,1
183,$400C_vol,3
184,$4000_duty,1
184,$4000_const,1
184,$4000_vol,8
184,$4000_duty,1
184,$4000_const,1
184,$4000_vol,7
184,$4004_duty,1
184,$4004_const,1
184,$4004_vol,11
184,$4004_duty,1
184,$4004_const,1
184,$4004_vol,9
184,$4008_linear,10
184,$400C_const,1
184,$400C_vol,3
184,$400C_const,1
184,$400C_vol,0
185,$4000_duty,1
185,$4000_const,1
185,$4000_vol,7
185,$4000_duty,1
185,$4000_const,1
185,$4000_vol,6
185,$4004_duty,1
185,$4004_const,1
185,$4004_vol,9
185,$4004_duty,1
185,$4004_const,1
185,$4004_vol,6
185,$4008_linear,10
185,$400C_const,1
185,$400C_vol,0
185,$400C_const,1
185,$400C_vol,0
186,$4000_duty,1
186,$4000_const,1
186,$4000_vol,6
186,$4000_duty,1
186,$4000_const,1
186,$4000_vol,5
186,$4004_duty,1
186,$4004_const,1
186,$4004_vol,6
186,$4004_duty,1
186,$4004_const,1
186,$4004_vol,4
186,$4008_linear,10
186,$400C_const,1
186,$400C_vol,0
186,$400C_const,1
186,$400C_vol,0
187,$4000_duty,1
187,$4000_const,1
187,$4000_vol,5
187,$4000_duty,1
187,$4000_const,1
187,$4000_vol,10
187,$4001_sweep,0
187,$4002_period,427
187,$400B_length,8
187,$4004_duty,1
187,$4004_const,1
187,$4004_vol,4
187,$4004_duty,1
187,$4004_const,1
187,$4004_vol,15
187,$4005_sweep,0
187,$4006_period,255
187,$4008_linear,10
187,$400A_period,641
187,$400B_length,9
187,$400C_const,1
187,$400C_vol,0
187,$400C_const,1
187,$400C_vol,10
187,$400E_period,13
187,$400E_mode,0
188,$4000_duty,1
188,$4000_const,1
188,$4000_vol,10
188,$4000_duty,1
188,$4000_const,1
188,$4000_vol,9
188,$4004_duty,1
188,$4004_const,1
188,$4004_vol,15
188,$4004_duty,1
188,$4004_const,1
188,$4004_vol,13
188,$4008_linear,10
188,$400C_const,1
188,$400C_vol,10
188,$400C_const,1
188,$400C_vol,7
189,$4000_duty,1
189,$4000_const,1
189,$4000_vol,9
189,$4000_duty,1
189,$4000_const,1
189,$4000_vol,8
189,$4004_duty,1
189,$4004_const,1
189,$4004_vol,13
189,$4004_duty,1
189,$4004_const,1
189,$4004_vol,11
189,$4008_linear,10
189,$400C_const,1
189,$400C_vol,7
189,$400C_const,1
189,$400C_vol,3
190,$4000_duty,1
190,$4000_const,1
190,$4000_vol,8
190,$4000_duty,1
190,$4000_const,1
190,$4000_vol,7
190,$4004_duty,1
190,$4004_const,1
190,$4004_vol,11
190,$4004_duty,1
190,$4004_const,1
190,$4004_vol,9
190,$4008_linear,10
190,$400C_const,1
190,$400C_vol,3
190,$400C_const,1
190,$400C_vol,0
191,$4000_duty,1
191,$4000_const,1
191,$4000_vol,7
191,$4000_duty,1
191,$4000_const,1
191,$4000_vol,6
191,$4004_duty,1
191,$4004_const,1
191,$4004_vol,9
191,$4004_duty,1
191,$4004_const,1
191,$4004_vol,6
191,$4008_linear,10
191,$400C_const,1
191,$400C_vol,0
191,$400C_const,1
191,$400C_vol,0
192,$4000_duty,1
192,$4000_const,1
192,$4000_vol,6
192,$4000_duty,1
192,$4000_const,1
192,$4000_vol,5
192,$4004_duty,1
192,$4004_const,1
192,$4004_vol,6
192,$4004_duty,1
192,$4004_const,1
192,$4004_vol,4
192,$4008_linear,10
192,$400C_const,1
192,$400C_vol,0
192,$400C_const,1
192,$400C_vol,0
193,$4000_duty,1
193,$4000_const,1
193,$4000_vol,5
193,$4000_duty,1
193,$4000_const,1
193,$4000_vol,10
193,$4001_sweep,0
193,$4002_period,453
193,$400B_length,8
193,$4004_duty,1
193,$4004_const,1
193,$4004_vol,4
193,$4004_duty,1
193,$4004_const,1
193,$4004_vol,15
193,$4005_sweep,0
193,$4006_period,285
193,$4008_linear,10
193,$400A_period,679
193,$400B_length,9
193,$400C_const,1
193,$400C_vol,0
193,$400C_const,1
193,$400C_vol,10
193,$400E_period,8
193,$400E_mode,0
194,$4000_duty,1
194,$4000_const,1
194,$4000_vol,10
194,$4000_duty,1
194,$4000_const,1
194,$4000_vol,9
194,$4004_duty,1
194,$4004_const,1
194,$4004_vol,15
194,$4004_duty,1
194,$4004_const,1
194,$4004_vol,13
194,$4008_linear,10
194,$400C_const,1
194,$400C_vol,10
194,$400C_const,1
194,$400C_vol,7
195,$4000_duty,1
195,$4000_const,1
195,$4000_vol,9
195,$4000_duty,1
195,$4000_const,1
195,$4000_vol,8
195,$4004_duty,1
195,$4004_const,1
195,$4004_vol,13
195,$4004_duty,1
195,$4004_const,1
195,$4004_vol,11
195,$4008_linear,10
195,$400C_const,1
195,$400C_vol,7
195,$400C_const,1
195,$400C_vol,3
196,$4000_duty,1
196,$4000_const,1
196,$4000_vol,8
196,$4000_duty,1
196,$4000_const,1
196,$4000_vol,7
196,$4004_duty,1
196,$4004_const,1
196,$4004_vol,11
196,$4004_duty,1
196,$4004_const,1
196,$4004_vol,9
196,$4008_linear,10
196,$400C_const,1
196,$400C_vol,3
196,$400C_const,1
196,$400C_vol,0
197,$4000_duty,1
197,$4000_const,1
197,$4000_vol,7
197,$4000_duty,1
197,$4000_const,1
197,$4000_vol,6
197,$4004_duty,1
197,$4004_const,1
197,$4004_vol,9
197,$4004_duty,1
197,$4004_const,1
197,$4004_vol,6
197,$4008_linear,10
197,$400C_const,1
197,$400C_vol,0
197,$400C_const,1
197,$400C_vol,0
198,$4000_duty,1
198,$4000_const,1
198,$4000_vol,6
198,$4000_duty,1
198,$4000_const,1
198,$4000_vol,5
198,$4004_duty,1
198,$4004_const,1
198,$4004_vol,6
198,$4004_duty,1
198,$4004_const,1
198,$4004_vol,4
198,$4008_linear,10
198,$400C_const,1
198,$400C_vol,0
198,$400C_const,1
198,$400C_vol,0
199,$4000_duty,1
199,$4000_const,1
199,$4000_vol,5
199,$4000_duty,1
199,$4000_const,1
199,$4000_vol,10
199,$4001_sweep,0
199,$4002_period,427
199,$400B_length,8
199,$4004_duty,1
199,$4004_const,1
199,$4004_vol,4
199,$4004_duty,1
199,$4004_const,1
199,$4004_vol,15
199,$4005_sweep,0
199,$4006_period,255
199,$4008_linear,10
199,$400A_period,641
199,$400B_length,9
199,$400C_const,1
199,$400C_vol,0
199,$400C_const,1
199,$400C_vol,10
199,$400E_period,13
199,$400E_mode,0
200,$4000_duty,1
200,$4000_const,1
200,$4000_vol,10
200,$4000_duty,1
200,$4000_const,1
200,$4000_vol,9
200,$4004_duty,1
200,$4004_const,1
200,$4004_vol,15
200,$4004_duty,1
200,$4004_const,1
200,$4004_vol,13
200,$4008_linear,10
200,$400C_const,1
200,$400C_vol,10
200,$400C_const,1
200,$400C_vol,7
201,$4000_duty,1
201,$4000_const,1
201,$4000_vol,9
201,$4000_duty,1
201,$4000_const,1
201,$4000_vol,8
201,$4004_duty,1
201,$4004_const,1
201,$4004_vol,13
201,$4004_duty,1
201,$4004_const,1
201,$4004_vol,11
201,$4008_linear,10
201,$400C_const,1
201,$400C_vol,7
201,$400C_const,1
201,$400C_vol,3
202,$4000_duty,1
202,$4000_const,1
202,$4000_vol,8
202,$4000_duty,1
202,$4000_const,1
202,$4000_vol,7
202,$4004_duty,1
202,$4004_const,1
202,$4004_vol,11
202,$4004_duty,1
202,$4004_const,1
202,$4004_vol,9
202,$4008_linear,10
202,$400C_const,1
202,$400C_vol,3
202,$400C_const,1
202,$400C_vol,0
203,$4000_duty,1
203,$4000_const,1
203,$4000_vol,7
203,$4000_duty,1
203,$4000_const,1
203,$4000_vol,6
203,$4004_duty,1
203,$4004_const,1
203,$4004_vol,9
203,$4004_duty,1
203,$4004_const,1
203,$4004_vol,6
203,$4008_linear,10
203,$400C_const,1
203,$400C_vol,0
203,$400C_const,1
203,$400C_vol,0
204,$4000_duty,1
204,$4000_const,1
204,$4000_vol,6
204,$4000_duty,1
204,$4000_const,1
204,$4000_vol,5
204,$4004_duty,1
204,$4004_const,1
204,$4004_vol,6
204,$4004_duty,1
204,$4004_const,1
204,$4004_vol,4
204,$4008_linear,10
204,$400C_const,1
204,$400C_vol,0
204,$400C_const,1
204,$400C_vol,0
205,$4000_duty,1
205,$4000_const,1
205,$4000_vol,5
205,$4004_duty,1
205,$4004_const,1
205,$4004_vol,4
205,$400C_const,1
205,$400C_vol,0
206,$4000_duty,1
206,$4000_const,1
206,$4000_vol,4
206,$4000_duty,1
206,$4000_const,1
206,$4000_vol,3
206,$4004_duty,1
206,$4004_const,1
206,$4004_vol,2
206,$4004_duty,1
206,$4004_const,1
206,$4004_vol,0
206,$4008_linear,10
206,$400C_const,1
206,$400C_vol,0
206,$400C_const,1
206,$400C_vol,0
207,$4000_duty,1
207,$4000_const,1
207,$4000_vol,3
207,$4000_duty,1
207,$4000_const,1
207,$4000_vol,2
207,$4004_duty,1
207,$4004_const,1
207,$4004_vol,0
207,$4004_duty,1
207,$4004_const,1
207,$4004_vol,0
207,$4008_linear,10
207,$400C_const,1
207,$400C_vol,0
207,$400C_const,1
207,$400C_vol,0
208,$4000_duty,1
208,$4000_const,1
208,$4000_vol,2
208,$4000_duty,1
208,$4000_const,1
208,$4000_vol,1
208,$4004_duty,1
208,$4004_const,1
208,$4004_vol,0
208,$4004_duty,1
208,$4004_const,1
208,$4004_vol,0
208,$4008_linear,10
208,$400C_const,1
208,$400C_vol,0
208,$400C_const,1
208,$400C_vol,0
209,$4000_duty,1
209,$4000_const,1
209,$4000_vol,1
209,$4000_duty,1
209,$4000_const,1
209,$4000_vol,0
209,$4004_duty,1
209,$4004_const,1
209,$4004_vol,0
209,$4004_duty,1
209,$4004_const,1
209,$4004_vol,0
209,$4008_linear,10
209,$400C_const,1
209,$400C_vol,0
209,$400C_const,1
209,$400C_vol,0
210,$4000_duty,1
210,$4000_const,1
210,$4000_vol,0
210,$4000_duty,1
210,$4000_const,1
210,$4000_vol,0
210,$4004_duty,1
210,$4004_const,1
210,$4004_vol,0
210,$4004_duty,1
210,$4004_const,1
210,$4004_vol,0
210,$4008_linear,10
210,$400C_const,1
210,$400C_vol,0
210,$400C_const,1
210,$400C_vol,0
211,$4000_duty,1
211,$4000_const,1
211,$4000_vol,0
211,$4000_duty,1
211,$4000_const,1
211,$4000_vol,0
211,$4004_duty,1
211,$4004_const,1
211,$4004_vol,0
211,$4004_duty,1
211,$4004_const,1
211,$4004_vol,0
211,$4008_linear,10
211,$400A_period,855
211,$400B_length,9
211,$400C_const,1
211,$400C_vol,0
211,$400C_const,1
211,$400C_vol,10
211,$400E_period,13
211,$400E_mode,0
212,$4000_duty,1
212,$4000_const,1
212,$4000_vol,0
212,$4000_duty,1
212,$4000_const,1
212,$4000_vol,0
212,$4004_duty,1
212,$4004_const,1
212,$4004_vol,0
212,$4004_duty,1
212,$4004_const,1
212,$4004_vol,0
212,$4008_linear,10
212,$400C_const,1
212,$400C_vol,10
212,$400C_const,1
212,$400C_vol,7
213,$4000_duty,1
213,$4000_const,1
213,$4000_vol,0
213,$4000_duty,1
213,$4000_const,1
213,$4000_vol,0
213,$4004_duty,1
213,$4004_const,1
213,$4004_vol,0
213,$4004_duty,1
213,$4004_const,1
213,$4004_vol,0
213,$4008_linear,10
213,$400C_const,1
213,$400C_vol,7
213,$400C_const,1
213,$400C_vol,3
214,$4000_duty,1
214,$4000_const,1
214,$4000_vol,0
214,$4000_duty,1
214,$4000_const,1
214,$4000_vol,0
214,$4004_duty,1
214,$4004_const,1
214,$4004_vol,0
214,$4004_duty,1
214,$4004_const,1
214,$4004_vol,0
214,$4008_linear,10
214,$400C_const,1
214,$400C_vol,3
214,$400C_const,1
214,$400C_vol,0
215,$4000_duty,1
215,$4000_const,1
215,$4000_vol,0
215,$4000_duty,1
215,$4000_const,1
215,$4000_vol,0
215,$4004_duty,1
215,$4004_const,1
215,$4004_vol,0
215,$4004_duty,1
215,$4004_const,1
215,$4004_vol,0
215,$4008_linear,10
215,$400C_const,1
215,$400C_vol,0
215,$400C_const,1
215,$400C_vol,0
216,$4000_duty,1
216,$4000_const,1
216,$4000_vol,0
216,$4000_duty,1
216,$4000_const,1
216,$4000_vol,0
216,$4004_duty,1
216,$4004_const,1
216,$4004_vol,0
216,$4004_duty,1
216,$4004_const,1
216,$4004_vol,0
216,$4008_linear,10
216,$400C_const,1
216,$400C_vol,0
216,$400C_const,1
216,$400C_vol,0
217,$4000_duty,1
217,$4000_const,1
217,$4000_vol,0
217,$4000_duty,1
217,$4000_const,1
217,$4000_vol,10
217,$4001_sweep,0
217,$4002_period,427
217,$400B_length,8
217,$4004_duty,1
217,$4004_const,1
217,$4004_vol,0
217,$4004_duty,1
217,$4004_const,1
217,$4004_vol,15
217,$4005_sweep,0
217,$4006_period,255
217,$4008_linear,10
217,$400A_period,641
217,$400B_length,9
217,$400C_const,1
217,$400C_vol,0
217,$400C_const,1
217,$400C_vol,10
217,$400E_period,8
217,$400E_mode,0
218,$4000_duty,1
218,$4000_const,1
218,$4000_vol,10
218,$4000_duty,1
218,$4000_const,1
218,$4000_vol,9
218,$4004_duty,1
218,$4004_const,1
218,$4004_vol,15
218,$4004_duty,1
218,$4004_const,1
218,$4004_vol,13
218,$4008_linear,10
218,$400C_const,1
218,$400C_vol,10
218,$400C_const,1
218,$400C_vol,7
219,$4000_duty,1
219,$4000_const,1
219,$4000_vol,9
219,$4000_duty,1
219,$4000_const,1
219,$4000_vol,8
219,$4004_duty,1
219,$4004_const,1
219,$4004_vol,13
219,$4004_duty,1
219,$4004_const,1
219,$4004_vol,11
219,$4008_linear,10
219,$400C_const,1
219,$400C_vol,7
219,$400C_const,1
219,$400C_vol,3
220,$4000_duty,1
220,$4000_const,1
220,$4000_vol,8
220,$4000_duty,1
220,$4000_const,1
220,$4000_vol,7
220,$4004_duty,1
220,$4004_const,1
220,$4004_vol,11
220,$4004_duty,1
220,$4004_const,1
220,$4004_vol,9
220,$4008_linear,10
220,$400C_const,1
220,$400C_vol,3
220,$400C_const,1
220,$400C_vol,0
221,$4000_duty,1
221,$4000_const,1
221,$4000_vol,7
221,$4000_duty,1
221,$4000_const,1
221,$4000_vol,6
221,$4004_duty,1
221,$4004_const,1
221,$4004_vol,9
221,$4004_duty,1
221,$4004_const,1
221,$4004_vol,6
221,$4008_linear,10
221,$400C_const,1
221,$400C_vol,0
221,$400C_const,1
221,$400C_vol,0
222,$4000_duty,1
222,$4000_const,1
222,$4000_vol,6
222,$4000_duty,1
222,$4000_const,1
222,$4000_vol,5
222,$4004_duty,1
222,$4004_const,1
222,$4004_vol,6
222,$4004_duty,1
222,$4004_const,1
222,$4004_vol,4
222,$4008_linear,10
222,$400C_const,1
222,$400C_vol,0
222,$400C_const,1
222,$400C_vol,0
223,$4000_duty,1
223,$4000_const,1
223,$4000_vol,5
223,$4000_duty,1
223,$4000_const,1
223,$4000_vol,10
223,$4001_sweep,0
223,$4002_period,427
223,$400B_length,8
223,$4004_duty,1
223,$4004_const,1
223,$4004_vol,4
223,$4004_duty,1
223,$4004_const,1
223,$4004_vol,15
223,$4005_sweep,0
223,$4006_period,255
223,$4008_linear,10
223,$400A_period,641
223,$400B_length,9
223,$400C_const,1
223,$400C_vol,0
223,$400C_const,1
223,$400C_vol,10
223,$400E_period,13
223,$400E_mode,0
224,$4000_duty,1
224,$4000_const,1
224,$4000_vol,10
224,$4000_duty,1
224,$4000_const,1
224,$4000_vol,9
224,$4004_duty,1
224,$4004_const,1
224,$4004_vol,15
224,$4004_duty,1
224,$4004_const,1
224,$4004_vol,13
224,$4008_linear,10
224,$400C_const,1
224,$400C_vol,10
224,$400C_const,1
224,$400C_vol,7
225,$4000_duty,1
225,$4000_const,1
225,$4000_vol,9
225,$4000_duty,1
225,$4000_const,1
225,$4000_vol,8
225,$4004_duty,1
225,$4004_const,1
225,$4004_vol,13
225,$4004_duty,1
225,$4004_const,1
225,$4004_vol,11
225,$4008_linear,10
225,$400C_const,1
225,$400C_vol,7
225,$400C_const,1
225,$400C_vol,3
226,$4000_duty,1
226,$4000_const,1
226,$4000_vol,8
226,$4000_duty,1
226,$4000_const,1
226,$4000_vol,7
226,$4004_duty,1
226,$4004_const,1
226,$4004_vol,11
226,$4004_duty,1
226,$4004_const,1
226,$4004_vol,9
226,$4008_linear,10
226,$400C_const,1
226,$400C_vol,3
226,$400C_const,1
226,$400C_vol,0
227,$4000_duty,1
227,$4000_const,1
227,$4000_vol,7
227,$4000_duty,1
227,$4000_const,1
227,$4000_vol,6
227,$4004_duty,1
227,$4004_const,1
227,$4004_vol,9
227,$4004_duty,1
227,$4004_const,1
227,$4004_vol,6
227,$4008_linear,10
227,$400C_const,1
227,$400C_vol,0
227,$400C_const,1
227,$400C_vol,0
228,$4000_duty,1
228,$4000_const,1
228,$4000_vol,6
228,$4000_duty,1
228,$4000_const,1
228,$4000_vol,5
228,$4004_duty,1
228,$4004_const,1
228,$4004_vol,6
228,$4004_duty,1
228,$4004_const,1
228,$4004_vol,4
228,$4008_linear,10
228,$400C_const,1
228,$400C_vol,0
228,$400C_const,1
228,$400C_vol,0
229,$4000_duty,1
229,$4000_const,1
229,$4000_vol,5
229,$4000_duty,1
229,$4000_const,1
229,$4000_vol,10
229,$4001_sweep,0
229,$4002_period,453
229,$400B_length,8
229,$4004_duty,1
229,$4004_const,1
229,$4004_vol,4
229,$4004_duty,1
229,$4004_const,1
229,$4004_vol,15
229,$4005_sweep,0
229,$4006_period,285
229,$4008_linear,10
229,$400A_period,679
229,$400B_length,9
229,$400C_const,1
229,$400C_vol,0
229,$400C_const,1
229,$400C_vol,10
229,$400E_period,13
229,$400E_mode,0
230,$4000_duty,1
230,$4000_const,1
230,$4000_vol,10
230,$4000_duty,1
230,$4000_const,1
230,$4000_vol,9
230,$4004_duty,1
230,$4004_const,1
230,$4004_vol,15
230,$4004_duty,1
230,$4004_const,1
230,$4004_vol,13
230,$4008_linear,10
230,$400C_const,1
230,$400C_vol,10
230,$400C_const,1
230,$400C_vol,7
231,$4000_duty,1
231,$4000_const,1
231,$4000_vol,9
231,$4000_duty,1
231,$4000_const,1
231,$4000_vol,8
231,$4004_duty,1
231,$4004_const,1
231,$4004_vol,13
231,$4004_duty,1
231,$4004_const,1
231,$4004_vol,11
231,$4008_linear,10
231,$400C_const,1
231,$400C_vol,7
231,$400C_const,1
231,$400C_vol,3
232,$4000_duty,1
232,$4000_const,1
232,$4000_vol,8
232,$4000_duty,1
232,$4000_const,1
232,$4000_vol,7
232,$4004_duty,1
232,$4004_const,1
232,$4004_vol,11
232,$4004_duty,1
232,$4004_const,1
232,$4004_vol,9
232,$4008_linear,10
232,$400C_const,1
232,$400C_vol,3
232,$400C_const,1
232,$400C_vol,0
233,$4000_duty,1
233,$4000_const,1
233,$4000_vol,7
233,$4000_duty,1
233,$4000_const,1
233,$4000_vol,6
233,$4004_duty,1
233,$4004_const,1
233,$4004_vol,9
233,$4004_duty,1
233,$4004_const,1
233,$4004_vol,6
233,$4008_linear,10
233,$400C_const,1
233,$400C_vol,0
233,$400C_const,1
233,$400C_vol,0
234,$4000_duty,1
234,$4000_const,1
234,$4000_vol,6
234,$4000_duty,1
234,$4000_const,1
234,$4000_vol,5
234,$4004_duty,1
234,$4004_const,1
234,$4004_vol,6
234,$4004_duty,1
234,$4004_const,1
234,$4004_vol,4
234,$4008_linear,10
234,$400C_const,1
234,$400C_vol,0
234,$400C_const,1
234,$400C_vol,0
235,$4000_duty,1
235,$4000_const,1
235,$4000_vol,5
235,$4000_duty,1
235,$4000_const,1
235,$4000_vol,10
235,$4001_sweep,0
235,$4002_period,427
235,$400B_length,8
235,$4004_duty,1
235,$4004_const,1
235,$4004_vol,4
235,$4004_duty,1
235,$4004_const,1
235,$4004_vol,15
235,$4005_sweep,0
235,$4006_period,255
235,$4008_linear,10
235,$400A_period,641
235,$400B_length,9
235,$400C_const,1
235,$400C_vol,0
235,$400C_const,1
235,$400C_vol,10
235,$400E_period,13
235,$400E_mode,0
236,$4000_duty,1
236,$4000_const,1
236,$4000_vol,10
236,$4000_duty,1
236,$4000_const,1
236,$4000_vol,9
236,$4004_duty,1
236,$4004_const,1
236,$4004_vol,15
236,$4004_duty,1
236,$4004_const,1
236,$4004_vol,13
236,$4008_linear,10
236,$400C_const,1
236,$400C_vol,10
236,$400C_const,1
236,$400C_vol,7
237,$4000_duty,1
237,$4000_const,1
237,$4000_vol,9
237,$4000_duty,1
237,$4000_const,1
237,$4000_vol,8
237,$4004_duty,1
237,$4004_const,1
237,$4004_vol,13
237,$4004_duty,1
237,$4004_const,1
237,$4004_vol,11
237,$4008_linear,10
237,$400C_const,1
237,$400C_vol,7
237,$400C_const,1
237,$400C_vol,3
238,$4000_duty,1
238,$4000_const,1
238,$4000_vol,8
238,$4000_duty,1
238,$4000_const,1
238,$4000_vol,7
238,$4004_duty,1
238,$4004_const,1
238,$4004_vol,11
238,$4004_duty,1
238,$4004_const,1
238,$4004_vol,9
238,$4008_linear,10
238,$400C_const,1
238,$400C_vol,3
238,$400C_const,1
238,$400C_vol,0
239,$4000_duty,1
239,$4000_const,1
239,$4000_vol,7
239,$4000_duty,1
239,$4000_const,1
239,$4000_vol,6
239,$4004_duty,1
239,$4004_const,1
239,$4004_vol,9
239,$4004_duty,1
239,$4004_const,1
239,$4004_vol,6
239,$4008_linear,10
239,$400C_const,1
239,$400C_vol,0
239,$400C_const,1
239,$400C_vol,0
240,$4000_duty,1
240,$4000_const,1
240,$4000_vol,6
240,$4000_duty,1
240,$4000_const,1
240,$4000_vol,5
240,$4004_duty,1
240,$4004_const,1
240,$4004_vol,6
240,$4004_duty,1
240,$4004_const,1
240,$4004_vol,4
240,$4008_linear,10
240,$400C_const,1
240,$400C_vol,0
240,$400C_const,1
240,$400C_vol,0
241,$4000_duty,1
241,$4000_const,1
241,$4000_vol,5
241,$4004_duty,1
241,$4004_const,1
241,$4004_vol,4
241,$400C_const,1
241,$400C_vol,0
241,$400C_const,1
241,$400C_vol,10
241,$400E_period,8
241,$400E_mode,0
242,$4000_duty,1
242,$4000_const,1
242,$4000_vol,4
242,$4000_duty,1
242,$4000_const,1
242,$4000_vol,3
242,$4004_duty,1
242,$4004_const,1
242,$4004_vol,2
242,$4004_duty,1
242,$4004_const,1
242,$4004_vol,0
242,$4008_linear,10
242,$400C_const,1
242,$400C_vol,10
242,$400C_const,1
242,$400C_vol,7
243,$4000_duty,1
243,$4000_const,1
243,$4000_vol,3
243,$4000_duty,1
243,$4000_const,1
243,$4000_vol,2
243,$4004_duty,1
243,$4004_const,1
243,$4004_vol,0
243,$4004_duty,1
243,$4004_const,1
243,$4004_vol,0
243,$4008_linear,10
243,$400C_const,1
243,$400C_vol,7
243,$400C_const,1
243,$400C_vol,3
244,$4000_duty,1
244,$4000_const,1
244,$4000_vol,2
244,$4000_duty,1
244,$4000_const,1
244,$4000_vol,1
244,$4004_duty,1
244,$4004_const,1
244,$4004_vol,0
244,$4004_duty,1
244,$4004_const,1
244,$4004_vol,0
244,$4008_linear,10
244,$400C_const,1
244,$400C_vol,3
244,$400C_const,1
244,$400C_vol,0
245,$4000_duty,1
245,$4000_const,1
245,$4000_vol,1
245,$4000_duty,1
245,$4000_const,1
245,$4000_vol,0
245,$4004_duty,1
245,$4004_const,1
245,$4004_vol,0
245,$4004_duty,1
245,$4004_const,1
245,$4004_vol,0
245,$4008_linear,10
245,$400C_const,1
245,$400C_vol,0
245,$400C_const,1
245,$400C_vol,0
246,$4000_duty,1
246,$4000_const,1
246,$4000_vol,0
246,$4000_duty,1
246,$4000_const,1
246,$4000_vol,0
246,$4004_duty,1
246,$4004_const,1
246,$4004_vol,0
246,$4004_duty,1
246,$4004_const,1
246,$4004_vol,0
246,$4008_linear,10
246,$400C_const,1
246,$400C_vol,0
246,$400C_const,1
246,$400C_vol,0
247,$4000_duty,1
247,$4000_const,1
247,$4000_vol,0
247,$4000_duty,1
247,$4000_const,1
247,$4000_vol,0
247,$4004_duty,1
247,$4004_const,1
247,$4004_vol,0
247,$4004_duty,1
247,$4004_const,1
247,$4004_vol,0
247,$4008_linear,10
247,$400A_period,855
247,$400B_length,9
247,$400C_const,1
247,$400C_vol,0
247,$400C_const,1
247,$400C_vol,10
247,$400E_period,13
247,$400E_mode,0
248,$4000_duty,1
248,$4000_const,1
248,$4000_vol,0
248,$4000_duty,1
248,$4000_const,1
248,$4000_vol,0
248,$4004_duty,1
248,$4004_const,1
248,$4004_vol,0
248,$4004_duty,1
248,$4004_const,1
248,$4004_vol,0
248,$4008_linear,10
248,$400C_const,1
248,$400C_vol,10
248,$400C_const,1
248,$400C_vol,7
249,$4000_duty,1
249,$4000_const,1
249,$4000_vol,0
249,$4000_duty,1
249,$4000_const,1
249,$4000_vol,0
249,$4004_duty,1
249,$4004_const,1
249,$4004_vol,0
249,$4004_duty,1
249,$4004_const,1
249,$4004_vol,0
249,$4008_linear,10
249,$400C_const,1
249,$400C_vol,7
249,$400C_const,1
249,$400C_vol,3
250,$4000_duty,1
250,$4000_const,1
250,$4000_vol,0
250,$4000_duty,1
250,$4000_const,1
250,$4000_vol,0
250,$4004_duty,1
250,$4004_const,1
250,$4004_vol,0
250,$4004_duty,1
250,$4004_const,1
250,$4004_vol,0
250,$4008_linear,10
250,$400C_const,1
250,$400C_vol,3
250,$400C_const,1
250,$400C_vol,0
251,$4000_duty,1
251,$4000_const,1
251,$4000_vol,0
251,$4000_duty,1
251,$4000_const,1
251,$4000_vol,0
251,$4004_duty,1
251,$4004_const,1
251,$4004_vol,0
251,$4004_duty,1
251,$4004_const,1
251,$4004_vol,0
251,$4008_linear,10
251,$400C_const,1
251,$400C_vol,0
251,$400C_const,1
251,$400C_vol,0
252,$4000_duty,1
252,$4000_const,1
252,$4000_vol,0
252,$4000_duty,1
252,$4000_const,1
252,$4000_vol,0
252,$4004_duty,1
252,$4004_const,1
252,$4004_vol,0
252,$4004_duty,1
252,$4004_const,1
252,$4004_vol,0
252,$4008_linear,10
252,$400C_const,1
252,$400C_vol,0
252,$400C_const,1
252,$400C_vol,0
253,$4000_duty,1
253,$4000_const,1
253,$4000_vol,0
253,$4000_duty,1
253,$4000_const,1
253,$4000_vol,10
253,$4001_sweep,0
253,$4002_period,427
253,$400B_length,8
253,$4004_duty,1
253,$4004_const,1
253,$4004_vol,0
253,$4004_duty,1
253,$4004_const,1
253,$4004_vol,15
253,$4005_sweep,0
253,$4006_period,255
253,$4008_linear,10
253,$400A_period,641
253,$400B_length,9
253,$400C_const,1
253,$400C_vol,0
254,$4000_duty,1
254,$4000_const,1
254,$4000_vol,10
254,$4000_duty,1
254,$4000_const,1
254,$4000_vol,9
254,$4004_duty,1
254,$4004_const,1
254,$4004_vol,15
254,$4004_duty,1
254,$4004_const,1
254,$4004_vol,13
254,$4008_linear,10
254,$400C_const,1
254,$400C_vol,0
254,$400C_const,1
254,$400C_vol,0
255,$4000_duty,1
255,$4000_const,1
255,$4000_vol,9
255,$4000_duty,1
255,$4000_const,1
255,$4000_vol,8
255,$4004_duty,1
255,$4004_const,1
255,$4004_vol,13
255,$4004_duty,1
255,$4004_const,1
255,$4004_vol,11
255,$4008_linear,10
255,$400C_const,1
255,$400C_vol,0
255,$400C_const,1
255,$400C_vol,0
256,$4000_duty,1
256,$4000_const,1
256,$4000_vol,8
256,$4000_duty,1
256,$4000_const,1
256,$4000_vol,7
256,$4004_duty,1
256,$4004_const,1
256,$4004_vol,11
256,$4004_duty,1
256,$4004_const,1
256,$4004_vol,9
256,$4008_linear,10
256,$400C_const,1
256,$400C_vol,0
256,$400C_const,1
256,$400C_vol,0
257,$4000_duty,1
257,$4000_const,1
257,$4000_vol,7
257,$4000_duty,1
257,$4000_const,1
257,$4000_vol,6
257,$4004_duty,1
257,$4004_const,1
257,$4004_vol,9
257,$4004_duty,1
257,$4004_const,1
257,$4004_vol,6
257,$4008_linear,10
257,$400C_const,1
257,$400C_vol,0
257,$400C_const,1
257,$400C_vol,0
258,$4000_duty,1
258,$4000_const,1
258,$4000_vol,6
258,$4000_duty,1
258,$4000_const,1
258,$4000_vol,5
258,$4004_duty,1
258,$4004_const,1
258,$4004_vol,6
258,$4004_duty,1
258,$4004_const,1
258,$4004_vol,4
258,$4008_linear,10
258,$400C_const,1
258,$400C_vol,0
258,$400C_const,1
258,$400C_vol,0
259,$4000_duty,1
259,$4000_const,1
259,$4000_vol,5
259,$4000_duty,1
259,$4000_const,1
259,$4000_vol,10
259,$4001_sweep,0
259,$4002_period,427
259,$400B_length,8
259,$4004_duty,1
259,$4004_const,1
259,$4004_vol,4
259,$4004_duty,1
259,$4004_const,1
259,$4004_vol,15
259,$4005_sweep,0
259,$4006_period,255
259,$4008_linear,10
259,$400A_period,641
259,$400B_length,9
259,$400C_const,1
259,$400C_vol,0
259,$400C_const,1
259,$400C_vol,10
259,$400E_period,13
259,$400E_mode,0
260,$4000_duty,1
260,$4000_const,1
260,$4000_vol,10
260,$4000_duty,1
260,$4000_const,1
260,$4000_vol,9
260,$4004_duty,1
260,$4004_const,1
260,$4004_vol,15
260,$4004_duty,1
260,$4004_const,1
260,$4004_vol,13
260,$4008_linear,10
260,$400C_const,1
260,$400C_vol,10
260,$400C_const,1
260,$400C_vol,7
261,$4000_duty,1
261,$4000_const,1
261,$4000_vol,9
261,$4000_duty,1
261,$4000_const,1
261,$4000_vol,8
261,$4004_duty,1
261,$4004_const,1
261,$4004_vol,13
261,$4004_duty,1
261,$4004_const,1
261,$4004_vol,11
261,$4008_linear,10
261,$400C_const,1
261,$400C_vol,7
261,$400C_const,1
261,$400C_vol,3
262,$4000_duty,1
262,$4000_const,1
262,$4000_vol,8
262,$4000_duty,1
262,$4000_const,1
262,$4000_vol,7
262,$4004_duty,1
262,$4004_const,1
262,$4004_vol,11
262,$4004_duty,1
262,$4004_const,1
262,$4004_vol,9
262,$4008_linear,10
262,$400C_const,1
262,$400C_vol,3
262,$400C_const,1
262,$400C_vol,0
263,$4000_duty,1
263,$4000_const,1
263,$4000_vol,7
263,$4000_duty,1
263,$4000_const,1
263,$4000_vol,6
263,$4004_duty,1
263,$4004_const,1
263,$4004_vol,9
263,$4004_duty,1
263,$4004_const,1
263,$4004_vol,6
263,$4008_linear,10
263,$400C_const,1
263,$400C_vol,0
263,$400C_const,1
263,$400C_vol,0
264,$4000_duty,1
264,$4000_const,1
264,$4000_vol,6
264,$4000_duty,1
264,$4000_const,1
264,$4000_vol,5
264,$4004_duty,1
264,$4004_const,1
264,$4004_vol,6
264,$4004_duty,1
264,$4004_const,1
264,$4004_vol,4
264,$4008_linear,10
264,$400C_const,1
264,$400C_vol,0
264,$400C_const,1
264,$400C_vol,0
265,$4000_duty,1
265,$4000_const,1
265,$4000_vol,5
265,$4000_duty,1
265,$4000_const,1
265,$4000_vol,10
265,$4001_sweep,0
265,$4002_period,453
265,$400B_length,8
265,$4004_duty,1
265,$4004_const,1
265,$4004_vol,4
265,$4004_duty,1
265,$4004_const,1
265,$4004_vol,15
265,$4005_sweep,0
265,$4006_period,285
265,$4008_linear,10
265,$400A_period,605
265,$400B_length,9
265,$400C_const,1
265,$400C_vol,0
265,$400C_const,1
265,$400C_vol,10
265,$400E_period,8
265,$400E_mode,0
266,$4000_duty,1
266,$4000_const,1
266,$4000_vol,10
266,$4000_duty,1
266,$4000_const,1
266,$4000_vol,9
266,$4004_duty,1
266,$4004_const,1
266,$4004_vol,15
266,$4004_duty,1
266,$4004_const,1
266,$4004_vol,13
266,$4008_linear,10
266,$400C_const,1
266,$400C_vol,10
266,$400C_const,1
266,$400C_vol,7
267,$4000_duty,1
267,$4000_const,1
267,$4000_vol,9
267,$4000_duty,1
267,$4000_const,1
267,$4000_vol,8
267,$4004_duty,1
267,$4004_const,1
267,$4004_vol,13
267,$4004_duty,1
267,$4004_const,1
267,$4004_vol,11
267,$4008_linear,10
267,$400C_const,1
267,$400C_vol,7
267,$400C_const,1
267,$400C_vol,3
268,$4000_duty,1
268,$4000_const,1
268,$4000_vol,8
268,$4000_duty,1
268,$4000_const,1
268,$4000_vol,7
268,$4004_duty,1
268,$4004_const,1
268,$4004_vol,11
268,$4004_duty,1
268,$4004_const,1
268,$4004_vol,9
268,$4008_linear,10
268,$400C_const,1
268,$400C_vol,3
268,$400C_const,1
268,$400C_vol,0
269,$4000_duty,1
269,$4000_const,1
269,$4000_vol,7
269,$4000_duty,1
269,$4000_const,1
269,$4000_vol,6
269,$4004_duty,1
269,$4004_const,1
269,$4004_vol,9
269,$4004_duty,1
269,$4004_const,1
269,$4004_vol,6
269,$4008_linear,10
269,$400C_const,1
269,$400C_vol,0
269,$400C_const,1
269,$400C_vol,0
270,$4000_duty,1
270,$4000_const,1
270,$4000_vol,6
270,$4000_duty,1
270,$4000_const,1
270,$4000_vol,5
270,$4004_duty,1
270,$4004_const,1
270,$4004_vol,6
270,$4004_duty,1
270,$4004_const,1
270,$4004_vol,4
270,$4008_linear,10
270,$400C_const,1
270,$400C_vol,0
270,$400C_const,1
270,$400C_vol,0
271,$4000_duty,1
271,$4000_const,1
271,$4000_vol,5
271,$4000_duty,1
271,$4000_const,1
271,$4000_vol,4
271,$4004_duty,1
271,$4004_const,1
271,$4004_vol,4
271,$4004_duty,1
271,$4004_const,1
271,$4004_vol,2
271,$4008_linear,10
271,$400A_period,605
271,$400B_length,9
271,$400C_const,1
271,$400C_vol,0
271,$400C_const,1
271,$400C_vol,10
271,$400E_period,13
271,$400E_mode,0
272,$4000_duty,1
272,$4000_const,1
272,$4000_vol,4
272,$4000_duty,1
272,$4000_const,1
272,$4000_vol,3
272,$4004_duty,1
272,$4004_const,1
272,$4004_vol,2
272,$4004_duty,1
272,$4004_const,1
272,$4004_vol,0
272,$4008_linear,10
272,$400C_const,1
272,$400C_vol,10
272,$400C_const,1
272,$400C_vol,7
273,$4000_duty,1
273,$4000_const,1
273,$4000_vol,3
273,$4000_duty,1
273,$4000_const,1
273,$4000_vol,2
273,$4004_duty,1
273,$4004_const,1
273,$4004_vol,0
273,$4004_duty,1
273,$4004_const,1
273,$4004_vol,0
273,$4008_linear,10
273,$400C_const,1
273,$400C_vol,7
273,$400C_const,1
273,$400C_vol,3
274,$4000_duty,1
274,$4000_const,1
274,$4000_vol,2
274,$4000_duty,1
274,$4000_const,1
274,$4000_vol,1
274,$4004_duty,1
274,$4004_const,1
274,$4004_vol,0
274,$4004_duty,1
274,$4004_const,1
274,$4004_vol,0
274,$4008_linear,10
274,$400C_const,1
274,$400C_vol,3
274,$400C_const,1
274,$400C_vol,0
275,$4000_duty,1
275,$4000_const,1
275,$4000_vol,1
275,$4000_duty,1
275,$4000_const,1
275,$4000_vol,0
275,$4004_duty,1
275,$4004_const,1
275,$4004_vol,0
275,$4004_duty,1
275,$4004_const,1
275,$4004_vol,0
275,$4008_linear,10
275,$400C_const,1
275,$400C_vol,0
275,$400C_const,1
275,$400C_vol,0
276,$4000_duty,1
276,$4000_const,1
276,$4000_vol,0
276,$4000_duty,1
276,$4000_const,1
276,$4000_vol,0
276,$4004_duty,1
276,$4004_const,1
276,$4004_vol,0
276,$4004_duty,1
276,$4004_const,1
276,$4004_vol,0
276,$4008_linear,10
276,$400C_const,1
276,$400C_vol,0
276,$400C_const,1
276,$400C_vol,0
277,$4000_duty,1
277,$4000_const,1
277,$4000_vol,0
277,$4000_duty,1
277,$4000_const,1
277,$4000_vol,10
277,$4001_sweep,0
277,$4002_period,381
277,$400B_length,8
277,$4004_duty,1
277,$4004_const,1
277,$4004_vol,0
277,$4004_duty,1
277,$4004_const,1
277,$4004_vol,15
277,$4005_sweep,0
277,$4006_period,227
277,$4008_linear,10
277,$400A_period,571
277,$400B_length,9
277,$400C_const,1
277,$400C_vol,0
277,$400C_const,1
277,$400C_vol,10
277,$400E_period,13
277,$400E_mode,0
278,$4000_duty,1
278,$4000_const,1
278,$4000_vol,10
278,$4000_duty,1
278,$4000_const,1
278,$4000_vol,9
278,$4004_duty,1
278,$4004_const,1
278,$4004_vol,15
278,$4004_duty,1
278,$4004_const,1
278,$4004_vol,13
278,$4008_linear,10
278,$400C_const,1
278,$400C_vol,10
278,$400C_const,1
278,$400C_vol,7
279,$4000_duty,1
279,$4000_const,1
279,$4000_vol,9
279,$4000_duty,1
279,$4000_const,1
279,$4000_vol,8
279,$4004_duty,1
279,$4004_const,1
279,$4004_vol,13
279,$4004_duty,1
279,$4004_const,1
279,$4004_vol,11
279,$4008_linear,10
279,$400C_const,1
279,$400C_vol,7
279,$400C_const,1
279,$400C_vol,3
280,$4000_duty,1
280,$4000_const,1
280,$4000_vol,8
280,$4000_duty,1
280,$4000_const,1
280,$4000_vol,7
280,$4004_duty,1
280,$4004_const,1
280,$4004_vol,11
280,$4004_duty,1
280,$4004_const,1
280,$4004_vol,9
280,$4008_linear,10
280,$400C_const,1
280,$400C_vol,3
280,$400C_const,1
280,$400C_vol,0
281,$4000_duty,1
281,$4000_const,1
281,$4000_vol,7
281,$4000_duty,1
281,$4000_const,1
281,$4000_vol,6
281,$4004_duty,1
281,$4004_const,1
281,$4004_vol,9
281,$4004_duty,1
281,$4004_const,1
281,$4004_vol,6
281,$4008_linear,10
281,$400C_const,1
281,$400C_vol,0
281,$400C_const,1
281,$400C_vol,0
282,$4000_duty,1
282,$4000_const,1
282,$4000_vol,6
282,$4000_duty,1
282,$4000_const,1
282,$4000_vol,5
282,$4004_duty,1
282,$4004_const,1
282,$4004_vol,6
282,$4004_duty,1
282,$4004_const,1
282,$4004_vol,4
282,$4008_linear,10
282,$400C_const,1
282,$400C_vol,0
282,$400C_const,1
282,$400C_vol,0
283,$4000_duty,1
283,$4000_const,1
283,$4000_vol,5
283,$4000_duty,1
283,$4000_const,1
283,$4000_vol,10
283,$4001_sweep,0
283,$4002_period,381
283,$400B_length,8
283,$4004_duty,1
283,$4004_const,1
283,$4004_vol,4
283,$4004_duty,1
283,$4004_const,1
283,$4004_vol,15
283,$4005_sweep,0
283,$4006_period,227
283,$4008_linear,10
283,$400A_period,571
283,$400B_length,9
283,$400C_const,1
283,$400C_vol,0
283,$400C_const,1
283,$400C_vol,10
283,$400E_period,13
283,$400E_mode,0
284,$4000_duty,1
284,$4000_const,1
284,$4000_vol,10
284,$4000_duty,1
284,$4000_const,1
284,$4000_vol,9
284,$4004_duty,1
284,$4004_const,1
284,$4004_vol,15
284,$4004_duty,1
284,$4004_const,1
284,$4004_vol,13
284,$4008_linear,10
284,$400C_const,1
284,$400C_vol,10
284,$400C_const,1
284,$400C_vol,7
285,$4000_duty,1
285,$4000_const,1
285,$4000_vol,9
285,$4000_duty,1
285,$4000_const,1
285,$4000_vol,8
285,$4004_duty,1
285,$4004_const,1
285,$4004_vol,13
285,$4004_duty,1
285,$4004_const,1
285,$4004_vol,11
285,$4008_linear,10
285,$400C_const,1
285,$400C_vol,7
285,$400C_const,1
285,$400C_vol,3
286,$4000_duty,1
286,$4000_const,1
286,$4000_vol,8
286,$4000_duty,1
286,$4000_const,1
286,$4000_vol,7
286,$4004_duty,1
286,$4004_const,1
286,$4004_vol,11
286,$4004_duty,1
286,$4004_const,1
286,$4004_vol,9
286,$4008_linear,10
286,$400C_const,1
286,$400C_vol,3
286,$400C_const,1
286,$400C_vol,0
287,$4000_duty,1
287,$4000_const,1
287,$4000_vol,7
287,$4000_duty,1
287,$4000_const,1
287,$4000_vol,6
287,$4004_duty,1
287,$4004_const,1
287,$4004_vol,9
287,$4004_duty,1
287,$4004_const,1
287,$4004_vol,6
287,$4008_linear,10
287,$400C_const,1
287,$400C_vol,0
287,$400C_const,1
287,$400C_vol,0
288,$4000_duty,1
288,$4000_const,1
288,$4000_vol,6
288,$4000_duty,1
288,$4000_const,1
288,$4000_vol,5
288,$4004_duty,1
288,$4004_const,1
288,$4004_vol,6
288,$4004_duty,1
288,$4004_const,1
288,$4004_vol,4
288,$4008_linear,10
288,$400C_const,1
288,$400C_vol,0
288,$400C_const,1
288,$400C_vol,0
289,$4000_duty,1
289,$4000_const,1
289,$4000_vol,5
289,$4000_duty,1
289,$4000_const,1
289,$4000_vol,10
289,$4001_sweep,0
289,$4002_period,403
289,$400B_length,8
289,$4004_duty,1
289,$4004_const,1
289,$4004_vol,4
289,$4004_duty,1
289,$4004_const,1
289,$4004_vol,15
289,$4005_sweep,0
289,$4006_period,241
289,$4008_linear,10
289,$400A_period,605
289,$400B_length,9
289,$400C_const,1
289,$400C_vol,0
289,$400C_const,1
289,$400C_vol,10
289,$400E_period,8
289,$400E_mode,0
290,$4000_duty,1
290,$4000_const,1
290,$4000_vol,10
290,$4000_duty,1
290,$4000_const,1
290,$4000_vol,9
290,$4004_duty,1
290,$4004_const,1
290,$4004_vol,15
290,$4004_duty,1
290,$4004_const,1
290,$4004_vol,13
290,$4008_linear,10
290,$400C_const,1
290,$400C_vol,10
290,$400C_const,1
290,$400C_vol,7
291,$4000_duty,1
291,$4000_const,1
291,$4000_vol,9
291,$4000_duty,1
291,$4000_const,1
291,$4000_vol,8
291,$4004_duty,1
291,$4004_const,1
291,$4004_vol,13
291,$4004_duty,1
291,$4004_const,1
291,$4004_vol,11
291,$4008_linear,10
291,$400C_const,1
291,$400C_vol,7
291,$400C_const,1
291,$400C_vol,3
292,$4000_duty,1
292,$4000_const,1
292,$4000_vol,8
292,$4000_duty,1
292,$4000_const,1
292,$4000_vol,7
292,$4004_duty,1
292,$4004_const,1
292,$4004_vol,11
292,$4004_duty,1
292,$4004_const,1
292,$4004_vol,9
292,$4008_linear,10
292,$400C_const,1
292,$400C_vol,3
292,$400C_const,1
292,$400C_vol,0
293,$4000_duty,1
293,$4000_const,1
293,$4000_vol,7
293,$4000_duty,1
293,$4000_const,1
293,$4000_vol,6
293,$4004_duty,1
293,$4004_const,1
293,$4004_vol,9
293,$4004_duty,1
293,$4004_const,1
293,$4004_vol,6
293,$4008_linear,10
293,$400C_const,1
293,$400C_vol,0
293,$400C_const,1
293,$400C_vol,0
294,$4000_duty,1
294,$4000_const,1
294,$4000_vol,6
294,$4000_duty,1
294,$4000_const,1
294,$4000_vol,5
294,$4004_duty,1
294,$4004_const,1
294,$4004_vol,6
294,$4004_duty,1
294,$4004_const,1
294,$4004_vol,4
294,$4008_linear,10
294,$400C_const,1
294,$400C_vol,0
294,$400C_const,1
294,$400C_vol,0
295,$4000_duty,1
295,$4000_const,1
295,$4000_vol,5
295,$4000_duty,1
295,$4000_const,1
295,$4000_vol,10
295,$4001_sweep,0
295,$4002_period,381
295,$400B_length,8
295,$4004_duty,1
295,$4004_const,1
295,$4004_vol,4
295,$4004_duty,1
295,$4004_const,1
295,$4004_vol,15
295,$4005_sweep,0
295,$4006_period,227
295,$4008_linear,10
295,$400A_period,571
295,$400B_length,9
295,$400C_const,1
295,$400C_vol,0
295,$400C_const,1
295,$400C_vol,10
295,$400E_period,13
295,$400E_mode,0
296,$4000_duty,1
296,$4000_const,1
296,$4000_vol,10
296,$4000_duty,1
296,$4000_const,1
296,$4000_vol,9
296,$4004_duty,1
296,$4004_const,1
296,$4004_vol,15
296,$4004_duty,1
296,$4004_const,1
296,$4004_vol,13
296,$4008_linear,10
296,$400C_const,1
296,$400C_vol,10
296,$400C_const,1
296,$400C_vol,7
297,$4000_duty,1
297,$4000_const,1
297,$4000_vol,9
297,$4000_duty,1
297,$4000_const,1
297,$4000_vol,8
297,$4004_duty,1
297,$4004_const,1
297,$4004_vol,13
297,$4004_duty,1
297,$4004_const,1
297,$4004_vol,11
297,$4008_linear,10
297,$400C_const,1
297,$400C_vol,7
297,$400C_const,1
297,$400C_vol,3
298,$4000_duty,1
298,$4000_const,1
298,$4000_vol,8
298,$4000_duty,1
298,$4000_const,1
298,$4000_vol,7
298,$4004_duty,1
298,$4004_const,1
298,$4004_vol,11
298,$4004_duty,1
298,$4004_const,1
298,$4004_vol,9
298,$4008_linear,10
298,$400C_const,1
298,$400C_vol,3
298,$400C_const,1
298,$400C_vol,0
299,$4000_duty,1
299,$4000_const,1
299,$4000_vol,7
299,$4000_duty,1
299,$4000_const,1
299,$4000_vol,6
299,$4004_duty,1
299,$4004_const,1
299,$4004_vol,9
299,$4004_duty,1
299,$4004_const,1
299,$4004_vol,6
299,$4008_linear,10
299,$400C_const,1
299,$400C_vol,0
299,$400C_const,1
299,$400C_vol,0
300,$4000_duty,1
300,$4000_const,1
300,$4000_vol,6
300,$4000_duty,1
300,$4000_const,1
300,$4000_vol,5
300,$4004_duty,1
300,$4004_const,1
300,$4004_vol,6
300,$4004_duty,1
300,$4004_const,1
300,$4004_vol,4
300,$4008_linear,10
300,$400C_const,1
300,$400C_vol,0
300,$400C_const,1
300,$400C_vol,0
301,$4000_duty,1
301,$4000_const,1
301,$4000_vol,5
301,$4004_duty,1
301,$4004_const,1
301,$4004_vol,4
301,$400C_const,1
301,$400C_vol,0
302,$4000_duty,1
302,$4000_const,1
302,$4000_vol,4
302,$4000_duty,1
302,$4000_const,1
302,$4000_vol,3
302,$4004_duty,1
302,$4004_const,1
302,$4004_vol,2
302,$4004_duty,1
302,$4004_const,1
302,$4004_vol,0
302,$4008_linear,10
302,$400C_const,1
302,$400C_vol,0
302,$400C_const,1
302,$400C_vol,0
303,$4000_duty,1
303,$4000_const,1
303,$4000_vol,3
303,$4000_duty,1
303,$4000_const,1
303,$4000_vol,2
303,$4004_duty,1
303,$4004_const,1
303,$4004_vol,0
303,$4004_duty,1
303,$4004_const,1
303,$4004_vol,0
303,$4008_linear,10
303,$400C_const,1
303,$400C_vol,0
303,$400C_const,1
303,$400C_vol,0
304,$4000_duty,1
304,$4000_const,1
304,$4000_vol,2
304,$4000_duty,1
304,$4000_const,1
304,$4000_vol,1
304,$4004_duty,1
304,$4004_const,1
304,$4004_vol,0
304,$4004_duty,1
304,$4004_const,1
304,$4004_vol,0
304,$4008_linear,10
304,$400C_const,1
304,$400C_vol,0
304,$400C_const,1
304,$400C_vol,0
305,$4000_duty,1
305,$4000_const,1
305,$4000_vol,1
305,$4000_duty,1
305,$4000_const,1
305,$4000_vol,0
305,$4004_duty,1
305,$4004_const,1
305,$4004_vol,0
305,$4004_duty,1
305,$4004_const,1
305,$4004_vol,0
305,$4008_linear,10
305,$400C_const,1
305,$400C_vol,0
305,$400C_const,1
305,$400C_vol,0
306,$4000_duty,1
306,$4000_const,1
306,$4000_vol,0
306,$4000_duty,1
306,$4000_const,1
306,$4000_vol,0
306,$4004_duty,1
306,$4004_const,1
306,$4004_vol,0
306,$4004_duty,1
306,$4004_const,1
306,$4004_vol,0
306,$4008_linear,10
306,$400C_const,1
306,$400C_vol,0
306,$400C_const,1
306,$400C_vol,0
307,$4000_duty,1
307,$4000_const,1
307,$4000_vol,0
307,$4000_duty,1
307,$4000_const,1
307,$4000_vol,10
307,$4001_sweep,0
307,$4002_period,403
307,$400B_length,8
307,$4004_duty,1
307,$4004_const,1
307,$4004_vol,0
307,$4004_duty,1
307,$4004_const,1
307,$4004_vol,15
307,$4005_sweep,0
307,$4006_period,241
307,$4008_linear,10
307,$400A_period,605
307,$400B_length,9
307,$400C_const,1
307,$400C_vol,0
307,$400C_const,1
307,$400C_vol,10
307,$400E_period,13
307,$400E_mode,0
308,$4000_duty,1
308,$4000_const,1
308,$4000_vol,10
308,$4000_duty,1
308,$4000_const,1
308,$4000_vol,9
308,$4004_duty,1
308,$4004_const,1
308,$4004_vol,15
308,$4004_duty,1
308,$4004_const,1
308,$4004_vol,13
308,$4008_linear,10
308,$400C_const,1
308,$400C_vol,10
308,$400C_const,1
308,$400C_vol,7
309,$4000_duty,1
309,$4000_const,1
309,$4000_vol,9
309,$4000_duty,1
309,$4000_const,1
309,$4000_vol,8
309,$4004_duty,1
309,$4004_const,1
309,$4004_vol,13
309,$4004_duty,1
309,$4004_const,1
309,$4004_vol,11
309,$4008_linear,10
309,$400C_const,1
309,$400C_vol,7
309,$400C_const,1
309,$400C_vol,3
310,$4000_duty,1
310,$4000_const,1
310,$4000_vol,8
310,$4000_duty,1
310,$4000_const,1
310,$4000_vol,7
310,$4004_duty,1
310,$4004_const,1
310,$4004_vol,11
310,$4004_duty,1
310,$4004_const,1
310,$4004_vol,9
310,$4008_linear,10
310,$400C_const,1
310,$400C_vol,3
310,$400C_const,1
310,$400C_vol,0
311,$4000_duty,1
311,$4000_const,1
311,$4000_vol,7
311,$4000_duty,1
311,$4000_const,1
311,$4000_vol,6
311,$4004_duty,1
311,$4004_const,1
311,$4004_vol,9
311,$4004_duty,1
311,$4004_const,1
311,$4004_vol,6
311,$4008_linear,10
311,$400C_const,1
311,$400C_vol,0
311,$400C_const,1
311,$400C_vol,0
312,$4000_duty,1
312,$4000_const,1
312,$4000_vol,6
312,$4000_duty,1
312,$4000_const,1
312,$4000_vol,5
312,$4004_duty,1
312,$4004_const,1
312,$4004_vol,6
312,$4004_duty,1
312,$4004_const,1
312,$4004_vol,4
312,$4008_linear,10
312,$400C_const,1
312,$400C_vol,0
312,$400C_const,1
312,$400C_vol,0
313,$4000_duty,1
313,$4000_const,1
313,$4000_vol,5
313,$4004_duty,1
313,$4004_const,1
313,$4004_vol,4
313,$400C_const,1
313,$400C_vol,0
313,$400C_const,1
313,$400C_vol,10
313,$400E_period,8
313,$400E_mode,0
314,$4000_duty,1
314,$4000_const,1
314,$4000_vol,4
314,$4000_duty,1
314,$4000_const,1
314,$4000_vol,3
314,$4004_duty,1
314,$4004_const,1
314,$4004_vol,2
314,$4004_duty,1
314,$4004_const,1
314,$4004_vol,0
314,$4008_linear,10
314,$400C_const,1
314,$400C_vol,10
314,$400C_const,1
314,$400C_vol,7
315,$4000_duty,1
315,$4000_const,1
315,$4000_vol,3
315,$4000_duty,1
315,$4000_const,1
315,$4000_vol,2
315,$4004_duty,1
315,$4004_const,1
315,$4004_vol,0
315,$4004_duty,1
315,$4004_const,1
315,$4004_vol,0
315,$4008_linear,10
315,$400C_const,1
315,$400C_vol,7
315,$400C_const,1
315,$400C_vol,3
316,$4000_duty,1
316,$4000_const,1
316,$4000_vol,2
316,$4000_duty,1
316,$4000_const,1
316,$4000_vol,1
316,$4004_duty,1
316,$4004_const,1
316,$4004_vol,0
316,$4004_duty,1
316,$4004_const,1
316,$4004_vol,0
316,$4008_linear,10
316,$400C_const,1
316,$400C_vol,3
316,$400C_const,1
316,$400C_vol,0
317,$4000_duty,1
317,$4000_const,1
317,$4000_vol,1
317,$4000_duty,1
317,$4000_const,1
317,$4000_vol,0
317,$4004_duty,1
317,$4004_const,1
317,$4004_vol,0
317,$4004_duty,1
317,$4004_const,1
317,$4004_vol,0
317,$4008_linear,10
317,$400C_const,1
317,$400C_vol,0
317,$400C_const,1
317,$400C_vol,0
318,$4000_duty,1
318,$4000_const,1
318,$4000_vol,0
318,$4000_duty,1
318,$4000_const,1
318,$4000_vol,0
318,$4004_duty,1
318,$4004_const,1
318,$4004_vol,0
318,$4004_duty,1
318,$4004_const,1
318,$4004_vol,0
318,$4008_linear,10
318,$400C_const,1
318,$400C_vol,0
318,$400C_const,1
318,$400C_vol,0
319,$4000_duty,1
319,$4000_const,1
319,$4000_vol,0
319,$4000_duty,1
319,$4000_const,1
319,$4000_vol,10
319,$4001_sweep,0
319,$4002_period,381
319,$400B_length,8
319,$4004_duty,1
319,$4004_const,1
319,$4004_vol,0
319,$4004_duty,1
319,$4004_const,1
319,$4004_vol,15
319,$4005_sweep,0
319,$4006_period,227
319,$4008_linear,10
319,$400A_period,571
319,$400B_length,9
319,$400C_const,1
319,$400C_vol,0
319,$400C_const,1
319,$400C_vol,10
319,$400E_period,13
319,$400E_mode,0
320,$4000_duty,1
320,$4000_const,1
320,$4000_vol,10
320,$4000_duty,1
320,$4000_const,1
320,$4000_vol,9
320,$4004_duty,1
320,$4004_const,1
320,$4004_vol,15
320,$4004_duty,1
320,$4004_const,1
320,$4004_vol,13
320,$4008_linear,10
320,$400C_const,1
320,$400C_vol,10
320,$400C_const,1
320,$400C_vol,7
321,$4000_duty,1
321,$4000_const,1
321,$4000_vol,9
321,$4000_duty,1
321,$4000_const,1
321,$4000_vol,8
321,$4004_duty,1
321,$4004_const,1
321,$4004_vol,13
321,$4004_duty,1
321,$4004_const,1
321,$4004_vol,11
321,$4008_linear,10
321,$400C_const,1
321,$400C_vol,7
321,$400C_const,1
321,$400C_vol,3
322,$4000_duty,1
322,$4000_const,1
322,$4000_vol,8
322,$4000_duty,1
322,$4000_const,1
322,$4000_vol,7
322,$4004_duty,1
322,$4004_const,1
322,$4004_vol,11
322,$4004_duty,1
322,$4004_const,1
322,$4004_vol,9
322,$4008_linear,10
322,$400C_const,1
322,$400C_vol,3
322,$400C_const,1
322,$400C_vol,0
323,$4000_duty,1
323,$4000_const,1
323,$4000_vol,7
323,$4000_duty,1
323,$4000_const,1
323,$4000_vol,6
323,$4004_duty,1
323,$4004_const,1
323,$4004_vol,9
323,$4004_duty,1
323,$4004_const,1
323,$4004_vol,6
323,$4008_linear,10
323,$400C_const,1
323,$400C_vol,0
323,$400C_const,1
323,$400C_vol,0
324,$4000_duty,1
324,$4000_const,1
324,$4000_vol,6
324,$4000_duty,1
324,$4000_const,1
324,$4000_vol,5
324,$4004_duty,1
324,$4004_const,1
324,$4004_vol,6
324,$4004_duty,1
324,$4004_const,1
324,$4004_vol,4
324,$4008_linear,10
324,$400C_const,1
324,$400C_vol,0
324,$400C_const,1
324,$400C_vol,0
325,$4000_duty,1
325,$4000_const,1
325,$4000_vol,5
325,$4000_duty,1
325,$4000_const,1
325,$4000_vol,10
325,$4001_sweep,0
325,$4002_period,763
325,$400B_length,9
325,$4004_duty,1
325,$4004_const,1
325,$4004_vol,4
325,$4004_duty,1
325,$4004_const,1
325,$4004_vol,15
325,$4005_sweep,0
325,$4006_period,453
325,$4008_linear,10
325,$400A_period,571
325,$400B_length,9
325,$400C_const,1
325,$400C_vol,0
325,$400C_const,1
325,$400C_vol,10
325,$400E_period,13
325,$400E_mode,0
326,$4000_duty,1
326,$4000_const,1
326,$4000_vol,10
326,$4000_duty,1
326,$4000_const,1
326,$4000_vol,9
326,$4004_duty,1
326,$4004_const,1
326,$4004_vol,15
326,$4004_duty,1
326,$4004_const,1
326,$4004_vol,13
326,$4008_linear,10
326,$400C_const,1
326,$400C_vol,10
326,$400C_const,1
326,$400C_vol,7
327,$4000_duty,1
327,$4000_const,1
327,$4000_vol,9
327,$4000_duty,1
327,$4000_const,1
327,$4000_vol,8
327,$4004_duty,1
327,$4004_const,1
327,$4004_vol,13
327,$4004_duty,1
327,$4004_const,1
327,$4004_vol,11
327,$4008_linear,10
327,$400C_const,1
327,$400C_vol,7
327,$400C_const,1
327,$400C_vol,3
328,$4000_duty,1
328,$4000_const,1
328,$4000_vol,8
328,$4000_duty,1
328,$4000_const,1
328,$4000_vol,7
328,$4004_duty,1
328,$4004_const,1
328,$4004_vol,11
328,$4004_duty,1
328,$4004_const,1
328,$4004_vol,9
328,$4008_linear,10
328,$400C_const,1
328,$400C_vol,3
328,$400C_const,1
328,$400C_vol,0
329,$4000_duty,1
329,$4000_const,1
329,$4000_vol,7
329,$4000_duty,1
329,$4000_const,1
329,$4000_vol,6
329,$4004_duty,1
329,$4004_const,1
329,$4004_vol,9
329,$4004_duty,1
329,$4004_const,1
329,$4004_vol,6
329,$4008_linear,10
329,$400C_const,1
329,$400C_vol,0
329,$400C_const,1
329,$400C_vol,0
330,$4000_duty,1
330,$4000_const,1
330,$4000_vol,6
330,$4000_duty,1
330,$4000_const,1
330,$4000_vol,5
330,$4004_duty,1
330,$4004_const,1
330,$4004_vol,6
330,$4004_duty,1
330,$4004_const,1
330,$4004_vol,4
330,$4008_linear,10
330,$400C_const,1
330,$400C_vol,0
330,$400C_const,1
330,$400C_vol,0
331,$4000_duty,1
331,$4000_const,1
331,$4000_vol,5
331,$4000_duty,1
331,$4000_const,1
331,$4000_vol,10
331,$4001_sweep,0
331,$4002_period,381
331,$400B_length,8
331,$4004_duty,1
331,$4004_const,1
331,$4004_vol,4
331,$4004_duty,1
331,$4004_const,1
331,$4004_vol,15
331,$4005_sweep,0
331,$4006_period,227
331,$4008_linear,10
331,$400A_period,285
331,$400B_length,8
331,$400C_const,1
331,$400C_vol,0
331,$400C_const,1
331,$400C_vol,10
331,$400E_period,8
331,$400E_mode,0
332,$4000_duty,1
332,$4000_const,1
332,$4000_vol,10
332,$4000_duty,1
332,$4000_const,1
332,$4000_vol,9
332,$4004_duty,1
332,$4004_const,1
332,$4004_vol,15
332,$4004_duty,1
332,$4004_const,1
332,$4004_vol,13
332,$4008_linear,10
332,$400C_const,1
332,$400C_vol,10
332,$400C_const,1
332,$400C_vol,7
333,$4000_duty,1
333,$4000_const,1
333,$4000_vol,9
333,$4000_duty,1
333,$4000_const,1
333,$4000_vol,8
333,$4004_duty,1
333,$4004_const,1
333,$4004_vol,13
333,$4004_duty,1
333,$4004_const,1
333,$4004_vol,11
333,$4008_linear,10
333,$400C_const,1
333,$400C_vol,7
333,$400C_const,1
333,$400C_vol,3
334,$4000_duty,1
334,$4000_const,1
334,$4000_vol,8
334,$4000_duty,1
334,$4000_const,1
334,$4000_vol,7
334,$4004_duty,1
334,$4004_const,1
334,$4004_vol,11
334,$4004_duty,1
334,$4004_const,1
334,$4004_vol,9
334,$4008_linear,10
334,$400C_const,1
334,$400C_vol,3
334,$400C_const,1
334,$400C_vol,0
335,$4000_duty,1
335,$4000_const,1
335,$4000_vol,7
335,$4000_duty,1
335,$4000_const,1
335,$4000_vol,6
335,$4004_duty,1
335,$4004_const,1
335,$4004_vol,9
335,$4004_duty,1
335,$4004_const,1
335,$4004_vol,6
335,$4008_linear,10
335,$400C_const,1
335,$400C_vol,0
335,$400C_const,1
335,$400C_vol,0
336,$4000_duty,1
336,$4000_const,1
336,$4000_vol,6
336,$4000_duty,1
336,$4000_const,1
336,$4000_vol,5
336,$4004_duty,1
336,$4004_const,1
336,$4004_vol,6
336,$4004_duty,1
336,$4004_const,1
336,$4004_vol,4
336,$4008_linear,10
336,$400C_const,1
336,$400C_vol,0
336,$400C_const,1
336,$400C_vol,0
337,$4000_duty,1
337,$4000_const,1
337,$4000_vol,5
337,$4000_duty,1
337,$4000_const,1
337,$4000_vol,10
337,$4001_sweep,0
337,$4002_period,191
337,$400B_length,8
337,$4004_duty,1
337,$4004_const,1
337,$4004_vol,4
337,$4004_duty,1
337,$4004_const,1
337,$4004_vol,15
337,$4005_sweep,0
337,$4006_period,113
337,$4008_linear,10
337,$400A_period,571
337,$400B_length,9
337,$400C_const,1
337,$400C_vol,0
337,$400C_const,1
337,$400C_vol,10
337,$400E_period,8
337,$400E_mode,0
338,$4000_duty,1
338,$4000_const,1
338,$4000_vol,10
338,$4000_duty,1
338,$4000_const,1
338,$4000_vol,9
338,$4004_duty,1
338,$4004_const,1
338,$4004_vol,15
338,$4004_duty,1
338,$4004_const,1
338,$4004_vol,13
338,$4008_linear,10
338,$400C_const,1
338,$400C_vol,10
338,$400C_const,1
338,$400C_vol,7
339,$4000_duty,1
339,$4000_const,1
339,$4000_vol,9
339,$4000_duty,1
339,$4000_const,1
339,$4000_vol,8
339,$4004_duty,1
339,$4004_const,1
339,$4004_vol,13
339,$4004_duty,1
339,$4004_const,1
339,$4004_vol,11
339,$4008_linear,10
339,$400C_const,1
339,$400C_vol,7
339,$400C_const,1
339,$400C_vol,3
340,$4000_duty,1
340,$4000_const,1
340,$4000_vol,8
340,$4000_duty,1
340,$4000_const,1
340,$4000_vol,7
340,$4004_duty,1
340,$4004_const,1
340,$4004_vol,11
340,$4004_duty,1
340,$4004_const,1
340,$4004_vol,9
340,$4008_linear,10
340,$400C_const,1
340,$400C_vol,3
340,$400C_const,1
340,$400C_vol,0
341,$4000_duty,1
341,$4000_const,1
341,$4000_vol,7
341,$4000_duty,1
341,$4000_const,1
341,$4000_vol,6
341,$4004_duty,1
341,$4004_const,1
341,$4004_vol,9
341,$4004_duty,1
341,$4004_const,1
341,$4004_vol,6
341,$4008_linear,10
341,$400C_const,1
341,$400C_vol,0
341,$400C_const,1
341,$400C_vol,0
342,$4000_duty,1
342,$4000_const,1
342,$4000_vol,6
342,$4000_duty,1
342,$4000_const,1
342,$4000_vol,5
342,$4004_duty,1
342,$4004_const,1
342,$4004_vol,6
342,$4004_duty,1
342,$4004_const,1
342,$4004_vol,4
342,$4008_linear,10
342,$400C_const,1
342,$400C_vol,0
342,$400C_const,1
342,$400C_vol,0
343,$4000_duty,1
343,$4000_const,1
343,$4000_vol,5
343,$4000_duty,1
343,$4000_const,1
343,$4000_vol,10
343,$4001_sweep,0
343,$4002_period,763
343,$400B_length,9
343,$4004_duty,1
343,$4004_const,1
343,$4004_vol,4
343,$4004_duty,1
343,$4004_const,1
343,$4004_vol,15
343,$4005_sweep,0
343,$4006_period,453
343,$4008_linear,10
343,$400A_period,571
343,$400B_length,9
343,$400C_const,1
343,$400C_vol,0
343,$400C_const,1
343,$400C_vol,10
343,$400E_period,13
343,$400E_mode,0
344,$4000_duty,1
344,$4000_const,1
344,$4000_vol,10
344,$4000_duty,1
344,$4000_const,1
344,$4000_vol,9
344,$4004_duty,1
344,$4004_const,1
344,$4004_vol,15
344,$4004_duty,1
344,$4004_const,1
344,$4004_vol,13
344,$4008_linear,10
344,$400C_const,1
344,$400C_vol,10
344,$400C_const,1
344,$400C_vol,7
345,$4000_duty,1
345,$4000_const,1
345,$4000_vol,9
345,$4000_duty,1
345,$4000_const,1
345,$4000_vol,8
345,$4004_duty,1
345,$4004_const,1
345,$4004_vol,13
345,$4004_duty,1
345,$4004_const,1
345,$4004_vol,11
345,$4008_linear,10
345,$400C_const,1
345,$400C_vol,7
345,$400C_const,1
345,$400C_vol,3
346,$4000_duty,1
346,$4000_const,1
346,$4000_vol,8
346,$4000_duty,1
346,$4000_const,1
346,$4000_vol,7
346,$4004_duty,1
346,$4004_const,1
346,$4004_vol,11
346,$4004_duty,1
346,$4004_const,1
346,$4004_vol,9
346,$4008_linear,10
346,$400C_const,1
346,$400C_vol,3
346,$400C_const,1
346,$400C_vol,0
347,$4000_duty,1
347,$4000_const,1
347,$4000_vol,7
347,$4000_duty,1
347,$4000_const,1
347,$4000_vol,6
347,$4004_duty,1
347,$4004_const,1
347,$4004_vol,9
347,$4004_duty,1
347,$4004_const,1
347,$4004_vol,6
347,$4008_linear,10
347,$400C_const,1
347,$400C_vol,0
347,$400C_const,1
347,$400C_vol,0
348,$4000_duty,1
348,$4000_const,1
348,$4000_vol,6
348,$4000_duty,1
348,$4000_const,1
348,$4000_vol,5
348,$4004_duty,1
348,$4004_const,1
348,$4004_vol,6
348,$4004_duty,1
348,$4004_const,1
348,$4004_vol,4
348,$4008_linear,10
348,$400C_const,1
348,$400C_vol,0
348,$400C_const,1
348,$400C_vol,0
349,$4000_duty,1
349,$4000_const,1
349,$4000_vol,5
349,$4000_duty,1
349,$4000_const,1
349,$4000_vol,10
349,$4001_sweep,0
349,$4002_period,381
349,$400B_length,8
349,$4004_duty,1
349,$4004_const,1
349,$4004_vol,4
349,$4004_duty,1
349,$4004_const,1
349,$4004_vol,15
349,$4005_sweep,0
349,$4006_period,227
349,$4008_linear,10
349,$400A_period,285
349,$400B_length,8
349,$400C_const,1
349,$400C_vol,0
349,$400C_const,1
349,$400C_vol,10
349,$400E_period,8
349,$400E_mode,0
350,$4000_duty,1
350,$4000_const,1
350,$4000_vol,10
350,$4000_duty,1
350,$4000_const,1
350,$4000_vol,9
350,$4004_duty,1
350,$4004_const,1
350,$4004_vol,15
350,$4004_duty,1
350,$4004_const,1
350,$4004_vol,13
350,$4008_linear,10
350,$400C_const,1
350,$400C_vol,10
350,$400C_const,1
350,$400C_vol,7
351,$4000_duty,1
351,$4000_const,1
351,$4000_vol,9
351,$4000_duty,1
351,$4000_const,1
351,$4000_vol,8
351,$4004_duty,1
351,$4004_const,1
351,$4004_vol,13
351,$4004_duty,1
351,$4004_const,1
351,$4004_vol,11
351,$4008_linear,10
351,$400C_const,1
351,$400C_vol,7
351,$400C_const,1
351,$400C_vol,3
352,$4000_duty,1
352,$4000_const,1
352,$4000_vol,8
352,$4000_duty,1
352,$4000_const,1
352,$4000_vol,7
352,$4004_duty,1
352,$4004_const,1
352,$4004_vol,11
352,$4004_duty,1
352,$4004_const,1
352,$4004_vol,9
352,$4008_linear,10
352,$400C_const,1
352,$400C_vol,3
352,$400C_const,1
352,$400C_vol,0
353,$4000_duty,1
353,$4000_const,1
353,$4000_vol,7
353,$4000_duty,1
353,$4000_const,1
353,$4000_vol,6
353,$4004_duty,1
353,$4004_const,1
353,$4004_vol,9
353,$4004_duty,1
353,$4004_const,1
353,$4004_vol,6
353,$4008_linear,10
353,$400C_const,1
353,$400C_vol,0
353,$400C_const,1
353,$400C_vol,0
354,$4000_duty,1
354,$4000_const,1
354,$4000_vol,6
354,$4000_duty,1
354,$4000_const,1
354,$4000_vol,5
354,$4004_duty,1
354,$4004_const,1
354,$4004_vol,6
354,$4004_duty,1
354,$4004_const,1
354,$4004_vol,4
354,$4008_linear,10
354,$400C_const,1
354,$400C_vol,0
354,$400C_const,1
354,$400C_vol,0
355,$4000_duty,1
355,$4000_const,1
355,$4000_vol,5
355,$4000_duty,1
355,$4000_const,1
355,$4000_vol,10
355,$4001_sweep,0
355,$4002_period,191
355,$400B_length,8
355,$4004_duty,1
355,$4004_const,1
355,$4004_vol,4
355,$4004_duty,1
355,$4004_const,1
355,$4004_vol,15
355,$4005_sweep,0
355,$4006_period,113
355,$4008_linear,10
355,$400A_period,285
355,$400B_length,8
355,$400C_const,1
355,$400C_vol,0
355,$400C_const,1
355,$400C_vol,10
355,$400E_period,8
355,$400E_mode,0
356,$4000_duty,1
356,$4000_const,1
356,$4000_vol,10
356,$4000_duty,1
356,$4000_const,1
356,$4000_vol,9
356,$4004_duty,1
356,$4004_const,1
356,$4004_vol,15
356,$4004_duty,1
356,$4004_const,1
356,$4004_vol,13
356,$4008_linear,10
356,$400C_const,1
356,$400C_vol,10
356,$400C_const,1
356,$400C_vol,7
357,$4000_duty,1
357,$4000_const,1
357,$4000_vol,9
357,$4000_duty,1
357,$4000_const,1
357,$4000_vol,8
357,$4004_duty,1
357,$4004_const,1
357,$4004_vol,13
357,$4004_duty,1
357,$4004_const,1
357,$4004_vol,11
357,$4008_linear,10
357,$400C_const,1
357,$400C_vol,7
357,$400C_const,1
357,$400C_vol,3
358,$4000_duty,1
358,$4000_const,1
358,$4000_vol,8
358,$4000_duty,1
358,$4000_const,1
358,$4000_vol,7
358,$4004_duty,1
358,$4004_const,1
358,$4004_vol,11
358,$4004_duty,1
358,$4004_const,1
358,$4004_vol,9
358,$4008_linear,10
358,$400C_const,1
358,$400C_vol,3
358,$400C_const,1
358,$400C_vol,0
359,$4000_duty,1
359,$4000_const,1
359,$4000_vol,7
359,$4000_duty,1
359,$4000_const,1
359,$4000_vol,6
359,$4004_duty,1
359,$4004_const,1
359,$4004_vol,9
359,$4004_duty,1
359,$4004_const,1
359,$4004_vol,6
359,$4008_linear,10
359,$400C_const,1
359,$400C_vol,0
359,$400C_const,1
359,$400C_vol,0
360,$4000_duty,1
360,$4000_const,1
360,$4000_vol,6
360,$4000_duty,1
360,$4000_const,1
360,$4000_vol,5
360,$4004_duty,1
360,$4004_const,1
360,$4004_vol,6
360,$4004_duty,1
360,$4004_const,1
360,$4004_vol,4
360,$4008_linear,10
360,$400C_const,1
360,$400C_vol,0
360,$400C_const,1
360,$400C_vol,0
361,$4000_duty,1
361,$4000_const,1
361,$4000_vol,5
361,$4000_duty,1
361,$4000_const,1
361,$4000_vol,10
361,$4001_sweep,0
361,$4002_period,381
361,$400B_length,8
361,$4004_duty,1
361,$4004_const,1
361,$4004_vol,4
361,$4004_duty,1
361,$4004_const,1
361,$4004_vol,15
361,$4005_sweep,0
361,$4006_period,227
361,$4008_linear,10
361,$400A_period,571
361,$400B_length,9
361,$400C_const,1
361,$400C_vol,0
361,$400C_const,1
361,$400C_vol,10
361,$400E_period,13
361,$400E_mode,0
362,$4000_duty,1
362,$4000_const,1
362,$4000_vol,10
362,$4000_duty,1
362,$4000_const,1
362,$4000_vol,9
362,$4004_duty,1
362,$4004_const,1
362,$4004_vol,15
362,$4004_duty,1
362,$4004_const,1
362,$4004_vol,13
362,$4008_linear,10
362,$400C_const,1
362,$400C_vol,10
362,$400C_const,1
362,$400C_vol,7
363,$4000_duty,1
363,$4000_const,1
363,$4000_vol,9
363,$4000_duty,1
363,$4000_const,1
363,$4000_vol,8
363,$4004_duty,1
363,$4004_const,1
363,$4004_vol,13
363,$4004_duty,1
363,$4004_const,1
363,$4004_vol,11
363,$4008_linear,10
363,$400C_const,1
363,$400C_vol,7
363,$400C_const,1
363,$400C_vol,3
364,$4000_duty,1
364,$4000_const,1
364,$4000_vol,8
364,$4000_duty,1
364,$4000_const,1
364,$4000_vol,7
364,$4004_duty,1
364,$4004_const,1
364,$4004_vol,11
364,$4004_duty,1
364,$4004_const,1
364,$4004_vol,9
364,$4008_linear,10
364,$400C_const,1
364,$400C_vol,3
364,$400C_const,1
364,$400C_vol,0
365,$4000_duty,1
365,$4000_const,1
365,$4000_vol,7
365,$4000_duty,1
365,$4000_const,1
365,$4000_vol,6
365,$4004_duty,1
365,$4004_const,1
365,$4004_vol,9
365,$4004_duty,1
365,$4004_const,1
365,$4004_vol,6
365,$4008_linear,10
365,$400C_const,1
365,$400C_vol,0
365,$400C_const,1
365,$400C_vol,0
366,$4000_duty,1
366,$4000_const,1
366,$4000_vol,6
366,$4000_duty,1
366,$4000_const,1
366,$4000_vol,5
366,$4004_duty,1
366,$4004_const,1
366,$4004_vol,6
366,$4004_duty,1
366,$4004_const,1
366,$4004_vol,4
366,$4008_linear,10
366,$400C_const,1
366,$400C_vol,0
366,$400C_const,1
366,$400C_vol,0
367,$4000_duty,1
367,$4000_const,1
367,$4000_vol,5
367,$4000_duty,1
367,$4000_const,1
367,$4000_vol,10
367,$4001_sweep,0
367,$4002_period,191
367,$400B_length,8
367,$4004_duty,1
367,$4004_const,1
367,$4004_vol,4
367,$4004_duty,1
367,$4004_const,1
367,$4004_vol,15
367,$4005_sweep,0
367,$4006_period,113
367,$4008_linear,10
367,$400A_period,285
367,$400B_length,8
367,$400C_const,1
367,$400C_vol,0
367,$400C_const,1
367,$400C_vol,10
367,$400E_period,8
367,$400E_mode,0
368,$4000_duty,1
368,$4000_const,1
368,$4000_vol,10
368,$4000_duty,1
368,$4000_const,1
368,$4000_vol,9
368,$4004_duty,1
368,$4004_const,1
368,$4004_vol,15
368,$4004_duty,1
368,$4004_const,1
368,$4004_vol,13
368,$4008_linear,10
368,$400C_const,1
368,$400C_vol,10
368,$400C_const,1
368,$400C_vol,7
369,$4000_duty,1
369,$4000_const,1
369,$4000_vol,9
369,$4000_duty,1
369,$4000_const,1
369,$4000_vol,8
369,$4004_duty,1
369,$4004_const,1
369,$4004_vol,13
369,$4004_duty,1
369,$4004_const,1
369,$4004_vol,11
369,$4008_linear,10
369,$400C_const,1
369,$400C_vol,7
369,$400C_const,1
369,$400C_vol,3
370,$4000_duty,1
370,$4000_const,1
370,$4000_vol,8
370,$4000_duty,1
370,$4000_const,1
370,$4000_vol,7
370,$4004_duty,1
370,$4004_const,1
370,$4004_vol,11
370,$4004_duty,1
370,$4004_const,1
370,$4004_vol,9
370,$4008_linear,10
370,$400C_const,1
370,$400C_vol,3
370,$400C_const,1
370,$400C_vol,0
371,$4000_duty,1
371,$4000_const,1
371,$4000_vol,7
371,$4000_duty,1
371,$4000_const,1
371,$4000_vol,6
371,$4004_duty,1
371,$4004_const,1
371,$4004_vol,9
371,$4004_duty,1
371,$4004_const,1
371,$4004_vol,6
371,$4008_linear,10
371,$400C_const,1
371,$400C_vol,0
371,$400C_const,1
371,$400C_vol,0
372,$4000_duty,1
372,$4000_const,1
372,$4000_vol,6
372,$4000_duty,1
372,$4000_const,1
372,$4000_vol,5
372,$4004_duty,1
372,$4004_const,1
372,$4004_vol,6
372,$4004_duty,1
372,$4004_const,1
372,$4004_vol,4
372,$4008_linear,10
372,$400C_const,1
372,$400C_vol,0
372,$400C_const,1
372,$400C_vol,0
373,$4000_duty,1
373,$4000_const,1
373,$4000_vol,5
373,$4000_duty,1
373,$4000_const,1
373,$4000_vol,10
373,$4001_sweep,0
373,$4002_period,427
373,$400B_length,8
373,$4004_duty,1
373,$4004_const,1
373,$4004_vol,4
373,$4004_duty,1
373,$4004_const,1
373,$4004_vol,15
373,$4005_sweep,0
373,$4006_period,255
373,$4008_linear,10
373,$400A_period,641
373,$400B_length,9
373,$400C_const,1
373,$400C_vol,0
373,$400C_const,1
373,$400C_vol,10
373,$400E_period,13
373,$400E_mode,0
374,$4000_duty,1
374,$4000_const,1
374,$4000_vol,10
374,$4000_duty,1
374,$4000_const,1
374,$4000_vol,9
374,$4004_duty,1
374,$4004_const,1
374,$4004_vol,15
374,$4004_duty,1
374,$4004_const,1
374,$4004_vol,13
374,$4008_linear,10
374,$400C_const,1
374,$400C_vol,10
374,$400C_const,1
374,$400C_vol,7
375,$4000_duty,1
375,$4000_const,1
375,$4000_vol,9
375,$4000_duty,1
375,$4000_const,1
375,$4000_vol,8
375,$4004_duty,1
375,$4004_const,1
375,$4004_vol,13
375,$4004_duty,1
375,$4004_const,1
375,$4004_vol,11
375,$4008_linear,10
375,$400C_const,1
375,$400C_vol,7
375,$400C_const,1
375,$400C_vol,3
376,$4000_duty,1
376,$4000_const,1
376,$4000_vol,8
376,$4000_duty,1
376,$4000_const,1
376,$4000_vol,7
376,$4004_duty,1
376,$4004_const,1
376,$4004_vol,11
376,$4004_duty,1
376,$4004_const,1
376,$4004_vol,9
376,$4008_linear,10
376,$400C_const,1
376,$400C_vol,3
376,$400C_const,1
376,$400C_vol,0
377,$4000_duty,1
377,$4000_const,1
377,$4000_vol,7
377,$4000_duty,1
377,$4000_const,1
377,$4000_vol,6
377,$4004_duty,1
377,$4004_const,1
377,$4004_vol,9
377,$4004_duty,1
377,$4004_const,1
377,$4004_vol,6
377,$4008_linear,10
377,$400C_const,1
377,$400C_vol,0
377,$400C_const,1
377,$400C_vol,0
378,$4000_duty,1
378,$4000_const,1
378,$4000_vol,6
378,$4000_duty,1
378,$4000_const,1
378,$4000_vol,5
378,$4004_duty,1
378,$4004_const,1
378,$4004_vol,6
378,$4004_duty,1
378,$4004_const,1
378,$4004_vol,4
378,$4008_linear,10
378,$400C_const,1
378,$400C_vol,0
378,$400C_const,1
378,$400C_vol,0
379,$4000_duty,1
379,$4000_const,1
379,$4000_vol,5
379,$4000_duty,1
379,$4000_const,1
379,$4000_vol,10
379,$4001_sweep,0
379,$4002_period,427
379,$400B_length,8
379,$4004_duty,1
379,$4004_const,1
379,$4004_vol,4
379,$4004_duty,1
379,$4004_const,1
379,$4004_vol,15
379,$4005_sweep,0
379,$4006_period,255
379,$4008_linear,10
379,$400A_period,641
379,$400B_length,9
379,$400C_const,1
379,$400C_vol,0
379,$400C_const,1
379,$400C_vol,10
379,$400E_period,13
379,$400E_mode,0
380,$4000_duty,1
380,$4000_const,1
380,$4000_vol,10
380,$4000_duty,1
380,$4000_const,1
380,$4000_vol,9
380,$4004_duty,1
380,$4004_const,1
380,$4004_vol,15
380,$4004_duty,1
380,$4004_const,1
380,$4004_vol,13
380,$4008_linear,10
380,$400C_const,1
380,$400C_vol,10
380,$400C_const,1
380,$400C_vol,7
381,$4000_duty,1
381,$4000_const,1
381,$4000_vol,9
381,$4000_duty,1
381,$4000_const,1
381,$4000_vol,8
381,$4004_duty,1
381,$4004_const,1
381,$4004_vol,13
381,$4004_duty,1
381,$4004_const,1
381,$4004_vol,11
381,$4008_linear,10
381,$400C_const,1
381,$400C_vol,7
381,$400C_const,1
381,$400C_vol,3
382,$4000_duty,1
382,$4000_const,1
382,$4000_vol,8
382,$4000_duty,1
382,$4000_const,1
382,$4000_vol,7
382,$4004_duty,1
382,$4004_const,1
382,$4004_vol,11
382,$4004_duty,1
382,$4004_const,1
382,$4004_vol,9
382,$4008_linear,10
382,$400C_const,1
382,$400C_vol,3
382,$400C_const,1
382,$400C_vol,0
383,$4000_duty,1
383,$4000_const,1
383,$4000_vol,7
383,$4000_duty,1
383,$4000_const,1
383,$4000_vol,6
383,$4004_duty,1
383,$4004_const,1
383,$4004_vol,9
383,$4004_duty,1
383,$4004_const,1
383,$4004_vol,6
383,$4008_linear,10
383,$400C_const,1
383,$400C_vol,0
383,$400C_const,1
383,$400C_vol,0
384,$4000_duty,1
384,$4000_const,1
384,$4000_vol,6
384,$4000_duty,1
384,$4000_const,1
384,$4000_vol,5
384,$4004_duty,1
384,$4004_const,1
384,$4004_vol,6
384,$4004_duty,1
384,$4004_const,1
384,$4004_vol,4
384,$4008_linear,10
384,$400C_const,1
384,$400C_vol,0
384,$400C_const,1
384,$400C_vol,0
385,$4000_duty,1
385,$4000_const,1
385,$4000_vol,5
385,$4000_duty,1
385,$4000_const,1
385,$4000_vol,10
385,$4001_sweep,0
385,$4002_period,453
385,$400B_length,8
385,$4004_duty,1
385,$4004_const,1
385,$4004_vol,4
385,$4004_duty,1
385,$4004_const,1
385,$4004_vol,15
385,$4005_sweep,0
385,$4006_period,285
385,$4008_linear,10
385,$400A_period,679
385,$400B_length,9
385,$400C_const,1
385,$400C_vol,0
385,$400C_const,1
385,$400C_vol,10
385,$400E_period,8
385,$400E_mode,0
386,$4000_duty,1
386,$4000_const,1
386,$4000_vol,10
386,$4000_duty,1
386,$4000_const,1
386,$4000_vol,9
386,$4004_duty,1
386,$4004_const,1
386,$4004_vol,15
386,$4004_duty,1
386,$4004_const,1
386,$4004_vol,13
386,$4008_linear,10
386,$400C_const,1
386,$400C_vol,10
386,$400C_const,1
386,$400C_vol,7
387,$4000_duty,1
387,$4000_const,1
387,$4000_vol,9
387,$4000_duty,1
387,$4000_const,1
387,$4000_vol,8
387,$4004_duty,1
387,$4004_const,1
387,$4004_vol,13
387,$4004_duty,1
387,$4004_const,1
387,$4004_vol,11
387,$4008_linear,10
387,$400C_const,1
387,$400C_vol,7
387,$400C_const,1
387,$400C_vol,3
388,$4000_duty,1
388,$4000_const,1
388,$4000_vol,8
388,$4000_duty,1
388,$4000_const,1
388,$4000_vol,7
388,$4004_duty,1
388,$4004_const,1
388,$4004_vol,11
388,$4004_duty,1
388,$4004_const,1
388,$4004_vol,9
388,$4008_linear,10
388,$400C_const,1
388,$400C_vol,3
388,$400C_const,1
388,$400C_vol,0
389,$4000_duty,1
389,$4000_const,1
389,$4000_vol,7
389,$4000_duty,1
389,$4000_const,1
389,$4000_vol,6
389,$4004_duty,1
389,$4004_const,1
389,$4004_vol,9
389,$4004_duty,1
389,$4004_const,1
389,$4004_vol,6
389,$4008_linear,10
389,$400C_const,1
389,$400C_vol,0
389,$400C_const,1
389,$400C_vol,0
390,$4000_duty,1
390,$4000_const,1
390,$4000_vol,6
390,$4000_duty,1
390,$4000_const,1
390,$4000_vol,5
390,$4004_duty,1
390,$4004_const,1
390,$4004_vol,6
390,$4004_duty,1
390,$4004_const,1
390,$4004_vol,4
390,$4008_linear,10
390,$400C_const,1
390,$400C_vol,0
390,$400C_const,1
390,$400C_vol,0
391,$4000_duty,1
391,$4000_const,1
391,$4000_vol,5
391,$4000_duty,1
391,$4000_const,1
391,$4000_vol,10
391,$4001_sweep,0
391,$4002_period,427
391,$400B_length,8
391,$4004_duty,1
391,$4004_const,1
391,$4004_vol,4
391,$4004_duty,1
391,$4004_const,1
391,$4004_vol,15
391,$4005_sweep,0
391,$4006_period,255
391,$4008_linear,10
391,$400A_period,641
391,$400B_length,9
391,$400C_const,1
391,$400C_vol,0
391,$400C_const,1
391,$400C_vol,10
391,$400E_period,13
391,$400E_mode,0
392,$4000_duty,1
392,$4000_const,1
392,$4000_vol,10
392,$4000_duty,1
392,$4000_const,1
392,$4000_vol,9
392,$4004_duty,1
392,$4004_const,1
392,$4004_vol,15
392,$4004_duty,1
392,$4004_const,1
392,$4004_vol,13
392,$4008_linear,10
392,$400C_const,1
392,$400C_vol,10
392,$400C_const,1
392,$400C_vol,7
393,$4000_duty,1
393,$4000_const,1
393,$4000_vol,9
393,$4000_duty,1
393,$4000_const,1
393,$4000_vol,8
393,$4004_duty,1
393,$4004_const,1
393,$4004_vol,13
393,$4004_duty,1
393,$4004_const,1
393,$4004_vol,11
393,$4008_linear,10
393,$400C_const,1
393,$400C_vol,7
393,$400C_const,1
393,$400C_vol,3
394,$4000_duty,1
394,$4000_const,1
394,$4000_vol,8
394,$4000_duty,1
394,$4000_const,1
394,$4000_vol,7
394,$4004_duty,1
394,$4004_const,1
394,$4004_vol,11
394,$4004_duty,1
394,$4004_const,1
394,$4004_vol,9
394,$4008_linear,10
394,$400C_const,1
394,$400C_vol,3
394,$400C_const,1
394,$400C_vol,0
395,$4000_duty,1
395,$4000_const,1
395,$4000_vol,7
395,$4000_duty,1
395,$4000_const,1
395,$4000_vol,6
395,$4004_duty,1
395,$4004_const,1
395,$4004_vol,9
395,$4004_duty,1
395,$4004_const,1
395,$4004_vol,6
395,$4008_linear,10
395,$400C_const,1
395,$400C_vol,0
395,$400C_const,1
395,$400C_vol,0
396,$4000_duty,1
396,$4000_const,1
396,$4000_vol,6
396,$4000_duty,1
396,$4000_const,1
396,$4000_vol,5
396,$4004_duty,1
396,$4004_const,1
396,$4004_vol,6
396,$4004_duty,1
396,$4004_const,1
396,$4004_vol,4
396,$4008_linear,10
396,$400C_const,1
396,$400C_vol,0
396,$400C_const,1
396,$400C_vol,0
397,$4000_duty,1
397,$4000_const,1
397,$4000_vol,5
397,$4004_duty,1
397,$4004_const,1
397,$4004_vol,4
397,$400C_const,1
397,$400C_vol,0
398,$4000_duty,1
398,$4000_const,1
398,$4000_vol,4
398,$4000_duty,1
398,$4000_const,1
398,$4000_vol,3
398,$4004_duty,1
398,$4004_const,1
398,$4004_vol,2
398,$4004_duty,1
398,$4004_const,1
398,$4004_vol,0
398,$4008_linear,10
398,$400C_const,1
398,$400C_vol,0
398,$400C_const,1
398,$400C_vol,0
399,$4000_duty,1
399,$4000_const,1
399,$4000_vol,3
399,$4000_duty,1
399,$4000_const,1
399,$4000_vol,2
399,$4004_duty,1
399,$4004_const,1
399,$4004_vol,0
399,$4004_duty,1
399,$4004_const,1
399,$4004_vol,0
399,$4008_linear,10
399,$400C_const,1
399,$400C_vol,0
399,$400C_const,1
399,$400C_vol,0
400,$4000_duty,1
400,$4000_const,1
400,$4000_vol,2
400,$4000_duty,1
400,$4000_const,1
400,$4000_vol,1
400,$4004_duty,1
400,$4004_const,1
400,$4004_vol,0
400,$4004_duty,1
400,$4004_const,1
400,$4004_vol,0
400,$4008_linear,10
400,$400C_const,1
400,$400C_vol,0
400,$400C_const,1
400,$400C_vol,0
401,$4000_duty,1
401,$4000_const,1
401,$4000_vol,1
401,$4000_duty,1
401,$4000_const,1
401,$4000_vol,0
401,$4004_duty,1
401,$4004_const,1
401,$4004_vol,0
401,$4004_duty,1
401,$4004_const,1
401,$4004_vol,0
401,$4008_linear,10
401,$400C_const,1
401,$400C_vol,0
401,$400C_const,1
401,$400C_vol,0
402,$4000_duty,1
402,$4000_const,1
402,$4000_vol,0
402,$4000_duty,1
402,$4000_const,1
402,$4000_vol,0
402,$4004_duty,1
402,$4004_const,1
402,$4004_vol,0
402,$4004_duty,1
402,$4004_const,1
402,$4004_vol,0
402,$4008_linear,10
402,$400C_const,1
402,$400C_vol,0
402,$400C_const,1
402,$400C_vol,0
403,$4000_duty,1
403,$4000_const,1
403,$4000_vol,0
403,$4000_duty,1
403,$4000_const,1
403,$4000_vol,0
403,$4004_duty,1
403,$4004_const,1
403,$4004_vol,0
403,$4004_duty,1
403,$4004_const,1
403,$4004_vol,0
403,$4008_linear,10
403,$400A_period,855
403,$400B_length,9
403,$400C_const,1
403,$400C_vol,0
403,$400C_const,1
403,$400C_vol,10
403,$400E_period,13
403,$400E_mode,0
404,$4000_duty,1
404,$4000_const,1
404,$4000_vol,0
404,$4000_duty,1
404,$4000_const,1
404,$4000_vol,0
404,$4004_duty,1
404,$4004_const,1
404,$4004_vol,0
404,$4004_duty,1
404,$4004_const,1
404,$4004_vol,0
404,$4008_linear,10
404,$400C_const,1
404,$400C_vol,10
404,$400C_const,1
404,$400C_vol,7
405,$4000_duty,1
405,$4000_const,1
405,$4000_vol,0
405,$4000_duty,1
405,$4000_const,1
405,$4000_vol,0
405,$4004_duty,1
405,$4004_const,1
405,$4004_vol,0
405,$4004_duty,1
405,$4004_const,1
405,$4004_vol,0
405,$4008_linear,10
405,$400C_const,1
405,$400C_vol,7
405,$400C_const,1
405,$400C_vol,3
406,$4000_duty,1
406,$4000_const,1
406,$4000_vol,0
406,$4000_duty,1
406,$4000_const,1
406,$4000_vol,0
406,$4004_duty,1
406,$4004_const,1
406,$4004_vol,0
406,$4004_duty,1
406,$4004_const,1
406,$4004_vol,0
406,$4008_linear,10
406,$400C_const,1
406,$400C_vol,3
406,$400C_const,1
406,$400C_vol,0
407,$4000_duty,1
407,$4000_const,1
407,$4000_vol,0
407,$4000_duty,1
407,$4000_const,1
407,$4000_vol,0
407,$4004_duty,1
407,$4004_const,1
407,$4004_vol,0
407,$4004_duty,1
407,$4004_const,1
407,$4004_vol,0
407,$4008_linear,10
407,$400C_const,1
407,$400C_vol,0
407,$400C_const,1
407,$400C_vol,0
408,$4000_duty,1
408,$4000_const,1
408,$4000_vol,0
408,$4000_duty,1
408,$4000_const,1
408,$4000_vol,0
408,$4004_duty,1
408,$4004_const,1
408,$4004_vol,0
408,$4004_duty,1
408,$4004_const,1
408,$4004_vol,0
408,$4008_linear,10
408,$400C_const,1
408,$400C_vol,0
408,$400C_const,1
408,$400C_vol,0
409,$4000_duty,1
409,$4000_const,1
409,$4000_vol,0
409,$4000_duty,1
409,$4000_const,1
409,$4000_vol,10
409,$4001_sweep,0
409,$4002_period,427
409,$400B_length,8
409,$4004_duty,1
409,$4004_const,1
409,$4004_vol,0
409,$4004_duty,1
409,$4004_const,1
409,$4004_vol,15
409,$4005_sweep,0
409,$4006_period,255
409,$4008_linear,10
409,$400A_period,641
409,$400B_length,9
409,$400C_const,1
409,$400C_vol,0
409,$400C_const,1
409,$400C_vol,10
409,$400E_period,8
409,$400E_mode,0
410,$4000_duty,1
410,$4000_const,1
410,$4000_vol,10
410,$4000_duty,1
410,$4000_const,1
410,$4000_vol,9
410,$4004_duty,1
410,$4004_const,1
410,$4004_vol,15
410,$4004_duty,1
410,$4004_const,1
410,$4004_vol,13
410,$4008_linear,10
410,$400C_const,1
410,$400C_vol,10
410,$400C_const,1
410,$400C_vol,7
411,$4000_duty,1
411,$4000_const,1
411,$4000_vol,9
411,$4000_duty,1
411,$4000_const,1
411,$4000_vol,8
411,$4004_duty,1
411,$4004_const,1
411,$4004_vol,13
411,$4004_duty,1
411,$4004_const,1
411,$4004_vol,11
411,$4008_linear,10
411,$400C_const,1
411,$400C_vol,7
411,$400C_const,1
411,$400C_vol,3
412,$4000_duty,1
412,$4000_const,1
412,$4000_vol,8
412,$4000_duty,1
412,$4000_const,1
412,$4000_vol,7
412,$4004_duty,1
412,$4004_const,1
412,$4004_vol,11
412,$4004_duty,1
412,$4004_const,1
412,$4004_vol,9
412,$4008_linear,10
412,$400C_const,1
412,$400C_vol,3
412,$400C_const,1
412,$400C_vol,0
413,$4000_duty,1
413,$4000_const,1
413,$4000_vol,7
413,$4000_duty,1
413,$4000_const,1
413,$4000_vol,6
413,$4004_duty,1
413,$4004_const,1
413,$4004_vol,9
413,$4004_duty,1
413,$4004_const,1
413,$4004_vol,6
413,$4008_linear,10
413,$400C_const,1
413,$400C_vol,0
413,$400C_const,1
413,$400C_vol,0
414,$4000_duty,1
414,$4000_const,1
414,$4000_vol,6
414,$4000_duty,1
414,$4000_const,1
414,$4000_vol,5
414,$4004_duty,1
414,$4004_const,1
414,$4004_vol,6
414,$4004_duty,1
414,$4004_const,1
414,$4004_vol,4
414,$4008_linear,10
414,$400C_const,1
414,$400C_vol,0
414,$400C_const,1
414,$400C_vol,0
415,$4000_duty,1
415,$4000_const,1
415,$4000_vol,5
415,$4000_duty,1
415,$4000_const,1
415,$4000_vol,10
415,$4001_sweep,0
415,$4002_period,427
415,$400B_length,8
415,$4004_duty,1
415,$4004_const,1
415,$4004_vol,4
415,$4004_duty,1
415,$4004_const,1
415,$4004_vol,15
415,$4005_sweep,0
415,$4006_period,255
415,$4008_linear,10
415,$400A_period,641
415,$400B_length,9
415,$400C_const,1
415,$400C_vol,0
415,$400C_const,1
415,$400C_vol,10
415,$400E_period,13
415,$400E_mode,0
416,$4000_duty,1
416,$4000_const,1
416,$4000_vol,10
416,$4000_duty,1
416,$4000_const,1
416,$4000_vol,9
416,$4004_duty,1
416,$4004_const,1
416,$4004_vol,15
416,$4004_duty,1
416,$4004_const,1
416,$4004_vol,13
416,$4008_linear,10
416,$400C_const,1
416,$400C_vol,10
416,$400C_const,1
416,$400C_vol,7
417,$4000_duty,1
417,$4000_const,1
417,$4000_vol,9
417,$4000_duty,1
417,$4000_const,1
417,$4000_vol,8
417,$4004_duty,1
417,$4004_const,1
417,$4004_vol,13
417,$4004_duty,1
417,$4004_const,1
417,$4004_vol,11
417,$4008_linear,10
417,$400C_const,1
417,$400C_vol,7
417,$400C_const,1
417,$400C_vol,3
418,$4000_duty,1
418,$4000_const,1
418,$4000_vol,8
418,$4000_duty,1
418,$4000_const,1
418,$4000_vol,7
418,$4004_duty,1
418,$4004_const,1
418,$4004_vol,11
418,$4004_duty,1
418,$4004_const,1
418,$4004_vol,9
418,$4008_linear,10
418,$400C_const,1
418,$400C_vol,3
418,$400C_const,1
418,$400C_vol,0
419,$4000_duty,1
419,$4000_const,1
419,$4000_vol,7
419,$4000_duty,1
419,$4000_const,1
419,$4000_vol,6
419,$4004_duty,1
419,$4004_const,1
419,$4004_vol,9
419,$4004_duty,1
419,$4004_const,1
419,$4004_vol,6
419,$4008_linear,10
419,$400C_const,1
419,$400C_vol,0
419,$400C_const,1
419,$400C_vol,0
420,$4000_duty,1
420,$4000_const,1
420,$4000_vol,6
420,$4000_duty,1
420,$4000_const,1
420,$4000_vol,5
420,$4004_duty,1
420,$4004_const,1
420,$4004_vol,6
420,$4004_duty,1
420,$4004_const,1
420,$4004_vol,4
420,$4008_linear,10
420,$400C_const,1
420,$400C_vol,0
420,$400C_const,1
420,$400C_vol,0
421,$4000_duty,1
421,$4000_const,1
421,$4000_vol,5
421,$4000_duty,1
421,$4000_const,1
421,$4000_vol,10
421,$4001_sweep,0
421,$4002_period,453
421,$400B_length,8
421,$4004_duty,1
421,$4004_const,1
421,$4004_vol,4
421,$4004_duty,1
421,$4004_const,1
421,$4004_vol,15
421,$4005_sweep,0
421,$4006_period,285
421,$4008_linear,10
421,$400A_period,679
421,$400B_length,9
421,$400C_const,1
421,$400C_vol,0
421,$400C_const,1
421,$400C_vol,10
421,$400E_period,13
421,$400E_mode,0
422,$4000_duty,1
422,$4000_const,1
422,$4000_vol,10
422,$4000_duty,1
422,$4000_const,1
422,$4000_vol,9
422,$4004_duty,1
422,$4004_const,1
422,$4004_vol,15
422,$4004_duty,1
422,$4004_const,1
422,$4004_vol,13
422,$4008_linear,10
422,$400C_const,1
422,$400C_vol,10
422,$400C_const,1
422,$400C_vol,7
423,$4000_duty,1
423,$4000_const,1
423,$4000_vol,9
423,$4000_duty,1
423,$4000_const,1
423,$4000_vol,8
423,$4004_duty,1
423,$4004_const,1
423,$4004_vol,13
423,$4004_duty,1
423,$4004_const,1
423,$4004_vol,11
423,$4008_linear,10
423,$400C_const,1
423,$400C_vol,7
423,$400C_const,1
423,$400C_vol,3
424,$4000_duty,1
424,$4000_const,1
424,$4000_vol,8
424,$4000_duty,1
424,$4000_const,1
424,$4000_vol,7
424,$4004_duty,1
424,$4004_const,1
424,$4004_vol,11
424,$4004_duty,1
424,$4004_const,1
424,$4004_vol,9
424,$4008_linear,10
424,$400C_const,1
424,$400C_vol,3
424,$400C_const,1
424,$400C_vol,0
425,$4000_duty,1
425,$4000_const,1
425,$4000_vol,7
425,$4000_duty,1
425,$4000_const,1
425,$4000_vol,6
425,$4004_duty,1
425,$4004_const,1
425,$4004_vol,9
425,$4004_duty,1
425,$4004_const,1
425,$4004_vol,6
425,$4008_linear,10
425,$400C_const,1
425,$400C_vol,0
425,$400C_const,1
425,$400C_vol,0
426,$4000_duty,1
426,$4000_const,1
426,$4000_vol,6
426,$4000_duty,1
426,$4000_const,1
426,$4000_vol,5
426,$4004_duty,1
426,$4004_const,1
426,$4004_vol,6
426,$4004_duty,1
426,$4004_const,1
426,$4004_vol,4
426,$4008_linear,10
426,$400C_const,1
426,$400C_vol,0
426,$400C_const,1
426,$400C_vol,0
427,$4000_duty,1
427,$4000_const,1
427,$4000_vol,5
427,$4000_duty,1
427,$4000_const,1
427,$4000_vol,10
427,$4001_sweep,0
427,$4002_period,427
427,$400B_length,8
427,$4004_duty,1
427,$4004_const,1
427,$4004_vol,4
427,$4004_duty,1
427,$4004_const,1
427,$4004_vol,15
427,$4005_sweep,0
427,$4006_period,255
427,$4008_linear,10
427,$400A_period,641
427,$400B_length,9
427,$400C_const,1
427,$400C_vol,0
427,$400C_const,1
427,$400C_vol,10
427,$400E_period,13
427,$400E_mode,0
428,$4000_duty,1
428,$4000_const,1
428,$4000_vol,10
428,$4000_duty,1
428,$4000_const,1
428,$4000_vol,9
428,$4004_duty,1
428,$4004_const,1
428,$4004_vol,15
428,$4004_duty,1
428,$4004_const,1
428,$4004_vol,13
428,$4008_linear,10
428,$400C_const,1
428,$400C_vol,10
428,$400C_const,1
428,$400C_vol,7
429,$4000_duty,1
429,$4000_const,1
429,$4000_vol,9
429,$4000_duty,1
429,$4000_const,1
429,$4000_vol,8
429,$4004_duty,1
429,$4004_const,1
429,$4004_vol,13
429,$4004_duty,1
429,$4004_const,1
429,$4004_vol,11
429,$4008_linear,10
429,$400C_const,1
429,$400C_vol,7
429,$400C_const,1
429,$400C_vol,3
430,$4000_duty,1
430,$4000_const,1
430,$4000_vol,8
430,$4000_duty,1
430,$4000_const,1
430,$4000_vol,7
430,$4004_duty,1
430,$4004_const,1
430,$4004_vol,11
430,$4004_duty,1
430,$4004_const,1
430,$4004_vol,9
430,$4008_linear,10
430,$400C_const,1
430,$400C_vol,3
430,$400C_const,1
430,$400C_vol,0
431,$4000_duty,1
431,$4000_const,1
431,$4000_vol,7
431,$4000_duty,1
431,$4000_const,1
431,$4000_vol,6
431,$4004_duty,1
431,$4004_const,1
431,$4004_vol,9
431,$4004_duty,1
431,$4004_const,1
431,$4004_vol,6
431,$4008_linear,10
431,$400C_const,1
431,$400C_vol,0
431,$400C_const,1
431,$400C_vol,0
432,$4000_duty,1
432,$4000_const,1
432,$4000_vol,6
432,$4000_duty,1
432,$4000_const,1
432,$4000_vol,5
432,$4004_duty,1
432,$4004_const,1
432,$4004_vol,6
432,$4004_duty,1
432,$4004_const,1
432,$4004_vol,4
432,$4008_linear,10
432,$400C_const,1
432,$400C_vol,0
432,$400C_const,1
432,$400C_vol,0
433,$4000_duty,1
433,$4000_const,1
433,$4000_vol,5
433,$4004_duty,1
433,$4004_const,1
433,$4004_vol,4
433,$400C_const,1
433,$400C_vol,0
433,$400C_const,1
433,$400C_vol,10
433,$400E_period,8
433,$400E_mode,0
434,$4000_duty,1
434,$4000_const,1
434,$4000_vol,4
434,$4000_duty,1
434,$4000_const,1
434,$4000_vol,3
434,$4004_duty,1
434,$4004_const,1
434,$4004_vol,2
434,$4004_duty,1
434,$4004_const,1
434,$4004_vol,0
434,$4008_linear,10
434,$400C_const,1
434,$400C_vol,10
434,$400C_const,1
434,$400C_vol,7
435,$4000_duty,1
435,$4000_const,1
435,$4000_vol,3
435,$4000_duty,1
435,$4000_const,1
435,$4000_vol,2
435,$4004_duty,1
435,$4004_const,1
435,$4004_vol,0
435,$4004_duty,1
435,$4004_const,1
435,$4004_vol,0
435,$4008_linear,10
435,$400C_const,1
435,$400C_vol,7
435,$400C_const,1
435,$400C_vol,3
436,$4000_duty,1
436,$4000_const,1
436,$4000_vol,2
436,$4000_duty,1
436,$4000_const,1
436,$4000_vol,1
436,$4004_duty,1
436,$4004_const,1
436,$4004_vol,0
436,$4004_duty,1
436,$4004_const,1
436,$4004_vol,0
436,$4008_linear,10
436,$400C_const,1
436,$400C_vol,3
436,$400C_const,1
436,$400C_vol,0
437,$4000_duty,1
437,$4000_const,1
437,$4000_vol,1
437,$4000_duty,1
437,$4000_const,1
437,$4000_vol,0
437,$4004_duty,1
437,$4004_const,1
437,$4004_vol,0
437,$4004_duty,1
437,$4004_const,1
437,$4004_vol,0
437,$4008_linear,10
437,$400C_const,1
437,$400C_vol,0
437,$400C_const,1
437,$400C_vol,0
438,$4000_duty,1
438,$4000_const,1
438,$4000_vol,0
438,$4000_duty,1
438,$4000_const,1
438,$4000_vol,0
438,$4004_duty,1
438,$4004_const,1
438,$4004_vol,0
438,$4004_duty,1
438,$4004_const,1
438,$4004_vol,0
438,$4008_linear,10
438,$400C_const,1
438,$400C_vol,0
438,$400C_const,1
438,$400C_vol,0
439,$4000_duty,1
439,$4000_const,1
439,$4000_vol,0
439,$4000_duty,1
439,$4000_const,1
439,$4000_vol,0
439,$4004_duty,1
439,$4004_const,1
439,$4004_vol,0
439,$4004_duty,1
439,$4004_const,1
439,$4004_vol,0
439,$4008_linear,10
439,$400A_period,855
439,$400B_length,9
439,$400C_const,1
439,$400C_vol,0
439,$400C_const,1
439,$400C_vol,10
439,$400E_period,13
439,$400E_mode,0
440,$4000_duty,1
440,$4000_const,1
440,$4000_vol,0
440,$4000_duty,1
440,$4000_const,1
440,$4000_vol,0
440,$4004_duty,1
440,$4004_const,1
440,$4004_vol,0
440,$4004_duty,1
440,$4004_const,1
440,$4004_vol,0
440,$4008_linear,10
440,$400C_const,1
440,$400C_vol,10
440,$400C_const,1
440,$400C_vol,7
441,$4000_duty,1
441,$4000_const,1
441,$4000_vol,0
441,$4000_duty,1
441,$4000_const,1
441,$4000_vol,0
441,$4004_duty,1
441,$4004_const,1
441,$4004_vol,0
441,$4004_duty,1
441,$4004_const,1
441,$4004_vol,0
441,$4008_linear,10
441,$400C_const,1
441,$400C_vol,7
441,$400C_const,1
441,$400C_vol,3
442,$4000_duty,1
442,$4000_const,1
442,$4000_vol,0
442,$4000_duty,1
442,$4000_const,1
442,$4000_vol,0
442,$4004_duty,1
442,$4004_const,1
442,$4004_vol,0
442,$4004_duty,1
442,$4004_const,1
442,$4004_vol,0
442,$4008_linear,10
442,$400C_const,1
442,$400C_vol,3
442,$400C_const,1
442,$400C_vol,0
443,$4000_duty,1
443,$4000_const,1
443,$4000_vol,0
443,$4000_duty,1
443,$4000_const,1
443,$4000_vol,0
443,$4004_duty,1
443,$4004_const,1
443,$4004_vol,0
443,$4004_duty,1
443,$4004_const,1
443,$4004_vol,0
443,$4008_linear,10
443,$400C_const,1
443,$400C_vol,0
443,$400C_const,1
443,$400C_vol,0
444,$4000_duty,1
444,$4000_const,1
444,$4000_vol,0
444,$4000_duty,1
444,$4000_const,1
444,$4000_vol,0
444,$4004_duty,1
444,$4004_const,1
444,$4004_vol,0
444,$4004_duty,1
444,$4004_const,1
444,$4004_vol,0
444,$4008_linear,10
444,$400C_const,1
444,$400C_vol,0
444,$400C_const,1
444,$400C_vol,0
445,$4000_duty,1
445,$4000_const,1
445,$4000_vol,0
445,$4000_duty,1
445,$4000_const,1
445,$4000_vol,10
445,$4001_sweep,0
445,$4002_period,427
445,$400B_length,8
445,$4004_duty,1
445,$4004_const,1
445,$4004_vol,0
445,$4004_duty,1
445,$4004_const,1
445,$4004_vol,15
445,$4005_sweep,0
445,$4006_period,255
445,$4008_linear,10
445,$400A_period,641
445,$400B_length,9
445,$400C_const,1
445,$400C_vol,0
446,$4000_duty,1
446,$4000_const,1
446,$4000_vol,10
446,$4000_duty,1
446,$4000_const,1
446,$4000_vol,9
446,$4004_duty,1
446,$4004_const,1
446,$4004_vol,15
446,$4004_duty,1
446,$4004_const,1
446,$4004_vol,13
446,$4008_linear,10
446,$400C_const,1
446,$400C_vol,0
446,$400C_const,1
446,$400C_vol,0
447,$4000_duty,1
447,$4000_const,1
447,$4000_vol,9
447,$4000_duty,1
447,$4000_const,1
447,$4000_vol,8
447,$4004_duty,1
447,$4004_const,1
447,$4004_vol,13
447,$4004_duty,1
447,$4004_const,1
447,$4004_vol,11
447,$4008_linear,10
447,$400C_const,1
447,$400C_vol,0
447,$400C_const,1
447,$400C_vol,0
448,$4000_duty,1
448,$4000_const,1
448,$4000_vol,8
448,$4000_duty,1
448,$4000_const,1
448,$4000_vol,7
448,$4004_duty,1
448,$4004_const,1
448,$4004_vol,11
448,$4004_duty,1
448,$4004_const,1
448,$4004_vol,9
448,$4008_linear,10
448,$400C_const,1
448,$400C_vol,0
448,$400C_const,1
448,$400C_vol,0
449,$4000_duty,1
449,$4000_const,1
449,$4000_vol,7
449,$4000_duty,1
449,$4000_const,1
449,$4000_vol,6
449,$4004_duty,1
449,$4004_const,1
449,$4004_vol,9
449,$4004_duty,1
449,$4004_const,1
449,$4004_vol,6
449,$4008_linear,10
449,$400C_const,1
449,$400C_vol,0
449,$400C_const,1
449,$400C_vol,0
450,$4000_duty,1
450,$4000_const,1
450,$4000_vol,6
450,$4000_duty,1
450,$4000_const,1
450,$4000_vol,5
450,$4004_duty,1
450,$4004_const,1
450,$4004_vol,6
450,$4004_duty,1
450,$4004_const,1
450,$4004_vol,4
450,$4008_linear,10
450,$400C_const,1
450,$400C_vol,0
450,$400C_const,1
450,$400C_vol,0
451,$4000_duty,1
451,$4000_const,1
451,$4000_vol,5
451,$4000_duty,1
451,$4000_const,1
451,$4000_vol,10
451,$4001_sweep,0
451,$4002_period,427
451,$400B_length,8
451,$4004_duty,1
451,$4004_const,1
451,$4004_vol,4
451,$4004_duty,1
451,$4004_const,1
451,$4004_vol,15
451,$4005_sweep,0
451,$4006_period,255
451,$4008_linear,10
451,$400A_period,641
451,$400B_length,9
451,$400C_const,1
451,$400C_vol,0
451,$400C_const,1
451,$400C_vol,10
451,$400E_period,13
451,$400E_mode,0
452,$4000_duty,1
452,$4000_const,1
452,$4000_vol,10
452,$4000_duty,1
452,$4000_const,1
452,$4000_vol,9
452,$4004_duty,1
452,$4004_const,1
452,$4004_vol,15
452,$4004_duty,1
452,$4004_const,1
452,$4004_vol,13
452,$4008_linear,10
452,$400C_const,1
452,$400C_vol,10
452,$400C_const,1
452,$400C_vol,7
453,$4000_duty,1
453,$4000_const,1
453,$4000_vol,9
453,$4000_duty,1
453,$4000_const,1
453,$4000_vol,8
453,$4004_duty,1
453,$4004_const,1
453,$4004_vol,13
453,$4004_duty,1
453,$4004_const,1
453,$4004_vol,11
453,$4008_linear,10
453,$400C_const,1
453,$400C_vol,7
453,$400C_const,1
453,$400C_vol,3
454,$4000_duty,1
454,$4000_const,1
454,$4000_vol,8
454,$4000_duty,1
454,$4000_const,1
454,$4000_vol,7
454,$4004_duty,1
454,$4004_const,1
454,$4004_vol,11
454,$4004_duty,1
454,$4004_const,1
454,$4004_vol,9
454,$4008_linear,10
454,$400C_const,1
454,$400C_vol,3
454,$400C_const,1
454,$400C_vol,0
455,$4000_duty,1
455,$4000_const,1
455,$4000_vol,7
455,$4000_duty,1
455,$4000_const,1
455,$4000_vol,6
455,$4004_duty,1
455,$4004_const,1
455,$4004_vol,9
455,$4004_duty,1
455,$4004_const,1
455,$4004_vol,6
455,$4008_linear,10
455,$400C_const,1
455,$400C_vol,0
455,$400C_const,1
455,$400C_vol,0
456,$4000_duty,1
456,$4000_const,1
456,$4000_vol,6
456,$4000_duty,1
456,$4000_const,1
456,$4000_vol,5
456,$4004_duty,1
456,$4004_const,1
456,$4004_vol,6
456,$4004_duty,1
456,$4004_const,1
456,$4004_vol,4
456,$4008_linear,10
456,$400C_const,1
456,$400C_vol,0
456,$400C_const,1
456,$400C_vol,0
457,$4000_duty,1
457,$4000_const,1
457,$4000_vol,5
457,$4000_duty,1
457,$4000_const,1
457,$4000_vol,10
457,$4001_sweep,0
457,$4002_period,453
457,$400B_length,8
457,$4004_duty,1
457,$4004_const,1
457,$4004_vol,4
457,$4004_duty,1
457,$4004_const,1
457,$4004_vol,15
457,$4005_sweep,0
457,$4006_period,285
457,$4008_linear,10
457,$400A_period,605
457,$400B_length,9
457,$400C_const,1
457,$400C_vol,0
457,$400C_const,1
457,$400C_vol,10
457,$400E_period,8
457,$400E_mode,0
458,$4000_duty,1
458,$4000_const,1
458,$4000_vol,10
458,$4000_duty,1
458,$4000_const,1
458,$4000_vol,9
458,$4004_duty,1
458,$4004_const,1
458,$4004_vol,15
458,$4004_duty,1
458,$4004_const,1
458,$4004_vol,13
458,$4008_linear,10
458,$400C_const,1
458,$400C_vol,10
458,$400C_const,1
458,$400C_vol,7
459,$4000_duty,1
459,$4000_const,1
459,$4000_vol,9
459,$4000_duty,1
459,$4000_const,1
459,$4000_vol,8
459,$4004_duty,1
459,$4004_const,1
459,$4004_vol,13
459,$4004_duty,1
459,$4004_const,1
459,$4004_vol,11
459,$4008_linear,10
459,$400C_const,1
459,$400C_vol,7
459,$400C_const,1
459,$400C_vol,3
460,$4000_duty,1
460,$4000_const,1
460,$4000_vol,8
460,$4000_duty,1
460,$4000_const,1
460,$4000_vol,7
460,$4004_duty,1
460,$4004_const,1
460,$4004_vol,11
460,$4004_duty,1
460,$4004_const,1
460,$4004_vol,9
460,$4008_linear,10
460,$400C_const,1
460,$400C_vol,3
460,$400C_const,1
460,$400C_vol,0
461,$4000_duty,1
461,$4000_const,1
461,$4000_vol,7
461,$4000_duty,1
461,$4000_const,1
461,$4000_vol,6
461,$4004_duty,1
461,$4004_const,1
461,$4004_vol,9
461,$4004_duty,1
461,$4004_const,1
461,$4004_vol,6
461,$4008_linear,10
461,$400C_const,1
461,$400C_vol,0
461,$400C_const,1
461,$400C_vol,0
462,$4000_duty,1
462,$4000_const,1
462,$4000_vol,6
462,$4000_duty,1
462,$4000_const,1
462,$4000_vol,5
462,$4004_duty,1
462,$4004_const,1
462,$4004_vol,6
462,$4004_duty,1
462,$4004_const,1
462,$4004_vol,4
462,$4008_linear,10
462,$400C_const,1
462,$400C_vol,0
462,$400C_const,1
462,$400C_vol,0
463,$4000_duty,1
463,$4000_const,1
463,$4000_vol,5
463,$4000_duty,1
463,$4000_const,1
463,$4000_vol,4
463,$4004_duty,1
463,$4004_const,1
463,$4004_vol,4
463,$4004_duty,1
463,$4004_const,1
463,$4004_vol,2
463,$4008_linear,10
463,$400A_period,605
463,$400B_length,9
463,$400C_const,1
463,$400C_vol,0
463,$400C_const,1
463,$400C_vol,10
463,$400E_period,13
463,$400E_mode,0
464,$4000_duty,1
464,$4000_const,1
464,$4000_vol,4
464,$4000_duty,1
464,$4000_const,1
464,$4000_vol,3
464,$4004_duty,1
464,$4004_const,1
464,$4004_vol,2
464,$4004_duty,1
464,$4004_const,1
464,$4004_vol,0
464,$4008_linear,10
464,$400C_const,1
464,$400C_vol,10
464,$400C_const,1
464,$400C_vol,7
465,$4000_duty,1
465,$4000_const,1
465,$4000_vol,3
465,$4000_duty,1
465,$4000_const,1
465,$4000_vol,2
465,$4004_duty,1
465,$4004_const,1
465,$4004_vol,0
465,$4004_duty,1
465,$4004_const,1
465,$4004_vol,0
465,$4008_linear,10
465,$400C_const,1
465,$400C_vol,7
465,$400C_const,1
465,$400C_vol,3
466,$4000_duty,1
466,$4000_const,1
466,$4000_vol,2
466,$4000_duty,1
466,$4000_const,1
466,$4000_vol,1
466,$4004_duty,1
466,$4004_const,1
466,$4004_vol,0
466,$4004_duty,1
466,$4004_const,1
466,$4004_vol,0
466,$4008_linear,10
466,$400C_const,1
466,$400C_vol,3
466,$400C_const,1
466,$400C_vol,0
467,$4000_duty,1
467,$4000_const,1
467,$4000_vol,1
467,$4000_duty,1
467,$4000_const,1
467,$4000_vol,0
467,$4004_duty,1
467,$4004_const,1
467,$4004_vol,0
467,$4004_duty,1
467,$4004_const,1
467,$4004_vol,0
467,$4008_linear,10
467,$400C_const,1
467,$400C_vol,0
467,$400C_const,1
467,$400C_vol,0
468,$4000_duty,1
468,$4000_const,1
468,$4000_vol,0
468,$4000_duty,1
468,$4000_const,1
468,$4000_vol,0
468,$4004_duty,1
468,$4004_const,1
468,$4004_vol,0
468,$4004_duty,1
468,$4004_const,1
468,$4004_vol,0
468,$4008_linear,10
468,$400C_const,1
468,$400C_vol,0
468,$400C_const,1
468,$400C_vol,0
469,$4000_duty,1
469,$4000_const,1
469,$4000_vol,0
469,$4000_duty,1
469,$4000_const,1
469,$4000_vol,10
469,$4001_sweep,0
469,$4002_period,381
469,$400B_length,8
469,$4004_duty,1
469,$4004_const,1
469,$4004_vol,0
469,$4004_duty,1
469,$4004_const,1
469,$4004_vol,15
469,$4005_sweep,0
469,$4006_period,227
469,$4008_linear,10
469,$400A_period,571
469,$400B_length,9
469,$400C_const,1
469,$400C_vol,0
469,$400C_const,1
469,$400C_vol,10
469,$400E_period,13
469,$400E_mode,0
470,$4000_duty,1
470,$4000_const,1
470,$4000_vol,10
470,$4000_duty,1
470,$4000_const,1
470,$4000_vol,9
470,$4004_duty,1
470,$4004_const,1
470,$4004_vol,15
470,$4004_duty,1
470,$4004_const,1
470,$4004_vol,13
470,$4008_linear,10
470,$400C_const,1
470,$400C_vol,10
470,$400C_const,1
470,$400C_vol,7
471,$4000_duty,1
471,$4000_const,1
471,$4000_vol,9
471,$4000_duty,1
471,$4000_const,1
471,$4000_vol,8
471,$4004_duty,1
471,$4004_const,1
471,$4004_vol,13
471,$4004_duty,1
471,$4004_const,1
471,$4004_vol,11
471,$4008_linear,10
471,$400C_const,1
471,$400C_vol,7
471,$400C_const,1
471,$400C_vol,3
472,$4000_duty,1
472,$4000_const,1
472,$4000_vol,8
472,$4000_duty,1
472,$4000_const,1
472,$4000_vol,7
472,$4004_duty,1
472,$4004_const,1
472,$4004_vol,11
472,$4004_duty,1
472,$4004_const,1
472,$4004_vol,9
472,$4008_linear,10
472,$400C_const,1
472,$400C_vol,3
472,$400C_const,1
472,$400C_vol,0
473,$4000_duty,1
473,$4000_const,1
473,$4000_vol,7
473,$4000_duty,1
473,$4000_const,1
473,$4000_vol,6
473,$4004_duty,1
473,$4004_const,1
473,$4004_vol,9
473,$4004_duty,1
473,$4004_const,1
473,$4004_vol,6
473,$4008_linear,10
473,$400C_const,1
473,$400C_vol,0
473,$400C_const,1
473,$400C_vol,0
474,$4000_duty,1
474,$4000_const,1
474,$4000_vol,6
474,$4000_duty,1
474,$4000_const,1
474,$4000_vol,5
474,$4004_duty,1
474,$4004_const,1
474,$4004_vol,6
474,$4004_duty,1
474,$4004_const,1
474,$4004_vol,4
474,$4008_linear,10
474,$400C_const,1
474,$400C_vol,0
474,$400C_const,1
474,$400C_vol,0
475,$4000_duty,1
475,$4000_const,1
475,$4000_vol,5
475,$4000_duty,1
475,$4000_const,1
475,$4000_vol,10
475,$4001_sweep,0
475,$4002_period,381
475,$400B_length,8
475,$4004_duty,1
475,$4004_const,1
475,$4004_vol,4
475,$4004_duty,1
475,$4004_const,1
475,$4004_vol,15
475,$4005_sweep,0
475,$4006_period,227
475,$4008_linear,10
475,$400A_period,571
475,$400B_length,9
475,$400C_const,1
475,$400C_vol,0
475,$400C_const,1
475,$400C_vol,10
475,$400E_period,13
475,$400E_mode,0
476,$4000_duty,1
476,$4000_const,1
476,$4000_vol,10
476,$4000_duty,1
476,$4000_const,1
476,$4000_vol,9
476,$4004_duty,1
476,$4004_const,1
476,$4004_vol,15
476,$4004_duty,1
476,$4004_const,1
476,$4004_vol,13
476,$4008_linear,10
476,$400C_const,1
476,$400C_vol,10
476,$400C_const,1
476,$400C_vol,7
477,$4000_duty,1
477,$4000_const,1
477,$4000_vol,9
477,$4000_duty,1
477,$4000_const,1
477,$4000_vol,8
477,$4004_duty,1
477,$4004_const,1
477,$4004_vol,13
477,$4004_duty,1
477,$4004_const,1
477,$4004_vol,11
477,$4008_linear,10
477,$400C_const,1
477,$400C_vol,7
477,$400C_const,1
477,$400C_vol,3
478,$4000_duty,1
478,$4000_const,1
478,$4000_vol,8
478,$4000_duty,1
478,$4000_const,1
478,$4000_vol,7
478,$4004_duty,1
478,$4004_const,1
478,$4004_vol,11
478,$4004_duty,1
478,$4004_const,1
478,$4004_vol,9
478,$4008_linear,10
478,$400C_const,1
478,$400C_vol,3
478,$400C_const,1
478,$400C_vol,0
479,$4000_duty,1
479,$4000_const,1
479,$4000_vol,7
479,$4000_duty,1
479,$4000_const,1
479,$4000_vol,6
479,$4004_duty,1
479,$4004_const,1
479,$4004_vol,9
479,$4004_duty,1
479,$4004_const,1
479,$4004_vol,6
479,$4008_linear,10
479,$400C_const,1
479,$400C_vol,0
479,$400C_const,1
479,$400C_vol,0
480,$4000_duty,1
480,$4000_const,1
480,$4000_vol,6
480,$4000_duty,1
480,$4000_const,1
480,$4000_vol,5
480,$4004_duty,1
480,$4004_const,1
480,$4004_vol,6
480,$4004_duty,1
480,$4004_const,1
480,$4004_vol,4
480,$4008_linear,10
480,$400C_const,1
480,$400C_vol,0
480,$400C_const,1
480,$400C_vol,0
481,$4000_duty,1
481,$4000_const,1
481,$4000_vol,5
481,$4000_duty,1
481,$4000_const,1
481,$4000_vol,10
481,$4001_sweep,0
481,$4002_period,403
481,$400B_length,8
481,$4004_duty,1
481,$4004_const,1
481,$4004_vol,4
481,$4004_duty,1
481,$4004_const,1
481,$4004_vol,15
481,$4005_sweep,0
481,$4006_period,241
481,$4008_linear,10
481,$400A_period,605
481,$400B_length,9
481,$400C_const,1
481,$400C_vol,0
481,$400C_const,1
481,$400C_vol,10
481,$400E_period,8
481,$400E_mode,0
482,$4000_duty,1
482,$4000_const,1
482,$4000_vol,10
482,$4000_duty,1
482,$4000_const,1
482,$4000_vol,9
482,$4004_duty,1
482,$4004_const,1
482,$4004_vol,15
482,$4004_duty,1
482,$4004_const,1
482,$4004_vol,13
482,$4008_linear,10
482,$400C_const,1
482,$400C_vol,10
482,$400C_const,1
482,$400C_vol,7
483,$4000_duty,1
483,$4000_const,1
483,$4000_vol,9
483,$4000_duty,1
483,$4000_const,1
483,$4000_vol,8
483,$4004_duty,1
483,$4004_const,1
483,$4004_vol,13
483,$4004_duty,1
483,$4004_const,1
483,$4004_vol,11
483,$4008_linear,10
483,$400C_const,1
483,$400C_vol,7
483,$400C_const,1
483,$400C_vol,3
484,$4000_duty,1
484,$4000_const,1
484,$4000_vol,8
484,$4000_duty,1
484,$4000_const,1
484,$4000_vol,7
484,$4004_duty,1
484,$4004_const,1
484,$4004_vol,11
484,$4004_duty,1
484,$4004_const,1
484,$4004_vol,9
484,$4008_linear,10
484,$400C_const,1
484,$400C_vol,3
484,$400C_const,1
484,$400C_vol,0
485,$4000_duty,1
485,$4000_const,1
485,$4000_vol,7
485,$4000_duty,1
485,$4000_const,1
485,$4000_vol,6
485,$4004_duty,1
485,$4004_const,1
485,$4004_vol,9
485,$4004_duty,1
485,$4004_const,1
485,$4004_vol,6
485,$4008_linear,10
485,$400C_const,1
485,$400C_vol,0
485,$400C_const,1
485,$400C_vol,0
486,$4000_duty,1
486,$4000_const,1
486,$4000_vol,6
486,$4000_duty,1
486,$4000_const,1
486,$4000_vol,5
486,$4004_duty,1
486,$4004_const,1
486,$4004_vol,6
486,$4004_duty,1
486,$4004_const,1
486,$4004_vol,4
486,$4008_linear,10
486,$400C_const,1
486,$400C_vol,0
486,$400C_const,1
486,$400C_vol,0
487,$4000_duty,1
487,$4000_const,1
487,$4000_vol,5
487,$4000_duty,1
487,$4000_const,1
487,$4000_vol,10
487,$4001_sweep,0
487,$4002_period,381
487,$400B_length,8
487,$4004_duty,1
487,$4004_const,1
487,$4004_vol,4
487,$4004_duty,1
487,$4004_const,1
487,$4004_vol,15
487,$4005_sweep,0
487,$4006_period,227
487,$4008_linear,10
487,$400A_period,571
487,$400B_length,9
487,$400C_const,1
487,$400C_vol,0
487,$400C_const,1
487,$400C_vol,10
487,$400E_period,13
487,$400E_mode,0
488,$4000_duty,1
488,$4000_const,1
488,$4000_vol,10
488,$4000_duty,1
488,$4000_const,1
488,$4000_vol,9
488,$4004_duty,1
488,$4004_const,1
488,$4004_vol,15
488,$4004_duty,1
488,$4004_const,1
488,$4004_vol,13
488,$4008_linear,10
488,$400C_const,1
488,$400C_vol,10
488,$400C_const,1
488,$400C_vol,7
489,$4000_duty,1
489,$4000_const,1
489,$4000_vol,9
489,$4000_duty,1
489,$4000_const,1
489,$4000_vol,8
489,$4004_duty,1
489,$4004_const,1
489,$4004_vol,13
489,$4004_duty,1
489,$4004_const,1
489,$4004_vol,11
489,$4008_linear,10
489,$400C_const,1
489,$400C_vol,7
489,$400C_const,1
489,$400C_vol,3
490,$4000_duty,1
490,$4000_const,1
490,$4000_vol,8
490,$4000_duty,1
490,$4000_const,1
490,$4000_vol,7
490,$4004_duty,1
490,$4004_const,1
490,$4004_vol,11
490,$4004_duty,1
490,$4004_const,1
490,$4004_vol,9
490,$4008_linear,10
490,$400C_const,1
490,$400C_vol,3
490,$400C_const,1
490,$400C_vol,0
491,$4000_duty,1
491,$4000_const,1
491,$4000_vol,7
491,$4000_duty,1
491,$4000_const,1
491,$4000_vol,6
491,$4004_duty,1
491,$4004_const,1
491,$4004_vol,9
491,$4004_duty,1
491,$4004_const,1
491,$4004_vol,6
491,$4008_linear,10
491,$400C_const,1
491,$400C_vol,0
491,$400C_const,1
491,$400C_vol,0
492,$4000_duty,1
492,$4000_const,1
492,$4000_vol,6
492,$4000_duty,1
492,$4000_const,1
492,$4000_vol,5
492,$4004_duty,1
492,$4004_const,1
492,$4004_vol,6
492,$4004_duty,1
492,$4004_const,1
492,$4004_vol,4
492,$4008_linear,10
492,$400C_const,1
492,$400C_vol,0
492,$400C_const,1
492,$400C_vol,0
493,$4000_duty,1
493,$4000_const,1
493,$4000_vol,5
493,$4004_duty,1
493,$4004_const,1
493,$4004_vol,4
493,$400C_const,1
493,$400C_vol,0
494,$4000_duty,1
494,$4000_const,1
494,$4000_vol,4
494,$4000_duty,1
494,$4000_const,1
494,$4000_vol,3
494,$4004_duty,1
494,$4004_const,1
494,$4004_vol,2
494,$4004_duty,1
494,$4004_const,1
494,$4004_vol,0
494,$4008_linear,10
494,$400C_const,1
494,$400C_vol,0
494,$400C_const,1
494,$400C_vol,0
495,$4000_duty,1
495,$4000_const,1
495,$4000_vol,3
495,$4000_duty,1
495,$4000_const,1
495,$4000_vol,2
495,$4004_duty,1
495,$4004_const,1
495,$4004_vol,0
495,$4004_duty,1
495,$4004_const,1
495,$4004_vol,0
495,$4008_linear,10
495,$400C_const,1
495,$400C_vol,0
495,$400C_const,1
495,$400C_vol,0
496,$4000_duty,1
496,$4000_const,1
496,$4000_vol,2
496,$4000_duty,1
496,$4000_const,1
496,$4000_vol,1
496,$4004_duty,1
496,$4004_const,1
496,$4004_vol,0
496,$4004_duty,1
496,$4004_const,1
496,$4004_vol,0
496,$4008_linear,10
496,$400C_const,1
496,$400C_vol,0
496,$400C_const,1
496,$400C_vol,0
497,$4000_duty,1
497,$4000_const,1
497,$4000_vol,1
497,$4000_duty,1
497,$4000_const,1
497,$4000_vol,0
497,$4004_duty,1
497,$4004_const,1
497,$4004_vol,0
497,$4004_duty,1
497,$4004_const,1
497,$4004_vol,0
497,$4008_linear,10
497,$400C_const,1
497,$400C_vol,0
497,$400C_const,1
497,$400C_vol,0
498,$4000_duty,1
498,$4000_const,1
498,$4000_vol,0
498,$4000_duty,1
498,$4000_const,1
498,$4000_vol,0
498,$4004_duty,1
498,$4004_const,1
498,$4004_vol,0
498,$4004_duty,1
498,$4004_const,1
498,$4004_vol,0
498,$4008_linear,10
498,$400C_const,1
498,$400C_vol,0
498,$400C_const,1
498,$400C_vol,0
499,$4000_duty,1
499,$4000_const,1
499,$4000_vol,0
499,$4000_duty,1
499,$4000_const,1
499,$4000_vol,10
499,$4001_sweep,0
499,$4002_period,403
499,$400B_length,8
499,$4004_duty,1
499,$4004_const,1
499,$4004_vol,0
499,$4004_duty,1
499,$4004_const,1
499,$4004_vol,15
499,$4005_sweep,0
499,$4006_period,241
499,$4008_linear,10
499,$400A_period,605
499,$400B_length,9
499,$400C_const,1
499,$400C_vol,0
499,$400C_const,1
499,$400C_vol,10
499,$400E_period,13
499,$400E_mode,0
500,$4000_duty,1
500,$4000_const,1
500,$4000_vol,10
500,$4000_duty,1
500,$4000_const,1
500,$4000_vol,9
500,$4004_duty,1
500,$4004_const,1
500,$4004_vol,15
500,$4004_duty,1
500,$4004_const,1
500,$4004_vol,13
500,$4008_linear,10
500,$400C_const,1
500,$400C_vol,10
500,$400C_const,1
500,$400C_vol,7
501,$4000_duty,1
501,$4000_const,1
501,$4000_vol,9
501,$4000_duty,1
501,$4000_const,1
501,$4000_vol,8
501,$4004_duty,1
501,$4004_const,1
501,$4004_vol,13
501,$4004_duty,1
501,$4004_const,1
501,$4004_vol,11
501,$4008_linear,10
501,$400C_const,1
501,$400C_vol,7
501,$400C_const,1
501,$400C_vol,3
502,$4000_duty,1
502,$4000_const,1
502,$4000_vol,8
502,$4000_duty,1
502,$4000_const,1
502,$4000_vol,7
502,$4004_duty,1
502,$4004_const,1
502,$4004_vol,11
502,$4004_duty,1
502,$4004_const,1
502,$4004_vol,9
502,$4008_linear,10
502,$400C_const,1
502,$400C_vol,3
502,$400C_const,1
502,$400C_vol,0
503,$4000_duty,1
503,$4000_const,1
503,$4000_vol,7
503,$4000_duty,1
503,$4000_const,1
503,$4000_vol,6
503,$4004_duty,1
503,$4004_const,1
503,$4004_vol,9
503,$4004_duty,1
503,$4004_const,1
503,$4004_vol,6
503,$4008_linear,10
503,$400C_const,1
503,$400C_vol,0
503,$400C_const,1
503,$400C_vol,0
504,$4000_duty,1
504,$4000_const,1
504,$4000_vol,6
504,$4000_duty,1
504,$4000_const,1
504,$4000_vol,5
504,$4004_duty,1
504,$4004_const,1
504,$4004_vol,6
504,$4004_duty,1
504,$4004_const,1
504,$4004_vol,4
504,$4008_linear,10
504,$400C_const,1
504,$400C_vol,0
504,$400C_const,1
504,$400C_vol,0
505,$4000_duty,1
505,$4000_const,1
505,$4000_vol,5
505,$4004_duty,1
505,$4004_const,1
505,$4004_vol,4
505,$400C_const,1
505,$400C_vol,0
505,$400C_const,1
505,$400C_vol,10
505,$400E_period,8
505,$400E_mode,0
506,$4000_duty,1
506,$4000_const,1
506,$4000_vol,4
506,$4000_duty,1
506,$4000_const,1
506,$4000_vol,3
506,$4004_duty,1
506,$4004_const,1
506,$4004_vol,2
506,$4004_duty,1
506,$4004_const,1
506,$4004_vol,0
506,$4008_linear,10
506,$400C_const,1
506,$400C_vol,10
506,$400C_const,1
506,$400C_vol,7
507,$4000_duty,1
507,$4000_const,1
507,$4000_vol,3
507,$4000_duty,1
507,$4000_const,1
507,$4000_vol,2
507,$4004_duty,1
507,$4004_const,1
507,$4004_vol,0
507,$4004_duty,1
507,$4004_const,1
507,$4004_vol,0
507,$4008_linear,10
507,$400C_const,1
507,$400C_vol,7
507,$400C_const,1
507,$400C_vol,3
508,$4000_duty,1
508,$4000_const,1
508,$4000_vol,2
508,$4000_duty,1
508,$4000_const,1
508,$4000_vol,1
508,$4004_duty,1
508,$4004_const,1
508,$4004_vol,0
508,$4004_duty,1
508,$4004_const,1
508,$4004_vol,0
508,$4008_linear,10
508,$400C_const,1
508,$400C_vol,3
508,$400C_const,1
508,$400C_vol,0
509,$4000_duty,1
509,$4000_const,1
509,$4000_vol,1
509,$4000_duty,1
509,$4000_const,1
509,$4000_vol,0
509,$4004_duty,1
509,$4004_const,1
509,$4004_vol,0
509,$4004_duty,1
509,$4004_const,1
509,$4004_vol,0
509,$4008_linear,10
509,$400C_const,1
509,$400C_vol,0
509,$400C_const,1
509,$400C_vol,0
510,$4000_duty,1
510,$4000_const,1
510,$4000_vol,0
510,$4000_duty,1
510,$4000_const,1
510,$4000_vol,0
510,$4004_duty,1
510,$4004_const,1
510,$4004_vol,0
510,$4004_duty,1
510,$4004_const,1
510,$4004_vol,0
510,$4008_linear,10
510,$400C_const,1
510,$400C_vol,0
510,$400C_const,1
510,$400C_vol,0
511,$4000_duty,1
511,$4000_const,1
511,$4000_vol,0
511,$4000_duty,1
511,$4000_const,1
511,$4000_vol,10
511,$4001_sweep,0
511,$4002_period,381
511,$400B_length,8
511,$4004_duty,1
511,$4004_const,1
511,$4004_vol,0
511,$4004_duty,1
511,$4004_const,1
511,$4004_vol,15
511,$4005_sweep,0
511,$4006_period,227
511,$4008_linear,10
511,$400A_period,571
511,$400B_length,9
511,$400C_const,1
511,$400C_vol,0
511,$400C_const,1
511,$400C_vol,10
511,$400E_period,13
511,$400E_mode,0
512,$4000_duty,1
512,$4000_const,1
512,$4000_vol,10
512,$4000_duty,1
512,$4000_const,1
512,$4000_vol,9
512,$4004_duty,1
512,$4004_const,1
512,$4004_vol,15
512,$4004_duty,1
512,$4004_const,1
512,$4004_vol,13
512,$4008_linear,10
512,$400C_const,1
512,$400C_vol,10
512,$400C_const,1
512,$400C_vol,7
513,$4000_duty,1
513,$4000_const,1
513,$4000_vol,9
513,$4000_duty,1
513,$4000_const,1
513,$4000_vol,8
513,$4004_duty,1
513,$4004_const,1
513,$4004_vol,13
513,$4004_duty,1
513,$4004_const,1
513,$4004_vol,11
513,$4008_linear,10
513,$400C_const,1
513,$400C_vol,7
513,$400C_const,1
513,$400C_vol,3
514,$4000_duty,1
514,$4000_const,1
514,$4000_vol,8
514,$4000_duty,1
514,$4000_const,1
514,$4000_vol,7
514,$4004_duty,1
514,$4004_const,1
514,$4004_vol,11
514,$4004_duty,1
514,$4004_const,1
514,$4004_vol,9
514,$4008_linear,10
514,$400C_const,1
514,$400C_vol,3
514,$400C_const,1
514,$400C_vol,0
515,$4000_duty,1
515,$4000_const,1
515,$4000_vol,7
515,$4000_duty,1
515,$4000_const,1
515,$4000_vol,6
515,$4004_duty,1
515,$4004_const,1
515,$4004_vol,9
515,$4004_duty,1
515,$4004_const,1
515,$4004_vol,6
515,$4008_linear,10
515,$400C_const,1
515,$400C_vol,0
515,$400C_const,1
515,$400C_vol,0
516,$4000_duty,1
516,$4000_const,1
516,$4000_vol,6
516,$4000_duty,1
516,$4000_const,1
516,$4000_vol,5
516,$4004_duty,1
516,$4004_const,1
516,$4004_vol,6
516,$4004_duty,1
516,$4004_const,1
516,$4004_vol,4
516,$4008_linear,10
516,$400C_const,1
516,$400C_vol,0
516,$400C_const,1
516,$400C_vol,0
517,$4000_duty,1
517,$4000_const,1
517,$4000_vol,5
517,$4000_duty,1
517,$4000_const,1
517,$4000_vol,10
517,$4001_sweep,0
517,$4002_period,763
517,$400B_length,9
517,$4004_duty,1
517,$4004_const,1
517,$4004_vol,4
517,$4004_duty,1
517,$4004_const,1
517,$4004_vol,15
517,$4005_sweep,0
517,$4006_period,453
517,$4008_linear,10
517,$400A_period,571
517,$400B_length,9
517,$400C_const,1
517,$400C_vol,0
517,$400C_const,1
517,$400C_vol,10
517,$400E_period,13
517,$400E_mode,0
518,$4000_duty,1
518,$4000_const,1
518,$4000_vol,10
518,$4000_duty,1
518,$4000_const,1
518,$4000_vol,9
518,$4004_duty,1
518,$4004_const,1
518,$4004_vol,15
518,$4004_duty,1
518,$4004_const,1
518,$4004_vol,13
518,$4008_linear,10
518,$400C_const,1
518,$400C_vol,10
518,$400C_const,1
518,$400C_vol,7
519,$4000_duty,1
519,$4000_const,1
519,$4000_vol,9
519,$4000_duty,1
519,$4000_const,1
519,$4000_vol,8
519,$4004_duty,1
519,$4004_const,1
519,$4004_vol,13
519,$4004_duty,1
519,$4004_const,1
519,$4004_vol,11
519,$4008_linear,10
519,$400C_const,1
519,$400C_vol,7
519,$400C_const,1
519,$400C_vol,3
520,$4000_duty,1
520,$4000_const,1
520,$4000_vol,8
520,$4000_duty,1
520,$4000_const,1
520,$4000_vol,7
520,$4004_duty,1
520,$4004_const,1
520,$4004_vol,11
520,$4004_duty,1
520,$4004_const,1
520,$4004_vol,9
520,$4008_linear,10
520,$400C_const,1
520,$400C_vol,3
520,$400C_const,1
520,$400C_vol,0
521,$4000_duty,1
521,$4000_const,1
521,$4000_vol,7
521,$4000_duty,1
521,$4000_const,1
521,$4000_vol,6
521,$4004_duty,1
521,$4004_const,1
521,$4004_vol,9
521,$4004_duty,1
521,$4004_const,1
521,$4004_vol,6
521,$4008_linear,10
521,$400C_const,1
521,$400C_vol,0
521,$400C_const,1
521,$400C_vol,0
522,$4000_duty,1
522,$4000_const,1
522,$4000_vol,6
522,$4000_duty,1
522,$4000_const,1
522,$4000_vol,5
522,$4004_duty,1
522,$4004_const,1
522,$4004_vol,6
522,$4004_duty,1
522,$4004_const,1
522,$4004_vol,4
522,$4008_linear,10
522,$400C_const,1
522,$400C_vol,0
522,$400C_const,1
522,$400C_vol,0
523,$4000_duty,1
523,$4000_const,1
523,$4000_vol,5
523,$4000_duty,1
523,$4000_const,1
523,$4000_vol,10
523,$4001_sweep,0
523,$4002_period,381
523,$400B_length,8
523,$4004_duty,1
523,$4004_const,1
523,$4004_vol,4
523,$4004_duty,1
523,$4004_const,1
523,$4004_vol,15
523,$4005_sweep,0
523,$4006_period,227
523,$4008_linear,10
523,$400A_period,285
523,$400B_length,8
523,$400C_const,1
523,$400C_vol,0
523,$400C_const,1
523,$400C_vol,10
523,$400E_period,8
523,$400E_mode,0
524,$4000_duty,1
524,$4000_const,1
524,$4000_vol,10
524,$4000_duty,1
524,$4000_const,1
524,$4000_vol,9
524,$4004_duty,1
524,$4004_const,1
524,$4004_vol,15
524,$4004_duty,1
524,$4004_const,1
524,$4004_vol,13
524,$4008_linear,10
524,$400C_const,1
524,$400C_vol,10
524,$400C_const,1
524,$400C_vol,7
525,$4000_duty,1
525,$4000_const,1
525,$4000_vol,9
525,$4000_duty,1
525,$4000_const,1
525,$4000_vol,8
525,$4004_duty,1
525,$4004_const,1
525,$4004_vol,13
525,$4004_duty,1
525,$4004_const,1
525,$4004_vol,11
525,$4008_linear,10
525,$400C_const,1
525,$400C_vol,7
525,$400C_const,1
525,$400C_vol,3
526,$4000_duty,1
526,$4000_const,1
526,$4000_vol,8
526,$4000_duty,1
526,$4000_const,1
526,$4000_vol,7
526,$4004_duty,1
526,$4004_const,1
526,$4004_vol,11
526,$4004_duty,1
526,$4004_const,1
526,$4004_vol,9
526,$4008_linear,10
526,$400C_const,1
526,$400C_vol,3
526,$400C_const,1
526,$400C_vol,0
527,$4000_duty,1
527,$4000_const,1
527,$4000_vol,7
527,$4000_duty,1
527,$4000_const,1
527,$4000_vol,6
527,$4004_duty,1
527,$4004_const,1
527,$4004_vol,9
527,$4004_duty,1
527,$4004_const,1
527,$4004_vol,6
527,$4008_linear,10
527,$400C_const,1
527,$400C_vol,0
527,$400C_const,1
527,$400C_vol,0
528,$4000_duty,1
528,$4000_const,1
528,$4000_vol,6
528,$4000_duty,1
528,$4000_const,1
528,$4000_vol,5
528,$4004_duty,1
528,$4004_const,1
528,$4004_vol,6
528,$4004_duty,1
528,$4004_const,1
528,$4004_vol,4
528,$4008_linear,10
528,$400C_const,1
528,$400C_vol,0
528,$400C_const,1
528,$400C_vol,0
529,$4000_duty,1
529,$4000_const,1
529,$4000_vol,5
529,$4000_duty,1
529,$4000_const,1
529,$4000_vol,10
529,$4001_sweep,0
529,$4002_period,191
529,$400B_length,8
529,$4004_duty,1
529,$4004_const,1
529,$4004_vol,4
529,$4004_duty,1
529,$4004_const,1
529,$4004_vol,15
529,$4005_sweep,0
529,$4006_period,113
529,$4008_linear,10
529,$400A_period,571
529,$400B_length,9
529,$400C_const,1
529,$400C_vol,0
529,$400C_const,1
529,$400C_vol,10
529,$400E_period,8
529,$400E_mode,0
530,$4000_duty,1
530,$4000_const,1
530,$4000_vol,10
530,$4000_duty,1
530,$4000_const,1
530,$4000_vol,9
530,$4004_duty,1
530,$4004_const,1
530,$4004_vol,15
530,$4004_duty,1
530,$4004_const,1
530,$4004_vol,13
530,$4008_linear,10
530,$400C_const,1
530,$400C_vol,10
530,$400C_const,1
530,$400C_vol,7
531,$4000_duty,1
531,$4000_const,1
531,$4000_vol,9
531,$4000_duty,1
531,$4000_const,1
531,$4000_vol,8
531,$4004_duty,1
531,$4004_const,1
531,$4004_vol,13
531,$4004_duty,1
531,$4004_const,1
531,$4004_vol,11
531,$4008_linear,10
531,$400C_const,1
531,$400C_vol,7
531,$400C_const,1
531,$400C_vol,3
532,$4000_duty,1
532,$4000_const,1
532,$4000_vol,8
532,$4000_duty,1
532,$4000_const,1
532,$4000_vol,7
532,$4004_duty,1
532,$4004_const,1
532,$4004_vol,11
532,$4004_duty,1
532,$4004_const,1
532,$4004_vol,9
532,$4008_linear,10
532,$400C_const,1
532,$400C_vol,3
532,$400C_const,1
532,$400C_vol,0
533,$4000_duty,1
533,$4000_const,1
533,$4000_vol,7
533,$4000_duty,1
533,$4000_const,1
533,$4000_vol,6
533,$4004_duty,1
533,$4004_const,1
533,$4004_vol,9
533,$4004_duty,1
533,$4004_const,1
533,$4004_vol,6
533,$4008_linear,10
533,$400C_const,1
533,$400C_vol,0
533,$400C_const,1
533,$400C_vol,0
534,$4000_duty,1
534,$4000_const,1
534,$4000_vol,6
534,$4000_duty,1
534,$4000_const,1
534,$4000_vol,5
534,$4004_duty,1
534,$4004_const,1
534,$4004_vol,6
534,$4004_duty,1
534,$4004_const,1
534,$4004_vol,4
534,$4008_linear,10
534,$400C_const,1
534,$400C_vol,0
534,$400C_const,1
534,$400C_vol,0
535,$4000_duty,1
535,$4000_const,1
535,$4000_vol,5
535,$4000_duty,1
535,$4000_const,1
535,$4000_vol,10
535,$4001_sweep,0
535,$4002_period,763
535,$400B_length,9
535,$4004_duty,1
535,$4004_const,1
535,$4004_vol,4
535,$4004_duty,1
535,$4004_const,1
535,$4004_vol,15
535,$4005_sweep,0
535,$4006_period,453
535,$4008_linear,10
535,$400A_period,571
535,$400B_length,9
535,$400C_const,1
535,$400C_vol,0
535,$400C_const,1
535,$400C_vol,10
535,$400E_period,13
535,$400E_mode,0
536,$4000_duty,1
536,$4000_const,1
536,$4000_vol,10
536,$4000_duty,1
536,$4000_const,1
536,$4000_vol,9
536,$4004_duty,1
536,$4004_const,1
536,$4004_vol,15
536,$4004_duty,1
536,$4004_const,1
536,$4004_vol,13
536,$4008_linear,10
536,$400C_const,1
536,$400C_vol,10
536,$400C_const,1
536,$400C_vol,7
537,$4000_duty,1
537,$4000_const,1
537,$4000_vol,9
537,$4000_duty,1
537,$4000_const,1
537,$4000_vol,8
537,$4004_duty,1
537,$4004_const,1
537,$4004_vol,13
537,$4004_duty,1
537,$4004_const,1
537,$4004_vol,11
537,$4008_linear,10
537,$400C_const,1
537,$400C_vol,7
537,$400C_const,1
537,$400C_vol,3
538,$4000_duty,1
538,$4000_const,1
538,$4000_vol,8
538,$4000_duty,1
538,$4000_const,1
538,$4000_vol,7
538,$4004_duty,1
538,$4004_const,1
538,$4004_vol,11
538,$4004_duty,1
538,$4004_const,1
538,$4004_vol,9
538,$4008_linear,10
538,$400C_const,1
538,$400C_vol,3
538,$400C_const,1
538,$400C_vol,0
539,$4000_duty,1
539,$4000_const,1
539,$4000_vol,7
539,$4000_duty,1
539,$4000_const,1
539,$4000_vol,6
539,$4004_duty,1
539,$4004_const,1
539,$4004_vol,9
539,$4004_duty,1
539,$4004_const,1
539,$4004_vol,6
539,$4008_linear,10
539,$400C_const,1
539,$400C_vol,0
539,$400C_const,1
539,$400C_vol,0
540,$4000_duty,1
540,$4000_const,1
540,$4000_vol,6
540,$4000_duty,1
540,$4000_const,1
540,$4000_vol,5
540,$4004_duty,1
540,$4004_const,1
540,$4004_vol,6
540,$4004_duty,1
540,$4004_const,1
540,$4004_vol,4
540,$4008_linear,10
540,$400C_const,1
540,$400C_vol,0
540,$400C_const,1
540,$400C_vol,0
541,$4000_duty,1
541,$4000_const,1
541,$4000_vol,5
541,$4000_duty,1
541,$4000_const,1
541,$4000_vol,10
541,$4001_sweep,0
541,$4002_period,381
541,$400B_length,8
541,$4004_duty,1
541,$4004_const,1
541,$4004_vol,4
541,$4004_duty,1
541,$4004_const,1
541,$4004_vol,15
541,$4005_sweep,0
541,$4006_period,227
541,$4008_linear,10
541,$400A_period,285
541,$400B_length,8
541,$400C_const,1
541,$400C_vol,0
541,$400C_const,1
541,$400C_vol,10
541,$400E_period,8
541,$400E_mode,0
542,$4000_duty,1
542,$4000_const,1
542,$4000_vol,10
542,$4000_duty,1
542,$4000_const,1
542,$4000_vol,9
542,$4004_duty,1
542,$4004_const,1
542,$4004_vol,15
542,$4004_duty,1
542,$4004_const,1
542,$4004_vol,13
542,$4008_linear,10
542,$400C_const,1
542,$400C_vol,10
542,$400C_const,1
542,$400C_vol,7
543,$4000_duty,1
543,$4000_const,1
543,$4000_vol,9
543,$4000_duty,1
543,$4000_const,1
543,$4000_vol,8
543,$4004_duty,1
543,$4004_const,1
543,$4004_vol,13
543,$4004_duty,1
543,$4004_const,1
543,$4004_vol,11
543,$4008_linear,10
543,$400C_const,1
543,$400C_vol,7
543,$400C_const,1
543,$400C_vol,3
544,$4000_duty,1
544,$4000_const,1
544,$4000_vol,8
544,$4000_duty,1
544,$4000_const,1
544,$4000_vol,7
544,$4004_duty,1
544,$4004_const,1
544,$4004_vol,11
544,$4004_duty,1
544,$4004_const,1
544,$4004_vol,9
544,$4008_linear,10
544,$400C_const,1
544,$400C_vol,3
544,$400C_const,1
544,$400C_vol,0
545,$4000_duty,1
545,$4000_const,1
545,$4000_vol,7
545,$4000_duty,1
545,$4000_const,1
545,$4000_vol,6
545,$4004_duty,1
545,$4004_const,1
545,$4004_vol,9
545,$4004_duty,1
545,$4004_const,1
545,$4004_vol,6
545,$4008_linear,10
545,$400C_const,1
545,$400C_vol,0
545,$400C_const,1
545,$400C_vol,0
546,$4000_duty,1
546,$4000_const,1
546,$4000_vol,6
546,$4000_duty,1
546,$4000_const,1
546,$4000_vol,5
546,$4004_duty,1
546,$4004_const,1
546,$4004_vol,6
546,$4004_duty,1
546,$4004_const,1
546,$4004_vol,4
546,$4008_linear,10
546,$400C_const,1
546,$400C_vol,0
546,$400C_const,1
546,$400C_vol,0
547,$4000_duty,1
547,$4000_const,1
547,$4000_vol,5
547,$4000_duty,1
547,$4000_const,1
547,$4000_vol,10
547,$4001_sweep,0
547,$4002_period,191
547,$400B_length,8
547,$4004_duty,1
547,$4004_const,1
547,$4004_vol,4
547,$4004_duty,1
547,$4004_const,1
547,$4004_vol,15
547,$4005_sweep,0
547,$4006_period,113
547,$4008_linear,10
547,$400A_period,285
547,$400B_length,8
547,$400C_const,1
547,$400C_vol,0
547,$400C_const,1
547,$400C_vol,10
547,$400E_period,8
547,$400E_mode,0
548,$4000_duty,1
548,$4000_const,1
548,$4000_vol,10
548,$4000_duty,1
548,$4000_const,1
548,$4000_vol,9
548,$4004_duty,1
548,$4004_const,1
548,$4004_vol,15
548,$4004_duty,1
548,$4004_const,1
548,$4004_vol,13
548,$4008_linear,10
548,$400C_const,1
548,$400C_vol,10
548,$400C_const,1
548,$400C_vol,7
549,$4000_duty,1
549,$4000_const,1
549,$4000_vol,9
549,$4000_duty,1
549,$4000_const,1
549,$4000_vol,8
549,$4004_duty,1
549,$4004_const,1
549,$4004_vol,13
549,$4004_duty,1
549,$4004_const,1
549,$4004_vol,11
549,$4008_linear,10
549,$400C_const,1
549,$400C_vol,7
549,$400C_const,1
549,$400C_vol,3
550,$4000_duty,1
550,$4000_const,1
550,$4000_vol,8
550,$4000_duty,1
550,$4000_const,1
550,$4000_vol,7
550,$4004_duty,1
550,$4004_const,1
550,$4004_vol,11
550,$4004_duty,1
550,$4004_const,1
550,$4004_vol,9
550,$4008_linear,10
550,$400C_const,1
550,$400C_vol,3
550,$400C_const,1
550,$400C_vol,0
551,$4000_duty,1
551,$4000_const,1
551,$4000_vol,7
551,$4000_duty,1
551,$4000_const,1
551,$4000_vol,6
551,$4004_duty,1
551,$4004_const,1
551,$4004_vol,9
551,$4004_duty,1
551,$4004_const,1
551,$4004_vol,6
551,$4008_linear,10
551,$400C_const,1
551,$400C_vol,0
551,$400C_const,1
551,$400C_vol,0
552,$4000_duty,1
552,$4000_const,1
552,$4000_vol,6
552,$4000_duty,1
552,$4000_const,1
552,$4000_vol,5
552,$4004_duty,1
552,$4004_const,1
552,$4004_vol,6
552,$4004_duty,1
552,$4004_const,1
552,$4004_vol,4
552,$4008_linear,10
552,$400C_const,1
552,$400C_vol,0
552,$400C_const,1
552,$400C_vol,0
553,$4000_duty,1
553,$4000_const,1
553,$4000_vol,5
553,$4000_duty,1
553,$4000_const,1
553,$4000_vol,10
553,$4001_sweep,0
553,$4002_period,381
553,$400B_length,8
553,$4004_duty,1
553,$4004_const,1
553,$4004_vol,4
553,$4004_duty,1
553,$4004_const,1
553,$4004_vol,15
553,$4005_sweep,0
553,$4006_period,227
553,$4008_linear,10
553,$400A_period,571
553,$400B_length,9
553,$400C_const,1
553,$400C_vol,0
553,$400C_const,1
553,$400C_vol,10
553,$400E_period,13
553,$400E_mode,0
554,$4000_duty,1
554,$4000_const,1
554,$4000_vol,10
554,$4000_duty,1
554,$4000_const,1
554,$4000_vol,9
554,$4004_duty,1
554,$4004_const,1
554,$4004_vol,15
554,$4004_duty,1
554,$4004_const,1
554,$4004_vol,13
554,$4008_linear,10
554,$400C_const,1
554,$400C_vol,10
554,$400C_const,1
554,$400C_vol,7
555,$4000_duty,1
555,$4000_const,1
555,$4000_vol,9
555,$4000_duty,1
555,$4000_const,1
555,$4000_vol,8
555,$4004_duty,1
555,$4004_const,1
555,$4004_vol,13
555,$4004_duty,1
555,$4004_const,1
555,$4004_vol,11
555,$4008_linear,10
555,$400C_const,1
555,$400C_vol,7
555,$400C_const,1
555,$400C_vol,3
556,$4000_duty,1
556,$4000_const,1
556,$4000_vol,8
556,$4000_duty,1
556,$4000_const,1
556,$4000_vol,7
556,$4004_duty,1
556,$4004_const,1
556,$4004_vol,11
556,$4004_duty,1
556,$4004_const,1
556,$4004_vol,9
556,$4008_linear,10
556,$400C_const,1
556,$400C_vol,3
556,$400C_const,1
556,$400C_vol,0
557,$4000_duty,1
557,$4000_const,1
557,$4000_vol,7
557,$4000_duty,1
557,$4000_const,1
557,$4000_vol,6
557,$4004_duty,1
557,$4004_const,1
557,$4004_vol,9
557,$4004_duty,1
557,$4004_const,1
557,$4004_vol,6
557,$4008_linear,10
557,$400C_const,1
557,$400C_vol,0
557,$400C_const,1
557,$400C_vol,0
558,$4000_duty,1
558,$4000_const,1
558,$4000_vol,6
558,$4000_duty,1
558,$4000_const,1
558,$4000_vol,5
558,$4004_duty,1
558,$4004_const,1
558,$4004_vol,6
558,$4004_duty,1
558,$4004_const,1
558,$4004_vol,4
558,$4008_linear,10
558,$400C_const,1
558,$400C_vol,0
558,$400C_const,1
558,$400C_vol,0
559,$4000_duty,1
559,$4000_const,1
559,$4000_vol,5
559,$4000_duty,1
559,$4000_const,1
559,$4000_vol,10
559,$4001_sweep,0
559,$4002_period,191
559,$400B_length,8
559,$4004_duty,1
559,$4004_const,1
559,$4004_vol,4
559,$4004_duty,1
559,$4004_const,1
559,$4004_vol,15
559,$4005_sweep,0
559,$4006_period,113
559,$4008_linear,10
559,$400A_period,285
559,$400B_length,8
559,$400C_const,1
559,$400C_vol,0
559,$400C_const,1
559,$400C_vol,10
559,$400E_period,8
559,$400E_mode,0
560,$4000_duty,1
560,$4000_const,1
560,$4000_vol,10
560,$4000_duty,1
560,$4000_const,1
560,$4000_vol,9
560,$4004_duty,1
560,$4004_const,1
560,$4004_vol,15
560,$4004_duty,1
560,$4004_const,1
560,$4004_vol,13
560,$4008_linear,10
560,$400C_const,1
560,$400C_vol,10
560,$400C_const,1
560,$400C_vol,7
561,$4000_duty,1
561,$4000_const,1
561,$4000_vol,9
561,$4000_duty,1
561,$4000_const,1
561,$4000_vol,8
561,$4004_duty,1
561,$4004_const,1
561,$4004_vol,13
561,$4004_duty,1
561,$4004_const,1
561,$4004_vol,11
561,$4008_linear,10
561,$400C_const,1
561,$400C_vol,7
561,$400C_const,1
561,$400C_vol,3
562,$4000_duty,1
562,$4000_const,1
562,$4000_vol,8
562,$4000_duty,1
562,$4000_const,1
562,$4000_vol,7
562,$4004_duty,1
562,$4004_const,1
562,$4004_vol,11
562,$4004_duty,1
562,$4004_const,1
562,$4004_vol,9
562,$4008_linear,10
562,$400C_const,1
562,$400C_vol,3
562,$400C_const,1
562,$400C_vol,0
563,$4000_duty,1
563,$4000_const,1
563,$4000_vol,7
563,$4000_duty,1
563,$4000_const,1
563,$4000_vol,6
563,$4004_duty,1
563,$4004_const,1
563,$4004_vol,9
563,$4004_duty,1
563,$4004_const,1
563,$4004_vol,6
563,$4008_linear,10
563,$400C_const,1
563,$400C_vol,0
563,$400C_const,1
563,$400C_vol,0
564,$4000_duty,1
564,$4000_const,1
564,$4000_vol,6
564,$4000_duty,1
564,$4000_const,1
564,$4000_vol,5
564,$4004_duty,1
564,$4004_const,1
564,$4004_vol,6
564,$4004_duty,1
564,$4004_const,1
564,$4004_vol,4
564,$4008_linear,10
564,$400C_const,1
564,$400C_vol,0
564,$400C_const,1
564,$400C_vol,0
565,$4000_duty,1
565,$4000_const,1
565,$4000_vol,5
565,$4000_duty,1
565,$4000_const,1
565,$4000_vol,10
565,$4001_sweep,0
565,$4002_period,255
565,$400B_length,8
565,$4004_duty,1
565,$4004_const,1
565,$4004_vol,4
565,$4004_duty,1
565,$4004_const,1
565,$4004_vol,7
565,$4005_sweep,0
565,$4006_period,321
565,$4008_linear,10
565,$400A_period,641
565,$400B_length,9
565,$400C_const,1
565,$400C_vol,0
565,$400C_const,1
565,$400C_vol,10
565,$400E_period,12
565,$400E_mode,0
566,$4000_duty,1
566,$4000_const,1
566,$4000_vol,10
566,$4000_duty,1
566,$4000_const,1
566,$4000_vol,10
566,$4004_duty,1
566,$4004_const,1
566,$4004_vol,7
566,$4004_duty,1
566,$4004_const,1
566,$4004_vol,3
566,$4008_linear,10
566,$400C_const,1
566,$400C_vol,10
566,$400C_const,1
566,$400C_vol,10
567,$4000_duty,1
567,$4000_const,1
567,$4000_vol,10
567,$4000_duty,1
567,$4000_const,1
567,$4000_vol,10
567,$4004_duty,1
567,$4004_const,1
567,$4004_vol,3
567,$4004_duty,1
567,$4004_const,1
567,$4004_vol,0
567,$4008_linear,10
567,$400C_const,1
567,$400C_vol,10
567,$400C_const,1
567,$400C_vol,5
568,$4000_duty,1
568,$4000_const,1
568,$4000_vol,10
568,$4000_duty,1
568,$4000_const,1
568,$4000_vol,10
568,$4004_duty,1
568,$4004_const,1
568,$4004_vol,0
568,$4004_duty,1
568,$4004_const,1
568,$4004_vol,0
568,$4008_linear,10
568,$400C_const,1
568,$400C_vol,5
568,$400C_const,1
568,$400C_vol,3
569,$4000_duty,1
569,$4000_const,1
569,$4000_vol,10
569,$4000_duty,1
569,$4000_const,1
569,$4000_vol,7
569,$4004_duty,1
569,$4004_const,1
569,$4004_vol,0
569,$4004_duty,1
569,$4004_const,1
569,$4004_vol,0
569,$4008_linear,10
569,$400C_const,1
569,$400C_vol,3
569,$400C_const,1
569,$400C_vol,1
570,$4000_duty,1
570,$4000_const,1
570,$4000_vol,7
570,$4000_duty,1
570,$4000_const,1
570,$4000_vol,7
570,$4004_duty,1
570,$4004_const,1
570,$4004_vol,0
570,$4004_duty,1
570,$4004_const,1
570,$4004_vol,0
570,$4008_linear,10
570,$400C_const,1
570,$400C_vol,1
570,$400C_const,1
570,$400C_vol,1
571,$4000_duty,1
571,$4000_const,1
571,$4000_vol,7
571,$4000_duty,1
571,$4000_const,1
571,$4000_vol,5
571,$4004_duty,1
571,$4004_const,1
571,$4004_vol,0
571,$4004_duty,1
571,$4004_const,1
571,$4004_vol,7
571,$4005_sweep,0
571,$4006_period,321
571,$4008_linear,10
571,$400A_period,641
571,$400B_length,9
571,$400C_const,1
571,$400C_vol,1
572,$4000_duty,1
572,$4000_const,1
572,$4000_vol,5
572,$4000_duty,1
572,$4000_const,1
572,$4000_vol,10
572,$4004_duty,1
572,$4004_const,1
572,$4004_vol,7
572,$4004_duty,1
572,$4004_const,1
572,$4004_vol,3
572,$4008_linear,10
572,$400C_const,1
572,$400C_vol,1
572,$400C_const,1
572,$400C_vol,1
573,$4000_duty,1
573,$4000_const,1
573,$4000_vol,10
573,$4000_duty,1
573,$4000_const,1
573,$4000_vol,10
573,$4004_duty,1
573,$4004_const,1
573,$4004_vol,3
573,$4004_duty,1
573,$4004_const,1
573,$4004_vol,0
573,$4008_linear,10
573,$400C_const,1
573,$400C_vol,1
573,$400C_const,1
573,$400C_vol,1
574,$4000_duty,1
574,$4000_const,1
574,$4000_vol,10
574,$4000_duty,1
574,$4000_const,1
574,$4000_vol,10
574,$4004_duty,1
574,$4004_const,1
574,$4004_vol,0
574,$4004_duty,1
574,$4004_const,1
574,$4004_vol,0
574,$4008_linear,10
574,$400C_const,1
574,$400C_vol,1
574,$400C_const,1
574,$400C_vol,1
575,$4000_duty,1
575,$4000_const,1
575,$4000_vol,10
575,$4000_duty,1
575,$4000_const,1
575,$4000_vol,10
575,$4004_duty,1
575,$4004_const,1
575,$4004_vol,0
575,$4004_duty,1
575,$4004_const,1
575,$4004_vol,0
575,$4008_linear,10
575,$400C_const,1
575,$400C_vol,1
575,$400C_const,1
575,$400C_vol,1
576,$4000_duty,1
576,$4000_const,1
576,$4000_vol,10
576,$4000_duty,1
576,$4000_const,1
576,$4000_vol,7
576,$4004_duty,1
576,$4004_const,1
576,$4004_vol,0
576,$4004_duty,1
576,$4004_const,1
576,$4004_vol,0
576,$4008_linear,10
576,$400C_const,1
576,$400C_vol,1
576,$400C_const,1
576,$400C_vol,1
577,$4000_duty,1
577,$4000_const,1
577,$4000_vol,7
577,$4000_duty,1
577,$4000_const,1
577,$4000_vol,7
577,$4004_duty,1
577,$4004_const,1
577,$4004_vol,0
577,$4004_duty,1
577,$4004_const,1
577,$4004_vol,7
577,$4005_sweep,0
577,$4006_period,321
577,$4008_linear,10
577,$400A_period,321
577,$400B_length,8
577,$400C_const,1
577,$400C_vol,1
577,$400C_const,1
577,$400C_vol,10
577,$400E_period,8
577,$400E_mode,0
578,$4000_duty,1
578,$4000_const,1
578,$4000_vol,7
578,$4000_duty,1
578,$4000_const,1
578,$4000_vol,5
578,$4004_duty,1
578,$4004_const,1
578,$4004_vol,7
578,$4004_duty,1
578,$4004_const,1
578,$4004_vol,3
578,$4008_linear,10
578,$400C_const,1
578,$400C_vol,10
578,$400C_const,1
578,$400C_vol,10
579,$4000_duty,1
579,$4000_const,1
579,$4000_vol,5
579,$4000_duty,1
579,$4000_const,1
579,$4000_vol,5
579,$4004_duty,1
579,$4004_const,1
579,$4004_vol,3
579,$4004_duty,1
579,$4004_const,1
579,$4004_vol,0
579,$4008_linear,10
579,$400C_const,1
579,$400C_vol,10
579,$400C_const,1
579,$400C_vol,5
580,$4000_duty,1
580,$4000_const,1
580,$4000_vol,5
580,$4000_duty,1
580,$4000_const,1
580,$4000_vol,5
580,$4004_duty,1
580,$4004_const,1
580,$4004_vol,0
580,$4004_duty,1
580,$4004_const,1
580,$4004_vol,0
580,$4008_linear,10
580,$400C_const,1
580,$400C_vol,5
580,$400C_const,1
580,$400C_vol,3
581,$4000_duty,1
581,$4000_const,1
581,$4000_vol,5
581,$4000_duty,1
581,$4000_const,1
581,$4000_vol,5
581,$4004_duty,1
581,$4004_const,1
581,$4004_vol,0
581,$4004_duty,1
581,$4004_const,1
581,$4004_vol,0
581,$4008_linear,10
581,$400C_const,1
581,$400C_vol,3
581,$400C_const,1
581,$400C_vol,1
582,$4000_duty,1
582,$4000_const,1
582,$4000_vol,5
582,$4000_duty,1
582,$4000_const,1
582,$4000_vol,5
582,$4004_duty,1
582,$4004_const,1
582,$4004_vol,0
582,$4004_duty,1
582,$4004_const,1
582,$4004_vol,0
582,$4008_linear,10
582,$400C_const,1
582,$400C_vol,1
582,$400C_const,1
582,$400C_vol,1
583,$4000_duty,1
583,$4000_const,1
583,$4000_vol,5
583,$4000_duty,1
583,$4000_const,1
583,$4000_vol,10
583,$4001_sweep,0
583,$4002_period,227
583,$400B_length,8
583,$4004_duty,1
583,$4004_const,1
583,$4004_vol,0
583,$4004_duty,1
583,$4004_const,1
583,$4004_vol,7
583,$4005_sweep,0
583,$4006_period,285
583,$4008_linear,10
583,$400A_period,641
583,$400B_length,9
583,$400C_const,1
583,$400C_vol,1
583,$400C_const,1
583,$400C_vol,1
584,$4000_duty,1
584,$4000_const,1
584,$4000_vol,10
584,$4000_duty,1
584,$4000_const,1
584,$4000_vol,10
584,$4004_duty,1
584,$4004_const,1
584,$4004_vol,7
584,$4004_duty,1
584,$4004_const,1
584,$4004_vol,3
584,$4008_linear,10
584,$400C_const,1
584,$400C_vol,1
584,$400C_const,1
584,$400C_vol,1
585,$4000_duty,1
585,$4000_const,1
585,$4000_vol,10
585,$4000_duty,1
585,$4000_const,1
585,$4000_vol,10
585,$4004_duty,1
585,$4004_const,1
585,$4004_vol,3
585,$4004_duty,1
585,$4004_const,1
585,$4004_vol,0
585,$4008_linear,10
585,$400C_const,1
585,$400C_vol,1
585,$400C_const,1
585,$400C_vol,1
586,$4000_duty,1
586,$4000_const,1
586,$4000_vol,10
586,$4000_duty,1
586,$4000_const,1
586,$4000_vol,10
586,$4004_duty,1
586,$4004_const,1
586,$4004_vol,0
586,$4004_duty,1
586,$4004_const,1
586,$4004_vol,0
586,$4008_linear,10
586,$400C_const,1
586,$400C_vol,1
586,$400C_const,1
586,$400C_vol,1
587,$4000_duty,1
587,$4000_const,1
587,$4000_vol,10
587,$4000_duty,1
587,$4000_const,1
587,$4000_vol,7
587,$4004_duty,1
587,$4004_const,1
587,$4004_vol,0
587,$4004_duty,1
587,$4004_const,1
587,$4004_vol,0
587,$4008_linear,10
587,$400C_const,1
587,$400C_vol,1
587,$400C_const,1
587,$400C_vol,1
588,$4000_duty,1
588,$4000_const,1
588,$4000_vol,7
588,$4000_duty,1
588,$4000_const,1
588,$4000_vol,7
588,$4004_duty,1
588,$4004_const,1
588,$4004_vol,0
588,$4004_duty,1
588,$4004_const,1
588,$4004_vol,0
588,$4008_linear,10
588,$400C_const,1
588,$400C_vol,1
588,$400C_const,1
588,$400C_vol,1
589,$4000_duty,1
589,$4000_const,1
589,$4000_vol,7
589,$4000_duty,1
589,$4000_const,1
589,$4000_vol,5
589,$4004_duty,1
589,$4004_const,1
589,$4004_vol,0
589,$4004_duty,1
589,$4004_const,1
589,$4004_vol,7
589,$4005_sweep,0
589,$4006_period,285
589,$4008_linear,10
589,$400A_period,641
589,$400B_length,9
589,$400C_const,1
589,$400C_vol,1
589,$400C_const,1
589,$400C_vol,10
589,$400E_period,1
589,$400E_mode,0
590,$4000_duty,1
590,$4000_const,1
590,$4000_vol,5
590,$4000_duty,1
590,$4000_const,1
590,$4000_vol,10
590,$4004_duty,1
590,$4004_const,1
590,$4004_vol,7
590,$4004_duty,1
590,$4004_const,1
590,$4004_vol,3
590,$4008_linear,10
590,$400C_const,1
590,$400C_vol,10
590,$400C_const,1
590,$400C_vol,10
591,$4000_duty,1
591,$4000_const,1
591,$4000_vol,10
591,$4000_duty,1
591,$4000_const,1
591,$4000_vol,10
591,$4004_duty,1
591,$4004_const,1
591,$4004_vol,3
591,$4004_duty,1
591,$4004_const,1
591,$4004_vol,0
591,$4008_linear,10
591,$400C_const,1
591,$400C_vol,10
591,$400C_const,1
591,$400C_vol,5
592,$4000_duty,1
592,$4000_const,1
592,$4000_vol,10
592,$4000_duty,1
592,$4000_const,1
592,$4000_vol,10
592,$4004_duty,1
592,$4004_const,1
592,$4004_vol,0
592,$4004_duty,1
592,$4004_const,1
592,$4004_vol,0
592,$4008_linear,10
592,$400C_const,1
592,$400C_vol,5
592,$400C_const,1
592,$400C_vol,3
593,$4000_duty,1
593,$4000_const,1
593,$4000_vol,10
593,$4000_duty,1
593,$4000_const,1
593,$4000_vol,10
593,$4004_duty,1
593,$4004_const,1
593,$4004_vol,0
593,$4004_duty,1
593,$4004_const,1
593,$4004_vol,0
593,$4008_linear,10
593,$400C_const,1
593,$400C_vol,3
593,$400C_const,1
593,$400C_vol,1
594,$4000_duty,1
594,$4000_const,1
594,$4000_vol,10
594,$4000_duty,1
594,$4000_const,1
594,$4000_vol,7
594,$4004_duty,1
594,$4004_const,1
594,$4004_vol,0
594,$4004_duty,1
594,$4004_const,1
594,$4004_vol,0
594,$4008_linear,10
594,$400C_const,1
594,$400C_vol,1
594,$400C_const,1
594,$400C_vol,1
595,$4000_duty,1
595,$4000_const,1
595,$4000_vol,7
595,$4000_duty,1
595,$4000_const,1
595,$4000_vol,7
595,$4004_duty,1
595,$4004_const,1
595,$4004_vol,0
595,$4004_duty,1
595,$4004_const,1
595,$4004_vol,7
595,$4005_sweep,0
595,$4006_period,285
595,$4008_linear,10
595,$400A_period,641
595,$400B_length,9
595,$400C_const,1
595,$400C_vol,1
595,$400C_const,1
595,$400C_vol,10
595,$400E_period,12
595,$400E_mode,0
596,$4000_duty,1
596,$4000_const,1
596,$4000_vol,7
596,$4000_duty,1
596,$4000_const,1
596,$4000_vol,5
596,$4004_duty,1
596,$4004_const,1
596,$4004_vol,7
596,$4004_duty,1
596,$4004_const,1
596,$4004_vol,3
596,$4008_linear,10
596,$400C_const,1
596,$400C_vol,10
596,$400C_const,1
596,$400C_vol,10
597,$4000_duty,1
597,$4000_const,1
597,$4000_vol,5
597,$4000_duty,1
597,$4000_const,1
597,$4000_vol,5
597,$4004_duty,1
597,$4004_const,1
597,$4004_vol,3
597,$4004_duty,1
597,$4004_const,1
597,$4004_vol,0
597,$4008_linear,10
597,$400C_const,1
597,$400C_vol,10
597,$400C_const,1
597,$400C_vol,5
598,$4000_duty,1
598,$4000_const,1
598,$4000_vol,5
598,$4000_duty,1
598,$4000_const,1
598,$4000_vol,5
598,$4004_duty,1
598,$4004_const,1
598,$4004_vol,0
598,$4004_duty,1
598,$4004_const,1
598,$4004_vol,0
598,$4008_linear,10
598,$400C_const,1
598,$400C_vol,5
598,$400C_const,1
598,$400C_vol,3
599,$4000_duty,1
599,$4000_const,1
599,$4000_vol,5
599,$4000_duty,1
599,$4000_const,1
599,$4000_vol,5
599,$4004_duty,1
599,$4004_const,1
599,$4004_vol,0
599,$4004_duty,1
599,$4004_const,1
599,$4004_vol,0
599,$4008_linear,10
599,$400C_const,1
599,$400C_vol,3
599,$400C_const,1
599,$400C_vol,1
