frame,parameter,value
0,$4000_duty,1
0,$4000_const,1
0,$4000_vol,14
0,$4004_duty,2
0,$4004_const,1
0,$4004_vol,12
0,$4008_linear,127
0,$400C_const,1
0,$400C_vol,3
0,$400E_period,7
0,$400E_mode,0
0,$400C_const,1
0,$400C_vol,3
1,$4000_duty,1
1,$4000_const,1
1,$4000_vol,10
1,$4004_duty,2
1,$4004_const,1
1,$4004_vol,8
1,$4008_linear,127
2,$4000_duty,1
2,$4000_const,1
2,$4000_vol,10
2,$4004_duty,2
2,$4004_const,1
2,$4004_vol,8
2,$4008_linear,127
2,$400C_const,1
2,$400C_vol,2
3,$4000_duty,1
3,$4000_const,1
3,$4000_vol,10
3,$4004_duty,2
3,$4004_const,1
3,$4004_vol,8
3,$4008_linear,0
4,$4000_duty,1
4,$4000_const,1
4,$4000_vol,10
4,$4004_duty,2
4,$4004_const,1
4,$4004_vol,8
4,$400A_period,763
4,$400B_length,1
4,$4008_linear,127
4,$400C_const,1
4,$400C_vol,0
4,$400C_const,1
4,$400C_vol,15
4,$400E_period,14
4,$400E_mode,0
4,$400C_const,1
4,$400C_vol,15
5,$4000_duty,1
5,$4000_const,1
5,$4000_vol,10
5,$4004_duty,2
5,$4004_const,1
5,$4004_vol,8
5,$4008_linear,127
5,$400E_period,3
5,$400E_mode,0
5,$400C_const,1
5,$400C_vol,15
6,$4000_duty,1
6,$4000_const,1
6,$4000_vol,10
6,$4004_duty,2
6,$4004_const,1
6,$4004_vol,8
6,$4008_linear,127
6,$400C_const,1
6,$400C_vol,4
6,$400E_period,7
6,$400E_mode,0
6,$400C_const,1
6,$400C_vol,4
7,$4000_duty,1
7,$4000_const,1
7,$4000_vol,10
7,$4004_duty,2
7,$4004_const,1
7,$4004_vol,8
7,$4008_linear,127
7,$400C_const,1
7,$400C_vol,3
8,$4000_duty,1
8,$4000_const,1
8,$4000_vol,10
8,$4004_duty,2
8,$4004_const,1
8,$4004_vol,8
8,$4008_linear,127
9,$4000_duty,1
9,$4000_const,1
9,$4000_vol,10
9,$4004_duty,2
9,$4004_const,1
9,$4004_vol,8
9,$4008_linear,0
9,$400C_const,1
9,$400C_vol,2
10,$4000_duty,1
10,$4000_const,1
10,$4000_vol,10
10,$4004_duty,2
10,$4004_const,1
10,$4004_vol,8
10,$4008_linear,0
11,$4000_duty,1
11,$4000_const,1
11,$4000_vol,10
11,$4004_duty,2
11,$4004_const,1
11,$4004_vol,8
11,$4008_linear,0
11,$400E_period,8
11,$400E_mode,0
11,$400C_const,1
11,$400C_vol,2
12,$4000_duty,1
12,$4000_const,1
12,$4000_vol,10
12,$4004_duty,2
12,$4004_const,1
12,$4004_vol,8
12,$4008_linear,0
13,$4000_duty,1
13,$4000_const,1
13,$4000_vol,10
13,$4004_duty,2
13,$4004_const,1
13,$4004_vol,8
13,$4008_linear,0
14,$4000_duty,1
14,$4000_const,1
14,$4000_vol,10
14,$4004_duty,2
14,$4004_const,1
14,$4004_vol,8
14,$4008_linear,0
15,$4000_duty,1
15,$4000_const,1
15,$4000_vol,10
15,$4004_duty,2
15,$4004_const,1
15,$4004_vol,8
15,$4008_linear,0
15,$400C_const,1
15,$400C_vol,1
16,$4000_duty,1
16,$4000_const,1
16,$4000_vol,10
16,$4004_duty,2
16,$4004_const,1
16,$4004_vol,8
16,$400A_period,763
16,$400B_length,1
16,$4008_linear,127
16,$400C_const,1
16,$400C_vol,0
16,$400C_const,1
16,$400C_vol,8
16,$400E_period,14
16,$400E_mode,0
16,$400C_const,1
16,$400C_vol,8
17,$4000_duty,1
17,$4000_const,1
17,$4000_vol,10
17,$4004_duty,2
17,$4004_const,1
17,$4004_vol,8
17,$4008_linear,127
17,$400E_period,3
17,$400E_mode,0
17,$400C_const,1
17,$400C_vol,8
18,$4000_duty,1
18,$4000_const,1
18,$4000_vol,10
18,$4004_duty,2
18,$4004_const,1
18,$4004_vol,8
18,$4008_linear,127
18,$400C_const,1
18,$400C_vol,3
18,$400E_period,7
18,$400E_mode,0
18,$400C_const,1
18,$400C_vol,3
19,$4000_duty,1
19,$4000_const,1
19,$4000_vol,10
19,$4004_duty,2
19,$4004_const,1
19,$4004_vol,8
19,$4008_linear,127
20,$4000_duty,1
20,$4000_const,1
20,$4000_vol,1
20,$4004_duty,2
20,$4004_const,1
20,$4004_vol,8
20,$4008_linear,127
20,$400C_const,1
20,$400C_vol,2
21,$4000_duty,1
21,$4000_const,1
21,$4000_vol,2
21,$4004_duty,2
21,$4004_const,1
21,$4004_vol,1
21,$4008_linear,0
22,$4002_period,571
22,$400B_length,1
22,$4000_duty,1
22,$4000_const,1
22,$4000_vol,6
22,$4006_period,763
22,$4004_duty,2
22,$4004_const,1
22,$4004_vol,4
22,$400A_period,763
22,$400B_length,1
22,$4008_linear,127
22,$400C_const,1
22,$400C_vol,0
22,$4008_linear,127
22,$400A_period,961
22,$400B_length,1
22,$4008_linear,127
22,$400C_const,1
22,$400C_vol,10
22,$400E_period,5
22,$400E_mode,0
22,$400C_const,1
22,$400C_vol,10
23,$4000_duty,1
23,$4000_const,1
23,$4000_vol,9
23,$4004_duty,2
23,$4004_const,1
23,$4004_vol,7
23,$400A_period,1473
23,$400B_length,2
23,$4008_linear,127
23,$400E_period,6
23,$400E_mode,0
23,$400C_const,1
23,$400C_vol,10
23,$400C_const,1
23,$400C_vol,7
24,$4000_duty,1
24,$4000_const,1
24,$4000_vol,14
24,$4004_duty,2
24,$4004_const,1
24,$4004_vol,12
24,$4008_linear,127
24,$400E_period,7
24,$400E_mode,0
24,$400C_const,1
24,$400C_vol,7
24,$400C_const,1
24,$400C_vol,3
25,$4000_duty,1
25,$4000_const,1
25,$4000_vol,10
25,$4004_duty,2
25,$4004_const,1
25,$4004_vol,8
25,$4008_linear,127
25,$400C_const,1
25,$400C_vol,6
26,$4000_duty,1
26,$4000_const,1
26,$4000_vol,10
26,$4004_duty,2
26,$4004_const,1
26,$4004_vol,8
26,$4008_linear,127
26,$400C_const,1
26,$400C_vol,5
27,$4000_duty,1
27,$4000_const,1
27,$4000_vol,10
27,$4004_duty,2
27,$4004_const,1
27,$4004_vol,8
27,$4008_linear,127
27,$400C_const,1
27,$400C_vol,4
28,$4000_duty,1
28,$4000_const,1
28,$4000_vol,10
28,$4004_duty,2
28,$4004_const,1
28,$4004_vol,8
28,$4008_linear,0
28,$400A_period,763
28,$400B_length,1
28,$400C_const,1
28,$400C_vol,0
28,$400C_const,1
28,$400C_vol,8
28,$400E_period,14
28,$400E_mode,0
28,$400C_const,1
28,$400C_vol,8
29,$4000_duty,1
29,$4000_const,1
29,$4000_vol,10
29,$4004_duty,2
29,$4004_const,1
29,$4004_vol,8
29,$4008_linear,0
29,$400E_period,3
29,$400E_mode,0
29,$400C_const,1
29,$400C_vol,8
30,$4000_duty,1
30,$4000_const,1
30,$4000_vol,10
30,$4004_duty,2
30,$4004_const,1
30,$4004_vol,8
30,$4008_linear,0
30,$400C_const,1
30,$400C_vol,3
30,$400E_period,7
30,$400E_mode,0
30,$400C_const,1
30,$400C_vol,3
31,$4000_duty,1
31,$4000_const,1
31,$4000_vol,10
31,$4004_duty,2
31,$4004_const,1
31,$4004_vol,8
31,$4008_linear,0
32,$4000_duty,1
32,$4000_const,1
32,$4000_vol,10
32,$4004_duty,2
32,$4004_const,1
32,$4004_vol,8
32,$4008_linear,0
32,$400C_const,1
32,$400C_vol,2
33,$4000_duty,1
33,$4000_const,1
33,$4000_vol,10
33,$4004_duty,2
33,$4004_const,1
33,$4004_vol,8
33,$4008_linear,0
34,$4000_duty,1
34,$4000_const,1
34,$4000_vol,10
34,$4004_duty,2
34,$4004_const,1
34,$4004_vol,8
34,$400A_period,763
34,$400B_length,1
34,$4008_linear,127
34,$400C_const,1
34,$400C_vol,0
34,$400C_const,1
34,$400C_vol,8
34,$400E_period,14
34,$400E_mode,0
34,$400C_const,1
34,$400C_vol,8
35,$4000_duty,1
35,$4000_const,1
35,$4000_vol,10
35,$4004_duty,2
35,$4004_const,1
35,$4004_vol,8
35,$4008_linear,127
35,$400E_period,3
35,$400E_mode,0
35,$400C_const,1
35,$400C_vol,8
36,$4000_duty,1
36,$4000_const,1
36,$4000_vol,10
36,$4004_duty,2
36,$4004_const,1
36,$4004_vol,8
36,$4008_linear,127
36,$400C_const,1
36,$400C_vol,3
36,$400E_period,7
36,$400E_mode,0
36,$400C_const,1
36,$400C_vol,3
37,$4000_duty,1
37,$4000_const,1
37,$4000_vol,10
37,$4004_duty,2
37,$4004_const,1
37,$4004_vol,8
37,$4008_linear,127
38,$4000_duty,1
38,$4000_const,1
38,$4000_vol,1
38,$4004_duty,2
38,$4004_const,1
38,$4004_vol,8
38,$4008_linear,127
38,$400C_const,1
38,$400C_vol,2
39,$4000_duty,1
39,$4000_const,1
39,$4000_vol,2
39,$4004_duty,2
39,$4004_const,1
39,$4004_vol,1
39,$4008_linear,0
40,$4002_period,605
40,$400B_length,1
40,$4000_duty,1
40,$4000_const,1
40,$4000_vol,6
40,$4006_period,763
40,$4004_duty,2
40,$4004_const,1
40,$4004_vol,4
40,$400A_period,763
40,$400B_length,1
40,$4008_linear,127
40,$400C_const,1
40,$400C_vol,0
40,$400C_const,1
40,$400C_vol,15
40,$400E_period,14
40,$400E_mode,0
40,$400C_const,1
40,$400C_vol,15
41,$4000_duty,1
41,$4000_const,1
41,$4000_vol,9
41,$4004_duty,2
41,$4004_const,1
41,$4004_vol,7
41,$4008_linear,127
41,$400E_period,3
41,$400E_mode,0
41,$400C_const,1
41,$400C_vol,15
42,$4000_duty,1
42,$4000_const,1
42,$4000_vol,14
42,$4004_duty,2
42,$4004_const,1
42,$4004_vol,12
42,$4008_linear,127
42,$400C_const,1
42,$400C_vol,4
42,$400E_period,7
42,$400E_mode,0
42,$400C_const,1
42,$400C_vol,4
43,$4000_duty,1
43,$4000_const,1
43,$4000_vol,10
43,$4004_duty,2
43,$4004_const,1
43,$4004_vol,8
43,$4008_linear,127
43,$400C_const,1
43,$400C_vol,3
44,$4000_duty,1
44,$4000_const,1
44,$4000_vol,10
44,$4004_duty,2
44,$4004_const,1
44,$4004_vol,8
44,$4008_linear,127
45,$4000_duty,1
45,$4000_const,1
45,$4000_vol,10
45,$4004_duty,2
45,$4004_const,1
45,$4004_vol,8
45,$4008_linear,0
45,$400C_const,1
45,$400C_vol,2
46,$4000_duty,1
46,$4000_const,1
46,$4000_vol,10
46,$4004_duty,2
46,$4004_const,1
46,$4004_vol,8
46,$4008_linear,0
47,$4000_duty,1
47,$4000_const,1
47,$4000_vol,10
47,$4004_duty,2
47,$4004_const,1
47,$4004_vol,8
47,$4008_linear,0
47,$400E_period,8
47,$400E_mode,0
47,$400C_const,1
47,$400C_vol,2
48,$4000_duty,1
48,$4000_const,1
48,$4000_vol,10
48,$4004_duty,2
48,$4004_const,1
48,$4004_vol,8
48,$4008_linear,0
49,$4000_duty,1
49,$4000_const,1
49,$4000_vol,10
49,$4004_duty,2
49,$4004_const,1
49,$4004_vol,8
49,$4008_linear,0
50,$4000_duty,1
50,$4000_const,1
50,$4000_vol,10
50,$4004_duty,2
50,$4004_const,1
50,$4004_vol,8
50,$4008_linear,0
51,$4000_duty,1
51,$4000_const,1
51,$4000_vol,10
51,$4004_duty,2
51,$4004_const,1
51,$4004_vol,8
51,$4008_linear,0
51,$400C_const,1
51,$400C_vol,1
52,$4000_duty,1
52,$4000_const,1
52,$4000_vol,10
52,$4004_duty,2
52,$4004_const,1
52,$4004_vol,8
52,$400A_period,763
52,$400B_length,1
52,$4008_linear,127
52,$400C_const,1
52,$400C_vol,0
52,$400C_const,1
52,$400C_vol,8
52,$400E_period,14
52,$400E_mode,0
52,$400C_const,1
52,$400C_vol,8
53,$4000_duty,1
53,$4000_const,1
53,$4000_vol,10
53,$4004_duty,2
53,$4004_const,1
53,$4004_vol,8
53,$4008_linear,127
53,$400E_period,3
53,$400E_mode,0
53,$400C_const,1
53,$400C_vol,8
54,$4000_duty,1
54,$4000_const,1
54,$4000_vol,10
54,$4004_duty,2
54,$4004_const,1
54,$4004_vol,8
54,$4008_linear,127
54,$400C_const,1
54,$400C_vol,3
54,$400E_period,7
54,$400E_mode,0
54,$400C_const,1
54,$400C_vol,3
55,$4000_duty,1
55,$4000_const,1
55,$4000_vol,10
55,$4004_duty,2
55,$4004_const,1
55,$4004_vol,8
55,$4008_linear,127
56,$4000_duty,1
56,$4000_const,1
56,$4000_vol,1
56,$4004_duty,2
56,$4004_const,1
56,$4004_vol,8
56,$4008_linear,127
56,$400C_const,1
56,$400C_vol,2
57,$4000_duty,1
57,$4000_const,1
57,$4000_vol,2
57,$4004_duty,2
57,$4004_const,1
57,$4004_vol,1
57,$4008_linear,0
58,$4002_period,679
58,$400B_length,1
58,$4000_duty,1
58,$4000_const,1
58,$4000_vol,6
58,$4006_period,1017
58,$4004_duty,2
58,$4004_const,1
58,$4004_vol,4
58,$400A_period,763
58,$400B_length,1
58,$4008_linear,127
58,$400C_const,1
58,$400C_vol,0
58,$4008_linear,127
58,$400A_period,961
58,$400B_length,1
58,$4008_linear,127
58,$400C_const,1
58,$400C_vol,10
58,$400E_period,5
58,$400E_mode,0
58,$400C_const,1
58,$400C_vol,10
59,$4000_duty,1
59,$4000_const,1
59,$4000_vol,9
59,$4004_duty,2
59,$4004_const,1
59,$4004_vol,7
59,$400A_period,1473
59,$400B_length,2
59,$4008_linear,127
59,$400E_period,6
59,$400E_mode,0
59,$400C_const,1
59,$400C_vol,10
59,$400C_const,1
59,$400C_vol,7
60,$4000_duty,1
60,$4000_const,1
60,$4000_vol,14
60,$4004_duty,2
60,$4004_const,1
60,$4004_vol,12
60,$4008_linear,127
60,$400E_period,7
60,$400E_mode,0
60,$400C_const,1
60,$400C_vol,7
60,$400C_const,1
60,$400C_vol,3
61,$4000_duty,1
61,$4000_const,1
61,$4000_vol,10
61,$4004_duty,2
61,$4004_const,1
61,$4004_vol,8
61,$4008_linear,127
61,$400C_const,1
61,$400C_vol,6
62,$4000_duty,1
62,$4000_const,1
62,$4000_vol,10
62,$4004_duty,2
62,$4004_const,1
62,$4004_vol,8
62,$4008_linear,127
62,$400C_const,1
62,$400C_vol,5
63,$4000_duty,1
63,$4000_const,1
63,$4000_vol,10
63,$4004_duty,2
63,$4004_const,1
63,$4004_vol,8
63,$4008_linear,127
63,$400C_const,1
63,$400C_vol,4
64,$4000_duty,1
64,$4000_const,1
64,$4000_vol,10
64,$4004_duty,2
64,$4004_const,1
64,$4004_vol,8
64,$4008_linear,0
64,$400A_period,763
64,$400B_length,1
64,$400C_const,1
64,$400C_vol,0
64,$400C_const,1
64,$400C_vol,8
64,$400E_period,14
64,$400E_mode,0
64,$400C_const,1
64,$400C_vol,8
65,$4000_duty,1
65,$4000_const,1
65,$4000_vol,10
65,$4004_duty,2
65,$4004_const,1
65,$4004_vol,8
65,$4008_linear,0
65,$400E_period,3
65,$400E_mode,0
65,$400C_const,1
65,$400C_vol,8
66,$4000_duty,1
66,$4000_const,1
66,$4000_vol,10
66,$4004_duty,2
66,$4004_const,1
66,$4004_vol,8
66,$4008_linear,0
66,$400C_const,1
66,$400C_vol,3
66,$400E_period,7
66,$400E_mode,0
66,$400C_const,1
66,$400C_vol,3
67,$4000_duty,1
67,$4000_const,1
67,$4000_vol,10
67,$4004_duty,2
67,$4004_const,1
67,$4004_vol,8
67,$4008_linear,0
68,$4000_duty,1
68,$4000_const,1
68,$4000_vol,1
68,$4004_duty,2
68,$4004_const,1
68,$4004_vol,8
68,$4008_linear,0
68,$400C_const,1
68,$400C_vol,2
69,$4000_duty,1
69,$4000_const,1
69,$4000_vol,2
69,$4004_duty,2
69,$4004_const,1
69,$4004_vol,1
69,$4008_linear,0
70,$4002_period,763
70,$400B_length,1
70,$4000_duty,1
70,$4000_const,1
70,$4000_vol,6
70,$4006_period,1017
70,$4004_duty,2
70,$4004_const,1
70,$4004_vol,4
70,$400A_period,763
70,$400B_length,1
70,$4008_linear,127
70,$400C_const,1
70,$400C_vol,0
70,$400C_const,1
70,$400C_vol,8
70,$400E_period,14
70,$400E_mode,0
70,$400C_const,1
70,$400C_vol,8
71,$4000_duty,1
71,$4000_const,1
71,$4000_vol,9
71,$4004_duty,2
71,$4004_const,1
71,$4004_vol,7
71,$4008_linear,127
71,$400E_period,3
71,$400E_mode,0
71,$400C_const,1
71,$400C_vol,8
72,$4000_duty,1
72,$4000_const,1
72,$4000_vol,14
72,$4004_duty,2
72,$4004_const,1
72,$4004_vol,12
72,$4008_linear,127
72,$400C_const,1
72,$400C_vol,3
72,$400E_period,7
72,$400E_mode,0
72,$400C_const,1
72,$400C_vol,3
73,$4000_duty,1
73,$4000_const,1
73,$4000_vol,10
73,$4004_duty,2
73,$4004_const,1
73,$4004_vol,8
73,$4008_linear,127
74,$4000_duty,1
74,$4000_const,1
74,$4000_vol,10
74,$4004_duty,2
74,$4004_const,1
74,$4004_vol,8
74,$4008_linear,127
74,$400C_const,1
74,$400C_vol,2
75,$4000_duty,1
75,$4000_const,1
75,$4000_vol,10
75,$4004_duty,2
75,$4004_const,1
75,$4004_vol,8
75,$4008_linear,0
76,$4000_duty,1
76,$4000_const,1
76,$4000_vol,10
76,$4004_duty,2
76,$4004_const,1
76,$4004_vol,8
76,$400A_period,763
76,$400B_length,1
76,$4008_linear,127
76,$400C_const,1
76,$400C_vol,0
76,$400C_const,1
76,$400C_vol,15
76,$400E_period,14
76,$400E_mode,0
76,$400C_const,1
76,$400C_vol,15
77,$4000_duty,1
77,$4000_const,1
77,$4000_vol,10
77,$4004_duty,2
77,$4004_const,1
77,$4004_vol,8
77,$4008_linear,127
77,$400E_period,3
77,$400E_mode,0
77,$400C_const,1
77,$400C_vol,15
78,$4000_duty,1
78,$4000_const,1
78,$4000_vol,10
78,$4004_duty,2
78,$4004_const,1
78,$4004_vol,8
78,$4008_linear,127
78,$400C_const,1
78,$400C_vol,4
78,$400E_period,7
78,$400E_mode,0
78,$400C_const,1
78,$400C_vol,4
79,$4000_duty,1
79,$4000_const,1
79,$4000_vol,10
79,$4004_duty,2
79,$4004_const,1
79,$4004_vol,8
79,$4008_linear,127
79,$400C_const,1
79,$400C_vol,3
80,$4000_duty,1
80,$4000_const,1
80,$4000_vol,10
80,$4004_duty,2
80,$4004_const,1
80,$4004_vol,8
80,$4008_linear,127
81,$4000_duty,1
81,$4000_const,1
81,$4000_vol,10
81,$4004_duty,2
81,$4004_const,1
81,$4004_vol,8
81,$4008_linear,0
81,$400C_const,1
81,$400C_vol,2
82,$4000_duty,1
82,$4000_const,1
82,$4000_vol,10
82,$4004_duty,2
82,$4004_const,1
82,$4004_vol,8
82,$4008_linear,0
83,$4000_duty,1
83,$4000_const,1
83,$4000_vol,10
83,$4004_duty,2
83,$4004_const,1
83,$4004_vol,8
83,$4008_linear,0
83,$400E_period,8
83,$400E_mode,0
83,$400C_const,1
83,$400C_vol,2
84,$4000_duty,1
84,$4000_const,1
84,$4000_vol,10
84,$4004_duty,2
84,$4004_const,1
84,$4004_vol,8
84,$4008_linear,0
85,$4000_duty,1
85,$4000_const,1
85,$4000_vol,10
85,$4004_duty,2
85,$4004_const,1
85,$4004_vol,8
85,$4008_linear,0
86,$4000_duty,1
86,$4000_const,1
86,$4000_vol,10
86,$4004_duty,2
86,$4004_const,1
86,$4004_vol,8
86,$4008_linear,0
87,$4000_duty,1
87,$4000_const,1
87,$4000_vol,10
87,$4004_duty,2
87,$4004_const,1
87,$4004_vol,8
87,$4008_linear,0
87,$400C_const,1
87,$400C_vol,1
88,$4000_duty,1
88,$4000_const,1
88,$4000_vol,10
88,$4004_duty,2
88,$4004_const,1
88,$4004_vol,8
88,$400A_period,763
88,$400B_length,1
88,$4008_linear,127
88,$400C_const,1
88,$400C_vol,0
88,$400C_const,1
88,$400C_vol,8
88,$400E_period,14
88,$400E_mode,0
88,$400C_const,1
88,$400C_vol,8
89,$4000_duty,1
89,$4000_const,1
89,$4000_vol,10
89,$4004_duty,2
89,$4004_const,1
89,$4004_vol,8
89,$4008_linear,127
89,$400E_period,3
89,$400E_mode,0
89,$400C_const,1
89,$400C_vol,8
90,$4000_duty,1
90,$4000_const,1
90,$4000_vol,10
90,$4004_duty,2
90,$4004_const,1
90,$4004_vol,8
90,$4008_linear,127
90,$400C_const,1
90,$400C_vol,3
90,$400E_period,7
90,$400E_mode,0
90,$400C_const,1
90,$400C_vol,3
91,$4000_duty,1
91,$4000_const,1
91,$4000_vol,10
91,$4004_duty,2
91,$4004_const,1
91,$4004_vol,8
91,$4008_linear,127
92,$4000_duty,1
92,$4000_const,1
92,$4000_vol,1
92,$4004_duty,2
92,$4004_const,1
92,$4004_vol,8
92,$4008_linear,127
92,$400C_const,1
92,$400C_vol,2
93,$4000_duty,1
93,$4000_const,1
93,$4000_vol,2
93,$4004_duty,2
93,$4004_const,1
93,$4004_vol,1
93,$4008_linear,0
94,$4002_period,857
94,$400B_length,1
94,$4000_duty,1
94,$4000_const,1
94,$4000_vol,6
94,$4006_period,1133
94,$4004_duty,2
94,$4004_const,1
94,$4004_vol,4
94,$400A_period,857
94,$400B_length,1
94,$4008_linear,127
94,$400C_const,1
94,$400C_vol,0
94,$4008_linear,127
94,$400A_period,961
94,$400B_length,1
94,$4008_linear,127
94,$400C_const,1
94,$400C_vol,10
94,$400E_period,5
94,$400E_mode,0
94,$400C_const,1
94,$400C_vol,10
95,$4000_duty,1
95,$4000_const,1
95,$4000_vol,9
95,$4004_duty,2
95,$4004_const,1
95,$4004_vol,7
95,$400A_period,1473
95,$400B_length,2
95,$4008_linear,127
95,$400E_period,6
95,$400E_mode,0
95,$400C_const,1
95,$400C_vol,10
95,$400C_const,1
95,$400C_vol,7
96,$4000_duty,1
96,$4000_const,1
96,$4000_vol,14
96,$4004_duty,2
96,$4004_const,1
96,$4004_vol,12
96,$4008_linear,127
96,$400E_period,7
96,$400E_mode,0
96,$400C_const,1
96,$400C_vol,7
96,$400C_const,1
96,$400C_vol,3
97,$4000_duty,1
97,$4000_const,1
97,$4000_vol,10
97,$4004_duty,2
97,$4004_const,1
97,$4004_vol,8
97,$4008_linear,127
97,$400C_const,1
97,$400C_vol,6
98,$4000_duty,1
98,$4000_const,1
98,$4000_vol,1
98,$4004_duty,2
98,$4004_const,1
98,$4004_vol,8
98,$4008_linear,127
98,$400C_const,1
98,$400C_vol,5
99,$4000_duty,1
99,$4000_const,1
99,$4000_vol,2
99,$4004_duty,2
99,$4004_const,1
99,$4004_vol,1
99,$4008_linear,127
99,$400C_const,1
99,$400C_vol,4
100,$4000_duty,1
100,$4000_const,1
100,$4000_vol,3
100,$4004_duty,2
100,$4004_const,1
100,$4004_vol,2
100,$4008_linear,0
100,$400A_period,857
100,$400B_length,1
100,$400C_const,1
100,$400C_vol,0
100,$400C_const,1
100,$400C_vol,8
100,$400E_period,14
100,$400E_mode,0
100,$400C_const,1
100,$400C_vol,8
101,$4000_duty,1
101,$4000_const,1
101,$4000_vol,3
101,$4004_duty,2
101,$4004_const,1
101,$4004_vol,3
101,$4008_linear,0
101,$400E_period,3
101,$400E_mode,0
101,$400C_const,1
101,$400C_vol,8
102,$4000_duty,1
102,$4000_const,1
102,$4000_vol,3
102,$4004_duty,2
102,$4004_const,1
102,$4004_vol,3
102,$4008_linear,0
102,$400C_const,1
102,$400C_vol,3
102,$400E_period,7
102,$400E_mode,0
102,$400C_const,1
102,$400C_vol,3
103,$4000_duty,1
103,$4000_const,1
103,$4000_vol,3
103,$4004_duty,2
103,$4004_const,1
103,$4004_vol,3
103,$4008_linear,0
104,$4000_duty,1
104,$4000_const,1
104,$4000_vol,3
104,$4004_duty,2
104,$4004_const,1
104,$4004_vol,3
104,$4008_linear,0
104,$400C_const,1
104,$400C_vol,2
105,$4000_duty,1
105,$4000_const,1
105,$4000_vol,3
105,$4004_duty,2
105,$4004_const,1
105,$4004_vol,3
105,$4008_linear,0
106,$4002_period,857
106,$400B_length,1
106,$4000_duty,1
106,$4000_const,1
106,$4000_vol,6
106,$4006_period,1133
106,$4004_duty,2
106,$4004_const,1
106,$4004_vol,4
106,$400A_period,857
106,$400B_length,1
106,$4008_linear,127
106,$400C_const,1
106,$400C_vol,0
106,$400C_const,1
106,$400C_vol,8
106,$400E_period,14
106,$400E_mode,0
106,$400C_const,1
106,$400C_vol,8
107,$4000_duty,1
107,$4000_const,1
107,$4000_vol,9
107,$4004_duty,2
107,$4004_const,1
107,$4004_vol,7
107,$4008_linear,127
107,$400E_period,3
107,$400E_mode,0
107,$400C_const,1
107,$400C_vol,8
108,$4000_duty,1
108,$4000_const,1
108,$4000_vol,14
108,$4004_duty,2
108,$4004_const,1
108,$4004_vol,12
108,$4008_linear,127
108,$400C_const,1
108,$400C_vol,3
108,$400E_period,7
108,$400E_mode,0
108,$400C_const,1
108,$400C_vol,3
109,$4000_duty,1
109,$4000_const,1
109,$4000_vol,10
109,$4004_duty,2
109,$4004_const,1
109,$4004_vol,8
109,$4008_linear,127
110,$4000_duty,1
110,$4000_const,1
110,$4000_vol,1
110,$4004_duty,2
110,$4004_const,1
110,$4004_vol,8
110,$4008_linear,127
110,$400C_const,1
110,$400C_vol,2
111,$4000_duty,1
111,$4000_const,1
111,$4000_vol,2
111,$4004_duty,2
111,$4004_const,1
111,$4004_vol,1
111,$4008_linear,0
112,$4002_period,763
112,$400B_length,1
112,$4000_duty,1
112,$4000_const,1
112,$4000_vol,6
112,$4006_period,1133
112,$4004_duty,2
112,$4004_const,1
112,$4004_vol,4
112,$400A_period,857
112,$400B_length,1
112,$4008_linear,127
112,$400C_const,1
112,$400C_vol,0
112,$400C_const,1
112,$400C_vol,15
112,$400E_period,14
112,$400E_mode,0
112,$400C_const,1
112,$400C_vol,15
113,$4000_duty,1
113,$4000_const,1
113,$4000_vol,9
113,$4004_duty,2
113,$4004_const,1
113,$4004_vol,7
113,$4008_linear,127
113,$400E_period,3
113,$400E_mode,0
113,$400C_const,1
113,$400C_vol,15
114,$4000_duty,1
114,$4000_const,1
114,$4000_vol,14
114,$4004_duty,2
114,$4004_const,1
114,$4004_vol,12
114,$4008_linear,127
114,$400C_const,1
114,$400C_vol,4
114,$400E_period,7
114,$400E_mode,0
114,$400C_const,1
114,$400C_vol,4
115,$4000_duty,1
115,$4000_const,1
115,$4000_vol,10
115,$4004_duty,2
115,$4004_const,1
115,$4004_vol,8
115,$4008_linear,127
115,$400C_const,1
115,$400C_vol,3
116,$4000_duty,1
116,$4000_const,1
116,$4000_vol,10
116,$4004_duty,2
116,$4004_const,1
116,$4004_vol,8
116,$4008_linear,127
117,$4000_duty,1
117,$4000_const,1
117,$4000_vol,10
117,$4004_duty,2
117,$4004_const,1
117,$4004_vol,8
117,$4008_linear,0
117,$400C_const,1
117,$400C_vol,2
118,$4000_duty,1
118,$4000_const,1
118,$4000_vol,10
118,$4004_duty,2
118,$4004_const,1
118,$4004_vol,8
118,$4008_linear,0
119,$4000_duty,1
119,$4000_const,1
119,$4000_vol,10
119,$4004_duty,2
119,$4004_const,1
119,$4004_vol,8
119,$4008_linear,0
119,$400E_period,8
119,$400E_mode,0
119,$400C_const,1
119,$400C_vol,2
120,$4000_duty,1
120,$4000_const,1
120,$4000_vol,10
120,$4004_duty,2
120,$4004_const,1
120,$4004_vol,8
120,$4008_linear,0
121,$4000_duty,1
121,$4000_const,1
121,$4000_vol,10
121,$4004_duty,2
121,$4004_const,1
121,$4004_vol,8
121,$4008_linear,0
122,$4000_duty,1
122,$4000_const,1
122,$4000_vol,1
122,$4004_duty,2
122,$4004_const,1
122,$4004_vol,8
122,$4008_linear,0
123,$4000_duty,1
123,$4000_const,1
123,$4000_vol,2
123,$4004_duty,2
123,$4004_const,1
123,$4004_vol,1
123,$4008_linear,0
123,$400C_const,1
123,$400C_vol,1
124,$4002_period,857
124,$400B_length,1
124,$4000_duty,1
124,$4000_const,1
124,$4000_vol,6
124,$4006_period,1133
124,$4004_duty,2
124,$4004_const,1
124,$4004_vol,4
124,$400A_period,857
124,$400B_length,1
124,$4008_linear,127
124,$400C_const,1
124,$400C_vol,0
124,$400C_const,1
124,$400C_vol,8
124,$400E_period,14
124,$400E_mode,0
124,$400C_const,1
124,$400C_vol,8
125,$4000_duty,1
125,$4000_const,1
125,$4000_vol,9
125,$4004_duty,2
125,$4004_const,1
125,$4004_vol,7
125,$4008_linear,127
125,$400E_period,3
125,$400E_mode,0
125,$400C_const,1
125,$400C_vol,8
126,$4000_duty,1
126,$4000_const,1
126,$4000_vol,14
126,$4004_duty,2
126,$4004_const,1
126,$4004_vol,12
126,$4008_linear,127
126,$400C_const,1
126,$400C_vol,3
126,$400E_period,7
126,$400E_mode,0
126,$400C_const,1
126,$400C_vol,3
127,$4000_duty,1
127,$4000_const,1
127,$4000_vol,10
127,$4004_duty,2
127,$4004_const,1
127,$4004_vol,8
127,$4008_linear,127
128,$4000_duty,1
128,$4000_const,1
128,$4000_vol,10
128,$4004_duty,2
128,$4004_const,1
128,$4004_vol,8
128,$4008_linear,127
128,$400C_const,1
128,$400C_vol,2
129,$4000_duty,1
129,$4000_const,1
129,$4000_vol,10
129,$4004_duty,2
129,$4004_const,1
129,$4004_vol,8
129,$4008_linear,0
130,$4000_duty,1
130,$4000_const,1
130,$4000_vol,10
130,$4004_duty,2
130,$4004_const,1
130,$4004_vol,8
130,$400A_period,857
130,$400B_length,1
130,$4008_linear,127
130,$400C_const,1
130,$400C_vol,0
130,$4008_linear,127
130,$400A_period,961
130,$400B_length,1
130,$4008_linear,127
130,$400C_const,1
130,$400C_vol,10
130,$400E_period,5
130,$400E_mode,0
130,$400C_const,1
130,$400C_vol,10
131,$4000_duty,1
131,$4000_const,1
131,$4000_vol,10
131,$4004_duty,2
131,$4004_const,1
131,$4004_vol,8
131,$400A_period,1473
131,$400B_length,2
131,$4008_linear,127
131,$400E_period,6
131,$400E_mode,0
131,$400C_const,1
131,$400C_vol,10
131,$400C_const,1
131,$400C_vol,7
132,$4000_duty,1
132,$4000_const,1
132,$4000_vol,10
132,$4004_duty,2
132,$4004_const,1
132,$4004_vol,8
132,$4008_linear,127
132,$400E_period,7
132,$400E_mode,0
132,$400C_const,1
132,$400C_vol,7
132,$400C_const,1
132,$400C_vol,3
133,$4000_duty,1
133,$4000_const,1
133,$4000_vol,10
133,$4004_duty,2
133,$4004_const,1
133,$4004_vol,8
133,$4008_linear,127
133,$400C_const,1
133,$400C_vol,6
134,$4000_duty,1
134,$4000_const,1
134,$4000_vol,10
134,$4004_duty,2
134,$4004_const,1
134,$4004_vol,8
134,$4008_linear,127
134,$400C_const,1
134,$400C_vol,5
135,$4000_duty,1
135,$4000_const,1
135,$4000_vol,10
135,$4004_duty,2
135,$4004_const,1
135,$4004_vol,8
135,$4008_linear,127
135,$400C_const,1
135,$400C_vol,4
136,$4000_duty,1
136,$4000_const,1
136,$4000_vol,10
136,$4004_duty,2
136,$4004_const,1
136,$4004_vol,8
136,$4008_linear,0
136,$400A_period,857
136,$400B_length,1
136,$400C_const,1
136,$400C_vol,0
136,$400C_const,1
136,$400C_vol,8
136,$400E_period,14
136,$400E_mode,0
136,$400C_const,1
136,$400C_vol,8
137,$4000_duty,1
137,$4000_const,1
137,$4000_vol,10
137,$4004_duty,2
137,$4004_const,1
137,$4004_vol,8
137,$4008_linear,0
137,$400E_period,3
137,$400E_mode,0
137,$400C_const,1
137,$400C_vol,8
138,$4000_duty,1
138,$4000_const,1
138,$4000_vol,10
138,$4004_duty,2
138,$4004_const,1
138,$4004_vol,8
138,$4008_linear,0
138,$400C_const,1
138,$400C_vol,3
138,$400E_period,7
138,$400E_mode,0
138,$400C_const,1
138,$400C_vol,3
139,$4000_duty,1
139,$4000_const,1
139,$4000_vol,10
139,$4004_duty,2
139,$4004_const,1
139,$4004_vol,8
139,$4008_linear,0
140,$4000_duty,1
140,$4000_const,1
140,$4000_vol,1
140,$4004_duty,2
140,$4004_const,1
140,$4004_vol,8
140,$4008_linear,0
140,$400C_const,1
140,$400C_vol,2
141,$4000_duty,1
141,$4000_const,1
141,$4000_vol,2
141,$4004_duty,2
141,$4004_const,1
141,$4004_vol,1
141,$4008_linear,0
142,$4002_period,857
142,$400B_length,1
142,$4000_duty,1
142,$4000_const,1
142,$4000_vol,6
142,$4006_period,1133
142,$4004_duty,2
142,$4004_const,1
142,$4004_vol,4
142,$400A_period,857
142,$400B_length,1
142,$4008_linear,127
142,$400C_const,1
142,$400C_vol,0
142,$400C_const,1
142,$400C_vol,8
142,$400E_period,14
142,$400E_mode,0
142,$400C_const,1
142,$400C_vol,8
143,$4000_duty,1
143,$4000_const,1
143,$4000_vol,9
143,$4004_duty,2
143,$4004_const,1
143,$4004_vol,7
143,$4008_linear,127
143,$400E_period,3
143,$400E_mode,0
143,$400C_const,1
143,$400C_vol,8
144,$4000_duty,1
144,$4000_const,1
144,$4000_vol,14
144,$4004_duty,2
144,$4004_const,1
144,$4004_vol,12
144,$4008_linear,127
144,$400C_const,1
144,$400C_vol,3
144,$400E_period,7
144,$400E_mode,0
144,$400C_const,1
144,$400C_vol,3
145,$4000_duty,1
145,$4000_const,1
145,$4000_vol,10
145,$4004_duty,2
145,$4004_const,1
145,$4004_vol,8
145,$4008_linear,127
146,$4000_duty,1
146,$4000_const,1
146,$4000_vol,1
146,$4004_duty,2
146,$4004_const,1
146,$4004_vol,8
146,$4008_linear,127
146,$400C_const,1
146,$400C_vol,2
147,$4000_duty,1
147,$4000_const,1
147,$4000_vol,2
147,$4004_duty,2
147,$4004_const,1
147,$4004_vol,1
147,$4008_linear,0
148,$4002_period,763
148,$400B_length,1
148,$4000_duty,1
148,$4000_const,1
148,$4000_vol,6
148,$4006_period,1133
148,$4004_duty,2
148,$4004_const,1
148,$4004_vol,4
148,$400A_period,857
148,$400B_length,1
148,$4008_linear,127
148,$400C_const,1
148,$400C_vol,0
148,$400C_const,1
148,$400C_vol,15
148,$400E_period,14
148,$400E_mode,0
148,$400C_const,1
148,$400C_vol,15
149,$4000_duty,1
149,$4000_const,1
149,$4000_vol,9
149,$4004_duty,2
149,$4004_const,1
149,$4004_vol,7
149,$4008_linear,127
149,$400E_period,3
149,$400E_mode,0
149,$400C_const,1
149,$400C_vol,15
150,$4000_duty,1
150,$4000_const,1
150,$4000_vol,14
150,$4004_duty,2
150,$4004_const,1
150,$4004_vol,12
150,$4008_linear,127
150,$400C_const,1
150,$400C_vol,4
150,$400E_period,7
150,$400E_mode,0
150,$400C_const,1
150,$400C_vol,4
151,$4000_duty,1
151,$4000_const,1
151,$4000_vol,10
151,$4004_duty,2
151,$4004_const,1
151,$4004_vol,8
151,$4008_linear,127
151,$400C_const,1
151,$400C_vol,3
152,$4000_duty,1
152,$4000_const,1
152,$4000_vol,10
152,$4004_duty,2
152,$4004_const,1
152,$4004_vol,8
152,$4008_linear,127
153,$4000_duty,1
153,$4000_const,1
153,$4000_vol,10
153,$4004_duty,2
153,$4004_const,1
153,$4004_vol,8
153,$4008_linear,0
153,$400C_const,1
153,$400C_vol,2
154,$4000_duty,1
154,$4000_const,1
154,$4000_vol,10
154,$4004_duty,2
154,$4004_const,1
154,$4004_vol,8
154,$4008_linear,0
155,$4000_duty,1
155,$4000_const,1
155,$4000_vol,10
155,$4004_duty,2
155,$4004_const,1
155,$4004_vol,8
155,$4008_linear,0
155,$400E_period,8
155,$400E_mode,0
155,$400C_const,1
155,$400C_vol,2
156,$4000_duty,1
156,$4000_const,1
156,$4000_vol,10
156,$4004_duty,2
156,$4004_const,1
156,$4004_vol,8
156,$4008_linear,0
157,$4000_duty,1
157,$4000_const,1
157,$4000_vol,10
157,$4004_duty,2
157,$4004_const,1
157,$4004_vol,8
157,$4008_linear,0
158,$4000_duty,1
158,$4000_const,1
158,$4000_vol,1
158,$4004_duty,2
158,$4004_const,1
158,$4004_vol,8
158,$4008_linear,0
159,$4000_duty,1
159,$4000_const,1
159,$4000_vol,2
159,$4004_duty,2
159,$4004_const,1
159,$4004_vol,1
159,$4008_linear,0
159,$400C_const,1
159,$400C_vol,1
160,$4002_period,857
160,$400B_length,1
160,$4000_duty,1
160,$4000_const,1
160,$4000_vol,6
160,$4006_period,1133
160,$4004_duty,2
160,$4004_const,1
160,$4004_vol,4
160,$400A_period,857
160,$400B_length,1
160,$4008_linear,127
160,$400C_const,1
160,$400C_vol,0
160,$400C_const,1
160,$400C_vol,8
160,$400E_period,14
160,$400E_mode,0
160,$400C_const,1
160,$400C_vol,8
161,$4000_duty,1
161,$4000_const,1
161,$4000_vol,9
161,$4004_duty,2
161,$4004_const,1
161,$4004_vol,7
161,$4008_linear,127
161,$400E_period,3
161,$400E_mode,0
161,$400C_const,1
161,$400C_vol,8
162,$4000_duty,1
162,$4000_const,1
162,$4000_vol,14
162,$4004_duty,2
162,$4004_const,1
162,$4004_vol,12
162,$4008_linear,127
162,$400C_const,1
162,$400C_vol,3
162,$400E_period,7
162,$400E_mode,0
162,$400C_const,1
162,$400C_vol,3
163,$4000_duty,1
163,$4000_const,1
163,$4000_vol,10
163,$4004_duty,2
163,$4004_const,1
163,$4004_vol,8
163,$4008_linear,127
164,$4000_duty,1
164,$4000_const,1
164,$4000_vol,10
164,$4004_duty,2
164,$4004_const,1
164,$4004_vol,8
164,$4008_linear,127
164,$400C_const,1
164,$400C_vol,2
165,$4000_duty,1
165,$4000_const,1
165,$4000_vol,10
165,$4004_duty,2
165,$4004_const,1
165,$4004_vol,8
165,$4008_linear,0
166,$4000_duty,1
166,$4000_const,1
166,$4000_vol,10
166,$4004_duty,2
166,$4004_const,1
166,$4004_vol,8
166,$400A_period,857
166,$400B_length,1
166,$4008_linear,127
166,$400C_const,1
166,$400C_vol,0
166,$4008_linear,127
166,$400A_period,961
166,$400B_length,1
166,$4008_linear,127
166,$400C_const,1
166,$400C_vol,10
166,$400E_period,5
166,$400E_mode,0
166,$400C_const,1
166,$400C_vol,10
167,$4000_duty,1
167,$4000_const,1
167,$4000_vol,10
167,$4004_duty,2
167,$4004_const,1
167,$4004_vol,8
167,$400A_period,1473
167,$400B_length,2
167,$4008_linear,127
167,$400E_period,6
167,$400E_mode,0
167,$400C_const,1
167,$400C_vol,10
167,$400C_const,1
167,$400C_vol,7
168,$4000_duty,1
168,$4000_const,1
168,$4000_vol,10
168,$4004_duty,2
168,$4004_const,1
168,$4004_vol,8
168,$4008_linear,127
168,$400E_period,7
168,$400E_mode,0
168,$400C_const,1
168,$400C_vol,7
168,$400C_const,1
168,$400C_vol,3
169,$4000_duty,1
169,$4000_const,1
169,$4000_vol,10
169,$4004_duty,2
169,$4004_const,1
169,$4004_vol,8
169,$4008_linear,127
169,$400C_const,1
169,$400C_vol,6
170,$4000_duty,1
170,$4000_const,1
170,$4000_vol,10
170,$4004_duty,2
170,$4004_const,1
170,$4004_vol,8
170,$4008_linear,127
170,$400C_const,1
170,$400C_vol,5
171,$4000_duty,1
171,$4000_const,1
171,$4000_vol,10
171,$4004_duty,2
171,$4004_const,1
171,$4004_vol,8
171,$4008_linear,127
171,$400C_const,1
171,$400C_vol,4
172,$4000_duty,1
172,$4000_const,1
172,$4000_vol,10
172,$4004_duty,2
172,$4004_const,1
172,$4004_vol,8
172,$4008_linear,0
172,$400A_period,857
172,$400B_length,1
172,$400C_const,1
172,$400C_vol,0
172,$400C_const,1
172,$400C_vol,8
172,$400E_period,14
172,$400E_mode,0
172,$400C_const,1
172,$400C_vol,8
173,$4000_duty,1
173,$4000_const,1
173,$4000_vol,10
173,$4004_duty,2
173,$4004_const,1
173,$4004_vol,8
173,$4008_linear,0
173,$400E_period,3
173,$400E_mode,0
173,$400C_const,1
173,$400C_vol,8
174,$4000_duty,1
174,$4000_const,1
174,$4000_vol,10
174,$4004_duty,2
174,$4004_const,1
174,$4004_vol,8
174,$4008_linear,0
174,$400C_const,1
174,$400C_vol,3
174,$400E_period,7
174,$400E_mode,0
174,$400C_const,1
174,$400C_vol,3
175,$4000_duty,1
175,$4000_const,1
175,$4000_vol,10
175,$4004_duty,2
175,$4004_const,1
175,$4004_vol,8
175,$4008_linear,0
176,$4000_duty,1
176,$4000_const,1
176,$4000_vol,1
176,$4004_duty,2
176,$4004_const,1
176,$4004_vol,8
176,$4008_linear,0
176,$400C_const,1
176,$400C_vol,2
177,$4000_duty,1
177,$4000_const,1
177,$4000_vol,2
177,$4004_duty,2
177,$4004_const,1
177,$4004_vol,1
177,$4008_linear,0
178,$4002_period,857
178,$400B_length,1
178,$4000_duty,1
178,$4000_const,1
178,$4000_vol,6
178,$4006_period,1133
178,$4004_duty,2
178,$4004_const,1
178,$4004_vol,4
178,$400A_period,857
178,$400B_length,1
178,$4008_linear,127
178,$400C_const,1
178,$400C_vol,0
178,$400C_const,1
178,$400C_vol,8
178,$400E_period,14
178,$400E_mode,0
178,$400C_const,1
178,$400C_vol,8
179,$4000_duty,1
179,$4000_const,1
179,$4000_vol,9
179,$4004_duty,2
179,$4004_const,1
179,$4004_vol,7
179,$4008_linear,127
179,$400E_period,3
179,$400E_mode,0
179,$400C_const,1
179,$400C_vol,8
180,$4000_duty,1
180,$4000_const,1
180,$4000_vol,14
180,$4004_duty,2
180,$4004_const,1
180,$4004_vol,12
180,$4008_linear,127
180,$400C_const,1
180,$400C_vol,3
180,$400E_period,7
180,$400E_mode,0
180,$400C_const,1
180,$400C_vol,3
181,$4000_duty,1
181,$4000_const,1
181,$4000_vol,10
181,$4004_duty,2
181,$4004_const,1
181,$4004_vol,8
181,$4008_linear,127
182,$4000_duty,1
182,$4000_const,1
182,$4000_vol,1
182,$4004_duty,2
182,$4004_const,1
182,$4004_vol,8
182,$4008_linear,127
182,$400C_const,1
182,$400C_vol,2
183,$4000_duty,1
183,$4000_const,1
183,$4000_vol,2
183,$4004_duty,2
183,$4004_const,1
183,$4004_vol,1
183,$4008_linear,0
184,$4002_period,763
184,$400B_length,1
184,$4000_duty,1
184,$4000_const,1
184,$4000_vol,6
184,$4006_period,1133
184,$4004_duty,2
184,$4004_const,1
184,$4004_vol,4
184,$400A_period,857
184,$400B_length,1
184,$4008_linear,127
184,$400C_const,1
184,$400C_vol,0
184,$400C_const,1
184,$400C_vol,15
184,$400E_period,14
184,$400E_mode,0
184,$400C_const,1
184,$400C_vol,15
185,$4000_duty,1
185,$4000_const,1
185,$4000_vol,9
185,$4004_duty,2
185,$4004_const,1
185,$4004_vol,7
185,$4008_linear,127
185,$400E_period,3
185,$400E_mode,0
185,$400C_const,1
185,$400C_vol,15
186,$4000_duty,1
186,$4000_const,1
186,$4000_vol,14
186,$4004_duty,2
186,$4004_const,1
186,$4004_vol,12
186,$4008_linear,127
186,$400C_const,1
186,$400C_vol,4
186,$400E_period,7
186,$400E_mode,0
186,$400C_const,1
186,$400C_vol,4
187,$4000_duty,1
187,$4000_const,1
187,$4000_vol,10
187,$4004_duty,2
187,$4004_const,1
187,$4004_vol,8
187,$4008_linear,127
187,$400C_const,1
187,$400C_vol,3
188,$4000_duty,1
188,$4000_const,1
188,$4000_vol,10
188,$4004_duty,2
188,$4004_const,1
188,$4004_vol,8
188,$4008_linear,127
189,$4000_duty,1
189,$4000_const,1
189,$4000_vol,10
189,$4004_duty,2
189,$4004_const,1
189,$4004_vol,8
189,$4008_linear,0
189,$400C_const,1
189,$400C_vol,2
190,$4000_duty,1
190,$4000_const,1
190,$4000_vol,10
190,$4004_duty,2
190,$4004_const,1
190,$4004_vol,8
190,$4008_linear,0
191,$4000_duty,1
191,$4000_const,1
191,$4000_vol,10
191,$4004_duty,2
191,$4004_const,1
191,$4004_vol,8
191,$4008_linear,0
191,$400E_period,8
191,$400E_mode,0
191,$400C_const,1
191,$400C_vol,2
192,$4000_duty,1
192,$4000_const,1
192,$4000_vol,10
192,$4004_duty,2
192,$4004_const,1
192,$4004_vol,8
192,$4008_linear,0
193,$4000_duty,1
193,$4000_const,1
193,$4000_vol,10
193,$4004_duty,2
193,$4004_const,1
193,$4004_vol,8
193,$4008_linear,0
194,$4000_duty,1
194,$4000_const,1
194,$4000_vol,1
194,$4004_duty,2
194,$4004_const,1
194,$4004_vol,8
194,$4008_linear,0
195,$4000_duty,1
195,$4000_const,1
195,$4000_vol,2
195,$4004_duty,2
195,$4004_const,1
195,$4004_vol,1
195,$4008_linear,0
195,$400C_const,1
195,$400C_vol,1
196,$4002_period,857
196,$400B_length,1
196,$4000_duty,1
196,$4000_const,1
196,$4000_vol,6
196,$4006_period,1133
196,$4004_duty,2
196,$4004_const,1
196,$4004_vol,4
196,$400A_period,857
196,$400B_length,1
196,$4008_linear,127
196,$400C_const,1
196,$400C_vol,0
196,$400C_const,1
196,$400C_vol,8
196,$400E_period,14
196,$400E_mode,0
196,$400C_const,1
196,$400C_vol,8
197,$4000_duty,1
197,$4000_const,1
197,$4000_vol,9
197,$4004_duty,2
197,$4004_const,1
197,$4004_vol,7
197,$4008_linear,127
197,$400E_period,3
197,$400E_mode,0
197,$400C_const,1
197,$400C_vol,8
198,$4000_duty,1
198,$4000_const,1
198,$4000_vol,14
198,$4004_duty,2
198,$4004_const,1
198,$4004_vol,12
198,$4008_linear,127
198,$400C_const,1
198,$400C_vol,3
198,$400E_period,7
198,$400E_mode,0
198,$400C_const,1
198,$400C_vol,3
199,$4000_duty,1
199,$4000_const,1
199,$4000_vol,10
199,$4004_duty,2
199,$4004_const,1
199,$4004_vol,8
199,$4008_linear,127
200,$4000_duty,1
200,$4000_const,1
200,$4000_vol,10
200,$4004_duty,2
200,$4004_const,1
200,$4004_vol,8
200,$4008_linear,127
200,$400C_const,1
200,$400C_vol,2
201,$4000_duty,1
201,$4000_const,1
201,$4000_vol,10
201,$4004_duty,2
201,$4004_const,1
201,$4004_vol,8
201,$4008_linear,0
202,$4000_duty,1
202,$4000_const,1
202,$4000_vol,10
202,$4004_duty,2
202,$4004_const,1
202,$4004_vol,8
202,$400A_period,857
202,$400B_length,1
202,$4008_linear,127
202,$400C_const,1
202,$400C_vol,0
202,$4008_linear,127
202,$400A_period,961
202,$400B_length,1
202,$4008_linear,127
202,$400C_const,1
202,$400C_vol,10
202,$400E_period,5
202,$400E_mode,0
202,$400C_const,1
202,$400C_vol,10
203,$4000_duty,1
203,$4000_const,1
203,$4000_vol,10
203,$4004_duty,2
203,$4004_const,1
203,$4004_vol,8
203,$400A_period,1473
203,$400B_length,2
203,$4008_linear,127
203,$400E_period,6
203,$400E_mode,0
203,$400C_const,1
203,$400C_vol,10
203,$400C_const,1
203,$400C_vol,7
204,$4000_duty,1
204,$4000_const,1
204,$4000_vol,10
204,$4004_duty,2
204,$4004_const,1
204,$4004_vol,8
204,$4008_linear,127
204,$400E_period,7
204,$400E_mode,0
204,$400C_const,1
204,$400C_vol,7
204,$400C_const,1
204,$400C_vol,3
205,$4000_duty,1
205,$4000_const,1
205,$4000_vol,10
205,$4004_duty,2
205,$4004_const,1
205,$4004_vol,8
205,$4008_linear,127
205,$400C_const,1
205,$400C_vol,6
206,$4000_duty,1
206,$4000_const,1
206,$4000_vol,10
206,$4004_duty,2
206,$4004_const,1
206,$4004_vol,8
206,$4008_linear,127
206,$400C_const,1
206,$400C_vol,5
207,$4000_duty,1
207,$4000_const,1
207,$4000_vol,10
207,$4004_duty,2
207,$4004_const,1
207,$4004_vol,8
207,$4008_linear,127
207,$400C_const,1
207,$400C_vol,4
208,$4000_duty,1
208,$4000_const,1
208,$4000_vol,10
208,$4004_duty,2
208,$4004_const,1
208,$4004_vol,8
208,$4008_linear,0
208,$400A_period,857
208,$400B_length,1
208,$400C_const,1
208,$400C_vol,0
208,$400C_const,1
208,$400C_vol,8
208,$400E_period,14
208,$400E_mode,0
208,$400C_const,1
208,$400C_vol,8
209,$4000_duty,1
209,$4000_const,1
209,$4000_vol,10
209,$4004_duty,2
209,$4004_const,1
209,$4004_vol,8
209,$4008_linear,0
209,$400E_period,3
209,$400E_mode,0
209,$400C_const,1
209,$400C_vol,8
210,$4000_duty,1
210,$4000_const,1
210,$4000_vol,10
210,$4004_duty,2
210,$4004_const,1
210,$4004_vol,8
210,$4008_linear,0
210,$400C_const,1
210,$400C_vol,3
210,$400E_period,7
210,$400E_mode,0
210,$400C_const,1
210,$400C_vol,3
211,$4000_duty,1
211,$4000_const,1
211,$4000_vol,10
211,$4004_duty,2
211,$4004_const,1
211,$4004_vol,8
211,$4008_linear,0
212,$4000_duty,1
212,$4000_const,1
212,$4000_vol,1
212,$4004_duty,2
212,$4004_const,1
212,$4004_vol,8
212,$4008_linear,0
212,$400C_const,1
212,$400C_vol,2
213,$4000_duty,1
213,$4000_const,1
213,$4000_vol,2
213,$4004_duty,2
213,$4004_const,1
213,$4004_vol,1
213,$4008_linear,0
214,$4002_period,857
214,$400B_length,1
214,$4000_duty,1
214,$4000_const,1
214,$4000_vol,6
214,$4006_period,1133
214,$4004_duty,2
214,$4004_const,1
214,$4004_vol,4
214,$400A_period,857
214,$400B_length,1
214,$4008_linear,127
214,$400C_const,1
214,$400C_vol,0
214,$400C_const,1
214,$400C_vol,8
214,$400E_period,14
214,$400E_mode,0
214,$400C_const,1
214,$400C_vol,8
215,$4000_duty,1
215,$4000_const,1
215,$4000_vol,9
215,$4004_duty,2
215,$4004_const,1
215,$4004_vol,7
215,$4008_linear,127
215,$400E_period,3
215,$400E_mode,0
215,$400C_const,1
215,$400C_vol,8
216,$4000_duty,1
216,$4000_const,1
216,$4000_vol,14
216,$4004_duty,2
216,$4004_const,1
216,$4004_vol,12
216,$4008_linear,127
216,$400C_const,1
216,$400C_vol,3
216,$400E_period,7
216,$400E_mode,0
216,$400C_const,1
216,$400C_vol,3
217,$4000_duty,1
217,$4000_const,1
217,$4000_vol,10
217,$4004_duty,2
217,$4004_const,1
217,$4004_vol,8
217,$4008_linear,127
218,$4000_duty,1
218,$4000_const,1
218,$4000_vol,1
218,$4004_duty,2
218,$4004_const,1
218,$4004_vol,8
218,$4008_linear,127
218,$400C_const,1
218,$400C_vol,2
219,$4000_duty,1
219,$4000_const,1
219,$4000_vol,2
219,$4004_duty,2
219,$4004_const,1
219,$4004_vol,1
219,$4008_linear,0
220,$4002_period,763
220,$400B_length,1
220,$4000_duty,1
220,$4000_const,1
220,$4000_vol,6
220,$4006_period,1133
220,$4004_duty,2
220,$4004_const,1
220,$4004_vol,4
220,$400A_period,857
220,$400B_length,1
220,$4008_linear,127
220,$400C_const,1
220,$400C_vol,0
220,$400C_const,1
220,$400C_vol,15
220,$400E_period,14
220,$400E_mode,0
220,$400C_const,1
220,$400C_vol,15
221,$4000_duty,1
221,$4000_const,1
221,$4000_vol,9
221,$4004_duty,2
221,$4004_const,1
221,$4004_vol,7
221,$4008_linear,127
221,$400E_period,3
221,$400E_mode,0
221,$400C_const,1
221,$400C_vol,15
222,$4000_duty,1
222,$4000_const,1
222,$4000_vol,14
222,$4004_duty,2
222,$4004_const,1
222,$4004_vol,12
222,$4008_linear,127
222,$400C_const,1
222,$400C_vol,4
222,$400E_period,7
222,$400E_mode,0
222,$400C_const,1
222,$400C_vol,4
223,$4000_duty,1
223,$4000_const,1
223,$4000_vol,10
223,$4004_duty,2
223,$4004_const,1
223,$4004_vol,8
223,$4008_linear,127
223,$400C_const,1
223,$400C_vol,3
224,$4000_duty,1
224,$4000_const,1
224,$4000_vol,10
224,$4004_duty,2
224,$4004_const,1
224,$4004_vol,8
224,$4008_linear,127
225,$4000_duty,1
225,$4000_const,1
225,$4000_vol,10
225,$4004_duty,2
225,$4004_const,1
225,$4004_vol,8
225,$4008_linear,0
225,$400C_const,1
225,$400C_vol,2
226,$4000_duty,1
226,$4000_const,1
226,$4000_vol,10
226,$4004_duty,2
226,$4004_const,1
226,$4004_vol,8
226,$4008_linear,0
227,$4000_duty,1
227,$4000_const,1
227,$4000_vol,10
227,$4004_duty,2
227,$4004_const,1
227,$4004_vol,8
227,$4008_linear,0
227,$400E_period,8
227,$400E_mode,0
227,$400C_const,1
227,$400C_vol,2
228,$4000_duty,1
228,$4000_const,1
228,$4000_vol,10
228,$4004_duty,2
228,$4004_const,1
228,$4004_vol,8
228,$4008_linear,0
229,$4000_duty,1
229,$4000_const,1
229,$4000_vol,10
229,$4004_duty,2
229,$4004_const,1
229,$4004_vol,8
229,$4008_linear,0
230,$4000_duty,1
230,$4000_const,1
230,$4000_vol,1
230,$4004_duty,2
230,$4004_const,1
230,$4004_vol,8
230,$4008_linear,0
231,$4000_duty,1
231,$4000_const,1
231,$4000_vol,2
231,$4004_duty,2
231,$4004_const,1
231,$4004_vol,1
231,$4008_linear,0
231,$400C_const,1
231,$400C_vol,1
232,$4002_period,857
232,$400B_length,1
232,$4000_duty,1
232,$4000_const,1
232,$4000_vol,6
232,$4006_period,1133
232,$4004_duty,2
232,$4004_const,1
232,$4004_vol,4
232,$400A_period,857
232,$400B_length,1
232,$4008_linear,127
232,$400C_const,1
232,$400C_vol,0
232,$400C_const,1
232,$400C_vol,8
232,$400E_period,14
232,$400E_mode,0
232,$400C_const,1
232,$400C_vol,8
233,$4000_duty,1
233,$4000_const,1
233,$4000_vol,9
233,$4004_duty,2
233,$4004_const,1
233,$4004_vol,7
233,$4008_linear,127
233,$400E_period,3
233,$400E_mode,0
233,$400C_const,1
233,$400C_vol,8
234,$4000_duty,1
234,$4000_const,1
234,$4000_vol,14
234,$4004_duty,2
234,$4004_const,1
234,$4004_vol,12
234,$4008_linear,127
234,$400C_const,1
234,$400C_vol,3
234,$400E_period,7
234,$400E_mode,0
234,$400C_const,1
234,$400C_vol,3
235,$4000_duty,1
235,$4000_const,1
235,$4000_vol,10
235,$4004_duty,2
235,$4004_const,1
235,$4004_vol,8
235,$4008_linear,127
236,$4000_duty,1
236,$4000_const,1
236,$4000_vol,1
236,$4004_duty,2
236,$4004_const,1
236,$4004_vol,8
236,$4008_linear,127
236,$400C_const,1
236,$400C_vol,2
237,$4000_duty,1
237,$4000_const,1
237,$4000_vol,2
237,$4004_duty,2
237,$4004_const,1
237,$4004_vol,1
237,$4008_linear,0
238,$4000_duty,1
238,$4000_const,1
238,$4000_vol,3
238,$4004_duty,2
238,$4004_const,1
238,$4004_vol,2
238,$400A_period,763
238,$400B_length,1
238,$4008_linear,127
238,$400C_const,1
238,$400C_vol,0
238,$4008_linear,127
238,$400A_period,961
238,$400B_length,1
238,$4008_linear,127
238,$400C_const,1
238,$400C_vol,10
238,$400E_period,5
238,$400E_mode,0
238,$400C_const,1
238,$400C_vol,10
239,$4000_duty,1
239,$4000_const,1
239,$4000_vol,3
239,$4004_duty,2
239,$4004_const,1
239,$4004_vol,3
239,$400A_period,1473
239,$400B_length,2
239,$4008_linear,127
239,$400E_period,6
239,$400E_mode,0
239,$400C_const,1
239,$400C_vol,10
239,$400C_const,1
239,$400C_vol,7
240,$4000_duty,1
240,$4000_const,1
240,$4000_vol,3
240,$4004_duty,2
240,$4004_const,1
240,$4004_vol,3
240,$4008_linear,127
240,$400E_period,7
240,$400E_mode,0
240,$400C_const,1
240,$400C_vol,7
240,$400C_const,1
240,$400C_vol,3
241,$4000_duty,1
241,$4000_const,1
241,$4000_vol,3
241,$4004_duty,2
241,$4004_const,1
241,$4004_vol,3
241,$4008_linear,127
241,$400C_const,1
241,$400C_vol,6
242,$4000_duty,1
242,$4000_const,1
242,$4000_vol,3
242,$4004_duty,2
242,$4004_const,1
242,$4004_vol,3
242,$4008_linear,127
242,$400C_const,1
242,$400C_vol,5
243,$4000_duty,1
243,$4000_const,1
243,$4000_vol,3
243,$4004_duty,2
243,$4004_const,1
243,$4004_vol,3
243,$4008_linear,127
243,$400C_const,1
243,$400C_vol,4
244,$4000_duty,1
244,$4000_const,1
244,$4000_vol,3
244,$4004_duty,2
244,$4004_const,1
244,$4004_vol,3
244,$4008_linear,0
244,$400A_period,763
244,$400B_length,1
244,$400C_const,1
244,$400C_vol,0
244,$400C_const,1
244,$400C_vol,8
244,$400E_period,14
244,$400E_mode,0
244,$400C_const,1
244,$400C_vol,8
245,$4000_duty,1
245,$4000_const,1
245,$4000_vol,3
245,$4004_duty,2
245,$4004_const,1
245,$4004_vol,3
245,$4008_linear,0
245,$400E_period,3
245,$400E_mode,0
245,$400C_const,1
245,$400C_vol,8
246,$4000_duty,1
246,$4000_const,1
246,$4000_vol,2
246,$4004_duty,2
246,$4004_const,1
246,$4004_vol,3
246,$4008_linear,0
246,$400C_const,1
246,$400C_vol,3
246,$400E_period,7
246,$400E_mode,0
246,$400C_const,1
246,$400C_vol,3
247,$4000_duty,1
247,$4000_const,1
247,$4000_vol,2
247,$4004_duty,2
247,$4004_const,1
247,$4004_vol,2
247,$4008_linear,0
248,$4000_duty,1
248,$4000_const,1
248,$4000_vol,2
248,$4004_duty,2
248,$4004_const,1
248,$4004_vol,2
248,$4008_linear,0
248,$400C_const,1
248,$400C_vol,2
249,$4000_duty,1
249,$4000_const,1
249,$4000_vol,2
249,$4004_duty,2
249,$4004_const,1
249,$4004_vol,2
249,$4008_linear,0
250,$4000_duty,1
250,$4000_const,1
250,$4000_vol,2
250,$4004_duty,2
250,$4004_const,1
250,$4004_vol,2
250,$400A_period,763
250,$400B_length,1
250,$4008_linear,127
250,$400C_const,1
250,$400C_vol,0
250,$400C_const,1
250,$400C_vol,8
250,$400E_period,14
250,$400E_mode,0
250,$400C_const,1
250,$400C_vol,8
251,$4000_duty,1
251,$4000_const,1
251,$4000_vol,2
251,$4004_duty,2
251,$4004_const,1
251,$4004_vol,2
251,$4008_linear,127
251,$400E_period,3
251,$400E_mode,0
251,$400C_const,1
251,$400C_vol,8
252,$4000_duty,1
252,$4000_const,1
252,$4000_vol,2
252,$4004_duty,2
252,$4004_const,1
252,$4004_vol,2
252,$4008_linear,127
252,$400C_const,1
252,$400C_vol,3
252,$400E_period,7
252,$400E_mode,0
252,$400C_const,1
252,$400C_vol,3
253,$4000_duty,1
253,$4000_const,1
253,$4000_vol,2
253,$4004_duty,2
253,$4004_const,1
253,$4004_vol,2
253,$4008_linear,127
254,$4000_duty,1
254,$4000_const,1
254,$4000_vol,2
254,$4004_duty,2
254,$4004_const,1
254,$4004_vol,2
254,$4008_linear,127
254,$400C_const,1
254,$400C_vol,2
255,$4000_duty,1
255,$4000_const,1
255,$4000_vol,2
255,$4004_duty,2
255,$4004_const,1
255,$4004_vol,2
255,$4008_linear,0
256,$4002_period,763
256,$400B_length,1
256,$4000_duty,1
256,$4000_const,1
256,$4000_vol,6
256,$4006_period,1017
256,$4004_duty,2
256,$4004_const,1
256,$4004_vol,4
256,$400A_period,763
256,$400B_length,1
256,$4008_linear,127
256,$400C_const,1
256,$400C_vol,0
256,$400C_const,1
256,$400C_vol,15
256,$400E_period,14
256,$400E_mode,0
256,$400C_const,1
256,$400C_vol,15
257,$4000_duty,1
257,$4000_const,1
257,$4000_vol,9
257,$4004_duty,2
257,$4004_const,1
257,$4004_vol,7
257,$4008_linear,127
257,$400E_period,3
257,$400E_mode,0
257,$400C_const,1
257,$400C_vol,15
258,$4000_duty,1
258,$4000_const,1
258,$4000_vol,14
258,$4004_duty,2
258,$4004_const,1
258,$4004_vol,12
258,$4008_linear,127
258,$400C_const,1
258,$400C_vol,4
258,$400E_period,7
258,$400E_mode,0
258,$400C_const,1
258,$400C_vol,4
259,$4000_duty,1
259,$4000_const,1
259,$4000_vol,10
259,$4004_duty,2
259,$4004_const,1
259,$4004_vol,8
259,$4008_linear,127
259,$400C_const,1
259,$400C_vol,3
260,$4000_duty,1
260,$4000_const,1
260,$4000_vol,1
260,$4004_duty,2
260,$4004_const,1
260,$4004_vol,8
260,$4008_linear,127
261,$4000_duty,1
261,$4000_const,1
261,$4000_vol,2
261,$4004_duty,2
261,$4004_const,1
261,$4004_vol,1
261,$4008_linear,0
261,$400C_const,1
261,$400C_vol,2
262,$4000_duty,1
262,$4000_const,1
262,$4000_vol,3
262,$4004_duty,2
262,$4004_const,1
262,$4004_vol,2
262,$4008_linear,0
263,$4000_duty,1
263,$4000_const,1
263,$4000_vol,3
263,$4004_duty,2
263,$4004_const,1
263,$4004_vol,3
263,$4008_linear,0
263,$400E_period,8
263,$400E_mode,0
263,$400C_const,1
263,$400C_vol,2
264,$4000_duty,1
264,$4000_const,1
264,$4000_vol,3
264,$4004_duty,2
264,$4004_const,1
264,$4004_vol,3
264,$4008_linear,0
265,$4000_duty,1
265,$4000_const,1
265,$4000_vol,3
265,$4004_duty,2
265,$4004_const,1
265,$4004_vol,3
265,$4008_linear,0
266,$4000_duty,1
266,$4000_const,1
266,$4000_vol,3
266,$4004_duty,2
266,$4004_const,1
266,$4004_vol,3
266,$4008_linear,0
267,$4000_duty,1
267,$4000_const,1
267,$4000_vol,3
267,$4004_duty,2
267,$4004_const,1
267,$4004_vol,3
267,$4008_linear,0
267,$400C_const,1
267,$400C_vol,1
268,$4002_period,763
268,$400B_length,1
268,$4000_duty,1
268,$4000_const,1
268,$4000_vol,6
268,$4006_period,1017
268,$4004_duty,2
268,$4004_const,1
268,$4004_vol,4
268,$400A_period,763
268,$400B_length,1
268,$4008_linear,127
268,$400C_const,1
268,$400C_vol,0
268,$400C_const,1
268,$400C_vol,8
268,$400E_period,14
268,$400E_mode,0
268,$400C_const,1
268,$400C_vol,8
269,$4000_duty,1
269,$4000_const,1
269,$4000_vol,9
269,$4004_duty,2
269,$4004_const,1
269,$4004_vol,7
269,$4008_linear,127
269,$400E_period,3
269,$400E_mode,0
269,$400C_const,1
269,$400C_vol,8
270,$4000_duty,1
270,$4000_const,1
270,$4000_vol,14
270,$4004_duty,2
270,$4004_const,1
270,$4004_vol,12
270,$4008_linear,127
270,$400C_const,1
270,$400C_vol,3
270,$400E_period,7
270,$400E_mode,0
270,$400C_const,1
270,$400C_vol,3
271,$4000_duty,1
271,$4000_const,1
271,$4000_vol,10
271,$4004_duty,2
271,$4004_const,1
271,$4004_vol,8
271,$4008_linear,127
272,$4000_duty,1
272,$4000_const,1
272,$4000_vol,1
272,$4004_duty,2
272,$4004_const,1
272,$4004_vol,8
272,$4008_linear,127
272,$400C_const,1
272,$400C_vol,2
273,$4000_duty,1
273,$4000_const,1
273,$4000_vol,2
273,$4004_duty,2
273,$4004_const,1
273,$4004_vol,1
273,$4008_linear,0
274,$4002_period,679
274,$400B_length,1
274,$4000_duty,1
274,$4000_const,1
274,$4000_vol,6
274,$4006_period,1017
274,$4004_duty,2
274,$4004_const,1
274,$4004_vol,4
274,$400A_period,763
274,$400B_length,1
274,$4008_linear,127
274,$400C_const,1
274,$400C_vol,0
274,$4008_linear,127
274,$400A_period,961
274,$400B_length,1
274,$4008_linear,127
274,$400C_const,1
274,$400C_vol,10
274,$400E_period,5
274,$400E_mode,0
274,$400C_const,1
274,$400C_vol,10
275,$4000_duty,1
275,$4000_const,1
275,$4000_vol,9
275,$4004_duty,2
275,$4004_const,1
275,$4004_vol,7
275,$400A_period,1473
275,$400B_length,2
275,$4008_linear,127
275,$400E_period,6
275,$400E_mode,0
275,$400C_const,1
275,$400C_vol,10
275,$400C_const,1
275,$400C_vol,7
276,$4000_duty,1
276,$4000_const,1
276,$4000_vol,14
276,$4004_duty,2
276,$4004_const,1
276,$4004_vol,12
276,$4008_linear,127
276,$400E_period,7
276,$400E_mode,0
276,$400C_const,1
276,$400C_vol,7
276,$400C_const,1
276,$400C_vol,3
277,$4000_duty,1
277,$4000_const,1
277,$4000_vol,10
277,$4004_duty,2
277,$4004_const,1
277,$4004_vol,8
277,$4008_linear,127
277,$400C_const,1
277,$400C_vol,6
278,$4000_duty,1
278,$4000_const,1
278,$4000_vol,10
278,$4004_duty,2
278,$4004_const,1
278,$4004_vol,8
278,$4008_linear,127
278,$400C_const,1
278,$400C_vol,5
279,$4000_duty,1
279,$4000_const,1
279,$4000_vol,10
279,$4004_duty,2
279,$4004_const,1
279,$4004_vol,8
279,$4008_linear,127
279,$400C_const,1
279,$400C_vol,4
280,$4000_duty,1
280,$4000_const,1
280,$4000_vol,10
280,$4004_duty,2
280,$4004_const,1
280,$4004_vol,8
280,$4008_linear,0
280,$400A_period,763
280,$400B_length,1
280,$400C_const,1
280,$400C_vol,0
280,$400C_const,1
280,$400C_vol,8
280,$400E_period,14
280,$400E_mode,0
280,$400C_const,1
280,$400C_vol,8
281,$4000_duty,1
281,$4000_const,1
281,$4000_vol,10
281,$4004_duty,2
281,$4004_const,1
281,$4004_vol,8
281,$4008_linear,0
281,$400E_period,3
281,$400E_mode,0
281,$400C_const,1
281,$400C_vol,8
282,$4000_duty,1
282,$4000_const,1
282,$4000_vol,10
282,$4004_duty,2
282,$4004_const,1
282,$4004_vol,8
282,$4008_linear,0
282,$400C_const,1
282,$400C_vol,3
282,$400E_period,7
282,$400E_mode,0
282,$400C_const,1
282,$400C_vol,3
283,$4000_duty,1
283,$4000_const,1
283,$4000_vol,10
283,$4004_duty,2
283,$4004_const,1
283,$4004_vol,8
283,$4008_linear,0
284,$4000_duty,1
284,$4000_const,1
284,$4000_vol,1
284,$4004_duty,2
284,$4004_const,1
284,$4004_vol,8
284,$4008_linear,0
284,$400C_const,1
284,$400C_vol,2
285,$4000_duty,1
285,$4000_const,1
285,$4000_vol,2
285,$4004_duty,2
285,$4004_const,1
285,$4004_vol,1
285,$4008_linear,0
286,$4002_period,605
286,$400B_length,1
286,$4000_duty,1
286,$4000_const,1
286,$4000_vol,6
286,$4006_period,763
286,$4004_duty,2
286,$4004_const,1
286,$4004_vol,4
286,$400A_period,763
286,$400B_length,1
286,$4008_linear,127
286,$400C_const,1
286,$400C_vol,0
286,$400C_const,1
286,$400C_vol,8
286,$400E_period,14
286,$400E_mode,0
286,$400C_const,1
286,$400C_vol,8
287,$4000_duty,1
287,$4000_const,1
287,$4000_vol,9
287,$4004_duty,2
287,$4004_const,1
287,$4004_vol,7
287,$4008_linear,127
287,$400E_period,3
287,$400E_mode,0
287,$400C_const,1
287,$400C_vol,8
288,$4000_duty,1
288,$4000_const,1
288,$4000_vol,14
288,$4004_duty,2
288,$4004_const,1
288,$4004_vol,12
288,$4008_linear,127
288,$400C_const,1
288,$400C_vol,3
288,$400E_period,7
288,$400E_mode,0
288,$400C_const,1
288,$400C_vol,3
289,$4000_duty,1
289,$4000_const,1
289,$4000_vol,10
289,$4004_duty,2
289,$4004_const,1
289,$4004_vol,8
289,$4008_linear,127
290,$4000_duty,1
290,$4000_const,1
290,$4000_vol,10
290,$4004_duty,2
290,$4004_const,1
290,$4004_vol,8
290,$4008_linear,127
290,$400C_const,1
290,$400C_vol,2
291,$4000_duty,1
291,$4000_const,1
291,$4000_vol,10
291,$4004_duty,2
291,$4004_const,1
291,$4004_vol,8
291,$4008_linear,0
292,$4000_duty,1
292,$4000_const,1
292,$4000_vol,10
292,$4004_duty,2
292,$4004_const,1
292,$4004_vol,8
292,$400A_period,763
292,$400B_length,1
292,$4008_linear,127
292,$400C_const,1
292,$400C_vol,0
292,$400C_const,1
292,$400C_vol,15
292,$400E_period,14
292,$400E_mode,0
292,$400C_const,1
292,$400C_vol,15
293,$4000_duty,1
293,$4000_const,1
293,$4000_vol,10
293,$4004_duty,2
293,$4004_const,1
293,$4004_vol,8
293,$4008_linear,127
293,$400E_period,3
293,$400E_mode,0
293,$400C_const,1
293,$400C_vol,15
294,$4000_duty,1
294,$4000_const,1
294,$4000_vol,10
294,$4004_duty,2
294,$4004_const,1
294,$4004_vol,8
294,$4008_linear,127
294,$400C_const,1
294,$400C_vol,4
294,$400E_period,7
294,$400E_mode,0
294,$400C_const,1
294,$400C_vol,4
295,$4000_duty,1
295,$4000_const,1
295,$4000_vol,10
295,$4004_duty,2
295,$4004_const,1
295,$4004_vol,8
295,$4008_linear,127
295,$400C_const,1
295,$400C_vol,3
296,$4000_duty,1
296,$4000_const,1
296,$4000_vol,10
296,$4004_duty,2
296,$4004_const,1
296,$4004_vol,8
296,$4008_linear,127
297,$4000_duty,1
297,$4000_const,1
297,$4000_vol,10
297,$4004_duty,2
297,$4004_const,1
297,$4004_vol,8
297,$4008_linear,0
297,$400C_const,1
297,$400C_vol,2
298,$4000_duty,1
298,$4000_const,1
298,$4000_vol,10
298,$4004_duty,2
298,$4004_const,1
298,$4004_vol,8
298,$4008_linear,0
299,$4000_duty,1
299,$4000_const,1
299,$4000_vol,10
299,$4004_duty,2
299,$4004_const,1
299,$4004_vol,8
299,$4008_linear,0
299,$400E_period,8
299,$400E_mode,0
299,$400C_const,1
299,$400C_vol,2
300,$4000_duty,1
300,$4000_const,1
300,$4000_vol,10
300,$4004_duty,2
300,$4004_const,1
300,$4004_vol,8
300,$4008_linear,0
301,$4000_duty,1
301,$4000_const,1
301,$4000_vol,10
301,$4004_duty,2
301,$4004_const,1
301,$4004_vol,8
301,$4008_linear,0
302,$4000_duty,1
302,$4000_const,1
302,$4000_vol,10
302,$4004_duty,2
302,$4004_const,1
302,$4004_vol,8
302,$4008_linear,0
303,$4000_duty,1
303,$4000_const,1
303,$4000_vol,10
303,$4004_duty,2
303,$4004_const,1
303,$4004_vol,8
303,$4008_linear,0
303,$400C_const,1
303,$400C_vol,1
304,$4000_duty,1
304,$4000_const,1
304,$4000_vol,10
304,$4004_duty,2
304,$4004_const,1
304,$4004_vol,8
304,$400A_period,763
304,$400B_length,1
304,$4008_linear,127
304,$400C_const,1
304,$400C_vol,0
304,$400C_const,1
304,$400C_vol,8
304,$400E_period,14
304,$400E_mode,0
304,$400C_const,1
304,$400C_vol,8
305,$4000_duty,1
305,$4000_const,1
305,$4000_vol,10
305,$4004_duty,2
305,$4004_const,1
305,$4004_vol,8
305,$4008_linear,127
305,$400E_period,3
305,$400E_mode,0
305,$400C_const,1
305,$400C_vol,8
306,$4000_duty,1
306,$4000_const,1
306,$4000_vol,10
306,$4004_duty,2
306,$4004_const,1
306,$4004_vol,8
306,$4008_linear,127
306,$400C_const,1
306,$400C_vol,3
306,$400E_period,7
306,$400E_mode,0
306,$400C_const,1
306,$400C_vol,3
307,$4000_duty,1
307,$4000_const,1
307,$4000_vol,10
307,$4004_duty,2
307,$4004_const,1
307,$4004_vol,8
307,$4008_linear,127
308,$4000_duty,1
308,$4000_const,1
308,$4000_vol,1
308,$4004_duty,2
308,$4004_const,1
308,$4004_vol,8
308,$4008_linear,127
308,$400C_const,1
308,$400C_vol,2
309,$4000_duty,1
309,$4000_const,1
309,$4000_vol,2
309,$4004_duty,2
309,$4004_const,1
309,$4004_vol,1
309,$4008_linear,0
310,$4002_period,571
310,$400B_length,1
310,$4000_duty,1
310,$4000_const,1
310,$4000_vol,6
310,$4006_period,763
310,$4004_duty,2
310,$4004_const,1
310,$4004_vol,4
310,$400A_period,763
310,$400B_length,1
310,$4008_linear,127
310,$400C_const,1
310,$400C_vol,0
310,$4008_linear,127
310,$400A_period,961
310,$400B_length,1
310,$4008_linear,127
310,$400C_const,1
310,$400C_vol,10
310,$400E_period,5
310,$400E_mode,0
310,$400C_const,1
310,$400C_vol,10
311,$4000_duty,1
311,$4000_const,1
311,$4000_vol,9
311,$4004_duty,2
311,$4004_const,1
311,$4004_vol,7
311,$400A_period,1473
311,$400B_length,2
311,$4008_linear,127
311,$400E_period,6
311,$400E_mode,0
311,$400C_const,1
311,$400C_vol,10
311,$400C_const,1
311,$400C_vol,7
312,$4000_duty,1
312,$4000_const,1
312,$4000_vol,14
312,$4004_duty,2
312,$4004_const,1
312,$4004_vol,12
312,$4008_linear,127
312,$400E_period,7
312,$400E_mode,0
312,$400C_const,1
312,$400C_vol,7
312,$400C_const,1
312,$400C_vol,3
313,$4000_duty,1
313,$4000_const,1
313,$4000_vol,10
313,$4004_duty,2
313,$4004_const,1
313,$4004_vol,8
313,$4008_linear,127
313,$400C_const,1
313,$400C_vol,6
314,$4000_duty,1
314,$4000_const,1
314,$4000_vol,10
314,$4004_duty,2
314,$4004_const,1
314,$4004_vol,8
314,$4008_linear,127
314,$400C_const,1
314,$400C_vol,5
315,$4000_duty,1
315,$4000_const,1
315,$4000_vol,10
315,$4004_duty,2
315,$4004_const,1
315,$4004_vol,8
315,$4008_linear,127
315,$400C_const,1
315,$400C_vol,4
316,$4000_duty,1
316,$4000_const,1
316,$4000_vol,10
316,$4004_duty,2
316,$4004_const,1
316,$4004_vol,8
316,$4008_linear,0
316,$400A_period,763
316,$400B_length,1
316,$400C_const,1
316,$400C_vol,0
316,$400C_const,1
316,$400C_vol,8
316,$400E_period,14
316,$400E_mode,0
316,$400C_const,1
316,$400C_vol,8
317,$4000_duty,1
317,$4000_const,1
317,$4000_vol,10
317,$4004_duty,2
317,$4004_const,1
317,$4004_vol,8
317,$4008_linear,0
317,$400E_period,3
317,$400E_mode,0
317,$400C_const,1
317,$400C_vol,8
318,$4000_duty,1
318,$4000_const,1
318,$4000_vol,10
318,$4004_duty,2
318,$4004_const,1
318,$4004_vol,8
318,$4008_linear,0
318,$400C_const,1
318,$400C_vol,3
318,$400E_period,7
318,$400E_mode,0
318,$400C_const,1
318,$400C_vol,3
319,$4000_duty,1
319,$4000_const,1
319,$4000_vol,10
319,$4004_duty,2
319,$4004_const,1
319,$4004_vol,8
319,$4008_linear,0
320,$4000_duty,1
320,$4000_const,1
320,$4000_vol,10
320,$4004_duty,2
320,$4004_const,1
320,$4004_vol,8
320,$4008_linear,0
320,$400C_const,1
320,$400C_vol,2
321,$4000_duty,1
321,$4000_const,1
321,$4000_vol,10
321,$4004_duty,2
321,$4004_const,1
321,$4004_vol,8
321,$4008_linear,0
322,$4000_duty,1
322,$4000_const,1
322,$4000_vol,10
322,$4004_duty,2
322,$4004_const,1
322,$4004_vol,8
322,$400A_period,763
322,$400B_length,1
322,$4008_linear,127
322,$400C_const,1
322,$400C_vol,0
322,$400C_const,1
322,$400C_vol,8
322,$400E_period,14
322,$400E_mode,0
322,$400C_const,1
322,$400C_vol,8
323,$4000_duty,1
323,$4000_const,1
323,$4000_vol,10
323,$4004_duty,2
323,$4004_const,1
323,$4004_vol,8
323,$4008_linear,127
323,$400E_period,3
323,$400E_mode,0
323,$400C_const,1
323,$400C_vol,8
324,$4000_duty,1
324,$4000_const,1
324,$4000_vol,10
324,$4004_duty,2
324,$4004_const,1
324,$4004_vol,8
324,$4008_linear,127
324,$400C_const,1
324,$400C_vol,3
324,$400E_period,7
324,$400E_mode,0
324,$400C_const,1
324,$400C_vol,3
325,$4000_duty,1
325,$4000_const,1
325,$4000_vol,10
325,$4004_duty,2
325,$4004_const,1
325,$4004_vol,8
325,$4008_linear,127
326,$4000_duty,1
326,$4000_const,1
326,$4000_vol,1
326,$4004_duty,2
326,$4004_const,1
326,$4004_vol,8
326,$4008_linear,127
326,$400C_const,1
326,$400C_vol,2
327,$4000_duty,1
327,$4000_const,1
327,$4000_vol,2
327,$4004_duty,2
327,$4004_const,1
327,$4004_vol,1
327,$4008_linear,0
328,$4002_period,605
328,$400B_length,1
328,$4000_duty,1
328,$4000_const,1
328,$4000_vol,6
328,$4006_period,763
328,$4004_duty,2
328,$4004_const,1
328,$4004_vol,4
328,$400A_period,763
328,$400B_length,1
328,$4008_linear,127
328,$400C_const,1
328,$400C_vol,0
328,$400C_const,1
328,$400C_vol,15
328,$400E_period,14
328,$400E_mode,0
328,$400C_const,1
328,$400C_vol,15
329,$4000_duty,1
329,$4000_const,1
329,$4000_vol,9
329,$4004_duty,2
329,$4004_const,1
329,$4004_vol,7
329,$4008_linear,127
329,$400E_period,3
329,$400E_mode,0
329,$400C_const,1
329,$400C_vol,15
330,$4000_duty,1
330,$4000_const,1
330,$4000_vol,14
330,$4004_duty,2
330,$4004_const,1
330,$4004_vol,12
330,$4008_linear,127
330,$400C_const,1
330,$400C_vol,4
330,$400E_period,7
330,$400E_mode,0
330,$400C_const,1
330,$400C_vol,4
331,$4000_duty,1
331,$4000_const,1
331,$4000_vol,10
331,$4004_duty,2
331,$4004_const,1
331,$4004_vol,8
331,$4008_linear,127
331,$400C_const,1
331,$400C_vol,3
332,$4000_duty,1
332,$4000_const,1
332,$4000_vol,10
332,$4004_duty,2
332,$4004_const,1
332,$4004_vol,8
332,$4008_linear,127
333,$4000_duty,1
333,$4000_const,1
333,$4000_vol,10
333,$4004_duty,2
333,$4004_const,1
333,$4004_vol,8
333,$4008_linear,0
333,$400C_const,1
333,$400C_vol,2
334,$4000_duty,1
334,$4000_const,1
334,$4000_vol,10
334,$4004_duty,2
334,$4004_const,1
334,$4004_vol,8
334,$4008_linear,0
335,$4000_duty,1
335,$4000_const,1
335,$4000_vol,10
335,$4004_duty,2
335,$4004_const,1
335,$4004_vol,8
335,$4008_linear,0
335,$400E_period,8
335,$400E_mode,0
335,$400C_const,1
335,$400C_vol,2
336,$4000_duty,1
336,$4000_const,1
336,$4000_vol,10
336,$4004_duty,2
336,$4004_const,1
336,$4004_vol,8
336,$4008_linear,0
337,$4000_duty,1
337,$4000_const,1
337,$4000_vol,10
337,$4004_duty,2
337,$4004_const,1
337,$4004_vol,8
337,$4008_linear,0
338,$4000_duty,1
338,$4000_const,1
338,$4000_vol,10
338,$4004_duty,2
338,$4004_const,1
338,$4004_vol,8
338,$4008_linear,0
339,$4000_duty,1
339,$4000_const,1
339,$4000_vol,10
339,$4004_duty,2
339,$4004_const,1
339,$4004_vol,8
339,$4008_linear,0
339,$400C_const,1
339,$400C_vol,1
340,$4000_duty,1
340,$4000_const,1
340,$4000_vol,10
340,$4004_duty,2
340,$4004_const,1
340,$4004_vol,8
340,$400A_period,763
340,$400B_length,1
340,$4008_linear,127
340,$400C_const,1
340,$400C_vol,0
340,$400C_const,1
340,$400C_vol,8
340,$400E_period,14
340,$400E_mode,0
340,$400C_const,1
340,$400C_vol,8
341,$4000_duty,1
341,$4000_const,1
341,$4000_vol,10
341,$4004_duty,2
341,$4004_const,1
341,$4004_vol,8
341,$4008_linear,127
341,$400E_period,3
341,$400E_mode,0
341,$400C_const,1
341,$400C_vol,8
342,$4000_duty,1
342,$4000_const,1
342,$4000_vol,10
342,$4004_duty,2
342,$4004_const,1
342,$4004_vol,8
342,$4008_linear,127
342,$400C_const,1
342,$400C_vol,3
342,$400E_period,7
342,$400E_mode,0
342,$400C_const,1
342,$400C_vol,3
343,$4000_duty,1
343,$4000_const,1
343,$4000_vol,10
343,$4004_duty,2
343,$4004_const,1
343,$4004_vol,8
343,$4008_linear,127
344,$4000_duty,1
344,$4000_const,1
344,$4000_vol,1
344,$4004_duty,2
344,$4004_const,1
344,$4004_vol,8
344,$4008_linear,127
344,$400C_const,1
344,$400C_vol,2
345,$4000_duty,1
345,$4000_const,1
345,$4000_vol,2
345,$4004_duty,2
345,$4004_const,1
345,$4004_vol,1
345,$4008_linear,0
346,$4002_period,679
346,$400B_length,1
346,$4000_duty,1
346,$4000_const,1
346,$4000_vol,6
346,$4006_period,1017
346,$4004_duty,2
346,$4004_const,1
346,$4004_vol,4
346,$400A_period,763
346,$400B_length,1
346,$4008_linear,127
346,$400C_const,1
346,$400C_vol,0
346,$4008_linear,127
346,$400A_period,961
346,$400B_length,1
346,$4008_linear,127
346,$400C_const,1
346,$400C_vol,10
346,$400E_period,5
346,$400E_mode,0
346,$400C_const,1
346,$400C_vol,10
347,$4000_duty,1
347,$4000_const,1
347,$4000_vol,9
347,$4004_duty,2
347,$4004_const,1
347,$4004_vol,7
347,$400A_period,1473
347,$400B_length,2
347,$4008_linear,127
347,$400E_period,6
347,$400E_mode,0
347,$400C_const,1
347,$400C_vol,10
347,$400C_const,1
347,$400C_vol,7
348,$4000_duty,1
348,$4000_const,1
348,$4000_vol,14
348,$4004_duty,2
348,$4004_const,1
348,$4004_vol,12
348,$4008_linear,127
348,$400E_period,7
348,$400E_mode,0
348,$400C_const,1
348,$400C_vol,7
348,$400C_const,1
348,$400C_vol,3
349,$4000_duty,1
349,$4000_const,1
349,$4000_vol,10
349,$4004_duty,2
349,$4004_const,1
349,$4004_vol,8
349,$4008_linear,127
349,$400C_const,1
349,$400C_vol,6
350,$4000_duty,1
350,$4000_const,1
350,$4000_vol,10
350,$4004_duty,2
350,$4004_const,1
350,$4004_vol,8
350,$4008_linear,127
350,$400C_const,1
350,$400C_vol,5
351,$4000_duty,1
351,$4000_const,1
351,$4000_vol,10
351,$4004_duty,2
351,$4004_const,1
351,$4004_vol,8
351,$4008_linear,127
351,$400C_const,1
351,$400C_vol,4
352,$4000_duty,1
352,$4000_const,1
352,$4000_vol,10
352,$4004_duty,2
352,$4004_const,1
352,$4004_vol,8
352,$4008_linear,0
352,$400A_period,763
352,$400B_length,1
352,$400C_const,1
352,$400C_vol,0
352,$400C_const,1
352,$400C_vol,8
352,$400E_period,14
352,$400E_mode,0
352,$400C_const,1
352,$400C_vol,8
353,$4000_duty,1
353,$4000_const,1
353,$4000_vol,10
353,$4004_duty,2
353,$4004_const,1
353,$4004_vol,8
353,$4008_linear,0
353,$400E_period,3
353,$400E_mode,0
353,$400C_const,1
353,$400C_vol,8
354,$4000_duty,1
354,$4000_const,1
354,$4000_vol,10
354,$4004_duty,2
354,$4004_const,1
354,$4004_vol,8
354,$4008_linear,0
354,$400C_const,1
354,$400C_vol,3
354,$400E_period,7
354,$400E_mode,0
354,$400C_const,1
354,$400C_vol,3
355,$4000_duty,1
355,$4000_const,1
355,$4000_vol,10
355,$4004_duty,2
355,$4004_const,1
355,$4004_vol,8
355,$4008_linear,0
356,$4000_duty,1
356,$4000_const,1
356,$4000_vol,1
356,$4004_duty,2
356,$4004_const,1
356,$4004_vol,8
356,$4008_linear,0
356,$400C_const,1
356,$400C_vol,2
357,$4000_duty,1
357,$4000_const,1
357,$4000_vol,2
357,$4004_duty,2
357,$4004_const,1
357,$4004_vol,1
357,$4008_linear,0
358,$4002_period,381
358,$400B_length,0
358,$4000_duty,1
358,$4000_const,1
358,$4000_vol,6
358,$4006_period,509
358,$4004_duty,2
358,$4004_const,1
358,$4004_vol,4
358,$400A_period,763
358,$400B_length,1
358,$4008_linear,127
358,$400C_const,1
358,$400C_vol,0
358,$400C_const,1
358,$400C_vol,8
358,$400E_period,14
358,$400E_mode,0
358,$400C_const,1
358,$400C_vol,8
359,$4000_duty,1
359,$4000_const,1
359,$4000_vol,9
359,$4004_duty,2
359,$4004_const,1
359,$4004_vol,7
359,$4008_linear,127
359,$400E_period,3
359,$400E_mode,0
359,$400C_const,1
359,$400C_vol,8
360,$4000_duty,1
360,$4000_const,1
360,$4000_vol,14
360,$4004_duty,2
360,$4004_const,1
360,$4004_vol,12
360,$4008_linear,127
360,$400C_const,1
360,$400C_vol,3
360,$400E_period,7
360,$400E_mode,0
360,$400C_const,1
360,$400C_vol,3
361,$4000_duty,1
361,$4000_const,1
361,$4000_vol,10
361,$4004_duty,2
361,$4004_const,1
361,$4004_vol,8
361,$4008_linear,127
362,$4000_duty,1
362,$4000_const,1
362,$4000_vol,10
362,$4004_duty,2
362,$4004_const,1
362,$4004_vol,8
362,$4008_linear,127
362,$400C_const,1
362,$400C_vol,2
363,$4000_duty,1
363,$4000_const,1
363,$4000_vol,10
363,$4004_duty,2
363,$4004_const,1
363,$4004_vol,8
363,$4008_linear,0
364,$4000_duty,1
364,$4000_const,1
364,$4000_vol,10
364,$4004_duty,2
364,$4004_const,1
364,$4004_vol,8
364,$400A_period,763
364,$400B_length,1
364,$4008_linear,127
364,$400C_const,1
364,$400C_vol,0
364,$400C_const,1
364,$400C_vol,15
364,$400E_period,14
364,$400E_mode,0
364,$400C_const,1
364,$400C_vol,15
365,$4000_duty,1
365,$4000_const,1
365,$4000_vol,10
365,$4004_duty,2
365,$4004_const,1
365,$4004_vol,8
365,$4008_linear,127
365,$400E_period,3
365,$400E_mode,0
365,$400C_const,1
365,$400C_vol,15
366,$4000_duty,1
366,$4000_const,1
366,$4000_vol,10
366,$4004_duty,2
366,$4004_const,1
366,$4004_vol,8
366,$4008_linear,127
366,$400C_const,1
366,$400C_vol,4
366,$400E_period,7
366,$400E_mode,0
366,$400C_const,1
366,$400C_vol,4
367,$4000_duty,1
367,$4000_const,1
367,$4000_vol,10
367,$4004_duty,2
367,$4004_const,1
367,$4004_vol,8
367,$4008_linear,127
367,$400C_const,1
367,$400C_vol,3
368,$4000_duty,1
368,$4000_const,1
368,$4000_vol,10
368,$4004_duty,2
368,$4004_const,1
368,$4004_vol,8
368,$4008_linear,127
369,$4000_duty,1
369,$4000_const,1
369,$4000_vol,10
369,$4004_duty,2
369,$4004_const,1
369,$4004_vol,8
369,$4008_linear,0
369,$400C_const,1
369,$400C_vol,2
370,$4000_duty,1
370,$4000_const,1
370,$4000_vol,10
370,$4004_duty,2
370,$4004_const,1
370,$4004_vol,8
370,$4008_linear,0
371,$4000_duty,1
371,$4000_const,1
371,$4000_vol,10
371,$4004_duty,2
371,$4004_const,1
371,$4004_vol,8
371,$4008_linear,0
371,$400E_period,8
371,$400E_mode,0
371,$400C_const,1
371,$400C_vol,2
372,$4000_duty,1
372,$4000_const,1
372,$4000_vol,10
372,$4004_duty,2
372,$4004_const,1
372,$4004_vol,8
372,$4008_linear,0
373,$4000_duty,1
373,$4000_const,1
373,$4000_vol,10
373,$4004_duty,2
373,$4004_const,1
373,$4004_vol,8
373,$4008_linear,0
374,$4000_duty,1
374,$4000_const,1
374,$4000_vol,10
374,$4004_duty,2
374,$4004_const,1
374,$4004_vol,8
374,$4008_linear,0
375,$4000_duty,1
375,$4000_const,1
375,$4000_vol,10
375,$4004_duty,2
375,$4004_const,1
375,$4004_vol,8
375,$4008_linear,0
375,$400C_const,1
375,$400C_vol,1
376,$4000_duty,1
376,$4000_const,1
376,$4000_vol,10
376,$4004_duty,2
376,$4004_const,1
376,$4004_vol,8
376,$400A_period,763
376,$400B_length,1
376,$4008_linear,127
376,$400C_const,1
376,$400C_vol,0
376,$400C_const,1
376,$400C_vol,8
376,$400E_period,14
376,$400E_mode,0
376,$400C_const,1
376,$400C_vol,8
377,$4000_duty,1
377,$4000_const,1
377,$4000_vol,10
377,$4004_duty,2
377,$4004_const,1
377,$4004_vol,8
377,$4008_linear,127
377,$400E_period,3
377,$400E_mode,0
377,$400C_const,1
377,$400C_vol,8
378,$4000_duty,1
378,$4000_const,1
378,$4000_vol,10
378,$4004_duty,2
378,$4004_const,1
378,$4004_vol,8
378,$4008_linear,127
378,$400C_const,1
378,$400C_vol,3
378,$400E_period,7
378,$400E_mode,0
378,$400C_const,1
378,$400C_vol,3
379,$4000_duty,1
379,$4000_const,1
379,$4000_vol,10
379,$4004_duty,2
379,$4004_const,1
379,$4004_vol,8
379,$4008_linear,127
380,$4000_duty,1
380,$4000_const,1
380,$4000_vol,1
380,$4004_duty,2
380,$4004_const,1
380,$4004_vol,8
380,$4008_linear,127
380,$400C_const,1
380,$400C_vol,2
381,$4000_duty,1
381,$4000_const,1
381,$4000_vol,2
381,$4004_duty,2
381,$4004_const,1
381,$4004_vol,1
381,$4008_linear,0
382,$4002_period,429
382,$400B_length,0
382,$4000_duty,1
382,$4000_const,1
382,$4000_vol,6
382,$4006_period,571
382,$4004_duty,2
382,$4004_const,1
382,$4004_vol,4
382,$400A_period,857
382,$400B_length,1
382,$4008_linear,127
382,$400C_const,1
382,$400C_vol,0
382,$4008_linear,127
382,$400A_period,961
382,$400B_length,1
382,$4008_linear,127
382,$400C_const,1
382,$400C_vol,10
382,$400E_period,5
382,$400E_mode,0
382,$400C_const,1
382,$400C_vol,10
383,$4000_duty,1
383,$4000_const,1
383,$4000_vol,9
383,$4004_duty,2
383,$4004_const,1
383,$4004_vol,7
383,$400A_period,1473
383,$400B_length,2
383,$4008_linear,127
383,$400E_period,6
383,$400E_mode,0
383,$400C_const,1
383,$400C_vol,10
383,$400C_const,1
383,$400C_vol,7
384,$4000_duty,1
384,$4000_const,1
384,$4000_vol,14
384,$4004_duty,2
384,$4004_const,1
384,$4004_vol,12
384,$4008_linear,127
384,$400E_period,7
384,$400E_mode,0
384,$400C_const,1
384,$400C_vol,7
384,$400C_const,1
384,$400C_vol,3
385,$4000_duty,1
385,$4000_const,1
385,$4000_vol,10
385,$4004_duty,2
385,$4004_const,1
385,$4004_vol,8
385,$4008_linear,127
385,$400C_const,1
385,$400C_vol,6
386,$4000_duty,1
386,$4000_const,1
386,$4000_vol,1
386,$4004_duty,2
386,$4004_const,1
386,$4004_vol,8
386,$4008_linear,127
386,$400C_const,1
386,$400C_vol,5
387,$4000_duty,1
387,$4000_const,1
387,$4000_vol,2
387,$4004_duty,2
387,$4004_const,1
387,$4004_vol,1
387,$4008_linear,127
387,$400C_const,1
387,$400C_vol,4
388,$4000_duty,1
388,$4000_const,1
388,$4000_vol,3
388,$4004_duty,2
388,$4004_const,1
388,$4004_vol,2
388,$4008_linear,0
388,$400A_period,857
388,$400B_length,1
388,$400C_const,1
388,$400C_vol,0
388,$400C_const,1
388,$400C_vol,8
388,$400E_period,14
388,$400E_mode,0
388,$400C_const,1
388,$400C_vol,8
389,$4000_duty,1
389,$4000_const,1
389,$4000_vol,3
389,$4004_duty,2
389,$4004_const,1
389,$4004_vol,3
389,$4008_linear,0
389,$400E_period,3
389,$400E_mode,0
389,$400C_const,1
389,$400C_vol,8
390,$4000_duty,1
390,$4000_const,1
390,$4000_vol,3
390,$4004_duty,2
390,$4004_const,1
390,$4004_vol,3
390,$4008_linear,0
390,$400C_const,1
390,$400C_vol,3
390,$400E_period,7
390,$400E_mode,0
390,$400C_const,1
390,$400C_vol,3
391,$4000_duty,1
391,$4000_const,1
391,$4000_vol,3
391,$4004_duty,2
391,$4004_const,1
391,$4004_vol,3
391,$4008_linear,0
392,$4000_duty,1
392,$4000_const,1
392,$4000_vol,3
392,$4004_duty,2
392,$4004_const,1
392,$4004_vol,3
392,$4008_linear,0
392,$400C_const,1
392,$400C_vol,2
393,$4000_duty,1
393,$4000_const,1
393,$4000_vol,3
393,$4004_duty,2
393,$4004_const,1
393,$4004_vol,3
393,$4008_linear,0
394,$4002_period,429
394,$400B_length,0
394,$4000_duty,1
394,$4000_const,1
394,$4000_vol,6
394,$4006_period,571
394,$4004_duty,2
394,$4004_const,1
394,$4004_vol,4
394,$400A_period,857
394,$400B_length,1
394,$4008_linear,127
394,$400C_const,1
394,$400C_vol,0
394,$400C_const,1
394,$400C_vol,8
394,$400E_period,14
394,$400E_mode,0
394,$400C_const,1
394,$400C_vol,8
395,$4000_duty,1
395,$4000_const,1
395,$4000_vol,9
395,$4004_duty,2
395,$4004_const,1
395,$4004_vol,7
395,$4008_linear,127
395,$400E_period,3
395,$400E_mode,0
395,$400C_const,1
395,$400C_vol,8
396,$4000_duty,1
396,$4000_const,1
396,$4000_vol,14
396,$4004_duty,2
396,$4004_const,1
396,$4004_vol,12
396,$4008_linear,127
396,$400C_const,1
396,$400C_vol,3
396,$400E_period,7
396,$400E_mode,0
396,$400C_const,1
396,$400C_vol,3
397,$4000_duty,1
397,$4000_const,1
397,$4000_vol,10
397,$4004_duty,2
397,$4004_const,1
397,$4004_vol,8
397,$4008_linear,127
398,$4000_duty,1
398,$4000_const,1
398,$4000_vol,1
398,$4004_duty,2
398,$4004_const,1
398,$4004_vol,8
398,$4008_linear,127
398,$400C_const,1
398,$400C_vol,2
399,$4000_duty,1
399,$4000_const,1
399,$4000_vol,2
399,$4004_duty,2
399,$4004_const,1
399,$4004_vol,1
399,$4008_linear,0
400,$4002_period,381
400,$400B_length,0
400,$4000_duty,1
400,$4000_const,1
400,$4000_vol,6
400,$4006_period,571
400,$4004_duty,2
400,$4004_const,1
400,$4004_vol,4
400,$400A_period,857
400,$400B_length,1
400,$4008_linear,127
400,$400C_const,1
400,$400C_vol,0
400,$400C_const,1
400,$400C_vol,15
400,$400E_period,14
400,$400E_mode,0
400,$400C_const,1
400,$400C_vol,15
401,$4000_duty,1
401,$4000_const,1
401,$4000_vol,9
401,$4004_duty,2
401,$4004_const,1
401,$4004_vol,7
401,$4008_linear,127
401,$400E_period,3
401,$400E_mode,0
401,$400C_const,1
401,$400C_vol,15
402,$4000_duty,1
402,$4000_const,1
402,$4000_vol,14
402,$4004_duty,2
402,$4004_const,1
402,$4004_vol,12
402,$4008_linear,127
402,$400C_const,1
402,$400C_vol,4
402,$400E_period,7
402,$400E_mode,0
402,$400C_const,1
402,$400C_vol,4
403,$4000_duty,1
403,$4000_const,1
403,$4000_vol,10
403,$4004_duty,2
403,$4004_const,1
403,$4004_vol,8
403,$4008_linear,127
403,$400C_const,1
403,$400C_vol,3
404,$4000_duty,1
404,$4000_const,1
404,$4000_vol,10
404,$4004_duty,2
404,$4004_const,1
404,$4004_vol,8
404,$4008_linear,127
405,$4000_duty,1
405,$4000_const,1
405,$4000_vol,10
405,$4004_duty,2
405,$4004_const,1
405,$4004_vol,8
405,$4008_linear,0
405,$400C_const,1
405,$400C_vol,2
406,$4000_duty,1
406,$4000_const,1
406,$4000_vol,10
406,$4004_duty,2
406,$4004_const,1
406,$4004_vol,8
406,$4008_linear,0
407,$4000_duty,1
407,$4000_const,1
407,$4000_vol,10
407,$4004_duty,2
407,$4004_const,1
407,$4004_vol,8
407,$4008_linear,0
407,$400E_period,8
407,$400E_mode,0
407,$400C_const,1
407,$400C_vol,2
408,$4000_duty,1
408,$4000_const,1
408,$4000_vol,10
408,$4004_duty,2
408,$4004_const,1
408,$4004_vol,8
408,$4008_linear,0
409,$4000_duty,1
409,$4000_const,1
409,$4000_vol,10
409,$4004_duty,2
409,$4004_const,1
409,$4004_vol,8
409,$4008_linear,0
410,$4000_duty,1
410,$4000_const,1
410,$4000_vol,1
410,$4004_duty,2
410,$4004_const,1
410,$4004_vol,8
410,$4008_linear,0
411,$4000_duty,1
411,$4000_const,1
411,$4000_vol,2
411,$4004_duty,2
411,$4004_const,1
411,$4004_vol,1
411,$4008_linear,0
411,$400C_const,1
411,$400C_vol,1
412,$4002_period,429
412,$400B_length,0
412,$4000_duty,1
412,$4000_const,1
412,$4000_vol,6
412,$4006_period,571
412,$4004_duty,2
412,$4004_const,1
412,$4004_vol,4
412,$400A_period,857
412,$400B_length,1
412,$4008_linear,127
412,$400C_const,1
412,$400C_vol,0
412,$400C_const,1
412,$400C_vol,8
412,$400E_period,14
412,$400E_mode,0
412,$400C_const,1
412,$400C_vol,8
413,$4000_duty,1
413,$4000_const,1
413,$4000_vol,9
413,$4004_duty,2
413,$4004_const,1
413,$4004_vol,7
413,$4008_linear,127
413,$400E_period,3
413,$400E_mode,0
413,$400C_const,1
413,$400C_vol,8
414,$4000_duty,1
414,$4000_const,1
414,$4000_vol,14
414,$4004_duty,2
414,$4004_const,1
414,$4004_vol,12
414,$4008_linear,127
414,$400C_const,1
414,$400C_vol,3
414,$400E_period,7
414,$400E_mode,0
414,$400C_const,1
414,$400C_vol,3
415,$4000_duty,1
415,$4000_const,1
415,$4000_vol,10
415,$4004_duty,2
415,$4004_const,1
415,$4004_vol,8
415,$4008_linear,127
416,$4000_duty,1
416,$4000_const,1
416,$4000_vol,10
416,$4004_duty,2
416,$4004_const,1
416,$4004_vol,8
416,$4008_linear,127
416,$400C_const,1
416,$400C_vol,2
417,$4000_duty,1
417,$4000_const,1
417,$4000_vol,10
417,$4004_duty,2
417,$4004_const,1
417,$4004_vol,8
417,$4008_linear,0
418,$4000_duty,1
418,$4000_const,1
418,$4000_vol,10
418,$4004_duty,2
418,$4004_const,1
418,$4004_vol,8
418,$400A_period,857
418,$400B_length,1
418,$4008_linear,127
418,$400C_const,1
418,$400C_vol,0
418,$4008_linear,127
418,$400A_period,961
418,$400B_length,1
418,$4008_linear,127
418,$400C_const,1
418,$400C_vol,10
418,$400E_period,5
418,$400E_mode,0
418,$400C_const,1
418,$400C_vol,10
419,$4000_duty,1
419,$4000_const,1
419,$4000_vol,10
419,$4004_duty,2
419,$4004_const,1
419,$4004_vol,8
419,$400A_period,1473
419,$400B_length,2
419,$4008_linear,127
419,$400E_period,6
419,$400E_mode,0
419,$400C_const,1
419,$400C_vol,10
419,$400C_const,1
419,$400C_vol,7
420,$4000_duty,1
420,$4000_const,1
420,$4000_vol,10
420,$4004_duty,2
420,$4004_const,1
420,$4004_vol,8
420,$4008_linear,127
420,$400E_period,7
420,$400E_mode,0
420,$400C_const,1
420,$400C_vol,7
420,$400C_const,1
420,$400C_vol,3
421,$4000_duty,1
421,$4000_const,1
421,$4000_vol,10
421,$4004_duty,2
421,$4004_const,1
421,$4004_vol,8
421,$4008_linear,127
421,$400C_const,1
421,$400C_vol,6
422,$4000_duty,1
422,$4000_const,1
422,$4000_vol,10
422,$4004_duty,2
422,$4004_const,1
422,$4004_vol,8
422,$4008_linear,127
422,$400C_const,1
422,$400C_vol,5
423,$4000_duty,1
423,$4000_const,1
423,$4000_vol,10
423,$4004_duty,2
423,$4004_const,1
423,$4004_vol,8
423,$4008_linear,127
423,$400C_const,1
423,$400C_vol,4
424,$4000_duty,1
424,$4000_const,1
424,$4000_vol,10
424,$4004_duty,2
424,$4004_const,1
424,$4004_vol,8
424,$4008_linear,0
424,$400A_period,857
424,$400B_length,1
424,$400C_const,1
424,$400C_vol,0
424,$400C_const,1
424,$400C_vol,8
424,$400E_period,14
424,$400E_mode,0
424,$400C_const,1
424,$400C_vol,8
425,$4000_duty,1
425,$4000_const,1
425,$4000_vol,10
425,$4004_duty,2
425,$4004_const,1
425,$4004_vol,8
425,$4008_linear,0
425,$400E_period,3
425,$400E_mode,0
425,$400C_const,1
425,$400C_vol,8
426,$4000_duty,1
426,$4000_const,1
426,$4000_vol,10
426,$4004_duty,2
426,$4004_const,1
426,$4004_vol,8
426,$4008_linear,0
426,$400C_const,1
426,$400C_vol,3
426,$400E_period,7
426,$400E_mode,0
426,$400C_const,1
426,$400C_vol,3
427,$4000_duty,1
427,$4000_const,1
427,$4000_vol,10
427,$4004_duty,2
427,$4004_const,1
427,$4004_vol,8
427,$4008_linear,0
428,$4000_duty,1
428,$4000_const,1
428,$4000_vol,1
428,$4004_duty,2
428,$4004_const,1
428,$4004_vol,8
428,$4008_linear,0
428,$400C_const,1
428,$400C_vol,2
429,$4000_duty,1
429,$4000_const,1
429,$4000_vol,2
429,$4004_duty,2
429,$4004_const,1
429,$4004_vol,1
429,$4008_linear,0
430,$4002_period,429
430,$400B_length,0
430,$4000_duty,1
430,$4000_const,1
430,$4000_vol,6
430,$4006_period,571
430,$4004_duty,2
430,$4004_const,1
430,$4004_vol,4
430,$400A_period,857
430,$400B_length,1
430,$4008_linear,127
430,$400C_const,1
430,$400C_vol,0
430,$400C_const,1
430,$400C_vol,8
430,$400E_period,14
430,$400E_mode,0
430,$400C_const,1
430,$400C_vol,8
431,$4000_duty,1
431,$4000_const,1
431,$4000_vol,9
431,$4004_duty,2
431,$4004_const,1
431,$4004_vol,7
431,$4008_linear,127
431,$400E_period,3
431,$400E_mode,0
431,$400C_const,1
431,$400C_vol,8
432,$4000_duty,1
432,$4000_const,1
432,$4000_vol,14
432,$4004_duty,2
432,$4004_const,1
432,$4004_vol,12
432,$4008_linear,127
432,$400C_const,1
432,$400C_vol,3
432,$400E_period,7
432,$400E_mode,0
432,$400C_const,1
432,$400C_vol,3
433,$4000_duty,1
433,$4000_const,1
433,$4000_vol,10
433,$4004_duty,2
433,$4004_const,1
433,$4004_vol,8
433,$4008_linear,127
434,$4000_duty,1
434,$4000_const,1
434,$4000_vol,1
434,$4004_duty,2
434,$4004_const,1
434,$4004_vol,8
434,$4008_linear,127
434,$400C_const,1
434,$400C_vol,2
435,$4000_duty,1
435,$4000_const,1
435,$4000_vol,2
435,$4004_duty,2
435,$4004_const,1
435,$4004_vol,1
435,$4008_linear,0
436,$4002_period,381
436,$400B_length,0
436,$4000_duty,1
436,$4000_const,1
436,$4000_vol,6
436,$4006_period,571
436,$4004_duty,2
436,$4004_const,1
436,$4004_vol,4
436,$400A_period,857
436,$400B_length,1
436,$4008_linear,127
436,$400C_const,1
436,$400C_vol,0
436,$400C_const,1
436,$400C_vol,15
436,$400E_period,14
436,$400E_mode,0
436,$400C_const,1
436,$400C_vol,15
437,$4000_duty,1
437,$4000_const,1
437,$4000_vol,9
437,$4004_duty,2
437,$4004_const,1
437,$4004_vol,7
437,$4008_linear,127
437,$400E_period,3
437,$400E_mode,0
437,$400C_const,1
437,$400C_vol,15
438,$4000_duty,1
438,$4000_const,1
438,$4000_vol,14
438,$4004_duty,2
438,$4004_const,1
438,$4004_vol,12
438,$4008_linear,127
438,$400C_const,1
438,$400C_vol,4
438,$400E_period,7
438,$400E_mode,0
438,$400C_const,1
438,$400C_vol,4
439,$4000_duty,1
439,$4000_const,1
439,$4000_vol,10
439,$4004_duty,2
439,$4004_const,1
439,$4004_vol,8
439,$4008_linear,127
439,$400C_const,1
439,$400C_vol,3
440,$4000_duty,1
440,$4000_const,1
440,$4000_vol,10
440,$4004_duty,2
440,$4004_const,1
440,$4004_vol,8
440,$4008_linear,127
441,$4000_duty,1
441,$4000_const,1
441,$4000_vol,10
441,$4004_duty,2
441,$4004_const,1
441,$4004_vol,8
441,$4008_linear,0
441,$400C_const,1
441,$400C_vol,2
442,$4000_duty,1
442,$4000_const,1
442,$4000_vol,10
442,$4004_duty,2
442,$4004_const,1
442,$4004_vol,8
442,$4008_linear,0
443,$4000_duty,1
443,$4000_const,1
443,$4000_vol,10
443,$4004_duty,2
443,$4004_const,1
443,$4004_vol,8
443,$4008_linear,0
443,$400E_period,8
443,$400E_mode,0
443,$400C_const,1
443,$400C_vol,2
444,$4000_duty,1
444,$4000_const,1
444,$4000_vol,10
444,$4004_duty,2
444,$4004_const,1
444,$4004_vol,8
444,$4008_linear,0
445,$4000_duty,1
445,$4000_const,1
445,$4000_vol,10
445,$4004_duty,2
445,$4004_const,1
445,$4004_vol,8
445,$4008_linear,0
446,$4000_duty,1
446,$4000_const,1
446,$4000_vol,1
446,$4004_duty,2
446,$4004_const,1
446,$4004_vol,8
446,$4008_linear,0
447,$4000_duty,1
447,$4000_const,1
447,$4000_vol,2
447,$4004_duty,2
447,$4004_const,1
447,$4004_vol,1
447,$4008_linear,0
447,$400C_const,1
447,$400C_vol,1
448,$4002_period,429
448,$400B_length,0
448,$4000_duty,1
448,$4000_const,1
448,$4000_vol,6
448,$4006_period,571
448,$4004_duty,2
448,$4004_const,1
448,$4004_vol,4
448,$400A_period,857
448,$400B_length,1
448,$4008_linear,127
448,$400C_const,1
448,$400C_vol,0
448,$400C_const,1
448,$400C_vol,8
448,$400E_period,14
448,$400E_mode,0
448,$400C_const,1
448,$400C_vol,8
449,$4000_duty,1
449,$4000_const,1
449,$4000_vol,9
449,$4004_duty,2
449,$4004_const,1
449,$4004_vol,7
449,$4008_linear,127
449,$400E_period,3
449,$400E_mode,0
449,$400C_const,1
449,$400C_vol,8
450,$4000_duty,1
450,$4000_const,1
450,$4000_vol,14
450,$4004_duty,2
450,$4004_const,1
450,$4004_vol,12
450,$4008_linear,127
450,$400C_const,1
450,$400C_vol,3
450,$400E_period,7
450,$400E_mode,0
450,$400C_const,1
450,$400C_vol,3
451,$4000_duty,1
451,$4000_const,1
451,$4000_vol,10
451,$4004_duty,2
451,$4004_const,1
451,$4004_vol,8
451,$4008_linear,127
452,$4000_duty,1
452,$4000_const,1
452,$4000_vol,10
452,$4004_duty,2
452,$4004_const,1
452,$4004_vol,8
452,$4008_linear,127
452,$400C_const,1
452,$400C_vol,2
453,$4000_duty,1
453,$4000_const,1
453,$4000_vol,10
453,$4004_duty,2
453,$4004_const,1
453,$4004_vol,8
453,$4008_linear,0
454,$4000_duty,1
454,$4000_const,1
454,$4000_vol,10
454,$4004_duty,2
454,$4004_const,1
454,$4004_vol,8
454,$400A_period,857
454,$400B_length,1
454,$4008_linear,127
454,$400C_const,1
454,$400C_vol,0
454,$4008_linear,127
454,$400A_period,961
454,$400B_length,1
454,$4008_linear,127
454,$400C_const,1
454,$400C_vol,10
454,$400E_period,5
454,$400E_mode,0
454,$400C_const,1
454,$400C_vol,10
455,$4000_duty,1
455,$4000_const,1
455,$4000_vol,10
455,$4004_duty,2
455,$4004_const,1
455,$4004_vol,8
455,$400A_period,1473
455,$400B_length,2
455,$4008_linear,127
455,$400E_period,6
455,$400E_mode,0
455,$400C_const,1
455,$400C_vol,10
455,$400C_const,1
455,$400C_vol,7
456,$4000_duty,1
456,$4000_const,1
456,$4000_vol,10
456,$4004_duty,2
456,$4004_const,1
456,$4004_vol,8
456,$4008_linear,127
456,$400E_period,7
456,$400E_mode,0
456,$400C_const,1
456,$400C_vol,7
456,$400C_const,1
456,$400C_vol,3
457,$4000_duty,1
457,$4000_const,1
457,$4000_vol,10
457,$4004_duty,2
457,$4004_const,1
457,$4004_vol,8
457,$4008_linear,127
457,$400C_const,1
457,$400C_vol,6
458,$4000_duty,1
458,$4000_const,1
458,$4000_vol,10
458,$4004_duty,2
458,$4004_const,1
458,$4004_vol,8
458,$4008_linear,127
458,$400C_const,1
458,$400C_vol,5
459,$4000_duty,1
459,$4000_const,1
459,$4000_vol,10
459,$4004_duty,2
459,$4004_const,1
459,$4004_vol,8
459,$4008_linear,127
459,$400C_const,1
459,$400C_vol,4
460,$4000_duty,1
460,$4000_const,1
460,$4000_vol,10
460,$4004_duty,2
460,$4004_const,1
460,$4004_vol,8
460,$4008_linear,0
460,$400A_period,857
460,$400B_length,1
460,$400C_const,1
460,$400C_vol,0
460,$400C_const,1
460,$400C_vol,8
460,$400E_period,14
460,$400E_mode,0
460,$400C_const,1
460,$400C_vol,8
461,$4000_duty,1
461,$4000_const,1
461,$4000_vol,10
461,$4004_duty,2
461,$4004_const,1
461,$4004_vol,8
461,$4008_linear,0
461,$400E_period,3
461,$400E_mode,0
461,$400C_const,1
461,$400C_vol,8
462,$4000_duty,1
462,$4000_const,1
462,$4000_vol,10
462,$4004_duty,2
462,$4004_const,1
462,$4004_vol,8
462,$4008_linear,0
462,$400C_const,1
462,$400C_vol,3
462,$400E_period,7
462,$400E_mode,0
462,$400C_const,1
462,$400C_vol,3
463,$4000_duty,1
463,$4000_const,1
463,$4000_vol,10
463,$4004_duty,2
463,$4004_const,1
463,$4004_vol,8
463,$4008_linear,0
464,$4000_duty,1
464,$4000_const,1
464,$4000_vol,1
464,$4004_duty,2
464,$4004_const,1
464,$4004_vol,8
464,$4008_linear,0
464,$400C_const,1
464,$400C_vol,2
465,$4000_duty,1
465,$4000_const,1
465,$4000_vol,2
465,$4004_duty,2
465,$4004_const,1
465,$4004_vol,1
465,$4008_linear,0
466,$4002_period,429
466,$400B_length,0
466,$4000_duty,1
466,$4000_const,1
466,$4000_vol,6
466,$4006_period,571
466,$4004_duty,2
466,$4004_const,1
466,$4004_vol,4
466,$400A_period,857
466,$400B_length,1
466,$4008_linear,127
466,$400C_const,1
466,$400C_vol,0
466,$400C_const,1
466,$400C_vol,8
466,$400E_period,14
466,$400E_mode,0
466,$400C_const,1
466,$400C_vol,8
467,$4000_duty,1
467,$4000_const,1
467,$4000_vol,9
467,$4004_duty,2
467,$4004_const,1
467,$4004_vol,7
467,$4008_linear,127
467,$400E_period,3
467,$400E_mode,0
467,$400C_const,1
467,$400C_vol,8
468,$4000_duty,1
468,$4000_const,1
468,$4000_vol,14
468,$4004_duty,2
468,$4004_const,1
468,$4004_vol,12
468,$4008_linear,127
468,$400C_const,1
468,$400C_vol,3
468,$400E_period,7
468,$400E_mode,0
468,$400C_const,1
468,$400C_vol,3
469,$4000_duty,1
469,$4000_const,1
469,$4000_vol,10
469,$4004_duty,2
469,$4004_const,1
469,$4004_vol,8
469,$4008_linear,127
470,$4000_duty,1
470,$4000_const,1
470,$4000_vol,1
470,$4004_duty,2
470,$4004_const,1
470,$4004_vol,8
470,$4008_linear,127
470,$400C_const,1
470,$400C_vol,2
471,$4000_duty,1
471,$4000_const,1
471,$4000_vol,2
471,$4004_duty,2
471,$4004_const,1
471,$4004_vol,1
471,$4008_linear,0
472,$4002_period,381
472,$400B_length,0
472,$4000_duty,1
472,$4000_const,1
472,$4000_vol,6
472,$4006_period,571
472,$4004_duty,2
472,$4004_const,1
472,$4004_vol,4
472,$400A_period,857
472,$400B_length,1
472,$4008_linear,127
472,$400C_const,1
472,$400C_vol,0
472,$400C_const,1
472,$400C_vol,15
472,$400E_period,14
472,$400E_mode,0
472,$400C_const,1
472,$400C_vol,15
473,$4000_duty,1
473,$4000_const,1
473,$4000_vol,9
473,$4004_duty,2
473,$4004_const,1
473,$4004_vol,7
473,$4008_linear,127
473,$400E_period,3
473,$400E_mode,0
473,$400C_const,1
473,$400C_vol,15
474,$4000_duty,1
474,$4000_const,1
474,$4000_vol,14
474,$4004_duty,2
474,$4004_const,1
474,$4004_vol,12
474,$4008_linear,127
474,$400C_const,1
474,$400C_vol,4
474,$400E_period,7
474,$400E_mode,0
474,$400C_const,1
474,$400C_vol,4
475,$4000_duty,1
475,$4000_const,1
475,$4000_vol,10
475,$4004_duty,2
475,$4004_const,1
475,$4004_vol,8
475,$4008_linear,127
475,$400C_const,1
475,$400C_vol,3
476,$4000_duty,1
476,$4000_const,1
476,$4000_vol,10
476,$4004_duty,2
476,$4004_const,1
476,$4004_vol,8
476,$4008_linear,127
477,$4000_duty,1
477,$4000_const,1
477,$4000_vol,10
477,$4004_duty,2
477,$4004_const,1
477,$4004_vol,8
477,$4008_linear,0
477,$400C_const,1
477,$400C_vol,2
478,$4000_duty,1
478,$4000_const,1
478,$4000_vol,10
478,$4004_duty,2
478,$4004_const,1
478,$4004_vol,8
478,$4008_linear,0
479,$4000_duty,1
479,$4000_const,1
479,$4000_vol,10
479,$4004_duty,2
479,$4004_const,1
479,$4004_vol,8
479,$4008_linear,0
479,$400E_period,8
479,$400E_mode,0
479,$400C_const,1
479,$400C_vol,2
480,$4000_duty,1
480,$4000_const,1
480,$4000_vol,10
480,$4004_duty,2
480,$4004_const,1
480,$4004_vol,8
480,$4008_linear,0
481,$4000_duty,1
481,$4000_const,1
481,$4000_vol,10
481,$4004_duty,2
481,$4004_const,1
481,$4004_vol,8
481,$4008_linear,0
482,$4000_duty,1
482,$4000_const,1
482,$4000_vol,1
482,$4004_duty,2
482,$4004_const,1
482,$4004_vol,8
482,$4008_linear,0
483,$4000_duty,1
483,$4000_const,1
483,$4000_vol,2
483,$4004_duty,2
483,$4004_const,1
483,$4004_vol,1
483,$4008_linear,0
483,$400C_const,1
483,$400C_vol,1
484,$4002_period,429
484,$400B_length,0
484,$4000_duty,1
484,$4000_const,1
484,$4000_vol,6
484,$4006_period,571
484,$4004_duty,2
484,$4004_const,1
484,$4004_vol,4
484,$400A_period,857
484,$400B_length,1
484,$4008_linear,127
484,$400C_const,1
484,$400C_vol,0
484,$400C_const,1
484,$400C_vol,8
484,$400E_period,14
484,$400E_mode,0
484,$400C_const,1
484,$400C_vol,8
485,$4000_duty,1
485,$4000_const,1
485,$4000_vol,9
485,$4004_duty,2
485,$4004_const,1
485,$4004_vol,7
485,$4008_linear,127
485,$400E_period,3
485,$400E_mode,0
485,$400C_const,1
485,$400C_vol,8
486,$4000_duty,1
486,$4000_const,1
486,$4000_vol,14
486,$4004_duty,2
486,$4004_const,1
486,$4004_vol,12
486,$4008_linear,127
486,$400C_const,1
486,$400C_vol,3
486,$400E_period,7
486,$400E_mode,0
486,$400C_const,1
486,$400C_vol,3
487,$4000_duty,1
487,$4000_const,1
487,$4000_vol,10
487,$4004_duty,2
487,$4004_const,1
487,$4004_vol,8
487,$4008_linear,127
488,$4000_duty,1
488,$4000_const,1
488,$4000_vol,10
488,$4004_duty,2
488,$4004_const,1
488,$4004_vol,8
488,$4008_linear,127
488,$400C_const,1
488,$400C_vol,2
489,$4000_duty,1
489,$4000_const,1
489,$4000_vol,10
489,$4004_duty,2
489,$4004_const,1
489,$4004_vol,8
489,$4008_linear,0
490,$4000_duty,1
490,$4000_const,1
490,$4000_vol,10
490,$4004_duty,2
490,$4004_const,1
490,$4004_vol,8
490,$400A_period,857
490,$400B_length,1
490,$4008_linear,127
490,$400C_const,1
490,$400C_vol,0
490,$400C_const,1
490,$400C_vol,15
490,$400E_period,14
490,$400E_mode,0
490,$400C_const,1
490,$400C_vol,15
491,$4000_duty,1
491,$4000_const,1
491,$4000_vol,10
491,$4004_duty,2
491,$4004_const,1
491,$4004_vol,8
491,$4008_linear,127
491,$400E_period,3
491,$400E_mode,0
491,$400C_const,1
491,$400C_vol,15
492,$4000_duty,1
492,$4000_const,1
492,$4000_vol,10
492,$4004_duty,2
492,$4004_const,1
492,$4004_vol,8
492,$4008_linear,127
492,$400C_const,1
492,$400C_vol,4
492,$400E_period,7
492,$400E_mode,0
492,$400C_const,1
492,$400C_vol,4
493,$4000_duty,1
493,$4000_const,1
493,$4000_vol,10
493,$4004_duty,2
493,$4004_const,1
493,$4004_vol,8
493,$4008_linear,127
493,$400C_const,1
493,$400C_vol,3
494,$4000_duty,1
494,$4000_const,1
494,$4000_vol,10
494,$4004_duty,2
494,$4004_const,1
494,$4004_vol,8
494,$4008_linear,127
495,$4000_duty,1
495,$4000_const,1
495,$4000_vol,10
495,$4004_duty,2
495,$4004_const,1
495,$4004_vol,8
495,$4008_linear,0
495,$400C_const,1
495,$400C_vol,2
496,$4000_duty,1
496,$4000_const,1
496,$4000_vol,10
496,$4004_duty,2
496,$4004_const,1
496,$4004_vol,8
496,$4008_linear,0
496,$400C_const,1
496,$400C_vol,0
496,$400C_const,1
496,$400C_vol,15
496,$400E_period,14
496,$400E_mode,0
496,$400C_const,1
496,$400C_vol,15
497,$4000_duty,1
497,$4000_const,1
497,$4000_vol,10
497,$4004_duty,2
497,$4004_const,1
497,$4004_vol,8
497,$4008_linear,0
497,$400E_period,3
497,$400E_mode,0
497,$400C_const,1
497,$400C_vol,15
498,$4000_duty,1
498,$4000_const,1
498,$4000_vol,10
498,$4004_duty,2
498,$4004_const,1
498,$4004_vol,8
498,$4008_linear,0
498,$400C_const,1
498,$400C_vol,4
498,$400E_period,7
498,$400E_mode,0
498,$400C_const,1
498,$400C_vol,4
499,$4000_duty,1
499,$4000_const,1
499,$4000_vol,10
499,$4004_duty,2
499,$4004_const,1
499,$4004_vol,8
499,$4008_linear,0
499,$400C_const,1
499,$400C_vol,3
500,$4000_duty,1
500,$4000_const,1
500,$4000_vol,1
500,$4004_duty,2
500,$4004_const,1
500,$4004_vol,8
500,$4008_linear,0
501,$4000_duty,1
501,$4000_const,1
501,$4000_vol,2
501,$4004_duty,2
501,$4004_const,1
501,$4004_vol,1
501,$4008_linear,0
501,$400C_const,1
501,$400C_vol,2
502,$4002_period,429
502,$400B_length,0
502,$4000_duty,1
502,$4000_const,1
502,$4000_vol,6
502,$4006_period,571
502,$4004_duty,2
502,$4004_const,1
502,$4004_vol,4
502,$400A_period,857
502,$400B_length,1
502,$4008_linear,127
502,$400C_const,1
502,$400C_vol,0
502,$400C_const,1
502,$400C_vol,15
502,$400E_period,14
502,$400E_mode,0
502,$400C_const,1
502,$400C_vol,15
503,$4000_duty,1
503,$4000_const,1
503,$4000_vol,9
503,$4004_duty,2
503,$4004_const,1
503,$4004_vol,7
503,$4008_linear,127
503,$400E_period,3
503,$400E_mode,0
503,$400C_const,1
503,$400C_vol,15
504,$4000_duty,1
504,$4000_const,1
504,$4000_vol,14
504,$4004_duty,2
504,$4004_const,1
504,$4004_vol,12
504,$4008_linear,127
504,$400C_const,1
504,$400C_vol,4
504,$400E_period,7
504,$400E_mode,0
504,$400C_const,1
504,$400C_vol,4
505,$4000_duty,1
505,$4000_const,1
505,$4000_vol,10
505,$4004_duty,2
505,$4004_const,1
505,$4004_vol,8
505,$4008_linear,127
505,$400C_const,1
505,$400C_vol,3
506,$4000_duty,1
506,$4000_const,1
506,$4000_vol,1
506,$4004_duty,2
506,$4004_const,1
506,$4004_vol,8
506,$4008_linear,127
507,$4000_duty,1
507,$4000_const,1
507,$4000_vol,2
507,$4004_duty,2
507,$4004_const,1
507,$4004_vol,1
507,$4008_linear,0
507,$400C_const,1
507,$400C_vol,2
508,$4002_period,381
508,$400B_length,0
508,$4000_duty,1
508,$4000_const,1
508,$4000_vol,6
508,$4006_period,571
508,$4004_duty,2
508,$4004_const,1
508,$4004_vol,4
508,$400A_period,857
508,$400B_length,1
508,$4008_linear,127
508,$400C_const,1
508,$400C_vol,0
508,$400C_const,1
508,$400C_vol,15
508,$400E_period,14
508,$400E_mode,0
508,$400C_const,1
508,$400C_vol,15
509,$4000_duty,1
509,$4000_const,1
509,$4000_vol,9
509,$4004_duty,2
509,$4004_const,1
509,$4004_vol,7
509,$4008_linear,127
509,$400E_period,3
509,$400E_mode,0
509,$400C_const,1
509,$400C_vol,15
510,$4000_duty,1
510,$4000_const,1
510,$4000_vol,14
510,$4004_duty,2
510,$4004_const,1
510,$4004_vol,12
510,$4008_linear,127
510,$400C_const,1
510,$400C_vol,4
510,$400E_period,7
510,$400E_mode,0
510,$400C_const,1
510,$400C_vol,4
511,$4000_duty,1
511,$4000_const,1
511,$4000_vol,10
511,$4004_duty,2
511,$4004_const,1
511,$4004_vol,8
511,$4008_linear,127
511,$400C_const,1
511,$400C_vol,3
512,$4000_duty,1
512,$4000_const,1
512,$4000_vol,10
512,$4004_duty,2
512,$4004_const,1
512,$4004_vol,8
512,$4008_linear,127
513,$4000_duty,1
513,$4000_const,1
513,$4000_vol,10
513,$4004_duty,2
513,$4004_const,1
513,$4004_vol,8
513,$4008_linear,0
513,$400C_const,1
513,$400C_vol,2
514,$4000_duty,1
514,$4000_const,1
514,$4000_vol,10
514,$4004_duty,2
514,$4004_const,1
514,$4004_vol,8
514,$4008_linear,0
514,$400C_const,1
514,$400C_vol,0
514,$400C_const,1
514,$400C_vol,15
514,$400E_period,14
514,$400E_mode,0
514,$400C_const,1
514,$400C_vol,15
515,$4000_duty,1
515,$4000_const,1
515,$4000_vol,10
515,$4004_duty,2
515,$4004_const,1
515,$4004_vol,8
515,$4008_linear,0
515,$400E_period,3
515,$400E_mode,0
515,$400C_const,1
515,$400C_vol,15
516,$4000_duty,1
516,$4000_const,1
516,$4000_vol,10
516,$4004_duty,2
516,$4004_const,1
516,$4004_vol,8
516,$4008_linear,0
516,$400C_const,1
516,$400C_vol,4
516,$400E_period,7
516,$400E_mode,0
516,$400C_const,1
516,$400C_vol,4
517,$4000_duty,1
517,$4000_const,1
517,$4000_vol,10
517,$4004_duty,2
517,$4004_const,1
517,$4004_vol,8
517,$4008_linear,0
517,$400C_const,1
517,$400C_vol,3
518,$4000_duty,1
518,$4000_const,1
518,$4000_vol,1
518,$4004_duty,2
518,$4004_const,1
518,$4004_vol,8
518,$4008_linear,0
519,$4000_duty,1
519,$4000_const,1
519,$4000_vol,2
519,$4004_duty,2
519,$4004_const,1
519,$4004_vol,1
519,$4008_linear,0
519,$400C_const,1
519,$400C_vol,2
520,$4002_period,429
520,$400B_length,0
520,$4000_duty,1
520,$4000_const,1
520,$4000_vol,6
520,$4006_period,571
520,$4004_duty,2
520,$4004_const,1
520,$4004_vol,4
520,$400A_period,857
520,$400B_length,1
520,$4008_linear,127
520,$400C_const,1
520,$400C_vol,0
520,$400C_const,1
520,$400C_vol,15
520,$400E_period,14
520,$400E_mode,0
520,$400C_const,1
520,$400C_vol,15
521,$4000_duty,1
521,$4000_const,1
521,$4000_vol,9
521,$4004_duty,2
521,$4004_const,1
521,$4004_vol,7
521,$4008_linear,127
521,$400E_period,3
521,$400E_mode,0
521,$400C_const,1
521,$400C_vol,15
522,$4000_duty,1
522,$4000_const,1
522,$4000_vol,14
522,$4004_duty,2
522,$4004_const,1
522,$4004_vol,12
522,$4008_linear,127
522,$400C_const,1
522,$400C_vol,4
522,$400E_period,7
522,$400E_mode,0
522,$400C_const,1
522,$400C_vol,4
523,$4000_duty,1
523,$4000_const,1
523,$4000_vol,10
523,$4004_duty,2
523,$4004_const,1
523,$4004_vol,8
523,$4008_linear,127
523,$400C_const,1
523,$400C_vol,3
524,$4000_duty,1
524,$4000_const,1
524,$4000_vol,1
524,$4004_duty,2
524,$4004_const,1
524,$4004_vol,8
524,$4008_linear,127
525,$4000_duty,1
525,$4000_const,1
525,$4000_vol,2
525,$4004_duty,2
525,$4004_const,1
525,$4004_vol,1
525,$4008_linear,0
525,$400C_const,1
525,$400C_vol,2
526,$4002_period,509
526,$400B_length,0
526,$4000_duty,1
526,$4000_const,1
526,$4000_vol,6
526,$4006_period,857
526,$4004_duty,2
526,$4004_const,1
526,$4004_vol,4
526,$400A_period,641
526,$400B_length,1
526,$4008_linear,127
526,$400C_const,1
526,$400C_vol,0
526,$4008_linear,127
526,$400A_period,961
526,$400B_length,1
526,$4008_linear,127
526,$400C_const,1
526,$400C_vol,10
526,$400E_period,5
526,$400E_mode,0
526,$400C_const,1
526,$400C_vol,10
527,$4000_duty,1
527,$4000_const,1
527,$4000_vol,9
527,$4004_duty,2
527,$4004_const,1
527,$4004_vol,7
527,$400A_period,1473
527,$400B_length,2
527,$4008_linear,127
527,$400E_period,6
527,$400E_mode,0
527,$400C_const,1
527,$400C_vol,10
527,$400C_const,1
527,$400C_vol,7
528,$4000_duty,1
528,$4000_const,1
528,$4000_vol,14
528,$4004_duty,2
528,$4004_const,1
528,$4004_vol,12
528,$4008_linear,127
528,$400E_period,7
528,$400E_mode,0
528,$400C_const,1
528,$400C_vol,7
528,$400C_const,1
528,$400C_vol,3
529,$4000_duty,1
529,$4000_const,1
529,$4000_vol,10
529,$4004_duty,2
529,$4004_const,1
529,$4004_vol,8
529,$4008_linear,127
529,$400C_const,1
529,$400C_vol,6
530,$4000_duty,1
530,$4000_const,1
530,$4000_vol,10
530,$4004_duty,2
530,$4004_const,1
530,$4004_vol,8
530,$4008_linear,127
530,$400C_const,1
530,$400C_vol,5
531,$4000_duty,1
531,$4000_const,1
531,$4000_vol,10
531,$4004_duty,2
531,$4004_const,1
531,$4004_vol,1
531,$4008_linear,127
531,$400C_const,1
531,$400C_vol,4
532,$4000_duty,1
532,$4000_const,1
532,$4000_vol,10
532,$4006_period,641
532,$4004_duty,2
532,$4004_const,1
532,$4004_vol,4
532,$4008_linear,0
532,$400A_period,641
532,$400B_length,1
532,$400C_const,1
532,$400C_vol,0
532,$400C_const,1
532,$400C_vol,8
532,$400E_period,14
532,$400E_mode,0
532,$400C_const,1
532,$400C_vol,8
533,$4000_duty,1
533,$4000_const,1
533,$4000_vol,10
533,$4004_duty,2
533,$4004_const,1
533,$4004_vol,7
533,$4008_linear,0
533,$400E_period,3
533,$400E_mode,0
533,$400C_const,1
533,$400C_vol,8
534,$4000_duty,1
534,$4000_const,1
534,$4000_vol,10
534,$4004_duty,2
534,$4004_const,1
534,$4004_vol,12
534,$4008_linear,0
534,$400C_const,1
534,$400C_vol,3
534,$400E_period,7
534,$400E_mode,0
534,$400C_const,1
534,$400C_vol,3
535,$4000_duty,1
535,$4000_const,1
535,$4000_vol,10
535,$4004_duty,2
535,$4004_const,1
535,$4004_vol,8
535,$4008_linear,0
536,$4000_duty,1
536,$4000_const,1
536,$4000_vol,10
536,$4004_duty,2
536,$4004_const,1
536,$4004_vol,8
536,$4008_linear,0
536,$400C_const,1
536,$400C_vol,2
537,$4000_duty,1
537,$4000_const,1
537,$4000_vol,10
537,$4004_duty,2
537,$4004_const,1
537,$4004_vol,1
537,$4008_linear,0
538,$4000_duty,1
538,$4000_const,1
538,$4000_vol,10
538,$4006_period,509
538,$4004_duty,2
538,$4004_const,1
538,$4004_vol,4
538,$400A_period,641
538,$400B_length,1
538,$4008_linear,127
538,$400C_const,1
538,$400C_vol,0
538,$400C_const,1
538,$400C_vol,8
538,$400E_period,14
538,$400E_mode,0
538,$400C_const,1
538,$400C_vol,8
539,$4000_duty,1
539,$4000_const,1
539,$4000_vol,10
539,$4004_duty,2
539,$4004_const,1
539,$4004_vol,7
539,$4008_linear,127
539,$400E_period,3
539,$400E_mode,0
539,$400C_const,1
539,$400C_vol,8
540,$4000_duty,1
540,$4000_const,1
540,$4000_vol,10
540,$4004_duty,2
540,$4004_const,1
540,$4004_vol,12
540,$4008_linear,127
540,$400C_const,1
540,$400C_vol,3
540,$400E_period,7
540,$400E_mode,0
540,$400C_const,1
540,$400C_vol,3
541,$4000_duty,1
541,$4000_const,1
541,$4000_vol,10
541,$4004_duty,2
541,$4004_const,1
541,$4004_vol,8
541,$4008_linear,127
542,$4000_duty,1
542,$4000_const,1
542,$4000_vol,10
542,$4004_duty,2
542,$4004_const,1
542,$4004_vol,8
542,$4008_linear,127
542,$400C_const,1
542,$400C_vol,2
543,$4000_duty,1
543,$4000_const,1
543,$4000_vol,10
543,$4004_duty,2
543,$4004_const,1
543,$4004_vol,1
543,$4008_linear,0
544,$4000_duty,1
544,$4000_const,1
544,$4000_vol,10
544,$4006_period,429
544,$4004_duty,2
544,$4004_const,1
544,$4004_vol,4
544,$400A_period,641
544,$400B_length,1
544,$4008_linear,127
544,$400C_const,1
544,$400C_vol,0
544,$400C_const,1
544,$400C_vol,15
544,$400E_period,14
544,$400E_mode,0
544,$400C_const,1
544,$400C_vol,15
545,$4000_duty,1
545,$4000_const,1
545,$4000_vol,10
545,$4004_duty,2
545,$4004_const,1
545,$4004_vol,7
545,$4008_linear,127
545,$400E_period,3
545,$400E_mode,0
545,$400C_const,1
545,$400C_vol,15
546,$4000_duty,1
546,$4000_const,1
546,$4000_vol,10
546,$4004_duty,2
546,$4004_const,1
546,$4004_vol,12
546,$4008_linear,127
546,$400C_const,1
546,$400C_vol,4
546,$400E_period,7
546,$400E_mode,0
546,$400C_const,1
546,$400C_vol,4
547,$4000_duty,1
547,$4000_const,1
547,$4000_vol,10
547,$4004_duty,2
547,$4004_const,1
547,$4004_vol,8
547,$4008_linear,127
547,$400C_const,1
547,$400C_vol,3
548,$4000_duty,1
548,$4000_const,1
548,$4000_vol,10
548,$4004_duty,2
548,$4004_const,1
548,$4004_vol,8
548,$4008_linear,127
549,$4000_duty,1
549,$4000_const,1
549,$4000_vol,10
549,$4004_duty,2
549,$4004_const,1
549,$4004_vol,1
549,$4008_linear,0
549,$400C_const,1
549,$400C_vol,2
550,$4000_duty,1
550,$4000_const,1
550,$4000_vol,10
550,$4006_period,509
550,$4004_duty,2
550,$4004_const,1
550,$4004_vol,4
550,$4008_linear,0
551,$4000_duty,1
551,$4000_const,1
551,$4000_vol,10
551,$4004_duty,2
551,$4004_const,1
551,$4004_vol,7
551,$4008_linear,0
551,$400E_period,8
551,$400E_mode,0
551,$400C_const,1
551,$400C_vol,2
552,$4000_duty,1
552,$4000_const,1
552,$4000_vol,10
552,$4004_duty,2
552,$4004_const,1
552,$4004_vol,12
552,$4008_linear,0
553,$4000_duty,1
553,$4000_const,1
553,$4000_vol,10
553,$4004_duty,2
553,$4004_const,1
553,$4004_vol,8
553,$4008_linear,0
554,$4000_duty,1
554,$4000_const,1
554,$4000_vol,10
554,$4004_duty,2
554,$4004_const,1
554,$4004_vol,8
554,$4008_linear,0
555,$4000_duty,1
555,$4000_const,1
555,$4000_vol,10
555,$4004_duty,2
555,$4004_const,1
555,$4004_vol,1
555,$4008_linear,0
555,$400C_const,1
555,$400C_vol,1
556,$4000_duty,1
556,$4000_const,1
556,$4000_vol,10
556,$4006_period,641
556,$4004_duty,2
556,$4004_const,1
556,$4004_vol,4
556,$400A_period,641
556,$400B_length,1
556,$4008_linear,127
556,$400C_const,1
556,$400C_vol,0
556,$400C_const,1
556,$400C_vol,8
556,$400E_period,14
556,$400E_mode,0
556,$400C_const,1
556,$400C_vol,8
557,$4000_duty,1
557,$4000_const,1
557,$4000_vol,10
557,$4004_duty,2
557,$4004_const,1
557,$4004_vol,7
557,$4008_linear,127
557,$400E_period,3
557,$400E_mode,0
557,$400C_const,1
557,$400C_vol,8
558,$4000_duty,1
558,$4000_const,1
558,$4000_vol,10
558,$4004_duty,2
558,$4004_const,1
558,$4004_vol,12
558,$4008_linear,127
558,$400C_const,1
558,$400C_vol,3
558,$400E_period,7
558,$400E_mode,0
558,$400C_const,1
558,$400C_vol,3
559,$4000_duty,1
559,$4000_const,1
559,$4000_vol,10
559,$4004_duty,2
559,$4004_const,1
559,$4004_vol,8
559,$4008_linear,127
560,$4000_duty,1
560,$4000_const,1
560,$4000_vol,10
560,$4004_duty,2
560,$4004_const,1
560,$4004_vol,8
560,$4008_linear,127
560,$400C_const,1
560,$400C_vol,2
561,$4000_duty,1
561,$4000_const,1
561,$4000_vol,10
561,$4004_duty,2
561,$4004_const,1
561,$4004_vol,1
561,$4008_linear,0
562,$4000_duty,1
562,$4000_const,1
562,$4000_vol,10
562,$4006_period,857
562,$4004_duty,2
562,$4004_const,1
562,$4004_vol,4
562,$400A_period,641
562,$400B_length,1
562,$4008_linear,127
562,$400C_const,1
562,$400C_vol,0
562,$4008_linear,127
562,$400A_period,961
562,$400B_length,1
562,$4008_linear,127
562,$400C_const,1
562,$400C_vol,10
562,$400E_period,5
562,$400E_mode,0
562,$400C_const,1
562,$400C_vol,10
563,$4000_duty,1
563,$4000_const,1
563,$4000_vol,10
563,$4004_duty,2
563,$4004_const,1
563,$4004_vol,7
563,$400A_period,1473
563,$400B_length,2
563,$4008_linear,127
563,$400E_period,6
563,$400E_mode,0
563,$400C_const,1
563,$400C_vol,10
563,$400C_const,1
563,$400C_vol,7
564,$4000_duty,1
564,$4000_const,1
564,$4000_vol,10
564,$4004_duty,2
564,$4004_const,1
564,$4004_vol,12
564,$4008_linear,127
564,$400E_period,7
564,$400E_mode,0
564,$400C_const,1
564,$400C_vol,7
564,$400C_const,1
564,$400C_vol,3
565,$4000_duty,1
565,$4000_const,1
565,$4000_vol,10
565,$4004_duty,2
565,$4004_const,1
565,$4004_vol,8
565,$4008_linear,127
565,$400C_const,1
565,$400C_vol,6
566,$4000_duty,1
566,$4000_const,1
566,$4000_vol,10
566,$4004_duty,2
566,$4004_const,1
566,$4004_vol,8
566,$4008_linear,127
566,$400C_const,1
566,$400C_vol,5
567,$4000_duty,1
567,$4000_const,1
567,$4000_vol,10
567,$4004_duty,2
567,$4004_const,1
567,$4004_vol,1
567,$4008_linear,127
567,$400C_const,1
567,$400C_vol,4
568,$4000_duty,1
568,$4000_const,1
568,$4000_vol,10
568,$4006_period,641
568,$4004_duty,2
568,$4004_const,1
568,$4004_vol,4
568,$4008_linear,0
568,$400A_period,641
568,$400B_length,1
568,$400C_const,1
568,$400C_vol,0
568,$400C_const,1
568,$400C_vol,8
568,$400E_period,14
568,$400E_mode,0
568,$400C_const,1
568,$400C_vol,8
569,$4000_duty,1
569,$4000_const,1
569,$4000_vol,10
569,$4004_duty,2
569,$4004_const,1
569,$4004_vol,7
569,$4008_linear,0
569,$400E_period,3
569,$400E_mode,0
569,$400C_const,1
569,$400C_vol,8
570,$4000_duty,1
570,$4000_const,1
570,$4000_vol,10
570,$4004_duty,2
570,$4004_const,1
570,$4004_vol,12
570,$4008_linear,0
570,$400C_const,1
570,$400C_vol,3
570,$400E_period,7
570,$400E_mode,0
570,$400C_const,1
570,$400C_vol,3
571,$4000_duty,1
571,$4000_const,1
571,$4000_vol,10
571,$4004_duty,2
571,$4004_const,1
571,$4004_vol,8
571,$4008_linear,0
572,$4000_duty,1
572,$4000_const,1
572,$4000_vol,10
572,$4004_duty,2
572,$4004_const,1
572,$4004_vol,8
572,$4008_linear,0
572,$400C_const,1
572,$400C_vol,2
573,$4000_duty,1
573,$4000_const,1
573,$4000_vol,10
573,$4004_duty,2
573,$4004_const,1
573,$4004_vol,1
573,$4008_linear,0
574,$4000_duty,1
574,$4000_const,1
574,$4000_vol,10
574,$4006_period,509
574,$4004_duty,2
574,$4004_const,1
574,$4004_vol,4
574,$400A_period,641
574,$400B_length,1
574,$4008_linear,127
574,$400C_const,1
574,$400C_vol,0
574,$4008_linear,127
574,$400A_period,961
574,$400B_length,1
574,$4008_linear,127
574,$400C_const,1
574,$400C_vol,10
574,$400E_period,5
574,$400E_mode,0
574,$400C_const,1
574,$400C_vol,10
575,$4000_duty,1
575,$4000_const,1
575,$4000_vol,10
575,$4004_duty,2
575,$4004_const,1
575,$4004_vol,7
575,$400A_period,1473
575,$400B_length,2
575,$4008_linear,127
575,$400E_period,6
575,$400E_mode,0
575,$400C_const,1
575,$400C_vol,10
575,$400C_const,1
575,$400C_vol,7
576,$4000_duty,1
576,$4000_const,1
576,$4000_vol,10
576,$4004_duty,2
576,$4004_const,1
576,$4004_vol,12
576,$4008_linear,127
576,$400E_period,7
576,$400E_mode,0
576,$400C_const,1
576,$400C_vol,7
576,$400C_const,1
576,$400C_vol,3
577,$4000_duty,1
577,$4000_const,1
577,$4000_vol,10
577,$4004_duty,2
577,$4004_const,1
577,$4004_vol,8
577,$4008_linear,127
577,$400C_const,1
577,$400C_vol,6
578,$4000_duty,1
578,$4000_const,1
578,$4000_vol,10
578,$4004_duty,2
578,$4004_const,1
578,$4004_vol,8
578,$4008_linear,127
578,$400C_const,1
578,$400C_vol,5
579,$4000_duty,1
579,$4000_const,1
579,$4000_vol,10
579,$4004_duty,2
579,$4004_const,1
579,$4004_vol,1
579,$4008_linear,127
579,$400C_const,1
579,$400C_vol,4
580,$4000_duty,1
580,$4000_const,1
580,$4000_vol,10
580,$4006_period,429
580,$4004_duty,2
580,$4004_const,1
580,$4004_vol,4
580,$4008_linear,127
580,$400A_period,641
580,$400B_length,1
580,$400C_const,1
580,$400C_vol,0
580,$400C_const,1
580,$400C_vol,15
580,$400E_period,14
580,$400E_mode,0
580,$400C_const,1
580,$400C_vol,15
581,$4000_duty,1
581,$4000_const,1
581,$4000_vol,10
581,$4004_duty,2
581,$4004_const,1
581,$4004_vol,7
581,$4008_linear,127
581,$400E_period,3
581,$400E_mode,0
581,$400C_const,1
581,$400C_vol,15
582,$4000_duty,1
582,$4000_const,1
582,$4000_vol,10
582,$4004_duty,2
582,$4004_const,1
582,$4004_vol,12
582,$4008_linear,127
582,$400C_const,1
582,$400C_vol,4
582,$400E_period,7
582,$400E_mode,0
582,$400C_const,1
582,$400C_vol,4
583,$4000_duty,1
583,$4000_const,1
583,$4000_vol,10
583,$4004_duty,2
583,$4004_const,1
583,$4004_vol,8
583,$4008_linear,127
583,$400C_const,1
583,$400C_vol,3
584,$4000_duty,1
584,$4000_const,1
584,$4000_vol,1
584,$4004_duty,2
584,$4004_const,1
584,$4004_vol,8
584,$4008_linear,127
585,$4000_duty,1
585,$4000_const,1
585,$4000_vol,2
585,$4004_duty,2
585,$4004_const,1
585,$4004_vol,1
585,$4008_linear,0
585,$400C_const,1
585,$400C_vol,2
586,$4000_duty,1
586,$4000_const,1
586,$4000_vol,3
586,$4006_period,509
586,$4004_duty,2
586,$4004_const,1
586,$4004_vol,4
586,$4008_linear,0
587,$4000_duty,1
587,$4000_const,1
587,$4000_vol,3
587,$4004_duty,2
587,$4004_const,1
587,$4004_vol,7
587,$4008_linear,0
587,$400E_period,8
587,$400E_mode,0
587,$400C_const,1
587,$400C_vol,2
588,$4000_duty,1
588,$4000_const,1
588,$4000_vol,3
588,$4004_duty,2
588,$4004_const,1
588,$4004_vol,12
588,$4008_linear,0
589,$4000_duty,1
589,$4000_const,1
589,$4000_vol,3
589,$4004_duty,2
589,$4004_const,1
589,$4004_vol,8
589,$4008_linear,0
590,$4000_duty,1
590,$4000_const,1
590,$4000_vol,3
590,$4004_duty,2
590,$4004_const,1
590,$4004_vol,8
590,$4008_linear,0
591,$4000_duty,1
591,$4000_const,1
591,$4000_vol,3
591,$4004_duty,2
591,$4004_const,1
591,$4004_vol,1
591,$4008_linear,0
591,$400C_const,1
591,$400C_vol,1
592,$4002_period,453
592,$400B_length,0
592,$4000_duty,1
592,$4000_const,1
592,$4000_vol,6
592,$4006_period,571
592,$4004_duty,2
592,$4004_const,1
592,$4004_vol,4
592,$400A_period,571
592,$400B_length,1
592,$4008_linear,127
592,$400C_const,1
592,$400C_vol,0
592,$400C_const,1
592,$400C_vol,8
592,$400E_period,14
592,$400E_mode,0
592,$400C_const,1
592,$400C_vol,8
593,$4000_duty,1
593,$4000_const,1
593,$4000_vol,9
593,$4004_duty,2
593,$4004_const,1
593,$4004_vol,7
593,$4008_linear,127
593,$400E_period,3
593,$400E_mode,0
593,$400C_const,1
593,$400C_vol,8
594,$4000_duty,1
594,$4000_const,1
594,$4000_vol,14
594,$4004_duty,2
594,$4004_const,1
594,$4004_vol,12
594,$4008_linear,127
594,$400C_const,1
594,$400C_vol,3
594,$400E_period,7
594,$400E_mode,0
594,$400C_const,1
594,$400C_vol,3
595,$4000_duty,1
595,$4000_const,1
595,$4000_vol,10
595,$4004_duty,2
595,$4004_const,1
595,$4004_vol,8
595,$4008_linear,127
596,$4000_duty,1
596,$4000_const,1
596,$4000_vol,10
596,$4004_duty,2
596,$4004_const,1
596,$4004_vol,8
596,$4008_linear,127
596,$400C_const,1
596,$400C_vol,2
597,$4000_duty,1
597,$4000_const,1
597,$4000_vol,10
597,$4004_duty,2
597,$4004_const,1
597,$4004_vol,1
597,$4008_linear,0
598,$4000_duty,1
598,$4000_const,1
598,$4000_vol,10
598,$4006_period,763
598,$4004_duty,2
598,$4004_const,1
598,$4004_vol,4
598,$400A_period,571
598,$400B_length,1
598,$4008_linear,127
598,$400C_const,1
598,$400C_vol,0
598,$4008_linear,127
598,$400A_period,961
598,$400B_length,1
598,$4008_linear,127
598,$400C_const,1
598,$400C_vol,10
598,$400E_period,5
598,$400E_mode,0
598,$400C_const,1
598,$400C_vol,10
599,$4000_duty,1
599,$4000_const,1
599,$4000_vol,10
599,$4004_duty,2
599,$4004_const,1
599,$4004_vol,7
599,$400A_period,1473
599,$400B_length,2
599,$4008_linear,127
599,$400E_period,6
599,$400E_mode,0
599,$400C_const,1
599,$400C_vol,10
599,$400C_const,1
599,$400C_vol,7
