frame,parameter,value
1,$4010_rate,15
1,$4004_duty,2
1,$4004_const,1
1,$4004_vol,5
1,$4006_period,571
1,$4008_linear,127
1,$400A_period,255
1,$400B_length,32
1,$400E_period,4
1,$400E_mode,0
1,$400C_const,1
1,$400C_vol,9
2,$4004_duty,2
2,$4004_const,1
2,$4004_vol,3
2,$400C_const,1
2,$400C_vol,6
3,$400C_const,1
3,$400C_vol,4
4,$4008_linear,0
4,$400C_const,1
4,$400C_vol,2
5,$4004_duty,2
5,$4004_const,1
5,$4004_vol,0
5,$400C_const,1
5,$400C_vol,0
15,$4012_addr,243
15,$4013_len,28
15,$4010_rate,15
15,$4000_duty,2
15,$4000_const,1
15,$4000_vol,15
15,$4002_period,1619
15,$400B_length,51
15,$4004_duty,2
15,$4004_const,1
15,$4004_vol,15
15,$4006_period,3237
15,$400A_period,1
15,$400B_length,0
15,$400E_period,0
15,$400E_mode,0
15,$400C_const,1
15,$400C_vol,0
16,$4000_duty,3
16,$4000_const,1
16,$4000_vol,14
16,$4004_duty,3
16,$4004_const,1
16,$4004_vol,14
17,$4000_duty,3
17,$4000_const,1
17,$4000_vol,13
17,$4004_duty,3
17,$4004_const,1
17,$4004_vol,13
18,$4000_duty,3
18,$4000_const,1
18,$4000_vol,4
18,$4004_duty,3
18,$4004_const,1
18,$4004_vol,4
22,$4000_duty,2
22,$4000_const,1
22,$4000_vol,10
22,$4002_period,807
22,$400B_length,33
22,$4004_duty,2
22,$4004_const,1
22,$4004_vol,15
22,$4006_period,1619
23,$4000_duty,3
23,$4000_const,1
23,$4000_vol,9
23,$4004_duty,3
23,$4004_const,1
23,$4004_vol,14
24,$4000_duty,3
24,$4000_const,1
24,$4000_vol,8
24,$4004_duty,3
24,$4004_const,1
24,$4004_vol,13
25,$4000_duty,3
25,$4000_const,1
25,$4000_vol,7
25,$4004_duty,3
25,$4004_const,1
25,$4004_vol,4
26,$4000_duty,3
26,$4000_const,1
26,$4000_vol,0
29,$4004_duty,3
29,$4004_const,1
29,$4004_vol,0
36,$4010_rate,15
36,$4000_duty,2
36,$4000_const,1
36,$4000_vol,10
36,$4002_period,807
36,$400B_length,49
36,$4004_duty,2
36,$4004_const,1
36,$4004_vol,15
36,$4006_period,1619
37,$4000_duty,3
37,$4000_const,1
37,$4000_vol,9
37,$4004_duty,3
37,$4004_const,1
37,$4004_vol,14
38,$4000_duty,3
38,$4000_const,1
38,$4000_vol,8
38,$4004_duty,3
38,$4004_const,1
38,$4004_vol,13
39,$4000_duty,3
39,$4000_const,1
39,$4000_vol,7
39,$4004_duty,3
39,$4004_const,1
39,$4004_vol,4
40,$4000_duty,3
40,$4000_const,1
40,$4000_vol,0
43,$4012_addr,240
43,$4013_len,11
43,$4010_rate,15
43,$4000_duty,2
43,$4000_const,1
43,$4000_vol,10
43,$4002_period,719
43,$400B_length,33
43,$4004_duty,2
43,$4004_const,1
43,$4004_vol,15
43,$4006_period,1811
44,$4000_duty,3
44,$4000_const,1
44,$4000_vol,9
44,$4004_duty,3
44,$4004_const,1
44,$4004_vol,14
45,$4000_duty,3
45,$4000_const,1
45,$4000_vol,8
45,$4004_duty,3
45,$4004_const,1
45,$4004_vol,13
46,$4000_duty,3
46,$4000_const,1
46,$4000_vol,7
46,$4004_duty,3
46,$4004_const,1
46,$4004_vol,4
47,$4000_duty,3
47,$4000_const,1
47,$4000_vol,0
50,$4004_duty,3
50,$4004_const,1
50,$4004_vol,0
57,$4012_addr,243
57,$4013_len,28
57,$4010_rate,15
57,$4000_duty,2
57,$4000_const,1
57,$4000_vol,10
57,$4002_period,679
57,$400B_length,49
57,$4004_duty,2
57,$4004_const,1
57,$4004_vol,15
57,$4006_period,1921
58,$4000_duty,3
58,$4000_const,1
58,$4000_vol,9
58,$4004_duty,3
58,$4004_const,1
58,$4004_vol,14
59,$4000_duty,3
59,$4000_const,1
59,$4000_vol,8
59,$4004_duty,3
59,$4004_const,1
59,$4004_vol,13
60,$4000_duty,3
60,$4000_const,1
60,$4000_vol,7
60,$4004_duty,3
60,$4004_const,1
60,$4004_vol,4
61,$4000_duty,3
61,$4000_const,1
61,$4000_vol,0
64,$4004_duty,3
64,$4004_const,1
64,$4004_vol,0
71,$4010_rate,15
71,$4000_duty,2
71,$4000_const,1
71,$4000_vol,10
71,$4002_period,641
71,$400B_length,33
71,$4004_duty,2
71,$4004_const,1
71,$4004_vol,15
71,$4006_period,2157
72,$4000_duty,3
72,$4000_const,1
72,$4000_vol,9
72,$4004_duty,3
72,$4004_const,1
72,$4004_vol,14
73,$4000_duty,3
73,$4000_const,1
73,$4000_vol,8
73,$4004_duty,3
73,$4004_const,1
73,$4004_vol,13
74,$4000_duty,3
74,$4000_const,1
74,$4000_vol,7
74,$4004_duty,3
74,$4004_const,1
74,$4004_vol,4
75,$4000_duty,3
75,$4000_const,1
75,$4000_vol,0
78,$4004_duty,3
78,$4004_const,1
78,$4004_vol,0
85,$4000_duty,2
85,$4000_const,1
85,$4000_vol,6
85,$4002_period,151
85,$400B_length,48
85,$4004_duty,2
85,$4004_const,1
85,$4004_vol,7
85,$4006_period,135
87,$4000_duty,1
87,$4000_const,1
87,$4000_vol,4
87,$4004_duty,1
87,$4004_const,1
87,$4004_vol,5
88,$4000_duty,0
88,$4000_const,1
88,$4000_vol,3
88,$4004_duty,0
88,$4004_const,1
88,$4004_vol,4
89,$4000_duty,0
89,$4000_const,1
89,$4000_vol,0
89,$4004_duty,0
89,$4004_const,1
89,$4004_vol,0
92,$4012_addr,240
92,$4013_len,11
92,$4010_rate,15
92,$4000_duty,2
92,$4000_const,1
92,$4000_vol,3
92,$4002_period,151
92,$400B_length,32
92,$4004_duty,2
92,$4004_const,1
92,$4004_vol,3
92,$4006_period,135
94,$4000_duty,1
94,$4000_const,1
94,$4000_vol,1
94,$4004_duty,1
94,$4004_const,1
94,$4004_vol,1
95,$4000_duty,0
95,$4000_const,1
95,$4000_vol,0
95,$4004_duty,0
95,$4004_const,1
95,$4004_vol,0
99,$4010_rate,15
99,$4000_duty,2
99,$4000_const,1
99,$4000_vol,6
99,$4002_period,161
99,$400B_length,48
99,$4004_duty,2
99,$4004_const,1
99,$4004_vol,7
99,$4006_period,101
101,$4000_duty,1
101,$4000_const,1
101,$4000_vol,4
101,$4004_duty,1
101,$4004_const,1
101,$4004_vol,5
102,$4000_duty,0
102,$4000_const,1
102,$4000_vol,3
102,$4004_duty,0
102,$4004_const,1
102,$4004_vol,4
103,$4000_duty,0
103,$4000_const,1
103,$4000_vol,0
103,$4004_duty,0
103,$4004_const,1
103,$4004_vol,0
106,$4000_duty,2
106,$4000_const,1
106,$4000_vol,3
106,$4002_period,161
106,$400B_length,32
106,$4004_duty,2
106,$4004_const,1
106,$4004_vol,3
106,$4006_period,101
108,$4000_duty,1
108,$4000_const,1
108,$4000_vol,1
108,$4004_duty,1
108,$4004_const,1
108,$4004_vol,1
109,$4000_duty,0
109,$4000_const,1
109,$4000_vol,0
109,$4004_duty,0
109,$4004_const,1
109,$4004_vol,0
113,$4012_addr,243
113,$4013_len,28
113,$4010_rate,15
113,$4004_duty,2
113,$4004_const,1
113,$4004_vol,15
113,$4006_period,3237
114,$4004_duty,3
114,$4004_const,1
114,$4004_vol,14
115,$4004_duty,3
115,$4004_const,1
115,$4004_vol,13
116,$4004_duty,3
116,$4004_const,1
116,$4004_vol,4
120,$4004_duty,2
120,$4004_const,1
120,$4004_vol,15
120,$4006_period,3237
121,$4004_duty,3
121,$4004_const,1
121,$4004_vol,14
122,$4004_duty,3
122,$4004_const,1
122,$4004_vol,13
123,$4004_duty,3
123,$4004_const,1
123,$4004_vol,4
127,$4012_addr,240
127,$4013_len,11
127,$4010_rate,15
127,$4000_duty,3
127,$4000_const,1
127,$4000_vol,11
127,$4002_period,481
127,$400B_length,48
127,$4004_duty,2
127,$4004_const,1
127,$4004_vol,15
127,$4006_period,2427
127,$4008_linear,127
127,$400A_period,121
127,$400B_length,48
127,$400E_period,3
127,$400E_mode,0
127,$400C_const,1
127,$400C_vol,10
128,$4004_duty,3
128,$4004_const,1
128,$4004_vol,14
128,$4008_linear,0
128,$400C_const,1
128,$400C_vol,7
129,$4004_duty,3
129,$4004_const,1
129,$4004_vol,13
129,$400C_const,1
129,$400C_vol,0
130,$4000_duty,3
130,$4000_const,1
130,$4000_vol,8
130,$4004_duty,3
130,$4004_const,1
130,$4004_vol,12
131,$4000_duty,3
131,$4000_const,1
131,$4000_vol,6
131,$4004_duty,3
131,$4004_const,1
131,$4004_vol,11
132,$4000_duty,3
132,$4000_const,1
132,$4000_vol,0
132,$4004_duty,3
132,$4004_const,1
132,$4004_vol,10
133,$4004_duty,3
133,$4004_const,1
133,$4004_vol,9
134,$4004_duty,3
134,$4004_const,1
134,$4004_vol,8
134,$4008_linear,127
134,$400A_period,151
134,$400B_length,32
134,$400E_period,2
134,$400E_mode,0
134,$400C_const,1
134,$400C_vol,8
135,$4008_linear,0
135,$400C_const,1
135,$400C_vol,5
136,$4004_duty,3
136,$4004_const,1
136,$4004_vol,7
136,$400C_const,1
136,$400C_vol,0
137,$4004_duty,3
137,$4004_const,1
137,$4004_vol,4
141,$4012_addr,250
141,$4013_len,11
141,$4010_rate,15
141,$4000_duty,3
141,$4000_const,1
141,$4000_vol,9
141,$4002_period,481
141,$400B_length,32
141,$4004_duty,2
141,$4004_const,1
141,$4004_vol,10
141,$4006_period,1211
141,$4008_linear,127
141,$400A_period,75
141,$400B_length,48
141,$400E_period,1
141,$400E_mode,0
141,$400C_const,1
141,$400C_vol,8
142,$4004_duty,3
142,$4004_const,1
142,$4004_vol,9
142,$4008_linear,0
142,$400C_const,1
142,$400C_vol,5
143,$4004_duty,3
143,$4004_const,1
143,$4004_vol,8
143,$400C_const,1
143,$400C_vol,0
144,$4000_duty,3
144,$4000_const,1
144,$4000_vol,0
144,$4004_duty,3
144,$4004_const,1
144,$4004_vol,7
145,$4004_duty,3
145,$4004_const,1
145,$4004_vol,0
146,$4000_duty,3
146,$4000_const,1
146,$4000_vol,7
146,$4002_period,481
146,$400B_length,48
148,$4004_duty,2
148,$4004_const,1
148,$4004_vol,12
148,$4006_period,3237
148,$4008_linear,127
148,$400A_period,151
148,$400B_length,32
148,$400E_period,3
148,$400E_mode,0
148,$400C_const,1
148,$400C_vol,8
149,$4000_duty,3
149,$4000_const,1
149,$4000_vol,0
149,$4004_duty,3
149,$4004_const,1
149,$4004_vol,11
149,$4008_linear,0
149,$400C_const,1
149,$400C_vol,5
150,$4004_duty,3
150,$4004_const,1
150,$4004_vol,10
150,$400C_const,1
150,$400C_vol,0
151,$4000_duty,3
151,$4000_const,1
151,$4000_vol,5
151,$4002_period,481
151,$400B_length,32
151,$4004_duty,3
151,$4004_const,1
151,$4004_vol,9
152,$4004_duty,3
152,$4004_const,1
152,$4004_vol,8
153,$4004_duty,3
153,$4004_const,1
153,$4004_vol,7
154,$4000_duty,3
154,$4000_const,1
154,$4000_vol,0
154,$4004_duty,3
154,$4004_const,1
154,$4004_vol,6
155,$4012_addr,243
155,$4013_len,28
155,$4010_rate,15
155,$4004_duty,3
155,$4004_const,1
155,$4004_vol,5
155,$4008_linear,127
155,$400A_period,121
155,$400B_length,48
155,$400C_const,1
155,$400C_vol,10
156,$4000_duty,3
156,$4000_const,1
156,$4000_vol,3
156,$4002_period,481
156,$400B_length,48
156,$4008_linear,0
156,$400C_const,1
156,$400C_vol,7
157,$4004_duty,3
157,$4004_const,1
157,$4004_vol,4
157,$400C_const,1
157,$400C_vol,0
158,$4004_duty,3
158,$4004_const,1
158,$4004_vol,1
159,$4000_duty,3
159,$4000_const,1
159,$4000_vol,0
161,$4000_duty,3
161,$4000_const,1
161,$4000_vol,1
161,$4002_period,481
161,$400B_length,32
162,$4004_duty,2
162,$4004_const,1
162,$4004_vol,12
162,$4006_period,3237
162,$4008_linear,127
162,$400A_period,151
162,$400B_length,32
162,$400E_period,2
162,$400E_mode,0
162,$400C_const,1
162,$400C_vol,8
163,$4004_duty,3
163,$4004_const,1
163,$4004_vol,11
163,$4008_linear,0
163,$400C_const,1
163,$400C_vol,5
164,$4000_duty,3
164,$4000_const,1
164,$4000_vol,0
164,$4004_duty,3
164,$4004_const,1
164,$4004_vol,10
164,$400C_const,1
164,$400C_vol,0
165,$4004_duty,3
165,$4004_const,1
165,$4004_vol,9
166,$4004_duty,3
166,$4004_const,1
166,$4004_vol,8
167,$4004_duty,3
167,$4004_const,1
167,$4004_vol,7
168,$4004_duty,3
168,$4004_const,1
168,$4004_vol,6
169,$4012_addr,250
169,$4013_len,11
169,$4010_rate,14
169,$4000_duty,3
169,$4000_const,1
169,$4000_vol,10
169,$4002_period,453
169,$400B_length,48
169,$4004_duty,3
169,$4004_const,1
169,$4004_vol,5
169,$4008_linear,127
169,$400A_period,75
169,$400B_length,48
169,$400E_period,1
169,$400E_mode,0
169,$400C_const,1
169,$400C_vol,8
170,$4008_linear,0
170,$400C_const,1
170,$400C_vol,5
171,$4004_duty,3
171,$4004_const,1
171,$4004_vol,4
171,$400C_const,1
171,$400C_vol,0
172,$4000_duty,3
172,$4000_const,1
172,$4000_vol,7
172,$4004_duty,3
172,$4004_const,1
172,$4004_vol,1
173,$4000_duty,3
173,$4000_const,1
173,$4000_vol,5
174,$4000_duty,3
174,$4000_const,1
174,$4000_vol,0
176,$4010_rate,14
176,$4000_duty,3
176,$4000_const,1
176,$4000_vol,10
176,$4002_period,427
176,$400B_length,32
176,$4004_duty,2
176,$4004_const,1
176,$4004_vol,11
176,$4006_period,1211
176,$4008_linear,127
176,$400A_period,151
176,$400B_length,32
176,$400E_period,3
176,$400E_mode,0
176,$400C_const,1
176,$400C_vol,8
177,$4004_duty,3
177,$4004_const,1
177,$4004_vol,10
177,$4008_linear,0
177,$400C_const,1
177,$400C_vol,5
178,$4004_duty,3
178,$4004_const,1
178,$4004_vol,9
178,$400C_const,1
178,$400C_vol,0
179,$4000_duty,3
179,$4000_const,1
179,$4000_vol,7
179,$4004_duty,3
179,$4004_const,1
179,$4004_vol,8
180,$4000_duty,3
180,$4000_const,1
180,$4000_vol,5
180,$4004_duty,3
180,$4004_const,1
180,$4004_vol,0
181,$4000_duty,3
181,$4000_const,1
181,$4000_vol,0
183,$4012_addr,240
183,$4013_len,11
183,$4010_rate,15
183,$4000_duty,3
183,$4000_const,1
183,$4000_vol,10
183,$4002_period,403
183,$400B_length,48
183,$4004_duty,2
183,$4004_const,1
183,$4004_vol,15
183,$4006_period,2427
183,$4008_linear,127
183,$400A_period,121
183,$400B_length,48
183,$400C_const,1
183,$400C_vol,10
184,$4004_duty,3
184,$4004_const,1
184,$4004_vol,14
184,$4008_linear,0
184,$400C_const,1
184,$400C_vol,7
185,$4004_duty,3
185,$4004_const,1
185,$4004_vol,13
185,$400C_const,1
185,$400C_vol,0
186,$4000_duty,3
186,$4000_const,1
186,$4000_vol,7
186,$4004_duty,3
186,$4004_const,1
186,$4004_vol,12
187,$4000_duty,3
187,$4000_const,1
187,$4000_vol,5
187,$4004_duty,3
187,$4004_const,1
187,$4004_vol,11
188,$4000_duty,3
188,$4000_const,1
188,$4000_vol,0
188,$4004_duty,3
188,$4004_const,1
188,$4004_vol,10
189,$4004_duty,3
189,$4004_const,1
189,$4004_vol,9
190,$4000_duty,3
190,$4000_const,1
190,$4000_vol,10
190,$4002_period,359
190,$400B_length,32
190,$4004_duty,3
190,$4004_const,1
190,$4004_vol,8
190,$4008_linear,127
190,$400A_period,151
190,$400B_length,32
190,$400E_period,2
190,$400E_mode,0
190,$400C_const,1
190,$400C_vol,8
191,$4008_linear,0
191,$400C_const,1
191,$400C_vol,5
192,$4004_duty,3
192,$4004_const,1
192,$4004_vol,7
192,$400C_const,1
192,$400C_vol,0
193,$4000_duty,3
193,$4000_const,1
193,$4000_vol,7
193,$4004_duty,3
193,$4004_const,1
193,$4004_vol,4
194,$4000_duty,3
194,$4000_const,1
194,$4000_vol,5
195,$4000_duty,3
195,$4000_const,1
195,$4000_vol,0
197,$4012_addr,250
197,$4013_len,11
197,$4010_rate,15
197,$4000_duty,3
197,$4000_const,1
197,$4000_vol,10
197,$4002_period,403
197,$400B_length,48
197,$4004_duty,2
197,$4004_const,1
197,$4004_vol,10
197,$4006_period,1211
197,$4008_linear,127
197,$400A_period,75
197,$400B_length,48
197,$400E_period,1
197,$400E_mode,0
197,$400C_const,1
197,$400C_vol,8
198,$4004_duty,3
198,$4004_const,1
198,$4004_vol,9
198,$4008_linear,0
198,$400C_const,1
198,$400C_vol,5
199,$4004_duty,3
199,$4004_const,1
199,$4004_vol,8
199,$400C_const,1
199,$400C_vol,0
200,$4000_duty,3
200,$4000_const,1
200,$4000_vol,7
200,$4004_duty,3
200,$4004_const,1
200,$4004_vol,7
201,$4000_duty,3
201,$4000_const,1
201,$4000_vol,5
201,$4004_duty,3
201,$4004_const,1
201,$4004_vol,0
202,$4000_duty,3
202,$4000_const,1
202,$4000_vol,0
204,$4012_addr,240
204,$4013_len,11
204,$4010_rate,15
204,$4000_duty,3
204,$4000_const,1
204,$4000_vol,10
204,$4002_period,359
204,$400B_length,32
204,$4004_duty,2
204,$4004_const,1
204,$4004_vol,12
204,$4006_period,3237
204,$4008_linear,127
204,$400A_period,151
204,$400B_length,32
204,$400E_period,3
204,$400E_mode,0
204,$400C_const,1
204,$400C_vol,8
205,$4004_duty,3
205,$4004_const,1
205,$4004_vol,11
205,$4008_linear,0
205,$400C_const,1
205,$400C_vol,5
206,$4004_duty,3
206,$4004_const,1
206,$4004_vol,10
206,$400C_const,1
206,$400C_vol,0
207,$4000_duty,3
207,$4000_const,1
207,$4000_vol,7
207,$4004_duty,3
207,$4004_const,1
207,$4004_vol,9
208,$4000_duty,3
208,$4000_const,1
208,$4000_vol,5
208,$4004_duty,3
208,$4004_const,1
208,$4004_vol,8
209,$4000_duty,3
209,$4000_const,1
209,$4000_vol,0
209,$4004_duty,3
209,$4004_const,1
209,$4004_vol,7
210,$4004_duty,3
210,$4004_const,1
210,$4004_vol,6
211,$4012_addr,243
211,$4013_len,28
211,$4010_rate,15
211,$4000_duty,3
211,$4000_const,1
211,$4000_vol,10
211,$4002_period,403
211,$400B_length,48
211,$4004_duty,3
211,$4004_const,1
211,$4004_vol,5
211,$4008_linear,127
211,$400A_period,121
211,$400B_length,48
211,$400C_const,1
211,$400C_vol,10
212,$4008_linear,0
212,$400C_const,1
212,$400C_vol,7
213,$4004_duty,3
213,$4004_const,1
213,$4004_vol,4
213,$400C_const,1
213,$400C_vol,0
214,$4000_duty,3
214,$4000_const,1
214,$4000_vol,7
214,$4004_duty,3
214,$4004_const,1
214,$4004_vol,1
215,$4000_duty,3
215,$4000_const,1
215,$4000_vol,5
216,$4000_duty,3
216,$4000_const,1
216,$4000_vol,0
218,$4000_duty,3
218,$4000_const,1
218,$4000_vol,10
218,$4002_period,481
218,$400B_length,32
218,$4004_duty,2
218,$4004_const,1
218,$4004_vol,12
218,$4006_period,3237
218,$4008_linear,127
218,$400A_period,151
218,$400B_length,32
218,$400E_period,2
218,$400E_mode,0
218,$400C_const,1
218,$400C_vol,8
219,$4004_duty,3
219,$4004_const,1
219,$4004_vol,11
219,$4008_linear,0
219,$400C_const,1
219,$400C_vol,5
220,$4004_duty,3
220,$4004_const,1
220,$4004_vol,10
220,$400C_const,1
220,$400C_vol,0
221,$4000_duty,3
221,$4000_const,1
221,$4000_vol,7
221,$4004_duty,3
221,$4004_const,1
221,$4004_vol,9
222,$4000_duty,3
222,$4000_const,1
222,$4000_vol,5
222,$4004_duty,3
222,$4004_const,1
222,$4004_vol,8
223,$4000_duty,3
223,$4000_const,1
223,$4000_vol,0
223,$4004_duty,3
223,$4004_const,1
223,$4004_vol,7
224,$4004_duty,3
224,$4004_const,1
224,$4004_vol,6
225,$4012_addr,250
225,$4013_len,11
225,$4010_rate,14
225,$4000_duty,3
225,$4000_const,1
225,$4000_vol,10
225,$4002_period,605
225,$400B_length,49
225,$4004_duty,3
225,$4004_const,1
225,$4004_vol,5
225,$4008_linear,127
225,$400A_period,75
225,$400B_length,48
225,$400E_period,1
225,$400E_mode,0
225,$400C_const,1
225,$400C_vol,8
226,$4008_linear,0
226,$400C_const,1
226,$400C_vol,5
227,$4004_duty,3
227,$4004_const,1
227,$4004_vol,4
227,$400C_const,1
227,$400C_vol,0
228,$4000_duty,3
228,$4000_const,1
228,$4000_vol,7
228,$4004_duty,3
228,$4004_const,1
228,$4004_vol,1
229,$4000_duty,3
229,$4000_const,1
229,$4000_vol,5
230,$4000_duty,3
230,$4000_const,1
230,$4000_vol,0
232,$4012_addr,240
232,$4013_len,11
232,$4010_rate,15
232,$4000_duty,3
232,$4000_const,1
232,$4000_vol,10
232,$4002_period,807
232,$400B_length,33
232,$4004_duty,2
232,$4004_const,1
232,$4004_vol,11
232,$4006_period,1211
232,$4008_linear,127
232,$400A_period,151
232,$400B_length,32
232,$400E_period,3
232,$400E_mode,0
232,$400C_const,1
232,$400C_vol,8
233,$4004_duty,3
233,$4004_const,1
233,$4004_vol,10
233,$4008_linear,0
233,$400C_const,1
233,$400C_vol,5
234,$4004_duty,3
234,$4004_const,1
234,$4004_vol,9
234,$400C_const,1
234,$400C_vol,0
235,$4000_duty,3
235,$4000_const,1
235,$4000_vol,7
235,$4004_duty,3
235,$4004_const,1
235,$4004_vol,8
236,$4000_duty,3
236,$4000_const,1
236,$4000_vol,5
236,$4004_duty,3
236,$4004_const,1
236,$4004_vol,0
237,$4000_duty,3
237,$4000_const,1
237,$4000_vol,0
239,$4012_addr,240
239,$4013_len,11
239,$4010_rate,15
239,$4000_duty,3
239,$4000_const,1
239,$4000_vol,10
239,$4002_period,481
239,$400B_length,48
239,$4004_duty,2
239,$4004_const,1
239,$4004_vol,15
239,$4006_period,2427
239,$4008_linear,127
239,$400A_period,121
239,$400B_length,48
239,$400C_const,1
239,$400C_vol,10
240,$4004_duty,3
240,$4004_const,1
240,$4004_vol,14
240,$4008_linear,0
240,$400C_const,1
240,$400C_vol,7
241,$4004_duty,3
241,$4004_const,1
241,$4004_vol,13
241,$400C_const,1
241,$400C_vol,0
242,$4000_duty,3
242,$4000_const,1
242,$4000_vol,7
242,$4004_duty,3
242,$4004_const,1
242,$4004_vol,12
243,$4000_duty,3
243,$4000_const,1
243,$4000_vol,5
243,$4004_duty,3
243,$4004_const,1
243,$4004_vol,11
244,$4000_duty,3
244,$4000_const,1
244,$4000_vol,0
244,$4004_duty,3
244,$4004_const,1
244,$4004_vol,10
245,$4004_duty,3
245,$4004_const,1
245,$4004_vol,9
246,$4000_duty,3
246,$4000_const,1
246,$4000_vol,10
246,$4002_period,453
246,$400B_length,32
246,$4004_duty,3
246,$4004_const,1
246,$4004_vol,8
246,$4008_linear,127
246,$400A_period,151
246,$400B_length,32
246,$400E_period,2
246,$400E_mode,0
246,$400C_const,1
246,$400C_vol,8
247,$4008_linear,0
247,$400C_const,1
247,$400C_vol,5
248,$4004_duty,3
248,$4004_const,1
248,$4004_vol,7
248,$400C_const,1
248,$400C_vol,0
249,$4000_duty,3
249,$4000_const,1
249,$4000_vol,7
249,$4004_duty,3
249,$4004_const,1
249,$4004_vol,4
250,$4000_duty,3
250,$4000_const,1
250,$4000_vol,5
251,$4000_duty,3
251,$4000_const,1
251,$4000_vol,0
253,$4012_addr,250
253,$4013_len,11
253,$4010_rate,15
253,$4000_duty,3
253,$4000_const,1
253,$4000_vol,10
253,$4002_period,427
253,$400B_length,48
253,$4004_duty,2
253,$4004_const,1
253,$4004_vol,10
253,$4006_period,1211
253,$4008_linear,127
253,$400A_period,75
253,$400B_length,48
253,$400E_period,1
253,$400E_mode,0
253,$400C_const,1
253,$400C_vol,8
254,$4004_duty,3
254,$4004_const,1
254,$4004_vol,9
254,$4008_linear,0
254,$400C_const,1
254,$400C_vol,5
255,$4004_duty,3
255,$4004_const,1
255,$4004_vol,8
255,$400C_const,1
255,$400C_vol,0
256,$4000_duty,3
256,$4000_const,1
256,$4000_vol,7
256,$4004_duty,3
256,$4004_const,1
256,$4004_vol,7
257,$4000_duty,3
257,$4000_const,1
257,$4000_vol,5
257,$4004_duty,3
257,$4004_const,1
257,$4004_vol,0
258,$4000_duty,3
258,$4000_const,1
258,$4000_vol,0
260,$4000_duty,3
260,$4000_const,1
260,$4000_vol,10
260,$4002_period,403
260,$400B_length,32
260,$4004_duty,2
260,$4004_const,1
260,$4004_vol,12
260,$4006_period,3237
260,$4008_linear,127
260,$400A_period,151
260,$400B_length,32
260,$400E_period,3
260,$400E_mode,0
260,$400C_const,1
260,$400C_vol,8
261,$4004_duty,3
261,$4004_const,1
261,$4004_vol,11
261,$4008_linear,0
261,$400C_const,1
261,$400C_vol,5
262,$4004_duty,3
262,$4004_const,1
262,$4004_vol,10
262,$400C_const,1
262,$400C_vol,0
263,$4000_duty,3
263,$4000_const,1
263,$4000_vol,7
263,$4004_duty,3
263,$4004_const,1
263,$4004_vol,9
264,$4000_duty,3
264,$4000_const,1
264,$4000_vol,5
264,$4004_duty,3
264,$4004_const,1
264,$4004_vol,8
265,$4000_duty,3
265,$4000_const,1
265,$4000_vol,0
265,$4004_duty,3
265,$4004_const,1
265,$4004_vol,7
266,$4004_duty,3
266,$4004_const,1
266,$4004_vol,6
267,$4012_addr,243
267,$4013_len,28
267,$4010_rate,15
267,$4004_duty,3
267,$4004_const,1
267,$4004_vol,5
267,$4008_linear,127
267,$400A_period,121
267,$400B_length,48
267,$400C_const,1
267,$400C_vol,10
268,$4008_linear,0
268,$400C_const,1
268,$400C_vol,7
269,$4004_duty,3
269,$4004_const,1
269,$4004_vol,4
269,$400C_const,1
269,$400C_vol,0
270,$4004_duty,3
270,$4004_const,1
270,$4004_vol,1
274,$4000_duty,0
274,$4000_const,1
274,$4000_vol,7
274,$4002_period,89
274,$400B_length,48
274,$4004_duty,2
274,$4004_const,1
274,$4004_vol,12
274,$4006_period,3237
274,$4008_linear,127
274,$400A_period,151
274,$400B_length,32
274,$400E_period,2
274,$400E_mode,0
274,$400C_const,1
274,$400C_vol,8
275,$4004_duty,3
275,$4004_const,1
275,$4004_vol,11
275,$4008_linear,0
275,$400C_const,1
275,$400C_vol,5
276,$4000_duty,0
276,$4000_const,1
276,$4000_vol,5
276,$4004_duty,3
276,$4004_const,1
276,$4004_vol,10
276,$400C_const,1
276,$400C_vol,0
277,$4004_duty,3
277,$4004_const,1
277,$4004_vol,9
278,$4000_duty,0
278,$4000_const,1
278,$4000_vol,0
278,$4004_duty,3
278,$4004_const,1
278,$4004_vol,8
279,$4004_duty,3
279,$4004_const,1
279,$4004_vol,7
280,$4004_duty,3
280,$4004_const,1
280,$4004_vol,6
281,$4012_addr,250
281,$4013_len,11
281,$4010_rate,14
281,$4000_duty,0
281,$4000_const,1
281,$4000_vol,7
281,$4002_period,81
281,$400B_length,32
281,$4004_duty,3
281,$4004_const,1
281,$4004_vol,5
281,$4008_linear,127
281,$400A_period,75
281,$400B_length,48
281,$400E_period,1
281,$400E_mode,0
281,$400C_const,1
281,$400C_vol,8
282,$4008_linear,0
282,$400C_const,1
282,$400C_vol,5
283,$4000_duty,0
283,$4000_const,1
283,$4000_vol,5
283,$4004_duty,3
283,$4004_const,1
283,$4004_vol,4
283,$400C_const,1
283,$400C_vol,0
284,$4004_duty,3
284,$4004_const,1
284,$4004_vol,1
285,$4000_duty,0
285,$4000_const,1
285,$4000_vol,0
288,$4010_rate,14
288,$4000_duty,0
288,$4000_const,1
288,$4000_vol,7
288,$4002_period,75
288,$400B_length,48
288,$4004_duty,2
288,$4004_const,1
288,$4004_vol,11
288,$4006_period,1211
288,$4008_linear,127
288,$400A_period,151
288,$400B_length,32
288,$400E_period,3
288,$400E_mode,0
288,$400C_const,1
288,$400C_vol,8
289,$4004_duty,3
289,$4004_const,1
289,$4004_vol,10
289,$4008_linear,0
289,$400C_const,1
289,$400C_vol,5
290,$4000_duty,0
290,$4000_const,1
290,$4000_vol,5
290,$4004_duty,3
290,$4004_const,1
290,$4004_vol,9
290,$400C_const,1
290,$400C_vol,0
291,$4004_duty,3
291,$4004_const,1
291,$4004_vol,8
292,$4000_duty,0
292,$4000_const,1
292,$4000_vol,0
292,$4004_duty,3
292,$4004_const,1
292,$4004_vol,0
295,$4012_addr,240
295,$4013_len,11
295,$4010_rate,15
295,$4000_duty,0
295,$4000_const,1
295,$4000_vol,7
295,$4002_period,101
295,$400B_length,32
295,$4004_duty,2
295,$4004_const,1
295,$4004_vol,15
295,$4006_period,2427
295,$4008_linear,127
295,$400A_period,121
295,$400B_length,48
295,$400C_const,1
295,$400C_vol,10
296,$4004_duty,3
296,$4004_const,1
296,$4004_vol,14
296,$4008_linear,0
296,$400C_const,1
296,$400C_vol,7
297,$4000_duty,0
297,$4000_const,1
297,$4000_vol,5
297,$4004_duty,3
297,$4004_const,1
297,$4004_vol,13
297,$400C_const,1
297,$400C_vol,0
298,$4004_duty,3
298,$4004_const,1
298,$4004_vol,12
299,$4000_duty,0
299,$4000_const,1
299,$4000_vol,0
299,$4004_duty,3
299,$4004_const,1
299,$4004_vol,11
300,$4004_duty,3
300,$4004_const,1
300,$4004_vol,10
301,$4004_duty,3
301,$4004_const,1
301,$4004_vol,9
302,$4004_duty,3
302,$4004_const,1
302,$4004_vol,8
302,$4008_linear,127
302,$400A_period,151
302,$400B_length,32
302,$400E_period,2
302,$400E_mode,0
302,$400C_const,1
302,$400C_vol,8
303,$4008_linear,0
303,$400C_const,1
303,$400C_vol,5
304,$4004_duty,3
304,$4004_const,1
304,$4004_vol,7
304,$400C_const,1
304,$400C_vol,0
305,$4004_duty,3
305,$4004_const,1
305,$4004_vol,4
309,$4012_addr,250
309,$4013_len,11
309,$4010_rate,15
309,$4004_duty,2
309,$4004_const,1
309,$4004_vol,10
309,$4006_period,1211
309,$4008_linear,127
309,$400A_period,75
309,$400B_length,48
309,$400E_period,1
309,$400E_mode,0
309,$400C_const,1
309,$400C_vol,8
310,$4004_duty,3
310,$4004_const,1
310,$4004_vol,9
310,$4008_linear,0
310,$400C_const,1
310,$400C_vol,5
311,$4004_duty,3
311,$4004_const,1
311,$4004_vol,8
311,$400C_const,1
311,$400C_vol,0
312,$4004_duty,3
312,$4004_const,1
312,$4004_vol,7
313,$4004_duty,3
313,$4004_const,1
313,$4004_vol,0
316,$4010_rate,15
316,$4004_duty,2
316,$4004_const,1
316,$4004_vol,12
316,$4006_period,3237
316,$4008_linear,127
316,$400A_period,151
316,$400B_length,32
316,$400E_period,3
316,$400E_mode,0
316,$400C_const,1
316,$400C_vol,8
317,$4004_duty,3
317,$4004_const,1
317,$4004_vol,11
317,$4008_linear,0
317,$400C_const,1
317,$400C_vol,5
318,$4004_duty,3
318,$4004_const,1
318,$4004_vol,10
318,$400C_const,1
318,$400C_vol,0
319,$4004_duty,3
319,$4004_const,1
319,$4004_vol,9
320,$4004_duty,3
320,$4004_const,1
320,$4004_vol,8
321,$4004_duty,3
321,$4004_const,1
321,$4004_vol,7
322,$4004_duty,3
322,$4004_const,1
322,$4004_vol,6
323,$4012_addr,243
323,$4013_len,28
323,$4010_rate,15
323,$4004_duty,3
323,$4004_const,1
323,$4004_vol,5
323,$4008_linear,127
323,$400A_period,121
323,$400B_length,48
323,$400C_const,1
323,$400C_vol,10
324,$4008_linear,0
324,$400C_const,1
324,$400C_vol,7
325,$4004_duty,3
325,$4004_const,1
325,$4004_vol,4
325,$400C_const,1
325,$400C_vol,0
326,$4004_duty,3
326,$4004_const,1
326,$4004_vol,1
330,$4012_addr,250
330,$4013_len,11
330,$4010_rate,14
330,$4004_duty,2
330,$4004_const,1
330,$4004_vol,12
330,$4006_period,3237
330,$4008_linear,127
330,$400A_period,151
330,$400B_length,32
330,$400E_period,2
330,$400E_mode,0
330,$400C_const,1
330,$400C_vol,8
331,$4004_duty,3
331,$4004_const,1
331,$4004_vol,11
331,$4008_linear,0
331,$400C_const,1
331,$400C_vol,5
332,$4004_duty,3
332,$4004_const,1
332,$4004_vol,10
332,$400C_const,1
332,$400C_vol,0
333,$4004_duty,3
333,$4004_const,1
333,$4004_vol,9
334,$4004_duty,3
334,$4004_const,1
334,$4004_vol,8
335,$4004_duty,3
335,$4004_const,1
335,$4004_vol,7
336,$4004_duty,3
336,$4004_const,1
336,$4004_vol,6
337,$4012_addr,243
337,$4013_len,28
337,$4010_rate,15
337,$4004_duty,3
337,$4004_const,1
337,$4004_vol,5
337,$4008_linear,127
337,$400A_period,75
337,$400B_length,48
337,$400E_period,1
337,$400E_mode,0
337,$400C_const,1
337,$400C_vol,8
338,$4008_linear,0
338,$400C_const,1
338,$400C_vol,5
339,$4004_duty,3
339,$4004_const,1
339,$4004_vol,4
339,$400C_const,1
339,$400C_vol,0
340,$4004_duty,3
340,$4004_const,1
340,$4004_vol,1
344,$4012_addr,240
344,$4013_len,11
344,$4010_rate,15
344,$4004_duty,2
344,$4004_const,1
344,$4004_vol,11
344,$4006_period,1211
344,$4008_linear,127
344,$400A_period,151
344,$400B_length,32
344,$400E_period,3
344,$400E_mode,0
344,$400C_const,1
344,$400C_vol,8
345,$4004_duty,3
345,$4004_const,1
345,$4004_vol,10
345,$4008_linear,0
345,$400C_const,1
345,$400C_vol,5
346,$4004_duty,3
346,$4004_const,1
346,$4004_vol,9
346,$400C_const,1
346,$400C_vol,0
347,$4004_duty,3
347,$4004_const,1
347,$4004_vol,8
348,$4004_duty,3
348,$4004_const,1
348,$4004_vol,0
351,$4012_addr,240
351,$4013_len,11
351,$4010_rate,15
351,$4000_duty,3
351,$4000_const,1
351,$4000_vol,11
351,$4002_period,539
351,$400B_length,49
351,$4004_duty,2
351,$4004_const,1
351,$4004_vol,15
351,$4006_period,2157
351,$4008_linear,127
351,$400A_period,113
351,$400B_length,48
351,$400C_const,1
351,$400C_vol,10
352,$4004_duty,3
352,$4004_const,1
352,$4004_vol,14
352,$4008_linear,0
352,$400C_const,1
352,$400C_vol,7
353,$4004_duty,3
353,$4004_const,1
353,$4004_vol,13
353,$400C_const,1
353,$400C_vol,0
354,$4000_duty,3
354,$4000_const,1
354,$4000_vol,8
354,$4004_duty,3
354,$4004_const,1
354,$4004_vol,12
355,$4000_duty,3
355,$4000_const,1
355,$4000_vol,6
355,$4004_duty,3
355,$4004_const,1
355,$4004_vol,11
356,$4000_duty,3
356,$4000_const,1
356,$4000_vol,0
356,$4004_duty,3
356,$4004_const,1
356,$4004_vol,10
357,$4004_duty,3
357,$4004_const,1
357,$4004_vol,9
358,$4004_duty,3
358,$4004_const,1
358,$4004_vol,8
358,$4008_linear,127
358,$400A_period,135
358,$400B_length,32
358,$400E_period,2
358,$400E_mode,0
358,$400C_const,1
358,$400C_vol,8
359,$4008_linear,0
359,$400C_const,1
359,$400C_vol,5
360,$4004_duty,3
360,$4004_const,1
360,$4004_vol,7
360,$400C_const,1
360,$400C_vol,0
361,$4004_duty,3
361,$4004_const,1
361,$4004_vol,4
365,$4012_addr,250
365,$4013_len,11
365,$4010_rate,15
365,$4000_duty,3
365,$4000_const,1
365,$4000_vol,9
365,$4002_period,539
365,$400B_length,33
365,$4004_duty,2
365,$4004_const,1
365,$4004_vol,12
365,$4006_period,1079
365,$4008_linear,127
365,$400A_period,67
365,$400B_length,48
365,$400E_period,1
365,$400E_mode,0
365,$400C_const,1
365,$400C_vol,8
366,$4004_duty,3
366,$4004_const,1
366,$4004_vol,11
366,$4008_linear,0
366,$400C_const,1
366,$400C_vol,5
367,$4004_duty,3
367,$4004_const,1
367,$4004_vol,10
367,$400C_const,1
367,$400C_vol,0
368,$4000_duty,3
368,$4000_const,1
368,$4000_vol,0
368,$4004_duty,3
368,$4004_const,1
368,$4004_vol,9
369,$4004_duty,3
369,$4004_const,1
369,$4004_vol,1
370,$4000_duty,3
370,$4000_const,1
370,$4000_vol,7
370,$4002_period,539
370,$400B_length,49
372,$4004_duty,2
372,$4004_const,1
372,$4004_vol,12
372,$4006_period,2881
372,$4008_linear,127
372,$400A_period,135
372,$400B_length,32
372,$400E_period,3
372,$400E_mode,0
372,$400C_const,1
372,$400C_vol,8
373,$4000_duty,3
373,$4000_const,1
373,$4000_vol,0
373,$4004_duty,3
373,$4004_const,1
373,$4004_vol,11
373,$4008_linear,0
373,$400C_const,1
373,$400C_vol,5
374,$4004_duty,3
374,$4004_const,1
374,$4004_vol,10
374,$400C_const,1
374,$400C_vol,0
375,$4000_duty,3
375,$4000_const,1
375,$4000_vol,5
375,$4002_period,539
375,$400B_length,33
375,$4004_duty,3
375,$4004_const,1
375,$4004_vol,9
376,$4004_duty,3
376,$4004_const,1
376,$4004_vol,8
377,$4004_duty,3
377,$4004_const,1
377,$4004_vol,7
378,$4000_duty,3
378,$4000_const,1
378,$4000_vol,0
378,$4004_duty,3
378,$4004_const,1
378,$4004_vol,6
379,$4012_addr,243
379,$4013_len,28
379,$4010_rate,15
379,$4004_duty,3
379,$4004_const,1
379,$4004_vol,5
379,$4008_linear,127
379,$400A_period,113
379,$400B_length,48
379,$400C_const,1
379,$400C_vol,10
380,$4000_duty,3
380,$4000_const,1
380,$4000_vol,3
380,$4002_period,539
380,$400B_length,49
380,$4008_linear,0
380,$400C_const,1
380,$400C_vol,7
381,$4004_duty,3
381,$4004_const,1
381,$4004_vol,4
381,$400C_const,1
381,$400C_vol,0
382,$4004_duty,3
382,$4004_const,1
382,$4004_vol,1
383,$4000_duty,3
383,$4000_const,1
383,$4000_vol,0
385,$4000_duty,3
385,$4000_const,1
385,$4000_vol,1
385,$4002_period,539
385,$400B_length,33
386,$4004_duty,2
386,$4004_const,1
386,$4004_vol,10
386,$4006_period,2881
386,$4008_linear,127
386,$400A_period,135
386,$400B_length,32
386,$400E_period,2
386,$400E_mode,0
386,$400C_const,1
386,$400C_vol,8
387,$4004_duty,3
387,$4004_const,1
387,$4004_vol,9
387,$4008_linear,0
387,$400C_const,1
387,$400C_vol,5
388,$4000_duty,3
388,$4000_const,1
388,$4000_vol,0
388,$4004_duty,3
388,$4004_const,1
388,$4004_vol,8
388,$400C_const,1
388,$400C_vol,0
389,$4004_duty,3
389,$4004_const,1
389,$4004_vol,7
390,$4004_duty,3
390,$4004_const,1
390,$4004_vol,6
391,$4004_duty,3
391,$4004_const,1
391,$4004_vol,5
392,$4004_duty,3
392,$4004_const,1
392,$4004_vol,4
393,$4012_addr,250
393,$4013_len,11
393,$4010_rate,14
393,$4000_duty,3
393,$4000_const,1
393,$4000_vol,10
393,$4002_period,509
393,$400B_length,48
393,$4004_duty,3
393,$4004_const,1
393,$4004_vol,3
393,$4008_linear,127
393,$400A_period,67
393,$400B_length,48
393,$400E_period,1
393,$400E_mode,0
393,$400C_const,1
393,$400C_vol,8
394,$4008_linear,0
394,$400C_const,1
394,$400C_vol,5
395,$4004_duty,3
395,$4004_const,1
395,$4004_vol,2
395,$400C_const,1
395,$400C_vol,0
396,$4000_duty,3
396,$4000_const,1
396,$4000_vol,7
396,$4004_duty,3
396,$4004_const,1
396,$4004_vol,0
397,$4000_duty,3
397,$4000_const,1
397,$4000_vol,5
398,$4000_duty,3
398,$4000_const,1
398,$4000_vol,0
400,$4010_rate,14
400,$4000_duty,3
400,$4000_const,1
400,$4000_vol,10
400,$4002_period,481
400,$400B_length,32
400,$4004_duty,2
400,$4004_const,1
400,$4004_vol,10
400,$4006_period,1079
400,$4008_linear,127
400,$400A_period,135
400,$400B_length,32
400,$400E_period,3
400,$400E_mode,0
400,$400C_const,1
400,$400C_vol,8
401,$4004_duty,3
401,$4004_const,1
401,$4004_vol,9
401,$4008_linear,0
401,$400C_const,1
401,$400C_vol,5
402,$4004_duty,3
402,$4004_const,1
402,$4004_vol,8
402,$400C_const,1
402,$400C_vol,0
403,$4000_duty,3
403,$4000_const,1
403,$4000_vol,7
403,$4004_duty,3
403,$4004_const,1
403,$4004_vol,7
404,$4000_duty,3
404,$4000_const,1
404,$4000_vol,5
404,$4004_duty,3
404,$4004_const,1
404,$4004_vol,0
405,$4000_duty,3
405,$4000_const,1
405,$4000_vol,0
407,$4012_addr,240
407,$4013_len,11
407,$4010_rate,15
407,$4000_duty,3
407,$4000_const,1
407,$4000_vol,10
407,$4002_period,453
407,$400B_length,48
407,$4004_duty,2
407,$4004_const,1
407,$4004_vol,15
407,$4006_period,2157
407,$4008_linear,127
407,$400A_period,113
407,$400B_length,48
407,$400C_const,1
407,$400C_vol,10
408,$4004_duty,3
408,$4004_const,1
408,$4004_vol,14
408,$4008_linear,0
408,$400C_const,1
408,$400C_vol,7
409,$4004_duty,3
409,$4004_const,1
409,$4004_vol,13
409,$400C_const,1
409,$400C_vol,0
410,$4000_duty,3
410,$4000_const,1
410,$4000_vol,7
410,$4004_duty,3
410,$4004_const,1
410,$4004_vol,12
411,$4000_duty,3
411,$4000_const,1
411,$4000_vol,5
411,$4004_duty,3
411,$4004_const,1
411,$4004_vol,11
412,$4000_duty,3
412,$4000_const,1
412,$4000_vol,0
412,$4004_duty,3
412,$4004_const,1
412,$4004_vol,10
413,$4004_duty,3
413,$4004_const,1
413,$4004_vol,9
414,$4000_duty,3
414,$4000_const,1
414,$4000_vol,10
414,$4002_period,403
414,$400B_length,32
414,$4004_duty,3
414,$4004_const,1
414,$4004_vol,8
414,$4008_linear,127
414,$400A_period,135
414,$400B_length,32
414,$400E_period,2
414,$400E_mode,0
414,$400C_const,1
414,$400C_vol,8
415,$4008_linear,0
415,$400C_const,1
415,$400C_vol,5
416,$4004_duty,3
416,$4004_const,1
416,$4004_vol,7
416,$400C_const,1
416,$400C_vol,0
417,$4000_duty,3
417,$4000_const,1
417,$4000_vol,7
417,$4004_duty,3
417,$4004_const,1
417,$4004_vol,4
418,$4000_duty,3
418,$4000_const,1
418,$4000_vol,5
419,$4000_duty,3
419,$4000_const,1
419,$4000_vol,0
421,$4012_addr,250
421,$4013_len,11
421,$4010_rate,15
421,$4000_duty,3
421,$4000_const,1
421,$4000_vol,10
421,$4002_period,453
421,$400B_length,48
421,$4004_duty,2
421,$4004_const,1
421,$4004_vol,12
421,$4006_period,1079
421,$4008_linear,127
421,$400A_period,67
421,$400B_length,48
421,$400E_period,1
421,$400E_mode,0
421,$400C_const,1
421,$400C_vol,8
422,$4004_duty,3
422,$4004_const,1
422,$4004_vol,11
422,$4008_linear,0
422,$400C_const,1
422,$400C_vol,5
423,$4004_duty,3
423,$4004_const,1
423,$4004_vol,10
423,$400C_const,1
423,$400C_vol,0
424,$4000_duty,3
424,$4000_const,1
424,$4000_vol,7
424,$4004_duty,3
424,$4004_const,1
424,$4004_vol,9
425,$4000_duty,3
425,$4000_const,1
425,$4000_vol,5
425,$4004_duty,3
425,$4004_const,1
425,$4004_vol,1
426,$4000_duty,3
426,$4000_const,1
426,$4000_vol,0
428,$4010_rate,15
428,$4000_duty,3
428,$4000_const,1
428,$4000_vol,10
428,$4002_period,403
428,$400B_length,32
428,$4004_duty,2
428,$4004_const,1
428,$4004_vol,12
428,$4006_period,2881
428,$4008_linear,127
428,$400A_period,135
428,$400B_length,32
428,$400E_period,3
428,$400E_mode,0
428,$400C_const,1
428,$400C_vol,8
429,$4004_duty,3
429,$4004_const,1
429,$4004_vol,11
429,$4008_linear,0
429,$400C_const,1
429,$400C_vol,5
430,$4004_duty,3
430,$4004_const,1
430,$4004_vol,10
430,$400C_const,1
430,$400C_vol,0
431,$4000_duty,3
431,$4000_const,1
431,$4000_vol,7
431,$4004_duty,3
431,$4004_const,1
431,$4004_vol,9
432,$4000_duty,3
432,$4000_const,1
432,$4000_vol,5
432,$4004_duty,3
432,$4004_const,1
432,$4004_vol,8
433,$4000_duty,3
433,$4000_const,1
433,$4000_vol,0
433,$4004_duty,3
433,$4004_const,1
433,$4004_vol,7
434,$4004_duty,3
434,$4004_const,1
434,$4004_vol,6
435,$4012_addr,243
435,$4013_len,28
435,$4010_rate,15
435,$4000_duty,3
435,$4000_const,1
435,$4000_vol,10
435,$4002_period,453
435,$400B_length,48
435,$4004_duty,3
435,$4004_const,1
435,$4004_vol,5
435,$4008_linear,127
435,$400A_period,113
435,$400B_length,48
435,$400C_const,1
435,$400C_vol,10
436,$4008_linear,0
436,$400C_const,1
436,$400C_vol,7
437,$4004_duty,3
437,$4004_const,1
437,$4004_vol,4
437,$400C_const,1
437,$400C_vol,0
438,$4000_duty,3
438,$4000_const,1
438,$4000_vol,7
438,$4004_duty,3
438,$4004_const,1
438,$4004_vol,1
439,$4000_duty,3
439,$4000_const,1
439,$4000_vol,5
440,$4000_duty,3
440,$4000_const,1
440,$4000_vol,0
442,$4012_addr,250
442,$4013_len,11
442,$4010_rate,14
442,$4000_duty,3
442,$4000_const,1
442,$4000_vol,10
442,$4002_period,403
442,$400B_length,32
442,$4004_duty,2
442,$4004_const,1
442,$4004_vol,10
442,$4006_period,2881
442,$4008_linear,127
442,$400A_period,135
442,$400B_length,32
442,$400E_period,2
442,$400E_mode,0
442,$400C_const,1
442,$400C_vol,8
443,$4004_duty,3
443,$4004_const,1
443,$4004_vol,9
443,$4008_linear,0
443,$400C_const,1
443,$400C_vol,5
444,$4004_duty,3
444,$4004_const,1
444,$4004_vol,8
444,$400C_const,1
444,$400C_vol,0
445,$4000_duty,3
445,$4000_const,1
445,$4000_vol,7
445,$4004_duty,3
445,$4004_const,1
445,$4004_vol,7
446,$4000_duty,3
446,$4000_const,1
446,$4000_vol,5
446,$4004_duty,3
446,$4004_const,1
446,$4004_vol,6
447,$4000_duty,3
447,$4000_const,1
447,$4000_vol,0
447,$4004_duty,3
447,$4004_const,1
447,$4004_vol,5
448,$4004_duty,3
448,$4004_const,1
448,$4004_vol,4
449,$4012_addr,243
449,$4013_len,28
449,$4010_rate,15
449,$4000_duty,3
449,$4000_const,1
449,$4000_vol,10
449,$4002_period,321
449,$400B_length,48
449,$4004_duty,3
449,$4004_const,1
449,$4004_vol,3
449,$4008_linear,127
449,$400A_period,67
449,$400B_length,48
449,$400E_period,1
449,$400E_mode,0
449,$400C_const,1
449,$400C_vol,8
450,$4008_linear,0
450,$400C_const,1
450,$400C_vol,5
451,$4004_duty,3
451,$4004_const,1
451,$4004_vol,2
451,$400C_const,1
451,$400C_vol,0
452,$4000_duty,3
452,$4000_const,1
452,$4000_vol,7
452,$4004_duty,3
452,$4004_const,1
452,$4004_vol,0
453,$4000_duty,3
453,$4000_const,1
453,$4000_vol,5
454,$4000_duty,3
454,$4000_const,1
454,$4000_vol,0
456,$4012_addr,240
456,$4013_len,11
456,$4010_rate,15
456,$4000_duty,3
456,$4000_const,1
456,$4000_vol,10
456,$4002_period,359
456,$400B_length,32
456,$4004_duty,2
456,$4004_const,1
456,$4004_vol,10
456,$4006_period,1079
456,$4008_linear,127
456,$400A_period,135
456,$400B_length,32
456,$400E_period,3
456,$400E_mode,0
456,$400C_const,1
456,$400C_vol,8
457,$4004_duty,3
457,$4004_const,1
457,$4004_vol,9
457,$4008_linear,0
457,$400C_const,1
457,$400C_vol,5
458,$4004_duty,3
458,$4004_const,1
458,$4004_vol,8
458,$400C_const,1
458,$400C_vol,0
459,$4000_duty,3
459,$4000_const,1
459,$4000_vol,7
459,$4004_duty,3
459,$4004_const,1
459,$4004_vol,7
460,$4000_duty,3
460,$4000_const,1
460,$4000_vol,5
460,$4004_duty,3
460,$4004_const,1
460,$4004_vol,0
461,$4000_duty,3
461,$4000_const,1
461,$4000_vol,0
463,$4012_addr,240
463,$4013_len,11
463,$4010_rate,15
463,$4000_duty,3
463,$4000_const,1
463,$4000_vol,10
463,$4002_period,403
463,$400B_length,48
463,$4004_duty,2
463,$4004_const,1
463,$4004_vol,15
463,$4006_period,2157
463,$4008_linear,127
463,$400A_period,113
463,$400B_length,48
463,$400C_const,1
463,$400C_vol,10
464,$4004_duty,3
464,$4004_const,1
464,$4004_vol,14
464,$4008_linear,0
464,$400C_const,1
464,$400C_vol,7
465,$4004_duty,3
465,$4004_const,1
465,$4004_vol,13
465,$400C_const,1
465,$400C_vol,0
466,$4000_duty,3
466,$4000_const,1
466,$4000_vol,7
466,$4004_duty,3
466,$4004_const,1
466,$4004_vol,12
467,$4000_duty,3
467,$4000_const,1
467,$4000_vol,5
467,$4004_duty,3
467,$4004_const,1
467,$4004_vol,11
468,$4000_duty,3
468,$4000_const,1
468,$4000_vol,0
468,$4004_duty,3
468,$4004_const,1
468,$4004_vol,10
469,$4004_duty,3
469,$4004_const,1
469,$4004_vol,9
470,$4000_duty,3
470,$4000_const,1
470,$4000_vol,10
470,$4002_period,453
470,$400B_length,32
470,$4004_duty,3
470,$4004_const,1
470,$4004_vol,8
470,$4008_linear,127
470,$400A_period,135
470,$400B_length,32
470,$400E_period,2
470,$400E_mode,0
470,$400C_const,1
470,$400C_vol,8
471,$4008_linear,0
471,$400C_const,1
471,$400C_vol,5
472,$4004_duty,3
472,$4004_const,1
472,$4004_vol,7
472,$400C_const,1
472,$400C_vol,0
473,$4000_duty,3
473,$4000_const,1
473,$4000_vol,7
473,$4004_duty,3
473,$4004_const,1
473,$4004_vol,4
474,$4000_duty,3
474,$4000_const,1
474,$4000_vol,5
475,$4000_duty,3
475,$4000_const,1
475,$4000_vol,0
477,$4012_addr,250
477,$4013_len,11
477,$4010_rate,15
477,$4000_duty,3
477,$4000_const,1
477,$4000_vol,10
477,$4002_period,539
477,$400B_length,49
477,$4004_duty,2
477,$4004_const,1
477,$4004_vol,10
477,$4006_period,1079
477,$4008_linear,127
477,$400A_period,67
477,$400B_length,48
477,$400E_period,1
477,$400E_mode,0
477,$400C_const,1
477,$400C_vol,8
478,$4004_duty,3
478,$4004_const,1
478,$4004_vol,9
478,$4008_linear,0
478,$400C_const,1
478,$400C_vol,5
479,$4004_duty,3
479,$4004_const,1
479,$4004_vol,8
479,$400C_const,1
479,$400C_vol,0
480,$4000_duty,3
480,$4000_const,1
480,$4000_vol,7
480,$4004_duty,3
480,$4004_const,1
480,$4004_vol,7
481,$4000_duty,3
481,$4000_const,1
481,$4000_vol,5
481,$4004_duty,3
481,$4004_const,1
481,$4004_vol,0
482,$4000_duty,3
482,$4000_const,1
482,$4000_vol,0
484,$4000_duty,3
484,$4000_const,1
484,$4000_vol,10
484,$4002_period,641
484,$400B_length,33
484,$4004_duty,2
484,$4004_const,1
484,$4004_vol,10
484,$4006_period,2157
484,$4008_linear,127
484,$400A_period,135
484,$400B_length,32
484,$400E_period,3
484,$400E_mode,0
484,$400C_const,1
484,$400C_vol,8
485,$4004_duty,3
485,$4004_const,1
485,$4004_vol,9
485,$4008_linear,0
485,$400C_const,1
485,$400C_vol,5
486,$4004_duty,3
486,$4004_const,1
486,$4004_vol,8
486,$400C_const,1
486,$400C_vol,0
487,$4000_duty,3
487,$4000_const,1
487,$4000_vol,7
487,$4004_duty,3
487,$4004_const,1
487,$4004_vol,7
488,$4000_duty,3
488,$4000_const,1
488,$4000_vol,5
488,$4004_duty,3
488,$4004_const,1
488,$4004_vol,6
489,$4000_duty,3
489,$4000_const,1
489,$4000_vol,0
489,$4004_duty,3
489,$4004_const,1
489,$4004_vol,5
490,$4004_duty,3
490,$4004_const,1
490,$4004_vol,4
491,$4012_addr,243
491,$4013_len,28
491,$4010_rate,15
491,$4004_duty,3
491,$4004_const,1
491,$4004_vol,3
491,$4008_linear,127
491,$400A_period,113
491,$400B_length,48
491,$400C_const,1
491,$400C_vol,10
492,$4008_linear,0
492,$400C_const,1
492,$400C_vol,7
493,$4004_duty,3
493,$4004_const,1
493,$4004_vol,2
493,$400C_const,1
493,$400C_vol,0
494,$4004_duty,3
494,$4004_const,1
494,$4004_vol,0
498,$4000_duty,0
498,$4000_const,1
498,$4000_vol,13
498,$4002_period,807
498,$400B_length,49
498,$4004_duty,2
498,$4004_const,1
498,$4004_vol,13
498,$4006_period,1619
498,$4008_linear,127
498,$400A_period,101
498,$400B_length,32
498,$400E_period,2
498,$400E_mode,0
498,$400C_const,1
498,$400C_vol,8
499,$4004_duty,3
499,$4004_const,1
499,$4004_vol,12
499,$4008_linear,0
499,$400C_const,1
499,$400C_vol,5
500,$4000_duty,0
500,$4000_const,1
500,$4000_vol,11
500,$4004_duty,3
500,$4004_const,1
500,$4004_vol,11
500,$400C_const,1
500,$400C_vol,0
501,$4004_duty,3
501,$4004_const,1
501,$4004_vol,10
502,$4004_duty,3
502,$4004_const,1
502,$4004_vol,2
503,$4000_duty,0
503,$4000_const,1
503,$4000_vol,2
505,$4012_addr,250
505,$4013_len,11
505,$4010_rate,14
505,$4000_duty,0
505,$4000_const,1
505,$4000_vol,13
505,$4002_period,907
505,$400B_length,33
505,$4004_duty,2
505,$4004_const,1
505,$4004_vol,13
505,$4006_period,1811
505,$4008_linear,127
505,$400A_period,113
505,$400B_length,48
505,$400E_period,1
505,$400E_mode,0
505,$400C_const,1
505,$400C_vol,8
506,$4004_duty,3
506,$4004_const,1
506,$4004_vol,12
506,$4008_linear,0
506,$400C_const,1
506,$400C_vol,5
507,$4000_duty,0
507,$4000_const,1
507,$4000_vol,11
507,$4004_duty,3
507,$4004_const,1
507,$4004_vol,11
507,$400C_const,1
507,$400C_vol,0
508,$4004_duty,3
508,$4004_const,1
508,$4004_vol,10
509,$4004_duty,3
509,$4004_const,1
509,$4004_vol,2
510,$4000_duty,0
510,$4000_const,1
510,$4000_vol,2
512,$4010_rate,14
512,$4000_duty,0
512,$4000_const,1
512,$4000_vol,13
512,$4002_period,1079
512,$400B_length,50
512,$4004_duty,2
512,$4004_const,1
512,$4004_vol,14
512,$4006_period,2157
512,$4008_linear,127
512,$400A_period,135
512,$400B_length,32
512,$400E_period,3
512,$400E_mode,0
512,$400C_const,1
512,$400C_vol,8
513,$4004_duty,3
513,$4004_const,1
513,$4004_vol,13
513,$4008_linear,0
513,$400C_const,1
513,$400C_vol,5
514,$4000_duty,0
514,$4000_const,1
514,$4000_vol,11
514,$4004_duty,3
514,$4004_const,1
514,$4004_vol,12
514,$400C_const,1
514,$400C_vol,0
515,$4004_duty,3
515,$4004_const,1
515,$4004_vol,11
516,$4004_duty,3
516,$4004_const,1
516,$4004_vol,3
517,$4000_duty,0
517,$4000_const,1
517,$4000_vol,2
519,$4012_addr,243
519,$4013_len,28
519,$4010_rate,15
519,$4000_duty,0
519,$4000_const,1
519,$4000_vol,13
519,$4002_period,1281
519,$400B_length,34
519,$4004_duty,2
519,$4004_const,1
519,$4004_vol,14
519,$4006_period,2571
519,$4008_linear,127
519,$400A_period,161
519,$400B_length,48
519,$400E_period,2
519,$400E_mode,0
519,$400C_const,1
519,$400C_vol,14
520,$4004_duty,3
520,$4004_const,1
520,$4004_vol,13
520,$4008_linear,0
520,$400C_const,1
520,$400C_vol,11
521,$4000_duty,0
521,$4000_const,1
521,$4000_vol,11
521,$4004_duty,3
521,$4004_const,1
521,$4004_vol,12
521,$400C_const,1
521,$400C_vol,3
522,$4004_duty,3
522,$4004_const,1
522,$4004_vol,11
523,$4004_duty,3
523,$4004_const,1
523,$4004_vol,3
524,$4000_duty,0
524,$4000_const,1
524,$4000_vol,2
526,$4012_addr,240
526,$4013_len,11
526,$4010_rate,15
526,$4004_duty,2
526,$4004_const,1
526,$4004_vol,15
526,$4006_period,3237
526,$4008_linear,127
526,$400A_period,201
526,$400B_length,32
526,$400E_period,1
526,$400E_mode,0
526,$400C_const,1
526,$400C_vol,2
527,$4004_duty,3
527,$4004_const,1
527,$4004_vol,14
527,$4008_linear,0
527,$400C_const,1
527,$400C_vol,0
528,$4004_duty,3
528,$4004_const,1
528,$4004_vol,13
529,$4004_duty,3
529,$4004_const,1
529,$4004_vol,12
530,$4004_duty,3
530,$4004_const,1
530,$4004_vol,4
532,$4000_duty,0
532,$4000_const,1
532,$4000_vol,0
533,$4008_linear,127
533,$400A_period,201
533,$400B_length,48
533,$400C_const,1
533,$400C_vol,4
534,$4004_duty,3
534,$4004_const,1
534,$4004_vol,0
534,$4008_linear,0
534,$400C_const,1
534,$400C_vol,1
535,$400C_const,1
535,$400C_vol,0
540,$4010_rate,15
540,$4000_duty,0
540,$4000_const,1
540,$4000_vol,13
540,$4002_period,1619
540,$400B_length,51
540,$4004_duty,2
540,$4004_const,1
540,$4004_vol,15
540,$4006_period,3237
540,$4008_linear,127
540,$400A_period,179
540,$400B_length,32
540,$400E_period,2
540,$400E_mode,0
540,$400C_const,1
540,$400C_vol,14
541,$4004_duty,3
541,$4004_const,1
541,$4004_vol,14
541,$4008_linear,0
541,$400C_const,1
541,$400C_vol,11
542,$4000_duty,0
542,$4000_const,1
542,$4000_vol,11
542,$4004_duty,3
542,$4004_const,1
542,$4004_vol,13
542,$400C_const,1
542,$400C_vol,3
543,$4004_duty,3
543,$4004_const,1
543,$4004_vol,12
544,$4004_duty,3
544,$4004_const,1
544,$4004_vol,4
545,$4000_duty,0
545,$4000_const,1
545,$4000_vol,2
547,$4010_rate,15
547,$4008_linear,127
547,$400A_period,161
547,$400B_length,48
547,$400E_period,1
547,$400E_mode,0
547,$400C_const,1
547,$400C_vol,2
548,$4004_duty,3
548,$4004_const,1
548,$4004_vol,0
548,$4008_linear,0
548,$400C_const,1
548,$400C_vol,0
553,$4000_duty,0
553,$4000_const,1
553,$4000_vol,0
554,$4012_addr,253
554,$4013_len,10
554,$4010_rate,15
554,$4000_duty,0
554,$4000_const,1
554,$4000_vol,13
554,$4002_period,1619
554,$400B_length,35
554,$4004_duty,2
554,$4004_const,1
554,$4004_vol,15
554,$4006_period,3237
554,$4008_linear,127
554,$400A_period,151
554,$400B_length,32
554,$400C_const,1
554,$400C_vol,4
555,$4004_duty,3
555,$4004_const,1
555,$4004_vol,14
555,$4008_linear,0
555,$400C_const,1
555,$400C_vol,1
556,$4000_duty,0
556,$4000_const,1
556,$4000_vol,11
556,$4004_duty,3
556,$4004_const,1
556,$4004_vol,4
556,$400C_const,1
556,$400C_vol,0
559,$4000_duty,0
559,$4000_const,1
559,$4000_vol,2
560,$4004_duty,3
560,$4004_const,1
560,$4004_vol,0
561,$4012_addr,243
561,$4013_len,28
561,$4010_rate,15
561,$4000_duty,2
561,$4000_const,1
561,$4000_vol,5
561,$4002_period,101
561,$400B_length,48
561,$4004_duty,2
561,$4004_const,1
561,$4004_vol,5
561,$4006_period,113
561,$4008_linear,127
561,$400A_period,135
561,$400B_length,48
561,$400E_period,4
561,$400E_mode,0
561,$400C_const,1
561,$400C_vol,11
562,$4000_duty,3
562,$4000_const,1
562,$4000_vol,4
562,$4004_duty,3
562,$4004_const,1
562,$4004_vol,4
562,$4008_linear,0
562,$400C_const,1
562,$400C_vol,10
563,$4000_duty,3
563,$4000_const,1
563,$4000_vol,3
563,$4004_duty,3
563,$4004_const,1
563,$4004_vol,3
563,$400C_const,1
563,$400C_vol,0
564,$4000_duty,3
564,$4000_const,1
564,$4000_vol,2
564,$4004_duty,3
564,$4004_const,1
564,$4004_vol,2
565,$4000_duty,3
565,$4000_const,1
565,$4000_vol,1
565,$4004_duty,3
565,$4004_const,1
565,$4004_vol,1
566,$4000_duty,3
566,$4000_const,1
566,$4000_vol,0
566,$4004_duty,3
566,$4004_const,1
566,$4004_vol,0
568,$4012_addr,253
568,$4013_len,10
568,$4010_rate,14
568,$4008_linear,127
568,$400A_period,101
568,$400B_length,32
568,$400E_period,1
568,$400E_mode,0
568,$400C_const,1
568,$400C_vol,11
569,$4008_linear,0
569,$400C_const,1
569,$400C_vol,8
570,$400C_const,1
570,$400C_vol,0
575,$4012_addr,240
575,$4013_len,11
575,$4010_rate,15
575,$4000_duty,3
575,$4000_const,1
575,$4000_vol,11
575,$4002_period,481
575,$400B_length,32
575,$4004_duty,2
575,$4004_const,1
575,$4004_vol,15
575,$4006_period,2427
575,$4008_linear,127
575,$400A_period,121
575,$400B_length,48
575,$400E_period,3
575,$400E_mode,0
575,$400C_const,1
575,$400C_vol,10
576,$4004_duty,3
576,$4004_const,1
576,$4004_vol,14
576,$4008_linear,0
576,$400C_const,1
576,$400C_vol,7
577,$4004_duty,3
577,$4004_const,1
577,$4004_vol,13
577,$400C_const,1
577,$400C_vol,0
578,$4000_duty,3
578,$4000_const,1
578,$4000_vol,8
578,$4004_duty,3
578,$4004_const,1
578,$4004_vol,12
579,$4000_duty,3
579,$4000_const,1
579,$4000_vol,6
579,$4004_duty,3
579,$4004_const,1
579,$4004_vol,11
580,$4000_duty,3
580,$4000_const,1
580,$4000_vol,0
580,$4004_duty,3
580,$4004_const,1
580,$4004_vol,10
581,$4004_duty,3
581,$4004_const,1
581,$4004_vol,9
582,$4004_duty,3
582,$4004_const,1
582,$4004_vol,8
582,$4008_linear,127
582,$400A_period,151
582,$400B_length,32
582,$400E_period,2
582,$400E_mode,0
582,$400C_const,1
582,$400C_vol,8
583,$4008_linear,0
583,$400C_const,1
583,$400C_vol,5
584,$4004_duty,3
584,$4004_const,1
584,$4004_vol,7
584,$400C_const,1
584,$400C_vol,0
585,$4004_duty,3
585,$4004_const,1
585,$4004_vol,4
589,$4012_addr,250
589,$4013_len,11
589,$4010_rate,15
589,$4000_duty,3
589,$4000_const,1
589,$4000_vol,9
589,$4002_period,481
589,$400B_length,48
589,$4004_duty,2
589,$4004_const,1
589,$4004_vol,10
589,$4006_period,1211
589,$4008_linear,127
589,$400A_period,75
589,$400B_length,48
589,$400E_period,1
589,$400E_mode,0
589,$400C_const,1
589,$400C_vol,8
590,$4004_duty,3
590,$4004_const,1
590,$4004_vol,9
590,$4008_linear,0
590,$400C_const,1
590,$400C_vol,5
591,$4004_duty,3
591,$4004_const,1
591,$4004_vol,8
591,$400C_const,1
591,$400C_vol,0
592,$4000_duty,3
592,$4000_const,1
592,$4000_vol,0
592,$4004_duty,3
592,$4004_const,1
592,$4004_vol,7
593,$4004_duty,3
593,$4004_const,1
593,$4004_vol,0
594,$4000_duty,3
594,$4000_const,1
594,$4000_vol,7
594,$4002_period,481
594,$400B_length,32
596,$4004_duty,2
596,$4004_const,1
596,$4004_vol,12
596,$4006_period,3237
596,$4008_linear,127
596,$400A_period,151
596,$400B_length,32
596,$400E_period,3
596,$400E_mode,0
596,$400C_const,1
596,$400C_vol,8
597,$4000_duty,3
597,$4000_const,1
597,$4000_vol,0
597,$4004_duty,3
597,$4004_const,1
597,$4004_vol,11
597,$4008_linear,0
597,$400C_const,1
597,$400C_vol,5
598,$4004_duty,3
598,$4004_const,1
598,$4004_vol,10
598,$400C_const,1
598,$400C_vol,0
599,$4000_duty,3
599,$4000_const,1
599,$4000_vol,5
599,$4002_period,481
599,$400B_length,48
599,$4004_duty,3
599,$4004_const,1
599,$4004_vol,9
600,$4004_duty,3
600,$4004_const,1
600,$4004_vol,8
601,$4004_duty,3
601,$4004_const,1
601,$4004_vol,7
602,$4000_duty,3
602,$4000_const,1
602,$4000_vol,0
602,$4004_duty,3
602,$4004_const,1
602,$4004_vol,6
603,$4012_addr,243
603,$4013_len,28
603,$4010_rate,15
603,$4004_duty,3
603,$4004_const,1
603,$4004_vol,5
603,$4008_linear,127
603,$400A_period,121
603,$400B_length,48
603,$400C_const,1
603,$400C_vol,10
604,$4000_duty,3
604,$4000_const,1
604,$4000_vol,3
604,$4002_period,481
604,$400B_length,32
604,$4008_linear,0
604,$400C_const,1
604,$400C_vol,7
605,$4004_duty,3
605,$4004_const,1
605,$4004_vol,4
605,$400C_const,1
605,$400C_vol,0
606,$4004_duty,3
606,$4004_const,1
606,$4004_vol,1
607,$4000_duty,3
607,$4000_const,1
607,$4000_vol,0
609,$4000_duty,3
609,$4000_const,1
609,$4000_vol,1
609,$4002_period,481
609,$400B_length,48
610,$4004_duty,2
610,$4004_const,1
610,$4004_vol,12
610,$4006_period,3237
610,$4008_linear,127
610,$400A_period,151
610,$400B_length,32
610,$400E_period,2
610,$400E_mode,0
610,$400C_const,1
610,$400C_vol,8
611,$4004_duty,3
611,$4004_const,1
611,$4004_vol,11
611,$4008_linear,0
611,$400C_const,1
611,$400C_vol,5
612,$4000_duty,3
612,$4000_const,1
612,$4000_vol,0
612,$4004_duty,3
612,$4004_const,1
612,$4004_vol,10
612,$400C_const,1
612,$400C_vol,0
613,$4004_duty,3
613,$4004_const,1
613,$4004_vol,9
614,$4004_duty,3
614,$4004_const,1
614,$4004_vol,8
615,$4004_duty,3
615,$4004_const,1
615,$4004_vol,7
616,$4004_duty,3
616,$4004_const,1
616,$4004_vol,6
617,$4012_addr,250
617,$4013_len,11
617,$4010_rate,14
617,$4000_duty,3
617,$4000_const,1
617,$4000_vol,10
617,$4002_period,453
617,$400B_length,32
617,$4004_duty,3
617,$4004_const,1
617,$4004_vol,5
617,$4008_linear,127
617,$400A_period,75
617,$400B_length,48
617,$400E_period,1
617,$400E_mode,0
617,$400C_const,1
617,$400C_vol,8
618,$4008_linear,0
618,$400C_const,1
618,$400C_vol,5
619,$4004_duty,3
619,$4004_const,1
619,$4004_vol,4
619,$400C_const,1
619,$400C_vol,0
620,$4000_duty,3
620,$4000_const,1
620,$4000_vol,7
620,$4004_duty,3
620,$4004_const,1
620,$4004_vol,1
621,$4000_duty,3
621,$4000_const,1
621,$4000_vol,5
622,$4000_duty,3
622,$4000_const,1
622,$4000_vol,0
624,$4010_rate,14
624,$4000_duty,3
624,$4000_const,1
624,$4000_vol,10
624,$4002_period,427
624,$400B_length,48
624,$4004_duty,2
624,$4004_const,1
624,$4004_vol,11
624,$4006_period,1211
624,$4008_linear,127
624,$400A_period,151
624,$400B_length,32
624,$400E_period,3
624,$400E_mode,0
624,$400C_const,1
624,$400C_vol,8
625,$4004_duty,3
625,$4004_const,1
625,$4004_vol,10
625,$4008_linear,0
625,$400C_const,1
625,$400C_vol,5
626,$4004_duty,3
626,$4004_const,1
626,$4004_vol,9
626,$400C_const,1
626,$400C_vol,0
627,$4000_duty,3
627,$4000_const,1
627,$4000_vol,7
627,$4004_duty,3
627,$4004_const,1
627,$4004_vol,8
628,$4000_duty,3
628,$4000_const,1
628,$4000_vol,5
628,$4004_duty,3
628,$4004_const,1
628,$4004_vol,0
629,$4000_duty,3
629,$4000_const,1
629,$4000_vol,0
631,$4012_addr,240
631,$4013_len,11
631,$4010_rate,15
631,$4000_duty,3
631,$4000_const,1
631,$4000_vol,10
631,$4002_period,403
631,$400B_length,32
631,$4004_duty,2
631,$4004_const,1
631,$4004_vol,15
631,$4006_period,2427
631,$4008_linear,127
631,$400A_period,121
631,$400B_length,48
631,$400C_const,1
631,$400C_vol,10
632,$4004_duty,3
632,$4004_const,1
632,$4004_vol,14
632,$4008_linear,0
632,$400C_const,1
632,$400C_vol,7
633,$4004_duty,3
633,$4004_const,1
633,$4004_vol,13
633,$400C_const,1
633,$400C_vol,0
634,$4000_duty,3
634,$4000_const,1
634,$4000_vol,7
634,$4004_duty,3
634,$4004_const,1
634,$4004_vol,12
635,$4000_duty,3
635,$4000_const,1
635,$4000_vol,5
635,$4004_duty,3
635,$4004_const,1
635,$4004_vol,11
636,$4000_duty,3
636,$4000_const,1
636,$4000_vol,0
636,$4004_duty,3
636,$4004_const,1
636,$4004_vol,10
637,$4004_duty,3
637,$4004_const,1
637,$4004_vol,9
638,$4000_duty,3
638,$4000_const,1
638,$4000_vol,10
638,$4002_period,359
638,$400B_length,48
638,$4004_duty,3
638,$4004_const,1
638,$4004_vol,8
638,$4008_linear,127
638,$400A_period,151
638,$400B_length,32
638,$400E_period,2
638,$400E_mode,0
638,$400C_const,1
638,$400C_vol,8
639,$4008_linear,0
639,$400C_const,1
639,$400C_vol,5
640,$4004_duty,3
640,$4004_const,1
640,$4004_vol,7
640,$400C_const,1
640,$400C_vol,0
641,$4000_duty,3
641,$4000_const,1
641,$4000_vol,7
641,$4004_duty,3
641,$4004_const,1
641,$4004_vol,4
642,$4000_duty,3
642,$4000_const,1
642,$4000_vol,5
643,$4000_duty,3
643,$4000_const,1
643,$4000_vol,0
645,$4012_addr,250
645,$4013_len,11
645,$4010_rate,15
645,$4000_duty,3
645,$4000_const,1
645,$4000_vol,10
645,$4002_period,403
645,$400B_length,32
645,$4004_duty,2
645,$4004_const,1
645,$4004_vol,10
645,$4006_period,1211
645,$4008_linear,127
645,$400A_period,75
645,$400B_length,48
645,$400E_period,1
645,$400E_mode,0
645,$400C_const,1
645,$400C_vol,8
646,$4004_duty,3
646,$4004_const,1
646,$4004_vol,9
646,$4008_linear,0
646,$400C_const,1
646,$400C_vol,5
647,$4004_duty,3
647,$4004_const,1
647,$4004_vol,8
647,$400C_const,1
647,$400C_vol,0
648,$4000_duty,3
648,$4000_const,1
648,$4000_vol,7
648,$4004_duty,3
648,$4004_const,1
648,$4004_vol,7
649,$4000_duty,3
649,$4000_const,1
649,$4000_vol,5
649,$4004_duty,3
649,$4004_const,1
649,$4004_vol,0
650,$4000_duty,3
650,$4000_const,1
650,$4000_vol,0
652,$4012_addr,240
652,$4013_len,11
652,$4010_rate,15
652,$4000_duty,3
652,$4000_const,1
652,$4000_vol,10
652,$4002_period,359
652,$400B_length,48
652,$4004_duty,2
652,$4004_const,1
652,$4004_vol,12
652,$4006_period,3237
652,$4008_linear,127
652,$400A_period,151
652,$400B_length,32
652,$400E_period,3
652,$400E_mode,0
652,$400C_const,1
652,$400C_vol,8
653,$4004_duty,3
653,$4004_const,1
653,$4004_vol,11
653,$4008_linear,0
653,$400C_const,1
653,$400C_vol,5
654,$4004_duty,3
654,$4004_const,1
654,$4004_vol,10
654,$400C_const,1
654,$400C_vol,0
655,$4000_duty,3
655,$4000_const,1
655,$4000_vol,7
655,$4004_duty,3
655,$4004_const,1
655,$4004_vol,9
656,$4000_duty,3
656,$4000_const,1
656,$4000_vol,5
656,$4004_duty,3
656,$4004_const,1
656,$4004_vol,8
657,$4000_duty,3
657,$4000_const,1
657,$4000_vol,0
657,$4004_duty,3
657,$4004_const,1
657,$4004_vol,7
658,$4004_duty,3
658,$4004_const,1
658,$4004_vol,6
659,$4012_addr,243
659,$4013_len,28
659,$4010_rate,15
659,$4000_duty,3
659,$4000_const,1
659,$4000_vol,10
659,$4002_period,403
659,$400B_length,32
659,$4004_duty,3
659,$4004_const,1
659,$4004_vol,5
659,$4008_linear,127
659,$400A_period,121
659,$400B_length,48
659,$400C_const,1
659,$400C_vol,10
660,$4008_linear,0
660,$400C_const,1
660,$400C_vol,7
661,$4004_duty,3
661,$4004_const,1
661,$4004_vol,4
661,$400C_const,1
661,$400C_vol,0
662,$4000_duty,3
662,$4000_const,1
662,$4000_vol,7
662,$4004_duty,3
662,$4004_const,1
662,$4004_vol,1
663,$4000_duty,3
663,$4000_const,1
663,$4000_vol,5
664,$4000_duty,3
664,$4000_const,1
664,$4000_vol,0
666,$4000_duty,3
666,$4000_const,1
666,$4000_vol,10
666,$4002_period,481
666,$400B_length,48
666,$4004_duty,2
666,$4004_const,1
666,$4004_vol,12
666,$4006_period,3237
666,$4008_linear,127
666,$400A_period,151
666,$400B_length,32
666,$400E_period,2
666,$400E_mode,0
666,$400C_const,1
666,$400C_vol,8
667,$4004_duty,3
667,$4004_const,1
667,$4004_vol,11
667,$4008_linear,0
667,$400C_const,1
667,$400C_vol,5
668,$4004_duty,3
668,$4004_const,1
668,$4004_vol,10
668,$400C_const,1
668,$400C_vol,0
669,$4000_duty,3
669,$4000_const,1
669,$4000_vol,7
669,$4004_duty,3
669,$4004_const,1
669,$4004_vol,9
670,$4000_duty,3
670,$4000_const,1
670,$4000_vol,5
670,$4004_duty,3
670,$4004_const,1
670,$4004_vol,8
671,$4000_duty,3
671,$4000_const,1
671,$4000_vol,0
671,$4004_duty,3
671,$4004_const,1
671,$4004_vol,7
672,$4004_duty,3
672,$4004_const,1
672,$4004_vol,6
673,$4012_addr,250
673,$4013_len,11
673,$4010_rate,14
673,$4000_duty,3
673,$4000_const,1
673,$4000_vol,10
673,$4002_period,605
673,$400B_length,33
673,$4004_duty,3
673,$4004_const,1
673,$4004_vol,5
673,$4008_linear,127
673,$400A_period,75
673,$400B_length,48
673,$400E_period,1
673,$400E_mode,0
673,$400C_const,1
673,$400C_vol,8
674,$4008_linear,0
674,$400C_const,1
674,$400C_vol,5
675,$4004_duty,3
675,$4004_const,1
675,$4004_vol,4
675,$400C_const,1
675,$400C_vol,0
676,$4000_duty,3
676,$4000_const,1
676,$4000_vol,7
676,$4004_duty,3
676,$4004_const,1
676,$4004_vol,1
677,$4000_duty,3
677,$4000_const,1
677,$4000_vol,5
678,$4000_duty,3
678,$4000_const,1
678,$4000_vol,0
680,$4012_addr,240
680,$4013_len,11
680,$4010_rate,15
680,$4000_duty,3
680,$4000_const,1
680,$4000_vol,10
680,$4002_period,807
680,$400B_length,49
680,$4004_duty,2
680,$4004_const,1
680,$4004_vol,11
680,$4006_period,1211
680,$4008_linear,127
680,$400A_period,151
680,$400B_length,32
680,$400E_period,3
680,$400E_mode,0
680,$400C_const,1
680,$400C_vol,8
681,$4004_duty,3
681,$4004_const,1
681,$4004_vol,10
681,$4008_linear,0
681,$400C_const,1
681,$400C_vol,5
682,$4004_duty,3
682,$4004_const,1
682,$4004_vol,9
682,$400C_const,1
682,$400C_vol,0
683,$4000_duty,3
683,$4000_const,1
683,$4000_vol,7
683,$4004_duty,3
683,$4004_const,1
683,$4004_vol,8
684,$4000_duty,3
684,$4000_const,1
684,$4000_vol,5
684,$4004_duty,3
684,$4004_const,1
684,$4004_vol,0
685,$4000_duty,3
685,$4000_const,1
685,$4000_vol,0
687,$4012_addr,240
687,$4013_len,11
687,$4010_rate,15
687,$4000_duty,3
687,$4000_const,1
687,$4000_vol,10
687,$4002_period,481
687,$400B_length,32
687,$4004_duty,2
687,$4004_const,1
687,$4004_vol,15
687,$4006_period,2427
687,$4008_linear,127
687,$400A_period,121
687,$400B_length,48
687,$400C_const,1
687,$400C_vol,10
688,$4004_duty,3
688,$4004_const,1
688,$4004_vol,14
688,$4008_linear,0
688,$400C_const,1
688,$400C_vol,7
689,$4004_duty,3
689,$4004_const,1
689,$4004_vol,13
689,$400C_const,1
689,$400C_vol,0
690,$4000_duty,3
690,$4000_const,1
690,$4000_vol,7
690,$4004_duty,3
690,$4004_const,1
690,$4004_vol,12
691,$4000_duty,3
691,$4000_const,1
691,$4000_vol,5
691,$4004_duty,3
691,$4004_const,1
691,$4004_vol,11
692,$4000_duty,3
692,$4000_const,1
692,$4000_vol,0
692,$4004_duty,3
692,$4004_const,1
692,$4004_vol,10
693,$4004_duty,3
693,$4004_const,1
693,$4004_vol,9
694,$4000_duty,3
694,$4000_const,1
694,$4000_vol,10
694,$4002_period,453
694,$400B_length,48
694,$4004_duty,3
694,$4004_const,1
694,$4004_vol,8
694,$4008_linear,127
694,$400A_period,151
694,$400B_length,32
694,$400E_period,2
694,$400E_mode,0
694,$400C_const,1
694,$400C_vol,8
695,$4008_linear,0
695,$400C_const,1
695,$400C_vol,5
696,$4004_duty,3
696,$4004_const,1
696,$4004_vol,7
696,$400C_const,1
696,$400C_vol,0
697,$4000_duty,3
697,$4000_const,1
697,$4000_vol,7
697,$4004_duty,3
697,$4004_const,1
697,$4004_vol,4
698,$4000_duty,3
698,$4000_const,1
698,$4000_vol,5
699,$4000_duty,3
699,$4000_const,1
699,$4000_vol,0
701,$4012_addr,250
701,$4013_len,11
701,$4010_rate,15
701,$4000_duty,3
701,$4000_const,1
701,$4000_vol,10
701,$4002_period,427
701,$400B_length,32
701,$4004_duty,2
701,$4004_const,1
701,$4004_vol,10
701,$4006_period,1211
701,$4008_linear,127
701,$400A_period,75
701,$400B_length,48
701,$400E_period,1
701,$400E_mode,0
701,$400C_const,1
701,$400C_vol,8
702,$4004_duty,3
702,$4004_const,1
702,$4004_vol,9
702,$4008_linear,0
702,$400C_const,1
702,$400C_vol,5
703,$4004_duty,3
703,$4004_const,1
703,$4004_vol,8
703,$400C_const,1
703,$400C_vol,0
704,$4000_duty,3
704,$4000_const,1
704,$4000_vol,7
704,$4004_duty,3
704,$4004_const,1
704,$4004_vol,7
705,$4000_duty,3
705,$4000_const,1
705,$4000_vol,5
705,$4004_duty,3
705,$4004_const,1
705,$4004_vol,0
706,$4000_duty,3
706,$4000_const,1
706,$4000_vol,0
708,$4000_duty,3
708,$4000_const,1
708,$4000_vol,10
708,$4002_period,403
708,$400B_length,48
708,$4004_duty,2
708,$4004_const,1
708,$4004_vol,12
708,$4006_period,3237
708,$4008_linear,127
708,$400A_period,151
708,$400B_length,32
708,$400E_period,3
708,$400E_mode,0
708,$400C_const,1
708,$400C_vol,8
709,$4004_duty,3
709,$4004_const,1
709,$4004_vol,11
709,$4008_linear,0
709,$400C_const,1
709,$400C_vol,5
710,$4004_duty,3
710,$4004_const,1
710,$4004_vol,10
710,$400C_const,1
710,$400C_vol,0
711,$4000_duty,3
711,$4000_const,1
711,$4000_vol,7
711,$4004_duty,3
711,$4004_const,1
711,$4004_vol,9
712,$4000_duty,3
712,$4000_const,1
712,$4000_vol,5
712,$4004_duty,3
712,$4004_const,1
712,$4004_vol,8
713,$4000_duty,3
713,$4000_const,1
713,$4000_vol,0
713,$4004_duty,3
713,$4004_const,1
713,$4004_vol,7
714,$4004_duty,3
714,$4004_const,1
714,$4004_vol,6
715,$4012_addr,243
715,$4013_len,28
715,$4010_rate,15
715,$4004_duty,3
715,$4004_const,1
715,$4004_vol,5
715,$4008_linear,127
715,$400A_period,121
715,$400B_length,48
715,$400C_const,1
715,$400C_vol,10
716,$4008_linear,0
716,$400C_const,1
716,$400C_vol,7
717,$4004_duty,3
717,$4004_const,1
717,$4004_vol,4
717,$400C_const,1
717,$400C_vol,0
718,$4004_duty,3
718,$4004_const,1
718,$4004_vol,1
722,$4000_duty,0
722,$4000_const,1
722,$4000_vol,7
722,$4002_period,89
722,$400B_length,32
722,$4004_duty,2
722,$4004_const,1
722,$4004_vol,12
722,$4006_period,3237
722,$4008_linear,127
722,$400A_period,151
722,$400B_length,32
722,$400E_period,2
722,$400E_mode,0
722,$400C_const,1
722,$400C_vol,8
723,$4004_duty,3
723,$4004_const,1
723,$4004_vol,11
723,$4008_linear,0
723,$400C_const,1
723,$400C_vol,5
724,$4000_duty,0
724,$4000_const,1
724,$4000_vol,5
724,$4004_duty,3
724,$4004_const,1
724,$4004_vol,10
724,$400C_const,1
724,$400C_vol,0
725,$4004_duty,3
725,$4004_const,1
725,$4004_vol,9
726,$4000_duty,0
726,$4000_const,1
726,$4000_vol,0
726,$4004_duty,3
726,$4004_const,1
726,$4004_vol,8
727,$4004_duty,3
727,$4004_const,1
727,$4004_vol,7
728,$4004_duty,3
728,$4004_const,1
728,$4004_vol,6
729,$4012_addr,250
729,$4013_len,11
729,$4010_rate,14
729,$4000_duty,0
729,$4000_const,1
729,$4000_vol,7
729,$4002_period,81
729,$400B_length,48
729,$4004_duty,3
729,$4004_const,1
729,$4004_vol,5
729,$4008_linear,127
729,$400A_period,75
729,$400B_length,48
729,$400E_period,1
729,$400E_mode,0
729,$400C_const,1
729,$400C_vol,8
730,$4008_linear,0
730,$400C_const,1
730,$400C_vol,5
731,$4000_duty,0
731,$4000_const,1
731,$4000_vol,5
731,$4004_duty,3
731,$4004_const,1
731,$4004_vol,4
731,$400C_const,1
731,$400C_vol,0
732,$4004_duty,3
732,$4004_const,1
732,$4004_vol,1
733,$4000_duty,0
733,$4000_const,1
733,$4000_vol,0
736,$4010_rate,14
736,$4000_duty,0
736,$4000_const,1
736,$4000_vol,7
736,$4002_period,75
736,$400B_length,32
736,$4004_duty,2
736,$4004_const,1
736,$4004_vol,11
736,$4006_period,1211
736,$4008_linear,127
736,$400A_period,151
736,$400B_length,32
736,$400E_period,3
736,$400E_mode,0
736,$400C_const,1
736,$400C_vol,8
737,$4004_duty,3
737,$4004_const,1
737,$4004_vol,10
737,$4008_linear,0
737,$400C_const,1
737,$400C_vol,5
738,$4000_duty,0
738,$4000_const,1
738,$4000_vol,5
738,$4004_duty,3
738,$4004_const,1
738,$4004_vol,9
738,$400C_const,1
738,$400C_vol,0
739,$4004_duty,3
739,$4004_const,1
739,$4004_vol,8
740,$4000_duty,0
740,$4000_const,1
740,$4000_vol,0
740,$4004_duty,3
740,$4004_const,1
740,$4004_vol,0
743,$4012_addr,240
743,$4013_len,11
743,$4010_rate,15
743,$4000_duty,0
743,$4000_const,1
743,$4000_vol,7
743,$4002_period,101
743,$400B_length,48
743,$4004_duty,2
743,$4004_const,1
743,$4004_vol,15
743,$4006_period,2427
743,$4008_linear,127
743,$400A_period,121
743,$400B_length,48
743,$400C_const,1
743,$400C_vol,10
744,$4004_duty,3
744,$4004_const,1
744,$4004_vol,14
744,$4008_linear,0
744,$400C_const,1
744,$400C_vol,7
745,$4000_duty,0
745,$4000_const,1
745,$4000_vol,5
745,$4004_duty,3
745,$4004_const,1
745,$4004_vol,13
745,$400C_const,1
745,$400C_vol,0
746,$4004_duty,3
746,$4004_const,1
746,$4004_vol,12
747,$4000_duty,0
747,$4000_const,1
747,$4000_vol,0
747,$4004_duty,3
747,$4004_const,1
747,$4004_vol,11
748,$4004_duty,3
748,$4004_const,1
748,$4004_vol,10
749,$4004_duty,3
749,$4004_const,1
749,$4004_vol,9
750,$4004_duty,3
750,$4004_const,1
750,$4004_vol,8
750,$4008_linear,127
750,$400A_period,151
750,$400B_length,32
750,$400E_period,2
750,$400E_mode,0
750,$400C_const,1
750,$400C_vol,8
751,$4008_linear,0
751,$400C_const,1
751,$400C_vol,5
752,$4004_duty,3
752,$4004_const,1
752,$4004_vol,7
752,$400C_const,1
752,$400C_vol,0
753,$4004_duty,3
753,$4004_const,1
753,$4004_vol,4
757,$4012_addr,250
757,$4013_len,11
757,$4010_rate,15
757,$4004_duty,2
757,$4004_const,1
757,$4004_vol,10
757,$4006_period,1211
757,$4008_linear,127
757,$400A_period,75
757,$400B_length,48
757,$400E_period,1
757,$400E_mode,0
757,$400C_const,1
757,$400C_vol,8
758,$4004_duty,3
758,$4004_const,1
758,$4004_vol,9
758,$4008_linear,0
758,$400C_const,1
758,$400C_vol,5
759,$4004_duty,3
759,$4004_const,1
759,$4004_vol,8
759,$400C_const,1
759,$400C_vol,0
760,$4004_duty,3
760,$4004_const,1
760,$4004_vol,7
761,$4004_duty,3
761,$4004_const,1
761,$4004_vol,0
764,$4010_rate,15
764,$4004_duty,2
764,$4004_const,1
764,$4004_vol,12
764,$4006_period,3237
764,$4008_linear,127
764,$400A_period,151
764,$400B_length,32
764,$400E_period,3
764,$400E_mode,0
764,$400C_const,1
764,$400C_vol,8
765,$4004_duty,3
765,$4004_const,1
765,$4004_vol,11
765,$4008_linear,0
765,$400C_const,1
765,$400C_vol,5
766,$4004_duty,3
766,$4004_const,1
766,$4004_vol,10
766,$400C_const,1
766,$400C_vol,0
767,$4004_duty,3
767,$4004_const,1
767,$4004_vol,9
768,$4004_duty,3
768,$4004_const,1
768,$4004_vol,8
769,$4004_duty,3
769,$4004_const,1
769,$4004_vol,7
770,$4004_duty,3
770,$4004_const,1
770,$4004_vol,6
771,$4012_addr,243
771,$4013_len,28
771,$4010_rate,15
771,$4004_duty,3
771,$4004_const,1
771,$4004_vol,5
771,$4008_linear,127
771,$400A_period,121
771,$400B_length,48
771,$400C_const,1
771,$400C_vol,10
772,$4008_linear,0
772,$400C_const,1
772,$400C_vol,7
773,$4004_duty,3
773,$4004_const,1
773,$4004_vol,4
773,$400C_const,1
773,$400C_vol,0
774,$4004_duty,3
774,$4004_const,1
774,$4004_vol,1
778,$4012_addr,250
778,$4013_len,11
778,$4010_rate,14
778,$4004_duty,2
778,$4004_const,1
778,$4004_vol,12
778,$4006_period,3237
778,$4008_linear,127
778,$400A_period,151
778,$400B_length,32
778,$400E_period,2
778,$400E_mode,0
778,$400C_const,1
778,$400C_vol,8
779,$4004_duty,3
779,$4004_const,1
779,$4004_vol,11
779,$4008_linear,0
779,$400C_const,1
779,$400C_vol,5
780,$4004_duty,3
780,$4004_const,1
780,$4004_vol,10
780,$400C_const,1
780,$400C_vol,0
781,$4004_duty,3
781,$4004_const,1
781,$4004_vol,9
782,$4004_duty,3
782,$4004_const,1
782,$4004_vol,8
783,$4004_duty,3
783,$4004_const,1
783,$4004_vol,7
784,$4004_duty,3
784,$4004_const,1
784,$4004_vol,6
785,$4012_addr,243
785,$4013_len,28
785,$4010_rate,15
785,$4004_duty,3
785,$4004_const,1
785,$4004_vol,5
785,$4008_linear,127
785,$400A_period,75
785,$400B_length,48
785,$400E_period,1
785,$400E_mode,0
785,$400C_const,1
785,$400C_vol,8
786,$4008_linear,0
786,$400C_const,1
786,$400C_vol,5
787,$4004_duty,3
787,$4004_const,1
787,$4004_vol,4
787,$400C_const,1
787,$400C_vol,0
788,$4004_duty,3
788,$4004_const,1
788,$4004_vol,1
792,$4012_addr,240
792,$4013_len,11
792,$4010_rate,15
792,$4004_duty,2
792,$4004_const,1
792,$4004_vol,11
792,$4006_period,1211
792,$4008_linear,127
792,$400A_period,151
792,$400B_length,32
792,$400E_period,3
792,$400E_mode,0
792,$400C_const,1
792,$400C_vol,8
793,$4004_duty,3
793,$4004_const,1
793,$4004_vol,10
793,$4008_linear,0
793,$400C_const,1
793,$400C_vol,5
794,$4004_duty,3
794,$4004_const,1
794,$4004_vol,9
794,$400C_const,1
794,$400C_vol,0
795,$4004_duty,3
795,$4004_const,1
795,$4004_vol,8
796,$4004_duty,3
796,$4004_const,1
796,$4004_vol,0
799,$4012_addr,240
799,$4013_len,11
799,$4010_rate,15
799,$4000_duty,3
799,$4000_const,1
799,$4000_vol,11
799,$4002_period,539
799,$400B_length,33
799,$4004_duty,2
799,$4004_const,1
799,$4004_vol,15
799,$4006_period,2157
799,$4008_linear,127
799,$400A_period,113
799,$400B_length,48
799,$400C_const,1
799,$400C_vol,10
800,$4004_duty,3
800,$4004_const,1
800,$4004_vol,14
800,$4008_linear,0
800,$400C_const,1
800,$400C_vol,7
801,$4004_duty,3
801,$4004_const,1
801,$4004_vol,13
801,$400C_const,1
801,$400C_vol,0
802,$4000_duty,3
802,$4000_const,1
802,$4000_vol,8
802,$4004_duty,3
802,$4004_const,1
802,$4004_vol,12
803,$4000_duty,3
803,$4000_const,1
803,$4000_vol,6
803,$4004_duty,3
803,$4004_const,1
803,$4004_vol,11
804,$4000_duty,3
804,$4000_const,1
804,$4000_vol,0
804,$4004_duty,3
804,$4004_const,1
804,$4004_vol,10
805,$4004_duty,3
805,$4004_const,1
805,$4004_vol,9
806,$4004_duty,3
806,$4004_const,1
806,$4004_vol,8
806,$4008_linear,127
806,$400A_period,135
806,$400B_length,32
806,$400E_period,2
806,$400E_mode,0
806,$400C_const,1
806,$400C_vol,8
807,$4008_linear,0
807,$400C_const,1
807,$400C_vol,5
808,$4004_duty,3
808,$4004_const,1
808,$4004_vol,7
808,$400C_const,1
808,$400C_vol,0
809,$4004_duty,3
809,$4004_const,1
809,$4004_vol,4
813,$4012_addr,250
813,$4013_len,11
813,$4010_rate,15
813,$4000_duty,3
813,$4000_const,1
813,$4000_vol,9
813,$4002_period,539
813,$400B_length,49
813,$4004_duty,2
813,$4004_const,1
813,$4004_vol,12
813,$4006_period,1079
813,$4008_linear,127
813,$400A_period,67
813,$400B_length,48
813,$400E_period,1
813,$400E_mode,0
813,$400C_const,1
813,$400C_vol,8
814,$4004_duty,3
814,$4004_const,1
814,$4004_vol,11
814,$4008_linear,0
814,$400C_const,1
814,$400C_vol,5
815,$4004_duty,3
815,$4004_const,1
815,$4004_vol,10
815,$400C_const,1
815,$400C_vol,0
816,$4000_duty,3
816,$4000_const,1
816,$4000_vol,0
816,$4004_duty,3
816,$4004_const,1
816,$4004_vol,9
817,$4004_duty,3
817,$4004_const,1
817,$4004_vol,1
818,$4000_duty,3
818,$4000_const,1
818,$4000_vol,7
818,$4002_period,539
818,$400B_length,33
820,$4004_duty,2
820,$4004_const,1
820,$4004_vol,12
820,$4006_period,2881
820,$4008_linear,127
820,$400A_period,135
820,$400B_length,32
820,$400E_period,3
820,$400E_mode,0
820,$400C_const,1
820,$400C_vol,8
821,$4000_duty,3
821,$4000_const,1
821,$4000_vol,0
821,$4004_duty,3
821,$4004_const,1
821,$4004_vol,11
821,$4008_linear,0
821,$400C_const,1
821,$400C_vol,5
822,$4004_duty,3
822,$4004_const,1
822,$4004_vol,10
822,$400C_const,1
822,$400C_vol,0
823,$4000_duty,3
823,$4000_const,1
823,$4000_vol,5
823,$4002_period,539
823,$400B_length,49
823,$4004_duty,3
823,$4004_const,1
823,$4004_vol,9
824,$4004_duty,3
824,$4004_const,1
824,$4004_vol,8
825,$4004_duty,3
825,$4004_const,1
825,$4004_vol,7
826,$4000_duty,3
826,$4000_const,1
826,$4000_vol,0
826,$4004_duty,3
826,$4004_const,1
826,$4004_vol,6
827,$4012_addr,243
827,$4013_len,28
827,$4010_rate,15
827,$4004_duty,3
827,$4004_const,1
827,$4004_vol,5
827,$4008_linear,127
827,$400A_period,113
827,$400B_length,48
827,$400C_const,1
827,$400C_vol,10
828,$4000_duty,3
828,$4000_const,1
828,$4000_vol,3
828,$4002_period,539
828,$400B_length,33
828,$4008_linear,0
828,$400C_const,1
828,$400C_vol,7
829,$4004_duty,3
829,$4004_const,1
829,$4004_vol,4
829,$400C_const,1
829,$400C_vol,0
830,$4004_duty,3
830,$4004_const,1
830,$4004_vol,1
831,$4000_duty,3
831,$4000_const,1
831,$4000_vol,0
833,$4000_duty,3
833,$4000_const,1
833,$4000_vol,1
833,$4002_period,539
833,$400B_length,49
834,$4004_duty,2
834,$4004_const,1
834,$4004_vol,10
834,$4006_period,2881
834,$4008_linear,127
834,$400A_period,135
834,$400B_length,32
834,$400E_period,2
834,$400E_mode,0
834,$400C_const,1
834,$400C_vol,8
835,$4004_duty,3
835,$4004_const,1
835,$4004_vol,9
835,$4008_linear,0
835,$400C_const,1
835,$400C_vol,5
836,$4000_duty,3
836,$4000_const,1
836,$4000_vol,0
836,$4004_duty,3
836,$4004_const,1
836,$4004_vol,8
836,$400C_const,1
836,$400C_vol,0
837,$4004_duty,3
837,$4004_const,1
837,$4004_vol,7
838,$4004_duty,3
838,$4004_const,1
838,$4004_vol,6
839,$4004_duty,3
839,$4004_const,1
839,$4004_vol,5
840,$4004_duty,3
840,$4004_const,1
840,$4004_vol,4
841,$4012_addr,250
841,$4013_len,11
841,$4010_rate,14
841,$4000_duty,3
841,$4000_const,1
841,$4000_vol,10
841,$4002_period,509
841,$400B_length,32
841,$4004_duty,3
841,$4004_const,1
841,$4004_vol,3
841,$4008_linear,127
841,$400A_period,67
841,$400B_length,48
841,$400E_period,1
841,$400E_mode,0
841,$400C_const,1
841,$400C_vol,8
842,$4008_linear,0
842,$400C_const,1
842,$400C_vol,5
843,$4004_duty,3
843,$4004_const,1
843,$4004_vol,2
843,$400C_const,1
843,$400C_vol,0
844,$4000_duty,3
844,$4000_const,1
844,$4000_vol,7
844,$4004_duty,3
844,$4004_const,1
844,$4004_vol,0
845,$4000_duty,3
845,$4000_const,1
845,$4000_vol,5
846,$4000_duty,3
846,$4000_const,1
846,$4000_vol,0
848,$4010_rate,14
848,$4000_duty,3
848,$4000_const,1
848,$4000_vol,10
848,$4002_period,481
848,$400B_length,48
848,$4004_duty,2
848,$4004_const,1
848,$4004_vol,10
848,$4006_period,1079
848,$4008_linear,127
848,$400A_period,135
848,$400B_length,32
848,$400E_period,3
848,$400E_mode,0
848,$400C_const,1
848,$400C_vol,8
849,$4004_duty,3
849,$4004_const,1
849,$4004_vol,9
849,$4008_linear,0
849,$400C_const,1
849,$400C_vol,5
850,$4004_duty,3
850,$4004_const,1
850,$4004_vol,8
850,$400C_const,1
850,$400C_vol,0
851,$4000_duty,3
851,$4000_const,1
851,$4000_vol,7
851,$4004_duty,3
851,$4004_const,1
851,$4004_vol,7
852,$4000_duty,3
852,$4000_const,1
852,$4000_vol,5
852,$4004_duty,3
852,$4004_const,1
852,$4004_vol,0
853,$4000_duty,3
853,$4000_const,1
853,$4000_vol,0
855,$4012_addr,240
855,$4013_len,11
855,$4010_rate,15
855,$4000_duty,3
855,$4000_const,1
855,$4000_vol,10
855,$4002_period,453
855,$400B_length,32
855,$4004_duty,2
855,$4004_const,1
855,$4004_vol,15
855,$4006_period,2157
855,$4008_linear,127
855,$400A_period,113
855,$400B_length,48
855,$400C_const,1
855,$400C_vol,10
856,$4004_duty,3
856,$4004_const,1
856,$4004_vol,14
856,$4008_linear,0
856,$400C_const,1
856,$400C_vol,7
857,$4004_duty,3
857,$4004_const,1
857,$4004_vol,13
857,$400C_const,1
857,$400C_vol,0
858,$4000_duty,3
858,$4000_const,1
858,$4000_vol,7
858,$4004_duty,3
858,$4004_const,1
858,$4004_vol,12
859,$4000_duty,3
859,$4000_const,1
859,$4000_vol,5
859,$4004_duty,3
859,$4004_const,1
859,$4004_vol,11
860,$4000_duty,3
860,$4000_const,1
860,$4000_vol,0
860,$4004_duty,3
860,$4004_const,1
860,$4004_vol,10
861,$4004_duty,3
861,$4004_const,1
861,$4004_vol,9
862,$4000_duty,3
862,$4000_const,1
862,$4000_vol,10
862,$4002_period,403
862,$400B_length,48
862,$4004_duty,3
862,$4004_const,1
862,$4004_vol,8
862,$4008_linear,127
862,$400A_period,135
862,$400B_length,32
862,$400E_period,2
862,$400E_mode,0
862,$400C_const,1
862,$400C_vol,8
863,$4008_linear,0
863,$400C_const,1
863,$400C_vol,5
864,$4004_duty,3
864,$4004_const,1
864,$4004_vol,7
864,$400C_const,1
864,$400C_vol,0
865,$4000_duty,3
865,$4000_const,1
865,$4000_vol,7
865,$4004_duty,3
865,$4004_const,1
865,$4004_vol,4
866,$4000_duty,3
866,$4000_const,1
866,$4000_vol,5
867,$4000_duty,3
867,$4000_const,1
867,$4000_vol,0
869,$4012_addr,250
869,$4013_len,11
869,$4010_rate,15
869,$4000_duty,3
869,$4000_const,1
869,$4000_vol,10
869,$4002_period,453
869,$400B_length,32
869,$4004_duty,2
869,$4004_const,1
869,$4004_vol,12
869,$4006_period,1079
869,$4008_linear,127
869,$400A_period,67
869,$400B_length,48
869,$400E_period,1
869,$400E_mode,0
869,$400C_const,1
869,$400C_vol,8
870,$4004_duty,3
870,$4004_const,1
870,$4004_vol,11
870,$4008_linear,0
870,$400C_const,1
870,$400C_vol,5
871,$4004_duty,3
871,$4004_const,1
871,$4004_vol,10
871,$400C_const,1
871,$400C_vol,0
872,$4000_duty,3
872,$4000_const,1
872,$4000_vol,7
872,$4004_duty,3
872,$4004_const,1
872,$4004_vol,9
873,$4000_duty,3
873,$4000_const,1
873,$4000_vol,5
873,$4004_duty,3
873,$4004_const,1
873,$4004_vol,1
874,$4000_duty,3
874,$4000_const,1
874,$4000_vol,0
876,$4010_rate,15
876,$4000_duty,3
876,$4000_const,1
876,$4000_vol,10
876,$4002_period,403
876,$400B_length,48
876,$4004_duty,2
876,$4004_const,1
876,$4004_vol,12
876,$4006_period,2881
876,$4008_linear,127
876,$400A_period,135
876,$400B_length,32
876,$400E_period,3
876,$400E_mode,0
876,$400C_const,1
876,$400C_vol,8
877,$4004_duty,3
877,$4004_const,1
877,$4004_vol,11
877,$4008_linear,0
877,$400C_const,1
877,$400C_vol,5
878,$4004_duty,3
878,$4004_const,1
878,$4004_vol,10
878,$400C_const,1
878,$400C_vol,0
879,$4000_duty,3
879,$4000_const,1
879,$4000_vol,7
879,$4004_duty,1
879,$4004_const,1
879,$4004_vol,1
879,$4006_period,75
879,$400E_period,4
879,$400E_mode,0
879,$400C_const,1
879,$400C_vol,15
880,$4000_duty,3
880,$4000_const,1
880,$4000_vol,5
880,$4006_period,81
880,$400C_const,1
880,$400C_vol,14
881,$4000_duty,3
881,$4000_const,1
881,$4000_vol,0
881,$4004_duty,1
881,$4004_const,1
881,$4004_vol,3
881,$4006_period,75
881,$400E_period,11
881,$400E_mode,0
881,$400C_const,1
881,$400C_vol,13
882,$4004_duty,1
882,$4004_const,1
882,$4004_vol,0
882,$4006_period,85
882,$400E_period,0
882,$400E_mode,0
882,$400C_const,1
882,$400C_vol,12
883,$4012_addr,243
883,$4013_len,28
883,$4010_rate,15
883,$4000_duty,3
883,$4000_const,1
883,$4000_vol,10
883,$4002_period,453
883,$400B_length,32
883,$4004_duty,1
883,$4004_const,1
883,$4004_vol,1
883,$4006_period,75
883,$4008_linear,127
883,$400A_period,113
883,$400B_length,48
883,$400E_period,6
883,$400E_mode,0
883,$400C_const,1
883,$400C_vol,11
884,$4006_period,81
884,$4008_linear,0
884,$400C_const,1
884,$400C_vol,10
885,$4004_duty,1
885,$4004_const,1
885,$4004_vol,3
885,$4006_period,75
885,$400E_period,13
885,$400E_mode,0
885,$400C_const,1
885,$400C_vol,9
886,$4000_duty,3
886,$4000_const,1
886,$4000_vol,7
886,$4004_duty,1
886,$4004_const,1
886,$4004_vol,0
886,$4006_period,85
886,$400E_period,0
886,$400E_mode,0
886,$400C_const,1
886,$400C_vol,8
887,$4000_duty,3
887,$4000_const,1
887,$4000_vol,5
888,$4000_duty,3
888,$4000_const,1
888,$4000_vol,0
888,$400C_const,1
888,$400C_vol,7
890,$4012_addr,250
890,$4013_len,11
890,$4010_rate,14
890,$4000_duty,3
890,$4000_const,1
890,$4000_vol,10
890,$4002_period,403
890,$400B_length,48
890,$4008_linear,127
890,$400A_period,135
890,$400B_length,32
890,$400C_const,1
890,$400C_vol,6
891,$4008_linear,0
892,$4004_duty,3
892,$4004_const,1
892,$4004_vol,8
892,$4006_period,2881
892,$400E_period,2
892,$400E_mode,0
892,$400C_const,1
892,$400C_vol,0
893,$4000_duty,3
893,$4000_const,1
893,$4000_vol,7
893,$4004_duty,3
893,$4004_const,1
893,$4004_vol,7
894,$4000_duty,3
894,$4000_const,1
894,$4000_vol,5
894,$4004_duty,3
894,$4004_const,1
894,$4004_vol,6
895,$4000_duty,3
895,$4000_const,1
895,$4000_vol,0
895,$4004_duty,3
895,$4004_const,1
895,$4004_vol,5
896,$4004_duty,3
896,$4004_const,1
896,$4004_vol,4
897,$4012_addr,243
897,$4013_len,28
897,$4010_rate,15
897,$4000_duty,3
897,$4000_const,1
897,$4000_vol,10
897,$4002_period,321
897,$400B_length,32
897,$4004_duty,3
897,$4004_const,1
897,$4004_vol,3
897,$4008_linear,127
897,$400A_period,67
897,$400B_length,48
897,$400E_period,1
897,$400E_mode,0
897,$400C_const,1
897,$400C_vol,8
898,$4008_linear,0
898,$400C_const,1
898,$400C_vol,5
899,$4004_duty,3
899,$4004_const,1
899,$4004_vol,2
899,$400C_const,1
899,$400C_vol,0
900,$4000_duty,3
900,$4000_const,1
900,$4000_vol,7
900,$4004_duty,3
900,$4004_const,1
900,$4004_vol,0
901,$4000_duty,3
901,$4000_const,1
901,$4000_vol,5
902,$4000_duty,3
902,$4000_const,1
902,$4000_vol,0
904,$4012_addr,240
904,$4013_len,11
904,$4010_rate,15
904,$4000_duty,3
904,$4000_const,1
904,$4000_vol,10
904,$4002_period,359
904,$400B_length,48
904,$4004_duty,2
904,$4004_const,1
904,$4004_vol,10
904,$4006_period,1079
904,$4008_linear,127
904,$400A_period,135
904,$400B_length,32
904,$400E_period,3
904,$400E_mode,0
904,$400C_const,1
904,$400C_vol,8
905,$4004_duty,3
905,$4004_const,1
905,$4004_vol,9
905,$4008_linear,0
905,$400C_const,1
905,$400C_vol,5
906,$4004_duty,3
906,$4004_const,1
906,$4004_vol,8
906,$400C_const,1
906,$400C_vol,0
907,$4000_duty,3
907,$4000_const,1
907,$4000_vol,7
907,$4004_duty,3
907,$4004_const,1
907,$4004_vol,7
908,$4000_duty,3
908,$4000_const,1
908,$4000_vol,5
908,$4004_duty,3
908,$4004_const,1
908,$4004_vol,0
909,$4000_duty,3
909,$4000_const,1
909,$4000_vol,0
911,$4012_addr,240
911,$4013_len,11
911,$4010_rate,15
911,$4000_duty,3
911,$4000_const,1
911,$4000_vol,10
911,$4002_period,403
911,$400B_length,32
911,$4004_duty,2
911,$4004_const,1
911,$4004_vol,10
911,$4006_period,807
911,$4008_linear,127
911,$400A_period,113
911,$400B_length,48
911,$400C_const,1
911,$400C_vol,10
912,$4004_duty,3
912,$4004_const,1
912,$4004_vol,9
912,$4008_linear,0
912,$400C_const,1
912,$400C_vol,7
913,$4004_duty,3
913,$4004_const,1
913,$4004_vol,8
913,$400C_const,1
913,$400C_vol,0
914,$4000_duty,3
914,$4000_const,1
914,$4000_vol,7
914,$4004_duty,3
914,$4004_const,1
914,$4004_vol,0
915,$4000_duty,3
915,$4000_const,1
915,$4000_vol,5
916,$4000_duty,3
916,$4000_const,1
916,$4000_vol,0
918,$4000_duty,3
918,$4000_const,1
918,$4000_vol,10
918,$4002_period,453
918,$400B_length,48
918,$4008_linear,127
918,$400A_period,135
918,$400B_length,32
918,$400E_period,2
918,$400E_mode,0
918,$400C_const,1
918,$400C_vol,8
919,$4008_linear,0
919,$400C_const,1
919,$400C_vol,5
920,$400C_const,1
920,$400C_vol,0
921,$4000_duty,3
921,$4000_const,1
921,$4000_vol,7
922,$4000_duty,3
922,$4000_const,1
922,$4000_vol,5
923,$4000_duty,3
923,$4000_const,1
923,$4000_vol,0
925,$4012_addr,250
925,$4013_len,11
925,$4010_rate,15
925,$4000_duty,3
925,$4000_const,1
925,$4000_vol,10
925,$4002_period,539
925,$400B_length,33
925,$4004_duty,2
925,$4004_const,1
925,$4004_vol,15
925,$4006_period,1619
925,$4008_linear,127
925,$400A_period,67
925,$400B_length,48
925,$400E_period,1
925,$400E_mode,0
925,$400C_const,1
925,$400C_vol,8
926,$4004_duty,3
926,$4004_const,1
926,$4004_vol,14
926,$4008_linear,0
926,$400C_const,1
926,$400C_vol,5
927,$4004_duty,3
927,$4004_const,1
927,$4004_vol,13
927,$400C_const,1
927,$400C_vol,0
928,$4000_duty,3
928,$4000_const,1
928,$4000_vol,7
928,$4004_duty,3
928,$4004_const,1
928,$4004_vol,4
929,$4000_duty,3
929,$4000_const,1
929,$4000_vol,5
930,$4000_duty,3
930,$4000_const,1
930,$4000_vol,0
932,$4000_duty,3
932,$4000_const,1
932,$4000_vol,10
932,$4002_period,641
932,$400B_length,49
932,$4004_duty,2
932,$4004_const,1
932,$4004_vol,10
932,$4006_period,807
932,$4008_linear,127
932,$400A_period,135
932,$400B_length,32
932,$400E_period,3
932,$400E_mode,0
932,$400C_const,1
932,$400C_vol,8
933,$4004_duty,3
933,$4004_const,1
933,$4004_vol,9
933,$4008_linear,0
933,$400C_const,1
933,$400C_vol,5
934,$4004_duty,3
934,$4004_const,1
934,$4004_vol,8
934,$400C_const,1
934,$400C_vol,0
935,$4000_duty,3
935,$4000_const,1
935,$4000_vol,7
935,$4004_duty,3
935,$4004_const,1
935,$4004_vol,0
936,$4000_duty,3
936,$4000_const,1
936,$4000_vol,5
937,$4000_duty,3
937,$4000_const,1
937,$4000_vol,0
939,$4012_addr,243
939,$4013_len,28
939,$4010_rate,15
939,$4008_linear,127
939,$400A_period,101
939,$400B_length,48
939,$400C_const,1
939,$400C_vol,10
940,$4008_linear,0
940,$400C_const,1
940,$400C_vol,7
941,$400C_const,1
941,$400C_vol,0
946,$4000_duty,0
946,$4000_const,1
946,$4000_vol,10
946,$4002_period,807
946,$400B_length,33
946,$4004_duty,2
946,$4004_const,1
946,$4004_vol,15
946,$4006_period,1619
946,$4008_linear,127
946,$400A_period,227
946,$400B_length,32
946,$400E_period,2
946,$400E_mode,0
946,$400C_const,1
946,$400C_vol,8
947,$4004_duty,3
947,$4004_const,1
947,$4004_vol,14
947,$400C_const,1
947,$400C_vol,5
948,$4000_duty,0
948,$4000_const,1
948,$4000_vol,8
948,$4004_duty,3
948,$4004_const,1
948,$4004_vol,13
948,$400C_const,1
948,$400C_vol,0
949,$4004_duty,3
949,$4004_const,1
949,$4004_vol,4
950,$4008_linear,0
951,$4000_duty,0
951,$4000_const,1
951,$4000_vol,0
953,$4012_addr,250
953,$4013_len,11
953,$4010_rate,14
953,$4004_duty,3
953,$4004_const,1
953,$4004_vol,0
953,$4008_linear,127
953,$400A_period,101
953,$400B_length,48
953,$400E_period,1
953,$400E_mode,0
953,$400C_const,1
953,$400C_vol,8
954,$4008_linear,0
954,$400C_const,1
954,$400C_vol,5
955,$400C_const,1
955,$400C_vol,0
960,$4010_rate,14
960,$4000_duty,0
960,$4000_const,1
960,$4000_vol,10
960,$4002_period,605
960,$400B_length,49
960,$4004_duty,3
960,$4004_const,1
960,$4004_vol,15
960,$4006_period,2427
960,$4008_linear,127
960,$400A_period,241
960,$400B_length,32
960,$400E_period,3
960,$400E_mode,0
960,$400C_const,1
960,$400C_vol,8
961,$4004_duty,3
961,$4004_const,1
961,$4004_vol,13
961,$400C_const,1
961,$400C_vol,5
962,$4000_duty,0
962,$4000_const,1
962,$4000_vol,8
962,$400C_const,1
962,$400C_vol,0
963,$4004_duty,3
963,$4004_const,1
963,$4004_vol,6
964,$4008_linear,0
965,$4000_duty,0
965,$4000_const,1
965,$4000_vol,0
965,$4004_duty,3
965,$4004_const,1
965,$4004_vol,1
966,$4004_duty,3
966,$4004_const,1
966,$4004_vol,0
967,$4012_addr,240
967,$4013_len,11
967,$4010_rate,15
967,$400E_period,2
967,$400E_mode,0
967,$400C_const,1
967,$400C_vol,14
968,$400C_const,1
968,$400C_vol,11
969,$400C_const,1
969,$400C_vol,3
974,$4012_addr,243
974,$4013_len,28
974,$4010_rate,15
974,$4000_duty,0
974,$4000_const,1
974,$4000_vol,15
974,$4002_period,1211
974,$400B_length,34
974,$4004_duty,3
974,$4004_const,1
974,$4004_vol,15
974,$4006_period,2427
974,$400E_period,1
974,$400E_mode,0
974,$400C_const,1
974,$400C_vol,2
975,$4000_duty,0
975,$4000_const,1
975,$4000_vol,13
975,$4004_duty,3
975,$4004_const,1
975,$4004_vol,13
975,$400C_const,1
975,$400C_vol,0
978,$4000_duty,0
978,$4000_const,1
978,$4000_vol,6
978,$4004_duty,1
978,$4004_const,1
978,$4004_vol,1
978,$4006_period,75
978,$400E_period,4
978,$400E_mode,0
978,$400C_const,1
978,$400C_vol,15
979,$4006_period,81
979,$400C_const,1
979,$400C_vol,14
980,$4000_duty,0
980,$4000_const,1
980,$4000_vol,1
980,$4004_duty,1
980,$4004_const,1
980,$4004_vol,3
980,$4006_period,75
980,$400E_period,11
980,$400E_mode,0
980,$400C_const,1
980,$400C_vol,13
981,$4000_duty,0
981,$4000_const,1
981,$4000_vol,0
981,$4004_duty,1
981,$4004_const,1
981,$4004_vol,0
981,$4006_period,85
981,$400E_period,0
981,$400E_mode,0
981,$400C_const,1
981,$400C_vol,12
982,$4004_duty,1
982,$4004_const,1
982,$4004_vol,1
982,$4006_period,75
982,$400E_period,6
982,$400E_mode,0
982,$400C_const,1
982,$400C_vol,11
983,$4006_period,81
983,$400C_const,1
983,$400C_vol,10
984,$4004_duty,1
984,$4004_const,1
984,$4004_vol,3
984,$4006_period,75
984,$400E_period,13
984,$400E_mode,0
984,$400C_const,1
984,$400C_vol,9
985,$4004_duty,1
985,$4004_const,1
985,$4004_vol,0
985,$4006_period,85
985,$400E_period,0
985,$400E_mode,0
985,$400C_const,1
985,$400C_vol,8
987,$400C_const,1
987,$400C_vol,7
988,$4012_addr,240
988,$4013_len,11
988,$4010_rate,15
988,$4000_duty,0
988,$4000_const,1
988,$4000_vol,15
988,$4002_period,1211
988,$400B_length,50
989,$4000_duty,0
989,$4000_const,1
989,$4000_vol,6
989,$400C_const,1
989,$400C_vol,6
991,$4000_duty,0
991,$4000_const,1
991,$4000_vol,1
991,$4004_duty,3
991,$4004_const,1
991,$4004_vol,6
991,$4006_period,2427
991,$400E_period,2
991,$400E_mode,0
991,$400C_const,1
991,$400C_vol,3
992,$4000_duty,0
992,$4000_const,1
992,$4000_vol,0
992,$400E_period,12
992,$400E_mode,0
992,$400C_const,1
992,$400C_vol,4
993,$4004_duty,3
993,$4004_const,1
993,$4004_vol,1
993,$400E_period,10
993,$400E_mode,0
993,$400C_const,1
993,$400C_vol,10
994,$4004_duty,3
994,$4004_const,1
994,$4004_vol,0
994,$400E_period,11
994,$400E_mode,0
994,$400C_const,1
994,$400C_vol,15
995,$4010_rate,15
995,$4000_duty,0
995,$4000_const,1
995,$4000_vol,15
995,$4002_period,1211
995,$400B_length,34
995,$4004_duty,3
995,$4004_const,1
995,$4004_vol,15
995,$4006_period,2427
995,$400E_period,12
995,$400E_mode,0
996,$4000_duty,0
996,$4000_const,1
996,$4000_vol,6
996,$4004_duty,3
996,$4004_const,1
996,$4004_vol,13
996,$400E_period,13
996,$400E_mode,0
997,$400E_period,11
997,$400E_mode,0
997,$400C_const,1
997,$400C_vol,13
998,$4000_duty,0
998,$4000_const,1
998,$4000_vol,1
998,$400C_const,1
998,$400C_vol,0
999,$4000_duty,0
999,$4000_const,1
999,$4000_vol,0
1000,$400E_period,13
1000,$400E_mode,0
1000,$400C_const,1
1000,$400C_vol,13
1001,$400E_period,11
1001,$400E_mode,0
1001,$400C_const,1
1001,$400C_vol,11
1002,$4012_addr,243
1002,$4013_len,28
1002,$4010_rate,15
1002,$4004_duty,3
1002,$4004_const,1
1002,$4004_vol,6
1002,$400C_const,1
1002,$400C_vol,0
1004,$4004_duty,3
1004,$4004_const,1
1004,$4004_vol,1
1004,$400E_period,13
1004,$400E_mode,0
1004,$400C_const,1
1004,$400C_vol,11
1005,$4004_duty,3
1005,$4004_const,1
1005,$4004_vol,0
1005,$400E_period,11
1005,$400E_mode,0
1005,$400C_const,1
1005,$400C_vol,9
1006,$4010_rate,15
1006,$400C_const,1
1006,$400C_vol,0
1008,$400E_period,13
1008,$400E_mode,0
1008,$400C_const,1
1008,$400C_vol,9
1009,$400E_period,11
1009,$400E_mode,0
1009,$400C_const,1
1009,$400C_vol,7
1010,$400C_const,1
1010,$400C_vol,0
1012,$400E_period,13
1012,$400E_mode,0
1012,$400C_const,1
1012,$400C_vol,7
1013,$400E_period,11
1013,$400E_mode,0
1013,$400C_const,1
1013,$400C_vol,5
1014,$400C_const,1
1014,$400C_vol,0
1016,$4010_rate,15
1016,$400E_period,10
1016,$400E_mode,0
1016,$400C_const,1
1016,$400C_vol,5
1017,$400C_const,1
1017,$400C_vol,0
1019,$400E_period,1
1019,$400E_mode,0
1019,$400C_const,1
1019,$400C_vol,0
1023,$4012_addr,240
1023,$4013_len,11
1023,$4010_rate,15
1023,$4000_duty,2
1023,$4000_const,1
1023,$4000_vol,4
1023,$4002_period,359
1023,$400B_length,48
1023,$4004_duty,2
1023,$4004_const,1
1023,$4004_vol,15
1023,$4006_period,1811
1023,$4008_linear,127
1023,$400A_period,227
1023,$400B_length,48
1023,$400E_period,3
1023,$400E_mode,0
1023,$400C_const,1
1023,$400C_vol,10
1024,$4000_duty,2
1024,$4000_const,1
1024,$4000_vol,8
1024,$4004_duty,3
1024,$4004_const,1
1024,$4004_vol,14
1024,$400C_const,1
1024,$400C_vol,7
1025,$4000_duty,2
1025,$4000_const,1
1025,$4000_vol,10
1025,$4004_duty,3
1025,$4004_const,1
1025,$4004_vol,13
1025,$400C_const,1
1025,$400C_vol,0
1026,$4000_duty,2
1026,$4000_const,1
1026,$4000_vol,7
1026,$4004_duty,3
1026,$4004_const,1
1026,$4004_vol,12
1027,$4000_duty,2
1027,$4000_const,1
1027,$4000_vol,5
1027,$4004_duty,3
1027,$4004_const,1
1027,$4004_vol,11
1028,$4000_duty,2
1028,$4000_const,1
1028,$4000_vol,0
1028,$4004_duty,3
1028,$4004_const,1
1028,$4004_vol,10
1028,$4008_linear,0
1029,$4004_duty,3
1029,$4004_const,1
1029,$4004_vol,9
1030,$4004_duty,3
1030,$4004_const,1
1030,$4004_vol,8
1030,$400E_period,2
1030,$400E_mode,0
1030,$400C_const,1
1030,$400C_vol,8
1031,$4004_duty,3
1031,$4004_const,1
1031,$4004_vol,4
1031,$400C_const,1
1031,$400C_vol,5
1032,$400C_const,1
1032,$400C_vol,0
1035,$4004_duty,3
1035,$4004_const,1
1035,$4004_vol,0
1037,$4012_addr,250
1037,$4013_len,11
1037,$4010_rate,15
1037,$4000_duty,2
1037,$4000_const,1
1037,$4000_vol,4
1037,$4002_period,359
1037,$400B_length,32
1037,$4004_duty,2
1037,$4004_const,1
1037,$4004_vol,11
1037,$4006_period,907
1037,$4008_linear,127
1037,$400A_period,227
1037,$400B_length,32
1037,$400E_period,1
1037,$400E_mode,0
1037,$400C_const,1
1037,$400C_vol,8
1038,$4000_duty,2
1038,$4000_const,1
1038,$4000_vol,8
1038,$4004_duty,3
1038,$4004_const,1
1038,$4004_vol,10
1038,$400C_const,1
1038,$400C_vol,5
1039,$4000_duty,2
1039,$4000_const,1
1039,$4000_vol,10
1039,$4004_duty,3
1039,$4004_const,1
1039,$4004_vol,9
1039,$400C_const,1
1039,$400C_vol,0
1040,$4000_duty,2
1040,$4000_const,1
1040,$4000_vol,7
1040,$4004_duty,3
1040,$4004_const,1
1040,$4004_vol,0
1041,$4000_duty,2
1041,$4000_const,1
1041,$4000_vol,5
1044,$4012_addr,240
1044,$4013_len,11
1044,$4010_rate,15
1044,$4004_duty,2
1044,$4004_const,1
1044,$4004_vol,13
1044,$4006_period,2427
1044,$400E_period,3
1044,$400E_mode,0
1044,$400C_const,1
1044,$400C_vol,8
1045,$4004_duty,3
1045,$4004_const,1
1045,$4004_vol,12
1045,$400C_const,1
1045,$400C_vol,5
1046,$4000_duty,2
1046,$4000_const,1
1046,$4000_vol,6
1046,$4004_duty,3
1046,$4004_const,1
1046,$4004_vol,11
1046,$400C_const,1
1046,$400C_vol,0
1047,$4004_duty,3
1047,$4004_const,1
1047,$4004_vol,10
1048,$4004_duty,3
1048,$4004_const,1
1048,$4004_vol,9
1049,$4004_duty,3
1049,$4004_const,1
1049,$4004_vol,8
1050,$4004_duty,3
1050,$4004_const,1
1050,$4004_vol,7
1051,$4010_rate,15
1051,$4000_duty,2
1051,$4000_const,1
1051,$4000_vol,7
1051,$4004_duty,3
1051,$4004_const,1
1051,$4004_vol,6
1051,$400C_const,1
1051,$400C_vol,10
1052,$4004_duty,3
1052,$4004_const,1
1052,$4004_vol,2
1052,$400C_const,1
1052,$400C_vol,7
1053,$400C_const,1
1053,$400C_vol,0
1056,$4000_duty,2
1056,$4000_const,1
1056,$4000_vol,8
1056,$4004_duty,3
1056,$4004_const,1
1056,$4004_vol,0
1056,$4008_linear,0
1058,$4004_duty,2
1058,$4004_const,1
1058,$4004_vol,13
1058,$4006_period,2427
1058,$400E_period,2
1058,$400E_mode,0
1058,$400C_const,1
1058,$400C_vol,8
1059,$4004_duty,3
1059,$4004_const,1
1059,$4004_vol,12
1059,$400C_const,1
1059,$400C_vol,5
1060,$4004_duty,3
1060,$4004_const,1
1060,$4004_vol,11
1060,$400C_const,1
1060,$400C_vol,0
1061,$4000_duty,2
1061,$4000_const,1
1061,$4000_vol,9
1061,$4004_duty,3
1061,$4004_const,1
1061,$4004_vol,10
1062,$4004_duty,3
1062,$4004_const,1
1062,$4004_vol,9
1063,$4000_duty,2
1063,$4000_const,1
1063,$4000_vol,0
1063,$4004_duty,3
1063,$4004_const,1
1063,$4004_vol,8
1064,$4004_duty,3
1064,$4004_const,1
1064,$4004_vol,7
1065,$4012_addr,250
1065,$4013_len,11
1065,$4010_rate,14
1065,$4000_duty,2
1065,$4000_const,1
1065,$4000_vol,4
1065,$4002_period,339
1065,$400B_length,48
1065,$4004_duty,3
1065,$4004_const,1
1065,$4004_vol,6
1065,$4008_linear,127
1065,$400A_period,201
1065,$400B_length,48
1065,$400E_period,1
1065,$400E_mode,0
1065,$400C_const,1
1065,$400C_vol,8
1066,$4000_duty,2
1066,$4000_const,1
1066,$4000_vol,8
1066,$4004_duty,3
1066,$4004_const,1
1066,$4004_vol,2
1066,$400C_const,1
1066,$400C_vol,5
1067,$4000_duty,2
1067,$4000_const,1
1067,$4000_vol,10
1067,$400C_const,1
1067,$400C_vol,0
1068,$4000_duty,2
1068,$4000_const,1
1068,$4000_vol,7
1069,$4000_duty,2
1069,$4000_const,1
1069,$4000_vol,5
1070,$4000_duty,2
1070,$4000_const,1
1070,$4000_vol,0
1070,$4004_duty,3
1070,$4004_const,1
1070,$4004_vol,0
1070,$4008_linear,0
1072,$4010_rate,14
1072,$4000_duty,2
1072,$4000_const,1
1072,$4000_vol,4
1072,$4002_period,321
1072,$400B_length,32
1072,$4004_duty,2
1072,$4004_const,1
1072,$4004_vol,12
1072,$4006_period,907
1072,$4008_linear,127
1072,$400A_period,191
1072,$400B_length,32
1072,$400E_period,3
1072,$400E_mode,0
1072,$400C_const,1
1072,$400C_vol,8
1073,$4000_duty,2
1073,$4000_const,1
1073,$4000_vol,8
1073,$4004_duty,3
1073,$4004_const,1
1073,$4004_vol,11
1073,$400C_const,1
1073,$400C_vol,5
1074,$4000_duty,2
1074,$4000_const,1
1074,$4000_vol,10
1074,$4004_duty,3
1074,$4004_const,1
1074,$4004_vol,10
1074,$400C_const,1
1074,$400C_vol,0
1075,$4000_duty,2
1075,$4000_const,1
1075,$4000_vol,7
1075,$4004_duty,3
1075,$4004_const,1
1075,$4004_vol,1
1076,$4000_duty,2
1076,$4000_const,1
1076,$4000_vol,5
1077,$4000_duty,2
1077,$4000_const,1
1077,$4000_vol,0
1077,$4008_linear,0
1079,$4012_addr,240
1079,$4013_len,11
1079,$4010_rate,15
1079,$4000_duty,2
1079,$4000_const,1
1079,$4000_vol,4
1079,$4002_period,303
1079,$400B_length,48
1079,$4004_duty,2
1079,$4004_const,1
1079,$4004_vol,15
1079,$4006_period,1811
1079,$4008_linear,127
1079,$400A_period,179
1079,$400B_length,48
1079,$400C_const,1
1079,$400C_vol,10
1080,$4000_duty,2
1080,$4000_const,1
1080,$4000_vol,8
1080,$4004_duty,3
1080,$4004_const,1
1080,$4004_vol,14
1080,$400C_const,1
1080,$400C_vol,7
1081,$4000_duty,2
1081,$4000_const,1
1081,$4000_vol,10
1081,$4004_duty,3
1081,$4004_const,1
1081,$4004_vol,13
1081,$400C_const,1
1081,$400C_vol,0
1082,$4000_duty,2
1082,$4000_const,1
1082,$4000_vol,7
1082,$4004_duty,3
1082,$4004_const,1
1082,$4004_vol,12
1083,$4000_duty,2
1083,$4000_const,1
1083,$4000_vol,5
1083,$4004_duty,3
1083,$4004_const,1
1083,$4004_vol,11
1084,$4000_duty,2
1084,$4000_const,1
1084,$4000_vol,0
1084,$4004_duty,3
1084,$4004_const,1
1084,$4004_vol,10
1084,$4008_linear,0
1085,$4004_duty,3
1085,$4004_const,1
1085,$4004_vol,9
1086,$4000_duty,2
1086,$4000_const,1
1086,$4000_vol,4
1086,$4002_period,359
1086,$400B_length,32
1086,$4004_duty,3
1086,$4004_const,1
1086,$4004_vol,8
1086,$4008_linear,127
1086,$400A_period,227
1086,$400B_length,32
1086,$400E_period,2
1086,$400E_mode,0
1086,$400C_const,1
1086,$400C_vol,8
1087,$4000_duty,2
1087,$4000_const,1
1087,$4000_vol,8
1087,$4004_duty,3
1087,$4004_const,1
1087,$4004_vol,4
1087,$400C_const,1
1087,$400C_vol,5
1088,$4000_duty,2
1088,$4000_const,1
1088,$4000_vol,10
1088,$400C_const,1
1088,$400C_vol,0
1089,$4000_duty,2
1089,$4000_const,1
1089,$4000_vol,7
1090,$4000_duty,2
1090,$4000_const,1
1090,$4000_vol,5
1091,$4000_duty,2
1091,$4000_const,1
1091,$4000_vol,0
1091,$4004_duty,3
1091,$4004_const,1
1091,$4004_vol,0
1091,$4008_linear,0
1093,$4012_addr,250
1093,$4013_len,11
1093,$4010_rate,15
1093,$4004_duty,2
1093,$4004_const,1
1093,$4004_vol,11
1093,$4006_period,907
1093,$400E_period,1
1093,$400E_mode,0
1093,$400C_const,1
1093,$400C_vol,8
1094,$4004_duty,3
1094,$4004_const,1
1094,$4004_vol,10
1094,$400C_const,1
1094,$400C_vol,5
1095,$4004_duty,3
1095,$4004_const,1
1095,$4004_vol,9
1095,$400C_const,1
1095,$400C_vol,0
1096,$4004_duty,3
1096,$4004_const,1
1096,$4004_vol,0
1100,$4012_addr,240
1100,$4013_len,11
1100,$4010_rate,15
1100,$4000_duty,2
1100,$4000_const,1
1100,$4000_vol,4
1100,$4002_period,303
1100,$400B_length,48
1100,$4004_duty,2
1100,$4004_const,1
1100,$4004_vol,13
1100,$4006_period,2427
1100,$4008_linear,127
1100,$400A_period,179
1100,$400B_length,48
1100,$400E_period,3
1100,$400E_mode,0
1100,$400C_const,1
1100,$400C_vol,8
1101,$4000_duty,2
1101,$4000_const,1
1101,$4000_vol,8
1101,$4004_duty,3
1101,$4004_const,1
1101,$4004_vol,12
1101,$400C_const,1
1101,$400C_vol,5
1102,$4000_duty,2
1102,$4000_const,1
1102,$4000_vol,10
1102,$4004_duty,3
1102,$4004_const,1
1102,$4004_vol,11
1102,$400C_const,1
1102,$400C_vol,0
1103,$4000_duty,2
1103,$4000_const,1
1103,$4000_vol,7
1103,$4004_duty,3
1103,$4004_const,1
1103,$4004_vol,10
1104,$4000_duty,2
1104,$4000_const,1
1104,$4000_vol,5
1104,$4004_duty,3
1104,$4004_const,1
1104,$4004_vol,9
1105,$4000_duty,2
1105,$4000_const,1
1105,$4000_vol,0
1105,$4004_duty,3
1105,$4004_const,1
1105,$4004_vol,8
1105,$4008_linear,0
1106,$4004_duty,3
1106,$4004_const,1
1106,$4004_vol,7
1107,$4012_addr,243
1107,$4013_len,28
1107,$4010_rate,15
1107,$4000_duty,2
1107,$4000_const,1
1107,$4000_vol,4
1107,$4002_period,179
1107,$400B_length,32
1107,$4004_duty,3
1107,$4004_const,1
1107,$4004_vol,6
1107,$4008_linear,127
1107,$400A_period,113
1107,$400B_length,32
1107,$400C_const,1
1107,$400C_vol,10
1108,$4000_duty,2
1108,$4000_const,1
1108,$4000_vol,8
1108,$4004_duty,3
1108,$4004_const,1
1108,$4004_vol,2
1108,$400C_const,1
1108,$400C_vol,7
1109,$4000_duty,2
1109,$4000_const,1
1109,$4000_vol,10
1109,$400C_const,1
1109,$400C_vol,0
1110,$4000_duty,2
1110,$4000_const,1
1110,$4000_vol,7
1111,$4000_duty,2
1111,$4000_const,1
1111,$4000_vol,5
1112,$4000_duty,2
1112,$4000_const,1
1112,$4000_vol,0
1112,$4004_duty,3
1112,$4004_const,1
1112,$4004_vol,0
1112,$4008_linear,0
1114,$4000_duty,2
1114,$4000_const,1
1114,$4000_vol,4
1114,$4002_period,227
1114,$400B_length,48
1114,$4004_duty,2
1114,$4004_const,1
1114,$4004_vol,13
1114,$4006_period,2427
1114,$4008_linear,127
1114,$400A_period,151
1114,$400B_length,48
1114,$400E_period,2
1114,$400E_mode,0
1114,$400C_const,1
1114,$400C_vol,8
1115,$4000_duty,2
1115,$4000_const,1
1115,$4000_vol,8
1115,$4004_duty,3
1115,$4004_const,1
1115,$4004_vol,12
1115,$400C_const,1
1115,$400C_vol,5
1116,$4000_duty,2
1116,$4000_const,1
1116,$4000_vol,10
1116,$4004_duty,3
1116,$4004_const,1
1116,$4004_vol,11
1116,$400C_const,1
1116,$400C_vol,0
1117,$4000_duty,2
1117,$4000_const,1
1117,$4000_vol,7
1117,$4004_duty,3
1117,$4004_const,1
1117,$4004_vol,10
1118,$4000_duty,2
1118,$4000_const,1
1118,$4000_vol,5
1118,$4004_duty,3
1118,$4004_const,1
1118,$4004_vol,9
1119,$4000_duty,2
1119,$4000_const,1
1119,$4000_vol,0
1119,$4004_duty,3
1119,$4004_const,1
1119,$4004_vol,8
1119,$4008_linear,0
1120,$4004_duty,3
1120,$4004_const,1
1120,$4004_vol,7
1121,$4012_addr,250
1121,$4013_len,11
1121,$4010_rate,14
1121,$4000_duty,2
1121,$4000_const,1
1121,$4000_vol,4
1121,$4002_period,303
1121,$400B_length,32
1121,$4004_duty,3
1121,$4004_const,1
1121,$4004_vol,6
1121,$4008_linear,127
1121,$400A_period,179
1121,$400B_length,32
1121,$400E_period,1
1121,$400E_mode,0
1121,$400C_const,1
1121,$400C_vol,8
1122,$4000_duty,2
1122,$4000_const,1
1122,$4000_vol,8
1122,$4004_duty,3
1122,$4004_const,1
1122,$4004_vol,2
1122,$400C_const,1
1122,$400C_vol,5
1123,$4000_duty,2
1123,$4000_const,1
1123,$4000_vol,10
1123,$400C_const,1
1123,$400C_vol,0
1124,$4000_duty,2
1124,$4000_const,1
1124,$4000_vol,7
1125,$4000_duty,2
1125,$4000_const,1
1125,$4000_vol,5
1126,$4000_duty,2
1126,$4000_const,1
1126,$4000_vol,0
1126,$4004_duty,3
1126,$4004_const,1
1126,$4004_vol,0
1126,$4008_linear,0
1128,$4010_rate,14
1128,$4000_duty,2
1128,$4000_const,1
1128,$4000_vol,4
1128,$4002_period,359
1128,$400B_length,48
1128,$4004_duty,2
1128,$4004_const,1
1128,$4004_vol,12
1128,$4006_period,907
1128,$4008_linear,127
1128,$400A_period,227
1128,$400B_length,48
1128,$400E_period,3
1128,$400E_mode,0
1128,$400C_const,1
1128,$400C_vol,8
1129,$4000_duty,2
1129,$4000_const,1
1129,$4000_vol,8
1129,$4004_duty,3
1129,$4004_const,1
1129,$4004_vol,11
1129,$400C_const,1
1129,$400C_vol,5
1130,$4000_duty,2
1130,$4000_const,1
1130,$4000_vol,10
1130,$4004_duty,3
1130,$4004_const,1
1130,$4004_vol,10
1130,$400C_const,1
1130,$400C_vol,0
1131,$4000_duty,2
1131,$4000_const,1
1131,$4000_vol,7
1131,$4004_duty,3
1131,$4004_const,1
1131,$4004_vol,1
1132,$4000_duty,2
1132,$4000_const,1
1132,$4000_vol,5
1133,$4000_duty,2
1133,$4000_const,1
1133,$4000_vol,0
1133,$4008_linear,0
1135,$4012_addr,240
1135,$4013_len,11
1135,$4010_rate,15
1135,$4000_duty,2
1135,$4000_const,1
1135,$4000_vol,4
1135,$4002_period,403
1135,$400B_length,32
1135,$4004_duty,2
1135,$4004_const,1
1135,$4004_vol,15
1135,$4006_period,1921
1135,$4008_linear,127
1135,$400A_period,241
1135,$400B_length,32
1135,$400C_const,1
1135,$400C_vol,10
1136,$4000_duty,2
1136,$4000_const,1
1136,$4000_vol,8
1136,$4004_duty,3
1136,$4004_const,1
1136,$4004_vol,14
1136,$400C_const,1
1136,$400C_vol,7
1137,$4000_duty,2
1137,$4000_const,1
1137,$4000_vol,10
1137,$4004_duty,3
1137,$4004_const,1
1137,$4004_vol,13
1137,$400C_const,1
1137,$400C_vol,0
1138,$4000_duty,2
1138,$4000_const,1
1138,$4000_vol,7
1138,$4004_duty,3
1138,$4004_const,1
1138,$4004_vol,12
1139,$4000_duty,2
1139,$4000_const,1
1139,$4000_vol,5
1139,$4004_duty,3
1139,$4004_const,1
1139,$4004_vol,11
1140,$4000_duty,2
1140,$4000_const,1
1140,$4000_vol,0
1140,$4004_duty,3
1140,$4004_const,1
1140,$4004_vol,10
1140,$4008_linear,0
1141,$4004_duty,3
1141,$4004_const,1
1141,$4004_vol,9
1142,$4004_duty,3
1142,$4004_const,1
1142,$4004_vol,8
1142,$400E_period,2
1142,$400E_mode,0
1142,$400C_const,1
1142,$400C_vol,8
1143,$4004_duty,3
1143,$4004_const,1
1143,$4004_vol,4
1143,$400C_const,1
1143,$400C_vol,5
1144,$400C_const,1
1144,$400C_vol,0
1147,$4004_duty,3
1147,$4004_const,1
1147,$4004_vol,0
1149,$4012_addr,250
1149,$4013_len,11
1149,$4010_rate,15
1149,$4000_duty,2
1149,$4000_const,1
1149,$4000_vol,4
1149,$4002_period,403
1149,$400B_length,48
1149,$4004_duty,2
1149,$4004_const,1
1149,$4004_vol,11
1149,$4006_period,961
1149,$4008_linear,127
1149,$400A_period,241
1149,$400B_length,48
1149,$400E_period,1
1149,$400E_mode,0
1149,$400C_const,1
1149,$400C_vol,8
1150,$4000_duty,2
1150,$4000_const,1
1150,$4000_vol,8
1150,$4004_duty,3
1150,$4004_const,1
1150,$4004_vol,10
1150,$400C_const,1
1150,$400C_vol,5
1151,$4000_duty,2
1151,$4000_const,1
1151,$4000_vol,10
1151,$4004_duty,2
1151,$4004_const,1
1151,$4004_vol,6
1151,$4006_period,197
1151,$400C_const,1
1151,$400C_vol,0
1152,$4000_duty,2
1152,$4000_const,1
1152,$4000_vol,7
1152,$4004_duty,2
1152,$4004_const,1
1152,$4004_vol,9
1153,$4000_duty,2
1153,$4000_const,1
1153,$4000_vol,5
1153,$4004_duty,2
1153,$4004_const,1
1153,$4004_vol,12
1154,$4004_duty,2
1154,$4004_const,1
1154,$4004_vol,9
1155,$4004_duty,2
1155,$4004_const,1
1155,$4004_vol,4
1156,$4012_addr,240
1156,$4013_len,11
1156,$4010_rate,15
1156,$4004_duty,2
1156,$4004_const,1
1156,$4004_vol,13
1156,$4006_period,2427
1156,$400E_period,3
1156,$400E_mode,0
1156,$400C_const,1
1156,$400C_vol,8
1157,$4004_duty,3
1157,$4004_const,1
1157,$4004_vol,12
1157,$400C_const,1
1157,$400C_vol,5
1158,$4000_duty,2
1158,$4000_const,1
1158,$4000_vol,6
1158,$4004_duty,3
1158,$4004_const,1
1158,$4004_vol,11
1158,$400C_const,1
1158,$400C_vol,0
1159,$4004_duty,3
1159,$4004_const,1
1159,$4004_vol,10
1160,$4004_duty,3
1160,$4004_const,1
1160,$4004_vol,9
1161,$4004_duty,3
1161,$4004_const,1
1161,$4004_vol,8
1162,$4004_duty,3
1162,$4004_const,1
1162,$4004_vol,7
1163,$4010_rate,15
1163,$4000_duty,2
1163,$4000_const,1
1163,$4000_vol,7
1163,$4004_duty,3
1163,$4004_const,1
1163,$4004_vol,6
1163,$400C_const,1
1163,$400C_vol,10
1164,$4004_duty,3
1164,$4004_const,1
1164,$4004_vol,2
1164,$400C_const,1
1164,$400C_vol,7
1165,$400C_const,1
1165,$400C_vol,0
1168,$4000_duty,2
1168,$4000_const,1
1168,$4000_vol,0
1168,$4004_duty,3
1168,$4004_const,1
1168,$4004_vol,0
1168,$4008_linear,0
1170,$4000_duty,2
1170,$4000_const,1
1170,$4000_vol,4
1170,$4002_period,481
1170,$400B_length,32
1170,$4004_duty,2
1170,$4004_const,1
1170,$4004_vol,13
1170,$4006_period,2427
1170,$4008_linear,127
1170,$400A_period,303
1170,$400B_length,32
1170,$400E_period,2
1170,$400E_mode,0
1170,$400C_const,1
1170,$400C_vol,8
1171,$4000_duty,2
1171,$4000_const,1
1171,$4000_vol,8
1171,$4004_duty,3
1171,$4004_const,1
1171,$4004_vol,12
1171,$400C_const,1
1171,$400C_vol,5
1172,$4000_duty,2
1172,$4000_const,1
1172,$4000_vol,10
1172,$4004_duty,3
1172,$4004_const,1
1172,$4004_vol,11
1172,$400C_const,1
1172,$400C_vol,0
1173,$4000_duty,2
1173,$4000_const,1
1173,$4000_vol,7
1173,$4004_duty,3
1173,$4004_const,1
1173,$4004_vol,10
1174,$4000_duty,2
1174,$4000_const,1
1174,$4000_vol,5
1174,$4004_duty,3
1174,$4004_const,1
1174,$4004_vol,9
1175,$4000_duty,2
1175,$4000_const,1
1175,$4000_vol,0
1175,$4004_duty,3
1175,$4004_const,1
1175,$4004_vol,8
1175,$4008_linear,0
1176,$4004_duty,3
1176,$4004_const,1
1176,$4004_vol,7
1177,$4012_addr,250
1177,$4013_len,11
1177,$4010_rate,14
1177,$4000_duty,2
1177,$4000_const,1
1177,$4000_vol,4
1177,$4002_period,321
1177,$400B_length,48
1177,$4004_duty,3
1177,$4004_const,1
1177,$4004_vol,6
1177,$4008_linear,127
1177,$400A_period,241
1177,$400B_length,48
1177,$400E_period,1
1177,$400E_mode,0
1177,$400C_const,1
1177,$400C_vol,8
1178,$4000_duty,2
1178,$4000_const,1
1178,$4000_vol,8
1178,$4004_duty,3
1178,$4004_const,1
1178,$4004_vol,2
1178,$400C_const,1
1178,$400C_vol,5
1179,$4000_duty,2
1179,$4000_const,1
1179,$4000_vol,10
1179,$400C_const,1
1179,$400C_vol,0
1180,$4000_duty,2
1180,$4000_const,1
1180,$4000_vol,7
1181,$4000_duty,2
1181,$4000_const,1
1181,$4000_vol,5
1182,$4000_duty,2
1182,$4000_const,1
1182,$4000_vol,0
1182,$4004_duty,3
1182,$4004_const,1
1182,$4004_vol,0
1182,$4008_linear,0
1184,$4010_rate,14
1184,$4000_duty,2
1184,$4000_const,1
1184,$4000_vol,4
1184,$4002_period,303
1184,$400B_length,32
1184,$4004_duty,2
1184,$4004_const,1
1184,$4004_vol,12
1184,$4006_period,961
1184,$4008_linear,127
1184,$400A_period,201
1184,$400B_length,32
1184,$400E_period,3
1184,$400E_mode,0
1184,$400C_const,1
1184,$400C_vol,8
1185,$4000_duty,2
1185,$4000_const,1
1185,$4000_vol,8
1185,$4004_duty,3
1185,$4004_const,1
1185,$4004_vol,11
1185,$400C_const,1
1185,$400C_vol,5
1186,$4000_duty,2
1186,$4000_const,1
1186,$4000_vol,10
1186,$4004_duty,3
1186,$4004_const,1
1186,$4004_vol,10
1186,$400C_const,1
1186,$400C_vol,0
1187,$4000_duty,2
1187,$4000_const,1
1187,$4000_vol,7
1187,$4004_duty,3
1187,$4004_const,1
1187,$4004_vol,1
1188,$4000_duty,2
1188,$4000_const,1
1188,$4000_vol,5
1189,$4000_duty,2
1189,$4000_const,1
1189,$4000_vol,0
1189,$4008_linear,0
1191,$4012_addr,240
1191,$4013_len,11
1191,$4010_rate,15
1191,$4004_duty,2
1191,$4004_const,1
1191,$4004_vol,15
1191,$4006_period,1921
1191,$400C_const,1
1191,$400C_vol,10
1192,$4004_duty,3
1192,$4004_const,1
1192,$4004_vol,14
1192,$400C_const,1
1192,$400C_vol,7
1193,$4004_duty,3
1193,$4004_const,1
1193,$4004_vol,13
1193,$400C_const,1
1193,$400C_vol,0
1194,$4004_duty,3
1194,$4004_const,1
1194,$4004_vol,12
1195,$4004_duty,3
1195,$4004_const,1
1195,$4004_vol,11
1196,$4004_duty,3
1196,$4004_const,1
1196,$4004_vol,10
1197,$4004_duty,3
1197,$4004_const,1
1197,$4004_vol,9
1198,$4004_duty,3
1198,$4004_const,1
1198,$4004_vol,8
1198,$400E_period,2
1198,$400E_mode,0
1198,$400C_const,1
1198,$400C_vol,8
1199,$4004_duty,3
1199,$4004_const,1
1199,$4004_vol,4
1199,$400C_const,1
1199,$400C_vol,5
1200,$400C_const,1
1200,$400C_vol,0
1203,$4004_duty,3
1203,$4004_const,1
1203,$4004_vol,0
1205,$4012_addr,250
1205,$4013_len,11
1205,$4010_rate,15
1205,$4000_duty,2
1205,$4000_const,1
1205,$4000_vol,5
1205,$4002_period,121
1205,$400B_length,48
1205,$4004_duty,2
1205,$4004_const,1
1205,$4004_vol,11
1205,$4006_period,961
1205,$4008_linear,127
1205,$400A_period,75
1205,$400B_length,48
1205,$400E_period,1
1205,$400E_mode,0
1205,$400C_const,1
1205,$400C_vol,8
1206,$4004_duty,3
1206,$4004_const,1
1206,$4004_vol,10
1206,$4008_linear,0
1206,$400C_const,1
1206,$400C_vol,5
1207,$4000_duty,2
1207,$4000_const,1
1207,$4000_vol,0
1207,$4004_duty,3
1207,$4004_const,1
1207,$4004_vol,9
1207,$400C_const,1
1207,$400C_vol,0
1208,$4004_duty,1
1208,$4004_const,1
1208,$4004_vol,11
1208,$4006_period,907
1210,$4004_duty,1
1210,$4004_const,1
1210,$4004_vol,10
1210,$4006_period,961
1211,$4004_duty,1
1211,$4004_const,1
1211,$4004_vol,7
1211,$4006_period,641
1212,$4012_addr,240
1212,$4013_len,11
1212,$4010_rate,15
1212,$4000_duty,2
1212,$4000_const,1
1212,$4000_vol,5
1212,$4002_period,135
1212,$400B_length,32
1212,$4004_duty,1
1212,$4004_const,1
1212,$4004_vol,6
1212,$4006_period,605
1212,$4008_linear,127
1212,$400A_period,101
1212,$400B_length,32
1212,$400E_period,3
1212,$400E_mode,0
1212,$400C_const,1
1212,$400C_vol,8
1213,$4004_duty,1
1213,$4004_const,1
1213,$4004_vol,5
1213,$4006_period,571
1213,$4008_linear,0
1213,$400C_const,1
1213,$400C_vol,5
1214,$4000_duty,2
1214,$4000_const,1
1214,$4000_vol,0
1214,$4004_duty,1
1214,$4004_const,1
1214,$4004_vol,4
1214,$4006_period,509
1214,$400C_const,1
1214,$400C_vol,0
1215,$4004_duty,3
1215,$4004_const,1
1215,$4004_vol,10
1215,$4006_period,2427
1216,$4004_duty,2
1216,$4004_const,1
1216,$4004_vol,6
1216,$4006_period,197
1217,$4004_duty,2
1217,$4004_const,1
1217,$4004_vol,9
1218,$4004_duty,2
1218,$4004_const,1
1218,$4004_vol,12
1219,$4012_addr,243
1219,$4013_len,28
1219,$4010_rate,15
1219,$4000_duty,2
1219,$4000_const,1
1219,$4000_vol,5
1219,$4002_period,113
1219,$400B_length,48
1219,$4004_duty,2
1219,$4004_const,1
1219,$4004_vol,9
1219,$4008_linear,127
1219,$400A_period,61
1219,$400B_length,48
1219,$400C_const,1
1219,$400C_vol,10
1220,$4004_duty,2
1220,$4004_const,1
1220,$4004_vol,4
1220,$4008_linear,0
1220,$400C_const,1
1220,$400C_vol,7
1221,$4000_duty,2
1221,$4000_const,1
1221,$4000_vol,0
1221,$4004_duty,3
1221,$4004_const,1
1221,$4004_vol,2
1221,$4006_period,2427
1221,$400C_const,1
1221,$400C_vol,0
1224,$4004_duty,3
1224,$4004_const,1
1224,$4004_vol,0
1226,$4000_duty,2
1226,$4000_const,1
1226,$4000_vol,5
1226,$4002_period,121
1226,$400B_length,32
1226,$4004_duty,2
1226,$4004_const,1
1226,$4004_vol,13
1226,$4006_period,2427
1226,$4008_linear,127
1226,$400A_period,75
1226,$400B_length,32
1226,$400E_period,2
1226,$400E_mode,0
1226,$400C_const,1
1226,$400C_vol,8
1227,$4004_duty,3
1227,$4004_const,1
1227,$4004_vol,12
1227,$4008_linear,0
1227,$400C_const,1
1227,$400C_vol,5
1228,$4000_duty,2
1228,$4000_const,1
1228,$4000_vol,0
1228,$4004_duty,3
1228,$4004_const,1
1228,$4004_vol,11
1228,$400C_const,1
1228,$400C_vol,0
1229,$4004_duty,3
1229,$4004_const,1
1229,$4004_vol,10
1230,$4004_duty,3
1230,$4004_const,1
1230,$4004_vol,9
1231,$4004_duty,3
1231,$4004_const,1
1231,$4004_vol,8
1232,$4004_duty,3
1232,$4004_const,1
1232,$4004_vol,7
1233,$4012_addr,250
1233,$4013_len,11
1233,$4010_rate,14
1233,$4000_duty,2
1233,$4000_const,1
1233,$4000_vol,5
1233,$4002_period,151
1233,$400B_length,48
1233,$4004_duty,3
1233,$4004_const,1
1233,$4004_vol,6
1233,$4008_linear,127
1233,$400A_period,101
1233,$400B_length,48
1233,$400E_period,1
1233,$400E_mode,0
1233,$400C_const,1
1233,$400C_vol,8
1234,$4004_duty,3
1234,$4004_const,1
1234,$4004_vol,2
1234,$4008_linear,0
1234,$400C_const,1
1234,$400C_vol,5
1235,$4000_duty,2
1235,$4000_const,1
1235,$4000_vol,0
1235,$400C_const,1
1235,$400C_vol,0
1238,$4004_duty,3
1238,$4004_const,1
1238,$4004_vol,0
1240,$4010_rate,14
1240,$4000_duty,2
1240,$4000_const,1
1240,$4000_vol,5
1240,$4002_period,201
1240,$400B_length,32
1240,$4004_duty,2
1240,$4004_const,1
1240,$4004_vol,12
1240,$4006_period,961
1240,$4008_linear,127
1240,$400A_period,121
1240,$400B_length,32
1240,$400E_period,3
1240,$400E_mode,0
1240,$400C_const,1
1240,$400C_vol,8
1241,$4004_duty,3
1241,$4004_const,1
1241,$4004_vol,11
1241,$4008_linear,0
1241,$400C_const,1
1241,$400C_vol,5
1242,$4000_duty,2
1242,$4000_const,1
1242,$4000_vol,0
1242,$4004_duty,3
1242,$4004_const,1
1242,$4004_vol,10
1242,$400C_const,1
1242,$400C_vol,0
1243,$4004_duty,3
1243,$4004_const,1
1243,$4004_vol,1
1247,$4012_addr,240
1247,$4013_len,11
1247,$4010_rate,15
1247,$4000_duty,2
1247,$4000_const,1
1247,$4000_vol,4
1247,$4002_period,453
1247,$400B_length,48
1247,$4004_duty,2
1247,$4004_const,1
1247,$4004_vol,15
1247,$4006_period,2157
1247,$4008_linear,127
1247,$400A_period,269
1247,$400B_length,48
1247,$400C_const,1
1247,$400C_vol,10
1248,$4000_duty,2
1248,$4000_const,1
1248,$4000_vol,8
1248,$4004_duty,3
1248,$4004_const,1
1248,$4004_vol,14
1248,$400C_const,1
1248,$400C_vol,7
1249,$4000_duty,2
1249,$4000_const,1
1249,$4000_vol,10
1249,$4004_duty,3
1249,$4004_const,1
1249,$4004_vol,13
1249,$400C_const,1
1249,$400C_vol,0
1250,$4000_duty,2
1250,$4000_const,1
1250,$4000_vol,7
1250,$4004_duty,3
1250,$4004_const,1
1250,$4004_vol,12
1251,$4000_duty,2
1251,$4000_const,1
1251,$4000_vol,5
1251,$4004_duty,3
1251,$4004_const,1
1251,$4004_vol,11
1252,$4000_duty,2
1252,$4000_const,1
1252,$4000_vol,0
1252,$4004_duty,3
1252,$4004_const,1
1252,$4004_vol,10
1252,$4008_linear,0
1253,$4004_duty,3
1253,$4004_const,1
1253,$4004_vol,9
1254,$4004_duty,3
1254,$4004_const,1
1254,$4004_vol,8
1254,$400E_period,2
1254,$400E_mode,0
1254,$400C_const,1
1254,$400C_vol,8
1255,$4004_duty,3
1255,$4004_const,1
1255,$4004_vol,4
1255,$400C_const,1
1255,$400C_vol,5
1256,$400C_const,1
1256,$400C_vol,0
1259,$4004_duty,3
1259,$4004_const,1
1259,$4004_vol,0
1261,$4012_addr,250
1261,$4013_len,11
1261,$4010_rate,15
1261,$4000_duty,2
1261,$4000_const,1
1261,$4000_vol,4
1261,$4002_period,453
1261,$400B_length,32
1261,$4004_duty,2
1261,$4004_const,1
1261,$4004_vol,11
1261,$4006_period,1079
1261,$4008_linear,127
1261,$400A_period,269
1261,$400B_length,32
1261,$400E_period,1
1261,$400E_mode,0
1261,$400C_const,1
1261,$400C_vol,8
1262,$4000_duty,2
1262,$4000_const,1
1262,$4000_vol,8
1262,$4004_duty,3
1262,$4004_const,1
1262,$4004_vol,10
1262,$400C_const,1
1262,$400C_vol,5
1263,$4000_duty,2
1263,$4000_const,1
1263,$4000_vol,10
1263,$4004_duty,3
1263,$4004_const,1
1263,$4004_vol,9
1263,$400C_const,1
1263,$400C_vol,0
1264,$4000_duty,2
1264,$4000_const,1
1264,$4000_vol,7
1264,$4004_duty,3
1264,$4004_const,1
1264,$4004_vol,0
1265,$4000_duty,2
1265,$4000_const,1
1265,$4000_vol,5
1268,$4012_addr,240
1268,$4013_len,11
1268,$4010_rate,15
1268,$4004_duty,2
1268,$4004_const,1
1268,$4004_vol,13
1268,$4006_period,3237
1268,$400E_period,3
1268,$400E_mode,0
1268,$400C_const,1
1268,$400C_vol,8
1269,$4004_duty,3
1269,$4004_const,1
1269,$4004_vol,12
1269,$400C_const,1
1269,$400C_vol,5
1270,$4000_duty,2
1270,$4000_const,1
1270,$4000_vol,6
1270,$4004_duty,3
1270,$4004_const,1
1270,$4004_vol,11
1270,$400C_const,1
1270,$400C_vol,0
1271,$4004_duty,3
1271,$4004_const,1
1271,$4004_vol,10
1272,$4004_duty,3
1272,$4004_const,1
1272,$4004_vol,9
1273,$4004_duty,1
1273,$4004_const,1
1273,$4004_vol,11
1273,$4006_period,907
1275,$4010_rate,15
1275,$4000_duty,2
1275,$4000_const,1
1275,$4000_vol,7
1275,$4004_duty,1
1275,$4004_const,1
1275,$4004_vol,10
1275,$4006_period,961
1275,$400C_const,1
1275,$400C_vol,10
1276,$4004_duty,1
1276,$4004_const,1
1276,$4004_vol,7
1276,$4006_period,641
1276,$400C_const,1
1276,$400C_vol,7
1277,$4004_duty,1
1277,$4004_const,1
1277,$4004_vol,6
1277,$4006_period,605
1277,$400C_const,1
1277,$400C_vol,0
1278,$4004_duty,1
1278,$4004_const,1
1278,$4004_vol,5
1278,$4006_period,571
1279,$4004_duty,1
1279,$4004_const,1
1279,$4004_vol,4
1279,$4006_period,509
1280,$4000_duty,2
1280,$4000_const,1
1280,$4000_vol,0
1280,$4004_duty,3
1280,$4004_const,1
1280,$4004_vol,0
1280,$4006_period,3237
1280,$4008_linear,0
1282,$4000_duty,2
1282,$4000_const,1
1282,$4000_vol,4
1282,$4002_period,453
1282,$400B_length,48
1282,$4004_duty,0
1282,$4004_const,1
1282,$4004_vol,5
1282,$4006_period,349
1282,$4008_linear,127
1282,$400A_period,269
1282,$400B_length,48
1282,$400E_period,2
1282,$400E_mode,0
1282,$400C_const,1
1282,$400C_vol,8
1283,$4000_duty,2
1283,$4000_const,1
1283,$4000_vol,8
1283,$400C_const,1
1283,$400C_vol,5
1284,$4000_duty,2
1284,$4000_const,1
1284,$4000_vol,10
1284,$4004_duty,0
1284,$4004_const,1
1284,$4004_vol,3
1284,$400C_const,1
1284,$400C_vol,0
1285,$4000_duty,2
1285,$4000_const,1
1285,$4000_vol,7
1286,$4000_duty,2
1286,$4000_const,1
1286,$4000_vol,5
1286,$4004_duty,3
1286,$4004_const,1
1286,$4004_vol,9
1286,$4006_period,3237
1287,$4000_duty,2
1287,$4000_const,1
1287,$4000_vol,0
1287,$4004_duty,3
1287,$4004_const,1
1287,$4004_vol,8
1287,$4008_linear,0
1288,$4004_duty,3
1288,$4004_const,1
1288,$4004_vol,7
1289,$4012_addr,250
1289,$4013_len,11
1289,$4010_rate,14
1289,$4000_duty,2
1289,$4000_const,1
1289,$4000_vol,4
1289,$4002_period,403
1289,$400B_length,32
1289,$4004_duty,3
1289,$4004_const,1
1289,$4004_vol,6
1289,$4008_linear,127
1289,$400A_period,255
1289,$400B_length,32
1289,$400E_period,1
1289,$400E_mode,0
1289,$400C_const,1
1289,$400C_vol,8
1290,$4000_duty,2
1290,$4000_const,1
1290,$4000_vol,8
1290,$4004_duty,3
1290,$4004_const,1
1290,$4004_vol,2
1290,$400C_const,1
1290,$400C_vol,5
1291,$4000_duty,2
1291,$4000_const,1
1291,$4000_vol,10
1291,$400C_const,1
1291,$400C_vol,0
1292,$4000_duty,2
1292,$4000_const,1
1292,$4000_vol,7
1292,$400E_period,0
1292,$400E_mode,0
1292,$400C_const,1
1292,$400C_vol,14
1293,$4000_duty,2
1293,$4000_const,1
1293,$4000_vol,5
1293,$400E_period,1
1293,$400E_mode,0
1293,$400C_const,1
1293,$400C_vol,15
1294,$4000_duty,2
1294,$4000_const,1
1294,$4000_vol,0
1294,$4004_duty,3
1294,$4004_const,1
1294,$4004_vol,0
1294,$4008_linear,0
1295,$400E_period,7
1295,$400E_mode,0
1296,$4010_rate,14
1296,$4000_duty,2
1296,$4000_const,1
1296,$4000_vol,4
1296,$4002_period,381
1296,$400B_length,48
1296,$4004_duty,2
1296,$4004_const,1
1296,$4004_vol,12
1296,$4006_period,1619
1296,$4008_linear,127
1296,$400A_period,241
1296,$400B_length,48
1296,$400E_period,6
1296,$400E_mode,0
1297,$4000_duty,2
1297,$4000_const,1
1297,$4000_vol,8
1297,$4004_duty,3
1297,$4004_const,1
1297,$4004_vol,11
1297,$400E_period,3
1297,$400E_mode,0
1298,$4000_duty,2
1298,$4000_const,1
1298,$4000_vol,10
1298,$4004_duty,3
1298,$4004_const,1
1298,$4004_vol,10
1299,$4000_duty,2
1299,$4000_const,1
1299,$4000_vol,7
1299,$4004_duty,3
1299,$4004_const,1
1299,$4004_vol,1
1299,$400E_period,2
1299,$400E_mode,0
1299,$400C_const,1
1299,$400C_vol,13
1300,$4000_duty,2
1300,$4000_const,1
1300,$4000_vol,5
1300,$400E_period,3
1300,$400E_mode,0
1300,$400C_const,1
1300,$400C_vol,14
1301,$4000_duty,2
1301,$4000_const,1
1301,$4000_vol,0
1301,$4008_linear,0
1302,$400E_period,2
1302,$400E_mode,0
1302,$400C_const,1
1302,$400C_vol,12
1303,$4012_addr,240
1303,$4013_len,11
1303,$4010_rate,15
1303,$4000_duty,2
1303,$4000_const,1
1303,$4000_vol,4
1303,$4002_period,359
1303,$400B_length,32
1303,$4004_duty,2
1303,$4004_const,1
1303,$4004_vol,15
1303,$4006_period,2157
1303,$4008_linear,127
1303,$400A_period,227
1303,$400B_length,32
1303,$400E_period,3
1303,$400E_mode,0
1303,$400C_const,1
1303,$400C_vol,13
1304,$4000_duty,2
1304,$4000_const,1
1304,$4000_vol,8
1304,$4004_duty,3
1304,$4004_const,1
1304,$4004_vol,14
1305,$4000_duty,2
1305,$4000_const,1
1305,$4000_vol,10
1305,$4004_duty,3
1305,$4004_const,1
1305,$4004_vol,13
1305,$400E_period,2
1305,$400E_mode,0
1305,$400C_const,1
1305,$400C_vol,11
1306,$4000_duty,2
1306,$4000_const,1
1306,$4000_vol,7
1306,$4004_duty,3
1306,$4004_const,1
1306,$4004_vol,12
1306,$400E_period,1
1306,$400E_mode,0
1306,$400C_const,1
1306,$400C_vol,15
1307,$4000_duty,2
1307,$4000_const,1
1307,$4000_vol,5
1307,$4004_duty,3
1307,$4004_const,1
1307,$4004_vol,11
1308,$4000_duty,2
1308,$4000_const,1
1308,$4000_vol,0
1308,$4004_duty,3
1308,$4004_const,1
1308,$4004_vol,10
1308,$4008_linear,0
1309,$4004_duty,3
1309,$4004_const,1
1309,$4004_vol,9
1309,$400C_const,1
1309,$400C_vol,0
1310,$4000_duty,2
1310,$4000_const,1
1310,$4000_vol,4
1310,$4002_period,453
1310,$400B_length,48
1310,$4004_duty,3
1310,$4004_const,1
1310,$4004_vol,8
1310,$4008_linear,127
1310,$400A_period,269
1310,$400B_length,48
1310,$400C_const,1
1310,$400C_vol,14
1311,$4000_duty,2
1311,$4000_const,1
1311,$4000_vol,8
1311,$4004_duty,3
1311,$4004_const,1
1311,$4004_vol,4
1312,$4000_duty,2
1312,$4000_const,1
1312,$4000_vol,10
1313,$4000_duty,2
1313,$4000_const,1
1313,$4000_vol,7
1313,$400C_const,1
1313,$400C_vol,0
1314,$4000_duty,2
1314,$4000_const,1
1314,$4000_vol,5
1314,$400C_const,1
1314,$400C_vol,13
1315,$4000_duty,2
1315,$4000_const,1
1315,$4000_vol,0
1315,$4004_duty,3
1315,$4004_const,1
1315,$4004_vol,0
1315,$4008_linear,0
1317,$4012_addr,250
1317,$4013_len,11
1317,$4010_rate,15
1317,$4004_duty,2
1317,$4004_const,1
1317,$4004_vol,11
1317,$4006_period,1079
1317,$400C_const,1
1317,$400C_vol,0
1318,$4004_duty,3
1318,$4004_const,1
1318,$4004_vol,10
1318,$400C_const,1
1318,$400C_vol,7
1319,$4004_duty,3
1319,$4004_const,1
1319,$4004_vol,9
1320,$4004_duty,3
1320,$4004_const,1
1320,$4004_vol,0
1320,$400E_period,5
1320,$400E_mode,0
1322,$400E_period,0
1322,$400E_mode,0
1324,$4012_addr,240
1324,$4013_len,11
1324,$4010_rate,15
1324,$4000_duty,2
1324,$4000_const,1
1324,$4000_vol,4
1324,$4002_period,359
1324,$400B_length,32
1324,$4004_duty,2
1324,$4004_const,1
1324,$4004_vol,13
1324,$4006_period,3237
1324,$4008_linear,127
1324,$400A_period,227
1324,$400B_length,32
1324,$400C_const,1
1324,$400C_vol,0
1325,$4000_duty,2
1325,$4000_const,1
1325,$4000_vol,8
1325,$4004_duty,3
1325,$4004_const,1
1325,$4004_vol,12
1325,$400C_const,1
1325,$400C_vol,6
1326,$4000_duty,2
1326,$4000_const,1
1326,$4000_vol,10
1326,$4004_duty,3
1326,$4004_const,1
1326,$4004_vol,11
1327,$4000_duty,2
1327,$4000_const,1
1327,$4000_vol,7
1327,$4004_duty,3
1327,$4004_const,1
1327,$4004_vol,10
1327,$400C_const,1
1327,$400C_vol,0
1328,$4000_duty,2
1328,$4000_const,1
1328,$4000_vol,5
1328,$4004_duty,3
1328,$4004_const,1
1328,$4004_vol,9
1328,$400C_const,1
1328,$400C_vol,5
1329,$4000_duty,2
1329,$4000_const,1
1329,$4000_vol,0
1329,$4004_duty,0
1329,$4004_const,1
1329,$4004_vol,5
1329,$4006_period,349
1329,$4008_linear,0
1330,$400C_const,1
1330,$400C_vol,0
1331,$4012_addr,243
1331,$4013_len,28
1331,$4010_rate,15
1331,$4000_duty,2
1331,$4000_const,1
1331,$4000_vol,4
1331,$4002_period,269
1331,$400B_length,48
1331,$4004_duty,0
1331,$4004_const,1
1331,$4004_vol,3
1331,$4008_linear,127
1331,$400A_period,179
1331,$400B_length,48
1331,$400C_const,1
1331,$400C_vol,4
1332,$4000_duty,2
1332,$4000_const,1
1332,$4000_vol,8
1333,$4000_duty,2
1333,$4000_const,1
1333,$4000_vol,10
1333,$4004_duty,3
1333,$4004_const,1
1333,$4004_vol,2
1333,$4006_period,3237
1333,$400C_const,1
1333,$400C_vol,0
1334,$4000_duty,2
1334,$4000_const,1
1334,$4000_vol,7
1334,$400C_const,1
1334,$400C_vol,3
1335,$4000_duty,2
1335,$4000_const,1
1335,$4000_vol,5
1336,$4000_duty,2
1336,$4000_const,1
1336,$4000_vol,0
1336,$4004_duty,3
1336,$4004_const,1
1336,$4004_vol,0
1336,$4008_linear,0
1336,$400C_const,1
1336,$400C_vol,0
1337,$400C_const,1
1337,$400C_vol,2
1338,$4000_duty,2
1338,$4000_const,1
1338,$4000_vol,4
1338,$4002_period,359
1338,$400B_length,32
1338,$4004_duty,2
1338,$4004_const,1
1338,$4004_vol,13
1338,$4006_period,3237
1338,$4008_linear,127
1338,$400A_period,227
1338,$400B_length,32
1339,$4000_duty,2
1339,$4000_const,1
1339,$4000_vol,8
1339,$4004_duty,3
1339,$4004_const,1
1339,$4004_vol,12
1339,$400C_const,1
1339,$400C_vol,0
1340,$4000_duty,2
1340,$4000_const,1
1340,$4000_vol,10
1340,$4004_duty,3
1340,$4004_const,1
1340,$4004_vol,11
1340,$400E_period,2
1340,$400E_mode,0
1340,$400C_const,1
1340,$400C_vol,0
1341,$4000_duty,2
1341,$4000_const,1
1341,$4000_vol,7
1341,$4004_duty,3
1341,$4004_const,1
1341,$4004_vol,10
1342,$4000_duty,2
1342,$4000_const,1
1342,$4000_vol,5
1342,$4004_duty,3
1342,$4004_const,1
1342,$4004_vol,9
1343,$4000_duty,2
1343,$4000_const,1
1343,$4000_vol,0
1343,$4004_duty,3
1343,$4004_const,1
1343,$4004_vol,8
1343,$4008_linear,0
1344,$4004_duty,3
1344,$4004_const,1
1344,$4004_vol,7
1345,$4012_addr,250
1345,$4013_len,11
1345,$4010_rate,14
1345,$4000_duty,2
1345,$4000_const,1
1345,$4000_vol,4
1345,$4002_period,453
1345,$400B_length,48
1345,$4004_duty,3
1345,$4004_const,1
1345,$4004_vol,6
1345,$4008_linear,127
1345,$400A_period,269
1345,$400B_length,48
1345,$400E_period,1
1345,$400E_mode,0
1345,$400C_const,1
1345,$400C_vol,8
1346,$4000_duty,2
1346,$4000_const,1
1346,$4000_vol,8
1346,$4004_duty,3
1346,$4004_const,1
1346,$4004_vol,2
1346,$400C_const,1
1346,$400C_vol,5
1347,$4000_duty,2
1347,$4000_const,1
1347,$4000_vol,10
1347,$400C_const,1
1347,$400C_vol,0
1348,$4000_duty,2
1348,$4000_const,1
1348,$4000_vol,7
1348,$400E_period,0
1348,$400E_mode,0
1348,$400C_const,1
1348,$400C_vol,14
1349,$4000_duty,2
1349,$4000_const,1
1349,$4000_vol,5
1349,$400E_period,1
1349,$400E_mode,0
1349,$400C_const,1
1349,$400C_vol,15
1350,$4000_duty,2
1350,$4000_const,1
1350,$4000_vol,0
1350,$4004_duty,3
1350,$4004_const,1
1350,$4004_vol,0
1350,$4008_linear,0
1351,$400E_period,7
1351,$400E_mode,0
1352,$4010_rate,14
1352,$4000_duty,2
1352,$4000_const,1
1352,$4000_vol,4
1352,$4002_period,539
1352,$400B_length,33
1352,$4004_duty,2
1352,$4004_const,1
1352,$4004_vol,12
1352,$4006_period,1619
1352,$4008_linear,127
1352,$400A_period,321
1352,$400B_length,32
1352,$400E_period,6
1352,$400E_mode,0
1353,$4000_duty,2
1353,$4000_const,1
1353,$4000_vol,8
1353,$4004_duty,3
1353,$4004_const,1
1353,$4004_vol,11
1353,$400E_period,3
1353,$400E_mode,0
1354,$4000_duty,2
1354,$4000_const,1
1354,$4000_vol,10
1354,$4004_duty,3
1354,$4004_const,1
1354,$4004_vol,10
1355,$4000_duty,2
1355,$4000_const,1
1355,$4000_vol,7
1355,$4004_duty,3
1355,$4004_const,1
1355,$4004_vol,1
1355,$400E_period,2
1355,$400E_mode,0
1355,$400C_const,1
1355,$400C_vol,13
1356,$4000_duty,2
1356,$4000_const,1
1356,$4000_vol,5
1356,$400E_period,3
1356,$400E_mode,0
1356,$400C_const,1
1356,$400C_vol,14
1357,$4000_duty,2
1357,$4000_const,1
1357,$4000_vol,0
1357,$4008_linear,0
1358,$400E_period,2
1358,$400E_mode,0
1358,$400C_const,1
1358,$400C_vol,12
1359,$4012_addr,243
1359,$4013_len,28
1359,$4010_rate,15
1359,$4000_duty,2
1359,$4000_const,1
1359,$4000_vol,9
1359,$4002_period,807
1359,$400B_length,49
1359,$4004_duty,2
1359,$4004_const,1
1359,$4004_vol,12
1359,$4006_period,1211
1359,$4008_linear,127
1359,$400A_period,241
1359,$400B_length,48
1359,$400E_period,3
1359,$400E_mode,0
1359,$400C_const,1
1359,$400C_vol,13
1360,$4000_duty,2
1360,$4000_const,1
1360,$4000_vol,7
1360,$4004_duty,2
1360,$4004_const,1
1360,$4004_vol,10
1361,$400E_period,2
1361,$400E_mode,0
1361,$400C_const,1
1361,$400C_vol,11
1362,$400E_period,1
1362,$400E_mode,0
1362,$400C_const,1
1362,$400C_vol,15
1364,$4000_duty,2
1364,$4000_const,1
1364,$4000_vol,0
1364,$4004_duty,2
1364,$4004_const,1
1364,$4004_vol,0
1364,$4008_linear,0
1365,$400C_const,1
1365,$400C_vol,0
1366,$4012_addr,240
1366,$4013_len,11
1366,$4010_rate,15
1366,$4004_duty,2
1366,$4004_const,1
1366,$4004_vol,15
1366,$4006_period,2427
1366,$400C_const,1
1366,$400C_vol,14
1367,$4004_duty,3
1367,$4004_const,1
1367,$4004_vol,14
1368,$4004_duty,3
1368,$4004_const,1
1368,$4004_vol,13
1369,$4004_duty,3
1369,$4004_const,1
1369,$4004_vol,4
1369,$400C_const,1
1369,$400C_vol,0
1370,$400C_const,1
1370,$400C_vol,13
1373,$4010_rate,15
1373,$4004_duty,2
1373,$4004_const,1
1373,$4004_vol,15
1373,$4006_period,2427
1373,$400C_const,1
1373,$400C_vol,0
1374,$4004_duty,3
1374,$4004_const,1
1374,$4004_vol,14
1374,$400C_const,1
1374,$400C_vol,7
1375,$4004_duty,3
1375,$4004_const,1
1375,$4004_vol,13
1376,$4004_duty,3
1376,$4004_const,1
1376,$4004_vol,4
1376,$400E_period,5
1376,$400E_mode,0
1378,$400E_period,0
1378,$400E_mode,0
1380,$4012_addr,243
1380,$4013_len,28
1380,$4010_rate,15
1380,$4000_duty,2
1380,$4000_const,1
1380,$4000_vol,9
1380,$4002_period,763
1380,$400B_length,33
1380,$4004_duty,2
1380,$4004_const,1
1380,$4004_vol,12
1380,$4006_period,1079
1380,$4008_linear,127
1380,$400A_period,227
1380,$400B_length,32
1380,$400C_const,1
1380,$400C_vol,0
1381,$4000_duty,2
1381,$4000_const,1
1381,$4000_vol,7
1381,$4004_duty,2
1381,$4004_const,1
1381,$4004_vol,10
1381,$400C_const,1
1381,$400C_vol,6
1383,$400C_const,1
1383,$400C_vol,0
1384,$400C_const,1
1384,$400C_vol,5
1385,$4000_duty,2
1385,$4000_const,1
1385,$4000_vol,0
1385,$4004_duty,0
1385,$4004_const,1
1385,$4004_vol,5
1385,$4006_period,349
1385,$4008_linear,0
1386,$400C_const,1
1386,$400C_vol,0
1387,$4012_addr,240
1387,$4013_len,11
1387,$4010_rate,15
1387,$4004_duty,0
1387,$4004_const,1
1387,$4004_vol,3
1387,$400C_const,1
1387,$400C_vol,4
1389,$4004_duty,3
1389,$4004_const,1
1389,$4004_vol,13
1389,$4006_period,2157
1389,$400C_const,1
1389,$400C_vol,0
1390,$4004_duty,3
1390,$4004_const,1
1390,$4004_vol,4
1390,$400C_const,1
1390,$400C_vol,3
1392,$400C_const,1
1392,$400C_vol,0
1393,$400C_const,1
1393,$400C_vol,2
1394,$4010_rate,15
1394,$4004_duty,2
1394,$4004_const,1
1394,$4004_vol,15
1394,$4006_period,2157
1395,$4004_duty,3
1395,$4004_const,1
1395,$4004_vol,14
1395,$400C_const,1
1395,$400C_vol,0
1396,$4004_duty,3
1396,$4004_const,1
1396,$4004_vol,13
1396,$400E_period,2
1396,$400E_mode,0
1396,$400C_const,1
1396,$400C_vol,0
1397,$4004_duty,3
1397,$4004_const,1
1397,$4004_vol,4
1401,$4012_addr,243
1401,$4013_len,28
1401,$4010_rate,15
1401,$4000_duty,2
1401,$4000_const,1
1401,$4000_vol,9
1401,$4002_period,719
1401,$400B_length,49
1401,$4004_duty,2
1401,$4004_const,1
1401,$4004_vol,12
1401,$4006_period,1019
1401,$4008_linear,127
1401,$400A_period,213
1401,$400B_length,48
1401,$400E_period,1
1401,$400E_mode,0
1401,$400C_const,1
1401,$400C_vol,8
1402,$4000_duty,2
1402,$4000_const,1
1402,$4000_vol,7
1402,$4004_duty,2
1402,$4004_const,1
1402,$4004_vol,10
1402,$400C_const,1
1402,$400C_vol,5
1403,$400C_const,1
1403,$400C_vol,0
1405,$400E_period,0
1405,$400E_mode,0
1405,$400C_const,1
1405,$400C_vol,14
1406,$4000_duty,2
1406,$4000_const,1
1406,$4000_vol,0
1406,$4004_duty,2
1406,$4004_const,1
1406,$4004_vol,0
1406,$4008_linear,0
1406,$400E_period,1
1406,$400E_mode,0
1406,$400C_const,1
1406,$400C_vol,15
1408,$4012_addr,240
1408,$4013_len,11
1408,$4010_rate,15
1408,$4004_duty,2
1408,$4004_const,1
1408,$4004_vol,15
1408,$4006_period,2041
1408,$400E_period,7
1408,$400E_mode,0
1409,$4004_duty,3
1409,$4004_const,1
1409,$4004_vol,14
1409,$400E_period,6
1409,$400E_mode,0
1410,$4004_duty,3
1410,$4004_const,1
1410,$4004_vol,13
1410,$400E_period,3
1410,$400E_mode,0
1411,$4004_duty,3
1411,$4004_const,1
1411,$4004_vol,4
1412,$400E_period,2
1412,$400E_mode,0
1412,$400C_const,1
1412,$400C_vol,13
1413,$400E_period,3
1413,$400E_mode,0
1413,$400C_const,1
1413,$400C_vol,14
1415,$4010_rate,15
1415,$4004_duty,2
1415,$4004_const,1
1415,$4004_vol,15
1415,$4006_period,2041
1415,$400E_period,2
1415,$400E_mode,0
1415,$400C_const,1
1415,$400C_vol,12
1416,$4004_duty,3
1416,$4004_const,1
1416,$4004_vol,14
1416,$400E_period,3
1416,$400E_mode,0
1416,$400C_const,1
1416,$400C_vol,13
1417,$4004_duty,3
1417,$4004_const,1
1417,$4004_vol,13
1418,$4004_duty,3
1418,$4004_const,1
1418,$4004_vol,4
1418,$400E_period,2
1418,$400E_mode,0
1418,$400C_const,1
1418,$400C_vol,11
1419,$400E_period,1
1419,$400E_mode,0
1419,$400C_const,1
1419,$400C_vol,15
1422,$4012_addr,243
1422,$4013_len,28
1422,$4010_rate,15
1422,$4000_duty,2
1422,$4000_const,1
1422,$4000_vol,9
1422,$4002_period,679
1422,$400B_length,33
1422,$4004_duty,2
1422,$4004_const,1
1422,$4004_vol,12
1422,$4006_period,961
1422,$4008_linear,127
1422,$400A_period,201
1422,$400B_length,32
1422,$400C_const,1
1422,$400C_vol,0
1423,$4000_duty,2
1423,$4000_const,1
1423,$4000_vol,7
1423,$4004_duty,2
1423,$4004_const,1
1423,$4004_vol,10
1423,$400C_const,1
1423,$400C_vol,14
1425,$4004_duty,2
1425,$4004_const,1
1425,$4004_vol,0
1426,$400C_const,1
1426,$400C_vol,0
1427,$4000_duty,2
1427,$4000_const,1
1427,$4000_vol,0
1427,$4008_linear,0
1427,$400C_const,1
1427,$400C_vol,13
1429,$4012_addr,240
1429,$4013_len,11
1429,$4010_rate,15
1429,$4004_duty,2
1429,$4004_const,1
1429,$4004_vol,15
1429,$4006_period,1921
1430,$4004_duty,1
1430,$4004_const,1
1430,$4004_vol,11
1430,$4006_period,907
1430,$400C_const,1
1430,$400C_vol,0
1431,$400C_const,1
1431,$400C_vol,7
1432,$4004_duty,1
1432,$4004_const,1
1432,$4004_vol,10
1432,$4006_period,961
1433,$4004_duty,1
1433,$4004_const,1
1433,$4004_vol,7
1433,$4006_period,641
1433,$400E_period,5
1433,$400E_mode,0
1434,$4004_duty,1
1434,$4004_const,1
1434,$4004_vol,6
1434,$4006_period,605
1435,$4004_duty,1
1435,$4004_const,1
1435,$4004_vol,5
1435,$4006_period,571
1435,$400E_period,0
1435,$400E_mode,0
1436,$4010_rate,15
1436,$4000_duty,2
1436,$4000_const,1
1436,$4000_vol,9
1436,$4002_period,807
1436,$400B_length,49
1436,$4004_duty,1
1436,$4004_const,1
1436,$4004_vol,4
1436,$4006_period,509
1436,$4008_linear,127
1436,$400A_period,303
1436,$400B_length,48
1437,$4000_duty,2
1437,$4000_const,1
1437,$4000_vol,7
1437,$4004_duty,3
1437,$4004_const,1
1437,$4004_vol,14
1437,$4006_period,2427
1437,$400C_const,1
1437,$400C_vol,0
1438,$4004_duty,3
1438,$4004_const,1
1438,$4004_vol,4
1438,$400C_const,1
1438,$400C_vol,6
1439,$4000_duty,2
1439,$4000_const,1
1439,$4000_vol,0
1440,$400C_const,1
1440,$400C_vol,0
1441,$4008_linear,0
1441,$400C_const,1
1441,$400C_vol,5
1442,$4004_duty,3
1442,$4004_const,1
1442,$4004_vol,0
1443,$4012_addr,240
1443,$4013_len,11
1443,$400C_const,1
1443,$400C_vol,0
1444,$400C_const,1
1444,$400C_vol,4
1446,$400C_const,1
1446,$400C_vol,0
1447,$400C_const,1
1447,$400C_vol,3
1449,$400C_const,1
1449,$400C_vol,0
1450,$4010_rate,15
1450,$4000_duty,2
1450,$4000_const,1
1450,$4000_vol,5
1450,$4002_period,169
1450,$400B_length,32
1450,$4004_duty,2
1450,$4004_const,1
1450,$4004_vol,6
1450,$4006_period,227
1450,$4008_linear,127
1450,$400A_period,75
1450,$400B_length,32
1450,$400C_const,1
1450,$400C_vol,2
1451,$4000_duty,2
1451,$4000_const,1
1451,$4000_vol,0
1451,$4004_duty,2
1451,$4004_const,1
1451,$4004_vol,0
1451,$4008_linear,0
1452,$400C_const,1
1452,$400C_vol,0
1453,$400E_period,1
1453,$400E_mode,0
1453,$400C_const,1
1453,$400C_vol,0
1457,$4012_addr,243
1457,$4013_len,28
1457,$4010_rate,15
1457,$4000_duty,2
1457,$4000_const,1
1457,$4000_vol,5
1457,$4002_period,169
1457,$400B_length,48
1457,$4004_duty,2
1457,$4004_const,1
1457,$4004_vol,6
1457,$4006_period,241
1457,$4008_linear,127
1457,$400A_period,75
1457,$400B_length,48
1457,$400E_period,4
1457,$400E_mode,0
1457,$400C_const,1
1457,$400C_vol,11
1458,$4000_duty,2
1458,$4000_const,1
1458,$4000_vol,3
1458,$4004_duty,2
1458,$4004_const,1
1458,$4004_vol,4
1458,$400C_const,1
1458,$400C_vol,10
1459,$400C_const,1
1459,$400C_vol,0
1461,$4000_duty,2
1461,$4000_const,1
1461,$4000_vol,0
1461,$4004_duty,2
1461,$4004_const,1
1461,$4004_vol,0
1461,$4008_linear,0
1464,$4010_rate,15
1464,$4004_duty,2
1464,$4004_const,1
1464,$4004_vol,13
1464,$4006_period,2427
1464,$400E_period,1
1464,$400E_mode,0
1464,$400C_const,1
1464,$400C_vol,11
1465,$4004_duty,3
1465,$4004_const,1
1465,$4004_vol,12
1465,$400C_const,1
1465,$400C_vol,8
1466,$4004_duty,3
1466,$4004_const,1
1466,$4004_vol,11
1466,$400C_const,1
1466,$400C_vol,0
1467,$4004_duty,3
1467,$4004_const,1
1467,$4004_vol,10
1468,$4004_duty,3
1468,$4004_const,1
1468,$4004_vol,9
1469,$4004_duty,3
1469,$4004_const,1
1469,$4004_vol,2
1471,$4012_addr,240
1471,$4013_len,11
1471,$4010_rate,15
1471,$4000_duty,2
1471,$4000_const,1
1471,$4000_vol,4
1471,$4002_period,359
1471,$400B_length,32
1471,$4004_duty,2
1471,$4004_const,1
1471,$4004_vol,15
1471,$4006_period,1811
1471,$4008_linear,127
1471,$400A_period,227
1471,$400B_length,32
1471,$400E_period,3
1471,$400E_mode,0
1471,$400C_const,1
1471,$400C_vol,10
1472,$4000_duty,2
1472,$4000_const,1
1472,$4000_vol,8
1472,$4004_duty,3
1472,$4004_const,1
1472,$4004_vol,14
1472,$400C_const,1
1472,$400C_vol,7
1473,$4000_duty,2
1473,$4000_const,1
1473,$4000_vol,10
1473,$4004_duty,3
1473,$4004_const,1
1473,$4004_vol,13
1473,$400C_const,1
1473,$400C_vol,0
1474,$4000_duty,2
1474,$4000_const,1
1474,$4000_vol,7
1474,$4004_duty,3
1474,$4004_const,1
1474,$4004_vol,12
1475,$4000_duty,2
1475,$4000_const,1
1475,$4000_vol,5
1475,$4004_duty,3
1475,$4004_const,1
1475,$4004_vol,11
1476,$4000_duty,2
1476,$4000_const,1
1476,$4000_vol,0
1476,$4004_duty,3
1476,$4004_const,1
1476,$4004_vol,10
1476,$4008_linear,0
1477,$4004_duty,3
1477,$4004_const,1
1477,$4004_vol,9
1478,$4004_duty,3
1478,$4004_const,1
1478,$4004_vol,8
1478,$400E_period,2
1478,$400E_mode,0
1478,$400C_const,1
1478,$400C_vol,8
1479,$4004_duty,3
1479,$4004_const,1
1479,$4004_vol,4
1479,$400C_const,1
1479,$400C_vol,5
1480,$400C_const,1
1480,$400C_vol,0
1483,$4004_duty,3
1483,$4004_const,1
1483,$4004_vol,0
1485,$4012_addr,250
1485,$4013_len,11
1485,$4010_rate,15
1485,$4000_duty,2
1485,$4000_const,1
1485,$4000_vol,4
1485,$4002_period,359
1485,$400B_length,48
1485,$4004_duty,2
1485,$4004_const,1
1485,$4004_vol,11
1485,$4006_period,907
1485,$4008_linear,127
1485,$400A_period,227
1485,$400B_length,48
1485,$400E_period,1
1485,$400E_mode,0
1485,$400C_const,1
1485,$400C_vol,8
1486,$4000_duty,2
1486,$4000_const,1
1486,$4000_vol,8
1486,$4004_duty,3
1486,$4004_const,1
1486,$4004_vol,10
1486,$400C_const,1
1486,$400C_vol,5
1487,$4000_duty,2
1487,$4000_const,1
1487,$4000_vol,10
1487,$4004_duty,3
1487,$4004_const,1
1487,$4004_vol,9
1487,$400C_const,1
1487,$400C_vol,0
1488,$4000_duty,2
1488,$4000_const,1
1488,$4000_vol,7
1488,$4004_duty,3
1488,$4004_const,1
1488,$4004_vol,0
1489,$4000_duty,2
1489,$4000_const,1
1489,$4000_vol,5
1492,$4012_addr,240
1492,$4013_len,11
1492,$4010_rate,15
1492,$4004_duty,2
1492,$4004_const,1
1492,$4004_vol,13
1492,$4006_period,2427
1492,$400E_period,3
1492,$400E_mode,0
1492,$400C_const,1
1492,$400C_vol,8
1493,$4004_duty,3
1493,$4004_const,1
1493,$4004_vol,12
1493,$400C_const,1
1493,$400C_vol,5
1494,$4000_duty,2
1494,$4000_const,1
1494,$4000_vol,6
1494,$4004_duty,3
1494,$4004_const,1
1494,$4004_vol,11
1494,$400C_const,1
1494,$400C_vol,0
1495,$4004_duty,3
1495,$4004_const,1
1495,$4004_vol,10
1496,$4004_duty,3
1496,$4004_const,1
1496,$4004_vol,9
1497,$4004_duty,3
1497,$4004_const,1
1497,$4004_vol,8
1498,$4004_duty,3
1498,$4004_const,1
1498,$4004_vol,7
1499,$4010_rate,15
1499,$4000_duty,2
1499,$4000_const,1
1499,$4000_vol,7
1499,$4004_duty,3
1499,$4004_const,1
1499,$4004_vol,6
1499,$400C_const,1
1499,$400C_vol,10
1500,$4004_duty,3
1500,$4004_const,1
1500,$4004_vol,2
1500,$400C_const,1
1500,$400C_vol,7
1501,$400C_const,1
1501,$400C_vol,0
1504,$4000_duty,2
1504,$4000_const,1
1504,$4000_vol,8
1504,$4004_duty,3
1504,$4004_const,1
1504,$4004_vol,0
1504,$4008_linear,0
1506,$4004_duty,2
1506,$4004_const,1
1506,$4004_vol,13
1506,$4006_period,2427
1506,$400E_period,2
1506,$400E_mode,0
1506,$400C_const,1
1506,$400C_vol,8
1507,$4004_duty,3
1507,$4004_const,1
1507,$4004_vol,12
1507,$400C_const,1
1507,$400C_vol,5
1508,$4004_duty,3
1508,$4004_const,1
1508,$4004_vol,11
1508,$400C_const,1
1508,$400C_vol,0
1509,$4000_duty,2
1509,$4000_const,1
1509,$4000_vol,9
1509,$4004_duty,3
1509,$4004_const,1
1509,$4004_vol,10
1510,$4004_duty,3
1510,$4004_const,1
1510,$4004_vol,9
1511,$4000_duty,2
1511,$4000_const,1
1511,$4000_vol,0
1511,$4004_duty,3
1511,$4004_const,1
1511,$4004_vol,8
1512,$4004_duty,3
1512,$4004_const,1
1512,$4004_vol,7
1513,$4012_addr,250
1513,$4013_len,11
1513,$4010_rate,14
1513,$4000_duty,2
1513,$4000_const,1
1513,$4000_vol,4
1513,$4002_period,339
1513,$400B_length,32
1513,$4004_duty,3
1513,$4004_const,1
1513,$4004_vol,6
1513,$4008_linear,127
1513,$400A_period,201
1513,$400B_length,32
1513,$400E_period,1
1513,$400E_mode,0
1513,$400C_const,1
1513,$400C_vol,8
1514,$4000_duty,2
1514,$4000_const,1
1514,$4000_vol,8
1514,$4004_duty,3
1514,$4004_const,1
1514,$4004_vol,2
1514,$400C_const,1
1514,$400C_vol,5
1515,$4000_duty,2
1515,$4000_const,1
1515,$4000_vol,10
1515,$400C_const,1
1515,$400C_vol,0
1516,$4000_duty,2
1516,$4000_const,1
1516,$4000_vol,7
1517,$4000_duty,2
1517,$4000_const,1
1517,$4000_vol,5
1518,$4000_duty,2
1518,$4000_const,1
1518,$4000_vol,0
1518,$4004_duty,3
1518,$4004_const,1
1518,$4004_vol,0
1518,$4008_linear,0
1520,$4010_rate,14
1520,$4000_duty,2
1520,$4000_const,1
1520,$4000_vol,4
1520,$4002_period,321
1520,$400B_length,48
1520,$4004_duty,2
1520,$4004_const,1
1520,$4004_vol,12
1520,$4006_period,907
1520,$4008_linear,127
1520,$400A_period,191
1520,$400B_length,48
1520,$400E_period,3
1520,$400E_mode,0
1520,$400C_const,1
1520,$400C_vol,8
1521,$4000_duty,2
1521,$4000_const,1
1521,$4000_vol,8
1521,$4004_duty,3
1521,$4004_const,1
1521,$4004_vol,11
1521,$400C_const,1
1521,$400C_vol,5
1522,$4000_duty,2
1522,$4000_const,1
1522,$4000_vol,10
1522,$4004_duty,3
1522,$4004_const,1
1522,$4004_vol,10
1522,$400C_const,1
1522,$400C_vol,0
1523,$4000_duty,2
1523,$4000_const,1
1523,$4000_vol,7
1523,$4004_duty,3
1523,$4004_const,1
1523,$4004_vol,1
1524,$4000_duty,2
1524,$4000_const,1
1524,$4000_vol,5
1525,$4000_duty,2
1525,$4000_const,1
1525,$4000_vol,0
1525,$4008_linear,0
1527,$4012_addr,240
1527,$4013_len,11
1527,$4010_rate,15
1527,$4000_duty,2
1527,$4000_const,1
1527,$4000_vol,4
1527,$4002_period,303
1527,$400B_length,32
1527,$4004_duty,2
1527,$4004_const,1
1527,$4004_vol,15
1527,$4006_period,1811
1527,$4008_linear,127
1527,$400A_period,179
1527,$400B_length,32
1527,$400C_const,1
1527,$400C_vol,10
1528,$4000_duty,2
1528,$4000_const,1
1528,$4000_vol,8
1528,$4004_duty,3
1528,$4004_const,1
1528,$4004_vol,14
1528,$400C_const,1
1528,$400C_vol,7
1529,$4000_duty,2
1529,$4000_const,1
1529,$4000_vol,10
1529,$4004_duty,3
1529,$4004_const,1
1529,$4004_vol,13
1529,$400C_const,1
1529,$400C_vol,0
1530,$4000_duty,2
1530,$4000_const,1
1530,$4000_vol,7
1530,$4004_duty,3
1530,$4004_const,1
1530,$4004_vol,12
1531,$4000_duty,2
1531,$4000_const,1
1531,$4000_vol,5
1531,$4004_duty,3
1531,$4004_const,1
1531,$4004_vol,11
1532,$4000_duty,2
1532,$4000_const,1
1532,$4000_vol,0
1532,$4004_duty,3
1532,$4004_const,1
1532,$4004_vol,10
1532,$4008_linear,0
1533,$4004_duty,3
1533,$4004_const,1
1533,$4004_vol,9
1534,$4000_duty,2
1534,$4000_const,1
1534,$4000_vol,4
1534,$4002_period,359
1534,$400B_length,48
1534,$4004_duty,3
1534,$4004_const,1
1534,$4004_vol,8
1534,$4008_linear,127
1534,$400A_period,227
1534,$400B_length,48
1534,$400E_period,2
1534,$400E_mode,0
1534,$400C_const,1
1534,$400C_vol,8
1535,$4000_duty,2
1535,$4000_const,1
1535,$4000_vol,8
1535,$4004_duty,3
1535,$4004_const,1
1535,$4004_vol,4
1535,$400C_const,1
1535,$400C_vol,5
1536,$4000_duty,2
1536,$4000_const,1
1536,$4000_vol,10
1536,$400C_const,1
1536,$400C_vol,0
1537,$4000_duty,2
1537,$4000_const,1
1537,$4000_vol,7
1538,$4000_duty,2
1538,$4000_const,1
1538,$4000_vol,5
1539,$4000_duty,2
1539,$4000_const,1
1539,$4000_vol,0
1539,$4004_duty,3
1539,$4004_const,1
1539,$4004_vol,0
1539,$4008_linear,0
1541,$4012_addr,250
1541,$4013_len,11
1541,$4010_rate,15
1541,$4004_duty,2
1541,$4004_const,1
1541,$4004_vol,11
1541,$4006_period,907
1541,$400E_period,1
1541,$400E_mode,0
1541,$400C_const,1
1541,$400C_vol,8
1542,$4004_duty,2
1542,$4004_const,1
1542,$4004_vol,4
1542,$4006_period,533
1542,$400C_const,1
1542,$400C_vol,5
1543,$400C_const,1
1543,$400C_vol,0
1546,$4004_duty,2
1546,$4004_const,1
1546,$4004_vol,3
1547,$4004_duty,2
1547,$4004_const,1
1547,$4004_vol,2
1548,$4012_addr,240
1548,$4013_len,11
1548,$4010_rate,15
1548,$4000_duty,2
1548,$4000_const,1
1548,$4000_vol,4
1548,$4002_period,303
1548,$400B_length,32
1548,$4004_duty,2
1548,$4004_const,1
1548,$4004_vol,1
1548,$4008_linear,127
1548,$400A_period,179
1548,$400B_length,32
1548,$400E_period,3
1548,$400E_mode,0
1548,$400C_const,1
1548,$400C_vol,8
1549,$4000_duty,2
1549,$4000_const,1
1549,$4000_vol,8
1549,$4004_duty,2
1549,$4004_const,1
1549,$4004_vol,0
1549,$400C_const,1
1549,$400C_vol,5
1550,$4000_duty,2
1550,$4000_const,1
1550,$4000_vol,10
1550,$4004_duty,2
1550,$4004_const,1
1550,$4004_vol,5
1550,$400C_const,1
1550,$400C_vol,0
1551,$4000_duty,2
1551,$4000_const,1
1551,$4000_vol,7
1552,$4000_duty,2
1552,$4000_const,1
1552,$4000_vol,5
1552,$4006_period,511
1553,$4000_duty,2
1553,$4000_const,1
1553,$4000_vol,0
1553,$4008_linear,0
1554,$4004_duty,2
1554,$4004_const,1
1554,$4004_vol,3
1554,$4006_period,595
1555,$4012_addr,243
1555,$4013_len,28
1555,$4010_rate,15
1555,$4000_duty,2
1555,$4000_const,1
1555,$4000_vol,4
1555,$4002_period,179
1555,$400B_length,48
1555,$4008_linear,127
1555,$400A_period,113
1555,$400B_length,48
1555,$400C_const,1
1555,$400C_vol,10
1556,$4000_duty,2
1556,$4000_const,1
1556,$4000_vol,8
1556,$4006_period,479
1556,$400C_const,1
1556,$400C_vol,7
1557,$4000_duty,2
1557,$4000_const,1
1557,$4000_vol,10
1557,$400C_const,1
1557,$400C_vol,0
1558,$4000_duty,2
1558,$4000_const,1
1558,$4000_vol,7
1558,$4004_duty,2
1558,$4004_const,1
1558,$4004_vol,1
1558,$4006_period,563
1559,$4000_duty,2
1559,$4000_const,1
1559,$4000_vol,5
1559,$4006_period,505
1560,$4000_duty,2
1560,$4000_const,1
1560,$4000_vol,0
1560,$4008_linear,0
1562,$4000_duty,2
1562,$4000_const,1
1562,$4000_vol,4
1562,$4002_period,227
1562,$400B_length,32
1562,$4004_duty,2
1562,$4004_const,1
1562,$4004_vol,13
1562,$4006_period,2427
1562,$4008_linear,127
1562,$400A_period,151
1562,$400B_length,32
1562,$400E_period,2
1562,$400E_mode,0
1562,$400C_const,1
1562,$400C_vol,8
1563,$4000_duty,2
1563,$4000_const,1
1563,$4000_vol,8
1563,$4004_duty,3
1563,$4004_const,1
1563,$4004_vol,12
1563,$400C_const,1
1563,$400C_vol,5
1564,$4000_duty,2
1564,$4000_const,1
1564,$4000_vol,10
1564,$4004_duty,3
1564,$4004_const,1
1564,$4004_vol,11
1564,$400C_const,1
1564,$400C_vol,0
1565,$4000_duty,2
1565,$4000_const,1
1565,$4000_vol,7
1565,$4004_duty,3
1565,$4004_const,1
1565,$4004_vol,10
1566,$4000_duty,2
1566,$4000_const,1
1566,$4000_vol,5
1566,$4004_duty,3
1566,$4004_const,1
1566,$4004_vol,9
1567,$4000_duty,2
1567,$4000_const,1
1567,$4000_vol,0
1567,$4004_duty,3
1567,$4004_const,1
1567,$4004_vol,8
1567,$4008_linear,0
1568,$4004_duty,3
1568,$4004_const,1
1568,$4004_vol,7
1569,$4012_addr,250
1569,$4013_len,11
1569,$4010_rate,14
1569,$4000_duty,2
1569,$4000_const,1
1569,$4000_vol,4
1569,$4002_period,303
1569,$400B_length,48
1569,$4004_duty,3
1569,$4004_const,1
1569,$4004_vol,6
1569,$4008_linear,127
1569,$400A_period,179
1569,$400B_length,48
1569,$400E_period,1
1569,$400E_mode,0
1569,$400C_const,1
1569,$400C_vol,8
1570,$4000_duty,2
1570,$4000_const,1
1570,$4000_vol,8
1570,$4004_duty,3
1570,$4004_const,1
1570,$4004_vol,2
1570,$400C_const,1
1570,$400C_vol,5
1571,$4000_duty,2
1571,$4000_const,1
1571,$4000_vol,10
1571,$400C_const,1
1571,$400C_vol,0
1572,$4000_duty,2
1572,$4000_const,1
1572,$4000_vol,7
1573,$4000_duty,2
1573,$4000_const,1
1573,$4000_vol,5
1574,$4000_duty,2
1574,$4000_const,1
1574,$4000_vol,0
1574,$4004_duty,3
1574,$4004_const,1
1574,$4004_vol,0
1574,$4008_linear,0
1576,$4010_rate,14
1576,$4000_duty,2
1576,$4000_const,1
1576,$4000_vol,4
1576,$4002_period,359
1576,$400B_length,32
1576,$4004_duty,2
1576,$4004_const,1
1576,$4004_vol,12
1576,$4006_period,907
1576,$4008_linear,127
1576,$400A_period,227
1576,$400B_length,32
1576,$400E_period,3
1576,$400E_mode,0
1576,$400C_const,1
1576,$400C_vol,8
1577,$4000_duty,2
1577,$4000_const,1
1577,$4000_vol,8
1577,$4004_duty,3
1577,$4004_const,1
1577,$4004_vol,11
1577,$400C_const,1
1577,$400C_vol,5
1578,$4000_duty,2
1578,$4000_const,1
1578,$4000_vol,10
1578,$4004_duty,3
1578,$4004_const,1
1578,$4004_vol,10
1578,$400C_const,1
1578,$400C_vol,0
1579,$4000_duty,2
1579,$4000_const,1
1579,$4000_vol,7
1579,$4004_duty,3
1579,$4004_const,1
1579,$4004_vol,1
1580,$4000_duty,2
1580,$4000_const,1
1580,$4000_vol,5
1581,$4000_duty,2
1581,$4000_const,1
1581,$4000_vol,0
1581,$4008_linear,0
1583,$4012_addr,240
1583,$4013_len,11
1583,$4010_rate,15
1583,$4000_duty,2
1583,$4000_const,1
1583,$4000_vol,4
1583,$4002_period,403
1583,$400B_length,48
1583,$4004_duty,2
1583,$4004_const,1
1583,$4004_vol,15
1583,$4006_period,1921
1583,$4008_linear,127
1583,$400A_period,241
1583,$400B_length,48
1583,$400C_const,1
1583,$400C_vol,10
1584,$4000_duty,2
1584,$4000_const,1
1584,$4000_vol,8
1584,$4004_duty,3
1584,$4004_const,1
1584,$4004_vol,14
1584,$400C_const,1
1584,$400C_vol,7
1585,$4000_duty,2
1585,$4000_const,1
1585,$4000_vol,10
1585,$4004_duty,3
1585,$4004_const,1
1585,$4004_vol,13
1585,$400C_const,1
1585,$400C_vol,0
1586,$4000_duty,2
1586,$4000_const,1
1586,$4000_vol,7
1586,$4004_duty,3
1586,$4004_const,1
1586,$4004_vol,12
1587,$4000_duty,2
1587,$4000_const,1
1587,$4000_vol,5
1587,$4004_duty,3
1587,$4004_const,1
1587,$4004_vol,11
1588,$4000_duty,2
1588,$4000_const,1
1588,$4000_vol,0
1588,$4004_duty,3
1588,$4004_const,1
1588,$4004_vol,10
1588,$4008_linear,0
1589,$4004_duty,3
1589,$4004_const,1
1589,$4004_vol,9
1590,$4004_duty,3
1590,$4004_const,1
1590,$4004_vol,8
1590,$400E_period,2
1590,$400E_mode,0
1590,$400C_const,1
1590,$400C_vol,8
1591,$4004_duty,3
1591,$4004_const,1
1591,$4004_vol,4
1591,$400C_const,1
1591,$400C_vol,5
1592,$400C_const,1
1592,$400C_vol,0
1595,$4004_duty,3
1595,$4004_const,1
1595,$4004_vol,0
1597,$4012_addr,250
1597,$4013_len,11
1597,$4010_rate,15
1597,$4000_duty,2
1597,$4000_const,1
1597,$4000_vol,4
1597,$4002_period,403
1597,$400B_length,32
1597,$4004_duty,2
1597,$4004_const,1
1597,$4004_vol,11
1597,$4006_period,961
1597,$4008_linear,127
1597,$400A_period,241
1597,$400B_length,32
1597,$400E_period,1
1597,$400E_mode,0
1597,$400C_const,1
1597,$400C_vol,8
1598,$4000_duty,2
1598,$4000_const,1
1598,$4000_vol,8
1598,$4004_duty,3
1598,$4004_const,1
1598,$4004_vol,10
1598,$400C_const,1
1598,$400C_vol,5
1599,$4000_duty,2
1599,$4000_const,1
1599,$4000_vol,10
1599,$4004_duty,3
1599,$4004_const,1
1599,$4004_vol,9
1599,$400C_const,1
1599,$400C_vol,0
1600,$4000_duty,2
1600,$4000_const,1
1600,$4000_vol,7
1600,$4004_duty,3
1600,$4004_const,1
1600,$4004_vol,0
1601,$4000_duty,2
1601,$4000_const,1
1601,$4000_vol,5
1604,$4012_addr,240
1604,$4013_len,11
1604,$4010_rate,15
1604,$4004_duty,2
1604,$4004_const,1
1604,$4004_vol,13
1604,$4006_period,2427
1604,$400E_period,3
1604,$400E_mode,0
1604,$400C_const,1
1604,$400C_vol,8
1605,$4004_duty,3
1605,$4004_const,1
1605,$4004_vol,12
1605,$400C_const,1
1605,$400C_vol,5
1606,$4000_duty,2
1606,$4000_const,1
1606,$4000_vol,6
1606,$4004_duty,3
1606,$4004_const,1
1606,$4004_vol,11
1606,$400C_const,1
1606,$400C_vol,0
1607,$4004_duty,3
1607,$4004_const,1
1607,$4004_vol,10
1608,$4004_duty,3
1608,$4004_const,1
1608,$4004_vol,9
1609,$4004_duty,3
1609,$4004_const,1
1609,$4004_vol,8
1610,$4004_duty,3
1610,$4004_const,1
1610,$4004_vol,7
1611,$4010_rate,15
1611,$4000_duty,2
1611,$4000_const,1
1611,$4000_vol,7
1611,$4004_duty,3
1611,$4004_const,1
1611,$4004_vol,6
1611,$400C_const,1
1611,$400C_vol,10
1612,$4004_duty,3
1612,$4004_const,1
1612,$4004_vol,2
1612,$400C_const,1
1612,$400C_vol,7
1613,$400C_const,1
1613,$400C_vol,0
1616,$4000_duty,2
1616,$4000_const,1
1616,$4000_vol,0
1616,$4004_duty,3
1616,$4004_const,1
1616,$4004_vol,0
1616,$4008_linear,0
1618,$4000_duty,2
1618,$4000_const,1
1618,$4000_vol,4
1618,$4002_period,481
1618,$400B_length,48
1618,$4004_duty,2
1618,$4004_const,1
1618,$4004_vol,13
1618,$4006_period,2427
1618,$4008_linear,127
1618,$400A_period,303
1618,$400B_length,48
1618,$400E_period,2
1618,$400E_mode,0
1618,$400C_const,1
1618,$400C_vol,8
1619,$4000_duty,2
1619,$4000_const,1
1619,$4000_vol,8
1619,$4004_duty,3
1619,$4004_const,1
1619,$4004_vol,12
1619,$400C_const,1
1619,$400C_vol,5
1620,$4000_duty,2
1620,$4000_const,1
1620,$4000_vol,10
1620,$4004_duty,3
1620,$4004_const,1
1620,$4004_vol,11
1620,$400C_const,1
1620,$400C_vol,0
1621,$4000_duty,2
1621,$4000_const,1
1621,$4000_vol,7
1621,$4004_duty,3
1621,$4004_const,1
1621,$4004_vol,10
1622,$4000_duty,2
1622,$4000_const,1
1622,$4000_vol,5
1622,$4004_duty,3
1622,$4004_const,1
1622,$4004_vol,9
1623,$4000_duty,2
1623,$4000_const,1
1623,$4000_vol,0
1623,$4004_duty,3
1623,$4004_const,1
1623,$4004_vol,8
1623,$4008_linear,0
1624,$4004_duty,3
1624,$4004_const,1
1624,$4004_vol,7
1625,$4012_addr,250
1625,$4013_len,11
1625,$4010_rate,14
1625,$4000_duty,2
1625,$4000_const,1
1625,$4000_vol,4
1625,$4002_period,321
1625,$400B_length,32
1625,$4004_duty,3
1625,$4004_const,1
1625,$4004_vol,6
1625,$4008_linear,127
1625,$400A_period,241
1625,$400B_length,32
1625,$400E_period,1
1625,$400E_mode,0
1625,$400C_const,1
1625,$400C_vol,8
1626,$4000_duty,2
1626,$4000_const,1
1626,$4000_vol,8
1626,$4004_duty,3
1626,$4004_const,1
1626,$4004_vol,2
1626,$400C_const,1
1626,$400C_vol,5
1627,$4000_duty,2
1627,$4000_const,1
1627,$4000_vol,10
1627,$400C_const,1
1627,$400C_vol,0
1628,$4000_duty,2
1628,$4000_const,1
1628,$4000_vol,7
1629,$4000_duty,2
1629,$4000_const,1
1629,$4000_vol,5
1630,$4000_duty,2
1630,$4000_const,1
1630,$4000_vol,0
1630,$4004_duty,3
1630,$4004_const,1
1630,$4004_vol,0
1630,$4008_linear,0
1632,$4010_rate,14
1632,$4000_duty,2
1632,$4000_const,1
1632,$4000_vol,4
1632,$4002_period,303
1632,$400B_length,48
1632,$4004_duty,2
1632,$4004_const,1
1632,$4004_vol,12
1632,$4006_period,961
1632,$4008_linear,127
1632,$400A_period,201
1632,$400B_length,48
1632,$400E_period,3
1632,$400E_mode,0
1632,$400C_const,1
1632,$400C_vol,8
1633,$4000_duty,2
1633,$4000_const,1
1633,$4000_vol,8
1633,$4004_duty,3
1633,$4004_const,1
1633,$4004_vol,11
1633,$400C_const,1
1633,$400C_vol,5
1634,$4000_duty,2
1634,$4000_const,1
1634,$4000_vol,10
1634,$4004_duty,3
1634,$4004_const,1
1634,$4004_vol,10
1634,$400C_const,1
1634,$400C_vol,0
1635,$4000_duty,2
1635,$4000_const,1
1635,$4000_vol,7
1635,$4004_duty,3
1635,$4004_const,1
1635,$4004_vol,1
1636,$4000_duty,2
1636,$4000_const,1
1636,$4000_vol,5
1637,$4000_duty,2
1637,$4000_const,1
1637,$4000_vol,0
1637,$4008_linear,0
1639,$4012_addr,240
1639,$4013_len,11
1639,$4010_rate,15
1639,$4004_duty,2
1639,$4004_const,1
1639,$4004_vol,15
1639,$4006_period,1921
1639,$400C_const,1
1639,$400C_vol,10
1640,$4004_duty,3
1640,$4004_const,1
1640,$4004_vol,14
1640,$400C_const,1
1640,$400C_vol,7
1641,$4004_duty,3
1641,$4004_const,1
1641,$4004_vol,13
1641,$400C_const,1
1641,$400C_vol,0
1642,$4004_duty,3
1642,$4004_const,1
1642,$4004_vol,12
1643,$4004_duty,3
1643,$4004_const,1
1643,$4004_vol,11
1644,$4004_duty,3
1644,$4004_const,1
1644,$4004_vol,10
1645,$4004_duty,3
1645,$4004_const,1
1645,$4004_vol,9
1646,$4004_duty,3
1646,$4004_const,1
1646,$4004_vol,8
1646,$400E_period,2
1646,$400E_mode,0
1646,$400C_const,1
1646,$400C_vol,8
1647,$4004_duty,3
1647,$4004_const,1
1647,$4004_vol,4
1647,$400C_const,1
1647,$400C_vol,5
1648,$400C_const,1
1648,$400C_vol,0
1651,$4004_duty,3
1651,$4004_const,1
1651,$4004_vol,0
1653,$4012_addr,250
1653,$4013_len,11
1653,$4010_rate,15
1653,$4000_duty,2
1653,$4000_const,1
1653,$4000_vol,5
1653,$4002_period,121
1653,$400B_length,32
1653,$4004_duty,2
1653,$4004_const,1
1653,$4004_vol,11
1653,$4006_period,961
1653,$4008_linear,127
1653,$400A_period,75
1653,$400B_length,32
1653,$400E_period,1
1653,$400E_mode,0
1653,$400C_const,1
1653,$400C_vol,8
1654,$4004_duty,3
1654,$4004_const,1
1654,$4004_vol,10
1654,$4008_linear,0
1654,$400C_const,1
1654,$400C_vol,5
1655,$4000_duty,2
1655,$4000_const,1
1655,$4000_vol,0
1655,$4004_duty,3
1655,$4004_const,1
1655,$4004_vol,9
1655,$400C_const,1
1655,$400C_vol,0
1656,$4004_duty,3
1656,$4004_const,1
1656,$4004_vol,0
1660,$4012_addr,240
1660,$4013_len,11
1660,$4010_rate,15
1660,$4000_duty,2
1660,$4000_const,1
1660,$4000_vol,5
1660,$4002_period,135
1660,$400B_length,48
1660,$4004_duty,2
1660,$4004_const,1
1660,$4004_vol,13
1660,$4006_period,2427
1660,$4008_linear,127
1660,$400A_period,101
1660,$400B_length,48
1660,$400E_period,3
1660,$400E_mode,0
1660,$400C_const,1
1660,$400C_vol,8
1661,$4004_duty,3
1661,$4004_const,1
1661,$4004_vol,12
1661,$4008_linear,0
1661,$400C_const,1
1661,$400C_vol,5
1662,$4000_duty,2
1662,$4000_const,1
1662,$4000_vol,0
1662,$4004_duty,3
1662,$4004_const,1
1662,$4004_vol,11
1662,$400C_const,1
1662,$400C_vol,0
1663,$4004_duty,3
1663,$4004_const,1
1663,$4004_vol,10
1664,$4004_duty,3
1664,$4004_const,1
1664,$4004_vol,9
1665,$4004_duty,3
1665,$4004_const,1
1665,$4004_vol,8
1666,$4004_duty,3
1666,$4004_const,1
1666,$4004_vol,7
1667,$4012_addr,243
1667,$4013_len,28
1667,$4010_rate,15
1667,$4000_duty,2
1667,$4000_const,1
1667,$4000_vol,5
1667,$4002_period,113
1667,$400B_length,32
1667,$4004_duty,3
1667,$4004_const,1
1667,$4004_vol,6
1667,$4008_linear,127
1667,$400A_period,61
1667,$400B_length,32
1667,$400C_const,1
1667,$400C_vol,10
1668,$4004_duty,3
1668,$4004_const,1
1668,$4004_vol,2
1668,$4008_linear,0
1668,$400C_const,1
1668,$400C_vol,7
1669,$4000_duty,2
1669,$4000_const,1
1669,$4000_vol,0
1669,$400C_const,1
1669,$400C_vol,0
1672,$4004_duty,3
1672,$4004_const,1
1672,$4004_vol,0
1674,$4000_duty,2
1674,$4000_const,1
1674,$4000_vol,5
1674,$4002_period,121
1674,$400B_length,48
1674,$4004_duty,2
1674,$4004_const,1
1674,$4004_vol,13
1674,$4006_period,2427
1674,$4008_linear,127
1674,$400A_period,75
1674,$400B_length,48
1674,$400E_period,2
1674,$400E_mode,0
1674,$400C_const,1
1674,$400C_vol,8
1675,$4004_duty,3
1675,$4004_const,1
1675,$4004_vol,12
1675,$4008_linear,0
1675,$400C_const,1
1675,$400C_vol,5
1676,$4000_duty,2
1676,$4000_const,1
1676,$4000_vol,0
1676,$4004_duty,3
1676,$4004_const,1
1676,$4004_vol,11
1676,$400C_const,1
1676,$400C_vol,0
1677,$4004_duty,3
1677,$4004_const,1
1677,$4004_vol,10
1678,$4004_duty,3
1678,$4004_const,1
1678,$4004_vol,9
1679,$4004_duty,3
1679,$4004_const,1
1679,$4004_vol,8
1680,$4004_duty,3
1680,$4004_const,1
1680,$4004_vol,7
1681,$4012_addr,250
1681,$4013_len,11
1681,$4010_rate,14
1681,$4000_duty,2
1681,$4000_const,1
1681,$4000_vol,5
1681,$4002_period,151
1681,$400B_length,32
1681,$4004_duty,3
1681,$4004_const,1
1681,$4004_vol,6
1681,$4008_linear,127
1681,$400A_period,101
1681,$400B_length,32
1681,$400E_period,1
1681,$400E_mode,0
1681,$400C_const,1
1681,$400C_vol,8
1682,$4004_duty,3
1682,$4004_const,1
1682,$4004_vol,2
1682,$4008_linear,0
1682,$400C_const,1
1682,$400C_vol,5
1683,$4000_duty,2
1683,$4000_const,1
1683,$4000_vol,0
1683,$400C_const,1
1683,$400C_vol,0
1686,$4004_duty,2
1686,$4004_const,1
1686,$4004_vol,15
1686,$4006_period,321
1687,$4006_period,269
1688,$4010_rate,14
1688,$4000_duty,2
1688,$4000_const,1
1688,$4000_vol,5
1688,$4002_period,201
1688,$400B_length,48
1688,$4004_duty,2
1688,$4004_const,1
1688,$4004_vol,6
1688,$4006_period,339
1688,$4008_linear,127
1688,$400A_period,121
1688,$400B_length,48
1688,$400E_period,3
1688,$400E_mode,0
1688,$400C_const,1
1688,$400C_vol,8
1689,$4006_period,427
1689,$4008_linear,0
1689,$400C_const,1
1689,$400C_vol,5
1690,$4000_duty,2
1690,$4000_const,1
1690,$4000_vol,0
1690,$4006_period,509
1690,$400C_const,1
1690,$400C_vol,0
1691,$4006_period,605
1692,$4006_period,719
1693,$4004_duty,3
1693,$4004_const,1
1693,$4004_vol,1
1693,$4006_period,961
1695,$4012_addr,240
1695,$4013_len,11
1695,$4010_rate,15
1695,$4000_duty,2
1695,$4000_const,1
1695,$4000_vol,4
1695,$4002_period,453
1695,$400B_length,32
1695,$4004_duty,2
1695,$4004_const,1
1695,$4004_vol,15
1695,$4006_period,2157
1695,$4008_linear,127
1695,$400A_period,269
1695,$400B_length,32
1695,$400C_const,1
1695,$400C_vol,10
1696,$4000_duty,2
1696,$4000_const,1
1696,$4000_vol,8
1696,$4004_duty,3
1696,$4004_const,1
1696,$4004_vol,14
1696,$400C_const,1
1696,$400C_vol,7
1697,$4000_duty,2
1697,$4000_const,1
1697,$4000_vol,10
1697,$4004_duty,3
1697,$4004_const,1
1697,$4004_vol,13
1697,$400C_const,1
1697,$400C_vol,0
1698,$4000_duty,2
1698,$4000_const,1
1698,$4000_vol,7
1698,$4004_duty,3
1698,$4004_const,1
1698,$4004_vol,12
1699,$4000_duty,2
1699,$4000_const,1
1699,$4000_vol,5
1699,$4004_duty,3
1699,$4004_const,1
1699,$4004_vol,11
1700,$4000_duty,2
1700,$4000_const,1
1700,$4000_vol,0
1700,$4004_duty,3
1700,$4004_const,1
1700,$4004_vol,10
1700,$4008_linear,0
1701,$4004_duty,3
1701,$4004_const,1
1701,$4004_vol,9
1702,$4004_duty,3
1702,$4004_const,1
1702,$4004_vol,8
1702,$400E_period,2
1702,$400E_mode,0
1702,$400C_const,1
1702,$400C_vol,8
1703,$4004_duty,3
1703,$4004_const,1
1703,$4004_vol,4
1703,$400C_const,1
1703,$400C_vol,5
1704,$400C_const,1
1704,$400C_vol,0
1707,$4004_duty,3
1707,$4004_const,1
1707,$4004_vol,0
1709,$4012_addr,250
1709,$4013_len,11
1709,$4010_rate,15
1709,$4000_duty,2
1709,$4000_const,1
1709,$4000_vol,4
1709,$4002_period,453
1709,$400B_length,48
1709,$4004_duty,2
1709,$4004_const,1
1709,$4004_vol,11
1709,$4006_period,1079
1709,$4008_linear,127
1709,$400A_period,269
1709,$400B_length,48
1709,$400E_period,1
1709,$400E_mode,0
1709,$400C_const,1
1709,$400C_vol,8
1710,$4000_duty,2
1710,$4000_const,1
1710,$4000_vol,8
1710,$4004_duty,3
1710,$4004_const,1
1710,$4004_vol,10
1710,$400C_const,1
1710,$400C_vol,5
1711,$4000_duty,2
1711,$4000_const,1
1711,$4000_vol,10
1711,$4004_duty,3
1711,$4004_const,1
1711,$4004_vol,9
1711,$400C_const,1
1711,$400C_vol,0
1712,$4000_duty,2
1712,$4000_const,1
1712,$4000_vol,7
1712,$4004_duty,3
1712,$4004_const,1
1712,$4004_vol,0
1713,$4000_duty,2
1713,$4000_const,1
1713,$4000_vol,5
1716,$4012_addr,240
1716,$4013_len,11
1716,$4010_rate,15
1716,$4004_duty,2
1716,$4004_const,1
1716,$4004_vol,13
1716,$4006_period,3237
1716,$400E_period,3
1716,$400E_mode,0
1716,$400C_const,1
1716,$400C_vol,8
1717,$4004_duty,3
1717,$4004_const,1
1717,$4004_vol,12
1717,$400C_const,1
1717,$400C_vol,5
1718,$4000_duty,2
1718,$4000_const,1
1718,$4000_vol,6
1718,$4004_duty,3
1718,$4004_const,1
1718,$4004_vol,11
1718,$400C_const,1
1718,$400C_vol,0
1719,$4004_duty,3
1719,$4004_const,1
1719,$4004_vol,10
1720,$4004_duty,1
1720,$4004_const,1
1720,$4004_vol,11
1720,$4006_period,907
1722,$4004_duty,1
1722,$4004_const,1
1722,$4004_vol,10
1722,$4006_period,961
1723,$4010_rate,15
1723,$4000_duty,2
1723,$4000_const,1
1723,$4000_vol,7
1723,$4004_duty,1
1723,$4004_const,1
1723,$4004_vol,7
1723,$4006_period,641
1723,$400C_const,1
1723,$400C_vol,10
1724,$4004_duty,1
1724,$4004_const,1
1724,$4004_vol,6
1724,$4006_period,605
1724,$400C_const,1
1724,$400C_vol,7
1725,$4004_duty,1
1725,$4004_const,1
1725,$4004_vol,5
1725,$4006_period,571
1725,$400C_const,1
1725,$400C_vol,0
1726,$4004_duty,1
1726,$4004_const,1
1726,$4004_vol,4
1726,$4006_period,509
1727,$4004_duty,3
1727,$4004_const,1
1727,$4004_vol,2
1727,$4006_period,3237
1728,$4000_duty,2
1728,$4000_const,1
1728,$4000_vol,0
1728,$4004_duty,3
1728,$4004_const,1
1728,$4004_vol,0
1728,$4008_linear,0
1730,$4000_duty,2
1730,$4000_const,1
1730,$4000_vol,4
1730,$4002_period,453
1730,$400B_length,32
1730,$4004_duty,2
1730,$4004_const,1
1730,$4004_vol,13
1730,$4006_period,3237
1730,$4008_linear,127
1730,$400A_period,269
1730,$400B_length,32
1730,$400E_period,2
1730,$400E_mode,0
1730,$400C_const,1
1730,$400C_vol,8
1731,$4000_duty,2
1731,$4000_const,1
1731,$4000_vol,8
1731,$4004_duty,3
1731,$4004_const,1
1731,$4004_vol,12
1731,$400C_const,1
1731,$400C_vol,5
1732,$4000_duty,2
1732,$4000_const,1
1732,$4000_vol,10
1732,$4004_duty,3
1732,$4004_const,1
1732,$4004_vol,11
1732,$400C_const,1
1732,$400C_vol,0
1733,$4000_duty,2
1733,$4000_const,1
1733,$4000_vol,7
1733,$4004_duty,3
1733,$4004_const,1
1733,$4004_vol,10
1734,$4000_duty,2
1734,$4000_const,1
1734,$4000_vol,5
1734,$4004_duty,3
1734,$4004_const,1
1734,$4004_vol,9
1735,$4000_duty,2
1735,$4000_const,1
1735,$4000_vol,0
1735,$4004_duty,3
1735,$4004_const,1
1735,$4004_vol,8
1735,$4008_linear,0
1736,$4004_duty,3
1736,$4004_const,1
1736,$4004_vol,7
1737,$4012_addr,250
1737,$4013_len,11
1737,$4010_rate,14
1737,$4000_duty,2
1737,$4000_const,1
1737,$4000_vol,4
1737,$4002_period,403
1737,$400B_length,48
1737,$4004_duty,3
1737,$4004_const,1
1737,$4004_vol,6
1737,$4008_linear,127
1737,$400A_period,255
1737,$400B_length,48
1737,$400E_period,1
1737,$400E_mode,0
1737,$400C_const,1
1737,$400C_vol,8
1738,$4000_duty,2
1738,$4000_const,1
1738,$4000_vol,8
1738,$4004_duty,3
1738,$4004_const,1
1738,$4004_vol,2
1738,$400C_const,1
1738,$400C_vol,5
1739,$4000_duty,2
1739,$4000_const,1
1739,$4000_vol,10
1739,$400C_const,1
1739,$400C_vol,0
1740,$4000_duty,2
1740,$4000_const,1
1740,$4000_vol,7
1741,$4000_duty,2
1741,$4000_const,1
1741,$4000_vol,5
1742,$4000_duty,2
1742,$4000_const,1
1742,$4000_vol,0
1742,$4004_duty,3
1742,$4004_const,1
1742,$4004_vol,0
1742,$4008_linear,0
1744,$4010_rate,14
1744,$4000_duty,2
1744,$4000_const,1
1744,$4000_vol,4
1744,$4002_period,381
1744,$400B_length,32
1744,$4004_duty,2
1744,$4004_const,1
1744,$4004_vol,12
1744,$4006_period,1619
1744,$4008_linear,127
1744,$400A_period,241
1744,$400B_length,32
1744,$400E_period,3
1744,$400E_mode,0
1744,$400C_const,1
1744,$400C_vol,8
1745,$4000_duty,2
1745,$4000_const,1
1745,$4000_vol,8
1745,$4004_duty,3
1745,$4004_const,1
1745,$4004_vol,11
1745,$400C_const,1
1745,$400C_vol,5
1746,$4000_duty,2
1746,$4000_const,1
1746,$4000_vol,10
1746,$4004_duty,3
1746,$4004_const,1
1746,$4004_vol,10
1746,$400C_const,1
1746,$400C_vol,0
1747,$4000_duty,2
1747,$4000_const,1
1747,$4000_vol,7
1747,$4004_duty,3
1747,$4004_const,1
1747,$4004_vol,1
1748,$4000_duty,2
1748,$4000_const,1
1748,$4000_vol,5
1749,$4000_duty,2
1749,$4000_const,1
1749,$4000_vol,0
1749,$4008_linear,0
1751,$4012_addr,240
1751,$4013_len,11
1751,$4010_rate,15
1751,$4000_duty,2
1751,$4000_const,1
1751,$4000_vol,4
1751,$4002_period,359
1751,$400B_length,48
1751,$4004_duty,2
1751,$4004_const,1
1751,$4004_vol,15
1751,$4006_period,2157
1751,$4008_linear,127
1751,$400A_period,227
1751,$400B_length,48
1751,$400C_const,1
1751,$400C_vol,10
1752,$4000_duty,2
1752,$4000_const,1
1752,$4000_vol,8
1752,$4004_duty,3
1752,$4004_const,1
1752,$4004_vol,14
1752,$400C_const,1
1752,$400C_vol,7
1753,$4000_duty,2
1753,$4000_const,1
1753,$4000_vol,10
1753,$4004_duty,3
1753,$4004_const,1
1753,$4004_vol,13
1753,$400C_const,1
1753,$400C_vol,0
1754,$4000_duty,2
1754,$4000_const,1
1754,$4000_vol,7
1754,$4004_duty,3
1754,$4004_const,1
1754,$4004_vol,12
1755,$4000_duty,2
1755,$4000_const,1
1755,$4000_vol,5
1755,$4004_duty,3
1755,$4004_const,1
1755,$4004_vol,11
1756,$4000_duty,2
1756,$4000_const,1
1756,$4000_vol,0
1756,$4004_duty,3
1756,$4004_const,1
1756,$4004_vol,10
1756,$4008_linear,0
1757,$4004_duty,3
1757,$4004_const,1
1757,$4004_vol,9
1758,$4000_duty,2
1758,$4000_const,1
1758,$4000_vol,4
1758,$4002_period,453
1758,$400B_length,32
1758,$4004_duty,3
1758,$4004_const,1
1758,$4004_vol,8
1758,$4008_linear,127
1758,$400A_period,269
1758,$400B_length,32
1758,$400E_period,2
1758,$400E_mode,0
1758,$400C_const,1
1758,$400C_vol,8
1759,$4000_duty,2
1759,$4000_const,1
1759,$4000_vol,8
1759,$4004_duty,3
1759,$4004_const,1
1759,$4004_vol,4
1759,$400C_const,1
1759,$400C_vol,5
1760,$4000_duty,2
1760,$4000_const,1
1760,$4000_vol,10
1760,$400C_const,1
1760,$400C_vol,0
1761,$4000_duty,2
1761,$4000_const,1
1761,$4000_vol,7
1762,$4000_duty,2
1762,$4000_const,1
1762,$4000_vol,5
1763,$4000_duty,2
1763,$4000_const,1
1763,$4000_vol,0
1763,$4004_duty,3
1763,$4004_const,1
1763,$4004_vol,0
1763,$4008_linear,0
1765,$4012_addr,250
1765,$4013_len,11
1765,$4010_rate,15
1765,$4004_duty,2
1765,$4004_const,1
1765,$4004_vol,11
1765,$4006_period,1079
1765,$400E_period,1
1765,$400E_mode,0
1765,$400C_const,1
1765,$400C_vol,8
1766,$4004_duty,3
1766,$4004_const,1
1766,$4004_vol,10
1766,$400C_const,1
1766,$400C_vol,5
1767,$4004_duty,3
1767,$4004_const,1
1767,$4004_vol,9
1767,$400C_const,1
1767,$400C_vol,0
1768,$4004_duty,3
1768,$4004_const,1
1768,$4004_vol,0
1772,$4012_addr,240
1772,$4013_len,11
1772,$4010_rate,15
1772,$4000_duty,2
1772,$4000_const,1
1772,$4000_vol,4
1772,$4002_period,359
1772,$400B_length,48
1772,$4004_duty,2
1772,$4004_const,1
1772,$4004_vol,13
1772,$4006_period,3237
1772,$4008_linear,127
1772,$400A_period,227
1772,$400B_length,48
1772,$400E_period,3
1772,$400E_mode,0
1772,$400C_const,1
1772,$400C_vol,8
1773,$4000_duty,2
1773,$4000_const,1
1773,$4000_vol,8
1773,$4004_duty,3
1773,$4004_const,1
1773,$4004_vol,12
1773,$400C_const,1
1773,$400C_vol,5
1774,$4000_duty,2
1774,$4000_const,1
1774,$4000_vol,10
1774,$4004_duty,3
1774,$4004_const,1
1774,$4004_vol,11
1774,$400C_const,1
1774,$400C_vol,0
1775,$4000_duty,2
1775,$4000_const,1
1775,$4000_vol,7
1775,$4004_duty,3
1775,$4004_const,1
1775,$4004_vol,10
1776,$4000_duty,2
1776,$4000_const,1
1776,$4000_vol,5
1776,$4004_duty,3
1776,$4004_const,1
1776,$4004_vol,9
1777,$4000_duty,2
1777,$4000_const,1
1777,$4000_vol,0
1777,$4004_duty,3
1777,$4004_const,1
1777,$4004_vol,8
1777,$4008_linear,0
1778,$4004_duty,3
1778,$4004_const,1
1778,$4004_vol,7
1779,$4012_addr,243
1779,$4013_len,28
1779,$4010_rate,15
1779,$4000_duty,2
1779,$4000_const,1
1779,$4000_vol,4
1779,$4002_period,269
1779,$400B_length,32
1779,$4004_duty,3
1779,$4004_const,1
1779,$4004_vol,6
1779,$4008_linear,127
1779,$400A_period,179
1779,$400B_length,32
1779,$400C_const,1
1779,$400C_vol,10
1780,$4000_duty,2
1780,$4000_const,1
1780,$4000_vol,8
1780,$4004_duty,3
1780,$4004_const,1
1780,$4004_vol,2
1780,$400C_const,1
1780,$400C_vol,7
1781,$4000_duty,2
1781,$4000_const,1
1781,$4000_vol,10
1781,$4004_duty,2
1781,$4004_const,1
1781,$4004_vol,6
1781,$4006_period,197
1781,$400C_const,1
1781,$400C_vol,0
1782,$4000_duty,2
1782,$4000_const,1
1782,$4000_vol,7
1782,$4004_duty,2
1782,$4004_const,1
1782,$4004_vol,9
1783,$4000_duty,2
1783,$4000_const,1
1783,$4000_vol,5
1783,$4004_duty,2
1783,$4004_const,1
1783,$4004_vol,12
1784,$4000_duty,2
1784,$4000_const,1
1784,$4000_vol,0
1784,$4004_duty,2
1784,$4004_const,1
1784,$4004_vol,9
1784,$4008_linear,0
1785,$4004_duty,2
1785,$4004_const,1
1785,$4004_vol,4
1786,$4000_duty,2
1786,$4000_const,1
1786,$4000_vol,4
1786,$4002_period,359
1786,$400B_length,48
1786,$4004_duty,2
1786,$4004_const,1
1786,$4004_vol,13
1786,$4006_period,3237
1786,$4008_linear,127
1786,$400A_period,227
1786,$400B_length,48
1786,$400E_period,2
1786,$400E_mode,0
1786,$400C_const,1
1786,$400C_vol,8
1787,$4000_duty,2
1787,$4000_const,1
1787,$4000_vol,8
1787,$4004_duty,3
1787,$4004_const,1
1787,$4004_vol,12
1787,$400C_const,1
1787,$400C_vol,5
1788,$4000_duty,2
1788,$4000_const,1
1788,$4000_vol,10
1788,$4004_duty,3
1788,$4004_const,1
1788,$4004_vol,11
1788,$400C_const,1
1788,$400C_vol,0
1789,$4000_duty,2
1789,$4000_const,1
1789,$4000_vol,7
1789,$4004_duty,3
1789,$4004_const,1
1789,$4004_vol,10
1790,$4000_duty,2
1790,$4000_const,1
1790,$4000_vol,5
1790,$4004_duty,3
1790,$4004_const,1
1790,$4004_vol,9
1791,$4000_duty,2
1791,$4000_const,1
1791,$4000_vol,0
1791,$4004_duty,3
1791,$4004_const,1
1791,$4004_vol,8
1791,$4008_linear,0
1792,$4004_duty,3
1792,$4004_const,1
1792,$4004_vol,7
1793,$4012_addr,250
1793,$4013_len,11
1793,$4010_rate,14
1793,$4000_duty,2
1793,$4000_const,1
1793,$4000_vol,4
1793,$4002_period,453
1793,$400B_length,32
1793,$4004_duty,3
1793,$4004_const,1
1793,$4004_vol,6
1793,$4008_linear,127
1793,$400A_period,269
1793,$400B_length,32
1793,$400E_period,1
1793,$400E_mode,0
1793,$400C_const,1
1793,$400C_vol,8
1794,$4000_duty,2
1794,$4000_const,1
1794,$4000_vol,8
1794,$4004_duty,3
1794,$4004_const,1
1794,$4004_vol,2
1794,$400C_const,1
1794,$400C_vol,5
1795,$4000_duty,2
1795,$4000_const,1
1795,$4000_vol,10
1795,$400C_const,1
1795,$400C_vol,0
1796,$4000_duty,2
1796,$4000_const,1
1796,$4000_vol,7
1797,$4000_duty,2
1797,$4000_const,1
1797,$4000_vol,5
1798,$4000_duty,2
1798,$4000_const,1
1798,$4000_vol,0
1798,$4004_duty,3
1798,$4004_const,1
1798,$4004_vol,0
1798,$4008_linear,0
1800,$4010_rate,14
1800,$4000_duty,2
1800,$4000_const,1
1800,$4000_vol,4
1800,$4002_period,539
1800,$400B_length,49
1800,$4004_duty,2
1800,$4004_const,1
1800,$4004_vol,12
1800,$4006_period,1619
1800,$4008_linear,127
1800,$400A_period,321
1800,$400B_length,48
1800,$400E_period,3
1800,$400E_mode,0
1800,$400C_const,1
1800,$400C_vol,8
1801,$4000_duty,2
1801,$4000_const,1
1801,$4000_vol,8
1801,$4004_duty,3
1801,$4004_const,1
1801,$4004_vol,11
1801,$400C_const,1
1801,$400C_vol,5
1802,$4000_duty,2
1802,$4000_const,1
1802,$4000_vol,10
1802,$4004_duty,3
1802,$4004_const,1
1802,$4004_vol,10
1802,$400C_const,1
1802,$400C_vol,0
1803,$4000_duty,2
1803,$4000_const,1
1803,$4000_vol,7
1803,$4004_duty,3
1803,$4004_const,1
1803,$4004_vol,1
1804,$4000_duty,2
1804,$4000_const,1
1804,$4000_vol,5
1805,$4000_duty,2
1805,$4000_const,1
1805,$4000_vol,0
1805,$4008_linear,0
1807,$4012_addr,243
1807,$4013_len,28
1807,$4010_rate,15
1807,$4000_duty,2
1807,$4000_const,1
1807,$4000_vol,4
1807,$4002_period,403
1807,$400B_length,32
1807,$4004_duty,2
1807,$4004_const,1
1807,$4004_vol,15
1807,$4006_period,3237
1807,$4008_linear,127
1807,$400A_period,403
1807,$400B_length,32
1807,$400C_const,1
1807,$400C_vol,10
1808,$4000_duty,2
1808,$4000_const,1
1808,$4000_vol,8
1808,$4004_duty,3
1808,$4004_const,1
1808,$4004_vol,14
1808,$400C_const,1
1808,$400C_vol,7
1809,$4000_duty,2
1809,$4000_const,1
1809,$4000_vol,10
1809,$4004_duty,3
1809,$4004_const,1
1809,$4004_vol,13
1809,$400C_const,1
1809,$400C_vol,0
1810,$4000_duty,2
1810,$4000_const,1
1810,$4000_vol,7
1810,$4004_duty,3
1810,$4004_const,1
1810,$4004_vol,12
1811,$4000_duty,2
1811,$4000_const,1
1811,$4000_vol,5
1811,$4004_duty,3
1811,$4004_const,1
1811,$4004_vol,11
1812,$4000_duty,2
1812,$4000_const,1
1812,$4000_vol,0
1812,$4004_duty,3
1812,$4004_const,1
1812,$4004_vol,4
1812,$4008_linear,0
1814,$4000_duty,2
1814,$4000_const,1
1814,$4000_vol,4
1814,$4002_period,359
1814,$400B_length,48
1814,$4004_duty,2
1814,$4004_const,1
1814,$4004_vol,15
1814,$4006_period,2881
1814,$4008_linear,127
1814,$400A_period,359
1814,$400B_length,48
1814,$400E_period,2
1814,$400E_mode,0
1814,$400C_const,1
1814,$400C_vol,8
1815,$4000_duty,2
1815,$4000_const,1
1815,$4000_vol,8
1815,$4004_duty,3
1815,$4004_const,1
1815,$4004_vol,14
1815,$400C_const,1
1815,$400C_vol,5
1816,$4000_duty,2
1816,$4000_const,1
1816,$4000_vol,10
1816,$4004_duty,3
1816,$4004_const,1
1816,$4004_vol,13
1816,$400C_const,1
1816,$400C_vol,0
1817,$4000_duty,2
1817,$4000_const,1
1817,$4000_vol,7
1817,$4004_duty,3
1817,$4004_const,1
1817,$4004_vol,12
1818,$4000_duty,2
1818,$4000_const,1
1818,$4000_vol,5
1818,$4004_duty,3
1818,$4004_const,1
1818,$4004_vol,11
1819,$4000_duty,2
1819,$4000_const,1
1819,$4000_vol,0
1819,$4004_duty,3
1819,$4004_const,1
1819,$4004_vol,4
1819,$4008_linear,0
1821,$400E_period,1
1821,$400E_mode,0
1821,$400C_const,1
1821,$400C_vol,8
1822,$400C_const,1
1822,$400C_vol,5
1823,$4004_duty,3
1823,$4004_const,1
1823,$4004_vol,0
1823,$400C_const,1
1823,$400C_vol,0
1828,$4012_addr,240
1828,$4013_len,11
1828,$4010_rate,15
1828,$4000_duty,2
1828,$4000_const,1
1828,$4000_vol,4
1828,$4002_period,339
1828,$400B_length,32
1828,$4004_duty,2
1828,$4004_const,1
1828,$4004_vol,15
1828,$4006_period,2717
1828,$4008_linear,127
1828,$400A_period,339
1828,$400B_length,32
1828,$400E_period,3
1828,$400E_mode,0
1828,$400C_const,1
1828,$400C_vol,8
1829,$4000_duty,2
1829,$4000_const,1
1829,$4000_vol,8
1829,$4004_duty,3
1829,$4004_const,1
1829,$4004_vol,14
1829,$400C_const,1
1829,$400C_vol,5
1830,$4000_duty,2
1830,$4000_const,1
1830,$4000_vol,10
1830,$4004_duty,3
1830,$4004_const,1
1830,$4004_vol,13
1830,$400C_const,1
1830,$400C_vol,0
1831,$4000_duty,2
1831,$4000_const,1
1831,$4000_vol,7
1831,$4004_duty,3
1831,$4004_const,1
1831,$4004_vol,12
1832,$4000_duty,2
1832,$4000_const,1
1832,$4000_vol,5
1832,$4004_duty,3
1832,$4004_const,1
1832,$4004_vol,11
1833,$4000_duty,2
1833,$4000_const,1
1833,$4000_vol,0
1833,$4004_duty,3
1833,$4004_const,1
1833,$4004_vol,4
1833,$4008_linear,0
1835,$4012_addr,243
1835,$4013_len,28
1835,$4010_rate,15
1835,$4000_duty,2
1835,$4000_const,1
1835,$4000_vol,4
1835,$4002_period,321
1835,$400B_length,48
1835,$4004_duty,2
1835,$4004_const,1
1835,$4004_vol,15
1835,$4006_period,2571
1835,$4008_linear,127
1835,$400A_period,321
1835,$400B_length,48
1835,$400C_const,1
1835,$400C_vol,10
1836,$4000_duty,2
1836,$4000_const,1
1836,$4000_vol,8
1836,$4004_duty,3
1836,$4004_const,1
1836,$4004_vol,14
1836,$400C_const,1
1836,$400C_vol,7
1837,$4000_duty,2
1837,$4000_const,1
1837,$4000_vol,10
1837,$4004_duty,3
1837,$4004_const,1
1837,$4004_vol,13
1837,$400C_const,1
1837,$400C_vol,0
1838,$4000_duty,2
1838,$4000_const,1
1838,$4000_vol,7
1838,$4004_duty,3
1838,$4004_const,1
1838,$4004_vol,12
1839,$4000_duty,2
1839,$4000_const,1
1839,$4000_vol,5
1839,$4004_duty,3
1839,$4004_const,1
1839,$4004_vol,11
1840,$4000_duty,2
1840,$4000_const,1
1840,$4000_vol,0
1840,$4004_duty,3
1840,$4004_const,1
1840,$4004_vol,4
1840,$4008_linear,0
1842,$4010_rate,15
1842,$4000_duty,2
1842,$4000_const,1
1842,$4000_vol,4
1842,$4002_period,359
1842,$400B_length,32
1842,$4004_duty,2
1842,$4004_const,1
1842,$4004_vol,15
1842,$4006_period,2881
1842,$4008_linear,127
1842,$400A_period,359
1842,$400B_length,32
1842,$400E_period,2
1842,$400E_mode,0
1842,$400C_const,1
1842,$400C_vol,8
1843,$4000_duty,2
1843,$4000_const,1
1843,$4000_vol,8
1843,$4004_duty,3
1843,$4004_const,1
1843,$4004_vol,14
1843,$400C_const,1
1843,$400C_vol,5
1844,$4000_duty,2
1844,$4000_const,1
1844,$4000_vol,10
1844,$4004_duty,3
1844,$4004_const,1
1844,$4004_vol,13
1844,$400C_const,1
1844,$400C_vol,0
1845,$4000_duty,2
1845,$4000_const,1
1845,$4000_vol,7
1845,$4004_duty,3
1845,$4004_const,1
1845,$4004_vol,12
1846,$4000_duty,2
1846,$4000_const,1
1846,$4000_vol,5
1846,$4004_duty,3
1846,$4004_const,1
1846,$4004_vol,11
1847,$4000_duty,2
1847,$4000_const,1
1847,$4000_vol,0
1847,$4004_duty,3
1847,$4004_const,1
1847,$4004_vol,4
1847,$4008_linear,0
1849,$400E_period,1
1849,$400E_mode,0
1849,$400C_const,1
1849,$400C_vol,8
1850,$400C_const,1
1850,$400C_vol,5
1851,$4004_duty,2
1851,$4004_const,1
1851,$4004_vol,14
1851,$4006_period,855
1851,$400C_const,1
1851,$400C_vol,0
1852,$4004_duty,2
1852,$4004_const,1
1852,$4004_vol,4
1852,$4006_period,907
1853,$4004_duty,2
1853,$4004_const,1
1853,$4004_vol,1
1853,$4006_period,907
1855,$4004_duty,2
1855,$4004_const,1
1855,$4004_vol,9
1855,$4006_period,213
1856,$4012_addr,240
1856,$4013_len,11
1856,$4010_rate,15
1856,$4000_duty,2
1856,$4000_const,1
1856,$4000_vol,4
1856,$4002_period,381
1856,$400B_length,48
1856,$4004_duty,2
1856,$4004_const,1
1856,$4004_vol,5
1856,$4006_period,201
1856,$4008_linear,127
1856,$400A_period,381
1856,$400B_length,48
1856,$400E_period,3
1856,$400E_mode,0
1856,$400C_const,1
1856,$400C_vol,8
1857,$4000_duty,2
1857,$4000_const,1
1857,$4000_vol,8
1857,$4006_period,191
1857,$400C_const,1
1857,$400C_vol,5
1858,$4000_duty,2
1858,$4000_const,1
1858,$4000_vol,10
1858,$4004_duty,3
1858,$4004_const,1
1858,$4004_vol,13
1858,$4006_period,3049
1858,$400E_period,11
1858,$400E_mode,0
1858,$400C_const,1
1858,$400C_vol,15
1859,$4000_duty,2
1859,$4000_const,1
1859,$4000_vol,7
1859,$4004_duty,3
1859,$4004_const,1
1859,$4004_vol,12
1859,$400E_period,3
1859,$400E_mode,0
1859,$400C_const,1
1859,$400C_vol,0
1860,$4000_duty,2
1860,$4000_const,1
1860,$4000_vol,5
1860,$4004_duty,3
1860,$4004_const,1
1860,$4004_vol,11
1861,$4000_duty,2
1861,$4000_const,1
1861,$4000_vol,0
1861,$4004_duty,3
1861,$4004_const,1
1861,$4004_vol,4
1861,$4008_linear,0
1863,$4012_addr,243
1863,$4013_len,28
1863,$4010_rate,15
1863,$4000_duty,2
1863,$4000_const,1
1863,$4000_vol,4
1863,$4002_period,403
1863,$400B_length,32
1863,$4004_duty,2
1863,$4004_const,1
1863,$4004_vol,15
1863,$4006_period,3237
1863,$4008_linear,127
1863,$400A_period,403
1863,$400B_length,32
1863,$400E_period,2
1863,$400E_mode,0
1863,$400C_const,1
1863,$400C_vol,14
1864,$4000_duty,2
1864,$4000_const,1
1864,$4000_vol,8
1864,$4004_duty,3
1864,$4004_const,1
1864,$4004_vol,14
1864,$400C_const,1
1864,$400C_vol,11
1865,$4000_duty,2
1865,$4000_const,1
1865,$4000_vol,10
1865,$4004_duty,3
1865,$4004_const,1
1865,$4004_vol,13
1865,$400C_const,1
1865,$400C_vol,3
1866,$4000_duty,2
1866,$4000_const,1
1866,$4000_vol,7
1866,$4004_duty,3
1866,$4004_const,1
1866,$4004_vol,12
1867,$4000_duty,2
1867,$4000_const,1
1867,$4000_vol,5
1867,$4004_duty,3
1867,$4004_const,1
1867,$4004_vol,11
1868,$4000_duty,2
1868,$4000_const,1
1868,$4000_vol,0
1868,$4004_duty,3
1868,$4004_const,1
1868,$4004_vol,4
1868,$4008_linear,0
1870,$400E_period,1
1870,$400E_mode,0
1870,$400C_const,1
1870,$400C_vol,2
1871,$400C_const,1
1871,$400C_vol,0
1872,$4004_duty,1
1872,$4004_const,1
1872,$4004_vol,11
1872,$4006_period,907
1874,$4004_duty,1
1874,$4004_const,1
1874,$4004_vol,10
1874,$4006_period,961
1875,$4004_duty,1
1875,$4004_const,1
1875,$4004_vol,7
1875,$4006_period,641
1876,$4004_duty,1
1876,$4004_const,1
1876,$4004_vol,6
1876,$4006_period,605
1877,$4012_addr,253
1877,$4013_len,10
1877,$4010_rate,15
1877,$4000_duty,0
1877,$4000_const,1
1877,$4000_vol,15
1877,$4002_period,3237
1877,$400B_length,54
1877,$4004_duty,1
1877,$4004_const,1
1877,$4004_vol,5
1877,$4006_period,571
1877,$4008_linear,127
1877,$400A_period,807
1877,$400B_length,49
1877,$400C_const,1
1877,$400C_vol,4
1878,$4004_duty,1
1878,$4004_const,1
1878,$4004_vol,4
1878,$4006_period,509
1878,$400C_const,1
1878,$400C_vol,1
1879,$4000_duty,0
1879,$4000_const,1
1879,$4000_vol,13
1879,$4004_duty,3
1879,$4004_const,1
1879,$4004_vol,13
1879,$4006_period,3237
1879,$400C_const,1
1879,$400C_vol,0
1880,$4000_duty,0
1880,$4000_const,1
1880,$4000_vol,4
1880,$4004_duty,3
1880,$4004_const,1
1880,$4004_vol,12
1881,$4004_duty,3
1881,$4004_const,1
1881,$4004_vol,11
1882,$4004_duty,3
1882,$4004_const,1
1882,$4004_vol,4
1882,$4008_linear,0
1884,$4010_rate,15
1884,$4000_duty,0
1884,$4000_const,1
1884,$4000_vol,15
1884,$4002_period,3237
1884,$400B_length,38
1884,$4004_duty,2
1884,$4004_const,1
1884,$4004_vol,15
1884,$4006_period,3237
1884,$4008_linear,127
1884,$400A_period,807
1884,$400B_length,33
1884,$400E_period,2
1884,$400E_mode,0
1884,$400C_const,1
1884,$400C_vol,14
1885,$4004_duty,3
1885,$4004_const,1
1885,$4004_vol,14
1885,$400C_const,1
1885,$400C_vol,11
1886,$4000_duty,0
1886,$4000_const,1
1886,$4000_vol,13
1886,$4004_duty,3
1886,$4004_const,1
1886,$4004_vol,13
1886,$400C_const,1
1886,$400C_vol,3
1887,$4000_duty,0
1887,$4000_const,1
1887,$4000_vol,4
1887,$4004_duty,3
1887,$4004_const,1
1887,$4004_vol,12
1888,$4004_duty,3
1888,$4004_const,1
1888,$4004_vol,11
1889,$4004_duty,3
1889,$4004_const,1
1889,$4004_vol,4
1889,$4008_linear,0
1891,$4012_addr,250
1891,$4013_len,11
1891,$4010_rate,15
1891,$400E_period,1
1891,$400E_mode,0
1891,$400C_const,1
1891,$400C_vol,2
1892,$400C_const,1
1892,$400C_vol,0
1893,$4004_duty,3
1893,$4004_const,1
1893,$4004_vol,0
1895,$4000_duty,0
1895,$4000_const,1
1895,$4000_vol,0
1898,$400C_const,1
1898,$400C_vol,4
1899,$400C_const,1
1899,$400C_vol,1
1900,$400C_const,1
1900,$400C_vol,0
1905,$4010_rate,14
1905,$4000_duty,0
1905,$4000_const,1
1905,$4000_vol,5
1905,$4002_period,3237
1905,$400B_length,54
1905,$4004_duty,2
1905,$4004_const,1
1905,$4004_vol,10
1905,$4006_period,1619
1905,$400E_period,4
1905,$400E_mode,0
1905,$400C_const,1
1905,$400C_vol,11
1906,$4004_duty,3
1906,$4004_const,1
1906,$4004_vol,9
1906,$400C_const,1
1906,$400C_vol,10
1907,$4000_duty,0
1907,$4000_const,1
1907,$4000_vol,3
1907,$4004_duty,3
1907,$4004_const,1
1907,$4004_vol,8
1907,$400C_const,1
1907,$400C_vol,0
1908,$4004_duty,3
1908,$4004_const,1
1908,$4004_vol,7
1909,$4010_rate,14
1909,$4004_duty,3
1909,$4004_const,1
1909,$4004_vol,6
1909,$400C_const,1
1909,$400C_vol,0
1910,$4004_duty,3
1910,$4004_const,1
1910,$4004_vol,5
1911,$4004_duty,3
1911,$4004_const,1
1911,$4004_vol,4
1912,$4000_duty,0
1912,$4000_const,1
1912,$4000_vol,0
1912,$4004_duty,3
1912,$4004_const,1
1912,$4004_vol,3
1912,$400E_period,1
1912,$400E_mode,0
1912,$400C_const,1
1912,$400C_vol,11
1913,$4010_rate,14
1913,$400C_const,1
1913,$400C_vol,8
1914,$4004_duty,3
1914,$4004_const,1
1914,$4004_vol,2
1914,$400C_const,1
1914,$400C_vol,0
1916,$4004_duty,3
1916,$4004_const,1
1916,$4004_vol,0
1919,$4012_addr,240
1919,$4013_len,11
1919,$4010_rate,15
1919,$4000_duty,3
1919,$4000_const,1
1919,$4000_vol,11
1919,$4002_period,481
1919,$400B_length,32
1919,$4004_duty,2
1919,$4004_const,1
1919,$4004_vol,15
1919,$4006_period,2427
1919,$4008_linear,127
1919,$400A_period,121
1919,$400B_length,48
1919,$400E_period,3
1919,$400E_mode,0
1919,$400C_const,1
1919,$400C_vol,10
1920,$4004_duty,3
1920,$4004_const,1
1920,$4004_vol,14
1920,$4008_linear,0
1920,$400C_const,1
1920,$400C_vol,7
1921,$4004_duty,3
1921,$4004_const,1
1921,$4004_vol,13
1921,$400C_const,1
1921,$400C_vol,0
1922,$4000_duty,3
1922,$4000_const,1
1922,$4000_vol,8
1922,$4004_duty,3
1922,$4004_const,1
1922,$4004_vol,12
1923,$4000_duty,3
1923,$4000_const,1
1923,$4000_vol,6
1923,$4004_duty,3
1923,$4004_const,1
1923,$4004_vol,11
1924,$4000_duty,3
1924,$4000_const,1
1924,$4000_vol,0
1924,$4004_duty,3
1924,$4004_const,1
1924,$4004_vol,10
1925,$4004_duty,3
1925,$4004_const,1
1925,$4004_vol,9
1926,$4004_duty,3
1926,$4004_const,1
1926,$4004_vol,8
1926,$4008_linear,127
1926,$400A_period,151
1926,$400B_length,32
1926,$400E_period,2
1926,$400E_mode,0
1926,$400C_const,1
1926,$400C_vol,8
1927,$4008_linear,0
1927,$400C_const,1
1927,$400C_vol,5
1928,$4004_duty,3
1928,$4004_const,1
1928,$4004_vol,7
1928,$400C_const,1
1928,$400C_vol,0
1929,$4004_duty,3
1929,$4004_const,1
1929,$4004_vol,4
1933,$4012_addr,250
1933,$4013_len,11
1933,$4010_rate,15
1933,$4000_duty,3
1933,$4000_const,1
1933,$4000_vol,9
1933,$4002_period,481
1933,$400B_length,48
1933,$4004_duty,2
1933,$4004_const,1
1933,$4004_vol,10
1933,$4006_period,1211
1933,$4008_linear,127
1933,$400A_period,75
1933,$400B_length,48
1933,$400E_period,1
1933,$400E_mode,0
1933,$400C_const,1
1933,$400C_vol,8
1934,$4004_duty,3
1934,$4004_const,1
1934,$4004_vol,9
1934,$4008_linear,0
1934,$400C_const,1
1934,$400C_vol,5
1935,$4004_duty,3
1935,$4004_const,1
1935,$4004_vol,8
1935,$400C_const,1
1935,$400C_vol,0
1936,$4000_duty,3
1936,$4000_const,1
1936,$4000_vol,0
1936,$4004_duty,3
1936,$4004_const,1
1936,$4004_vol,7
1937,$4004_duty,3
1937,$4004_const,1
1937,$4004_vol,0
1938,$4000_duty,3
1938,$4000_const,1
1938,$4000_vol,7
1938,$4002_period,481
1938,$400B_length,32
1940,$4004_duty,2
1940,$4004_const,1
1940,$4004_vol,12
1940,$4006_period,3237
1940,$4008_linear,127
1940,$400A_period,151
1940,$400B_length,32
1940,$400E_period,3
1940,$400E_mode,0
1940,$400C_const,1
1940,$400C_vol,8
1941,$4000_duty,3
1941,$4000_const,1
1941,$4000_vol,0
1941,$4004_duty,3
1941,$4004_const,1
1941,$4004_vol,11
1941,$4008_linear,0
1941,$400C_const,1
1941,$400C_vol,5
1942,$4004_duty,3
1942,$4004_const,1
1942,$4004_vol,10
1942,$400C_const,1
1942,$400C_vol,0
1943,$4000_duty,3
1943,$4000_const,1
1943,$4000_vol,5
1943,$4002_period,481
1943,$400B_length,48
1943,$4004_duty,3
1943,$4004_const,1
1943,$4004_vol,9
1944,$4004_duty,3
1944,$4004_const,1
1944,$4004_vol,8
1945,$4004_duty,3
1945,$4004_const,1
1945,$4004_vol,7
1946,$4000_duty,3
1946,$4000_const,1
1946,$4000_vol,0
1946,$4004_duty,1
1946,$4004_const,1
1946,$4004_vol,4
1946,$4006_period,339
1946,$400E_period,6
1946,$400E_mode,0
1946,$400C_const,1
1946,$400C_vol,2
1947,$4012_addr,243
1947,$4013_len,28
1947,$4010_rate,15
1947,$4008_linear,127
1947,$400A_period,121
1947,$400B_length,48
1948,$4000_duty,3
1948,$4000_const,1
1948,$4000_vol,3
1948,$4002_period,481
1948,$400B_length,32
1948,$4008_linear,0
1951,$4000_duty,3
1951,$4000_const,1
1951,$4000_vol,0
1952,$4004_duty,1
1952,$4004_const,1
1952,$4004_vol,5
1953,$4000_duty,3
1953,$4000_const,1
1953,$4000_vol,1
1953,$4002_period,481
1953,$400B_length,48
1954,$4008_linear,127
1954,$400A_period,151
1954,$400B_length,32
1954,$400E_period,5
1954,$400E_mode,0
1954,$400C_const,1
1954,$400C_vol,4
1955,$4008_linear,0
1956,$4000_duty,3
1956,$4000_const,1
1956,$4000_vol,0
1960,$4004_duty,1
1960,$4004_const,1
1960,$4004_vol,6
1961,$4012_addr,250
1961,$4013_len,11
1961,$4010_rate,14
1961,$4000_duty,3
1961,$4000_const,1
1961,$4000_vol,10
1961,$4002_period,453
1961,$400B_length,32
1961,$4008_linear,127
1961,$400A_period,75
1961,$400B_length,48
1962,$4008_linear,0
1962,$400E_period,4
1962,$400E_mode,0
1962,$400C_const,1
1962,$400C_vol,6
1964,$4000_duty,3
1964,$4000_const,1
1964,$4000_vol,7
1965,$4000_duty,3
1965,$4000_const,1
1965,$4000_vol,5
1965,$4004_duty,3
1965,$4004_const,1
1965,$4004_vol,15
1965,$4006_period,763
1965,$400E_period,1
1965,$400E_mode,0
1965,$400C_const,1
1965,$400C_vol,0
1966,$4000_duty,3
1966,$4000_const,1
1966,$4000_vol,0
1966,$4006_period,1079
1967,$4006_period,1441
1968,$4010_rate,14
1968,$4000_duty,3
1968,$4000_const,1
1968,$4000_vol,10
1968,$4002_period,427
1968,$400B_length,48
1968,$4004_duty,3
1968,$4004_const,1
1968,$4004_vol,6
1968,$4006_period,481
1968,$4008_linear,127
1968,$400A_period,151
1968,$400B_length,32
1968,$400E_period,3
1968,$400E_mode,0
1968,$400C_const,1
1968,$400C_vol,8
1969,$4006_period,453
1969,$4008_linear,0
1969,$400C_const,1
1969,$400C_vol,5
1970,$4006_period,403
1970,$400C_const,1
1970,$400C_vol,0
1971,$4000_duty,3
1971,$4000_const,1
1971,$4000_vol,7
1971,$4004_duty,3
1971,$4004_const,1
1971,$4004_vol,8
1971,$4006_period,1211
1972,$4000_duty,3
1972,$4000_const,1
1972,$4000_vol,5
1972,$4004_duty,3
1972,$4004_const,1
1972,$4004_vol,0
1973,$4000_duty,3
1973,$4000_const,1
1973,$4000_vol,0
1975,$4012_addr,240
1975,$4013_len,11
1975,$4010_rate,15
1975,$4000_duty,3
1975,$4000_const,1
1975,$4000_vol,10
1975,$4002_period,403
1975,$400B_length,32
1975,$4004_duty,2
1975,$4004_const,1
1975,$4004_vol,15
1975,$4006_period,2427
1975,$4008_linear,127
1975,$400A_period,121
1975,$400B_length,48
1975,$400C_const,1
1975,$400C_vol,10
1976,$4004_duty,3
1976,$4004_const,1
1976,$4004_vol,14
1976,$4008_linear,0
1976,$400C_const,1
1976,$400C_vol,7
1977,$4004_duty,3
1977,$4004_const,1
1977,$4004_vol,13
1977,$400C_const,1
1977,$400C_vol,0
1978,$4000_duty,3
1978,$4000_const,1
1978,$4000_vol,7
1978,$4004_duty,3
1978,$4004_const,1
1978,$4004_vol,12
1979,$4000_duty,3
1979,$4000_const,1
1979,$4000_vol,5
1979,$4004_duty,3
1979,$4004_const,1
1979,$4004_vol,11
1980,$4000_duty,3
1980,$4000_const,1
1980,$4000_vol,0
1980,$4004_duty,3
1980,$4004_const,1
1980,$4004_vol,10
1981,$4004_duty,3
1981,$4004_const,1
1981,$4004_vol,9
1982,$4000_duty,3
1982,$4000_const,1
1982,$4000_vol,10
1982,$4002_period,359
1982,$400B_length,48
1982,$4004_duty,3
1982,$4004_const,1
1982,$4004_vol,8
1982,$4008_linear,127
1982,$400A_period,151
1982,$400B_length,32
1982,$400E_period,2
1982,$400E_mode,0
1982,$400C_const,1
1982,$400C_vol,8
1983,$4008_linear,0
1983,$400C_const,1
1983,$400C_vol,5
1984,$4004_duty,3
1984,$4004_const,1
1984,$4004_vol,7
1984,$400C_const,1
1984,$400C_vol,0
1985,$4000_duty,3
1985,$4000_const,1
1985,$4000_vol,7
1985,$4004_duty,3
1985,$4004_const,1
1985,$4004_vol,4
1986,$4000_duty,3
1986,$4000_const,1
1986,$4000_vol,5
1987,$4000_duty,3
1987,$4000_const,1
1987,$4000_vol,0
1989,$4012_addr,250
1989,$4013_len,11
1989,$4010_rate,15
1989,$4000_duty,3
1989,$4000_const,1
1989,$4000_vol,10
1989,$4002_period,403
1989,$400B_length,32
1989,$4004_duty,2
1989,$4004_const,1
1989,$4004_vol,10
1989,$4006_period,1211
1989,$4008_linear,127
1989,$400A_period,75
1989,$400B_length,48
1989,$400E_period,1
1989,$400E_mode,0
1989,$400C_const,1
1989,$400C_vol,8
1990,$4004_duty,3
1990,$4004_const,1
1990,$4004_vol,9
1990,$4008_linear,0
1990,$400C_const,1
1990,$400C_vol,5
1991,$4004_duty,3
1991,$4004_const,1
1991,$4004_vol,8
1991,$400C_const,1
1991,$400C_vol,0
1992,$4000_duty,3
1992,$4000_const,1
1992,$4000_vol,7
1992,$4004_duty,3
1992,$4004_const,1
1992,$4004_vol,7
1993,$4000_duty,3
1993,$4000_const,1
1993,$4000_vol,5
1993,$4004_duty,3
1993,$4004_const,1
1993,$4004_vol,0
1994,$4000_duty,3
1994,$4000_const,1
1994,$4000_vol,0
1996,$4012_addr,240
1996,$4013_len,11
1996,$4010_rate,15
1996,$4000_duty,3
1996,$4000_const,1
1996,$4000_vol,10
1996,$4002_period,359
1996,$400B_length,48
1996,$4004_duty,2
1996,$4004_const,1
1996,$4004_vol,12
1996,$4006_period,3237
1996,$4008_linear,127
1996,$400A_period,151
1996,$400B_length,32
1996,$400E_period,3
1996,$400E_mode,0
1996,$400C_const,1
1996,$400C_vol,8
1997,$4004_duty,3
1997,$4004_const,1
1997,$4004_vol,11
1997,$4008_linear,0
1997,$400C_const,1
1997,$400C_vol,5
1998,$4004_duty,3
1998,$4004_const,1
1998,$4004_vol,10
1998,$400C_const,1
1998,$400C_vol,0
1999,$4000_duty,3
1999,$4000_const,1
1999,$4000_vol,7
1999,$4004_duty,3
1999,$4004_const,1
1999,$4004_vol,9
2000,$4000_duty,3
2000,$4000_const,1
2000,$4000_vol,5
2000,$4004_duty,3
2000,$4004_const,1
2000,$4004_vol,8
2001,$4000_duty,3
2001,$4000_const,1
2001,$4000_vol,0
2001,$4004_duty,3
2001,$4004_const,1
2001,$4004_vol,7
2002,$4004_duty,3
2002,$4004_const,1
2002,$4004_vol,6
2003,$4012_addr,243
2003,$4013_len,28
2003,$4010_rate,15
2003,$4000_duty,3
2003,$4000_const,1
2003,$4000_vol,10
2003,$4002_period,403
2003,$400B_length,32
2003,$4004_duty,3
2003,$4004_const,1
2003,$4004_vol,5
2003,$4008_linear,127
2003,$400A_period,121
2003,$400B_length,48
2003,$400C_const,1
2003,$400C_vol,10
2004,$4008_linear,0
2004,$400C_const,1
2004,$400C_vol,7
2005,$4004_duty,3
2005,$4004_const,1
2005,$4004_vol,4
2005,$400C_const,1
2005,$400C_vol,0
2006,$4000_duty,3
2006,$4000_const,1
2006,$4000_vol,7
2006,$4004_duty,3
2006,$4004_const,1
2006,$4004_vol,1
2007,$4000_duty,3
2007,$4000_const,1
2007,$4000_vol,5
2008,$4000_duty,3
2008,$4000_const,1
2008,$4000_vol,0
2010,$4000_duty,3
2010,$4000_const,1
2010,$4000_vol,10
2010,$4002_period,481
2010,$400B_length,48
2010,$4004_duty,2
2010,$4004_const,1
2010,$4004_vol,12
2010,$4006_period,3237
2010,$4008_linear,127
2010,$400A_period,151
2010,$400B_length,32
2010,$400E_period,2
2010,$400E_mode,0
2010,$400C_const,1
2010,$400C_vol,8
2011,$4004_duty,3
2011,$4004_const,1
2011,$4004_vol,11
2011,$4008_linear,0
2011,$400C_const,1
2011,$400C_vol,5
2012,$4004_duty,3
2012,$4004_const,1
2012,$4004_vol,10
2012,$400C_const,1
2012,$400C_vol,0
2013,$4000_duty,3
2013,$4000_const,1
2013,$4000_vol,7
2013,$4004_duty,3
2013,$4004_const,1
2013,$4004_vol,9
2014,$4000_duty,3
2014,$4000_const,1
2014,$4000_vol,5
2014,$4004_duty,3
2014,$4004_const,1
2014,$4004_vol,8
2015,$4000_duty,3
2015,$4000_const,1
2015,$4000_vol,0
2015,$4004_duty,3
2015,$4004_const,1
2015,$4004_vol,7
2016,$4004_duty,3
2016,$4004_const,1
2016,$4004_vol,6
2017,$4012_addr,250
2017,$4013_len,11
2017,$4010_rate,14
2017,$4000_duty,3
2017,$4000_const,1
2017,$4000_vol,10
2017,$4002_period,605
2017,$400B_length,33
2017,$4004_duty,3
2017,$4004_const,1
2017,$4004_vol,5
2017,$4008_linear,127
2017,$400A_period,75
2017,$400B_length,48
2017,$400E_period,1
2017,$400E_mode,0
2017,$400C_const,1
2017,$400C_vol,8
2018,$4008_linear,0
2018,$400C_const,1
2018,$400C_vol,5
2019,$4004_duty,3
2019,$4004_const,1
2019,$4004_vol,4
2019,$400C_const,1
2019,$400C_vol,0
2020,$4000_duty,3
2020,$4000_const,1
2020,$4000_vol,7
2020,$4004_duty,3
2020,$4004_const,1
2020,$4004_vol,1
2021,$4000_duty,3
2021,$4000_const,1
2021,$4000_vol,5
2022,$4000_duty,3
2022,$4000_const,1
2022,$4000_vol,0
2024,$4012_addr,240
2024,$4013_len,11
2024,$4010_rate,15
2024,$4000_duty,3
2024,$4000_const,1
2024,$4000_vol,10
2024,$4002_period,807
2024,$400B_length,49
2024,$4004_duty,2
2024,$4004_const,1
2024,$4004_vol,11
2024,$4006_period,1211
2024,$4008_linear,127
2024,$400A_period,151
2024,$400B_length,32
2024,$400E_period,3
2024,$400E_mode,0
2024,$400C_const,1
2024,$400C_vol,8
2025,$4004_duty,3
2025,$4004_const,1
2025,$4004_vol,10
2025,$4008_linear,0
2025,$400C_const,1
2025,$400C_vol,5
2026,$4004_duty,3
2026,$4004_const,1
2026,$4004_vol,9
2026,$400C_const,1
2026,$400C_vol,0
2027,$4000_duty,3
2027,$4000_const,1
2027,$4000_vol,7
2027,$4004_duty,3
2027,$4004_const,1
2027,$4004_vol,8
2028,$4000_duty,3
2028,$4000_const,1
2028,$4000_vol,5
2028,$4004_duty,3
2028,$4004_const,1
2028,$4004_vol,0
2029,$4000_duty,3
2029,$4000_const,1
2029,$4000_vol,0
2031,$4012_addr,240
2031,$4013_len,11
2031,$4010_rate,15
2031,$4000_duty,3
2031,$4000_const,1
2031,$4000_vol,10
2031,$4002_period,481
2031,$400B_length,32
2031,$4004_duty,2
2031,$4004_const,1
2031,$4004_vol,15
2031,$4006_period,2427
2031,$4008_linear,127
2031,$400A_period,121
2031,$400B_length,48
2031,$400C_const,1
2031,$400C_vol,10
2032,$4004_duty,3
2032,$4004_const,1
2032,$4004_vol,14
2032,$4008_linear,0
2032,$400C_const,1
2032,$400C_vol,7
2033,$4004_duty,3
2033,$4004_const,1
2033,$4004_vol,13
2033,$400C_const,1
2033,$400C_vol,0
2034,$4000_duty,3
2034,$4000_const,1
2034,$4000_vol,7
2034,$4004_duty,3
2034,$4004_const,1
2034,$4004_vol,12
2035,$4000_duty,3
2035,$4000_const,1
2035,$4000_vol,5
2035,$4004_duty,3
2035,$4004_const,1
2035,$4004_vol,11
2036,$4000_duty,3
2036,$4000_const,1
2036,$4000_vol,0
2036,$4004_duty,3
2036,$4004_const,1
2036,$4004_vol,10
2037,$4004_duty,3
2037,$4004_const,1
2037,$4004_vol,9
2038,$4000_duty,3
2038,$4000_const,1
2038,$4000_vol,10
2038,$4002_period,453
2038,$400B_length,48
2038,$4004_duty,3
2038,$4004_const,1
2038,$4004_vol,8
2038,$4008_linear,127
2038,$400A_period,151
2038,$400B_length,32
2038,$400E_period,2
2038,$400E_mode,0
2038,$400C_const,1
2038,$400C_vol,8
2039,$4008_linear,0
2039,$400C_const,1
2039,$400C_vol,5
2040,$4004_duty,3
2040,$4004_const,1
2040,$4004_vol,7
2040,$400C_const,1
2040,$400C_vol,0
2041,$4000_duty,3
2041,$4000_const,1
2041,$4000_vol,7
2041,$4004_duty,3
2041,$4004_const,1
2041,$4004_vol,4
2042,$4000_duty,3
2042,$4000_const,1
2042,$4000_vol,5
2043,$4000_duty,3
2043,$4000_const,1
2043,$4000_vol,0
2045,$4012_addr,250
2045,$4013_len,11
2045,$4010_rate,15
2045,$4000_duty,3
2045,$4000_const,1
2045,$4000_vol,10
2045,$4002_period,427
2045,$400B_length,32
2045,$4004_duty,2
2045,$4004_const,1
2045,$4004_vol,10
2045,$4006_period,1211
2045,$4008_linear,127
2045,$400A_period,75
2045,$400B_length,48
2045,$400E_period,1
2045,$400E_mode,0
2045,$400C_const,1
2045,$400C_vol,8
2046,$4004_duty,3
2046,$4004_const,1
2046,$4004_vol,9
2046,$4008_linear,0
2046,$400C_const,1
2046,$400C_vol,5
2047,$4004_duty,3
2047,$4004_const,1
2047,$4004_vol,8
2047,$400C_const,1
2047,$400C_vol,0
2048,$4000_duty,3
2048,$4000_const,1
2048,$4000_vol,7
2048,$4004_duty,3
2048,$4004_const,1
2048,$4004_vol,7
2049,$4000_duty,3
2049,$4000_const,1
2049,$4000_vol,5
2049,$4004_duty,3
2049,$4004_const,1
2049,$4004_vol,0
2050,$4000_duty,3
2050,$4000_const,1
2050,$4000_vol,0
2052,$4000_duty,3
2052,$4000_const,1
2052,$4000_vol,10
2052,$4002_period,403
2052,$400B_length,48
2052,$4004_duty,2
2052,$4004_const,1
2052,$4004_vol,12
2052,$4006_period,3237
2052,$4008_linear,127
2052,$400A_period,151
2052,$400B_length,32
2052,$400E_period,3
2052,$400E_mode,0
2052,$400C_const,1
2052,$400C_vol,8
2053,$4004_duty,3
2053,$4004_const,1
2053,$4004_vol,11
2053,$4008_linear,0
2053,$400C_const,1
2053,$400C_vol,5
2054,$4004_duty,3
2054,$4004_const,1
2054,$4004_vol,10
2054,$400C_const,1
2054,$400C_vol,0
2055,$4000_duty,3
2055,$4000_const,1
2055,$4000_vol,7
2055,$4004_duty,3
2055,$4004_const,1
2055,$4004_vol,9
2056,$4000_duty,3
2056,$4000_const,1
2056,$4000_vol,5
2056,$4004_duty,3
2056,$4004_const,1
2056,$4004_vol,8
2057,$4000_duty,3
2057,$4000_const,1
2057,$4000_vol,0
2057,$4004_duty,3
2057,$4004_const,1
2057,$4004_vol,7
2058,$4004_duty,3
2058,$4004_const,1
2058,$4004_vol,6
2059,$4012_addr,243
2059,$4013_len,28
2059,$4010_rate,15
2059,$4004_duty,3
2059,$4004_const,1
2059,$4004_vol,5
2059,$4008_linear,127
2059,$400A_period,121
2059,$400B_length,48
2059,$400C_const,1
2059,$400C_vol,10
2060,$4008_linear,0
2060,$400C_const,1
2060,$400C_vol,7
2061,$4004_duty,3
2061,$4004_const,1
2061,$4004_vol,4
2061,$400C_const,1
2061,$400C_vol,0
2062,$4004_duty,3
2062,$4004_const,1
2062,$4004_vol,1
2066,$4000_duty,0
2066,$4000_const,1
2066,$4000_vol,7
2066,$4002_period,89
2066,$400B_length,32
2066,$4004_duty,2
2066,$4004_const,1
2066,$4004_vol,12
2066,$4006_period,3237
2066,$4008_linear,127
2066,$400A_period,151
2066,$400B_length,32
2066,$400E_period,2
2066,$400E_mode,0
2066,$400C_const,1
2066,$400C_vol,8
2067,$4004_duty,3
2067,$4004_const,1
2067,$4004_vol,11
2067,$4008_linear,0
2067,$400C_const,1
2067,$400C_vol,5
2068,$4000_duty,0
2068,$4000_const,1
2068,$4000_vol,5
2068,$4004_duty,3
2068,$4004_const,1
2068,$4004_vol,10
2068,$400C_const,1
2068,$400C_vol,0
2069,$4004_duty,3
2069,$4004_const,1
2069,$4004_vol,9
2070,$4000_duty,0
2070,$4000_const,1
2070,$4000_vol,0
2070,$4004_duty,3
2070,$4004_const,1
2070,$4004_vol,8
2071,$4004_duty,3
2071,$4004_const,1
2071,$4004_vol,7
2072,$4004_duty,3
2072,$4004_const,1
2072,$4004_vol,6
2073,$4012_addr,250
2073,$4013_len,11
2073,$4010_rate,14
2073,$4000_duty,0
2073,$4000_const,1
2073,$4000_vol,7
2073,$4002_period,81
2073,$400B_length,48
2073,$4004_duty,3
2073,$4004_const,1
2073,$4004_vol,5
2073,$4008_linear,127
2073,$400A_period,75
2073,$400B_length,48
2073,$400E_period,1
2073,$400E_mode,0
2073,$400C_const,1
2073,$400C_vol,8
2074,$4008_linear,0
2074,$400C_const,1
2074,$400C_vol,5
2075,$4000_duty,0
2075,$4000_const,1
2075,$4000_vol,5
2075,$4004_duty,3
2075,$4004_const,1
2075,$4004_vol,4
2075,$400C_const,1
2075,$400C_vol,0
2076,$4004_duty,3
2076,$4004_const,1
2076,$4004_vol,1
2077,$4000_duty,0
2077,$4000_const,1
2077,$4000_vol,0
2080,$4010_rate,14
2080,$4000_duty,0
2080,$4000_const,1
2080,$4000_vol,7
2080,$4002_period,75
2080,$400B_length,32
2080,$4004_duty,2
2080,$4004_const,1
2080,$4004_vol,11
2080,$4006_period,1211
2080,$4008_linear,127
2080,$400A_period,151
2080,$400B_length,32
2080,$400E_period,3
2080,$400E_mode,0
2080,$400C_const,1
2080,$400C_vol,8
2081,$4004_duty,3
2081,$4004_const,1
2081,$4004_vol,10
2081,$4008_linear,0
2081,$400C_const,1
2081,$400C_vol,5
2082,$4000_duty,0
2082,$4000_const,1
2082,$4000_vol,5
2082,$4004_duty,3
2082,$4004_const,1
2082,$4004_vol,9
2082,$400C_const,1
2082,$400C_vol,0
2083,$4004_duty,3
2083,$4004_const,1
2083,$4004_vol,8
2084,$4000_duty,0
2084,$4000_const,1
2084,$4000_vol,0
2084,$4004_duty,3
2084,$4004_const,1
2084,$4004_vol,0
2087,$4012_addr,240
2087,$4013_len,11
2087,$4010_rate,15
2087,$4000_duty,0
2087,$4000_const,1
2087,$4000_vol,7
2087,$4002_period,101
2087,$400B_length,48
2087,$4004_duty,2
2087,$4004_const,1
2087,$4004_vol,15
2087,$4006_period,2427
2087,$4008_linear,127
2087,$400A_period,121
2087,$400B_length,48
2087,$400C_const,1
2087,$400C_vol,10
2088,$4004_duty,3
2088,$4004_const,1
2088,$4004_vol,14
2088,$4008_linear,0
2088,$400C_const,1
2088,$400C_vol,7
2089,$4000_duty,0
2089,$4000_const,1
2089,$4000_vol,5
2089,$4004_duty,3
2089,$4004_const,1
2089,$4004_vol,13
2089,$400C_const,1
2089,$400C_vol,0
2090,$4004_duty,3
2090,$4004_const,1
2090,$4004_vol,12
2091,$4000_duty,0
2091,$4000_const,1
2091,$4000_vol,0
2091,$4004_duty,3
2091,$4004_const,1
2091,$4004_vol,11
2092,$4004_duty,3
2092,$4004_const,1
2092,$4004_vol,10
2093,$4004_duty,3
2093,$4004_const,1
2093,$4004_vol,9
2093,$400E_period,11
2093,$400E_mode,0
2093,$400C_const,1
2093,$400C_vol,15
2094,$4004_duty,3
2094,$4004_const,1
2094,$4004_vol,8
2094,$4008_linear,127
2094,$400A_period,151
2094,$400B_length,32
2094,$400E_period,2
2094,$400E_mode,0
2094,$400C_const,1
2094,$400C_vol,8
2095,$4008_linear,0
2095,$400C_const,1
2095,$400C_vol,5
2096,$4004_duty,3
2096,$4004_const,1
2096,$4004_vol,7
2096,$400C_const,1
2096,$400C_vol,0
2097,$4004_duty,3
2097,$4004_const,1
2097,$4004_vol,4
2101,$4012_addr,250
2101,$4013_len,11
2101,$4010_rate,15
2101,$4004_duty,2
2101,$4004_const,1
2101,$4004_vol,10
2101,$4006_period,1211
2101,$4008_linear,127
2101,$400A_period,75
2101,$400B_length,48
2101,$400E_period,1
2101,$400E_mode,0
2101,$400C_const,1
2101,$400C_vol,8
2102,$4004_duty,3
2102,$4004_const,1
2102,$4004_vol,9
2102,$4008_linear,0
2102,$400C_const,1
2102,$400C_vol,5
2103,$4004_duty,3
2103,$4004_const,1
2103,$4004_vol,8
2103,$400C_const,1
2103,$400C_vol,0
2104,$4004_duty,3
2104,$4004_const,1
2104,$4004_vol,7
2105,$4004_duty,3
2105,$4004_const,1
2105,$4004_vol,0
2107,$4004_duty,2
2107,$4004_const,1
2107,$4004_vol,15
2107,$4006_period,85
2108,$4010_rate,15
2108,$4004_duty,2
2108,$4004_const,1
2108,$4004_vol,4
2108,$4008_linear,127
2108,$400A_period,151
2108,$400B_length,32
2108,$400E_period,3
2108,$400E_mode,0
2108,$400C_const,1
2108,$400C_vol,8
2109,$4004_duty,2
2109,$4004_const,1
2109,$4004_vol,15
2109,$4006_period,89
2109,$4008_linear,0
2109,$400C_const,1
2109,$400C_vol,5
2110,$4004_duty,2
2110,$4004_const,1
2110,$4004_vol,4
2110,$400C_const,1
2110,$400C_vol,0
2111,$4004_duty,2
2111,$4004_const,1
2111,$4004_vol,15
2111,$4006_period,95
2112,$4004_duty,2
2112,$4004_const,1
2112,$4004_vol,13
2112,$4006_period,113
2113,$4004_duty,2
2113,$4004_const,1
2113,$4004_vol,11
2113,$4006_period,135
2114,$4004_duty,2
2114,$4004_const,1
2114,$4004_vol,9
2114,$4006_period,161
2115,$4012_addr,243
2115,$4013_len,28
2115,$4010_rate,15
2115,$4004_duty,2
2115,$4004_const,1
2115,$4004_vol,7
2115,$4006_period,191
2115,$4008_linear,127
2115,$400A_period,121
2115,$400B_length,48
2115,$400C_const,1
2115,$400C_vol,10
2116,$4004_duty,2
2116,$4004_const,1
2116,$4004_vol,5
2116,$4006_period,227
2116,$4008_linear,0
2116,$400C_const,1
2116,$400C_vol,7
2117,$4004_duty,2
2117,$4004_const,1
2117,$4004_vol,4
2117,$4006_period,269
2117,$400C_const,1
2117,$400C_vol,0
2118,$4004_duty,2
2118,$4004_const,1
2118,$4004_vol,3
2118,$4006_period,303
2119,$4006_period,339
2120,$4004_duty,2
2120,$4004_const,1
2120,$4004_vol,2
2120,$4006_period,381
2121,$4006_period,427
2122,$4012_addr,250
2122,$4013_len,11
2122,$4010_rate,14
2122,$4004_duty,2
2122,$4004_const,1
2122,$4004_vol,1
2122,$4006_period,453
2122,$4008_linear,127
2122,$400A_period,151
2122,$400B_length,32
2122,$400E_period,2
2122,$400E_mode,0
2122,$400C_const,1
2122,$400C_vol,8
2123,$4004_duty,3
2123,$4004_const,1
2123,$4004_vol,11
2123,$4006_period,3237
2123,$4008_linear,0
2123,$400C_const,1
2123,$400C_vol,5
2124,$4004_duty,3
2124,$4004_const,1
2124,$4004_vol,10
2124,$400C_const,1
2124,$400C_vol,0
2125,$4004_duty,3
2125,$4004_const,1
2125,$4004_vol,9
2126,$4012_addr,244
2126,$4013_len,16
2126,$4010_rate,15
2126,$4004_duty,2
2126,$4004_const,1
2126,$4004_vol,6
2126,$4006_period,57
2126,$400E_period,10
2126,$400E_mode,0
2126,$400C_const,1
2126,$400C_vol,15
2127,$4004_duty,2
2127,$4004_const,1
2127,$4004_vol,5
2127,$4006_period,121
2127,$400C_const,1
2127,$400C_vol,14
2128,$4004_duty,2
2128,$4004_const,1
2128,$4004_vol,4
2128,$4006_period,107
2128,$400E_period,8
2128,$400E_mode,0
2128,$400C_const,1
2128,$400C_vol,13
2129,$4012_addr,243
2129,$4013_len,28
2129,$4010_rate,15
2129,$4004_duty,2
2129,$4004_const,1
2129,$4004_vol,0
2129,$4008_linear,127
2129,$400A_period,75
2129,$400B_length,48
2129,$400C_const,1
2129,$400C_vol,12
2130,$4008_linear,0
2130,$400C_const,1
2130,$400C_vol,11
2131,$400C_const,1
2131,$400C_vol,10
2132,$400C_const,1
2132,$400C_vol,9
2133,$400C_const,1
2133,$400C_vol,8
2135,$400E_period,11
2135,$400E_mode,0
2135,$400C_const,1
2135,$400C_vol,7
2136,$4012_addr,240
2136,$4013_len,11
2136,$4010_rate,15
2136,$4008_linear,127
2136,$400A_period,151
2136,$400B_length,32
2137,$4008_linear,0
2137,$400C_const,1
2137,$400C_vol,6
2139,$400C_const,1
2139,$400C_vol,3
2141,$400C_const,1
2141,$400C_vol,2
2142,$400E_period,12
2142,$400E_mode,0
2143,$4012_addr,240
2143,$4013_len,11
2143,$4010_rate,15
2143,$4000_duty,3
2143,$4000_const,1
2143,$4000_vol,11
2143,$4002_period,539
2143,$400B_length,33
2143,$4008_linear,127
2143,$400A_period,113
2143,$400B_length,48
2143,$400C_const,1
2143,$400C_vol,1
2144,$4008_linear,0
2145,$400C_const,1
2145,$400C_vol,0
2146,$4000_duty,3
2146,$4000_const,1
2146,$4000_vol,8
2147,$4000_duty,3
2147,$4000_const,1
2147,$4000_vol,6
2148,$4000_duty,3
2148,$4000_const,1
2148,$4000_vol,0
2148,$4004_duty,3
2148,$4004_const,1
2148,$4004_vol,10
2148,$4006_period,2157
2148,$400E_period,3
2148,$400E_mode,0
2149,$4004_duty,3
2149,$4004_const,1
2149,$4004_vol,9
2150,$4004_duty,3
2150,$4004_const,1
2150,$4004_vol,8
2150,$4008_linear,127
2150,$400A_period,135
2150,$400B_length,32
2150,$400E_period,2
2150,$400E_mode,0
2150,$400C_const,1
2150,$400C_vol,8
2151,$4008_linear,0
2151,$400C_const,1
2151,$400C_vol,5
2152,$4004_duty,3
2152,$4004_const,1
2152,$4004_vol,7
2152,$400C_const,1
2152,$400C_vol,0
2153,$4004_duty,3
2153,$4004_const,1
2153,$4004_vol,4
2157,$4012_addr,250
2157,$4013_len,11
2157,$4010_rate,15
2157,$4000_duty,3
2157,$4000_const,1
2157,$4000_vol,9
2157,$4002_period,539
2157,$400B_length,49
2157,$4004_duty,2
2157,$4004_const,1
2157,$4004_vol,12
2157,$4006_period,1079
2157,$4008_linear,127
2157,$400A_period,67
2157,$400B_length,48
2157,$400E_period,1
2157,$400E_mode,0
2157,$400C_const,1
2157,$400C_vol,8
2158,$4004_duty,3
2158,$4004_const,1
2158,$4004_vol,11
2158,$4008_linear,0
2158,$400C_const,1
2158,$400C_vol,5
2159,$4004_duty,3
2159,$4004_const,1
2159,$4004_vol,10
2159,$400C_const,1
2159,$400C_vol,0
2160,$4000_duty,3
2160,$4000_const,1
2160,$4000_vol,0
2160,$4004_duty,3
2160,$4004_const,1
2160,$4004_vol,9
2161,$4004_duty,3
2161,$4004_const,1
2161,$4004_vol,1
2162,$4000_duty,3
2162,$4000_const,1
2162,$4000_vol,7
2162,$4002_period,539
2162,$400B_length,33
2164,$4004_duty,2
2164,$4004_const,1
2164,$4004_vol,12
2164,$4006_period,2881
2164,$4008_linear,127
2164,$400A_period,135
2164,$400B_length,32
2164,$400E_period,3
2164,$400E_mode,0
2164,$400C_const,1
2164,$400C_vol,8
2165,$4000_duty,3
2165,$4000_const,1
2165,$4000_vol,0
2165,$4004_duty,3
2165,$4004_const,1
2165,$4004_vol,11
2165,$4008_linear,0
2165,$400C_const,1
2165,$400C_vol,5
2166,$4004_duty,3
2166,$4004_const,1
2166,$4004_vol,10
2166,$400C_const,1
2166,$400C_vol,0
2167,$4000_duty,3
2167,$4000_const,1
2167,$4000_vol,5
2167,$4002_period,539
2167,$400B_length,49
2167,$4004_duty,3
2167,$4004_const,1
2167,$4004_vol,9
2168,$4004_duty,3
2168,$4004_const,1
2168,$4004_vol,8
2169,$4004_duty,3
2169,$4004_const,1
2169,$4004_vol,7
2170,$4000_duty,3
2170,$4000_const,1
2170,$4000_vol,0
2170,$4004_duty,3
2170,$4004_const,1
2170,$4004_vol,6
2171,$4012_addr,243
2171,$4013_len,28
2171,$4010_rate,15
2171,$4004_duty,3
2171,$4004_const,1
2171,$4004_vol,5
2171,$4008_linear,127
2171,$400A_period,113
2171,$400B_length,48
2171,$400C_const,1
2171,$400C_vol,10
2172,$4000_duty,3
2172,$4000_const,1
2172,$4000_vol,3
2172,$4002_period,539
2172,$400B_length,33
2172,$4008_linear,0
2172,$400C_const,1
2172,$400C_vol,7
2173,$4004_duty,3
2173,$4004_const,1
2173,$4004_vol,4
2173,$400C_const,1
2173,$400C_vol,0
2174,$4004_duty,3
2174,$4004_const,1
2174,$4004_vol,1
2175,$4000_duty,3
2175,$4000_const,1
2175,$4000_vol,0
2177,$4000_duty,3
2177,$4000_const,1
2177,$4000_vol,1
2177,$4002_period,539
2177,$400B_length,49
2178,$4004_duty,2
2178,$4004_const,1
2178,$4004_vol,10
2178,$4006_period,2881
2178,$4008_linear,127
2178,$400A_period,135
2178,$400B_length,32
2178,$400E_period,2
2178,$400E_mode,0
2178,$400C_const,1
2178,$400C_vol,8
2179,$4004_duty,3
2179,$4004_const,1
2179,$4004_vol,9
2179,$4008_linear,0
2179,$400C_const,1
2179,$400C_vol,5
2180,$4000_duty,3
2180,$4000_const,1
2180,$4000_vol,0
2180,$4004_duty,3
2180,$4004_const,1
2180,$4004_vol,8
2180,$400C_const,1
2180,$400C_vol,0
2181,$4004_duty,3
2181,$4004_const,1
2181,$4004_vol,7
2182,$4004_duty,3
2182,$4004_const,1
2182,$4004_vol,6
2183,$4004_duty,3
2183,$4004_const,1
2183,$4004_vol,5
2184,$4004_duty,3
2184,$4004_const,1
2184,$4004_vol,4
2185,$4012_addr,250
2185,$4013_len,11
2185,$4010_rate,14
2185,$4000_duty,3
2185,$4000_const,1
2185,$4000_vol,10
2185,$4002_period,509
2185,$400B_length,32
2185,$4004_duty,3
2185,$4004_const,1
2185,$4004_vol,3
2185,$4008_linear,127
2185,$400A_period,67
2185,$400B_length,48
2185,$400E_period,1
2185,$400E_mode,0
2185,$400C_const,1
2185,$400C_vol,8
2186,$4008_linear,0
2186,$400C_const,1
2186,$400C_vol,5
2187,$4004_duty,3
2187,$4004_const,1
2187,$4004_vol,2
2187,$400C_const,1
2187,$400C_vol,0
2188,$4000_duty,3
2188,$4000_const,1
2188,$4000_vol,7
2188,$4004_duty,3
2188,$4004_const,1
2188,$4004_vol,0
2189,$4000_duty,3
2189,$4000_const,1
2189,$4000_vol,5
2190,$4000_duty,3
2190,$4000_const,1
2190,$4000_vol,0
2192,$4010_rate,14
2192,$4000_duty,3
2192,$4000_const,1
2192,$4000_vol,10
2192,$4002_period,481
2192,$400B_length,48
2192,$4004_duty,2
2192,$4004_const,1
2192,$4004_vol,10
2192,$4006_period,1079
2192,$4008_linear,127
2192,$400A_period,135
2192,$400B_length,32
2192,$400E_period,3
2192,$400E_mode,0
2192,$400C_const,1
2192,$400C_vol,8
2193,$4004_duty,3
2193,$4004_const,1
2193,$4004_vol,9
2193,$4008_linear,0
2193,$400C_const,1
2193,$400C_vol,5
2194,$4004_duty,3
2194,$4004_const,1
2194,$4004_vol,8
2194,$400C_const,1
2194,$400C_vol,0
2195,$4000_duty,3
2195,$4000_const,1
2195,$4000_vol,7
2195,$4004_duty,3
2195,$4004_const,1
2195,$4004_vol,7
2196,$4000_duty,3
2196,$4000_const,1
2196,$4000_vol,5
2196,$4004_duty,3
2196,$4004_const,1
2196,$4004_vol,0
2197,$4000_duty,3
2197,$4000_const,1
2197,$4000_vol,0
2199,$4012_addr,240
2199,$4013_len,11
2199,$4010_rate,15
2199,$4000_duty,3
2199,$4000_const,1
2199,$4000_vol,10
2199,$4002_period,453
2199,$400B_length,32
2199,$4004_duty,2
2199,$4004_const,1
2199,$4004_vol,15
2199,$4006_period,2157
2199,$4008_linear,127
2199,$400A_period,113
2199,$400B_length,48
2199,$400C_const,1
2199,$400C_vol,10
2200,$4004_duty,3
2200,$4004_const,1
2200,$4004_vol,14
2200,$4008_linear,0
2200,$400C_const,1
2200,$400C_vol,7
2201,$4004_duty,3
2201,$4004_const,1
2201,$4004_vol,13
2201,$400C_const,1
2201,$400C_vol,0
2202,$4000_duty,3
2202,$4000_const,1
2202,$4000_vol,7
2202,$4004_duty,3
2202,$4004_const,1
2202,$4004_vol,12
2203,$4000_duty,3
2203,$4000_const,1
2203,$4000_vol,5
2203,$4004_duty,3
2203,$4004_const,1
2203,$4004_vol,11
2204,$4000_duty,3
2204,$4000_const,1
2204,$4000_vol,0
2204,$4004_duty,3
2204,$4004_const,1
2204,$4004_vol,10
2205,$4004_duty,3
2205,$4004_const,1
2205,$4004_vol,9
2206,$4000_duty,3
2206,$4000_const,1
2206,$4000_vol,10
2206,$4002_period,403
2206,$400B_length,48
2206,$4004_duty,3
2206,$4004_const,1
2206,$4004_vol,8
2206,$4008_linear,127
2206,$400A_period,135
2206,$400B_length,32
2206,$400E_period,2
2206,$400E_mode,0
2206,$400C_const,1
2206,$400C_vol,8
2207,$4008_linear,0
2207,$400C_const,1
2207,$400C_vol,5
2208,$4004_duty,3
2208,$4004_const,1
2208,$4004_vol,7
2208,$400C_const,1
2208,$400C_vol,0
2209,$4000_duty,3
2209,$4000_const,1
2209,$4000_vol,7
2209,$4004_duty,3
2209,$4004_const,1
2209,$4004_vol,4
2210,$4000_duty,3
2210,$4000_const,1
2210,$4000_vol,5
2211,$4000_duty,3
2211,$4000_const,1
2211,$4000_vol,0
2213,$4012_addr,250
2213,$4013_len,11
2213,$4010_rate,15
2213,$4000_duty,3
2213,$4000_const,1
2213,$4000_vol,10
2213,$4002_period,453
2213,$400B_length,32
2213,$4004_duty,2
2213,$4004_const,1
2213,$4004_vol,12
2213,$4006_period,1079
2213,$4008_linear,127
2213,$400A_period,67
2213,$400B_length,48
2213,$400E_period,1
2213,$400E_mode,0
2213,$400C_const,1
2213,$400C_vol,8
2214,$4004_duty,3
2214,$4004_const,1
2214,$4004_vol,11
2214,$4008_linear,0
2214,$400C_const,1
2214,$400C_vol,5
2215,$4004_duty,3
2215,$4004_const,1
2215,$4004_vol,10
2215,$400C_const,1
2215,$400C_vol,0
2216,$4000_duty,3
2216,$4000_const,1
2216,$4000_vol,7
2216,$4004_duty,3
2216,$4004_const,1
2216,$4004_vol,9
2217,$4000_duty,3
2217,$4000_const,1
2217,$4000_vol,5
2217,$4004_duty,3
2217,$4004_const,1
2217,$4004_vol,1
2218,$4000_duty,3
2218,$4000_const,1
2218,$4000_vol,0
2220,$4010_rate,15
2220,$4000_duty,3
2220,$4000_const,1
2220,$4000_vol,10
2220,$4002_period,403
2220,$400B_length,48
2220,$4004_duty,2
2220,$4004_const,1
2220,$4004_vol,12
2220,$4006_period,2881
2220,$4008_linear,127
2220,$400A_period,135
2220,$400B_length,32
2220,$400E_period,3
2220,$400E_mode,0
2220,$400C_const,1
2220,$400C_vol,8
2221,$4004_duty,3
2221,$4004_const,1
2221,$4004_vol,11
2221,$4008_linear,0
2221,$400C_const,1
2221,$400C_vol,5
2222,$4004_duty,3
2222,$4004_const,1
2222,$4004_vol,10
2222,$400C_const,1
2222,$400C_vol,0
2223,$4000_duty,3
2223,$4000_const,1
2223,$4000_vol,7
2223,$4004_duty,3
2223,$4004_const,1
2223,$4004_vol,9
2224,$4000_duty,3
2224,$4000_const,1
2224,$4000_vol,5
2224,$4004_duty,3
2224,$4004_const,1
2224,$4004_vol,8
2225,$4000_duty,3
2225,$4000_const,1
2225,$4000_vol,0
2225,$4004_duty,3
2225,$4004_const,1
2225,$4004_vol,7
2226,$4004_duty,3
2226,$4004_const,1
2226,$4004_vol,6
2227,$4012_addr,243
2227,$4013_len,28
2227,$4010_rate,15
2227,$4000_duty,3
2227,$4000_const,1
2227,$4000_vol,10
2227,$4002_period,453
2227,$400B_length,32
2227,$4004_duty,3
2227,$4004_const,1
2227,$4004_vol,5
2227,$4008_linear,127
2227,$400A_period,113
2227,$400B_length,48
2227,$400C_const,1
2227,$400C_vol,10
2228,$4008_linear,0
2228,$400C_const,1
2228,$400C_vol,7
2229,$4004_duty,3
2229,$4004_const,1
2229,$4004_vol,4
2229,$400C_const,1
2229,$400C_vol,0
2230,$4000_duty,3
2230,$4000_const,1
2230,$4000_vol,7
2230,$4004_duty,3
2230,$4004_const,1
2230,$4004_vol,1
2231,$4000_duty,3
2231,$4000_const,1
2231,$4000_vol,5
2232,$4000_duty,3
2232,$4000_const,1
2232,$4000_vol,0
2234,$4012_addr,250
2234,$4013_len,11
2234,$4010_rate,14
2234,$4000_duty,3
2234,$4000_const,1
2234,$4000_vol,10
2234,$4002_period,403
2234,$400B_length,48
2234,$4004_duty,2
2234,$4004_const,1
2234,$4004_vol,10
2234,$4006_period,2881
2234,$4008_linear,127
2234,$400A_period,135
2234,$400B_length,32
2234,$400E_period,2
2234,$400E_mode,0
2234,$400C_const,1
2234,$400C_vol,8
2235,$4004_duty,3
2235,$4004_const,1
2235,$4004_vol,9
2235,$4008_linear,0
2235,$400C_const,1
2235,$400C_vol,5
2236,$4004_duty,3
2236,$4004_const,1
2236,$4004_vol,8
2236,$400C_const,1
2236,$400C_vol,0
2237,$4000_duty,3
2237,$4000_const,1
2237,$4000_vol,7
2237,$4004_duty,3
2237,$4004_const,1
2237,$4004_vol,7
2238,$4000_duty,3
2238,$4000_const,1
2238,$4000_vol,5
2238,$4004_duty,3
2238,$4004_const,1
2238,$4004_vol,6
2239,$4000_duty,3
2239,$4000_const,1
2239,$4000_vol,0
2239,$4004_duty,3
2239,$4004_const,1
2239,$4004_vol,5
2240,$4004_duty,3
2240,$4004_const,1
2240,$4004_vol,4
2241,$4012_addr,243
2241,$4013_len,28
2241,$4010_rate,15
2241,$4000_duty,3
2241,$4000_const,1
2241,$4000_vol,10
2241,$4002_period,321
2241,$400B_length,32
2241,$4004_duty,3
2241,$4004_const,1
2241,$4004_vol,3
2241,$4008_linear,127
2241,$400A_period,67
2241,$400B_length,48
2241,$400E_period,1
2241,$400E_mode,0
2241,$400C_const,1
2241,$400C_vol,8
2242,$4008_linear,0
2242,$400C_const,1
2242,$400C_vol,5
2243,$4004_duty,3
2243,$4004_const,1
2243,$4004_vol,2
2243,$400C_const,1
2243,$400C_vol,0
2244,$4000_duty,3
2244,$4000_const,1
2244,$4000_vol,7
2244,$4004_duty,3
2244,$4004_const,1
2244,$4004_vol,0
2245,$4000_duty,3
2245,$4000_const,1
2245,$4000_vol,5
2246,$4000_duty,3
2246,$4000_const,1
2246,$4000_vol,0
2248,$4012_addr,240
2248,$4013_len,11
2248,$4010_rate,15
2248,$4000_duty,3
2248,$4000_const,1
2248,$4000_vol,10
2248,$4002_period,359
2248,$400B_length,48
2248,$4004_duty,2
2248,$4004_const,1
2248,$4004_vol,10
2248,$4006_period,1079
2248,$4008_linear,127
2248,$400A_period,135
2248,$400B_length,32
2248,$400E_period,3
2248,$400E_mode,0
2248,$400C_const,1
2248,$400C_vol,8
2249,$4004_duty,3
2249,$4004_const,1
2249,$4004_vol,9
2249,$4008_linear,0
2249,$400C_const,1
2249,$400C_vol,5
2250,$4004_duty,3
2250,$4004_const,1
2250,$4004_vol,8
2250,$400C_const,1
2250,$400C_vol,0
2251,$4000_duty,3
2251,$4000_const,1
2251,$4000_vol,7
2251,$4004_duty,3
2251,$4004_const,1
2251,$4004_vol,7
2252,$4000_duty,3
2252,$4000_const,1
2252,$4000_vol,5
2252,$4004_duty,3
2252,$4004_const,1
2252,$4004_vol,0
2253,$4000_duty,3
2253,$4000_const,1
2253,$4000_vol,0
2255,$4012_addr,240
2255,$4013_len,11
2255,$4010_rate,15
2255,$4000_duty,3
2255,$4000_const,1
2255,$4000_vol,10
2255,$4002_period,403
2255,$400B_length,32
2255,$4004_duty,2
2255,$4004_const,1
2255,$4004_vol,15
2255,$4006_period,2157
2255,$4008_linear,127
2255,$400A_period,113
2255,$400B_length,48
2255,$400C_const,1
2255,$400C_vol,10
2256,$4004_duty,3
2256,$4004_const,1
2256,$4004_vol,14
2256,$4008_linear,0
2256,$400C_const,1
2256,$400C_vol,7
2257,$4004_duty,3
2257,$4004_const,1
2257,$4004_vol,13
2257,$400C_const,1
2257,$400C_vol,0
2258,$4000_duty,3
2258,$4000_const,1
2258,$4000_vol,7
2258,$4004_duty,3
2258,$4004_const,1
2258,$4004_vol,12
2259,$4000_duty,3
2259,$4000_const,1
2259,$4000_vol,5
2259,$4004_duty,3
2259,$4004_const,1
2259,$4004_vol,11
2260,$4000_duty,3
2260,$4000_const,1
2260,$4000_vol,0
2260,$4004_duty,3
2260,$4004_const,1
2260,$4004_vol,10
2261,$4004_duty,3
2261,$4004_const,1
2261,$4004_vol,9
2262,$4000_duty,3
2262,$4000_const,1
2262,$4000_vol,10
2262,$4002_period,453
2262,$400B_length,48
2262,$4004_duty,3
2262,$4004_const,1
2262,$4004_vol,8
2262,$4008_linear,127
2262,$400A_period,135
2262,$400B_length,32
2262,$400E_period,2
2262,$400E_mode,0
2262,$400C_const,1
2262,$400C_vol,8
2263,$4008_linear,0
2263,$400C_const,1
2263,$400C_vol,5
2264,$4004_duty,3
2264,$4004_const,1
2264,$4004_vol,7
2264,$400C_const,1
2264,$400C_vol,0
2265,$4000_duty,3
2265,$4000_const,1
2265,$4000_vol,7
2265,$4004_duty,3
2265,$4004_const,1
2265,$4004_vol,4
2266,$4000_duty,3
2266,$4000_const,1
2266,$4000_vol,5
2267,$4000_duty,3
2267,$4000_const,1
2267,$4000_vol,0
2269,$4012_addr,250
2269,$4013_len,11
2269,$4010_rate,15
2269,$4000_duty,3
2269,$4000_const,1
2269,$4000_vol,10
2269,$4002_period,539
2269,$400B_length,33
2269,$4004_duty,2
2269,$4004_const,1
2269,$4004_vol,10
2269,$4006_period,1079
2269,$4008_linear,127
2269,$400A_period,67
2269,$400B_length,48
2269,$400E_period,1
2269,$400E_mode,0
2269,$400C_const,1
2269,$400C_vol,8
2270,$4004_duty,3
2270,$4004_const,1
2270,$4004_vol,9
2270,$4008_linear,0
2270,$400C_const,1
2270,$400C_vol,5
2271,$4004_duty,3
2271,$4004_const,1
2271,$4004_vol,8
2271,$400C_const,1
2271,$400C_vol,0
2272,$4000_duty,3
2272,$4000_const,1
2272,$4000_vol,7
2272,$4004_duty,3
2272,$4004_const,1
2272,$4004_vol,7
2273,$4000_duty,3
2273,$4000_const,1
2273,$4000_vol,5
2273,$4004_duty,3
2273,$4004_const,1
2273,$4004_vol,0
2274,$4000_duty,3
2274,$4000_const,1
2274,$4000_vol,0
2276,$4000_duty,3
2276,$4000_const,1
2276,$4000_vol,10
2276,$4002_period,641
2276,$400B_length,49
2276,$4004_duty,2
2276,$4004_const,1
2276,$4004_vol,10
2276,$4006_period,2157
2276,$4008_linear,127
2276,$400A_period,135
2276,$400B_length,32
2276,$400E_period,3
2276,$400E_mode,0
2276,$400C_const,1
2276,$400C_vol,8
2277,$4004_duty,3
2277,$4004_const,1
2277,$4004_vol,9
2277,$4008_linear,0
2277,$400C_const,1
2277,$400C_vol,5
2278,$4004_duty,3
2278,$4004_const,1
2278,$4004_vol,8
2278,$400C_const,1
2278,$400C_vol,0
2279,$4000_duty,3
2279,$4000_const,1
2279,$4000_vol,7
2279,$4004_duty,3
2279,$4004_const,1
2279,$4004_vol,7
2280,$4000_duty,3
2280,$4000_const,1
2280,$4000_vol,5
2280,$4004_duty,3
2280,$4004_const,1
2280,$4004_vol,6
2281,$4000_duty,3
2281,$4000_const,1
2281,$4000_vol,0
2281,$4004_duty,3
2281,$4004_const,1
2281,$4004_vol,5
2282,$4004_duty,3
2282,$4004_const,1
2282,$4004_vol,4
2283,$4012_addr,243
2283,$4013_len,28
2283,$4010_rate,15
2283,$4004_duty,3
2283,$4004_const,1
2283,$4004_vol,3
2283,$4008_linear,127
2283,$400A_period,113
2283,$400B_length,48
2283,$400C_const,1
2283,$400C_vol,10
2284,$4008_linear,0
2284,$400C_const,1
2284,$400C_vol,7
2285,$4004_duty,3
2285,$4004_const,1
2285,$4004_vol,2
2285,$400C_const,1
2285,$400C_vol,0
2286,$4004_duty,3
2286,$4004_const,1
2286,$4004_vol,0
2290,$4000_duty,0
2290,$4000_const,1
2290,$4000_vol,13
2290,$4002_period,807
2290,$400B_length,33
2290,$4004_duty,2
2290,$4004_const,1
2290,$4004_vol,13
2290,$4006_period,1619
2290,$4008_linear,127
2290,$400A_period,101
2290,$400B_length,32
2290,$400E_period,2
2290,$400E_mode,0
2290,$400C_const,1
2290,$400C_vol,8
2291,$4004_duty,3
2291,$4004_const,1
2291,$4004_vol,12
2291,$4008_linear,0
2291,$400C_const,1
2291,$400C_vol,5
2292,$4000_duty,0
2292,$4000_const,1
2292,$4000_vol,11
2292,$4004_duty,3
2292,$4004_const,1
2292,$4004_vol,11
2292,$400C_const,1
2292,$400C_vol,0
2293,$4004_duty,3
2293,$4004_const,1
2293,$4004_vol,10
2294,$4004_duty,3
2294,$4004_const,1
2294,$4004_vol,2
2295,$4000_duty,0
2295,$4000_const,1
2295,$4000_vol,2
2297,$4012_addr,250
2297,$4013_len,11
2297,$4010_rate,14
2297,$4000_duty,0
2297,$4000_const,1
2297,$4000_vol,13
2297,$4002_period,907
2297,$400B_length,49
2297,$4004_duty,2
2297,$4004_const,1
2297,$4004_vol,13
2297,$4006_period,1811
2297,$4008_linear,127
2297,$400A_period,113
2297,$400B_length,48
2297,$400E_period,1
2297,$400E_mode,0
2297,$400C_const,1
2297,$400C_vol,8
2298,$4004_duty,3
2298,$4004_const,1
2298,$4004_vol,12
2298,$4008_linear,0
2298,$400C_const,1
2298,$400C_vol,5
2299,$4000_duty,0
2299,$4000_const,1
2299,$4000_vol,11
2299,$4004_duty,3
2299,$4004_const,1
2299,$4004_vol,11
2299,$400C_const,1
2299,$400C_vol,0
2300,$4004_duty,3
2300,$4004_const,1
2300,$4004_vol,10
2301,$4004_duty,3
2301,$4004_const,1
2301,$4004_vol,2
2302,$4000_duty,0
2302,$4000_const,1
2302,$4000_vol,2
2304,$4010_rate,14
2304,$4000_duty,0
2304,$4000_const,1
2304,$4000_vol,13
2304,$4002_period,1079
2304,$400B_length,34
2304,$4004_duty,2
2304,$4004_const,1
2304,$4004_vol,14
2304,$4006_period,2157
2304,$4008_linear,127
2304,$400A_period,135
2304,$400B_length,32
2304,$400E_period,3
2304,$400E_mode,0
2304,$400C_const,1
2304,$400C_vol,8
2305,$4004_duty,3
2305,$4004_const,1
2305,$4004_vol,13
2305,$4008_linear,0
2305,$400C_const,1
2305,$400C_vol,5
2306,$4000_duty,0
2306,$4000_const,1
2306,$4000_vol,11
2306,$4004_duty,3
2306,$4004_const,1
2306,$4004_vol,12
2306,$400C_const,1
2306,$400C_vol,0
2307,$4004_duty,3
2307,$4004_const,1
2307,$4004_vol,11
2308,$4004_duty,3
2308,$4004_const,1
2308,$4004_vol,3
2309,$4000_duty,0
2309,$4000_const,1
2309,$4000_vol,2
2311,$4012_addr,243
2311,$4013_len,28
2311,$4010_rate,15
2311,$4000_duty,0
2311,$4000_const,1
2311,$4000_vol,13
2311,$4002_period,1281
2311,$400B_length,50
2311,$4004_duty,2
2311,$4004_const,1
2311,$4004_vol,14
2311,$4006_period,2571
2311,$4008_linear,127
2311,$400A_period,161
2311,$400B_length,48
2311,$400E_period,2
2311,$400E_mode,0
2311,$400C_const,1
2311,$400C_vol,14
2312,$4004_duty,3
2312,$4004_const,1
2312,$4004_vol,13
2312,$4008_linear,0
2312,$400C_const,1
2312,$400C_vol,11
2313,$4000_duty,0
2313,$4000_const,1
2313,$4000_vol,11
2313,$4004_duty,3
2313,$4004_const,1
2313,$4004_vol,12
2313,$400C_const,1
2313,$400C_vol,3
2314,$4004_duty,3
2314,$4004_const,1
2314,$4004_vol,11
2315,$4004_duty,3
2315,$4004_const,1
2315,$4004_vol,3
2316,$4000_duty,0
2316,$4000_const,1
2316,$4000_vol,2
2318,$4012_addr,240
2318,$4013_len,11
2318,$4010_rate,15
2318,$4004_duty,2
2318,$4004_const,1
2318,$4004_vol,15
2318,$4006_period,3237
2318,$4008_linear,127
2318,$400A_period,201
2318,$400B_length,32
2318,$400E_period,1
2318,$400E_mode,0
2318,$400C_const,1
2318,$400C_vol,2
2319,$4004_duty,3
2319,$4004_const,1
2319,$4004_vol,14
2319,$4008_linear,0
2319,$400C_const,1
2319,$400C_vol,0
2320,$4004_duty,3
2320,$4004_const,1
2320,$4004_vol,13
2321,$4004_duty,3
2321,$4004_const,1
2321,$4004_vol,12
2322,$4004_duty,3
2322,$4004_const,1
2322,$4004_vol,4
2324,$4000_duty,0
2324,$4000_const,1
2324,$4000_vol,0
2325,$4008_linear,127
2325,$400A_period,201
2325,$400B_length,48
2325,$400C_const,1
2325,$400C_vol,4
2326,$4004_duty,3
2326,$4004_const,1
2326,$4004_vol,0
2326,$4008_linear,0
2326,$400C_const,1
2326,$400C_vol,1
2327,$400C_const,1
2327,$400C_vol,0
2332,$4010_rate,15
2332,$4000_duty,0
2332,$4000_const,1
2332,$4000_vol,13
2332,$4002_period,1619
2332,$400B_length,35
2332,$4004_duty,2
2332,$4004_const,1
2332,$4004_vol,15
2332,$4006_period,3237
2332,$4008_linear,127
2332,$400A_period,179
2332,$400B_length,32
2332,$400E_period,2
2332,$400E_mode,0
2332,$400C_const,1
2332,$400C_vol,14
2333,$4004_duty,3
2333,$4004_const,1
2333,$4004_vol,14
2333,$4008_linear,0
2333,$400C_const,1
2333,$400C_vol,11
2334,$4000_duty,0
2334,$4000_const,1
2334,$4000_vol,11
2334,$4004_duty,3
2334,$4004_const,1
2334,$4004_vol,13
2334,$400C_const,1
2334,$400C_vol,3
2335,$4004_duty,3
2335,$4004_const,1
2335,$4004_vol,12
2336,$4004_duty,3
2336,$4004_const,1
2336,$4004_vol,4
2337,$4000_duty,0
2337,$4000_const,1
2337,$4000_vol,2
2339,$4010_rate,15
2339,$4008_linear,127
2339,$400A_period,161
2339,$400B_length,48
2339,$400E_period,1
2339,$400E_mode,0
2339,$400C_const,1
2339,$400C_vol,2
2340,$4004_duty,3
2340,$4004_const,1
2340,$4004_vol,0
2340,$4008_linear,0
2340,$400C_const,1
2340,$400C_vol,0
2345,$4000_duty,0
2345,$4000_const,1
2345,$4000_vol,0
2346,$4012_addr,253
2346,$4013_len,10
2346,$4010_rate,15
2346,$4000_duty,0
2346,$4000_const,1
2346,$4000_vol,13
2346,$4002_period,1619
2346,$400B_length,51
2346,$4004_duty,2
2346,$4004_const,1
2346,$4004_vol,15
2346,$4006_period,3237
2346,$4008_linear,127
2346,$400A_period,151
2346,$400B_length,32
2346,$400C_const,1
2346,$400C_vol,4
2347,$4004_duty,3
2347,$4004_const,1
2347,$4004_vol,14
2347,$4008_linear,0
2347,$400C_const,1
2347,$400C_vol,1
2348,$4000_duty,0
2348,$4000_const,1
2348,$4000_vol,11
2348,$4004_duty,3
2348,$4004_const,1
2348,$4004_vol,4
2348,$400C_const,1
2348,$400C_vol,0
2351,$4000_duty,0
2351,$4000_const,1
2351,$4000_vol,2
2352,$4004_duty,3
2352,$4004_const,1
2352,$4004_vol,0
2353,$4012_addr,243
2353,$4013_len,28
2353,$4010_rate,15
2353,$4000_duty,2
2353,$4000_const,1
2353,$4000_vol,5
2353,$4002_period,101
2353,$400B_length,32
2353,$4004_duty,2
2353,$4004_const,1
2353,$4004_vol,5
2353,$4006_period,113
2353,$4008_linear,127
2353,$400A_period,135
2353,$400B_length,48
2353,$400E_period,4
2353,$400E_mode,0
2353,$400C_const,1
2353,$400C_vol,11
2354,$4000_duty,3
2354,$4000_const,1
2354,$4000_vol,4
2354,$4004_duty,3
2354,$4004_const,1
2354,$4004_vol,4
2354,$4008_linear,0
2354,$400C_const,1
2354,$400C_vol,10
2355,$4000_duty,3
2355,$4000_const,1
2355,$4000_vol,3
2355,$4004_duty,3
2355,$4004_const,1
2355,$4004_vol,3
2355,$400C_const,1
2355,$400C_vol,0
2356,$4000_duty,3
2356,$4000_const,1
2356,$4000_vol,2
2356,$4004_duty,3
2356,$4004_const,1
2356,$4004_vol,2
2357,$4000_duty,3
2357,$4000_const,1
2357,$4000_vol,1
2357,$4004_duty,3
2357,$4004_const,1
2357,$4004_vol,1
2358,$4000_duty,3
2358,$4000_const,1
2358,$4000_vol,0
2358,$4004_duty,3
2358,$4004_const,1
2358,$4004_vol,0
2360,$4012_addr,253
2360,$4013_len,10
2360,$4010_rate,14
2360,$4008_linear,127
2360,$400A_period,101
2360,$400B_length,32
2360,$400E_period,1
2360,$400E_mode,0
2360,$400C_const,1
2360,$400C_vol,11
2361,$4008_linear,0
2361,$400C_const,1
2361,$400C_vol,8
2362,$400C_const,1
2362,$400C_vol,0
2367,$4012_addr,240
2367,$4013_len,11
2367,$4010_rate,15
2367,$4000_duty,3
2367,$4000_const,1
2367,$4000_vol,11
2367,$4002_period,481
2367,$400B_length,48
2367,$4004_duty,2
2367,$4004_const,1
2367,$4004_vol,15
2367,$4006_period,2427
2367,$4008_linear,127
2367,$400A_period,121
2367,$400B_length,48
2367,$400E_period,3
2367,$400E_mode,0
2367,$400C_const,1
2367,$400C_vol,10
2368,$4004_duty,3
2368,$4004_const,1
2368,$4004_vol,14
2368,$4008_linear,0
2368,$400C_const,1
2368,$400C_vol,7
2369,$4004_duty,3
2369,$4004_const,1
2369,$4004_vol,13
2369,$400C_const,1
2369,$400C_vol,0
2370,$4000_duty,3
2370,$4000_const,1
2370,$4000_vol,8
2370,$4004_duty,3
2370,$4004_const,1
2370,$4004_vol,12
2371,$4000_duty,3
2371,$4000_const,1
2371,$4000_vol,6
2371,$4004_duty,3
2371,$4004_const,1
2371,$4004_vol,11
2372,$4000_duty,3
2372,$4000_const,1
2372,$4000_vol,0
2372,$4004_duty,3
2372,$4004_const,1
2372,$4004_vol,10
2373,$4004_duty,3
2373,$4004_const,1
2373,$4004_vol,9
2374,$4004_duty,3
2374,$4004_const,1
2374,$4004_vol,8
2374,$4008_linear,127
2374,$400A_period,151
2374,$400B_length,32
2374,$400E_period,2
2374,$400E_mode,0
2374,$400C_const,1
2374,$400C_vol,8
2375,$4008_linear,0
2375,$400C_const,1
2375,$400C_vol,5
2376,$4004_duty,3
2376,$4004_const,1
2376,$4004_vol,7
2376,$400C_const,1
2376,$400C_vol,0
2377,$4004_duty,3
2377,$4004_const,1
2377,$4004_vol,4
2381,$4012_addr,250
2381,$4013_len,11
2381,$4010_rate,15
2381,$4000_duty,3
2381,$4000_const,1
2381,$4000_vol,9
2381,$4002_period,481
2381,$400B_length,32
2381,$4004_duty,2
2381,$4004_const,1
2381,$4004_vol,10
2381,$4006_period,1211
2381,$4008_linear,127
2381,$400A_period,75
2381,$400B_length,48
2381,$400E_period,1
2381,$400E_mode,0
2381,$400C_const,1
2381,$400C_vol,8
2382,$4004_duty,3
2382,$4004_const,1
2382,$4004_vol,9
2382,$4008_linear,0
2382,$400C_const,1
2382,$400C_vol,5
2383,$4004_duty,3
2383,$4004_const,1
2383,$4004_vol,8
2383,$400C_const,1
2383,$400C_vol,0
2384,$4000_duty,3
2384,$4000_const,1
2384,$4000_vol,0
2384,$4004_duty,3
2384,$4004_const,1
2384,$4004_vol,7
2385,$4004_duty,3
2385,$4004_const,1
2385,$4004_vol,0
2386,$4000_duty,3
2386,$4000_const,1
2386,$4000_vol,7
2386,$4002_period,481
2386,$400B_length,48
2388,$4004_duty,2
2388,$4004_const,1
2388,$4004_vol,12
2388,$4006_period,3237
2388,$4008_linear,127
2388,$400A_period,151
2388,$400B_length,32
2388,$400E_period,3
2388,$400E_mode,0
2388,$400C_const,1
2388,$400C_vol,8
2389,$4000_duty,3
2389,$4000_const,1
2389,$4000_vol,0
2389,$4004_duty,3
2389,$4004_const,1
2389,$4004_vol,11
2389,$4008_linear,0
2389,$400C_const,1
2389,$400C_vol,5
2390,$4004_duty,3
2390,$4004_const,1
2390,$4004_vol,10
2390,$400C_const,1
2390,$400C_vol,0
2391,$4000_duty,3
2391,$4000_const,1
2391,$4000_vol,5
2391,$4002_period,481
2391,$400B_length,32
2391,$4004_duty,3
2391,$4004_const,1
2391,$4004_vol,9
2392,$4004_duty,3
2392,$4004_const,1
2392,$4004_vol,8
2393,$4004_duty,3
2393,$4004_const,1
2393,$4004_vol,7
2394,$4000_duty,3
2394,$4000_const,1
2394,$4000_vol,0
2394,$4004_duty,3
2394,$4004_const,1
2394,$4004_vol,6
2395,$4012_addr,243
2395,$4013_len,28
2395,$4010_rate,15
2395,$4004_duty,3
2395,$4004_const,1
2395,$4004_vol,5
2395,$4008_linear,127
2395,$400A_period,121
2395,$400B_length,48
2395,$400C_const,1
2395,$400C_vol,10
2396,$4000_duty,3
2396,$4000_const,1
2396,$4000_vol,3
2396,$4002_period,481
2396,$400B_length,48
2396,$4008_linear,0
2396,$400C_const,1
2396,$400C_vol,7
2397,$4004_duty,3
2397,$4004_const,1
2397,$4004_vol,4
2397,$400C_const,1
2397,$400C_vol,0
2398,$4004_duty,3
2398,$4004_const,1
2398,$4004_vol,1
2399,$4000_duty,3
2399,$4000_const,1
2399,$4000_vol,0
2401,$4000_duty,3
2401,$4000_const,1
2401,$4000_vol,1
2401,$4002_period,481
2401,$400B_length,32
2402,$4004_duty,2
2402,$4004_const,1
2402,$4004_vol,12
2402,$4006_period,3237
2402,$4008_linear,127
2402,$400A_period,151
2402,$400B_length,32
2402,$400E_period,2
2402,$400E_mode,0
2402,$400C_const,1
2402,$400C_vol,8
2403,$4004_duty,3
2403,$4004_const,1
2403,$4004_vol,11
2403,$4008_linear,0
2403,$400C_const,1
2403,$400C_vol,5
2404,$4000_duty,3
2404,$4000_const,1
2404,$4000_vol,0
2404,$4004_duty,3
2404,$4004_const,1
2404,$4004_vol,10
2404,$400C_const,1
2404,$400C_vol,0
2405,$4004_duty,3
2405,$4004_const,1
2405,$4004_vol,9
2406,$4004_duty,3
2406,$4004_const,1
2406,$4004_vol,8
2407,$4004_duty,3
2407,$4004_const,1
2407,$4004_vol,7
2408,$4004_duty,3
2408,$4004_const,1
2408,$4004_vol,6
2409,$4012_addr,250
2409,$4013_len,11
2409,$4010_rate,14
2409,$4000_duty,3
2409,$4000_const,1
2409,$4000_vol,10
2409,$4002_period,453
2409,$400B_length,48
2409,$4004_duty,3
2409,$4004_const,1
2409,$4004_vol,5
2409,$4008_linear,127
2409,$400A_period,75
2409,$400B_length,48
2409,$400E_period,1
2409,$400E_mode,0
2409,$400C_const,1
2409,$400C_vol,8
2410,$4008_linear,0
2410,$400C_const,1
2410,$400C_vol,5
2411,$4004_duty,3
2411,$4004_const,1
2411,$4004_vol,4
2411,$400C_const,1
2411,$400C_vol,0
2412,$4000_duty,3
2412,$4000_const,1
2412,$4000_vol,7
2412,$4004_duty,3
2412,$4004_const,1
2412,$4004_vol,1
2413,$4000_duty,3
2413,$4000_const,1
2413,$4000_vol,5
2414,$4000_duty,3
2414,$4000_const,1
2414,$4000_vol,0
2416,$4010_rate,14
2416,$4000_duty,3
2416,$4000_const,1
2416,$4000_vol,10
2416,$4002_period,427
2416,$400B_length,32
2416,$4004_duty,2
2416,$4004_const,1
2416,$4004_vol,11
2416,$4006_period,1211
2416,$4008_linear,127
2416,$400A_period,151
2416,$400B_length,32
2416,$400E_period,3
2416,$400E_mode,0
2416,$400C_const,1
2416,$400C_vol,8
2417,$4004_duty,3
2417,$4004_const,1
2417,$4004_vol,10
2417,$4008_linear,0
2417,$400C_const,1
2417,$400C_vol,5
2418,$4004_duty,2
2418,$4004_const,1
2418,$4004_vol,6
2418,$4006_period,197
2418,$400C_const,1
2418,$400C_vol,0
2419,$4000_duty,3
2419,$4000_const,1
2419,$4000_vol,7
2419,$4004_duty,2
2419,$4004_const,1
2419,$4004_vol,9
2420,$4000_duty,3
2420,$4000_const,1
2420,$4000_vol,5
2420,$4004_duty,2
2420,$4004_const,1
2420,$4004_vol,12
2421,$4000_duty,3
2421,$4000_const,1
2421,$4000_vol,0
2421,$4004_duty,2
2421,$4004_const,1
2421,$4004_vol,9
2421,$400E_period,11
2421,$400E_mode,0
2421,$400C_const,1
2421,$400C_vol,7
2422,$4004_duty,2
2422,$4004_const,1
2422,$4004_vol,4
2422,$400E_period,10
2422,$400E_mode,0
2423,$4012_addr,240
2423,$4013_len,11
2423,$4010_rate,15
2423,$4000_duty,3
2423,$4000_const,1
2423,$4000_vol,10
2423,$4002_period,403
2423,$400B_length,48
2423,$4004_duty,2
2423,$4004_const,1
2423,$4004_vol,15
2423,$4006_period,2427
2423,$4008_linear,127
2423,$400A_period,121
2423,$400B_length,48
2423,$400E_period,11
2423,$400E_mode,0
2423,$400C_const,1
2423,$400C_vol,9
2424,$4004_duty,3
2424,$4004_const,1
2424,$4004_vol,14
2424,$4008_linear,0
2424,$400E_period,10
2424,$400E_mode,0
2425,$4004_duty,3
2425,$4004_const,1
2425,$4004_vol,13
2425,$400E_period,11
2425,$400E_mode,0
2425,$400C_const,1
2425,$400C_vol,7
2426,$4000_duty,3
2426,$4000_const,1
2426,$4000_vol,7
2426,$4004_duty,3
2426,$4004_const,1
2426,$4004_vol,12
2426,$400E_period,10
2426,$400E_mode,0
2427,$4000_duty,3
2427,$4000_const,1
2427,$4000_vol,5
2427,$4004_duty,3
2427,$4004_const,1
2427,$4004_vol,11
2427,$400E_period,11
2427,$400E_mode,0
2427,$400C_const,1
2427,$400C_vol,9
2428,$4000_duty,3
2428,$4000_const,1
2428,$4000_vol,0
2428,$4004_duty,3
2428,$4004_const,1
2428,$4004_vol,10
2428,$400E_period,10
2428,$400E_mode,0
2429,$4004_duty,3
2429,$4004_const,1
2429,$4004_vol,9
2429,$400E_period,11
2429,$400E_mode,0
2429,$400C_const,1
2429,$400C_vol,7
2430,$4000_duty,3
2430,$4000_const,1
2430,$4000_vol,10
2430,$4002_period,359
2430,$400B_length,32
2430,$4004_duty,3
2430,$4004_const,1
2430,$4004_vol,8
2430,$4008_linear,127
2430,$400A_period,151
2430,$400B_length,32
2430,$400E_period,10
2430,$400E_mode,0
2431,$4008_linear,0
2431,$400E_period,11
2431,$400E_mode,0
2431,$400C_const,1
2431,$400C_vol,9
2432,$4004_duty,3
2432,$4004_const,1
2432,$4004_vol,7
2432,$400E_period,10
2432,$400E_mode,0
2433,$4000_duty,3
2433,$4000_const,1
2433,$4000_vol,7
2433,$4004_duty,3
2433,$4004_const,1
2433,$4004_vol,4
2433,$400E_period,11
2433,$400E_mode,0
2433,$400C_const,1
2433,$400C_vol,7
2434,$4000_duty,3
2434,$4000_const,1
2434,$4000_vol,5
2434,$400E_period,10
2434,$400E_mode,0
2435,$4000_duty,3
2435,$4000_const,1
2435,$4000_vol,0
2435,$400E_period,11
2435,$400E_mode,0
2435,$400C_const,1
2435,$400C_vol,9
2436,$400E_period,10
2436,$400E_mode,0
2437,$4012_addr,250
2437,$4013_len,11
2437,$4010_rate,15
2437,$4000_duty,3
2437,$4000_const,1
2437,$4000_vol,10
2437,$4002_period,403
2437,$400B_length,48
2437,$4004_duty,2
2437,$4004_const,1
2437,$4004_vol,10
2437,$4006_period,1211
2437,$4008_linear,127
2437,$400A_period,75
2437,$400B_length,48
2437,$400E_period,11
2437,$400E_mode,0
2437,$400C_const,1
2437,$400C_vol,7
2438,$4004_duty,3
2438,$4004_const,1
2438,$4004_vol,9
2438,$4008_linear,0
2438,$400E_period,10
2438,$400E_mode,0
2439,$4004_duty,3
2439,$4004_const,1
2439,$4004_vol,8
2439,$400E_period,11
2439,$400E_mode,0
2439,$400C_const,1
2439,$400C_vol,9
2440,$4000_duty,3
2440,$4000_const,1
2440,$4000_vol,7
2440,$4004_duty,3
2440,$4004_const,1
2440,$4004_vol,7
2440,$400E_period,10
2440,$400E_mode,0
2441,$4000_duty,3
2441,$4000_const,1
2441,$4000_vol,5
2441,$4004_duty,3
2441,$4004_const,1
2441,$4004_vol,0
2441,$400E_period,11
2441,$400E_mode,0
2441,$400C_const,1
2441,$400C_vol,7
2442,$4000_duty,3
2442,$4000_const,1
2442,$4000_vol,0
2442,$400E_period,10
2442,$400E_mode,0
2443,$400E_period,11
2443,$400E_mode,0
2443,$400C_const,1
2443,$400C_vol,9
2444,$4012_addr,240
2444,$4013_len,11
2444,$4010_rate,15
2444,$4000_duty,3
2444,$4000_const,1
2444,$4000_vol,10
2444,$4002_period,359
2444,$400B_length,32
2444,$4004_duty,2
2444,$4004_const,1
2444,$4004_vol,12
2444,$4006_period,3237
2444,$4008_linear,127
2444,$400A_period,151
2444,$400B_length,32
2444,$400E_period,10
2444,$400E_mode,0
2445,$4004_duty,3
2445,$4004_const,1
2445,$4004_vol,11
2445,$4008_linear,0
2445,$400E_period,11
2445,$400E_mode,0
2445,$400C_const,1
2445,$400C_vol,7
2446,$4004_duty,3
2446,$4004_const,1
2446,$4004_vol,10
2446,$400E_period,10
2446,$400E_mode,0
2447,$4000_duty,3
2447,$4000_const,1
2447,$4000_vol,7
2447,$4004_duty,3
2447,$4004_const,1
2447,$4004_vol,9
2447,$400E_period,11
2447,$400E_mode,0
2447,$400C_const,1
2447,$400C_vol,9
2448,$4000_duty,3
2448,$4000_const,1
2448,$4000_vol,5
2448,$4004_duty,3
2448,$4004_const,1
2448,$4004_vol,8
2448,$400E_period,10
2448,$400E_mode,0
2449,$4000_duty,3
2449,$4000_const,1
2449,$4000_vol,0
2449,$4004_duty,3
2449,$4004_const,1
2449,$4004_vol,7
2449,$400E_period,11
2449,$400E_mode,0
2449,$400C_const,1
2449,$400C_vol,7
2450,$4004_duty,3
2450,$4004_const,1
2450,$4004_vol,6
2450,$400E_period,10
2450,$400E_mode,0
2451,$4012_addr,243
2451,$4013_len,28
2451,$4010_rate,15
2451,$4000_duty,3
2451,$4000_const,1
2451,$4000_vol,10
2451,$4002_period,403
2451,$400B_length,48
2451,$4004_duty,3
2451,$4004_const,1
2451,$4004_vol,5
2451,$4008_linear,127
2451,$400A_period,121
2451,$400B_length,48
2451,$400E_period,11
2451,$400E_mode,0
2451,$400C_const,1
2451,$400C_vol,9
2452,$4008_linear,0
2452,$400E_period,10
2452,$400E_mode,0
2453,$4004_duty,3
2453,$4004_const,1
2453,$4004_vol,4
2453,$400E_period,11
2453,$400E_mode,0
2453,$400C_const,1
2453,$400C_vol,7
2454,$4000_duty,3
2454,$4000_const,1
2454,$4000_vol,7
2454,$4004_duty,3
2454,$4004_const,1
2454,$4004_vol,1
2454,$400E_period,10
2454,$400E_mode,0
2455,$4000_duty,3
2455,$4000_const,1
2455,$4000_vol,5
2455,$400E_period,11
2455,$400E_mode,0
2455,$400C_const,1
2455,$400C_vol,9
2456,$4000_duty,3
2456,$4000_const,1
2456,$4000_vol,0
2456,$400E_period,10
2456,$400E_mode,0
2457,$400E_period,11
2457,$400E_mode,0
2457,$400C_const,1
2457,$400C_vol,7
2458,$4000_duty,3
2458,$4000_const,1
2458,$4000_vol,10
2458,$4002_period,481
2458,$400B_length,32
2458,$4004_duty,2
2458,$4004_const,1
2458,$4004_vol,12
2458,$4006_period,3237
2458,$4008_linear,127
2458,$400A_period,151
2458,$400B_length,32
2458,$400E_period,10
2458,$400E_mode,0
2459,$4004_duty,3
2459,$4004_const,1
2459,$4004_vol,11
2459,$4008_linear,0
2459,$400E_period,11
2459,$400E_mode,0
2459,$400C_const,1
2459,$400C_vol,9
2460,$4004_duty,3
2460,$4004_const,1
2460,$4004_vol,10
2460,$400E_period,10
2460,$400E_mode,0
2461,$4000_duty,3
2461,$4000_const,1
2461,$4000_vol,7
2461,$4004_duty,3
2461,$4004_const,1
2461,$4004_vol,9
2461,$400E_period,11
2461,$400E_mode,0
2461,$400C_const,1
2461,$400C_vol,7
2462,$4000_duty,3
2462,$4000_const,1
2462,$4000_vol,5
2462,$4004_duty,3
2462,$4004_const,1
2462,$4004_vol,8
2462,$400E_period,10
2462,$400E_mode,0
2463,$4000_duty,3
2463,$4000_const,1
2463,$4000_vol,0
2463,$4004_duty,3
2463,$4004_const,1
2463,$4004_vol,7
2463,$400E_period,11
2463,$400E_mode,0
2463,$400C_const,1
2463,$400C_vol,9
2464,$4004_duty,3
2464,$4004_const,1
2464,$4004_vol,6
2464,$400E_period,10
2464,$400E_mode,0
2465,$4012_addr,250
2465,$4013_len,11
2465,$4010_rate,14
2465,$4000_duty,3
2465,$4000_const,1
2465,$4000_vol,10
2465,$4002_period,605
2465,$400B_length,49
2465,$4004_duty,3
2465,$4004_const,1
2465,$4004_vol,5
2465,$4008_linear,127
2465,$400A_period,75
2465,$400B_length,48
2465,$400E_period,11
2465,$400E_mode,0
2465,$400C_const,1
2465,$400C_vol,7
2466,$4008_linear,0
2466,$400E_period,10
2466,$400E_mode,0
2467,$4004_duty,3
2467,$4004_const,1
2467,$4004_vol,4
2467,$400E_period,11
2467,$400E_mode,0
2467,$400C_const,1
2467,$400C_vol,9
2468,$4000_duty,3
2468,$4000_const,1
2468,$4000_vol,7
2468,$4004_duty,3
2468,$4004_const,1
2468,$4004_vol,1
2468,$400E_period,10
2468,$400E_mode,0
2469,$4000_duty,3
2469,$4000_const,1
2469,$4000_vol,5
2469,$400E_period,11
2469,$400E_mode,0
2469,$400C_const,1
2469,$400C_vol,7
2470,$4000_duty,3
2470,$4000_const,1
2470,$4000_vol,0
2470,$400E_period,10
2470,$400E_mode,0
2471,$400E_period,11
2471,$400E_mode,0
2471,$400C_const,1
2471,$400C_vol,9
2472,$4012_addr,240
2472,$4013_len,11
2472,$4010_rate,15
2472,$4000_duty,3
2472,$4000_const,1
2472,$4000_vol,10
2472,$4002_period,807
2472,$400B_length,33
2472,$4004_duty,2
2472,$4004_const,1
2472,$4004_vol,11
2472,$4006_period,1211
2472,$4008_linear,127
2472,$400A_period,151
2472,$400B_length,32
2472,$400E_period,10
2472,$400E_mode,0
2473,$4004_duty,3
2473,$4004_const,1
2473,$4004_vol,10
2473,$4008_linear,0
2473,$400E_period,11
2473,$400E_mode,0
2473,$400C_const,1
2473,$400C_vol,7
2474,$4004_duty,3
2474,$4004_const,1
2474,$4004_vol,9
2474,$400E_period,10
2474,$400E_mode,0
2475,$4000_duty,3
2475,$4000_const,1
2475,$4000_vol,7
2475,$4004_duty,1
2475,$4004_const,1
2475,$4004_vol,11
2475,$4006_period,907
2475,$400E_period,11
2475,$400E_mode,0
2475,$400C_const,1
2475,$400C_vol,9
2476,$4000_duty,3
2476,$4000_const,1
2476,$4000_vol,5
2476,$400E_period,10
2476,$400E_mode,0
2477,$4000_duty,3
2477,$4000_const,1
2477,$4000_vol,0
2477,$4004_duty,1
2477,$4004_const,1
2477,$4004_vol,10
2477,$4006_period,961
2477,$400E_period,11
2477,$400E_mode,0
2477,$400C_const,1
2477,$400C_vol,7
2478,$4004_duty,1
2478,$4004_const,1
2478,$4004_vol,7
2478,$4006_period,641
2478,$400E_period,10
2478,$400E_mode,0
2479,$4012_addr,240
2479,$4013_len,11
2479,$4010_rate,15
2479,$4000_duty,3
2479,$4000_const,1
2479,$4000_vol,10
2479,$4002_period,481
2479,$400B_length,48
2479,$4004_duty,1
2479,$4004_const,1
2479,$4004_vol,6
2479,$4006_period,605
2479,$4008_linear,127
2479,$400A_period,121
2479,$400B_length,48
2479,$400E_period,11
2479,$400E_mode,0
2479,$400C_const,1
2479,$400C_vol,9
2480,$4004_duty,1
2480,$4004_const,1
2480,$4004_vol,5
2480,$4006_period,571
2480,$4008_linear,0
2480,$400E_period,10
2480,$400E_mode,0
2481,$4004_duty,1
2481,$4004_const,1
2481,$4004_vol,4
2481,$4006_period,509
2481,$400E_period,11
2481,$400E_mode,0
2481,$400C_const,1
2481,$400C_vol,7
2482,$4000_duty,3
2482,$4000_const,1
2482,$4000_vol,7
2482,$4004_duty,3
2482,$4004_const,1
2482,$4004_vol,12
2482,$4006_period,2427
2482,$400E_period,10
2482,$400E_mode,0
2483,$4000_duty,3
2483,$4000_const,1
2483,$4000_vol,5
2483,$4004_duty,3
2483,$4004_const,1
2483,$4004_vol,11
2483,$400E_period,11
2483,$400E_mode,0
2483,$400C_const,1
2483,$400C_vol,9
2484,$4000_duty,3
2484,$4000_const,1
2484,$4000_vol,0
2484,$4004_duty,3
2484,$4004_const,1
2484,$4004_vol,10
2484,$400E_period,10
2484,$400E_mode,0
2485,$4004_duty,3
2485,$4004_const,1
2485,$4004_vol,9
2485,$400E_period,11
2485,$400E_mode,0
2485,$400C_const,1
2485,$400C_vol,7
2486,$4000_duty,3
2486,$4000_const,1
2486,$4000_vol,10
2486,$4002_period,453
2486,$400B_length,32
2486,$4004_duty,3
2486,$4004_const,1
2486,$4004_vol,8
2486,$4008_linear,127
2486,$400A_period,151
2486,$400B_length,32
2486,$400E_period,10
2486,$400E_mode,0
2487,$4008_linear,0
2487,$400E_period,11
2487,$400E_mode,0
2487,$400C_const,1
2487,$400C_vol,9
2488,$4004_duty,3
2488,$4004_const,1
2488,$4004_vol,7
2488,$400E_period,10
2488,$400E_mode,0
2489,$4000_duty,3
2489,$4000_const,1
2489,$4000_vol,7
2489,$4004_duty,3
2489,$4004_const,1
2489,$4004_vol,4
2489,$400E_period,11
2489,$400E_mode,0
2489,$400C_const,1
2489,$400C_vol,7
2490,$4000_duty,3
2490,$4000_const,1
2490,$4000_vol,5
2490,$400E_period,10
2490,$400E_mode,0
2491,$4000_duty,3
2491,$4000_const,1
2491,$4000_vol,0
2491,$400E_period,11
2491,$400E_mode,0
2491,$400C_const,1
2491,$400C_vol,9
2492,$400E_period,10
2492,$400E_mode,0
2493,$4012_addr,250
2493,$4013_len,11
2493,$4010_rate,15
2493,$4000_duty,3
2493,$4000_const,1
2493,$4000_vol,10
2493,$4002_period,427
2493,$400B_length,48
2493,$4004_duty,2
2493,$4004_const,1
2493,$4004_vol,10
2493,$4006_period,1211
2493,$4008_linear,127
2493,$400A_period,75
2493,$400B_length,48
2493,$400E_period,11
2493,$400E_mode,0
2493,$400C_const,1
2493,$400C_vol,7
2494,$4004_duty,3
2494,$4004_const,1
2494,$4004_vol,9
2494,$4008_linear,0
2494,$400E_period,10
2494,$400E_mode,0
2495,$4004_duty,3
2495,$4004_const,1
2495,$4004_vol,8
2495,$400E_period,11
2495,$400E_mode,0
2495,$400C_const,1
2495,$400C_vol,9
2496,$4000_duty,3
2496,$4000_const,1
2496,$4000_vol,7
2496,$4004_duty,3
2496,$4004_const,1
2496,$4004_vol,7
2496,$400E_period,10
2496,$400E_mode,0
2497,$4000_duty,3
2497,$4000_const,1
2497,$4000_vol,5
2497,$4004_duty,3
2497,$4004_const,1
2497,$4004_vol,0
2497,$400E_period,11
2497,$400E_mode,0
2497,$400C_const,1
2497,$400C_vol,7
2498,$4000_duty,3
2498,$4000_const,1
2498,$4000_vol,0
2498,$400E_period,10
2498,$400E_mode,0
2499,$400E_period,11
2499,$400E_mode,0
2499,$400C_const,1
2499,$400C_vol,9
2500,$4000_duty,3
2500,$4000_const,1
2500,$4000_vol,10
2500,$4002_period,403
2500,$400B_length,32
2500,$4004_duty,2
2500,$4004_const,1
2500,$4004_vol,12
2500,$4006_period,3237
2500,$4008_linear,127
2500,$400A_period,151
2500,$400B_length,32
2500,$400E_period,10
2500,$400E_mode,0
2501,$4004_duty,3
2501,$4004_const,1
2501,$4004_vol,11
2501,$4008_linear,0
2501,$400E_period,11
2501,$400E_mode,0
2501,$400C_const,1
2501,$400C_vol,7
2502,$4004_duty,3
2502,$4004_const,1
2502,$4004_vol,10
2502,$400E_period,10
2502,$400E_mode,0
2503,$4000_duty,3
2503,$4000_const,1
2503,$4000_vol,7
2503,$4004_duty,3
2503,$4004_const,1
2503,$4004_vol,9
2503,$400E_period,11
2503,$400E_mode,0
2503,$400C_const,1
2503,$400C_vol,9
2504,$4000_duty,3
2504,$4000_const,1
2504,$4000_vol,5
2504,$4004_duty,3
2504,$4004_const,1
2504,$4004_vol,8
2504,$400E_period,10
2504,$400E_mode,0
2505,$4000_duty,3
2505,$4000_const,1
2505,$4000_vol,0
2505,$4004_duty,3
2505,$4004_const,1
2505,$4004_vol,7
2505,$400E_period,11
2505,$400E_mode,0
2505,$400C_const,1
2505,$400C_vol,11
2506,$4004_duty,3
2506,$4004_const,1
2506,$4004_vol,6
2506,$400E_period,10
2506,$400E_mode,0
2507,$4012_addr,243
2507,$4013_len,28
2507,$4010_rate,15
2507,$4004_duty,3
2507,$4004_const,1
2507,$4004_vol,5
2507,$4008_linear,127
2507,$400A_period,121
2507,$400B_length,48
2507,$400E_period,11
2507,$400E_mode,0
2507,$400C_const,1
2507,$400C_vol,13
2508,$4008_linear,0
2508,$400E_period,10
2508,$400E_mode,0
2509,$4004_duty,3
2509,$4004_const,1
2509,$4004_vol,4
2509,$400E_period,11
2509,$400E_mode,0
2509,$400C_const,1
2509,$400C_vol,15
2510,$4004_duty,3
2510,$4004_const,1
2510,$4004_vol,1
2510,$400E_period,12
2510,$400E_mode,0
2511,$400E_period,11
2511,$400E_mode,0
2511,$400C_const,1
2511,$400C_vol,13
2512,$400E_period,12
2512,$400E_mode,0
2513,$400E_period,11
2513,$400E_mode,0
2513,$400C_const,1
2513,$400C_vol,11
2514,$4000_duty,0
2514,$4000_const,1
2514,$4000_vol,7
2514,$4002_period,89
2514,$400B_length,48
2514,$4004_duty,3
2514,$4004_const,1
2514,$4004_vol,15
2514,$4006_period,763
2514,$4008_linear,127
2514,$400A_period,151
2514,$400B_length,32
2514,$400E_period,12
2514,$400E_mode,0
2515,$4006_period,1079
2515,$4008_linear,0
2515,$400E_period,11
2515,$400E_mode,0
2515,$400C_const,1
2515,$400C_vol,9
2516,$4000_duty,0
2516,$4000_const,1
2516,$4000_vol,5
2516,$4006_period,1441
2516,$400E_period,12
2516,$400E_mode,0
2517,$4004_duty,3
2517,$4004_const,1
2517,$4004_vol,6
2517,$4006_period,481
2517,$400E_period,11
2517,$400E_mode,0
2517,$400C_const,1
2517,$400C_vol,7
2518,$4000_duty,0
2518,$4000_const,1
2518,$4000_vol,0
2518,$4006_period,453
2518,$400E_period,12
2518,$400E_mode,0
2519,$4006_period,403
2519,$400E_period,11
2519,$400E_mode,0
2519,$400C_const,1
2519,$400C_vol,5
2520,$4006_period,3237
2520,$400E_period,12
2520,$400E_mode,0
2521,$4012_addr,250
2521,$4013_len,11
2521,$4010_rate,14
2521,$4000_duty,0
2521,$4000_const,1
2521,$4000_vol,7
2521,$4002_period,81
2521,$400B_length,32
2521,$4004_duty,3
2521,$4004_const,1
2521,$4004_vol,5
2521,$4008_linear,127
2521,$400A_period,75
2521,$400B_length,48
2521,$400E_period,11
2521,$400E_mode,0
2521,$400C_const,1
2521,$400C_vol,3
2522,$4008_linear,0
2522,$400E_period,12
2522,$400E_mode,0
2523,$4000_duty,0
2523,$4000_const,1
2523,$4000_vol,5
2523,$4004_duty,3
2523,$4004_const,1
2523,$4004_vol,4
2523,$400E_period,11
2523,$400E_mode,0
2523,$400C_const,1
2523,$400C_vol,1
2524,$4004_duty,3
2524,$4004_const,1
2524,$4004_vol,1
2524,$400E_period,12
2524,$400E_mode,0
2525,$4000_duty,0
2525,$4000_const,1
2525,$4000_vol,0
2525,$400E_period,1
2525,$400E_mode,0
2525,$400C_const,1
2525,$400C_vol,0
2528,$4010_rate,14
2528,$4000_duty,0
2528,$4000_const,1
2528,$4000_vol,7
2528,$4002_period,75
2528,$400B_length,48
2528,$4004_duty,2
2528,$4004_const,1
2528,$4004_vol,11
2528,$4006_period,1211
2528,$4008_linear,127
2528,$400A_period,151
2528,$400B_length,32
2528,$400E_period,3
2528,$400E_mode,0
2528,$400C_const,1
2528,$400C_vol,8
2529,$4004_duty,3
2529,$4004_const,1
2529,$4004_vol,10
2529,$4008_linear,0
2529,$400C_const,1
2529,$400C_vol,5
2530,$4000_duty,0
2530,$4000_const,1
2530,$4000_vol,5
2530,$4004_duty,3
2530,$4004_const,1
2530,$4004_vol,9
2530,$400C_const,1
2530,$400C_vol,0
2531,$4004_duty,3
2531,$4004_const,1
2531,$4004_vol,8
2532,$4000_duty,0
2532,$4000_const,1
2532,$4000_vol,0
2532,$4004_duty,3
2532,$4004_const,1
2532,$4004_vol,0
2535,$4012_addr,240
2535,$4013_len,11
2535,$4010_rate,15
2535,$4000_duty,0
2535,$4000_const,1
2535,$4000_vol,7
2535,$4002_period,101
2535,$400B_length,32
2535,$4004_duty,2
2535,$4004_const,1
2535,$4004_vol,15
2535,$4006_period,2427
2535,$4008_linear,127
2535,$400A_period,121
2535,$400B_length,48
2535,$400C_const,1
2535,$400C_vol,10
2536,$4004_duty,3
2536,$4004_const,1
2536,$4004_vol,14
2536,$4008_linear,0
2536,$400C_const,1
2536,$400C_vol,7
2537,$4000_duty,0
2537,$4000_const,1
2537,$4000_vol,5
2537,$4004_duty,3
2537,$4004_const,1
2537,$4004_vol,13
2537,$400C_const,1
2537,$400C_vol,0
2538,$4004_duty,3
2538,$4004_const,1
2538,$4004_vol,12
2539,$4000_duty,0
2539,$4000_const,1
2539,$4000_vol,0
2539,$4004_duty,3
2539,$4004_const,1
2539,$4004_vol,11
2540,$4004_duty,3
2540,$4004_const,1
2540,$4004_vol,10
2541,$4004_duty,3
2541,$4004_const,1
2541,$4004_vol,9
2542,$4004_duty,3
2542,$4004_const,1
2542,$4004_vol,8
2542,$4008_linear,127
2542,$400A_period,151
2542,$400B_length,32
2542,$400E_period,2
2542,$400E_mode,0
2542,$400C_const,1
2542,$400C_vol,8
2543,$4008_linear,0
2543,$400C_const,1
2543,$400C_vol,5
2544,$4004_duty,3
2544,$4004_const,1
2544,$4004_vol,7
2544,$400C_const,1
2544,$400C_vol,0
2545,$4004_duty,3
2545,$4004_const,1
2545,$4004_vol,4
2549,$4012_addr,250
2549,$4013_len,11
2549,$4010_rate,15
2549,$4004_duty,2
2549,$4004_const,1
2549,$4004_vol,10
2549,$4006_period,1211
2549,$4008_linear,127
2549,$400A_period,75
2549,$400B_length,48
2549,$400E_period,1
2549,$400E_mode,0
2549,$400C_const,1
2549,$400C_vol,8
2550,$4004_duty,3
2550,$4004_const,1
2550,$4004_vol,9
2550,$4008_linear,0
2550,$400C_const,1
2550,$400C_vol,5
2551,$4004_duty,3
2551,$4004_const,1
2551,$4004_vol,8
2551,$400C_const,1
2551,$400C_vol,0
2552,$4004_duty,3
2552,$4004_const,1
2552,$4004_vol,7
2553,$4004_duty,3
2553,$4004_const,1
2553,$4004_vol,0
2556,$4010_rate,15
2556,$4004_duty,2
2556,$4004_const,1
2556,$4004_vol,12
2556,$4006_period,3237
2556,$4008_linear,127
2556,$400A_period,151
2556,$400B_length,32
2556,$400E_period,3
2556,$400E_mode,0
2556,$400C_const,1
2556,$400C_vol,8
2557,$4004_duty,3
2557,$4004_const,1
2557,$4004_vol,11
2557,$4008_linear,0
2557,$400C_const,1
2557,$400C_vol,5
2558,$4004_duty,3
2558,$4004_const,1
2558,$4004_vol,10
2558,$400C_const,1
2558,$400C_vol,0
2559,$4004_duty,3
2559,$4004_const,1
2559,$4004_vol,9
2560,$4004_duty,3
2560,$4004_const,1
2560,$4004_vol,8
2561,$4004_duty,3
2561,$4004_const,1
2561,$4004_vol,7
2562,$4004_duty,3
2562,$4004_const,1
2562,$4004_vol,6
2563,$4012_addr,243
2563,$4013_len,28
2563,$4010_rate,15
2563,$4004_duty,3
2563,$4004_const,1
2563,$4004_vol,5
2563,$4008_linear,127
2563,$400A_period,121
2563,$400B_length,48
2563,$400C_const,1
2563,$400C_vol,10
2564,$4008_linear,0
2564,$400C_const,1
2564,$400C_vol,7
2565,$4004_duty,3
2565,$4004_const,1
2565,$4004_vol,4
2565,$400C_const,1
2565,$400C_vol,0
2566,$4004_duty,3
2566,$4004_const,1
2566,$4004_vol,1
2570,$4012_addr,250
2570,$4013_len,11
2570,$4010_rate,14
2570,$4004_duty,2
2570,$4004_const,1
2570,$4004_vol,12
2570,$4006_period,3237
2570,$4008_linear,127
2570,$400A_period,151
2570,$400B_length,32
2570,$400E_period,2
2570,$400E_mode,0
2570,$400C_const,1
2570,$400C_vol,8
2571,$4004_duty,3
2571,$4004_const,1
2571,$4004_vol,11
2571,$4008_linear,0
2571,$400C_const,1
2571,$400C_vol,5
2572,$4004_duty,3
2572,$4004_const,1
2572,$4004_vol,10
2572,$400C_const,1
2572,$400C_vol,0
2573,$4004_duty,3
2573,$4004_const,1
2573,$4004_vol,9
2574,$4004_duty,3
2574,$4004_const,1
2574,$4004_vol,8
2575,$4004_duty,3
2575,$4004_const,1
2575,$4004_vol,7
2576,$4004_duty,3
2576,$4004_const,1
2576,$4004_vol,6
2577,$4012_addr,243
2577,$4013_len,28
2577,$4010_rate,15
2577,$4004_duty,3
2577,$4004_const,1
2577,$4004_vol,5
2577,$4008_linear,127
2577,$400A_period,75
2577,$400B_length,48
2577,$400E_period,1
2577,$400E_mode,0
2577,$400C_const,1
2577,$400C_vol,8
2578,$4008_linear,0
2578,$400C_const,1
2578,$400C_vol,5
2579,$4004_duty,3
2579,$4004_const,1
2579,$4004_vol,4
2579,$400C_const,1
2579,$400C_vol,0
2580,$4004_duty,3
2580,$4004_const,1
2580,$4004_vol,1
2584,$4012_addr,240
2584,$4013_len,11
2584,$4010_rate,15
2584,$4004_duty,2
2584,$4004_const,1
2584,$4004_vol,11
2584,$4006_period,1211
2584,$4008_linear,127
2584,$400A_period,151
2584,$400B_length,32
2584,$400E_period,3
2584,$400E_mode,0
2584,$400C_const,1
2584,$400C_vol,8
2585,$4004_duty,3
2585,$4004_const,1
2585,$4004_vol,10
2585,$4008_linear,0
2585,$400C_const,1
2585,$400C_vol,5
2586,$4004_duty,3
2586,$4004_const,1
2586,$4004_vol,9
2586,$400C_const,1
2586,$400C_vol,0
2587,$4004_duty,3
2587,$4004_const,1
2587,$4004_vol,8
2588,$4004_duty,3
2588,$4004_const,1
2588,$4004_vol,0
2591,$4012_addr,240
2591,$4013_len,11
2591,$4010_rate,15
2591,$4000_duty,3
2591,$4000_const,1
2591,$4000_vol,11
2591,$4002_period,539
2591,$400B_length,49
2591,$4004_duty,2
2591,$4004_const,1
2591,$4004_vol,15
2591,$4006_period,2157
2591,$4008_linear,127
2591,$400A_period,113
2591,$400B_length,48
2591,$400C_const,1
2591,$400C_vol,10
2592,$4004_duty,3
2592,$4004_const,1
2592,$4004_vol,14
2592,$4008_linear,0
2592,$400C_const,1
2592,$400C_vol,7
2593,$4004_duty,3
2593,$4004_const,1
2593,$4004_vol,13
2593,$400C_const,1
2593,$400C_vol,0
2594,$4000_duty,3
2594,$4000_const,1
2594,$4000_vol,8
2594,$4004_duty,3
2594,$4004_const,1
2594,$4004_vol,12
2595,$4000_duty,3
2595,$4000_const,1
2595,$4000_vol,6
2595,$4004_duty,3
2595,$4004_const,1
2595,$4004_vol,11
2596,$4000_duty,3
2596,$4000_const,1
2596,$4000_vol,0
2596,$4004_duty,3
2596,$4004_const,1
2596,$4004_vol,10
2597,$4004_duty,3
2597,$4004_const,1
2597,$4004_vol,9
2598,$4004_duty,3
2598,$4004_const,1
2598,$4004_vol,8
2598,$4008_linear,127
2598,$400A_period,135
2598,$400B_length,32
2598,$400E_period,2
2598,$400E_mode,0
2598,$400C_const,1
2598,$400C_vol,8
2599,$4008_linear,0
2599,$400C_const,1
2599,$400C_vol,5
2600,$4004_duty,3
2600,$4004_const,1
2600,$4004_vol,7
2600,$400C_const,1
2600,$400C_vol,0
2601,$4004_duty,3
2601,$4004_const,1
2601,$4004_vol,4
2605,$4012_addr,250
2605,$4013_len,11
2605,$4010_rate,15
2605,$4000_duty,3
2605,$4000_const,1
2605,$4000_vol,9
2605,$4002_period,539
2605,$400B_length,33
2605,$4004_duty,2
2605,$4004_const,1
2605,$4004_vol,12
2605,$4006_period,1079
2605,$4008_linear,127
2605,$400A_period,67
2605,$400B_length,48
2605,$400E_period,1
2605,$400E_mode,0
2605,$400C_const,1
2605,$400C_vol,8
2606,$4004_duty,3
2606,$4004_const,1
2606,$4004_vol,11
2606,$4008_linear,0
2606,$400C_const,1
2606,$400C_vol,5
2607,$4004_duty,3
2607,$4004_const,1
2607,$4004_vol,10
2607,$400C_const,1
2607,$400C_vol,0
2608,$4000_duty,3
2608,$4000_const,1
2608,$4000_vol,0
2608,$4004_duty,3
2608,$4004_const,1
2608,$4004_vol,9
2609,$4004_duty,3
2609,$4004_const,1
2609,$4004_vol,1
2610,$4000_duty,3
2610,$4000_const,1
2610,$4000_vol,7
2610,$4002_period,539
2610,$400B_length,49
2612,$4004_duty,2
2612,$4004_const,1
2612,$4004_vol,12
2612,$4006_period,2881
2612,$4008_linear,127
2612,$400A_period,135
2612,$400B_length,32
2612,$400E_period,3
2612,$400E_mode,0
2612,$400C_const,1
2612,$400C_vol,8
2613,$4000_duty,3
2613,$4000_const,1
2613,$4000_vol,0
2613,$4004_duty,3
2613,$4004_const,1
2613,$4004_vol,11
2613,$4008_linear,0
2613,$400C_const,1
2613,$400C_vol,5
2614,$4004_duty,3
2614,$4004_const,1
2614,$4004_vol,10
2614,$400C_const,1
2614,$400C_vol,0
2615,$4000_duty,3
2615,$4000_const,1
2615,$4000_vol,5
2615,$4002_period,539
2615,$400B_length,33
2615,$4004_duty,3
2615,$4004_const,1
2615,$4004_vol,9
2616,$4004_duty,3
2616,$4004_const,1
2616,$4004_vol,8
2617,$4004_duty,3
2617,$4004_const,1
2617,$4004_vol,7
2618,$4000_duty,3
2618,$4000_const,1
2618,$4000_vol,0
2618,$4004_duty,3
2618,$4004_const,1
2618,$4004_vol,6
2619,$4012_addr,243
2619,$4013_len,28
2619,$4010_rate,15
2619,$4004_duty,3
2619,$4004_const,1
2619,$4004_vol,5
2619,$4008_linear,127
2619,$400A_period,113
2619,$400B_length,48
2619,$400C_const,1
2619,$400C_vol,10
2620,$4000_duty,3
2620,$4000_const,1
2620,$4000_vol,3
2620,$4002_period,539
2620,$400B_length,49
2620,$4008_linear,0
2620,$400C_const,1
2620,$400C_vol,7
2621,$4004_duty,3
2621,$4004_const,1
2621,$4004_vol,4
2621,$400C_const,1
2621,$400C_vol,0
2622,$4004_duty,3
2622,$4004_const,1
2622,$4004_vol,1
2623,$4000_duty,3
2623,$4000_const,1
2623,$4000_vol,0
2625,$4000_duty,3
2625,$4000_const,1
2625,$4000_vol,1
2625,$4002_period,539
2625,$400B_length,33
2626,$4004_duty,2
2626,$4004_const,1
2626,$4004_vol,10
2626,$4006_period,2881
2626,$4008_linear,127
2626,$400A_period,135
2626,$400B_length,32
2626,$400E_period,2
2626,$400E_mode,0
2626,$400C_const,1
2626,$400C_vol,8
2627,$4004_duty,3
2627,$4004_const,1
2627,$4004_vol,9
2627,$4008_linear,0
2627,$400C_const,1
2627,$400C_vol,5
2628,$4000_duty,3
2628,$4000_const,1
2628,$4000_vol,0
2628,$4004_duty,3
2628,$4004_const,1
2628,$4004_vol,8
2628,$400C_const,1
2628,$400C_vol,0
2629,$4004_duty,3
2629,$4004_const,1
2629,$4004_vol,7
2630,$4004_duty,3
2630,$4004_const,1
2630,$4004_vol,6
2631,$4004_duty,3
2631,$4004_const,1
2631,$4004_vol,5
2632,$4004_duty,3
2632,$4004_const,1
2632,$4004_vol,4
2633,$4012_addr,250
2633,$4013_len,11
2633,$4010_rate,14
2633,$4000_duty,3
2633,$4000_const,1
2633,$4000_vol,10
2633,$4002_period,509
2633,$400B_length,48
2633,$4004_duty,3
2633,$4004_const,1
2633,$4004_vol,3
2633,$4008_linear,127
2633,$400A_period,67
2633,$400B_length,48
2633,$400E_period,1
2633,$400E_mode,0
2633,$400C_const,1
2633,$400C_vol,8
2634,$4008_linear,0
2634,$400C_const,1
2634,$400C_vol,5
2635,$4004_duty,3
2635,$4004_const,1
2635,$4004_vol,2
2635,$400C_const,1
2635,$400C_vol,0
2636,$4000_duty,1
2636,$4000_const,1
2636,$4000_vol,15
2636,$4002_period,427
2636,$400B_length,0
2636,$4004_duty,3
2636,$4004_const,1
2636,$4004_vol,15
2636,$4006_period,539
2636,$400A_period,113
2636,$400B_length,0
2636,$400E_period,11
2636,$400E_mode,0
2636,$400C_const,1
2636,$400C_vol,15
2637,$4006_period,1713
2637,$400E_period,14
2637,$400E_mode,0
2638,$4002_period,571
2638,$400B_length,17
2638,$4006_period,1143
2638,$400A_period,213
2638,$400B_length,16
2638,$400E_period,11
2638,$400E_mode,0
2638,$400C_const,1
2638,$400C_vol,7
2639,$4006_period,1713
2639,$400E_period,14
2639,$400E_mode,0
2640,$4010_rate,14
2640,$4002_period,1019
2640,$400B_length,1
2640,$4006_period,571
2640,$400A_period,381
2640,$400B_length,0
2640,$400C_const,1
2640,$400C_vol,0
2641,$4004_duty,2
2641,$4004_const,1
2641,$4004_vol,15
2641,$4006_period,1359
2642,$4002_period,679
2642,$400B_length,17
2642,$4006_period,1713
2643,$4000_duty,1
2643,$4000_const,1
2643,$4000_vol,4
2643,$4006_period,4095
2644,$4004_duty,2
2644,$4004_const,1
2644,$4004_vol,4
2645,$4000_duty,1
2645,$4000_const,1
2645,$4000_vol,15
2645,$4002_period,1019
2645,$400B_length,1
2645,$4004_duty,2
2645,$4004_const,1
2645,$4004_vol,15
2645,$4006_period,4095
2646,$4000_duty,1
2646,$4000_const,1
2646,$4000_vol,4
2646,$4004_duty,2
2646,$4004_const,1
2646,$4004_vol,4
2647,$4012_addr,240
2647,$4013_len,11
2647,$4010_rate,15
2647,$4004_duty,2
2647,$4004_const,1
2647,$4004_vol,15
2647,$4006_period,4095
2648,$4000_duty,1
2648,$4000_const,1
2648,$4000_vol,15
2648,$4002_period,763
2648,$400B_length,17
2648,$4004_duty,2
2648,$4004_const,1
2648,$4004_vol,4
2649,$4000_duty,1
2649,$4000_const,1
2649,$4000_vol,4
2649,$4004_duty,2
2649,$4004_const,1
2649,$4004_vol,15
2649,$4006_period,4095
2650,$4004_duty,2
2650,$4004_const,1
2650,$4004_vol,4
2650,$400E_period,13
2650,$400E_mode,0
2650,$400C_const,1
2650,$400C_vol,10
2651,$4000_duty,1
2651,$4000_const,1
2651,$4000_vol,13
2651,$4002_period,719
2651,$400B_length,1
2651,$4004_duty,2
2651,$4004_const,1
2651,$4004_vol,15
2651,$4006_period,4095
2652,$4000_duty,1
2652,$4000_const,1
2652,$4000_vol,2
2652,$4004_duty,2
2652,$4004_const,1
2652,$4004_vol,4
2653,$4004_duty,2
2653,$4004_const,1
2653,$4004_vol,15
2653,$4006_period,4095
2654,$4002_period,1921
2654,$400B_length,19
2654,$4004_duty,2
2654,$4004_const,1
2654,$4004_vol,4
2655,$4004_duty,2
2655,$4004_const,1
2655,$4004_vol,15
2655,$4006_period,2289
2656,$4000_duty,3
2656,$4000_const,1
2656,$4000_vol,15
2656,$4002_period,4095
2656,$400B_length,7
2656,$4006_period,2515
2657,$4000_duty,3
2657,$4000_const,1
2657,$4000_vol,12
2657,$4006_period,2581
2657,$4008_linear,127
2657,$400A_period,227
2657,$400B_length,16
2658,$4000_duty,3
2658,$4000_const,1
2658,$4000_vol,4
2658,$4008_linear,0
2658,$400C_const,1
2658,$400C_vol,0
2660,$4000_duty,3
2660,$4000_const,1
2660,$4000_vol,15
2660,$4002_period,1143
2660,$400B_length,18
2660,$4004_duty,2
2660,$4004_const,1
2660,$4004_vol,13
2660,$4006_period,1019
2660,$400A_period,151
2660,$400B_length,0
2660,$400E_period,9
2660,$400E_mode,0
2660,$400C_const,1
2660,$400C_vol,5
2661,$4012_addr,250
2661,$4013_len,11
2661,$4010_rate,15
2661,$4002_period,807
2661,$400B_length,1
2661,$4006_period,855
2661,$400E_period,8
2661,$400E_mode,0
2661,$400C_const,1
2661,$400C_vol,4
2662,$4002_period,679
2662,$400B_length,17
2662,$4006_period,605
2662,$4008_linear,127
2662,$400A_period,127
2662,$400B_length,16
2662,$400E_period,7
2662,$400E_mode,0
2662,$400C_const,1
2662,$400C_vol,3
2663,$4002_period,539
2663,$400B_length,1
2663,$4006_period,381
2663,$4008_linear,0
2663,$400E_period,6
2663,$400E_mode,0
2663,$400C_const,1
2663,$400C_vol,2
2664,$4002_period,453
2664,$400B_length,16
2664,$4006_period,321
2664,$400E_period,5
2664,$400E_mode,0
2664,$400C_const,1
2664,$400C_vol,1
2665,$4002_period,403
2665,$400B_length,0
2665,$4006_period,191
2665,$400A_period,95
2665,$400B_length,0
2665,$400E_period,4
2665,$400E_mode,0
2665,$400C_const,1
2665,$400C_vol,0
2666,$4002_period,339
2666,$400B_length,16
2666,$4004_duty,2
2666,$4004_const,1
2666,$4004_vol,5
2666,$4006_period,195
2666,$400E_period,3
2666,$400E_mode,0
2667,$4000_duty,2
2667,$4000_const,1
2667,$4000_vol,7
2667,$4002_period,329
2667,$400B_length,0
2667,$4008_linear,127
2667,$400A_period,89
2667,$400B_length,16
2667,$400E_period,2
2667,$400E_mode,0
2668,$4010_rate,15
2668,$4008_linear,0
2668,$400E_period,1
2668,$400E_mode,0
2674,$4004_duty,2
2674,$4004_const,1
2674,$4004_vol,1
2675,$4012_addr,243
2675,$4013_len,28
2675,$4010_rate,15
2675,$4000_duty,2
2675,$4000_const,1
2675,$4000_vol,4
2679,$4000_duty,2
2679,$4000_const,1
2679,$4000_vol,0
2679,$4004_duty,2
2679,$4004_const,1
2679,$4004_vol,0
2681,$4004_duty,2
2681,$4004_const,1
2681,$4004_vol,1
2681,$4006_period,195
2682,$4012_addr,250
2682,$4013_len,11
2682,$4010_rate,14
2683,$4000_duty,2
2683,$4000_const,1
2683,$4000_vol,4
2683,$4002_period,329
2683,$400B_length,16
2689,$4012_addr,243
2689,$4013_len,28
2689,$4010_rate,15
2691,$4000_duty,2
2691,$4000_const,1
2691,$4000_vol,1
2694,$4004_duty,2
2694,$4004_const,1
2694,$4004_vol,0
2695,$4000_duty,2
2695,$4000_const,1
2695,$4000_vol,0
2696,$4012_addr,240
2696,$4013_len,11
2696,$4010_rate,15
2699,$4000_duty,3
2699,$4000_const,1
2699,$4000_vol,7
2699,$4002_period,359
2699,$400B_length,32
2699,$4004_duty,3
2699,$4004_const,1
2699,$4004_vol,7
2699,$4006_period,1079
2699,$400A_period,135
2699,$400B_length,32
2699,$400E_period,3
2699,$400E_mode,0
2699,$400C_const,1
2699,$400C_vol,0
2700,$4000_duty,3
2700,$4000_const,1
2700,$4000_vol,5
2700,$4004_duty,3
2700,$4004_const,1
2700,$4004_vol,0
2701,$4000_duty,3
2701,$4000_const,1
2701,$4000_vol,0
2703,$4012_addr,240
2703,$4013_len,11
2703,$4010_rate,15
2703,$4000_duty,3
2703,$4000_const,1
2703,$4000_vol,10
2703,$4002_period,403
2703,$400B_length,48
2703,$4004_duty,2
2703,$4004_const,1
2703,$4004_vol,10
2703,$4006_period,807
2703,$4008_linear,127
2703,$400A_period,113
2703,$400B_length,48
2703,$400C_const,1
2703,$400C_vol,10
2704,$4004_duty,3
2704,$4004_const,1
2704,$4004_vol,9
2704,$4008_linear,0
2704,$400C_const,1
2704,$400C_vol,7
2705,$4004_duty,3
2705,$4004_const,1
2705,$4004_vol,8
2705,$400C_const,1
2705,$400C_vol,0
2706,$4000_duty,3
2706,$4000_const,1
2706,$4000_vol,7
2706,$4004_duty,3
2706,$4004_const,1
2706,$4004_vol,0
2707,$4000_duty,3
2707,$4000_const,1
2707,$4000_vol,5
2708,$4000_duty,3
2708,$4000_const,1
2708,$4000_vol,0
2710,$4000_duty,3
2710,$4000_const,1
2710,$4000_vol,10
2710,$4002_period,453
2710,$400B_length,32
2710,$4008_linear,127
2710,$400A_period,135
2710,$400B_length,32
2710,$400E_period,2
2710,$400E_mode,0
2710,$400C_const,1
2710,$400C_vol,8
2711,$4008_linear,0
2711,$400C_const,1
2711,$400C_vol,5
2712,$400C_const,1
2712,$400C_vol,0
2713,$4000_duty,3
2713,$4000_const,1
2713,$4000_vol,7
2714,$4000_duty,3
2714,$4000_const,1
2714,$4000_vol,5
2715,$4000_duty,3
2715,$4000_const,1
2715,$4000_vol,0
2717,$4012_addr,250
2717,$4013_len,11
2717,$4010_rate,15
2717,$4000_duty,3
2717,$4000_const,1
2717,$4000_vol,10
2717,$4002_period,539
2717,$400B_length,49
2717,$4004_duty,2
2717,$4004_const,1
2717,$4004_vol,15
2717,$4006_period,1619
2717,$4008_linear,127
2717,$400A_period,67
2717,$400B_length,48
2717,$400E_period,1
2717,$400E_mode,0
2717,$400C_const,1
2717,$400C_vol,8
2718,$4004_duty,3
2718,$4004_const,1
2718,$4004_vol,14
2718,$4008_linear,0
2718,$400C_const,1
2718,$400C_vol,5
2719,$4004_duty,3
2719,$4004_const,1
2719,$4004_vol,13
2719,$400C_const,1
2719,$400C_vol,0
2720,$4000_duty,3
2720,$4000_const,1
2720,$4000_vol,7
2720,$4004_duty,3
2720,$4004_const,1
2720,$4004_vol,4
2721,$4000_duty,3
2721,$4000_const,1
2721,$4000_vol,5
2722,$4000_duty,3
2722,$4000_const,1
2722,$4000_vol,0
2724,$4000_duty,3
2724,$4000_const,1
2724,$4000_vol,10
2724,$4002_period,641
2724,$400B_length,33
2724,$4004_duty,2
2724,$4004_const,1
2724,$4004_vol,10
2724,$4006_period,807
2724,$4008_linear,127
2724,$400A_period,135
2724,$400B_length,32
2724,$400E_period,3
2724,$400E_mode,0
2724,$400C_const,1
2724,$400C_vol,8
2725,$4004_duty,3
2725,$4004_const,1
2725,$4004_vol,9
2725,$4008_linear,0
2725,$400C_const,1
2725,$400C_vol,5
2726,$4004_duty,3
2726,$4004_const,1
2726,$4004_vol,8
2726,$400C_const,1
2726,$400C_vol,0
2727,$4000_duty,3
2727,$4000_const,1
2727,$4000_vol,7
2727,$4004_duty,3
2727,$4004_const,1
2727,$4004_vol,0
2728,$4000_duty,3
2728,$4000_const,1
2728,$4000_vol,5
2729,$4000_duty,3
2729,$4000_const,1
2729,$4000_vol,0
2731,$4012_addr,243
2731,$4013_len,28
2731,$4010_rate,15
2731,$4008_linear,127
2731,$400A_period,101
2731,$400B_length,48
2731,$400C_const,1
2731,$400C_vol,10
2732,$4008_linear,0
2732,$400C_const,1
2732,$400C_vol,7
2733,$400C_const,1
2733,$400C_vol,0
2738,$4000_duty,0
2738,$4000_const,1
2738,$4000_vol,10
2738,$4002_period,807
2738,$400B_length,49
2738,$4004_duty,2
2738,$4004_const,1
2738,$4004_vol,15
2738,$4006_period,1619
2738,$4008_linear,127
2738,$400A_period,227
2738,$400B_length,32
2738,$400E_period,2
2738,$400E_mode,0
2738,$400C_const,1
2738,$400C_vol,8
2739,$4004_duty,3
2739,$4004_const,1
2739,$4004_vol,14
2739,$400C_const,1
2739,$400C_vol,5
2740,$4000_duty,0
2740,$4000_const,1
2740,$4000_vol,8
2740,$4004_duty,3
2740,$4004_const,1
2740,$4004_vol,13
2740,$400C_const,1
2740,$400C_vol,0
2741,$4004_duty,3
2741,$4004_const,1
2741,$4004_vol,4
2742,$4008_linear,0
2743,$4000_duty,0
2743,$4000_const,1
2743,$4000_vol,0
2745,$4012_addr,250
2745,$4013_len,11
2745,$4010_rate,14
2745,$4004_duty,3
2745,$4004_const,1
2745,$4004_vol,0
2745,$4008_linear,127
2745,$400A_period,101
2745,$400B_length,48
2745,$400E_period,1
2745,$400E_mode,0
2745,$400C_const,1
2745,$400C_vol,8
2746,$4008_linear,0
2746,$400C_const,1
2746,$400C_vol,5
2747,$400C_const,1
2747,$400C_vol,0
2752,$4010_rate,14
2752,$4000_duty,0
2752,$4000_const,1
2752,$4000_vol,10
2752,$4002_period,605
2752,$400B_length,33
2752,$4004_duty,3
2752,$4004_const,1
2752,$4004_vol,15
2752,$4006_period,2427
2752,$4008_linear,127
2752,$400A_period,241
2752,$400B_length,32
2752,$400E_period,3
2752,$400E_mode,0
2752,$400C_const,1
2752,$400C_vol,8
2753,$4004_duty,3
2753,$4004_const,1
2753,$4004_vol,13
2753,$400C_const,1
2753,$400C_vol,5
2754,$4000_duty,0
2754,$4000_const,1
2754,$4000_vol,8
2754,$400C_const,1
2754,$400C_vol,0
2755,$4004_duty,3
2755,$4004_const,1
2755,$4004_vol,6
2756,$4008_linear,0
2757,$4000_duty,0
2757,$4000_const,1
2757,$4000_vol,0
2757,$4004_duty,3
2757,$4004_const,1
2757,$4004_vol,1
2758,$4004_duty,3
2758,$4004_const,1
2758,$4004_vol,0
2759,$4012_addr,240
2759,$4013_len,11
2759,$4010_rate,15
2759,$400E_period,2
2759,$400E_mode,0
2759,$400C_const,1
2759,$400C_vol,14
2760,$400C_const,1
2760,$400C_vol,11
2761,$400C_const,1
2761,$400C_vol,3
2766,$4012_addr,243
2766,$4013_len,28
2766,$4010_rate,15
2766,$4000_duty,0
2766,$4000_const,1
2766,$4000_vol,15
2766,$4002_period,1211
2766,$400B_length,50
2766,$4004_duty,3
2766,$4004_const,1
2766,$4004_vol,15
2766,$4006_period,2427
2766,$400E_period,1
2766,$400E_mode,0
2766,$400C_const,1
2766,$400C_vol,2
2767,$4000_duty,0
2767,$4000_const,1
2767,$4000_vol,13
2767,$4004_duty,3
2767,$4004_const,1
2767,$4004_vol,13
2767,$400C_const,1
2767,$400C_vol,0
2770,$4000_duty,0
2770,$4000_const,1
2770,$4000_vol,6
2772,$4000_duty,0
2772,$4000_const,1
2772,$4000_vol,1
2773,$4000_duty,0
2773,$4000_const,1
2773,$4000_vol,0
2773,$4004_duty,3
2773,$4004_const,1
2773,$4004_vol,6
2773,$400C_const,1
2773,$400C_vol,4
2774,$400C_const,1
2774,$400C_vol,1
2775,$4004_duty,3
2775,$4004_const,1
2775,$4004_vol,1
2775,$400C_const,1
2775,$400C_vol,0
2776,$4004_duty,3
2776,$4004_const,1
2776,$4004_vol,0
2780,$4012_addr,240
2780,$4013_len,11
2780,$4010_rate,15
2780,$4000_duty,0
2780,$4000_const,1
2780,$4000_vol,15
2780,$4002_period,1211
2780,$400B_length,34
2780,$4004_duty,3
2780,$4004_const,1
2780,$4004_vol,15
2780,$4006_period,2427
2780,$400E_period,2
2780,$400E_mode,0
2780,$400C_const,1
2780,$400C_vol,14
2781,$4000_duty,0
2781,$4000_const,1
2781,$4000_vol,6
2781,$4004_duty,3
2781,$4004_const,1
2781,$4004_vol,13
2781,$400C_const,1
2781,$400C_vol,11
2782,$400C_const,1
2782,$400C_vol,3
2783,$4000_duty,0
2783,$4000_const,1
2783,$4000_vol,1
2783,$4004_duty,3
2783,$4004_const,1
2783,$4004_vol,6
2784,$4000_duty,0
2784,$4000_const,1
2784,$4000_vol,0
2785,$4004_duty,3
2785,$4004_const,1
2785,$4004_vol,1
2786,$4004_duty,3
2786,$4004_const,1
2786,$4004_vol,0
2787,$4010_rate,15
2787,$4000_duty,0
2787,$4000_const,1
2787,$4000_vol,15
2787,$4002_period,1211
2787,$400B_length,50
2787,$4004_duty,3
2787,$4004_const,1
2787,$4004_vol,15
2787,$4006_period,2427
2787,$400E_period,1
2787,$400E_mode,0
2787,$400C_const,1
2787,$400C_vol,2
2788,$4000_duty,0
2788,$4000_const,1
2788,$4000_vol,6
2788,$4004_duty,3
2788,$4004_const,1
2788,$4004_vol,13
2788,$400C_const,1
2788,$400C_vol,0
2790,$4000_duty,0
2790,$4000_const,1
2790,$4000_vol,1
2791,$4000_duty,0
2791,$4000_const,1
2791,$4000_vol,0
2794,$4012_addr,243
2794,$4013_len,28
2794,$4010_rate,15
2794,$4004_duty,3
2794,$4004_const,1
2794,$4004_vol,6
2794,$400C_const,1
2794,$400C_vol,4
2795,$400C_const,1
2795,$400C_vol,1
2796,$4004_duty,3
2796,$4004_const,1
2796,$4004_vol,1
2796,$400C_const,1
2796,$400C_vol,0
2797,$4004_duty,3
2797,$4004_const,1
2797,$4004_vol,0
2798,$4010_rate,15
2798,$400C_const,1
2798,$400C_vol,0
2801,$400E_period,4
2801,$400E_mode,0
2801,$400C_const,1
2801,$400C_vol,11
2802,$400C_const,1
2802,$400C_vol,10
2803,$400C_const,1
2803,$400C_vol,0
2808,$4010_rate,15
2808,$400E_period,1
2808,$400E_mode,0
2808,$400C_const,1
2808,$400C_vol,11
2809,$400C_const,1
2809,$400C_vol,8
2810,$400C_const,1
2810,$400C_vol,0
2815,$4012_addr,240
2815,$4013_len,11
2815,$4010_rate,15
2815,$4000_duty,2
2815,$4000_const,1
2815,$4000_vol,4
2815,$4002_period,359
2815,$400B_length,32
2815,$4004_duty,2
2815,$4004_const,1
2815,$4004_vol,15
2815,$4006_period,1811
2815,$4008_linear,127
2815,$400A_period,227
2815,$400B_length,48
2815,$400E_period,3
2815,$400E_mode,0
2815,$400C_const,1
2815,$400C_vol,10
2816,$4000_duty,2
2816,$4000_const,1
2816,$4000_vol,8
2816,$4004_duty,3
2816,$4004_const,1
2816,$4004_vol,14
2816,$400C_const,1
2816,$400C_vol,7
2817,$4000_duty,2
2817,$4000_const,1
2817,$4000_vol,10
2817,$4004_duty,3
2817,$4004_const,1
2817,$4004_vol,13
2817,$400C_const,1
2817,$400C_vol,0
2818,$4000_duty,2
2818,$4000_const,1
2818,$4000_vol,7
2818,$4004_duty,3
2818,$4004_const,1
2818,$4004_vol,12
2819,$4000_duty,2
2819,$4000_const,1
2819,$4000_vol,5
2819,$4004_duty,3
2819,$4004_const,1
2819,$4004_vol,11
2820,$4000_duty,2
2820,$4000_const,1
2820,$4000_vol,0
2820,$4004_duty,3
2820,$4004_const,1
2820,$4004_vol,10
2820,$4008_linear,0
2821,$4004_duty,3
2821,$4004_const,1
2821,$4004_vol,9
2822,$4004_duty,3
2822,$4004_const,1
2822,$4004_vol,8
2822,$400E_period,2
2822,$400E_mode,0
2822,$400C_const,1
2822,$400C_vol,8
2823,$4004_duty,3
2823,$4004_const,1
2823,$4004_vol,4
2823,$400C_const,1
2823,$400C_vol,5
2824,$400C_const,1
2824,$400C_vol,0
2827,$4004_duty,3
2827,$4004_const,1
2827,$4004_vol,0
2829,$4012_addr,250
2829,$4013_len,11
2829,$4010_rate,15
2829,$4000_duty,2
2829,$4000_const,1
2829,$4000_vol,4
2829,$4002_period,359
2829,$400B_length,48
2829,$4004_duty,2
2829,$4004_const,1
2829,$4004_vol,11
2829,$4006_period,907
2829,$4008_linear,127
2829,$400A_period,227
2829,$400B_length,32
2829,$400E_period,1
2829,$400E_mode,0
2829,$400C_const,1
2829,$400C_vol,8
2830,$4000_duty,2
2830,$4000_const,1
2830,$4000_vol,8
2830,$4004_duty,3
2830,$4004_const,1
2830,$4004_vol,10
2830,$400C_const,1
2830,$400C_vol,5
2831,$4000_duty,2
2831,$4000_const,1
2831,$4000_vol,10
2831,$4004_duty,3
2831,$4004_const,1
2831,$4004_vol,9
2831,$400C_const,1
2831,$400C_vol,0
2832,$4000_duty,2
2832,$4000_const,1
2832,$4000_vol,7
2832,$4004_duty,3
2832,$4004_const,1
2832,$4004_vol,0
2833,$4000_duty,2
2833,$4000_const,1
2833,$4000_vol,5
2836,$4012_addr,240
2836,$4013_len,11
2836,$4010_rate,15
2836,$4004_duty,2
2836,$4004_const,1
2836,$4004_vol,13
2836,$4006_period,2427
2836,$400E_period,3
2836,$400E_mode,0
2836,$400C_const,1
2836,$400C_vol,8
2837,$4004_duty,3
2837,$4004_const,1
2837,$4004_vol,12
2837,$400C_const,1
2837,$400C_vol,5
2838,$4000_duty,2
2838,$4000_const,1
2838,$4000_vol,6
2838,$4004_duty,3
2838,$4004_const,1
2838,$4004_vol,11
2838,$400C_const,1
2838,$400C_vol,0
2839,$4004_duty,3
2839,$4004_const,1
2839,$4004_vol,10
2840,$4004_duty,3
2840,$4004_const,1
2840,$4004_vol,9
2841,$4004_duty,3
2841,$4004_const,1
2841,$4004_vol,8
2842,$4004_duty,3
2842,$4004_const,1
2842,$4004_vol,7
2843,$4010_rate,15
2843,$4000_duty,2
2843,$4000_const,1
2843,$4000_vol,7
2843,$4004_duty,3
2843,$4004_const,1
2843,$4004_vol,6
2843,$400C_const,1
2843,$400C_vol,10
2844,$4004_duty,3
2844,$4004_const,1
2844,$4004_vol,2
2844,$400C_const,1
2844,$400C_vol,7
2845,$400C_const,1
2845,$400C_vol,0
2848,$4000_duty,2
2848,$4000_const,1
2848,$4000_vol,8
2848,$4004_duty,3
2848,$4004_const,1
2848,$4004_vol,0
2848,$4008_linear,0
2850,$4004_duty,2
2850,$4004_const,1
2850,$4004_vol,13
2850,$4006_period,2427
2850,$400E_period,2
2850,$400E_mode,0
2850,$400C_const,1
2850,$400C_vol,8
2851,$4004_duty,3
2851,$4004_const,1
2851,$4004_vol,12
2851,$400C_const,1
2851,$400C_vol,5
2852,$4004_duty,3
2852,$4004_const,1
2852,$4004_vol,11
2852,$400C_const,1
2852,$400C_vol,0
2853,$4000_duty,2
2853,$4000_const,1
2853,$4000_vol,9
2853,$4004_duty,3
2853,$4004_const,1
2853,$4004_vol,10
2854,$4004_duty,3
2854,$4004_const,1
2854,$4004_vol,9
2855,$4000_duty,2
2855,$4000_const,1
2855,$4000_vol,0
2855,$4004_duty,3
2855,$4004_const,1
2855,$4004_vol,8
2856,$4004_duty,3
2856,$4004_const,1
2856,$4004_vol,7
2857,$4012_addr,250
2857,$4013_len,11
2857,$4010_rate,14
2857,$4000_duty,2
2857,$4000_const,1
2857,$4000_vol,4
2857,$4002_period,339
2857,$400B_length,32
2857,$4004_duty,3
2857,$4004_const,1
2857,$4004_vol,6
2857,$4008_linear,127
2857,$400A_period,201
2857,$400B_length,48
2857,$400E_period,1
2857,$400E_mode,0
2857,$400C_const,1
2857,$400C_vol,8
2858,$4000_duty,2
2858,$4000_const,1
2858,$4000_vol,8
2858,$4004_duty,3
2858,$4004_const,1
2858,$4004_vol,2
2858,$400C_const,1
2858,$400C_vol,5
2859,$4000_duty,2
2859,$4000_const,1
2859,$4000_vol,10
2859,$400C_const,1
2859,$400C_vol,0
2860,$4000_duty,2
2860,$4000_const,1
2860,$4000_vol,7
2861,$4000_duty,2
2861,$4000_const,1
2861,$4000_vol,5
2862,$4000_duty,2
2862,$4000_const,1
2862,$4000_vol,0
2862,$4004_duty,3
2862,$4004_const,1
2862,$4004_vol,0
2862,$4008_linear,0
2864,$4010_rate,14
2864,$4000_duty,2
2864,$4000_const,1
2864,$4000_vol,4
2864,$4002_period,321
2864,$400B_length,48
2864,$4004_duty,2
2864,$4004_const,1
2864,$4004_vol,12
2864,$4006_period,907
2864,$4008_linear,127
2864,$400A_period,191
2864,$400B_length,32
2864,$400E_period,3
2864,$400E_mode,0
2864,$400C_const,1
2864,$400C_vol,8
2865,$4000_duty,2
2865,$4000_const,1
2865,$4000_vol,8
2865,$4004_duty,3
2865,$4004_const,1
2865,$4004_vol,11
2865,$400C_const,1
2865,$400C_vol,5
2866,$4000_duty,2
2866,$4000_const,1
2866,$4000_vol,10
2866,$4004_duty,3
2866,$4004_const,1
2866,$4004_vol,10
2866,$400C_const,1
2866,$400C_vol,0
2867,$4000_duty,2
2867,$4000_const,1
2867,$4000_vol,7
2867,$4004_duty,3
2867,$4004_const,1
2867,$4004_vol,1
2868,$4000_duty,2
2868,$4000_const,1
2868,$4000_vol,5
2869,$4000_duty,2
2869,$4000_const,1
2869,$4000_vol,0
2869,$4008_linear,0
2871,$4012_addr,240
2871,$4013_len,11
2871,$4010_rate,15
2871,$4000_duty,2
2871,$4000_const,1
2871,$4000_vol,4
2871,$4002_period,303
2871,$400B_length,32
2871,$4004_duty,2
2871,$4004_const,1
2871,$4004_vol,15
2871,$4006_period,1811
2871,$4008_linear,127
2871,$400A_period,179
2871,$400B_length,48
2871,$400C_const,1
2871,$400C_vol,10
2872,$4000_duty,2
2872,$4000_const,1
2872,$4000_vol,8
2872,$4004_duty,3
2872,$4004_const,1
2872,$4004_vol,14
2872,$400C_const,1
2872,$400C_vol,7
2873,$4000_duty,2
2873,$4000_const,1
2873,$4000_vol,10
2873,$4004_duty,3
2873,$4004_const,1
2873,$4004_vol,13
2873,$400C_const,1
2873,$400C_vol,0
2874,$4000_duty,2
2874,$4000_const,1
2874,$4000_vol,7
2874,$4004_duty,3
2874,$4004_const,1
2874,$4004_vol,12
2875,$4000_duty,2
2875,$4000_const,1
2875,$4000_vol,5
2875,$4004_duty,3
2875,$4004_const,1
2875,$4004_vol,11
2876,$4000_duty,2
2876,$4000_const,1
2876,$4000_vol,0
2876,$4004_duty,3
2876,$4004_const,1
2876,$4004_vol,10
2876,$4008_linear,0
2877,$4004_duty,3
2877,$4004_const,1
2877,$4004_vol,9
2878,$4000_duty,2
2878,$4000_const,1
2878,$4000_vol,4
2878,$4002_period,359
2878,$400B_length,48
2878,$4004_duty,3
2878,$4004_const,1
2878,$4004_vol,8
2878,$4008_linear,127
2878,$400A_period,227
2878,$400B_length,32
2878,$400E_period,2
2878,$400E_mode,0
2878,$400C_const,1
2878,$400C_vol,8
2879,$4000_duty,2
2879,$4000_const,1
2879,$4000_vol,8
2879,$4004_duty,3
2879,$4004_const,1
2879,$4004_vol,4
2879,$400C_const,1
2879,$400C_vol,5
2880,$4000_duty,2
2880,$4000_const,1
2880,$4000_vol,10
2880,$400C_const,1
2880,$400C_vol,0
2881,$4000_duty,2
2881,$4000_const,1
2881,$4000_vol,7
2882,$4000_duty,2
2882,$4000_const,1
2882,$4000_vol,5
2883,$4000_duty,2
2883,$4000_const,1
2883,$4000_vol,0
2883,$4004_duty,3
2883,$4004_const,1
2883,$4004_vol,0
2883,$4008_linear,0
2885,$4012_addr,250
2885,$4013_len,11
2885,$4010_rate,15
2885,$4004_duty,2
2885,$4004_const,1
2885,$4004_vol,11
2885,$4006_period,907
2885,$400E_period,11
2885,$400E_mode,0
2885,$400C_const,1
2885,$400C_vol,7
2886,$4004_duty,3
2886,$4004_const,1
2886,$4004_vol,10
2886,$400E_period,10
2886,$400E_mode,0
2887,$4004_duty,3
2887,$4004_const,1
2887,$4004_vol,9
2887,$400E_period,11
2887,$400E_mode,0
2887,$400C_const,1
2887,$400C_vol,9
2888,$4004_duty,3
2888,$4004_const,1
2888,$4004_vol,0
2888,$400E_period,10
2888,$400E_mode,0
2889,$400E_period,11
2889,$400E_mode,0
2889,$400C_const,1
2889,$400C_vol,7
2890,$400E_period,10
2890,$400E_mode,0
2891,$400E_period,11
2891,$400E_mode,0
2891,$400C_const,1
2891,$400C_vol,9
2892,$4012_addr,240
2892,$4013_len,11
2892,$4010_rate,15
2892,$4000_duty,2
2892,$4000_const,1
2892,$4000_vol,4
2892,$4002_period,303
2892,$400B_length,32
2892,$4004_duty,2
2892,$4004_const,1
2892,$4004_vol,13
2892,$4006_period,2427
2892,$4008_linear,127
2892,$400A_period,179
2892,$400B_length,48
2892,$400E_period,10
2892,$400E_mode,0
2893,$4000_duty,2
2893,$4000_const,1
2893,$4000_vol,8
2893,$4004_duty,3
2893,$4004_const,1
2893,$4004_vol,12
2893,$400E_period,11
2893,$400E_mode,0
2893,$400C_const,1
2893,$400C_vol,7
2894,$4000_duty,2
2894,$4000_const,1
2894,$4000_vol,10
2894,$4004_duty,3
2894,$4004_const,1
2894,$4004_vol,11
2894,$400E_period,10
2894,$400E_mode,0
2895,$4000_duty,2
2895,$4000_const,1
2895,$4000_vol,7
2895,$4004_duty,3
2895,$4004_const,1
2895,$4004_vol,10
2895,$400E_period,11
2895,$400E_mode,0
2895,$400C_const,1
2895,$400C_vol,9
2896,$4000_duty,2
2896,$4000_const,1
2896,$4000_vol,5
2896,$4004_duty,3
2896,$4004_const,1
2896,$4004_vol,9
2896,$400E_period,10
2896,$400E_mode,0
2897,$4000_duty,2
2897,$4000_const,1
2897,$4000_vol,0
2897,$4004_duty,3
2897,$4004_const,1
2897,$4004_vol,8
2897,$4008_linear,0
2897,$400E_period,11
2897,$400E_mode,0
2897,$400C_const,1
2897,$400C_vol,7
2898,$4004_duty,3
2898,$4004_const,1
2898,$4004_vol,7
2898,$400E_period,10
2898,$400E_mode,0
2899,$4012_addr,243
2899,$4013_len,28
2899,$4010_rate,15
2899,$4000_duty,2
2899,$4000_const,1
2899,$4000_vol,4
2899,$4002_period,179
2899,$400B_length,48
2899,$4004_duty,3
2899,$4004_const,1
2899,$4004_vol,6
2899,$4008_linear,127
2899,$400A_period,113
2899,$400B_length,32
2899,$400E_period,11
2899,$400E_mode,0
2899,$400C_const,1
2899,$400C_vol,9
2900,$4000_duty,2
2900,$4000_const,1
2900,$4000_vol,8
2900,$4004_duty,3
2900,$4004_const,1
2900,$4004_vol,2
2900,$400E_period,10
2900,$400E_mode,0
2901,$4000_duty,2
2901,$4000_const,1
2901,$4000_vol,10
2901,$400E_period,11
2901,$400E_mode,0
2901,$400C_const,1
2901,$400C_vol,7
2902,$4000_duty,2
2902,$4000_const,1
2902,$4000_vol,7
2902,$400E_period,10
2902,$400E_mode,0
2903,$4000_duty,2
2903,$4000_const,1
2903,$4000_vol,5
2903,$400E_period,11
2903,$400E_mode,0
2903,$400C_const,1
2903,$400C_vol,9
2904,$4000_duty,2
2904,$4000_const,1
2904,$4000_vol,0
2904,$4004_duty,3
2904,$4004_const,1
2904,$4004_vol,0
2904,$4008_linear,0
2904,$400E_period,10
2904,$400E_mode,0
2905,$400E_period,11
2905,$400E_mode,0
2905,$400C_const,1
2905,$400C_vol,7
2906,$4000_duty,2
2906,$4000_const,1
2906,$4000_vol,4
2906,$4002_period,227
2906,$400B_length,32
2906,$4004_duty,2
2906,$4004_const,1
2906,$4004_vol,13
2906,$4006_period,2427
2906,$4008_linear,127
2906,$400A_period,151
2906,$400B_length,48
2906,$400E_period,10
2906,$400E_mode,0
2907,$4000_duty,2
2907,$4000_const,1
2907,$4000_vol,8
2907,$4004_duty,3
2907,$4004_const,1
2907,$4004_vol,12
2907,$400E_period,11
2907,$400E_mode,0
2907,$400C_const,1
2907,$400C_vol,9
2908,$4000_duty,2
2908,$4000_const,1
2908,$4000_vol,10
2908,$4004_duty,3
2908,$4004_const,1
2908,$4004_vol,11
2908,$400E_period,10
2908,$400E_mode,0
2909,$4000_duty,2
2909,$4000_const,1
2909,$4000_vol,7
2909,$4004_duty,3
2909,$4004_const,1
2909,$4004_vol,10
2909,$400E_period,11
2909,$400E_mode,0
2909,$400C_const,1
2909,$400C_vol,7
2910,$4000_duty,2
2910,$4000_const,1
2910,$4000_vol,5
2910,$4004_duty,3
2910,$4004_const,1
2910,$4004_vol,9
2910,$400E_period,10
2910,$400E_mode,0
2911,$4000_duty,2
2911,$4000_const,1
2911,$4000_vol,0
2911,$4004_duty,3
2911,$4004_const,1
2911,$4004_vol,8
2911,$4008_linear,0
2911,$400E_period,11
2911,$400E_mode,0
2911,$400C_const,1
2911,$400C_vol,9
2912,$4004_duty,3
2912,$4004_const,1
2912,$4004_vol,7
2912,$400E_period,10
2912,$400E_mode,0
2913,$4012_addr,250
2913,$4013_len,11
2913,$4010_rate,14
2913,$4000_duty,2
2913,$4000_const,1
2913,$4000_vol,4
2913,$4002_period,303
2913,$400B_length,48
2913,$4004_duty,3
2913,$4004_const,1
2913,$4004_vol,6
2913,$4008_linear,127
2913,$400A_period,179
2913,$400B_length,32
2913,$400E_period,11
2913,$400E_mode,0
2913,$400C_const,1
2913,$400C_vol,7
2914,$4000_duty,2
2914,$4000_const,1
2914,$4000_vol,8
2914,$4004_duty,3
2914,$4004_const,1
2914,$4004_vol,2
2914,$400E_period,10
2914,$400E_mode,0
2915,$4000_duty,2
2915,$4000_const,1
2915,$4000_vol,10
2915,$400E_period,11
2915,$400E_mode,0
2915,$400C_const,1
2915,$400C_vol,9
2916,$4000_duty,2
2916,$4000_const,1
2916,$4000_vol,7
2916,$400E_period,10
2916,$400E_mode,0
2917,$4000_duty,2
2917,$4000_const,1
2917,$4000_vol,5
2917,$400E_period,11
2917,$400E_mode,0
2917,$400C_const,1
2917,$400C_vol,7
2918,$4000_duty,2
2918,$4000_const,1
2918,$4000_vol,0
2918,$4004_duty,3
2918,$4004_const,1
2918,$4004_vol,0
2918,$4008_linear,0
2918,$400E_period,10
2918,$400E_mode,0
2919,$400E_period,11
2919,$400E_mode,0
2919,$400C_const,1
2919,$400C_vol,9
2920,$4010_rate,14
2920,$4000_duty,2
2920,$4000_const,1
2920,$4000_vol,4
2920,$4002_period,359
2920,$400B_length,32
2920,$4004_duty,2
2920,$4004_const,1
2920,$4004_vol,12
2920,$4006_period,907
2920,$4008_linear,127
2920,$400A_period,227
2920,$400B_length,48
2920,$400E_period,10
2920,$400E_mode,0
2921,$4000_duty,2
2921,$4000_const,1
2921,$4000_vol,8
2921,$4004_duty,3
2921,$4004_const,1
2921,$4004_vol,11
2921,$400E_period,11
2921,$400E_mode,0
2921,$400C_const,1
2921,$400C_vol,7
2922,$4000_duty,2
2922,$4000_const,1
2922,$4000_vol,10
2922,$4004_duty,3
2922,$4004_const,1
2922,$4004_vol,10
2922,$400E_period,10
2922,$400E_mode,0
2923,$4000_duty,2
2923,$4000_const,1
2923,$4000_vol,7
2923,$4004_duty,3
2923,$4004_const,1
2923,$4004_vol,1
2923,$400E_period,11
2923,$400E_mode,0
2923,$400C_const,1
2923,$400C_vol,9
2924,$4000_duty,2
2924,$4000_const,1
2924,$4000_vol,5
2924,$400E_period,10
2924,$400E_mode,0
2925,$4000_duty,2
2925,$4000_const,1
2925,$4000_vol,0
2925,$4008_linear,0
2925,$400E_period,11
2925,$400E_mode,0
2925,$400C_const,1
2925,$400C_vol,7
2926,$400E_period,10
2926,$400E_mode,0
2927,$4012_addr,240
2927,$4013_len,11
2927,$4010_rate,15
2927,$4000_duty,2
2927,$4000_const,1
2927,$4000_vol,4
2927,$4002_period,403
2927,$400B_length,48
2927,$4004_duty,2
2927,$4004_const,1
2927,$4004_vol,15
2927,$4006_period,1921
2927,$4008_linear,127
2927,$400A_period,241
2927,$400B_length,32
2927,$400E_period,11
2927,$400E_mode,0
2927,$400C_const,1
2927,$400C_vol,9
2928,$4000_duty,2
2928,$4000_const,1
2928,$4000_vol,8
2928,$4004_duty,3
2928,$4004_const,1
2928,$4004_vol,14
2928,$400E_period,10
2928,$400E_mode,0
2929,$4000_duty,2
2929,$4000_const,1
2929,$4000_vol,10
2929,$4004_duty,3
2929,$4004_const,1
2929,$4004_vol,13
2929,$400E_period,11
2929,$400E_mode,0
2929,$400C_const,1
2929,$400C_vol,7
2930,$4000_duty,2
2930,$4000_const,1
2930,$4000_vol,7
2930,$4004_duty,3
2930,$4004_const,1
2930,$4004_vol,12
2930,$400E_period,10
2930,$400E_mode,0
2931,$4000_duty,2
2931,$4000_const,1
2931,$4000_vol,5
2931,$4004_duty,3
2931,$4004_const,1
2931,$4004_vol,11
2931,$400E_period,11
2931,$400E_mode,0
2931,$400C_const,1
2931,$400C_vol,9
2932,$4000_duty,2
2932,$4000_const,1
2932,$4000_vol,0
2932,$4004_duty,3
2932,$4004_const,1
2932,$4004_vol,10
2932,$4008_linear,0
2932,$400E_period,10
2932,$400E_mode,0
2933,$4004_duty,3
2933,$4004_const,1
2933,$4004_vol,9
2933,$400E_period,11
2933,$400E_mode,0
2933,$400C_const,1
2933,$400C_vol,7
2934,$4004_duty,3
2934,$4004_const,1
2934,$4004_vol,8
2934,$400E_period,10
2934,$400E_mode,0
2935,$4004_duty,3
2935,$4004_const,1
2935,$4004_vol,4
2935,$400E_period,11
2935,$400E_mode,0
2935,$400C_const,1
2935,$400C_vol,9
2936,$400E_period,10
2936,$400E_mode,0
2937,$400E_period,11
2937,$400E_mode,0
2937,$400C_const,1
2937,$400C_vol,7
2938,$400E_period,10
2938,$400E_mode,0
2939,$4004_duty,3
2939,$4004_const,1
2939,$4004_vol,0
2939,$400E_period,11
2939,$400E_mode,0
2939,$400C_const,1
2939,$400C_vol,9
2940,$400E_period,10
2940,$400E_mode,0
2941,$4012_addr,250
2941,$4013_len,11
2941,$4010_rate,15
2941,$4000_duty,2
2941,$4000_const,1
2941,$4000_vol,4
2941,$4002_period,403
2941,$400B_length,32
2941,$4004_duty,2
2941,$4004_const,1
2941,$4004_vol,11
2941,$4006_period,961
2941,$4008_linear,127
2941,$400A_period,241
2941,$400B_length,48
2941,$400E_period,11
2941,$400E_mode,0
2941,$400C_const,1
2941,$400C_vol,7
2942,$4000_duty,2
2942,$4000_const,1
2942,$4000_vol,8
2942,$4004_duty,3
2942,$4004_const,1
2942,$4004_vol,10
2942,$400E_period,10
2942,$400E_mode,0
2943,$4000_duty,2
2943,$4000_const,1
2943,$4000_vol,10
2943,$4004_duty,3
2943,$4004_const,1
2943,$4004_vol,9
2943,$400E_period,11
2943,$400E_mode,0
2943,$400C_const,1
2943,$400C_vol,9
2944,$4000_duty,2
2944,$4000_const,1
2944,$4000_vol,7
2944,$4004_duty,3
2944,$4004_const,1
2944,$4004_vol,0
2944,$400E_period,10
2944,$400E_mode,0
2945,$4000_duty,2
2945,$4000_const,1
2945,$4000_vol,5
2945,$400E_period,11
2945,$400E_mode,0
2945,$400C_const,1
2945,$400C_vol,7
2946,$400E_period,10
2946,$400E_mode,0
2947,$400E_period,11
2947,$400E_mode,0
2947,$400C_const,1
2947,$400C_vol,9
2948,$4012_addr,240
2948,$4013_len,11
2948,$4010_rate,15
2948,$4004_duty,2
2948,$4004_const,1
2948,$4004_vol,13
2948,$4006_period,2427
2948,$400E_period,10
2948,$400E_mode,0
2949,$4004_duty,3
2949,$4004_const,1
2949,$4004_vol,12
2949,$400E_period,11
2949,$400E_mode,0
2949,$400C_const,1
2949,$400C_vol,7
2950,$4000_duty,2
2950,$4000_const,1
2950,$4000_vol,6
2950,$4004_duty,3
2950,$4004_const,1
2950,$4004_vol,11
2950,$400E_period,10
2950,$400E_mode,0
2951,$4004_duty,3
2951,$4004_const,1
2951,$4004_vol,10
2951,$400E_period,11
2951,$400E_mode,0
2951,$400C_const,1
2951,$400C_vol,9
2952,$4004_duty,3
2952,$4004_const,1
2952,$4004_vol,9
2952,$400E_period,10
2952,$400E_mode,0
2953,$4004_duty,3
2953,$4004_const,1
2953,$4004_vol,8
2953,$400E_period,11
2953,$400E_mode,0
2953,$400C_const,1
2953,$400C_vol,7
2954,$4004_duty,3
2954,$4004_const,1
2954,$4004_vol,7
2954,$400E_period,10
2954,$400E_mode,0
2955,$4010_rate,15
2955,$4000_duty,2
2955,$4000_const,1
2955,$4000_vol,7
2955,$4004_duty,3
2955,$4004_const,1
2955,$4004_vol,6
2955,$400E_period,11
2955,$400E_mode,0
2955,$400C_const,1
2955,$400C_vol,9
2956,$4004_duty,3
2956,$4004_const,1
2956,$4004_vol,2
2956,$400E_period,10
2956,$400E_mode,0
2957,$400E_period,11
2957,$400E_mode,0
2957,$400C_const,1
2957,$400C_vol,7
2958,$400E_period,10
2958,$400E_mode,0
2959,$400E_period,11
2959,$400E_mode,0
2959,$400C_const,1
2959,$400C_vol,9
2960,$4000_duty,2
2960,$4000_const,1
2960,$4000_vol,0
2960,$4004_duty,3
2960,$4004_const,1
2960,$4004_vol,0
2960,$4008_linear,0
2960,$400E_period,10
2960,$400E_mode,0
2961,$400E_period,11
2961,$400E_mode,0
2961,$400C_const,1
2961,$400C_vol,7
2962,$4000_duty,2
2962,$4000_const,1
2962,$4000_vol,4
2962,$4002_period,481
2962,$400B_length,48
2962,$4004_duty,2
2962,$4004_const,1
2962,$4004_vol,13
2962,$4006_period,2427
2962,$4008_linear,127
2962,$400A_period,303
2962,$400B_length,32
2962,$400E_period,10
2962,$400E_mode,0
2963,$4000_duty,2
2963,$4000_const,1
2963,$4000_vol,8
2963,$4004_duty,3
2963,$4004_const,1
2963,$4004_vol,12
2963,$400E_period,11
2963,$400E_mode,0
2963,$400C_const,1
2963,$400C_vol,9
2964,$4000_duty,2
2964,$4000_const,1
2964,$4000_vol,10
2964,$4004_duty,3
2964,$4004_const,1
2964,$4004_vol,11
2964,$400E_period,10
2964,$400E_mode,0
2965,$4000_duty,2
2965,$4000_const,1
2965,$4000_vol,7
2965,$4004_duty,3
2965,$4004_const,1
2965,$4004_vol,10
2965,$400E_period,11
2965,$400E_mode,0
2965,$400C_const,1
2965,$400C_vol,7
2966,$4000_duty,2
2966,$4000_const,1
2966,$4000_vol,5
2966,$4004_duty,3
2966,$4004_const,1
2966,$4004_vol,9
2966,$400E_period,10
2966,$400E_mode,0
2967,$4000_duty,2
2967,$4000_const,1
2967,$4000_vol,0
2967,$4004_duty,3
2967,$4004_const,1
2967,$4004_vol,8
2967,$4008_linear,0
2967,$400E_period,11
2967,$400E_mode,0
2967,$400C_const,1
2967,$400C_vol,9
2968,$4004_duty,3
2968,$4004_const,1
2968,$4004_vol,7
2968,$400E_period,10
2968,$400E_mode,0
2969,$4012_addr,250
2969,$4013_len,11
2969,$4010_rate,14
2969,$4000_duty,2
2969,$4000_const,1
2969,$4000_vol,4
2969,$4002_period,321
2969,$400B_length,32
2969,$4004_duty,3
2969,$4004_const,1
2969,$4004_vol,6
2969,$4008_linear,127
2969,$400A_period,241
2969,$400B_length,48
2969,$400E_period,11
2969,$400E_mode,0
2969,$400C_const,1
2969,$400C_vol,7
2970,$4000_duty,2
2970,$4000_const,1
2970,$4000_vol,8
2970,$4004_duty,3
2970,$4004_const,1
2970,$4004_vol,2
2970,$400E_period,10
2970,$400E_mode,0
2971,$4000_duty,2
2971,$4000_const,1
2971,$4000_vol,10
2971,$400E_period,11
2971,$400E_mode,0
2971,$400C_const,1
2971,$400C_vol,9
2972,$4000_duty,2
2972,$4000_const,1
2972,$4000_vol,7
2972,$400E_period,10
2972,$400E_mode,0
2973,$4000_duty,2
2973,$4000_const,1
2973,$4000_vol,5
2973,$400E_period,11
2973,$400E_mode,0
2973,$400C_const,1
2973,$400C_vol,7
2974,$4000_duty,2
2974,$4000_const,1
2974,$4000_vol,0
2974,$4004_duty,3
2974,$4004_const,1
2974,$4004_vol,0
2974,$4008_linear,0
2974,$400E_period,10
2974,$400E_mode,0
2975,$400E_period,11
2975,$400E_mode,0
2975,$400C_const,1
2975,$400C_vol,9
2976,$4010_rate,14
2976,$4000_duty,2
2976,$4000_const,1
2976,$4000_vol,4
2976,$4002_period,303
2976,$400B_length,48
2976,$4004_duty,2
2976,$4004_const,1
2976,$4004_vol,12
2976,$4006_period,961
2976,$4008_linear,127
2976,$400A_period,201
2976,$400B_length,32
2976,$400E_period,10
2976,$400E_mode,0
2977,$4000_duty,2
2977,$4000_const,1
2977,$4000_vol,8
2977,$4004_duty,3
2977,$4004_const,1
2977,$4004_vol,11
2977,$400E_period,11
2977,$400E_mode,0
2977,$400C_const,1
2977,$400C_vol,7
2978,$4000_duty,2
2978,$4000_const,1
2978,$4000_vol,10
2978,$4004_duty,3
2978,$4004_const,1
2978,$4004_vol,10
2978,$400E_period,10
2978,$400E_mode,0
2979,$4000_duty,2
2979,$4000_const,1
2979,$4000_vol,7
2979,$4004_duty,3
2979,$4004_const,1
2979,$4004_vol,1
2979,$400E_period,11
2979,$400E_mode,0
2979,$400C_const,1
2979,$400C_vol,9
2980,$4000_duty,2
2980,$4000_const,1
2980,$4000_vol,5
2980,$400E_period,10
2980,$400E_mode,0
2981,$4000_duty,2
2981,$4000_const,1
2981,$4000_vol,0
2981,$4008_linear,0
2981,$400E_period,11
2981,$400E_mode,0
2981,$400C_const,1
2981,$400C_vol,7
2982,$400E_period,10
2982,$400E_mode,0
2983,$4012_addr,240
2983,$4013_len,11
2983,$4010_rate,15
2983,$4004_duty,2
2983,$4004_const,1
2983,$4004_vol,15
2983,$4006_period,1921
2983,$400E_period,11
2983,$400E_mode,0
2983,$400C_const,1
2983,$400C_vol,9
2984,$4004_duty,3
2984,$4004_const,1
2984,$4004_vol,14
2984,$400E_period,10
2984,$400E_mode,0
2985,$4004_duty,3
2985,$4004_const,1
2985,$4004_vol,13
2985,$400E_period,11
2985,$400E_mode,0
2985,$400C_const,1
2985,$400C_vol,7
2986,$4004_duty,3
2986,$4004_const,1
2986,$4004_vol,12
2986,$400E_period,10
2986,$400E_mode,0
2987,$4004_duty,3
2987,$4004_const,1
2987,$4004_vol,11
2987,$400E_period,11
2987,$400E_mode,0
2987,$400C_const,1
2987,$400C_vol,9
2988,$4004_duty,3
2988,$4004_const,1
2988,$4004_vol,10
2988,$400E_period,10
2988,$400E_mode,0
2989,$4004_duty,3
2989,$4004_const,1
2989,$4004_vol,9
2989,$400E_period,11
2989,$400E_mode,0
2989,$400C_const,1
2989,$400C_vol,7
2990,$4004_duty,3
2990,$4004_const,1
2990,$4004_vol,8
2990,$400E_period,10
2990,$400E_mode,0
2991,$4004_duty,3
2991,$4004_const,1
2991,$4004_vol,4
2991,$400E_period,11
2991,$400E_mode,0
2991,$400C_const,1
2991,$400C_vol,9
2992,$400E_period,10
2992,$400E_mode,0
2993,$400E_period,11
2993,$400E_mode,0
2993,$400C_const,1
2993,$400C_vol,7
2994,$400E_period,10
2994,$400E_mode,0
2995,$4004_duty,3
2995,$4004_const,1
2995,$4004_vol,0
2995,$400E_period,11
2995,$400E_mode,0
2995,$400C_const,1
2995,$400C_vol,9
2996,$400E_period,10
2996,$400E_mode,0
2997,$4012_addr,250
2997,$4013_len,11
2997,$4010_rate,15
2997,$4000_duty,2
2997,$4000_const,1
2997,$4000_vol,5
2997,$4002_period,121
2997,$400B_length,32
2997,$4004_duty,2
2997,$4004_const,1
2997,$4004_vol,11
2997,$4006_period,961
2997,$4008_linear,127
2997,$400A_period,75
2997,$400B_length,48
2997,$400E_period,11
2997,$400E_mode,0
2997,$400C_const,1
2997,$400C_vol,7
2998,$4004_duty,3
2998,$4004_const,1
2998,$4004_vol,10
2998,$4008_linear,0
2998,$400E_period,10
2998,$400E_mode,0
2999,$4000_duty,2
2999,$4000_const,1
2999,$4000_vol,0
2999,$4004_duty,3
2999,$4004_const,1
2999,$4004_vol,9
2999,$400E_period,11
2999,$400E_mode,0
2999,$400C_const,1
2999,$400C_vol,9
3000,$4004_duty,3
3000,$4004_const,1
3000,$4004_vol,0
3000,$400E_period,10
3000,$400E_mode,0
3001,$400E_period,11
3001,$400E_mode,0
3001,$400C_const,1
3001,$400C_vol,7
3002,$400E_period,10
3002,$400E_mode,0
3003,$400E_period,11
3003,$400E_mode,0
3003,$400C_const,1
3003,$400C_vol,9
3004,$4012_addr,240
3004,$4013_len,11
3004,$4010_rate,15
3004,$4000_duty,2
3004,$4000_const,1
3004,$4000_vol,5
3004,$4002_period,135
3004,$400B_length,48
3004,$4004_duty,2
3004,$4004_const,1
3004,$4004_vol,13
3004,$4006_period,2427
3004,$4008_linear,127
3004,$400A_period,101
3004,$400B_length,32
3004,$400E_period,10
3004,$400E_mode,0
3005,$4004_duty,3
3005,$4004_const,1
3005,$4004_vol,12
3005,$4008_linear,0
3005,$400E_period,11
3005,$400E_mode,0
3005,$400C_const,1
3005,$400C_vol,7
3006,$4000_duty,2
3006,$4000_const,1
3006,$4000_vol,0
3006,$4004_duty,3
3006,$4004_const,1
3006,$4004_vol,11
3006,$400E_period,10
3006,$400E_mode,0
3007,$4004_duty,3
3007,$4004_const,1
3007,$4004_vol,10
3007,$400E_period,11
3007,$400E_mode,0
3007,$400C_const,1
3007,$400C_vol,9
3008,$4004_duty,3
3008,$4004_const,1
3008,$4004_vol,9
3008,$400E_period,10
3008,$400E_mode,0
3009,$4004_duty,3
3009,$4004_const,1
3009,$4004_vol,8
3009,$400E_period,11
3009,$400E_mode,0
3009,$400C_const,1
3009,$400C_vol,7
3010,$4004_duty,3
3010,$4004_const,1
3010,$4004_vol,7
3010,$400E_period,10
3010,$400E_mode,0
3011,$4012_addr,243
3011,$4013_len,28
3011,$4010_rate,15
3011,$4000_duty,2
3011,$4000_const,1
3011,$4000_vol,5
3011,$4002_period,113
3011,$400B_length,32
3011,$4004_duty,3
3011,$4004_const,1
3011,$4004_vol,6
3011,$4008_linear,127
3011,$400A_period,61
3011,$400B_length,48
3011,$400E_period,11
3011,$400E_mode,0
3011,$400C_const,1
3011,$400C_vol,9
3012,$4004_duty,3
3012,$4004_const,1
3012,$4004_vol,2
3012,$4008_linear,0
3012,$400E_period,10
3012,$400E_mode,0
3013,$4000_duty,2
3013,$4000_const,1
3013,$4000_vol,0
3013,$400E_period,11
3013,$400E_mode,0
3013,$400C_const,1
3013,$400C_vol,7
3014,$400E_period,10
3014,$400E_mode,0
3015,$400E_period,11
3015,$400E_mode,0
3015,$400C_const,1
3015,$400C_vol,9
3016,$4004_duty,3
3016,$4004_const,1
3016,$4004_vol,0
3016,$400E_period,10
3016,$400E_mode,0
3017,$400E_period,11
3017,$400E_mode,0
3017,$400C_const,1
3017,$400C_vol,7
3018,$4000_duty,2
3018,$4000_const,1
3018,$4000_vol,5
3018,$4002_period,121
3018,$400B_length,48
3018,$4004_duty,2
3018,$4004_const,1
3018,$4004_vol,13
3018,$4006_period,2427
3018,$4008_linear,127
3018,$400A_period,75
3018,$400B_length,32
3018,$400E_period,10
3018,$400E_mode,0
3019,$4004_duty,3
3019,$4004_const,1
3019,$4004_vol,12
3019,$4008_linear,0
3019,$400E_period,11
3019,$400E_mode,0
3019,$400C_const,1
3019,$400C_vol,9
3020,$4000_duty,2
3020,$4000_const,1
3020,$4000_vol,0
3020,$4004_duty,3
3020,$4004_const,1
3020,$4004_vol,11
3020,$400E_period,10
3020,$400E_mode,0
3021,$4004_duty,3
3021,$4004_const,1
3021,$4004_vol,10
3021,$400E_period,11
3021,$400E_mode,0
3021,$400C_const,1
3021,$400C_vol,7
3022,$4004_duty,3
3022,$4004_const,1
3022,$4004_vol,9
3022,$400E_period,10
3022,$400E_mode,0
3023,$4004_duty,3
3023,$4004_const,1
3023,$4004_vol,8
3023,$400E_period,11
3023,$400E_mode,0
3023,$400C_const,1
3023,$400C_vol,9
3024,$4004_duty,3
3024,$4004_const,1
3024,$4004_vol,7
3024,$400E_period,10
3024,$400E_mode,0
3025,$4012_addr,250
3025,$4013_len,11
3025,$4010_rate,14
3025,$4000_duty,2
3025,$4000_const,1
3025,$4000_vol,5
3025,$4002_period,151
3025,$400B_length,32
3025,$4004_duty,3
3025,$4004_const,1
3025,$4004_vol,6
3025,$4008_linear,127
3025,$400A_period,101
3025,$400B_length,48
3025,$400E_period,11
3025,$400E_mode,0
3025,$400C_const,1
3025,$400C_vol,7
3026,$4004_duty,3
3026,$4004_const,1
3026,$4004_vol,2
3026,$4008_linear,0
3026,$400E_period,10
3026,$400E_mode,0
3027,$4000_duty,2
3027,$4000_const,1
3027,$4000_vol,0
3027,$400E_period,11
3027,$400E_mode,0
3027,$400C_const,1
3027,$400C_vol,9
3028,$400E_period,10
3028,$400E_mode,0
3029,$400E_period,11
3029,$400E_mode,0
3029,$400C_const,1
3029,$400C_vol,7
3030,$4004_duty,3
3030,$4004_const,1
3030,$4004_vol,0
3030,$400E_period,10
3030,$400E_mode,0
3031,$400E_period,11
3031,$400E_mode,0
3031,$400C_const,1
3031,$400C_vol,9
3032,$4010_rate,14
3032,$4000_duty,2
3032,$4000_const,1
3032,$4000_vol,5
3032,$4002_period,201
3032,$400B_length,48
3032,$4004_duty,2
3032,$4004_const,1
3032,$4004_vol,12
3032,$4006_period,961
3032,$4008_linear,127
3032,$400A_period,121
3032,$400B_length,32
3032,$400E_period,10
3032,$400E_mode,0
3033,$4004_duty,3
3033,$4004_const,1
3033,$4004_vol,11
3033,$4008_linear,0
3033,$400E_period,11
3033,$400E_mode,0
3033,$400C_const,1
3033,$400C_vol,7
3034,$4000_duty,2
3034,$4000_const,1
3034,$4000_vol,0
3034,$4004_duty,3
3034,$4004_const,1
3034,$4004_vol,10
3034,$400E_period,10
3034,$400E_mode,0
3035,$4004_duty,3
3035,$4004_const,1
3035,$4004_vol,1
3035,$400E_period,11
3035,$400E_mode,0
3035,$400C_const,1
3035,$400C_vol,9
3036,$400E_period,10
3036,$400E_mode,0
3037,$400E_period,11
3037,$400E_mode,0
3037,$400C_const,1
3037,$400C_vol,7
3038,$400E_period,10
3038,$400E_mode,0
3039,$4012_addr,240
3039,$4013_len,11
3039,$4010_rate,15
3039,$4000_duty,2
3039,$4000_const,1
3039,$4000_vol,4
3039,$4002_period,453
3039,$400B_length,32
3039,$4004_duty,2
3039,$4004_const,1
3039,$4004_vol,15
3039,$4006_period,2157
3039,$4008_linear,127
3039,$400A_period,269
3039,$400B_length,48
3039,$400E_period,11
3039,$400E_mode,0
3039,$400C_const,1
3039,$400C_vol,9
3040,$4000_duty,2
3040,$4000_const,1
3040,$4000_vol,8
3040,$4004_duty,3
3040,$4004_const,1
3040,$4004_vol,14
3040,$400E_period,10
3040,$400E_mode,0
3041,$4000_duty,2
3041,$4000_const,1
3041,$4000_vol,10
3041,$4004_duty,3
3041,$4004_const,1
3041,$4004_vol,13
3041,$400E_period,11
3041,$400E_mode,0
3041,$400C_const,1
3041,$400C_vol,7
3042,$4000_duty,2
3042,$4000_const,1
3042,$4000_vol,7
3042,$4004_duty,3
3042,$4004_const,1
3042,$4004_vol,12
3042,$400E_period,10
3042,$400E_mode,0
3043,$4000_duty,2
3043,$4000_const,1
3043,$4000_vol,5
3043,$4004_duty,3
3043,$4004_const,1
3043,$4004_vol,11
3043,$400E_period,11
3043,$400E_mode,0
3043,$400C_const,1
3043,$400C_vol,9
3044,$4000_duty,2
3044,$4000_const,1
3044,$4000_vol,0
3044,$4004_duty,3
3044,$4004_const,1
3044,$4004_vol,10
3044,$4008_linear,0
3044,$400E_period,10
3044,$400E_mode,0
3045,$4004_duty,3
3045,$4004_const,1
3045,$4004_vol,9
3045,$400E_period,11
3045,$400E_mode,0
3045,$400C_const,1
3045,$400C_vol,7
3046,$4004_duty,3
3046,$4004_const,1
3046,$4004_vol,8
3046,$400E_period,10
3046,$400E_mode,0
3047,$4004_duty,3
3047,$4004_const,1
3047,$4004_vol,4
3047,$400E_period,11
3047,$400E_mode,0
3047,$400C_const,1
3047,$400C_vol,9
3048,$400E_period,10
3048,$400E_mode,0
3049,$400E_period,11
3049,$400E_mode,0
3049,$400C_const,1
3049,$400C_vol,7
3050,$400E_period,10
3050,$400E_mode,0
3051,$4004_duty,3
3051,$4004_const,1
3051,$4004_vol,0
3051,$400E_period,11
3051,$400E_mode,0
3051,$400C_const,1
3051,$400C_vol,9
3052,$400E_period,10
3052,$400E_mode,0
3053,$4012_addr,250
3053,$4013_len,11
3053,$4010_rate,15
3053,$4000_duty,2
3053,$4000_const,1
3053,$4000_vol,4
3053,$4002_period,453
3053,$400B_length,48
3053,$4004_duty,2
3053,$4004_const,1
3053,$4004_vol,11
3053,$4006_period,1079
3053,$4008_linear,127
3053,$400A_period,269
3053,$400B_length,32
3053,$400E_period,11
3053,$400E_mode,0
3053,$400C_const,1
3053,$400C_vol,7
3054,$4000_duty,2
3054,$4000_const,1
3054,$4000_vol,8
3054,$4004_duty,3
3054,$4004_const,1
3054,$4004_vol,10
3054,$400E_period,10
3054,$400E_mode,0
3055,$4000_duty,2
3055,$4000_const,1
3055,$4000_vol,10
3055,$4004_duty,3
3055,$4004_const,1
3055,$4004_vol,9
3055,$400E_period,11
3055,$400E_mode,0
3055,$400C_const,1
3055,$400C_vol,9
3056,$4000_duty,2
3056,$4000_const,1
3056,$4000_vol,7
3056,$4004_duty,3
3056,$4004_const,1
3056,$4004_vol,0
3056,$400E_period,10
3056,$400E_mode,0
3057,$4000_duty,2
3057,$4000_const,1
3057,$4000_vol,5
3057,$400E_period,11
3057,$400E_mode,0
3057,$400C_const,1
3057,$400C_vol,7
3058,$400E_period,10
3058,$400E_mode,0
3059,$400E_period,11
3059,$400E_mode,0
3059,$400C_const,1
3059,$400C_vol,9
3060,$4012_addr,240
3060,$4013_len,11
3060,$4010_rate,15
3060,$4004_duty,2
3060,$4004_const,1
3060,$4004_vol,13
3060,$4006_period,3237
3060,$400E_period,10
3060,$400E_mode,0
3061,$4004_duty,3
3061,$4004_const,1
3061,$4004_vol,12
3061,$400E_period,11
3061,$400E_mode,0
3061,$400C_const,1
3061,$400C_vol,7
3062,$4000_duty,2
3062,$4000_const,1
3062,$4000_vol,6
3062,$4004_duty,3
3062,$4004_const,1
3062,$4004_vol,11
3062,$400E_period,10
3062,$400E_mode,0
3063,$4004_duty,3
3063,$4004_const,1
3063,$4004_vol,10
3063,$400E_period,11
3063,$400E_mode,0
3063,$400C_const,1
3063,$400C_vol,9
3064,$4004_duty,3
3064,$4004_const,1
3064,$4004_vol,9
3064,$400E_period,10
3064,$400E_mode,0
3065,$4004_duty,3
3065,$4004_const,1
3065,$4004_vol,8
3065,$400E_period,11
3065,$400E_mode,0
3065,$400C_const,1
3065,$400C_vol,11
3066,$4004_duty,3
3066,$4004_const,1
3066,$4004_vol,7
3066,$400E_period,10
3066,$400E_mode,0
3067,$4010_rate,15
3067,$4000_duty,2
3067,$4000_const,1
3067,$4000_vol,7
3067,$4004_duty,3
3067,$4004_const,1
3067,$4004_vol,6
3067,$400E_period,11
3067,$400E_mode,0
3067,$400C_const,1
3067,$400C_vol,13
3068,$4004_duty,3
3068,$4004_const,1
3068,$4004_vol,2
3068,$400E_period,10
3068,$400E_mode,0
3069,$400E_period,11
3069,$400E_mode,0
3069,$400C_const,1
3069,$400C_vol,15
3070,$400E_period,12
3070,$400E_mode,0
3071,$400E_period,11
3071,$400E_mode,0
3071,$400C_const,1
3071,$400C_vol,13
3072,$4000_duty,2
3072,$4000_const,1
3072,$4000_vol,0
3072,$4004_duty,3
3072,$4004_const,1
3072,$4004_vol,0
3072,$4008_linear,0
3072,$400E_period,12
3072,$400E_mode,0
3073,$400E_period,11
3073,$400E_mode,0
3073,$400C_const,1
3073,$400C_vol,11
3074,$4000_duty,2
3074,$4000_const,1
3074,$4000_vol,4
3074,$4002_period,453
3074,$400B_length,32
3074,$4004_duty,2
3074,$4004_const,1
3074,$4004_vol,13
3074,$4006_period,3237
3074,$4008_linear,127
3074,$400A_period,269
3074,$400B_length,48
3074,$400E_period,12
3074,$400E_mode,0
3075,$4000_duty,2
3075,$4000_const,1
3075,$4000_vol,8
3075,$4004_duty,3
3075,$4004_const,1
3075,$4004_vol,12
3075,$400E_period,11
3075,$400E_mode,0
3075,$400C_const,1
3075,$400C_vol,9
3076,$4000_duty,2
3076,$4000_const,1
3076,$4000_vol,10
3076,$4004_duty,3
3076,$4004_const,1
3076,$4004_vol,11
3076,$400E_period,12
3076,$400E_mode,0
3077,$4000_duty,2
3077,$4000_const,1
3077,$4000_vol,7
3077,$4004_duty,3
3077,$4004_const,1
3077,$4004_vol,10
3077,$400E_period,11
3077,$400E_mode,0
3077,$400C_const,1
3077,$400C_vol,7
3078,$4000_duty,2
3078,$4000_const,1
3078,$4000_vol,5
3078,$4004_duty,3
3078,$4004_const,1
3078,$4004_vol,9
3078,$400E_period,12
3078,$400E_mode,0
3079,$4000_duty,2
3079,$4000_const,1
3079,$4000_vol,0
3079,$4004_duty,3
3079,$4004_const,1
3079,$4004_vol,8
3079,$4008_linear,0
3079,$400E_period,11
3079,$400E_mode,0
3079,$400C_const,1
3079,$400C_vol,5
3080,$4004_duty,3
3080,$4004_const,1
3080,$4004_vol,7
3080,$400E_period,12
3080,$400E_mode,0
3081,$4012_addr,250
3081,$4013_len,11
3081,$4010_rate,14
3081,$4000_duty,2
3081,$4000_const,1
3081,$4000_vol,4
3081,$4002_period,403
3081,$400B_length,48
3081,$4004_duty,3
3081,$4004_const,1
3081,$4004_vol,6
3081,$4008_linear,127
3081,$400A_period,255
3081,$400B_length,32
3081,$400E_period,11
3081,$400E_mode,0
3081,$400C_const,1
3081,$400C_vol,3
3082,$4000_duty,2
3082,$4000_const,1
3082,$4000_vol,8
3082,$4004_duty,3
3082,$4004_const,1
3082,$4004_vol,2
3082,$400E_period,12
3082,$400E_mode,0
3083,$4000_duty,2
3083,$4000_const,1
3083,$4000_vol,10
3083,$400E_period,11
3083,$400E_mode,0
3083,$400C_const,1
3083,$400C_vol,1
3084,$4000_duty,2
3084,$4000_const,1
3084,$4000_vol,7
3084,$400E_period,12
3084,$400E_mode,0
3085,$4000_duty,2
3085,$4000_const,1
3085,$4000_vol,5
3085,$400E_period,1
3085,$400E_mode,0
3085,$400C_const,1
3085,$400C_vol,0
3086,$4000_duty,2
3086,$4000_const,1
3086,$4000_vol,0
3086,$4004_duty,3
3086,$4004_const,1
3086,$4004_vol,0
3086,$4008_linear,0
3088,$4010_rate,14
3088,$4000_duty,2
3088,$4000_const,1
3088,$4000_vol,4
3088,$4002_period,381
3088,$400B_length,32
3088,$4004_duty,2
3088,$4004_const,1
3088,$4004_vol,12
3088,$4006_period,1619
3088,$4008_linear,127
3088,$400A_period,241
3088,$400B_length,48
3088,$400E_period,3
3088,$400E_mode,0
3088,$400C_const,1
3088,$400C_vol,8
3089,$4000_duty,2
3089,$4000_const,1
3089,$4000_vol,8
3089,$4004_duty,3
3089,$4004_const,1
3089,$4004_vol,11
3089,$400C_const,1
3089,$400C_vol,5
3090,$4000_duty,2
3090,$4000_const,1
3090,$4000_vol,10
3090,$4004_duty,3
3090,$4004_const,1
3090,$4004_vol,10
3090,$400C_const,1
3090,$400C_vol,0
3091,$4000_duty,2
3091,$4000_const,1
3091,$4000_vol,7
3091,$4004_duty,3
3091,$4004_const,1
3091,$4004_vol,1
3092,$4000_duty,2
3092,$4000_const,1
3092,$4000_vol,5
3093,$4000_duty,2
3093,$4000_const,1
3093,$4000_vol,0
3093,$4008_linear,0
3095,$4012_addr,240
3095,$4013_len,11
3095,$4010_rate,15
3095,$4000_duty,2
3095,$4000_const,1
3095,$4000_vol,4
3095,$4002_period,359
3095,$400B_length,48
3095,$4004_duty,2
3095,$4004_const,1
3095,$4004_vol,15
3095,$4006_period,2157
3095,$4008_linear,127
3095,$400A_period,227
3095,$400B_length,32
3095,$400C_const,1
3095,$400C_vol,10
3096,$4000_duty,2
3096,$4000_const,1
3096,$4000_vol,8
3096,$4004_duty,3
3096,$4004_const,1
3096,$4004_vol,14
3096,$400C_const,1
3096,$400C_vol,7
3097,$4000_duty,2
3097,$4000_const,1
3097,$4000_vol,10
3097,$4004_duty,3
3097,$4004_const,1
3097,$4004_vol,13
3097,$400C_const,1
3097,$400C_vol,0
3098,$4000_duty,2
3098,$4000_const,1
3098,$4000_vol,7
3098,$4004_duty,3
3098,$4004_const,1
3098,$4004_vol,12
3099,$4000_duty,2
3099,$4000_const,1
3099,$4000_vol,5
3099,$4004_duty,3
3099,$4004_const,1
3099,$4004_vol,11
3100,$4000_duty,2
3100,$4000_const,1
3100,$4000_vol,0
3100,$4004_duty,3
3100,$4004_const,1
3100,$4004_vol,10
3100,$4008_linear,0
3101,$4004_duty,3
3101,$4004_const,1
3101,$4004_vol,9
3102,$4000_duty,2
3102,$4000_const,1
3102,$4000_vol,4
3102,$4002_period,453
3102,$400B_length,32
3102,$4004_duty,3
3102,$4004_const,1
3102,$4004_vol,8
3102,$4008_linear,127
3102,$400A_period,269
3102,$400B_length,48
3102,$400E_period,2
3102,$400E_mode,0
3102,$400C_const,1
3102,$400C_vol,8
3103,$4000_duty,2
3103,$4000_const,1
3103,$4000_vol,8
3103,$4004_duty,3
3103,$4004_const,1
3103,$4004_vol,4
3103,$400C_const,1
3103,$400C_vol,5
3104,$4000_duty,2
3104,$4000_const,1
3104,$4000_vol,10
3104,$400C_const,1
3104,$400C_vol,0
3105,$4000_duty,2
3105,$4000_const,1
3105,$4000_vol,7
3106,$4000_duty,2
3106,$4000_const,1
3106,$4000_vol,5
3107,$4000_duty,2
3107,$4000_const,1
3107,$4000_vol,0
3107,$4004_duty,3
3107,$4004_const,1
3107,$4004_vol,0
3107,$4008_linear,0
3109,$4012_addr,250
3109,$4013_len,11
3109,$4010_rate,15
3109,$4004_duty,2
3109,$4004_const,1
3109,$4004_vol,11
3109,$4006_period,1079
3109,$400E_period,1
3109,$400E_mode,0
3109,$400C_const,1
3109,$400C_vol,8
3110,$4004_duty,3
3110,$4004_const,1
3110,$4004_vol,10
3110,$400C_const,1
3110,$400C_vol,5
3111,$4004_duty,3
3111,$4004_const,1
3111,$4004_vol,9
3111,$400C_const,1
3111,$400C_vol,0
3112,$4004_duty,3
3112,$4004_const,1
3112,$4004_vol,0
3116,$4012_addr,240
3116,$4013_len,11
3116,$4010_rate,15
3116,$4000_duty,2
3116,$4000_const,1
3116,$4000_vol,4
3116,$4002_period,359
3116,$400B_length,48
3116,$4004_duty,2
3116,$4004_const,1
3116,$4004_vol,13
3116,$4006_period,3237
3116,$4008_linear,127
3116,$400A_period,227
3116,$400B_length,32
3116,$400E_period,3
3116,$400E_mode,0
3116,$400C_const,1
3116,$400C_vol,8
3117,$4000_duty,2
3117,$4000_const,1
3117,$4000_vol,8
3117,$4004_duty,3
3117,$4004_const,1
3117,$4004_vol,12
3117,$400C_const,1
3117,$400C_vol,5
3118,$4000_duty,2
3118,$4000_const,1
3118,$4000_vol,10
3118,$4004_duty,3
3118,$4004_const,1
3118,$4004_vol,11
3118,$400C_const,1
3118,$400C_vol,0
3119,$4000_duty,2
3119,$4000_const,1
3119,$4000_vol,2
3119,$4002_period,57
3119,$400B_length,0
3119,$4004_duty,2
3119,$4004_const,1
3119,$4004_vol,2
3119,$4006_period,57
3119,$4008_linear,0
3119,$400A_period,63
3119,$400B_length,16
3121,$4000_duty,2
3121,$4000_const,1
3121,$4000_vol,12
3121,$4002_period,3599
3121,$400B_length,23
3121,$4004_duty,2
3121,$4004_const,1
3121,$4004_vol,12
3121,$4006_period,3599
3121,$4008_linear,127
3121,$400A_period,57
3121,$400B_length,0
3122,$4000_duty,2
3122,$4000_const,1
3122,$4000_vol,0
3122,$4002_period,85
3122,$400B_length,0
3122,$4004_duty,2
3122,$4004_const,1
3122,$4004_vol,0
3122,$4006_period,85
3122,$4008_linear,0
3122,$400A_period,95
3122,$400B_length,16
3123,$4012_addr,243
3123,$4013_len,28
3123,$4010_rate,15
3123,$400C_const,1
3123,$400C_vol,10
3124,$4000_duty,2
3124,$4000_const,1
3124,$4000_vol,10
3124,$4002_period,101
3124,$400B_length,16
3124,$4004_duty,2
3124,$4004_const,1
3124,$4004_vol,10
3124,$4006_period,101
3124,$4008_linear,127
3124,$400A_period,113
3124,$400B_length,0
3124,$400C_const,1
3124,$400C_vol,7
3125,$4000_duty,2
3125,$4000_const,1
3125,$4000_vol,0
3125,$4002_period,121
3125,$400B_length,0
3125,$4004_duty,2
3125,$4004_const,1
3125,$4004_vol,0
3125,$4006_period,121
3125,$4008_linear,0
3125,$400A_period,135
3125,$400B_length,16
3125,$400C_const,1
3125,$400C_vol,0
3127,$4000_duty,2
3127,$4000_const,1
3127,$4000_vol,8
3127,$4002_period,135
3127,$400B_length,16
3127,$4004_duty,2
3127,$4004_const,1
3127,$4004_vol,8
3127,$4006_period,135
3127,$4008_linear,127
3127,$400A_period,151
3127,$400B_length,0
3128,$4000_duty,2
3128,$4000_const,1
3128,$4000_vol,0
3128,$4002_period,161
3128,$400B_length,0
3128,$4004_duty,2
3128,$4004_const,1
3128,$4004_vol,0
3128,$4006_period,161
3128,$4008_linear,0
3128,$400A_period,179
3128,$400B_length,16
3130,$4000_duty,2
3130,$4000_const,1
3130,$4000_vol,6
3130,$4002_period,191
3130,$400B_length,16
3130,$4004_duty,2
3130,$4004_const,1
3130,$4004_vol,6
3130,$4006_period,191
3130,$4008_linear,127
3130,$400A_period,213
3130,$400B_length,0
3130,$400E_period,2
3130,$400E_mode,0
3130,$400C_const,1
3130,$400C_vol,8
3131,$4000_duty,2
3131,$4000_const,1
3131,$4000_vol,8
3131,$4002_period,359
3131,$400B_length,48
3131,$4004_duty,3
3131,$4004_const,1
3131,$4004_vol,12
3131,$4006_period,3237
3131,$400A_period,227
3131,$400B_length,32
3131,$400C_const,1
3131,$400C_vol,5
3132,$4000_duty,2
3132,$4000_const,1
3132,$4000_vol,10
3132,$4004_duty,3
3132,$4004_const,1
3132,$4004_vol,11
3132,$400C_const,1
3132,$400C_vol,0
3133,$4000_duty,2
3133,$4000_const,1
3133,$4000_vol,7
3133,$4004_duty,3
3133,$4004_const,1
3133,$4004_vol,10
3134,$4000_duty,2
3134,$4000_const,1
3134,$4000_vol,5
3134,$4004_duty,3
3134,$4004_const,1
3134,$4004_vol,9
3135,$4000_duty,2
3135,$4000_const,1
3135,$4000_vol,0
3135,$4004_duty,3
3135,$4004_const,1
3135,$4004_vol,8
3135,$4008_linear,0
3136,$4004_duty,3
3136,$4004_const,1
3136,$4004_vol,7
3137,$4012_addr,250
3137,$4013_len,11
3137,$4010_rate,14
3137,$4000_duty,2
3137,$4000_const,1
3137,$4000_vol,4
3137,$4002_period,453
3137,$400B_length,32
3137,$4004_duty,3
3137,$4004_const,1
3137,$4004_vol,6
3137,$4008_linear,127
3137,$400A_period,269
3137,$400B_length,48
3137,$400E_period,1
3137,$400E_mode,0
3137,$400C_const,1
3137,$400C_vol,8
3138,$4000_duty,2
3138,$4000_const,1
3138,$4000_vol,8
3138,$4004_duty,3
3138,$4004_const,1
3138,$4004_vol,2
3138,$400C_const,1
3138,$400C_vol,5
3139,$4000_duty,2
3139,$4000_const,1
3139,$4000_vol,10
3139,$400C_const,1
3139,$400C_vol,0
3140,$4000_duty,2
3140,$4000_const,1
3140,$4000_vol,7
3141,$4000_duty,2
3141,$4000_const,1
3141,$4000_vol,5
3142,$4000_duty,2
3142,$4000_const,1
3142,$4000_vol,0
3142,$4004_duty,3
3142,$4004_const,1
3142,$4004_vol,0
3142,$4008_linear,0
3144,$4010_rate,14
3144,$4000_duty,2
3144,$4000_const,1
3144,$4000_vol,4
3144,$4002_period,539
3144,$400B_length,49
3144,$4004_duty,2
3144,$4004_const,1
3144,$4004_vol,12
3144,$4006_period,1619
3144,$4008_linear,127
3144,$400A_period,321
3144,$400B_length,32
3144,$400E_period,3
3144,$400E_mode,0
3144,$400C_const,1
3144,$400C_vol,8
3145,$4000_duty,2
3145,$4000_const,1
3145,$4000_vol,8
3145,$4004_duty,3
3145,$4004_const,1
3145,$4004_vol,11
3145,$400C_const,1
3145,$400C_vol,5
3146,$4000_duty,2
3146,$4000_const,1
3146,$4000_vol,10
3146,$4004_duty,3
3146,$4004_const,1
3146,$4004_vol,10
3146,$400C_const,1
3146,$400C_vol,0
3147,$4000_duty,2
3147,$4000_const,1
3147,$4000_vol,7
3147,$4004_duty,3
3147,$4004_const,1
3147,$4004_vol,1
3148,$4000_duty,2
3148,$4000_const,1
3148,$4000_vol,5
3149,$4000_duty,2
3149,$4000_const,1
3149,$4000_vol,0
3149,$4008_linear,0
3151,$4012_addr,243
3151,$4013_len,28
3151,$4010_rate,15
3151,$4000_duty,2
3151,$4000_const,1
3151,$4000_vol,9
3151,$4002_period,807
3151,$400B_length,33
3151,$4004_duty,2
3151,$4004_const,1
3151,$4004_vol,12
3151,$4006_period,1211
3151,$4008_linear,127
3151,$400A_period,241
3151,$400B_length,48
3151,$400C_const,1
3151,$400C_vol,10
3152,$4000_duty,2
3152,$4000_const,1
3152,$4000_vol,7
3152,$4004_duty,2
3152,$4004_const,1
3152,$4004_vol,10
3152,$400C_const,1
3152,$400C_vol,7
3153,$400C_const,1
3153,$400C_vol,0
3156,$4000_duty,2
3156,$4000_const,1
3156,$4000_vol,0
3156,$4004_duty,2
3156,$4004_const,1
3156,$4004_vol,0
3156,$4008_linear,0
3158,$4012_addr,240
3158,$4013_len,11
3158,$4010_rate,15
3158,$4004_duty,2
3158,$4004_const,1
3158,$4004_vol,15
3158,$4006_period,2427
3158,$400E_period,2
3158,$400E_mode,0
3158,$400C_const,1
3158,$400C_vol,8
3159,$4004_duty,3
3159,$4004_const,1
3159,$4004_vol,14
3159,$400C_const,1
3159,$400C_vol,5
3160,$4004_duty,3
3160,$4004_const,1
3160,$4004_vol,13
3160,$400C_const,1
3160,$400C_vol,0
3161,$4004_duty,3
3161,$4004_const,1
3161,$4004_vol,4
3165,$4010_rate,15
3165,$4004_duty,2
3165,$4004_const,1
3165,$4004_vol,15
3165,$4006_period,2427
3165,$400E_period,1
3165,$400E_mode,0
3165,$400C_const,1
3165,$400C_vol,8
3166,$4004_duty,3
3166,$4004_const,1
3166,$4004_vol,14
3166,$400C_const,1
3166,$400C_vol,5
3167,$4004_duty,3
3167,$4004_const,1
3167,$4004_vol,13
3167,$400C_const,1
3167,$400C_vol,0
3168,$4004_duty,3
3168,$4004_const,1
3168,$4004_vol,4
3172,$4012_addr,243
3172,$4013_len,28
3172,$4010_rate,15
3172,$4000_duty,2
3172,$4000_const,1
3172,$4000_vol,9
3172,$4002_period,763
3172,$400B_length,49
3172,$4004_duty,2
3172,$4004_const,1
3172,$4004_vol,12
3172,$4006_period,1079
3172,$4008_linear,127
3172,$400A_period,227
3172,$400B_length,32
3172,$400E_period,3
3172,$400E_mode,0
3172,$400C_const,1
3172,$400C_vol,8
3173,$4000_duty,2
3173,$4000_const,1
3173,$4000_vol,7
3173,$4004_duty,2
3173,$4004_const,1
3173,$4004_vol,10
3173,$400C_const,1
3173,$400C_vol,5
3174,$400C_const,1
3174,$400C_vol,0
3177,$4000_duty,2
3177,$4000_const,1
3177,$4000_vol,0
3177,$4004_duty,2
3177,$4004_const,1
3177,$4004_vol,0
3177,$4008_linear,0
3179,$4012_addr,240
3179,$4013_len,11
3179,$4010_rate,15
3179,$4004_duty,2
3179,$4004_const,1
3179,$4004_vol,15
3179,$4006_period,2157
3179,$400C_const,1
3179,$400C_vol,10
3180,$4004_duty,3
3180,$4004_const,1
3180,$4004_vol,14
3180,$400C_const,1
3180,$400C_vol,7
3181,$4004_duty,3
3181,$4004_const,1
3181,$4004_vol,13
3181,$400C_const,1
3181,$400C_vol,0
3182,$4004_duty,3
3182,$4004_const,1
3182,$4004_vol,4
3186,$4010_rate,15
3186,$4004_duty,2
3186,$4004_const,1
3186,$4004_vol,15
3186,$4006_period,2157
3186,$400E_period,2
3186,$400E_mode,0
3186,$400C_const,1
3186,$400C_vol,8
3187,$4004_duty,3
3187,$4004_const,1
3187,$4004_vol,14
3187,$400C_const,1
3187,$400C_vol,5
3188,$4004_duty,3
3188,$4004_const,1
3188,$4004_vol,13
3188,$400C_const,1
3188,$400C_vol,0
3189,$4004_duty,3
3189,$4004_const,1
3189,$4004_vol,4
3193,$4012_addr,243
3193,$4013_len,28
3193,$4010_rate,15
3193,$4000_duty,2
3193,$4000_const,1
3193,$4000_vol,9
3193,$4002_period,719
3193,$400B_length,33
3193,$4004_duty,2
3193,$4004_const,1
3193,$4004_vol,12
3193,$4006_period,1019
3193,$4008_linear,127
3193,$400A_period,213
3193,$400B_length,48
3193,$400E_period,1
3193,$400E_mode,0
3193,$400C_const,1
3193,$400C_vol,8
3194,$4000_duty,2
3194,$4000_const,1
3194,$4000_vol,7
3194,$4004_duty,2
3194,$4004_const,1
3194,$4004_vol,10
3194,$400C_const,1
3194,$400C_vol,5
3195,$400C_const,1
3195,$400C_vol,0
3198,$4000_duty,2
3198,$4000_const,1
3198,$4000_vol,0
3198,$4004_duty,2
3198,$4004_const,1
3198,$4004_vol,0
3198,$4008_linear,0
3200,$4012_addr,240
3200,$4013_len,11
3200,$4010_rate,15
3200,$4004_duty,2
3200,$4004_const,1
3200,$4004_vol,15
3200,$4006_period,2041
3200,$400E_period,3
3200,$400E_mode,0
3200,$400C_const,1
3200,$400C_vol,8
3201,$4004_duty,3
3201,$4004_const,1
3201,$4004_vol,14
3201,$400C_const,1
3201,$400C_vol,5
3202,$4004_duty,3
3202,$4004_const,1
3202,$4004_vol,13
3202,$400C_const,1
3202,$400C_vol,0
3203,$4004_duty,3
3203,$4004_const,1
3203,$4004_vol,4
3204,$4000_duty,2
3204,$4000_const,1
3204,$4000_vol,6
3204,$4002_period,57
3204,$400B_length,16
3204,$4004_duty,2
3204,$4004_const,1
3204,$4004_vol,4
3204,$4006_period,161
3204,$400E_period,4
3204,$400E_mode,0
3204,$400C_const,1
3204,$400C_vol,15
3205,$4000_duty,2
3205,$4000_const,1
3205,$4000_vol,0
3205,$400E_period,0
3205,$400E_mode,0
3206,$4002_period,719
3206,$400B_length,33
3206,$4004_duty,3
3206,$4004_const,1
3206,$4004_vol,4
3206,$4006_period,2041
3206,$400E_period,3
3206,$400E_mode,0
3206,$400C_const,1
3206,$400C_vol,0
3207,$4010_rate,15
3207,$4004_duty,2
3207,$4004_const,1
3207,$4004_vol,15
3207,$4006_period,2041
3207,$400E_period,2
3207,$400E_mode,0
3207,$400C_const,1
3207,$400C_vol,14
3208,$4004_duty,3
3208,$4004_const,1
3208,$4004_vol,14
3208,$400C_const,1
3208,$400C_vol,11
3209,$4004_duty,3
3209,$4004_const,1
3209,$4004_vol,13
3209,$400C_const,1
3209,$400C_vol,3
3210,$4004_duty,3
3210,$4004_const,1
3210,$4004_vol,4
3214,$4012_addr,243
3214,$4013_len,28
3214,$4010_rate,15
3214,$4000_duty,2
3214,$4000_const,1
3214,$4000_vol,9
3214,$4002_period,679
3214,$400B_length,49
3214,$4004_duty,2
3214,$4004_const,1
3214,$4004_vol,12
3214,$4006_period,961
3214,$4008_linear,127
3214,$400A_period,201
3214,$400B_length,32
3214,$400E_period,1
3214,$400E_mode,0
3214,$400C_const,1
3214,$400C_vol,2
3215,$4000_duty,2
3215,$4000_const,1
3215,$4000_vol,7
3215,$4004_duty,2
3215,$4004_const,1
3215,$4004_vol,10
3215,$400C_const,1
3215,$400C_vol,0
3217,$4004_duty,2
3217,$4004_const,1
3217,$4004_vol,0
3219,$4000_duty,2
3219,$4000_const,1
3219,$4000_vol,0
3219,$4008_linear,0
3221,$4012_addr,240
3221,$4013_len,11
3221,$4010_rate,15
3221,$4004_duty,2
3221,$4004_const,1
3221,$4004_vol,15
3221,$4006_period,1921
3221,$400C_const,1
3221,$400C_vol,4
3222,$4004_duty,3
3222,$4004_const,1
3222,$4004_vol,14
3222,$400C_const,1
3222,$400C_vol,1
3223,$4004_duty,3
3223,$4004_const,1
3223,$4004_vol,13
3223,$400C_const,1
3223,$400C_vol,0
3224,$4004_duty,3
3224,$4004_const,1
3224,$4004_vol,4
3228,$4010_rate,15
3228,$4000_duty,2
3228,$4000_const,1
3228,$4000_vol,9
3228,$4002_period,807
3228,$400B_length,33
3228,$4004_duty,2
3228,$4004_const,1
3228,$4004_vol,15
3228,$4006_period,2427
3228,$4008_linear,127
3228,$400A_period,303
3228,$400B_length,48
3228,$400E_period,2
3228,$400E_mode,0
3228,$400C_const,1
3228,$400C_vol,14
3229,$4000_duty,2
3229,$4000_const,1
3229,$4000_vol,7
3229,$4004_duty,3
3229,$4004_const,1
3229,$4004_vol,14
3229,$400C_const,1
3229,$400C_vol,11
3230,$4004_duty,3
3230,$4004_const,1
3230,$4004_vol,4
3230,$400C_const,1
3230,$400C_vol,3
3231,$4000_duty,2
3231,$4000_const,1
3231,$4000_vol,0
3233,$4008_linear,0
3234,$4004_duty,3
3234,$4004_const,1
3234,$4004_vol,0
3235,$4012_addr,240
3235,$4013_len,11
3235,$400E_period,1
3235,$400E_mode,0
3235,$400C_const,1
3235,$400C_vol,2
3236,$400C_const,1
3236,$400C_vol,0
3242,$4010_rate,15
3242,$4000_duty,2
3242,$4000_const,1
3242,$4000_vol,5
3242,$4002_period,169
3242,$400B_length,48
3242,$4004_duty,2
3242,$4004_const,1
3242,$4004_vol,6
3242,$4006_period,227
3242,$4008_linear,127
3242,$400A_period,75
3242,$400B_length,32
3242,$400C_const,1
3242,$400C_vol,4
3243,$4000_duty,2
3243,$4000_const,1
3243,$4000_vol,0
3243,$4004_duty,2
3243,$4004_const,1
3243,$4004_vol,0
3243,$4008_linear,0
3243,$400C_const,1
3243,$400C_vol,1
3244,$400C_const,1
3244,$400C_vol,0
3249,$4012_addr,243
3249,$4013_len,28
3249,$4010_rate,15
3249,$4000_duty,2
3249,$4000_const,1
3249,$4000_vol,5
3249,$4002_period,169
3249,$400B_length,32
3249,$4004_duty,2
3249,$4004_const,1
3249,$4004_vol,6
3249,$4006_period,241
3249,$4008_linear,127
3249,$400A_period,75
3249,$400B_length,48
3249,$400E_period,4
3249,$400E_mode,0
3249,$400C_const,1
3249,$400C_vol,11
3250,$4000_duty,2
3250,$4000_const,1
3250,$4000_vol,3
3250,$4004_duty,2
3250,$4004_const,1
3250,$4004_vol,4
3250,$400C_const,1
3250,$400C_vol,10
3251,$400C_const,1
3251,$400C_vol,0
3253,$4000_duty,2
3253,$4000_const,1
3253,$4000_vol,0
3253,$4004_duty,2
3253,$4004_const,1
3253,$4004_vol,0
3253,$4008_linear,0
3256,$4010_rate,15
3256,$4004_duty,2
3256,$4004_const,1
3256,$4004_vol,13
3256,$4006_period,2427
3256,$400E_period,1
3256,$400E_mode,0
3256,$400C_const,1
3256,$400C_vol,11
3257,$4004_duty,3
3257,$4004_const,1
3257,$4004_vol,12
3257,$400C_const,1
3257,$400C_vol,8
3258,$4004_duty,3
3258,$4004_const,1
3258,$4004_vol,11
3258,$400C_const,1
3258,$400C_vol,0
3259,$4004_duty,3
3259,$4004_const,1
3259,$4004_vol,10
3260,$4004_duty,3
3260,$4004_const,1
3260,$4004_vol,9
3261,$4004_duty,3
3261,$4004_const,1
3261,$4004_vol,2
3263,$4012_addr,240
3263,$4013_len,11
3263,$4010_rate,15
3263,$4000_duty,2
3263,$4000_const,1
3263,$4000_vol,4
3263,$4002_period,359
3263,$400B_length,48
3263,$4004_duty,2
3263,$4004_const,1
3263,$4004_vol,15
3263,$4006_period,1811
3263,$4008_linear,127
3263,$400A_period,227
3263,$400B_length,32
3263,$400E_period,3
3263,$400E_mode,0
3263,$400C_const,1
3263,$400C_vol,10
3264,$4000_duty,2
3264,$4000_const,1
3264,$4000_vol,8
3264,$4004_duty,3
3264,$4004_const,1
3264,$4004_vol,14
3264,$400C_const,1
3264,$400C_vol,7
3265,$4000_duty,2
3265,$4000_const,1
3265,$4000_vol,10
3265,$4004_duty,3
3265,$4004_const,1
3265,$4004_vol,13
3265,$400C_const,1
3265,$400C_vol,0
3266,$4000_duty,2
3266,$4000_const,1
3266,$4000_vol,7
3266,$4004_duty,3
3266,$4004_const,1
3266,$4004_vol,12
3267,$4000_duty,2
3267,$4000_const,1
3267,$4000_vol,5
3267,$4004_duty,3
3267,$4004_const,1
3267,$4004_vol,11
3268,$4000_duty,2
3268,$4000_const,1
3268,$4000_vol,0
3268,$4004_duty,3
3268,$4004_const,1
3268,$4004_vol,10
3268,$4008_linear,0
3269,$4004_duty,3
3269,$4004_const,1
3269,$4004_vol,9
3270,$4004_duty,3
3270,$4004_const,1
3270,$4004_vol,8
3270,$400E_period,2
3270,$400E_mode,0
3270,$400C_const,1
3270,$400C_vol,8
3271,$4004_duty,3
3271,$4004_const,1
3271,$4004_vol,4
3271,$400C_const,1
3271,$400C_vol,5
3272,$400C_const,1
3272,$400C_vol,0
3275,$4004_duty,3
3275,$4004_const,1
3275,$4004_vol,0
3277,$4012_addr,250
3277,$4013_len,11
3277,$4010_rate,15
3277,$4000_duty,2
3277,$4000_const,1
3277,$4000_vol,4
3277,$4002_period,359
3277,$400B_length,32
3277,$4004_duty,2
3277,$4004_const,1
3277,$4004_vol,11
3277,$4006_period,907
3277,$4008_linear,127
3277,$400A_period,227
3277,$400B_length,48
3277,$400E_period,1
3277,$400E_mode,0
3277,$400C_const,1
3277,$400C_vol,8
3278,$4000_duty,2
3278,$4000_const,1
3278,$4000_vol,8
3278,$4004_duty,3
3278,$4004_const,1
3278,$4004_vol,10
3278,$400C_const,1
3278,$400C_vol,5
3279,$4000_duty,2
3279,$4000_const,1
3279,$4000_vol,10
3279,$4004_duty,3
3279,$4004_const,1
3279,$4004_vol,9
3279,$400C_const,1
3279,$400C_vol,0
3280,$4000_duty,2
3280,$4000_const,1
3280,$4000_vol,7
3280,$4004_duty,3
3280,$4004_const,1
3280,$4004_vol,0
3281,$4000_duty,2
3281,$4000_const,1
3281,$4000_vol,5
3284,$4012_addr,240
3284,$4013_len,11
3284,$4010_rate,15
3284,$4004_duty,2
3284,$4004_const,1
3284,$4004_vol,13
3284,$4006_period,2427
3284,$400E_period,3
3284,$400E_mode,0
3284,$400C_const,1
3284,$400C_vol,8
3285,$4004_duty,3
3285,$4004_const,1
3285,$4004_vol,12
3285,$400C_const,1
3285,$400C_vol,5
3286,$4000_duty,2
3286,$4000_const,1
3286,$4000_vol,6
3286,$4004_duty,3
3286,$4004_const,1
3286,$4004_vol,11
3286,$400C_const,1
3286,$400C_vol,0
3287,$4004_duty,3
3287,$4004_const,1
3287,$4004_vol,10
3288,$4004_duty,3
3288,$4004_const,1
3288,$4004_vol,9
3289,$4004_duty,3
3289,$4004_const,1
3289,$4004_vol,8
3290,$4004_duty,3
3290,$4004_const,1
3290,$4004_vol,7
3291,$4010_rate,15
3291,$4000_duty,2
3291,$4000_const,1
3291,$4000_vol,7
3291,$4004_duty,3
3291,$4004_const,1
3291,$4004_vol,6
3291,$400C_const,1
3291,$400C_vol,10
3292,$4004_duty,3
3292,$4004_const,1
3292,$4004_vol,2
3292,$400C_const,1
3292,$400C_vol,7
3293,$400C_const,1
3293,$400C_vol,0
3296,$4000_duty,2
3296,$4000_const,1
3296,$4000_vol,8
3296,$4004_duty,3
3296,$4004_const,1
3296,$4004_vol,0
3296,$4008_linear,0
3298,$4004_duty,2
3298,$4004_const,1
3298,$4004_vol,13
3298,$4006_period,2427
3298,$400E_period,2
3298,$400E_mode,0
3298,$400C_const,1
3298,$400C_vol,8
3299,$4004_duty,3
3299,$4004_const,1
3299,$4004_vol,12
3299,$400C_const,1
3299,$400C_vol,5
3300,$4004_duty,3
3300,$4004_const,1
3300,$4004_vol,11
3300,$400C_const,1
3300,$400C_vol,0
3301,$4000_duty,2
3301,$4000_const,1
3301,$4000_vol,9
3301,$4004_duty,3
3301,$4004_const,1
3301,$4004_vol,10
3302,$4004_duty,3
3302,$4004_const,1
3302,$4004_vol,9
3303,$4000_duty,2
3303,$4000_const,1
3303,$4000_vol,0
3303,$4004_duty,3
3303,$4004_const,1
3303,$4004_vol,8
3304,$4004_duty,3
3304,$4004_const,1
3304,$4004_vol,7
3305,$4012_addr,250
3305,$4013_len,11
3305,$4010_rate,14
3305,$4000_duty,2
3305,$4000_const,1
3305,$4000_vol,4
3305,$4002_period,339
3305,$400B_length,48
3305,$4004_duty,3
3305,$4004_const,1
3305,$4004_vol,6
3305,$4008_linear,127
3305,$400A_period,201
3305,$400B_length,32
3305,$400E_period,1
3305,$400E_mode,0
3305,$400C_const,1
3305,$400C_vol,8
3306,$4000_duty,2
3306,$4000_const,1
3306,$4000_vol,8
3306,$4004_duty,3
3306,$4004_const,1
3306,$4004_vol,2
3306,$400C_const,1
3306,$400C_vol,5
3307,$4000_duty,2
3307,$4000_const,1
3307,$4000_vol,10
3307,$400C_const,1
3307,$400C_vol,0
3308,$4000_duty,2
3308,$4000_const,1
3308,$4000_vol,7
3309,$4000_duty,2
3309,$4000_const,1
3309,$4000_vol,5
3310,$4000_duty,2
3310,$4000_const,1
3310,$4000_vol,0
3310,$4004_duty,3
3310,$4004_const,1
3310,$4004_vol,0
3310,$4008_linear,0
3312,$4010_rate,14
3312,$4000_duty,2
3312,$4000_const,1
3312,$4000_vol,4
3312,$4002_period,321
3312,$400B_length,32
3312,$4004_duty,2
3312,$4004_const,1
3312,$4004_vol,12
3312,$4006_period,907
3312,$4008_linear,127
3312,$400A_period,191
3312,$400B_length,48
3312,$400E_period,3
3312,$400E_mode,0
3312,$400C_const,1
3312,$400C_vol,8
3313,$4000_duty,2
3313,$4000_const,1
3313,$4000_vol,8
3313,$4004_duty,3
3313,$4004_const,1
3313,$4004_vol,11
3313,$400C_const,1
3313,$400C_vol,5
3314,$4000_duty,2
3314,$4000_const,1
3314,$4000_vol,10
3314,$4004_duty,3
3314,$4004_const,1
3314,$4004_vol,10
3314,$400C_const,1
3314,$400C_vol,0
3315,$4000_duty,2
3315,$4000_const,1
3315,$4000_vol,7
3315,$4004_duty,3
3315,$4004_const,1
3315,$4004_vol,1
3316,$4000_duty,2
3316,$4000_const,1
3316,$4000_vol,5
3317,$4000_duty,2
3317,$4000_const,1
3317,$4000_vol,0
3317,$4008_linear,0
3319,$4012_addr,240
3319,$4013_len,11
3319,$4010_rate,15
3319,$4000_duty,2
3319,$4000_const,1
3319,$4000_vol,4
3319,$4002_period,303
3319,$400B_length,48
3319,$4004_duty,2
3319,$4004_const,1
3319,$4004_vol,15
3319,$4006_period,1811
3319,$4008_linear,127
3319,$400A_period,179
3319,$400B_length,32
3319,$400C_const,1
3319,$400C_vol,10
3320,$4000_duty,2
3320,$4000_const,1
3320,$4000_vol,8
3320,$4004_duty,3
3320,$4004_const,1
3320,$4004_vol,14
3320,$400C_const,1
3320,$400C_vol,7
3321,$4000_duty,2
3321,$4000_const,1
3321,$4000_vol,10
3321,$4004_duty,3
3321,$4004_const,1
3321,$4004_vol,13
3321,$400C_const,1
3321,$400C_vol,0
3322,$4000_duty,2
3322,$4000_const,1
3322,$4000_vol,7
3322,$4004_duty,3
3322,$4004_const,1
3322,$4004_vol,12
3323,$4000_duty,2
3323,$4000_const,1
3323,$4000_vol,5
3323,$4004_duty,3
3323,$4004_const,1
3323,$4004_vol,11
3324,$4000_duty,2
3324,$4000_const,1
3324,$4000_vol,0
3324,$4004_duty,3
3324,$4004_const,1
3324,$4004_vol,10
3324,$4008_linear,0
3325,$4004_duty,3
3325,$4004_const,1
3325,$4004_vol,9
3326,$4000_duty,2
3326,$4000_const,1
3326,$4000_vol,4
3326,$4002_period,359
3326,$400B_length,32
3326,$4004_duty,3
3326,$4004_const,1
3326,$4004_vol,8
3326,$4008_linear,127
3326,$400A_period,227
3326,$400B_length,48
3326,$400E_period,2
3326,$400E_mode,0
3326,$400C_const,1
3326,$400C_vol,8
3327,$4000_duty,2
3327,$4000_const,1
3327,$4000_vol,8
3327,$4004_duty,3
3327,$4004_const,1
3327,$4004_vol,4
3327,$400C_const,1
3327,$400C_vol,5
3328,$4000_duty,2
3328,$4000_const,1
3328,$4000_vol,10
3328,$400C_const,1
3328,$400C_vol,0
3329,$4000_duty,2
3329,$4000_const,1
3329,$4000_vol,7
3330,$4000_duty,2
3330,$4000_const,1
3330,$4000_vol,5
3331,$4000_duty,2
3331,$4000_const,1
3331,$4000_vol,0
3331,$4004_duty,3
3331,$4004_const,1
3331,$4004_vol,0
3331,$4008_linear,0
3333,$4012_addr,250
3333,$4013_len,11
3333,$4010_rate,15
3333,$4004_duty,0
3333,$4004_const,1
3333,$4004_vol,5
3333,$4006_period,349
3333,$400E_period,1
3333,$400E_mode,0
3333,$400C_const,1
3333,$400C_vol,8
3334,$400C_const,1
3334,$400C_vol,5
3335,$4004_duty,0
3335,$4004_const,1
3335,$4004_vol,3
3335,$400C_const,1
3335,$400C_vol,0
3337,$4004_duty,3
3337,$4004_const,1
3337,$4004_vol,0
3337,$4006_period,907
3340,$4012_addr,240
3340,$4013_len,11
3340,$4010_rate,15
3340,$4000_duty,2
3340,$4000_const,1
3340,$4000_vol,4
3340,$4002_period,303
3340,$400B_length,48
3340,$4004_duty,2
3340,$4004_const,1
3340,$4004_vol,13
3340,$4006_period,2427
3340,$4008_linear,127
3340,$400A_period,179
3340,$400B_length,32
3340,$400E_period,3
3340,$400E_mode,0
3340,$400C_const,1
3340,$400C_vol,8
3341,$4000_duty,2
3341,$4000_const,1
3341,$4000_vol,8
3341,$4004_duty,3
3341,$4004_const,1
3341,$4004_vol,12
3341,$400C_const,1
3341,$400C_vol,5
3342,$4000_duty,2
3342,$4000_const,1
3342,$4000_vol,10
3342,$4004_duty,3
3342,$4004_const,1
3342,$4004_vol,11
3342,$400C_const,1
3342,$400C_vol,0
3343,$4000_duty,2
3343,$4000_const,1
3343,$4000_vol,7
3343,$4004_duty,3
3343,$4004_const,1
3343,$4004_vol,10
3344,$4000_duty,2
3344,$4000_const,1
3344,$4000_vol,5
3344,$4004_duty,3
3344,$4004_const,1
3344,$4004_vol,9
3345,$4000_duty,2
3345,$4000_const,1
3345,$4000_vol,0
3345,$4004_duty,3
3345,$4004_const,1
3345,$4004_vol,8
3345,$4008_linear,0
3346,$4004_duty,3
3346,$4004_const,1
3346,$4004_vol,7
3347,$4012_addr,243
3347,$4013_len,28
3347,$4010_rate,15
3347,$4000_duty,2
3347,$4000_const,1
3347,$4000_vol,4
3347,$4002_period,179
3347,$400B_length,32
3347,$4004_duty,3
3347,$4004_const,1
3347,$4004_vol,6
3347,$4008_linear,127
3347,$400A_period,113
3347,$400B_length,48
3347,$400C_const,1
3347,$400C_vol,10
3348,$4000_duty,2
3348,$4000_const,1
3348,$4000_vol,8
3348,$4004_duty,3
3348,$4004_const,1
3348,$4004_vol,2
3348,$400C_const,1
3348,$400C_vol,7
3349,$4000_duty,2
3349,$4000_const,1
3349,$4000_vol,10
3349,$400C_const,1
3349,$400C_vol,0
3350,$4000_duty,2
3350,$4000_const,1
3350,$4000_vol,7
3351,$4000_duty,2
3351,$4000_const,1
3351,$4000_vol,5
3352,$4000_duty,2
3352,$4000_const,1
3352,$4000_vol,0
3352,$4004_duty,3
3352,$4004_const,1
3352,$4004_vol,0
3352,$4008_linear,0
3354,$4000_duty,2
3354,$4000_const,1
3354,$4000_vol,4
3354,$4002_period,227
3354,$400B_length,48
3354,$4004_duty,2
3354,$4004_const,1
3354,$4004_vol,13
3354,$4006_period,2427
3354,$4008_linear,127
3354,$400A_period,151
3354,$400B_length,32
3354,$400E_period,2
3354,$400E_mode,0
3354,$400C_const,1
3354,$400C_vol,8
3355,$4000_duty,2
3355,$4000_const,1
3355,$4000_vol,8
3355,$4004_duty,3
3355,$4004_const,1
3355,$4004_vol,12
3355,$400C_const,1
3355,$400C_vol,5
3356,$4000_duty,2
3356,$4000_const,1
3356,$4000_vol,10
3356,$4004_duty,3
3356,$4004_const,1
3356,$4004_vol,11
3356,$400C_const,1
3356,$400C_vol,0
3357,$4000_duty,2
3357,$4000_const,1
3357,$4000_vol,7
3357,$4004_duty,3
3357,$4004_const,1
3357,$4004_vol,10
3358,$4000_duty,2
3358,$4000_const,1
3358,$4000_vol,5
3358,$4004_duty,3
3358,$4004_const,1
3358,$4004_vol,9
3359,$4000_duty,2
3359,$4000_const,1
3359,$4000_vol,0
3359,$4004_duty,3
3359,$4004_const,1
3359,$4004_vol,8
3359,$4008_linear,0
3360,$4004_duty,3
3360,$4004_const,1
3360,$4004_vol,7
3361,$4012_addr,250
3361,$4013_len,11
3361,$4010_rate,14
3361,$4000_duty,2
3361,$4000_const,1
3361,$4000_vol,4
3361,$4002_period,303
3361,$400B_length,32
3361,$4004_duty,3
3361,$4004_const,1
3361,$4004_vol,6
3361,$4008_linear,127
3361,$400A_period,179
3361,$400B_length,48
3361,$400E_period,1
3361,$400E_mode,0
3361,$400C_const,1
3361,$400C_vol,8
3362,$4000_duty,2
3362,$4000_const,1
3362,$4000_vol,8
3362,$4004_duty,3
3362,$4004_const,1
3362,$4004_vol,2
3362,$400C_const,1
3362,$400C_vol,5
3363,$4000_duty,2
3363,$4000_const,1
3363,$4000_vol,10
3363,$400C_const,1
3363,$400C_vol,0
3364,$4000_duty,2
3364,$4000_const,1
3364,$4000_vol,7
3365,$4000_duty,2
3365,$4000_const,1
3365,$4000_vol,5
3366,$4000_duty,2
3366,$4000_const,1
3366,$4000_vol,0
3366,$4004_duty,3
3366,$4004_const,1
3366,$4004_vol,0
3366,$4008_linear,0
3368,$4010_rate,14
3368,$4000_duty,2
3368,$4000_const,1
3368,$4000_vol,4
3368,$4002_period,359
3368,$400B_length,48
3368,$4004_duty,2
3368,$4004_const,1
3368,$4004_vol,12
3368,$4006_period,907
3368,$4008_linear,127
3368,$400A_period,227
3368,$400B_length,32
3368,$400E_period,3
3368,$400E_mode,0
3368,$400C_const,1
3368,$400C_vol,8
3369,$4000_duty,2
3369,$4000_const,1
3369,$4000_vol,8
3369,$4004_duty,3
3369,$4004_const,1
3369,$4004_vol,11
3369,$400C_const,1
3369,$400C_vol,5
3370,$4000_duty,2
3370,$4000_const,1
3370,$4000_vol,10
3370,$4004_duty,3
3370,$4004_const,1
3370,$4004_vol,10
3370,$400C_const,1
3370,$400C_vol,0
3371,$4000_duty,2
3371,$4000_const,1
3371,$4000_vol,7
3371,$4004_duty,3
3371,$4004_const,1
3371,$4004_vol,1
3372,$4000_duty,2
3372,$4000_const,1
3372,$4000_vol,5
3373,$4000_duty,2
3373,$4000_const,1
3373,$4000_vol,0
3373,$4008_linear,0
3375,$4012_addr,240
3375,$4013_len,11
3375,$4010_rate,15
3375,$4000_duty,2
3375,$4000_const,1
3375,$4000_vol,4
3375,$4002_period,403
3375,$400B_length,32
3375,$4004_duty,2
3375,$4004_const,1
3375,$4004_vol,15
3375,$4006_period,1921
3375,$4008_linear,127
3375,$400A_period,241
3375,$400B_length,48
3375,$400C_const,1
3375,$400C_vol,10
3376,$4000_duty,2
3376,$4000_const,1
3376,$4000_vol,8
3376,$4004_duty,3
3376,$4004_const,1
3376,$4004_vol,14
3376,$400C_const,1
3376,$400C_vol,7
3377,$4000_duty,2
3377,$4000_const,1
3377,$4000_vol,10
3377,$4004_duty,3
3377,$4004_const,1
3377,$4004_vol,13
3377,$400C_const,1
3377,$400C_vol,0
3378,$4000_duty,2
3378,$4000_const,1
3378,$4000_vol,7
3378,$4004_duty,3
3378,$4004_const,1
3378,$4004_vol,12
3379,$4000_duty,2
3379,$4000_const,1
3379,$4000_vol,5
3379,$4004_duty,3
3379,$4004_const,1
3379,$4004_vol,11
3380,$4000_duty,2
3380,$4000_const,1
3380,$4000_vol,0
3380,$4004_duty,3
3380,$4004_const,1
3380,$4004_vol,10
3380,$4008_linear,0
3381,$4004_duty,3
3381,$4004_const,1
3381,$4004_vol,9
3382,$4004_duty,3
3382,$4004_const,1
3382,$4004_vol,8
3382,$400E_period,2
3382,$400E_mode,0
3382,$400C_const,1
3382,$400C_vol,8
3383,$4004_duty,3
3383,$4004_const,1
3383,$4004_vol,4
3383,$400C_const,1
3383,$400C_vol,5
3384,$400C_const,1
3384,$400C_vol,0
3387,$4004_duty,3
3387,$4004_const,1
3387,$4004_vol,0
3389,$4012_addr,250
3389,$4013_len,11
3389,$4010_rate,15
3389,$4000_duty,2
3389,$4000_const,1
3389,$4000_vol,4
3389,$4002_period,403
3389,$400B_length,48
3389,$4004_duty,2
3389,$4004_const,1
3389,$4004_vol,11
3389,$4006_period,961
3389,$4008_linear,127
3389,$400A_period,241
3389,$400B_length,32
3389,$400E_period,1
3389,$400E_mode,0
3389,$400C_const,1
3389,$400C_vol,8
3390,$4000_duty,2
3390,$4000_const,1
3390,$4000_vol,8
3390,$4004_duty,3
3390,$4004_const,1
3390,$4004_vol,10
3390,$400C_const,1
3390,$400C_vol,5
3391,$4000_duty,2
3391,$4000_const,1
3391,$4000_vol,10
3391,$4004_duty,3
3391,$4004_const,1
3391,$4004_vol,9
3391,$400C_const,1
3391,$400C_vol,0
3392,$4000_duty,2
3392,$4000_const,1
3392,$4000_vol,7
3392,$4004_duty,3
3392,$4004_const,1
3392,$4004_vol,0
3393,$4000_duty,2
3393,$4000_const,1
3393,$4000_vol,5
3394,$4004_duty,1
3394,$4004_const,1
3394,$4004_vol,4
3394,$4006_period,339
3394,$400E_period,6
3394,$400E_mode,0
3394,$400C_const,1
3394,$400C_vol,2
3396,$4012_addr,240
3396,$4013_len,11
3396,$4010_rate,15
3398,$4000_duty,2
3398,$4000_const,1
3398,$4000_vol,6
3400,$4004_duty,1
3400,$4004_const,1
3400,$4004_vol,5
3402,$400E_period,5
3402,$400E_mode,0
3402,$400C_const,1
3402,$400C_vol,4
3403,$4010_rate,15
3403,$4000_duty,2
3403,$4000_const,1
3403,$4000_vol,7
3408,$4000_duty,2
3408,$4000_const,1
3408,$4000_vol,0
3408,$4004_duty,1
3408,$4004_const,1
3408,$4004_vol,6
3408,$4008_linear,0
3410,$4000_duty,2
3410,$4000_const,1
3410,$4000_vol,4
3410,$4002_period,481
3410,$400B_length,32
3410,$4008_linear,127
3410,$400A_period,303
3410,$400B_length,48
3410,$400E_period,4
3410,$400E_mode,0
3410,$400C_const,1
3410,$400C_vol,6
3411,$4000_duty,2
3411,$4000_const,1
3411,$4000_vol,8
3412,$4000_duty,2
3412,$4000_const,1
3412,$4000_vol,10
3413,$4000_duty,2
3413,$4000_const,1
3413,$4000_vol,7
3414,$4000_duty,2
3414,$4000_const,1
3414,$4000_vol,5
3415,$4000_duty,2
3415,$4000_const,1
3415,$4000_vol,0
3415,$4008_linear,0
3416,$4004_duty,3
3416,$4004_const,1
3416,$4004_vol,15
3416,$4006_period,763
3416,$400E_period,2
3416,$400E_mode,0
3416,$400C_const,1
3416,$400C_vol,0
3417,$4012_addr,250
3417,$4013_len,11
3417,$4010_rate,14
3417,$4000_duty,2
3417,$4000_const,1
3417,$4000_vol,4
3417,$4002_period,321
3417,$400B_length,48
3417,$4006_period,1079
3417,$4008_linear,127
3417,$400A_period,241
3417,$400B_length,32
3417,$400E_period,1
3417,$400E_mode,0
3417,$400C_const,1
3417,$400C_vol,8
3418,$4000_duty,2
3418,$4000_const,1
3418,$4000_vol,8
3418,$4006_period,1441
3418,$400C_const,1
3418,$400C_vol,5
3419,$4000_duty,2
3419,$4000_const,1
3419,$4000_vol,10
3419,$4004_duty,3
3419,$4004_const,1
3419,$4004_vol,6
3419,$4006_period,481
3419,$400C_const,1
3419,$400C_vol,0
3420,$4000_duty,2
3420,$4000_const,1
3420,$4000_vol,7
3420,$4006_period,453
3421,$4000_duty,2
3421,$4000_const,1
3421,$4000_vol,5
3421,$4006_period,403
3422,$4000_duty,2
3422,$4000_const,1
3422,$4000_vol,0
3422,$4004_duty,3
3422,$4004_const,1
3422,$4004_vol,0
3422,$4006_period,2427
3422,$4008_linear,0
3424,$4010_rate,14
3424,$4000_duty,2
3424,$4000_const,1
3424,$4000_vol,4
3424,$4002_period,303
3424,$400B_length,32
3424,$4004_duty,2
3424,$4004_const,1
3424,$4004_vol,12
3424,$4006_period,961
3424,$4008_linear,127
3424,$400A_period,201
3424,$400B_length,48
3424,$400E_period,3
3424,$400E_mode,0
3424,$400C_const,1
3424,$400C_vol,8
3425,$4000_duty,2
3425,$4000_const,1
3425,$4000_vol,8
3425,$4004_duty,3
3425,$4004_const,1
3425,$4004_vol,11
3425,$400C_const,1
3425,$400C_vol,5
3426,$4000_duty,2
3426,$4000_const,1
3426,$4000_vol,10
3426,$4004_duty,3
3426,$4004_const,1
3426,$4004_vol,10
3426,$400C_const,1
3426,$400C_vol,0
3427,$4000_duty,2
3427,$4000_const,1
3427,$4000_vol,7
3427,$4004_duty,3
3427,$4004_const,1
3427,$4004_vol,1
3428,$4000_duty,1
3428,$4000_const,1
3428,$4000_vol,15
3428,$4002_period,427
3428,$400B_length,16
3428,$4004_duty,3
3428,$4004_const,1
3428,$4004_vol,15
3428,$4006_period,539
3428,$4008_linear,0
3428,$400A_period,113
3428,$400B_length,0
3428,$400E_period,11
3428,$400E_mode,0
3428,$400C_const,1
3428,$400C_vol,15
3429,$4006_period,1713
3429,$400E_period,14
3429,$400E_mode,0
3430,$4002_period,571
3430,$400B_length,1
3430,$4006_period,1143
3430,$400A_period,213
3430,$400B_length,16
3430,$400E_period,11
3430,$400E_mode,0
3430,$400C_const,1
3430,$400C_vol,7
3431,$4012_addr,240
3431,$4013_len,11
3431,$4010_rate,15
3431,$4006_period,1713
3431,$400E_period,14
3431,$400E_mode,0
3432,$4002_period,1019
3432,$400B_length,17
3432,$4006_period,571
3432,$400A_period,381
3432,$400B_length,0
3432,$400C_const,1
3432,$400C_vol,0
3433,$4004_duty,2
3433,$4004_const,1
3433,$4004_vol,15
3433,$4006_period,1359
3434,$4002_period,679
3434,$400B_length,1
3434,$4006_period,1713
3435,$4000_duty,1
3435,$4000_const,1
3435,$4000_vol,4
3435,$4006_period,4095
3436,$4004_duty,2
3436,$4004_const,1
3436,$4004_vol,4
3437,$4000_duty,1
3437,$4000_const,1
3437,$4000_vol,15
3437,$4002_period,1019
3437,$400B_length,17
3437,$4004_duty,2
3437,$4004_const,1
3437,$4004_vol,15
3437,$4006_period,4095
3438,$4000_duty,1
3438,$4000_const,1
3438,$4000_vol,4
3438,$4004_duty,2
3438,$4004_const,1
3438,$4004_vol,4
3439,$4004_duty,2
3439,$4004_const,1
3439,$4004_vol,15
3439,$4006_period,4095
3440,$4000_duty,1
3440,$4000_const,1
3440,$4000_vol,15
3440,$4002_period,763
3440,$400B_length,1
3440,$4004_duty,2
3440,$4004_const,1
3440,$4004_vol,4
3441,$4000_duty,1
3441,$4000_const,1
3441,$4000_vol,4
3441,$4004_duty,2
3441,$4004_const,1
3441,$4004_vol,15
3441,$4006_period,4095
3442,$4004_duty,2
3442,$4004_const,1
3442,$4004_vol,4
3442,$400E_period,13
3442,$400E_mode,0
3442,$400C_const,1
3442,$400C_vol,10
3443,$4000_duty,1
3443,$4000_const,1
3443,$4000_vol,13
3443,$4002_period,719
3443,$400B_length,17
3443,$4004_duty,2
3443,$4004_const,1
3443,$4004_vol,15
3443,$4006_period,4095
3444,$4000_duty,1
3444,$4000_const,1
3444,$4000_vol,2
3444,$4004_duty,2
3444,$4004_const,1
3444,$4004_vol,4
3445,$4012_addr,250
3445,$4013_len,11
3445,$4010_rate,15
3445,$4004_duty,2
3445,$4004_const,1
3445,$4004_vol,15
3445,$4006_period,4095
3446,$4002_period,1921
3446,$400B_length,3
3446,$4004_duty,2
3446,$4004_const,1
3446,$4004_vol,4
3447,$4004_duty,2
3447,$4004_const,1
3447,$4004_vol,15
3447,$4006_period,2289
3448,$4000_duty,3
3448,$4000_const,1
3448,$4000_vol,15
3448,$4002_period,4095
3448,$400B_length,23
3448,$4006_period,2515
3449,$4000_duty,3
3449,$4000_const,1
3449,$4000_vol,12
3449,$4006_period,2581
3449,$4008_linear,127
3449,$400A_period,227
3449,$400B_length,16
3450,$4000_duty,3
3450,$4000_const,1
3450,$4000_vol,4
3450,$4008_linear,0
3450,$400C_const,1
3450,$400C_vol,0
3452,$4012_addr,240
3452,$4013_len,11
3452,$4010_rate,15
3452,$4000_duty,3
3452,$4000_const,1
3452,$4000_vol,15
3452,$4002_period,1143
3452,$400B_length,2
3452,$4004_duty,2
3452,$4004_const,1
3452,$4004_vol,13
3452,$4006_period,1019
3452,$400A_period,151
3452,$400B_length,0
3452,$400E_period,9
3452,$400E_mode,0
3452,$400C_const,1
3452,$400C_vol,5
3453,$4002_period,807
3453,$400B_length,17
3453,$4006_period,855
3453,$400E_period,8
3453,$400E_mode,0
3453,$400C_const,1
3453,$400C_vol,4
3454,$4002_period,679
3454,$400B_length,1
3454,$4006_period,605
3454,$4008_linear,127
3454,$400A_period,127
3454,$400B_length,16
3454,$400E_period,7
3454,$400E_mode,0
3454,$400C_const,1
3454,$400C_vol,3
3455,$4002_period,539
3455,$400B_length,17
3455,$4006_period,381
3455,$4008_linear,0
3455,$400E_period,6
3455,$400E_mode,0
3455,$400C_const,1
3455,$400C_vol,2
3456,$4002_period,453
3456,$400B_length,0
3456,$4006_period,321
3456,$400E_period,5
3456,$400E_mode,0
3456,$400C_const,1
3456,$400C_vol,1
3457,$4002_period,403
3457,$400B_length,16
3457,$4006_period,191
3457,$400A_period,95
3457,$400B_length,0
3457,$400E_period,4
3457,$400E_mode,0
3457,$400C_const,1
3457,$400C_vol,0
3458,$4002_period,339
3458,$400B_length,0
3458,$4004_duty,2
3458,$4004_const,1
3458,$4004_vol,5
3458,$4006_period,195
3458,$400E_period,3
3458,$400E_mode,0
3459,$4012_addr,243
3459,$4013_len,28
3459,$4010_rate,15
3459,$4000_duty,2
3459,$4000_const,1
3459,$4000_vol,7
3459,$4002_period,329
3459,$400B_length,16
3459,$4008_linear,127
3459,$400A_period,89
3459,$400B_length,16
3459,$400E_period,2
3459,$400E_mode,0
3460,$4008_linear,0
3460,$400E_period,1
3460,$400E_mode,0
3466,$4004_duty,2
3466,$4004_const,1
3466,$4004_vol,1
3467,$4000_duty,2
3467,$4000_const,1
3467,$4000_vol,4
3471,$4000_duty,2
3471,$4000_const,1
3471,$4000_vol,0
3471,$4004_duty,2
3471,$4004_const,1
3471,$4004_vol,0
3473,$4012_addr,250
3473,$4013_len,11
3473,$4010_rate,14
3473,$4004_duty,2
3473,$4004_const,1
3473,$4004_vol,1
3473,$4006_period,195
3475,$4000_duty,2
3475,$4000_const,1
3475,$4000_vol,4
3475,$4002_period,329
3475,$400B_length,0
3480,$4010_rate,14
3483,$4000_duty,2
3483,$4000_const,1
3483,$4000_vol,1
3486,$4004_duty,2
3486,$4004_const,1
3486,$4004_vol,0
3487,$4012_addr,240
3487,$4013_len,11
3487,$4010_rate,15
3487,$4000_duty,2
3487,$4000_const,1
3487,$4000_vol,0
3491,$4000_duty,2
3491,$4000_const,1
3491,$4000_vol,5
3491,$4002_period,453
3491,$400B_length,48
3491,$4004_duty,3
3491,$4004_const,1
3491,$4004_vol,11
3491,$4006_period,2157
3491,$4008_linear,127
3491,$400A_period,269
3491,$400B_length,32
3491,$400E_period,3
3491,$400E_mode,0
3491,$400C_const,1
3491,$400C_vol,0
3492,$4000_duty,2
3492,$4000_const,1
3492,$4000_vol,0
3492,$4004_duty,3
3492,$4004_const,1
3492,$4004_vol,8
3492,$4006_period,1211
3492,$400A_period,427
3492,$400B_length,16
3492,$400E_period,12
3492,$400E_mode,0
3492,$400C_const,1
3492,$400C_vol,11
3493,$4004_duty,3
3493,$4004_const,1
3493,$4004_vol,6
3493,$4006_period,1211
3493,$400A_period,381
3493,$400B_length,0
3493,$400E_period,2
3493,$400E_mode,0
3493,$400C_const,1
3493,$400C_vol,15
3494,$4006_period,1211
3494,$400A_period,481
3494,$400B_length,16
3494,$400E_period,11
3494,$400E_mode,0
3494,$400C_const,1
3494,$400C_vol,6
3495,$4004_duty,3
3495,$4004_const,1
3495,$4004_vol,4
3495,$4006_period,1211
3495,$400A_period,269
3495,$400B_length,0
3495,$400E_period,0
3495,$400E_mode,0
3495,$400C_const,1
3495,$400C_vol,10
3496,$4004_duty,3
3496,$4004_const,1
3496,$4004_vol,8
3496,$4006_period,1211
3496,$400A_period,427
3496,$400B_length,16
3496,$400E_period,12
3496,$400E_mode,0
3496,$400C_const,1
3496,$400C_vol,11
3497,$4004_duty,3
3497,$4004_const,1
3497,$4004_vol,6
3497,$4006_period,1211
3497,$400A_period,381
3497,$400B_length,0
3497,$400E_period,2
3497,$400E_mode,0
3497,$400C_const,1
3497,$400C_vol,15
3498,$4006_period,1211
3498,$400A_period,481
3498,$400B_length,16
3498,$400E_period,11
3498,$400E_mode,0
3498,$400C_const,1
3498,$400C_vol,6
3499,$4004_duty,3
3499,$4004_const,1
3499,$4004_vol,4
3499,$4006_period,1211
3499,$400A_period,269
3499,$400B_length,0
3499,$400E_period,0
3499,$400E_mode,0
3499,$400C_const,1
3499,$400C_vol,10
3500,$4004_duty,3
3500,$4004_const,1
3500,$4004_vol,8
3500,$4006_period,1211
3500,$400A_period,427
3500,$400B_length,16
3500,$400E_period,12
3500,$400E_mode,0
3500,$400C_const,1
3500,$400C_vol,11
3501,$4012_addr,250
3501,$4013_len,11
3501,$4010_rate,15
3501,$4000_duty,2
3501,$4000_const,1
3501,$4000_vol,4
3501,$4002_period,453
3501,$400B_length,32
3501,$4004_duty,3
3501,$4004_const,1
3501,$4004_vol,6
3501,$4006_period,1211
3501,$400A_period,381
3501,$400B_length,0
3501,$400E_period,2
3501,$400E_mode,0
3501,$400C_const,1
3501,$400C_vol,15
3502,$4000_duty,2
3502,$4000_const,1
3502,$4000_vol,8
3502,$4006_period,1211
3502,$400A_period,481
3502,$400B_length,16
3502,$400E_period,11
3502,$400E_mode,0
3502,$400C_const,1
3502,$400C_vol,6
3503,$4000_duty,2
3503,$4000_const,1
3503,$4000_vol,10
3503,$4004_duty,3
3503,$4004_const,1
3503,$4004_vol,4
3503,$4006_period,1211
3503,$400A_period,269
3503,$400B_length,0
3503,$400E_period,0
3503,$400E_mode,0
3503,$400C_const,1
3503,$400C_vol,10
3504,$4000_duty,2
3504,$4000_const,1
3504,$4000_vol,7
3504,$4004_duty,3
3504,$4004_const,1
3504,$4004_vol,8
3504,$4006_period,1211
3504,$400A_period,427
3504,$400B_length,16
3504,$400E_period,12
3504,$400E_mode,0
3504,$400C_const,1
3504,$400C_vol,11
3505,$4000_duty,2
3505,$4000_const,1
3505,$4000_vol,5
3505,$4004_duty,3
3505,$4004_const,1
3505,$4004_vol,6
3505,$4006_period,1211
3505,$400A_period,381
3505,$400B_length,0
3505,$400E_period,2
3505,$400E_mode,0
3505,$400C_const,1
3505,$400C_vol,15
3506,$4006_period,1211
3506,$400A_period,481
3506,$400B_length,16
3506,$400E_period,11
3506,$400E_mode,0
3506,$400C_const,1
3506,$400C_vol,6
3507,$4004_duty,3
3507,$4004_const,1
3507,$4004_vol,4
3507,$4006_period,1211
3507,$400A_period,269
3507,$400B_length,0
3507,$400E_period,0
3507,$400E_mode,0
3507,$400C_const,1
3507,$400C_vol,10
3508,$4012_addr,240
3508,$4013_len,11
3508,$4010_rate,15
3508,$4004_duty,2
3508,$4004_const,1
3508,$4004_vol,13
3508,$4006_period,3237
3508,$400A_period,269
3508,$400B_length,32
3508,$400E_period,3
3508,$400E_mode,0
3508,$400C_const,1
3508,$400C_vol,8
3509,$4004_duty,3
3509,$4004_const,1
3509,$4004_vol,12
3509,$400C_const,1
3509,$400C_vol,5
3510,$4000_duty,2
3510,$4000_const,1
3510,$4000_vol,6
3510,$4004_duty,3
3510,$4004_const,1
3510,$4004_vol,11
3510,$400C_const,1
3510,$400C_vol,0
3511,$4004_duty,3
3511,$4004_const,1
3511,$4004_vol,10
3512,$4004_duty,3
3512,$4004_const,1
3512,$4004_vol,9
3513,$4004_duty,3
3513,$4004_const,1
3513,$4004_vol,8
3514,$4004_duty,3
3514,$4004_const,1
3514,$4004_vol,7
3515,$4010_rate,15
3515,$4000_duty,2
3515,$4000_const,1
3515,$4000_vol,7
3515,$4004_duty,3
3515,$4004_const,1
3515,$4004_vol,6
3515,$400C_const,1
3515,$400C_vol,10
3516,$4004_duty,3
3516,$4004_const,1
3516,$4004_vol,2
3516,$400C_const,1
3516,$400C_vol,7
3517,$400C_const,1
3517,$400C_vol,0
3520,$4000_duty,2
3520,$4000_const,1
3520,$4000_vol,0
3520,$4004_duty,3
3520,$4004_const,1
3520,$4004_vol,0
3520,$4008_linear,0
3522,$4000_duty,2
3522,$4000_const,1
3522,$4000_vol,4
3522,$4002_period,453
3522,$400B_length,48
3522,$4004_duty,2
3522,$4004_const,1
3522,$4004_vol,13
3522,$4006_period,3237
3522,$4008_linear,127
3522,$400A_period,269
3522,$400B_length,48
3522,$400E_period,2
3522,$400E_mode,0
3522,$400C_const,1
3522,$400C_vol,8
3523,$4000_duty,2
3523,$4000_const,1
3523,$4000_vol,8
3523,$4004_duty,3
3523,$4004_const,1
3523,$4004_vol,12
3523,$400C_const,1
3523,$400C_vol,5
3524,$4000_duty,2
3524,$4000_const,1
3524,$4000_vol,10
3524,$4004_duty,3
3524,$4004_const,1
3524,$4004_vol,11
3524,$400C_const,1
3524,$400C_vol,0
3525,$4000_duty,2
3525,$4000_const,1
3525,$4000_vol,7
3525,$4004_duty,3
3525,$4004_const,1
3525,$4004_vol,10
3526,$4000_duty,2
3526,$4000_const,1
3526,$4000_vol,5
3526,$4004_duty,3
3526,$4004_const,1
3526,$4004_vol,9
3527,$4000_duty,2
3527,$4000_const,1
3527,$4000_vol,0
3527,$4004_duty,3
3527,$4004_const,1
3527,$4004_vol,8
3527,$4008_linear,0
3528,$4004_duty,3
3528,$4004_const,1
3528,$4004_vol,7
3529,$4012_addr,250
3529,$4013_len,11
3529,$4010_rate,14
3529,$4000_duty,2
3529,$4000_const,1
3529,$4000_vol,4
3529,$4002_period,403
3529,$400B_length,32
3529,$4004_duty,3
3529,$4004_const,1
3529,$4004_vol,6
3529,$4008_linear,127
3529,$400A_period,255
3529,$400B_length,32
3529,$400E_period,1
3529,$400E_mode,0
3529,$400C_const,1
3529,$400C_vol,8
3530,$4000_duty,2
3530,$4000_const,1
3530,$4000_vol,8
3530,$4004_duty,3
3530,$4004_const,1
3530,$4004_vol,2
3530,$400C_const,1
3530,$400C_vol,5
3531,$4000_duty,2
3531,$4000_const,1
3531,$4000_vol,10
3531,$400C_const,1
3531,$400C_vol,0
3532,$4000_duty,2
3532,$4000_const,1
3532,$4000_vol,7
3533,$4000_duty,2
3533,$4000_const,1
3533,$4000_vol,5
3534,$4000_duty,2
3534,$4000_const,1
3534,$4000_vol,0
3534,$4004_duty,3
3534,$4004_const,1
3534,$4004_vol,0
3534,$4008_linear,0
3536,$4010_rate,14
3536,$4000_duty,2
3536,$4000_const,1
3536,$4000_vol,4
3536,$4002_period,381
3536,$400B_length,48
3536,$4004_duty,2
3536,$4004_const,1
3536,$4004_vol,12
3536,$4006_period,1619
3536,$4008_linear,127
3536,$400A_period,241
3536,$400B_length,48
3536,$400E_period,3
3536,$400E_mode,0
3536,$400C_const,1
3536,$400C_vol,8
3537,$4000_duty,2
3537,$4000_const,1
3537,$4000_vol,8
3537,$4004_duty,3
3537,$4004_const,1
3537,$4004_vol,11
3537,$400C_const,1
3537,$400C_vol,5
3538,$4000_duty,2
3538,$4000_const,1
3538,$4000_vol,10
3538,$4004_duty,3
3538,$4004_const,1
3538,$4004_vol,10
3538,$400C_const,1
3538,$400C_vol,0
3539,$4000_duty,2
3539,$4000_const,1
3539,$4000_vol,7
3539,$4004_duty,3
3539,$4004_const,1
3539,$4004_vol,1
3540,$4000_duty,2
3540,$4000_const,1
3540,$4000_vol,5
3541,$4000_duty,2
3541,$4000_const,1
3541,$4000_vol,0
3541,$4008_linear,0
3543,$4012_addr,240
3543,$4013_len,11
3543,$4010_rate,15
3543,$4000_duty,2
3543,$4000_const,1
3543,$4000_vol,4
3543,$4002_period,359
3543,$400B_length,32
3543,$4004_duty,2
3543,$4004_const,1
3543,$4004_vol,15
3543,$4006_period,2157
3543,$4008_linear,127
3543,$400A_period,227
3543,$400B_length,32
3543,$400C_const,1
3543,$400C_vol,10
3544,$4000_duty,2
3544,$4000_const,1
3544,$4000_vol,8
3544,$4004_duty,3
3544,$4004_const,1
3544,$4004_vol,14
3544,$400C_const,1
3544,$400C_vol,7
3545,$4000_duty,2
3545,$4000_const,1
3545,$4000_vol,10
3545,$4004_duty,3
3545,$4004_const,1
3545,$4004_vol,13
3545,$400C_const,1
3545,$400C_vol,0
3546,$4000_duty,2
3546,$4000_const,1
3546,$4000_vol,7
3546,$4004_duty,3
3546,$4004_const,1
3546,$4004_vol,12
3547,$4000_duty,2
3547,$4000_const,1
3547,$4000_vol,5
3547,$4004_duty,3
3547,$4004_const,1
3547,$4004_vol,11
3548,$4000_duty,2
3548,$4000_const,1
3548,$4000_vol,0
3548,$4004_duty,3
3548,$4004_const,1
3548,$4004_vol,10
3548,$4008_linear,0
3549,$4004_duty,3
3549,$4004_const,1
3549,$4004_vol,9
3550,$4000_duty,2
3550,$4000_const,1
3550,$4000_vol,4
3550,$4002_period,453
3550,$400B_length,48
3550,$4004_duty,3
3550,$4004_const,1
3550,$4004_vol,8
3550,$4008_linear,127
3550,$400A_period,269
3550,$400B_length,48
3550,$400E_period,2
3550,$400E_mode,0
3550,$400C_const,1
3550,$400C_vol,8
3551,$4000_duty,2
3551,$4000_const,1
3551,$4000_vol,8
3551,$4004_duty,3
3551,$4004_const,1
3551,$4004_vol,4
3551,$400C_const,1
3551,$400C_vol,5
3552,$4000_duty,2
3552,$4000_const,1
3552,$4000_vol,10
3552,$4004_duty,3
3552,$4004_const,1
3552,$4004_vol,8
3552,$4006_period,1211
3552,$400A_period,427
3552,$400B_length,0
3552,$400E_period,12
3552,$400E_mode,0
3552,$400C_const,1
3552,$400C_vol,11
3553,$4000_duty,2
3553,$4000_const,1
3553,$4000_vol,7
3553,$4004_duty,3
3553,$4004_const,1
3553,$4004_vol,6
3553,$4006_period,1211
3553,$400A_period,381
3553,$400B_length,16
3553,$400E_period,2
3553,$400E_mode,0
3553,$400C_const,1
3553,$400C_vol,15
3554,$4000_duty,2
3554,$4000_const,1
3554,$4000_vol,5
3554,$4006_period,1211
3554,$400A_period,481
3554,$400B_length,0
3554,$400E_period,11
3554,$400E_mode,0
3554,$400C_const,1
3554,$400C_vol,6
3555,$4000_duty,2
3555,$4000_const,1
3555,$4000_vol,0
3555,$4004_duty,3
3555,$4004_const,1
3555,$4004_vol,4
3555,$4006_period,1211
3555,$400A_period,269
3555,$400B_length,16
3555,$400E_period,0
3555,$400E_mode,0
3555,$400C_const,1
3555,$400C_vol,10
3556,$4004_duty,3
3556,$4004_const,1
3556,$4004_vol,8
3556,$4006_period,1211
3556,$400A_period,427
3556,$400B_length,0
3556,$400E_period,12
3556,$400E_mode,0
3556,$400C_const,1
3556,$400C_vol,11
3557,$4012_addr,250
3557,$4013_len,11
3557,$4010_rate,15
3557,$4004_duty,3
3557,$4004_const,1
3557,$4004_vol,6
3557,$4006_period,1211
3557,$400A_period,381
3557,$400B_length,16
3557,$400E_period,2
3557,$400E_mode,0
3557,$400C_const,1
3557,$400C_vol,15
3558,$4006_period,1211
3558,$400A_period,481
3558,$400B_length,0
3558,$400E_period,11
3558,$400E_mode,0
3558,$400C_const,1
3558,$400C_vol,6
3559,$4004_duty,3
3559,$4004_const,1
3559,$4004_vol,4
3559,$4006_period,1211
3559,$400A_period,269
3559,$400B_length,16
3559,$400E_period,0
3559,$400E_mode,0
3559,$400C_const,1
3559,$400C_vol,10
3560,$4004_duty,3
3560,$4004_const,1
3560,$4004_vol,8
3560,$4006_period,1211
3560,$400A_period,427
3560,$400B_length,0
3560,$400E_period,12
3560,$400E_mode,0
3560,$400C_const,1
3560,$400C_vol,11
3561,$4004_duty,3
3561,$4004_const,1
3561,$4004_vol,6
3561,$4006_period,1211
3561,$400A_period,381
3561,$400B_length,16
3561,$400E_period,2
3561,$400E_mode,0
3561,$400C_const,1
3561,$400C_vol,15
3562,$4006_period,1211
3562,$400A_period,481
3562,$400B_length,0
3562,$400E_period,11
3562,$400E_mode,0
3562,$400C_const,1
3562,$400C_vol,6
3563,$4004_duty,3
3563,$4004_const,1
3563,$4004_vol,4
3563,$4006_period,1211
3563,$400A_period,269
3563,$400B_length,16
3563,$400E_period,0
3563,$400E_mode,0
3563,$400C_const,1
3563,$400C_vol,10
3564,$4012_addr,240
3564,$4013_len,11
3564,$4010_rate,15
3564,$4000_duty,2
3564,$4000_const,1
3564,$4000_vol,4
3564,$4002_period,359
3564,$400B_length,32
3564,$4004_duty,3
3564,$4004_const,1
3564,$4004_vol,8
3564,$4006_period,1211
3564,$400A_period,427
3564,$400B_length,0
3564,$400E_period,12
3564,$400E_mode,0
3564,$400C_const,1
3564,$400C_vol,11
3565,$4000_duty,2
3565,$4000_const,1
3565,$4000_vol,8
3565,$4004_duty,3
3565,$4004_const,1
3565,$4004_vol,6
3565,$4006_period,1211
3565,$400A_period,381
3565,$400B_length,16
3565,$400E_period,2
3565,$400E_mode,0
3565,$400C_const,1
3565,$400C_vol,15
3566,$4000_duty,2
3566,$4000_const,1
3566,$4000_vol,10
3566,$4006_period,1211
3566,$400A_period,481
3566,$400B_length,0
3566,$400E_period,11
3566,$400E_mode,0
3566,$400C_const,1
3566,$400C_vol,6
3567,$4000_duty,2
3567,$4000_const,1
3567,$4000_vol,7
3567,$4004_duty,3
3567,$4004_const,1
3567,$4004_vol,4
3567,$4006_period,1211
3567,$400A_period,269
3567,$400B_length,16
3567,$400E_period,0
3567,$400E_mode,0
3567,$400C_const,1
3567,$400C_vol,10
3568,$4000_duty,2
3568,$4000_const,1
3568,$4000_vol,5
3568,$4004_duty,3
3568,$4004_const,1
3568,$4004_vol,8
3568,$4006_period,1211
3568,$400A_period,427
3568,$400B_length,0
3568,$400E_period,12
3568,$400E_mode,0
3568,$400C_const,1
3568,$400C_vol,11
3569,$4000_duty,2
3569,$4000_const,1
3569,$4000_vol,0
3569,$4004_duty,3
3569,$4004_const,1
3569,$4004_vol,6
3569,$4006_period,1211
3569,$400A_period,381
3569,$400B_length,16
3569,$400E_period,2
3569,$400E_mode,0
3569,$400C_const,1
3569,$400C_vol,15
3570,$4006_period,1211
3570,$400A_period,481
3570,$400B_length,0
3570,$400E_period,11
3570,$400E_mode,0
3570,$400C_const,1
3570,$400C_vol,6
3571,$4012_addr,243
3571,$4013_len,28
3571,$4010_rate,15
3571,$4000_duty,2
3571,$4000_const,1
3571,$4000_vol,4
3571,$4002_period,269
3571,$400B_length,48
3571,$4004_duty,3
3571,$4004_const,1
3571,$4004_vol,4
3571,$4006_period,1211
3571,$400A_period,269
3571,$400B_length,16
3571,$400E_period,0
3571,$400E_mode,0
3571,$400C_const,1
3571,$400C_vol,10
3572,$4000_duty,2
3572,$4000_const,1
3572,$4000_vol,8
3572,$4004_duty,3
3572,$4004_const,1
3572,$4004_vol,8
3572,$4006_period,1211
3572,$400A_period,427
3572,$400B_length,0
3572,$400E_period,12
3572,$400E_mode,0
3572,$400C_const,1
3572,$400C_vol,11
3573,$4000_duty,2
3573,$4000_const,1
3573,$4000_vol,10
3573,$4004_duty,3
3573,$4004_const,1
3573,$4004_vol,6
3573,$4006_period,1211
3573,$400A_period,381
3573,$400B_length,16
3573,$400E_period,2
3573,$400E_mode,0
3573,$400C_const,1
3573,$400C_vol,15
3574,$4000_duty,2
3574,$4000_const,1
3574,$4000_vol,7
3574,$4006_period,1211
3574,$400A_period,481
3574,$400B_length,0
3574,$400E_period,11
3574,$400E_mode,0
3574,$400C_const,1
3574,$400C_vol,6
3575,$4000_duty,2
3575,$4000_const,1
3575,$4000_vol,5
3575,$4004_duty,3
3575,$4004_const,1
3575,$4004_vol,4
3575,$4006_period,1211
3575,$400A_period,269
3575,$400B_length,16
3575,$400E_period,0
3575,$400E_mode,0
3575,$400C_const,1
3575,$400C_vol,10
3576,$4000_duty,2
3576,$4000_const,1
3576,$4000_vol,0
3576,$4004_duty,3
3576,$4004_const,1
3576,$4004_vol,8
3576,$4006_period,1211
3576,$400A_period,427
3576,$400B_length,0
3576,$400E_period,12
3576,$400E_mode,0
3576,$400C_const,1
3576,$400C_vol,11
3577,$4004_duty,3
3577,$4004_const,1
3577,$4004_vol,6
3577,$4006_period,1211
3577,$400A_period,381
3577,$400B_length,16
3577,$400E_period,2
3577,$400E_mode,0
3577,$400C_const,1
3577,$400C_vol,15
3578,$4000_duty,2
3578,$4000_const,1
3578,$4000_vol,4
3578,$4002_period,359
3578,$400B_length,32
3578,$4006_period,1211
3578,$400A_period,481
3578,$400B_length,0
3578,$400E_period,11
3578,$400E_mode,0
3578,$400C_const,1
3578,$400C_vol,6
3579,$4000_duty,2
3579,$4000_const,1
3579,$4000_vol,8
3579,$4004_duty,3
3579,$4004_const,1
3579,$4004_vol,4
3579,$4006_period,1211
3579,$400A_period,269
3579,$400B_length,16
3579,$400E_period,0
3579,$400E_mode,0
3579,$400C_const,1
3579,$400C_vol,10
3580,$4000_duty,2
3580,$4000_const,1
3580,$4000_vol,10
3580,$4004_duty,3
3580,$4004_const,1
3580,$4004_vol,8
3580,$4006_period,1211
3580,$400A_period,427
3580,$400B_length,0
3580,$400E_period,12
3580,$400E_mode,0
3580,$400C_const,1
3580,$400C_vol,11
3581,$4000_duty,2
3581,$4000_const,1
3581,$4000_vol,7
3581,$4004_duty,3
3581,$4004_const,1
3581,$4004_vol,6
3581,$4006_period,1211
3581,$400A_period,381
3581,$400B_length,16
3581,$400E_period,2
3581,$400E_mode,0
3581,$400C_const,1
3581,$400C_vol,15
3582,$4000_duty,2
3582,$4000_const,1
3582,$4000_vol,5
3582,$4006_period,1211
3582,$400A_period,481
3582,$400B_length,0
3582,$400E_period,11
3582,$400E_mode,0
3582,$400C_const,1
3582,$400C_vol,6
3583,$4000_duty,2
3583,$4000_const,1
3583,$4000_vol,0
3583,$4004_duty,3
3583,$4004_const,1
3583,$4004_vol,4
3583,$4006_period,1211
3583,$400A_period,269
3583,$400B_length,16
3583,$400E_period,0
3583,$400E_mode,0
3583,$400C_const,1
3583,$400C_vol,10
3584,$4004_duty,3
3584,$4004_const,1
3584,$4004_vol,8
3584,$4006_period,1211
3584,$400A_period,427
3584,$400B_length,0
3584,$400E_period,12
3584,$400E_mode,0
3584,$400C_const,1
3584,$400C_vol,11
3585,$4012_addr,250
3585,$4013_len,11
3585,$4010_rate,14
3585,$4000_duty,2
3585,$4000_const,1
3585,$4000_vol,4
3585,$4002_period,453
3585,$400B_length,48
3585,$4004_duty,3
3585,$4004_const,1
3585,$4004_vol,6
3585,$4006_period,1211
3585,$400A_period,381
3585,$400B_length,16
3585,$400E_period,2
3585,$400E_mode,0
3585,$400C_const,1
3585,$400C_vol,15
3586,$4000_duty,2
3586,$4000_const,1
3586,$4000_vol,8
3586,$4006_period,1211
3586,$400A_period,481
3586,$400B_length,0
3586,$400E_period,11
3586,$400E_mode,0
3586,$400C_const,1
3586,$400C_vol,6
3587,$4000_duty,2
3587,$4000_const,1
3587,$4000_vol,10
3587,$4004_duty,3
3587,$4004_const,1
3587,$4004_vol,4
3587,$4006_period,1211
3587,$400A_period,269
3587,$400B_length,16
3587,$400E_period,0
3587,$400E_mode,0
3587,$400C_const,1
3587,$400C_vol,10
3588,$4000_duty,2
3588,$4000_const,1
3588,$4000_vol,7
3588,$4004_duty,3
3588,$4004_const,1
3588,$4004_vol,8
3588,$4006_period,1211
3588,$400A_period,427
3588,$400B_length,0
3588,$400E_period,12
3588,$400E_mode,0
3588,$400C_const,1
3588,$400C_vol,11
3589,$4000_duty,2
3589,$4000_const,1
3589,$4000_vol,5
3589,$4004_duty,3
3589,$4004_const,1
3589,$4004_vol,6
3589,$4006_period,1211
3589,$400A_period,381
3589,$400B_length,16
3589,$400E_period,2
3589,$400E_mode,0
3589,$400C_const,1
3589,$400C_vol,15
3590,$4000_duty,2
3590,$4000_const,1
3590,$4000_vol,0
3590,$4006_period,1211
3590,$400A_period,481
3590,$400B_length,0
3590,$400E_period,11
3590,$400E_mode,0
3590,$400C_const,1
3590,$400C_vol,6
3591,$4004_duty,3
3591,$4004_const,1
3591,$4004_vol,4
3591,$4006_period,1211
3591,$400A_period,269
3591,$400B_length,16
3591,$400E_period,0
3591,$400E_mode,0
3591,$400C_const,1
3591,$400C_vol,10
3592,$4010_rate,14
3592,$4000_duty,2
3592,$4000_const,1
3592,$4000_vol,4
3592,$4002_period,539
3592,$400B_length,33
3592,$4004_duty,3
3592,$4004_const,1
3592,$4004_vol,8
3592,$4006_period,1211
3592,$400A_period,427
3592,$400B_length,0
3592,$400E_period,12
3592,$400E_mode,0
3592,$400C_const,1
3592,$400C_vol,11
3593,$4000_duty,2
3593,$4000_const,1
3593,$4000_vol,8
3593,$4004_duty,3
3593,$4004_const,1
3593,$4004_vol,6
3593,$4006_period,1211
3593,$400A_period,381
3593,$400B_length,16
3593,$400E_period,2
3593,$400E_mode,0
3593,$400C_const,1
3593,$400C_vol,15
3594,$4000_duty,2
3594,$4000_const,1
3594,$4000_vol,10
3594,$4006_period,1211
3594,$400A_period,481
3594,$400B_length,0
3594,$400E_period,11
3594,$400E_mode,0
3594,$400C_const,1
3594,$400C_vol,6
3595,$4000_duty,2
3595,$4000_const,1
3595,$4000_vol,7
3595,$4004_duty,3
3595,$4004_const,1
3595,$4004_vol,4
3595,$4006_period,1211
3595,$400A_period,269
3595,$400B_length,16
3595,$400E_period,0
3595,$400E_mode,0
3595,$400C_const,1
3595,$400C_vol,10
3596,$4000_duty,2
3596,$4000_const,1
3596,$4000_vol,5
3596,$4004_duty,3
3596,$4004_const,1
3596,$4004_vol,8
3596,$4006_period,1211
3596,$400A_period,427
3596,$400B_length,0
3596,$400E_period,12
3596,$400E_mode,0
3596,$400C_const,1
3596,$400C_vol,11
3597,$4000_duty,2
3597,$4000_const,1
3597,$4000_vol,0
3597,$4004_duty,3
3597,$4004_const,1
3597,$4004_vol,6
3597,$4006_period,1211
3597,$400A_period,381
3597,$400B_length,16
3597,$400E_period,2
3597,$400E_mode,0
3597,$400C_const,1
3597,$400C_vol,15
3598,$4006_period,1211
3598,$400A_period,481
3598,$400B_length,0
3598,$400E_period,11
3598,$400E_mode,0
3598,$400C_const,1
3598,$400C_vol,6
3599,$4012_addr,243
3599,$4013_len,28
3599,$4010_rate,15
3599,$4000_duty,2
3599,$4000_const,1
3599,$4000_vol,4
3599,$4002_period,403
3599,$400B_length,48
3599,$4004_duty,3
3599,$4004_const,1
3599,$4004_vol,4
3599,$4006_period,1211
3599,$400A_period,269
3599,$400B_length,16
3599,$400E_period,0
3599,$400E_mode,0
3599,$400C_const,1
3599,$400C_vol,10
3600,$4000_duty,2
3600,$4000_const,1
3600,$4000_vol,8
3600,$4004_duty,3
3600,$4004_const,1
3600,$4004_vol,8
3600,$4006_period,1211
3600,$400A_period,427
3600,$400B_length,0
3600,$400E_period,12
3600,$400E_mode,0
3600,$400C_const,1
3600,$400C_vol,11
3601,$4000_duty,2
3601,$4000_const,1
3601,$4000_vol,10
3601,$4004_duty,3
3601,$4004_const,1
3601,$4004_vol,6
3601,$4006_period,1211
3601,$400A_period,381
3601,$400B_length,16
3601,$400E_period,2
3601,$400E_mode,0
3601,$400C_const,1
3601,$400C_vol,15
3602,$4000_duty,2
3602,$4000_const,1
3602,$4000_vol,7
3602,$4006_period,1211
3602,$400A_period,481
3602,$400B_length,0
3602,$400E_period,11
3602,$400E_mode,0
3602,$400C_const,1
3602,$400C_vol,6
3603,$4000_duty,2
3603,$4000_const,1
3603,$4000_vol,5
3603,$4004_duty,3
3603,$4004_const,1
3603,$4004_vol,4
3603,$4006_period,1211
3603,$400A_period,269
3603,$400B_length,16
3603,$400E_period,0
3603,$400E_mode,0
3603,$400C_const,1
3603,$400C_vol,10
3604,$4000_duty,2
3604,$4000_const,1
3604,$4000_vol,0
3604,$4004_duty,3
3604,$4004_const,1
3604,$4004_vol,8
3604,$4006_period,1211
3604,$400A_period,427
3604,$400B_length,0
3604,$400E_period,12
3604,$400E_mode,0
3604,$400C_const,1
3604,$400C_vol,11
3605,$4004_duty,3
3605,$4004_const,1
3605,$4004_vol,4
3605,$4006_period,3237
3605,$4008_linear,0
3605,$400A_period,403
3605,$400B_length,48
3605,$400E_period,3
3605,$400E_mode,0
3605,$400C_const,1
3605,$400C_vol,0
3606,$4000_duty,2
3606,$4000_const,1
3606,$4000_vol,4
3606,$4002_period,359
3606,$400B_length,32
3606,$4004_duty,2
3606,$4004_const,1
3606,$4004_vol,15
3606,$4006_period,2881
3606,$4008_linear,127
3606,$400A_period,359
3606,$400B_length,32
3606,$400E_period,2
3606,$400E_mode,0
3606,$400C_const,1
3606,$400C_vol,8
3607,$4000_duty,2
3607,$4000_const,1
3607,$4000_vol,8
3607,$4004_duty,3
3607,$4004_const,1
3607,$4004_vol,14
3607,$400C_const,1
3607,$400C_vol,5
3608,$4000_duty,2
3608,$4000_const,1
3608,$4000_vol,10
3608,$4004_duty,3
3608,$4004_const,1
3608,$4004_vol,13
3608,$400C_const,1
3608,$400C_vol,0
3609,$4000_duty,2
3609,$4000_const,1
3609,$4000_vol,7
3609,$4004_duty,3
3609,$4004_const,1
3609,$4004_vol,12
3610,$4000_duty,2
3610,$4000_const,1
3610,$4000_vol,5
3610,$4004_duty,3
3610,$4004_const,1
3610,$4004_vol,11
3611,$4000_duty,2
3611,$4000_const,1
3611,$4000_vol,0
3611,$4004_duty,3
3611,$4004_const,1
3611,$4004_vol,4
3611,$4008_linear,0
3613,$400E_period,1
3613,$400E_mode,0
3613,$400C_const,1
3613,$400C_vol,8
3614,$400C_const,1
3614,$400C_vol,5
3615,$4004_duty,3
3615,$4004_const,1
3615,$4004_vol,0
3615,$400C_const,1
3615,$400C_vol,0
3620,$4012_addr,240
3620,$4013_len,11
3620,$4010_rate,15
3620,$4000_duty,2
3620,$4000_const,1
3620,$4000_vol,4
3620,$4002_period,339
3620,$400B_length,48
3620,$4004_duty,2
3620,$4004_const,1
3620,$4004_vol,15
3620,$4006_period,2717
3620,$4008_linear,127
3620,$400A_period,339
3620,$400B_length,48
3620,$400E_period,3
3620,$400E_mode,0
3620,$400C_const,1
3620,$400C_vol,8
3621,$4000_duty,2
3621,$4000_const,1
3621,$4000_vol,8
3621,$4004_duty,3
3621,$4004_const,1
3621,$4004_vol,14
3621,$400C_const,1
3621,$400C_vol,5
3622,$4000_duty,2
3622,$4000_const,1
3622,$4000_vol,10
3622,$4004_duty,3
3622,$4004_const,1
3622,$4004_vol,13
3622,$400C_const,1
3622,$400C_vol,0
3623,$4000_duty,2
3623,$4000_const,1
3623,$4000_vol,7
3623,$4004_duty,3
3623,$4004_const,1
3623,$4004_vol,12
3624,$4000_duty,2
3624,$4000_const,1
3624,$4000_vol,5
3624,$4004_duty,3
3624,$4004_const,1
3624,$4004_vol,11
3625,$4000_duty,2
3625,$4000_const,1
3625,$4000_vol,0
3625,$4004_duty,3
3625,$4004_const,1
3625,$4004_vol,4
3625,$4008_linear,0
3627,$4012_addr,243
3627,$4013_len,28
3627,$4010_rate,15
3627,$4000_duty,2
3627,$4000_const,1
3627,$4000_vol,4
3627,$4002_period,321
3627,$400B_length,32
3627,$4004_duty,2
3627,$4004_const,1
3627,$4004_vol,15
3627,$4006_period,2571
3627,$4008_linear,127
3627,$400A_period,321
3627,$400B_length,32
3627,$400C_const,1
3627,$400C_vol,10
3628,$4000_duty,2
3628,$4000_const,1
3628,$4000_vol,8
3628,$4004_duty,3
3628,$4004_const,1
3628,$4004_vol,14
3628,$400C_const,1
3628,$400C_vol,7
3629,$4000_duty,2
3629,$4000_const,1
3629,$4000_vol,10
3629,$4004_duty,3
3629,$4004_const,1
3629,$4004_vol,13
3629,$400C_const,1
3629,$400C_vol,0
3630,$4000_duty,2
3630,$4000_const,1
3630,$4000_vol,7
3630,$4004_duty,3
3630,$4004_const,1
3630,$4004_vol,12
3631,$4000_duty,2
3631,$4000_const,1
3631,$4000_vol,5
3631,$4004_duty,3
3631,$4004_const,1
3631,$4004_vol,11
3632,$4000_duty,0
3632,$4000_const,1
3632,$4000_vol,2
3632,$4002_period,57
3632,$400B_length,16
3632,$4004_duty,0
3632,$4004_const,1
3632,$4004_vol,2
3632,$4006_period,57
3632,$4008_linear,0
3632,$400A_period,63
3632,$400B_length,16
3634,$4010_rate,15
3634,$4000_duty,2
3634,$4000_const,1
3634,$4000_vol,12
3634,$4002_period,3599
3634,$400B_length,7
3634,$4004_duty,2
3634,$4004_const,1
3634,$4004_vol,12
3634,$4006_period,3599
3634,$4008_linear,127
3634,$400A_period,57
3634,$400B_length,0
3634,$400E_period,2
3634,$400E_mode,0
3634,$400C_const,1
3634,$400C_vol,8
3635,$4000_duty,2
3635,$4000_const,1
3635,$4000_vol,0
3635,$4002_period,85
3635,$400B_length,16
3635,$4004_duty,2
3635,$4004_const,1
3635,$4004_vol,0
3635,$4006_period,85
3635,$4008_linear,0
3635,$400A_period,95
3635,$400B_length,16
3635,$400C_const,1
3635,$400C_vol,5
3636,$400C_const,1
3636,$400C_vol,0
3637,$4000_duty,2
3637,$4000_const,1
3637,$4000_vol,10
3637,$4002_period,101
3637,$400B_length,0
3637,$4004_duty,2
3637,$4004_const,1
3637,$4004_vol,10
3637,$4006_period,101
3637,$4008_linear,127
3637,$400A_period,113
3637,$400B_length,0
3638,$4000_duty,2
3638,$4000_const,1
3638,$4000_vol,0
3638,$4002_period,121
3638,$400B_length,16
3638,$4004_duty,2
3638,$4004_const,1
3638,$4004_vol,0
3638,$4006_period,121
3638,$4008_linear,0
3638,$400A_period,135
3638,$400B_length,16
3640,$4000_duty,2
3640,$4000_const,1
3640,$4000_vol,8
3640,$4002_period,135
3640,$400B_length,0
3640,$4004_duty,2
3640,$4004_const,1
3640,$4004_vol,8
3640,$4006_period,135
3640,$4008_linear,127
3640,$400A_period,151
3640,$400B_length,0
3641,$4000_duty,2
3641,$4000_const,1
3641,$4000_vol,0
3641,$4002_period,161
3641,$400B_length,16
3641,$4004_duty,2
3641,$4004_const,1
3641,$4004_vol,0
3641,$4006_period,161
3641,$4008_linear,0
3641,$400A_period,179
3641,$400B_length,16
3641,$400E_period,1
3641,$400E_mode,0
3641,$400C_const,1
3641,$400C_vol,8
3642,$400C_const,1
3642,$400C_vol,5
3643,$4000_duty,2
3643,$4000_const,1
3643,$4000_vol,6
3643,$4002_period,191
3643,$400B_length,0
3643,$4004_duty,2
3643,$4004_const,1
3643,$4004_vol,6
3643,$4006_period,191
3643,$4008_linear,127
3643,$400A_period,213
3643,$400B_length,0
3643,$400C_const,1
3643,$400C_vol,0
3644,$4000_duty,2
3644,$4000_const,1
3644,$4000_vol,0
3644,$4002_period,359
3644,$400B_length,32
3644,$4004_duty,3
3644,$4004_const,1
3644,$4004_vol,0
3644,$4006_period,2881
3644,$4008_linear,0
3644,$400A_period,359
3644,$400B_length,32
3648,$4012_addr,240
3648,$4013_len,11
3648,$4010_rate,15
3648,$4000_duty,2
3648,$4000_const,1
3648,$4000_vol,4
3648,$4002_period,381
3648,$400B_length,48
3648,$4004_duty,2
3648,$4004_const,1
3648,$4004_vol,15
3648,$4006_period,3049
3648,$4008_linear,127
3648,$400A_period,381
3648,$400B_length,48
3648,$400E_period,3
3648,$400E_mode,0
3648,$400C_const,1
3648,$400C_vol,8
3649,$4000_duty,2
3649,$4000_const,1
3649,$4000_vol,8
3649,$4004_duty,3
3649,$4004_const,1
3649,$4004_vol,14
3649,$400C_const,1
3649,$400C_vol,5
3650,$4000_duty,2
3650,$4000_const,1
3650,$4000_vol,10
3650,$4004_duty,3
3650,$4004_const,1
3650,$4004_vol,13
3650,$400C_const,1
3650,$400C_vol,0
3651,$4000_duty,2
3651,$4000_const,1
3651,$4000_vol,7
3651,$4004_duty,3
3651,$4004_const,1
3651,$4004_vol,12
3652,$4000_duty,2
3652,$4000_const,1
3652,$4000_vol,5
3652,$4004_duty,3
3652,$4004_const,1
3652,$4004_vol,11
3653,$4000_duty,2
3653,$4000_const,1
3653,$4000_vol,0
3653,$4004_duty,3
3653,$4004_const,1
3653,$4004_vol,4
3653,$4008_linear,0
3655,$4012_addr,243
3655,$4013_len,28
3655,$4010_rate,15
3655,$4000_duty,2
3655,$4000_const,1
3655,$4000_vol,4
3655,$4002_period,403
3655,$400B_length,32
3655,$4004_duty,2
3655,$4004_const,1
3655,$4004_vol,15
3655,$4006_period,3237
3655,$4008_linear,127
3655,$400A_period,403
3655,$400B_length,32
3655,$400E_period,2
3655,$400E_mode,0
3655,$400C_const,1
3655,$400C_vol,14
3656,$4000_duty,2
3656,$4000_const,1
3656,$4000_vol,8
3656,$4004_duty,3
3656,$4004_const,1
3656,$4004_vol,14
3656,$400C_const,1
3656,$400C_vol,11
3657,$4000_duty,2
3657,$4000_const,1
3657,$4000_vol,10
3657,$4004_duty,3
3657,$4004_const,1
3657,$4004_vol,13
3657,$400C_const,1
3657,$400C_vol,3
3658,$4000_duty,2
3658,$4000_const,1
3658,$4000_vol,7
3658,$4004_duty,3
3658,$4004_const,1
3658,$4004_vol,12
3659,$4000_duty,2
3659,$4000_const,1
3659,$4000_vol,5
3659,$4004_duty,3
3659,$4004_const,1
3659,$4004_vol,11
3660,$4000_duty,2
3660,$4000_const,1
3660,$4000_vol,0
3660,$4004_duty,3
3660,$4004_const,1
3660,$4004_vol,4
3660,$4008_linear,0
3662,$400E_period,1
3662,$400E_mode,0
3662,$400C_const,1
3662,$400C_vol,2
3663,$400C_const,1
3663,$400C_vol,0
3664,$4004_duty,3
3664,$4004_const,1
3664,$4004_vol,0
3669,$4012_addr,253
3669,$4013_len,10
3669,$4010_rate,15
3669,$4000_duty,0
3669,$4000_const,1
3669,$4000_vol,15
3669,$4002_period,3237
3669,$400B_length,54
3669,$4004_duty,2
3669,$4004_const,1
3669,$4004_vol,15
3669,$4006_period,3237
3669,$4008_linear,127
3669,$400A_period,807
3669,$400B_length,49
3669,$400C_const,1
3669,$400C_vol,4
3670,$4004_duty,3
3670,$4004_const,1
3670,$4004_vol,14
3670,$400C_const,1
3670,$400C_vol,1
3671,$4000_duty,0
3671,$4000_const,1
3671,$4000_vol,13
3671,$4004_duty,3
3671,$4004_const,1
3671,$4004_vol,13
3671,$400C_const,1
3671,$400C_vol,0
3672,$4000_duty,0
3672,$4000_const,1
3672,$4000_vol,4
3672,$4004_duty,3
3672,$4004_const,1
3672,$4004_vol,12
3673,$4004_duty,3
3673,$4004_const,1
3673,$4004_vol,11
3674,$4004_duty,3
3674,$4004_const,1
3674,$4004_vol,4
3674,$4008_linear,0
3676,$4010_rate,15
3676,$4000_duty,0
3676,$4000_const,1
3676,$4000_vol,15
3676,$4002_period,3237
3676,$400B_length,38
3676,$4004_duty,2
3676,$4004_const,1
3676,$4004_vol,15
3676,$4006_period,3237
3676,$4008_linear,127
3676,$400A_period,807
3676,$400B_length,33
3676,$400E_period,2
3676,$400E_mode,0
3676,$400C_const,1
3676,$400C_vol,14
3677,$4004_duty,3
3677,$4004_const,1
3677,$4004_vol,14
3677,$400C_const,1
3677,$400C_vol,11
3678,$4000_duty,0
3678,$4000_const,1
3678,$4000_vol,13
3678,$4004_duty,3
3678,$4004_const,1
3678,$4004_vol,13
3678,$400C_const,1
3678,$400C_vol,3
3679,$4000_duty,0
3679,$4000_const,1
3679,$4000_vol,4
3679,$4004_duty,3
3679,$4004_const,1
3679,$4004_vol,12
3680,$4004_duty,3
3680,$4004_const,1
3680,$4004_vol,11
3681,$4004_duty,3
3681,$4004_const,1
3681,$4004_vol,4
3681,$4008_linear,0
3683,$4012_addr,250
3683,$4013_len,11
3683,$4010_rate,15
3683,$400E_period,1
3683,$400E_mode,0
3683,$400C_const,1
3683,$400C_vol,2
3684,$400C_const,1
3684,$400C_vol,0
3685,$4004_duty,3
3685,$4004_const,1
3685,$4004_vol,0
3687,$4000_duty,0
3687,$4000_const,1
3687,$4000_vol,0
3690,$400C_const,1
3690,$400C_vol,4
3691,$400C_const,1
3691,$400C_vol,1
3692,$400C_const,1
3692,$400C_vol,0
3697,$4010_rate,14
3697,$4000_duty,0
3697,$4000_const,1
3697,$4000_vol,5
3697,$4002_period,3237
3697,$400B_length,54
3697,$4004_duty,2
3697,$4004_const,1
3697,$4004_vol,10
3697,$4006_period,1619
3697,$400E_period,4
3697,$400E_mode,0
3697,$400C_const,1
3697,$400C_vol,11
3698,$4004_duty,3
3698,$4004_const,1
3698,$4004_vol,9
3698,$400C_const,1
3698,$400C_vol,10
3699,$4000_duty,0
3699,$4000_const,1
3699,$4000_vol,3
3699,$4004_duty,3
3699,$4004_const,1
3699,$4004_vol,8
3699,$400C_const,1
3699,$400C_vol,0
3700,$4004_duty,3
3700,$4004_const,1
3700,$4004_vol,7
3701,$4010_rate,14
3701,$4004_duty,3
3701,$4004_const,1
3701,$4004_vol,6
3701,$400C_const,1
3701,$400C_vol,0
3702,$4004_duty,3
3702,$4004_const,1
3702,$4004_vol,5
3703,$4004_duty,3
3703,$4004_const,1
3703,$4004_vol,4
3704,$4000_duty,0
3704,$4000_const,1
3704,$4000_vol,0
3704,$4004_duty,3
3704,$4004_const,1
3704,$4004_vol,3
3704,$400E_period,1
3704,$400E_mode,0
3704,$400C_const,1
3704,$400C_vol,11
3705,$4010_rate,14
3705,$400C_const,1
3705,$400C_vol,8
3706,$4004_duty,3
3706,$4004_const,1
3706,$4004_vol,2
3706,$400C_const,1
3706,$400C_vol,0
3708,$4004_duty,3
3708,$4004_const,1
3708,$4004_vol,0
3709,$4004_duty,1
3709,$4004_const,1
3709,$4004_vol,4
3709,$4006_period,339
3709,$400E_period,6
3709,$400E_mode,0
3709,$400C_const,1
3709,$400C_vol,2
3711,$4012_addr,240
3711,$4013_len,11
3711,$4010_rate,15
3711,$4000_duty,3
3711,$4000_const,1
3711,$4000_vol,11
3711,$4002_period,481
3711,$400B_length,32
3711,$4008_linear,127
3711,$400A_period,121
3711,$400B_length,48
3712,$4008_linear,0
3714,$4000_duty,3
3714,$4000_const,1
3714,$4000_vol,8
3715,$4000_duty,3
3715,$4000_const,1
3715,$4000_vol,6
3715,$4004_duty,1
3715,$4004_const,1
3715,$4004_vol,5
3716,$4000_duty,3
3716,$4000_const,1
3716,$4000_vol,0
3717,$400E_period,5
3717,$400E_mode,0
3717,$400C_const,1
3717,$400C_vol,4
3718,$4008_linear,127
3718,$400A_period,151
3718,$400B_length,32
3719,$4008_linear,0
3723,$4004_duty,1
3723,$4004_const,1
3723,$4004_vol,6
3725,$4012_addr,250
3725,$4013_len,11
3725,$4010_rate,15
3725,$4000_duty,3
3725,$4000_const,1
3725,$4000_vol,9
3725,$4002_period,481
3725,$400B_length,48
3725,$4008_linear,127
3725,$400A_period,75
3725,$400B_length,48
3725,$400E_period,4
3725,$400E_mode,0
3725,$400C_const,1
3725,$400C_vol,6
3726,$4008_linear,0
3728,$4000_duty,3
3728,$4000_const,1
3728,$4000_vol,0
3730,$4000_duty,3
3730,$4000_const,1
3730,$4000_vol,7
3730,$4002_period,481
3730,$400B_length,32
3731,$4004_duty,1
3731,$4004_const,1
3731,$4004_vol,7
3732,$4008_linear,127
3732,$400A_period,151
3732,$400B_length,32
3733,$4000_duty,3
3733,$4000_const,1
3733,$4000_vol,0
3733,$4004_duty,3
3733,$4004_const,1
3733,$4004_vol,15
3733,$4006_period,763
3733,$4008_linear,0
3733,$400E_period,3
3733,$400E_mode,0
3733,$400C_const,1
3733,$400C_vol,5
3734,$4006_period,1079
3734,$400C_const,1
3734,$400C_vol,0
3735,$4000_duty,3
3735,$4000_const,1
3735,$4000_vol,5
3735,$4002_period,481
3735,$400B_length,48
3735,$4006_period,1441
3736,$4004_duty,3
3736,$4004_const,1
3736,$4004_vol,6
3736,$4006_period,481
3737,$4006_period,453
3738,$4000_duty,3
3738,$4000_const,1
3738,$4000_vol,0
3738,$4006_period,403
3739,$4012_addr,243
3739,$4013_len,28
3739,$4010_rate,15
3739,$4004_duty,3
3739,$4004_const,1
3739,$4004_vol,5
3739,$4006_period,3237
3739,$4008_linear,127
3739,$400A_period,121
3739,$400B_length,48
3739,$400C_const,1
3739,$400C_vol,10
3740,$4000_duty,3
3740,$4000_const,1
3740,$4000_vol,3
3740,$4002_period,481
3740,$400B_length,32
3740,$4008_linear,0
3740,$400C_const,1
3740,$400C_vol,7
3741,$4004_duty,3
3741,$4004_const,1
3741,$4004_vol,4
3741,$400C_const,1
3741,$400C_vol,0
3742,$4004_duty,3
3742,$4004_const,1
3742,$4004_vol,1
3743,$4000_duty,3
3743,$4000_const,1
3743,$4000_vol,0
3745,$4000_duty,3
3745,$4000_const,1
3745,$4000_vol,1
3745,$4002_period,481
3745,$400B_length,48
3746,$4004_duty,2
3746,$4004_const,1
3746,$4004_vol,12
3746,$4006_period,3237
3746,$4008_linear,127
3746,$400A_period,151
3746,$400B_length,32
3746,$400E_period,2
3746,$400E_mode,0
3746,$400C_const,1
3746,$400C_vol,8
3747,$4004_duty,3
3747,$4004_const,1
3747,$4004_vol,11
3747,$4008_linear,0
3747,$400C_const,1
3747,$400C_vol,5
3748,$4000_duty,1
3748,$4000_const,1
3748,$4000_vol,15
3748,$4002_period,427
3748,$400B_length,0
3748,$4004_duty,3
3748,$4004_const,1
3748,$4004_vol,15
3748,$4006_period,539
3748,$400A_period,113
3748,$400B_length,16
3748,$400E_period,11
3748,$400E_mode,0
3748,$400C_const,1
3748,$400C_vol,15
3749,$4006_period,1713
3749,$400E_period,14
3749,$400E_mode,0
3750,$4002_period,571
3750,$400B_length,17
3750,$4006_period,1143
3750,$400A_period,213
3750,$400B_length,0
3750,$400E_period,11
3750,$400E_mode,0
3750,$400C_const,1
3750,$400C_vol,7
3751,$4006_period,1713
3751,$400E_period,14
3751,$400E_mode,0
3752,$4002_period,1019
3752,$400B_length,1
3752,$4006_period,571
3752,$400A_period,381
3752,$400B_length,16
3752,$400C_const,1
3752,$400C_vol,0
3753,$4012_addr,250
3753,$4013_len,11
3753,$4010_rate,14
3753,$4004_duty,2
3753,$4004_const,1
3753,$4004_vol,15
3753,$4006_period,1359
3754,$4002_period,679
3754,$400B_length,17
3754,$4006_period,1713
3755,$4000_duty,1
3755,$4000_const,1
3755,$4000_vol,4
3755,$4006_period,4095
3756,$4004_duty,2
3756,$4004_const,1
3756,$4004_vol,4
3757,$4000_duty,1
3757,$4000_const,1
3757,$4000_vol,15
3757,$4002_period,1019
3757,$400B_length,1
3757,$4004_duty,2
3757,$4004_const,1
3757,$4004_vol,15
3757,$4006_period,4095
3758,$4000_duty,1
3758,$4000_const,1
3758,$4000_vol,4
3758,$4004_duty,2
3758,$4004_const,1
3758,$4004_vol,4
3759,$4004_duty,2
3759,$4004_const,1
3759,$4004_vol,15
3759,$4006_period,4095
3760,$4010_rate,14
3760,$4000_duty,1
3760,$4000_const,1
3760,$4000_vol,15
3760,$4002_period,763
3760,$400B_length,17
3760,$4004_duty,2
3760,$4004_const,1
3760,$4004_vol,4
3761,$4000_duty,1
3761,$4000_const,1
3761,$4000_vol,4
3761,$4004_duty,2
3761,$4004_const,1
3761,$4004_vol,15
3761,$4006_period,4095
3762,$4004_duty,2
3762,$4004_const,1
3762,$4004_vol,4
3762,$400E_period,13
3762,$400E_mode,0
3762,$400C_const,1
3762,$400C_vol,10
3763,$4000_duty,1
3763,$4000_const,1
3763,$4000_vol,13
3763,$4002_period,719
3763,$400B_length,1
3763,$4004_duty,2
3763,$4004_const,1
3763,$4004_vol,15
3763,$4006_period,4095
3764,$4000_duty,1
3764,$4000_const,1
3764,$4000_vol,2
3764,$4004_duty,2
3764,$4004_const,1
3764,$4004_vol,4
3765,$4004_duty,2
3765,$4004_const,1
3765,$4004_vol,15
3765,$4006_period,4095
3766,$4002_period,1921
3766,$400B_length,19
3766,$4004_duty,2
3766,$4004_const,1
3766,$4004_vol,4
3767,$4012_addr,240
3767,$4013_len,11
3767,$4010_rate,15
3767,$4004_duty,2
3767,$4004_const,1
3767,$4004_vol,15
3767,$4006_period,2289
3768,$4000_duty,3
3768,$4000_const,1
3768,$4000_vol,15
3768,$4002_period,4095
3768,$400B_length,7
3768,$4006_period,2515
3769,$4000_duty,3
3769,$4000_const,1
3769,$4000_vol,12
3769,$4006_period,2581
3769,$4008_linear,127
3769,$400A_period,227
3769,$400B_length,0
3770,$4000_duty,3
3770,$4000_const,1
3770,$4000_vol,4
3770,$4008_linear,0
3770,$400C_const,1
3770,$400C_vol,0
3772,$4000_duty,3
3772,$4000_const,1
3772,$4000_vol,15
3772,$4002_period,1143
3772,$400B_length,18
3772,$4004_duty,2
3772,$4004_const,1
3772,$4004_vol,13
3772,$4006_period,1019
3772,$400A_period,151
3772,$400B_length,16
3772,$400E_period,9
3772,$400E_mode,0
3772,$400C_const,1
3772,$400C_vol,5
3773,$4002_period,807
3773,$400B_length,1
3773,$4006_period,855
3773,$400E_period,8
3773,$400E_mode,0
3773,$400C_const,1
3773,$400C_vol,4
3774,$4002_period,679
3774,$400B_length,17
3774,$4006_period,605
3774,$4008_linear,127
3774,$400A_period,127
3774,$400B_length,0
3774,$400E_period,7
3774,$400E_mode,0
3774,$400C_const,1
3774,$400C_vol,3
3775,$4002_period,539
3775,$400B_length,1
3775,$4006_period,381
3775,$4008_linear,0
3775,$400E_period,6
3775,$400E_mode,0
3775,$400C_const,1
3775,$400C_vol,2
3776,$4002_period,453
3776,$400B_length,16
3776,$4006_period,321
3776,$400E_period,5
3776,$400E_mode,0
3776,$400C_const,1
3776,$400C_vol,1
3777,$4002_period,403
3777,$400B_length,0
3777,$4006_period,191
3777,$400A_period,95
3777,$400B_length,16
3777,$400E_period,4
3777,$400E_mode,0
3777,$400C_const,1
3777,$400C_vol,0
3778,$4002_period,339
3778,$400B_length,16
3778,$4004_duty,2
3778,$4004_const,1
3778,$4004_vol,5
3778,$4006_period,195
3778,$400E_period,3
3778,$400E_mode,0
3779,$4000_duty,2
3779,$4000_const,1
3779,$4000_vol,7
3779,$4002_period,329
3779,$400B_length,0
3779,$4008_linear,127
3779,$400A_period,89
3779,$400B_length,0
3779,$400E_period,2
3779,$400E_mode,0
3780,$4008_linear,0
3780,$400E_period,1
3780,$400E_mode,0
3781,$4012_addr,250
3781,$4013_len,11
3781,$4010_rate,15
3786,$4004_duty,2
3786,$4004_const,1
3786,$4004_vol,1
3787,$4000_duty,2
3787,$4000_const,1
3787,$4000_vol,4
3788,$4012_addr,240
3788,$4013_len,11
3788,$4010_rate,15
3791,$4000_duty,2
3791,$4000_const,1
3791,$4000_vol,0
3791,$4004_duty,2
3791,$4004_const,1
3791,$4004_vol,0
3793,$4004_duty,2
3793,$4004_const,1
3793,$4004_vol,1
3793,$4006_period,195
3795,$4012_addr,243
3795,$4013_len,28
3795,$4010_rate,15
3795,$4000_duty,2
3795,$4000_const,1
3795,$4000_vol,4
3795,$4002_period,329
3795,$400B_length,16
3803,$4000_duty,2
3803,$4000_const,1
3803,$4000_vol,1
3806,$4004_duty,2
3806,$4004_const,1
3806,$4004_vol,0
3807,$4000_duty,2
3807,$4000_const,1
3807,$4000_vol,0
3809,$4012_addr,250
3809,$4013_len,11
3809,$4010_rate,14
3811,$4000_duty,3
3811,$4000_const,1
3811,$4000_vol,10
3811,$4002_period,605
3811,$400B_length,33
3811,$4004_duty,3
3811,$4004_const,1
3811,$4004_vol,4
3811,$4006_period,3237
3811,$400A_period,75
3811,$400B_length,48
3811,$400C_const,1
3811,$400C_vol,0
3812,$4000_duty,3
3812,$4000_const,1
3812,$4000_vol,7
3812,$4004_duty,3
3812,$4004_const,1
3812,$4004_vol,1
3813,$4000_duty,3
3813,$4000_const,1
3813,$4000_vol,5
3814,$4000_duty,3
3814,$4000_const,1
3814,$4000_vol,0
3816,$4012_addr,240
3816,$4013_len,11
3816,$4010_rate,15
3816,$4000_duty,3
3816,$4000_const,1
3816,$4000_vol,10
3816,$4002_period,807
3816,$400B_length,49
3816,$4004_duty,2
3816,$4004_const,1
3816,$4004_vol,11
3816,$4006_period,1211
3816,$4008_linear,127
3816,$400A_period,151
3816,$400B_length,32
3816,$400E_period,3
3816,$400E_mode,0
3816,$400C_const,1
3816,$400C_vol,8
3817,$4004_duty,3
3817,$4004_const,1
3817,$4004_vol,10
3817,$4008_linear,0
3817,$400C_const,1
3817,$400C_vol,5
3818,$4004_duty,3
3818,$4004_const,1
3818,$4004_vol,9
3818,$400C_const,1
3818,$400C_vol,0
3819,$4000_duty,3
3819,$4000_const,1
3819,$4000_vol,7
3819,$4004_duty,3
3819,$4004_const,1
3819,$4004_vol,8
3820,$4000_duty,3
3820,$4000_const,1
3820,$4000_vol,5
3820,$4004_duty,3
3820,$4004_const,1
3820,$4004_vol,0
3821,$4000_duty,3
3821,$4000_const,1
3821,$4000_vol,0
3823,$4012_addr,240
3823,$4013_len,11
3823,$4010_rate,15
3823,$4000_duty,3
3823,$4000_const,1
3823,$4000_vol,10
3823,$4002_period,481
3823,$400B_length,32
3823,$4004_duty,2
3823,$4004_const,1
3823,$4004_vol,15
3823,$4006_period,2427
3823,$4008_linear,127
3823,$400A_period,121
3823,$400B_length,48
3823,$400C_const,1
3823,$400C_vol,10
3824,$4004_duty,3
3824,$4004_const,1
3824,$4004_vol,14
3824,$4008_linear,0
3824,$400C_const,1
3824,$400C_vol,7
3825,$4004_duty,3
3825,$4004_const,1
3825,$4004_vol,13
3825,$400C_const,1
3825,$400C_vol,0
3826,$4000_duty,3
3826,$4000_const,1
3826,$4000_vol,7
3826,$4004_duty,3
3826,$4004_const,1
3826,$4004_vol,12
3827,$4000_duty,3
3827,$4000_const,1
3827,$4000_vol,5
3827,$4004_duty,3
3827,$4004_const,1
3827,$4004_vol,11
3828,$4000_duty,3
3828,$4000_const,1
3828,$4000_vol,0
3828,$4004_duty,3
3828,$4004_const,1
3828,$4004_vol,10
3829,$4004_duty,3
3829,$4004_const,1
3829,$4004_vol,9
3830,$4000_duty,3
3830,$4000_const,1
3830,$4000_vol,10
3830,$4002_period,453
3830,$400B_length,48
3830,$4004_duty,3
3830,$4004_const,1
3830,$4004_vol,8
3830,$4008_linear,127
3830,$400A_period,151
3830,$400B_length,32
3830,$400E_period,2
3830,$400E_mode,0
3830,$400C_const,1
3830,$400C_vol,8
3831,$4008_linear,0
3831,$400C_const,1
3831,$400C_vol,5
3832,$4004_duty,3
3832,$4004_const,1
3832,$4004_vol,7
3832,$400C_const,1
3832,$400C_vol,0
3833,$4000_duty,3
3833,$4000_const,1
3833,$4000_vol,7
3833,$4004_duty,3
3833,$4004_const,1
3833,$4004_vol,4
3834,$4000_duty,3
3834,$4000_const,1
3834,$4000_vol,5
3835,$4000_duty,3
3835,$4000_const,1
3835,$4000_vol,0
3837,$4012_addr,250
3837,$4013_len,11
3837,$4010_rate,15
3837,$4000_duty,3
3837,$4000_const,1
3837,$4000_vol,10
3837,$4002_period,427
3837,$400B_length,32
3837,$4004_duty,2
3837,$4004_const,1
3837,$4004_vol,10
3837,$4006_period,1211
3837,$4008_linear,127
3837,$400A_period,75
3837,$400B_length,48
3837,$400E_period,1
3837,$400E_mode,0
3837,$400C_const,1
3837,$400C_vol,8
3838,$4004_duty,3
3838,$4004_const,1
3838,$4004_vol,9
3838,$4008_linear,0
3838,$400C_const,1
3838,$400C_vol,5
3839,$4004_duty,3
3839,$4004_const,1
3839,$4004_vol,8
3839,$400C_const,1
3839,$400C_vol,0
3840,$4000_duty,3
3840,$4000_const,1
3840,$4000_vol,7
3840,$4004_duty,3
3840,$4004_const,1
3840,$4004_vol,7
3841,$4000_duty,3
3841,$4000_const,1
3841,$4000_vol,5
3841,$4004_duty,3
3841,$4004_const,1
3841,$4004_vol,0
3842,$4000_duty,3
3842,$4000_const,1
3842,$4000_vol,0
3844,$4000_duty,3
3844,$4000_const,1
3844,$4000_vol,10
3844,$4002_period,403
3844,$400B_length,48
3844,$4004_duty,2
3844,$4004_const,1
3844,$4004_vol,12
3844,$4006_period,3237
3844,$4008_linear,127
3844,$400A_period,151
3844,$400B_length,32
3844,$400E_period,3
3844,$400E_mode,0
3844,$400C_const,1
3844,$400C_vol,8
3845,$4004_duty,3
3845,$4004_const,1
3845,$4004_vol,11
3845,$4008_linear,0
3845,$400C_const,1
3845,$400C_vol,5
3846,$4004_duty,3
3846,$4004_const,1
3846,$4004_vol,10
3846,$400C_const,1
3846,$400C_vol,0
3847,$4000_duty,3
3847,$4000_const,1
3847,$4000_vol,7
3847,$4004_duty,3
3847,$4004_const,1
3847,$4004_vol,9
3848,$4000_duty,3
3848,$4000_const,1
3848,$4000_vol,5
3848,$4004_duty,3
3848,$4004_const,1
3848,$4004_vol,8
3849,$4000_duty,3
3849,$4000_const,1
3849,$4000_vol,0
3849,$4004_duty,3
3849,$4004_const,1
3849,$4004_vol,7
3850,$4004_duty,3
3850,$4004_const,1
3850,$4004_vol,6
3851,$4012_addr,243
3851,$4013_len,28
3851,$4010_rate,15
3851,$4004_duty,3
3851,$4004_const,1
3851,$4004_vol,5
3851,$4008_linear,127
3851,$400A_period,121
3851,$400B_length,48
3851,$400C_const,1
3851,$400C_vol,10
3852,$4008_linear,0
3852,$400C_const,1
3852,$400C_vol,7
3853,$4004_duty,3
3853,$4004_const,1
3853,$4004_vol,4
3853,$400C_const,1
3853,$400C_vol,0
3854,$4004_duty,3
3854,$4004_const,1
3854,$4004_vol,1
3858,$4000_duty,0
3858,$4000_const,1
3858,$4000_vol,7
3858,$4002_period,89
3858,$400B_length,32
3858,$4004_duty,2
3858,$4004_const,1
3858,$4004_vol,12
3858,$4006_period,3237
3858,$4008_linear,127
3858,$400A_period,151
3858,$400B_length,32
3858,$400E_period,2
3858,$400E_mode,0
3858,$400C_const,1
3858,$400C_vol,8
3859,$4004_duty,3
3859,$4004_const,1
3859,$4004_vol,11
3859,$4008_linear,0
3859,$400C_const,1
3859,$400C_vol,5
3860,$4000_duty,0
3860,$4000_const,1
3860,$4000_vol,5
3860,$4004_duty,3
3860,$4004_const,1
3860,$4004_vol,10
3860,$400C_const,1
3860,$400C_vol,0
3861,$4004_duty,3
3861,$4004_const,1
3861,$4004_vol,9
3862,$4000_duty,0
3862,$4000_const,1
3862,$4000_vol,0
3862,$4004_duty,3
3862,$4004_const,1
3862,$4004_vol,8
3863,$4004_duty,3
3863,$4004_const,1
3863,$4004_vol,7
3864,$4004_duty,3
3864,$4004_const,1
3864,$4004_vol,6
3865,$4012_addr,250
3865,$4013_len,11
3865,$4010_rate,14
3865,$4000_duty,0
3865,$4000_const,1
3865,$4000_vol,7
3865,$4002_period,81
3865,$400B_length,48
3865,$4004_duty,3
3865,$4004_const,1
3865,$4004_vol,5
3865,$4008_linear,127
3865,$400A_period,75
3865,$400B_length,48
3865,$400E_period,1
3865,$400E_mode,0
3865,$400C_const,1
3865,$400C_vol,8
3866,$4008_linear,0
3866,$400C_const,1
3866,$400C_vol,5
3867,$4000_duty,0
3867,$4000_const,1
3867,$4000_vol,5
3867,$4004_duty,2
3867,$4004_const,1
3867,$4004_vol,6
3867,$4006_period,197
3867,$400C_const,1
3867,$400C_vol,0
3868,$4004_duty,2
3868,$4004_const,1
3868,$4004_vol,9
3869,$4000_duty,0
3869,$4000_const,1
3869,$4000_vol,0
3869,$4004_duty,2
3869,$4004_const,1
3869,$4004_vol,12
3870,$4004_duty,2
3870,$4004_const,1
3870,$4004_vol,9
3871,$4004_duty,2
3871,$4004_const,1
3871,$4004_vol,4
3872,$4010_rate,14
3872,$4000_duty,0
3872,$4000_const,1
3872,$4000_vol,7
3872,$4002_period,75
3872,$400B_length,32
3872,$4004_duty,2
3872,$4004_const,1
3872,$4004_vol,11
3872,$4006_period,1211
3872,$4008_linear,127
3872,$400A_period,151
3872,$400B_length,32
3872,$400E_period,3
3872,$400E_mode,0
3872,$400C_const,1
3872,$400C_vol,8
3873,$4004_duty,3
3873,$4004_const,1
3873,$4004_vol,10
3873,$4008_linear,0
3873,$400C_const,1
3873,$400C_vol,5
3874,$4000_duty,0
3874,$4000_const,1
3874,$4000_vol,5
3874,$4004_duty,3
3874,$4004_const,1
3874,$4004_vol,9
3874,$400C_const,1
3874,$400C_vol,0
3875,$4004_duty,3
3875,$4004_const,1
3875,$4004_vol,8
3876,$4000_duty,0
3876,$4000_const,1
3876,$4000_vol,0
3876,$4004_duty,3
3876,$4004_const,1
3876,$4004_vol,0
3879,$4012_addr,240
3879,$4013_len,11
3879,$4010_rate,15
3879,$4000_duty,2
3879,$4000_const,1
3879,$4000_vol,0
3879,$4002_period,79
3879,$400B_length,16
3879,$4004_duty,2
3879,$4004_const,1
3879,$4004_vol,0
3879,$4006_period,129
3879,$4008_linear,127
3879,$400A_period,121
3879,$400B_length,48
3879,$400C_const,1
3879,$400C_vol,10
3880,$4000_duty,2
3880,$4000_const,1
3880,$4000_vol,8
3880,$4002_period,63
3880,$400B_length,0
3880,$4008_linear,0
3880,$400C_const,1
3880,$400C_vol,7
3881,$400C_const,1
3881,$400C_vol,0
3882,$4000_duty,2
3882,$4000_const,1
3882,$4000_vol,9
3883,$4000_duty,2
3883,$4000_const,1
3883,$4000_vol,8
3883,$4002_period,101
3883,$400B_length,16
3883,$4004_duty,2
3883,$4004_const,1
3883,$4004_vol,6
3883,$4006_period,63
3885,$4000_duty,2
3885,$4000_const,1
3885,$4000_vol,7
3885,$4002_period,57
3885,$400B_length,0
3885,$4004_duty,2
3885,$4004_const,1
3885,$4004_vol,7
3886,$4004_duty,2
3886,$4004_const,1
3886,$4004_vol,6
3886,$4006_period,101
3886,$4008_linear,127
3886,$400A_period,151
3886,$400B_length,32
3886,$400E_period,2
3886,$400E_mode,0
3886,$400C_const,1
3886,$400C_vol,8
3887,$4000_duty,2
3887,$4000_const,1
3887,$4000_vol,8
3887,$4002_period,85
3887,$400B_length,16
3887,$4008_linear,0
3887,$400C_const,1
3887,$400C_vol,5
3888,$4004_duty,2
3888,$4004_const,1
3888,$4004_vol,5
3888,$4006_period,57
3888,$400C_const,1
3888,$400C_vol,0
3890,$4000_duty,2
3890,$4000_const,1
3890,$4000_vol,7
3890,$4002_period,75
3890,$400B_length,0
3890,$4004_duty,2
3890,$4004_const,1
3890,$4004_vol,6
3890,$4006_period,85
3892,$4000_duty,2
3892,$4000_const,1
3892,$4000_vol,0
3893,$4012_addr,250
3893,$4013_len,11
3893,$4010_rate,15
3893,$4004_duty,2
3893,$4004_const,1
3893,$4004_vol,5
3893,$4006_period,75
3893,$4008_linear,127
3893,$400A_period,75
3893,$400B_length,48
3893,$400E_period,1
3893,$400E_mode,0
3893,$400C_const,1
3893,$400C_vol,8
3894,$4008_linear,0
3894,$400C_const,1
3894,$400C_vol,5
3895,$4004_duty,2
3895,$4004_const,1
3895,$4004_vol,4
3895,$4006_period,63
3895,$400C_const,1
3895,$400C_vol,0
3897,$4004_duty,2
3897,$4004_const,1
3897,$4004_vol,5
3898,$4004_duty,2
3898,$4004_const,1
3898,$4004_vol,4
3898,$4006_period,101
3900,$4010_rate,15
3900,$4004_duty,2
3900,$4004_const,1
3900,$4004_vol,3
3900,$4006_period,57
3900,$4008_linear,127
3900,$400A_period,151
3900,$400B_length,32
3900,$400E_period,3
3900,$400E_mode,0
3900,$400C_const,1
3900,$400C_vol,8
3901,$4008_linear,0
3901,$400C_const,1
3901,$400C_vol,5
3902,$4004_duty,2
3902,$4004_const,1
3902,$4004_vol,4
3902,$4006_period,85
3902,$400C_const,1
3902,$400C_vol,0
3903,$4000_duty,0
3903,$4000_const,1
3903,$4000_vol,0
3903,$4002_period,101
3903,$400B_length,48
3903,$4004_duty,1
3903,$4004_const,1
3903,$4004_vol,11
3903,$4006_period,907
3905,$4004_duty,1
3905,$4004_const,1
3905,$4004_vol,10
3905,$4006_period,961
3906,$4004_duty,1
3906,$4004_const,1
3906,$4004_vol,7
3906,$4006_period,641
3907,$4012_addr,243
3907,$4013_len,28
3907,$4010_rate,15
3907,$4004_duty,1
3907,$4004_const,1
3907,$4004_vol,6
3907,$4006_period,605
3907,$4008_linear,127
3907,$400A_period,121
3907,$400B_length,48
3907,$400C_const,1
3907,$400C_vol,10
3908,$4004_duty,1
3908,$4004_const,1
3908,$4004_vol,5
3908,$4006_period,571
3908,$4008_linear,0
3908,$400C_const,1
3908,$400C_vol,7
3909,$4004_duty,1
3909,$4004_const,1
3909,$4004_vol,4
3909,$4006_period,509
3909,$400C_const,1
3909,$400C_vol,0
3910,$4004_duty,3
3910,$4004_const,1
3910,$4004_vol,1
3910,$4006_period,3237
3912,$4004_duty,2
3912,$4004_const,1
3912,$4004_vol,6
3912,$4006_period,197
3913,$4004_duty,2
3913,$4004_const,1
3913,$4004_vol,9
3914,$4012_addr,250
3914,$4013_len,11
3914,$4010_rate,14
3914,$4004_duty,2
3914,$4004_const,1
3914,$4004_vol,12
3914,$4008_linear,127
3914,$400A_period,151
3914,$400B_length,32
3914,$400E_period,2
3914,$400E_mode,0
3914,$400C_const,1
3914,$400C_vol,8
3915,$4004_duty,2
3915,$4004_const,1
3915,$4004_vol,9
3915,$4008_linear,0
3915,$400C_const,1
3915,$400C_vol,5
3916,$4004_duty,2
3916,$4004_const,1
3916,$4004_vol,4
3916,$400C_const,1
3916,$400C_vol,0
3917,$4004_duty,3
3917,$4004_const,1
3917,$4004_vol,9
3917,$4006_period,3237
3918,$4004_duty,3
3918,$4004_const,1
3918,$4004_vol,8
3919,$4004_duty,3
3919,$4004_const,1
3919,$4004_vol,7
3920,$4004_duty,3
3920,$4004_const,1
3920,$4004_vol,6
3921,$4012_addr,243
3921,$4013_len,28
3921,$4010_rate,15
3921,$4004_duty,3
3921,$4004_const,1
3921,$4004_vol,5
3921,$4008_linear,127
3921,$400A_period,75
3921,$400B_length,48
3921,$400E_period,1
3921,$400E_mode,0
3921,$400C_const,1
3921,$400C_vol,8
3922,$4008_linear,0
3922,$400C_const,1
3922,$400C_vol,5
3923,$4004_duty,3
3923,$4004_const,1
3923,$4004_vol,4
3923,$400C_const,1
3923,$400C_vol,0
3924,$4004_duty,3
3924,$4004_const,1
3924,$4004_vol,1
3926,$4004_duty,2
3926,$4004_const,1
3926,$4004_vol,4
3926,$4006_period,127
3926,$400E_period,0
3926,$400E_mode,0
3926,$400C_const,1
3926,$400C_vol,15
3927,$4004_duty,2
3927,$4004_const,1
3927,$4004_vol,3
3927,$4006_period,143
3927,$400E_period,1
3927,$400E_mode,0
3928,$4012_addr,240
3928,$4013_len,11
3928,$4010_rate,15
3928,$4006_period,161
3928,$4008_linear,127
3928,$400A_period,151
3928,$400B_length,32
3928,$400E_period,3
3928,$400E_mode,0
3929,$4004_duty,2
3929,$4004_const,1
3929,$4004_vol,6
3929,$4006_period,169
3929,$4008_linear,0
3929,$400E_period,5
3929,$400E_mode,0
3930,$4004_duty,2
3930,$4004_const,1
3930,$4004_vol,10
3930,$4006_period,179
3930,$400E_period,7
3930,$400E_mode,0
3931,$4006_period,191
3931,$400E_period,8
3931,$400E_mode,0
3932,$4004_duty,2
3932,$4004_const,1
3932,$4004_vol,11
3932,$4006_period,201
3932,$400E_period,10
3932,$400E_mode,0
3933,$400E_period,11
3933,$400E_mode,0
3933,$400C_const,1
3933,$400C_vol,14
3934,$4004_duty,2
3934,$4004_const,1
3934,$4004_vol,10
3934,$400E_period,12
3934,$400E_mode,0
3935,$4012_addr,240
3935,$4013_len,11
3935,$4010_rate,15
3935,$4000_duty,3
3935,$4000_const,1
3935,$4000_vol,11
3935,$4002_period,539
3935,$400B_length,33
3935,$4004_duty,2
3935,$4004_const,1
3935,$4004_vol,9
3935,$4008_linear,127
3935,$400A_period,113
3935,$400B_length,48
3935,$400E_period,13
3935,$400E_mode,0
3936,$4004_duty,2
3936,$4004_const,1
3936,$4004_vol,8
3936,$4008_linear,0
3936,$400E_period,14
3936,$400E_mode,0
3936,$400C_const,1
3936,$400C_vol,13
3937,$4004_duty,2
3937,$4004_const,1
3937,$4004_vol,7
3937,$400E_period,13
3937,$400E_mode,0
3937,$400C_const,1
3937,$400C_vol,12
3938,$4000_duty,3
3938,$4000_const,1
3938,$4000_vol,8
3938,$4004_duty,2
3938,$4004_const,1
3938,$4004_vol,6
3938,$400E_period,14
3938,$400E_mode,0
3938,$400C_const,1
3938,$400C_vol,11
3939,$4000_duty,3
3939,$4000_const,1
3939,$4000_vol,6
3939,$4004_duty,2
3939,$4004_const,1
3939,$4004_vol,5
3939,$400E_period,13
3939,$400E_mode,0
3939,$400C_const,1
3939,$400C_vol,10
3940,$4000_duty,3
3940,$4000_const,1
3940,$4000_vol,0
3940,$4004_duty,2
3940,$4004_const,1
3940,$4004_vol,4
3940,$400E_period,14
3940,$400E_mode,0
3940,$400C_const,1
3940,$400C_vol,9
3941,$4004_duty,2
3941,$4004_const,1
3941,$4004_vol,3
3941,$400E_period,13
3941,$400E_mode,0
3941,$400C_const,1
3941,$400C_vol,8
3942,$4004_duty,2
3942,$4004_const,1
3942,$4004_vol,2
3942,$4008_linear,127
3942,$400A_period,135
3942,$400B_length,32
3942,$400E_period,14
3942,$400E_mode,0
3942,$400C_const,1
3942,$400C_vol,7
3943,$4004_duty,2
3943,$4004_const,1
3943,$4004_vol,1
3943,$4008_linear,0
3943,$400E_period,13
3943,$400E_mode,0
3943,$400C_const,1
3943,$400C_vol,6
3944,$4004_duty,2
3944,$4004_const,1
3944,$4004_vol,0
3944,$400E_period,14
3944,$400E_mode,0
3944,$400C_const,1
3944,$400C_vol,5
3945,$400E_period,13
3945,$400E_mode,0
3945,$400C_const,1
3945,$400C_vol,4
3946,$400E_period,14
3946,$400E_mode,0
3946,$400C_const,1
3946,$400C_vol,3
3947,$400E_period,13
3947,$400E_mode,0
3947,$400C_const,1
3947,$400C_vol,2
3948,$400E_period,14
3948,$400E_mode,0
3948,$400C_const,1
3948,$400C_vol,1
3949,$4012_addr,250
3949,$4013_len,11
3949,$4010_rate,15
3949,$4000_duty,3
3949,$4000_const,1
3949,$4000_vol,9
3949,$4002_period,539
3949,$400B_length,49
3949,$4004_duty,2
3949,$4004_const,1
3949,$4004_vol,12
3949,$4006_period,1079
3949,$4008_linear,127
3949,$400A_period,67
3949,$400B_length,48
3949,$400E_period,1
3949,$400E_mode,0
3949,$400C_const,1
3949,$400C_vol,8
3950,$4004_duty,3
3950,$4004_const,1
3950,$4004_vol,11
3950,$4008_linear,0
3950,$400C_const,1
3950,$400C_vol,5
3951,$4004_duty,3
3951,$4004_const,1
3951,$4004_vol,10
3951,$400C_const,1
3951,$400C_vol,0
3952,$4000_duty,3
3952,$4000_const,1
3952,$4000_vol,0
3952,$4004_duty,3
3952,$4004_const,1
3952,$4004_vol,9
3953,$4004_duty,3
3953,$4004_const,1
3953,$4004_vol,1
3954,$4000_duty,3
3954,$4000_const,1
3954,$4000_vol,7
3954,$4002_period,539
3954,$400B_length,33
3956,$4004_duty,2
3956,$4004_const,1
3956,$4004_vol,12
3956,$4006_period,2881
3956,$4008_linear,127
3956,$400A_period,135
3956,$400B_length,32
3956,$400E_period,3
3956,$400E_mode,0
3956,$400C_const,1
3956,$400C_vol,8
3957,$4000_duty,3
3957,$4000_const,1
3957,$4000_vol,0
3957,$4004_duty,3
3957,$4004_const,1
3957,$4004_vol,11
3957,$4008_linear,0
3957,$400C_const,1
3957,$400C_vol,5
3958,$4004_duty,3
3958,$4004_const,1
3958,$4004_vol,10
3958,$400C_const,1
3958,$400C_vol,0
3959,$4000_duty,3
3959,$4000_const,1
3959,$4000_vol,5
3959,$4002_period,539
3959,$400B_length,49
3959,$4004_duty,3
3959,$4004_const,1
3959,$4004_vol,9
3960,$4004_duty,3
3960,$4004_const,1
3960,$4004_vol,8
3961,$4004_duty,1
3961,$4004_const,1
3961,$4004_vol,11
3961,$4006_period,907
3962,$4000_duty,3
3962,$4000_const,1
3962,$4000_vol,0
3963,$4012_addr,243
3963,$4013_len,28
3963,$4010_rate,15
3963,$4004_duty,1
3963,$4004_const,1
3963,$4004_vol,10
3963,$4006_period,961
3963,$4008_linear,127
3963,$400A_period,113
3963,$400B_length,48
3963,$400C_const,1
3963,$400C_vol,10
3964,$4000_duty,3
3964,$4000_const,1
3964,$4000_vol,3
3964,$4002_period,539
3964,$400B_length,33
3964,$4004_duty,1
3964,$4004_const,1
3964,$4004_vol,7
3964,$4006_period,641
3964,$4008_linear,0
3964,$400C_const,1
3964,$400C_vol,7
3965,$4004_duty,1
3965,$4004_const,1
3965,$4004_vol,6
3965,$4006_period,605
3965,$400C_const,1
3965,$400C_vol,0
3966,$4004_duty,1
3966,$4004_const,1
3966,$4004_vol,5
3966,$4006_period,571
3967,$4000_duty,3
3967,$4000_const,1
3967,$4000_vol,0
3967,$4004_duty,1
3967,$4004_const,1
3967,$4004_vol,4
3967,$4006_period,509
3968,$4004_duty,3
3968,$4004_const,1
3968,$4004_vol,1
3968,$4006_period,2881
3969,$4000_duty,3
3969,$4000_const,1
3969,$4000_vol,1
3969,$4002_period,539
3969,$400B_length,49
3970,$4004_duty,2
3970,$4004_const,1
3970,$4004_vol,10
3970,$4006_period,2881
3970,$4008_linear,127
3970,$400A_period,135
3970,$400B_length,32
3970,$400E_period,2
3970,$400E_mode,0
3970,$400C_const,1
3970,$400C_vol,8
3971,$4004_duty,3
3971,$4004_const,1
3971,$4004_vol,9
3971,$4008_linear,0
3971,$400C_const,1
3971,$400C_vol,5
3972,$4000_duty,3
3972,$4000_const,1
3972,$4000_vol,0
3972,$4004_duty,3
3972,$4004_const,1
3972,$4004_vol,8
3972,$400C_const,1
3972,$400C_vol,0
3973,$4004_duty,3
3973,$4004_const,1
3973,$4004_vol,7
3974,$4004_duty,3
3974,$4004_const,1
3974,$4004_vol,6
3975,$4004_duty,3
3975,$4004_const,1
3975,$4004_vol,5
3976,$4004_duty,3
3976,$4004_const,1
3976,$4004_vol,4
3977,$4012_addr,250
3977,$4013_len,11
3977,$4010_rate,14
3977,$4000_duty,3
3977,$4000_const,1
3977,$4000_vol,10
3977,$4002_period,509
3977,$400B_length,32
3977,$4004_duty,3
3977,$4004_const,1
3977,$4004_vol,3
3977,$4008_linear,127
3977,$400A_period,67
3977,$400B_length,48
3977,$400E_period,1
3977,$400E_mode,0
3977,$400C_const,1
3977,$400C_vol,8
3978,$4008_linear,0
3978,$400C_const,1
3978,$400C_vol,5
3979,$4004_duty,3
3979,$4004_const,1
3979,$4004_vol,2
3979,$400C_const,1
3979,$400C_vol,0
3980,$4000_duty,3
3980,$4000_const,1
3980,$4000_vol,7
3980,$4004_duty,3
3980,$4004_const,1
3980,$4004_vol,0
3981,$4000_duty,3
3981,$4000_const,1
3981,$4000_vol,5
3982,$4000_duty,3
3982,$4000_const,1
3982,$4000_vol,0
3984,$4010_rate,14
3984,$4000_duty,3
3984,$4000_const,1
3984,$4000_vol,10
3984,$4002_period,481
3984,$400B_length,48
3984,$4004_duty,2
3984,$4004_const,1
3984,$4004_vol,10
3984,$4006_period,1079
3984,$4008_linear,127
3984,$400A_period,135
3984,$400B_length,32
3984,$400E_period,3
3984,$400E_mode,0
3984,$400C_const,1
3984,$400C_vol,8
3985,$4004_duty,3
3985,$4004_const,1
3985,$4004_vol,9
3985,$4008_linear,0
3985,$400C_const,1
3985,$400C_vol,5
3986,$4004_duty,3
3986,$4004_const,1
3986,$4004_vol,8
3986,$400C_const,1
3986,$400C_vol,0
3987,$4000_duty,3
3987,$4000_const,1
3987,$4000_vol,7
3987,$4004_duty,3
3987,$4004_const,1
3987,$4004_vol,7
3988,$4000_duty,3
3988,$4000_const,1
3988,$4000_vol,5
3988,$4004_duty,3
3988,$4004_const,1
3988,$4004_vol,0
3989,$4000_duty,3
3989,$4000_const,1
3989,$4000_vol,0
3991,$4012_addr,240
3991,$4013_len,11
3991,$4010_rate,15
3991,$4000_duty,3
3991,$4000_const,1
3991,$4000_vol,10
3991,$4002_period,453
3991,$400B_length,32
3991,$4004_duty,2
3991,$4004_const,1
3991,$4004_vol,15
3991,$4006_period,2157
3991,$4008_linear,127
3991,$400A_period,113
3991,$400B_length,48
3991,$400C_const,1
3991,$400C_vol,10
3992,$4004_duty,3
3992,$4004_const,1
3992,$4004_vol,14
3992,$4008_linear,0
3992,$400C_const,1
3992,$400C_vol,7
3993,$4004_duty,3
3993,$4004_const,1
3993,$4004_vol,13
3993,$400C_const,1
3993,$400C_vol,0
3994,$4000_duty,3
3994,$4000_const,1
3994,$4000_vol,7
3994,$4004_duty,3
3994,$4004_const,1
3994,$4004_vol,12
3995,$4000_duty,3
3995,$4000_const,1
3995,$4000_vol,5
3995,$4004_duty,3
3995,$4004_const,1
3995,$4004_vol,11
3996,$4000_duty,3
3996,$4000_const,1
3996,$4000_vol,0
3996,$4004_duty,3
3996,$4004_const,1
3996,$4004_vol,10
3997,$4004_duty,3
3997,$4004_const,1
3997,$4004_vol,9
3998,$4000_duty,3
3998,$4000_const,1
3998,$4000_vol,10
3998,$4002_period,403
3998,$400B_length,48
3998,$4004_duty,3
3998,$4004_const,1
3998,$4004_vol,8
3998,$4008_linear,127
3998,$400A_period,135
3998,$400B_length,32
3998,$400E_period,2
3998,$400E_mode,0
3998,$400C_const,1
3998,$400C_vol,8
3999,$4008_linear,0
3999,$400C_const,1
3999,$400C_vol,5
4000,$4004_duty,3
4000,$4004_const,1
4000,$4004_vol,7
4000,$400C_const,1
4000,$400C_vol,0
4001,$4000_duty,3
4001,$4000_const,1
4001,$4000_vol,7
4001,$4004_duty,3
4001,$4004_const,1
4001,$4004_vol,4
4002,$4000_duty,3
4002,$4000_const,1
4002,$4000_vol,5
4003,$4000_duty,3
4003,$4000_const,1
4003,$4000_vol,0
4005,$4012_addr,250
4005,$4013_len,11
4005,$4010_rate,15
4005,$4000_duty,3
4005,$4000_const,1
4005,$4000_vol,10
4005,$4002_period,453
4005,$400B_length,32
4005,$4004_duty,2
4005,$4004_const,1
4005,$4004_vol,12
4005,$4006_period,1079
4005,$4008_linear,127
4005,$400A_period,67
4005,$400B_length,48
4005,$400E_period,1
4005,$400E_mode,0
4005,$400C_const,1
4005,$400C_vol,8
4006,$4004_duty,3
4006,$4004_const,1
4006,$4004_vol,11
4006,$4008_linear,0
4006,$400C_const,1
4006,$400C_vol,5
4007,$4004_duty,3
4007,$4004_const,1
4007,$4004_vol,10
4007,$400C_const,1
4007,$400C_vol,0
4008,$4000_duty,3
4008,$4000_const,1
4008,$4000_vol,7
4008,$4004_duty,3
4008,$4004_const,1
4008,$4004_vol,9
4009,$4000_duty,3
4009,$4000_const,1
4009,$4000_vol,5
4009,$4004_duty,3
4009,$4004_const,1
4009,$4004_vol,1
4010,$4000_duty,3
4010,$4000_const,1
4010,$4000_vol,0
4012,$4010_rate,15
4012,$4000_duty,2
4012,$4000_const,1
4012,$4000_vol,2
4012,$4002_period,57
4012,$400B_length,16
4012,$4004_duty,1
4012,$4004_const,1
4012,$4004_vol,2
4012,$4006_period,57
4012,$400A_period,63
4012,$400B_length,0
4012,$400E_period,3
4012,$400E_mode,0
4012,$400C_const,1
4012,$400C_vol,8
4013,$400C_const,1
4013,$400C_vol,5
4014,$4000_duty,2
4014,$4000_const,1
4014,$4000_vol,12
4014,$4002_period,3599
4014,$400B_length,7
4014,$4004_duty,2
4014,$4004_const,1
4014,$4004_vol,12
4014,$4006_period,3599
4014,$4008_linear,127
4014,$400A_period,57
4014,$400B_length,16
4014,$400C_const,1
4014,$400C_vol,0
4015,$4000_duty,2
4015,$4000_const,1
4015,$4000_vol,0
4015,$4002_period,85
4015,$400B_length,16
4015,$4004_duty,2
4015,$4004_const,1
4015,$4004_vol,0
4015,$4006_period,85
4015,$4008_linear,0
4015,$400A_period,95
4015,$400B_length,0
4017,$4000_duty,2
4017,$4000_const,1
4017,$4000_vol,10
4017,$4002_period,101
4017,$400B_length,0
4017,$4004_duty,2
4017,$4004_const,1
4017,$4004_vol,10
4017,$4006_period,101
4017,$4008_linear,127
4017,$400A_period,113
4017,$400B_length,16
4018,$4000_duty,2
4018,$4000_const,1
4018,$4000_vol,0
4018,$4002_period,121
4018,$400B_length,16
4018,$4004_duty,2
4018,$4004_const,1
4018,$4004_vol,0
4018,$4006_period,121
4018,$4008_linear,0
4018,$400A_period,135
4018,$400B_length,0
4019,$4012_addr,243
4019,$4013_len,28
4019,$4010_rate,15
4019,$400C_const,1
4019,$400C_vol,10
4020,$4000_duty,2
4020,$4000_const,1
4020,$4000_vol,8
4020,$4002_period,135
4020,$400B_length,0
4020,$4004_duty,2
4020,$4004_const,1
4020,$4004_vol,8
4020,$4006_period,135
4020,$4008_linear,127
4020,$400A_period,151
4020,$400B_length,16
4020,$400C_const,1
4020,$400C_vol,7
4021,$4000_duty,2
4021,$4000_const,1
4021,$4000_vol,0
4021,$4002_period,161
4021,$400B_length,16
4021,$4004_duty,2
4021,$4004_const,1
4021,$4004_vol,0
4021,$4006_period,161
4021,$4008_linear,0
4021,$400A_period,179
4021,$400B_length,0
4021,$400C_const,1
4021,$400C_vol,0
4023,$4000_duty,2
4023,$4000_const,1
4023,$4000_vol,6
4023,$4002_period,191
4023,$400B_length,0
4023,$4004_duty,2
4023,$4004_const,1
4023,$4004_vol,6
4023,$4006_period,191
4023,$4008_linear,127
4023,$400A_period,213
4023,$400B_length,16
4024,$4000_duty,3
4024,$4000_const,1
4024,$4000_vol,0
4024,$4002_period,453
4024,$400B_length,32
4024,$4004_duty,3
4024,$4004_const,1
4024,$4004_vol,1
4024,$4006_period,2881
4024,$4008_linear,0
4024,$400A_period,113
4024,$400B_length,48
4026,$4012_addr,250
4026,$4013_len,11
4026,$4010_rate,14
4026,$4000_duty,3
4026,$4000_const,1
4026,$4000_vol,10
4026,$4002_period,403
4026,$400B_length,48
4026,$4004_duty,2
4026,$4004_const,1
4026,$4004_vol,10
4026,$4006_period,2881
4026,$4008_linear,127
4026,$400A_period,135
4026,$400B_length,32
4026,$400E_period,2
4026,$400E_mode,0
4026,$400C_const,1
4026,$400C_vol,8
4027,$4004_duty,3
4027,$4004_const,1
4027,$4004_vol,9
4027,$4008_linear,0
4027,$400C_const,1
4027,$400C_vol,5
4028,$4004_duty,3
4028,$4004_const,1
4028,$4004_vol,8
4028,$400C_const,1
4028,$400C_vol,0
4029,$4000_duty,3
4029,$4000_const,1
4029,$4000_vol,7
4029,$4004_duty,3
4029,$4004_const,1
4029,$4004_vol,7
4030,$4000_duty,3
4030,$4000_const,1
4030,$4000_vol,5
4030,$4004_duty,3
4030,$4004_const,1
4030,$4004_vol,6
4031,$4000_duty,3
4031,$4000_const,1
4031,$4000_vol,0
4031,$4004_duty,3
4031,$4004_const,1
4031,$4004_vol,5
4032,$4004_duty,3
4032,$4004_const,1
4032,$4004_vol,4
4033,$4012_addr,243
4033,$4013_len,28
4033,$4010_rate,15
4033,$4000_duty,3
4033,$4000_const,1
4033,$4000_vol,10
4033,$4002_period,321
4033,$400B_length,32
4033,$4004_duty,3
4033,$4004_const,1
4033,$4004_vol,3
4033,$4008_linear,127
4033,$400A_period,67
4033,$400B_length,48
4033,$400E_period,1
4033,$400E_mode,0
4033,$400C_const,1
4033,$400C_vol,8
4034,$4008_linear,0
4034,$400C_const,1
4034,$400C_vol,5
4035,$4004_duty,3
4035,$4004_const,1
4035,$4004_vol,2
4035,$400C_const,1
4035,$400C_vol,0
4036,$4000_duty,3
4036,$4000_const,1
4036,$4000_vol,7
4036,$4004_duty,3
4036,$4004_const,1
4036,$4004_vol,0
4037,$4000_duty,3
4037,$4000_const,1
4037,$4000_vol,5
4038,$4000_duty,3
4038,$4000_const,1
4038,$4000_vol,0
4040,$4012_addr,240
4040,$4013_len,11
4040,$4010_rate,15
4040,$4000_duty,3
4040,$4000_const,1
4040,$4000_vol,10
4040,$4002_period,359
4040,$400B_length,48
4040,$4004_duty,2
4040,$4004_const,1
4040,$4004_vol,10
4040,$4006_period,1079
4040,$4008_linear,127
4040,$400A_period,135
4040,$400B_length,32
4040,$400E_period,3
4040,$400E_mode,0
4040,$400C_const,1
4040,$400C_vol,8
4041,$4004_duty,3
4041,$4004_const,1
4041,$4004_vol,9
4041,$4008_linear,0
4041,$400C_const,1
4041,$400C_vol,5
4042,$4004_duty,3
4042,$4004_const,1
4042,$4004_vol,8
4042,$400C_const,1
4042,$400C_vol,0
4043,$4000_duty,3
4043,$4000_const,1
4043,$4000_vol,7
4043,$4004_duty,3
4043,$4004_const,1
4043,$4004_vol,7
4044,$4000_duty,3
4044,$4000_const,1
4044,$4000_vol,5
4044,$4004_duty,3
4044,$4004_const,1
4044,$4004_vol,0
4045,$4000_duty,3
4045,$4000_const,1
4045,$4000_vol,0
4047,$4012_addr,240
4047,$4013_len,11
4047,$4010_rate,15
4047,$4000_duty,3
4047,$4000_const,1
4047,$4000_vol,10
4047,$4002_period,403
4047,$400B_length,32
4047,$4004_duty,2
4047,$4004_const,1
4047,$4004_vol,15
4047,$4006_period,2157
4047,$4008_linear,127
4047,$400A_period,113
4047,$400B_length,48
4047,$400C_const,1
4047,$400C_vol,10
4048,$4004_duty,3
4048,$4004_const,1
4048,$4004_vol,14
4048,$4008_linear,0
4048,$400C_const,1
4048,$400C_vol,7
4049,$4004_duty,3
4049,$4004_const,1
4049,$4004_vol,13
4049,$400C_const,1
4049,$400C_vol,0
4050,$4000_duty,3
4050,$4000_const,1
4050,$4000_vol,7
4050,$4004_duty,3
4050,$4004_const,1
4050,$4004_vol,12
4051,$4000_duty,3
4051,$4000_const,1
4051,$4000_vol,5
4051,$4004_duty,3
4051,$4004_const,1
4051,$4004_vol,11
4052,$4000_duty,3
4052,$4000_const,1
4052,$4000_vol,0
4052,$4004_duty,3
4052,$4004_const,1
4052,$4004_vol,10
4053,$4004_duty,3
4053,$4004_const,1
4053,$4004_vol,9
4054,$4000_duty,3
4054,$4000_const,1
4054,$4000_vol,10
4054,$4002_period,453
4054,$400B_length,48
4054,$4004_duty,3
4054,$4004_const,1
4054,$4004_vol,8
4054,$4008_linear,127
4054,$400A_period,135
4054,$400B_length,32
4054,$400E_period,2
4054,$400E_mode,0
4054,$400C_const,1
4054,$400C_vol,8
4055,$4008_linear,0
4055,$400C_const,1
4055,$400C_vol,5
4056,$4004_duty,3
4056,$4004_const,1
4056,$4004_vol,7
4056,$400C_const,1
4056,$400C_vol,0
4057,$4000_duty,3
4057,$4000_const,1
4057,$4000_vol,7
4057,$4004_duty,3
4057,$4004_const,1
4057,$4004_vol,4
4058,$4000_duty,3
4058,$4000_const,1
4058,$4000_vol,5
4059,$4000_duty,3
4059,$4000_const,1
4059,$4000_vol,0
4061,$4012_addr,250
4061,$4013_len,11
4061,$4010_rate,15
4061,$4000_duty,3
4061,$4000_const,1
4061,$4000_vol,10
4061,$4002_period,539
4061,$400B_length,33
4061,$4004_duty,2
4061,$4004_const,1
4061,$4004_vol,10
4061,$4006_period,1079
4061,$4008_linear,127
4061,$400A_period,67
4061,$400B_length,48
4061,$400E_period,1
4061,$400E_mode,0
4061,$400C_const,1
4061,$400C_vol,8
4062,$4004_duty,3
4062,$4004_const,1
4062,$4004_vol,9
4062,$4008_linear,0
4062,$400C_const,1
4062,$400C_vol,5
4063,$4004_duty,3
4063,$4004_const,1
4063,$4004_vol,8
4063,$400C_const,1
4063,$400C_vol,0
4064,$4000_duty,3
4064,$4000_const,1
4064,$4000_vol,7
4064,$4004_duty,3
4064,$4004_const,1
4064,$4004_vol,7
4065,$4000_duty,3
4065,$4000_const,1
4065,$4000_vol,5
4065,$4004_duty,3
4065,$4004_const,1
4065,$4004_vol,0
4066,$4000_duty,3
4066,$4000_const,1
4066,$4000_vol,0
4068,$4000_duty,3
4068,$4000_const,1
4068,$4000_vol,10
4068,$4002_period,641
4068,$400B_length,49
4068,$4004_duty,2
4068,$4004_const,1
4068,$4004_vol,10
4068,$4006_period,2157
4068,$4008_linear,127
4068,$400A_period,135
4068,$400B_length,32
4068,$400E_period,3
4068,$400E_mode,0
4068,$400C_const,1
4068,$400C_vol,8
4069,$4004_duty,3
4069,$4004_const,1
4069,$4004_vol,9
4069,$4008_linear,0
4069,$400C_const,1
4069,$400C_vol,5
4070,$4004_duty,1
4070,$4004_const,1
4070,$4004_vol,4
4070,$4006_period,339
4070,$400E_period,6
4070,$400E_mode,0
4070,$400C_const,1
4070,$400C_vol,2
4071,$4000_duty,3
4071,$4000_const,1
4071,$4000_vol,7
4072,$4000_duty,3
4072,$4000_const,1
4072,$4000_vol,5
4073,$4000_duty,3
4073,$4000_const,1
4073,$4000_vol,0
4075,$4012_addr,243
4075,$4013_len,28
4075,$4010_rate,15
4075,$4008_linear,127
4075,$400A_period,113
4075,$400B_length,48
4076,$4004_duty,1
4076,$4004_const,1
4076,$4004_vol,5
4076,$4008_linear,0
4078,$400E_period,5
4078,$400E_mode,0
4078,$400C_const,1
4078,$400C_vol,4
4082,$4000_duty,0
4082,$4000_const,1
4082,$4000_vol,13
4082,$4002_period,807
4082,$400B_length,33
4082,$4008_linear,127
4082,$400A_period,101
4082,$400B_length,32
4083,$4008_linear,0
4084,$4000_duty,0
4084,$4000_const,1
4084,$4000_vol,11
4084,$4004_duty,1
4084,$4004_const,1
4084,$4004_vol,6
4086,$400E_period,4
4086,$400E_mode,0
4086,$400C_const,1
4086,$400C_vol,6
4087,$4000_duty,0
4087,$4000_const,1
4087,$4000_vol,2
4089,$4012_addr,250
4089,$4013_len,11
4089,$4010_rate,14
4089,$4000_duty,0
4089,$4000_const,1
4089,$4000_vol,13
4089,$4002_period,907
4089,$400B_length,49
4089,$4008_linear,127
4089,$400A_period,113
4089,$400B_length,48
4090,$4008_linear,0
4091,$4000_duty,0
4091,$4000_const,1
4091,$4000_vol,11
4092,$4004_duty,1
4092,$4004_const,1
4092,$4004_vol,7
4093,$4004_duty,3
4093,$4004_const,1
4093,$4004_vol,15
4093,$4006_period,763
4093,$400E_period,1
4093,$400E_mode,0
4093,$400C_const,1
4093,$400C_vol,0
4094,$4000_duty,0
4094,$4000_const,1
4094,$4000_vol,2
4094,$4006_period,1079
4095,$4006_period,1441
4096,$4010_rate,14
4096,$4000_duty,0
4096,$4000_const,1
4096,$4000_vol,13
4096,$4002_period,1079
4096,$400B_length,34
4096,$4004_duty,3
4096,$4004_const,1
4096,$4004_vol,6
4096,$4006_period,481
4096,$4008_linear,127
4096,$400A_period,135
4096,$400B_length,32
4096,$400E_period,3
4096,$400E_mode,0
4096,$400C_const,1
4096,$400C_vol,8
4097,$4006_period,453
4097,$4008_linear,0
4097,$400C_const,1
4097,$400C_vol,5
4098,$4000_duty,0
4098,$4000_const,1
4098,$4000_vol,11
4098,$4006_period,403
4098,$400C_const,1
4098,$400C_vol,0
4099,$4004_duty,3
4099,$4004_const,1
4099,$4004_vol,11
4099,$4006_period,2157
4100,$4004_duty,3
4100,$4004_const,1
4100,$4004_vol,3
4101,$4000_duty,0
4101,$4000_const,1
4101,$4000_vol,2
4103,$4012_addr,243
4103,$4013_len,28
4103,$4010_rate,15
4103,$4000_duty,0
4103,$4000_const,1
4103,$4000_vol,13
4103,$4002_period,1281
4103,$400B_length,50
4103,$4004_duty,2
4103,$4004_const,1
4103,$4004_vol,14
4103,$4006_period,2571
4103,$4008_linear,127
4103,$400A_period,161
4103,$400B_length,48
4103,$400E_period,2
4103,$400E_mode,0
4103,$400C_const,1
4103,$400C_vol,14
4104,$4004_duty,3
4104,$4004_const,1
4104,$4004_vol,13
4104,$4008_linear,0
4104,$400C_const,1
4104,$400C_vol,11
4105,$4000_duty,0
4105,$4000_const,1
4105,$4000_vol,11
4105,$4004_duty,3
4105,$4004_const,1
4105,$4004_vol,12
4105,$400C_const,1
4105,$400C_vol,3
4106,$4004_duty,3
4106,$4004_const,1
4106,$4004_vol,11
4107,$4004_duty,3
4107,$4004_const,1
4107,$4004_vol,3
4108,$4000_duty,0
4108,$4000_const,1
4108,$4000_vol,2
4110,$4012_addr,240
4110,$4013_len,11
4110,$4010_rate,15
4110,$4004_duty,2
4110,$4004_const,1
4110,$4004_vol,15
4110,$4006_period,3237
4110,$4008_linear,127
4110,$400A_period,201
4110,$400B_length,32
4110,$400E_period,1
4110,$400E_mode,0
4110,$400C_const,1
4110,$400C_vol,2
4111,$4004_duty,3
4111,$4004_const,1
4111,$4004_vol,14
4111,$4008_linear,0
4111,$400C_const,1
4111,$400C_vol,0
4112,$4000_duty,1
4112,$4000_const,1
4112,$4000_vol,15
4112,$4002_period,427
4112,$400B_length,0
4112,$4004_duty,3
4112,$4004_const,1
4112,$4004_vol,15
4112,$4006_period,539
4112,$400A_period,113
4112,$400B_length,16
4112,$400E_period,11
4112,$400E_mode,0
4112,$400C_const,1
4112,$400C_vol,15
4113,$4006_period,1713
4113,$400E_period,14
4113,$400E_mode,0
4114,$4002_period,571
4114,$400B_length,17
4114,$4006_period,1143
4114,$400A_period,213
4114,$400B_length,0
4114,$400E_period,11
4114,$400E_mode,0
4114,$400C_const,1
4114,$400C_vol,7
4115,$4006_period,1713
4115,$400E_period,14
4115,$400E_mode,0
4116,$4002_period,1019
4116,$400B_length,1
4116,$4006_period,571
4116,$400A_period,381
4116,$400B_length,16
4116,$400C_const,1
4116,$400C_vol,0
4117,$4004_duty,2
4117,$4004_const,1
4117,$4004_vol,15
4117,$4006_period,1359
4118,$4002_period,679
4118,$400B_length,17
4118,$4006_period,1713
4119,$4000_duty,1
4119,$4000_const,1
4119,$4000_vol,4
4119,$4006_period,4095
4120,$4004_duty,2
4120,$4004_const,1
4120,$4004_vol,4
4121,$4000_duty,1
4121,$4000_const,1
4121,$4000_vol,15
4121,$4002_period,1019
4121,$400B_length,1
4121,$4004_duty,2
4121,$4004_const,1
4121,$4004_vol,15
4121,$4006_period,4095
4122,$4000_duty,1
4122,$4000_const,1
4122,$4000_vol,4
4122,$4004_duty,2
4122,$4004_const,1
4122,$4004_vol,4
4123,$4004_duty,2
4123,$4004_const,1
4123,$4004_vol,15
4123,$4006_period,4095
4124,$4010_rate,15
4124,$4000_duty,1
4124,$4000_const,1
4124,$4000_vol,15
4124,$4002_period,763
4124,$400B_length,17
4124,$4004_duty,2
4124,$4004_const,1
4124,$4004_vol,4
4125,$4000_duty,1
4125,$4000_const,1
4125,$4000_vol,4
4125,$4004_duty,2
4125,$4004_const,1
4125,$4004_vol,15
4125,$4006_period,4095
4126,$4004_duty,2
4126,$4004_const,1
4126,$4004_vol,4
4126,$400E_period,13
4126,$400E_mode,0
4126,$400C_const,1
4126,$400C_vol,10
4127,$4000_duty,1
4127,$4000_const,1
4127,$4000_vol,13
4127,$4002_period,719
4127,$400B_length,1
4127,$4004_duty,2
4127,$4004_const,1
4127,$4004_vol,15
4127,$4006_period,4095
4128,$4000_duty,1
4128,$4000_const,1
4128,$4000_vol,2
4128,$4004_duty,2
4128,$4004_const,1
4128,$4004_vol,4
4129,$4004_duty,2
4129,$4004_const,1
4129,$4004_vol,15
4129,$4006_period,4095
4130,$4002_period,1921
4130,$400B_length,19
4130,$4004_duty,2
4130,$4004_const,1
4130,$4004_vol,4
4131,$4010_rate,15
4131,$4004_duty,2
4131,$4004_const,1
4131,$4004_vol,15
4131,$4006_period,2289
4132,$4000_duty,3
4132,$4000_const,1
4132,$4000_vol,15
4132,$4002_period,4095
4132,$400B_length,7
4132,$4006_period,2515
4133,$4000_duty,3
4133,$4000_const,1
4133,$4000_vol,12
4133,$4006_period,2581
4133,$4008_linear,127
4133,$400A_period,227
4133,$400B_length,0
4134,$4000_duty,3
4134,$4000_const,1
4134,$4000_vol,4
4134,$4008_linear,0
4134,$400C_const,1
4134,$400C_vol,0
4136,$4000_duty,3
4136,$4000_const,1
4136,$4000_vol,15
4136,$4002_period,1143
4136,$400B_length,18
4136,$4004_duty,2
4136,$4004_const,1
4136,$4004_vol,13
4136,$4006_period,1019
4136,$400A_period,151
4136,$400B_length,16
4136,$400E_period,9
4136,$400E_mode,0
4136,$400C_const,1
4136,$400C_vol,5
4137,$4002_period,807
4137,$400B_length,1
4137,$4006_period,855
4137,$400E_period,8
4137,$400E_mode,0
4137,$400C_const,1
4137,$400C_vol,4
4138,$4012_addr,253
4138,$4013_len,10
4138,$4010_rate,15
4138,$4002_period,679
4138,$400B_length,17
4138,$4006_period,605
4138,$4008_linear,127
4138,$400A_period,127
4138,$400B_length,0
4138,$400E_period,7
4138,$400E_mode,0
4138,$400C_const,1
4138,$400C_vol,3
4139,$4002_period,539
4139,$400B_length,1
4139,$4006_period,381
4139,$4008_linear,0
4139,$400E_period,6
4139,$400E_mode,0
4139,$400C_const,1
4139,$400C_vol,2
4140,$4002_period,453
4140,$400B_length,16
4140,$4006_period,321
4140,$400E_period,5
4140,$400E_mode,0
4140,$400C_const,1
4140,$400C_vol,1
4141,$4002_period,403
4141,$400B_length,0
4141,$4006_period,191
4141,$400A_period,95
4141,$400B_length,16
4141,$400E_period,4
4141,$400E_mode,0
4141,$400C_const,1
4141,$400C_vol,0
4142,$4002_period,339
4142,$400B_length,16
4142,$4004_duty,2
4142,$4004_const,1
4142,$4004_vol,5
4142,$4006_period,195
4142,$400E_period,3
4142,$400E_mode,0
4143,$4000_duty,2
4143,$4000_const,1
4143,$4000_vol,7
4143,$4002_period,329
4143,$400B_length,0
4143,$4008_linear,127
4143,$400A_period,89
4143,$400B_length,0
4143,$400E_period,2
4143,$400E_mode,0
4144,$4008_linear,0
4144,$400E_period,1
4144,$400E_mode,0
4145,$4012_addr,243
4145,$4013_len,28
4145,$4010_rate,15
4150,$4004_duty,2
4150,$4004_const,1
4150,$4004_vol,1
4151,$4000_duty,2
4151,$4000_const,1
4151,$4000_vol,4
4152,$4012_addr,253
4152,$4013_len,10
4152,$4010_rate,14
4155,$4000_duty,2
4155,$4000_const,1
4155,$4000_vol,0
4155,$4004_duty,2
4155,$4004_const,1
4155,$4004_vol,0
4157,$4004_duty,2
4157,$4004_const,1
4157,$4004_vol,1
4157,$4006_period,195
4159,$4012_addr,240
4159,$4013_len,11
4159,$4010_rate,15
4159,$4000_duty,2
4159,$4000_const,1
4159,$4000_vol,4
4159,$4002_period,329
4159,$400B_length,16
4167,$4000_duty,2
4167,$4000_const,1
4167,$4000_vol,1
4170,$4004_duty,2
4170,$4004_const,1
4170,$4004_vol,0
4171,$4000_duty,2
4171,$4000_const,1
4171,$4000_vol,0
4173,$4012_addr,250
4173,$4013_len,11
4173,$4010_rate,15
4175,$4000_duty,3
4175,$4000_const,1
4175,$4000_vol,9
4175,$4002_period,481
4175,$400B_length,32
4175,$4004_duty,3
4175,$4004_const,1
4175,$4004_vol,8
4175,$4006_period,1211
4175,$400A_period,75
4175,$400B_length,48
4175,$400C_const,1
4175,$400C_vol,0
4176,$4000_duty,3
4176,$4000_const,1
4176,$4000_vol,0
4176,$4004_duty,3
4176,$4004_const,1
4176,$4004_vol,7
4177,$4004_duty,3
4177,$4004_const,1
4177,$4004_vol,0
4178,$4000_duty,3
4178,$4000_const,1
4178,$4000_vol,7
4178,$4002_period,481
4178,$400B_length,48
4180,$4004_duty,2
4180,$4004_const,1
4180,$4004_vol,12
4180,$4006_period,3237
4180,$4008_linear,127
4180,$400A_period,151
4180,$400B_length,32
4180,$400E_period,3
4180,$400E_mode,0
4180,$400C_const,1
4180,$400C_vol,8
4181,$4000_duty,3
4181,$4000_const,1
4181,$4000_vol,0
4181,$4004_duty,3
4181,$4004_const,1
4181,$4004_vol,11
4181,$4008_linear,0
4181,$400C_const,1
4181,$400C_vol,5
4182,$4004_duty,3
4182,$4004_const,1
4182,$4004_vol,10
4182,$400C_const,1
4182,$400C_vol,0
4183,$4000_duty,3
4183,$4000_const,1
4183,$4000_vol,5
4183,$4002_period,481
4183,$400B_length,32
4183,$4004_duty,3
4183,$4004_const,1
4183,$4004_vol,9
4184,$4004_duty,3
4184,$4004_const,1
4184,$4004_vol,8
4185,$4004_duty,3
4185,$4004_const,1
4185,$4004_vol,7
4186,$4000_duty,3
4186,$4000_const,1
4186,$4000_vol,0
4186,$4004_duty,3
4186,$4004_const,1
4186,$4004_vol,6
4187,$4012_addr,243
4187,$4013_len,28
4187,$4010_rate,15
4187,$4004_duty,3
4187,$4004_const,1
4187,$4004_vol,5
4187,$4008_linear,127
4187,$400A_period,121
4187,$400B_length,48
4187,$400C_const,1
4187,$400C_vol,10
4188,$4000_duty,3
4188,$4000_const,1
4188,$4000_vol,3
4188,$4002_period,481
4188,$400B_length,48
4188,$4008_linear,0
4188,$400C_const,1
4188,$400C_vol,7
4189,$4004_duty,3
4189,$4004_const,1
4189,$4004_vol,4
4189,$400C_const,1
4189,$400C_vol,0
4190,$4004_duty,3
4190,$4004_const,1
4190,$4004_vol,1
4191,$4000_duty,3
4191,$4000_const,1
4191,$4000_vol,0
4193,$4000_duty,3
4193,$4000_const,1
4193,$4000_vol,1
4193,$4002_period,481
4193,$400B_length,32
4194,$4004_duty,2
4194,$4004_const,1
4194,$4004_vol,12
4194,$4006_period,3237
4194,$4008_linear,127
4194,$400A_period,151
4194,$400B_length,32
4194,$400E_period,2
4194,$400E_mode,0
4194,$400C_const,1
4194,$400C_vol,8
4195,$4004_duty,3
4195,$4004_const,1
4195,$4004_vol,11
4195,$4008_linear,0
4195,$400C_const,1
4195,$400C_vol,5
4196,$4000_duty,3
4196,$4000_const,1
4196,$4000_vol,0
4196,$4004_duty,3
4196,$4004_const,1
4196,$4004_vol,10
4196,$400C_const,1
4196,$400C_vol,0
4197,$4004_duty,3
4197,$4004_const,1
4197,$4004_vol,9
4198,$4004_duty,3
4198,$4004_const,1
4198,$4004_vol,8
4199,$4004_duty,3
4199,$4004_const,1
4199,$4004_vol,7
4200,$4004_duty,3
4200,$4004_const,1
4200,$4004_vol,6
4201,$4012_addr,250
4201,$4013_len,11
4201,$4010_rate,14
4201,$4000_duty,3
4201,$4000_const,1
4201,$4000_vol,10
4201,$4002_period,453
4201,$400B_length,48
4201,$4004_duty,3
4201,$4004_const,1
4201,$4004_vol,5
4201,$4008_linear,127
4201,$400A_period,75
4201,$400B_length,48
4201,$400E_period,1
4201,$400E_mode,0
4201,$400C_const,1
4201,$400C_vol,8
4202,$4008_linear,0
4202,$400C_const,1
4202,$400C_vol,5
4203,$4004_duty,3
4203,$4004_const,1
4203,$4004_vol,4
4203,$400C_const,1
4203,$400C_vol,0
4204,$4000_duty,3
4204,$4000_const,1
4204,$4000_vol,7
4204,$4004_duty,3
4204,$4004_const,1
4204,$4004_vol,1
4205,$4000_duty,3
4205,$4000_const,1
4205,$4000_vol,5
4206,$4000_duty,3
4206,$4000_const,1
4206,$4000_vol,0
4208,$4010_rate,14
4208,$4000_duty,3
4208,$4000_const,1
4208,$4000_vol,10
4208,$4002_period,427
4208,$400B_length,32
4208,$4004_duty,2
4208,$4004_const,1
4208,$4004_vol,11
4208,$4006_period,1211
4208,$4008_linear,127
4208,$400A_period,151
4208,$400B_length,32
4208,$400E_period,3
4208,$400E_mode,0
4208,$400C_const,1
4208,$400C_vol,8
4209,$4004_duty,3
4209,$4004_const,1
4209,$4004_vol,10
4209,$4008_linear,0
4209,$400C_const,1
4209,$400C_vol,5
4210,$4004_duty,3
4210,$4004_const,1
4210,$4004_vol,9
4210,$400C_const,1
4210,$400C_vol,0
4211,$4000_duty,3
4211,$4000_const,1
4211,$4000_vol,7
4211,$4004_duty,3
4211,$4004_const,1
4211,$4004_vol,8
4212,$4000_duty,3
4212,$4000_const,1
4212,$4000_vol,5
4212,$4004_duty,3
4212,$4004_const,1
4212,$4004_vol,0
4213,$4000_duty,3
4213,$4000_const,1
4213,$4000_vol,0
4215,$4012_addr,240
4215,$4013_len,11
4215,$4010_rate,15
4215,$4000_duty,3
4215,$4000_const,1
4215,$4000_vol,10
4215,$4002_period,403
4215,$400B_length,48
4215,$4004_duty,2
4215,$4004_const,1
4215,$4004_vol,0
4215,$4006_period,53
4215,$4008_linear,127
4215,$400A_period,121
4215,$400B_length,48
4215,$400E_period,12
4215,$400E_mode,0
4215,$400C_const,1
4215,$400C_vol,13
4216,$4008_linear,0
4216,$400E_period,7
4216,$400E_mode,0
4217,$4004_duty,2
4217,$4004_const,1
4217,$4004_vol,2
4217,$4006_period,57
4217,$400E_period,4
4217,$400E_mode,0
4217,$400C_const,1
4217,$400C_vol,15
4218,$4000_duty,3
4218,$4000_const,1
4218,$4000_vol,7
4218,$400E_period,0
4218,$400E_mode,0
4219,$4000_duty,3
4219,$4000_const,1
4219,$4000_vol,5
4219,$4004_duty,2
4219,$4004_const,1
4219,$4004_vol,1
4220,$4000_duty,3
4220,$4000_const,1
4220,$4000_vol,0
4220,$400E_period,2
4220,$400E_mode,0
4221,$4004_duty,2
4221,$4004_const,1
4221,$4004_vol,0
4221,$400E_period,4
4221,$400E_mode,0
4221,$400C_const,1
4221,$400C_vol,11
4222,$4000_duty,3
4222,$4000_const,1
4222,$4000_vol,10
4222,$4002_period,359
4222,$400B_length,32
4222,$4008_linear,127
4222,$400A_period,151
4222,$400B_length,32
4222,$400E_period,6
4222,$400E_mode,0
4223,$4008_linear,0
4223,$400E_period,9
4223,$400E_mode,0
4223,$400C_const,1
4223,$400C_vol,7
4224,$4004_duty,3
4224,$4004_const,1
4224,$4004_vol,7
4224,$4006_period,2427
4224,$400E_period,2
4224,$400E_mode,0
4224,$400C_const,1
4224,$400C_vol,0
4225,$4000_duty,3
4225,$4000_const,1
4225,$4000_vol,7
4225,$4004_duty,3
4225,$4004_const,1
4225,$4004_vol,4
4226,$4000_duty,3
4226,$4000_const,1
4226,$4000_vol,5
4227,$4000_duty,3
4227,$4000_const,1
4227,$4000_vol,0
4229,$4012_addr,250
4229,$4013_len,11
4229,$4010_rate,15
4229,$4000_duty,3
4229,$4000_const,1
4229,$4000_vol,10
4229,$4002_period,403
4229,$400B_length,48
4229,$4004_duty,2
4229,$4004_const,1
4229,$4004_vol,10
4229,$4006_period,1211
4229,$4008_linear,127
4229,$400A_period,75
4229,$400B_length,48
4229,$400E_period,1
4229,$400E_mode,0
4229,$400C_const,1
4229,$400C_vol,8
4230,$4004_duty,3
4230,$4004_const,1
4230,$4004_vol,9
4230,$4008_linear,0
4230,$400C_const,1
4230,$400C_vol,5
4231,$4004_duty,3
4231,$4004_const,1
4231,$4004_vol,8
4231,$400C_const,1
4231,$400C_vol,0
4232,$4000_duty,3
4232,$4000_const,1
4232,$4000_vol,7
4232,$4004_duty,3
4232,$4004_const,1
4232,$4004_vol,7
4233,$4000_duty,3
4233,$4000_const,1
4233,$4000_vol,5
4233,$4004_duty,3
4233,$4004_const,1
4233,$4004_vol,0
4234,$4000_duty,3
4234,$4000_const,1
4234,$4000_vol,0
4236,$4012_addr,240
4236,$4013_len,11
4236,$4010_rate,15
4236,$4000_duty,3
4236,$4000_const,1
4236,$4000_vol,10
4236,$4002_period,359
4236,$400B_length,32
4236,$4004_duty,2
4236,$4004_const,1
4236,$4004_vol,12
4236,$4006_period,3237
4236,$4008_linear,127
4236,$400A_period,151
4236,$400B_length,32
4236,$400E_period,3
4236,$400E_mode,0
4236,$400C_const,1
4236,$400C_vol,8
4237,$4004_duty,3
4237,$4004_const,1
4237,$4004_vol,11
4237,$4008_linear,0
4237,$400C_const,1
4237,$400C_vol,5
4238,$4004_duty,3
4238,$4004_const,1
4238,$4004_vol,10
4238,$400C_const,1
4238,$400C_vol,0
4239,$4000_duty,3
4239,$4000_const,1
4239,$4000_vol,7
4239,$4004_duty,3
4239,$4004_const,1
4239,$4004_vol,9
4240,$4000_duty,3
4240,$4000_const,1
4240,$4000_vol,5
4240,$4004_duty,3
4240,$4004_const,1
4240,$4004_vol,8
4241,$4000_duty,3
4241,$4000_const,1
4241,$4000_vol,0
4241,$4004_duty,3
4241,$4004_const,1
4241,$4004_vol,7
4242,$4004_duty,3
4242,$4004_const,1
4242,$4004_vol,6
4243,$4012_addr,243
4243,$4013_len,28
4243,$4010_rate,15
4243,$4000_duty,3
4243,$4000_const,1
4243,$4000_vol,10
4243,$4002_period,403
4243,$400B_length,48
4243,$4004_duty,2
4243,$4004_const,1
4243,$4004_vol,0
4243,$4006_period,57
4243,$4008_linear,127
4243,$400A_period,121
4243,$400B_length,48
4243,$400E_period,12
4243,$400E_mode,0
4243,$400C_const,1
4243,$400C_vol,13
4244,$4008_linear,0
4244,$400E_period,7
4244,$400E_mode,0
4245,$4004_duty,2
4245,$4004_const,1
4245,$4004_vol,2
4245,$4006_period,57
4245,$400E_period,4
4245,$400E_mode,0
4245,$400C_const,1
4245,$400C_vol,15
4246,$4000_duty,3
4246,$4000_const,1
4246,$4000_vol,7
4246,$400E_period,0
4246,$400E_mode,0
4247,$4000_duty,3
4247,$4000_const,1
4247,$4000_vol,5
4247,$4004_duty,2
4247,$4004_const,1
4247,$4004_vol,1
4248,$4000_duty,3
4248,$4000_const,1
4248,$4000_vol,0
4248,$400E_period,2
4248,$400E_mode,0
4249,$4004_duty,2
4249,$4004_const,1
4249,$4004_vol,0
4249,$400E_period,4
4249,$400E_mode,0
4249,$400C_const,1
4249,$400C_vol,11
4250,$4000_duty,3
4250,$4000_const,1
4250,$4000_vol,10
4250,$4002_period,481
4250,$400B_length,32
4250,$4008_linear,127
4250,$400A_period,151
4250,$400B_length,32
4250,$400E_period,6
4250,$400E_mode,0
4251,$4008_linear,0
4251,$400E_period,9
4251,$400E_mode,0
4251,$400C_const,1
4251,$400C_vol,7
4252,$4004_duty,3
4252,$4004_const,1
4252,$4004_vol,10
4252,$4006_period,3237
4252,$400E_period,2
4252,$400E_mode,0
4252,$400C_const,1
4252,$400C_vol,0
4253,$4000_duty,3
4253,$4000_const,1
4253,$4000_vol,7
4253,$4004_duty,3
4253,$4004_const,1
4253,$4004_vol,9
4254,$4000_duty,3
4254,$4000_const,1
4254,$4000_vol,5
4254,$4004_duty,3
4254,$4004_const,1
4254,$4004_vol,8
4255,$4000_duty,3
4255,$4000_const,1
4255,$4000_vol,0
4255,$4004_duty,3
4255,$4004_const,1
4255,$4004_vol,7
4256,$4004_duty,3
4256,$4004_const,1
4256,$4004_vol,6
4257,$4012_addr,250
4257,$4013_len,11
4257,$4010_rate,14
4257,$4000_duty,3
4257,$4000_const,1
4257,$4000_vol,10
4257,$4002_period,605
4257,$400B_length,49
4257,$4004_duty,3
4257,$4004_const,1
4257,$4004_vol,5
4257,$4008_linear,127
4257,$400A_period,75
4257,$400B_length,48
4257,$400E_period,1
4257,$400E_mode,0
4257,$400C_const,1
4257,$400C_vol,8
4258,$4008_linear,0
4258,$400C_const,1
4258,$400C_vol,5
4259,$4004_duty,3
4259,$4004_const,1
4259,$4004_vol,4
4259,$400C_const,1
4259,$400C_vol,0
4260,$4000_duty,3
4260,$4000_const,1
4260,$4000_vol,7
4260,$4004_duty,3
4260,$4004_const,1
4260,$4004_vol,1
4261,$4000_duty,3
4261,$4000_const,1
4261,$4000_vol,5
4262,$4000_duty,3
4262,$4000_const,1
4262,$4000_vol,0
4264,$4012_addr,240
4264,$4013_len,11
4264,$4010_rate,15
4264,$4000_duty,3
4264,$4000_const,1
4264,$4000_vol,10
4264,$4002_period,807
4264,$400B_length,33
4264,$4004_duty,2
4264,$4004_const,1
4264,$4004_vol,11
4264,$4006_period,1211
4264,$4008_linear,127
4264,$400A_period,151
4264,$400B_length,32
4264,$400E_period,3
4264,$400E_mode,0
4264,$400C_const,1
4264,$400C_vol,8
4265,$4004_duty,3
4265,$4004_const,1
4265,$4004_vol,10
4265,$4008_linear,0
4265,$400C_const,1
4265,$400C_vol,5
4266,$4004_duty,3
4266,$4004_const,1
4266,$4004_vol,9
4266,$400C_const,1
4266,$400C_vol,0
4267,$4000_duty,3
4267,$4000_const,1
4267,$4000_vol,7
4267,$4004_duty,3
4267,$4004_const,1
4267,$4004_vol,8
4268,$4000_duty,3
4268,$4000_const,1
4268,$4000_vol,5
4268,$4004_duty,3
4268,$4004_const,1
4268,$4004_vol,0
4269,$4000_duty,3
4269,$4000_const,1
4269,$4000_vol,0
4271,$4012_addr,240
4271,$4013_len,11
4271,$4010_rate,15
4271,$4000_duty,3
4271,$4000_const,1
4271,$4000_vol,10
4271,$4002_period,481
4271,$400B_length,48
4271,$4004_duty,2
4271,$4004_const,1
4271,$4004_vol,15
4271,$4006_period,2427
4271,$4008_linear,127
4271,$400A_period,121
4271,$400B_length,48
4271,$400C_const,1
4271,$400C_vol,10
4272,$4004_duty,3
4272,$4004_const,1
4272,$4004_vol,14
4272,$4008_linear,0
4272,$400C_const,1
4272,$400C_vol,7
4273,$4004_duty,3
4273,$4004_const,1
4273,$4004_vol,13
4273,$400C_const,1
4273,$400C_vol,0
4274,$4000_duty,3
4274,$4000_const,1
4274,$4000_vol,7
4274,$4004_duty,3
4274,$4004_const,1
4274,$4004_vol,12
4275,$4000_duty,3
4275,$4000_const,1
4275,$4000_vol,5
4275,$4004_duty,3
4275,$4004_const,1
4275,$4004_vol,11
4276,$4000_duty,3
4276,$4000_const,1
4276,$4000_vol,0
4276,$4004_duty,3
4276,$4004_const,1
4276,$4004_vol,10
4277,$4004_duty,3
4277,$4004_const,1
4277,$4004_vol,9
4278,$4000_duty,3
4278,$4000_const,1
4278,$4000_vol,10
4278,$4002_period,453
4278,$400B_length,32
4278,$4004_duty,3
4278,$4004_const,1
4278,$4004_vol,8
4278,$4008_linear,127
4278,$400A_period,151
4278,$400B_length,32
4278,$400E_period,2
4278,$400E_mode,0
4278,$400C_const,1
4278,$400C_vol,8
4279,$4008_linear,0
4279,$400C_const,1
4279,$400C_vol,5
4280,$4004_duty,3
4280,$4004_const,1
4280,$4004_vol,7
4280,$400C_const,1
4280,$400C_vol,0
4281,$4000_duty,3
4281,$4000_const,1
4281,$4000_vol,7
4281,$4004_duty,2
4281,$4004_const,1
4281,$4004_vol,6
4281,$4006_period,197
4282,$4000_duty,3
4282,$4000_const,1
4282,$4000_vol,5
4282,$4004_duty,2
4282,$4004_const,1
4282,$4004_vol,9
4283,$4000_duty,3
4283,$4000_const,1
4283,$4000_vol,0
4283,$4004_duty,2
4283,$4004_const,1
4283,$4004_vol,12
4284,$4004_duty,2
4284,$4004_const,1
4284,$4004_vol,9
4285,$4012_addr,250
4285,$4013_len,11
4285,$4010_rate,15
4285,$4000_duty,3
4285,$4000_const,1
4285,$4000_vol,10
4285,$4002_period,427
4285,$400B_length,48
4285,$4004_duty,2
4285,$4004_const,1
4285,$4004_vol,4
4285,$4008_linear,127
4285,$400A_period,75
4285,$400B_length,48
4285,$400E_period,1
4285,$400E_mode,0
4285,$400C_const,1
4285,$400C_vol,8
4286,$4004_duty,3
4286,$4004_const,1
4286,$4004_vol,9
4286,$4006_period,1211
4286,$4008_linear,0
4286,$400C_const,1
4286,$400C_vol,5
4287,$4004_duty,3
4287,$4004_const,1
4287,$4004_vol,8
4287,$400C_const,1
4287,$400C_vol,0
4288,$4000_duty,3
4288,$4000_const,1
4288,$4000_vol,7
4288,$4004_duty,3
4288,$4004_const,1
4288,$4004_vol,7
4288,$400E_period,11
4288,$400E_mode,0
4288,$400C_const,1
4288,$400C_vol,6
4289,$4000_duty,3
4289,$4000_const,1
4289,$4000_vol,5
4289,$4004_duty,3
4289,$4004_const,1
4289,$4004_vol,0
4289,$400E_period,8
4289,$400E_mode,0
4289,$400C_const,1
4289,$400C_vol,9
4290,$4000_duty,3
4290,$4000_const,1
4290,$4000_vol,0
4290,$400E_period,6
4290,$400E_mode,0
4290,$400C_const,1
4290,$400C_vol,15
4291,$400E_period,4
4291,$400E_mode,0
4291,$400C_const,1
4291,$400C_vol,12
4292,$4000_duty,3
4292,$4000_const,1
4292,$4000_vol,10
4292,$4002_period,403
4292,$400B_length,32
4292,$4004_duty,2
4292,$4004_const,1
4292,$4004_vol,12
4292,$4006_period,3237
4292,$4008_linear,127
4292,$400A_period,151
4292,$400B_length,32
4292,$400E_period,1
4292,$400E_mode,0
4292,$400C_const,1
4292,$400C_vol,15
4293,$4004_duty,3
4293,$4004_const,1
4293,$4004_vol,11
4293,$4008_linear,0
4293,$400E_period,0
4293,$400E_mode,0
4294,$4004_duty,3
4294,$4004_const,1
4294,$4004_vol,10
4294,$400E_period,3
4294,$400E_mode,0
4294,$400C_const,1
4294,$400C_vol,12
4295,$4000_duty,3
4295,$4000_const,1
4295,$4000_vol,7
4295,$4004_duty,3
4295,$4004_const,1
4295,$4004_vol,9
4295,$400E_period,6
4295,$400E_mode,0
4296,$4000_duty,3
4296,$4000_const,1
4296,$4000_vol,5
4296,$4004_duty,3
4296,$4004_const,1
4296,$4004_vol,8
4296,$400E_period,10
4296,$400E_mode,0
4296,$400C_const,1
4296,$400C_vol,9
4297,$4000_duty,3
4297,$4000_const,1
4297,$4000_vol,0
4297,$4004_duty,3
4297,$4004_const,1
4297,$4004_vol,7
4297,$400E_period,4
4297,$400E_mode,0
4298,$4004_duty,3
4298,$4004_const,1
4298,$4004_vol,6
4298,$400E_period,1
4298,$400E_mode,0
4298,$400C_const,1
4298,$400C_vol,12
4299,$4012_addr,243
4299,$4013_len,28
4299,$4010_rate,15
4299,$4004_duty,3
4299,$4004_const,1
4299,$4004_vol,5
4299,$4008_linear,127
4299,$400A_period,121
4299,$400B_length,48
4299,$400E_period,0
4299,$400E_mode,0
4300,$4008_linear,0
4300,$400E_period,3
4300,$400E_mode,0
4300,$400C_const,1
4300,$400C_vol,9
4301,$4004_duty,3
4301,$4004_const,1
4301,$4004_vol,4
4301,$400E_period,6
4301,$400E_mode,0
4302,$4004_duty,3
4302,$4004_const,1
4302,$4004_vol,1
4302,$400E_period,10
4302,$400E_mode,0
4302,$400C_const,1
4302,$400C_vol,6
4303,$400E_period,4
4303,$400E_mode,0
4304,$400E_period,1
4304,$400E_mode,0
4304,$400C_const,1
4304,$400C_vol,9
4305,$400E_period,0
4305,$400E_mode,0
4306,$4000_duty,0
4306,$4000_const,1
4306,$4000_vol,7
4306,$4002_period,89
4306,$400B_length,48
4306,$4004_duty,2
4306,$4004_const,1
4306,$4004_vol,12
4306,$4006_period,3237
4306,$4008_linear,127
4306,$400A_period,151
4306,$400B_length,32
4306,$400E_period,3
4306,$400E_mode,0
4306,$400C_const,1
4306,$400C_vol,6
4307,$4004_duty,3
4307,$4004_const,1
4307,$4004_vol,11
4307,$4008_linear,0
4307,$400E_period,6
4307,$400E_mode,0
4308,$4000_duty,0
4308,$4000_const,1
4308,$4000_vol,5
4308,$4004_duty,3
4308,$4004_const,1
4308,$4004_vol,10
4308,$400E_period,10
4308,$400E_mode,0
4308,$400C_const,1
4308,$400C_vol,3
4309,$4004_duty,3
4309,$4004_const,1
4309,$4004_vol,9
4309,$400E_period,12
4309,$400E_mode,0
4309,$400C_const,1
4309,$400C_vol,2
4310,$4000_duty,0
4310,$4000_const,1
4310,$4000_vol,0
4310,$4004_duty,3
4310,$4004_const,1
4310,$4004_vol,8
4310,$400E_period,2
4310,$400E_mode,0
4310,$400C_const,1
4310,$400C_vol,0
4311,$4004_duty,3
4311,$4004_const,1
4311,$4004_vol,7
4312,$4004_duty,3
4312,$4004_const,1
4312,$4004_vol,6
4313,$4012_addr,250
4313,$4013_len,11
4313,$4010_rate,14
4313,$4000_duty,0
4313,$4000_const,1
4313,$4000_vol,7
4313,$4002_period,81
4313,$400B_length,32
4313,$4004_duty,3
4313,$4004_const,1
4313,$4004_vol,5
4313,$4008_linear,127
4313,$400A_period,75
4313,$400B_length,48
4313,$400E_period,1
4313,$400E_mode,0
4313,$400C_const,1
4313,$400C_vol,8
4314,$4008_linear,0
4314,$400C_const,1
4314,$400C_vol,5
4315,$4000_duty,0
4315,$4000_const,1
4315,$4000_vol,5
4315,$4004_duty,3
4315,$4004_const,1
4315,$4004_vol,4
4315,$400E_period,11
4315,$400E_mode,0
4315,$400C_const,1
4315,$400C_vol,6
4316,$4004_duty,3
4316,$4004_const,1
4316,$4004_vol,1
4316,$400E_period,8
4316,$400E_mode,0
4316,$400C_const,1
4316,$400C_vol,9
4317,$4000_duty,0
4317,$4000_const,1
4317,$4000_vol,0
4317,$400E_period,6
4317,$400E_mode,0
4317,$400C_const,1
4317,$400C_vol,15
4318,$400E_period,4
4318,$400E_mode,0
4318,$400C_const,1
4318,$400C_vol,12
4319,$400E_period,1
4319,$400E_mode,0
4319,$400C_const,1
4319,$400C_vol,15
4320,$4010_rate,14
4320,$4000_duty,0
4320,$4000_const,1
4320,$4000_vol,7
4320,$4002_period,75
4320,$400B_length,48
4320,$4004_duty,2
4320,$4004_const,1
4320,$4004_vol,11
4320,$4006_period,1211
4320,$4008_linear,127
4320,$400A_period,151
4320,$400B_length,32
4320,$400E_period,0
4320,$400E_mode,0
4321,$4004_duty,3
4321,$4004_const,1
4321,$4004_vol,10
4321,$4008_linear,0
4321,$400E_period,3
4321,$400E_mode,0
4321,$400C_const,1
4321,$400C_vol,12
4322,$4000_duty,0
4322,$4000_const,1
4322,$4000_vol,5
4322,$4004_duty,3
4322,$4004_const,1
4322,$4004_vol,9
4322,$400E_period,6
4322,$400E_mode,0
4323,$4004_duty,3
4323,$4004_const,1
4323,$4004_vol,8
4323,$400E_period,10
4323,$400E_mode,0
4323,$400C_const,1
4323,$400C_vol,9
4324,$4000_duty,0
4324,$4000_const,1
4324,$4000_vol,0
4324,$4004_duty,3
4324,$4004_const,1
4324,$4004_vol,0
4324,$400E_period,4
4324,$400E_mode,0
4325,$400E_period,1
4325,$400E_mode,0
4325,$400C_const,1
4325,$400C_vol,12
4326,$400E_period,0
4326,$400E_mode,0
4327,$4012_addr,240
4327,$4013_len,11
4327,$4010_rate,15
4327,$4000_duty,0
4327,$4000_const,1
4327,$4000_vol,7
4327,$4002_period,101
4327,$400B_length,32
4327,$4004_duty,2
4327,$4004_const,1
4327,$4004_vol,15
4327,$4006_period,2427
4327,$4008_linear,127
4327,$400A_period,121
4327,$400B_length,48
4327,$400E_period,3
4327,$400E_mode,0
4327,$400C_const,1
4327,$400C_vol,9
4328,$4004_duty,3
4328,$4004_const,1
4328,$4004_vol,14
4328,$4008_linear,0
4328,$400E_period,6
4328,$400E_mode,0
4329,$4000_duty,0
4329,$4000_const,1
4329,$4000_vol,5
4329,$4004_duty,3
4329,$4004_const,1
4329,$4004_vol,13
4329,$400E_period,10
4329,$400E_mode,0
4329,$400C_const,1
4329,$400C_vol,6
4330,$4004_duty,3
4330,$4004_const,1
4330,$4004_vol,12
4330,$400E_period,4
4330,$400E_mode,0
4331,$4000_duty,0
4331,$4000_const,1
4331,$4000_vol,0
4331,$4004_duty,3
4331,$4004_const,1
4331,$4004_vol,11
4331,$400E_period,1
4331,$400E_mode,0
4331,$400C_const,1
4331,$400C_vol,9
4332,$4004_duty,3
4332,$4004_const,1
4332,$4004_vol,10
4332,$400E_period,0
4332,$400E_mode,0
4333,$4004_duty,3
4333,$4004_const,1
4333,$4004_vol,9
4333,$400E_period,3
4333,$400E_mode,0
4333,$400C_const,1
4333,$400C_vol,6
4334,$4004_duty,3
4334,$4004_const,1
4334,$4004_vol,8
4334,$4008_linear,127
4334,$400A_period,151
4334,$400B_length,32
4334,$400E_period,6
4334,$400E_mode,0
4335,$4008_linear,0
4335,$400E_period,10
4335,$400E_mode,0
4335,$400C_const,1
4335,$400C_vol,3
4336,$4004_duty,3
4336,$4004_const,1
4336,$4004_vol,7
4336,$400E_period,12
4336,$400E_mode,0
4336,$400C_const,1
4336,$400C_vol,2
4337,$4004_duty,3
4337,$4004_const,1
4337,$4004_vol,4
4337,$400E_period,2
4337,$400E_mode,0
4337,$400C_const,1
4337,$400C_vol,0
4339,$4004_duty,1
4339,$4004_const,1
4339,$4004_vol,11
4339,$4006_period,907
4341,$4012_addr,250
4341,$4013_len,11
4341,$4010_rate,15
4341,$4004_duty,1
4341,$4004_const,1
4341,$4004_vol,10
4341,$4006_period,961
4341,$4008_linear,127
4341,$400A_period,75
4341,$400B_length,48
4341,$400E_period,1
4341,$400E_mode,0
4341,$400C_const,1
4341,$400C_vol,8
4342,$4004_duty,1
4342,$4004_const,1
4342,$4004_vol,7
4342,$4006_period,641
4342,$4008_linear,0
4342,$400C_const,1
4342,$400C_vol,5
4343,$4004_duty,1
4343,$4004_const,1
4343,$4004_vol,6
4343,$4006_period,605
4343,$400C_const,1
4343,$400C_vol,0
4344,$4004_duty,1
4344,$4004_const,1
4344,$4004_vol,5
4344,$4006_period,571
4345,$4004_duty,1
4345,$4004_const,1
4345,$4004_vol,4
4345,$4006_period,509
4346,$4004_duty,3
4346,$4004_const,1
4346,$4004_vol,0
4346,$4006_period,1211
4348,$4010_rate,15
4348,$4004_duty,2
4348,$4004_const,1
4348,$4004_vol,12
4348,$4006_period,3237
4348,$4008_linear,127
4348,$400A_period,151
4348,$400B_length,32
4348,$400E_period,3
4348,$400E_mode,0
4348,$400C_const,1
4348,$400C_vol,8
4349,$4004_duty,3
4349,$4004_const,1
4349,$4004_vol,11
4349,$4008_linear,0
4349,$400C_const,1
4349,$400C_vol,5
4350,$4004_duty,3
4350,$4004_const,1
4350,$4004_vol,10
4350,$400C_const,1
4350,$400C_vol,0
4351,$4004_duty,3
4351,$4004_const,1
4351,$4004_vol,9
4352,$4004_duty,3
4352,$4004_const,1
4352,$4004_vol,8
4353,$4004_duty,3
4353,$4004_const,1
4353,$4004_vol,7
4354,$4004_duty,3
4354,$4004_const,1
4354,$4004_vol,6
4355,$4012_addr,243
4355,$4013_len,28
4355,$4010_rate,15
4355,$4004_duty,3
4355,$4004_const,1
4355,$4004_vol,5
4355,$4008_linear,127
4355,$400A_period,121
4355,$400B_length,48
4355,$400E_period,12
4355,$400E_mode,0
4355,$400C_const,1
4355,$400C_vol,4
4356,$4008_linear,0
4356,$400E_period,10
4356,$400E_mode,0
4356,$400C_const,1
4356,$400C_vol,10
4357,$4004_duty,3
4357,$4004_const,1
4357,$4004_vol,4
4357,$400E_period,11
4357,$400E_mode,0
4357,$400C_const,1
4357,$400C_vol,15
4358,$4004_duty,3
4358,$4004_const,1
4358,$4004_vol,1
4358,$400E_period,12
4358,$400E_mode,0
4359,$400E_period,13
4359,$400E_mode,0
4360,$400E_period,11
4360,$400E_mode,0
4360,$400C_const,1
4360,$400C_vol,13
4361,$400C_const,1
4361,$400C_vol,0
4362,$4012_addr,250
4362,$4013_len,11
4362,$4010_rate,14
4362,$4004_duty,2
4362,$4004_const,1
4362,$4004_vol,12
4362,$4006_period,3237
4362,$4008_linear,127
4362,$400A_period,151
4362,$400B_length,32
4363,$4004_duty,3
4363,$4004_const,1
4363,$4004_vol,11
4363,$4008_linear,0
4363,$400E_period,13
4363,$400E_mode,0
4363,$400C_const,1
4363,$400C_vol,13
4364,$4004_duty,3
4364,$4004_const,1
4364,$4004_vol,10
4364,$400E_period,11
4364,$400E_mode,0
4364,$400C_const,1
4364,$400C_vol,11
4365,$4004_duty,3
4365,$4004_const,1
4365,$4004_vol,9
4365,$400C_const,1
4365,$400C_vol,0
4366,$4004_duty,3
4366,$4004_const,1
4366,$4004_vol,8
4367,$4004_duty,3
4367,$4004_const,1
4367,$4004_vol,7
4367,$400E_period,13
4367,$400E_mode,0
4367,$400C_const,1
4367,$400C_vol,11
4368,$4004_duty,3
4368,$4004_const,1
4368,$4004_vol,6
4368,$400E_period,11
4368,$400E_mode,0
4368,$400C_const,1
4368,$400C_vol,9
4369,$4012_addr,243
4369,$4013_len,28
4369,$4010_rate,15
4369,$4004_duty,3
4369,$4004_const,1
4369,$4004_vol,5
4369,$4008_linear,127
4369,$400A_period,75
4369,$400B_length,48
4369,$400C_const,1
4369,$400C_vol,0
4370,$4008_linear,0
4371,$4004_duty,3
4371,$4004_const,1
4371,$4004_vol,4
4371,$400E_period,13
4371,$400E_mode,0
4371,$400C_const,1
4371,$400C_vol,9
4372,$4004_duty,3
4372,$4004_const,1
4372,$4004_vol,1
4372,$400E_period,11
4372,$400E_mode,0
4372,$400C_const,1
4372,$400C_vol,7
4373,$400C_const,1
4373,$400C_vol,0
4375,$400E_period,13
4375,$400E_mode,0
4375,$400C_const,1
4375,$400C_vol,7
4376,$4012_addr,240
4376,$4013_len,11
4376,$4010_rate,15
4376,$4004_duty,2
4376,$4004_const,1
4376,$4004_vol,11
4376,$4006_period,1211
4376,$4008_linear,127
4376,$400A_period,151
4376,$400B_length,32
4376,$400E_period,11
4376,$400E_mode,0
4376,$400C_const,1
4376,$400C_vol,5
4377,$4004_duty,3
4377,$4004_const,1
4377,$4004_vol,10
4377,$4008_linear,0
4377,$400C_const,1
4377,$400C_vol,0
4378,$4004_duty,3
4378,$4004_const,1
4378,$4004_vol,9
4379,$4004_duty,3
4379,$4004_const,1
4379,$4004_vol,8
4379,$400E_period,10
4379,$400E_mode,0
4379,$400C_const,1
4379,$400C_vol,5
4380,$4004_duty,3
4380,$4004_const,1
4380,$4004_vol,0
4380,$400C_const,1
4380,$400C_vol,0
4382,$400E_period,3
4382,$400E_mode,0
4382,$400C_const,1
4382,$400C_vol,0
4383,$4012_addr,240
4383,$4013_len,11
4383,$4010_rate,15
4383,$4000_duty,3
4383,$4000_const,1
4383,$4000_vol,11
4383,$4002_period,539
4383,$400B_length,49
4383,$4004_duty,2
4383,$4004_const,1
4383,$4004_vol,15
4383,$4006_period,2157
4383,$4008_linear,127
4383,$400A_period,113
4383,$400B_length,48
4383,$400C_const,1
4383,$400C_vol,10
4384,$4004_duty,3
4384,$4004_const,1
4384,$4004_vol,14
4384,$4008_linear,0
4384,$400C_const,1
4384,$400C_vol,7
4385,$4004_duty,3
4385,$4004_const,1
4385,$4004_vol,13
4385,$400C_const,1
4385,$400C_vol,0
4386,$4000_duty,3
4386,$4000_const,1
4386,$4000_vol,8
4386,$4004_duty,3
4386,$4004_const,1
4386,$4004_vol,12
4387,$4000_duty,3
4387,$4000_const,1
4387,$4000_vol,6
4387,$4004_duty,3
4387,$4004_const,1
4387,$4004_vol,11
4388,$4000_duty,3
4388,$4000_const,1
4388,$4000_vol,0
4388,$4004_duty,3
4388,$4004_const,1
4388,$4004_vol,10
4389,$4004_duty,3
4389,$4004_const,1
4389,$4004_vol,9
4390,$4004_duty,3
4390,$4004_const,1
4390,$4004_vol,8
4390,$4008_linear,127
4390,$400A_period,135
4390,$400B_length,32
4390,$400E_period,2
4390,$400E_mode,0
4390,$400C_const,1
4390,$400C_vol,8
4391,$4008_linear,0
4391,$400C_const,1
4391,$400C_vol,5
4392,$4004_duty,3
4392,$4004_const,1
4392,$4004_vol,7
4392,$400C_const,1
4392,$400C_vol,0
4393,$4004_duty,3
4393,$4004_const,1
4393,$4004_vol,4
4394,$4000_duty,2
4394,$4000_const,1
4394,$4000_vol,2
4394,$4002_period,57
4394,$400B_length,0
4394,$4004_duty,1
4394,$4004_const,1
4394,$4004_vol,2
4394,$4006_period,57
4394,$400A_period,63
4394,$400B_length,16
4396,$4000_duty,2
4396,$4000_const,1
4396,$4000_vol,12
4396,$4002_period,3599
4396,$400B_length,23
4396,$4004_duty,2
4396,$4004_const,1
4396,$4004_vol,12
4396,$4006_period,3599
4396,$4008_linear,127
4396,$400A_period,57
4396,$400B_length,0
4397,$4012_addr,250
4397,$4013_len,11
4397,$4010_rate,15
4397,$4000_duty,2
4397,$4000_const,1
4397,$4000_vol,0
4397,$4002_period,85
4397,$400B_length,0
4397,$4004_duty,2
4397,$4004_const,1
4397,$4004_vol,0
4397,$4006_period,85
4397,$4008_linear,0
4397,$400A_period,95
4397,$400B_length,16
4397,$400E_period,1
4397,$400E_mode,0
4397,$400C_const,1
4397,$400C_vol,8
4398,$400C_const,1
4398,$400C_vol,5
4399,$4000_duty,2
4399,$4000_const,1
4399,$4000_vol,10
4399,$4002_period,101
4399,$400B_length,16
4399,$4004_duty,2
4399,$4004_const,1
4399,$4004_vol,10
4399,$4006_period,101
4399,$4008_linear,127
4399,$400A_period,113
4399,$400B_length,0
4399,$400C_const,1
4399,$400C_vol,0
4400,$4000_duty,2
4400,$4000_const,1
4400,$4000_vol,0
4400,$4002_period,121
4400,$400B_length,0
4400,$4004_duty,2
4400,$4004_const,1
4400,$4004_vol,0
4400,$4006_period,121
4400,$4008_linear,0
4400,$400A_period,135
4400,$400B_length,16
4402,$4000_duty,2
4402,$4000_const,1
4402,$4000_vol,8
4402,$4002_period,135
4402,$400B_length,16
4402,$4004_duty,2
4402,$4004_const,1
4402,$4004_vol,8
4402,$4006_period,135
4402,$4008_linear,127
4402,$400A_period,151
4402,$400B_length,0
4403,$4000_duty,2
4403,$4000_const,1
4403,$4000_vol,0
4403,$4002_period,161
4403,$400B_length,0
4403,$4004_duty,2
4403,$4004_const,1
4403,$4004_vol,0
4403,$4006_period,161
4403,$4008_linear,0
4403,$400A_period,179
4403,$400B_length,16
4404,$400E_period,3
4404,$400E_mode,0
4404,$400C_const,1
4404,$400C_vol,8
4405,$4000_duty,2
4405,$4000_const,1
4405,$4000_vol,6
4405,$4002_period,191
4405,$400B_length,16
4405,$4004_duty,2
4405,$4004_const,1
4405,$4004_vol,6
4405,$4006_period,191
4405,$4008_linear,127
4405,$400A_period,213
4405,$400B_length,0
4405,$400C_const,1
4405,$400C_vol,5
4406,$4000_duty,3
4406,$4000_const,1
4406,$4000_vol,0
4406,$4002_period,539
4406,$400B_length,49
4406,$4004_duty,3
4406,$4004_const,1
4406,$4004_vol,10
4406,$4006_period,2881
4406,$4008_linear,0
4406,$400A_period,135
4406,$400B_length,32
4406,$400C_const,1
4406,$400C_vol,0
4407,$4000_duty,3
4407,$4000_const,1
4407,$4000_vol,5
4407,$4002_period,539
4407,$400B_length,33
4407,$4004_duty,3
4407,$4004_const,1
4407,$4004_vol,9
4408,$4004_duty,3
4408,$4004_const,1
4408,$4004_vol,8
4409,$4004_duty,3
4409,$4004_const,1
4409,$4004_vol,7
4410,$4000_duty,3
4410,$4000_const,1
4410,$4000_vol,0
4410,$4004_duty,3
4410,$4004_const,1
4410,$4004_vol,6
4411,$4012_addr,243
4411,$4013_len,28
4411,$4010_rate,15
4411,$4004_duty,3
4411,$4004_const,1
4411,$4004_vol,5
4411,$4008_linear,127
4411,$400A_period,113
4411,$400B_length,48
4411,$400C_const,1
4411,$400C_vol,10
4412,$4000_duty,3
4412,$4000_const,1
4412,$4000_vol,3
4412,$4002_period,539
4412,$400B_length,49
4412,$4008_linear,0
4412,$400C_const,1
4412,$400C_vol,7
4413,$4004_duty,3
4413,$4004_const,1
4413,$4004_vol,4
4413,$400C_const,1
4413,$400C_vol,0
4414,$4004_duty,3
4414,$4004_const,1
4414,$4004_vol,1
4415,$4000_duty,3
4415,$4000_const,1
4415,$4000_vol,0
4417,$4000_duty,3
4417,$4000_const,1
4417,$4000_vol,1
4417,$4002_period,539
4417,$400B_length,33
4418,$4004_duty,2
4418,$4004_const,1
4418,$4004_vol,10
4418,$4006_period,2881
4418,$4008_linear,127
4418,$400A_period,135
4418,$400B_length,32
4418,$400E_period,2
4418,$400E_mode,0
4418,$400C_const,1
4418,$400C_vol,8
4419,$4004_duty,3
4419,$4004_const,1
4419,$4004_vol,9
4419,$4008_linear,0
4419,$400C_const,1
4419,$400C_vol,5
4420,$4000_duty,3
4420,$4000_const,1
4420,$4000_vol,0
4420,$4004_duty,3
4420,$4004_const,1
4420,$4004_vol,8
4420,$400C_const,1
4420,$400C_vol,0
4421,$4004_duty,3
4421,$4004_const,1
4421,$4004_vol,7
4422,$4004_duty,3
4422,$4004_const,1
4422,$4004_vol,6
4423,$4004_duty,3
4423,$4004_const,1
4423,$4004_vol,5
4424,$4004_duty,3
4424,$4004_const,1
4424,$4004_vol,4
4425,$4012_addr,250
4425,$4013_len,11
4425,$4010_rate,14
4425,$4000_duty,3
4425,$4000_const,1
4425,$4000_vol,10
4425,$4002_period,509
4425,$400B_length,48
4425,$4004_duty,3
4425,$4004_const,1
4425,$4004_vol,3
4425,$4008_linear,127
4425,$400A_period,67
4425,$400B_length,48
4425,$400E_period,1
4425,$400E_mode,0
4425,$400C_const,1
4425,$400C_vol,8
4426,$4004_duty,1
4426,$4004_const,1
4426,$4004_vol,4
4426,$4006_period,339
4426,$4008_linear,0
4426,$400E_period,6
4426,$400E_mode,0
4426,$400C_const,1
4426,$400C_vol,2
4428,$4000_duty,3
4428,$4000_const,1
4428,$4000_vol,7
4429,$4000_duty,3
4429,$4000_const,1
4429,$4000_vol,5
4430,$4000_duty,3
4430,$4000_const,1
4430,$4000_vol,0
4432,$4010_rate,14
4432,$4000_duty,3
4432,$4000_const,1
4432,$4000_vol,10
4432,$4002_period,481
4432,$400B_length,32
4432,$4004_duty,1
4432,$4004_const,1
4432,$4004_vol,5
4432,$4008_linear,127
4432,$400A_period,135
4432,$400B_length,32
4433,$4008_linear,0
4434,$400E_period,5
4434,$400E_mode,0
4434,$400C_const,1
4434,$400C_vol,4
4435,$4000_duty,3
4435,$4000_const,1
4435,$4000_vol,7
4436,$4000_duty,3
4436,$4000_const,1
4436,$4000_vol,5
4436,$4004_duty,3
4436,$4004_const,1
4436,$4004_vol,15
4436,$4006_period,763
4436,$400E_period,3
4436,$400E_mode,0
4436,$400C_const,1
4436,$400C_vol,0
4437,$4000_duty,3
4437,$4000_const,1
4437,$4000_vol,0
4437,$4006_period,1079
4438,$4006_period,1441
4439,$4012_addr,240
4439,$4013_len,11
4439,$4010_rate,15
4439,$4000_duty,3
4439,$4000_const,1
4439,$4000_vol,10
4439,$4002_period,453
4439,$400B_length,48
4439,$4004_duty,3
4439,$4004_const,1
4439,$4004_vol,6
4439,$4006_period,481
4439,$4008_linear,127
4439,$400A_period,113
4439,$400B_length,48
4439,$400C_const,1
4439,$400C_vol,10
4440,$4006_period,453
4440,$4008_linear,0
4440,$400C_const,1
4440,$400C_vol,7
4441,$4006_period,403
4441,$400C_const,1
4441,$400C_vol,0
4442,$4000_duty,3
4442,$4000_const,1
4442,$4000_vol,7
4442,$4004_duty,3
4442,$4004_const,1
4442,$4004_vol,12
4442,$4006_period,2157
4443,$4000_duty,3
4443,$4000_const,1
4443,$4000_vol,5
4443,$4004_duty,3
4443,$4004_const,1
4443,$4004_vol,11
4444,$4000_duty,3
4444,$4000_const,1
4444,$4000_vol,0
4444,$4004_duty,3
4444,$4004_const,1
4444,$4004_vol,10
4445,$4004_duty,3
4445,$4004_const,1
4445,$4004_vol,9
4446,$4000_duty,3
4446,$4000_const,1
4446,$4000_vol,10
4446,$4002_period,403
4446,$400B_length,32
4446,$4004_duty,3
4446,$4004_const,1
4446,$4004_vol,8
4446,$4008_linear,127
4446,$400A_period,135
4446,$400B_length,32
4446,$400E_period,2
4446,$400E_mode,0
4446,$400C_const,1
4446,$400C_vol,8
4447,$4008_linear,0
4447,$400C_const,1
4447,$400C_vol,5
4448,$4004_duty,3
4448,$4004_const,1
4448,$4004_vol,7
4448,$400C_const,1
4448,$400C_vol,0
4449,$4000_duty,3
4449,$4000_const,1
4449,$4000_vol,7
4449,$4004_duty,3
4449,$4004_const,1
4449,$4004_vol,4
4450,$4000_duty,3
4450,$4000_const,1
4450,$4000_vol,5
4451,$4000_duty,3
4451,$4000_const,1
4451,$4000_vol,0
4453,$4012_addr,250
4453,$4013_len,11
4453,$4010_rate,15
4453,$4000_duty,3
4453,$4000_const,1
4453,$4000_vol,10
4453,$4002_period,453
4453,$400B_length,48
4453,$4004_duty,2
4453,$4004_const,1
4453,$4004_vol,12
4453,$4006_period,1079
4453,$4008_linear,127
4453,$400A_period,67
4453,$400B_length,48
4453,$400E_period,1
4453,$400E_mode,0
4453,$400C_const,1
4453,$400C_vol,8
4454,$4004_duty,3
4454,$4004_const,1
4454,$4004_vol,11
4454,$4008_linear,0
4454,$400C_const,1
4454,$400C_vol,5
4455,$4004_duty,3
4455,$4004_const,1
4455,$4004_vol,10
4455,$400C_const,1
4455,$400C_vol,0
4456,$4000_duty,3
4456,$4000_const,1
4456,$4000_vol,7
4456,$4004_duty,3
4456,$4004_const,1
4456,$4004_vol,9
4457,$4000_duty,3
4457,$4000_const,1
4457,$4000_vol,5
4457,$4004_duty,3
4457,$4004_const,1
4457,$4004_vol,1
4458,$4000_duty,3
4458,$4000_const,1
4458,$4000_vol,0
4460,$4010_rate,15
4460,$4000_duty,3
4460,$4000_const,1
4460,$4000_vol,10
4460,$4002_period,403
4460,$400B_length,32
4460,$4004_duty,2
4460,$4004_const,1
4460,$4004_vol,12
4460,$4006_period,2881
4460,$4008_linear,127
4460,$400A_period,135
4460,$400B_length,32
4460,$400E_period,3
4460,$400E_mode,0
4460,$400C_const,1
4460,$400C_vol,8
4461,$4004_duty,3
4461,$4004_const,1
4461,$4004_vol,11
4461,$4008_linear,0
4461,$400C_const,1
4461,$400C_vol,5
4462,$4004_duty,3
4462,$4004_const,1
4462,$4004_vol,10
4462,$400C_const,1
4462,$400C_vol,0
4463,$4000_duty,3
4463,$4000_const,1
4463,$4000_vol,7
4463,$4004_duty,3
4463,$4004_const,1
4463,$4004_vol,9
4464,$4000_duty,3
4464,$4000_const,1
4464,$4000_vol,5
4464,$4004_duty,3
4464,$4004_const,1
4464,$4004_vol,8
4465,$4000_duty,3
4465,$4000_const,1
4465,$4000_vol,0
4465,$4004_duty,3
4465,$4004_const,1
4465,$4004_vol,7
4466,$4004_duty,3
4466,$4004_const,1
4466,$4004_vol,6
4467,$4012_addr,243
4467,$4013_len,28
4467,$4010_rate,15
4467,$4000_duty,3
4467,$4000_const,1
4467,$4000_vol,10
4467,$4002_period,453
4467,$400B_length,48
4467,$4004_duty,3
4467,$4004_const,1
4467,$4004_vol,5
4467,$4008_linear,127
4467,$400A_period,113
4467,$400B_length,48
4467,$400C_const,1
4467,$400C_vol,10
4468,$4008_linear,0
4468,$400C_const,1
4468,$400C_vol,7
4469,$4004_duty,3
4469,$4004_const,1
4469,$4004_vol,4
4469,$400C_const,1
4469,$400C_vol,0
4470,$4000_duty,1
4470,$4000_const,1
4470,$4000_vol,15
4470,$4002_period,427
4470,$400B_length,0
4470,$4004_duty,3
4470,$4004_const,1
4470,$4004_vol,15
4470,$4006_period,539
4470,$400A_period,113
4470,$400B_length,0
4470,$400E_period,11
4470,$400E_mode,0
4470,$400C_const,1
4470,$400C_vol,15
4471,$4006_period,1713
4471,$400E_period,14
4471,$400E_mode,0
4472,$4002_period,571
4472,$400B_length,17
4472,$4006_period,1143
4472,$400A_period,213
4472,$400B_length,16
4472,$400E_period,11
4472,$400E_mode,0
4472,$400C_const,1
4472,$400C_vol,7
4473,$4006_period,1713
4473,$400E_period,14
4473,$400E_mode,0
4474,$4012_addr,250
4474,$4013_len,11
4474,$4010_rate,14
4474,$4002_period,1019
4474,$400B_length,1
4474,$4006_period,571
4474,$400A_period,381
4474,$400B_length,0
4474,$400C_const,1
4474,$400C_vol,0
4475,$4004_duty,2
4475,$4004_const,1
4475,$4004_vol,15
4475,$4006_period,1359
4476,$4002_period,679
4476,$400B_length,17
4476,$4006_period,1713
4477,$4000_duty,1
4477,$4000_const,1
4477,$4000_vol,4
4477,$4006_period,4095
4478,$4004_duty,2
4478,$4004_const,1
4478,$4004_vol,4
4479,$4000_duty,1
4479,$4000_const,1
4479,$4000_vol,15
4479,$4002_period,1019
4479,$400B_length,1
4479,$4004_duty,2
4479,$4004_const,1
4479,$4004_vol,15
4479,$4006_period,4095
4480,$4000_duty,1
4480,$4000_const,1
4480,$4000_vol,4
4480,$4004_duty,2
4480,$4004_const,1
4480,$4004_vol,4
4481,$4012_addr,243
4481,$4013_len,28
4481,$4010_rate,15
4481,$4004_duty,2
4481,$4004_const,1
4481,$4004_vol,15
4481,$4006_period,4095
4482,$4000_duty,1
4482,$4000_const,1
4482,$4000_vol,15
4482,$4002_period,763
4482,$400B_length,17
4482,$4004_duty,2
4482,$4004_const,1
4482,$4004_vol,4
4483,$4000_duty,1
4483,$4000_const,1
4483,$4000_vol,4
4483,$4004_duty,2
4483,$4004_const,1
4483,$4004_vol,15
4483,$4006_period,4095
4484,$4004_duty,2
4484,$4004_const,1
4484,$4004_vol,4
4484,$400E_period,13
4484,$400E_mode,0
4484,$400C_const,1
4484,$400C_vol,10
4485,$4000_duty,1
4485,$4000_const,1
4485,$4000_vol,13
4485,$4002_period,719
4485,$400B_length,1
4485,$4004_duty,2
4485,$4004_const,1
4485,$4004_vol,15
4485,$4006_period,4095
4486,$4000_duty,1
4486,$4000_const,1
4486,$4000_vol,2
4486,$4004_duty,2
4486,$4004_const,1
4486,$4004_vol,4
4487,$4004_duty,2
4487,$4004_const,1
4487,$4004_vol,15
4487,$4006_period,4095
4488,$4012_addr,240
4488,$4013_len,11
4488,$4010_rate,15
4488,$4002_period,1921
4488,$400B_length,19
4488,$4004_duty,2
4488,$4004_const,1
4488,$4004_vol,4
4489,$4004_duty,2
4489,$4004_const,1
4489,$4004_vol,15
4489,$4006_period,2289
4490,$4000_duty,3
4490,$4000_const,1
4490,$4000_vol,15
4490,$4002_period,4095
4490,$400B_length,7
4490,$4006_period,2515
4491,$4000_duty,3
4491,$4000_const,1
4491,$4000_vol,12
4491,$4006_period,2581
4491,$4008_linear,127
4491,$400A_period,227
4491,$400B_length,16
4492,$4000_duty,3
4492,$4000_const,1
4492,$4000_vol,4
4492,$4008_linear,0
4492,$400C_const,1
4492,$400C_vol,0
4494,$4000_duty,3
4494,$4000_const,1
4494,$4000_vol,15
4494,$4002_period,1143
4494,$400B_length,18
4494,$4004_duty,2
4494,$4004_const,1
4494,$4004_vol,13
4494,$4006_period,1019
4494,$400A_period,151
4494,$400B_length,0
4494,$400E_period,9
4494,$400E_mode,0
4494,$400C_const,1
4494,$400C_vol,5
4495,$4012_addr,240
4495,$4013_len,11
4495,$4010_rate,15
4495,$4002_period,807
4495,$400B_length,1
4495,$4006_period,855
4495,$400E_period,8
4495,$400E_mode,0
4495,$400C_const,1
4495,$400C_vol,4
4496,$4002_period,679
4496,$400B_length,17
4496,$4006_period,605
4496,$4008_linear,127
4496,$400A_period,127
4496,$400B_length,16
4496,$400E_period,7
4496,$400E_mode,0
4496,$400C_const,1
4496,$400C_vol,3
4497,$4002_period,539
4497,$400B_length,1
4497,$4006_period,381
4497,$4008_linear,0
4497,$400E_period,6
4497,$400E_mode,0
4497,$400C_const,1
4497,$400C_vol,2
4498,$4002_period,453
4498,$400B_length,16
4498,$4006_period,321
4498,$400E_period,5
4498,$400E_mode,0
4498,$400C_const,1
4498,$400C_vol,1
4499,$4002_period,403
4499,$400B_length,0
4499,$4006_period,191
4499,$400A_period,95
4499,$400B_length,0
4499,$400E_period,4
4499,$400E_mode,0
4499,$400C_const,1
4499,$400C_vol,0
4500,$4002_period,339
4500,$400B_length,16
4500,$4004_duty,2
4500,$4004_const,1
4500,$4004_vol,5
4500,$4006_period,195
4500,$400E_period,3
4500,$400E_mode,0
4501,$4000_duty,2
4501,$4000_const,1
4501,$4000_vol,7
4501,$4002_period,329
4501,$400B_length,0
4501,$4008_linear,127
4501,$400A_period,89
4501,$400B_length,16
4501,$400E_period,2
4501,$400E_mode,0
4502,$4008_linear,0
4502,$400E_period,1
4502,$400E_mode,0
4508,$4004_duty,2
4508,$4004_const,1
4508,$4004_vol,1
4509,$4012_addr,250
4509,$4013_len,11
4509,$4010_rate,15
4509,$4000_duty,2
4509,$4000_const,1
4509,$4000_vol,4
4513,$4000_duty,2
4513,$4000_const,1
4513,$4000_vol,0
4513,$4004_duty,2
4513,$4004_const,1
4513,$4004_vol,0
4515,$4004_duty,2
4515,$4004_const,1
4515,$4004_vol,1
4515,$4006_period,195
4517,$4000_duty,2
4517,$4000_const,1
4517,$4000_vol,4
4517,$4002_period,329
4517,$400B_length,16
4523,$4012_addr,243
4523,$4013_len,28
4523,$4010_rate,15
4525,$4000_duty,2
4525,$4000_const,1
4525,$4000_vol,1
4528,$4004_duty,2
4528,$4004_const,1
4528,$4004_vol,0
4529,$4000_duty,2
4529,$4000_const,1
4529,$4000_vol,0
4533,$4000_duty,0
4533,$4000_const,1
4533,$4000_vol,8
4533,$4002_period,807
4533,$400B_length,33
4533,$4004_duty,3
4533,$4004_const,1
4533,$4004_vol,4
4533,$4006_period,1619
4533,$4008_linear,127
4533,$400A_period,227
4533,$400B_length,32
4533,$400E_period,2
4533,$400E_mode,0
4533,$400C_const,1
4533,$400C_vol,0
4534,$4008_linear,0
4535,$4000_duty,0
4535,$4000_const,1
4535,$4000_vol,0
4537,$4012_addr,250
4537,$4013_len,11
4537,$4010_rate,14
4537,$4004_duty,3
4537,$4004_const,1
4537,$4004_vol,0
4537,$4008_linear,127
4537,$400A_period,101
4537,$400B_length,48
4537,$400E_period,1
4537,$400E_mode,0
4537,$400C_const,1
4537,$400C_vol,8
4538,$4008_linear,0
4538,$400C_const,1
4538,$400C_vol,5
4539,$400C_const,1
4539,$400C_vol,0
4544,$4010_rate,14
4544,$4000_duty,0
4544,$4000_const,1
4544,$4000_vol,10
4544,$4002_period,605
4544,$400B_length,49
4544,$4004_duty,3
4544,$4004_const,1
4544,$4004_vol,15
4544,$4006_period,2427
4544,$4008_linear,127
4544,$400A_period,241
4544,$400B_length,32
4544,$400E_period,3
4544,$400E_mode,0
4544,$400C_const,1
4544,$400C_vol,8
4545,$4004_duty,3
4545,$4004_const,1
4545,$4004_vol,13
4545,$400C_const,1
4545,$400C_vol,5
4546,$4000_duty,0
4546,$4000_const,1
4546,$4000_vol,8
4546,$400C_const,1
4546,$400C_vol,0
4547,$4004_duty,3
4547,$4004_const,1
4547,$4004_vol,6
4548,$4008_linear,0
4549,$4000_duty,0
4549,$4000_const,1
4549,$4000_vol,0
4549,$4004_duty,3
4549,$4004_const,1
4549,$4004_vol,1
4550,$4004_duty,3
4550,$4004_const,1
4550,$4004_vol,0
4551,$4012_addr,240
4551,$4013_len,11
4551,$4010_rate,15
4551,$400E_period,2
4551,$400E_mode,0
4551,$400C_const,1
4551,$400C_vol,14
4552,$400C_const,1
4552,$400C_vol,11
4553,$400C_const,1
4553,$400C_vol,3
4558,$4012_addr,243
4558,$4013_len,28
4558,$4010_rate,15
4558,$4000_duty,0
4558,$4000_const,1
4558,$4000_vol,15
4558,$4002_period,1211
4558,$400B_length,34
4558,$4004_duty,3
4558,$4004_const,1
4558,$4004_vol,15
4558,$4006_period,2427
4558,$400E_period,1
4558,$400E_mode,0
4558,$400C_const,1
4558,$400C_vol,2
4559,$4000_duty,0
4559,$4000_const,1
4559,$4000_vol,13
4559,$4004_duty,3
4559,$4004_const,1
4559,$4004_vol,13
4559,$400C_const,1
4559,$400C_vol,0
4562,$4000_duty,0
4562,$4000_const,1
4562,$4000_vol,6
4564,$4000_duty,0
4564,$4000_const,1
4564,$4000_vol,1
4565,$4000_duty,0
4565,$4000_const,1
4565,$4000_vol,0
4565,$4004_duty,3
4565,$4004_const,1
4565,$4004_vol,6
4565,$400C_const,1
4565,$400C_vol,4
4566,$400C_const,1
4566,$400C_vol,1
4567,$4004_duty,3
4567,$4004_const,1
4567,$4004_vol,1
4567,$400C_const,1
4567,$400C_vol,0
4568,$4004_duty,3
4568,$4004_const,1
4568,$4004_vol,0
4569,$4004_duty,2
4569,$4004_const,1
4569,$4004_vol,6
4569,$4006_period,197
4570,$4004_duty,2
4570,$4004_const,1
4570,$4004_vol,9
4571,$4004_duty,2
4571,$4004_const,1
4571,$4004_vol,12
4572,$4012_addr,240
4572,$4013_len,11
4572,$4010_rate,15
4572,$4000_duty,0
4572,$4000_const,1
4572,$4000_vol,15
4572,$4002_period,1211
4572,$400B_length,50
4572,$4004_duty,2
4572,$4004_const,1
4572,$4004_vol,9
4572,$400E_period,2
4572,$400E_mode,0
4572,$400C_const,1
4572,$400C_vol,14
4573,$4000_duty,0
4573,$4000_const,1
4573,$4000_vol,6
4573,$4004_duty,2
4573,$4004_const,1
4573,$4004_vol,4
4573,$400C_const,1
4573,$400C_vol,11
4574,$4004_duty,3
4574,$4004_const,1
4574,$4004_vol,13
4574,$4006_period,2427
4574,$400C_const,1
4574,$400C_vol,3
4575,$4000_duty,0
4575,$4000_const,1
4575,$4000_vol,1
4575,$4004_duty,3
4575,$4004_const,1
4575,$4004_vol,6
4576,$4000_duty,0
4576,$4000_const,1
4576,$4000_vol,0
4577,$4004_duty,3
4577,$4004_const,1
4577,$4004_vol,1
4578,$4004_duty,3
4578,$4004_const,1
4578,$4004_vol,0
4579,$4010_rate,15
4579,$4000_duty,0
4579,$4000_const,1
4579,$4000_vol,15
4579,$4002_period,1211
4579,$400B_length,34
4579,$4004_duty,3
4579,$4004_const,1
4579,$4004_vol,15
4579,$4006_period,2427
4579,$400E_period,1
4579,$400E_mode,0
4579,$400C_const,1
4579,$400C_vol,2
4580,$4000_duty,0
4580,$4000_const,1
4580,$4000_vol,6
4580,$4004_duty,3
4580,$4004_const,1
4580,$4004_vol,13
4580,$400C_const,1
4580,$400C_vol,0
4582,$4000_duty,0
4582,$4000_const,1
4582,$4000_vol,1
4583,$4000_duty,0
4583,$4000_const,1
4583,$4000_vol,0
4586,$4012_addr,243
4586,$4013_len,28
4586,$4010_rate,15
4586,$4004_duty,3
4586,$4004_const,1
4586,$4004_vol,6
4586,$400C_const,1
4586,$400C_vol,4
4587,$400C_const,1
4587,$400C_vol,1
4588,$4004_duty,3
4588,$4004_const,1
4588,$4004_vol,1
4588,$400C_const,1
4588,$400C_vol,0
4589,$4004_duty,3
4589,$4004_const,1
4589,$4004_vol,0
4590,$4010_rate,15
4590,$400C_const,1
4590,$400C_vol,0
4593,$400E_period,4
4593,$400E_mode,0
4593,$400C_const,1
4593,$400C_vol,11
4594,$400C_const,1
4594,$400C_vol,10
4595,$400C_const,1
4595,$400C_vol,0
4600,$4010_rate,15
4600,$4004_duty,2
4600,$4004_const,1
4600,$4004_vol,4
4600,$4006_period,533
4600,$400E_period,1
4600,$400E_mode,0
4600,$400C_const,1
4600,$400C_vol,11
4601,$400C_const,1
4601,$400C_vol,8
4602,$400C_const,1
4602,$400C_vol,0
4604,$4004_duty,2
4604,$4004_const,1
4604,$4004_vol,3
4605,$4004_duty,2
4605,$4004_const,1
4605,$4004_vol,2
4606,$4004_duty,2
4606,$4004_const,1
4606,$4004_vol,1
4607,$4012_addr,240
4607,$4013_len,11
4607,$4010_rate,15
4607,$4000_duty,2
4607,$4000_const,1
4607,$4000_vol,4
4607,$4002_period,359
4607,$400B_length,48
4607,$4004_duty,2
4607,$4004_const,1
4607,$4004_vol,0
4607,$4008_linear,127
4607,$400A_period,227
4607,$400B_length,48
4607,$400E_period,3
4607,$400E_mode,0
4607,$400C_const,1
4607,$400C_vol,10
4608,$4000_duty,2
4608,$4000_const,1
4608,$4000_vol,8
4608,$4004_duty,2
4608,$4004_const,1
4608,$4004_vol,5
4608,$400C_const,1
4608,$400C_vol,7
4609,$4000_duty,2
4609,$4000_const,1
4609,$4000_vol,10
4609,$400C_const,1
4609,$400C_vol,0
4610,$4000_duty,2
4610,$4000_const,1
4610,$4000_vol,7
4610,$4006_period,511
4611,$4000_duty,2
4611,$4000_const,1
4611,$4000_vol,5
4612,$4000_duty,2
4612,$4000_const,1
4612,$4000_vol,0
4612,$4004_duty,2
4612,$4004_const,1
4612,$4004_vol,3
4612,$4006_period,595
4612,$4008_linear,0
4614,$4006_period,479
4614,$400E_period,2
4614,$400E_mode,0
4614,$400C_const,1
4614,$400C_vol,8
4615,$400C_const,1
4615,$400C_vol,5
4616,$4004_duty,2
4616,$4004_const,1
4616,$4004_vol,1
4616,$4006_period,563
4616,$400C_const,1
4616,$400C_vol,0
4617,$4006_period,505
4620,$4004_duty,3
4620,$4004_const,1
4620,$4004_vol,0
4620,$4006_period,1811
4621,$4012_addr,250
4621,$4013_len,11
4621,$4010_rate,15
4621,$4000_duty,2
4621,$4000_const,1
4621,$4000_vol,4
4621,$4002_period,359
4621,$400B_length,32
4621,$4004_duty,2
4621,$4004_const,1
4621,$4004_vol,11
4621,$4006_period,907
4621,$4008_linear,127
4621,$400A_period,227
4621,$400B_length,32
4621,$400E_period,1
4621,$400E_mode,0
4621,$400C_const,1
4621,$400C_vol,8
4622,$4000_duty,2
4622,$4000_const,1
4622,$4000_vol,8
4622,$4004_duty,3
4622,$4004_const,1
4622,$4004_vol,10
4622,$400C_const,1
4622,$400C_vol,5
4623,$4000_duty,2
4623,$4000_const,1
4623,$4000_vol,10
4623,$4004_duty,3
4623,$4004_const,1
4623,$4004_vol,9
4623,$400C_const,1
4623,$400C_vol,0
4624,$4000_duty,2
4624,$4000_const,1
4624,$4000_vol,7
4624,$4004_duty,3
4624,$4004_const,1
4624,$4004_vol,0
4625,$4000_duty,2
4625,$4000_const,1
4625,$4000_vol,5
4628,$4012_addr,240
4628,$4013_len,11
4628,$4010_rate,15
4628,$4004_duty,2
4628,$4004_const,1
4628,$4004_vol,13
4628,$4006_period,2427
4628,$400E_period,3
4628,$400E_mode,0
4628,$400C_const,1
4628,$400C_vol,8
4629,$4004_duty,3
4629,$4004_const,1
4629,$4004_vol,12
4629,$400C_const,1
4629,$400C_vol,5
4630,$4000_duty,2
4630,$4000_const,1
4630,$4000_vol,6
4630,$4004_duty,3
4630,$4004_const,1
4630,$4004_vol,11
4630,$400C_const,1
4630,$400C_vol,0
4631,$4004_duty,3
4631,$4004_const,1
4631,$4004_vol,10
4632,$4004_duty,3
4632,$4004_const,1
4632,$4004_vol,9
4633,$4004_duty,3
4633,$4004_const,1
4633,$4004_vol,8
4634,$4004_duty,3
4634,$4004_const,1
4634,$4004_vol,7
4635,$4010_rate,15
4635,$4000_duty,2
4635,$4000_const,1
4635,$4000_vol,7
4635,$4004_duty,3
4635,$4004_const,1
4635,$4004_vol,6
4635,$400C_const,1
4635,$400C_vol,10
4636,$4004_duty,3
4636,$4004_const,1
4636,$4004_vol,2
4636,$400C_const,1
4636,$400C_vol,7
4637,$400C_const,1
4637,$400C_vol,0
4640,$4000_duty,2
4640,$4000_const,1
4640,$4000_vol,8
4640,$4004_duty,3
4640,$4004_const,1
4640,$4004_vol,0
4640,$4008_linear,0
4642,$4004_duty,2
4642,$4004_const,1
4642,$4004_vol,13
4642,$4006_period,2427
4642,$400E_period,2
4642,$400E_mode,0
4642,$400C_const,1
4642,$400C_vol,8
4643,$4004_duty,3
4643,$4004_const,1
4643,$4004_vol,12
4643,$400C_const,1
4643,$400C_vol,5
4644,$4004_duty,3
4644,$4004_const,1
4644,$4004_vol,11
4644,$400C_const,1
4644,$400C_vol,0
4645,$4000_duty,2
4645,$4000_const,1
4645,$4000_vol,9
4645,$4004_duty,3
4645,$4004_const,1
4645,$4004_vol,10
4646,$4004_duty,3
4646,$4004_const,1
4646,$4004_vol,9
4647,$4000_duty,2
4647,$4000_const,1
4647,$4000_vol,0
4647,$4004_duty,3
4647,$4004_const,1
4647,$4004_vol,8
4648,$4004_duty,3
4648,$4004_const,1
4648,$4004_vol,7
4649,$4012_addr,250
4649,$4013_len,11
4649,$4010_rate,14
4649,$4000_duty,2
4649,$4000_const,1
4649,$4000_vol,4
4649,$4002_period,339
4649,$400B_length,48
4649,$4004_duty,3
4649,$4004_const,1
4649,$4004_vol,6
4649,$4008_linear,127
4649,$400A_period,201
4649,$400B_length,48
4649,$400E_period,1
4649,$400E_mode,0
4649,$400C_const,1
4649,$400C_vol,8
4650,$4000_duty,2
4650,$4000_const,1
4650,$4000_vol,8
4650,$4004_duty,3
4650,$4004_const,1
4650,$4004_vol,2
4650,$400C_const,1
4650,$400C_vol,5
4651,$4000_duty,2
4651,$4000_const,1
4651,$4000_vol,10
4651,$4004_duty,2
4651,$4004_const,1
4651,$4004_vol,15
4651,$4006_period,321
4651,$400C_const,1
4651,$400C_vol,0
4652,$4000_duty,2
4652,$4000_const,1
4652,$4000_vol,7
4652,$4006_period,269
4653,$4000_duty,2
4653,$4000_const,1
4653,$4000_vol,5
4653,$4004_duty,2
4653,$4004_const,1
4653,$4004_vol,6
4653,$4006_period,339
4654,$4000_duty,2
4654,$4000_const,1
4654,$4000_vol,0
4654,$4006_period,427
4654,$4008_linear,0
4655,$4006_period,509
4656,$4010_rate,14
4656,$4000_duty,2
4656,$4000_const,1
4656,$4000_vol,4
4656,$4002_period,321
4656,$400B_length,32
4656,$4006_period,605
4656,$4008_linear,127
4656,$400A_period,191
4656,$400B_length,32
4656,$400E_period,3
4656,$400E_mode,0
4656,$400C_const,1
4656,$400C_vol,8
4657,$4000_duty,2
4657,$4000_const,1
4657,$4000_vol,8
4657,$4006_period,719
4657,$400C_const,1
4657,$400C_vol,5
4658,$4000_duty,2
4658,$4000_const,1
4658,$4000_vol,10
4658,$4004_duty,3
4658,$4004_const,1
4658,$4004_vol,10
4658,$4006_period,907
4658,$400C_const,1
4658,$400C_vol,0
4659,$4000_duty,2
4659,$4000_const,1
4659,$4000_vol,7
4659,$4004_duty,3
4659,$4004_const,1
4659,$4004_vol,1
4660,$4000_duty,2
4660,$4000_const,1
4660,$4000_vol,5
4661,$4000_duty,2
4661,$4000_const,1
4661,$4000_vol,0
4661,$4008_linear,0
4663,$4012_addr,240
4663,$4013_len,11
4663,$4010_rate,15
4663,$4000_duty,2
4663,$4000_const,1
4663,$4000_vol,4
4663,$4002_period,303
4663,$400B_length,48
4663,$4004_duty,2
4663,$4004_const,1
4663,$4004_vol,15
4663,$4006_period,1811
4663,$4008_linear,127
4663,$400A_period,179
4663,$400B_length,48
4663,$400C_const,1
4663,$400C_vol,10
4664,$4000_duty,2
4664,$4000_const,1
4664,$4000_vol,8
4664,$4004_duty,3
4664,$4004_const,1
4664,$4004_vol,14
4664,$400C_const,1
4664,$400C_vol,7
4665,$4000_duty,2
4665,$4000_const,1
4665,$4000_vol,10
4665,$4004_duty,3
4665,$4004_const,1
4665,$4004_vol,13
4665,$400C_const,1
4665,$400C_vol,0
4666,$4000_duty,2
4666,$4000_const,1
4666,$4000_vol,7
4666,$4004_duty,3
4666,$4004_const,1
4666,$4004_vol,12
4667,$4000_duty,2
4667,$4000_const,1
4667,$4000_vol,5
4667,$4004_duty,3
4667,$4004_const,1
4667,$4004_vol,11
4668,$4000_duty,2
4668,$4000_const,1
4668,$4000_vol,0
4668,$4004_duty,3
4668,$4004_const,1
4668,$4004_vol,10
4668,$4008_linear,0
4669,$4004_duty,3
4669,$4004_const,1
4669,$4004_vol,9
4670,$4000_duty,2
4670,$4000_const,1
4670,$4000_vol,4
4670,$4002_period,359
4670,$400B_length,32
4670,$4004_duty,3
4670,$4004_const,1
4670,$4004_vol,8
4670,$4008_linear,127
4670,$400A_period,227
4670,$400B_length,32
4670,$400E_period,2
4670,$400E_mode,0
4670,$400C_const,1
4670,$400C_vol,8
4671,$4000_duty,2
4671,$4000_const,1
4671,$4000_vol,8
4671,$4004_duty,3
4671,$4004_const,1
4671,$4004_vol,4
4671,$400C_const,1
4671,$400C_vol,5
4672,$4000_duty,2
4672,$4000_const,1
4672,$4000_vol,10
4672,$400C_const,1
4672,$400C_vol,0
4673,$4000_duty,2
4673,$4000_const,1
4673,$4000_vol,7
4674,$4000_duty,2
4674,$4000_const,1
4674,$4000_vol,5
4675,$4000_duty,2
4675,$4000_const,1
4675,$4000_vol,0
4675,$4004_duty,3
4675,$4004_const,1
4675,$4004_vol,0
4675,$4008_linear,0
4677,$4012_addr,250
4677,$4013_len,11
4677,$4010_rate,15
4677,$4004_duty,2
4677,$4004_const,1
4677,$4004_vol,11
4677,$4006_period,907
4677,$400E_period,1
4677,$400E_mode,0
4677,$400C_const,1
4677,$400C_vol,8
4678,$4004_duty,3
4678,$4004_const,1
4678,$4004_vol,10
4678,$400C_const,1
4678,$400C_vol,5
4679,$4004_duty,3
4679,$4004_const,1
4679,$4004_vol,9
4679,$400C_const,1
4679,$400C_vol,0
4680,$4004_duty,3
4680,$4004_const,1
4680,$4004_vol,0
4684,$4012_addr,240
4684,$4013_len,11
4684,$4010_rate,15
4684,$4000_duty,2
4684,$4000_const,1
4684,$4000_vol,4
4684,$4002_period,303
4684,$400B_length,48
4684,$4004_duty,2
4684,$4004_const,1
4684,$4004_vol,13
4684,$4006_period,2427
4684,$4008_linear,127
4684,$400A_period,179
4684,$400B_length,48
4684,$400E_period,3
4684,$400E_mode,0
4684,$400C_const,1
4684,$400C_vol,8
4685,$4000_duty,2
4685,$4000_const,1
4685,$4000_vol,8
4685,$4004_duty,3
4685,$4004_const,1
4685,$4004_vol,12
4685,$400C_const,1
4685,$400C_vol,5
4686,$4000_duty,2
4686,$4000_const,1
4686,$4000_vol,10
4686,$4004_duty,3
4686,$4004_const,1
4686,$4004_vol,11
4686,$400C_const,1
4686,$400C_vol,0
4687,$4000_duty,2
4687,$4000_const,1
4687,$4000_vol,7
4687,$4004_duty,3
4687,$4004_const,1
4687,$4004_vol,10
4688,$4000_duty,2
4688,$4000_const,1
4688,$4000_vol,5
4688,$4004_duty,3
4688,$4004_const,1
4688,$4004_vol,9
4689,$4000_duty,2
4689,$4000_const,1
4689,$4000_vol,0
4689,$4004_duty,3
4689,$4004_const,1
4689,$4004_vol,8
4689,$4008_linear,0
4690,$4004_duty,3
4690,$4004_const,1
4690,$4004_vol,7
4691,$4012_addr,243
4691,$4013_len,28
4691,$4010_rate,15
4691,$4000_duty,2
4691,$4000_const,1
4691,$4000_vol,4
4691,$4002_period,179
4691,$400B_length,32
4691,$4004_duty,3
4691,$4004_const,1
4691,$4004_vol,6
4691,$4008_linear,127
4691,$400A_period,113
4691,$400B_length,32
4691,$400C_const,1
4691,$400C_vol,10
4692,$4000_duty,2
4692,$4000_const,1
4692,$4000_vol,8
4692,$4004_duty,3
4692,$4004_const,1
4692,$4004_vol,2
4692,$400C_const,1
4692,$400C_vol,7
4693,$4000_duty,2
4693,$4000_const,1
4693,$4000_vol,10
4693,$400C_const,1
4693,$400C_vol,0
4694,$4000_duty,2
4694,$4000_const,1
4694,$4000_vol,7
4695,$4000_duty,2
4695,$4000_const,1
4695,$4000_vol,5
4696,$4000_duty,2
4696,$4000_const,1
4696,$4000_vol,0
4696,$4004_duty,3
4696,$4004_const,1
4696,$4004_vol,0
4696,$4008_linear,0
4698,$4000_duty,2
4698,$4000_const,1
4698,$4000_vol,4
4698,$4002_period,227
4698,$400B_length,48
4698,$4004_duty,2
4698,$4004_const,1
4698,$4004_vol,13
4698,$4006_period,2427
4698,$4008_linear,127
4698,$400A_period,151
4698,$400B_length,48
4698,$400E_period,2
4698,$400E_mode,0
4698,$400C_const,1
4698,$400C_vol,8
4699,$4000_duty,2
4699,$4000_const,1
4699,$4000_vol,8
4699,$4004_duty,3
4699,$4004_const,1
4699,$4004_vol,12
4699,$400C_const,1
4699,$400C_vol,5
4700,$4000_duty,2
4700,$4000_const,1
4700,$4000_vol,10
4700,$4004_duty,3
4700,$4004_const,1
4700,$4004_vol,11
4700,$400C_const,1
4700,$400C_vol,0
4701,$4000_duty,2
4701,$4000_const,1
4701,$4000_vol,7
4701,$4004_duty,3
4701,$4004_const,1
4701,$4004_vol,10
4702,$4000_duty,2
4702,$4000_const,1
4702,$4000_vol,5
4702,$4004_duty,3
4702,$4004_const,1
4702,$4004_vol,9
4703,$4000_duty,2
4703,$4000_const,1
4703,$4000_vol,0
4703,$4004_duty,3
4703,$4004_const,1
4703,$4004_vol,8
4703,$4008_linear,0
4704,$4004_duty,3
4704,$4004_const,1
4704,$4004_vol,7
4705,$4012_addr,250
4705,$4013_len,11
4705,$4010_rate,14
4705,$4000_duty,2
4705,$4000_const,1
4705,$4000_vol,4
4705,$4002_period,303
4705,$400B_length,32
4705,$4004_duty,3
4705,$4004_const,1
4705,$4004_vol,6
4705,$4008_linear,127
4705,$400A_period,179
4705,$400B_length,32
4705,$400E_period,1
4705,$400E_mode,0
4705,$400C_const,1
4705,$400C_vol,8
4706,$4000_duty,2
4706,$4000_const,1
4706,$4000_vol,8
4706,$4004_duty,3
4706,$4004_const,1
4706,$4004_vol,2
4706,$400C_const,1
4706,$400C_vol,5
4707,$4000_duty,2
4707,$4000_const,1
4707,$4000_vol,10
4707,$400C_const,1
4707,$400C_vol,0
4708,$4000_duty,2
4708,$4000_const,1
4708,$4000_vol,7
4709,$4000_duty,2
4709,$4000_const,1
4709,$4000_vol,5
4710,$4000_duty,2
4710,$4000_const,1
4710,$4000_vol,0
4710,$4004_duty,3
4710,$4004_const,1
4710,$4004_vol,0
4710,$4008_linear,0
4712,$4010_rate,14
4712,$4000_duty,2
4712,$4000_const,1
4712,$4000_vol,4
4712,$4002_period,359
4712,$400B_length,48
4712,$4004_duty,2
4712,$4004_const,1
4712,$4004_vol,12
4712,$4006_period,907
4712,$4008_linear,127
4712,$400A_period,227
4712,$400B_length,48
4712,$400E_period,3
4712,$400E_mode,0
4712,$400C_const,1
4712,$400C_vol,8
4713,$4000_duty,2
4713,$4000_const,1
4713,$4000_vol,8
4713,$4004_duty,3
4713,$4004_const,1
4713,$4004_vol,11
4713,$400C_const,1
4713,$400C_vol,5
4714,$4000_duty,2
4714,$4000_const,1
4714,$4000_vol,10
4714,$4004_duty,3
4714,$4004_const,1
4714,$4004_vol,10
4714,$400C_const,1
4714,$400C_vol,0
4715,$4000_duty,2
4715,$4000_const,1
4715,$4000_vol,7
4715,$4004_duty,3
4715,$4004_const,1
4715,$4004_vol,1
4716,$4000_duty,2
4716,$4000_const,1
4716,$4000_vol,5
4717,$4000_duty,2
4717,$4000_const,1
4717,$4000_vol,0
4717,$4008_linear,0
4719,$4012_addr,240
4719,$4013_len,11
4719,$4010_rate,15
4719,$4000_duty,2
4719,$4000_const,1
4719,$4000_vol,4
4719,$4002_period,403
4719,$400B_length,32
4719,$4004_duty,2
4719,$4004_const,1
4719,$4004_vol,15
4719,$4006_period,1921
4719,$4008_linear,127
4719,$400A_period,241
4719,$400B_length,32
4719,$400C_const,1
4719,$400C_vol,10
4720,$4000_duty,2
4720,$4000_const,1
4720,$4000_vol,8
4720,$4004_duty,3
4720,$4004_const,1
4720,$4004_vol,14
4720,$400C_const,1
4720,$400C_vol,7
4721,$4000_duty,2
4721,$4000_const,1
4721,$4000_vol,10
4721,$4004_duty,3
4721,$4004_const,1
4721,$4004_vol,13
4721,$400C_const,1
4721,$400C_vol,0
4722,$4000_duty,2
4722,$4000_const,1
4722,$4000_vol,7
4722,$4004_duty,3
4722,$4004_const,1
4722,$4004_vol,12
4723,$4000_duty,2
4723,$4000_const,1
4723,$4000_vol,5
4723,$4004_duty,3
4723,$4004_const,1
4723,$4004_vol,11
4724,$4000_duty,2
4724,$4000_const,1
4724,$4000_vol,0
4724,$4004_duty,3
4724,$4004_const,1
4724,$4004_vol,10
4724,$4008_linear,0
4725,$4004_duty,3
4725,$4004_const,1
4725,$4004_vol,9
4726,$4004_duty,3
4726,$4004_const,1
4726,$4004_vol,8
4726,$400E_period,2
4726,$400E_mode,0
4726,$400C_const,1
4726,$400C_vol,8
4727,$4004_duty,3
4727,$4004_const,1
4727,$4004_vol,4
4727,$400C_const,1
4727,$400C_vol,5
4728,$400C_const,1
4728,$400C_vol,0
4731,$4004_duty,3
4731,$4004_const,1
4731,$4004_vol,0
4733,$4012_addr,250
4733,$4013_len,11
4733,$4010_rate,15
4733,$4000_duty,2
4733,$4000_const,1
4733,$4000_vol,4
4733,$4002_period,403
4733,$400B_length,48
4733,$4004_duty,2
4733,$4004_const,1
4733,$4004_vol,11
4733,$4006_period,961
4733,$4008_linear,127
4733,$400A_period,241
4733,$400B_length,48
4733,$400E_period,1
4733,$400E_mode,0
4733,$400C_const,1
4733,$400C_vol,8
4734,$4000_duty,2
4734,$4000_const,1
4734,$4000_vol,8
4734,$4004_duty,3
4734,$4004_const,1
4734,$4004_vol,10
4734,$400C_const,1
4734,$400C_vol,5
4735,$4000_duty,2
4735,$4000_const,1
4735,$4000_vol,10
4735,$4004_duty,3
4735,$4004_const,1
4735,$4004_vol,9
4735,$400C_const,1
4735,$400C_vol,0
4736,$4000_duty,2
4736,$4000_const,1
4736,$4000_vol,7
4736,$4004_duty,3
4736,$4004_const,1
4736,$4004_vol,0
4737,$4000_duty,2
4737,$4000_const,1
4737,$4000_vol,5
4740,$4012_addr,240
4740,$4013_len,11
4740,$4010_rate,15
4740,$4004_duty,2
4740,$4004_const,1
4740,$4004_vol,13
4740,$4006_period,2427
4740,$400E_period,3
4740,$400E_mode,0
4740,$400C_const,1
4740,$400C_vol,8
4741,$4004_duty,3
4741,$4004_const,1
4741,$4004_vol,12
4741,$400C_const,1
4741,$400C_vol,5
4742,$4000_duty,2
4742,$4000_const,1
4742,$4000_vol,6
4742,$4004_duty,3
4742,$4004_const,1
4742,$4004_vol,11
4742,$400C_const,1
4742,$400C_vol,0
4743,$4004_duty,3
4743,$4004_const,1
4743,$4004_vol,10
4744,$4004_duty,3
4744,$4004_const,1
4744,$4004_vol,9
4745,$4004_duty,3
4745,$4004_const,1
4745,$4004_vol,8
4746,$4004_duty,3
4746,$4004_const,1
4746,$4004_vol,7
4747,$4010_rate,15
4747,$4000_duty,2
4747,$4000_const,1
4747,$4000_vol,7
4747,$4004_duty,3
4747,$4004_const,1
4747,$4004_vol,6
4747,$400C_const,1
4747,$400C_vol,10
4748,$4004_duty,3
4748,$4004_const,1
4748,$4004_vol,2
4748,$400C_const,1
4748,$400C_vol,7
4749,$400C_const,1
4749,$400C_vol,0
4752,$4000_duty,2
4752,$4000_const,1
4752,$4000_vol,0
4752,$4004_duty,3
4752,$4004_const,1
4752,$4004_vol,0
4752,$4008_linear,0
4754,$4000_duty,2
4754,$4000_const,1
4754,$4000_vol,4
4754,$4002_period,481
4754,$400B_length,32
4754,$4004_duty,2
4754,$4004_const,1
4754,$4004_vol,13
4754,$4006_period,2427
4754,$4008_linear,127
4754,$400A_period,303
4754,$400B_length,32
4754,$400E_period,2
4754,$400E_mode,0
4754,$400C_const,1
4754,$400C_vol,8
4755,$4000_duty,2
4755,$4000_const,1
4755,$4000_vol,8
4755,$4004_duty,3
4755,$4004_const,1
4755,$4004_vol,12
4755,$400C_const,1
4755,$400C_vol,5
4756,$4000_duty,2
4756,$4000_const,1
4756,$4000_vol,10
4756,$4004_duty,3
4756,$4004_const,1
4756,$4004_vol,11
4756,$400C_const,1
4756,$400C_vol,0
4757,$4000_duty,2
4757,$4000_const,1
4757,$4000_vol,7
4757,$4004_duty,3
4757,$4004_const,1
4757,$4004_vol,10
4758,$4000_duty,2
4758,$4000_const,1
4758,$4000_vol,5
4758,$4004_duty,3
4758,$4004_const,1
4758,$4004_vol,9
4759,$4000_duty,2
4759,$4000_const,1
4759,$4000_vol,0
4759,$4004_duty,3
4759,$4004_const,1
4759,$4004_vol,8
4759,$4008_linear,0
4760,$4004_duty,3
4760,$4004_const,1
4760,$4004_vol,7
4761,$4012_addr,250
4761,$4013_len,11
4761,$4010_rate,14
4761,$4000_duty,2
4761,$4000_const,1
4761,$4000_vol,4
4761,$4002_period,321
4761,$400B_length,48
4761,$4004_duty,3
4761,$4004_const,1
4761,$4004_vol,6
4761,$4008_linear,127
4761,$400A_period,241
4761,$400B_length,48
4761,$400E_period,1
4761,$400E_mode,0
4761,$400C_const,1
4761,$400C_vol,8
4762,$4000_duty,2
4762,$4000_const,1
4762,$4000_vol,8
4762,$4004_duty,3
4762,$4004_const,1
4762,$4004_vol,2
4762,$400C_const,1
4762,$400C_vol,5
4763,$4000_duty,2
4763,$4000_const,1
4763,$4000_vol,10
4763,$400C_const,1
4763,$400C_vol,0
4764,$4000_duty,2
4764,$4000_const,1
4764,$4000_vol,7
4765,$4000_duty,2
4765,$4000_const,1
4765,$4000_vol,5
4766,$4000_duty,2
4766,$4000_const,1
4766,$4000_vol,0
4766,$4004_duty,3
4766,$4004_const,1
4766,$4004_vol,0
4766,$4008_linear,0
4768,$4010_rate,14
4768,$4000_duty,2
4768,$4000_const,1
4768,$4000_vol,4
4768,$4002_period,303
4768,$400B_length,32
4768,$4004_duty,2
4768,$4004_const,1
4768,$4004_vol,12
4768,$4006_period,961
4768,$4008_linear,127
4768,$400A_period,201
4768,$400B_length,32
4768,$400E_period,3
4768,$400E_mode,0
4768,$400C_const,1
4768,$400C_vol,8
4769,$4000_duty,2
4769,$4000_const,1
4769,$4000_vol,8
4769,$4004_duty,3
4769,$4004_const,1
4769,$4004_vol,11
4769,$400C_const,1
4769,$400C_vol,5
4770,$4000_duty,2
4770,$4000_const,1
4770,$4000_vol,10
4770,$4004_duty,3
4770,$4004_const,1
4770,$4004_vol,10
4770,$400C_const,1
4770,$400C_vol,0
4771,$4000_duty,2
4771,$4000_const,1
4771,$4000_vol,7
4771,$4004_duty,3
4771,$4004_const,1
4771,$4004_vol,1
4772,$4000_duty,2
4772,$4000_const,1
4772,$4000_vol,5
4773,$4000_duty,2
4773,$4000_const,1
4773,$4000_vol,0
4773,$4008_linear,0
4775,$4012_addr,240
4775,$4013_len,11
4775,$4010_rate,15
4775,$4004_duty,2
4775,$4004_const,1
4775,$4004_vol,15
4775,$4006_period,1921
4775,$400C_const,1
4775,$400C_vol,10
4776,$4004_duty,3
4776,$4004_const,1
4776,$4004_vol,14
4776,$400C_const,1
4776,$400C_vol,7
4777,$4004_duty,3
4777,$4004_const,1
4777,$4004_vol,13
4777,$400C_const,1
4777,$400C_vol,0
4778,$4004_duty,3
4778,$4004_const,1
4778,$4004_vol,12
4779,$4004_duty,3
4779,$4004_const,1
4779,$4004_vol,11
4780,$4004_duty,3
4780,$4004_const,1
4780,$4004_vol,10
4781,$4004_duty,3
4781,$4004_const,1
4781,$4004_vol,9
4782,$4004_duty,3
4782,$4004_const,1
4782,$4004_vol,8
4782,$400E_period,2
4782,$400E_mode,0
4782,$400C_const,1
4782,$400C_vol,8
4783,$4004_duty,3
4783,$4004_const,1
4783,$4004_vol,4
4783,$400C_const,1
4783,$400C_vol,5
4784,$400C_const,1
4784,$400C_vol,0
4787,$4004_duty,3
4787,$4004_const,1
4787,$4004_vol,0
4789,$4012_addr,250
4789,$4013_len,11
4789,$4010_rate,15
4789,$4000_duty,2
4789,$4000_const,1
4789,$4000_vol,5
4789,$4002_period,121
4789,$400B_length,48
4789,$4004_duty,2
4789,$4004_const,1
4789,$4004_vol,11
4789,$4006_period,961
4789,$4008_linear,127
4789,$400A_period,75
4789,$400B_length,48
4789,$400E_period,1
4789,$400E_mode,0
4789,$400C_const,1
4789,$400C_vol,8
4790,$4004_duty,3
4790,$4004_const,1
4790,$4004_vol,10
4790,$4008_linear,0
4790,$400C_const,1
4790,$400C_vol,5
4791,$4000_duty,2
4791,$4000_const,1
4791,$4000_vol,0
4791,$4004_duty,3
4791,$4004_const,1
4791,$4004_vol,9
4791,$400C_const,1
4791,$400C_vol,0
4792,$4004_duty,3
4792,$4004_const,1
4792,$4004_vol,0
4796,$4012_addr,240
4796,$4013_len,11
4796,$4010_rate,15
4796,$4000_duty,2
4796,$4000_const,1
4796,$4000_vol,5
4796,$4002_period,135
4796,$400B_length,32
4796,$4004_duty,2
4796,$4004_const,1
4796,$4004_vol,13
4796,$4006_period,2427
4796,$4008_linear,127
4796,$400A_period,101
4796,$400B_length,32
4796,$400E_period,3
4796,$400E_mode,0
4796,$400C_const,1
4796,$400C_vol,8
4797,$4004_duty,3
4797,$4004_const,1
4797,$4004_vol,12
4797,$4008_linear,0
4797,$400C_const,1
4797,$400C_vol,5
4798,$4000_duty,2
4798,$4000_const,1
4798,$4000_vol,0
4798,$4004_duty,3
4798,$4004_const,1
4798,$4004_vol,11
4798,$400C_const,1
4798,$400C_vol,0
4799,$4004_duty,3
4799,$4004_const,1
4799,$4004_vol,10
