frame,parameter,value
1,$4010_rate,15
1,$4004_duty,2
1,$4004_const,1
1,$4004_vol,5
1,$4006_period,571
1,$4008_linear,127
1,$400A_period,255
1,$400B_length,32
1,$400E_period,4
1,$400E_mode,0
1,$400C_const,1
1,$400C_vol,9
2,$4004_duty,2
2,$4004_const,1
2,$4004_vol,3
2,$400C_const,1
2,$400C_vol,6
3,$400C_const,1
3,$400C_vol,4
4,$4008_linear,0
4,$400C_const,1
4,$400C_vol,2
5,$4004_duty,2
5,$4004_const,1
5,$4004_vol,0
5,$400C_const,1
5,$400C_vol,0
12,$4010_rate,0
14,$4011_dac,0
15,$4000_duty,0
15,$4000_const,1
15,$4000_vol,0
15,$4001_sweep,127
15,$4002_period,3585
15,$400B_length,255
15,$4004_duty,0
15,$4004_const,1
15,$4004_vol,0
15,$4005_sweep,127
15,$4006_period,3585
15,$4008_linear,0
15,$400A_period,1
15,$400B_length,0
15,$400E_period,0
15,$400E_mode,0
15,$400C_const,1
15,$400C_vol,0
15,$4011_dac,127
16,$4011_dac,127
17,$4011_dac,127
18,$4012_addr,243
18,$4013_len,28
18,$4010_rate,15
18,$4000_duty,2
18,$4000_const,1
18,$4000_vol,15
18,$4002_period,1619
18,$400B_length,35
18,$4004_duty,2
18,$4004_const,1
18,$4004_vol,15
18,$4006_period,3237
19,$4000_duty,3
19,$4000_const,1
19,$4000_vol,14
19,$4004_duty,3
19,$4004_const,1
19,$4004_vol,14
20,$4000_duty,3
20,$4000_const,1
20,$4000_vol,13
20,$4004_duty,3
20,$4004_const,1
20,$4004_vol,13
21,$4000_duty,3
21,$4000_const,1
21,$4000_vol,4
21,$4004_duty,3
21,$4004_const,1
21,$4004_vol,4
25,$4000_duty,2
25,$4000_const,1
25,$4000_vol,10
25,$4002_period,807
25,$400B_length,49
25,$4004_duty,2
25,$4004_const,1
25,$4004_vol,15
25,$4006_period,1619
26,$4000_duty,3
26,$4000_const,1
26,$4000_vol,9
26,$4004_duty,3
26,$4004_const,1
26,$4004_vol,14
27,$4000_duty,3
27,$4000_const,1
27,$4000_vol,8
27,$4004_duty,3
27,$4004_const,1
27,$4004_vol,13
28,$4000_duty,3
28,$4000_const,1
28,$4000_vol,7
28,$4004_duty,3
28,$4004_const,1
28,$4004_vol,4
29,$4000_duty,3
29,$4000_const,1
29,$4000_vol,0
32,$4004_duty,3
32,$4004_const,1
32,$4004_vol,0
39,$4010_rate,15
39,$4000_duty,2
39,$4000_const,1
39,$4000_vol,10
39,$4002_period,807
39,$400B_length,33
39,$4004_duty,2
39,$4004_const,1
39,$4004_vol,15
39,$4006_period,1619
40,$4000_duty,3
40,$4000_const,1
40,$4000_vol,9
40,$4004_duty,3
40,$4004_const,1
40,$4004_vol,14
41,$4000_duty,3
41,$4000_const,1
41,$4000_vol,8
41,$4004_duty,3
41,$4004_const,1
41,$4004_vol,13
42,$4000_duty,3
42,$4000_const,1
42,$4000_vol,7
42,$4004_duty,3
42,$4004_const,1
42,$4004_vol,4
43,$4000_duty,3
43,$4000_const,1
43,$4000_vol,0
46,$4012_addr,240
46,$4013_len,11
46,$4010_rate,15
46,$4000_duty,2
46,$4000_const,1
46,$4000_vol,10
46,$4002_period,719
46,$400B_length,49
46,$4004_duty,2
46,$4004_const,1
46,$4004_vol,15
46,$4006_period,1811
47,$4000_duty,3
47,$4000_const,1
47,$4000_vol,9
47,$4004_duty,3
47,$4004_const,1
47,$4004_vol,14
48,$4000_duty,3
48,$4000_const,1
48,$4000_vol,8
48,$4004_duty,3
48,$4004_const,1
48,$4004_vol,13
49,$4000_duty,3
49,$4000_const,1
49,$4000_vol,7
49,$4004_duty,3
49,$4004_const,1
49,$4004_vol,4
50,$4000_duty,3
50,$4000_const,1
50,$4000_vol,0
53,$4004_duty,3
53,$4004_const,1
53,$4004_vol,0
60,$4012_addr,243
60,$4013_len,28
60,$4010_rate,15
60,$4000_duty,2
60,$4000_const,1
60,$4000_vol,10
60,$4002_period,679
60,$400B_length,33
60,$4004_duty,2
60,$4004_const,1
60,$4004_vol,15
60,$4006_period,1921
61,$4000_duty,3
61,$4000_const,1
61,$4000_vol,9
61,$4004_duty,3
61,$4004_const,1
61,$4004_vol,14
62,$4000_duty,3
62,$4000_const,1
62,$4000_vol,8
62,$4004_duty,3
62,$4004_const,1
62,$4004_vol,13
63,$4000_duty,3
63,$4000_const,1
63,$4000_vol,7
63,$4004_duty,3
63,$4004_const,1
63,$4004_vol,4
64,$4000_duty,3
64,$4000_const,1
64,$4000_vol,0
67,$4004_duty,3
67,$4004_const,1
67,$4004_vol,0
74,$4010_rate,15
74,$4000_duty,2
74,$4000_const,1
74,$4000_vol,10
74,$4002_period,641
74,$400B_length,49
74,$4004_duty,2
74,$4004_const,1
74,$4004_vol,15
74,$4006_period,2157
75,$4000_duty,3
75,$4000_const,1
75,$4000_vol,9
75,$4004_duty,3
75,$4004_const,1
75,$4004_vol,14
76,$4000_duty,3
76,$4000_const,1
76,$4000_vol,8
76,$4004_duty,3
76,$4004_const,1
76,$4004_vol,13
77,$4000_duty,3
77,$4000_const,1
77,$4000_vol,7
77,$4004_duty,3
77,$4004_const,1
77,$4004_vol,4
78,$4000_duty,3
78,$4000_const,1
78,$4000_vol,0
81,$4004_duty,3
81,$4004_const,1
81,$4004_vol,0
88,$4000_duty,2
88,$4000_const,1
88,$4000_vol,6
88,$4002_period,151
88,$400B_length,32
88,$4004_duty,2
88,$4004_const,1
88,$4004_vol,7
88,$4006_period,135
90,$4000_duty,1
90,$4000_const,1
90,$4000_vol,4
90,$4004_duty,1
90,$4004_const,1
90,$4004_vol,5
91,$4000_duty,0
91,$4000_const,1
91,$4000_vol,3
91,$4004_duty,0
91,$4004_const,1
91,$4004_vol,4
92,$4000_duty,0
92,$4000_const,1
92,$4000_vol,0
92,$4004_duty,0
92,$4004_const,1
92,$4004_vol,0
95,$4012_addr,240
95,$4013_len,11
95,$4010_rate,15
95,$4000_duty,2
95,$4000_const,1
95,$4000_vol,3
95,$4002_period,151
95,$400B_length,48
95,$4004_duty,2
95,$4004_const,1
95,$4004_vol,3
95,$4006_period,135
97,$4000_duty,1
97,$4000_const,1
97,$4000_vol,1
97,$4004_duty,1
97,$4004_const,1
97,$4004_vol,1
98,$4000_duty,0
98,$4000_const,1
98,$4000_vol,0
98,$4004_duty,0
98,$4004_const,1
98,$4004_vol,0
102,$4010_rate,15
102,$4000_duty,2
102,$4000_const,1
102,$4000_vol,6
102,$4002_period,161
102,$400B_length,32
102,$4004_duty,2
102,$4004_const,1
102,$4004_vol,7
102,$4006_period,101
104,$4000_duty,1
104,$4000_const,1
104,$4000_vol,4
104,$4004_duty,1
104,$4004_const,1
104,$4004_vol,5
105,$4000_duty,0
105,$4000_const,1
105,$4000_vol,3
105,$4004_duty,0
105,$4004_const,1
105,$4004_vol,4
106,$4000_duty,0
106,$4000_const,1
106,$4000_vol,0
106,$4004_duty,0
106,$4004_const,1
106,$4004_vol,0
109,$4000_duty,2
109,$4000_const,1
109,$4000_vol,3
109,$4002_period,161
109,$400B_length,48
109,$4004_duty,2
109,$4004_const,1
109,$4004_vol,3
109,$4006_period,101
111,$4000_duty,1
111,$4000_const,1
111,$4000_vol,1
111,$4004_duty,1
111,$4004_const,1
111,$4004_vol,1
112,$4000_duty,0
112,$4000_const,1
112,$4000_vol,0
112,$4004_duty,0
112,$4004_const,1
112,$4004_vol,0
116,$4012_addr,243
116,$4013_len,28
116,$4010_rate,15
116,$4004_duty,2
116,$4004_const,1
116,$4004_vol,15
116,$4006_period,3237
117,$4004_duty,3
117,$4004_const,1
117,$4004_vol,14
118,$4004_duty,3
118,$4004_const,1
118,$4004_vol,13
119,$4004_duty,3
119,$4004_const,1
119,$4004_vol,4
123,$4004_duty,2
123,$4004_const,1
123,$4004_vol,15
123,$4006_period,3237
124,$4004_duty,3
124,$4004_const,1
124,$4004_vol,14
125,$4004_duty,3
125,$4004_const,1
125,$4004_vol,13
126,$4004_duty,3
126,$4004_const,1
126,$4004_vol,4
130,$4012_addr,240
130,$4013_len,11
130,$4010_rate,15
130,$4000_duty,3
130,$4000_const,1
130,$4000_vol,11
130,$4002_period,481
130,$400B_length,32
130,$4004_duty,2
130,$4004_const,1
130,$4004_vol,15
130,$4006_period,2427
130,$4008_linear,127
130,$400A_period,121
130,$400B_length,48
130,$400E_period,3
130,$400E_mode,0
130,$400C_const,1
130,$400C_vol,10
131,$4004_duty,3
131,$4004_const,1
131,$4004_vol,14
131,$4008_linear,0
131,$400C_const,1
131,$400C_vol,7
132,$4004_duty,3
132,$4004_const,1
132,$4004_vol,13
132,$400C_const,1
132,$400C_vol,0
133,$4000_duty,3
133,$4000_const,1
133,$4000_vol,8
133,$4004_duty,3
133,$4004_const,1
133,$4004_vol,12
134,$4000_duty,3
134,$4000_const,1
134,$4000_vol,6
134,$4004_duty,3
134,$4004_const,1
134,$4004_vol,11
135,$4000_duty,3
135,$4000_const,1
135,$4000_vol,0
135,$4004_duty,3
135,$4004_const,1
135,$4004_vol,10
136,$4004_duty,3
136,$4004_const,1
136,$4004_vol,9
137,$4004_duty,3
137,$4004_const,1
137,$4004_vol,8
137,$4008_linear,127
137,$400A_period,151
137,$400B_length,32
137,$400E_period,2
137,$400E_mode,0
137,$400C_const,1
137,$400C_vol,8
138,$4008_linear,0
138,$400C_const,1
138,$400C_vol,5
139,$4004_duty,3
139,$4004_const,1
139,$4004_vol,7
139,$400C_const,1
139,$400C_vol,0
140,$4004_duty,3
140,$4004_const,1
140,$4004_vol,4
144,$4012_addr,250
144,$4013_len,11
144,$4010_rate,15
144,$4000_duty,3
144,$4000_const,1
144,$4000_vol,9
144,$4002_period,481
144,$400B_length,48
144,$4004_duty,2
144,$4004_const,1
144,$4004_vol,10
144,$4006_period,1211
144,$4008_linear,127
144,$400A_period,75
144,$400B_length,48
144,$400E_period,1
144,$400E_mode,0
144,$400C_const,1
144,$400C_vol,8
145,$4004_duty,3
145,$4004_const,1
145,$4004_vol,9
145,$4008_linear,0
145,$400C_const,1
145,$400C_vol,5
146,$4004_duty,3
146,$4004_const,1
146,$4004_vol,8
146,$400C_const,1
146,$400C_vol,0
147,$4000_duty,3
147,$4000_const,1
147,$4000_vol,0
147,$4004_duty,3
147,$4004_const,1
147,$4004_vol,7
148,$4004_duty,3
148,$4004_const,1
148,$4004_vol,0
149,$4000_duty,3
149,$4000_const,1
149,$4000_vol,7
149,$4002_period,481
149,$400B_length,32
151,$4004_duty,2
151,$4004_const,1
151,$4004_vol,12
151,$4006_period,3237
151,$4008_linear,127
151,$400A_period,151
151,$400B_length,32
151,$400E_period,3
151,$400E_mode,0
151,$400C_const,1
151,$400C_vol,8
152,$4000_duty,3
152,$4000_const,1
152,$4000_vol,0
152,$4004_duty,3
152,$4004_const,1
152,$4004_vol,11
152,$4008_linear,0
152,$400C_const,1
152,$400C_vol,5
153,$4004_duty,3
153,$4004_const,1
153,$4004_vol,10
153,$400C_const,1
153,$400C_vol,0
154,$4000_duty,3
154,$4000_const,1
154,$4000_vol,5
154,$4002_period,481
154,$400B_length,48
154,$4004_duty,3
154,$4004_const,1
154,$4004_vol,9
155,$4004_duty,3
155,$4004_const,1
155,$4004_vol,8
156,$4004_duty,3
156,$4004_const,1
156,$4004_vol,7
157,$4000_duty,3
157,$4000_const,1
157,$4000_vol,0
157,$4004_duty,3
157,$4004_const,1
157,$4004_vol,6
158,$4012_addr,243
158,$4013_len,28
158,$4010_rate,15
158,$4004_duty,3
158,$4004_const,1
158,$4004_vol,5
158,$4008_linear,127
158,$400A_period,121
158,$400B_length,48
158,$400C_const,1
158,$400C_vol,10
159,$4000_duty,3
159,$4000_const,1
159,$4000_vol,3
159,$4002_period,481
159,$400B_length,32
159,$4008_linear,0
159,$400C_const,1
159,$400C_vol,7
160,$4004_duty,3
160,$4004_const,1
160,$4004_vol,4
160,$400C_const,1
160,$400C_vol,0
161,$4004_duty,3
161,$4004_const,1
161,$4004_vol,1
162,$4000_duty,3
162,$4000_const,1
162,$4000_vol,0
164,$4000_duty,3
164,$4000_const,1
164,$4000_vol,1
164,$4002_period,481
164,$400B_length,48
165,$4004_duty,2
165,$4004_const,1
165,$4004_vol,12
165,$4006_period,3237
165,$4008_linear,127
165,$400A_period,151
165,$400B_length,32
165,$400E_period,2
165,$400E_mode,0
165,$400C_const,1
165,$400C_vol,8
166,$4004_duty,3
166,$4004_const,1
166,$4004_vol,11
166,$4008_linear,0
166,$400C_const,1
166,$400C_vol,5
167,$4000_duty,3
167,$4000_const,1
167,$4000_vol,0
167,$4004_duty,3
167,$4004_const,1
167,$4004_vol,10
167,$400C_const,1
167,$400C_vol,0
168,$4004_duty,3
168,$4004_const,1
168,$4004_vol,9
169,$4004_duty,3
169,$4004_const,1
169,$4004_vol,8
170,$4004_duty,3
170,$4004_const,1
170,$4004_vol,7
171,$4004_duty,3
171,$4004_const,1
171,$4004_vol,6
172,$4012_addr,250
172,$4013_len,11
172,$4010_rate,14
172,$4000_duty,3
172,$4000_const,1
172,$4000_vol,10
172,$4002_period,453
172,$400B_length,32
172,$4004_duty,3
172,$4004_const,1
172,$4004_vol,5
172,$4008_linear,127
172,$400A_period,75
172,$400B_length,48
172,$400E_period,1
172,$400E_mode,0
172,$400C_const,1
172,$400C_vol,8
173,$4008_linear,0
173,$400C_const,1
173,$400C_vol,5
174,$4004_duty,3
174,$4004_const,1
174,$4004_vol,4
174,$400C_const,1
174,$400C_vol,0
175,$4000_duty,3
175,$4000_const,1
175,$4000_vol,7
175,$4004_duty,3
175,$4004_const,1
175,$4004_vol,1
176,$4000_duty,3
176,$4000_const,1
176,$4000_vol,5
177,$4000_duty,3
177,$4000_const,1
177,$4000_vol,0
179,$4010_rate,14
179,$4000_duty,3
179,$4000_const,1
179,$4000_vol,10
179,$4002_period,427
179,$400B_length,48
179,$4004_duty,2
179,$4004_const,1
179,$4004_vol,11
179,$4006_period,1211
179,$4008_linear,127
179,$400A_period,151
179,$400B_length,32
179,$400E_period,3
179,$400E_mode,0
179,$400C_const,1
179,$400C_vol,8
180,$4004_duty,3
180,$4004_const,1
180,$4004_vol,10
180,$4008_linear,0
180,$400C_const,1
180,$400C_vol,5
181,$4004_duty,3
181,$4004_const,1
181,$4004_vol,9
181,$400C_const,1
181,$400C_vol,0
182,$4000_duty,3
182,$4000_const,1
182,$4000_vol,7
182,$4004_duty,3
182,$4004_const,1
182,$4004_vol,8
183,$4000_duty,3
183,$4000_const,1
183,$4000_vol,5
183,$4004_duty,3
183,$4004_const,1
183,$4004_vol,0
184,$4000_duty,3
184,$4000_const,1
184,$4000_vol,0
186,$4012_addr,240
186,$4013_len,11
186,$4010_rate,15
186,$4000_duty,3
186,$4000_const,1
186,$4000_vol,10
186,$4002_period,403
186,$400B_length,32
186,$4004_duty,2
186,$4004_const,1
186,$4004_vol,15
186,$4006_period,2427
186,$4008_linear,127
186,$400A_period,121
186,$400B_length,48
186,$400C_const,1
186,$400C_vol,10
187,$4004_duty,3
187,$4004_const,1
187,$4004_vol,14
187,$4008_linear,0
187,$400C_const,1
187,$400C_vol,7
188,$4004_duty,3
188,$4004_const,1
188,$4004_vol,13
188,$400C_const,1
188,$400C_vol,0
189,$4000_duty,3
189,$4000_const,1
189,$4000_vol,7
189,$4004_duty,3
189,$4004_const,1
189,$4004_vol,12
190,$4000_duty,3
190,$4000_const,1
190,$4000_vol,5
190,$4004_duty,3
190,$4004_const,1
190,$4004_vol,11
191,$4000_duty,3
191,$4000_const,1
191,$4000_vol,0
191,$4004_duty,3
191,$4004_const,1
191,$4004_vol,10
192,$4004_duty,3
192,$4004_const,1
192,$4004_vol,9
193,$4000_duty,3
193,$4000_const,1
193,$4000_vol,10
193,$4002_period,359
193,$400B_length,48
193,$4004_duty,3
193,$4004_const,1
193,$4004_vol,8
193,$4008_linear,127
193,$400A_period,151
193,$400B_length,32
193,$400E_period,2
193,$400E_mode,0
193,$400C_const,1
193,$400C_vol,8
194,$4008_linear,0
194,$400C_const,1
194,$400C_vol,5
195,$4004_duty,3
195,$4004_const,1
195,$4004_vol,7
195,$400C_const,1
195,$400C_vol,0
196,$4000_duty,3
196,$4000_const,1
196,$4000_vol,7
196,$4004_duty,3
196,$4004_const,1
196,$4004_vol,4
197,$4000_duty,3
197,$4000_const,1
197,$4000_vol,5
198,$4000_duty,3
198,$4000_const,1
198,$4000_vol,0
200,$4012_addr,250
200,$4013_len,11
200,$4010_rate,15
200,$4000_duty,3
200,$4000_const,1
200,$4000_vol,10
200,$4002_period,403
200,$400B_length,32
200,$4004_duty,2
200,$4004_const,1
200,$4004_vol,10
200,$4006_period,1211
200,$4008_linear,127
200,$400A_period,75
200,$400B_length,48
200,$400E_period,1
200,$400E_mode,0
200,$400C_const,1
200,$400C_vol,8
201,$4004_duty,3
201,$4004_const,1
201,$4004_vol,9
201,$4008_linear,0
201,$400C_const,1
201,$400C_vol,5
202,$4004_duty,3
202,$4004_const,1
202,$4004_vol,8
202,$400C_const,1
202,$400C_vol,0
203,$4000_duty,3
203,$4000_const,1
203,$4000_vol,7
203,$4004_duty,3
203,$4004_const,1
203,$4004_vol,7
204,$4000_duty,3
204,$4000_const,1
204,$4000_vol,5
204,$4004_duty,3
204,$4004_const,1
204,$4004_vol,0
205,$4000_duty,3
205,$4000_const,1
205,$4000_vol,0
207,$4012_addr,240
207,$4013_len,11
207,$4010_rate,15
207,$4000_duty,3
207,$4000_const,1
207,$4000_vol,10
207,$4002_period,359
207,$400B_length,48
207,$4004_duty,2
207,$4004_const,1
207,$4004_vol,12
207,$4006_period,3237
207,$4008_linear,127
207,$400A_period,151
207,$400B_length,32
207,$400E_period,3
207,$400E_mode,0
207,$400C_const,1
207,$400C_vol,8
208,$4004_duty,3
208,$4004_const,1
208,$4004_vol,11
208,$4008_linear,0
208,$400C_const,1
208,$400C_vol,5
209,$4004_duty,3
209,$4004_const,1
209,$4004_vol,10
209,$400C_const,1
209,$400C_vol,0
210,$4000_duty,3
210,$4000_const,1
210,$4000_vol,7
210,$4004_duty,3
210,$4004_const,1
210,$4004_vol,9
211,$4000_duty,3
211,$4000_const,1
211,$4000_vol,5
211,$4004_duty,3
211,$4004_const,1
211,$4004_vol,8
212,$4000_duty,3
212,$4000_const,1
212,$4000_vol,0
212,$4004_duty,3
212,$4004_const,1
212,$4004_vol,7
213,$4004_duty,3
213,$4004_const,1
213,$4004_vol,6
214,$4012_addr,243
214,$4013_len,28
214,$4010_rate,15
214,$4000_duty,3
214,$4000_const,1
214,$4000_vol,10
214,$4002_period,403
214,$400B_length,32
214,$4004_duty,3
214,$4004_const,1
214,$4004_vol,5
214,$4008_linear,127
214,$400A_period,121
214,$400B_length,48
214,$400C_const,1
214,$400C_vol,10
215,$4008_linear,0
215,$400C_const,1
215,$400C_vol,7
216,$4004_duty,3
216,$4004_const,1
216,$4004_vol,4
216,$400C_const,1
216,$400C_vol,0
217,$4000_duty,3
217,$4000_const,1
217,$4000_vol,7
217,$4004_duty,3
217,$4004_const,1
217,$4004_vol,1
218,$4000_duty,3
218,$4000_const,1
218,$4000_vol,5
219,$4000_duty,3
219,$4000_const,1
219,$4000_vol,0
221,$4000_duty,3
221,$4000_const,1
221,$4000_vol,10
221,$4002_period,481
221,$400B_length,48
221,$4004_duty,2
221,$4004_const,1
221,$4004_vol,12
221,$4006_period,3237
221,$4008_linear,127
221,$400A_period,151
221,$400B_length,32
221,$400E_period,2
221,$400E_mode,0
221,$400C_const,1
221,$400C_vol,8
222,$4004_duty,3
222,$4004_const,1
222,$4004_vol,11
222,$4008_linear,0
222,$400C_const,1
222,$400C_vol,5
223,$4004_duty,3
223,$4004_const,1
223,$4004_vol,10
223,$400C_const,1
223,$400C_vol,0
224,$4000_duty,3
224,$4000_const,1
224,$4000_vol,7
224,$4004_duty,3
224,$4004_const,1
224,$4004_vol,9
225,$4000_duty,3
225,$4000_const,1
225,$4000_vol,5
225,$4004_duty,3
225,$4004_const,1
225,$4004_vol,8
226,$4000_duty,3
226,$4000_const,1
226,$4000_vol,0
226,$4004_duty,3
226,$4004_const,1
226,$4004_vol,7
227,$4004_duty,3
227,$4004_const,1
227,$4004_vol,6
228,$4012_addr,250
228,$4013_len,11
228,$4010_rate,14
228,$4000_duty,3
228,$4000_const,1
228,$4000_vol,10
228,$4002_period,605
228,$400B_length,33
228,$4004_duty,3
228,$4004_const,1
228,$4004_vol,5
228,$4008_linear,127
228,$400A_period,75
228,$400B_length,48
228,$400E_period,1
228,$400E_mode,0
228,$400C_const,1
228,$400C_vol,8
229,$4008_linear,0
229,$400C_const,1
229,$400C_vol,5
230,$4004_duty,3
230,$4004_const,1
230,$4004_vol,4
230,$400C_const,1
230,$400C_vol,0
231,$4000_duty,3
231,$4000_const,1
231,$4000_vol,7
231,$4004_duty,3
231,$4004_const,1
231,$4004_vol,1
232,$4000_duty,3
232,$4000_const,1
232,$4000_vol,5
233,$4000_duty,3
233,$4000_const,1
233,$4000_vol,0
235,$4012_addr,240
235,$4013_len,11
235,$4010_rate,15
235,$4000_duty,3
235,$4000_const,1
235,$4000_vol,10
235,$4002_period,807
235,$400B_length,49
235,$4004_duty,2
235,$4004_const,1
235,$4004_vol,11
235,$4006_period,1211
235,$4008_linear,127
235,$400A_period,151
235,$400B_length,32
235,$400E_period,3
235,$400E_mode,0
235,$400C_const,1
235,$400C_vol,8
236,$4004_duty,3
236,$4004_const,1
236,$4004_vol,10
236,$4008_linear,0
236,$400C_const,1
236,$400C_vol,5
237,$4004_duty,3
237,$4004_const,1
237,$4004_vol,9
237,$400C_const,1
237,$400C_vol,0
238,$4000_duty,3
238,$4000_const,1
238,$4000_vol,7
238,$4004_duty,3
238,$4004_const,1
238,$4004_vol,8
239,$4000_duty,3
239,$4000_const,1
239,$4000_vol,5
239,$4004_duty,3
239,$4004_const,1
239,$4004_vol,0
240,$4000_duty,3
240,$4000_const,1
240,$4000_vol,0
242,$4012_addr,240
242,$4013_len,11
242,$4010_rate,15
242,$4000_duty,3
242,$4000_const,1
242,$4000_vol,10
242,$4002_period,481
242,$400B_length,32
242,$4004_duty,2
242,$4004_const,1
242,$4004_vol,15
242,$4006_period,2427
242,$4008_linear,127
242,$400A_period,121
242,$400B_length,48
242,$400C_const,1
242,$400C_vol,10
243,$4004_duty,3
243,$4004_const,1
243,$4004_vol,14
243,$4008_linear,0
243,$400C_const,1
243,$400C_vol,7
244,$4004_duty,3
244,$4004_const,1
244,$4004_vol,13
244,$400C_const,1
244,$400C_vol,0
245,$4000_duty,3
245,$4000_const,1
245,$4000_vol,7
245,$4004_duty,3
245,$4004_const,1
245,$4004_vol,12
246,$4000_duty,3
246,$4000_const,1
246,$4000_vol,5
246,$4004_duty,3
246,$4004_const,1
246,$4004_vol,11
247,$4000_duty,3
247,$4000_const,1
247,$4000_vol,0
247,$4004_duty,3
247,$4004_const,1
247,$4004_vol,10
248,$4004_duty,3
248,$4004_const,1
248,$4004_vol,9
249,$4000_duty,3
249,$4000_const,1
249,$4000_vol,10
249,$4002_period,453
249,$400B_length,48
249,$4004_duty,3
249,$4004_const,1
249,$4004_vol,8
249,$4008_linear,127
249,$400A_period,151
249,$400B_length,32
249,$400E_period,2
249,$400E_mode,0
249,$400C_const,1
249,$400C_vol,8
250,$4008_linear,0
250,$400C_const,1
250,$400C_vol,5
251,$4004_duty,3
251,$4004_const,1
251,$4004_vol,7
251,$400C_const,1
251,$400C_vol,0
252,$4000_duty,3
252,$4000_const,1
252,$4000_vol,7
252,$4004_duty,3
252,$4004_const,1
252,$4004_vol,4
253,$4000_duty,3
253,$4000_const,1
253,$4000_vol,5
254,$4000_duty,3
254,$4000_const,1
254,$4000_vol,0
256,$4012_addr,250
256,$4013_len,11
256,$4010_rate,15
256,$4000_duty,3
256,$4000_const,1
256,$4000_vol,10
256,$4002_period,427
256,$400B_length,32
256,$4004_duty,2
256,$4004_const,1
256,$4004_vol,10
256,$4006_period,1211
256,$4008_linear,127
256,$400A_period,75
256,$400B_length,48
256,$400E_period,1
256,$400E_mode,0
256,$400C_const,1
256,$400C_vol,8
257,$4004_duty,3
257,$4004_const,1
257,$4004_vol,9
257,$4008_linear,0
257,$400C_const,1
257,$400C_vol,5
258,$4004_duty,3
258,$4004_const,1
258,$4004_vol,8
258,$400C_const,1
258,$400C_vol,0
259,$4000_duty,3
259,$4000_const,1
259,$4000_vol,7
259,$4004_duty,3
259,$4004_const,1
259,$4004_vol,7
260,$4000_duty,3
260,$4000_const,1
260,$4000_vol,5
260,$4004_duty,3
260,$4004_const,1
260,$4004_vol,0
261,$4000_duty,3
261,$4000_const,1
261,$4000_vol,0
263,$4000_duty,3
263,$4000_const,1
263,$4000_vol,10
263,$4002_period,403
263,$400B_length,48
263,$4004_duty,2
263,$4004_const,1
263,$4004_vol,12
263,$4006_period,3237
263,$4008_linear,127
263,$400A_period,151
263,$400B_length,32
263,$400E_period,3
263,$400E_mode,0
263,$400C_const,1
263,$400C_vol,8
264,$4004_duty,3
264,$4004_const,1
264,$4004_vol,11
264,$4008_linear,0
264,$400C_const,1
264,$400C_vol,5
265,$4004_duty,3
265,$4004_const,1
265,$4004_vol,10
265,$400C_const,1
265,$400C_vol,0
266,$4000_duty,3
266,$4000_const,1
266,$4000_vol,7
266,$4004_duty,3
266,$4004_const,1
266,$4004_vol,9
267,$4000_duty,3
267,$4000_const,1
267,$4000_vol,5
267,$4004_duty,3
267,$4004_const,1
267,$4004_vol,8
268,$4000_duty,3
268,$4000_const,1
268,$4000_vol,0
268,$4004_duty,3
268,$4004_const,1
268,$4004_vol,7
269,$4004_duty,3
269,$4004_const,1
269,$4004_vol,6
270,$4012_addr,243
270,$4013_len,28
270,$4010_rate,15
270,$4004_duty,3
270,$4004_const,1
270,$4004_vol,5
270,$4008_linear,127
270,$400A_period,121
270,$400B_length,48
270,$400C_const,1
270,$400C_vol,10
271,$4008_linear,0
271,$400C_const,1
271,$400C_vol,7
272,$4004_duty,3
272,$4004_const,1
272,$4004_vol,4
272,$400C_const,1
272,$400C_vol,0
273,$4004_duty,3
273,$4004_const,1
273,$4004_vol,1
277,$4000_duty,0
277,$4000_const,1
277,$4000_vol,7
277,$4002_period,89
277,$400B_length,32
277,$4004_duty,2
277,$4004_const,1
277,$4004_vol,12
277,$4006_period,3237
277,$4008_linear,127
277,$400A_period,151
277,$400B_length,32
277,$400E_period,2
277,$400E_mode,0
277,$400C_const,1
277,$400C_vol,8
278,$4004_duty,3
278,$4004_const,1
278,$4004_vol,11
278,$4008_linear,0
278,$400C_const,1
278,$400C_vol,5
279,$4000_duty,0
279,$4000_const,1
279,$4000_vol,5
279,$4004_duty,3
279,$4004_const,1
279,$4004_vol,10
279,$400C_const,1
279,$400C_vol,0
280,$4004_duty,3
280,$4004_const,1
280,$4004_vol,9
281,$4000_duty,0
281,$4000_const,1
281,$4000_vol,0
281,$4004_duty,3
281,$4004_const,1
281,$4004_vol,8
282,$4004_duty,3
282,$4004_const,1
282,$4004_vol,7
283,$4004_duty,3
283,$4004_const,1
283,$4004_vol,6
284,$4012_addr,250
284,$4013_len,11
284,$4010_rate,14
284,$4000_duty,0
284,$4000_const,1
284,$4000_vol,7
284,$4002_period,81
284,$400B_length,48
284,$4004_duty,3
284,$4004_const,1
284,$4004_vol,5
284,$4008_linear,127
284,$400A_period,75
284,$400B_length,48
284,$400E_period,1
284,$400E_mode,0
284,$400C_const,1
284,$400C_vol,8
285,$4008_linear,0
285,$400C_const,1
285,$400C_vol,5
286,$4000_duty,0
286,$4000_const,1
286,$4000_vol,5
286,$4004_duty,3
286,$4004_const,1
286,$4004_vol,4
286,$400C_const,1
286,$400C_vol,0
287,$4004_duty,3
287,$4004_const,1
287,$4004_vol,1
288,$4000_duty,0
288,$4000_const,1
288,$4000_vol,0
291,$4010_rate,14
291,$4000_duty,0
291,$4000_const,1
291,$4000_vol,7
291,$4002_period,75
291,$400B_length,32
291,$4004_duty,2
291,$4004_const,1
291,$4004_vol,11
291,$4006_period,1211
291,$4008_linear,127
291,$400A_period,151
291,$400B_length,32
291,$400E_period,3
291,$400E_mode,0
291,$400C_const,1
291,$400C_vol,8
292,$4004_duty,3
292,$4004_const,1
292,$4004_vol,10
292,$4008_linear,0
292,$400C_const,1
292,$400C_vol,5
293,$4000_duty,0
293,$4000_const,1
293,$4000_vol,5
293,$4004_duty,3
293,$4004_const,1
293,$4004_vol,9
293,$400C_const,1
293,$400C_vol,0
294,$4004_duty,3
294,$4004_const,1
294,$4004_vol,8
295,$4000_duty,0
295,$4000_const,1
295,$4000_vol,0
295,$4004_duty,3
295,$4004_const,1
295,$4004_vol,0
298,$4012_addr,240
298,$4013_len,11
298,$4010_rate,15
298,$4000_duty,0
298,$4000_const,1
298,$4000_vol,7
298,$4002_period,101
298,$400B_length,48
298,$4004_duty,2
298,$4004_const,1
298,$4004_vol,15
298,$4006_period,2427
298,$4008_linear,127
298,$400A_period,121
298,$400B_length,48
298,$400C_const,1
298,$400C_vol,10
299,$4004_duty,3
299,$4004_const,1
299,$4004_vol,14
299,$4008_linear,0
299,$400C_const,1
299,$400C_vol,7
300,$4000_duty,0
300,$4000_const,1
300,$4000_vol,5
300,$4004_duty,3
300,$4004_const,1
300,$4004_vol,13
300,$400C_const,1
300,$400C_vol,0
301,$4004_duty,3
301,$4004_const,1
301,$4004_vol,12
302,$4000_duty,0
302,$4000_const,1
302,$4000_vol,0
302,$4004_duty,3
302,$4004_const,1
302,$4004_vol,11
303,$4004_duty,3
303,$4004_const,1
303,$4004_vol,10
304,$4004_duty,3
304,$4004_const,1
304,$4004_vol,9
305,$4004_duty,3
305,$4004_const,1
305,$4004_vol,8
305,$4008_linear,127
305,$400A_period,151
305,$400B_length,32
305,$400E_period,2
305,$400E_mode,0
305,$400C_const,1
305,$400C_vol,8
306,$4008_linear,0
306,$400C_const,1
306,$400C_vol,5
307,$4004_duty,3
307,$4004_const,1
307,$4004_vol,7
307,$400C_const,1
307,$400C_vol,0
308,$4004_duty,3
308,$4004_const,1
308,$4004_vol,4
312,$4012_addr,250
312,$4013_len,11
312,$4010_rate,15
312,$4004_duty,2
312,$4004_const,1
312,$4004_vol,10
312,$4006_period,1211
312,$4008_linear,127
312,$400A_period,75
312,$400B_length,48
312,$400E_period,1
312,$400E_mode,0
312,$400C_const,1
312,$400C_vol,8
313,$4004_duty,3
313,$4004_const,1
313,$4004_vol,9
313,$4008_linear,0
313,$400C_const,1
313,$400C_vol,5
314,$4004_duty,3
314,$4004_const,1
314,$4004_vol,8
314,$400C_const,1
314,$400C_vol,0
315,$4004_duty,3
315,$4004_const,1
315,$4004_vol,7
316,$4004_duty,3
316,$4004_const,1
316,$4004_vol,0
319,$4010_rate,15
319,$4004_duty,2
319,$4004_const,1
319,$4004_vol,12
319,$4006_period,3237
319,$4008_linear,127
319,$400A_period,151
319,$400B_length,32
319,$400E_period,3
319,$400E_mode,0
319,$400C_const,1
319,$400C_vol,8
320,$4004_duty,3
320,$4004_const,1
320,$4004_vol,11
320,$4008_linear,0
320,$400C_const,1
320,$400C_vol,5
321,$4004_duty,3
321,$4004_const,1
321,$4004_vol,10
321,$400C_const,1
321,$400C_vol,0
322,$4004_duty,3
322,$4004_const,1
322,$4004_vol,9
323,$4004_duty,3
323,$4004_const,1
323,$4004_vol,8
324,$4004_duty,3
324,$4004_const,1
324,$4004_vol,7
325,$4004_duty,3
325,$4004_const,1
325,$4004_vol,6
326,$4012_addr,243
326,$4013_len,28
326,$4010_rate,15
326,$4004_duty,3
326,$4004_const,1
326,$4004_vol,5
326,$4008_linear,127
326,$400A_period,121
326,$400B_length,48
326,$400C_const,1
326,$400C_vol,10
327,$4008_linear,0
327,$400C_const,1
327,$400C_vol,7
328,$4004_duty,3
328,$4004_const,1
328,$4004_vol,4
328,$400C_const,1
328,$400C_vol,0
329,$4004_duty,3
329,$4004_const,1
329,$4004_vol,1
333,$4012_addr,250
333,$4013_len,11
333,$4010_rate,14
333,$4004_duty,2
333,$4004_const,1
333,$4004_vol,12
333,$4006_period,3237
333,$4008_linear,127
333,$400A_period,151
333,$400B_length,32
333,$400E_period,2
333,$400E_mode,0
333,$400C_const,1
333,$400C_vol,8
334,$4004_duty,3
334,$4004_const,1
334,$4004_vol,11
334,$4008_linear,0
334,$400C_const,1
334,$400C_vol,5
335,$4004_duty,3
335,$4004_const,1
335,$4004_vol,10
335,$400C_const,1
335,$400C_vol,0
336,$4004_duty,3
336,$4004_const,1
336,$4004_vol,9
337,$4004_duty,3
337,$4004_const,1
337,$4004_vol,8
338,$4004_duty,3
338,$4004_const,1
338,$4004_vol,7
339,$4004_duty,3
339,$4004_const,1
339,$4004_vol,6
340,$4012_addr,243
340,$4013_len,28
340,$4010_rate,15
340,$4004_duty,3
340,$4004_const,1
340,$4004_vol,5
340,$4008_linear,127
340,$400A_period,75
340,$400B_length,48
340,$400E_period,1
340,$400E_mode,0
340,$400C_const,1
340,$400C_vol,8
341,$4008_linear,0
341,$400C_const,1
341,$400C_vol,5
342,$4004_duty,3
342,$4004_const,1
342,$4004_vol,4
342,$400C_const,1
342,$400C_vol,0
343,$4004_duty,3
343,$4004_const,1
343,$4004_vol,1
347,$4012_addr,240
347,$4013_len,11
347,$4010_rate,15
347,$4004_duty,2
347,$4004_const,1
347,$4004_vol,11
347,$4006_period,1211
347,$4008_linear,127
347,$400A_period,151
347,$400B_length,32
347,$400E_period,3
347,$400E_mode,0
347,$400C_const,1
347,$400C_vol,8
348,$4004_duty,3
348,$4004_const,1
348,$4004_vol,10
348,$4008_linear,0
348,$400C_const,1
348,$400C_vol,5
349,$4004_duty,3
349,$4004_const,1
349,$4004_vol,9
349,$400C_const,1
349,$400C_vol,0
350,$4004_duty,3
350,$4004_const,1
350,$4004_vol,8
351,$4004_duty,3
351,$4004_const,1
351,$4004_vol,0
354,$4012_addr,240
354,$4013_len,11
354,$4010_rate,15
354,$4000_duty,3
354,$4000_const,1
354,$4000_vol,11
354,$4002_period,539
354,$400B_length,33
354,$4004_duty,2
354,$4004_const,1
354,$4004_vol,15
354,$4006_period,2157
354,$4008_linear,127
354,$400A_period,113
354,$400B_length,48
354,$400C_const,1
354,$400C_vol,10
355,$4004_duty,3
355,$4004_const,1
355,$4004_vol,14
355,$4008_linear,0
355,$400C_const,1
355,$400C_vol,7
356,$4004_duty,3
356,$4004_const,1
356,$4004_vol,13
356,$400C_const,1
356,$400C_vol,0
357,$4000_duty,3
357,$4000_const,1
357,$4000_vol,8
357,$4004_duty,3
357,$4004_const,1
357,$4004_vol,12
358,$4000_duty,3
358,$4000_const,1
358,$4000_vol,6
358,$4004_duty,3
358,$4004_const,1
358,$4004_vol,11
359,$4000_duty,3
359,$4000_const,1
359,$4000_vol,0
359,$4004_duty,3
359,$4004_const,1
359,$4004_vol,10
360,$4004_duty,3
360,$4004_const,1
360,$4004_vol,9
361,$4004_duty,3
361,$4004_const,1
361,$4004_vol,8
361,$4008_linear,127
361,$400A_period,135
361,$400B_length,32
361,$400E_period,2
361,$400E_mode,0
361,$400C_const,1
361,$400C_vol,8
362,$4008_linear,0
362,$400C_const,1
362,$400C_vol,5
363,$4004_duty,3
363,$4004_const,1
363,$4004_vol,7
363,$400C_const,1
363,$400C_vol,0
364,$4004_duty,3
364,$4004_const,1
364,$4004_vol,4
368,$4012_addr,250
368,$4013_len,11
368,$4010_rate,15
368,$4000_duty,3
368,$4000_const,1
368,$4000_vol,9
368,$4002_period,539
368,$400B_length,49
368,$4004_duty,2
368,$4004_const,1
368,$4004_vol,12
368,$4006_period,1079
368,$4008_linear,127
368,$400A_period,67
368,$400B_length,48
368,$400E_period,1
368,$400E_mode,0
368,$400C_const,1
368,$400C_vol,8
369,$4004_duty,3
369,$4004_const,1
369,$4004_vol,11
369,$4008_linear,0
369,$400C_const,1
369,$400C_vol,5
370,$4004_duty,3
370,$4004_const,1
370,$4004_vol,10
370,$400C_const,1
370,$400C_vol,0
371,$4000_duty,3
371,$4000_const,1
371,$4000_vol,0
371,$4004_duty,3
371,$4004_const,1
371,$4004_vol,9
372,$4004_duty,3
372,$4004_const,1
372,$4004_vol,1
373,$4000_duty,3
373,$4000_const,1
373,$4000_vol,7
373,$4002_period,539
373,$400B_length,33
375,$4004_duty,2
375,$4004_const,1
375,$4004_vol,12
375,$4006_period,2881
375,$4008_linear,127
375,$400A_period,135
375,$400B_length,32
375,$400E_period,3
375,$400E_mode,0
375,$400C_const,1
375,$400C_vol,8
376,$4000_duty,3
376,$4000_const,1
376,$4000_vol,0
376,$4004_duty,3
376,$4004_const,1
376,$4004_vol,11
376,$4008_linear,0
376,$400C_const,1
376,$400C_vol,5
377,$4004_duty,3
377,$4004_const,1
377,$4004_vol,10
377,$400C_const,1
377,$400C_vol,0
378,$4000_duty,3
378,$4000_const,1
378,$4000_vol,5
378,$4002_period,539
378,$400B_length,49
378,$4004_duty,3
378,$4004_const,1
378,$4004_vol,9
379,$4004_duty,3
379,$4004_const,1
379,$4004_vol,8
380,$4004_duty,3
380,$4004_const,1
380,$4004_vol,7
381,$4000_duty,3
381,$4000_const,1
381,$4000_vol,0
381,$4004_duty,3
381,$4004_const,1
381,$4004_vol,6
382,$4012_addr,243
382,$4013_len,28
382,$4010_rate,15
382,$4004_duty,3
382,$4004_const,1
382,$4004_vol,5
382,$4008_linear,127
382,$400A_period,113
382,$400B_length,48
382,$400C_const,1
382,$400C_vol,10
383,$4000_duty,3
383,$4000_const,1
383,$4000_vol,3
383,$4002_period,539
383,$400B_length,33
383,$4008_linear,0
383,$400C_const,1
383,$400C_vol,7
384,$4004_duty,3
384,$4004_const,1
384,$4004_vol,4
384,$400C_const,1
384,$400C_vol,0
385,$4004_duty,3
385,$4004_const,1
385,$4004_vol,1
386,$4000_duty,3
386,$4000_const,1
386,$4000_vol,0
388,$4000_duty,3
388,$4000_const,1
388,$4000_vol,1
388,$4002_period,539
388,$400B_length,49
389,$4004_duty,2
389,$4004_const,1
389,$4004_vol,10
389,$4006_period,2881
389,$4008_linear,127
389,$400A_period,135
389,$400B_length,32
389,$400E_period,2
389,$400E_mode,0
389,$400C_const,1
389,$400C_vol,8
390,$4004_duty,3
390,$4004_const,1
390,$4004_vol,9
390,$4008_linear,0
390,$400C_const,1
390,$400C_vol,5
391,$4000_duty,3
391,$4000_const,1
391,$4000_vol,0
391,$4004_duty,3
391,$4004_const,1
391,$4004_vol,8
391,$400C_const,1
391,$400C_vol,0
392,$4004_duty,3
392,$4004_const,1
392,$4004_vol,7
393,$4004_duty,3
393,$4004_const,1
393,$4004_vol,6
394,$4004_duty,3
394,$4004_const,1
394,$4004_vol,5
395,$4004_duty,3
395,$4004_const,1
395,$4004_vol,4
396,$4012_addr,250
396,$4013_len,11
396,$4010_rate,14
396,$4000_duty,3
396,$4000_const,1
396,$4000_vol,10
396,$4002_period,509
396,$400B_length,32
396,$4004_duty,3
396,$4004_const,1
396,$4004_vol,3
396,$4008_linear,127
396,$400A_period,67
396,$400B_length,48
396,$400E_period,1
396,$400E_mode,0
396,$400C_const,1
396,$400C_vol,8
397,$4008_linear,0
397,$400C_const,1
397,$400C_vol,5
398,$4004_duty,3
398,$4004_const,1
398,$4004_vol,2
398,$400C_const,1
398,$400C_vol,0
399,$4000_duty,3
399,$4000_const,1
399,$4000_vol,7
399,$4004_duty,3
399,$4004_const,1
399,$4004_vol,0
400,$4000_duty,3
400,$4000_const,1
400,$4000_vol,5
401,$4000_duty,3
401,$4000_const,1
401,$4000_vol,0
403,$4010_rate,14
403,$4000_duty,3
403,$4000_const,1
403,$4000_vol,10
403,$4002_period,481
403,$400B_length,48
403,$4004_duty,2
403,$4004_const,1
403,$4004_vol,10
403,$4006_period,1079
403,$4008_linear,127
403,$400A_period,135
403,$400B_length,32
403,$400E_period,3
403,$400E_mode,0
403,$400C_const,1
403,$400C_vol,8
404,$4004_duty,3
404,$4004_const,1
404,$4004_vol,9
404,$4008_linear,0
404,$400C_const,1
404,$400C_vol,5
405,$4004_duty,3
405,$4004_const,1
405,$4004_vol,8
405,$400C_const,1
405,$400C_vol,0
406,$4000_duty,3
406,$4000_const,1
406,$4000_vol,7
406,$4004_duty,3
406,$4004_const,1
406,$4004_vol,7
407,$4000_duty,3
407,$4000_const,1
407,$4000_vol,5
407,$4004_duty,3
407,$4004_const,1
407,$4004_vol,0
408,$4000_duty,3
408,$4000_const,1
408,$4000_vol,0
410,$4012_addr,240
410,$4013_len,11
410,$4010_rate,15
410,$4000_duty,3
410,$4000_const,1
410,$4000_vol,10
410,$4002_period,453
410,$400B_length,32
410,$4004_duty,2
410,$4004_const,1
410,$4004_vol,15
410,$4006_period,2157
410,$4008_linear,127
410,$400A_period,113
410,$400B_length,48
410,$400C_const,1
410,$400C_vol,10
411,$4004_duty,3
411,$4004_const,1
411,$4004_vol,14
411,$4008_linear,0
411,$400C_const,1
411,$400C_vol,7
412,$4004_duty,3
412,$4004_const,1
412,$4004_vol,13
412,$400C_const,1
412,$400C_vol,0
413,$4000_duty,3
413,$4000_const,1
413,$4000_vol,7
413,$4004_duty,3
413,$4004_const,1
413,$4004_vol,12
414,$4000_duty,3
414,$4000_const,1
414,$4000_vol,5
414,$4004_duty,3
414,$4004_const,1
414,$4004_vol,11
415,$4000_duty,3
415,$4000_const,1
415,$4000_vol,0
415,$4004_duty,3
415,$4004_const,1
415,$4004_vol,10
416,$4004_duty,3
416,$4004_const,1
416,$4004_vol,9
417,$4000_duty,3
417,$4000_const,1
417,$4000_vol,10
417,$4002_period,403
417,$400B_length,48
417,$4004_duty,3
417,$4004_const,1
417,$4004_vol,8
417,$4008_linear,127
417,$400A_period,135
417,$400B_length,32
417,$400E_period,2
417,$400E_mode,0
417,$400C_const,1
417,$400C_vol,8
418,$4008_linear,0
418,$400C_const,1
418,$400C_vol,5
419,$4004_duty,3
419,$4004_const,1
419,$4004_vol,7
419,$400C_const,1
419,$400C_vol,0
420,$4000_duty,3
420,$4000_const,1
420,$4000_vol,7
420,$4004_duty,3
420,$4004_const,1
420,$4004_vol,4
421,$4000_duty,3
421,$4000_const,1
421,$4000_vol,5
422,$4000_duty,3
422,$4000_const,1
422,$4000_vol,0
424,$4012_addr,250
424,$4013_len,11
424,$4010_rate,15
424,$4000_duty,3
424,$4000_const,1
424,$4000_vol,10
424,$4002_period,453
424,$400B_length,32
424,$4004_duty,2
424,$4004_const,1
424,$4004_vol,12
424,$4006_period,1079
424,$4008_linear,127
424,$400A_period,67
424,$400B_length,48
424,$400E_period,1
424,$400E_mode,0
424,$400C_const,1
424,$400C_vol,8
425,$4004_duty,3
425,$4004_const,1
425,$4004_vol,11
425,$4008_linear,0
425,$400C_const,1
425,$400C_vol,5
426,$4004_duty,3
426,$4004_const,1
426,$4004_vol,10
426,$400C_const,1
426,$400C_vol,0
427,$4000_duty,3
427,$4000_const,1
427,$4000_vol,7
427,$4004_duty,3
427,$4004_const,1
427,$4004_vol,9
428,$4000_duty,3
428,$4000_const,1
428,$4000_vol,5
428,$4004_duty,3
428,$4004_const,1
428,$4004_vol,1
429,$4000_duty,3
429,$4000_const,1
429,$4000_vol,0
431,$4010_rate,15
431,$4000_duty,3
431,$4000_const,1
431,$4000_vol,10
431,$4002_period,403
431,$400B_length,48
431,$4004_duty,2
431,$4004_const,1
431,$4004_vol,12
431,$4006_period,2881
431,$4008_linear,127
431,$400A_period,135
431,$400B_length,32
431,$400E_period,3
431,$400E_mode,0
431,$400C_const,1
431,$400C_vol,8
432,$4004_duty,3
432,$4004_const,1
432,$4004_vol,11
432,$4008_linear,0
432,$400C_const,1
432,$400C_vol,5
433,$4004_duty,3
433,$4004_const,1
433,$4004_vol,10
433,$400C_const,1
433,$400C_vol,0
434,$4000_duty,3
434,$4000_const,1
434,$4000_vol,7
434,$4004_duty,3
434,$4004_const,1
434,$4004_vol,9
435,$4000_duty,3
435,$4000_const,1
435,$4000_vol,5
435,$4004_duty,3
435,$4004_const,1
435,$4004_vol,8
436,$4000_duty,3
436,$4000_const,1
436,$4000_vol,0
436,$4004_duty,3
436,$4004_const,1
436,$4004_vol,7
437,$4004_duty,3
437,$4004_const,1
437,$4004_vol,6
438,$4012_addr,243
438,$4013_len,28
438,$4010_rate,15
438,$4000_duty,3
438,$4000_const,1
438,$4000_vol,10
438,$4002_period,453
438,$400B_length,32
438,$4004_duty,3
438,$4004_const,1
438,$4004_vol,5
438,$4008_linear,127
438,$400A_period,113
438,$400B_length,48
438,$400C_const,1
438,$400C_vol,10
439,$4008_linear,0
439,$400C_const,1
439,$400C_vol,7
440,$4004_duty,3
440,$4004_const,1
440,$4004_vol,4
440,$400C_const,1
440,$400C_vol,0
441,$4000_duty,3
441,$4000_const,1
441,$4000_vol,7
441,$4004_duty,3
441,$4004_const,1
441,$4004_vol,1
442,$4000_duty,3
442,$4000_const,1
442,$4000_vol,5
443,$4000_duty,3
443,$4000_const,1
443,$4000_vol,0
445,$4012_addr,250
445,$4013_len,11
445,$4010_rate,14
445,$4000_duty,3
445,$4000_const,1
445,$4000_vol,10
445,$4002_period,403
445,$400B_length,48
445,$4004_duty,2
445,$4004_const,1
445,$4004_vol,10
445,$4006_period,2881
445,$4008_linear,127
445,$400A_period,135
445,$400B_length,32
445,$400E_period,2
445,$400E_mode,0
445,$400C_const,1
445,$400C_vol,8
446,$4004_duty,3
446,$4004_const,1
446,$4004_vol,9
446,$4008_linear,0
446,$400C_const,1
446,$400C_vol,5
447,$4004_duty,3
447,$4004_const,1
447,$4004_vol,8
447,$400C_const,1
447,$400C_vol,0
448,$4000_duty,3
448,$4000_const,1
448,$4000_vol,7
448,$4004_duty,3
448,$4004_const,1
448,$4004_vol,7
449,$4000_duty,3
449,$4000_const,1
449,$4000_vol,5
449,$4004_duty,3
449,$4004_const,1
449,$4004_vol,6
450,$4000_duty,3
450,$4000_const,1
450,$4000_vol,0
450,$4004_duty,3
450,$4004_const,1
450,$4004_vol,5
451,$4004_duty,3
451,$4004_const,1
451,$4004_vol,4
452,$4012_addr,243
452,$4013_len,28
452,$4010_rate,15
452,$4000_duty,3
452,$4000_const,1
452,$4000_vol,10
452,$4002_period,321
452,$400B_length,32
452,$4004_duty,3
452,$4004_const,1
452,$4004_vol,3
452,$4008_linear,127
452,$400A_period,67
452,$400B_length,48
452,$400E_period,1
452,$400E_mode,0
452,$400C_const,1
452,$400C_vol,8
453,$4008_linear,0
453,$400C_const,1
453,$400C_vol,5
454,$4004_duty,3
454,$4004_const,1
454,$4004_vol,2
454,$400C_const,1
454,$400C_vol,0
455,$4000_duty,3
455,$4000_const,1
455,$4000_vol,7
455,$4004_duty,3
455,$4004_const,1
455,$4004_vol,0
456,$4000_duty,3
456,$4000_const,1
456,$4000_vol,5
457,$4000_duty,3
457,$4000_const,1
457,$4000_vol,0
459,$4012_addr,240
459,$4013_len,11
459,$4010_rate,15
459,$4000_duty,3
459,$4000_const,1
459,$4000_vol,10
459,$4002_period,359
459,$400B_length,48
459,$4004_duty,2
459,$4004_const,1
459,$4004_vol,10
459,$4006_period,1079
459,$4008_linear,127
459,$400A_period,135
459,$400B_length,32
459,$400E_period,3
459,$400E_mode,0
459,$400C_const,1
459,$400C_vol,8
460,$4004_duty,3
460,$4004_const,1
460,$4004_vol,9
460,$4008_linear,0
460,$400C_const,1
460,$400C_vol,5
461,$4004_duty,3
461,$4004_const,1
461,$4004_vol,8
461,$400C_const,1
461,$400C_vol,0
462,$4000_duty,3
462,$4000_const,1
462,$4000_vol,7
462,$4004_duty,3
462,$4004_const,1
462,$4004_vol,7
463,$4000_duty,3
463,$4000_const,1
463,$4000_vol,5
463,$4004_duty,3
463,$4004_const,1
463,$4004_vol,0
464,$4000_duty,3
464,$4000_const,1
464,$4000_vol,0
466,$4012_addr,240
466,$4013_len,11
466,$4010_rate,15
466,$4000_duty,3
466,$4000_const,1
466,$4000_vol,10
466,$4002_period,403
466,$400B_length,32
466,$4004_duty,2
466,$4004_const,1
466,$4004_vol,15
466,$4006_period,2157
466,$4008_linear,127
466,$400A_period,113
466,$400B_length,48
466,$400C_const,1
466,$400C_vol,10
467,$4004_duty,3
467,$4004_const,1
467,$4004_vol,14
467,$4008_linear,0
467,$400C_const,1
467,$400C_vol,7
468,$4004_duty,3
468,$4004_const,1
468,$4004_vol,13
468,$400C_const,1
468,$400C_vol,0
469,$4000_duty,3
469,$4000_const,1
469,$4000_vol,7
469,$4004_duty,3
469,$4004_const,1
469,$4004_vol,12
470,$4000_duty,3
470,$4000_const,1
470,$4000_vol,5
470,$4004_duty,3
470,$4004_const,1
470,$4004_vol,11
471,$4000_duty,3
471,$4000_const,1
471,$4000_vol,0
471,$4004_duty,3
471,$4004_const,1
471,$4004_vol,10
472,$4004_duty,3
472,$4004_const,1
472,$4004_vol,9
473,$4000_duty,3
473,$4000_const,1
473,$4000_vol,10
473,$4002_period,453
473,$400B_length,48
473,$4004_duty,3
473,$4004_const,1
473,$4004_vol,8
473,$4008_linear,127
473,$400A_period,135
473,$400B_length,32
473,$400E_period,2
473,$400E_mode,0
473,$400C_const,1
473,$400C_vol,8
474,$4008_linear,0
474,$400C_const,1
474,$400C_vol,5
475,$4004_duty,3
475,$4004_const,1
475,$4004_vol,7
475,$400C_const,1
475,$400C_vol,0
476,$4000_duty,3
476,$4000_const,1
476,$4000_vol,7
476,$4004_duty,3
476,$4004_const,1
476,$4004_vol,4
477,$4000_duty,3
477,$4000_const,1
477,$4000_vol,5
478,$4000_duty,3
478,$4000_const,1
478,$4000_vol,0
480,$4012_addr,250
480,$4013_len,11
480,$4010_rate,15
480,$4000_duty,3
480,$4000_const,1
480,$4000_vol,10
480,$4002_period,539
480,$400B_length,33
480,$4004_duty,2
480,$4004_const,1
480,$4004_vol,10
480,$4006_period,1079
480,$4008_linear,127
480,$400A_period,67
480,$400B_length,48
480,$400E_period,1
480,$400E_mode,0
480,$400C_const,1
480,$400C_vol,8
481,$4004_duty,3
481,$4004_const,1
481,$4004_vol,9
481,$4008_linear,0
481,$400C_const,1
481,$400C_vol,5
482,$4004_duty,3
482,$4004_const,1
482,$4004_vol,8
482,$400C_const,1
482,$400C_vol,0
483,$4000_duty,3
483,$4000_const,1
483,$4000_vol,7
483,$4004_duty,3
483,$4004_const,1
483,$4004_vol,7
484,$4000_duty,3
484,$4000_const,1
484,$4000_vol,5
484,$4004_duty,3
484,$4004_const,1
484,$4004_vol,0
485,$4000_duty,3
485,$4000_const,1
485,$4000_vol,0
487,$4000_duty,3
487,$4000_const,1
487,$4000_vol,10
487,$4002_period,641
487,$400B_length,49
487,$4004_duty,2
487,$4004_const,1
487,$4004_vol,10
487,$4006_period,2157
487,$4008_linear,127
487,$400A_period,135
487,$400B_length,32
487,$400E_period,3
487,$400E_mode,0
487,$400C_const,1
487,$400C_vol,8
488,$4004_duty,3
488,$4004_const,1
488,$4004_vol,9
488,$4008_linear,0
488,$400C_const,1
488,$400C_vol,5
489,$4004_duty,3
489,$4004_const,1
489,$4004_vol,8
489,$400C_const,1
489,$400C_vol,0
490,$4000_duty,3
490,$4000_const,1
490,$4000_vol,7
490,$4004_duty,3
490,$4004_const,1
490,$4004_vol,7
491,$4000_duty,3
491,$4000_const,1
491,$4000_vol,5
491,$4004_duty,3
491,$4004_const,1
491,$4004_vol,6
492,$4000_duty,3
492,$4000_const,1
492,$4000_vol,0
492,$4004_duty,3
492,$4004_const,1
492,$4004_vol,5
493,$4004_duty,3
493,$4004_const,1
493,$4004_vol,4
494,$4012_addr,243
494,$4013_len,28
494,$4010_rate,15
494,$4004_duty,3
494,$4004_const,1
494,$4004_vol,3
494,$4008_linear,127
494,$400A_period,113
494,$400B_length,48
494,$400C_const,1
494,$400C_vol,10
495,$4008_linear,0
495,$400C_const,1
495,$400C_vol,7
496,$4004_duty,3
496,$4004_const,1
496,$4004_vol,2
496,$400C_const,1
496,$400C_vol,0
497,$4004_duty,3
497,$4004_const,1
497,$4004_vol,0
501,$4000_duty,0
501,$4000_const,1
501,$4000_vol,13
501,$4002_period,807
501,$400B_length,33
501,$4004_duty,2
501,$4004_const,1
501,$4004_vol,13
501,$4006_period,1619
501,$4008_linear,127
501,$400A_period,101
501,$400B_length,32
501,$400E_period,2
501,$400E_mode,0
501,$400C_const,1
501,$400C_vol,8
502,$4004_duty,3
502,$4004_const,1
502,$4004_vol,12
502,$4008_linear,0
502,$400C_const,1
502,$400C_vol,5
503,$4000_duty,0
503,$4000_const,1
503,$4000_vol,11
503,$4004_duty,3
503,$4004_const,1
503,$4004_vol,11
503,$400C_const,1
503,$400C_vol,0
504,$4004_duty,3
504,$4004_const,1
504,$4004_vol,10
505,$4004_duty,3
505,$4004_const,1
505,$4004_vol,2
506,$4000_duty,0
506,$4000_const,1
506,$4000_vol,2
508,$4012_addr,250
508,$4013_len,11
508,$4010_rate,14
508,$4000_duty,0
508,$4000_const,1
508,$4000_vol,13
508,$4002_period,907
508,$400B_length,49
508,$4004_duty,2
508,$4004_const,1
508,$4004_vol,13
508,$4006_period,1811
508,$4008_linear,127
508,$400A_period,113
508,$400B_length,48
508,$400E_period,1
508,$400E_mode,0
508,$400C_const,1
508,$400C_vol,8
509,$4004_duty,3
509,$4004_const,1
509,$4004_vol,12
509,$4008_linear,0
509,$400C_const,1
509,$400C_vol,5
510,$4000_duty,0
510,$4000_const,1
510,$4000_vol,11
510,$4004_duty,3
510,$4004_const,1
510,$4004_vol,11
510,$400C_const,1
510,$400C_vol,0
511,$4004_duty,3
511,$4004_const,1
511,$4004_vol,10
512,$4004_duty,3
512,$4004_const,1
512,$4004_vol,2
513,$4000_duty,0
513,$4000_const,1
513,$4000_vol,2
515,$4010_rate,14
515,$4000_duty,0
515,$4000_const,1
515,$4000_vol,13
515,$4002_period,1079
515,$400B_length,34
515,$4004_duty,2
515,$4004_const,1
515,$4004_vol,14
515,$4006_period,2157
515,$4008_linear,127
515,$400A_period,135
515,$400B_length,32
515,$400E_period,3
515,$400E_mode,0
515,$400C_const,1
515,$400C_vol,8
516,$4004_duty,3
516,$4004_const,1
516,$4004_vol,13
516,$4008_linear,0
516,$400C_const,1
516,$400C_vol,5
517,$4000_duty,0
517,$4000_const,1
517,$4000_vol,11
517,$4004_duty,3
517,$4004_const,1
517,$4004_vol,12
517,$400C_const,1
517,$400C_vol,0
518,$4004_duty,3
518,$4004_const,1
518,$4004_vol,11
519,$4004_duty,3
519,$4004_const,1
519,$4004_vol,3
520,$4000_duty,0
520,$4000_const,1
520,$4000_vol,2
522,$4012_addr,243
522,$4013_len,28
522,$4010_rate,15
522,$4000_duty,0
522,$4000_const,1
522,$4000_vol,13
522,$4002_period,1281
522,$400B_length,50
522,$4004_duty,2
522,$4004_const,1
522,$4004_vol,14
522,$4006_period,2571
522,$4008_linear,127
522,$400A_period,161
522,$400B_length,48
522,$400E_period,2
522,$400E_mode,0
522,$400C_const,1
522,$400C_vol,14
523,$4004_duty,3
523,$4004_const,1
523,$4004_vol,13
523,$4008_linear,0
523,$400C_const,1
523,$400C_vol,11
524,$4000_duty,0
524,$4000_const,1
524,$4000_vol,11
524,$4004_duty,3
524,$4004_const,1
524,$4004_vol,12
524,$400C_const,1
524,$400C_vol,3
525,$4004_duty,3
525,$4004_const,1
525,$4004_vol,11
526,$4004_duty,3
526,$4004_const,1
526,$4004_vol,3
527,$4000_duty,0
527,$4000_const,1
527,$4000_vol,2
529,$4012_addr,240
529,$4013_len,11
529,$4010_rate,15
529,$4004_duty,2
529,$4004_const,1
529,$4004_vol,15
529,$4006_period,3237
529,$4008_linear,127
529,$400A_period,201
529,$400B_length,32
529,$400E_period,1
529,$400E_mode,0
529,$400C_const,1
529,$400C_vol,2
530,$4004_duty,3
530,$4004_const,1
530,$4004_vol,14
530,$4008_linear,0
530,$400C_const,1
530,$400C_vol,0
531,$4004_duty,3
531,$4004_const,1
531,$4004_vol,13
532,$4004_duty,3
532,$4004_const,1
532,$4004_vol,12
533,$4004_duty,3
533,$4004_const,1
533,$4004_vol,4
535,$4000_duty,0
535,$4000_const,1
535,$4000_vol,0
536,$4008_linear,127
536,$400A_period,201
536,$400B_length,48
536,$400C_const,1
536,$400C_vol,4
537,$4004_duty,3
537,$4004_const,1
537,$4004_vol,0
537,$4008_linear,0
537,$400C_const,1
537,$400C_vol,1
538,$400C_const,1
538,$400C_vol,0
543,$4010_rate,15
543,$4000_duty,0
543,$4000_const,1
543,$4000_vol,13
543,$4002_period,1619
543,$400B_length,35
543,$4004_duty,2
543,$4004_const,1
543,$4004_vol,15
543,$4006_period,3237
543,$4008_linear,127
543,$400A_period,179
543,$400B_length,32
543,$400E_period,2
543,$400E_mode,0
543,$400C_const,1
543,$400C_vol,14
544,$4004_duty,3
544,$4004_const,1
544,$4004_vol,14
544,$4008_linear,0
544,$400C_const,1
544,$400C_vol,11
545,$4000_duty,0
545,$4000_const,1
545,$4000_vol,11
545,$4004_duty,3
545,$4004_const,1
545,$4004_vol,13
545,$400C_const,1
545,$400C_vol,3
546,$4004_duty,3
546,$4004_const,1
546,$4004_vol,12
547,$4004_duty,3
547,$4004_const,1
547,$4004_vol,4
548,$4000_duty,0
548,$4000_const,1
548,$4000_vol,2
550,$4010_rate,15
550,$4008_linear,127
550,$400A_period,161
550,$400B_length,48
550,$400E_period,1
550,$400E_mode,0
550,$400C_const,1
550,$400C_vol,2
551,$4004_duty,3
551,$4004_const,1
551,$4004_vol,0
551,$4008_linear,0
551,$400C_const,1
551,$400C_vol,0
556,$4000_duty,0
556,$4000_const,1
556,$4000_vol,0
557,$4012_addr,253
557,$4013_len,10
557,$4010_rate,15
557,$4000_duty,0
557,$4000_const,1
557,$4000_vol,13
557,$4002_period,1619
557,$400B_length,51
557,$4004_duty,2
557,$4004_const,1
557,$4004_vol,15
557,$4006_period,3237
557,$4008_linear,127
557,$400A_period,151
557,$400B_length,32
557,$400C_const,1
557,$400C_vol,4
558,$4004_duty,3
558,$4004_const,1
558,$4004_vol,14
558,$4008_linear,0
558,$400C_const,1
558,$400C_vol,1
559,$4000_duty,0
559,$4000_const,1
559,$4000_vol,11
559,$4004_duty,3
559,$4004_const,1
559,$4004_vol,4
559,$400C_const,1
559,$400C_vol,0
562,$4000_duty,0
562,$4000_const,1
562,$4000_vol,2
563,$4004_duty,3
563,$4004_const,1
563,$4004_vol,0
564,$4012_addr,243
564,$4013_len,28
564,$4010_rate,15
564,$4000_duty,2
564,$4000_const,1
564,$4000_vol,5
564,$4002_period,101
564,$400B_length,32
564,$4004_duty,2
564,$4004_const,1
564,$4004_vol,5
564,$4006_period,113
564,$4008_linear,127
564,$400A_period,135
564,$400B_length,48
564,$400E_period,4
564,$400E_mode,0
564,$400C_const,1
564,$400C_vol,11
565,$4000_duty,3
565,$4000_const,1
565,$4000_vol,4
565,$4004_duty,3
565,$4004_const,1
565,$4004_vol,4
565,$4008_linear,0
565,$400C_const,1
565,$400C_vol,10
566,$4000_duty,3
566,$4000_const,1
566,$4000_vol,3
566,$4004_duty,3
566,$4004_const,1
566,$4004_vol,3
566,$400C_const,1
566,$400C_vol,0
567,$4000_duty,3
567,$4000_const,1
567,$4000_vol,2
567,$4004_duty,3
567,$4004_const,1
567,$4004_vol,2
568,$4000_duty,3
568,$4000_const,1
568,$4000_vol,1
568,$4004_duty,3
568,$4004_const,1
568,$4004_vol,1
569,$4000_duty,3
569,$4000_const,1
569,$4000_vol,0
569,$4004_duty,3
569,$4004_const,1
569,$4004_vol,0
571,$4012_addr,253
571,$4013_len,10
571,$4010_rate,14
571,$4008_linear,127
571,$400A_period,101
571,$400B_length,32
571,$400E_period,1
571,$400E_mode,0
571,$400C_const,1
571,$400C_vol,11
572,$4008_linear,0
572,$400C_const,1
572,$400C_vol,8
573,$400C_const,1
573,$400C_vol,0
578,$4012_addr,240
578,$4013_len,11
578,$4010_rate,15
578,$4000_duty,3
578,$4000_const,1
578,$4000_vol,11
578,$4002_period,481
578,$400B_length,48
578,$4004_duty,2
578,$4004_const,1
578,$4004_vol,15
578,$4006_period,2427
578,$4008_linear,127
578,$400A_period,121
578,$400B_length,48
578,$400E_period,3
578,$400E_mode,0
578,$400C_const,1
578,$400C_vol,10
579,$4004_duty,3
579,$4004_const,1
579,$4004_vol,14
579,$4008_linear,0
579,$400C_const,1
579,$400C_vol,7
580,$4004_duty,3
580,$4004_const,1
580,$4004_vol,13
580,$400C_const,1
580,$400C_vol,0
581,$4000_duty,3
581,$4000_const,1
581,$4000_vol,8
581,$4004_duty,3
581,$4004_const,1
581,$4004_vol,12
582,$4000_duty,3
582,$4000_const,1
582,$4000_vol,6
582,$4004_duty,3
582,$4004_const,1
582,$4004_vol,11
583,$4000_duty,3
583,$4000_const,1
583,$4000_vol,0
583,$4004_duty,3
583,$4004_const,1
583,$4004_vol,10
584,$4004_duty,3
584,$4004_const,1
584,$4004_vol,9
585,$4004_duty,3
585,$4004_const,1
585,$4004_vol,8
585,$4008_linear,127
585,$400A_period,151
585,$400B_length,32
585,$400E_period,2
585,$400E_mode,0
585,$400C_const,1
585,$400C_vol,8
586,$4008_linear,0
586,$400C_const,1
586,$400C_vol,5
587,$4004_duty,3
587,$4004_const,1
587,$4004_vol,7
587,$400C_const,1
587,$400C_vol,0
588,$4004_duty,3
588,$4004_const,1
588,$4004_vol,4
592,$4012_addr,250
592,$4013_len,11
592,$4010_rate,15
592,$4000_duty,3
592,$4000_const,1
592,$4000_vol,9
592,$4002_period,481
592,$400B_length,32
592,$4004_duty,2
592,$4004_const,1
592,$4004_vol,10
592,$4006_period,1211
592,$4008_linear,127
592,$400A_period,75
592,$400B_length,48
592,$400E_period,1
592,$400E_mode,0
592,$400C_const,1
592,$400C_vol,8
593,$4004_duty,3
593,$4004_const,1
593,$4004_vol,9
593,$4008_linear,0
593,$400C_const,1
593,$400C_vol,5
594,$4004_duty,3
594,$4004_const,1
594,$4004_vol,8
594,$400C_const,1
594,$400C_vol,0
595,$4000_duty,3
595,$4000_const,1
595,$4000_vol,0
595,$4004_duty,3
595,$4004_const,1
595,$4004_vol,7
596,$4004_duty,3
596,$4004_const,1
596,$4004_vol,0
597,$4000_duty,3
597,$4000_const,1
597,$4000_vol,7
597,$4002_period,481
597,$400B_length,48
599,$4004_duty,2
599,$4004_const,1
599,$4004_vol,12
599,$4006_period,3237
599,$4008_linear,127
599,$400A_period,151
599,$400B_length,32
599,$400E_period,3
599,$400E_mode,0
599,$400C_const,1
599,$400C_vol,8
600,$4000_duty,3
600,$4000_const,1
600,$4000_vol,0
600,$4004_duty,3
600,$4004_const,1
600,$4004_vol,11
600,$4008_linear,0
600,$400C_const,1
600,$400C_vol,5
601,$4004_duty,3
601,$4004_const,1
601,$4004_vol,10
601,$400C_const,1
601,$400C_vol,0
602,$4000_duty,3
602,$4000_const,1
602,$4000_vol,5
602,$4002_period,481
602,$400B_length,32
602,$4004_duty,3
602,$4004_const,1
602,$4004_vol,9
603,$4004_duty,3
603,$4004_const,1
603,$4004_vol,8
604,$4004_duty,3
604,$4004_const,1
604,$4004_vol,7
605,$4000_duty,3
605,$4000_const,1
605,$4000_vol,0
605,$4004_duty,3
605,$4004_const,1
605,$4004_vol,6
606,$4012_addr,243
606,$4013_len,28
606,$4010_rate,15
606,$4004_duty,3
606,$4004_const,1
606,$4004_vol,5
606,$4008_linear,127
606,$400A_period,121
606,$400B_length,48
606,$400C_const,1
606,$400C_vol,10
607,$4000_duty,3
607,$4000_const,1
607,$4000_vol,3
607,$4002_period,481
607,$400B_length,48
607,$4008_linear,0
607,$400C_const,1
607,$400C_vol,7
608,$4004_duty,3
608,$4004_const,1
608,$4004_vol,4
608,$400C_const,1
608,$400C_vol,0
609,$4004_duty,3
609,$4004_const,1
609,$4004_vol,1
610,$4000_duty,3
610,$4000_const,1
610,$4000_vol,0
612,$4000_duty,3
612,$4000_const,1
612,$4000_vol,1
612,$4002_period,481
612,$400B_length,32
613,$4004_duty,2
613,$4004_const,1
613,$4004_vol,12
613,$4006_period,3237
613,$4008_linear,127
613,$400A_period,151
613,$400B_length,32
613,$400E_period,2
613,$400E_mode,0
613,$400C_const,1
613,$400C_vol,8
614,$4004_duty,3
614,$4004_const,1
614,$4004_vol,11
614,$4008_linear,0
614,$400C_const,1
614,$400C_vol,5
615,$4000_duty,3
615,$4000_const,1
615,$4000_vol,0
615,$4004_duty,3
615,$4004_const,1
615,$4004_vol,10
615,$400C_const,1
615,$400C_vol,0
616,$4004_duty,3
616,$4004_const,1
616,$4004_vol,9
617,$4004_duty,3
617,$4004_const,1
617,$4004_vol,8
618,$4004_duty,3
618,$4004_const,1
618,$4004_vol,7
619,$4004_duty,3
619,$4004_const,1
619,$4004_vol,6
620,$4012_addr,250
620,$4013_len,11
620,$4010_rate,14
620,$4000_duty,3
620,$4000_const,1
620,$4000_vol,10
620,$4002_period,453
620,$400B_length,48
620,$4004_duty,3
620,$4004_const,1
620,$4004_vol,5
620,$4008_linear,127
620,$400A_period,75
620,$400B_length,48
620,$400E_period,1
620,$400E_mode,0
620,$400C_const,1
620,$400C_vol,8
621,$4008_linear,0
621,$400C_const,1
621,$400C_vol,5
622,$4004_duty,3
622,$4004_const,1
622,$4004_vol,4
622,$400C_const,1
622,$400C_vol,0
623,$4000_duty,3
623,$4000_const,1
623,$4000_vol,7
623,$4004_duty,3
623,$4004_const,1
623,$4004_vol,1
624,$4000_duty,3
624,$4000_const,1
624,$4000_vol,5
625,$4000_duty,3
625,$4000_const,1
625,$4000_vol,0
627,$4010_rate,14
627,$4000_duty,3
627,$4000_const,1
627,$4000_vol,10
627,$4002_period,427
627,$400B_length,32
627,$4004_duty,2
627,$4004_const,1
627,$4004_vol,11
627,$4006_period,1211
627,$4008_linear,127
627,$400A_period,151
627,$400B_length,32
627,$400E_period,3
627,$400E_mode,0
627,$400C_const,1
627,$400C_vol,8
628,$4004_duty,3
628,$4004_const,1
628,$4004_vol,10
628,$4008_linear,0
628,$400C_const,1
628,$400C_vol,5
629,$4004_duty,3
629,$4004_const,1
629,$4004_vol,9
629,$400C_const,1
629,$400C_vol,0
630,$4000_duty,3
630,$4000_const,1
630,$4000_vol,7
630,$4004_duty,3
630,$4004_const,1
630,$4004_vol,8
631,$4000_duty,3
631,$4000_const,1
631,$4000_vol,5
631,$4004_duty,3
631,$4004_const,1
631,$4004_vol,0
632,$4000_duty,3
632,$4000_const,1
632,$4000_vol,0
634,$4012_addr,240
634,$4013_len,11
634,$4010_rate,15
634,$4000_duty,3
634,$4000_const,1
634,$4000_vol,10
634,$4002_period,403
634,$400B_length,48
634,$4004_duty,2
634,$4004_const,1
634,$4004_vol,15
634,$4006_period,2427
634,$4008_linear,127
634,$400A_period,121
634,$400B_length,48
634,$400C_const,1
634,$400C_vol,10
635,$4004_duty,3
635,$4004_const,1
635,$4004_vol,14
635,$4008_linear,0
635,$400C_const,1
635,$400C_vol,7
636,$4004_duty,3
636,$4004_const,1
636,$4004_vol,13
636,$400C_const,1
636,$400C_vol,0
637,$4000_duty,3
637,$4000_const,1
637,$4000_vol,7
637,$4004_duty,3
637,$4004_const,1
637,$4004_vol,12
638,$4000_duty,3
638,$4000_const,1
638,$4000_vol,5
638,$4004_duty,3
638,$4004_const,1
638,$4004_vol,11
639,$4000_duty,3
639,$4000_const,1
639,$4000_vol,0
639,$4004_duty,3
639,$4004_const,1
639,$4004_vol,10
640,$4004_duty,3
640,$4004_const,1
640,$4004_vol,9
641,$4000_duty,3
641,$4000_const,1
641,$4000_vol,10
641,$4002_period,359
641,$400B_length,32
641,$4004_duty,3
641,$4004_const,1
641,$4004_vol,8
641,$4008_linear,127
641,$400A_period,151
641,$400B_length,32
641,$400E_period,2
641,$400E_mode,0
641,$400C_const,1
641,$400C_vol,8
642,$4008_linear,0
642,$400C_const,1
642,$400C_vol,5
643,$4004_duty,3
643,$4004_const,1
643,$4004_vol,7
643,$400C_const,1
643,$400C_vol,0
644,$4000_duty,3
644,$4000_const,1
644,$4000_vol,7
644,$4004_duty,3
644,$4004_const,1
644,$4004_vol,4
645,$4000_duty,3
645,$4000_const,1
645,$4000_vol,5
646,$4000_duty,3
646,$4000_const,1
646,$4000_vol,0
648,$4012_addr,250
648,$4013_len,11
648,$4010_rate,15
648,$4000_duty,3
648,$4000_const,1
648,$4000_vol,10
648,$4002_period,403
648,$400B_length,48
648,$4004_duty,2
648,$4004_const,1
648,$4004_vol,10
648,$4006_period,1211
648,$4008_linear,127
648,$400A_period,75
648,$400B_length,48
648,$400E_period,1
648,$400E_mode,0
648,$400C_const,1
648,$400C_vol,8
649,$4004_duty,3
649,$4004_const,1
649,$4004_vol,9
649,$4008_linear,0
649,$400C_const,1
649,$400C_vol,5
650,$4004_duty,3
650,$4004_const,1
650,$4004_vol,8
650,$400C_const,1
650,$400C_vol,0
651,$4000_duty,3
651,$4000_const,1
651,$4000_vol,7
651,$4004_duty,3
651,$4004_const,1
651,$4004_vol,7
652,$4000_duty,3
652,$4000_const,1
652,$4000_vol,5
652,$4004_duty,3
652,$4004_const,1
652,$4004_vol,0
653,$4000_duty,3
653,$4000_const,1
653,$4000_vol,0
655,$4012_addr,240
655,$4013_len,11
655,$4010_rate,15
655,$4000_duty,3
655,$4000_const,1
655,$4000_vol,10
655,$4002_period,359
655,$400B_length,32
655,$4004_duty,2
655,$4004_const,1
655,$4004_vol,12
655,$4006_period,3237
655,$4008_linear,127
655,$400A_period,151
655,$400B_length,32
655,$400E_period,3
655,$400E_mode,0
655,$400C_const,1
655,$400C_vol,8
656,$4004_duty,3
656,$4004_const,1
656,$4004_vol,11
656,$4008_linear,0
656,$400C_const,1
656,$400C_vol,5
657,$4004_duty,3
657,$4004_const,1
657,$4004_vol,10
657,$400C_const,1
657,$400C_vol,0
658,$4000_duty,3
658,$4000_const,1
658,$4000_vol,7
658,$4004_duty,3
658,$4004_const,1
658,$4004_vol,9
659,$4000_duty,3
659,$4000_const,1
659,$4000_vol,5
659,$4004_duty,3
659,$4004_const,1
659,$4004_vol,8
660,$4000_duty,3
660,$4000_const,1
660,$4000_vol,0
660,$4004_duty,3
660,$4004_const,1
660,$4004_vol,7
661,$4004_duty,3
661,$4004_const,1
661,$4004_vol,6
662,$4012_addr,243
662,$4013_len,28
662,$4010_rate,15
662,$4000_duty,3
662,$4000_const,1
662,$4000_vol,10
662,$4002_period,403
662,$400B_length,48
662,$4004_duty,3
662,$4004_const,1
662,$4004_vol,5
662,$4008_linear,127
662,$400A_period,121
662,$400B_length,48
662,$400C_const,1
662,$400C_vol,10
663,$4008_linear,0
663,$400C_const,1
663,$400C_vol,7
664,$4004_duty,3
664,$4004_const,1
664,$4004_vol,4
664,$400C_const,1
664,$400C_vol,0
665,$4000_duty,3
665,$4000_const,1
665,$4000_vol,7
665,$4004_duty,3
665,$4004_const,1
665,$4004_vol,1
666,$4000_duty,3
666,$4000_const,1
666,$4000_vol,5
667,$4000_duty,3
667,$4000_const,1
667,$4000_vol,0
669,$4000_duty,3
669,$4000_const,1
669,$4000_vol,10
669,$4002_period,481
669,$400B_length,32
669,$4004_duty,2
669,$4004_const,1
669,$4004_vol,12
669,$4006_period,3237
669,$4008_linear,127
669,$400A_period,151
669,$400B_length,32
669,$400E_period,2
669,$400E_mode,0
669,$400C_const,1
669,$400C_vol,8
670,$4004_duty,3
670,$4004_const,1
670,$4004_vol,11
670,$4008_linear,0
670,$400C_const,1
670,$400C_vol,5
671,$4004_duty,3
671,$4004_const,1
671,$4004_vol,10
671,$400C_const,1
671,$400C_vol,0
672,$4000_duty,3
672,$4000_const,1
672,$4000_vol,7
672,$4004_duty,3
672,$4004_const,1
672,$4004_vol,9
673,$4000_duty,3
673,$4000_const,1
673,$4000_vol,5
673,$4004_duty,3
673,$4004_const,1
673,$4004_vol,8
674,$4000_duty,3
674,$4000_const,1
674,$4000_vol,0
674,$4004_duty,3
674,$4004_const,1
674,$4004_vol,7
675,$4004_duty,3
675,$4004_const,1
675,$4004_vol,6
676,$4012_addr,250
676,$4013_len,11
676,$4010_rate,14
676,$4000_duty,3
676,$4000_const,1
676,$4000_vol,10
676,$4002_period,605
676,$400B_length,49
676,$4004_duty,3
676,$4004_const,1
676,$4004_vol,5
676,$4008_linear,127
676,$400A_period,75
676,$400B_length,48
676,$400E_period,1
676,$400E_mode,0
676,$400C_const,1
676,$400C_vol,8
677,$4008_linear,0
677,$400C_const,1
677,$400C_vol,5
678,$4004_duty,3
678,$4004_const,1
678,$4004_vol,4
678,$400C_const,1
678,$400C_vol,0
679,$4000_duty,3
679,$4000_const,1
679,$4000_vol,7
679,$4004_duty,3
679,$4004_const,1
679,$4004_vol,1
680,$4000_duty,3
680,$4000_const,1
680,$4000_vol,5
681,$4000_duty,3
681,$4000_const,1
681,$4000_vol,0
683,$4012_addr,240
683,$4013_len,11
683,$4010_rate,15
683,$4000_duty,3
683,$4000_const,1
683,$4000_vol,10
683,$4002_period,807
683,$400B_length,33
683,$4004_duty,2
683,$4004_const,1
683,$4004_vol,11
683,$4006_period,1211
683,$4008_linear,127
683,$400A_period,151
683,$400B_length,32
683,$400E_period,3
683,$400E_mode,0
683,$400C_const,1
683,$400C_vol,8
684,$4004_duty,3
684,$4004_const,1
684,$4004_vol,10
684,$4008_linear,0
684,$400C_const,1
684,$400C_vol,5
685,$4004_duty,3
685,$4004_const,1
685,$4004_vol,9
685,$400C_const,1
685,$400C_vol,0
686,$4000_duty,3
686,$4000_const,1
686,$4000_vol,7
686,$4004_duty,3
686,$4004_const,1
686,$4004_vol,8
687,$4000_duty,3
687,$4000_const,1
687,$4000_vol,5
687,$4004_duty,3
687,$4004_const,1
687,$4004_vol,0
688,$4000_duty,3
688,$4000_const,1
688,$4000_vol,0
690,$4012_addr,240
690,$4013_len,11
690,$4010_rate,15
690,$4000_duty,3
690,$4000_const,1
690,$4000_vol,10
690,$4002_period,481
690,$400B_length,48
690,$4004_duty,2
690,$4004_const,1
690,$4004_vol,15
690,$4006_period,2427
690,$4008_linear,127
690,$400A_period,121
690,$400B_length,48
690,$400C_const,1
690,$400C_vol,10
691,$4004_duty,3
691,$4004_const,1
691,$4004_vol,14
691,$4008_linear,0
691,$400C_const,1
691,$400C_vol,7
692,$4004_duty,3
692,$4004_const,1
692,$4004_vol,13
692,$400C_const,1
692,$400C_vol,0
693,$4000_duty,3
693,$4000_const,1
693,$4000_vol,7
693,$4004_duty,3
693,$4004_const,1
693,$4004_vol,12
694,$4000_duty,3
694,$4000_const,1
694,$4000_vol,5
694,$4004_duty,3
694,$4004_const,1
694,$4004_vol,11
695,$4000_duty,3
695,$4000_const,1
695,$4000_vol,0
695,$4004_duty,3
695,$4004_const,1
695,$4004_vol,10
696,$4004_duty,3
696,$4004_const,1
696,$4004_vol,9
697,$4000_duty,3
697,$4000_const,1
697,$4000_vol,10
697,$4002_period,453
697,$400B_length,32
697,$4004_duty,3
697,$4004_const,1
697,$4004_vol,8
697,$4008_linear,127
697,$400A_period,151
697,$400B_length,32
697,$400E_period,2
697,$400E_mode,0
697,$400C_const,1
697,$400C_vol,8
698,$4008_linear,0
698,$400C_const,1
698,$400C_vol,5
699,$4004_duty,3
699,$4004_const,1
699,$4004_vol,7
699,$400C_const,1
699,$400C_vol,0
700,$4000_duty,3
700,$4000_const,1
700,$4000_vol,7
700,$4004_duty,3
700,$4004_const,1
700,$4004_vol,4
701,$4000_duty,3
701,$4000_const,1
701,$4000_vol,5
702,$4000_duty,3
702,$4000_const,1
702,$4000_vol,0
704,$4012_addr,250
704,$4013_len,11
704,$4010_rate,15
704,$4000_duty,3
704,$4000_const,1
704,$4000_vol,10
704,$4002_period,427
704,$400B_length,48
704,$4004_duty,2
704,$4004_const,1
704,$4004_vol,10
704,$4006_period,1211
704,$4008_linear,127
704,$400A_period,75
704,$400B_length,48
704,$400E_period,1
704,$400E_mode,0
704,$400C_const,1
704,$400C_vol,8
705,$4004_duty,3
705,$4004_const,1
705,$4004_vol,9
705,$4008_linear,0
705,$400C_const,1
705,$400C_vol,5
706,$4004_duty,3
706,$4004_const,1
706,$4004_vol,8
706,$400C_const,1
706,$400C_vol,0
707,$4000_duty,3
707,$4000_const,1
707,$4000_vol,7
707,$4004_duty,3
707,$4004_const,1
707,$4004_vol,7
708,$4000_duty,3
708,$4000_const,1
708,$4000_vol,5
708,$4004_duty,3
708,$4004_const,1
708,$4004_vol,0
709,$4000_duty,3
709,$4000_const,1
709,$4000_vol,0
711,$4000_duty,3
711,$4000_const,1
711,$4000_vol,10
711,$4002_period,403
711,$400B_length,32
711,$4004_duty,2
711,$4004_const,1
711,$4004_vol,12
711,$4006_period,3237
711,$4008_linear,127
711,$400A_period,151
711,$400B_length,32
711,$400E_period,3
711,$400E_mode,0
711,$400C_const,1
711,$400C_vol,8
712,$4004_duty,3
712,$4004_const,1
712,$4004_vol,11
712,$4008_linear,0
712,$400C_const,1
712,$400C_vol,5
713,$4004_duty,3
713,$4004_const,1
713,$4004_vol,10
713,$400C_const,1
713,$400C_vol,0
714,$4000_duty,3
714,$4000_const,1
714,$4000_vol,7
714,$4004_duty,3
714,$4004_const,1
714,$4004_vol,9
715,$4000_duty,3
715,$4000_const,1
715,$4000_vol,5
715,$4004_duty,3
715,$4004_const,1
715,$4004_vol,8
716,$4000_duty,3
716,$4000_const,1
716,$4000_vol,0
716,$4004_duty,3
716,$4004_const,1
716,$4004_vol,7
717,$4004_duty,3
717,$4004_const,1
717,$4004_vol,6
718,$4012_addr,243
718,$4013_len,28
718,$4010_rate,15
718,$4004_duty,3
718,$4004_const,1
718,$4004_vol,5
718,$4008_linear,127
718,$400A_period,121
718,$400B_length,48
718,$400C_const,1
718,$400C_vol,10
719,$4008_linear,0
719,$400C_const,1
719,$400C_vol,7
720,$4004_duty,3
720,$4004_const,1
720,$4004_vol,4
720,$400C_const,1
720,$400C_vol,0
721,$4004_duty,3
721,$4004_const,1
721,$4004_vol,1
725,$4000_duty,0
725,$4000_const,1
725,$4000_vol,7
725,$4002_period,89
725,$400B_length,48
725,$4004_duty,2
725,$4004_const,1
725,$4004_vol,12
725,$4006_period,3237
725,$4008_linear,127
725,$400A_period,151
725,$400B_length,32
725,$400E_period,2
725,$400E_mode,0
725,$400C_const,1
725,$400C_vol,8
726,$4004_duty,3
726,$4004_const,1
726,$4004_vol,11
726,$4008_linear,0
726,$400C_const,1
726,$400C_vol,5
727,$4000_duty,0
727,$4000_const,1
727,$4000_vol,5
727,$4004_duty,3
727,$4004_const,1
727,$4004_vol,10
727,$400C_const,1
727,$400C_vol,0
728,$4004_duty,3
728,$4004_const,1
728,$4004_vol,9
729,$4000_duty,0
729,$4000_const,1
729,$4000_vol,0
729,$4004_duty,3
729,$4004_const,1
729,$4004_vol,8
730,$4004_duty,3
730,$4004_const,1
730,$4004_vol,7
731,$4004_duty,3
731,$4004_const,1
731,$4004_vol,6
732,$4012_addr,250
732,$4013_len,11
732,$4010_rate,14
732,$4000_duty,0
732,$4000_const,1
732,$4000_vol,7
732,$4002_period,81
732,$400B_length,32
732,$4004_duty,3
732,$4004_const,1
732,$4004_vol,5
732,$4008_linear,127
732,$400A_period,75
732,$400B_length,48
732,$400E_period,1
732,$400E_mode,0
732,$400C_const,1
732,$400C_vol,8
733,$4008_linear,0
733,$400C_const,1
733,$400C_vol,5
734,$4000_duty,0
734,$4000_const,1
734,$4000_vol,5
734,$4004_duty,3
734,$4004_const,1
734,$4004_vol,4
734,$400C_const,1
734,$400C_vol,0
735,$4004_duty,3
735,$4004_const,1
735,$4004_vol,1
736,$4000_duty,0
736,$4000_const,1
736,$4000_vol,0
739,$4010_rate,14
739,$4000_duty,0
739,$4000_const,1
739,$4000_vol,7
739,$4002_period,75
739,$400B_length,48
739,$4004_duty,2
739,$4004_const,1
739,$4004_vol,11
739,$4006_period,1211
739,$4008_linear,127
739,$400A_period,151
739,$400B_length,32
739,$400E_period,3
739,$400E_mode,0
739,$400C_const,1
739,$400C_vol,8
740,$4004_duty,3
740,$4004_const,1
740,$4004_vol,10
740,$4008_linear,0
740,$400C_const,1
740,$400C_vol,5
741,$4000_duty,0
741,$4000_const,1
741,$4000_vol,5
741,$4004_duty,3
741,$4004_const,1
741,$4004_vol,9
741,$400C_const,1
741,$400C_vol,0
742,$4004_duty,3
742,$4004_const,1
742,$4004_vol,8
743,$4000_duty,0
743,$4000_const,1
743,$4000_vol,0
743,$4004_duty,3
743,$4004_const,1
743,$4004_vol,0
746,$4012_addr,240
746,$4013_len,11
746,$4010_rate,15
746,$4000_duty,0
746,$4000_const,1
746,$4000_vol,7
746,$4002_period,101
746,$400B_length,32
746,$4004_duty,2
746,$4004_const,1
746,$4004_vol,15
746,$4006_period,2427
746,$4008_linear,127
746,$400A_period,121
746,$400B_length,48
746,$400C_const,1
746,$400C_vol,10
747,$4004_duty,3
747,$4004_const,1
747,$4004_vol,14
747,$4008_linear,0
747,$400C_const,1
747,$400C_vol,7
748,$4000_duty,0
748,$4000_const,1
748,$4000_vol,5
748,$4004_duty,3
748,$4004_const,1
748,$4004_vol,13
748,$400C_const,1
748,$400C_vol,0
749,$4004_duty,3
749,$4004_const,1
749,$4004_vol,12
750,$4000_duty,0
750,$4000_const,1
750,$4000_vol,0
750,$4004_duty,3
750,$4004_const,1
750,$4004_vol,11
751,$4004_duty,3
751,$4004_const,1
751,$4004_vol,10
752,$4004_duty,3
752,$4004_const,1
752,$4004_vol,9
753,$4004_duty,3
753,$4004_const,1
753,$4004_vol,8
753,$4008_linear,127
753,$400A_period,151
753,$400B_length,32
753,$400E_period,2
753,$400E_mode,0
753,$400C_const,1
753,$400C_vol,8
754,$4008_linear,0
754,$400C_const,1
754,$400C_vol,5
755,$4004_duty,3
755,$4004_const,1
755,$4004_vol,7
755,$400C_const,1
755,$400C_vol,0
756,$4004_duty,3
756,$4004_const,1
756,$4004_vol,4
760,$4012_addr,250
760,$4013_len,11
760,$4010_rate,15
760,$4004_duty,2
760,$4004_const,1
760,$4004_vol,10
760,$4006_period,1211
760,$4008_linear,127
760,$400A_period,75
760,$400B_length,48
760,$400E_period,1
760,$400E_mode,0
760,$400C_const,1
760,$400C_vol,8
761,$4004_duty,3
761,$4004_const,1
761,$4004_vol,9
761,$4008_linear,0
761,$400C_const,1
761,$400C_vol,5
762,$4004_duty,3
762,$4004_const,1
762,$4004_vol,8
762,$400C_const,1
762,$400C_vol,0
763,$4004_duty,3
763,$4004_const,1
763,$4004_vol,7
764,$4004_duty,3
764,$4004_const,1
764,$4004_vol,0
767,$4010_rate,15
767,$4004_duty,2
767,$4004_const,1
767,$4004_vol,12
767,$4006_period,3237
767,$4008_linear,127
767,$400A_period,151
767,$400B_length,32
767,$400E_period,3
767,$400E_mode,0
767,$400C_const,1
767,$400C_vol,8
768,$4004_duty,3
768,$4004_const,1
768,$4004_vol,11
768,$4008_linear,0
768,$400C_const,1
768,$400C_vol,5
769,$4004_duty,3
769,$4004_const,1
769,$4004_vol,10
769,$400C_const,1
769,$400C_vol,0
770,$4004_duty,3
770,$4004_const,1
770,$4004_vol,9
771,$4004_duty,3
771,$4004_const,1
771,$4004_vol,8
772,$4004_duty,3
772,$4004_const,1
772,$4004_vol,7
773,$4004_duty,3
773,$4004_const,1
773,$4004_vol,6
774,$4012_addr,243
774,$4013_len,28
774,$4010_rate,15
774,$4004_duty,3
774,$4004_const,1
774,$4004_vol,5
774,$4008_linear,127
774,$400A_period,121
774,$400B_length,48
774,$400C_const,1
774,$400C_vol,10
775,$4008_linear,0
775,$400C_const,1
775,$400C_vol,7
776,$4004_duty,3
776,$4004_const,1
776,$4004_vol,4
776,$400C_const,1
776,$400C_vol,0
777,$4004_duty,3
777,$4004_const,1
777,$4004_vol,1
781,$4012_addr,250
781,$4013_len,11
781,$4010_rate,14
781,$4004_duty,2
781,$4004_const,1
781,$4004_vol,12
781,$4006_period,3237
781,$4008_linear,127
781,$400A_period,151
781,$400B_length,32
781,$400E_period,2
781,$400E_mode,0
781,$400C_const,1
781,$400C_vol,8
782,$4004_duty,3
782,$4004_const,1
782,$4004_vol,11
782,$4008_linear,0
782,$400C_const,1
782,$400C_vol,5
783,$4004_duty,3
783,$4004_const,1
783,$4004_vol,10
783,$400C_const,1
783,$400C_vol,0
784,$4004_duty,3
784,$4004_const,1
784,$4004_vol,9
785,$4004_duty,3
785,$4004_const,1
785,$4004_vol,8
786,$4004_duty,3
786,$4004_const,1
786,$4004_vol,7
787,$4004_duty,3
787,$4004_const,1
787,$4004_vol,6
788,$4012_addr,243
788,$4013_len,28
788,$4010_rate,15
788,$4004_duty,3
788,$4004_const,1
788,$4004_vol,5
788,$4008_linear,127
788,$400A_period,75
788,$400B_length,48
788,$400E_period,1
788,$400E_mode,0
788,$400C_const,1
788,$400C_vol,8
789,$4008_linear,0
789,$400C_const,1
789,$400C_vol,5
790,$4004_duty,3
790,$4004_const,1
790,$4004_vol,4
790,$400C_const,1
790,$400C_vol,0
791,$4004_duty,3
791,$4004_const,1
791,$4004_vol,1
795,$4012_addr,240
795,$4013_len,11
795,$4010_rate,15
795,$4004_duty,2
795,$4004_const,1
795,$4004_vol,11
795,$4006_period,1211
795,$4008_linear,127
795,$400A_period,151
795,$400B_length,32
795,$400E_period,3
795,$400E_mode,0
795,$400C_const,1
795,$400C_vol,8
796,$4004_duty,3
796,$4004_const,1
796,$4004_vol,10
796,$4008_linear,0
796,$400C_const,1
796,$400C_vol,5
797,$4004_duty,3
797,$4004_const,1
797,$4004_vol,9
797,$400C_const,1
797,$400C_vol,0
798,$4004_duty,3
798,$4004_const,1
798,$4004_vol,8
799,$4004_duty,3
799,$4004_const,1
799,$4004_vol,0
802,$4012_addr,240
802,$4013_len,11
802,$4010_rate,15
802,$4000_duty,3
802,$4000_const,1
802,$4000_vol,11
802,$4002_period,539
802,$400B_length,49
802,$4004_duty,2
802,$4004_const,1
802,$4004_vol,15
802,$4006_period,2157
802,$4008_linear,127
802,$400A_period,113
802,$400B_length,48
802,$400C_const,1
802,$400C_vol,10
803,$4004_duty,3
803,$4004_const,1
803,$4004_vol,14
803,$4008_linear,0
803,$400C_const,1
803,$400C_vol,7
804,$4004_duty,3
804,$4004_const,1
804,$4004_vol,13
804,$400C_const,1
804,$400C_vol,0
805,$4000_duty,3
805,$4000_const,1
805,$4000_vol,8
805,$4004_duty,3
805,$4004_const,1
805,$4004_vol,12
806,$4000_duty,3
806,$4000_const,1
806,$4000_vol,6
806,$4004_duty,3
806,$4004_const,1
806,$4004_vol,11
807,$4000_duty,3
807,$4000_const,1
807,$4000_vol,0
807,$4004_duty,3
807,$4004_const,1
807,$4004_vol,10
808,$4004_duty,3
808,$4004_const,1
808,$4004_vol,9
809,$4004_duty,3
809,$4004_const,1
809,$4004_vol,8
809,$4008_linear,127
809,$400A_period,135
809,$400B_length,32
809,$400E_period,2
809,$400E_mode,0
809,$400C_const,1
809,$400C_vol,8
810,$4008_linear,0
810,$400C_const,1
810,$400C_vol,5
811,$4004_duty,3
811,$4004_const,1
811,$4004_vol,7
811,$400C_const,1
811,$400C_vol,0
812,$4004_duty,3
812,$4004_const,1
812,$4004_vol,4
816,$4012_addr,250
816,$4013_len,11
816,$4010_rate,15
816,$4000_duty,3
816,$4000_const,1
816,$4000_vol,9
816,$4002_period,539
816,$400B_length,33
816,$4004_duty,2
816,$4004_const,1
816,$4004_vol,12
816,$4006_period,1079
816,$4008_linear,127
816,$400A_period,67
816,$400B_length,48
816,$400E_period,1
816,$400E_mode,0
816,$400C_const,1
816,$400C_vol,8
817,$4004_duty,3
817,$4004_const,1
817,$4004_vol,11
817,$4008_linear,0
817,$400C_const,1
817,$400C_vol,5
818,$4004_duty,3
818,$4004_const,1
818,$4004_vol,10
818,$400C_const,1
818,$400C_vol,0
819,$4000_duty,3
819,$4000_const,1
819,$4000_vol,0
819,$4004_duty,3
819,$4004_const,1
819,$4004_vol,9
820,$4004_duty,3
820,$4004_const,1
820,$4004_vol,1
821,$4000_duty,3
821,$4000_const,1
821,$4000_vol,7
821,$4002_period,539
821,$400B_length,49
823,$4004_duty,2
823,$4004_const,1
823,$4004_vol,12
823,$4006_period,2881
823,$4008_linear,127
823,$400A_period,135
823,$400B_length,32
823,$400E_period,3
823,$400E_mode,0
823,$400C_const,1
823,$400C_vol,8
824,$4000_duty,3
824,$4000_const,1
824,$4000_vol,0
824,$4004_duty,3
824,$4004_const,1
824,$4004_vol,11
824,$4008_linear,0
824,$400C_const,1
824,$400C_vol,5
825,$4004_duty,3
825,$4004_const,1
825,$4004_vol,10
825,$400C_const,1
825,$400C_vol,0
826,$4000_duty,3
826,$4000_const,1
826,$4000_vol,5
826,$4002_period,539
826,$400B_length,33
826,$4004_duty,3
826,$4004_const,1
826,$4004_vol,9
827,$4004_duty,3
827,$4004_const,1
827,$4004_vol,8
828,$4004_duty,3
828,$4004_const,1
828,$4004_vol,7
829,$4000_duty,3
829,$4000_const,1
829,$4000_vol,0
829,$4004_duty,3
829,$4004_const,1
829,$4004_vol,6
830,$4012_addr,243
830,$4013_len,28
830,$4010_rate,15
830,$4004_duty,3
830,$4004_const,1
830,$4004_vol,5
830,$4008_linear,127
830,$400A_period,113
830,$400B_length,48
830,$400C_const,1
830,$400C_vol,10
831,$4000_duty,3
831,$4000_const,1
831,$4000_vol,3
831,$4002_period,539
831,$400B_length,49
831,$4008_linear,0
831,$400C_const,1
831,$400C_vol,7
832,$4004_duty,3
832,$4004_const,1
832,$4004_vol,4
832,$400C_const,1
832,$400C_vol,0
833,$4004_duty,3
833,$4004_const,1
833,$4004_vol,1
834,$4000_duty,3
834,$4000_const,1
834,$4000_vol,0
836,$4000_duty,3
836,$4000_const,1
836,$4000_vol,1
836,$4002_period,539
836,$400B_length,33
837,$4004_duty,2
837,$4004_const,1
837,$4004_vol,10
837,$4006_period,2881
837,$4008_linear,127
837,$400A_period,135
837,$400B_length,32
837,$400E_period,2
837,$400E_mode,0
837,$400C_const,1
837,$400C_vol,8
838,$4004_duty,3
838,$4004_const,1
838,$4004_vol,9
838,$4008_linear,0
838,$400C_const,1
838,$400C_vol,5
839,$4000_duty,3
839,$4000_const,1
839,$4000_vol,0
839,$4004_duty,3
839,$4004_const,1
839,$4004_vol,8
839,$400C_const,1
839,$400C_vol,0
840,$4004_duty,3
840,$4004_const,1
840,$4004_vol,7
841,$4004_duty,3
841,$4004_const,1
841,$4004_vol,6
842,$4004_duty,3
842,$4004_const,1
842,$4004_vol,5
843,$4004_duty,3
843,$4004_const,1
843,$4004_vol,4
844,$4012_addr,250
844,$4013_len,11
844,$4010_rate,14
844,$4000_duty,3
844,$4000_const,1
844,$4000_vol,10
844,$4002_period,509
844,$400B_length,48
844,$4004_duty,3
844,$4004_const,1
844,$4004_vol,3
844,$4008_linear,127
844,$400A_period,67
844,$400B_length,48
844,$400E_period,1
844,$400E_mode,0
844,$400C_const,1
844,$400C_vol,8
845,$4008_linear,0
845,$400C_const,1
845,$400C_vol,5
846,$4004_duty,3
846,$4004_const,1
846,$4004_vol,2
846,$400C_const,1
846,$400C_vol,0
847,$4000_duty,3
847,$4000_const,1
847,$4000_vol,7
847,$4004_duty,3
847,$4004_const,1
847,$4004_vol,0
848,$4000_duty,3
848,$4000_const,1
848,$4000_vol,5
849,$4000_duty,3
849,$4000_const,1
849,$4000_vol,0
851,$4010_rate,14
851,$4000_duty,3
851,$4000_const,1
851,$4000_vol,10
851,$4002_period,481
851,$400B_length,32
851,$4004_duty,2
851,$4004_const,1
851,$4004_vol,10
851,$4006_period,1079
851,$4008_linear,127
851,$400A_period,135
851,$400B_length,32
851,$400E_period,3
851,$400E_mode,0
851,$400C_const,1
851,$400C_vol,8
852,$4004_duty,3
852,$4004_const,1
852,$4004_vol,9
852,$4008_linear,0
852,$400C_const,1
852,$400C_vol,5
853,$4004_duty,3
853,$4004_const,1
853,$4004_vol,8
853,$400C_const,1
853,$400C_vol,0
854,$4000_duty,3
854,$4000_const,1
854,$4000_vol,7
854,$4004_duty,3
854,$4004_const,1
854,$4004_vol,7
855,$4000_duty,3
855,$4000_const,1
855,$4000_vol,5
855,$4004_duty,3
855,$4004_const,1
855,$4004_vol,0
856,$4000_duty,3
856,$4000_const,1
856,$4000_vol,0
858,$4012_addr,240
858,$4013_len,11
858,$4010_rate,15
858,$4000_duty,3
858,$4000_const,1
858,$4000_vol,10
858,$4002_period,453
858,$400B_length,48
858,$4004_duty,2
858,$4004_const,1
858,$4004_vol,15
858,$4006_period,2157
858,$4008_linear,127
858,$400A_period,113
858,$400B_length,48
858,$400C_const,1
858,$400C_vol,10
859,$4004_duty,3
859,$4004_const,1
859,$4004_vol,14
859,$4008_linear,0
859,$400C_const,1
859,$400C_vol,7
860,$4004_duty,3
860,$4004_const,1
860,$4004_vol,13
860,$400C_const,1
860,$400C_vol,0
861,$4000_duty,3
861,$4000_const,1
861,$4000_vol,7
861,$4004_duty,3
861,$4004_const,1
861,$4004_vol,12
862,$4000_duty,3
862,$4000_const,1
862,$4000_vol,5
862,$4004_duty,3
862,$4004_const,1
862,$4004_vol,11
863,$4000_duty,3
863,$4000_const,1
863,$4000_vol,0
863,$4004_duty,3
863,$4004_const,1
863,$4004_vol,10
864,$4004_duty,3
864,$4004_const,1
864,$4004_vol,9
865,$4000_duty,3
865,$4000_const,1
865,$4000_vol,10
865,$4002_period,403
865,$400B_length,32
865,$4004_duty,3
865,$4004_const,1
865,$4004_vol,8
865,$4008_linear,127
865,$400A_period,135
865,$400B_length,32
865,$400E_period,2
865,$400E_mode,0
865,$400C_const,1
865,$400C_vol,8
866,$4008_linear,0
866,$400C_const,1
866,$400C_vol,5
867,$4004_duty,3
867,$4004_const,1
867,$4004_vol,7
867,$400C_const,1
867,$400C_vol,0
868,$4000_duty,3
868,$4000_const,1
868,$4000_vol,7
868,$4004_duty,3
868,$4004_const,1
868,$4004_vol,4
869,$4000_duty,3
869,$4000_const,1
869,$4000_vol,5
870,$4000_duty,3
870,$4000_const,1
870,$4000_vol,0
872,$4012_addr,250
872,$4013_len,11
872,$4010_rate,15
872,$4000_duty,3
872,$4000_const,1
872,$4000_vol,10
872,$4002_period,453
872,$400B_length,48
872,$4004_duty,2
872,$4004_const,1
872,$4004_vol,12
872,$4006_period,1079
872,$4008_linear,127
872,$400A_period,67
872,$400B_length,48
872,$400E_period,1
872,$400E_mode,0
872,$400C_const,1
872,$400C_vol,8
873,$4004_duty,3
873,$4004_const,1
873,$4004_vol,11
873,$4008_linear,0
873,$400C_const,1
873,$400C_vol,5
874,$4004_duty,3
874,$4004_const,1
874,$4004_vol,10
874,$400C_const,1
874,$400C_vol,0
875,$4000_duty,3
875,$4000_const,1
875,$4000_vol,7
875,$4004_duty,3
875,$4004_const,1
875,$4004_vol,9
876,$4000_duty,3
876,$4000_const,1
876,$4000_vol,5
876,$4004_duty,3
876,$4004_const,1
876,$4004_vol,1
877,$4000_duty,3
877,$4000_const,1
877,$4000_vol,0
879,$4010_rate,15
879,$4000_duty,3
879,$4000_const,1
879,$4000_vol,10
879,$4002_period,403
879,$400B_length,32
879,$4004_duty,2
879,$4004_const,1
879,$4004_vol,12
879,$4006_period,2881
879,$4008_linear,127
879,$400A_period,135
879,$400B_length,32
879,$400E_period,3
879,$400E_mode,0
879,$400C_const,1
879,$400C_vol,8
880,$4004_duty,3
880,$4004_const,1
880,$4004_vol,11
880,$4008_linear,0
880,$400C_const,1
880,$400C_vol,5
881,$4004_duty,3
881,$4004_const,1
881,$4004_vol,10
881,$400C_const,1
881,$400C_vol,0
882,$4000_duty,3
882,$4000_const,1
882,$4000_vol,7
882,$4004_duty,1
882,$4004_const,1
882,$4004_vol,1
882,$4006_period,75
882,$400E_period,4
882,$400E_mode,0
882,$400C_const,1
882,$400C_vol,15
883,$4000_duty,3
883,$4000_const,1
883,$4000_vol,5
883,$4006_period,81
883,$400C_const,1
883,$400C_vol,14
884,$4000_duty,3
884,$4000_const,1
884,$4000_vol,0
884,$4004_duty,1
884,$4004_const,1
884,$4004_vol,3
884,$4006_period,75
884,$400E_period,11
884,$400E_mode,0
884,$400C_const,1
884,$400C_vol,13
885,$4004_duty,1
885,$4004_const,1
885,$4004_vol,0
885,$4006_period,85
885,$400E_period,0
885,$400E_mode,0
885,$400C_const,1
885,$400C_vol,12
886,$4012_addr,243
886,$4013_len,28
886,$4010_rate,15
886,$4000_duty,3
886,$4000_const,1
886,$4000_vol,10
886,$4002_period,453
886,$400B_length,48
886,$4004_duty,1
886,$4004_const,1
886,$4004_vol,1
886,$4006_period,75
886,$4008_linear,127
886,$400A_period,113
886,$400B_length,48
886,$400E_period,6
886,$400E_mode,0
886,$400C_const,1
886,$400C_vol,11
887,$4006_period,81
887,$4008_linear,0
887,$400C_const,1
887,$400C_vol,10
888,$4004_duty,1
888,$4004_const,1
888,$4004_vol,3
888,$4006_period,75
888,$400E_period,13
888,$400E_mode,0
888,$400C_const,1
888,$400C_vol,9
889,$4000_duty,3
889,$4000_const,1
889,$4000_vol,7
889,$4004_duty,1
889,$4004_const,1
889,$4004_vol,0
889,$4006_period,85
889,$400E_period,0
889,$400E_mode,0
889,$400C_const,1
889,$400C_vol,8
890,$4000_duty,3
890,$4000_const,1
890,$4000_vol,5
891,$4000_duty,3
891,$4000_const,1
891,$4000_vol,0
891,$400C_const,1
891,$400C_vol,7
893,$4012_addr,250
893,$4013_len,11
893,$4010_rate,14
893,$4000_duty,3
893,$4000_const,1
893,$4000_vol,10
893,$4002_period,403
893,$400B_length,32
893,$4008_linear,127
893,$400A_period,135
893,$400B_length,32
893,$400C_const,1
893,$400C_vol,6
894,$4008_linear,0
895,$4004_duty,3
895,$4004_const,1
895,$4004_vol,8
895,$4006_period,2881
895,$400E_period,2
895,$400E_mode,0
895,$400C_const,1
895,$400C_vol,0
896,$4000_duty,3
896,$4000_const,1
896,$4000_vol,7
896,$4004_duty,3
896,$4004_const,1
896,$4004_vol,7
897,$4000_duty,3
897,$4000_const,1
897,$4000_vol,5
897,$4004_duty,3
897,$4004_const,1
897,$4004_vol,6
898,$4000_duty,3
898,$4000_const,1
898,$4000_vol,0
898,$4004_duty,3
898,$4004_const,1
898,$4004_vol,5
899,$4004_duty,3
899,$4004_const,1
899,$4004_vol,4
900,$4012_addr,243
900,$4013_len,28
900,$4010_rate,15
900,$4000_duty,3
900,$4000_const,1
900,$4000_vol,10
900,$4002_period,321
900,$400B_length,48
900,$4004_duty,3
900,$4004_const,1
900,$4004_vol,3
900,$4008_linear,127
900,$400A_period,67
900,$400B_length,48
900,$400E_period,1
900,$400E_mode,0
900,$400C_const,1
900,$400C_vol,8
901,$4008_linear,0
901,$400C_const,1
901,$400C_vol,5
902,$4004_duty,3
902,$4004_const,1
902,$4004_vol,2
902,$400C_const,1
902,$400C_vol,0
903,$4000_duty,3
903,$4000_const,1
903,$4000_vol,7
903,$4004_duty,3
903,$4004_const,1
903,$4004_vol,0
904,$4000_duty,3
904,$4000_const,1
904,$4000_vol,5
905,$4000_duty,3
905,$4000_const,1
905,$4000_vol,0
907,$4012_addr,240
907,$4013_len,11
907,$4010_rate,15
907,$4000_duty,3
907,$4000_const,1
907,$4000_vol,10
907,$4002_period,359
907,$400B_length,32
907,$4004_duty,2
907,$4004_const,1
907,$4004_vol,10
907,$4006_period,1079
907,$4008_linear,127
907,$400A_period,135
907,$400B_length,32
907,$400E_period,3
907,$400E_mode,0
907,$400C_const,1
907,$400C_vol,8
908,$4004_duty,3
908,$4004_const,1
908,$4004_vol,9
908,$4008_linear,0
908,$400C_const,1
908,$400C_vol,5
909,$4004_duty,3
909,$4004_const,1
909,$4004_vol,8
909,$400C_const,1
909,$400C_vol,0
910,$4000_duty,3
910,$4000_const,1
910,$4000_vol,7
910,$4004_duty,3
910,$4004_const,1
910,$4004_vol,7
911,$4000_duty,3
911,$4000_const,1
911,$4000_vol,5
911,$4004_duty,3
911,$4004_const,1
911,$4004_vol,0
912,$4000_duty,3
912,$4000_const,1
912,$4000_vol,0
914,$4012_addr,240
914,$4013_len,11
914,$4010_rate,15
914,$4000_duty,3
914,$4000_const,1
914,$4000_vol,10
914,$4002_period,403
914,$400B_length,48
914,$4004_duty,2
914,$4004_const,1
914,$4004_vol,10
914,$4006_period,807
914,$4008_linear,127
914,$400A_period,113
914,$400B_length,48
914,$400C_const,1
914,$400C_vol,10
915,$4004_duty,3
915,$4004_const,1
915,$4004_vol,9
915,$4008_linear,0
915,$400C_const,1
915,$400C_vol,7
916,$4004_duty,3
916,$4004_const,1
916,$4004_vol,8
916,$400C_const,1
916,$400C_vol,0
917,$4000_duty,3
917,$4000_const,1
917,$4000_vol,7
917,$4004_duty,3
917,$4004_const,1
917,$4004_vol,0
918,$4000_duty,3
918,$4000_const,1
918,$4000_vol,5
919,$4000_duty,3
919,$4000_const,1
919,$4000_vol,0
921,$4000_duty,3
921,$4000_const,1
921,$4000_vol,10
921,$4002_period,453
921,$400B_length,32
921,$4008_linear,127
921,$400A_period,135
921,$400B_length,32
921,$400E_period,2
921,$400E_mode,0
921,$400C_const,1
921,$400C_vol,8
922,$4008_linear,0
922,$400C_const,1
922,$400C_vol,5
923,$400C_const,1
923,$400C_vol,0
924,$4000_duty,3
924,$4000_const,1
924,$4000_vol,7
925,$4000_duty,3
925,$4000_const,1
925,$4000_vol,5
926,$4000_duty,3
926,$4000_const,1
926,$4000_vol,0
928,$4012_addr,250
928,$4013_len,11
928,$4010_rate,15
928,$4000_duty,3
928,$4000_const,1
928,$4000_vol,10
928,$4002_period,539
928,$400B_length,49
928,$4004_duty,2
928,$4004_const,1
928,$4004_vol,15
928,$4006_period,1619
928,$4008_linear,127
928,$400A_period,67
928,$400B_length,48
928,$400E_period,1
928,$400E_mode,0
928,$400C_const,1
928,$400C_vol,8
929,$4004_duty,3
929,$4004_const,1
929,$4004_vol,14
929,$4008_linear,0
929,$400C_const,1
929,$400C_vol,5
930,$4004_duty,3
930,$4004_const,1
930,$4004_vol,13
930,$400C_const,1
930,$400C_vol,0
931,$4000_duty,3
931,$4000_const,1
931,$4000_vol,7
931,$4004_duty,3
931,$4004_const,1
931,$4004_vol,4
932,$4000_duty,3
932,$4000_const,1
932,$4000_vol,5
933,$4000_duty,3
933,$4000_const,1
933,$4000_vol,0
935,$4000_duty,3
935,$4000_const,1
935,$4000_vol,10
935,$4002_period,641
935,$400B_length,33
935,$4004_duty,2
935,$4004_const,1
935,$4004_vol,10
935,$4006_period,807
935,$4008_linear,127
935,$400A_period,135
935,$400B_length,32
935,$400E_period,3
935,$400E_mode,0
935,$400C_const,1
935,$400C_vol,8
936,$4004_duty,3
936,$4004_const,1
936,$4004_vol,9
936,$4008_linear,0
936,$400C_const,1
936,$400C_vol,5
937,$4004_duty,3
937,$4004_const,1
937,$4004_vol,8
937,$400C_const,1
937,$400C_vol,0
938,$4000_duty,3
938,$4000_const,1
938,$4000_vol,7
938,$4004_duty,3
938,$4004_const,1
938,$4004_vol,0
939,$4000_duty,3
939,$4000_const,1
939,$4000_vol,5
940,$4000_duty,3
940,$4000_const,1
940,$4000_vol,0
942,$4012_addr,243
942,$4013_len,28
942,$4010_rate,15
942,$4008_linear,127
942,$400A_period,101
942,$400B_length,48
942,$400C_const,1
942,$400C_vol,10
943,$4008_linear,0
943,$400C_const,1
943,$400C_vol,7
944,$400C_const,1
944,$400C_vol,0
949,$4000_duty,0
949,$4000_const,1
949,$4000_vol,10
949,$4002_period,807
949,$400B_length,49
949,$4004_duty,2
949,$4004_const,1
949,$4004_vol,15
949,$4006_period,1619
949,$4008_linear,127
949,$400A_period,227
949,$400B_length,32
949,$400E_period,2
949,$400E_mode,0
949,$400C_const,1
949,$400C_vol,8
950,$4004_duty,3
950,$4004_const,1
950,$4004_vol,14
950,$400C_const,1
950,$400C_vol,5
951,$4000_duty,0
951,$4000_const,1
951,$4000_vol,8
951,$4004_duty,3
951,$4004_const,1
951,$4004_vol,13
951,$400C_const,1
951,$400C_vol,0
952,$4004_duty,3
952,$4004_const,1
952,$4004_vol,4
953,$4008_linear,0
954,$4000_duty,0
954,$4000_const,1
954,$4000_vol,0
956,$4012_addr,250
956,$4013_len,11
956,$4010_rate,14
956,$4004_duty,3
956,$4004_const,1
956,$4004_vol,0
956,$4008_linear,127
956,$400A_period,101
956,$400B_length,48
956,$400E_period,1
956,$400E_mode,0
956,$400C_const,1
956,$400C_vol,8
957,$4008_linear,0
957,$400C_const,1
957,$400C_vol,5
958,$400C_const,1
958,$400C_vol,0
963,$4010_rate,14
963,$4000_duty,0
963,$4000_const,1
963,$4000_vol,10
963,$4002_period,605
963,$400B_length,33
963,$4004_duty,3
963,$4004_const,1
963,$4004_vol,15
963,$4006_period,2427
963,$4008_linear,127
963,$400A_period,241
963,$400B_length,32
963,$400E_period,3
963,$400E_mode,0
963,$400C_const,1
963,$400C_vol,8
964,$4004_duty,3
964,$4004_const,1
964,$4004_vol,13
964,$400C_const,1
964,$400C_vol,5
965,$4000_duty,0
965,$4000_const,1
965,$4000_vol,8
965,$400C_const,1
965,$400C_vol,0
966,$4004_duty,3
966,$4004_const,1
966,$4004_vol,6
967,$4008_linear,0
968,$4000_duty,0
968,$4000_const,1
968,$4000_vol,0
968,$4004_duty,3
968,$4004_const,1
968,$4004_vol,1
969,$4004_duty,3
969,$4004_const,1
969,$4004_vol,0
970,$4012_addr,240
970,$4013_len,11
970,$4010_rate,15
970,$400E_period,2
970,$400E_mode,0
970,$400C_const,1
970,$400C_vol,14
971,$400C_const,1
971,$400C_vol,11
972,$400C_const,1
972,$400C_vol,3
977,$4012_addr,243
977,$4013_len,28
977,$4010_rate,15
977,$4000_duty,0
977,$4000_const,1
977,$4000_vol,15
977,$4002_period,1211
977,$400B_length,50
977,$4004_duty,3
977,$4004_const,1
977,$4004_vol,15
977,$4006_period,2427
977,$400E_period,1
977,$400E_mode,0
977,$400C_const,1
977,$400C_vol,2
978,$4000_duty,0
978,$4000_const,1
978,$4000_vol,13
978,$4004_duty,3
978,$4004_const,1
978,$4004_vol,13
978,$400C_const,1
978,$400C_vol,0
981,$4000_duty,0
981,$4000_const,1
981,$4000_vol,6
981,$4004_duty,1
981,$4004_const,1
981,$4004_vol,1
981,$4006_period,75
981,$400E_period,4
981,$400E_mode,0
981,$400C_const,1
981,$400C_vol,15
982,$4006_period,81
982,$400C_const,1
982,$400C_vol,14
983,$4000_duty,0
983,$4000_const,1
983,$4000_vol,1
983,$4004_duty,1
983,$4004_const,1
983,$4004_vol,3
983,$4006_period,75
983,$400E_period,11
983,$400E_mode,0
983,$400C_const,1
983,$400C_vol,13
984,$4000_duty,0
984,$4000_const,1
984,$4000_vol,0
984,$4004_duty,1
984,$4004_const,1
984,$4004_vol,0
984,$4006_period,85
984,$400E_period,0
984,$400E_mode,0
984,$400C_const,1
984,$400C_vol,12
985,$4004_duty,1
985,$4004_const,1
985,$4004_vol,1
985,$4006_period,75
985,$400E_period,6
985,$400E_mode,0
985,$400C_const,1
985,$400C_vol,11
986,$4006_period,81
986,$400C_const,1
986,$400C_vol,10
987,$4004_duty,1
987,$4004_const,1
987,$4004_vol,3
987,$4006_period,75
987,$400E_period,13
987,$400E_mode,0
987,$400C_const,1
987,$400C_vol,9
988,$4004_duty,1
988,$4004_const,1
988,$4004_vol,0
988,$4006_period,85
988,$400E_period,0
988,$400E_mode,0
988,$400C_const,1
988,$400C_vol,8
990,$400C_const,1
990,$400C_vol,7
991,$4012_addr,240
991,$4013_len,11
991,$4010_rate,15
991,$4000_duty,0
991,$4000_const,1
991,$4000_vol,15
991,$4002_period,1211
991,$400B_length,34
992,$4000_duty,0
992,$4000_const,1
992,$4000_vol,6
992,$400C_const,1
992,$400C_vol,6
994,$4000_duty,0
994,$4000_const,1
994,$4000_vol,1
994,$4004_duty,3
994,$4004_const,1
994,$4004_vol,6
994,$4006_period,2427
994,$400E_period,2
994,$400E_mode,0
994,$400C_const,1
994,$400C_vol,3
995,$4000_duty,0
995,$4000_const,1
995,$4000_vol,0
995,$400E_period,12
995,$400E_mode,0
995,$400C_const,1
995,$400C_vol,4
996,$4004_duty,3
996,$4004_const,1
996,$4004_vol,1
996,$400E_period,10
996,$400E_mode,0
996,$400C_const,1
996,$400C_vol,10
997,$4004_duty,3
997,$4004_const,1
997,$4004_vol,0
997,$400E_period,11
997,$400E_mode,0
997,$400C_const,1
997,$400C_vol,15
998,$4010_rate,15
998,$4000_duty,0
998,$4000_const,1
998,$4000_vol,15
998,$4002_period,1211
998,$400B_length,50
998,$4004_duty,3
998,$4004_const,1
998,$4004_vol,15
998,$4006_period,2427
998,$400E_period,12
998,$400E_mode,0
999,$4000_duty,0
999,$4000_const,1
999,$4000_vol,6
999,$4004_duty,3
999,$4004_const,1
999,$4004_vol,13
999,$400E_period,13
999,$400E_mode,0
1000,$400E_period,11
1000,$400E_mode,0
1000,$400C_const,1
1000,$400C_vol,13
1001,$4000_duty,0
1001,$4000_const,1
1001,$4000_vol,1
1001,$400C_const,1
1001,$400C_vol,0
1002,$4000_duty,0
1002,$4000_const,1
1002,$4000_vol,0
1003,$400E_period,13
1003,$400E_mode,0
1003,$400C_const,1
1003,$400C_vol,13
1004,$400E_period,11
1004,$400E_mode,0
1004,$400C_const,1
1004,$400C_vol,11
1005,$4012_addr,243
1005,$4013_len,28
1005,$4010_rate,15
1005,$4004_duty,3
1005,$4004_const,1
1005,$4004_vol,6
1005,$400C_const,1
1005,$400C_vol,0
1007,$4004_duty,3
1007,$4004_const,1
1007,$4004_vol,1
1007,$400E_period,13
1007,$400E_mode,0
1007,$400C_const,1
1007,$400C_vol,11
1008,$4004_duty,3
1008,$4004_const,1
1008,$4004_vol,0
1008,$400E_period,11
1008,$400E_mode,0
1008,$400C_const,1
1008,$400C_vol,9
1009,$4010_rate,15
1009,$400C_const,1
1009,$400C_vol,0
1011,$400E_period,13
1011,$400E_mode,0
1011,$400C_const,1
1011,$400C_vol,9
1012,$400E_period,11
1012,$400E_mode,0
1012,$400C_const,1
1012,$400C_vol,7
1013,$400C_const,1
1013,$400C_vol,0
1015,$400E_period,13
1015,$400E_mode,0
1015,$400C_const,1
1015,$400C_vol,7
1016,$400E_period,11
1016,$400E_mode,0
1016,$400C_const,1
1016,$400C_vol,5
1017,$400C_const,1
1017,$400C_vol,0
1019,$4010_rate,15
1019,$400E_period,10
1019,$400E_mode,0
1019,$400C_const,1
1019,$400C_vol,5
1020,$400C_const,1
1020,$400C_vol,0
1022,$400E_period,1
1022,$400E_mode,0
1022,$400C_const,1
1022,$400C_vol,0
1026,$4012_addr,240
1026,$4013_len,11
1026,$4010_rate,15
1026,$4000_duty,2
1026,$4000_const,1
1026,$4000_vol,4
1026,$4002_period,359
1026,$400B_length,32
1026,$4004_duty,2
1026,$4004_const,1
1026,$4004_vol,15
1026,$4006_period,1811
1026,$4008_linear,127
1026,$400A_period,227
1026,$400B_length,48
1026,$400E_period,3
1026,$400E_mode,0
1026,$400C_const,1
1026,$400C_vol,10
1027,$4000_duty,2
1027,$4000_const,1
1027,$4000_vol,8
1027,$4004_duty,3
1027,$4004_const,1
1027,$4004_vol,14
1027,$400C_const,1
1027,$400C_vol,7
1028,$4000_duty,2
1028,$4000_const,1
1028,$4000_vol,10
1028,$4004_duty,3
1028,$4004_const,1
1028,$4004_vol,13
1028,$400C_const,1
1028,$400C_vol,0
1029,$4000_duty,2
1029,$4000_const,1
1029,$4000_vol,7
1029,$4004_duty,3
1029,$4004_const,1
1029,$4004_vol,12
1030,$4000_duty,2
1030,$4000_const,1
1030,$4000_vol,5
1030,$4004_duty,3
1030,$4004_const,1
1030,$4004_vol,11
1031,$4000_duty,2
1031,$4000_const,1
1031,$4000_vol,0
1031,$4004_duty,3
1031,$4004_const,1
1031,$4004_vol,10
1031,$4008_linear,0
1032,$4004_duty,3
1032,$4004_const,1
1032,$4004_vol,9
1033,$4004_duty,3
1033,$4004_const,1
1033,$4004_vol,8
1033,$400E_period,2
1033,$400E_mode,0
1033,$400C_const,1
1033,$400C_vol,8
1034,$4004_duty,3
1034,$4004_const,1
1034,$4004_vol,4
1034,$400C_const,1
1034,$400C_vol,5
1035,$400C_const,1
1035,$400C_vol,0
1038,$4004_duty,3
1038,$4004_const,1
1038,$4004_vol,0
1040,$4012_addr,250
1040,$4013_len,11
1040,$4010_rate,15
1040,$4000_duty,2
1040,$4000_const,1
1040,$4000_vol,4
1040,$4002_period,359
1040,$400B_length,48
1040,$4004_duty,2
1040,$4004_const,1
1040,$4004_vol,11
1040,$4006_period,907
1040,$4008_linear,127
1040,$400A_period,227
1040,$400B_length,32
1040,$400E_period,1
1040,$400E_mode,0
1040,$400C_const,1
1040,$400C_vol,8
1041,$4000_duty,2
1041,$4000_const,1
1041,$4000_vol,8
1041,$4004_duty,3
1041,$4004_const,1
1041,$4004_vol,10
1041,$400C_const,1
1041,$400C_vol,5
1042,$4000_duty,2
1042,$4000_const,1
1042,$4000_vol,10
1042,$4004_duty,3
1042,$4004_const,1
1042,$4004_vol,9
1042,$400C_const,1
1042,$400C_vol,0
1043,$4000_duty,2
1043,$4000_const,1
1043,$4000_vol,7
1043,$4004_duty,3
1043,$4004_const,1
1043,$4004_vol,0
1044,$4000_duty,2
1044,$4000_const,1
1044,$4000_vol,5
1047,$4012_addr,240
1047,$4013_len,11
1047,$4010_rate,15
1047,$4004_duty,2
1047,$4004_const,1
1047,$4004_vol,13
1047,$4006_period,2427
1047,$400E_period,3
1047,$400E_mode,0
1047,$400C_const,1
1047,$400C_vol,8
1048,$4004_duty,3
1048,$4004_const,1
1048,$4004_vol,12
1048,$400C_const,1
1048,$400C_vol,5
1049,$4000_duty,2
1049,$4000_const,1
1049,$4000_vol,6
1049,$4004_duty,3
1049,$4004_const,1
1049,$4004_vol,11
1049,$400C_const,1
1049,$400C_vol,0
1050,$4004_duty,3
1050,$4004_const,1
1050,$4004_vol,10
1051,$4004_duty,3
1051,$4004_const,1
1051,$4004_vol,9
1052,$4004_duty,3
1052,$4004_const,1
1052,$4004_vol,8
1053,$4004_duty,3
1053,$4004_const,1
1053,$4004_vol,7
1054,$4010_rate,15
1054,$4000_duty,2
1054,$4000_const,1
1054,$4000_vol,7
1054,$4004_duty,3
1054,$4004_const,1
1054,$4004_vol,6
1054,$400C_const,1
1054,$400C_vol,10
1055,$4004_duty,3
1055,$4004_const,1
1055,$4004_vol,2
1055,$400C_const,1
1055,$400C_vol,7
1056,$400C_const,1
1056,$400C_vol,0
1059,$4000_duty,2
1059,$4000_const,1
1059,$4000_vol,8
1059,$4004_duty,3
1059,$4004_const,1
1059,$4004_vol,0
1059,$4008_linear,0
1061,$4004_duty,2
1061,$4004_const,1
1061,$4004_vol,13
1061,$4006_period,2427
1061,$400E_period,2
1061,$400E_mode,0
1061,$400C_const,1
1061,$400C_vol,8
1062,$4004_duty,3
1062,$4004_const,1
1062,$4004_vol,12
1062,$400C_const,1
1062,$400C_vol,5
1063,$4004_duty,3
1063,$4004_const,1
1063,$4004_vol,11
1063,$400C_const,1
1063,$400C_vol,0
1064,$4000_duty,2
1064,$4000_const,1
1064,$4000_vol,9
1064,$4004_duty,3
1064,$4004_const,1
1064,$4004_vol,10
1065,$4004_duty,3
1065,$4004_const,1
1065,$4004_vol,9
1066,$4000_duty,2
1066,$4000_const,1
1066,$4000_vol,0
1066,$4004_duty,3
1066,$4004_const,1
1066,$4004_vol,8
1067,$4004_duty,3
1067,$4004_const,1
1067,$4004_vol,7
1068,$4012_addr,250
1068,$4013_len,11
1068,$4010_rate,14
1068,$4000_duty,2
1068,$4000_const,1
1068,$4000_vol,4
1068,$4002_period,339
1068,$400B_length,32
1068,$4004_duty,3
1068,$4004_const,1
1068,$4004_vol,6
1068,$4008_linear,127
1068,$400A_period,201
1068,$400B_length,48
1068,$400E_period,1
1068,$400E_mode,0
1068,$400C_const,1
1068,$400C_vol,8
1069,$4000_duty,2
1069,$4000_const,1
1069,$4000_vol,8
1069,$4004_duty,3
1069,$4004_const,1
1069,$4004_vol,2
1069,$400C_const,1
1069,$400C_vol,5
1070,$4000_duty,2
1070,$4000_const,1
1070,$4000_vol,10
1070,$400C_const,1
1070,$400C_vol,0
1071,$4000_duty,2
1071,$4000_const,1
1071,$4000_vol,7
1072,$4000_duty,2
1072,$4000_const,1
1072,$4000_vol,5
1073,$4000_duty,2
1073,$4000_const,1
1073,$4000_vol,0
1073,$4004_duty,3
1073,$4004_const,1
1073,$4004_vol,0
1073,$4008_linear,0
1075,$4010_rate,14
1075,$4000_duty,2
1075,$4000_const,1
1075,$4000_vol,4
1075,$4002_period,321
1075,$400B_length,48
1075,$4004_duty,2
1075,$4004_const,1
1075,$4004_vol,12
1075,$4006_period,907
1075,$4008_linear,127
1075,$400A_period,191
1075,$400B_length,32
1075,$400E_period,3
1075,$400E_mode,0
1075,$400C_const,1
1075,$400C_vol,8
1076,$4000_duty,2
1076,$4000_const,1
1076,$4000_vol,8
1076,$4004_duty,3
1076,$4004_const,1
1076,$4004_vol,11
1076,$400C_const,1
1076,$400C_vol,5
1077,$4000_duty,2
1077,$4000_const,1
1077,$4000_vol,10
1077,$4004_duty,3
1077,$4004_const,1
1077,$4004_vol,10
1077,$400C_const,1
1077,$400C_vol,0
1078,$4000_duty,2
1078,$4000_const,1
1078,$4000_vol,7
1078,$4004_duty,3
1078,$4004_const,1
1078,$4004_vol,1
1079,$4000_duty,2
1079,$4000_const,1
1079,$4000_vol,5
1080,$4000_duty,2
1080,$4000_const,1
1080,$4000_vol,0
1080,$4008_linear,0
1082,$4012_addr,240
1082,$4013_len,11
1082,$4010_rate,15
1082,$4000_duty,2
1082,$4000_const,1
1082,$4000_vol,4
1082,$4002_period,303
1082,$400B_length,32
1082,$4004_duty,2
1082,$4004_const,1
1082,$4004_vol,15
1082,$4006_period,1811
1082,$4008_linear,127
1082,$400A_period,179
1082,$400B_length,48
1082,$400C_const,1
1082,$400C_vol,10
1083,$4000_duty,2
1083,$4000_const,1
1083,$4000_vol,8
1083,$4004_duty,3
1083,$4004_const,1
1083,$4004_vol,14
1083,$400C_const,1
1083,$400C_vol,7
1084,$4000_duty,2
1084,$4000_const,1
1084,$4000_vol,10
1084,$4004_duty,3
1084,$4004_const,1
1084,$4004_vol,13
1084,$400C_const,1
1084,$400C_vol,0
1085,$4000_duty,2
1085,$4000_const,1
1085,$4000_vol,7
1085,$4004_duty,3
1085,$4004_const,1
1085,$4004_vol,12
1086,$4000_duty,2
1086,$4000_const,1
1086,$4000_vol,5
1086,$4004_duty,3
1086,$4004_const,1
1086,$4004_vol,11
1087,$4000_duty,2
1087,$4000_const,1
1087,$4000_vol,0
1087,$4004_duty,3
1087,$4004_const,1
1087,$4004_vol,10
1087,$4008_linear,0
1088,$4004_duty,3
1088,$4004_const,1
1088,$4004_vol,9
1089,$4000_duty,2
1089,$4000_const,1
1089,$4000_vol,4
1089,$4002_period,359
1089,$400B_length,48
1089,$4004_duty,3
1089,$4004_const,1
1089,$4004_vol,8
1089,$4008_linear,127
1089,$400A_period,227
1089,$400B_length,32
1089,$400E_period,2
1089,$400E_mode,0
1089,$400C_const,1
1089,$400C_vol,8
1090,$4000_duty,2
1090,$4000_const,1
1090,$4000_vol,8
1090,$4004_duty,3
1090,$4004_const,1
1090,$4004_vol,4
1090,$400C_const,1
1090,$400C_vol,5
1091,$4000_duty,2
1091,$4000_const,1
1091,$4000_vol,10
1091,$400C_const,1
1091,$400C_vol,0
1092,$4000_duty,2
1092,$4000_const,1
1092,$4000_vol,7
1093,$4000_duty,2
1093,$4000_const,1
1093,$4000_vol,5
1094,$4000_duty,2
1094,$4000_const,1
1094,$4000_vol,0
1094,$4004_duty,3
1094,$4004_const,1
1094,$4004_vol,0
1094,$4008_linear,0
1096,$4012_addr,250
1096,$4013_len,11
1096,$4010_rate,15
1096,$4004_duty,2
1096,$4004_const,1
1096,$4004_vol,11
1096,$4006_period,907
1096,$400E_period,1
1096,$400E_mode,0
1096,$400C_const,1
1096,$400C_vol,8
1097,$4004_duty,3
1097,$4004_const,1
1097,$4004_vol,10
1097,$400C_const,1
1097,$400C_vol,5
1098,$4004_duty,3
1098,$4004_const,1
1098,$4004_vol,9
1098,$400C_const,1
1098,$400C_vol,0
1099,$4004_duty,3
1099,$4004_const,1
1099,$4004_vol,0
1103,$4012_addr,240
1103,$4013_len,11
1103,$4010_rate,15
1103,$4000_duty,2
1103,$4000_const,1
1103,$4000_vol,4
1103,$4002_period,303
1103,$400B_length,32
1103,$4004_duty,2
1103,$4004_const,1
1103,$4004_vol,13
1103,$4006_period,2427
1103,$4008_linear,127
1103,$400A_period,179
1103,$400B_length,48
1103,$400E_period,3
1103,$400E_mode,0
1103,$400C_const,1
1103,$400C_vol,8
1104,$4000_duty,2
1104,$4000_const,1
1104,$4000_vol,8
1104,$4004_duty,3
1104,$4004_const,1
1104,$4004_vol,12
1104,$400C_const,1
1104,$400C_vol,5
1105,$4000_duty,2
1105,$4000_const,1
1105,$4000_vol,10
1105,$4004_duty,3
1105,$4004_const,1
1105,$4004_vol,11
1105,$400C_const,1
1105,$400C_vol,0
1106,$4000_duty,2
1106,$4000_const,1
1106,$4000_vol,7
1106,$4004_duty,3
1106,$4004_const,1
1106,$4004_vol,10
1107,$4000_duty,2
1107,$4000_const,1
1107,$4000_vol,5
1107,$4004_duty,3
1107,$4004_const,1
1107,$4004_vol,9
1108,$4000_duty,2
1108,$4000_const,1
1108,$4000_vol,0
1108,$4004_duty,3
1108,$4004_const,1
1108,$4004_vol,8
1108,$4008_linear,0
1109,$4004_duty,3
1109,$4004_const,1
1109,$4004_vol,7
1110,$4012_addr,243
1110,$4013_len,28
1110,$4010_rate,15
1110,$4000_duty,2
1110,$4000_const,1
1110,$4000_vol,4
1110,$4002_period,179
1110,$400B_length,48
1110,$4004_duty,3
1110,$4004_const,1
1110,$4004_vol,6
1110,$4008_linear,127
1110,$400A_period,113
1110,$400B_length,32
1110,$400C_const,1
1110,$400C_vol,10
1111,$4000_duty,2
1111,$4000_const,1
1111,$4000_vol,8
1111,$4004_duty,3
1111,$4004_const,1
1111,$4004_vol,2
1111,$400C_const,1
1111,$400C_vol,7
1112,$4000_duty,2
1112,$4000_const,1
1112,$4000_vol,10
1112,$400C_const,1
1112,$400C_vol,0
1113,$4000_duty,2
1113,$4000_const,1
1113,$4000_vol,7
1114,$4000_duty,2
1114,$4000_const,1
1114,$4000_vol,5
1115,$4000_duty,2
1115,$4000_const,1
1115,$4000_vol,0
1115,$4004_duty,3
1115,$4004_const,1
1115,$4004_vol,0
1115,$4008_linear,0
1117,$4000_duty,2
1117,$4000_const,1
1117,$4000_vol,4
1117,$4002_period,227
1117,$400B_length,32
1117,$4004_duty,2
1117,$4004_const,1
1117,$4004_vol,13
1117,$4006_period,2427
1117,$4008_linear,127
1117,$400A_period,151
1117,$400B_length,48
1117,$400E_period,2
1117,$400E_mode,0
1117,$400C_const,1
1117,$400C_vol,8
1118,$4000_duty,2
1118,$4000_const,1
1118,$4000_vol,8
1118,$4004_duty,3
1118,$4004_const,1
1118,$4004_vol,12
1118,$400C_const,1
1118,$400C_vol,5
1119,$4000_duty,2
1119,$4000_const,1
1119,$4000_vol,10
1119,$4004_duty,3
1119,$4004_const,1
1119,$4004_vol,11
1119,$400C_const,1
1119,$400C_vol,0
1120,$4000_duty,2
1120,$4000_const,1
1120,$4000_vol,7
1120,$4004_duty,3
1120,$4004_const,1
1120,$4004_vol,10
1121,$4000_duty,2
1121,$4000_const,1
1121,$4000_vol,5
1121,$4004_duty,3
1121,$4004_const,1
1121,$4004_vol,9
1122,$4000_duty,2
1122,$4000_const,1
1122,$4000_vol,0
1122,$4004_duty,3
1122,$4004_const,1
1122,$4004_vol,8
1122,$4008_linear,0
1123,$4004_duty,3
1123,$4004_const,1
1123,$4004_vol,7
1124,$4012_addr,250
1124,$4013_len,11
1124,$4010_rate,14
1124,$4000_duty,2
1124,$4000_const,1
1124,$4000_vol,4
1124,$4002_period,303
1124,$400B_length,48
1124,$4004_duty,3
1124,$4004_const,1
1124,$4004_vol,6
1124,$4008_linear,127
1124,$400A_period,179
1124,$400B_length,32
1124,$400E_period,1
1124,$400E_mode,0
1124,$400C_const,1
1124,$400C_vol,8
1125,$4000_duty,2
1125,$4000_const,1
1125,$4000_vol,8
1125,$4004_duty,3
1125,$4004_const,1
1125,$4004_vol,2
1125,$400C_const,1
1125,$400C_vol,5
1126,$4000_duty,2
1126,$4000_const,1
1126,$4000_vol,10
1126,$400C_const,1
1126,$400C_vol,0
1127,$4000_duty,2
1127,$4000_const,1
1127,$4000_vol,7
1128,$4000_duty,2
1128,$4000_const,1
1128,$4000_vol,5
1129,$4000_duty,2
1129,$4000_const,1
1129,$4000_vol,0
1129,$4004_duty,3
1129,$4004_const,1
1129,$4004_vol,0
1129,$4008_linear,0
1131,$4010_rate,14
1131,$4000_duty,2
1131,$4000_const,1
1131,$4000_vol,4
1131,$4002_period,359
1131,$400B_length,32
1131,$4004_duty,2
1131,$4004_const,1
1131,$4004_vol,12
1131,$4006_period,907
1131,$4008_linear,127
1131,$400A_period,227
1131,$400B_length,48
1131,$400E_period,3
1131,$400E_mode,0
1131,$400C_const,1
1131,$400C_vol,8
1132,$4000_duty,2
1132,$4000_const,1
1132,$4000_vol,8
1132,$4004_duty,3
1132,$4004_const,1
1132,$4004_vol,11
1132,$400C_const,1
1132,$400C_vol,5
1133,$4000_duty,2
1133,$4000_const,1
1133,$4000_vol,10
1133,$4004_duty,3
1133,$4004_const,1
1133,$4004_vol,10
1133,$400C_const,1
1133,$400C_vol,0
1134,$4000_duty,2
1134,$4000_const,1
1134,$4000_vol,7
1134,$4004_duty,3
1134,$4004_const,1
1134,$4004_vol,1
1135,$4000_duty,2
1135,$4000_const,1
1135,$4000_vol,5
1136,$4000_duty,2
1136,$4000_const,1
1136,$4000_vol,0
1136,$4008_linear,0
1138,$4012_addr,240
1138,$4013_len,11
1138,$4010_rate,15
1138,$4000_duty,2
1138,$4000_const,1
1138,$4000_vol,4
1138,$4002_period,403
1138,$400B_length,48
1138,$4004_duty,2
1138,$4004_const,1
1138,$4004_vol,15
1138,$4006_period,1921
1138,$4008_linear,127
1138,$400A_period,241
1138,$400B_length,32
1138,$400C_const,1
1138,$400C_vol,10
1139,$4000_duty,2
1139,$4000_const,1
1139,$4000_vol,8
1139,$4004_duty,3
1139,$4004_const,1
1139,$4004_vol,14
1139,$400C_const,1
1139,$400C_vol,7
1140,$4000_duty,2
1140,$4000_const,1
1140,$4000_vol,10
1140,$4004_duty,3
1140,$4004_const,1
1140,$4004_vol,13
1140,$400C_const,1
1140,$400C_vol,0
1141,$4000_duty,2
1141,$4000_const,1
1141,$4000_vol,7
1141,$4004_duty,3
1141,$4004_const,1
1141,$4004_vol,12
1142,$4000_duty,2
1142,$4000_const,1
1142,$4000_vol,5
1142,$4004_duty,3
1142,$4004_const,1
1142,$4004_vol,11
1143,$4000_duty,2
1143,$4000_const,1
1143,$4000_vol,0
1143,$4004_duty,3
1143,$4004_const,1
1143,$4004_vol,10
1143,$4008_linear,0
1144,$4004_duty,3
1144,$4004_const,1
1144,$4004_vol,9
1145,$4004_duty,3
1145,$4004_const,1
1145,$4004_vol,8
1145,$400E_period,2
1145,$400E_mode,0
1145,$400C_const,1
1145,$400C_vol,8
1146,$4004_duty,3
1146,$4004_const,1
1146,$4004_vol,4
1146,$400C_const,1
1146,$400C_vol,5
1147,$400C_const,1
1147,$400C_vol,0
1150,$4004_duty,3
1150,$4004_const,1
1150,$4004_vol,0
1152,$4012_addr,250
1152,$4013_len,11
1152,$4010_rate,15
1152,$4000_duty,2
1152,$4000_const,1
1152,$4000_vol,4
1152,$4002_period,403
1152,$400B_length,32
1152,$4004_duty,2
1152,$4004_const,1
1152,$4004_vol,11
1152,$4006_period,961
1152,$4008_linear,127
1152,$400A_period,241
1152,$400B_length,48
1152,$400E_period,1
1152,$400E_mode,0
1152,$400C_const,1
1152,$400C_vol,8
1153,$4000_duty,2
1153,$4000_const,1
1153,$4000_vol,8
1153,$4004_duty,3
1153,$4004_const,1
1153,$4004_vol,10
1153,$400C_const,1
1153,$400C_vol,5
1154,$4000_duty,2
1154,$4000_const,1
1154,$4000_vol,10
1154,$4004_duty,2
1154,$4004_const,1
1154,$4004_vol,6
1154,$4006_period,197
1154,$400C_const,1
1154,$400C_vol,0
1155,$4000_duty,2
1155,$4000_const,1
1155,$4000_vol,7
1155,$4004_duty,2
1155,$4004_const,1
1155,$4004_vol,9
1156,$4000_duty,2
1156,$4000_const,1
1156,$4000_vol,5
1156,$4004_duty,2
1156,$4004_const,1
1156,$4004_vol,12
1157,$4004_duty,2
1157,$4004_const,1
1157,$4004_vol,9
1158,$4004_duty,2
1158,$4004_const,1
1158,$4004_vol,4
1159,$4012_addr,240
1159,$4013_len,11
1159,$4010_rate,15
1159,$4004_duty,2
1159,$4004_const,1
1159,$4004_vol,13
1159,$4006_period,2427
1159,$400E_period,3
1159,$400E_mode,0
1159,$400C_const,1
1159,$400C_vol,8
1160,$4004_duty,3
1160,$4004_const,1
1160,$4004_vol,12
1160,$400C_const,1
1160,$400C_vol,5
1161,$4000_duty,2
1161,$4000_const,1
1161,$4000_vol,6
1161,$4004_duty,3
1161,$4004_const,1
1161,$4004_vol,11
1161,$400C_const,1
1161,$400C_vol,0
1162,$4004_duty,3
1162,$4004_const,1
1162,$4004_vol,10
1163,$4004_duty,3
1163,$4004_const,1
1163,$4004_vol,9
1164,$4004_duty,3
1164,$4004_const,1
1164,$4004_vol,8
1165,$4004_duty,3
1165,$4004_const,1
1165,$4004_vol,7
1166,$4010_rate,15
1166,$4000_duty,2
1166,$4000_const,1
1166,$4000_vol,7
1166,$4004_duty,3
1166,$4004_const,1
1166,$4004_vol,6
1166,$400C_const,1
1166,$400C_vol,10
1167,$4004_duty,3
1167,$4004_const,1
1167,$4004_vol,2
1167,$400C_const,1
1167,$400C_vol,7
1168,$400C_const,1
1168,$400C_vol,0
1171,$4000_duty,2
1171,$4000_const,1
1171,$4000_vol,0
1171,$4004_duty,3
1171,$4004_const,1
1171,$4004_vol,0
1171,$4008_linear,0
1173,$4000_duty,2
1173,$4000_const,1
1173,$4000_vol,4
1173,$4002_period,481
1173,$400B_length,48
1173,$4004_duty,2
1173,$4004_const,1
1173,$4004_vol,13
1173,$4006_period,2427
1173,$4008_linear,127
1173,$400A_period,303
1173,$400B_length,32
1173,$400E_period,2
1173,$400E_mode,0
1173,$400C_const,1
1173,$400C_vol,8
1174,$4000_duty,2
1174,$4000_const,1
1174,$4000_vol,8
1174,$4004_duty,3
1174,$4004_const,1
1174,$4004_vol,12
1174,$400C_const,1
1174,$400C_vol,5
1175,$4000_duty,2
1175,$4000_const,1
1175,$4000_vol,10
1175,$4004_duty,3
1175,$4004_const,1
1175,$4004_vol,11
1175,$400C_const,1
1175,$400C_vol,0
1176,$4000_duty,2
1176,$4000_const,1
1176,$4000_vol,7
1176,$4004_duty,3
1176,$4004_const,1
1176,$4004_vol,10
1177,$4000_duty,2
1177,$4000_const,1
1177,$4000_vol,5
1177,$4004_duty,3
1177,$4004_const,1
1177,$4004_vol,9
1178,$4000_duty,2
1178,$4000_const,1
1178,$4000_vol,0
1178,$4004_duty,3
1178,$4004_const,1
1178,$4004_vol,8
1178,$4008_linear,0
1179,$4004_duty,3
1179,$4004_const,1
1179,$4004_vol,7
1180,$4012_addr,250
1180,$4013_len,11
1180,$4010_rate,14
1180,$4000_duty,2
1180,$4000_const,1
1180,$4000_vol,4
1180,$4002_period,321
1180,$400B_length,32
1180,$4004_duty,3
1180,$4004_const,1
1180,$4004_vol,6
1180,$4008_linear,127
1180,$400A_period,241
1180,$400B_length,48
1180,$400E_period,1
1180,$400E_mode,0
1180,$400C_const,1
1180,$400C_vol,8
1181,$4000_duty,2
1181,$4000_const,1
1181,$4000_vol,8
1181,$4004_duty,3
1181,$4004_const,1
1181,$4004_vol,2
1181,$400C_const,1
1181,$400C_vol,5
1182,$4000_duty,2
1182,$4000_const,1
1182,$4000_vol,10
1182,$400C_const,1
1182,$400C_vol,0
1183,$4000_duty,2
1183,$4000_const,1
1183,$4000_vol,7
1184,$4000_duty,2
1184,$4000_const,1
1184,$4000_vol,5
1185,$4000_duty,2
1185,$4000_const,1
1185,$4000_vol,0
1185,$4004_duty,3
1185,$4004_const,1
1185,$4004_vol,0
1185,$4008_linear,0
1187,$4010_rate,14
1187,$4000_duty,2
1187,$4000_const,1
1187,$4000_vol,4
1187,$4002_period,303
1187,$400B_length,48
1187,$4004_duty,2
1187,$4004_const,1
1187,$4004_vol,12
1187,$4006_period,961
1187,$4008_linear,127
1187,$400A_period,201
1187,$400B_length,32
1187,$400E_period,3
1187,$400E_mode,0
1187,$400C_const,1
1187,$400C_vol,8
1188,$4000_duty,2
1188,$4000_const,1
1188,$4000_vol,8
1188,$4004_duty,3
1188,$4004_const,1
1188,$4004_vol,11
1188,$400C_const,1
1188,$400C_vol,5
1189,$4000_duty,2
1189,$4000_const,1
1189,$4000_vol,10
1189,$4004_duty,3
1189,$4004_const,1
1189,$4004_vol,10
1189,$400C_const,1
1189,$400C_vol,0
1190,$4000_duty,2
1190,$4000_const,1
1190,$4000_vol,7
1190,$4004_duty,3
1190,$4004_const,1
1190,$4004_vol,1
1191,$4000_duty,2
1191,$4000_const,1
1191,$4000_vol,5
1192,$4000_duty,2
1192,$4000_const,1
1192,$4000_vol,0
1192,$4008_linear,0
1194,$4012_addr,240
1194,$4013_len,11
1194,$4010_rate,15
1194,$4004_duty,2
1194,$4004_const,1
1194,$4004_vol,15
1194,$4006_period,1921
1194,$400C_const,1
1194,$400C_vol,10
1195,$4004_duty,3
1195,$4004_const,1
1195,$4004_vol,14
1195,$400C_const,1
1195,$400C_vol,7
1196,$4004_duty,3
1196,$4004_const,1
1196,$4004_vol,13
1196,$400C_const,1
1196,$400C_vol,0
1197,$4004_duty,3
1197,$4004_const,1
1197,$4004_vol,12
1198,$4004_duty,3
1198,$4004_const,1
1198,$4004_vol,11
1199,$4004_duty,3
1199,$4004_const,1
1199,$4004_vol,10
1200,$4004_duty,3
1200,$4004_const,1
1200,$4004_vol,9
1201,$4004_duty,3
1201,$4004_const,1
1201,$4004_vol,8
1201,$400E_period,2
1201,$400E_mode,0
1201,$400C_const,1
1201,$400C_vol,8
1202,$4004_duty,3
1202,$4004_const,1
1202,$4004_vol,4
1202,$400C_const,1
1202,$400C_vol,5
1203,$400C_const,1
1203,$400C_vol,0
1206,$4004_duty,3
1206,$4004_const,1
1206,$4004_vol,0
1208,$4012_addr,250
1208,$4013_len,11
1208,$4010_rate,15
1208,$4000_duty,2
1208,$4000_const,1
1208,$4000_vol,5
1208,$4002_period,121
1208,$400B_length,32
1208,$4004_duty,2
1208,$4004_const,1
1208,$4004_vol,11
1208,$4006_period,961
1208,$4008_linear,127
1208,$400A_period,75
1208,$400B_length,48
1208,$400E_period,1
1208,$400E_mode,0
1208,$400C_const,1
1208,$400C_vol,8
1209,$4004_duty,3
1209,$4004_const,1
1209,$4004_vol,10
1209,$4008_linear,0
1209,$400C_const,1
1209,$400C_vol,5
1210,$4000_duty,2
1210,$4000_const,1
1210,$4000_vol,0
1210,$4004_duty,3
1210,$4004_const,1
1210,$4004_vol,9
1210,$400C_const,1
1210,$400C_vol,0
1211,$4004_duty,1
1211,$4004_const,1
1211,$4004_vol,11
1211,$4006_period,907
1213,$4004_duty,1
1213,$4004_const,1
1213,$4004_vol,10
1213,$4006_period,961
1214,$4004_duty,1
1214,$4004_const,1
1214,$4004_vol,7
1214,$4006_period,641
1215,$4012_addr,240
1215,$4013_len,11
1215,$4010_rate,15
1215,$4000_duty,2
1215,$4000_const,1
1215,$4000_vol,5
1215,$4002_period,135
1215,$400B_length,48
1215,$4004_duty,1
1215,$4004_const,1
1215,$4004_vol,6
1215,$4006_period,605
1215,$4008_linear,127
1215,$400A_period,101
1215,$400B_length,32
1215,$400E_period,3
1215,$400E_mode,0
1215,$400C_const,1
1215,$400C_vol,8
1216,$4004_duty,1
1216,$4004_const,1
1216,$4004_vol,5
1216,$4006_period,571
1216,$4008_linear,0
1216,$400C_const,1
1216,$400C_vol,5
1217,$4000_duty,2
1217,$4000_const,1
1217,$4000_vol,0
1217,$4004_duty,1
1217,$4004_const,1
1217,$4004_vol,4
1217,$4006_period,509
1217,$400C_const,1
1217,$400C_vol,0
1218,$4004_duty,3
1218,$4004_const,1
1218,$4004_vol,10
1218,$4006_period,2427
1219,$4004_duty,2
1219,$4004_const,1
1219,$4004_vol,6
1219,$4006_period,197
1220,$4004_duty,2
1220,$4004_const,1
1220,$4004_vol,9
1221,$4004_duty,2
1221,$4004_const,1
1221,$4004_vol,12
1222,$4012_addr,243
1222,$4013_len,28
1222,$4010_rate,15
1222,$4000_duty,2
1222,$4000_const,1
1222,$4000_vol,5
1222,$4002_period,113
1222,$400B_length,32
1222,$4004_duty,2
1222,$4004_const,1
1222,$4004_vol,9
1222,$4008_linear,127
1222,$400A_period,61
1222,$400B_length,48
1222,$400C_const,1
1222,$400C_vol,10
1223,$4004_duty,2
1223,$4004_const,1
1223,$4004_vol,4
1223,$4008_linear,0
1223,$400C_const,1
1223,$400C_vol,7
1224,$4000_duty,2
1224,$4000_const,1
1224,$4000_vol,0
1224,$4004_duty,3
1224,$4004_const,1
1224,$4004_vol,2
1224,$4006_period,2427
1224,$400C_const,1
1224,$400C_vol,0
1227,$4004_duty,3
1227,$4004_const,1
1227,$4004_vol,0
1229,$4000_duty,2
1229,$4000_const,1
1229,$4000_vol,5
1229,$4002_period,121
1229,$400B_length,48
1229,$4004_duty,2
1229,$4004_const,1
1229,$4004_vol,13
1229,$4006_period,2427
1229,$4008_linear,127
1229,$400A_period,75
1229,$400B_length,32
1229,$400E_period,2
1229,$400E_mode,0
1229,$400C_const,1
1229,$400C_vol,8
1230,$4004_duty,3
1230,$4004_const,1
1230,$4004_vol,12
1230,$4008_linear,0
1230,$400C_const,1
1230,$400C_vol,5
1231,$4000_duty,2
1231,$4000_const,1
1231,$4000_vol,0
1231,$4004_duty,3
1231,$4004_const,1
1231,$4004_vol,11
1231,$400C_const,1
1231,$400C_vol,0
1232,$4004_duty,3
1232,$4004_const,1
1232,$4004_vol,10
1233,$4004_duty,3
1233,$4004_const,1
1233,$4004_vol,9
1234,$4004_duty,3
1234,$4004_const,1
1234,$4004_vol,8
1235,$4004_duty,3
1235,$4004_const,1
1235,$4004_vol,7
1236,$4012_addr,250
1236,$4013_len,11
1236,$4010_rate,14
1236,$4000_duty,2
1236,$4000_const,1
1236,$4000_vol,5
1236,$4002_period,151
1236,$400B_length,32
1236,$4004_duty,3
1236,$4004_const,1
1236,$4004_vol,6
1236,$4008_linear,127
1236,$400A_period,101
1236,$400B_length,48
1236,$400E_period,1
1236,$400E_mode,0
1236,$400C_const,1
1236,$400C_vol,8
1237,$4004_duty,3
1237,$4004_const,1
1237,$4004_vol,2
1237,$4008_linear,0
1237,$400C_const,1
1237,$400C_vol,5
1238,$4000_duty,2
1238,$4000_const,1
1238,$4000_vol,0
1238,$400C_const,1
1238,$400C_vol,0
1241,$4004_duty,3
1241,$4004_const,1
1241,$4004_vol,0
1243,$4010_rate,14
1243,$4000_duty,2
1243,$4000_const,1
1243,$4000_vol,5
1243,$4002_period,201
1243,$400B_length,48
1243,$4004_duty,2
1243,$4004_const,1
1243,$4004_vol,12
1243,$4006_period,961
1243,$4008_linear,127
1243,$400A_period,121
1243,$400B_length,32
1243,$400E_period,3
1243,$400E_mode,0
1243,$400C_const,1
1243,$400C_vol,8
1244,$4004_duty,3
1244,$4004_const,1
1244,$4004_vol,11
1244,$4008_linear,0
1244,$400C_const,1
1244,$400C_vol,5
1245,$4000_duty,2
1245,$4000_const,1
1245,$4000_vol,0
1245,$4004_duty,3
1245,$4004_const,1
1245,$4004_vol,10
1245,$400C_const,1
1245,$400C_vol,0
1246,$4004_duty,3
1246,$4004_const,1
1246,$4004_vol,1
1250,$4012_addr,240
1250,$4013_len,11
1250,$4010_rate,15
1250,$4000_duty,2
1250,$4000_const,1
1250,$4000_vol,4
1250,$4002_period,453
1250,$400B_length,32
1250,$4004_duty,2
1250,$4004_const,1
1250,$4004_vol,15
1250,$4006_period,2157
1250,$4008_linear,127
1250,$400A_period,269
1250,$400B_length,48
1250,$400C_const,1
1250,$400C_vol,10
1251,$4000_duty,2
1251,$4000_const,1
1251,$4000_vol,8
1251,$4004_duty,3
1251,$4004_const,1
1251,$4004_vol,14
1251,$400C_const,1
1251,$400C_vol,7
1252,$4000_duty,2
1252,$4000_const,1
1252,$4000_vol,10
1252,$4004_duty,3
1252,$4004_const,1
1252,$4004_vol,13
1252,$400C_const,1
1252,$400C_vol,0
1253,$4000_duty,2
1253,$4000_const,1
1253,$4000_vol,7
1253,$4004_duty,3
1253,$4004_const,1
1253,$4004_vol,12
1254,$4000_duty,2
1254,$4000_const,1
1254,$4000_vol,5
1254,$4004_duty,3
1254,$4004_const,1
1254,$4004_vol,11
1255,$4000_duty,2
1255,$4000_const,1
1255,$4000_vol,0
1255,$4004_duty,3
1255,$4004_const,1
1255,$4004_vol,10
1255,$4008_linear,0
1256,$4004_duty,3
1256,$4004_const,1
1256,$4004_vol,9
1257,$4004_duty,3
1257,$4004_const,1
1257,$4004_vol,8
1257,$400E_period,2
1257,$400E_mode,0
1257,$400C_const,1
1257,$400C_vol,8
1258,$4004_duty,3
1258,$4004_const,1
1258,$4004_vol,4
1258,$400C_const,1
1258,$400C_vol,5
1259,$400C_const,1
1259,$400C_vol,0
1262,$4004_duty,3
1262,$4004_const,1
1262,$4004_vol,0
1264,$4012_addr,250
1264,$4013_len,11
1264,$4010_rate,15
1264,$4000_duty,2
1264,$4000_const,1
1264,$4000_vol,4
1264,$4002_period,453
1264,$400B_length,48
1264,$4004_duty,2
1264,$4004_const,1
1264,$4004_vol,11
1264,$4006_period,1079
1264,$4008_linear,127
1264,$400A_period,269
1264,$400B_length,32
1264,$400E_period,1
1264,$400E_mode,0
1264,$400C_const,1
1264,$400C_vol,8
1265,$4000_duty,2
1265,$4000_const,1
1265,$4000_vol,8
1265,$4004_duty,3
1265,$4004_const,1
1265,$4004_vol,10
1265,$400C_const,1
1265,$400C_vol,5
1266,$4000_duty,2
1266,$4000_const,1
1266,$4000_vol,10
1266,$4004_duty,3
1266,$4004_const,1
1266,$4004_vol,9
1266,$400C_const,1
1266,$400C_vol,0
1267,$4000_duty,2
1267,$4000_const,1
1267,$4000_vol,7
1267,$4004_duty,3
1267,$4004_const,1
1267,$4004_vol,0
1268,$4000_duty,2
1268,$4000_const,1
1268,$4000_vol,5
1271,$4012_addr,240
1271,$4013_len,11
1271,$4010_rate,15
1271,$4004_duty,2
1271,$4004_const,1
1271,$4004_vol,13
1271,$4006_period,3237
1271,$400E_period,3
1271,$400E_mode,0
1271,$400C_const,1
1271,$400C_vol,8
1272,$4004_duty,3
1272,$4004_const,1
1272,$4004_vol,12
1272,$400C_const,1
1272,$400C_vol,5
1273,$4000_duty,2
1273,$4000_const,1
1273,$4000_vol,6
1273,$4004_duty,3
1273,$4004_const,1
1273,$4004_vol,11
1273,$400C_const,1
1273,$400C_vol,0
1274,$4004_duty,3
1274,$4004_const,1
1274,$4004_vol,10
1275,$4004_duty,3
1275,$4004_const,1
1275,$4004_vol,9
1276,$4004_duty,1
1276,$4004_const,1
1276,$4004_vol,11
1276,$4006_period,907
1278,$4010_rate,15
1278,$4000_duty,2
1278,$4000_const,1
1278,$4000_vol,7
1278,$4004_duty,1
1278,$4004_const,1
1278,$4004_vol,10
1278,$4006_period,961
1278,$400C_const,1
1278,$400C_vol,10
1279,$4004_duty,1
1279,$4004_const,1
1279,$4004_vol,7
1279,$4006_period,641
1279,$400C_const,1
1279,$400C_vol,7
1280,$4004_duty,1
1280,$4004_const,1
1280,$4004_vol,6
1280,$4006_period,605
1280,$400C_const,1
1280,$400C_vol,0
1281,$4004_duty,1
1281,$4004_const,1
1281,$4004_vol,5
1281,$4006_period,571
1282,$4004_duty,1
1282,$4004_const,1
1282,$4004_vol,4
1282,$4006_period,509
1283,$4000_duty,2
1283,$4000_const,1
1283,$4000_vol,0
1283,$4004_duty,3
1283,$4004_const,1
1283,$4004_vol,0
1283,$4006_period,3237
1283,$4008_linear,0
1285,$4000_duty,2
1285,$4000_const,1
1285,$4000_vol,4
1285,$4002_period,453
1285,$400B_length,32
1285,$4004_duty,0
1285,$4004_const,1
1285,$4004_vol,5
1285,$4006_period,349
1285,$4008_linear,127
1285,$400A_period,269
1285,$400B_length,48
1285,$400E_period,2
1285,$400E_mode,0
1285,$400C_const,1
1285,$400C_vol,8
1286,$4000_duty,2
1286,$4000_const,1
1286,$4000_vol,8
1286,$400C_const,1
1286,$400C_vol,5
1287,$4000_duty,2
1287,$4000_const,1
1287,$4000_vol,10
1287,$4004_duty,0
1287,$4004_const,1
1287,$4004_vol,3
1287,$400C_const,1
1287,$400C_vol,0
1288,$4000_duty,2
1288,$4000_const,1
1288,$4000_vol,7
1289,$4000_duty,2
1289,$4000_const,1
1289,$4000_vol,5
1289,$4004_duty,3
1289,$4004_const,1
1289,$4004_vol,9
1289,$4006_period,3237
1290,$4000_duty,2
1290,$4000_const,1
1290,$4000_vol,0
1290,$4004_duty,3
1290,$4004_const,1
1290,$4004_vol,8
1290,$4008_linear,0
1291,$4004_duty,3
1291,$4004_const,1
1291,$4004_vol,7
1292,$4012_addr,250
1292,$4013_len,11
1292,$4010_rate,14
1292,$4000_duty,2
1292,$4000_const,1
1292,$4000_vol,4
1292,$4002_period,403
1292,$400B_length,48
1292,$4004_duty,3
1292,$4004_const,1
1292,$4004_vol,6
1292,$4008_linear,127
1292,$400A_period,255
1292,$400B_length,32
1292,$400E_period,1
1292,$400E_mode,0
1292,$400C_const,1
1292,$400C_vol,8
1293,$4000_duty,2
1293,$4000_const,1
1293,$4000_vol,8
1293,$4004_duty,3
1293,$4004_const,1
1293,$4004_vol,2
1293,$400C_const,1
1293,$400C_vol,5
1294,$4000_duty,2
1294,$4000_const,1
1294,$4000_vol,10
1294,$400C_const,1
1294,$400C_vol,0
1295,$4000_duty,2
1295,$4000_const,1
1295,$4000_vol,7
1295,$400E_period,0
1295,$400E_mode,0
1295,$400C_const,1
1295,$400C_vol,14
1296,$4000_duty,2
1296,$4000_const,1
1296,$4000_vol,5
1296,$400E_period,1
1296,$400E_mode,0
1296,$400C_const,1
1296,$400C_vol,15
1297,$4000_duty,2
1297,$4000_const,1
1297,$4000_vol,0
1297,$4004_duty,3
1297,$4004_const,1
1297,$4004_vol,0
1297,$4008_linear,0
1298,$400E_period,7
1298,$400E_mode,0
1299,$4010_rate,14
1299,$4000_duty,2
1299,$4000_const,1
1299,$4000_vol,4
1299,$4002_period,381
1299,$400B_length,32
1299,$4004_duty,2
1299,$4004_const,1
1299,$4004_vol,12
1299,$4006_period,1619
1299,$4008_linear,127
1299,$400A_period,241
1299,$400B_length,48
1299,$400E_period,6
1299,$400E_mode,0
1300,$4000_duty,2
1300,$4000_const,1
1300,$4000_vol,8
1300,$4004_duty,3
1300,$4004_const,1
1300,$4004_vol,11
1300,$400E_period,3
1300,$400E_mode,0
1301,$4000_duty,2
1301,$4000_const,1
1301,$4000_vol,10
1301,$4004_duty,3
1301,$4004_const,1
1301,$4004_vol,10
1302,$4000_duty,2
1302,$4000_const,1
1302,$4000_vol,7
1302,$4004_duty,3
1302,$4004_const,1
1302,$4004_vol,1
1302,$400E_period,2
1302,$400E_mode,0
1302,$400C_const,1
1302,$400C_vol,13
1303,$4000_duty,2
1303,$4000_const,1
1303,$4000_vol,5
1303,$400E_period,3
1303,$400E_mode,0
1303,$400C_const,1
1303,$400C_vol,14
1304,$4000_duty,2
1304,$4000_const,1
1304,$4000_vol,0
1304,$4008_linear,0
1305,$400E_period,2
1305,$400E_mode,0
1305,$400C_const,1
1305,$400C_vol,12
1306,$4012_addr,240
1306,$4013_len,11
1306,$4010_rate,15
1306,$4000_duty,2
1306,$4000_const,1
1306,$4000_vol,4
1306,$4002_period,359
1306,$400B_length,48
1306,$4004_duty,2
1306,$4004_const,1
1306,$4004_vol,15
1306,$4006_period,2157
1306,$4008_linear,127
1306,$400A_period,227
1306,$400B_length,32
1306,$400E_period,3
1306,$400E_mode,0
1306,$400C_const,1
1306,$400C_vol,13
1307,$4000_duty,2
1307,$4000_const,1
1307,$4000_vol,8
1307,$4004_duty,3
1307,$4004_const,1
1307,$4004_vol,14
1308,$4000_duty,2
1308,$4000_const,1
1308,$4000_vol,10
1308,$4004_duty,3
1308,$4004_const,1
1308,$4004_vol,13
1308,$400E_period,2
1308,$400E_mode,0
1308,$400C_const,1
1308,$400C_vol,11
1309,$4000_duty,2
1309,$4000_const,1
1309,$4000_vol,7
1309,$4004_duty,3
1309,$4004_const,1
1309,$4004_vol,12
1309,$400E_period,1
1309,$400E_mode,0
1309,$400C_const,1
1309,$400C_vol,15
1310,$4000_duty,2
1310,$4000_const,1
1310,$4000_vol,5
1310,$4004_duty,3
1310,$4004_const,1
1310,$4004_vol,11
1311,$4000_duty,2
1311,$4000_const,1
1311,$4000_vol,0
1311,$4004_duty,3
1311,$4004_const,1
1311,$4004_vol,10
1311,$4008_linear,0
1312,$4004_duty,3
1312,$4004_const,1
1312,$4004_vol,9
1312,$400C_const,1
1312,$400C_vol,0
1313,$4000_duty,2
1313,$4000_const,1
1313,$4000_vol,4
1313,$4002_period,453
1313,$400B_length,32
1313,$4004_duty,3
1313,$4004_const,1
1313,$4004_vol,8
1313,$4008_linear,127
1313,$400A_period,269
1313,$400B_length,48
1313,$400C_const,1
1313,$400C_vol,14
1314,$4000_duty,2
1314,$4000_const,1
1314,$4000_vol,8
1314,$4004_duty,3
1314,$4004_const,1
1314,$4004_vol,4
1315,$4000_duty,2
1315,$4000_const,1
1315,$4000_vol,10
1316,$4000_duty,2
1316,$4000_const,1
1316,$4000_vol,7
1316,$400C_const,1
1316,$400C_vol,0
1317,$4000_duty,2
1317,$4000_const,1
1317,$4000_vol,5
1317,$400C_const,1
1317,$400C_vol,13
1318,$4000_duty,2
1318,$4000_const,1
1318,$4000_vol,0
1318,$4004_duty,3
1318,$4004_const,1
1318,$4004_vol,0
1318,$4008_linear,0
1320,$4012_addr,250
1320,$4013_len,11
1320,$4010_rate,15
1320,$4004_duty,2
1320,$4004_const,1
1320,$4004_vol,11
1320,$4006_period,1079
1320,$400C_const,1
1320,$400C_vol,0
1321,$4004_duty,3
1321,$4004_const,1
1321,$4004_vol,10
1321,$400C_const,1
1321,$400C_vol,7
1322,$4004_duty,3
1322,$4004_const,1
1322,$4004_vol,9
1323,$4004_duty,3
1323,$4004_const,1
1323,$4004_vol,0
1323,$400E_period,5
1323,$400E_mode,0
1325,$400E_period,0
1325,$400E_mode,0
1327,$4012_addr,240
1327,$4013_len,11
1327,$4010_rate,15
1327,$4000_duty,2
1327,$4000_const,1
1327,$4000_vol,4
1327,$4002_period,359
1327,$400B_length,48
1327,$4004_duty,2
1327,$4004_const,1
1327,$4004_vol,13
1327,$4006_period,3237
1327,$4008_linear,127
1327,$400A_period,227
1327,$400B_length,32
1327,$400C_const,1
1327,$400C_vol,0
1328,$4000_duty,2
1328,$4000_const,1
1328,$4000_vol,8
1328,$4004_duty,3
1328,$4004_const,1
1328,$4004_vol,12
1328,$400C_const,1
1328,$400C_vol,6
1329,$4000_duty,2
1329,$4000_const,1
1329,$4000_vol,10
1329,$4004_duty,3
1329,$4004_const,1
1329,$4004_vol,11
1330,$4000_duty,2
1330,$4000_const,1
1330,$4000_vol,7
1330,$4004_duty,3
1330,$4004_const,1
1330,$4004_vol,10
1330,$400C_const,1
1330,$400C_vol,0
1331,$4000_duty,2
1331,$4000_const,1
1331,$4000_vol,5
1331,$4004_duty,3
1331,$4004_const,1
1331,$4004_vol,9
1331,$400C_const,1
1331,$400C_vol,5
1332,$4000_duty,2
1332,$4000_const,1
1332,$4000_vol,0
1332,$4004_duty,0
1332,$4004_const,1
1332,$4004_vol,5
1332,$4006_period,349
1332,$4008_linear,0
1333,$400C_const,1
1333,$400C_vol,0
1334,$4012_addr,243
1334,$4013_len,28
1334,$4010_rate,15
1334,$4000_duty,2
1334,$4000_const,1
1334,$4000_vol,4
1334,$4002_period,269
1334,$400B_length,32
1334,$4004_duty,0
1334,$4004_const,1
1334,$4004_vol,3
1334,$4008_linear,127
1334,$400A_period,179
1334,$400B_length,48
1334,$400C_const,1
1334,$400C_vol,4
1335,$4000_duty,2
1335,$4000_const,1
1335,$4000_vol,8
1336,$4000_duty,2
1336,$4000_const,1
1336,$4000_vol,10
1336,$4004_duty,3
1336,$4004_const,1
1336,$4004_vol,2
1336,$4006_period,3237
1336,$400C_const,1
1336,$400C_vol,0
1337,$4000_duty,2
1337,$4000_const,1
1337,$4000_vol,7
1337,$400C_const,1
1337,$400C_vol,3
1338,$4000_duty,2
1338,$4000_const,1
1338,$4000_vol,5
1339,$4000_duty,2
1339,$4000_const,1
1339,$4000_vol,0
1339,$4004_duty,3
1339,$4004_const,1
1339,$4004_vol,0
1339,$4008_linear,0
1339,$400C_const,1
1339,$400C_vol,0
1340,$400C_const,1
1340,$400C_vol,2
1341,$4000_duty,2
1341,$4000_const,1
1341,$4000_vol,4
1341,$4002_period,359
1341,$400B_length,48
1341,$4004_duty,2
1341,$4004_const,1
1341,$4004_vol,13
1341,$4006_period,3237
1341,$4008_linear,127
1341,$400A_period,227
1341,$400B_length,32
1342,$4000_duty,2
1342,$4000_const,1
1342,$4000_vol,8
1342,$4004_duty,3
1342,$4004_const,1
1342,$4004_vol,12
1342,$400C_const,1
1342,$400C_vol,0
1343,$4000_duty,2
1343,$4000_const,1
1343,$4000_vol,10
1343,$4004_duty,3
1343,$4004_const,1
1343,$4004_vol,11
1343,$400E_period,2
1343,$400E_mode,0
1343,$400C_const,1
1343,$400C_vol,0
1344,$4000_duty,2
1344,$4000_const,1
1344,$4000_vol,7
1344,$4004_duty,3
1344,$4004_const,1
1344,$4004_vol,10
1345,$4000_duty,2
1345,$4000_const,1
1345,$4000_vol,5
1345,$4004_duty,3
1345,$4004_const,1
1345,$4004_vol,9
1346,$4000_duty,2
1346,$4000_const,1
1346,$4000_vol,0
1346,$4004_duty,3
1346,$4004_const,1
1346,$4004_vol,8
1346,$4008_linear,0
1347,$4004_duty,3
1347,$4004_const,1
1347,$4004_vol,7
1348,$4012_addr,250
1348,$4013_len,11
1348,$4010_rate,14
1348,$4000_duty,2
1348,$4000_const,1
1348,$4000_vol,4
1348,$4002_period,453
1348,$400B_length,32
1348,$4004_duty,3
1348,$4004_const,1
1348,$4004_vol,6
1348,$4008_linear,127
1348,$400A_period,269
1348,$400B_length,48
1348,$400E_period,1
1348,$400E_mode,0
1348,$400C_const,1
1348,$400C_vol,8
1349,$4000_duty,2
1349,$4000_const,1
1349,$4000_vol,8
1349,$4004_duty,3
1349,$4004_const,1
1349,$4004_vol,2
1349,$400C_const,1
1349,$400C_vol,5
1350,$4000_duty,2
1350,$4000_const,1
1350,$4000_vol,10
1350,$400C_const,1
1350,$400C_vol,0
1351,$4000_duty,2
1351,$4000_const,1
1351,$4000_vol,7
1351,$400E_period,0
1351,$400E_mode,0
1351,$400C_const,1
1351,$400C_vol,14
1352,$4000_duty,2
1352,$4000_const,1
1352,$4000_vol,5
1352,$400E_period,1
1352,$400E_mode,0
1352,$400C_const,1
1352,$400C_vol,15
1353,$4000_duty,2
1353,$4000_const,1
1353,$4000_vol,0
1353,$4004_duty,3
1353,$4004_const,1
1353,$4004_vol,0
1353,$4008_linear,0
1354,$400E_period,7
1354,$400E_mode,0
1355,$4010_rate,14
1355,$4000_duty,2
1355,$4000_const,1
1355,$4000_vol,4
1355,$4002_period,539
1355,$400B_length,49
1355,$4004_duty,2
1355,$4004_const,1
1355,$4004_vol,12
1355,$4006_period,1619
1355,$4008_linear,127
1355,$400A_period,321
1355,$400B_length,32
1355,$400E_period,6
1355,$400E_mode,0
1356,$4000_duty,2
1356,$4000_const,1
1356,$4000_vol,8
1356,$4004_duty,3
1356,$4004_const,1
1356,$4004_vol,11
1356,$400E_period,3
1356,$400E_mode,0
1357,$4000_duty,2
1357,$4000_const,1
1357,$4000_vol,10
1357,$4004_duty,3
1357,$4004_const,1
1357,$4004_vol,10
1358,$4000_duty,2
1358,$4000_const,1
1358,$4000_vol,7
1358,$4004_duty,3
1358,$4004_const,1
1358,$4004_vol,1
1358,$400E_period,2
1358,$400E_mode,0
1358,$400C_const,1
1358,$400C_vol,13
1359,$4000_duty,2
1359,$4000_const,1
1359,$4000_vol,5
1359,$400E_period,3
1359,$400E_mode,0
1359,$400C_const,1
1359,$400C_vol,14
1360,$4000_duty,2
1360,$4000_const,1
1360,$4000_vol,0
1360,$4008_linear,0
1361,$400E_period,2
1361,$400E_mode,0
1361,$400C_const,1
1361,$400C_vol,12
1362,$4012_addr,243
1362,$4013_len,28
1362,$4010_rate,15
1362,$4000_duty,2
1362,$4000_const,1
1362,$4000_vol,9
1362,$4002_period,807
1362,$400B_length,33
1362,$4004_duty,2
1362,$4004_const,1
1362,$4004_vol,12
1362,$4006_period,1211
1362,$4008_linear,127
1362,$400A_period,241
1362,$400B_length,48
1362,$400E_period,3
1362,$400E_mode,0
1362,$400C_const,1
1362,$400C_vol,13
1363,$4000_duty,2
1363,$4000_const,1
1363,$4000_vol,7
1363,$4004_duty,2
1363,$4004_const,1
1363,$4004_vol,10
1364,$400E_period,2
1364,$400E_mode,0
1364,$400C_const,1
1364,$400C_vol,11
1365,$400E_period,1
1365,$400E_mode,0
1365,$400C_const,1
1365,$400C_vol,15
1367,$4000_duty,2
1367,$4000_const,1
1367,$4000_vol,0
1367,$4004_duty,2
1367,$4004_const,1
1367,$4004_vol,0
1367,$4008_linear,0
1368,$400C_const,1
1368,$400C_vol,0
1369,$4012_addr,240
1369,$4013_len,11
1369,$4010_rate,15
1369,$4004_duty,2
1369,$4004_const,1
1369,$4004_vol,15
1369,$4006_period,2427
1369,$400C_const,1
1369,$400C_vol,14
1370,$4004_duty,3
1370,$4004_const,1
1370,$4004_vol,14
1371,$4004_duty,3
1371,$4004_const,1
1371,$4004_vol,13
1372,$4004_duty,3
1372,$4004_const,1
1372,$4004_vol,4
1372,$400C_const,1
1372,$400C_vol,0
1373,$400C_const,1
1373,$400C_vol,13
1376,$4010_rate,15
1376,$4004_duty,2
1376,$4004_const,1
1376,$4004_vol,15
1376,$4006_period,2427
1376,$400C_const,1
1376,$400C_vol,0
1377,$4004_duty,3
1377,$4004_const,1
1377,$4004_vol,14
1377,$400C_const,1
1377,$400C_vol,7
1378,$4004_duty,3
1378,$4004_const,1
1378,$4004_vol,13
1379,$4004_duty,3
1379,$4004_const,1
1379,$4004_vol,4
1379,$400E_period,5
1379,$400E_mode,0
1381,$400E_period,0
1381,$400E_mode,0
1383,$4012_addr,243
1383,$4013_len,28
1383,$4010_rate,15
1383,$4000_duty,2
1383,$4000_const,1
1383,$4000_vol,9
1383,$4002_period,763
1383,$400B_length,49
1383,$4004_duty,2
1383,$4004_const,1
1383,$4004_vol,12
1383,$4006_period,1079
1383,$4008_linear,127
1383,$400A_period,227
1383,$400B_length,32
1383,$400C_const,1
1383,$400C_vol,0
1384,$4000_duty,2
1384,$4000_const,1
1384,$4000_vol,7
1384,$4004_duty,2
1384,$4004_const,1
1384,$4004_vol,10
1384,$400C_const,1
1384,$400C_vol,6
1386,$400C_const,1
1386,$400C_vol,0
1387,$400C_const,1
1387,$400C_vol,5
1388,$4000_duty,2
1388,$4000_const,1
1388,$4000_vol,0
1388,$4004_duty,0
1388,$4004_const,1
1388,$4004_vol,5
1388,$4006_period,349
1388,$4008_linear,0
1389,$400C_const,1
1389,$400C_vol,0
1390,$4012_addr,240
1390,$4013_len,11
1390,$4010_rate,15
1390,$4004_duty,0
1390,$4004_const,1
1390,$4004_vol,3
1390,$400C_const,1
1390,$400C_vol,4
1392,$4004_duty,3
1392,$4004_const,1
1392,$4004_vol,13
1392,$4006_period,2157
1392,$400C_const,1
1392,$400C_vol,0
1393,$4004_duty,3
1393,$4004_const,1
1393,$4004_vol,4
1393,$400C_const,1
1393,$400C_vol,3
1395,$400C_const,1
1395,$400C_vol,0
1396,$400C_const,1
1396,$400C_vol,2
1397,$4010_rate,15
1397,$4004_duty,2
1397,$4004_const,1
1397,$4004_vol,15
1397,$4006_period,2157
1398,$4004_duty,3
1398,$4004_const,1
1398,$4004_vol,14
1398,$400C_const,1
1398,$400C_vol,0
1399,$4004_duty,3
1399,$4004_const,1
1399,$4004_vol,13
1399,$400E_period,2
1399,$400E_mode,0
1399,$400C_const,1
1399,$400C_vol,0
1400,$4004_duty,3
1400,$4004_const,1
1400,$4004_vol,4
1404,$4012_addr,243
1404,$4013_len,28
1404,$4010_rate,15
1404,$4000_duty,2
1404,$4000_const,1
1404,$4000_vol,9
1404,$4002_period,719
1404,$400B_length,33
1404,$4004_duty,2
1404,$4004_const,1
1404,$4004_vol,12
1404,$4006_period,1019
1404,$4008_linear,127
1404,$400A_period,213
1404,$400B_length,48
1404,$400E_period,1
1404,$400E_mode,0
1404,$400C_const,1
1404,$400C_vol,8
1405,$4000_duty,2
1405,$4000_const,1
1405,$4000_vol,7
1405,$4004_duty,2
1405,$4004_const,1
1405,$4004_vol,10
1405,$400C_const,1
1405,$400C_vol,5
1406,$400C_const,1
1406,$400C_vol,0
1408,$400E_period,0
1408,$400E_mode,0
1408,$400C_const,1
1408,$400C_vol,14
1409,$4000_duty,2
1409,$4000_const,1
1409,$4000_vol,0
1409,$4004_duty,2
1409,$4004_const,1
1409,$4004_vol,0
1409,$4008_linear,0
1409,$400E_period,1
1409,$400E_mode,0
1409,$400C_const,1
1409,$400C_vol,15
1411,$4012_addr,240
1411,$4013_len,11
1411,$4010_rate,15
1411,$4004_duty,2
1411,$4004_const,1
1411,$4004_vol,15
1411,$4006_period,2041
1411,$400E_period,7
1411,$400E_mode,0
1412,$4004_duty,3
1412,$4004_const,1
1412,$4004_vol,14
1412,$400E_period,6
1412,$400E_mode,0
1413,$4004_duty,3
1413,$4004_const,1
1413,$4004_vol,13
1413,$400E_period,3
1413,$400E_mode,0
1414,$4004_duty,3
1414,$4004_const,1
1414,$4004_vol,4
1415,$400E_period,2
1415,$400E_mode,0
1415,$400C_const,1
1415,$400C_vol,13
1416,$400E_period,3
1416,$400E_mode,0
1416,$400C_const,1
1416,$400C_vol,14
1418,$4010_rate,15
1418,$4004_duty,2
1418,$4004_const,1
1418,$4004_vol,15
1418,$4006_period,2041
1418,$400E_period,2
1418,$400E_mode,0
1418,$400C_const,1
1418,$400C_vol,12
1419,$4004_duty,3
1419,$4004_const,1
1419,$4004_vol,14
1419,$400E_period,3
1419,$400E_mode,0
1419,$400C_const,1
1419,$400C_vol,13
1420,$4004_duty,3
1420,$4004_const,1
1420,$4004_vol,13
1421,$4004_duty,3
1421,$4004_const,1
1421,$4004_vol,4
1421,$400E_period,2
1421,$400E_mode,0
1421,$400C_const,1
1421,$400C_vol,11
1422,$400E_period,1
1422,$400E_mode,0
1422,$400C_const,1
1422,$400C_vol,15
1425,$4012_addr,243
1425,$4013_len,28
1425,$4010_rate,15
1425,$4000_duty,2
1425,$4000_const,1
1425,$4000_vol,9
1425,$4002_period,679
1425,$400B_length,49
1425,$4004_duty,2
1425,$4004_const,1
1425,$4004_vol,12
1425,$4006_period,961
1425,$4008_linear,127
1425,$400A_period,201
1425,$400B_length,32
1425,$400C_const,1
1425,$400C_vol,0
1426,$4000_duty,2
1426,$4000_const,1
1426,$4000_vol,7
1426,$4004_duty,2
1426,$4004_const,1
1426,$4004_vol,10
1426,$400C_const,1
1426,$400C_vol,14
1428,$4004_duty,2
1428,$4004_const,1
1428,$4004_vol,0
1429,$400C_const,1
1429,$400C_vol,0
1430,$4000_duty,2
1430,$4000_const,1
1430,$4000_vol,0
1430,$4008_linear,0
1430,$400C_const,1
1430,$400C_vol,13
1432,$4012_addr,240
1432,$4013_len,11
1432,$4010_rate,15
1432,$4004_duty,2
1432,$4004_const,1
1432,$4004_vol,15
1432,$4006_period,1921
1433,$4004_duty,1
1433,$4004_const,1
1433,$4004_vol,11
1433,$4006_period,907
1433,$400C_const,1
1433,$400C_vol,0
1434,$400C_const,1
1434,$400C_vol,7
1435,$4004_duty,1
1435,$4004_const,1
1435,$4004_vol,10
1435,$4006_period,961
1436,$4004_duty,1
1436,$4004_const,1
1436,$4004_vol,7
1436,$4006_period,641
1436,$400E_period,5
1436,$400E_mode,0
1437,$4004_duty,1
1437,$4004_const,1
1437,$4004_vol,6
1437,$4006_period,605
1438,$4004_duty,1
1438,$4004_const,1
1438,$4004_vol,5
1438,$4006_period,571
1438,$400E_period,0
1438,$400E_mode,0
1439,$4010_rate,15
1439,$4000_duty,2
1439,$4000_const,1
1439,$4000_vol,9
1439,$4002_period,807
1439,$400B_length,33
1439,$4004_duty,1
1439,$4004_const,1
1439,$4004_vol,4
1439,$4006_period,509
1439,$4008_linear,127
1439,$400A_period,303
1439,$400B_length,48
1440,$4000_duty,2
1440,$4000_const,1
1440,$4000_vol,7
1440,$4004_duty,3
1440,$4004_const,1
1440,$4004_vol,14
1440,$4006_period,2427
1440,$400C_const,1
1440,$400C_vol,0
1441,$4004_duty,3
1441,$4004_const,1
1441,$4004_vol,4
1441,$400C_const,1
1441,$400C_vol,6
1442,$4000_duty,2
1442,$4000_const,1
1442,$4000_vol,0
1443,$400C_const,1
1443,$400C_vol,0
1444,$4008_linear,0
1444,$400C_const,1
1444,$400C_vol,5
1445,$4004_duty,3
1445,$4004_const,1
1445,$4004_vol,0
1446,$4012_addr,240
1446,$4013_len,11
1446,$400C_const,1
1446,$400C_vol,0
1447,$400C_const,1
1447,$400C_vol,4
1449,$400C_const,1
1449,$400C_vol,0
1450,$400C_const,1
1450,$400C_vol,3
1452,$400C_const,1
1452,$400C_vol,0
1453,$4010_rate,15
1453,$4000_duty,2
1453,$4000_const,1
1453,$4000_vol,5
1453,$4002_period,169
1453,$400B_length,48
1453,$4004_duty,2
1453,$4004_const,1
1453,$4004_vol,6
1453,$4006_period,227
1453,$4008_linear,127
1453,$400A_period,75
1453,$400B_length,32
1453,$400C_const,1
1453,$400C_vol,2
1454,$4000_duty,2
1454,$4000_const,1
1454,$4000_vol,0
1454,$4004_duty,2
1454,$4004_const,1
1454,$4004_vol,0
1454,$4008_linear,0
1455,$400C_const,1
1455,$400C_vol,0
1456,$400E_period,1
1456,$400E_mode,0
1456,$400C_const,1
1456,$400C_vol,0
1460,$4012_addr,243
1460,$4013_len,28
1460,$4010_rate,15
1460,$4000_duty,2
1460,$4000_const,1
1460,$4000_vol,5
1460,$4002_period,169
1460,$400B_length,32
1460,$4004_duty,2
1460,$4004_const,1
1460,$4004_vol,6
1460,$4006_period,241
1460,$4008_linear,127
1460,$400A_period,75
1460,$400B_length,48
1460,$400E_period,4
1460,$400E_mode,0
1460,$400C_const,1
1460,$400C_vol,11
1461,$4000_duty,2
1461,$4000_const,1
1461,$4000_vol,3
1461,$4004_duty,2
1461,$4004_const,1
1461,$4004_vol,4
1461,$400C_const,1
1461,$400C_vol,10
1462,$400C_const,1
1462,$400C_vol,0
1464,$4000_duty,2
1464,$4000_const,1
1464,$4000_vol,0
1464,$4004_duty,2
1464,$4004_const,1
1464,$4004_vol,0
1464,$4008_linear,0
1467,$4010_rate,15
1467,$4004_duty,2
1467,$4004_const,1
1467,$4004_vol,13
1467,$4006_period,2427
1467,$400E_period,1
1467,$400E_mode,0
1467,$400C_const,1
1467,$400C_vol,11
1468,$4004_duty,3
1468,$4004_const,1
1468,$4004_vol,12
1468,$400C_const,1
1468,$400C_vol,8
1469,$4004_duty,3
1469,$4004_const,1
1469,$4004_vol,11
1469,$400C_const,1
1469,$400C_vol,0
1470,$4004_duty,3
1470,$4004_const,1
1470,$4004_vol,10
1471,$4004_duty,3
1471,$4004_const,1
1471,$4004_vol,9
1472,$4004_duty,3
1472,$4004_const,1
1472,$4004_vol,2
1474,$4012_addr,240
1474,$4013_len,11
1474,$4010_rate,15
1474,$4000_duty,2
1474,$4000_const,1
1474,$4000_vol,4
1474,$4002_period,359
1474,$400B_length,48
1474,$4004_duty,2
1474,$4004_const,1
1474,$4004_vol,15
1474,$4006_period,1811
1474,$4008_linear,127
1474,$400A_period,227
1474,$400B_length,32
1474,$400E_period,3
1474,$400E_mode,0
1474,$400C_const,1
1474,$400C_vol,10
1475,$4000_duty,2
1475,$4000_const,1
1475,$4000_vol,8
1475,$4004_duty,3
1475,$4004_const,1
1475,$4004_vol,14
1475,$400C_const,1
1475,$400C_vol,7
1476,$4000_duty,2
1476,$4000_const,1
1476,$4000_vol,10
1476,$4004_duty,3
1476,$4004_const,1
1476,$4004_vol,13
1476,$400C_const,1
1476,$400C_vol,0
1477,$4000_duty,2
1477,$4000_const,1
1477,$4000_vol,7
1477,$4004_duty,3
1477,$4004_const,1
1477,$4004_vol,12
1478,$4000_duty,2
1478,$4000_const,1
1478,$4000_vol,5
1478,$4004_duty,3
1478,$4004_const,1
1478,$4004_vol,11
1479,$4000_duty,2
1479,$4000_const,1
1479,$4000_vol,0
1479,$4004_duty,3
1479,$4004_const,1
1479,$4004_vol,10
1479,$4008_linear,0
1480,$4004_duty,3
1480,$4004_const,1
1480,$4004_vol,9
1481,$4004_duty,3
1481,$4004_const,1
1481,$4004_vol,8
1481,$400E_period,2
1481,$400E_mode,0
1481,$400C_const,1
1481,$400C_vol,8
1482,$4004_duty,3
1482,$4004_const,1
1482,$4004_vol,4
1482,$400C_const,1
1482,$400C_vol,5
1483,$400C_const,1
1483,$400C_vol,0
1486,$4004_duty,3
1486,$4004_const,1
1486,$4004_vol,0
1488,$4012_addr,250
1488,$4013_len,11
1488,$4010_rate,15
1488,$4000_duty,2
1488,$4000_const,1
1488,$4000_vol,4
1488,$4002_period,359
1488,$400B_length,32
1488,$4004_duty,2
1488,$4004_const,1
1488,$4004_vol,11
1488,$4006_period,907
1488,$4008_linear,127
1488,$400A_period,227
1488,$400B_length,48
1488,$400E_period,1
1488,$400E_mode,0
1488,$400C_const,1
1488,$400C_vol,8
1489,$4000_duty,2
1489,$4000_const,1
1489,$4000_vol,8
1489,$4004_duty,3
1489,$4004_const,1
1489,$4004_vol,10
1489,$400C_const,1
1489,$400C_vol,5
1490,$4000_duty,2
1490,$4000_const,1
1490,$4000_vol,10
1490,$4004_duty,3
1490,$4004_const,1
1490,$4004_vol,9
1490,$400C_const,1
1490,$400C_vol,0
1491,$4000_duty,2
1491,$4000_const,1
1491,$4000_vol,7
1491,$4004_duty,3
1491,$4004_const,1
1491,$4004_vol,0
1492,$4000_duty,2
1492,$4000_const,1
1492,$4000_vol,5
1495,$4012_addr,240
1495,$4013_len,11
1495,$4010_rate,15
1495,$4004_duty,2
1495,$4004_const,1
1495,$4004_vol,13
1495,$4006_period,2427
1495,$400E_period,3
1495,$400E_mode,0
1495,$400C_const,1
1495,$400C_vol,8
1496,$4004_duty,3
1496,$4004_const,1
1496,$4004_vol,12
1496,$400C_const,1
1496,$400C_vol,5
1497,$4000_duty,2
1497,$4000_const,1
1497,$4000_vol,6
1497,$4004_duty,3
1497,$4004_const,1
1497,$4004_vol,11
1497,$400C_const,1
1497,$400C_vol,0
1498,$4004_duty,3
1498,$4004_const,1
1498,$4004_vol,10
1499,$4004_duty,3
1499,$4004_const,1
1499,$4004_vol,9
1500,$4004_duty,3
1500,$4004_const,1
1500,$4004_vol,8
1501,$4004_duty,3
1501,$4004_const,1
1501,$4004_vol,7
1502,$4010_rate,15
1502,$4000_duty,2
1502,$4000_const,1
1502,$4000_vol,7
1502,$4004_duty,3
1502,$4004_const,1
1502,$4004_vol,6
1502,$400C_const,1
1502,$400C_vol,10
1503,$4004_duty,3
1503,$4004_const,1
1503,$4004_vol,2
1503,$400C_const,1
1503,$400C_vol,7
1504,$400C_const,1
1504,$400C_vol,0
1507,$4000_duty,2
1507,$4000_const,1
1507,$4000_vol,8
1507,$4004_duty,3
1507,$4004_const,1
1507,$4004_vol,0
1507,$4008_linear,0
1509,$4004_duty,2
1509,$4004_const,1
1509,$4004_vol,13
1509,$4006_period,2427
1509,$400E_period,2
1509,$400E_mode,0
1509,$400C_const,1
1509,$400C_vol,8
1510,$4004_duty,3
1510,$4004_const,1
1510,$4004_vol,12
1510,$400C_const,1
1510,$400C_vol,5
1511,$4004_duty,3
1511,$4004_const,1
1511,$4004_vol,11
1511,$400C_const,1
1511,$400C_vol,0
1512,$4000_duty,2
1512,$4000_const,1
1512,$4000_vol,9
1512,$4004_duty,3
1512,$4004_const,1
1512,$4004_vol,10
1513,$4004_duty,3
1513,$4004_const,1
1513,$4004_vol,9
1514,$4000_duty,2
1514,$4000_const,1
1514,$4000_vol,0
1514,$4004_duty,3
1514,$4004_const,1
1514,$4004_vol,8
1515,$4004_duty,3
1515,$4004_const,1
1515,$4004_vol,7
1516,$4012_addr,250
1516,$4013_len,11
1516,$4010_rate,14
1516,$4000_duty,2
1516,$4000_const,1
1516,$4000_vol,4
1516,$4002_period,339
1516,$400B_length,48
1516,$4004_duty,3
1516,$4004_const,1
1516,$4004_vol,6
1516,$4008_linear,127
1516,$400A_period,201
1516,$400B_length,32
1516,$400E_period,1
1516,$400E_mode,0
1516,$400C_const,1
1516,$400C_vol,8
1517,$4000_duty,2
1517,$4000_const,1
1517,$4000_vol,8
1517,$4004_duty,3
1517,$4004_const,1
1517,$4004_vol,2
1517,$400C_const,1
1517,$400C_vol,5
1518,$4000_duty,2
1518,$4000_const,1
1518,$4000_vol,10
1518,$400C_const,1
1518,$400C_vol,0
1519,$4000_duty,2
1519,$4000_const,1
1519,$4000_vol,7
1520,$4000_duty,2
1520,$4000_const,1
1520,$4000_vol,5
1521,$4000_duty,2
1521,$4000_const,1
1521,$4000_vol,0
1521,$4004_duty,3
1521,$4004_const,1
1521,$4004_vol,0
1521,$4008_linear,0
1523,$4010_rate,14
1523,$4000_duty,2
1523,$4000_const,1
1523,$4000_vol,4
1523,$4002_period,321
1523,$400B_length,32
1523,$4004_duty,2
1523,$4004_const,1
1523,$4004_vol,12
1523,$4006_period,907
1523,$4008_linear,127
1523,$400A_period,191
1523,$400B_length,48
1523,$400E_period,3
1523,$400E_mode,0
1523,$400C_const,1
1523,$400C_vol,8
1524,$4000_duty,2
1524,$4000_const,1
1524,$4000_vol,8
1524,$4004_duty,3
1524,$4004_const,1
1524,$4004_vol,11
1524,$400C_const,1
1524,$400C_vol,5
1525,$4000_duty,2
1525,$4000_const,1
1525,$4000_vol,10
1525,$4004_duty,3
1525,$4004_const,1
1525,$4004_vol,10
1525,$400C_const,1
1525,$400C_vol,0
1526,$4000_duty,2
1526,$4000_const,1
1526,$4000_vol,7
1526,$4004_duty,3
1526,$4004_const,1
1526,$4004_vol,1
1527,$4000_duty,2
1527,$4000_const,1
1527,$4000_vol,5
1528,$4000_duty,2
1528,$4000_const,1
1528,$4000_vol,0
1528,$4008_linear,0
1530,$4012_addr,240
1530,$4013_len,11
1530,$4010_rate,15
1530,$4000_duty,2
1530,$4000_const,1
1530,$4000_vol,4
1530,$4002_period,303
1530,$400B_length,48
1530,$4004_duty,2
1530,$4004_const,1
1530,$4004_vol,15
1530,$4006_period,1811
1530,$4008_linear,127
1530,$400A_period,179
1530,$400B_length,32
1530,$400C_const,1
1530,$400C_vol,10
1531,$4000_duty,2
1531,$4000_const,1
1531,$4000_vol,8
1531,$4004_duty,3
1531,$4004_const,1
1531,$4004_vol,14
1531,$400C_const,1
1531,$400C_vol,7
1532,$4000_duty,2
1532,$4000_const,1
1532,$4000_vol,10
1532,$4004_duty,3
1532,$4004_const,1
1532,$4004_vol,13
1532,$400C_const,1
1532,$400C_vol,0
1533,$4000_duty,2
1533,$4000_const,1
1533,$4000_vol,7
1533,$4004_duty,3
1533,$4004_const,1
1533,$4004_vol,12
1534,$4000_duty,2
1534,$4000_const,1
1534,$4000_vol,5
1534,$4004_duty,3
1534,$4004_const,1
1534,$4004_vol,11
1535,$4000_duty,2
1535,$4000_const,1
1535,$4000_vol,0
1535,$4004_duty,3
1535,$4004_const,1
1535,$4004_vol,10
1535,$4008_linear,0
1536,$4004_duty,3
1536,$4004_const,1
1536,$4004_vol,9
1537,$4000_duty,2
1537,$4000_const,1
1537,$4000_vol,4
1537,$4002_period,359
1537,$400B_length,32
1537,$4004_duty,3
1537,$4004_const,1
1537,$4004_vol,8
1537,$4008_linear,127
1537,$400A_period,227
1537,$400B_length,48
1537,$400E_period,2
1537,$400E_mode,0
1537,$400C_const,1
1537,$400C_vol,8
1538,$4000_duty,2
1538,$4000_const,1
1538,$4000_vol,8
1538,$4004_duty,3
1538,$4004_const,1
1538,$4004_vol,4
1538,$400C_const,1
1538,$400C_vol,5
1539,$4000_duty,2
1539,$4000_const,1
1539,$4000_vol,10
1539,$400C_const,1
1539,$400C_vol,0
1540,$4000_duty,2
1540,$4000_const,1
1540,$4000_vol,7
1541,$4000_duty,2
1541,$4000_const,1
1541,$4000_vol,5
1542,$4000_duty,2
1542,$4000_const,1
1542,$4000_vol,0
1542,$4004_duty,3
1542,$4004_const,1
1542,$4004_vol,0
1542,$4008_linear,0
1544,$4012_addr,250
1544,$4013_len,11
1544,$4010_rate,15
1544,$4004_duty,2
1544,$4004_const,1
1544,$4004_vol,11
1544,$4006_period,907
1544,$400E_period,1
1544,$400E_mode,0
1544,$400C_const,1
1544,$400C_vol,8
1545,$4004_duty,2
1545,$4004_const,1
1545,$4004_vol,4
1545,$4006_period,533
1545,$400C_const,1
1545,$400C_vol,5
1546,$400C_const,1
1546,$400C_vol,0
1549,$4004_duty,2
1549,$4004_const,1
1549,$4004_vol,3
1550,$4004_duty,2
1550,$4004_const,1
1550,$4004_vol,2
1551,$4012_addr,240
1551,$4013_len,11
1551,$4010_rate,15
1551,$4000_duty,2
1551,$4000_const,1
1551,$4000_vol,4
1551,$4002_period,303
1551,$400B_length,48
1551,$4004_duty,2
1551,$4004_const,1
1551,$4004_vol,1
1551,$4008_linear,127
1551,$400A_period,179
1551,$400B_length,32
1551,$400E_period,3
1551,$400E_mode,0
1551,$400C_const,1
1551,$400C_vol,8
1552,$4000_duty,2
1552,$4000_const,1
1552,$4000_vol,8
1552,$4004_duty,2
1552,$4004_const,1
1552,$4004_vol,0
1552,$400C_const,1
1552,$400C_vol,5
1553,$4000_duty,2
1553,$4000_const,1
1553,$4000_vol,10
1553,$4004_duty,2
1553,$4004_const,1
1553,$4004_vol,5
1553,$400C_const,1
1553,$400C_vol,0
1554,$4000_duty,2
1554,$4000_const,1
1554,$4000_vol,7
1555,$4000_duty,2
1555,$4000_const,1
1555,$4000_vol,5
1555,$4006_period,511
1556,$4000_duty,2
1556,$4000_const,1
1556,$4000_vol,0
1556,$4008_linear,0
1557,$4004_duty,2
1557,$4004_const,1
1557,$4004_vol,3
1557,$4006_period,595
1558,$4012_addr,243
1558,$4013_len,28
1558,$4010_rate,15
1558,$4000_duty,2
1558,$4000_const,1
1558,$4000_vol,4
1558,$4002_period,179
1558,$400B_length,32
1558,$4008_linear,127
1558,$400A_period,113
1558,$400B_length,48
1558,$400C_const,1
1558,$400C_vol,10
1559,$4000_duty,2
1559,$4000_const,1
1559,$4000_vol,8
1559,$4006_period,479
1559,$400C_const,1
1559,$400C_vol,7
1560,$4000_duty,2
1560,$4000_const,1
1560,$4000_vol,10
1560,$400C_const,1
1560,$400C_vol,0
1561,$4000_duty,2
1561,$4000_const,1
1561,$4000_vol,7
1561,$4004_duty,2
1561,$4004_const,1
1561,$4004_vol,1
1561,$4006_period,563
1562,$4000_duty,2
1562,$4000_const,1
1562,$4000_vol,5
1562,$4006_period,505
1563,$4000_duty,2
1563,$4000_const,1
1563,$4000_vol,0
1563,$4008_linear,0
1565,$4000_duty,2
1565,$4000_const,1
1565,$4000_vol,4
1565,$4002_period,227
1565,$400B_length,48
1565,$4004_duty,2
1565,$4004_const,1
1565,$4004_vol,13
1565,$4006_period,2427
1565,$4008_linear,127
1565,$400A_period,151
1565,$400B_length,32
1565,$400E_period,2
1565,$400E_mode,0
1565,$400C_const,1
1565,$400C_vol,8
1566,$4000_duty,2
1566,$4000_const,1
1566,$4000_vol,8
1566,$4004_duty,3
1566,$4004_const,1
1566,$4004_vol,12
1566,$400C_const,1
1566,$400C_vol,5
1567,$4000_duty,2
1567,$4000_const,1
1567,$4000_vol,10
1567,$4004_duty,3
1567,$4004_const,1
1567,$4004_vol,11
1567,$400C_const,1
1567,$400C_vol,0
1568,$4000_duty,2
1568,$4000_const,1
1568,$4000_vol,7
1568,$4004_duty,3
1568,$4004_const,1
1568,$4004_vol,10
1569,$4000_duty,2
1569,$4000_const,1
1569,$4000_vol,5
1569,$4004_duty,3
1569,$4004_const,1
1569,$4004_vol,9
1570,$4000_duty,2
1570,$4000_const,1
1570,$4000_vol,0
1570,$4004_duty,3
1570,$4004_const,1
1570,$4004_vol,8
1570,$4008_linear,0
1571,$4004_duty,3
1571,$4004_const,1
1571,$4004_vol,7
1572,$4012_addr,250
1572,$4013_len,11
1572,$4010_rate,14
1572,$4000_duty,2
1572,$4000_const,1
1572,$4000_vol,4
1572,$4002_period,303
1572,$400B_length,32
1572,$4004_duty,3
1572,$4004_const,1
1572,$4004_vol,6
1572,$4008_linear,127
1572,$400A_period,179
1572,$400B_length,48
1572,$400E_period,1
1572,$400E_mode,0
1572,$400C_const,1
1572,$400C_vol,8
1573,$4000_duty,2
1573,$4000_const,1
1573,$4000_vol,8
1573,$4004_duty,3
1573,$4004_const,1
1573,$4004_vol,2
1573,$400C_const,1
1573,$400C_vol,5
1574,$4000_duty,2
1574,$4000_const,1
1574,$4000_vol,10
1574,$400C_const,1
1574,$400C_vol,0
1575,$4000_duty,2
1575,$4000_const,1
1575,$4000_vol,7
1576,$4000_duty,2
1576,$4000_const,1
1576,$4000_vol,5
1577,$4000_duty,2
1577,$4000_const,1
1577,$4000_vol,0
1577,$4004_duty,3
1577,$4004_const,1
1577,$4004_vol,0
1577,$4008_linear,0
1579,$4010_rate,14
1579,$4000_duty,2
1579,$4000_const,1
1579,$4000_vol,4
1579,$4002_period,359
1579,$400B_length,48
1579,$4004_duty,2
1579,$4004_const,1
1579,$4004_vol,12
1579,$4006_period,907
1579,$4008_linear,127
1579,$400A_period,227
1579,$400B_length,32
1579,$400E_period,3
1579,$400E_mode,0
1579,$400C_const,1
1579,$400C_vol,8
1580,$4000_duty,2
1580,$4000_const,1
1580,$4000_vol,8
1580,$4004_duty,3
1580,$4004_const,1
1580,$4004_vol,11
1580,$400C_const,1
1580,$400C_vol,5
1581,$4000_duty,2
1581,$4000_const,1
1581,$4000_vol,10
1581,$4004_duty,3
1581,$4004_const,1
1581,$4004_vol,10
1581,$400C_const,1
1581,$400C_vol,0
1582,$4000_duty,2
1582,$4000_const,1
1582,$4000_vol,7
1582,$4004_duty,3
1582,$4004_const,1
1582,$4004_vol,1
1583,$4000_duty,2
1583,$4000_const,1
1583,$4000_vol,5
1584,$4000_duty,2
1584,$4000_const,1
1584,$4000_vol,0
1584,$4008_linear,0
1586,$4012_addr,240
1586,$4013_len,11
1586,$4010_rate,15
1586,$4000_duty,2
1586,$4000_const,1
1586,$4000_vol,4
1586,$4002_period,403
1586,$400B_length,32
1586,$4004_duty,2
1586,$4004_const,1
1586,$4004_vol,15
1586,$4006_period,1921
1586,$4008_linear,127
1586,$400A_period,241
1586,$400B_length,48
1586,$400C_const,1
1586,$400C_vol,10
1587,$4000_duty,2
1587,$4000_const,1
1587,$4000_vol,8
1587,$4004_duty,3
1587,$4004_const,1
1587,$4004_vol,14
1587,$400C_const,1
1587,$400C_vol,7
1588,$4000_duty,2
1588,$4000_const,1
1588,$4000_vol,10
1588,$4004_duty,3
1588,$4004_const,1
1588,$4004_vol,13
1588,$400C_const,1
1588,$400C_vol,0
1589,$4000_duty,2
1589,$4000_const,1
1589,$4000_vol,7
1589,$4004_duty,3
1589,$4004_const,1
1589,$4004_vol,12
1590,$4000_duty,2
1590,$4000_const,1
1590,$4000_vol,5
1590,$4004_duty,3
1590,$4004_const,1
1590,$4004_vol,11
1591,$4000_duty,2
1591,$4000_const,1
1591,$4000_vol,0
1591,$4004_duty,3
1591,$4004_const,1
1591,$4004_vol,10
1591,$4008_linear,0
1592,$4004_duty,3
1592,$4004_const,1
1592,$4004_vol,9
1593,$4004_duty,3
1593,$4004_const,1
1593,$4004_vol,8
1593,$400E_period,2
1593,$400E_mode,0
1593,$400C_const,1
1593,$400C_vol,8
1594,$4004_duty,3
1594,$4004_const,1
1594,$4004_vol,4
1594,$400C_const,1
1594,$400C_vol,5
1595,$400C_const,1
1595,$400C_vol,0
1598,$4004_duty,3
1598,$4004_const,1
1598,$4004_vol,0
1600,$4012_addr,250
1600,$4013_len,11
1600,$4010_rate,15
1600,$4000_duty,2
1600,$4000_const,1
1600,$4000_vol,4
1600,$4002_period,403
1600,$400B_length,48
1600,$4004_duty,2
1600,$4004_const,1
1600,$4004_vol,11
1600,$4006_period,961
1600,$4008_linear,127
1600,$400A_period,241
1600,$400B_length,32
1600,$400E_period,1
1600,$400E_mode,0
1600,$400C_const,1
1600,$400C_vol,8
1601,$4000_duty,2
1601,$4000_const,1
1601,$4000_vol,8
1601,$4004_duty,3
1601,$4004_const,1
1601,$4004_vol,10
1601,$400C_const,1
1601,$400C_vol,5
1602,$4000_duty,2
1602,$4000_const,1
1602,$4000_vol,10
1602,$4004_duty,3
1602,$4004_const,1
1602,$4004_vol,9
1602,$400C_const,1
1602,$400C_vol,0
1603,$4000_duty,2
1603,$4000_const,1
1603,$4000_vol,7
1603,$4004_duty,3
1603,$4004_const,1
1603,$4004_vol,0
1604,$4000_duty,2
1604,$4000_const,1
1604,$4000_vol,5
1607,$4012_addr,240
1607,$4013_len,11
1607,$4010_rate,15
1607,$4004_duty,2
1607,$4004_const,1
1607,$4004_vol,13
1607,$4006_period,2427
1607,$400E_period,3
1607,$400E_mode,0
1607,$400C_const,1
1607,$400C_vol,8
1608,$4004_duty,3
1608,$4004_const,1
1608,$4004_vol,12
1608,$400C_const,1
1608,$400C_vol,5
1609,$4000_duty,2
1609,$4000_const,1
1609,$4000_vol,6
1609,$4004_duty,3
1609,$4004_const,1
1609,$4004_vol,11
1609,$400C_const,1
1609,$400C_vol,0
1610,$4004_duty,3
1610,$4004_const,1
1610,$4004_vol,10
1611,$4004_duty,3
1611,$4004_const,1
1611,$4004_vol,9
1612,$4004_duty,3
1612,$4004_const,1
1612,$4004_vol,8
1613,$4004_duty,3
1613,$4004_const,1
1613,$4004_vol,7
1614,$4010_rate,15
1614,$4000_duty,2
1614,$4000_const,1
1614,$4000_vol,7
1614,$4004_duty,3
1614,$4004_const,1
1614,$4004_vol,6
1614,$400C_const,1
1614,$400C_vol,10
1615,$4004_duty,3
1615,$4004_const,1
1615,$4004_vol,2
1615,$400C_const,1
1615,$400C_vol,7
1616,$400C_const,1
1616,$400C_vol,0
1619,$4000_duty,2
1619,$4000_const,1
1619,$4000_vol,0
1619,$4004_duty,3
1619,$4004_const,1
1619,$4004_vol,0
1619,$4008_linear,0
1621,$4000_duty,2
1621,$4000_const,1
1621,$4000_vol,4
1621,$4002_period,481
1621,$400B_length,32
1621,$4004_duty,2
1621,$4004_const,1
1621,$4004_vol,13
1621,$4006_period,2427
1621,$4008_linear,127
1621,$400A_period,303
1621,$400B_length,48
1621,$400E_period,2
1621,$400E_mode,0
1621,$400C_const,1
1621,$400C_vol,8
1622,$4000_duty,2
1622,$4000_const,1
1622,$4000_vol,8
1622,$4004_duty,3
1622,$4004_const,1
1622,$4004_vol,12
1622,$400C_const,1
1622,$400C_vol,5
1623,$4000_duty,2
1623,$4000_const,1
1623,$4000_vol,10
1623,$4004_duty,3
1623,$4004_const,1
1623,$4004_vol,11
1623,$400C_const,1
1623,$400C_vol,0
1624,$4000_duty,2
1624,$4000_const,1
1624,$4000_vol,7
1624,$4004_duty,3
1624,$4004_const,1
1624,$4004_vol,10
1625,$4000_duty,2
1625,$4000_const,1
1625,$4000_vol,5
1625,$4004_duty,3
1625,$4004_const,1
1625,$4004_vol,9
1626,$4000_duty,2
1626,$4000_const,1
1626,$4000_vol,0
1626,$4004_duty,3
1626,$4004_const,1
1626,$4004_vol,8
1626,$4008_linear,0
1627,$4004_duty,3
1627,$4004_const,1
1627,$4004_vol,7
1628,$4012_addr,250
1628,$4013_len,11
1628,$4010_rate,14
1628,$4000_duty,2
1628,$4000_const,1
1628,$4000_vol,4
1628,$4002_period,321
1628,$400B_length,48
1628,$4004_duty,3
1628,$4004_const,1
1628,$4004_vol,6
1628,$4008_linear,127
1628,$400A_period,241
1628,$400B_length,32
1628,$400E_period,1
1628,$400E_mode,0
1628,$400C_const,1
1628,$400C_vol,8
1629,$4000_duty,2
1629,$4000_const,1
1629,$4000_vol,8
1629,$4004_duty,3
1629,$4004_const,1
1629,$4004_vol,2
1629,$400C_const,1
1629,$400C_vol,5
1630,$4000_duty,2
1630,$4000_const,1
1630,$4000_vol,10
1630,$400C_const,1
1630,$400C_vol,0
1631,$4000_duty,2
1631,$4000_const,1
1631,$4000_vol,7
1632,$4000_duty,2
1632,$4000_const,1
1632,$4000_vol,5
1633,$4000_duty,2
1633,$4000_const,1
1633,$4000_vol,0
1633,$4004_duty,3
1633,$4004_const,1
1633,$4004_vol,0
1633,$4008_linear,0
1635,$4010_rate,14
1635,$4000_duty,2
1635,$4000_const,1
1635,$4000_vol,4
1635,$4002_period,303
1635,$400B_length,32
1635,$4004_duty,2
1635,$4004_const,1
1635,$4004_vol,12
1635,$4006_period,961
1635,$4008_linear,127
1635,$400A_period,201
1635,$400B_length,48
1635,$400E_period,3
1635,$400E_mode,0
1635,$400C_const,1
1635,$400C_vol,8
1636,$4000_duty,2
1636,$4000_const,1
1636,$4000_vol,8
1636,$4004_duty,3
1636,$4004_const,1
1636,$4004_vol,11
1636,$400C_const,1
1636,$400C_vol,5
1637,$4000_duty,2
1637,$4000_const,1
1637,$4000_vol,10
1637,$4004_duty,3
1637,$4004_const,1
1637,$4004_vol,10
1637,$400C_const,1
1637,$400C_vol,0
1638,$4000_duty,2
1638,$4000_const,1
1638,$4000_vol,7
1638,$4004_duty,3
1638,$4004_const,1
1638,$4004_vol,1
1639,$4000_duty,2
1639,$4000_const,1
1639,$4000_vol,5
1640,$4000_duty,2
1640,$4000_const,1
1640,$4000_vol,0
1640,$4008_linear,0
1642,$4012_addr,240
1642,$4013_len,11
1642,$4010_rate,15
1642,$4004_duty,2
1642,$4004_const,1
1642,$4004_vol,15
1642,$4006_period,1921
1642,$400C_const,1
1642,$400C_vol,10
1643,$4004_duty,3
1643,$4004_const,1
1643,$4004_vol,14
1643,$400C_const,1
1643,$400C_vol,7
1644,$4004_duty,3
1644,$4004_const,1
1644,$4004_vol,13
1644,$400C_const,1
1644,$400C_vol,0
1645,$4004_duty,3
1645,$4004_const,1
1645,$4004_vol,12
1646,$4004_duty,3
1646,$4004_const,1
1646,$4004_vol,11
1647,$4004_duty,3
1647,$4004_const,1
1647,$4004_vol,10
1648,$4004_duty,3
1648,$4004_const,1
1648,$4004_vol,9
1649,$4004_duty,3
1649,$4004_const,1
1649,$4004_vol,8
1649,$400E_period,2
1649,$400E_mode,0
1649,$400C_const,1
1649,$400C_vol,8
1650,$4004_duty,3
1650,$4004_const,1
1650,$4004_vol,4
1650,$400C_const,1
1650,$400C_vol,5
1651,$400C_const,1
1651,$400C_vol,0
1654,$4004_duty,3
1654,$4004_const,1
1654,$4004_vol,0
1656,$4012_addr,250
1656,$4013_len,11
1656,$4010_rate,15
1656,$4000_duty,2
1656,$4000_const,1
1656,$4000_vol,5
1656,$4002_period,121
1656,$400B_length,48
1656,$4004_duty,2
1656,$4004_const,1
1656,$4004_vol,11
1656,$4006_period,961
1656,$4008_linear,127
1656,$400A_period,75
1656,$400B_length,32
1656,$400E_period,1
1656,$400E_mode,0
1656,$400C_const,1
1656,$400C_vol,8
1657,$4004_duty,3
1657,$4004_const,1
1657,$4004_vol,10
1657,$4008_linear,0
1657,$400C_const,1
1657,$400C_vol,5
1658,$4000_duty,2
1658,$4000_const,1
1658,$4000_vol,0
1658,$4004_duty,3
1658,$4004_const,1
1658,$4004_vol,9
1658,$400C_const,1
1658,$400C_vol,0
1659,$4004_duty,3
1659,$4004_const,1
1659,$4004_vol,0
1663,$4012_addr,240
1663,$4013_len,11
1663,$4010_rate,15
1663,$4000_duty,2
1663,$4000_const,1
1663,$4000_vol,5
1663,$4002_period,135
1663,$400B_length,32
1663,$4004_duty,2
1663,$4004_const,1
1663,$4004_vol,13
1663,$4006_period,2427
1663,$4008_linear,127
1663,$400A_period,101
1663,$400B_length,48
1663,$400E_period,3
1663,$400E_mode,0
1663,$400C_const,1
1663,$400C_vol,8
1664,$4004_duty,3
1664,$4004_const,1
1664,$4004_vol,12
1664,$4008_linear,0
1664,$400C_const,1
1664,$400C_vol,5
1665,$4000_duty,2
1665,$4000_const,1
1665,$4000_vol,0
1665,$4004_duty,3
1665,$4004_const,1
1665,$4004_vol,11
1665,$400C_const,1
1665,$400C_vol,0
1666,$4004_duty,3
1666,$4004_const,1
1666,$4004_vol,10
1667,$4004_duty,3
1667,$4004_const,1
1667,$4004_vol,9
1668,$4004_duty,3
1668,$4004_const,1
1668,$4004_vol,8
1669,$4004_duty,3
1669,$4004_const,1
1669,$4004_vol,7
1670,$4012_addr,243
1670,$4013_len,28
1670,$4010_rate,15
1670,$4000_duty,2
1670,$4000_const,1
1670,$4000_vol,5
1670,$4002_period,113
1670,$400B_length,48
1670,$4004_duty,3
1670,$4004_const,1
1670,$4004_vol,6
1670,$4008_linear,127
1670,$400A_period,61
1670,$400B_length,32
1670,$400C_const,1
1670,$400C_vol,10
1671,$4004_duty,3
1671,$4004_const,1
1671,$4004_vol,2
1671,$4008_linear,0
1671,$400C_const,1
1671,$400C_vol,7
1672,$4000_duty,2
1672,$4000_const,1
1672,$4000_vol,0
1672,$400C_const,1
1672,$400C_vol,0
1675,$4004_duty,3
1675,$4004_const,1
1675,$4004_vol,0
1677,$4000_duty,2
1677,$4000_const,1
1677,$4000_vol,5
1677,$4002_period,121
1677,$400B_length,32
1677,$4004_duty,2
1677,$4004_const,1
1677,$4004_vol,13
1677,$4006_period,2427
1677,$4008_linear,127
1677,$400A_period,75
1677,$400B_length,48
1677,$400E_period,2
1677,$400E_mode,0
1677,$400C_const,1
1677,$400C_vol,8
1678,$4004_duty,3
1678,$4004_const,1
1678,$4004_vol,12
1678,$4008_linear,0
1678,$400C_const,1
1678,$400C_vol,5
1679,$4000_duty,2
1679,$4000_const,1
1679,$4000_vol,0
1679,$4004_duty,3
1679,$4004_const,1
1679,$4004_vol,11
1679,$400C_const,1
1679,$400C_vol,0
1680,$4004_duty,3
1680,$4004_const,1
1680,$4004_vol,10
1681,$4004_duty,3
1681,$4004_const,1
1681,$4004_vol,9
1682,$4004_duty,3
1682,$4004_const,1
1682,$4004_vol,8
1683,$4004_duty,3
1683,$4004_const,1
1683,$4004_vol,7
1684,$4012_addr,250
1684,$4013_len,11
1684,$4010_rate,14
1684,$4000_duty,2
1684,$4000_const,1
1684,$4000_vol,5
1684,$4002_period,151
1684,$400B_length,48
1684,$4004_duty,3
1684,$4004_const,1
1684,$4004_vol,6
1684,$4008_linear,127
1684,$400A_period,101
1684,$400B_length,32
1684,$400E_period,1
1684,$400E_mode,0
1684,$400C_const,1
1684,$400C_vol,8
1685,$4004_duty,3
1685,$4004_const,1
1685,$4004_vol,2
1685,$4008_linear,0
1685,$400C_const,1
1685,$400C_vol,5
1686,$4000_duty,2
1686,$4000_const,1
1686,$4000_vol,0
1686,$400C_const,1
1686,$400C_vol,0
1689,$4004_duty,2
1689,$4004_const,1
1689,$4004_vol,15
1689,$4006_period,321
1690,$4006_period,269
1691,$4010_rate,14
1691,$4000_duty,2
1691,$4000_const,1
1691,$4000_vol,5
1691,$4002_period,201
1691,$400B_length,32
1691,$4004_duty,2
1691,$4004_const,1
1691,$4004_vol,6
1691,$4006_period,339
1691,$4008_linear,127
1691,$400A_period,121
1691,$400B_length,48
1691,$400E_period,3
1691,$400E_mode,0
1691,$400C_const,1
1691,$400C_vol,8
1692,$4006_period,427
1692,$4008_linear,0
1692,$400C_const,1
1692,$400C_vol,5
1693,$4000_duty,2
1693,$4000_const,1
1693,$4000_vol,0
1693,$4006_period,509
1693,$400C_const,1
1693,$400C_vol,0
1694,$4006_period,605
1695,$4006_period,719
1696,$4004_duty,3
1696,$4004_const,1
1696,$4004_vol,1
1696,$4006_period,961
1698,$4012_addr,240
1698,$4013_len,11
1698,$4010_rate,15
1698,$4000_duty,2
1698,$4000_const,1
1698,$4000_vol,4
1698,$4002_period,453
1698,$400B_length,48
1698,$4004_duty,2
1698,$4004_const,1
1698,$4004_vol,15
1698,$4006_period,2157
1698,$4008_linear,127
1698,$400A_period,269
1698,$400B_length,32
1698,$400C_const,1
1698,$400C_vol,10
1699,$4000_duty,2
1699,$4000_const,1
1699,$4000_vol,8
1699,$4004_duty,3
1699,$4004_const,1
1699,$4004_vol,14
1699,$400C_const,1
1699,$400C_vol,7
1700,$4000_duty,2
1700,$4000_const,1
1700,$4000_vol,10
1700,$4004_duty,3
1700,$4004_const,1
1700,$4004_vol,13
1700,$400C_const,1
1700,$400C_vol,0
1701,$4000_duty,2
1701,$4000_const,1
1701,$4000_vol,7
1701,$4004_duty,3
1701,$4004_const,1
1701,$4004_vol,12
1702,$4000_duty,2
1702,$4000_const,1
1702,$4000_vol,5
1702,$4004_duty,3
1702,$4004_const,1
1702,$4004_vol,11
1703,$4000_duty,2
1703,$4000_const,1
1703,$4000_vol,0
1703,$4004_duty,3
1703,$4004_const,1
1703,$4004_vol,10
1703,$4008_linear,0
1704,$4004_duty,3
1704,$4004_const,1
1704,$4004_vol,9
1705,$4004_duty,3
1705,$4004_const,1
1705,$4004_vol,8
1705,$400E_period,2
1705,$400E_mode,0
1705,$400C_const,1
1705,$400C_vol,8
1706,$4004_duty,3
1706,$4004_const,1
1706,$4004_vol,4
1706,$400C_const,1
1706,$400C_vol,5
1707,$400C_const,1
1707,$400C_vol,0
1710,$4004_duty,3
1710,$4004_const,1
1710,$4004_vol,0
1712,$4012_addr,250
1712,$4013_len,11
1712,$4010_rate,15
1712,$4000_duty,2
1712,$4000_const,1
1712,$4000_vol,4
1712,$4002_period,453
1712,$400B_length,32
1712,$4004_duty,2
1712,$4004_const,1
1712,$4004_vol,11
1712,$4006_period,1079
1712,$4008_linear,127
1712,$400A_period,269
1712,$400B_length,48
1712,$400E_period,1
1712,$400E_mode,0
1712,$400C_const,1
1712,$400C_vol,8
1713,$4000_duty,2
1713,$4000_const,1
1713,$4000_vol,8
1713,$4004_duty,3
1713,$4004_const,1
1713,$4004_vol,10
1713,$400C_const,1
1713,$400C_vol,5
1714,$4000_duty,2
1714,$4000_const,1
1714,$4000_vol,10
1714,$4004_duty,3
1714,$4004_const,1
1714,$4004_vol,9
1714,$400C_const,1
1714,$400C_vol,0
1715,$4000_duty,2
1715,$4000_const,1
1715,$4000_vol,7
1715,$4004_duty,3
1715,$4004_const,1
1715,$4004_vol,0
1716,$4000_duty,2
1716,$4000_const,1
1716,$4000_vol,5
1719,$4012_addr,240
1719,$4013_len,11
1719,$4010_rate,15
1719,$4004_duty,2
1719,$4004_const,1
1719,$4004_vol,13
1719,$4006_period,3237
1719,$400E_period,3
1719,$400E_mode,0
1719,$400C_const,1
1719,$400C_vol,8
1720,$4004_duty,3
1720,$4004_const,1
1720,$4004_vol,12
1720,$400C_const,1
1720,$400C_vol,5
1721,$4000_duty,2
1721,$4000_const,1
1721,$4000_vol,6
1721,$4004_duty,3
1721,$4004_const,1
1721,$4004_vol,11
1721,$400C_const,1
1721,$400C_vol,0
1722,$4004_duty,3
1722,$4004_const,1
1722,$4004_vol,10
1723,$4004_duty,1
1723,$4004_const,1
1723,$4004_vol,11
1723,$4006_period,907
1725,$4004_duty,1
1725,$4004_const,1
1725,$4004_vol,10
1725,$4006_period,961
1726,$4010_rate,15
1726,$4000_duty,2
1726,$4000_const,1
1726,$4000_vol,7
1726,$4004_duty,1
1726,$4004_const,1
1726,$4004_vol,7
1726,$4006_period,641
1726,$400C_const,1
1726,$400C_vol,10
1727,$4004_duty,1
1727,$4004_const,1
1727,$4004_vol,6
1727,$4006_period,605
1727,$400C_const,1
1727,$400C_vol,7
1728,$4004_duty,1
1728,$4004_const,1
1728,$4004_vol,5
1728,$4006_period,571
1728,$400C_const,1
1728,$400C_vol,0
1729,$4004_duty,1
1729,$4004_const,1
1729,$4004_vol,4
1729,$4006_period,509
1730,$4004_duty,3
1730,$4004_const,1
1730,$4004_vol,2
1730,$4006_period,3237
1731,$4000_duty,2
1731,$4000_const,1
1731,$4000_vol,0
1731,$4004_duty,3
1731,$4004_const,1
1731,$4004_vol,0
1731,$4008_linear,0
1733,$4000_duty,2
1733,$4000_const,1
1733,$4000_vol,4
1733,$4002_period,453
1733,$400B_length,48
1733,$4004_duty,2
1733,$4004_const,1
1733,$4004_vol,13
1733,$4006_period,3237
1733,$4008_linear,127
1733,$400A_period,269
1733,$400B_length,32
1733,$400E_period,2
1733,$400E_mode,0
1733,$400C_const,1
1733,$400C_vol,8
1734,$4000_duty,2
1734,$4000_const,1
1734,$4000_vol,8
1734,$4004_duty,3
1734,$4004_const,1
1734,$4004_vol,12
1734,$400C_const,1
1734,$400C_vol,5
1735,$4000_duty,2
1735,$4000_const,1
1735,$4000_vol,10
1735,$4004_duty,3
1735,$4004_const,1
1735,$4004_vol,11
1735,$400C_const,1
1735,$400C_vol,0
1736,$4000_duty,2
1736,$4000_const,1
1736,$4000_vol,7
1736,$4004_duty,3
1736,$4004_const,1
1736,$4004_vol,10
1737,$4000_duty,2
1737,$4000_const,1
1737,$4000_vol,5
1737,$4004_duty,3
1737,$4004_const,1
1737,$4004_vol,9
1738,$4000_duty,2
1738,$4000_const,1
1738,$4000_vol,0
1738,$4004_duty,3
1738,$4004_const,1
1738,$4004_vol,8
1738,$4008_linear,0
1739,$4004_duty,3
1739,$4004_const,1
1739,$4004_vol,7
1740,$4012_addr,250
1740,$4013_len,11
1740,$4010_rate,14
1740,$4000_duty,2
1740,$4000_const,1
1740,$4000_vol,4
1740,$4002_period,403
1740,$400B_length,32
1740,$4004_duty,3
1740,$4004_const,1
1740,$4004_vol,6
1740,$4008_linear,127
1740,$400A_period,255
1740,$400B_length,48
1740,$400E_period,1
1740,$400E_mode,0
1740,$400C_const,1
1740,$400C_vol,8
1741,$4000_duty,2
1741,$4000_const,1
1741,$4000_vol,8
1741,$4004_duty,3
1741,$4004_const,1
1741,$4004_vol,2
1741,$400C_const,1
1741,$400C_vol,5
1742,$4000_duty,2
1742,$4000_const,1
1742,$4000_vol,10
1742,$400C_const,1
1742,$400C_vol,0
1743,$4000_duty,2
1743,$4000_const,1
1743,$4000_vol,7
1744,$4000_duty,2
1744,$4000_const,1
1744,$4000_vol,5
1745,$4000_duty,2
1745,$4000_const,1
1745,$4000_vol,0
1745,$4004_duty,3
1745,$4004_const,1
1745,$4004_vol,0
1745,$4008_linear,0
1747,$4010_rate,14
1747,$4000_duty,2
1747,$4000_const,1
1747,$4000_vol,4
1747,$4002_period,381
1747,$400B_length,48
1747,$4004_duty,2
1747,$4004_const,1
1747,$4004_vol,12
1747,$4006_period,1619
1747,$4008_linear,127
1747,$400A_period,241
1747,$400B_length,32
1747,$400E_period,3
1747,$400E_mode,0
1747,$400C_const,1
1747,$400C_vol,8
1748,$4000_duty,2
1748,$4000_const,1
1748,$4000_vol,8
1748,$4004_duty,3
1748,$4004_const,1
1748,$4004_vol,11
1748,$400C_const,1
1748,$400C_vol,5
1749,$4000_duty,2
1749,$4000_const,1
1749,$4000_vol,10
1749,$4004_duty,3
1749,$4004_const,1
1749,$4004_vol,10
1749,$400C_const,1
1749,$400C_vol,0
1750,$4000_duty,2
1750,$4000_const,1
1750,$4000_vol,7
1750,$4004_duty,3
1750,$4004_const,1
1750,$4004_vol,1
1751,$4000_duty,2
1751,$4000_const,1
1751,$4000_vol,5
1752,$4000_duty,2
1752,$4000_const,1
1752,$4000_vol,0
1752,$4008_linear,0
1754,$4012_addr,240
1754,$4013_len,11
1754,$4010_rate,15
1754,$4000_duty,2
1754,$4000_const,1
1754,$4000_vol,4
1754,$4002_period,359
1754,$400B_length,32
1754,$4004_duty,2
1754,$4004_const,1
1754,$4004_vol,15
1754,$4006_period,2157
1754,$4008_linear,127
1754,$400A_period,227
1754,$400B_length,48
1754,$400C_const,1
1754,$400C_vol,10
1755,$4000_duty,2
1755,$4000_const,1
1755,$4000_vol,8
1755,$4004_duty,3
1755,$4004_const,1
1755,$4004_vol,14
1755,$400C_const,1
1755,$400C_vol,7
1756,$4000_duty,2
1756,$4000_const,1
1756,$4000_vol,10
1756,$4004_duty,3
1756,$4004_const,1
1756,$4004_vol,13
1756,$400C_const,1
1756,$400C_vol,0
1757,$4000_duty,2
1757,$4000_const,1
1757,$4000_vol,7
1757,$4004_duty,3
1757,$4004_const,1
1757,$4004_vol,12
1758,$4000_duty,2
1758,$4000_const,1
1758,$4000_vol,5
1758,$4004_duty,3
1758,$4004_const,1
1758,$4004_vol,11
1759,$4000_duty,2
1759,$4000_const,1
1759,$4000_vol,0
1759,$4004_duty,3
1759,$4004_const,1
1759,$4004_vol,10
1759,$4008_linear,0
1760,$4004_duty,3
1760,$4004_const,1
1760,$4004_vol,9
1761,$4000_duty,2
1761,$4000_const,1
1761,$4000_vol,4
1761,$4002_period,453
1761,$400B_length,48
1761,$4004_duty,3
1761,$4004_const,1
1761,$4004_vol,8
1761,$4008_linear,127
1761,$400A_period,269
1761,$400B_length,32
1761,$400E_period,2
1761,$400E_mode,0
1761,$400C_const,1
1761,$400C_vol,8
1762,$4000_duty,2
1762,$4000_const,1
1762,$4000_vol,8
1762,$4004_duty,3
1762,$4004_const,1
1762,$4004_vol,4
1762,$400C_const,1
1762,$400C_vol,5
1763,$4000_duty,2
1763,$4000_const,1
1763,$4000_vol,10
1763,$400C_const,1
1763,$400C_vol,0
1764,$4000_duty,2
1764,$4000_const,1
1764,$4000_vol,7
1765,$4000_duty,2
1765,$4000_const,1
1765,$4000_vol,5
1766,$4000_duty,2
1766,$4000_const,1
1766,$4000_vol,0
1766,$4004_duty,3
1766,$4004_const,1
1766,$4004_vol,0
1766,$4008_linear,0
1768,$4012_addr,250
1768,$4013_len,11
1768,$4010_rate,15
1768,$4004_duty,2
1768,$4004_const,1
1768,$4004_vol,11
1768,$4006_period,1079
1768,$400E_period,1
1768,$400E_mode,0
1768,$400C_const,1
1768,$400C_vol,8
1769,$4004_duty,3
1769,$4004_const,1
1769,$4004_vol,10
1769,$400C_const,1
1769,$400C_vol,5
1770,$4004_duty,3
1770,$4004_const,1
1770,$4004_vol,9
1770,$400C_const,1
1770,$400C_vol,0
1771,$4004_duty,3
1771,$4004_const,1
1771,$4004_vol,0
1775,$4012_addr,240
1775,$4013_len,11
1775,$4010_rate,15
1775,$4000_duty,2
1775,$4000_const,1
1775,$4000_vol,4
1775,$4002_period,359
1775,$400B_length,32
1775,$4004_duty,2
1775,$4004_const,1
1775,$4004_vol,13
1775,$4006_period,3237
1775,$4008_linear,127
1775,$400A_period,227
1775,$400B_length,48
1775,$400E_period,3
1775,$400E_mode,0
1775,$400C_const,1
1775,$400C_vol,8
1776,$4000_duty,2
1776,$4000_const,1
1776,$4000_vol,8
1776,$4004_duty,3
1776,$4004_const,1
1776,$4004_vol,12
1776,$400C_const,1
1776,$400C_vol,5
1777,$4000_duty,2
1777,$4000_const,1
1777,$4000_vol,10
1777,$4004_duty,3
1777,$4004_const,1
1777,$4004_vol,11
1777,$400C_const,1
1777,$400C_vol,0
1778,$4000_duty,2
1778,$4000_const,1
1778,$4000_vol,7
1778,$4004_duty,3
1778,$4004_const,1
1778,$4004_vol,10
1779,$4000_duty,2
1779,$4000_const,1
1779,$4000_vol,5
1779,$4004_duty,3
1779,$4004_const,1
1779,$4004_vol,9
1780,$4000_duty,2
1780,$4000_const,1
1780,$4000_vol,0
1780,$4004_duty,3
1780,$4004_const,1
1780,$4004_vol,8
1780,$4008_linear,0
1781,$4004_duty,3
1781,$4004_const,1
1781,$4004_vol,7
1782,$4012_addr,243
1782,$4013_len,28
1782,$4010_rate,15
1782,$4000_duty,2
1782,$4000_const,1
1782,$4000_vol,4
1782,$4002_period,269
1782,$400B_length,48
1782,$4004_duty,3
1782,$4004_const,1
1782,$4004_vol,6
1782,$4008_linear,127
1782,$400A_period,179
1782,$400B_length,32
1782,$400C_const,1
1782,$400C_vol,10
1783,$4000_duty,2
1783,$4000_const,1
1783,$4000_vol,8
1783,$4004_duty,3
1783,$4004_const,1
1783,$4004_vol,2
1783,$400C_const,1
1783,$400C_vol,7
1784,$4000_duty,2
1784,$4000_const,1
1784,$4000_vol,10
1784,$4004_duty,2
1784,$4004_const,1
1784,$4004_vol,6
1784,$4006_period,197
1784,$400C_const,1
1784,$400C_vol,0
1785,$4000_duty,2
1785,$4000_const,1
1785,$4000_vol,7
1785,$4004_duty,2
1785,$4004_const,1
1785,$4004_vol,9
1786,$4000_duty,2
1786,$4000_const,1
1786,$4000_vol,5
1786,$4004_duty,2
1786,$4004_const,1
1786,$4004_vol,12
1787,$4000_duty,2
1787,$4000_const,1
1787,$4000_vol,0
1787,$4004_duty,2
1787,$4004_const,1
1787,$4004_vol,9
1787,$4008_linear,0
1788,$4004_duty,2
1788,$4004_const,1
1788,$4004_vol,4
1789,$4000_duty,2
1789,$4000_const,1
1789,$4000_vol,4
1789,$4002_period,359
1789,$400B_length,32
1789,$4004_duty,2
1789,$4004_const,1
1789,$4004_vol,13
1789,$4006_period,3237
1789,$4008_linear,127
1789,$400A_period,227
1789,$400B_length,48
1789,$400E_period,2
1789,$400E_mode,0
1789,$400C_const,1
1789,$400C_vol,8
1790,$4000_duty,2
1790,$4000_const,1
1790,$4000_vol,8
1790,$4004_duty,3
1790,$4004_const,1
1790,$4004_vol,12
1790,$400C_const,1
1790,$400C_vol,5
1791,$4000_duty,2
1791,$4000_const,1
1791,$4000_vol,10
1791,$4004_duty,3
1791,$4004_const,1
1791,$4004_vol,11
1791,$400C_const,1
1791,$400C_vol,0
1792,$4000_duty,2
1792,$4000_const,1
1792,$4000_vol,7
1792,$4004_duty,3
1792,$4004_const,1
1792,$4004_vol,10
1793,$4000_duty,2
1793,$4000_const,1
1793,$4000_vol,5
1793,$4004_duty,3
1793,$4004_const,1
1793,$4004_vol,9
1794,$4000_duty,2
1794,$4000_const,1
1794,$4000_vol,0
1794,$4004_duty,3
1794,$4004_const,1
1794,$4004_vol,8
1794,$4008_linear,0
1795,$4004_duty,3
1795,$4004_const,1
1795,$4004_vol,7
1796,$4012_addr,250
1796,$4013_len,11
1796,$4010_rate,14
1796,$4000_duty,2
1796,$4000_const,1
1796,$4000_vol,4
1796,$4002_period,453
1796,$400B_length,48
1796,$4004_duty,3
1796,$4004_const,1
1796,$4004_vol,6
1796,$4008_linear,127
1796,$400A_period,269
1796,$400B_length,32
1796,$400E_period,1
1796,$400E_mode,0
1796,$400C_const,1
1796,$400C_vol,8
1797,$4000_duty,2
1797,$4000_const,1
1797,$4000_vol,8
1797,$4004_duty,3
1797,$4004_const,1
1797,$4004_vol,2
1797,$400C_const,1
1797,$400C_vol,5
1798,$4000_duty,2
1798,$4000_const,1
1798,$4000_vol,10
1798,$400C_const,1
1798,$400C_vol,0
1799,$4000_duty,2
1799,$4000_const,1
1799,$4000_vol,7
1800,$4000_duty,2
1800,$4000_const,1
1800,$4000_vol,5
1801,$4000_duty,2
1801,$4000_const,1
1801,$4000_vol,0
1801,$4004_duty,3
1801,$4004_const,1
1801,$4004_vol,0
1801,$4008_linear,0
1803,$4010_rate,14
1803,$4000_duty,2
1803,$4000_const,1
1803,$4000_vol,4
1803,$4002_period,539
1803,$400B_length,33
1803,$4004_duty,2
1803,$4004_const,1
1803,$4004_vol,12
1803,$4006_period,1619
1803,$4008_linear,127
1803,$400A_period,321
1803,$400B_length,48
1803,$400E_period,3
1803,$400E_mode,0
1803,$400C_const,1
1803,$400C_vol,8
1804,$4000_duty,2
1804,$4000_const,1
1804,$4000_vol,8
1804,$4004_duty,3
1804,$4004_const,1
1804,$4004_vol,11
1804,$400C_const,1
1804,$400C_vol,5
1805,$4000_duty,2
1805,$4000_const,1
1805,$4000_vol,10
1805,$4004_duty,3
1805,$4004_const,1
1805,$4004_vol,10
1805,$400C_const,1
1805,$400C_vol,0
1806,$4000_duty,2
1806,$4000_const,1
1806,$4000_vol,7
1806,$4004_duty,3
1806,$4004_const,1
1806,$4004_vol,1
1807,$4000_duty,2
1807,$4000_const,1
1807,$4000_vol,5
1808,$4000_duty,2
1808,$4000_const,1
1808,$4000_vol,0
1808,$4008_linear,0
1810,$4012_addr,243
1810,$4013_len,28
1810,$4010_rate,15
1810,$4000_duty,2
1810,$4000_const,1
1810,$4000_vol,4
1810,$4002_period,403
1810,$400B_length,48
1810,$4004_duty,2
1810,$4004_const,1
1810,$4004_vol,15
1810,$4006_period,3237
1810,$4008_linear,127
1810,$400A_period,403
1810,$400B_length,32
1810,$400C_const,1
1810,$400C_vol,10
1811,$4000_duty,2
1811,$4000_const,1
1811,$4000_vol,8
1811,$4004_duty,3
1811,$4004_const,1
1811,$4004_vol,14
1811,$400C_const,1
1811,$400C_vol,7
1812,$4000_duty,2
1812,$4000_const,1
1812,$4000_vol,10
1812,$4004_duty,3
1812,$4004_const,1
1812,$4004_vol,13
1812,$400C_const,1
1812,$400C_vol,0
1813,$4000_duty,2
1813,$4000_const,1
1813,$4000_vol,7
1813,$4004_duty,3
1813,$4004_const,1
1813,$4004_vol,12
1814,$4000_duty,2
1814,$4000_const,1
1814,$4000_vol,5
1814,$4004_duty,3
1814,$4004_const,1
1814,$4004_vol,11
1815,$4000_duty,2
1815,$4000_const,1
1815,$4000_vol,0
1815,$4004_duty,3
1815,$4004_const,1
1815,$4004_vol,4
1815,$4008_linear,0
1817,$4000_duty,2
1817,$4000_const,1
1817,$4000_vol,4
1817,$4002_period,359
1817,$400B_length,32
1817,$4004_duty,2
1817,$4004_const,1
1817,$4004_vol,15
1817,$4006_period,2881
1817,$4008_linear,127
1817,$400A_period,359
1817,$400B_length,48
1817,$400E_period,2
1817,$400E_mode,0
1817,$400C_const,1
1817,$400C_vol,8
1818,$4000_duty,2
1818,$4000_const,1
1818,$4000_vol,8
1818,$4004_duty,3
1818,$4004_const,1
1818,$4004_vol,14
1818,$400C_const,1
1818,$400C_vol,5
1819,$4000_duty,2
1819,$4000_const,1
1819,$4000_vol,10
1819,$4004_duty,3
1819,$4004_const,1
1819,$4004_vol,13
1819,$400C_const,1
1819,$400C_vol,0
1820,$4000_duty,2
1820,$4000_const,1
1820,$4000_vol,7
1820,$4004_duty,3
1820,$4004_const,1
1820,$4004_vol,12
1821,$4000_duty,2
1821,$4000_const,1
1821,$4000_vol,5
1821,$4004_duty,3
1821,$4004_const,1
1821,$4004_vol,11
1822,$4000_duty,2
1822,$4000_const,1
1822,$4000_vol,0
1822,$4004_duty,3
1822,$4004_const,1
1822,$4004_vol,4
1822,$4008_linear,0
1824,$400E_period,1
1824,$400E_mode,0
1824,$400C_const,1
1824,$400C_vol,8
1825,$400C_const,1
1825,$400C_vol,5
1826,$4004_duty,3
1826,$4004_const,1
1826,$4004_vol,0
1826,$400C_const,1
1826,$400C_vol,0
1831,$4012_addr,240
1831,$4013_len,11
1831,$4010_rate,15
1831,$4000_duty,2
1831,$4000_const,1
1831,$4000_vol,4
1831,$4002_period,339
1831,$400B_length,48
1831,$4004_duty,2
1831,$4004_const,1
1831,$4004_vol,15
1831,$4006_period,2717
1831,$4008_linear,127
1831,$400A_period,339
1831,$400B_length,32
1831,$400E_period,3
1831,$400E_mode,0
1831,$400C_const,1
1831,$400C_vol,8
1832,$4000_duty,2
1832,$4000_const,1
1832,$4000_vol,8
1832,$4004_duty,3
1832,$4004_const,1
1832,$4004_vol,14
1832,$400C_const,1
1832,$400C_vol,5
1833,$4000_duty,2
1833,$4000_const,1
1833,$4000_vol,10
1833,$4004_duty,3
1833,$4004_const,1
1833,$4004_vol,13
1833,$400C_const,1
1833,$400C_vol,0
1834,$4000_duty,2
1834,$4000_const,1
1834,$4000_vol,7
1834,$4004_duty,3
1834,$4004_const,1
1834,$4004_vol,12
1835,$4000_duty,2
1835,$4000_const,1
1835,$4000_vol,5
1835,$4004_duty,3
1835,$4004_const,1
1835,$4004_vol,11
1836,$4000_duty,2
1836,$4000_const,1
1836,$4000_vol,0
1836,$4004_duty,3
1836,$4004_const,1
1836,$4004_vol,4
1836,$4008_linear,0
1838,$4012_addr,243
1838,$4013_len,28
1838,$4010_rate,15
1838,$4000_duty,2
1838,$4000_const,1
1838,$4000_vol,4
1838,$4002_period,321
1838,$400B_length,32
1838,$4004_duty,2
1838,$4004_const,1
1838,$4004_vol,15
1838,$4006_period,2571
1838,$4008_linear,127
1838,$400A_period,321
1838,$400B_length,48
1838,$400C_const,1
1838,$400C_vol,10
1839,$4000_duty,2
1839,$4000_const,1
1839,$4000_vol,8
1839,$4004_duty,3
1839,$4004_const,1
1839,$4004_vol,14
1839,$400C_const,1
1839,$400C_vol,7
1840,$4000_duty,2
1840,$4000_const,1
1840,$4000_vol,10
1840,$4004_duty,3
1840,$4004_const,1
1840,$4004_vol,13
1840,$400C_const,1
1840,$400C_vol,0
1841,$4000_duty,2
1841,$4000_const,1
1841,$4000_vol,7
1841,$4004_duty,3
1841,$4004_const,1
1841,$4004_vol,12
1842,$4000_duty,2
1842,$4000_const,1
1842,$4000_vol,5
1842,$4004_duty,3
1842,$4004_const,1
1842,$4004_vol,11
1843,$4000_duty,2
1843,$4000_const,1
1843,$4000_vol,0
1843,$4004_duty,3
1843,$4004_const,1
1843,$4004_vol,4
1843,$4008_linear,0
1845,$4010_rate,15
1845,$4000_duty,2
1845,$4000_const,1
1845,$4000_vol,4
1845,$4002_period,359
1845,$400B_length,48
1845,$4004_duty,2
1845,$4004_const,1
1845,$4004_vol,15
1845,$4006_period,2881
1845,$4008_linear,127
1845,$400A_period,359
1845,$400B_length,32
1845,$400E_period,2
1845,$400E_mode,0
1845,$400C_const,1
1845,$400C_vol,8
1846,$4000_duty,2
1846,$4000_const,1
1846,$4000_vol,8
1846,$4004_duty,3
1846,$4004_const,1
1846,$4004_vol,14
1846,$400C_const,1
1846,$400C_vol,5
1847,$4000_duty,2
1847,$4000_const,1
1847,$4000_vol,10
1847,$4004_duty,3
1847,$4004_const,1
1847,$4004_vol,13
1847,$400C_const,1
1847,$400C_vol,0
1848,$4000_duty,2
1848,$4000_const,1
1848,$4000_vol,7
1848,$4004_duty,3
1848,$4004_const,1
1848,$4004_vol,12
1849,$4000_duty,2
1849,$4000_const,1
1849,$4000_vol,5
1849,$4004_duty,3
1849,$4004_const,1
1849,$4004_vol,11
1850,$4000_duty,2
1850,$4000_const,1
1850,$4000_vol,0
1850,$4004_duty,3
1850,$4004_const,1
1850,$4004_vol,4
1850,$4008_linear,0
1852,$400E_period,1
1852,$400E_mode,0
1852,$400C_const,1
1852,$400C_vol,8
1853,$400C_const,1
1853,$400C_vol,5
1854,$4004_duty,2
1854,$4004_const,1
1854,$4004_vol,14
1854,$4006_period,855
1854,$400C_const,1
1854,$400C_vol,0
1855,$4004_duty,2
1855,$4004_const,1
1855,$4004_vol,4
1855,$4006_period,907
1856,$4004_duty,2
1856,$4004_const,1
1856,$4004_vol,1
1856,$4006_period,907
1858,$4004_duty,2
1858,$4004_const,1
1858,$4004_vol,9
1858,$4006_period,213
1859,$4012_addr,240
1859,$4013_len,11
1859,$4010_rate,15
1859,$4000_duty,2
1859,$4000_const,1
1859,$4000_vol,4
1859,$4002_period,381
1859,$400B_length,32
1859,$4004_duty,2
1859,$4004_const,1
1859,$4004_vol,5
1859,$4006_period,201
1859,$4008_linear,127
1859,$400A_period,381
1859,$400B_length,48
1859,$400E_period,3
1859,$400E_mode,0
1859,$400C_const,1
1859,$400C_vol,8
1860,$4000_duty,2
1860,$4000_const,1
1860,$4000_vol,8
1860,$4006_period,191
1860,$400C_const,1
1860,$400C_vol,5
1861,$4000_duty,2
1861,$4000_const,1
1861,$4000_vol,10
1861,$4004_duty,3
1861,$4004_const,1
1861,$4004_vol,13
1861,$4006_period,3049
1861,$400E_period,11
1861,$400E_mode,0
1861,$400C_const,1
1861,$400C_vol,15
1862,$4000_duty,2
1862,$4000_const,1
1862,$4000_vol,7
1862,$4004_duty,3
1862,$4004_const,1
1862,$4004_vol,12
1862,$400E_period,3
1862,$400E_mode,0
1862,$400C_const,1
1862,$400C_vol,0
1863,$4000_duty,2
1863,$4000_const,1
1863,$4000_vol,5
1863,$4004_duty,3
1863,$4004_const,1
1863,$4004_vol,11
1864,$4000_duty,2
1864,$4000_const,1
1864,$4000_vol,0
1864,$4004_duty,3
1864,$4004_const,1
1864,$4004_vol,4
1864,$4008_linear,0
1866,$4012_addr,243
1866,$4013_len,28
1866,$4010_rate,15
1866,$4000_duty,2
1866,$4000_const,1
1866,$4000_vol,4
1866,$4002_period,403
1866,$400B_length,48
1866,$4004_duty,2
1866,$4004_const,1
1866,$4004_vol,15
1866,$4006_period,3237
1866,$4008_linear,127
1866,$400A_period,403
1866,$400B_length,32
1866,$400E_period,2
1866,$400E_mode,0
1866,$400C_const,1
1866,$400C_vol,14
1867,$4000_duty,2
1867,$4000_const,1
1867,$4000_vol,8
1867,$4004_duty,3
1867,$4004_const,1
1867,$4004_vol,14
1867,$400C_const,1
1867,$400C_vol,11
1868,$4000_duty,2
1868,$4000_const,1
1868,$4000_vol,10
1868,$4004_duty,3
1868,$4004_const,1
1868,$4004_vol,13
1868,$400C_const,1
1868,$400C_vol,3
1869,$4000_duty,2
1869,$4000_const,1
1869,$4000_vol,7
1869,$4004_duty,3
1869,$4004_const,1
1869,$4004_vol,12
1870,$4000_duty,2
1870,$4000_const,1
1870,$4000_vol,5
1870,$4004_duty,3
1870,$4004_const,1
1870,$4004_vol,11
1871,$4000_duty,2
1871,$4000_const,1
1871,$4000_vol,0
1871,$4004_duty,3
1871,$4004_const,1
1871,$4004_vol,4
1871,$4008_linear,0
1873,$400E_period,1
1873,$400E_mode,0
1873,$400C_const,1
1873,$400C_vol,2
1874,$400C_const,1
1874,$400C_vol,0
1875,$4004_duty,1
1875,$4004_const,1
1875,$4004_vol,11
1875,$4006_period,907
1877,$4004_duty,1
1877,$4004_const,1
1877,$4004_vol,10
1877,$4006_period,961
1878,$4004_duty,1
1878,$4004_const,1
1878,$4004_vol,7
1878,$4006_period,641
1879,$4004_duty,1
1879,$4004_const,1
1879,$4004_vol,6
1879,$4006_period,605
1880,$4012_addr,253
1880,$4013_len,10
1880,$4010_rate,15
1880,$4000_duty,0
1880,$4000_const,1
1880,$4000_vol,15
1880,$4002_period,3237
1880,$400B_length,38
1880,$4004_duty,1
1880,$4004_const,1
1880,$4004_vol,5
1880,$4006_period,571
1880,$4008_linear,127
1880,$400A_period,807
1880,$400B_length,49
1880,$400C_const,1
1880,$400C_vol,4
1881,$4004_duty,1
1881,$4004_const,1
1881,$4004_vol,4
1881,$4006_period,509
1881,$400C_const,1
1881,$400C_vol,1
1882,$4000_duty,0
1882,$4000_const,1
1882,$4000_vol,13
1882,$4004_duty,3
1882,$4004_const,1
1882,$4004_vol,13
1882,$4006_period,3237
1882,$400C_const,1
1882,$400C_vol,0
1883,$4000_duty,0
1883,$4000_const,1
1883,$4000_vol,4
1883,$4004_duty,3
1883,$4004_const,1
1883,$4004_vol,12
1884,$4004_duty,3
1884,$4004_const,1
1884,$4004_vol,11
1885,$4004_duty,3
1885,$4004_const,1
1885,$4004_vol,4
1885,$4008_linear,0
1887,$4010_rate,15
1887,$4000_duty,0
1887,$4000_const,1
1887,$4000_vol,15
1887,$4002_period,3237
1887,$400B_length,54
1887,$4004_duty,2
1887,$4004_const,1
1887,$4004_vol,15
1887,$4006_period,3237
1887,$4008_linear,127
1887,$400A_period,807
1887,$400B_length,33
1887,$400E_period,2
1887,$400E_mode,0
1887,$400C_const,1
1887,$400C_vol,14
1888,$4004_duty,3
1888,$4004_const,1
1888,$4004_vol,14
1888,$400C_const,1
1888,$400C_vol,11
1889,$4000_duty,0
1889,$4000_const,1
1889,$4000_vol,13
1889,$4004_duty,3
1889,$4004_const,1
1889,$4004_vol,13
1889,$400C_const,1
1889,$400C_vol,3
1890,$4000_duty,0
1890,$4000_const,1
1890,$4000_vol,4
1890,$4004_duty,3
1890,$4004_const,1
1890,$4004_vol,12
1891,$4004_duty,3
1891,$4004_const,1
1891,$4004_vol,11
1892,$4004_duty,3
1892,$4004_const,1
1892,$4004_vol,4
1892,$4008_linear,0
1894,$4012_addr,250
1894,$4013_len,11
1894,$4010_rate,15
1894,$400E_period,1
1894,$400E_mode,0
1894,$400C_const,1
1894,$400C_vol,2
1895,$400C_const,1
1895,$400C_vol,0
1896,$4004_duty,3
1896,$4004_const,1
1896,$4004_vol,0
1898,$4000_duty,0
1898,$4000_const,1
1898,$4000_vol,0
1901,$400C_const,1
1901,$400C_vol,4
1902,$400C_const,1
1902,$400C_vol,1
1903,$400C_const,1
1903,$400C_vol,0
1908,$4010_rate,14
1908,$4000_duty,0
1908,$4000_const,1
1908,$4000_vol,5
1908,$4002_period,3237
1908,$400B_length,38
1908,$4004_duty,2
1908,$4004_const,1
1908,$4004_vol,10
1908,$4006_period,1619
1908,$400E_period,4
1908,$400E_mode,0
1908,$400C_const,1
1908,$400C_vol,11
1909,$4004_duty,3
1909,$4004_const,1
1909,$4004_vol,9
1909,$400C_const,1
1909,$400C_vol,10
1910,$4000_duty,0
1910,$4000_const,1
1910,$4000_vol,3
1910,$4004_duty,3
1910,$4004_const,1
1910,$4004_vol,8
1910,$400C_const,1
1910,$400C_vol,0
1911,$4004_duty,3
1911,$4004_const,1
1911,$4004_vol,7
1912,$4010_rate,14
1912,$4004_duty,3
1912,$4004_const,1
1912,$4004_vol,6
1912,$400C_const,1
1912,$400C_vol,0
1913,$4004_duty,3
1913,$4004_const,1
1913,$4004_vol,5
1914,$4004_duty,3
1914,$4004_const,1
1914,$4004_vol,4
1915,$4000_duty,0
1915,$4000_const,1
1915,$4000_vol,0
1915,$4004_duty,3
1915,$4004_const,1
1915,$4004_vol,3
1915,$400E_period,1
1915,$400E_mode,0
1915,$400C_const,1
1915,$400C_vol,11
1916,$4010_rate,14
1916,$400C_const,1
1916,$400C_vol,8
1917,$4004_duty,3
1917,$4004_const,1
1917,$4004_vol,2
1917,$400C_const,1
1917,$400C_vol,0
1919,$4004_duty,3
1919,$4004_const,1
1919,$4004_vol,0
1922,$4012_addr,240
1922,$4013_len,11
1922,$4010_rate,15
1922,$4000_duty,3
1922,$4000_const,1
1922,$4000_vol,11
1922,$4002_period,481
1922,$400B_length,48
1922,$4004_duty,2
1922,$4004_const,1
1922,$4004_vol,15
1922,$4006_period,2427
1922,$4008_linear,127
1922,$400A_period,121
1922,$400B_length,48
1922,$400E_period,3
1922,$400E_mode,0
1922,$400C_const,1
1922,$400C_vol,10
1923,$4004_duty,3
1923,$4004_const,1
1923,$4004_vol,14
1923,$4008_linear,0
1923,$400C_const,1
1923,$400C_vol,7
1924,$4004_duty,3
1924,$4004_const,1
1924,$4004_vol,13
1924,$400C_const,1
1924,$400C_vol,0
1925,$4000_duty,3
1925,$4000_const,1
1925,$4000_vol,8
1925,$4004_duty,3
1925,$4004_const,1
1925,$4004_vol,12
1926,$4000_duty,3
1926,$4000_const,1
1926,$4000_vol,6
1926,$4004_duty,3
1926,$4004_const,1
1926,$4004_vol,11
1927,$4000_duty,3
1927,$4000_const,1
1927,$4000_vol,0
1927,$4004_duty,3
1927,$4004_const,1
1927,$4004_vol,10
1928,$4004_duty,3
1928,$4004_const,1
1928,$4004_vol,9
1929,$4004_duty,3
1929,$4004_const,1
1929,$4004_vol,8
1929,$4008_linear,127
1929,$400A_period,151
1929,$400B_length,32
1929,$400E_period,2
1929,$400E_mode,0
1929,$400C_const,1
1929,$400C_vol,8
1930,$4008_linear,0
1930,$400C_const,1
1930,$400C_vol,5
1931,$4004_duty,3
1931,$4004_const,1
1931,$4004_vol,7
1931,$400C_const,1
1931,$400C_vol,0
1932,$4004_duty,3
1932,$4004_const,1
1932,$4004_vol,4
1936,$4012_addr,250
1936,$4013_len,11
1936,$4010_rate,15
1936,$4000_duty,3
1936,$4000_const,1
1936,$4000_vol,9
1936,$4002_period,481
1936,$400B_length,32
1936,$4004_duty,2
1936,$4004_const,1
1936,$4004_vol,10
1936,$4006_period,1211
1936,$4008_linear,127
1936,$400A_period,75
1936,$400B_length,48
1936,$400E_period,1
1936,$400E_mode,0
1936,$400C_const,1
1936,$400C_vol,8
1937,$4004_duty,3
1937,$4004_const,1
1937,$4004_vol,9
1937,$4008_linear,0
1937,$400C_const,1
1937,$400C_vol,5
1938,$4004_duty,3
1938,$4004_const,1
1938,$4004_vol,8
1938,$400C_const,1
1938,$400C_vol,0
1939,$4000_duty,3
1939,$4000_const,1
1939,$4000_vol,0
1939,$4004_duty,3
1939,$4004_const,1
1939,$4004_vol,7
1940,$4004_duty,3
1940,$4004_const,1
1940,$4004_vol,0
1941,$4000_duty,3
1941,$4000_const,1
1941,$4000_vol,7
1941,$4002_period,481
1941,$400B_length,48
1943,$4004_duty,2
1943,$4004_const,1
1943,$4004_vol,12
1943,$4006_period,3237
1943,$4008_linear,127
1943,$400A_period,151
1943,$400B_length,32
1943,$400E_period,3
1943,$400E_mode,0
1943,$400C_const,1
1943,$400C_vol,8
1944,$4000_duty,3
1944,$4000_const,1
1944,$4000_vol,0
1944,$4004_duty,3
1944,$4004_const,1
1944,$4004_vol,11
1944,$4008_linear,0
1944,$400C_const,1
1944,$400C_vol,5
1945,$4004_duty,3
1945,$4004_const,1
1945,$4004_vol,10
1945,$400C_const,1
1945,$400C_vol,0
1946,$4000_duty,3
1946,$4000_const,1
1946,$4000_vol,5
1946,$4002_period,481
1946,$400B_length,32
1946,$4004_duty,3
1946,$4004_const,1
1946,$4004_vol,9
1947,$4004_duty,3
1947,$4004_const,1
1947,$4004_vol,8
1948,$4004_duty,3
1948,$4004_const,1
1948,$4004_vol,7
1949,$4000_duty,3
1949,$4000_const,1
1949,$4000_vol,0
1949,$4004_duty,1
1949,$4004_const,1
1949,$4004_vol,4
1949,$4006_period,339
1949,$400E_period,6
1949,$400E_mode,0
1949,$400C_const,1
1949,$400C_vol,2
1950,$4012_addr,243
1950,$4013_len,28
1950,$4010_rate,15
1950,$4008_linear,127
1950,$400A_period,121
1950,$400B_length,48
1951,$4000_duty,3
1951,$4000_const,1
1951,$4000_vol,3
1951,$4002_period,481
1951,$400B_length,48
1951,$4008_linear,0
1954,$4000_duty,3
1954,$4000_const,1
1954,$4000_vol,0
1955,$4004_duty,1
1955,$4004_const,1
1955,$4004_vol,5
1956,$4000_duty,3
1956,$4000_const,1
1956,$4000_vol,1
1956,$4002_period,481
1956,$400B_length,32
1957,$4008_linear,127
1957,$400A_period,151
1957,$400B_length,32
1957,$400E_period,5
1957,$400E_mode,0
1957,$400C_const,1
1957,$400C_vol,4
1958,$4008_linear,0
1959,$4000_duty,3
1959,$4000_const,1
1959,$4000_vol,0
1963,$4004_duty,1
1963,$4004_const,1
1963,$4004_vol,6
1964,$4012_addr,250
1964,$4013_len,11
1964,$4010_rate,14
1964,$4000_duty,3
1964,$4000_const,1
1964,$4000_vol,10
1964,$4002_period,453
1964,$400B_length,48
1964,$4008_linear,127
1964,$400A_period,75
1964,$400B_length,48
1965,$4008_linear,0
1965,$400E_period,4
1965,$400E_mode,0
1965,$400C_const,1
1965,$400C_vol,6
1967,$4000_duty,3
1967,$4000_const,1
1967,$4000_vol,7
1968,$4000_duty,3
1968,$4000_const,1
1968,$4000_vol,5
1968,$4004_duty,3
1968,$4004_const,1
1968,$4004_vol,15
1968,$4006_period,763
1968,$400E_period,1
1968,$400E_mode,0
1968,$400C_const,1
1968,$400C_vol,0
1969,$4000_duty,3
1969,$4000_const,1
1969,$4000_vol,0
1969,$4006_period,1079
1970,$4006_period,1441
1971,$4010_rate,14
1971,$4000_duty,3
1971,$4000_const,1
1971,$4000_vol,10
1971,$4002_period,427
1971,$400B_length,32
1971,$4004_duty,3
1971,$4004_const,1
1971,$4004_vol,6
1971,$4006_period,481
1971,$4008_linear,127
1971,$400A_period,151
1971,$400B_length,32
1971,$400E_period,3
1971,$400E_mode,0
1971,$400C_const,1
1971,$400C_vol,8
1972,$4006_period,453
1972,$4008_linear,0
1972,$400C_const,1
1972,$400C_vol,5
1973,$4006_period,403
1973,$400C_const,1
1973,$400C_vol,0
1974,$4000_duty,3
1974,$4000_const,1
1974,$4000_vol,7
1974,$4004_duty,3
1974,$4004_const,1
1974,$4004_vol,8
1974,$4006_period,1211
1975,$4000_duty,3
1975,$4000_const,1
1975,$4000_vol,5
1975,$4004_duty,3
1975,$4004_const,1
1975,$4004_vol,0
1976,$4000_duty,3
1976,$4000_const,1
1976,$4000_vol,0
1978,$4012_addr,240
1978,$4013_len,11
1978,$4010_rate,15
1978,$4000_duty,3
1978,$4000_const,1
1978,$4000_vol,10
1978,$4002_period,403
1978,$400B_length,48
1978,$4004_duty,2
1978,$4004_const,1
1978,$4004_vol,15
1978,$4006_period,2427
1978,$4008_linear,127
1978,$400A_period,121
1978,$400B_length,48
1978,$400C_const,1
1978,$400C_vol,10
1979,$4004_duty,3
1979,$4004_const,1
1979,$4004_vol,14
1979,$4008_linear,0
1979,$400C_const,1
1979,$400C_vol,7
1980,$4004_duty,3
1980,$4004_const,1
1980,$4004_vol,13
1980,$400C_const,1
1980,$400C_vol,0
1981,$4000_duty,3
1981,$4000_const,1
1981,$4000_vol,7
1981,$4004_duty,3
1981,$4004_const,1
1981,$4004_vol,12
1982,$4000_duty,3
1982,$4000_const,1
1982,$4000_vol,5
1982,$4004_duty,3
1982,$4004_const,1
1982,$4004_vol,11
1983,$4000_duty,3
1983,$4000_const,1
1983,$4000_vol,0
1983,$4004_duty,3
1983,$4004_const,1
1983,$4004_vol,10
1984,$4004_duty,3
1984,$4004_const,1
1984,$4004_vol,9
1985,$4000_duty,3
1985,$4000_const,1
1985,$4000_vol,10
1985,$4002_period,359
1985,$400B_length,32
1985,$4004_duty,3
1985,$4004_const,1
1985,$4004_vol,8
1985,$4008_linear,127
1985,$400A_period,151
1985,$400B_length,32
1985,$400E_period,2
1985,$400E_mode,0
1985,$400C_const,1
1985,$400C_vol,8
1986,$4008_linear,0
1986,$400C_const,1
1986,$400C_vol,5
1987,$4004_duty,3
1987,$4004_const,1
1987,$4004_vol,7
1987,$400C_const,1
1987,$400C_vol,0
1988,$4000_duty,3
1988,$4000_const,1
1988,$4000_vol,7
1988,$4004_duty,3
1988,$4004_const,1
1988,$4004_vol,4
1989,$4000_duty,3
1989,$4000_const,1
1989,$4000_vol,5
1990,$4000_duty,3
1990,$4000_const,1
1990,$4000_vol,0
1992,$4012_addr,250
1992,$4013_len,11
1992,$4010_rate,15
1992,$4000_duty,3
1992,$4000_const,1
1992,$4000_vol,10
1992,$4002_period,403
1992,$400B_length,48
1992,$4004_duty,2
1992,$4004_const,1
1992,$4004_vol,10
1992,$4006_period,1211
1992,$4008_linear,127
1992,$400A_period,75
1992,$400B_length,48
1992,$400E_period,1
1992,$400E_mode,0
1992,$400C_const,1
1992,$400C_vol,8
1993,$4004_duty,3
1993,$4004_const,1
1993,$4004_vol,9
1993,$4008_linear,0
1993,$400C_const,1
1993,$400C_vol,5
1994,$4004_duty,3
1994,$4004_const,1
1994,$4004_vol,8
1994,$400C_const,1
1994,$400C_vol,0
1995,$4000_duty,3
1995,$4000_const,1
1995,$4000_vol,7
1995,$4004_duty,3
1995,$4004_const,1
1995,$4004_vol,7
1996,$4000_duty,3
1996,$4000_const,1
1996,$4000_vol,5
1996,$4004_duty,3
1996,$4004_const,1
1996,$4004_vol,0
1997,$4000_duty,3
1997,$4000_const,1
1997,$4000_vol,0
1999,$4012_addr,240
1999,$4013_len,11
1999,$4010_rate,15
1999,$4000_duty,3
1999,$4000_const,1
1999,$4000_vol,10
1999,$4002_period,359
1999,$400B_length,32
1999,$4004_duty,2
1999,$4004_const,1
1999,$4004_vol,12
1999,$4006_period,3237
1999,$4008_linear,127
1999,$400A_period,151
1999,$400B_length,32
1999,$400E_period,3
1999,$400E_mode,0
1999,$400C_const,1
1999,$400C_vol,8
2000,$4004_duty,3
2000,$4004_const,1
2000,$4004_vol,11
2000,$4008_linear,0
2000,$400C_const,1
2000,$400C_vol,5
2001,$4004_duty,3
2001,$4004_const,1
2001,$4004_vol,10
2001,$400C_const,1
2001,$400C_vol,0
2002,$4000_duty,3
2002,$4000_const,1
2002,$4000_vol,7
2002,$4004_duty,3
2002,$4004_const,1
2002,$4004_vol,9
2003,$4000_duty,3
2003,$4000_const,1
2003,$4000_vol,5
2003,$4004_duty,3
2003,$4004_const,1
2003,$4004_vol,8
2004,$4000_duty,3
2004,$4000_const,1
2004,$4000_vol,0
2004,$4004_duty,3
2004,$4004_const,1
2004,$4004_vol,7
2005,$4004_duty,3
2005,$4004_const,1
2005,$4004_vol,6
2006,$4012_addr,243
2006,$4013_len,28
2006,$4010_rate,15
2006,$4000_duty,3
2006,$4000_const,1
2006,$4000_vol,10
2006,$4002_period,403
2006,$400B_length,48
2006,$4004_duty,3
2006,$4004_const,1
2006,$4004_vol,5
2006,$4008_linear,127
2006,$400A_period,121
2006,$400B_length,48
2006,$400C_const,1
2006,$400C_vol,10
2007,$4008_linear,0
2007,$400C_const,1
2007,$400C_vol,7
2008,$4004_duty,3
2008,$4004_const,1
2008,$4004_vol,4
2008,$400C_const,1
2008,$400C_vol,0
2009,$4000_duty,3
2009,$4000_const,1
2009,$4000_vol,7
2009,$4004_duty,3
2009,$4004_const,1
2009,$4004_vol,1
2010,$4000_duty,3
2010,$4000_const,1
2010,$4000_vol,5
2011,$4000_duty,3
2011,$4000_const,1
2011,$4000_vol,0
2013,$4000_duty,3
2013,$4000_const,1
2013,$4000_vol,10
2013,$4002_period,481
2013,$400B_length,32
2013,$4004_duty,2
2013,$4004_const,1
2013,$4004_vol,12
2013,$4006_period,3237
2013,$4008_linear,127
2013,$400A_period,151
2013,$400B_length,32
2013,$400E_period,2
2013,$400E_mode,0
2013,$400C_const,1
2013,$400C_vol,8
2014,$4004_duty,3
2014,$4004_const,1
2014,$4004_vol,11
2014,$4008_linear,0
2014,$400C_const,1
2014,$400C_vol,5
2015,$4004_duty,3
2015,$4004_const,1
2015,$4004_vol,10
2015,$400C_const,1
2015,$400C_vol,0
2016,$4000_duty,3
2016,$4000_const,1
2016,$4000_vol,7
2016,$4004_duty,3
2016,$4004_const,1
2016,$4004_vol,9
2017,$4000_duty,3
2017,$4000_const,1
2017,$4000_vol,5
2017,$4004_duty,3
2017,$4004_const,1
2017,$4004_vol,8
2018,$4000_duty,3
2018,$4000_const,1
2018,$4000_vol,0
2018,$4004_duty,3
2018,$4004_const,1
2018,$4004_vol,7
2019,$4004_duty,3
2019,$4004_const,1
2019,$4004_vol,6
2020,$4012_addr,250
2020,$4013_len,11
2020,$4010_rate,14
2020,$4000_duty,3
2020,$4000_const,1
2020,$4000_vol,10
2020,$4002_period,605
2020,$400B_length,49
2020,$4004_duty,3
2020,$4004_const,1
2020,$4004_vol,5
2020,$4008_linear,127
2020,$400A_period,75
2020,$400B_length,48
2020,$400E_period,1
2020,$400E_mode,0
2020,$400C_const,1
2020,$400C_vol,8
2021,$4008_linear,0
2021,$400C_const,1
2021,$400C_vol,5
2022,$4004_duty,3
2022,$4004_const,1
2022,$4004_vol,4
2022,$400C_const,1
2022,$400C_vol,0
2023,$4000_duty,3
2023,$4000_const,1
2023,$4000_vol,7
2023,$4004_duty,3
2023,$4004_const,1
2023,$4004_vol,1
2024,$4000_duty,3
2024,$4000_const,1
2024,$4000_vol,5
2025,$4000_duty,3
2025,$4000_const,1
2025,$4000_vol,0
2027,$4012_addr,240
2027,$4013_len,11
2027,$4010_rate,15
2027,$4000_duty,3
2027,$4000_const,1
2027,$4000_vol,10
2027,$4002_period,807
2027,$400B_length,33
2027,$4004_duty,2
2027,$4004_const,1
2027,$4004_vol,11
2027,$4006_period,1211
2027,$4008_linear,127
2027,$400A_period,151
2027,$400B_length,32
2027,$400E_period,3
2027,$400E_mode,0
2027,$400C_const,1
2027,$400C_vol,8
2028,$4004_duty,3
2028,$4004_const,1
2028,$4004_vol,10
2028,$4008_linear,0
2028,$400C_const,1
2028,$400C_vol,5
2029,$4004_duty,3
2029,$4004_const,1
2029,$4004_vol,9
2029,$400C_const,1
2029,$400C_vol,0
2030,$4000_duty,3
2030,$4000_const,1
2030,$4000_vol,7
2030,$4004_duty,3
2030,$4004_const,1
2030,$4004_vol,8
2031,$4000_duty,3
2031,$4000_const,1
2031,$4000_vol,5
2031,$4004_duty,3
2031,$4004_const,1
2031,$4004_vol,0
2032,$4000_duty,3
2032,$4000_const,1
2032,$4000_vol,0
2034,$4012_addr,240
2034,$4013_len,11
2034,$4010_rate,15
2034,$4000_duty,3
2034,$4000_const,1
2034,$4000_vol,10
2034,$4002_period,481
2034,$400B_length,48
2034,$4004_duty,2
2034,$4004_const,1
2034,$4004_vol,15
2034,$4006_period,2427
2034,$4008_linear,127
2034,$400A_period,121
2034,$400B_length,48
2034,$400C_const,1
2034,$400C_vol,10
2035,$4004_duty,3
2035,$4004_const,1
2035,$4004_vol,14
2035,$4008_linear,0
2035,$400C_const,1
2035,$400C_vol,7
2036,$4004_duty,3
2036,$4004_const,1
2036,$4004_vol,13
2036,$400C_const,1
2036,$400C_vol,0
2037,$4000_duty,3
2037,$4000_const,1
2037,$4000_vol,7
2037,$4004_duty,3
2037,$4004_const,1
2037,$4004_vol,12
2038,$4000_duty,3
2038,$4000_const,1
2038,$4000_vol,5
2038,$4004_duty,3
2038,$4004_const,1
2038,$4004_vol,11
2039,$4000_duty,3
2039,$4000_const,1
2039,$4000_vol,0
2039,$4004_duty,3
2039,$4004_const,1
2039,$4004_vol,10
2040,$4004_duty,3
2040,$4004_const,1
2040,$4004_vol,9
2041,$4000_duty,3
2041,$4000_const,1
2041,$4000_vol,10
2041,$4002_period,453
2041,$400B_length,32
2041,$4004_duty,3
2041,$4004_const,1
2041,$4004_vol,8
2041,$4008_linear,127
2041,$400A_period,151
2041,$400B_length,32
2041,$400E_period,2
2041,$400E_mode,0
2041,$400C_const,1
2041,$400C_vol,8
2042,$4008_linear,0
2042,$400C_const,1
2042,$400C_vol,5
2043,$4004_duty,3
2043,$4004_const,1
2043,$4004_vol,7
2043,$400C_const,1
2043,$400C_vol,0
2044,$4000_duty,3
2044,$4000_const,1
2044,$4000_vol,7
2044,$4004_duty,3
2044,$4004_const,1
2044,$4004_vol,4
2045,$4000_duty,3
2045,$4000_const,1
2045,$4000_vol,5
2046,$4000_duty,3
2046,$4000_const,1
2046,$4000_vol,0
2048,$4012_addr,250
2048,$4013_len,11
2048,$4010_rate,15
2048,$4000_duty,3
2048,$4000_const,1
2048,$4000_vol,10
2048,$4002_period,427
2048,$400B_length,48
2048,$4004_duty,2
2048,$4004_const,1
2048,$4004_vol,10
2048,$4006_period,1211
2048,$4008_linear,127
2048,$400A_period,75
2048,$400B_length,48
2048,$400E_period,1
2048,$400E_mode,0
2048,$400C_const,1
2048,$400C_vol,8
2049,$4004_duty,3
2049,$4004_const,1
2049,$4004_vol,9
2049,$4008_linear,0
2049,$400C_const,1
2049,$400C_vol,5
2050,$4004_duty,3
2050,$4004_const,1
2050,$4004_vol,8
2050,$400C_const,1
2050,$400C_vol,0
2051,$4000_duty,3
2051,$4000_const,1
2051,$4000_vol,7
2051,$4004_duty,3
2051,$4004_const,1
2051,$4004_vol,7
2052,$4000_duty,3
2052,$4000_const,1
2052,$4000_vol,5
2052,$4004_duty,3
2052,$4004_const,1
2052,$4004_vol,0
2053,$4000_duty,3
2053,$4000_const,1
2053,$4000_vol,0
2055,$4000_duty,3
2055,$4000_const,1
2055,$4000_vol,10
2055,$4002_period,403
2055,$400B_length,32
2055,$4004_duty,2
2055,$4004_const,1
2055,$4004_vol,12
2055,$4006_period,3237
2055,$4008_linear,127
2055,$400A_period,151
2055,$400B_length,32
2055,$400E_period,3
2055,$400E_mode,0
2055,$400C_const,1
2055,$400C_vol,8
2056,$4004_duty,3
2056,$4004_const,1
2056,$4004_vol,11
2056,$4008_linear,0
2056,$400C_const,1
2056,$400C_vol,5
2057,$4004_duty,3
2057,$4004_const,1
2057,$4004_vol,10
2057,$400C_const,1
2057,$400C_vol,0
2058,$4000_duty,3
2058,$4000_const,1
2058,$4000_vol,7
2058,$4004_duty,3
2058,$4004_const,1
2058,$4004_vol,9
2059,$4000_duty,3
2059,$4000_const,1
2059,$4000_vol,5
2059,$4004_duty,3
2059,$4004_const,1
2059,$4004_vol,8
2060,$4000_duty,3
2060,$4000_const,1
2060,$4000_vol,0
2060,$4004_duty,3
2060,$4004_const,1
2060,$4004_vol,7
2061,$4004_duty,3
2061,$4004_const,1
2061,$4004_vol,6
2062,$4012_addr,243
2062,$4013_len,28
2062,$4010_rate,15
2062,$4004_duty,3
2062,$4004_const,1
2062,$4004_vol,5
2062,$4008_linear,127
2062,$400A_period,121
2062,$400B_length,48
2062,$400C_const,1
2062,$400C_vol,10
2063,$4008_linear,0
2063,$400C_const,1
2063,$400C_vol,7
2064,$4004_duty,3
2064,$4004_const,1
2064,$4004_vol,4
2064,$400C_const,1
2064,$400C_vol,0
2065,$4004_duty,3
2065,$4004_const,1
2065,$4004_vol,1
2069,$4000_duty,0
2069,$4000_const,1
2069,$4000_vol,7
2069,$4002_period,89
2069,$400B_length,48
2069,$4004_duty,2
2069,$4004_const,1
2069,$4004_vol,12
2069,$4006_period,3237
2069,$4008_linear,127
2069,$400A_period,151
2069,$400B_length,32
2069,$400E_period,2
2069,$400E_mode,0
2069,$400C_const,1
2069,$400C_vol,8
2070,$4004_duty,3
2070,$4004_const,1
2070,$4004_vol,11
2070,$4008_linear,0
2070,$400C_const,1
2070,$400C_vol,5
2071,$4000_duty,0
2071,$4000_const,1
2071,$4000_vol,5
2071,$4004_duty,3
2071,$4004_const,1
2071,$4004_vol,10
2071,$400C_const,1
2071,$400C_vol,0
2072,$4004_duty,3
2072,$4004_const,1
2072,$4004_vol,9
2073,$4000_duty,0
2073,$4000_const,1
2073,$4000_vol,0
2073,$4004_duty,3
2073,$4004_const,1
2073,$4004_vol,8
2074,$4004_duty,3
2074,$4004_const,1
2074,$4004_vol,7
2075,$4004_duty,3
2075,$4004_const,1
2075,$4004_vol,6
2076,$4012_addr,250
2076,$4013_len,11
2076,$4010_rate,14
2076,$4000_duty,0
2076,$4000_const,1
2076,$4000_vol,7
2076,$4002_period,81
2076,$400B_length,32
2076,$4004_duty,3
2076,$4004_const,1
2076,$4004_vol,5
2076,$4008_linear,127
2076,$400A_period,75
2076,$400B_length,48
2076,$400E_period,1
2076,$400E_mode,0
2076,$400C_const,1
2076,$400C_vol,8
2077,$4008_linear,0
2077,$400C_const,1
2077,$400C_vol,5
2078,$4000_duty,0
2078,$4000_const,1
2078,$4000_vol,5
2078,$4004_duty,3
2078,$4004_const,1
2078,$4004_vol,4
2078,$400C_const,1
2078,$400C_vol,0
2079,$4004_duty,3
2079,$4004_const,1
2079,$4004_vol,1
2080,$4000_duty,0
2080,$4000_const,1
2080,$4000_vol,0
2083,$4010_rate,14
2083,$4000_duty,0
2083,$4000_const,1
2083,$4000_vol,7
2083,$4002_period,75
2083,$400B_length,48
2083,$4004_duty,2
2083,$4004_const,1
2083,$4004_vol,11
2083,$4006_period,1211
2083,$4008_linear,127
2083,$400A_period,151
2083,$400B_length,32
2083,$400E_period,3
2083,$400E_mode,0
2083,$400C_const,1
2083,$400C_vol,8
2084,$4004_duty,3
2084,$4004_const,1
2084,$4004_vol,10
2084,$4008_linear,0
2084,$400C_const,1
2084,$400C_vol,5
2085,$4000_duty,0
2085,$4000_const,1
2085,$4000_vol,5
2085,$4004_duty,3
2085,$4004_const,1
2085,$4004_vol,9
2085,$400C_const,1
2085,$400C_vol,0
2086,$4004_duty,3
2086,$4004_const,1
2086,$4004_vol,8
2087,$4000_duty,0
2087,$4000_const,1
2087,$4000_vol,0
2087,$4004_duty,3
2087,$4004_const,1
2087,$4004_vol,0
2090,$4012_addr,240
2090,$4013_len,11
2090,$4010_rate,15
2090,$4000_duty,0
2090,$4000_const,1
2090,$4000_vol,7
2090,$4002_period,101
2090,$400B_length,32
2090,$4004_duty,2
2090,$4004_const,1
2090,$4004_vol,15
2090,$4006_period,2427
2090,$4008_linear,127
2090,$400A_period,121
2090,$400B_length,48
2090,$400C_const,1
2090,$400C_vol,10
2091,$4004_duty,3
2091,$4004_const,1
2091,$4004_vol,14
2091,$4008_linear,0
2091,$400C_const,1
2091,$400C_vol,7
2092,$4000_duty,0
2092,$4000_const,1
2092,$4000_vol,5
2092,$4004_duty,3
2092,$4004_const,1
2092,$4004_vol,13
2092,$400C_const,1
2092,$400C_vol,0
2093,$4004_duty,3
2093,$4004_const,1
2093,$4004_vol,12
2094,$4000_duty,0
2094,$4000_const,1
2094,$4000_vol,0
2094,$4004_duty,3
2094,$4004_const,1
2094,$4004_vol,11
2095,$4004_duty,3
2095,$4004_const,1
2095,$4004_vol,10
2096,$4004_duty,3
2096,$4004_const,1
2096,$4004_vol,9
2096,$400E_period,11
2096,$400E_mode,0
2096,$400C_const,1
2096,$400C_vol,15
2097,$4004_duty,3
2097,$4004_const,1
2097,$4004_vol,8
2097,$4008_linear,127
2097,$400A_period,151
2097,$400B_length,32
2097,$400E_period,2
2097,$400E_mode,0
2097,$400C_const,1
2097,$400C_vol,8
2098,$4008_linear,0
2098,$400C_const,1
2098,$400C_vol,5
2099,$4004_duty,3
2099,$4004_const,1
2099,$4004_vol,7
2099,$400C_const,1
2099,$400C_vol,0
2100,$4004_duty,3
2100,$4004_const,1
2100,$4004_vol,4
2104,$4012_addr,250
2104,$4013_len,11
2104,$4010_rate,15
2104,$4004_duty,2
2104,$4004_const,1
2104,$4004_vol,10
2104,$4006_period,1211
2104,$4008_linear,127
2104,$400A_period,75
2104,$400B_length,48
2104,$400E_period,1
2104,$400E_mode,0
2104,$400C_const,1
2104,$400C_vol,8
2105,$4004_duty,3
2105,$4004_const,1
2105,$4004_vol,9
2105,$4008_linear,0
2105,$400C_const,1
2105,$400C_vol,5
2106,$4004_duty,3
2106,$4004_const,1
2106,$4004_vol,8
2106,$400C_const,1
2106,$400C_vol,0
2107,$4004_duty,3
2107,$4004_const,1
2107,$4004_vol,7
2108,$4004_duty,3
2108,$4004_const,1
2108,$4004_vol,0
2110,$4004_duty,2
2110,$4004_const,1
2110,$4004_vol,15
2110,$4006_period,85
2111,$4010_rate,15
2111,$4004_duty,2
2111,$4004_const,1
2111,$4004_vol,4
2111,$4008_linear,127
2111,$400A_period,151
2111,$400B_length,32
2111,$400E_period,3
2111,$400E_mode,0
2111,$400C_const,1
2111,$400C_vol,8
2112,$4004_duty,2
2112,$4004_const,1
2112,$4004_vol,15
2112,$4006_period,89
2112,$4008_linear,0
2112,$400C_const,1
2112,$400C_vol,5
2113,$4004_duty,2
2113,$4004_const,1
2113,$4004_vol,4
2113,$400C_const,1
2113,$400C_vol,0
2114,$4004_duty,2
2114,$4004_const,1
2114,$4004_vol,15
2114,$4006_period,95
2115,$4004_duty,2
2115,$4004_const,1
2115,$4004_vol,13
2115,$4006_period,113
2116,$4004_duty,2
2116,$4004_const,1
2116,$4004_vol,11
2116,$4006_period,135
2117,$4004_duty,2
2117,$4004_const,1
2117,$4004_vol,9
2117,$4006_period,161
2118,$4012_addr,243
2118,$4013_len,28
2118,$4010_rate,15
2118,$4004_duty,2
2118,$4004_const,1
2118,$4004_vol,7
2118,$4006_period,191
2118,$4008_linear,127
2118,$400A_period,121
2118,$400B_length,48
2118,$400C_const,1
2118,$400C_vol,10
2119,$4004_duty,2
2119,$4004_const,1
2119,$4004_vol,5
2119,$4006_period,227
2119,$4008_linear,0
2119,$400C_const,1
2119,$400C_vol,7
2120,$4004_duty,2
2120,$4004_const,1
2120,$4004_vol,4
2120,$4006_period,269
2120,$400C_const,1
2120,$400C_vol,0
2121,$4004_duty,2
2121,$4004_const,1
2121,$4004_vol,3
2121,$4006_period,303
2122,$4006_period,339
2123,$4004_duty,2
2123,$4004_const,1
2123,$4004_vol,2
2123,$4006_period,381
2124,$4006_period,427
2125,$4012_addr,250
2125,$4013_len,11
2125,$4010_rate,14
2125,$4004_duty,2
2125,$4004_const,1
2125,$4004_vol,1
2125,$4006_period,453
2125,$4008_linear,127
2125,$400A_period,151
2125,$400B_length,32
2125,$400E_period,2
2125,$400E_mode,0
2125,$400C_const,1
2125,$400C_vol,8
2126,$4004_duty,3
2126,$4004_const,1
2126,$4004_vol,11
2126,$4006_period,3237
2126,$4008_linear,0
2126,$400C_const,1
2126,$400C_vol,5
2127,$4004_duty,3
2127,$4004_const,1
2127,$4004_vol,10
2127,$400C_const,1
2127,$400C_vol,0
2128,$4004_duty,3
2128,$4004_const,1
2128,$4004_vol,9
2129,$4012_addr,244
2129,$4013_len,16
2129,$4010_rate,15
2129,$4004_duty,2
2129,$4004_const,1
2129,$4004_vol,6
2129,$4006_period,57
2129,$400E_period,10
2129,$400E_mode,0
2129,$400C_const,1
2129,$400C_vol,15
2130,$4004_duty,2
2130,$4004_const,1
2130,$4004_vol,5
2130,$4006_period,121
2130,$400C_const,1
2130,$400C_vol,14
2131,$4004_duty,2
2131,$4004_const,1
2131,$4004_vol,4
2131,$4006_period,107
2131,$400E_period,8
2131,$400E_mode,0
2131,$400C_const,1
2131,$400C_vol,13
2132,$4012_addr,243
2132,$4013_len,28
2132,$4010_rate,15
2132,$4004_duty,2
2132,$4004_const,1
2132,$4004_vol,0
2132,$4008_linear,127
2132,$400A_period,75
2132,$400B_length,48
2132,$400C_const,1
2132,$400C_vol,12
2133,$4008_linear,0
2133,$400C_const,1
2133,$400C_vol,11
2134,$400C_const,1
2134,$400C_vol,10
2135,$400C_const,1
2135,$400C_vol,9
2136,$400C_const,1
2136,$400C_vol,8
2138,$400E_period,11
2138,$400E_mode,0
2138,$400C_const,1
2138,$400C_vol,7
2139,$4012_addr,240
2139,$4013_len,11
2139,$4010_rate,15
2139,$4008_linear,127
2139,$400A_period,151
2139,$400B_length,32
2140,$4008_linear,0
2140,$400C_const,1
2140,$400C_vol,6
2142,$400C_const,1
2142,$400C_vol,3
2144,$400C_const,1
2144,$400C_vol,2
2145,$400E_period,12
2145,$400E_mode,0
2146,$4012_addr,240
2146,$4013_len,11
2146,$4010_rate,15
2146,$4000_duty,3
2146,$4000_const,1
2146,$4000_vol,11
2146,$4002_period,539
2146,$400B_length,49
2146,$4008_linear,127
2146,$400A_period,113
2146,$400B_length,48
2146,$400C_const,1
2146,$400C_vol,1
2147,$4008_linear,0
2148,$400C_const,1
2148,$400C_vol,0
2149,$4000_duty,3
2149,$4000_const,1
2149,$4000_vol,8
2150,$4000_duty,3
2150,$4000_const,1
2150,$4000_vol,6
2151,$4000_duty,3
2151,$4000_const,1
2151,$4000_vol,0
2151,$4004_duty,3
2151,$4004_const,1
2151,$4004_vol,10
2151,$4006_period,2157
2151,$400E_period,3
2151,$400E_mode,0
2152,$4004_duty,3
2152,$4004_const,1
2152,$4004_vol,9
2153,$4004_duty,3
2153,$4004_const,1
2153,$4004_vol,8
2153,$4008_linear,127
2153,$400A_period,135
2153,$400B_length,32
2153,$400E_period,2
2153,$400E_mode,0
2153,$400C_const,1
2153,$400C_vol,8
2154,$4008_linear,0
2154,$400C_const,1
2154,$400C_vol,5
2155,$4004_duty,3
2155,$4004_const,1
2155,$4004_vol,7
2155,$400C_const,1
2155,$400C_vol,0
2156,$4004_duty,3
2156,$4004_const,1
2156,$4004_vol,4
2160,$4012_addr,250
2160,$4013_len,11
2160,$4010_rate,15
2160,$4000_duty,3
2160,$4000_const,1
2160,$4000_vol,9
2160,$4002_period,539
2160,$400B_length,33
2160,$4004_duty,2
2160,$4004_const,1
2160,$4004_vol,12
2160,$4006_period,1079
2160,$4008_linear,127
2160,$400A_period,67
2160,$400B_length,48
2160,$400E_period,1
2160,$400E_mode,0
2160,$400C_const,1
2160,$400C_vol,8
2161,$4004_duty,3
2161,$4004_const,1
2161,$4004_vol,11
2161,$4008_linear,0
2161,$400C_const,1
2161,$400C_vol,5
2162,$4004_duty,3
2162,$4004_const,1
2162,$4004_vol,10
2162,$400C_const,1
2162,$400C_vol,0
2163,$4000_duty,3
2163,$4000_const,1
2163,$4000_vol,0
2163,$4004_duty,3
2163,$4004_const,1
2163,$4004_vol,9
2164,$4004_duty,3
2164,$4004_const,1
2164,$4004_vol,1
2165,$4000_duty,3
2165,$4000_const,1
2165,$4000_vol,7
2165,$4002_period,539
2165,$400B_length,49
2167,$4004_duty,2
2167,$4004_const,1
2167,$4004_vol,12
2167,$4006_period,2881
2167,$4008_linear,127
2167,$400A_period,135
2167,$400B_length,32
2167,$400E_period,3
2167,$400E_mode,0
2167,$400C_const,1
2167,$400C_vol,8
2168,$4000_duty,3
2168,$4000_const,1
2168,$4000_vol,0
2168,$4004_duty,3
2168,$4004_const,1
2168,$4004_vol,11
2168,$4008_linear,0
2168,$400C_const,1
2168,$400C_vol,5
2169,$4004_duty,3
2169,$4004_const,1
2169,$4004_vol,10
2169,$400C_const,1
2169,$400C_vol,0
2170,$4000_duty,3
2170,$4000_const,1
2170,$4000_vol,5
2170,$4002_period,539
2170,$400B_length,33
2170,$4004_duty,3
2170,$4004_const,1
2170,$4004_vol,9
2171,$4004_duty,3
2171,$4004_const,1
2171,$4004_vol,8
2172,$4004_duty,3
2172,$4004_const,1
2172,$4004_vol,7
2173,$4000_duty,3
2173,$4000_const,1
2173,$4000_vol,0
2173,$4004_duty,3
2173,$4004_const,1
2173,$4004_vol,6
2174,$4012_addr,243
2174,$4013_len,28
2174,$4010_rate,15
2174,$4004_duty,3
2174,$4004_const,1
2174,$4004_vol,5
2174,$4008_linear,127
2174,$400A_period,113
2174,$400B_length,48
2174,$400C_const,1
2174,$400C_vol,10
2175,$4000_duty,3
2175,$4000_const,1
2175,$4000_vol,3
2175,$4002_period,539
2175,$400B_length,49
2175,$4008_linear,0
2175,$400C_const,1
2175,$400C_vol,7
2176,$4004_duty,3
2176,$4004_const,1
2176,$4004_vol,4
2176,$400C_const,1
2176,$400C_vol,0
2177,$4004_duty,3
2177,$4004_const,1
2177,$4004_vol,1
2178,$4000_duty,3
2178,$4000_const,1
2178,$4000_vol,0
2180,$4000_duty,3
2180,$4000_const,1
2180,$4000_vol,1
2180,$4002_period,539
2180,$400B_length,33
2181,$4004_duty,2
2181,$4004_const,1
2181,$4004_vol,10
2181,$4006_period,2881
2181,$4008_linear,127
2181,$400A_period,135
2181,$400B_length,32
2181,$400E_period,2
2181,$400E_mode,0
2181,$400C_const,1
2181,$400C_vol,8
2182,$4004_duty,3
2182,$4004_const,1
2182,$4004_vol,9
2182,$4008_linear,0
2182,$400C_const,1
2182,$400C_vol,5
2183,$4000_duty,3
2183,$4000_const,1
2183,$4000_vol,0
2183,$4004_duty,3
2183,$4004_const,1
2183,$4004_vol,8
2183,$400C_const,1
2183,$400C_vol,0
2184,$4004_duty,3
2184,$4004_const,1
2184,$4004_vol,7
2185,$4004_duty,3
2185,$4004_const,1
2185,$4004_vol,6
2186,$4004_duty,3
2186,$4004_const,1
2186,$4004_vol,5
2187,$4004_duty,3
2187,$4004_const,1
2187,$4004_vol,4
2188,$4012_addr,250
2188,$4013_len,11
2188,$4010_rate,14
2188,$4000_duty,3
2188,$4000_const,1
2188,$4000_vol,10
2188,$4002_period,509
2188,$400B_length,48
2188,$4004_duty,3
2188,$4004_const,1
2188,$4004_vol,3
2188,$4008_linear,127
2188,$400A_period,67
2188,$400B_length,48
2188,$400E_period,1
2188,$400E_mode,0
2188,$400C_const,1
2188,$400C_vol,8
2189,$4008_linear,0
2189,$400C_const,1
2189,$400C_vol,5
2190,$4004_duty,3
2190,$4004_const,1
2190,$4004_vol,2
2190,$400C_const,1
2190,$400C_vol,0
2191,$4000_duty,3
2191,$4000_const,1
2191,$4000_vol,7
2191,$4004_duty,3
2191,$4004_const,1
2191,$4004_vol,0
2192,$4000_duty,3
2192,$4000_const,1
2192,$4000_vol,5
2193,$4000_duty,3
2193,$4000_const,1
2193,$4000_vol,0
2195,$4010_rate,14
2195,$4000_duty,3
2195,$4000_const,1
2195,$4000_vol,10
2195,$4002_period,481
2195,$400B_length,32
2195,$4004_duty,2
2195,$4004_const,1
2195,$4004_vol,10
2195,$4006_period,1079
2195,$4008_linear,127
2195,$400A_period,135
2195,$400B_length,32
2195,$400E_period,3
2195,$400E_mode,0
2195,$400C_const,1
2195,$400C_vol,8
2196,$4004_duty,3
2196,$4004_const,1
2196,$4004_vol,9
2196,$4008_linear,0
2196,$400C_const,1
2196,$400C_vol,5
2197,$4004_duty,3
2197,$4004_const,1
2197,$4004_vol,8
2197,$400C_const,1
2197,$400C_vol,0
2198,$4000_duty,3
2198,$4000_const,1
2198,$4000_vol,7
2198,$4004_duty,3
2198,$4004_const,1
2198,$4004_vol,7
2199,$4000_duty,3
2199,$4000_const,1
2199,$4000_vol,5
2199,$4004_duty,3
2199,$4004_const,1
2199,$4004_vol,0
2200,$4000_duty,3
2200,$4000_const,1
2200,$4000_vol,0
2202,$4012_addr,240
2202,$4013_len,11
2202,$4010_rate,15
2202,$4000_duty,3
2202,$4000_const,1
2202,$4000_vol,10
2202,$4002_period,453
2202,$400B_length,48
2202,$4004_duty,2
2202,$4004_const,1
2202,$4004_vol,15
2202,$4006_period,2157
2202,$4008_linear,127
2202,$400A_period,113
2202,$400B_length,48
2202,$400C_const,1
2202,$400C_vol,10
2203,$4004_duty,3
2203,$4004_const,1
2203,$4004_vol,14
2203,$4008_linear,0
2203,$400C_const,1
2203,$400C_vol,7
2204,$4004_duty,3
2204,$4004_const,1
2204,$4004_vol,13
2204,$400C_const,1
2204,$400C_vol,0
2205,$4000_duty,3
2205,$4000_const,1
2205,$4000_vol,7
2205,$4004_duty,3
2205,$4004_const,1
2205,$4004_vol,12
2206,$4000_duty,3
2206,$4000_const,1
2206,$4000_vol,5
2206,$4004_duty,3
2206,$4004_const,1
2206,$4004_vol,11
2207,$4000_duty,3
2207,$4000_const,1
2207,$4000_vol,0
2207,$4004_duty,3
2207,$4004_const,1
2207,$4004_vol,10
2208,$4004_duty,3
2208,$4004_const,1
2208,$4004_vol,9
2209,$4000_duty,3
2209,$4000_const,1
2209,$4000_vol,10
2209,$4002_period,403
2209,$400B_length,32
2209,$4004_duty,3
2209,$4004_const,1
2209,$4004_vol,8
2209,$4008_linear,127
2209,$400A_period,135
2209,$400B_length,32
2209,$400E_period,2
2209,$400E_mode,0
2209,$400C_const,1
2209,$400C_vol,8
2210,$4008_linear,0
2210,$400C_const,1
2210,$400C_vol,5
2211,$4004_duty,3
2211,$4004_const,1
2211,$4004_vol,7
2211,$400C_const,1
2211,$400C_vol,0
2212,$4000_duty,3
2212,$4000_const,1
2212,$4000_vol,7
2212,$4004_duty,3
2212,$4004_const,1
2212,$4004_vol,4
2213,$4000_duty,3
2213,$4000_const,1
2213,$4000_vol,5
2214,$4000_duty,3
2214,$4000_const,1
2214,$4000_vol,0
2216,$4012_addr,250
2216,$4013_len,11
2216,$4010_rate,15
2216,$4000_duty,3
2216,$4000_const,1
2216,$4000_vol,10
2216,$4002_period,453
2216,$400B_length,48
2216,$4004_duty,2
2216,$4004_const,1
2216,$4004_vol,12
2216,$4006_period,1079
2216,$4008_linear,127
2216,$400A_period,67
2216,$400B_length,48
2216,$400E_period,1
2216,$400E_mode,0
2216,$400C_const,1
2216,$400C_vol,8
2217,$4004_duty,3
2217,$4004_const,1
2217,$4004_vol,11
2217,$4008_linear,0
2217,$400C_const,1
2217,$400C_vol,5
2218,$4004_duty,3
2218,$4004_const,1
2218,$4004_vol,10
2218,$400C_const,1
2218,$400C_vol,0
2219,$4000_duty,3
2219,$4000_const,1
2219,$4000_vol,7
2219,$4004_duty,3
2219,$4004_const,1
2219,$4004_vol,9
2220,$4000_duty,3
2220,$4000_const,1
2220,$4000_vol,5
2220,$4004_duty,3
2220,$4004_const,1
2220,$4004_vol,1
2221,$4000_duty,3
2221,$4000_const,1
2221,$4000_vol,0
2223,$4010_rate,15
2223,$4000_duty,3
2223,$4000_const,1
2223,$4000_vol,10
2223,$4002_period,403
2223,$400B_length,32
2223,$4004_duty,2
2223,$4004_const,1
2223,$4004_vol,12
2223,$4006_period,2881
2223,$4008_linear,127
2223,$400A_period,135
2223,$400B_length,32
2223,$400E_period,3
2223,$400E_mode,0
2223,$400C_const,1
2223,$400C_vol,8
2224,$4004_duty,3
2224,$4004_const,1
2224,$4004_vol,11
2224,$4008_linear,0
2224,$400C_const,1
2224,$400C_vol,5
2225,$4004_duty,3
2225,$4004_const,1
2225,$4004_vol,10
2225,$400C_const,1
2225,$400C_vol,0
2226,$4000_duty,3
2226,$4000_const,1
2226,$4000_vol,7
2226,$4004_duty,3
2226,$4004_const,1
2226,$4004_vol,9
2227,$4000_duty,3
2227,$4000_const,1
2227,$4000_vol,5
2227,$4004_duty,3
2227,$4004_const,1
2227,$4004_vol,8
2228,$4000_duty,3
2228,$4000_const,1
2228,$4000_vol,0
2228,$4004_duty,3
2228,$4004_const,1
2228,$4004_vol,7
2229,$4004_duty,3
2229,$4004_const,1
2229,$4004_vol,6
2230,$4012_addr,243
2230,$4013_len,28
2230,$4010_rate,15
2230,$4000_duty,3
2230,$4000_const,1
2230,$4000_vol,10
2230,$4002_period,453
2230,$400B_length,48
2230,$4004_duty,3
2230,$4004_const,1
2230,$4004_vol,5
2230,$4008_linear,127
2230,$400A_period,113
2230,$400B_length,48
2230,$400C_const,1
2230,$400C_vol,10
2231,$4008_linear,0
2231,$400C_const,1
2231,$400C_vol,7
2232,$4004_duty,3
2232,$4004_const,1
2232,$4004_vol,4
2232,$400C_const,1
2232,$400C_vol,0
2233,$4000_duty,3
2233,$4000_const,1
2233,$4000_vol,7
2233,$4004_duty,3
2233,$4004_const,1
2233,$4004_vol,1
2234,$4000_duty,3
2234,$4000_const,1
2234,$4000_vol,5
2235,$4000_duty,3
2235,$4000_const,1
2235,$4000_vol,0
2237,$4012_addr,250
2237,$4013_len,11
2237,$4010_rate,14
2237,$4000_duty,3
2237,$4000_const,1
2237,$4000_vol,10
2237,$4002_period,403
2237,$400B_length,32
2237,$4004_duty,2
2237,$4004_const,1
2237,$4004_vol,10
2237,$4006_period,2881
2237,$4008_linear,127
2237,$400A_period,135
2237,$400B_length,32
2237,$400E_period,2
2237,$400E_mode,0
2237,$400C_const,1
2237,$400C_vol,8
2238,$4004_duty,3
2238,$4004_const,1
2238,$4004_vol,9
2238,$4008_linear,0
2238,$400C_const,1
2238,$400C_vol,5
2239,$4004_duty,3
2239,$4004_const,1
2239,$4004_vol,8
2239,$400C_const,1
2239,$400C_vol,0
2240,$4000_duty,3
2240,$4000_const,1
2240,$4000_vol,7
2240,$4004_duty,3
2240,$4004_const,1
2240,$4004_vol,7
2241,$4000_duty,3
2241,$4000_const,1
2241,$4000_vol,5
2241,$4004_duty,3
2241,$4004_const,1
2241,$4004_vol,6
2242,$4000_duty,3
2242,$4000_const,1
2242,$4000_vol,0
2242,$4004_duty,3
2242,$4004_const,1
2242,$4004_vol,5
2243,$4004_duty,3
2243,$4004_const,1
2243,$4004_vol,4
2244,$4012_addr,243
2244,$4013_len,28
2244,$4010_rate,15
2244,$4000_duty,3
2244,$4000_const,1
2244,$4000_vol,10
2244,$4002_period,321
2244,$400B_length,48
2244,$4004_duty,3
2244,$4004_const,1
2244,$4004_vol,3
2244,$4008_linear,127
2244,$400A_period,67
2244,$400B_length,48
2244,$400E_period,1
2244,$400E_mode,0
2244,$400C_const,1
2244,$400C_vol,8
2245,$4008_linear,0
2245,$400C_const,1
2245,$400C_vol,5
2246,$4004_duty,3
2246,$4004_const,1
2246,$4004_vol,2
2246,$400C_const,1
2246,$400C_vol,0
2247,$4000_duty,3
2247,$4000_const,1
2247,$4000_vol,7
2247,$4004_duty,3
2247,$4004_const,1
2247,$4004_vol,0
2248,$4000_duty,3
2248,$4000_const,1
2248,$4000_vol,5
2249,$4000_duty,3
2249,$4000_const,1
2249,$4000_vol,0
2251,$4012_addr,240
2251,$4013_len,11
2251,$4010_rate,15
2251,$4000_duty,3
2251,$4000_const,1
2251,$4000_vol,10
2251,$4002_period,359
2251,$400B_length,32
2251,$4004_duty,2
2251,$4004_const,1
2251,$4004_vol,10
2251,$4006_period,1079
2251,$4008_linear,127
2251,$400A_period,135
2251,$400B_length,32
2251,$400E_period,3
2251,$400E_mode,0
2251,$400C_const,1
2251,$400C_vol,8
2252,$4004_duty,3
2252,$4004_const,1
2252,$4004_vol,9
2252,$4008_linear,0
2252,$400C_const,1
2252,$400C_vol,5
2253,$4004_duty,3
2253,$4004_const,1
2253,$4004_vol,8
2253,$400C_const,1
2253,$400C_vol,0
2254,$4000_duty,3
2254,$4000_const,1
2254,$4000_vol,7
2254,$4004_duty,3
2254,$4004_const,1
2254,$4004_vol,7
2255,$4000_duty,3
2255,$4000_const,1
2255,$4000_vol,5
2255,$4004_duty,3
2255,$4004_const,1
2255,$4004_vol,0
2256,$4000_duty,3
2256,$4000_const,1
2256,$4000_vol,0
2258,$4012_addr,240
2258,$4013_len,11
2258,$4010_rate,15
2258,$4000_duty,3
2258,$4000_const,1
2258,$4000_vol,10
2258,$4002_period,403
2258,$400B_length,48
2258,$4004_duty,2
2258,$4004_const,1
2258,$4004_vol,15
2258,$4006_period,2157
2258,$4008_linear,127
2258,$400A_period,113
2258,$400B_length,48
2258,$400C_const,1
2258,$400C_vol,10
2259,$4004_duty,3
2259,$4004_const,1
2259,$4004_vol,14
2259,$4008_linear,0
2259,$400C_const,1
2259,$400C_vol,7
2260,$4004_duty,3
2260,$4004_const,1
2260,$4004_vol,13
2260,$400C_const,1
2260,$400C_vol,0
2261,$4000_duty,3
2261,$4000_const,1
2261,$4000_vol,7
2261,$4004_duty,3
2261,$4004_const,1
2261,$4004_vol,12
2262,$4000_duty,3
2262,$4000_const,1
2262,$4000_vol,5
2262,$4004_duty,3
2262,$4004_const,1
2262,$4004_vol,11
2263,$4000_duty,3
2263,$4000_const,1
2263,$4000_vol,0
2263,$4004_duty,3
2263,$4004_const,1
2263,$4004_vol,10
2264,$4004_duty,3
2264,$4004_const,1
2264,$4004_vol,9
2265,$4000_duty,3
2265,$4000_const,1
2265,$4000_vol,10
2265,$4002_period,453
2265,$400B_length,32
2265,$4004_duty,3
2265,$4004_const,1
2265,$4004_vol,8
2265,$4008_linear,127
2265,$400A_period,135
2265,$400B_length,32
2265,$400E_period,2
2265,$400E_mode,0
2265,$400C_const,1
2265,$400C_vol,8
2266,$4008_linear,0
2266,$400C_const,1
2266,$400C_vol,5
2267,$4004_duty,3
2267,$4004_const,1
2267,$4004_vol,7
2267,$400C_const,1
2267,$400C_vol,0
2268,$4000_duty,3
2268,$4000_const,1
2268,$4000_vol,7
2268,$4004_duty,3
2268,$4004_const,1
2268,$4004_vol,4
2269,$4000_duty,3
2269,$4000_const,1
2269,$4000_vol,5
2270,$4000_duty,3
2270,$4000_const,1
2270,$4000_vol,0
2272,$4012_addr,250
2272,$4013_len,11
2272,$4010_rate,15
2272,$4000_duty,3
2272,$4000_const,1
2272,$4000_vol,10
2272,$4002_period,539
2272,$400B_length,49
2272,$4004_duty,2
2272,$4004_const,1
2272,$4004_vol,10
2272,$4006_period,1079
2272,$4008_linear,127
2272,$400A_period,67
2272,$400B_length,48
2272,$400E_period,1
2272,$400E_mode,0
2272,$400C_const,1
2272,$400C_vol,8
2273,$4004_duty,3
2273,$4004_const,1
2273,$4004_vol,9
2273,$4008_linear,0
2273,$400C_const,1
2273,$400C_vol,5
2274,$4004_duty,3
2274,$4004_const,1
2274,$4004_vol,8
2274,$400C_const,1
2274,$400C_vol,0
2275,$4000_duty,3
2275,$4000_const,1
2275,$4000_vol,7
2275,$4004_duty,3
2275,$4004_const,1
2275,$4004_vol,7
2276,$4000_duty,3
2276,$4000_const,1
2276,$4000_vol,5
2276,$4004_duty,3
2276,$4004_const,1
2276,$4004_vol,0
2277,$4000_duty,3
2277,$4000_const,1
2277,$4000_vol,0
2279,$4000_duty,3
2279,$4000_const,1
2279,$4000_vol,10
2279,$4002_period,641
2279,$400B_length,33
2279,$4004_duty,2
2279,$4004_const,1
2279,$4004_vol,10
2279,$4006_period,2157
2279,$4008_linear,127
2279,$400A_period,135
2279,$400B_length,32
2279,$400E_period,3
2279,$400E_mode,0
2279,$400C_const,1
2279,$400C_vol,8
2280,$4004_duty,3
2280,$4004_const,1
2280,$4004_vol,9
2280,$4008_linear,0
2280,$400C_const,1
2280,$400C_vol,5
2281,$4004_duty,3
2281,$4004_const,1
2281,$4004_vol,8
2281,$400C_const,1
2281,$400C_vol,0
2282,$4000_duty,3
2282,$4000_const,1
2282,$4000_vol,7
2282,$4004_duty,3
2282,$4004_const,1
2282,$4004_vol,7
2283,$4000_duty,3
2283,$4000_const,1
2283,$4000_vol,5
2283,$4004_duty,3
2283,$4004_const,1
2283,$4004_vol,6
2284,$4000_duty,3
2284,$4000_const,1
2284,$4000_vol,0
2284,$4004_duty,3
2284,$4004_const,1
2284,$4004_vol,5
2285,$4004_duty,3
2285,$4004_const,1
2285,$4004_vol,4
2286,$4012_addr,243
2286,$4013_len,28
2286,$4010_rate,15
2286,$4004_duty,3
2286,$4004_const,1
2286,$4004_vol,3
2286,$4008_linear,127
2286,$400A_period,113
2286,$400B_length,48
2286,$400C_const,1
2286,$400C_vol,10
2287,$4008_linear,0
2287,$400C_const,1
2287,$400C_vol,7
2288,$4004_duty,3
2288,$4004_const,1
2288,$4004_vol,2
2288,$400C_const,1
2288,$400C_vol,0
2289,$4004_duty,3
2289,$4004_const,1
2289,$4004_vol,0
2293,$4000_duty,0
2293,$4000_const,1
2293,$4000_vol,13
2293,$4002_period,807
2293,$400B_length,49
2293,$4004_duty,2
2293,$4004_const,1
2293,$4004_vol,13
2293,$4006_period,1619
2293,$4008_linear,127
2293,$400A_period,101
2293,$400B_length,32
2293,$400E_period,2
2293,$400E_mode,0
2293,$400C_const,1
2293,$400C_vol,8
2294,$4004_duty,3
2294,$4004_const,1
2294,$4004_vol,12
2294,$4008_linear,0
2294,$400C_const,1
2294,$400C_vol,5
2295,$4000_duty,0
2295,$4000_const,1
2295,$4000_vol,11
2295,$4004_duty,3
2295,$4004_const,1
2295,$4004_vol,11
2295,$400C_const,1
2295,$400C_vol,0
2296,$4004_duty,3
2296,$4004_const,1
2296,$4004_vol,10
2297,$4004_duty,3
2297,$4004_const,1
2297,$4004_vol,2
2298,$4000_duty,0
2298,$4000_const,1
2298,$4000_vol,2
2300,$4012_addr,250
2300,$4013_len,11
2300,$4010_rate,14
2300,$4000_duty,0
2300,$4000_const,1
2300,$4000_vol,13
2300,$4002_period,907
2300,$400B_length,33
2300,$4004_duty,2
2300,$4004_const,1
2300,$4004_vol,13
2300,$4006_period,1811
2300,$4008_linear,127
2300,$400A_period,113
2300,$400B_length,48
2300,$400E_period,1
2300,$400E_mode,0
2300,$400C_const,1
2300,$400C_vol,8
2301,$4004_duty,3
2301,$4004_const,1
2301,$4004_vol,12
2301,$4008_linear,0
2301,$400C_const,1
2301,$400C_vol,5
2302,$4000_duty,0
2302,$4000_const,1
2302,$4000_vol,11
2302,$4004_duty,3
2302,$4004_const,1
2302,$4004_vol,11
2302,$400C_const,1
2302,$400C_vol,0
2303,$4004_duty,3
2303,$4004_const,1
2303,$4004_vol,10
2304,$4004_duty,3
2304,$4004_const,1
2304,$4004_vol,2
2305,$4000_duty,0
2305,$4000_const,1
2305,$4000_vol,2
2307,$4010_rate,14
2307,$4000_duty,0
2307,$4000_const,1
2307,$4000_vol,13
2307,$4002_period,1079
2307,$400B_length,50
2307,$4004_duty,2
2307,$4004_const,1
2307,$4004_vol,14
2307,$4006_period,2157
2307,$4008_linear,127
2307,$400A_period,135
2307,$400B_length,32
2307,$400E_period,3
2307,$400E_mode,0
2307,$400C_const,1
2307,$400C_vol,8
2308,$4004_duty,3
2308,$4004_const,1
2308,$4004_vol,13
2308,$4008_linear,0
2308,$400C_const,1
2308,$400C_vol,5
2309,$4000_duty,0
2309,$4000_const,1
2309,$4000_vol,11
2309,$4004_duty,3
2309,$4004_const,1
2309,$4004_vol,12
2309,$400C_const,1
2309,$400C_vol,0
2310,$4004_duty,3
2310,$4004_const,1
2310,$4004_vol,11
2311,$4004_duty,3
2311,$4004_const,1
2311,$4004_vol,3
2312,$4000_duty,0
2312,$4000_const,1
2312,$4000_vol,2
2314,$4012_addr,243
2314,$4013_len,28
2314,$4010_rate,15
2314,$4000_duty,0
2314,$4000_const,1
2314,$4000_vol,13
2314,$4002_period,1281
2314,$400B_length,34
2314,$4004_duty,2
2314,$4004_const,1
2314,$4004_vol,14
2314,$4006_period,2571
2314,$4008_linear,127
2314,$400A_period,161
2314,$400B_length,48
2314,$400E_period,2
2314,$400E_mode,0
2314,$400C_const,1
2314,$400C_vol,14
2315,$4004_duty,3
2315,$4004_const,1
2315,$4004_vol,13
2315,$4008_linear,0
2315,$400C_const,1
2315,$400C_vol,11
2316,$4000_duty,0
2316,$4000_const,1
2316,$4000_vol,11
2316,$4004_duty,3
2316,$4004_const,1
2316,$4004_vol,12
2316,$400C_const,1
2316,$400C_vol,3
2317,$4004_duty,3
2317,$4004_const,1
2317,$4004_vol,11
2318,$4004_duty,3
2318,$4004_const,1
2318,$4004_vol,3
2319,$4000_duty,0
2319,$4000_const,1
2319,$4000_vol,2
2321,$4012_addr,240
2321,$4013_len,11
2321,$4010_rate,15
2321,$4004_duty,2
2321,$4004_const,1
2321,$4004_vol,15
2321,$4006_period,3237
2321,$4008_linear,127
2321,$400A_period,201
2321,$400B_length,32
2321,$400E_period,1
2321,$400E_mode,0
2321,$400C_const,1
2321,$400C_vol,2
2322,$4004_duty,3
2322,$4004_const,1
2322,$4004_vol,14
2322,$4008_linear,0
2322,$400C_const,1
2322,$400C_vol,0
2323,$4004_duty,3
2323,$4004_const,1
2323,$4004_vol,13
2324,$4004_duty,3
2324,$4004_const,1
2324,$4004_vol,12
2325,$4004_duty,3
2325,$4004_const,1
2325,$4004_vol,4
2327,$4000_duty,0
2327,$4000_const,1
2327,$4000_vol,0
2328,$4008_linear,127
2328,$400A_period,201
2328,$400B_length,48
2328,$400C_const,1
2328,$400C_vol,4
2329,$4004_duty,3
2329,$4004_const,1
2329,$4004_vol,0
2329,$4008_linear,0
2329,$400C_const,1
2329,$400C_vol,1
2330,$400C_const,1
2330,$400C_vol,0
2335,$4010_rate,15
2335,$4000_duty,0
2335,$4000_const,1
2335,$4000_vol,13
2335,$4002_period,1619
2335,$400B_length,51
2335,$4004_duty,2
2335,$4004_const,1
2335,$4004_vol,15
2335,$4006_period,3237
2335,$4008_linear,127
2335,$400A_period,179
2335,$400B_length,32
2335,$400E_period,2
2335,$400E_mode,0
2335,$400C_const,1
2335,$400C_vol,14
2336,$4004_duty,3
2336,$4004_const,1
2336,$4004_vol,14
2336,$4008_linear,0
2336,$400C_const,1
2336,$400C_vol,11
2337,$4000_duty,0
2337,$4000_const,1
2337,$4000_vol,11
2337,$4004_duty,3
2337,$4004_const,1
2337,$4004_vol,13
2337,$400C_const,1
2337,$400C_vol,3
2338,$4004_duty,3
2338,$4004_const,1
2338,$4004_vol,12
2339,$4004_duty,3
2339,$4004_const,1
2339,$4004_vol,4
2340,$4000_duty,0
2340,$4000_const,1
2340,$4000_vol,2
2342,$4010_rate,15
2342,$4008_linear,127
2342,$400A_period,161
2342,$400B_length,48
2342,$400E_period,1
2342,$400E_mode,0
2342,$400C_const,1
2342,$400C_vol,2
2343,$4004_duty,3
2343,$4004_const,1
2343,$4004_vol,0
2343,$4008_linear,0
2343,$400C_const,1
2343,$400C_vol,0
2348,$4000_duty,0
2348,$4000_const,1
2348,$4000_vol,0
2349,$4012_addr,253
2349,$4013_len,10
2349,$4010_rate,15
2349,$4000_duty,0
2349,$4000_const,1
2349,$4000_vol,13
2349,$4002_period,1619
2349,$400B_length,35
2349,$4004_duty,2
2349,$4004_const,1
2349,$4004_vol,15
2349,$4006_period,3237
2349,$4008_linear,127
2349,$400A_period,151
2349,$400B_length,32
2349,$400C_const,1
2349,$400C_vol,4
2350,$4004_duty,3
2350,$4004_const,1
2350,$4004_vol,14
2350,$4008_linear,0
2350,$400C_const,1
2350,$400C_vol,1
2351,$4000_duty,0
2351,$4000_const,1
2351,$4000_vol,11
2351,$4004_duty,3
2351,$4004_const,1
2351,$4004_vol,4
2351,$400C_const,1
2351,$400C_vol,0
2354,$4000_duty,0
2354,$4000_const,1
2354,$4000_vol,2
2355,$4004_duty,3
2355,$4004_const,1
2355,$4004_vol,0
2356,$4012_addr,243
2356,$4013_len,28
2356,$4010_rate,15
2356,$4000_duty,2
2356,$4000_const,1
2356,$4000_vol,5
2356,$4002_period,101
2356,$400B_length,48
2356,$4004_duty,2
2356,$4004_const,1
2356,$4004_vol,5
2356,$4006_period,113
2356,$4008_linear,127
2356,$400A_period,135
2356,$400B_length,48
2356,$400E_period,4
2356,$400E_mode,0
2356,$400C_const,1
2356,$400C_vol,11
2357,$4000_duty,3
2357,$4000_const,1
2357,$4000_vol,4
2357,$4004_duty,3
2357,$4004_const,1
2357,$4004_vol,4
2357,$4008_linear,0
2357,$400C_const,1
2357,$400C_vol,10
2358,$4000_duty,3
2358,$4000_const,1
2358,$4000_vol,3
2358,$4004_duty,3
2358,$4004_const,1
2358,$4004_vol,3
2358,$400C_const,1
2358,$400C_vol,0
2359,$4000_duty,3
2359,$4000_const,1
2359,$4000_vol,2
2359,$4004_duty,3
2359,$4004_const,1
2359,$4004_vol,2
2360,$4000_duty,3
2360,$4000_const,1
2360,$4000_vol,1
2360,$4004_duty,3
2360,$4004_const,1
2360,$4004_vol,1
2361,$4000_duty,3
2361,$4000_const,1
2361,$4000_vol,0
2361,$4004_duty,3
2361,$4004_const,1
2361,$4004_vol,0
2363,$4012_addr,253
2363,$4013_len,10
2363,$4010_rate,14
2363,$4008_linear,127
2363,$400A_period,101
2363,$400B_length,32
2363,$400E_period,1
2363,$400E_mode,0
2363,$400C_const,1
2363,$400C_vol,11
2364,$4008_linear,0
2364,$400C_const,1
2364,$400C_vol,8
2365,$400C_const,1
2365,$400C_vol,0
2370,$4012_addr,240
2370,$4013_len,11
2370,$4010_rate,15
2370,$4000_duty,3
2370,$4000_const,1
2370,$4000_vol,11
2370,$4002_period,481
2370,$400B_length,32
2370,$4004_duty,2
2370,$4004_const,1
2370,$4004_vol,15
2370,$4006_period,2427
2370,$4008_linear,127
2370,$400A_period,121
2370,$400B_length,48
2370,$400E_period,3
2370,$400E_mode,0
2370,$400C_const,1
2370,$400C_vol,10
2371,$4004_duty,3
2371,$4004_const,1
2371,$4004_vol,14
2371,$4008_linear,0
2371,$400C_const,1
2371,$400C_vol,7
2372,$4004_duty,3
2372,$4004_const,1
2372,$4004_vol,13
2372,$400C_const,1
2372,$400C_vol,0
2373,$4000_duty,3
2373,$4000_const,1
2373,$4000_vol,8
2373,$4004_duty,3
2373,$4004_const,1
2373,$4004_vol,12
2374,$4000_duty,3
2374,$4000_const,1
2374,$4000_vol,6
2374,$4004_duty,3
2374,$4004_const,1
2374,$4004_vol,11
2375,$4000_duty,3
2375,$4000_const,1
2375,$4000_vol,0
2375,$4004_duty,3
2375,$4004_const,1
2375,$4004_vol,10
2376,$4004_duty,3
2376,$4004_const,1
2376,$4004_vol,9
2377,$4004_duty,3
2377,$4004_const,1
2377,$4004_vol,8
2377,$4008_linear,127
2377,$400A_period,151
2377,$400B_length,32
2377,$400E_period,2
2377,$400E_mode,0
2377,$400C_const,1
2377,$400C_vol,8
2378,$4008_linear,0
2378,$400C_const,1
2378,$400C_vol,5
2379,$4004_duty,3
2379,$4004_const,1
2379,$4004_vol,7
2379,$400C_const,1
2379,$400C_vol,0
2380,$4004_duty,3
2380,$4004_const,1
2380,$4004_vol,4
2384,$4012_addr,250
2384,$4013_len,11
2384,$4010_rate,15
2384,$4000_duty,3
2384,$4000_const,1
2384,$4000_vol,9
2384,$4002_period,481
2384,$400B_length,48
2384,$4004_duty,2
2384,$4004_const,1
2384,$4004_vol,10
2384,$4006_period,1211
2384,$4008_linear,127
2384,$400A_period,75
2384,$400B_length,48
2384,$400E_period,1
2384,$400E_mode,0
2384,$400C_const,1
2384,$400C_vol,8
2385,$4004_duty,3
2385,$4004_const,1
2385,$4004_vol,9
2385,$4008_linear,0
2385,$400C_const,1
2385,$400C_vol,5
2386,$4004_duty,3
2386,$4004_const,1
2386,$4004_vol,8
2386,$400C_const,1
2386,$400C_vol,0
2387,$4000_duty,3
2387,$4000_const,1
2387,$4000_vol,0
2387,$4004_duty,3
2387,$4004_const,1
2387,$4004_vol,7
2388,$4004_duty,3
2388,$4004_const,1
2388,$4004_vol,0
2389,$4000_duty,3
2389,$4000_const,1
2389,$4000_vol,7
2389,$4002_period,481
2389,$400B_length,32
2391,$4004_duty,2
2391,$4004_const,1
2391,$4004_vol,12
2391,$4006_period,3237
2391,$4008_linear,127
2391,$400A_period,151
2391,$400B_length,32
2391,$400E_period,3
2391,$400E_mode,0
2391,$400C_const,1
2391,$400C_vol,8
2392,$4000_duty,3
2392,$4000_const,1
2392,$4000_vol,0
2392,$4004_duty,3
2392,$4004_const,1
2392,$4004_vol,11
2392,$4008_linear,0
2392,$400C_const,1
2392,$400C_vol,5
2393,$4004_duty,3
2393,$4004_const,1
2393,$4004_vol,10
2393,$400C_const,1
2393,$400C_vol,0
2394,$4000_duty,3
2394,$4000_const,1
2394,$4000_vol,5
2394,$4002_period,481
2394,$400B_length,48
2394,$4004_duty,3
2394,$4004_const,1
2394,$4004_vol,9
2395,$4004_duty,3
2395,$4004_const,1
2395,$4004_vol,8
2396,$4004_duty,3
2396,$4004_const,1
2396,$4004_vol,7
2397,$4000_duty,3
2397,$4000_const,1
2397,$4000_vol,0
2397,$4004_duty,3
2397,$4004_const,1
2397,$4004_vol,6
2398,$4012_addr,243
2398,$4013_len,28
2398,$4010_rate,15
2398,$4004_duty,3
2398,$4004_const,1
2398,$4004_vol,5
2398,$4008_linear,127
2398,$400A_period,121
2398,$400B_length,48
2398,$400C_const,1
2398,$400C_vol,10
2399,$4000_duty,3
2399,$4000_const,1
2399,$4000_vol,3
2399,$4002_period,481
2399,$400B_length,32
2399,$4008_linear,0
2399,$400C_const,1
2399,$400C_vol,7
2400,$4004_duty,3
2400,$4004_const,1
2400,$4004_vol,4
2400,$400C_const,1
2400,$400C_vol,0
2401,$4004_duty,3
2401,$4004_const,1
2401,$4004_vol,1
2402,$4000_duty,3
2402,$4000_const,1
2402,$4000_vol,0
2404,$4000_duty,3
2404,$4000_const,1
2404,$4000_vol,1
2404,$4002_period,481
2404,$400B_length,48
2405,$4004_duty,2
2405,$4004_const,1
2405,$4004_vol,12
2405,$4006_period,3237
2405,$4008_linear,127
2405,$400A_period,151
2405,$400B_length,32
2405,$400E_period,2
2405,$400E_mode,0
2405,$400C_const,1
2405,$400C_vol,8
2406,$4004_duty,3
2406,$4004_const,1
2406,$4004_vol,11
2406,$4008_linear,0
2406,$400C_const,1
2406,$400C_vol,5
2407,$4000_duty,3
2407,$4000_const,1
2407,$4000_vol,0
2407,$4004_duty,3
2407,$4004_const,1
2407,$4004_vol,10
2407,$400C_const,1
2407,$400C_vol,0
2408,$4004_duty,3
2408,$4004_const,1
2408,$4004_vol,9
2409,$4004_duty,3
2409,$4004_const,1
2409,$4004_vol,8
2410,$4004_duty,3
2410,$4004_const,1
2410,$4004_vol,7
2411,$4004_duty,3
2411,$4004_const,1
2411,$4004_vol,6
2412,$4012_addr,250
2412,$4013_len,11
2412,$4010_rate,14
2412,$4000_duty,3
2412,$4000_const,1
2412,$4000_vol,10
2412,$4002_period,453
2412,$400B_length,32
2412,$4004_duty,3
2412,$4004_const,1
2412,$4004_vol,5
2412,$4008_linear,127
2412,$400A_period,75
2412,$400B_length,48
2412,$400E_period,1
2412,$400E_mode,0
2412,$400C_const,1
2412,$400C_vol,8
2413,$4008_linear,0
2413,$400C_const,1
2413,$400C_vol,5
2414,$4004_duty,3
2414,$4004_const,1
2414,$4004_vol,4
2414,$400C_const,1
2414,$400C_vol,0
2415,$4000_duty,3
2415,$4000_const,1
2415,$4000_vol,7
2415,$4004_duty,3
2415,$4004_const,1
2415,$4004_vol,1
2416,$4000_duty,3
2416,$4000_const,1
2416,$4000_vol,5
2417,$4000_duty,3
2417,$4000_const,1
2417,$4000_vol,0
2419,$4010_rate,14
2419,$4000_duty,3
2419,$4000_const,1
2419,$4000_vol,10
2419,$4002_period,427
2419,$400B_length,48
2419,$4004_duty,2
2419,$4004_const,1
2419,$4004_vol,11
2419,$4006_period,1211
2419,$4008_linear,127
2419,$400A_period,151
2419,$400B_length,32
2419,$400E_period,3
2419,$400E_mode,0
2419,$400C_const,1
2419,$400C_vol,8
2420,$4004_duty,3
2420,$4004_const,1
2420,$4004_vol,10
2420,$4008_linear,0
2420,$400C_const,1
2420,$400C_vol,5
2421,$4004_duty,2
2421,$4004_const,1
2421,$4004_vol,6
2421,$4006_period,197
2421,$400C_const,1
2421,$400C_vol,0
2422,$4000_duty,3
2422,$4000_const,1
2422,$4000_vol,7
2422,$4004_duty,2
2422,$4004_const,1
2422,$4004_vol,9
2423,$4000_duty,3
2423,$4000_const,1
2423,$4000_vol,5
2423,$4004_duty,2
2423,$4004_const,1
2423,$4004_vol,12
2424,$4000_duty,3
2424,$4000_const,1
2424,$4000_vol,0
2424,$4004_duty,2
2424,$4004_const,1
2424,$4004_vol,9
2424,$400E_period,11
2424,$400E_mode,0
2424,$400C_const,1
2424,$400C_vol,7
2425,$4004_duty,2
2425,$4004_const,1
2425,$4004_vol,4
2425,$400E_period,10
2425,$400E_mode,0
2426,$4012_addr,240
2426,$4013_len,11
2426,$4010_rate,15
2426,$4000_duty,3
2426,$4000_const,1
2426,$4000_vol,10
2426,$4002_period,403
2426,$400B_length,32
2426,$4004_duty,2
2426,$4004_const,1
2426,$4004_vol,15
2426,$4006_period,2427
2426,$4008_linear,127
2426,$400A_period,121
2426,$400B_length,48
2426,$400E_period,11
2426,$400E_mode,0
2426,$400C_const,1
2426,$400C_vol,9
2427,$4004_duty,3
2427,$4004_const,1
2427,$4004_vol,14
2427,$4008_linear,0
2427,$400E_period,10
2427,$400E_mode,0
2428,$4004_duty,3
2428,$4004_const,1
2428,$4004_vol,13
2428,$400E_period,11
2428,$400E_mode,0
2428,$400C_const,1
2428,$400C_vol,7
2429,$4000_duty,3
2429,$4000_const,1
2429,$4000_vol,7
2429,$4004_duty,3
2429,$4004_const,1
2429,$4004_vol,12
2429,$400E_period,10
2429,$400E_mode,0
2430,$4000_duty,3
2430,$4000_const,1
2430,$4000_vol,5
2430,$4004_duty,3
2430,$4004_const,1
2430,$4004_vol,11
2430,$400E_period,11
2430,$400E_mode,0
2430,$400C_const,1
2430,$400C_vol,9
2431,$4000_duty,3
2431,$4000_const,1
2431,$4000_vol,0
2431,$4004_duty,3
2431,$4004_const,1
2431,$4004_vol,10
2431,$400E_period,10
2431,$400E_mode,0
2432,$4004_duty,3
2432,$4004_const,1
2432,$4004_vol,9
2432,$400E_period,11
2432,$400E_mode,0
2432,$400C_const,1
2432,$400C_vol,7
2433,$4000_duty,3
2433,$4000_const,1
2433,$4000_vol,10
2433,$4002_period,359
2433,$400B_length,48
2433,$4004_duty,3
2433,$4004_const,1
2433,$4004_vol,8
2433,$4008_linear,127
2433,$400A_period,151
2433,$400B_length,32
2433,$400E_period,10
2433,$400E_mode,0
2434,$4008_linear,0
2434,$400E_period,11
2434,$400E_mode,0
2434,$400C_const,1
2434,$400C_vol,9
2435,$4004_duty,3
2435,$4004_const,1
2435,$4004_vol,7
2435,$400E_period,10
2435,$400E_mode,0
2436,$4000_duty,3
2436,$4000_const,1
2436,$4000_vol,7
2436,$4004_duty,3
2436,$4004_const,1
2436,$4004_vol,4
2436,$400E_period,11
2436,$400E_mode,0
2436,$400C_const,1
2436,$400C_vol,7
2437,$4000_duty,3
2437,$4000_const,1
2437,$4000_vol,5
2437,$400E_period,10
2437,$400E_mode,0
2438,$4000_duty,3
2438,$4000_const,1
2438,$4000_vol,0
2438,$400E_period,11
2438,$400E_mode,0
2438,$400C_const,1
2438,$400C_vol,9
2439,$400E_period,10
2439,$400E_mode,0
2440,$4012_addr,250
2440,$4013_len,11
2440,$4010_rate,15
2440,$4000_duty,3
2440,$4000_const,1
2440,$4000_vol,10
2440,$4002_period,403
2440,$400B_length,32
2440,$4004_duty,2
2440,$4004_const,1
2440,$4004_vol,10
2440,$4006_period,1211
2440,$4008_linear,127
2440,$400A_period,75
2440,$400B_length,48
2440,$400E_period,11
2440,$400E_mode,0
2440,$400C_const,1
2440,$400C_vol,7
2441,$4004_duty,3
2441,$4004_const,1
2441,$4004_vol,9
2441,$4008_linear,0
2441,$400E_period,10
2441,$400E_mode,0
2442,$4004_duty,3
2442,$4004_const,1
2442,$4004_vol,8
2442,$400E_period,11
2442,$400E_mode,0
2442,$400C_const,1
2442,$400C_vol,9
2443,$4000_duty,3
2443,$4000_const,1
2443,$4000_vol,7
2443,$4004_duty,3
2443,$4004_const,1
2443,$4004_vol,7
2443,$400E_period,10
2443,$400E_mode,0
2444,$4000_duty,3
2444,$4000_const,1
2444,$4000_vol,5
2444,$4004_duty,3
2444,$4004_const,1
2444,$4004_vol,0
2444,$400E_period,11
2444,$400E_mode,0
2444,$400C_const,1
2444,$400C_vol,7
2445,$4000_duty,3
2445,$4000_const,1
2445,$4000_vol,0
2445,$400E_period,10
2445,$400E_mode,0
2446,$400E_period,11
2446,$400E_mode,0
2446,$400C_const,1
2446,$400C_vol,9
2447,$4012_addr,240
2447,$4013_len,11
2447,$4010_rate,15
2447,$4000_duty,3
2447,$4000_const,1
2447,$4000_vol,10
2447,$4002_period,359
2447,$400B_length,48
2447,$4004_duty,2
2447,$4004_const,1
2447,$4004_vol,12
2447,$4006_period,3237
2447,$4008_linear,127
2447,$400A_period,151
2447,$400B_length,32
2447,$400E_period,10
2447,$400E_mode,0
2448,$4004_duty,3
2448,$4004_const,1
2448,$4004_vol,11
2448,$4008_linear,0
2448,$400E_period,11
2448,$400E_mode,0
2448,$400C_const,1
2448,$400C_vol,7
2449,$4004_duty,3
2449,$4004_const,1
2449,$4004_vol,10
2449,$400E_period,10
2449,$400E_mode,0
2450,$4000_duty,3
2450,$4000_const,1
2450,$4000_vol,7
2450,$4004_duty,3
2450,$4004_const,1
2450,$4004_vol,9
2450,$400E_period,11
2450,$400E_mode,0
2450,$400C_const,1
2450,$400C_vol,9
2451,$4000_duty,3
2451,$4000_const,1
2451,$4000_vol,5
2451,$4004_duty,3
2451,$4004_const,1
2451,$4004_vol,8
2451,$400E_period,10
2451,$400E_mode,0
2452,$4000_duty,3
2452,$4000_const,1
2452,$4000_vol,0
2452,$4004_duty,3
2452,$4004_const,1
2452,$4004_vol,7
2452,$400E_period,11
2452,$400E_mode,0
2452,$400C_const,1
2452,$400C_vol,7
2453,$4004_duty,3
2453,$4004_const,1
2453,$4004_vol,6
2453,$400E_period,10
2453,$400E_mode,0
2454,$4012_addr,243
2454,$4013_len,28
2454,$4010_rate,15
2454,$4000_duty,3
2454,$4000_const,1
2454,$4000_vol,10
2454,$4002_period,403
2454,$400B_length,32
2454,$4004_duty,3
2454,$4004_const,1
2454,$4004_vol,5
2454,$4008_linear,127
2454,$400A_period,121
2454,$400B_length,48
2454,$400E_period,11
2454,$400E_mode,0
2454,$400C_const,1
2454,$400C_vol,9
2455,$4008_linear,0
2455,$400E_period,10
2455,$400E_mode,0
2456,$4004_duty,3
2456,$4004_const,1
2456,$4004_vol,4
2456,$400E_period,11
2456,$400E_mode,0
2456,$400C_const,1
2456,$400C_vol,7
2457,$4000_duty,3
2457,$4000_const,1
2457,$4000_vol,7
2457,$4004_duty,3
2457,$4004_const,1
2457,$4004_vol,1
2457,$400E_period,10
2457,$400E_mode,0
2458,$4000_duty,3
2458,$4000_const,1
2458,$4000_vol,5
2458,$400E_period,11
2458,$400E_mode,0
2458,$400C_const,1
2458,$400C_vol,9
2459,$4000_duty,3
2459,$4000_const,1
2459,$4000_vol,0
2459,$400E_period,10
2459,$400E_mode,0
2460,$400E_period,11
2460,$400E_mode,0
2460,$400C_const,1
2460,$400C_vol,7
2461,$4000_duty,3
2461,$4000_const,1
2461,$4000_vol,10
2461,$4002_period,481
2461,$400B_length,48
2461,$4004_duty,2
2461,$4004_const,1
2461,$4004_vol,12
2461,$4006_period,3237
2461,$4008_linear,127
2461,$400A_period,151
2461,$400B_length,32
2461,$400E_period,10
2461,$400E_mode,0
2462,$4004_duty,3
2462,$4004_const,1
2462,$4004_vol,11
2462,$4008_linear,0
2462,$400E_period,11
2462,$400E_mode,0
2462,$400C_const,1
2462,$400C_vol,9
2463,$4004_duty,3
2463,$4004_const,1
2463,$4004_vol,10
2463,$400E_period,10
2463,$400E_mode,0
2464,$4000_duty,3
2464,$4000_const,1
2464,$4000_vol,7
2464,$4004_duty,3
2464,$4004_const,1
2464,$4004_vol,9
2464,$400E_period,11
2464,$400E_mode,0
2464,$400C_const,1
2464,$400C_vol,7
2465,$4000_duty,3
2465,$4000_const,1
2465,$4000_vol,5
2465,$4004_duty,3
2465,$4004_const,1
2465,$4004_vol,8
2465,$400E_period,10
2465,$400E_mode,0
2466,$4000_duty,3
2466,$4000_const,1
2466,$4000_vol,0
2466,$4004_duty,3
2466,$4004_const,1
2466,$4004_vol,7
2466,$400E_period,11
2466,$400E_mode,0
2466,$400C_const,1
2466,$400C_vol,9
2467,$4004_duty,3
2467,$4004_const,1
2467,$4004_vol,6
2467,$400E_period,10
2467,$400E_mode,0
2468,$4012_addr,250
2468,$4013_len,11
2468,$4010_rate,14
2468,$4000_duty,3
2468,$4000_const,1
2468,$4000_vol,10
2468,$4002_period,605
2468,$400B_length,33
2468,$4004_duty,3
2468,$4004_const,1
2468,$4004_vol,5
2468,$4008_linear,127
2468,$400A_period,75
2468,$400B_length,48
2468,$400E_period,11
2468,$400E_mode,0
2468,$400C_const,1
2468,$400C_vol,7
2469,$4008_linear,0
2469,$400E_period,10
2469,$400E_mode,0
2470,$4004_duty,3
2470,$4004_const,1
2470,$4004_vol,4
2470,$400E_period,11
2470,$400E_mode,0
2470,$400C_const,1
2470,$400C_vol,9
2471,$4000_duty,3
2471,$4000_const,1
2471,$4000_vol,7
2471,$4004_duty,3
2471,$4004_const,1
2471,$4004_vol,1
2471,$400E_period,10
2471,$400E_mode,0
2472,$4000_duty,3
2472,$4000_const,1
2472,$4000_vol,5
2472,$400E_period,11
2472,$400E_mode,0
2472,$400C_const,1
2472,$400C_vol,7
2473,$4000_duty,3
2473,$4000_const,1
2473,$4000_vol,0
2473,$400E_period,10
2473,$400E_mode,0
2474,$400E_period,11
2474,$400E_mode,0
2474,$400C_const,1
2474,$400C_vol,9
2475,$4012_addr,240
2475,$4013_len,11
2475,$4010_rate,15
2475,$4000_duty,3
2475,$4000_const,1
2475,$4000_vol,10
2475,$4002_period,807
2475,$400B_length,49
2475,$4004_duty,2
2475,$4004_const,1
2475,$4004_vol,11
2475,$4006_period,1211
2475,$4008_linear,127
2475,$400A_period,151
2475,$400B_length,32
2475,$400E_period,10
2475,$400E_mode,0
2476,$4004_duty,3
2476,$4004_const,1
2476,$4004_vol,10
2476,$4008_linear,0
2476,$400E_period,11
2476,$400E_mode,0
2476,$400C_const,1
2476,$400C_vol,7
2477,$4004_duty,3
2477,$4004_const,1
2477,$4004_vol,9
2477,$400E_period,10
2477,$400E_mode,0
2478,$4000_duty,3
2478,$4000_const,1
2478,$4000_vol,7
2478,$4004_duty,1
2478,$4004_const,1
2478,$4004_vol,11
2478,$4006_period,907
2478,$400E_period,11
2478,$400E_mode,0
2478,$400C_const,1
2478,$400C_vol,9
2479,$4000_duty,3
2479,$4000_const,1
2479,$4000_vol,5
2479,$400E_period,10
2479,$400E_mode,0
2480,$4000_duty,3
2480,$4000_const,1
2480,$4000_vol,0
2480,$4004_duty,1
2480,$4004_const,1
2480,$4004_vol,10
2480,$4006_period,961
2480,$400E_period,11
2480,$400E_mode,0
2480,$400C_const,1
2480,$400C_vol,7
2481,$4004_duty,1
2481,$4004_const,1
2481,$4004_vol,7
2481,$4006_period,641
2481,$400E_period,10
2481,$400E_mode,0
2482,$4012_addr,240
2482,$4013_len,11
2482,$4010_rate,15
2482,$4000_duty,3
2482,$4000_const,1
2482,$4000_vol,10
2482,$4002_period,481
2482,$400B_length,32
2482,$4004_duty,1
2482,$4004_const,1
2482,$4004_vol,6
2482,$4006_period,605
2482,$4008_linear,127
2482,$400A_period,121
2482,$400B_length,48
2482,$400E_period,11
2482,$400E_mode,0
2482,$400C_const,1
2482,$400C_vol,9
2483,$4004_duty,1
2483,$4004_const,1
2483,$4004_vol,5
2483,$4006_period,571
2483,$4008_linear,0
2483,$400E_period,10
2483,$400E_mode,0
2484,$4004_duty,1
2484,$4004_const,1
2484,$4004_vol,4
2484,$4006_period,509
2484,$400E_period,11
2484,$400E_mode,0
2484,$400C_const,1
2484,$400C_vol,7
2485,$4000_duty,3
2485,$4000_const,1
2485,$4000_vol,7
2485,$4004_duty,3
2485,$4004_const,1
2485,$4004_vol,12
2485,$4006_period,2427
2485,$400E_period,10
2485,$400E_mode,0
2486,$4000_duty,3
2486,$4000_const,1
2486,$4000_vol,5
2486,$4004_duty,3
2486,$4004_const,1
2486,$4004_vol,11
2486,$400E_period,11
2486,$400E_mode,0
2486,$400C_const,1
2486,$400C_vol,9
2487,$4000_duty,3
2487,$4000_const,1
2487,$4000_vol,0
2487,$4004_duty,3
2487,$4004_const,1
2487,$4004_vol,10
2487,$400E_period,10
2487,$400E_mode,0
2488,$4004_duty,3
2488,$4004_const,1
2488,$4004_vol,9
2488,$400E_period,11
2488,$400E_mode,0
2488,$400C_const,1
2488,$400C_vol,7
2489,$4000_duty,3
2489,$4000_const,1
2489,$4000_vol,10
2489,$4002_period,453
2489,$400B_length,48
2489,$4004_duty,3
2489,$4004_const,1
2489,$4004_vol,8
2489,$4008_linear,127
2489,$400A_period,151
2489,$400B_length,32
2489,$400E_period,10
2489,$400E_mode,0
2490,$4008_linear,0
2490,$400E_period,11
2490,$400E_mode,0
2490,$400C_const,1
2490,$400C_vol,9
2491,$4004_duty,3
2491,$4004_const,1
2491,$4004_vol,7
2491,$400E_period,10
2491,$400E_mode,0
2492,$4000_duty,3
2492,$4000_const,1
2492,$4000_vol,7
2492,$4004_duty,3
2492,$4004_const,1
2492,$4004_vol,4
2492,$400E_period,11
2492,$400E_mode,0
2492,$400C_const,1
2492,$400C_vol,7
2493,$4000_duty,3
2493,$4000_const,1
2493,$4000_vol,5
2493,$400E_period,10
2493,$400E_mode,0
2494,$4000_duty,3
2494,$4000_const,1
2494,$4000_vol,0
2494,$400E_period,11
2494,$400E_mode,0
2494,$400C_const,1
2494,$400C_vol,9
2495,$400E_period,10
2495,$400E_mode,0
2496,$4012_addr,250
2496,$4013_len,11
2496,$4010_rate,15
2496,$4000_duty,3
2496,$4000_const,1
2496,$4000_vol,10
2496,$4002_period,427
2496,$400B_length,32
2496,$4004_duty,2
2496,$4004_const,1
2496,$4004_vol,10
2496,$4006_period,1211
2496,$4008_linear,127
2496,$400A_period,75
2496,$400B_length,48
2496,$400E_period,11
2496,$400E_mode,0
2496,$400C_const,1
2496,$400C_vol,7
2497,$4004_duty,3
2497,$4004_const,1
2497,$4004_vol,9
2497,$4008_linear,0
2497,$400E_period,10
2497,$400E_mode,0
2498,$4004_duty,3
2498,$4004_const,1
2498,$4004_vol,8
2498,$400E_period,11
2498,$400E_mode,0
2498,$400C_const,1
2498,$400C_vol,9
2499,$4000_duty,3
2499,$4000_const,1
2499,$4000_vol,7
2499,$4004_duty,3
2499,$4004_const,1
2499,$4004_vol,7
2499,$400E_period,10
2499,$400E_mode,0
2500,$4000_duty,3
2500,$4000_const,1
2500,$4000_vol,5
2500,$4004_duty,3
2500,$4004_const,1
2500,$4004_vol,0
2500,$400E_period,11
2500,$400E_mode,0
2500,$400C_const,1
2500,$400C_vol,7
2501,$4000_duty,3
2501,$4000_const,1
2501,$4000_vol,0
2501,$400E_period,10
2501,$400E_mode,0
2502,$400E_period,11
2502,$400E_mode,0
2502,$400C_const,1
2502,$400C_vol,9
2503,$4000_duty,3
2503,$4000_const,1
2503,$4000_vol,10
2503,$4002_period,403
2503,$400B_length,48
2503,$4004_duty,2
2503,$4004_const,1
2503,$4004_vol,12
2503,$4006_period,3237
2503,$4008_linear,127
2503,$400A_period,151
2503,$400B_length,32
2503,$400E_period,10
2503,$400E_mode,0
2504,$4004_duty,3
2504,$4004_const,1
2504,$4004_vol,11
2504,$4008_linear,0
2504,$400E_period,11
2504,$400E_mode,0
2504,$400C_const,1
2504,$400C_vol,7
2505,$4004_duty,3
2505,$4004_const,1
2505,$4004_vol,10
2505,$400E_period,10
2505,$400E_mode,0
2506,$4000_duty,3
2506,$4000_const,1
2506,$4000_vol,7
2506,$4004_duty,3
2506,$4004_const,1
2506,$4004_vol,9
2506,$400E_period,11
2506,$400E_mode,0
2506,$400C_const,1
2506,$400C_vol,9
2507,$4000_duty,3
2507,$4000_const,1
2507,$4000_vol,5
2507,$4004_duty,3
2507,$4004_const,1
2507,$4004_vol,8
2507,$400E_period,10
2507,$400E_mode,0
2508,$4000_duty,3
2508,$4000_const,1
2508,$4000_vol,0
2508,$4004_duty,3
2508,$4004_const,1
2508,$4004_vol,7
2508,$400E_period,11
2508,$400E_mode,0
2508,$400C_const,1
2508,$400C_vol,11
2509,$4004_duty,3
2509,$4004_const,1
2509,$4004_vol,6
2509,$400E_period,10
2509,$400E_mode,0
2510,$4012_addr,243
2510,$4013_len,28
2510,$4010_rate,15
2510,$4004_duty,3
2510,$4004_const,1
2510,$4004_vol,5
2510,$4008_linear,127
2510,$400A_period,121
2510,$400B_length,48
2510,$400E_period,11
2510,$400E_mode,0
2510,$400C_const,1
2510,$400C_vol,13
2511,$4008_linear,0
2511,$400E_period,10
2511,$400E_mode,0
2512,$4004_duty,3
2512,$4004_const,1
2512,$4004_vol,4
2512,$400E_period,11
2512,$400E_mode,0
2512,$400C_const,1
2512,$400C_vol,15
2513,$4004_duty,3
2513,$4004_const,1
2513,$4004_vol,1
2513,$400E_period,12
2513,$400E_mode,0
2514,$400E_period,11
2514,$400E_mode,0
2514,$400C_const,1
2514,$400C_vol,13
2515,$400E_period,12
2515,$400E_mode,0
2516,$400E_period,11
2516,$400E_mode,0
2516,$400C_const,1
2516,$400C_vol,11
2517,$4000_duty,0
2517,$4000_const,1
2517,$4000_vol,7
2517,$4002_period,89
2517,$400B_length,32
2517,$4004_duty,3
2517,$4004_const,1
2517,$4004_vol,15
2517,$4006_period,763
2517,$4008_linear,127
2517,$400A_period,151
2517,$400B_length,32
2517,$400E_period,12
2517,$400E_mode,0
2518,$4006_period,1079
2518,$4008_linear,0
2518,$400E_period,11
2518,$400E_mode,0
2518,$400C_const,1
2518,$400C_vol,9
2519,$4000_duty,0
2519,$4000_const,1
2519,$4000_vol,5
2519,$4006_period,1441
2519,$400E_period,12
2519,$400E_mode,0
2520,$4004_duty,3
2520,$4004_const,1
2520,$4004_vol,6
2520,$4006_period,481
2520,$400E_period,11
2520,$400E_mode,0
2520,$400C_const,1
2520,$400C_vol,7
2521,$4000_duty,0
2521,$4000_const,1
2521,$4000_vol,0
2521,$4006_period,453
2521,$400E_period,12
2521,$400E_mode,0
2522,$4006_period,403
2522,$400E_period,11
2522,$400E_mode,0
2522,$400C_const,1
2522,$400C_vol,5
2523,$4006_period,3237
2523,$400E_period,12
2523,$400E_mode,0
2524,$4012_addr,250
2524,$4013_len,11
2524,$4010_rate,14
2524,$4000_duty,0
2524,$4000_const,1
2524,$4000_vol,7
2524,$4002_period,81
2524,$400B_length,48
2524,$4004_duty,3
2524,$4004_const,1
2524,$4004_vol,5
2524,$4008_linear,127
2524,$400A_period,75
2524,$400B_length,48
2524,$400E_period,11
2524,$400E_mode,0
2524,$400C_const,1
2524,$400C_vol,3
2525,$4008_linear,0
2525,$400E_period,12
2525,$400E_mode,0
2526,$4000_duty,0
2526,$4000_const,1
2526,$4000_vol,5
2526,$4004_duty,3
2526,$4004_const,1
2526,$4004_vol,4
2526,$400E_period,11
2526,$400E_mode,0
2526,$400C_const,1
2526,$400C_vol,1
2527,$4004_duty,3
2527,$4004_const,1
2527,$4004_vol,1
2527,$400E_period,12
2527,$400E_mode,0
2528,$4000_duty,0
2528,$4000_const,1
2528,$4000_vol,0
2528,$400E_period,1
2528,$400E_mode,0
2528,$400C_const,1
2528,$400C_vol,0
2531,$4010_rate,14
2531,$4000_duty,0
2531,$4000_const,1
2531,$4000_vol,7
2531,$4002_period,75
2531,$400B_length,32
2531,$4004_duty,2
2531,$4004_const,1
2531,$4004_vol,11
2531,$4006_period,1211
2531,$4008_linear,127
2531,$400A_period,151
2531,$400B_length,32
2531,$400E_period,3
2531,$400E_mode,0
2531,$400C_const,1
2531,$400C_vol,8
2532,$4004_duty,3
2532,$4004_const,1
2532,$4004_vol,10
2532,$4008_linear,0
2532,$400C_const,1
2532,$400C_vol,5
2533,$4000_duty,0
2533,$4000_const,1
2533,$4000_vol,5
2533,$4004_duty,3
2533,$4004_const,1
2533,$4004_vol,9
2533,$400C_const,1
2533,$400C_vol,0
2534,$4004_duty,3
2534,$4004_const,1
2534,$4004_vol,8
2535,$4000_duty,0
2535,$4000_const,1
2535,$4000_vol,0
2535,$4004_duty,3
2535,$4004_const,1
2535,$4004_vol,0
2538,$4012_addr,240
2538,$4013_len,11
2538,$4010_rate,15
2538,$4000_duty,0
2538,$4000_const,1
2538,$4000_vol,7
2538,$4002_period,101
2538,$400B_length,48
2538,$4004_duty,2
2538,$4004_const,1
2538,$4004_vol,15
2538,$4006_period,2427
2538,$4008_linear,127
2538,$400A_period,121
2538,$400B_length,48
2538,$400C_const,1
2538,$400C_vol,10
2539,$4004_duty,3
2539,$4004_const,1
2539,$4004_vol,14
2539,$4008_linear,0
2539,$400C_const,1
2539,$400C_vol,7
2540,$4000_duty,0
2540,$4000_const,1
2540,$4000_vol,5
2540,$4004_duty,3
2540,$4004_const,1
2540,$4004_vol,13
2540,$400C_const,1
2540,$400C_vol,0
2541,$4004_duty,3
2541,$4004_const,1
2541,$4004_vol,12
2542,$4000_duty,0
2542,$4000_const,1
2542,$4000_vol,0
2542,$4004_duty,3
2542,$4004_const,1
2542,$4004_vol,11
2543,$4004_duty,3
2543,$4004_const,1
2543,$4004_vol,10
2544,$4004_duty,3
2544,$4004_const,1
2544,$4004_vol,9
2545,$4004_duty,3
2545,$4004_const,1
2545,$4004_vol,8
2545,$4008_linear,127
2545,$400A_period,151
2545,$400B_length,32
2545,$400E_period,2
2545,$400E_mode,0
2545,$400C_const,1
2545,$400C_vol,8
2546,$4008_linear,0
2546,$400C_const,1
2546,$400C_vol,5
2547,$4004_duty,3
2547,$4004_const,1
2547,$4004_vol,7
2547,$400C_const,1
2547,$400C_vol,0
2548,$4004_duty,3
2548,$4004_const,1
2548,$4004_vol,4
2552,$4012_addr,250
2552,$4013_len,11
2552,$4010_rate,15
2552,$4004_duty,2
2552,$4004_const,1
2552,$4004_vol,10
2552,$4006_period,1211
2552,$4008_linear,127
2552,$400A_period,75
2552,$400B_length,48
2552,$400E_period,1
2552,$400E_mode,0
2552,$400C_const,1
2552,$400C_vol,8
2553,$4004_duty,3
2553,$4004_const,1
2553,$4004_vol,9
2553,$4008_linear,0
2553,$400C_const,1
2553,$400C_vol,5
2554,$4004_duty,3
2554,$4004_const,1
2554,$4004_vol,8
2554,$400C_const,1
2554,$400C_vol,0
2555,$4004_duty,3
2555,$4004_const,1
2555,$4004_vol,7
2556,$4004_duty,3
2556,$4004_const,1
2556,$4004_vol,0
2559,$4010_rate,15
2559,$4004_duty,2
2559,$4004_const,1
2559,$4004_vol,12
2559,$4006_period,3237
2559,$4008_linear,127
2559,$400A_period,151
2559,$400B_length,32
2559,$400E_period,3
2559,$400E_mode,0
2559,$400C_const,1
2559,$400C_vol,8
2560,$4004_duty,3
2560,$4004_const,1
2560,$4004_vol,11
2560,$4008_linear,0
2560,$400C_const,1
2560,$400C_vol,5
2561,$4004_duty,3
2561,$4004_const,1
2561,$4004_vol,10
2561,$400C_const,1
2561,$400C_vol,0
2562,$4004_duty,3
2562,$4004_const,1
2562,$4004_vol,9
2563,$4004_duty,3
2563,$4004_const,1
2563,$4004_vol,8
2564,$4004_duty,3
2564,$4004_const,1
2564,$4004_vol,7
2565,$4004_duty,3
2565,$4004_const,1
2565,$4004_vol,6
2566,$4012_addr,243
2566,$4013_len,28
2566,$4010_rate,15
2566,$4004_duty,3
2566,$4004_const,1
2566,$4004_vol,5
2566,$4008_linear,127
2566,$400A_period,121
2566,$400B_length,48
2566,$400C_const,1
2566,$400C_vol,10
2567,$4008_linear,0
2567,$400C_const,1
2567,$400C_vol,7
2568,$4004_duty,3
2568,$4004_const,1
2568,$4004_vol,4
2568,$400C_const,1
2568,$400C_vol,0
2569,$4004_duty,3
2569,$4004_const,1
2569,$4004_vol,1
2573,$4012_addr,250
2573,$4013_len,11
2573,$4010_rate,14
2573,$4004_duty,2
2573,$4004_const,1
2573,$4004_vol,12
2573,$4006_period,3237
2573,$4008_linear,127
2573,$400A_period,151
2573,$400B_length,32
2573,$400E_period,2
2573,$400E_mode,0
2573,$400C_const,1
2573,$400C_vol,8
2574,$4004_duty,3
2574,$4004_const,1
2574,$4004_vol,11
2574,$4008_linear,0
2574,$400C_const,1
2574,$400C_vol,5
2575,$4004_duty,3
2575,$4004_const,1
2575,$4004_vol,10
2575,$400C_const,1
2575,$400C_vol,0
2576,$4004_duty,3
2576,$4004_const,1
2576,$4004_vol,9
2577,$4004_duty,3
2577,$4004_const,1
2577,$4004_vol,8
2578,$4004_duty,3
2578,$4004_const,1
2578,$4004_vol,7
2579,$4004_duty,3
2579,$4004_const,1
2579,$4004_vol,6
2580,$4012_addr,243
2580,$4013_len,28
2580,$4010_rate,15
2580,$4004_duty,3
2580,$4004_const,1
2580,$4004_vol,5
2580,$4008_linear,127
2580,$400A_period,75
2580,$400B_length,48
2580,$400E_period,1
2580,$400E_mode,0
2580,$400C_const,1
2580,$400C_vol,8
2581,$4008_linear,0
2581,$400C_const,1
2581,$400C_vol,5
2582,$4004_duty,3
2582,$4004_const,1
2582,$4004_vol,4
2582,$400C_const,1
2582,$400C_vol,0
2583,$4004_duty,3
2583,$4004_const,1
2583,$4004_vol,1
2587,$4012_addr,240
2587,$4013_len,11
2587,$4010_rate,15
2587,$4004_duty,2
2587,$4004_const,1
2587,$4004_vol,11
2587,$4006_period,1211
2587,$4008_linear,127
2587,$400A_period,151
2587,$400B_length,32
2587,$400E_period,3
2587,$400E_mode,0
2587,$400C_const,1
2587,$400C_vol,8
2588,$4004_duty,3
2588,$4004_const,1
2588,$4004_vol,10
2588,$4008_linear,0
2588,$400C_const,1
2588,$400C_vol,5
2589,$4004_duty,3
2589,$4004_const,1
2589,$4004_vol,9
2589,$400C_const,1
2589,$400C_vol,0
2590,$4004_duty,3
2590,$4004_const,1
2590,$4004_vol,8
2591,$4004_duty,3
2591,$4004_const,1
2591,$4004_vol,0
2594,$4012_addr,240
2594,$4013_len,11
2594,$4010_rate,15
2594,$4000_duty,3
2594,$4000_const,1
2594,$4000_vol,11
2594,$4002_period,539
2594,$400B_length,33
2594,$4004_duty,2
2594,$4004_const,1
2594,$4004_vol,15
2594,$4006_period,2157
2594,$4008_linear,127
2594,$400A_period,113
2594,$400B_length,48
2594,$400C_const,1
2594,$400C_vol,10
2595,$4004_duty,3
2595,$4004_const,1
2595,$4004_vol,14
2595,$4008_linear,0
2595,$400C_const,1
2595,$400C_vol,7
2596,$4004_duty,3
2596,$4004_const,1
2596,$4004_vol,13
2596,$400C_const,1
2596,$400C_vol,0
2597,$4000_duty,3
2597,$4000_const,1
2597,$4000_vol,8
2597,$4004_duty,3
2597,$4004_const,1
2597,$4004_vol,12
2598,$4000_duty,3
2598,$4000_const,1
2598,$4000_vol,6
2598,$4004_duty,3
2598,$4004_const,1
2598,$4004_vol,11
2599,$4000_duty,3
2599,$4000_const,1
2599,$4000_vol,0
2599,$4004_duty,3
2599,$4004_const,1
2599,$4004_vol,10
2600,$4004_duty,3
2600,$4004_const,1
2600,$4004_vol,9
2601,$4004_duty,3
2601,$4004_const,1
2601,$4004_vol,8
2601,$4008_linear,127
2601,$400A_period,135
2601,$400B_length,32
2601,$400E_period,2
2601,$400E_mode,0
2601,$400C_const,1
2601,$400C_vol,8
2602,$4008_linear,0
2602,$400C_const,1
2602,$400C_vol,5
2603,$4004_duty,3
2603,$4004_const,1
2603,$4004_vol,7
2603,$400C_const,1
2603,$400C_vol,0
2604,$4004_duty,3
2604,$4004_const,1
2604,$4004_vol,4
2608,$4012_addr,250
2608,$4013_len,11
2608,$4010_rate,15
2608,$4000_duty,3
2608,$4000_const,1
2608,$4000_vol,9
2608,$4002_period,539
2608,$400B_length,49
2608,$4004_duty,2
2608,$4004_const,1
2608,$4004_vol,12
2608,$4006_period,1079
2608,$4008_linear,127
2608,$400A_period,67
2608,$400B_length,48
2608,$400E_period,1
2608,$400E_mode,0
2608,$400C_const,1
2608,$400C_vol,8
2609,$4004_duty,3
2609,$4004_const,1
2609,$4004_vol,11
2609,$4008_linear,0
2609,$400C_const,1
2609,$400C_vol,5
2610,$4004_duty,3
2610,$4004_const,1
2610,$4004_vol,10
2610,$400C_const,1
2610,$400C_vol,0
2611,$4000_duty,3
2611,$4000_const,1
2611,$4000_vol,0
2611,$4004_duty,3
2611,$4004_const,1
2611,$4004_vol,9
2612,$4004_duty,3
2612,$4004_const,1
2612,$4004_vol,1
2613,$4000_duty,3
2613,$4000_const,1
2613,$4000_vol,7
2613,$4002_period,539
2613,$400B_length,33
2615,$4004_duty,2
2615,$4004_const,1
2615,$4004_vol,12
2615,$4006_period,2881
2615,$4008_linear,127
2615,$400A_period,135
2615,$400B_length,32
2615,$400E_period,3
2615,$400E_mode,0
2615,$400C_const,1
2615,$400C_vol,8
2616,$4000_duty,3
2616,$4000_const,1
2616,$4000_vol,0
2616,$4004_duty,3
2616,$4004_const,1
2616,$4004_vol,11
2616,$4008_linear,0
2616,$400C_const,1
2616,$400C_vol,5
2617,$4004_duty,3
2617,$4004_const,1
2617,$4004_vol,10
2617,$400C_const,1
2617,$400C_vol,0
2618,$4000_duty,3
2618,$4000_const,1
2618,$4000_vol,5
2618,$4002_period,539
2618,$400B_length,49
2618,$4004_duty,3
2618,$4004_const,1
2618,$4004_vol,9
2619,$4004_duty,3
2619,$4004_const,1
2619,$4004_vol,8
2620,$4004_duty,3
2620,$4004_const,1
2620,$4004_vol,7
2621,$4000_duty,3
2621,$4000_const,1
2621,$4000_vol,0
2621,$4004_duty,3
2621,$4004_const,1
2621,$4004_vol,6
2622,$4012_addr,243
2622,$4013_len,28
2622,$4010_rate,15
2622,$4004_duty,3
2622,$4004_const,1
2622,$4004_vol,5
2622,$4008_linear,127
2622,$400A_period,113
2622,$400B_length,48
2622,$400C_const,1
2622,$400C_vol,10
2623,$4000_duty,3
2623,$4000_const,1
2623,$4000_vol,3
2623,$4002_period,539
2623,$400B_length,33
2623,$4008_linear,0
2623,$400C_const,1
2623,$400C_vol,7
2624,$4004_duty,3
2624,$4004_const,1
2624,$4004_vol,4
2624,$400C_const,1
2624,$400C_vol,0
2625,$4004_duty,3
2625,$4004_const,1
2625,$4004_vol,1
2626,$4000_duty,3
2626,$4000_const,1
2626,$4000_vol,0
2628,$4000_duty,3
2628,$4000_const,1
2628,$4000_vol,1
2628,$4002_period,539
2628,$400B_length,49
2629,$4004_duty,2
2629,$4004_const,1
2629,$4004_vol,10
2629,$4006_period,2881
2629,$4008_linear,127
2629,$400A_period,135
2629,$400B_length,32
2629,$400E_period,2
2629,$400E_mode,0
2629,$400C_const,1
2629,$400C_vol,8
2630,$4004_duty,3
2630,$4004_const,1
2630,$4004_vol,9
2630,$4008_linear,0
2630,$400C_const,1
2630,$400C_vol,5
2631,$4000_duty,3
2631,$4000_const,1
2631,$4000_vol,0
2631,$4004_duty,3
2631,$4004_const,1
2631,$4004_vol,8
2631,$400C_const,1
2631,$400C_vol,0
2632,$4004_duty,3
2632,$4004_const,1
2632,$4004_vol,7
2633,$4004_duty,3
2633,$4004_const,1
2633,$4004_vol,6
2634,$4004_duty,3
2634,$4004_const,1
2634,$4004_vol,5
2635,$4004_duty,3
2635,$4004_const,1
2635,$4004_vol,4
2636,$4012_addr,250
2636,$4013_len,11
2636,$4010_rate,14
2636,$4000_duty,3
2636,$4000_const,1
2636,$4000_vol,10
2636,$4002_period,509
2636,$400B_length,32
2636,$4004_duty,3
2636,$4004_const,1
2636,$4004_vol,3
2636,$4008_linear,127
2636,$400A_period,67
2636,$400B_length,48
2636,$400E_period,1
2636,$400E_mode,0
2636,$400C_const,1
2636,$400C_vol,8
2637,$4008_linear,0
2637,$400C_const,1
2637,$400C_vol,5
2638,$4004_duty,3
2638,$4004_const,1
2638,$4004_vol,2
2638,$400C_const,1
2638,$400C_vol,0
2639,$4000_duty,1
2639,$4000_const,1
2639,$4000_vol,15
2639,$4002_period,427
2639,$400B_length,16
2639,$4004_duty,3
2639,$4004_const,1
2639,$4004_vol,15
2639,$4006_period,539
2639,$400A_period,113
2639,$400B_length,0
2639,$400E_period,11
2639,$400E_mode,0
2639,$400C_const,1
2639,$400C_vol,15
2640,$4006_period,1713
2640,$400E_period,14
2640,$400E_mode,0
2641,$4002_period,571
2641,$400B_length,1
2641,$4006_period,1143
2641,$400A_period,213
2641,$400B_length,16
2641,$400E_period,11
2641,$400E_mode,0
2641,$400C_const,1
2641,$400C_vol,7
2642,$4006_period,1713
2642,$400E_period,14
2642,$400E_mode,0
2643,$4010_rate,14
2643,$4002_period,1019
2643,$400B_length,17
2643,$4006_period,571
2643,$400A_period,381
2643,$400B_length,0
2643,$400C_const,1
2643,$400C_vol,0
2644,$4004_duty,2
2644,$4004_const,1
2644,$4004_vol,15
2644,$4006_period,1359
2645,$4002_period,679
2645,$400B_length,1
2645,$4006_period,1713
2646,$4000_duty,1
2646,$4000_const,1
2646,$4000_vol,4
2646,$4006_period,4095
2647,$4004_duty,2
2647,$4004_const,1
2647,$4004_vol,4
2648,$4000_duty,1
2648,$4000_const,1
2648,$4000_vol,15
2648,$4002_period,1019
2648,$400B_length,17
2648,$4004_duty,2
2648,$4004_const,1
2648,$4004_vol,15
2648,$4006_period,4095
2649,$4000_duty,1
2649,$4000_const,1
2649,$4000_vol,4
2649,$4004_duty,2
2649,$4004_const,1
2649,$4004_vol,4
2650,$4012_addr,240
2650,$4013_len,11
2650,$4010_rate,15
2650,$4004_duty,2
2650,$4004_const,1
2650,$4004_vol,15
2650,$4006_period,4095
2651,$4000_duty,1
2651,$4000_const,1
2651,$4000_vol,15
2651,$4002_period,763
2651,$400B_length,1
2651,$4004_duty,2
2651,$4004_const,1
2651,$4004_vol,4
2652,$4000_duty,1
2652,$4000_const,1
2652,$4000_vol,4
2652,$4004_duty,2
2652,$4004_const,1
2652,$4004_vol,15
2652,$4006_period,4095
2653,$4004_duty,2
2653,$4004_const,1
2653,$4004_vol,4
2653,$400E_period,13
2653,$400E_mode,0
2653,$400C_const,1
2653,$400C_vol,10
2654,$4000_duty,1
2654,$4000_const,1
2654,$4000_vol,13
2654,$4002_period,719
2654,$400B_length,17
2654,$4004_duty,2
2654,$4004_const,1
2654,$4004_vol,15
2654,$4006_period,4095
2655,$4000_duty,1
2655,$4000_const,1
2655,$4000_vol,2
2655,$4004_duty,2
2655,$4004_const,1
2655,$4004_vol,4
2656,$4004_duty,2
2656,$4004_const,1
2656,$4004_vol,15
2656,$4006_period,4095
2657,$4002_period,1921
2657,$400B_length,3
2657,$4004_duty,2
2657,$4004_const,1
2657,$4004_vol,4
2658,$4004_duty,2
2658,$4004_const,1
2658,$4004_vol,15
2658,$4006_period,2289
2659,$4000_duty,3
2659,$4000_const,1
2659,$4000_vol,15
2659,$4002_period,4095
2659,$400B_length,23
2659,$4006_period,2515
2660,$4000_duty,3
2660,$4000_const,1
2660,$4000_vol,12
2660,$4006_period,2581
2660,$4008_linear,127
2660,$400A_period,227
2660,$400B_length,16
2661,$4000_duty,3
2661,$4000_const,1
2661,$4000_vol,4
2661,$4008_linear,0
2661,$400C_const,1
2661,$400C_vol,0
2663,$4000_duty,3
2663,$4000_const,1
2663,$4000_vol,15
2663,$4002_period,1143
2663,$400B_length,2
2663,$4004_duty,2
2663,$4004_const,1
2663,$4004_vol,13
2663,$4006_period,1019
2663,$400A_period,151
2663,$400B_length,0
2663,$400E_period,9
2663,$400E_mode,0
2663,$400C_const,1
2663,$400C_vol,5
2664,$4012_addr,250
2664,$4013_len,11
2664,$4010_rate,15
2664,$4002_period,807
2664,$400B_length,17
2664,$4006_period,855
2664,$400E_period,8
2664,$400E_mode,0
2664,$400C_const,1
2664,$400C_vol,4
2665,$4002_period,679
2665,$400B_length,1
2665,$4006_period,605
2665,$4008_linear,127
2665,$400A_period,127
2665,$400B_length,16
2665,$400E_period,7
2665,$400E_mode,0
2665,$400C_const,1
2665,$400C_vol,3
2666,$4002_period,539
2666,$400B_length,17
2666,$4006_period,381
2666,$4008_linear,0
2666,$400E_period,6
2666,$400E_mode,0
2666,$400C_const,1
2666,$400C_vol,2
2667,$4002_period,453
2667,$400B_length,0
2667,$4006_period,321
2667,$400E_period,5
2667,$400E_mode,0
2667,$400C_const,1
2667,$400C_vol,1
2668,$4002_period,403
2668,$400B_length,16
2668,$4006_period,191
2668,$400A_period,95
2668,$400B_length,0
2668,$400E_period,4
2668,$400E_mode,0
2668,$400C_const,1
2668,$400C_vol,0
2669,$4002_period,339
2669,$400B_length,0
2669,$4004_duty,2
2669,$4004_const,1
2669,$4004_vol,5
2669,$4006_period,195
2669,$400E_period,3
2669,$400E_mode,0
2670,$4000_duty,2
2670,$4000_const,1
2670,$4000_vol,7
2670,$4002_period,329
2670,$400B_length,16
2670,$4008_linear,127
2670,$400A_period,89
2670,$400B_length,16
2670,$400E_period,2
2670,$400E_mode,0
2671,$4010_rate,15
2671,$4008_linear,0
2671,$400E_period,1
2671,$400E_mode,0
2677,$4004_duty,2
2677,$4004_const,1
2677,$4004_vol,1
2678,$4012_addr,243
2678,$4013_len,28
2678,$4010_rate,15
2678,$4000_duty,2
2678,$4000_const,1
2678,$4000_vol,4
2682,$4000_duty,2
2682,$4000_const,1
2682,$4000_vol,0
2682,$4004_duty,2
2682,$4004_const,1
2682,$4004_vol,0
2684,$4004_duty,2
2684,$4004_const,1
2684,$4004_vol,1
2684,$4006_period,195
2685,$4012_addr,250
2685,$4013_len,11
2685,$4010_rate,14
2686,$4000_duty,2
2686,$4000_const,1
2686,$4000_vol,4
2686,$4002_period,329
2686,$400B_length,0
2692,$4012_addr,243
2692,$4013_len,28
2692,$4010_rate,15
2694,$4000_duty,2
2694,$4000_const,1
2694,$4000_vol,1
2697,$4004_duty,2
2697,$4004_const,1
2697,$4004_vol,0
2698,$4000_duty,2
2698,$4000_const,1
2698,$4000_vol,0
2699,$4012_addr,240
2699,$4013_len,11
2699,$4010_rate,15
2702,$4000_duty,3
2702,$4000_const,1
2702,$4000_vol,7
2702,$4002_period,359
2702,$400B_length,48
2702,$4004_duty,3
2702,$4004_const,1
2702,$4004_vol,7
2702,$4006_period,1079
2702,$400A_period,135
2702,$400B_length,32
2702,$400E_period,3
2702,$400E_mode,0
2702,$400C_const,1
2702,$400C_vol,0
2703,$4000_duty,3
2703,$4000_const,1
2703,$4000_vol,5
2703,$4004_duty,3
2703,$4004_const,1
2703,$4004_vol,0
2704,$4000_duty,3
2704,$4000_const,1
2704,$4000_vol,0
2706,$4012_addr,240
2706,$4013_len,11
2706,$4010_rate,15
2706,$4000_duty,3
2706,$4000_const,1
2706,$4000_vol,10
2706,$4002_period,403
2706,$400B_length,32
2706,$4004_duty,2
2706,$4004_const,1
2706,$4004_vol,10
2706,$4006_period,807
2706,$4008_linear,127
2706,$400A_period,113
2706,$400B_length,48
2706,$400C_const,1
2706,$400C_vol,10
2707,$4004_duty,3
2707,$4004_const,1
2707,$4004_vol,9
2707,$4008_linear,0
2707,$400C_const,1
2707,$400C_vol,7
2708,$4004_duty,3
2708,$4004_const,1
2708,$4004_vol,8
2708,$400C_const,1
2708,$400C_vol,0
2709,$4000_duty,3
2709,$4000_const,1
2709,$4000_vol,7
2709,$4004_duty,3
2709,$4004_const,1
2709,$4004_vol,0
2710,$4000_duty,3
2710,$4000_const,1
2710,$4000_vol,5
2711,$4000_duty,3
2711,$4000_const,1
2711,$4000_vol,0
2713,$4000_duty,3
2713,$4000_const,1
2713,$4000_vol,10
2713,$4002_period,453
2713,$400B_length,48
2713,$4008_linear,127
2713,$400A_period,135
2713,$400B_length,32
2713,$400E_period,2
2713,$400E_mode,0
2713,$400C_const,1
2713,$400C_vol,8
2714,$4008_linear,0
2714,$400C_const,1
2714,$400C_vol,5
2715,$400C_const,1
2715,$400C_vol,0
2716,$4000_duty,3
2716,$4000_const,1
2716,$4000_vol,7
2717,$4000_duty,3
2717,$4000_const,1
2717,$4000_vol,5
2718,$4000_duty,3
2718,$4000_const,1
2718,$4000_vol,0
2720,$4012_addr,250
2720,$4013_len,11
2720,$4010_rate,15
2720,$4000_duty,3
2720,$4000_const,1
2720,$4000_vol,10
2720,$4002_period,539
2720,$400B_length,33
2720,$4004_duty,2
2720,$4004_const,1
2720,$4004_vol,15
2720,$4006_period,1619
2720,$4008_linear,127
2720,$400A_period,67
2720,$400B_length,48
2720,$400E_period,1
2720,$400E_mode,0
2720,$400C_const,1
2720,$400C_vol,8
2721,$4004_duty,3
2721,$4004_const,1
2721,$4004_vol,14
2721,$4008_linear,0
2721,$400C_const,1
2721,$400C_vol,5
2722,$4004_duty,3
2722,$4004_const,1
2722,$4004_vol,13
2722,$400C_const,1
2722,$400C_vol,0
2723,$4000_duty,3
2723,$4000_const,1
2723,$4000_vol,7
2723,$4004_duty,3
2723,$4004_const,1
2723,$4004_vol,4
2724,$4000_duty,3
2724,$4000_const,1
2724,$4000_vol,5
2725,$4000_duty,3
2725,$4000_const,1
2725,$4000_vol,0
2727,$4000_duty,3
2727,$4000_const,1
2727,$4000_vol,10
2727,$4002_period,641
2727,$400B_length,49
2727,$4004_duty,2
2727,$4004_const,1
2727,$4004_vol,10
2727,$4006_period,807
2727,$4008_linear,127
2727,$400A_period,135
2727,$400B_length,32
2727,$400E_period,3
2727,$400E_mode,0
2727,$400C_const,1
2727,$400C_vol,8
2728,$4004_duty,3
2728,$4004_const,1
2728,$4004_vol,9
2728,$4008_linear,0
2728,$400C_const,1
2728,$400C_vol,5
2729,$4004_duty,3
2729,$4004_const,1
2729,$4004_vol,8
2729,$400C_const,1
2729,$400C_vol,0
2730,$4000_duty,3
2730,$4000_const,1
2730,$4000_vol,7
2730,$4004_duty,3
2730,$4004_const,1
2730,$4004_vol,0
2731,$4000_duty,3
2731,$4000_const,1
2731,$4000_vol,5
2732,$4000_duty,3
2732,$4000_const,1
2732,$4000_vol,0
2734,$4012_addr,243
2734,$4013_len,28
2734,$4010_rate,15
2734,$4008_linear,127
2734,$400A_period,101
2734,$400B_length,48
2734,$400C_const,1
2734,$400C_vol,10
2735,$4008_linear,0
2735,$400C_const,1
2735,$400C_vol,7
2736,$400C_const,1
2736,$400C_vol,0
2741,$4000_duty,0
2741,$4000_const,1
2741,$4000_vol,10
2741,$4002_period,807
2741,$400B_length,33
2741,$4004_duty,2
2741,$4004_const,1
2741,$4004_vol,15
2741,$4006_period,1619
2741,$4008_linear,127
2741,$400A_period,227
2741,$400B_length,32
2741,$400E_period,2
2741,$400E_mode,0
2741,$400C_const,1
2741,$400C_vol,8
2742,$4004_duty,3
2742,$4004_const,1
2742,$4004_vol,14
2742,$400C_const,1
2742,$400C_vol,5
2743,$4000_duty,0
2743,$4000_const,1
2743,$4000_vol,8
2743,$4004_duty,3
2743,$4004_const,1
2743,$4004_vol,13
2743,$400C_const,1
2743,$400C_vol,0
2744,$4004_duty,3
2744,$4004_const,1
2744,$4004_vol,4
2745,$4008_linear,0
2746,$4000_duty,0
2746,$4000_const,1
2746,$4000_vol,0
2748,$4012_addr,250
2748,$4013_len,11
2748,$4010_rate,14
2748,$4004_duty,3
2748,$4004_const,1
2748,$4004_vol,0
2748,$4008_linear,127
2748,$400A_period,101
2748,$400B_length,48
2748,$400E_period,1
2748,$400E_mode,0
2748,$400C_const,1
2748,$400C_vol,8
2749,$4008_linear,0
2749,$400C_const,1
2749,$400C_vol,5
2750,$400C_const,1
2750,$400C_vol,0
2755,$4010_rate,14
2755,$4000_duty,0
2755,$4000_const,1
2755,$4000_vol,10
2755,$4002_period,605
2755,$400B_length,49
2755,$4004_duty,3
2755,$4004_const,1
2755,$4004_vol,15
2755,$4006_period,2427
2755,$4008_linear,127
2755,$400A_period,241
2755,$400B_length,32
2755,$400E_period,3
2755,$400E_mode,0
2755,$400C_const,1
2755,$400C_vol,8
2756,$4004_duty,3
2756,$4004_const,1
2756,$4004_vol,13
2756,$400C_const,1
2756,$400C_vol,5
2757,$4000_duty,0
2757,$4000_const,1
2757,$4000_vol,8
2757,$400C_const,1
2757,$400C_vol,0
2758,$4004_duty,3
2758,$4004_const,1
2758,$4004_vol,6
2759,$4008_linear,0
2760,$4000_duty,0
2760,$4000_const,1
2760,$4000_vol,0
2760,$4004_duty,3
2760,$4004_const,1
2760,$4004_vol,1
2761,$4004_duty,3
2761,$4004_const,1
2761,$4004_vol,0
2762,$4012_addr,240
2762,$4013_len,11
2762,$4010_rate,15
2762,$400E_period,2
2762,$400E_mode,0
2762,$400C_const,1
2762,$400C_vol,14
2763,$400C_const,1
2763,$400C_vol,11
2764,$400C_const,1
2764,$400C_vol,3
2769,$4012_addr,243
2769,$4013_len,28
2769,$4010_rate,15
2769,$4000_duty,0
2769,$4000_const,1
2769,$4000_vol,15
2769,$4002_period,1211
2769,$400B_length,34
2769,$4004_duty,3
2769,$4004_const,1
2769,$4004_vol,15
2769,$4006_period,2427
2769,$400E_period,1
2769,$400E_mode,0
2769,$400C_const,1
2769,$400C_vol,2
2770,$4000_duty,0
2770,$4000_const,1
2770,$4000_vol,13
2770,$4004_duty,3
2770,$4004_const,1
2770,$4004_vol,13
2770,$400C_const,1
2770,$400C_vol,0
2773,$4000_duty,0
2773,$4000_const,1
2773,$4000_vol,6
2775,$4000_duty,0
2775,$4000_const,1
2775,$4000_vol,1
2776,$4000_duty,0
2776,$4000_const,1
2776,$4000_vol,0
2776,$4004_duty,3
2776,$4004_const,1
2776,$4004_vol,6
2776,$400C_const,1
2776,$400C_vol,4
2777,$400C_const,1
2777,$400C_vol,1
2778,$4004_duty,3
2778,$4004_const,1
2778,$4004_vol,1
2778,$400C_const,1
2778,$400C_vol,0
2779,$4004_duty,3
2779,$4004_const,1
2779,$4004_vol,0
2783,$4012_addr,240
2783,$4013_len,11
2783,$4010_rate,15
2783,$4000_duty,0
2783,$4000_const,1
2783,$4000_vol,15
2783,$4002_period,1211
2783,$400B_length,50
2783,$4004_duty,3
2783,$4004_const,1
2783,$4004_vol,15
2783,$4006_period,2427
2783,$400E_period,2
2783,$400E_mode,0
2783,$400C_const,1
2783,$400C_vol,14
2784,$4000_duty,0
2784,$4000_const,1
2784,$4000_vol,6
2784,$4004_duty,3
2784,$4004_const,1
2784,$4004_vol,13
2784,$400C_const,1
2784,$400C_vol,11
2785,$400C_const,1
2785,$400C_vol,3
2786,$4000_duty,0
2786,$4000_const,1
2786,$4000_vol,1
2786,$4004_duty,3
2786,$4004_const,1
2786,$4004_vol,6
2787,$4000_duty,0
2787,$4000_const,1
2787,$4000_vol,0
2788,$4004_duty,3
2788,$4004_const,1
2788,$4004_vol,1
2789,$4004_duty,3
2789,$4004_const,1
2789,$4004_vol,0
2790,$4010_rate,15
2790,$4000_duty,0
2790,$4000_const,1
2790,$4000_vol,15
2790,$4002_period,1211
2790,$400B_length,34
2790,$4004_duty,3
2790,$4004_const,1
2790,$4004_vol,15
2790,$4006_period,2427
2790,$400E_period,1
2790,$400E_mode,0
2790,$400C_const,1
2790,$400C_vol,2
2791,$4000_duty,0
2791,$4000_const,1
2791,$4000_vol,6
2791,$4004_duty,3
2791,$4004_const,1
2791,$4004_vol,13
2791,$400C_const,1
2791,$400C_vol,0
2793,$4000_duty,0
2793,$4000_const,1
2793,$4000_vol,1
2794,$4000_duty,0
2794,$4000_const,1
2794,$4000_vol,0
2797,$4012_addr,243
2797,$4013_len,28
2797,$4010_rate,15
2797,$4004_duty,3
2797,$4004_const,1
2797,$4004_vol,6
2797,$400C_const,1
2797,$400C_vol,4
2798,$400C_const,1
2798,$400C_vol,1
2799,$4004_duty,3
2799,$4004_const,1
2799,$4004_vol,1
2799,$400C_const,1
2799,$400C_vol,0
2800,$4004_duty,3
2800,$4004_const,1
2800,$4004_vol,0
2801,$4010_rate,15
2801,$400C_const,1
2801,$400C_vol,0
2804,$400E_period,4
2804,$400E_mode,0
2804,$400C_const,1
2804,$400C_vol,11
2805,$400C_const,1
2805,$400C_vol,10
2806,$400C_const,1
2806,$400C_vol,0
2811,$4010_rate,15
2811,$400E_period,1
2811,$400E_mode,0
2811,$400C_const,1
2811,$400C_vol,11
2812,$400C_const,1
2812,$400C_vol,8
2813,$400C_const,1
2813,$400C_vol,0
2818,$4012_addr,240
2818,$4013_len,11
2818,$4010_rate,15
2818,$4000_duty,2
2818,$4000_const,1
2818,$4000_vol,4
2818,$4002_period,359
2818,$400B_length,48
2818,$4004_duty,2
2818,$4004_const,1
2818,$4004_vol,15
2818,$4006_period,1811
2818,$4008_linear,127
2818,$400A_period,227
2818,$400B_length,48
2818,$400E_period,3
2818,$400E_mode,0
2818,$400C_const,1
2818,$400C_vol,10
2819,$4000_duty,2
2819,$4000_const,1
2819,$4000_vol,8
2819,$4004_duty,3
2819,$4004_const,1
2819,$4004_vol,14
2819,$400C_const,1
2819,$400C_vol,7
2820,$4000_duty,2
2820,$4000_const,1
2820,$4000_vol,10
2820,$4004_duty,3
2820,$4004_const,1
2820,$4004_vol,13
2820,$400C_const,1
2820,$400C_vol,0
2821,$4000_duty,2
2821,$4000_const,1
2821,$4000_vol,7
2821,$4004_duty,3
2821,$4004_const,1
2821,$4004_vol,12
2822,$4000_duty,2
2822,$4000_const,1
2822,$4000_vol,5
2822,$4004_duty,3
2822,$4004_const,1
2822,$4004_vol,11
2823,$4000_duty,2
2823,$4000_const,1
2823,$4000_vol,0
2823,$4004_duty,3
2823,$4004_const,1
2823,$4004_vol,10
2823,$4008_linear,0
2824,$4004_duty,3
2824,$4004_const,1
2824,$4004_vol,9
2825,$4004_duty,3
2825,$4004_const,1
2825,$4004_vol,8
2825,$400E_period,2
2825,$400E_mode,0
2825,$400C_const,1
2825,$400C_vol,8
2826,$4004_duty,3
2826,$4004_const,1
2826,$4004_vol,4
2826,$400C_const,1
2826,$400C_vol,5
2827,$400C_const,1
2827,$400C_vol,0
2830,$4004_duty,3
2830,$4004_const,1
2830,$4004_vol,0
2832,$4012_addr,250
2832,$4013_len,11
2832,$4010_rate,15
2832,$4000_duty,2
2832,$4000_const,1
2832,$4000_vol,4
2832,$4002_period,359
2832,$400B_length,32
2832,$4004_duty,2
2832,$4004_const,1
2832,$4004_vol,11
2832,$4006_period,907
2832,$4008_linear,127
2832,$400A_period,227
2832,$400B_length,32
2832,$400E_period,1
2832,$400E_mode,0
2832,$400C_const,1
2832,$400C_vol,8
2833,$4000_duty,2
2833,$4000_const,1
2833,$4000_vol,8
2833,$4004_duty,3
2833,$4004_const,1
2833,$4004_vol,10
2833,$400C_const,1
2833,$400C_vol,5
2834,$4000_duty,2
2834,$4000_const,1
2834,$4000_vol,10
2834,$4004_duty,3
2834,$4004_const,1
2834,$4004_vol,9
2834,$400C_const,1
2834,$400C_vol,0
2835,$4000_duty,2
2835,$4000_const,1
2835,$4000_vol,7
2835,$4004_duty,3
2835,$4004_const,1
2835,$4004_vol,0
2836,$4000_duty,2
2836,$4000_const,1
2836,$4000_vol,5
2839,$4012_addr,240
2839,$4013_len,11
2839,$4010_rate,15
2839,$4004_duty,2
2839,$4004_const,1
2839,$4004_vol,13
2839,$4006_period,2427
2839,$400E_period,3
2839,$400E_mode,0
2839,$400C_const,1
2839,$400C_vol,8
2840,$4004_duty,3
2840,$4004_const,1
2840,$4004_vol,12
2840,$400C_const,1
2840,$400C_vol,5
2841,$4000_duty,2
2841,$4000_const,1
2841,$4000_vol,6
2841,$4004_duty,3
2841,$4004_const,1
2841,$4004_vol,11
2841,$400C_const,1
2841,$400C_vol,0
2842,$4004_duty,3
2842,$4004_const,1
2842,$4004_vol,10
2843,$4004_duty,3
2843,$4004_const,1
2843,$4004_vol,9
2844,$4004_duty,3
2844,$4004_const,1
2844,$4004_vol,8
2845,$4004_duty,3
2845,$4004_const,1
2845,$4004_vol,7
2846,$4010_rate,15
2846,$4000_duty,2
2846,$4000_const,1
2846,$4000_vol,7
2846,$4004_duty,3
2846,$4004_const,1
2846,$4004_vol,6
2846,$400C_const,1
2846,$400C_vol,10
2847,$4004_duty,3
2847,$4004_const,1
2847,$4004_vol,2
2847,$400C_const,1
2847,$400C_vol,7
2848,$400C_const,1
2848,$400C_vol,0
2851,$4000_duty,2
2851,$4000_const,1
2851,$4000_vol,8
2851,$4004_duty,3
2851,$4004_const,1
2851,$4004_vol,0
2851,$4008_linear,0
2853,$4004_duty,2
2853,$4004_const,1
2853,$4004_vol,13
2853,$4006_period,2427
2853,$400E_period,2
2853,$400E_mode,0
2853,$400C_const,1
2853,$400C_vol,8
2854,$4004_duty,3
2854,$4004_const,1
2854,$4004_vol,12
2854,$400C_const,1
2854,$400C_vol,5
2855,$4004_duty,3
2855,$4004_const,1
2855,$4004_vol,11
2855,$400C_const,1
2855,$400C_vol,0
2856,$4000_duty,2
2856,$4000_const,1
2856,$4000_vol,9
2856,$4004_duty,3
2856,$4004_const,1
2856,$4004_vol,10
2857,$4004_duty,3
2857,$4004_const,1
2857,$4004_vol,9
2858,$4000_duty,2
2858,$4000_const,1
2858,$4000_vol,0
2858,$4004_duty,3
2858,$4004_const,1
2858,$4004_vol,8
2859,$4004_duty,3
2859,$4004_const,1
2859,$4004_vol,7
2860,$4012_addr,250
2860,$4013_len,11
2860,$4010_rate,14
2860,$4000_duty,2
2860,$4000_const,1
2860,$4000_vol,4
2860,$4002_period,339
2860,$400B_length,48
2860,$4004_duty,3
2860,$4004_const,1
2860,$4004_vol,6
2860,$4008_linear,127
2860,$400A_period,201
2860,$400B_length,48
2860,$400E_period,1
2860,$400E_mode,0
2860,$400C_const,1
2860,$400C_vol,8
2861,$4000_duty,2
2861,$4000_const,1
2861,$4000_vol,8
2861,$4004_duty,3
2861,$4004_const,1
2861,$4004_vol,2
2861,$400C_const,1
2861,$400C_vol,5
2862,$4000_duty,2
2862,$4000_const,1
2862,$4000_vol,10
2862,$400C_const,1
2862,$400C_vol,0
2863,$4000_duty,2
2863,$4000_const,1
2863,$4000_vol,7
2864,$4000_duty,2
2864,$4000_const,1
2864,$4000_vol,5
2865,$4000_duty,2
2865,$4000_const,1
2865,$4000_vol,0
2865,$4004_duty,3
2865,$4004_const,1
2865,$4004_vol,0
2865,$4008_linear,0
2867,$4010_rate,14
2867,$4000_duty,2
2867,$4000_const,1
2867,$4000_vol,4
2867,$4002_period,321
2867,$400B_length,32
2867,$4004_duty,2
2867,$4004_const,1
2867,$4004_vol,12
2867,$4006_period,907
2867,$4008_linear,127
2867,$400A_period,191
2867,$400B_length,32
2867,$400E_period,3
2867,$400E_mode,0
2867,$400C_const,1
2867,$400C_vol,8
2868,$4000_duty,2
2868,$4000_const,1
2868,$4000_vol,8
2868,$4004_duty,3
2868,$4004_const,1
2868,$4004_vol,11
2868,$400C_const,1
2868,$400C_vol,5
2869,$4000_duty,2
2869,$4000_const,1
2869,$4000_vol,10
2869,$4004_duty,3
2869,$4004_const,1
2869,$4004_vol,10
2869,$400C_const,1
2869,$400C_vol,0
2870,$4000_duty,2
2870,$4000_const,1
2870,$4000_vol,7
2870,$4004_duty,3
2870,$4004_const,1
2870,$4004_vol,1
2871,$4000_duty,2
2871,$4000_const,1
2871,$4000_vol,5
2872,$4000_duty,2
2872,$4000_const,1
2872,$4000_vol,0
2872,$4008_linear,0
2874,$4012_addr,240
2874,$4013_len,11
2874,$4010_rate,15
2874,$4000_duty,2
2874,$4000_const,1
2874,$4000_vol,4
2874,$4002_period,303
2874,$400B_length,48
2874,$4004_duty,2
2874,$4004_const,1
2874,$4004_vol,15
2874,$4006_period,1811
2874,$4008_linear,127
2874,$400A_period,179
2874,$400B_length,48
2874,$400C_const,1
2874,$400C_vol,10
2875,$4000_duty,2
2875,$4000_const,1
2875,$4000_vol,8
2875,$4004_duty,3
2875,$4004_const,1
2875,$4004_vol,14
2875,$400C_const,1
2875,$400C_vol,7
2876,$4000_duty,2
2876,$4000_const,1
2876,$4000_vol,10
2876,$4004_duty,3
2876,$4004_const,1
2876,$4004_vol,13
2876,$400C_const,1
2876,$400C_vol,0
2877,$4000_duty,2
2877,$4000_const,1
2877,$4000_vol,7
2877,$4004_duty,3
2877,$4004_const,1
2877,$4004_vol,12
2878,$4000_duty,2
2878,$4000_const,1
2878,$4000_vol,5
2878,$4004_duty,3
2878,$4004_const,1
2878,$4004_vol,11
2879,$4000_duty,2
2879,$4000_const,1
2879,$4000_vol,0
2879,$4004_duty,3
2879,$4004_const,1
2879,$4004_vol,10
2879,$4008_linear,0
2880,$4004_duty,3
2880,$4004_const,1
2880,$4004_vol,9
2881,$4000_duty,2
2881,$4000_const,1
2881,$4000_vol,4
2881,$4002_period,359
2881,$400B_length,32
2881,$4004_duty,3
2881,$4004_const,1
2881,$4004_vol,8
2881,$4008_linear,127
2881,$400A_period,227
2881,$400B_length,32
2881,$400E_period,2
2881,$400E_mode,0
2881,$400C_const,1
2881,$400C_vol,8
2882,$4000_duty,2
2882,$4000_const,1
2882,$4000_vol,8
2882,$4004_duty,3
2882,$4004_const,1
2882,$4004_vol,4
2882,$400C_const,1
2882,$400C_vol,5
2883,$4000_duty,2
2883,$4000_const,1
2883,$4000_vol,10
2883,$400C_const,1
2883,$400C_vol,0
2884,$4000_duty,2
2884,$4000_const,1
2884,$4000_vol,7
2885,$4000_duty,2
2885,$4000_const,1
2885,$4000_vol,5
2886,$4000_duty,2
2886,$4000_const,1
2886,$4000_vol,0
2886,$4004_duty,3
2886,$4004_const,1
2886,$4004_vol,0
2886,$4008_linear,0
2888,$4012_addr,250
2888,$4013_len,11
2888,$4010_rate,15
2888,$4004_duty,2
2888,$4004_const,1
2888,$4004_vol,11
2888,$4006_period,907
2888,$400E_period,11
2888,$400E_mode,0
2888,$400C_const,1
2888,$400C_vol,7
2889,$4004_duty,3
2889,$4004_const,1
2889,$4004_vol,10
2889,$400E_period,10
2889,$400E_mode,0
2890,$4004_duty,3
2890,$4004_const,1
2890,$4004_vol,9
2890,$400E_period,11
2890,$400E_mode,0
2890,$400C_const,1
2890,$400C_vol,9
2891,$4004_duty,3
2891,$4004_const,1
2891,$4004_vol,0
2891,$400E_period,10
2891,$400E_mode,0
2892,$400E_period,11
2892,$400E_mode,0
2892,$400C_const,1
2892,$400C_vol,7
2893,$400E_period,10
2893,$400E_mode,0
2894,$400E_period,11
2894,$400E_mode,0
2894,$400C_const,1
2894,$400C_vol,9
2895,$4012_addr,240
2895,$4013_len,11
2895,$4010_rate,15
2895,$4000_duty,2
2895,$4000_const,1
2895,$4000_vol,4
2895,$4002_period,303
2895,$400B_length,48
2895,$4004_duty,2
2895,$4004_const,1
2895,$4004_vol,13
2895,$4006_period,2427
2895,$4008_linear,127
2895,$400A_period,179
2895,$400B_length,48
2895,$400E_period,10
2895,$400E_mode,0
2896,$4000_duty,2
2896,$4000_const,1
2896,$4000_vol,8
2896,$4004_duty,3
2896,$4004_const,1
2896,$4004_vol,12
2896,$400E_period,11
2896,$400E_mode,0
2896,$400C_const,1
2896,$400C_vol,7
2897,$4000_duty,2
2897,$4000_const,1
2897,$4000_vol,10
2897,$4004_duty,3
2897,$4004_const,1
2897,$4004_vol,11
2897,$400E_period,10
2897,$400E_mode,0
2898,$4000_duty,2
2898,$4000_const,1
2898,$4000_vol,7
2898,$4004_duty,3
2898,$4004_const,1
2898,$4004_vol,10
2898,$400E_period,11
2898,$400E_mode,0
2898,$400C_const,1
2898,$400C_vol,9
2899,$4000_duty,2
2899,$4000_const,1
2899,$4000_vol,5
2899,$4004_duty,3
2899,$4004_const,1
2899,$4004_vol,9
2899,$400E_period,10
2899,$400E_mode,0
2900,$4000_duty,2
2900,$4000_const,1
2900,$4000_vol,0
2900,$4004_duty,3
2900,$4004_const,1
2900,$4004_vol,8
2900,$4008_linear,0
2900,$400E_period,11
2900,$400E_mode,0
2900,$400C_const,1
2900,$400C_vol,7
2901,$4004_duty,3
2901,$4004_const,1
2901,$4004_vol,7
2901,$400E_period,10
2901,$400E_mode,0
2902,$4012_addr,243
2902,$4013_len,28
2902,$4010_rate,15
2902,$4000_duty,2
2902,$4000_const,1
2902,$4000_vol,4
2902,$4002_period,179
2902,$400B_length,32
2902,$4004_duty,3
2902,$4004_const,1
2902,$4004_vol,6
2902,$4008_linear,127
2902,$400A_period,113
2902,$400B_length,32
2902,$400E_period,11
2902,$400E_mode,0
2902,$400C_const,1
2902,$400C_vol,9
2903,$4000_duty,2
2903,$4000_const,1
2903,$4000_vol,8
2903,$4004_duty,3
2903,$4004_const,1
2903,$4004_vol,2
2903,$400E_period,10
2903,$400E_mode,0
2904,$4000_duty,2
2904,$4000_const,1
2904,$4000_vol,10
2904,$400E_period,11
2904,$400E_mode,0
2904,$400C_const,1
2904,$400C_vol,7
2905,$4000_duty,2
2905,$4000_const,1
2905,$4000_vol,7
2905,$400E_period,10
2905,$400E_mode,0
2906,$4000_duty,2
2906,$4000_const,1
2906,$4000_vol,5
2906,$400E_period,11
2906,$400E_mode,0
2906,$400C_const,1
2906,$400C_vol,9
2907,$4000_duty,2
2907,$4000_const,1
2907,$4000_vol,0
2907,$4004_duty,3
2907,$4004_const,1
2907,$4004_vol,0
2907,$4008_linear,0
2907,$400E_period,10
2907,$400E_mode,0
2908,$400E_period,11
2908,$400E_mode,0
2908,$400C_const,1
2908,$400C_vol,7
2909,$4000_duty,2
2909,$4000_const,1
2909,$4000_vol,4
2909,$4002_period,227
2909,$400B_length,48
2909,$4004_duty,2
2909,$4004_const,1
2909,$4004_vol,13
2909,$4006_period,2427
2909,$4008_linear,127
2909,$400A_period,151
2909,$400B_length,48
2909,$400E_period,10
2909,$400E_mode,0
2910,$4000_duty,2
2910,$4000_const,1
2910,$4000_vol,8
2910,$4004_duty,3
2910,$4004_const,1
2910,$4004_vol,12
2910,$400E_period,11
2910,$400E_mode,0
2910,$400C_const,1
2910,$400C_vol,9
2911,$4000_duty,2
2911,$4000_const,1
2911,$4000_vol,10
2911,$4004_duty,3
2911,$4004_const,1
2911,$4004_vol,11
2911,$400E_period,10
2911,$400E_mode,0
2912,$4000_duty,2
2912,$4000_const,1
2912,$4000_vol,7
2912,$4004_duty,3
2912,$4004_const,1
2912,$4004_vol,10
2912,$400E_period,11
2912,$400E_mode,0
2912,$400C_const,1
2912,$400C_vol,7
2913,$4000_duty,2
2913,$4000_const,1
2913,$4000_vol,5
2913,$4004_duty,3
2913,$4004_const,1
2913,$4004_vol,9
2913,$400E_period,10
2913,$400E_mode,0
2914,$4000_duty,2
2914,$4000_const,1
2914,$4000_vol,0
2914,$4004_duty,3
2914,$4004_const,1
2914,$4004_vol,8
2914,$4008_linear,0
2914,$400E_period,11
2914,$400E_mode,0
2914,$400C_const,1
2914,$400C_vol,9
2915,$4004_duty,3
2915,$4004_const,1
2915,$4004_vol,7
2915,$400E_period,10
2915,$400E_mode,0
2916,$4012_addr,250
2916,$4013_len,11
2916,$4010_rate,14
2916,$4000_duty,2
2916,$4000_const,1
2916,$4000_vol,4
2916,$4002_period,303
2916,$400B_length,32
2916,$4004_duty,3
2916,$4004_const,1
2916,$4004_vol,6
2916,$4008_linear,127
2916,$400A_period,179
2916,$400B_length,32
2916,$400E_period,11
2916,$400E_mode,0
2916,$400C_const,1
2916,$400C_vol,7
2917,$4000_duty,2
2917,$4000_const,1
2917,$4000_vol,8
2917,$4004_duty,3
2917,$4004_const,1
2917,$4004_vol,2
2917,$400E_period,10
2917,$400E_mode,0
2918,$4000_duty,2
2918,$4000_const,1
2918,$4000_vol,10
2918,$400E_period,11
2918,$400E_mode,0
2918,$400C_const,1
2918,$400C_vol,9
2919,$4000_duty,2
2919,$4000_const,1
2919,$4000_vol,7
2919,$400E_period,10
2919,$400E_mode,0
2920,$4000_duty,2
2920,$4000_const,1
2920,$4000_vol,5
2920,$400E_period,11
2920,$400E_mode,0
2920,$400C_const,1
2920,$400C_vol,7
2921,$4000_duty,2
2921,$4000_const,1
2921,$4000_vol,0
2921,$4004_duty,3
2921,$4004_const,1
2921,$4004_vol,0
2921,$4008_linear,0
2921,$400E_period,10
2921,$400E_mode,0
2922,$400E_period,11
2922,$400E_mode,0
2922,$400C_const,1
2922,$400C_vol,9
2923,$4010_rate,14
2923,$4000_duty,2
2923,$4000_const,1
2923,$4000_vol,4
2923,$4002_period,359
2923,$400B_length,48
2923,$4004_duty,2
2923,$4004_const,1
2923,$4004_vol,12
2923,$4006_period,907
2923,$4008_linear,127
2923,$400A_period,227
2923,$400B_length,48
2923,$400E_period,10
2923,$400E_mode,0
2924,$4000_duty,2
2924,$4000_const,1
2924,$4000_vol,8
2924,$4004_duty,3
2924,$4004_const,1
2924,$4004_vol,11
2924,$400E_period,11
2924,$400E_mode,0
2924,$400C_const,1
2924,$400C_vol,7
2925,$4000_duty,2
2925,$4000_const,1
2925,$4000_vol,10
2925,$4004_duty,3
2925,$4004_const,1
2925,$4004_vol,10
2925,$400E_period,10
2925,$400E_mode,0
2926,$4000_duty,2
2926,$4000_const,1
2926,$4000_vol,7
2926,$4004_duty,3
2926,$4004_const,1
2926,$4004_vol,1
2926,$400E_period,11
2926,$400E_mode,0
2926,$400C_const,1
2926,$400C_vol,9
2927,$4000_duty,2
2927,$4000_const,1
2927,$4000_vol,5
2927,$400E_period,10
2927,$400E_mode,0
2928,$4000_duty,2
2928,$4000_const,1
2928,$4000_vol,0
2928,$4008_linear,0
2928,$400E_period,11
2928,$400E_mode,0
2928,$400C_const,1
2928,$400C_vol,7
2929,$400E_period,10
2929,$400E_mode,0
2930,$4012_addr,240
2930,$4013_len,11
2930,$4010_rate,15
2930,$4000_duty,2
2930,$4000_const,1
2930,$4000_vol,4
2930,$4002_period,403
2930,$400B_length,32
2930,$4004_duty,2
2930,$4004_const,1
2930,$4004_vol,15
2930,$4006_period,1921
2930,$4008_linear,127
2930,$400A_period,241
2930,$400B_length,32
2930,$400E_period,11
2930,$400E_mode,0
2930,$400C_const,1
2930,$400C_vol,9
2931,$4000_duty,2
2931,$4000_const,1
2931,$4000_vol,8
2931,$4004_duty,3
2931,$4004_const,1
2931,$4004_vol,14
2931,$400E_period,10
2931,$400E_mode,0
2932,$4000_duty,2
2932,$4000_const,1
2932,$4000_vol,10
2932,$4004_duty,3
2932,$4004_const,1
2932,$4004_vol,13
2932,$400E_period,11
2932,$400E_mode,0
2932,$400C_const,1
2932,$400C_vol,7
2933,$4000_duty,2
2933,$4000_const,1
2933,$4000_vol,7
2933,$4004_duty,3
2933,$4004_const,1
2933,$4004_vol,12
2933,$400E_period,10
2933,$400E_mode,0
2934,$4000_duty,2
2934,$4000_const,1
2934,$4000_vol,5
2934,$4004_duty,3
2934,$4004_const,1
2934,$4004_vol,11
2934,$400E_period,11
2934,$400E_mode,0
2934,$400C_const,1
2934,$400C_vol,9
2935,$4000_duty,2
2935,$4000_const,1
2935,$4000_vol,0
2935,$4004_duty,3
2935,$4004_const,1
2935,$4004_vol,10
2935,$4008_linear,0
2935,$400E_period,10
2935,$400E_mode,0
2936,$4004_duty,3
2936,$4004_const,1
2936,$4004_vol,9
2936,$400E_period,11
2936,$400E_mode,0
2936,$400C_const,1
2936,$400C_vol,7
2937,$4004_duty,3
2937,$4004_const,1
2937,$4004_vol,8
2937,$400E_period,10
2937,$400E_mode,0
2938,$4004_duty,3
2938,$4004_const,1
2938,$4004_vol,4
2938,$400E_period,11
2938,$400E_mode,0
2938,$400C_const,1
2938,$400C_vol,9
2939,$400E_period,10
2939,$400E_mode,0
2940,$400E_period,11
2940,$400E_mode,0
2940,$400C_const,1
2940,$400C_vol,7
2941,$400E_period,10
2941,$400E_mode,0
2942,$4004_duty,3
2942,$4004_const,1
2942,$4004_vol,0
2942,$400E_period,11
2942,$400E_mode,0
2942,$400C_const,1
2942,$400C_vol,9
2943,$400E_period,10
2943,$400E_mode,0
2944,$4012_addr,250
2944,$4013_len,11
2944,$4010_rate,15
2944,$4000_duty,2
2944,$4000_const,1
2944,$4000_vol,4
2944,$4002_period,403
2944,$400B_length,48
2944,$4004_duty,2
2944,$4004_const,1
2944,$4004_vol,11
2944,$4006_period,961
2944,$4008_linear,127
2944,$400A_period,241
2944,$400B_length,48
2944,$400E_period,11
2944,$400E_mode,0
2944,$400C_const,1
2944,$400C_vol,7
2945,$4000_duty,2
2945,$4000_const,1
2945,$4000_vol,8
2945,$4004_duty,3
2945,$4004_const,1
2945,$4004_vol,10
2945,$400E_period,10
2945,$400E_mode,0
2946,$4000_duty,2
2946,$4000_const,1
2946,$4000_vol,10
2946,$4004_duty,3
2946,$4004_const,1
2946,$4004_vol,9
2946,$400E_period,11
2946,$400E_mode,0
2946,$400C_const,1
2946,$400C_vol,9
2947,$4000_duty,2
2947,$4000_const,1
2947,$4000_vol,7
2947,$4004_duty,3
2947,$4004_const,1
2947,$4004_vol,0
2947,$400E_period,10
2947,$400E_mode,0
2948,$4000_duty,2
2948,$4000_const,1
2948,$4000_vol,5
2948,$400E_period,11
2948,$400E_mode,0
2948,$400C_const,1
2948,$400C_vol,7
2949,$400E_period,10
2949,$400E_mode,0
2950,$400E_period,11
2950,$400E_mode,0
2950,$400C_const,1
2950,$400C_vol,9
2951,$4012_addr,240
2951,$4013_len,11
2951,$4010_rate,15
2951,$4004_duty,2
2951,$4004_const,1
2951,$4004_vol,13
2951,$4006_period,2427
2951,$400E_period,10
2951,$400E_mode,0
2952,$4004_duty,3
2952,$4004_const,1
2952,$4004_vol,12
2952,$400E_period,11
2952,$400E_mode,0
2952,$400C_const,1
2952,$400C_vol,7
2953,$4000_duty,2
2953,$4000_const,1
2953,$4000_vol,6
2953,$4004_duty,3
2953,$4004_const,1
2953,$4004_vol,11
2953,$400E_period,10
2953,$400E_mode,0
2954,$4004_duty,3
2954,$4004_const,1
2954,$4004_vol,10
2954,$400E_period,11
2954,$400E_mode,0
2954,$400C_const,1
2954,$400C_vol,9
2955,$4004_duty,3
2955,$4004_const,1
2955,$4004_vol,9
2955,$400E_period,10
2955,$400E_mode,0
2956,$4004_duty,3
2956,$4004_const,1
2956,$4004_vol,8
2956,$400E_period,11
2956,$400E_mode,0
2956,$400C_const,1
2956,$400C_vol,7
2957,$4004_duty,3
2957,$4004_const,1
2957,$4004_vol,7
2957,$400E_period,10
2957,$400E_mode,0
2958,$4010_rate,15
2958,$4000_duty,2
2958,$4000_const,1
2958,$4000_vol,7
2958,$4004_duty,3
2958,$4004_const,1
2958,$4004_vol,6
2958,$400E_period,11
2958,$400E_mode,0
2958,$400C_const,1
2958,$400C_vol,9
2959,$4004_duty,3
2959,$4004_const,1
2959,$4004_vol,2
2959,$400E_period,10
2959,$400E_mode,0
2960,$400E_period,11
2960,$400E_mode,0
2960,$400C_const,1
2960,$400C_vol,7
2961,$400E_period,10
2961,$400E_mode,0
2962,$400E_period,11
2962,$400E_mode,0
2962,$400C_const,1
2962,$400C_vol,9
2963,$4000_duty,2
2963,$4000_const,1
2963,$4000_vol,0
2963,$4004_duty,3
2963,$4004_const,1
2963,$4004_vol,0
2963,$4008_linear,0
2963,$400E_period,10
2963,$400E_mode,0
2964,$400E_period,11
2964,$400E_mode,0
2964,$400C_const,1
2964,$400C_vol,7
2965,$4000_duty,2
2965,$4000_const,1
2965,$4000_vol,4
2965,$4002_period,481
2965,$400B_length,32
2965,$4004_duty,2
2965,$4004_const,1
2965,$4004_vol,13
2965,$4006_period,2427
2965,$4008_linear,127
2965,$400A_period,303
2965,$400B_length,32
2965,$400E_period,10
2965,$400E_mode,0
2966,$4000_duty,2
2966,$4000_const,1
2966,$4000_vol,8
2966,$4004_duty,3
2966,$4004_const,1
2966,$4004_vol,12
2966,$400E_period,11
2966,$400E_mode,0
2966,$400C_const,1
2966,$400C_vol,9
2967,$4000_duty,2
2967,$4000_const,1
2967,$4000_vol,10
2967,$4004_duty,3
2967,$4004_const,1
2967,$4004_vol,11
2967,$400E_period,10
2967,$400E_mode,0
2968,$4000_duty,2
2968,$4000_const,1
2968,$4000_vol,7
2968,$4004_duty,3
2968,$4004_const,1
2968,$4004_vol,10
2968,$400E_period,11
2968,$400E_mode,0
2968,$400C_const,1
2968,$400C_vol,7
2969,$4000_duty,2
2969,$4000_const,1
2969,$4000_vol,5
2969,$4004_duty,3
2969,$4004_const,1
2969,$4004_vol,9
2969,$400E_period,10
2969,$400E_mode,0
2970,$4000_duty,2
2970,$4000_const,1
2970,$4000_vol,0
2970,$4004_duty,3
2970,$4004_const,1
2970,$4004_vol,8
2970,$4008_linear,0
2970,$400E_period,11
2970,$400E_mode,0
2970,$400C_const,1
2970,$400C_vol,9
2971,$4004_duty,3
2971,$4004_const,1
2971,$4004_vol,7
2971,$400E_period,10
2971,$400E_mode,0
2972,$4012_addr,250
2972,$4013_len,11
2972,$4010_rate,14
2972,$4000_duty,2
2972,$4000_const,1
2972,$4000_vol,4
2972,$4002_period,321
2972,$400B_length,48
2972,$4004_duty,3
2972,$4004_const,1
2972,$4004_vol,6
2972,$4008_linear,127
2972,$400A_period,241
2972,$400B_length,48
2972,$400E_period,11
2972,$400E_mode,0
2972,$400C_const,1
2972,$400C_vol,7
2973,$4000_duty,2
2973,$4000_const,1
2973,$4000_vol,8
2973,$4004_duty,3
2973,$4004_const,1
2973,$4004_vol,2
2973,$400E_period,10
2973,$400E_mode,0
2974,$4000_duty,2
2974,$4000_const,1
2974,$4000_vol,10
2974,$400E_period,11
2974,$400E_mode,0
2974,$400C_const,1
2974,$400C_vol,9
2975,$4000_duty,2
2975,$4000_const,1
2975,$4000_vol,7
2975,$400E_period,10
2975,$400E_mode,0
2976,$4000_duty,2
2976,$4000_const,1
2976,$4000_vol,5
2976,$400E_period,11
2976,$400E_mode,0
2976,$400C_const,1
2976,$400C_vol,7
2977,$4000_duty,2
2977,$4000_const,1
2977,$4000_vol,0
2977,$4004_duty,3
2977,$4004_const,1
2977,$4004_vol,0
2977,$4008_linear,0
2977,$400E_period,10
2977,$400E_mode,0
2978,$400E_period,11
2978,$400E_mode,0
2978,$400C_const,1
2978,$400C_vol,9
2979,$4010_rate,14
2979,$4000_duty,2
2979,$4000_const,1
2979,$4000_vol,4
2979,$4002_period,303
2979,$400B_length,32
2979,$4004_duty,2
2979,$4004_const,1
2979,$4004_vol,12
2979,$4006_period,961
2979,$4008_linear,127
2979,$400A_period,201
2979,$400B_length,32
2979,$400E_period,10
2979,$400E_mode,0
2980,$4000_duty,2
2980,$4000_const,1
2980,$4000_vol,8
2980,$4004_duty,3
2980,$4004_const,1
2980,$4004_vol,11
2980,$400E_period,11
2980,$400E_mode,0
2980,$400C_const,1
2980,$400C_vol,7
2981,$4000_duty,2
2981,$4000_const,1
2981,$4000_vol,10
2981,$4004_duty,3
2981,$4004_const,1
2981,$4004_vol,10
2981,$400E_period,10
2981,$400E_mode,0
2982,$4000_duty,2
2982,$4000_const,1
2982,$4000_vol,7
2982,$4004_duty,3
2982,$4004_const,1
2982,$4004_vol,1
2982,$400E_period,11
2982,$400E_mode,0
2982,$400C_const,1
2982,$400C_vol,9
2983,$4000_duty,2
2983,$4000_const,1
2983,$4000_vol,5
2983,$400E_period,10
2983,$400E_mode,0
2984,$4000_duty,2
2984,$4000_const,1
2984,$4000_vol,0
2984,$4008_linear,0
2984,$400E_period,11
2984,$400E_mode,0
2984,$400C_const,1
2984,$400C_vol,7
2985,$400E_period,10
2985,$400E_mode,0
2986,$4012_addr,240
2986,$4013_len,11
2986,$4010_rate,15
2986,$4004_duty,2
2986,$4004_const,1
2986,$4004_vol,15
2986,$4006_period,1921
2986,$400E_period,11
2986,$400E_mode,0
2986,$400C_const,1
2986,$400C_vol,9
2987,$4004_duty,3
2987,$4004_const,1
2987,$4004_vol,14
2987,$400E_period,10
2987,$400E_mode,0
2988,$4004_duty,3
2988,$4004_const,1
2988,$4004_vol,13
2988,$400E_period,11
2988,$400E_mode,0
2988,$400C_const,1
2988,$400C_vol,7
2989,$4004_duty,3
2989,$4004_const,1
2989,$4004_vol,12
2989,$400E_period,10
2989,$400E_mode,0
2990,$4004_duty,3
2990,$4004_const,1
2990,$4004_vol,11
2990,$400E_period,11
2990,$400E_mode,0
2990,$400C_const,1
2990,$400C_vol,9
2991,$4004_duty,3
2991,$4004_const,1
2991,$4004_vol,10
2991,$400E_period,10
2991,$400E_mode,0
2992,$4004_duty,3
2992,$4004_const,1
2992,$4004_vol,9
2992,$400E_period,11
2992,$400E_mode,0
2992,$400C_const,1
2992,$400C_vol,7
2993,$4004_duty,3
2993,$4004_const,1
2993,$4004_vol,8
2993,$400E_period,10
2993,$400E_mode,0
2994,$4004_duty,3
2994,$4004_const,1
2994,$4004_vol,4
2994,$400E_period,11
2994,$400E_mode,0
2994,$400C_const,1
2994,$400C_vol,9
2995,$400E_period,10
2995,$400E_mode,0
2996,$400E_period,11
2996,$400E_mode,0
2996,$400C_const,1
2996,$400C_vol,7
2997,$400E_period,10
2997,$400E_mode,0
2998,$4004_duty,3
2998,$4004_const,1
2998,$4004_vol,0
2998,$400E_period,11
2998,$400E_mode,0
2998,$400C_const,1
2998,$400C_vol,9
2999,$400E_period,10
2999,$400E_mode,0
3000,$4012_addr,250
3000,$4013_len,11
3000,$4010_rate,15
3000,$4000_duty,2
3000,$4000_const,1
3000,$4000_vol,5
3000,$4002_period,121
3000,$400B_length,48
3000,$4004_duty,2
3000,$4004_const,1
3000,$4004_vol,11
3000,$4006_period,961
3000,$4008_linear,127
3000,$400A_period,75
3000,$400B_length,48
3000,$400E_period,11
3000,$400E_mode,0
3000,$400C_const,1
3000,$400C_vol,7
3001,$4004_duty,3
3001,$4004_const,1
3001,$4004_vol,10
3001,$4008_linear,0
3001,$400E_period,10
3001,$400E_mode,0
3002,$4000_duty,2
3002,$4000_const,1
3002,$4000_vol,0
3002,$4004_duty,3
3002,$4004_const,1
3002,$4004_vol,9
3002,$400E_period,11
3002,$400E_mode,0
3002,$400C_const,1
3002,$400C_vol,9
3003,$4004_duty,3
3003,$4004_const,1
3003,$4004_vol,0
3003,$400E_period,10
3003,$400E_mode,0
3004,$400E_period,11
3004,$400E_mode,0
3004,$400C_const,1
3004,$400C_vol,7
3005,$400E_period,10
3005,$400E_mode,0
3006,$400E_period,11
3006,$400E_mode,0
3006,$400C_const,1
3006,$400C_vol,9
3007,$4012_addr,240
3007,$4013_len,11
3007,$4010_rate,15
3007,$4000_duty,2
3007,$4000_const,1
3007,$4000_vol,5
3007,$4002_period,135
3007,$400B_length,32
3007,$4004_duty,2
3007,$4004_const,1
3007,$4004_vol,13
3007,$4006_period,2427
3007,$4008_linear,127
3007,$400A_period,101
3007,$400B_length,32
3007,$400E_period,10
3007,$400E_mode,0
3008,$4004_duty,3
3008,$4004_const,1
3008,$4004_vol,12
3008,$4008_linear,0
3008,$400E_period,11
3008,$400E_mode,0
3008,$400C_const,1
3008,$400C_vol,7
3009,$4000_duty,2
3009,$4000_const,1
3009,$4000_vol,0
3009,$4004_duty,3
3009,$4004_const,1
3009,$4004_vol,11
3009,$400E_period,10
3009,$400E_mode,0
3010,$4004_duty,3
3010,$4004_const,1
3010,$4004_vol,10
3010,$400E_period,11
3010,$400E_mode,0
3010,$400C_const,1
3010,$400C_vol,9
3011,$4004_duty,3
3011,$4004_const,1
3011,$4004_vol,9
3011,$400E_period,10
3011,$400E_mode,0
3012,$4004_duty,3
3012,$4004_const,1
3012,$4004_vol,8
3012,$400E_period,11
3012,$400E_mode,0
3012,$400C_const,1
3012,$400C_vol,7
3013,$4004_duty,3
3013,$4004_const,1
3013,$4004_vol,7
3013,$400E_period,10
3013,$400E_mode,0
3014,$4012_addr,243
3014,$4013_len,28
3014,$4010_rate,15
3014,$4000_duty,2
3014,$4000_const,1
3014,$4000_vol,5
3014,$4002_period,113
3014,$400B_length,48
3014,$4004_duty,3
3014,$4004_const,1
3014,$4004_vol,6
3014,$4008_linear,127
3014,$400A_period,61
3014,$400B_length,48
3014,$400E_period,11
3014,$400E_mode,0
3014,$400C_const,1
3014,$400C_vol,9
3015,$4004_duty,3
3015,$4004_const,1
3015,$4004_vol,2
3015,$4008_linear,0
3015,$400E_period,10
3015,$400E_mode,0
3016,$4000_duty,2
3016,$4000_const,1
3016,$4000_vol,0
3016,$400E_period,11
3016,$400E_mode,0
3016,$400C_const,1
3016,$400C_vol,7
3017,$400E_period,10
3017,$400E_mode,0
3018,$400E_period,11
3018,$400E_mode,0
3018,$400C_const,1
3018,$400C_vol,9
3019,$4004_duty,3
3019,$4004_const,1
3019,$4004_vol,0
3019,$400E_period,10
3019,$400E_mode,0
3020,$400E_period,11
3020,$400E_mode,0
3020,$400C_const,1
3020,$400C_vol,7
3021,$4000_duty,2
3021,$4000_const,1
3021,$4000_vol,5
3021,$4002_period,121
3021,$400B_length,32
3021,$4004_duty,2
3021,$4004_const,1
3021,$4004_vol,13
3021,$4006_period,2427
3021,$4008_linear,127
3021,$400A_period,75
3021,$400B_length,32
3021,$400E_period,10
3021,$400E_mode,0
3022,$4004_duty,3
3022,$4004_const,1
3022,$4004_vol,12
3022,$4008_linear,0
3022,$400E_period,11
3022,$400E_mode,0
3022,$400C_const,1
3022,$400C_vol,9
3023,$4000_duty,2
3023,$4000_const,1
3023,$4000_vol,0
3023,$4004_duty,3
3023,$4004_const,1
3023,$4004_vol,11
3023,$400E_period,10
3023,$400E_mode,0
3024,$4004_duty,3
3024,$4004_const,1
3024,$4004_vol,10
3024,$400E_period,11
3024,$400E_mode,0
3024,$400C_const,1
3024,$400C_vol,7
3025,$4004_duty,3
3025,$4004_const,1
3025,$4004_vol,9
3025,$400E_period,10
3025,$400E_mode,0
3026,$4004_duty,3
3026,$4004_const,1
3026,$4004_vol,8
3026,$400E_period,11
3026,$400E_mode,0
3026,$400C_const,1
3026,$400C_vol,9
3027,$4004_duty,3
3027,$4004_const,1
3027,$4004_vol,7
3027,$400E_period,10
3027,$400E_mode,0
3028,$4012_addr,250
3028,$4013_len,11
3028,$4010_rate,14
3028,$4000_duty,2
3028,$4000_const,1
3028,$4000_vol,5
3028,$4002_period,151
3028,$400B_length,48
3028,$4004_duty,3
3028,$4004_const,1
3028,$4004_vol,6
3028,$4008_linear,127
3028,$400A_period,101
3028,$400B_length,48
3028,$400E_period,11
3028,$400E_mode,0
3028,$400C_const,1
3028,$400C_vol,7
3029,$4004_duty,3
3029,$4004_const,1
3029,$4004_vol,2
3029,$4008_linear,0
3029,$400E_period,10
3029,$400E_mode,0
3030,$4000_duty,2
3030,$4000_const,1
3030,$4000_vol,0
3030,$400E_period,11
3030,$400E_mode,0
3030,$400C_const,1
3030,$400C_vol,9
3031,$400E_period,10
3031,$400E_mode,0
3032,$400E_period,11
3032,$400E_mode,0
3032,$400C_const,1
3032,$400C_vol,7
3033,$4004_duty,3
3033,$4004_const,1
3033,$4004_vol,0
3033,$400E_period,10
3033,$400E_mode,0
3034,$400E_period,11
3034,$400E_mode,0
3034,$400C_const,1
3034,$400C_vol,9
3035,$4010_rate,14
3035,$4000_duty,2
3035,$4000_const,1
3035,$4000_vol,5
3035,$4002_period,201
3035,$400B_length,32
3035,$4004_duty,2
3035,$4004_const,1
3035,$4004_vol,12
3035,$4006_period,961
3035,$4008_linear,127
3035,$400A_period,121
3035,$400B_length,32
3035,$400E_period,10
3035,$400E_mode,0
3036,$4004_duty,3
3036,$4004_const,1
3036,$4004_vol,11
3036,$4008_linear,0
3036,$400E_period,11
3036,$400E_mode,0
3036,$400C_const,1
3036,$400C_vol,7
3037,$4000_duty,2
3037,$4000_const,1
3037,$4000_vol,0
3037,$4004_duty,3
3037,$4004_const,1
3037,$4004_vol,10
3037,$400E_period,10
3037,$400E_mode,0
3038,$4004_duty,3
3038,$4004_const,1
3038,$4004_vol,1
3038,$400E_period,11
3038,$400E_mode,0
3038,$400C_const,1
3038,$400C_vol,9
3039,$400E_period,10
3039,$400E_mode,0
3040,$400E_period,11
3040,$400E_mode,0
3040,$400C_const,1
3040,$400C_vol,7
3041,$400E_period,10
3041,$400E_mode,0
3042,$4012_addr,240
3042,$4013_len,11
3042,$4010_rate,15
3042,$4000_duty,2
3042,$4000_const,1
3042,$4000_vol,4
3042,$4002_period,453
3042,$400B_length,48
3042,$4004_duty,2
3042,$4004_const,1
3042,$4004_vol,15
3042,$4006_period,2157
3042,$4008_linear,127
3042,$400A_period,269
3042,$400B_length,48
3042,$400E_period,11
3042,$400E_mode,0
3042,$400C_const,1
3042,$400C_vol,9
3043,$4000_duty,2
3043,$4000_const,1
3043,$4000_vol,8
3043,$4004_duty,3
3043,$4004_const,1
3043,$4004_vol,14
3043,$400E_period,10
3043,$400E_mode,0
3044,$4000_duty,2
3044,$4000_const,1
3044,$4000_vol,10
3044,$4004_duty,3
3044,$4004_const,1
3044,$4004_vol,13
3044,$400E_period,11
3044,$400E_mode,0
3044,$400C_const,1
3044,$400C_vol,7
3045,$4000_duty,2
3045,$4000_const,1
3045,$4000_vol,7
3045,$4004_duty,3
3045,$4004_const,1
3045,$4004_vol,12
3045,$400E_period,10
3045,$400E_mode,0
3046,$4000_duty,2
3046,$4000_const,1
3046,$4000_vol,5
3046,$4004_duty,3
3046,$4004_const,1
3046,$4004_vol,11
3046,$400E_period,11
3046,$400E_mode,0
3046,$400C_const,1
3046,$400C_vol,9
3047,$4000_duty,2
3047,$4000_const,1
3047,$4000_vol,0
3047,$4004_duty,3
3047,$4004_const,1
3047,$4004_vol,10
3047,$4008_linear,0
3047,$400E_period,10
3047,$400E_mode,0
3048,$4004_duty,3
3048,$4004_const,1
3048,$4004_vol,9
3048,$400E_period,11
3048,$400E_mode,0
3048,$400C_const,1
3048,$400C_vol,7
3049,$4004_duty,3
3049,$4004_const,1
3049,$4004_vol,8
3049,$400E_period,10
3049,$400E_mode,0
3050,$4004_duty,3
3050,$4004_const,1
3050,$4004_vol,4
3050,$400E_period,11
3050,$400E_mode,0
3050,$400C_const,1
3050,$400C_vol,9
3051,$400E_period,10
3051,$400E_mode,0
3052,$400E_period,11
3052,$400E_mode,0
3052,$400C_const,1
3052,$400C_vol,7
3053,$400E_period,10
3053,$400E_mode,0
3054,$4004_duty,3
3054,$4004_const,1
3054,$4004_vol,0
3054,$400E_period,11
3054,$400E_mode,0
3054,$400C_const,1
3054,$400C_vol,9
3055,$400E_period,10
3055,$400E_mode,0
3056,$4012_addr,250
3056,$4013_len,11
3056,$4010_rate,15
3056,$4000_duty,2
3056,$4000_const,1
3056,$4000_vol,4
3056,$4002_period,453
3056,$400B_length,32
3056,$4004_duty,2
3056,$4004_const,1
3056,$4004_vol,11
3056,$4006_period,1079
3056,$4008_linear,127
3056,$400A_period,269
3056,$400B_length,32
3056,$400E_period,11
3056,$400E_mode,0
3056,$400C_const,1
3056,$400C_vol,7
3057,$4000_duty,2
3057,$4000_const,1
3057,$4000_vol,8
3057,$4004_duty,3
3057,$4004_const,1
3057,$4004_vol,10
3057,$400E_period,10
3057,$400E_mode,0
3058,$4000_duty,2
3058,$4000_const,1
3058,$4000_vol,10
3058,$4004_duty,3
3058,$4004_const,1
3058,$4004_vol,9
3058,$400E_period,11
3058,$400E_mode,0
3058,$400C_const,1
3058,$400C_vol,9
3059,$4000_duty,2
3059,$4000_const,1
3059,$4000_vol,7
3059,$4004_duty,3
3059,$4004_const,1
3059,$4004_vol,0
3059,$400E_period,10
3059,$400E_mode,0
3060,$4000_duty,2
3060,$4000_const,1
3060,$4000_vol,5
3060,$400E_period,11
3060,$400E_mode,0
3060,$400C_const,1
3060,$400C_vol,7
3061,$400E_period,10
3061,$400E_mode,0
3062,$400E_period,11
3062,$400E_mode,0
3062,$400C_const,1
3062,$400C_vol,9
3063,$4012_addr,240
3063,$4013_len,11
3063,$4010_rate,15
3063,$4004_duty,2
3063,$4004_const,1
3063,$4004_vol,13
3063,$4006_period,3237
3063,$400E_period,10
3063,$400E_mode,0
3064,$4004_duty,3
3064,$4004_const,1
3064,$4004_vol,12
3064,$400E_period,11
3064,$400E_mode,0
3064,$400C_const,1
3064,$400C_vol,7
3065,$4000_duty,2
3065,$4000_const,1
3065,$4000_vol,6
3065,$4004_duty,3
3065,$4004_const,1
3065,$4004_vol,11
3065,$400E_period,10
3065,$400E_mode,0
3066,$4004_duty,3
3066,$4004_const,1
3066,$4004_vol,10
3066,$400E_period,11
3066,$400E_mode,0
3066,$400C_const,1
3066,$400C_vol,9
3067,$4004_duty,3
3067,$4004_const,1
3067,$4004_vol,9
3067,$400E_period,10
3067,$400E_mode,0
3068,$4004_duty,3
3068,$4004_const,1
3068,$4004_vol,8
3068,$400E_period,11
3068,$400E_mode,0
3068,$400C_const,1
3068,$400C_vol,11
3069,$4004_duty,3
3069,$4004_const,1
3069,$4004_vol,7
3069,$400E_period,10
3069,$400E_mode,0
3070,$4010_rate,15
3070,$4000_duty,2
3070,$4000_const,1
3070,$4000_vol,7
3070,$4004_duty,3
3070,$4004_const,1
3070,$4004_vol,6
3070,$400E_period,11
3070,$400E_mode,0
3070,$400C_const,1
3070,$400C_vol,13
3071,$4004_duty,3
3071,$4004_const,1
3071,$4004_vol,2
3071,$400E_period,10
3071,$400E_mode,0
3072,$400E_period,11
3072,$400E_mode,0
3072,$400C_const,1
3072,$400C_vol,15
3073,$400E_period,12
3073,$400E_mode,0
3074,$400E_period,11
3074,$400E_mode,0
3074,$400C_const,1
3074,$400C_vol,13
3075,$4000_duty,2
3075,$4000_const,1
3075,$4000_vol,0
3075,$4004_duty,3
3075,$4004_const,1
3075,$4004_vol,0
3075,$4008_linear,0
3075,$400E_period,12
3075,$400E_mode,0
3076,$400E_period,11
3076,$400E_mode,0
3076,$400C_const,1
3076,$400C_vol,11
3077,$4000_duty,2
3077,$4000_const,1
3077,$4000_vol,4
3077,$4002_period,453
3077,$400B_length,48
3077,$4004_duty,2
3077,$4004_const,1
3077,$4004_vol,13
3077,$4006_period,3237
3077,$4008_linear,127
3077,$400A_period,269
3077,$400B_length,48
3077,$400E_period,12
3077,$400E_mode,0
3078,$4000_duty,2
3078,$4000_const,1
3078,$4000_vol,8
3078,$4004_duty,3
3078,$4004_const,1
3078,$4004_vol,12
3078,$400E_period,11
3078,$400E_mode,0
3078,$400C_const,1
3078,$400C_vol,9
3079,$4000_duty,2
3079,$4000_const,1
3079,$4000_vol,10
3079,$4004_duty,3
3079,$4004_const,1
3079,$4004_vol,11
3079,$400E_period,12
3079,$400E_mode,0
3080,$4000_duty,2
3080,$4000_const,1
3080,$4000_vol,7
3080,$4004_duty,3
3080,$4004_const,1
3080,$4004_vol,10
3080,$400E_period,11
3080,$400E_mode,0
3080,$400C_const,1
3080,$400C_vol,7
3081,$4000_duty,2
3081,$4000_const,1
3081,$4000_vol,5
3081,$4004_duty,3
3081,$4004_const,1
3081,$4004_vol,9
3081,$400E_period,12
3081,$400E_mode,0
3082,$4000_duty,2
3082,$4000_const,1
3082,$4000_vol,0
3082,$4004_duty,3
3082,$4004_const,1
3082,$4004_vol,8
3082,$4008_linear,0
3082,$400E_period,11
3082,$400E_mode,0
3082,$400C_const,1
3082,$400C_vol,5
3083,$4004_duty,3
3083,$4004_const,1
3083,$4004_vol,7
3083,$400E_period,12
3083,$400E_mode,0
3084,$4012_addr,250
3084,$4013_len,11
3084,$4010_rate,14
3084,$4000_duty,2
3084,$4000_const,1
3084,$4000_vol,4
3084,$4002_period,403
3084,$400B_length,32
3084,$4004_duty,3
3084,$4004_const,1
3084,$4004_vol,6
3084,$4008_linear,127
3084,$400A_period,255
3084,$400B_length,32
3084,$400E_period,11
3084,$400E_mode,0
3084,$400C_const,1
3084,$400C_vol,3
3085,$4000_duty,2
3085,$4000_const,1
3085,$4000_vol,8
3085,$4004_duty,3
3085,$4004_const,1
3085,$4004_vol,2
3085,$400E_period,12
3085,$400E_mode,0
3086,$4000_duty,2
3086,$4000_const,1
3086,$4000_vol,10
3086,$400E_period,11
3086,$400E_mode,0
3086,$400C_const,1
3086,$400C_vol,1
3087,$4000_duty,2
3087,$4000_const,1
3087,$4000_vol,7
3087,$400E_period,12
3087,$400E_mode,0
3088,$4000_duty,2
3088,$4000_const,1
3088,$4000_vol,5
3088,$400E_period,1
3088,$400E_mode,0
3088,$400C_const,1
3088,$400C_vol,0
3089,$4000_duty,2
3089,$4000_const,1
3089,$4000_vol,0
3089,$4004_duty,3
3089,$4004_const,1
3089,$4004_vol,0
3089,$4008_linear,0
3091,$4010_rate,14
3091,$4000_duty,2
3091,$4000_const,1
3091,$4000_vol,4
3091,$4002_period,381
3091,$400B_length,48
3091,$4004_duty,2
3091,$4004_const,1
3091,$4004_vol,12
3091,$4006_period,1619
3091,$4008_linear,127
3091,$400A_period,241
3091,$400B_length,48
3091,$400E_period,3
3091,$400E_mode,0
3091,$400C_const,1
3091,$400C_vol,8
3092,$4000_duty,2
3092,$4000_const,1
3092,$4000_vol,8
3092,$4004_duty,3
3092,$4004_const,1
3092,$4004_vol,11
3092,$400C_const,1
3092,$400C_vol,5
3093,$4000_duty,2
3093,$4000_const,1
3093,$4000_vol,10
3093,$4004_duty,3
3093,$4004_const,1
3093,$4004_vol,10
3093,$400C_const,1
3093,$400C_vol,0
3094,$4000_duty,2
3094,$4000_const,1
3094,$4000_vol,7
3094,$4004_duty,3
3094,$4004_const,1
3094,$4004_vol,1
3095,$4000_duty,2
3095,$4000_const,1
3095,$4000_vol,5
3096,$4000_duty,2
3096,$4000_const,1
3096,$4000_vol,0
3096,$4008_linear,0
3098,$4012_addr,240
3098,$4013_len,11
3098,$4010_rate,15
3098,$4000_duty,2
3098,$4000_const,1
3098,$4000_vol,4
3098,$4002_period,359
3098,$400B_length,32
3098,$4004_duty,2
3098,$4004_const,1
3098,$4004_vol,15
3098,$4006_period,2157
3098,$4008_linear,127
3098,$400A_period,227
3098,$400B_length,32
3098,$400C_const,1
3098,$400C_vol,10
3099,$4000_duty,2
3099,$4000_const,1
3099,$4000_vol,8
3099,$4004_duty,3
3099,$4004_const,1
3099,$4004_vol,14
3099,$400C_const,1
3099,$400C_vol,7
3100,$4000_duty,2
3100,$4000_const,1
3100,$4000_vol,10
3100,$4004_duty,3
3100,$4004_const,1
3100,$4004_vol,13
3100,$400C_const,1
3100,$400C_vol,0
3101,$4000_duty,2
3101,$4000_const,1
3101,$4000_vol,7
3101,$4004_duty,3
3101,$4004_const,1
3101,$4004_vol,12
3102,$4000_duty,2
3102,$4000_const,1
3102,$4000_vol,5
3102,$4004_duty,3
3102,$4004_const,1
3102,$4004_vol,11
3103,$4000_duty,2
3103,$4000_const,1
3103,$4000_vol,0
3103,$4004_duty,3
3103,$4004_const,1
3103,$4004_vol,10
3103,$4008_linear,0
3104,$4004_duty,3
3104,$4004_const,1
3104,$4004_vol,9
3105,$4000_duty,2
3105,$4000_const,1
3105,$4000_vol,4
3105,$4002_period,453
3105,$400B_length,48
3105,$4004_duty,3
3105,$4004_const,1
3105,$4004_vol,8
3105,$4008_linear,127
3105,$400A_period,269
3105,$400B_length,48
3105,$400E_period,2
3105,$400E_mode,0
3105,$400C_const,1
3105,$400C_vol,8
3106,$4000_duty,2
3106,$4000_const,1
3106,$4000_vol,8
3106,$4004_duty,3
3106,$4004_const,1
3106,$4004_vol,4
3106,$400C_const,1
3106,$400C_vol,5
3107,$4000_duty,2
3107,$4000_const,1
3107,$4000_vol,10
3107,$400C_const,1
3107,$400C_vol,0
3108,$4000_duty,2
3108,$4000_const,1
3108,$4000_vol,7
3109,$4000_duty,2
3109,$4000_const,1
3109,$4000_vol,5
3110,$4000_duty,2
3110,$4000_const,1
3110,$4000_vol,0
3110,$4004_duty,3
3110,$4004_const,1
3110,$4004_vol,0
3110,$4008_linear,0
3112,$4012_addr,250
3112,$4013_len,11
3112,$4010_rate,15
3112,$4004_duty,2
3112,$4004_const,1
3112,$4004_vol,11
3112,$4006_period,1079
3112,$400E_period,1
3112,$400E_mode,0
3112,$400C_const,1
3112,$400C_vol,8
3113,$4004_duty,3
3113,$4004_const,1
3113,$4004_vol,10
3113,$400C_const,1
3113,$400C_vol,5
3114,$4004_duty,3
3114,$4004_const,1
3114,$4004_vol,9
3114,$400C_const,1
3114,$400C_vol,0
3115,$4004_duty,3
3115,$4004_const,1
3115,$4004_vol,0
3119,$4012_addr,240
3119,$4013_len,11
3119,$4010_rate,15
3119,$4000_duty,2
3119,$4000_const,1
3119,$4000_vol,4
3119,$4002_period,359
3119,$400B_length,32
3119,$4004_duty,2
3119,$4004_const,1
3119,$4004_vol,13
3119,$4006_period,3237
3119,$4008_linear,127
3119,$400A_period,227
3119,$400B_length,32
3119,$400E_period,3
3119,$400E_mode,0
3119,$400C_const,1
3119,$400C_vol,8
3120,$4000_duty,2
3120,$4000_const,1
3120,$4000_vol,8
3120,$4004_duty,3
3120,$4004_const,1
3120,$4004_vol,12
3120,$400C_const,1
3120,$400C_vol,5
3121,$4000_duty,2
3121,$4000_const,1
3121,$4000_vol,10
3121,$4004_duty,3
3121,$4004_const,1
3121,$4004_vol,11
3121,$400C_const,1
3121,$400C_vol,0
3122,$4000_duty,2
3122,$4000_const,1
3122,$4000_vol,2
3122,$4002_period,57
3122,$400B_length,16
3122,$4004_duty,2
3122,$4004_const,1
3122,$4004_vol,2
3122,$4006_period,57
3122,$4008_linear,0
3122,$400A_period,63
3122,$400B_length,16
3124,$4000_duty,2
3124,$4000_const,1
3124,$4000_vol,12
3124,$4002_period,3599
3124,$400B_length,7
3124,$4004_duty,2
3124,$4004_const,1
3124,$4004_vol,12
3124,$4006_period,3599
3124,$4008_linear,127
3124,$400A_period,57
3124,$400B_length,0
3125,$4000_duty,2
3125,$4000_const,1
3125,$4000_vol,0
3125,$4002_period,85
3125,$400B_length,16
3125,$4004_duty,2
3125,$4004_const,1
3125,$4004_vol,0
3125,$4006_period,85
3125,$4008_linear,0
3125,$400A_period,95
3125,$400B_length,16
3126,$4012_addr,243
3126,$4013_len,28
3126,$4010_rate,15
3126,$400C_const,1
3126,$400C_vol,10
3127,$4000_duty,2
3127,$4000_const,1
3127,$4000_vol,10
3127,$4002_period,101
3127,$400B_length,0
3127,$4004_duty,2
3127,$4004_const,1
3127,$4004_vol,10
3127,$4006_period,101
3127,$4008_linear,127
3127,$400A_period,113
3127,$400B_length,0
3127,$400C_const,1
3127,$400C_vol,7
3128,$4000_duty,2
3128,$4000_const,1
3128,$4000_vol,0
3128,$4002_period,121
3128,$400B_length,16
3128,$4004_duty,2
3128,$4004_const,1
3128,$4004_vol,0
3128,$4006_period,121
3128,$4008_linear,0
3128,$400A_period,135
3128,$400B_length,16
3128,$400C_const,1
3128,$400C_vol,0
3130,$4000_duty,2
3130,$4000_const,1
3130,$4000_vol,8
3130,$4002_period,135
3130,$400B_length,0
3130,$4004_duty,2
3130,$4004_const,1
3130,$4004_vol,8
3130,$4006_period,135
3130,$4008_linear,127
3130,$400A_period,151
3130,$400B_length,0
3131,$4000_duty,2
3131,$4000_const,1
3131,$4000_vol,0
3131,$4002_period,161
3131,$400B_length,16
3131,$4004_duty,2
3131,$4004_const,1
3131,$4004_vol,0
3131,$4006_period,161
3131,$4008_linear,0
3131,$400A_period,179
3131,$400B_length,16
3133,$4000_duty,2
3133,$4000_const,1
3133,$4000_vol,6
3133,$4002_period,191
3133,$400B_length,0
3133,$4004_duty,2
3133,$4004_const,1
3133,$4004_vol,6
3133,$4006_period,191
3133,$4008_linear,127
3133,$400A_period,213
3133,$400B_length,0
3133,$400E_period,2
3133,$400E_mode,0
3133,$400C_const,1
3133,$400C_vol,8
3134,$4000_duty,2
3134,$4000_const,1
3134,$4000_vol,8
3134,$4002_period,359
3134,$400B_length,32
3134,$4004_duty,3
3134,$4004_const,1
3134,$4004_vol,12
3134,$4006_period,3237
3134,$400A_period,227
3134,$400B_length,32
3134,$400C_const,1
3134,$400C_vol,5
3135,$4000_duty,2
3135,$4000_const,1
3135,$4000_vol,10
3135,$4004_duty,3
3135,$4004_const,1
3135,$4004_vol,11
3135,$400C_const,1
3135,$400C_vol,0
3136,$4000_duty,2
3136,$4000_const,1
3136,$4000_vol,7
3136,$4004_duty,3
3136,$4004_const,1
3136,$4004_vol,10
3137,$4000_duty,2
3137,$4000_const,1
3137,$4000_vol,5
3137,$4004_duty,3
3137,$4004_const,1
3137,$4004_vol,9
3138,$4000_duty,2
3138,$4000_const,1
3138,$4000_vol,0
3138,$4004_duty,3
3138,$4004_const,1
3138,$4004_vol,8
3138,$4008_linear,0
3139,$4004_duty,3
3139,$4004_const,1
3139,$4004_vol,7
3140,$4012_addr,250
3140,$4013_len,11
3140,$4010_rate,14
3140,$4000_duty,2
3140,$4000_const,1
3140,$4000_vol,4
3140,$4002_period,453
3140,$400B_length,48
3140,$4004_duty,3
3140,$4004_const,1
3140,$4004_vol,6
3140,$4008_linear,127
3140,$400A_period,269
3140,$400B_length,48
3140,$400E_period,1
3140,$400E_mode,0
3140,$400C_const,1
3140,$400C_vol,8
3141,$4000_duty,2
3141,$4000_const,1
3141,$4000_vol,8
3141,$4004_duty,3
3141,$4004_const,1
3141,$4004_vol,2
3141,$400C_const,1
3141,$400C_vol,5
3142,$4000_duty,2
3142,$4000_const,1
3142,$4000_vol,10
3142,$400C_const,1
3142,$400C_vol,0
3143,$4000_duty,2
3143,$4000_const,1
3143,$4000_vol,7
3144,$4000_duty,2
3144,$4000_const,1
3144,$4000_vol,5
3145,$4000_duty,2
3145,$4000_const,1
3145,$4000_vol,0
3145,$4004_duty,3
3145,$4004_const,1
3145,$4004_vol,0
3145,$4008_linear,0
3147,$4010_rate,14
3147,$4000_duty,2
3147,$4000_const,1
3147,$4000_vol,4
3147,$4002_period,539
3147,$400B_length,33
3147,$4004_duty,2
3147,$4004_const,1
3147,$4004_vol,12
3147,$4006_period,1619
3147,$4008_linear,127
3147,$400A_period,321
3147,$400B_length,32
3147,$400E_period,3
3147,$400E_mode,0
3147,$400C_const,1
3147,$400C_vol,8
3148,$4000_duty,2
3148,$4000_const,1
3148,$4000_vol,8
3148,$4004_duty,3
3148,$4004_const,1
3148,$4004_vol,11
3148,$400C_const,1
3148,$400C_vol,5
3149,$4000_duty,2
3149,$4000_const,1
3149,$4000_vol,10
3149,$4004_duty,3
3149,$4004_const,1
3149,$4004_vol,10
3149,$400C_const,1
3149,$400C_vol,0
3150,$4000_duty,2
3150,$4000_const,1
3150,$4000_vol,7
3150,$4004_duty,3
3150,$4004_const,1
3150,$4004_vol,1
3151,$4000_duty,2
3151,$4000_const,1
3151,$4000_vol,5
3152,$4000_duty,2
3152,$4000_const,1
3152,$4000_vol,0
3152,$4008_linear,0
3154,$4012_addr,243
3154,$4013_len,28
3154,$4010_rate,15
3154,$4000_duty,2
3154,$4000_const,1
3154,$4000_vol,9
3154,$4002_period,807
3154,$400B_length,49
3154,$4004_duty,2
3154,$4004_const,1
3154,$4004_vol,12
3154,$4006_period,1211
3154,$4008_linear,127
3154,$400A_period,241
3154,$400B_length,48
3154,$400C_const,1
3154,$400C_vol,10
3155,$4000_duty,2
3155,$4000_const,1
3155,$4000_vol,7
3155,$4004_duty,2
3155,$4004_const,1
3155,$4004_vol,10
3155,$400C_const,1
3155,$400C_vol,7
3156,$400C_const,1
3156,$400C_vol,0
3159,$4000_duty,2
3159,$4000_const,1
3159,$4000_vol,0
3159,$4004_duty,2
3159,$4004_const,1
3159,$4004_vol,0
3159,$4008_linear,0
3161,$4012_addr,240
3161,$4013_len,11
3161,$4010_rate,15
3161,$4004_duty,2
3161,$4004_const,1
3161,$4004_vol,15
3161,$4006_period,2427
3161,$400E_period,2
3161,$400E_mode,0
3161,$400C_const,1
3161,$400C_vol,8
3162,$4004_duty,3
3162,$4004_const,1
3162,$4004_vol,14
3162,$400C_const,1
3162,$400C_vol,5
3163,$4004_duty,3
3163,$4004_const,1
3163,$4004_vol,13
3163,$400C_const,1
3163,$400C_vol,0
3164,$4004_duty,3
3164,$4004_const,1
3164,$4004_vol,4
3168,$4010_rate,15
3168,$4004_duty,2
3168,$4004_const,1
3168,$4004_vol,15
3168,$4006_period,2427
3168,$400E_period,1
3168,$400E_mode,0
3168,$400C_const,1
3168,$400C_vol,8
3169,$4004_duty,3
3169,$4004_const,1
3169,$4004_vol,14
3169,$400C_const,1
3169,$400C_vol,5
3170,$4004_duty,3
3170,$4004_const,1
3170,$4004_vol,13
3170,$400C_const,1
3170,$400C_vol,0
3171,$4004_duty,3
3171,$4004_const,1
3171,$4004_vol,4
3175,$4012_addr,243
3175,$4013_len,28
3175,$4010_rate,15
3175,$4000_duty,2
3175,$4000_const,1
3175,$4000_vol,9
3175,$4002_period,763
3175,$400B_length,33
3175,$4004_duty,2
3175,$4004_const,1
3175,$4004_vol,12
3175,$4006_period,1079
3175,$4008_linear,127
3175,$400A_period,227
3175,$400B_length,32
3175,$400E_period,3
3175,$400E_mode,0
3175,$400C_const,1
3175,$400C_vol,8
3176,$4000_duty,2
3176,$4000_const,1
3176,$4000_vol,7
3176,$4004_duty,2
3176,$4004_const,1
3176,$4004_vol,10
3176,$400C_const,1
3176,$400C_vol,5
3177,$400C_const,1
3177,$400C_vol,0
3180,$4000_duty,2
3180,$4000_const,1
3180,$4000_vol,0
3180,$4004_duty,2
3180,$4004_const,1
3180,$4004_vol,0
3180,$4008_linear,0
3182,$4012_addr,240
3182,$4013_len,11
3182,$4010_rate,15
3182,$4004_duty,2
3182,$4004_const,1
3182,$4004_vol,15
3182,$4006_period,2157
3182,$400C_const,1
3182,$400C_vol,10
3183,$4004_duty,3
3183,$4004_const,1
3183,$4004_vol,14
3183,$400C_const,1
3183,$400C_vol,7
3184,$4004_duty,3
3184,$4004_const,1
3184,$4004_vol,13
3184,$400C_const,1
3184,$400C_vol,0
3185,$4004_duty,3
3185,$4004_const,1
3185,$4004_vol,4
3189,$4010_rate,15
3189,$4004_duty,2
3189,$4004_const,1
3189,$4004_vol,15
3189,$4006_period,2157
3189,$400E_period,2
3189,$400E_mode,0
3189,$400C_const,1
3189,$400C_vol,8
3190,$4004_duty,3
3190,$4004_const,1
3190,$4004_vol,14
3190,$400C_const,1
3190,$400C_vol,5
3191,$4004_duty,3
3191,$4004_const,1
3191,$4004_vol,13
3191,$400C_const,1
3191,$400C_vol,0
3192,$4004_duty,3
3192,$4004_const,1
3192,$4004_vol,4
3196,$4012_addr,243
3196,$4013_len,28
3196,$4010_rate,15
3196,$4000_duty,2
3196,$4000_const,1
3196,$4000_vol,9
3196,$4002_period,719
3196,$400B_length,49
3196,$4004_duty,2
3196,$4004_const,1
3196,$4004_vol,12
3196,$4006_period,1019
3196,$4008_linear,127
3196,$400A_period,213
3196,$400B_length,48
3196,$400E_period,1
3196,$400E_mode,0
3196,$400C_const,1
3196,$400C_vol,8
3197,$4000_duty,2
3197,$4000_const,1
3197,$4000_vol,7
3197,$4004_duty,2
3197,$4004_const,1
3197,$4004_vol,10
3197,$400C_const,1
3197,$400C_vol,5
3198,$400C_const,1
3198,$400C_vol,0
3201,$4000_duty,2
3201,$4000_const,1
3201,$4000_vol,0
3201,$4004_duty,2
3201,$4004_const,1
3201,$4004_vol,0
3201,$4008_linear,0
3203,$4012_addr,240
3203,$4013_len,11
3203,$4010_rate,15
3203,$4004_duty,2
3203,$4004_const,1
3203,$4004_vol,15
3203,$4006_period,2041
3203,$400E_period,3
3203,$400E_mode,0
3203,$400C_const,1
3203,$400C_vol,8
3204,$4004_duty,3
3204,$4004_const,1
3204,$4004_vol,14
3204,$400C_const,1
3204,$400C_vol,5
3205,$4004_duty,3
3205,$4004_const,1
3205,$4004_vol,13
3205,$400C_const,1
3205,$400C_vol,0
3206,$4004_duty,3
3206,$4004_const,1
3206,$4004_vol,4
3207,$4000_duty,2
3207,$4000_const,1
3207,$4000_vol,6
3207,$4002_period,57
3207,$400B_length,0
3207,$4004_duty,2
3207,$4004_const,1
3207,$4004_vol,4
3207,$4006_period,161
3207,$400E_period,4
3207,$400E_mode,0
3207,$400C_const,1
3207,$400C_vol,15
3208,$4000_duty,2
3208,$4000_const,1
3208,$4000_vol,0
3208,$400E_period,0
3208,$400E_mode,0
3209,$4002_period,719
3209,$400B_length,49
3209,$4004_duty,3
3209,$4004_const,1
3209,$4004_vol,4
3209,$4006_period,2041
3209,$400E_period,3
3209,$400E_mode,0
3209,$400C_const,1
3209,$400C_vol,0
3210,$4010_rate,15
3210,$4004_duty,2
3210,$4004_const,1
3210,$4004_vol,15
3210,$4006_period,2041
3210,$400E_period,2
3210,$400E_mode,0
3210,$400C_const,1
3210,$400C_vol,14
3211,$4004_duty,3
3211,$4004_const,1
3211,$4004_vol,14
3211,$400C_const,1
3211,$400C_vol,11
3212,$4004_duty,3
3212,$4004_const,1
3212,$4004_vol,13
3212,$400C_const,1
3212,$400C_vol,3
3213,$4004_duty,3
3213,$4004_const,1
3213,$4004_vol,4
3217,$4012_addr,243
3217,$4013_len,28
3217,$4010_rate,15
3217,$4000_duty,2
3217,$4000_const,1
3217,$4000_vol,9
3217,$4002_period,679
3217,$400B_length,33
3217,$4004_duty,2
3217,$4004_const,1
3217,$4004_vol,12
3217,$4006_period,961
3217,$4008_linear,127
3217,$400A_period,201
3217,$400B_length,32
3217,$400E_period,1
3217,$400E_mode,0
3217,$400C_const,1
3217,$400C_vol,2
3218,$4000_duty,2
3218,$4000_const,1
3218,$4000_vol,7
3218,$4004_duty,2
3218,$4004_const,1
3218,$4004_vol,10
3218,$400C_const,1
3218,$400C_vol,0
3220,$4004_duty,2
3220,$4004_const,1
3220,$4004_vol,0
3222,$4000_duty,2
3222,$4000_const,1
3222,$4000_vol,0
3222,$4008_linear,0
3224,$4012_addr,240
3224,$4013_len,11
3224,$4010_rate,15
3224,$4004_duty,2
3224,$4004_const,1
3224,$4004_vol,15
3224,$4006_period,1921
3224,$400C_const,1
3224,$400C_vol,4
3225,$4004_duty,3
3225,$4004_const,1
3225,$4004_vol,14
3225,$400C_const,1
3225,$400C_vol,1
3226,$4004_duty,3
3226,$4004_const,1
3226,$4004_vol,13
3226,$400C_const,1
3226,$400C_vol,0
3227,$4004_duty,3
3227,$4004_const,1
3227,$4004_vol,4
3231,$4010_rate,15
3231,$4000_duty,2
3231,$4000_const,1
3231,$4000_vol,9
3231,$4002_period,807
3231,$400B_length,49
3231,$4004_duty,2
3231,$4004_const,1
3231,$4004_vol,15
3231,$4006_period,2427
3231,$4008_linear,127
3231,$400A_period,303
3231,$400B_length,48
3231,$400E_period,2
3231,$400E_mode,0
3231,$400C_const,1
3231,$400C_vol,14
3232,$4000_duty,2
3232,$4000_const,1
3232,$4000_vol,7
3232,$4004_duty,3
3232,$4004_const,1
3232,$4004_vol,14
3232,$400C_const,1
3232,$400C_vol,11
3233,$4004_duty,3
3233,$4004_const,1
3233,$4004_vol,4
3233,$400C_const,1
3233,$400C_vol,3
3234,$4000_duty,2
3234,$4000_const,1
3234,$4000_vol,0
3236,$4008_linear,0
3237,$4004_duty,3
3237,$4004_const,1
3237,$4004_vol,0
3238,$4012_addr,240
3238,$4013_len,11
3238,$400E_period,1
3238,$400E_mode,0
3238,$400C_const,1
3238,$400C_vol,2
3239,$400C_const,1
3239,$400C_vol,0
3245,$4010_rate,15
3245,$4000_duty,2
3245,$4000_const,1
3245,$4000_vol,5
3245,$4002_period,169
3245,$400B_length,32
3245,$4004_duty,2
3245,$4004_const,1
3245,$4004_vol,6
3245,$4006_period,227
3245,$4008_linear,127
3245,$400A_period,75
3245,$400B_length,32
3245,$400C_const,1
3245,$400C_vol,4
3246,$4000_duty,2
3246,$4000_const,1
3246,$4000_vol,0
3246,$4004_duty,2
3246,$4004_const,1
3246,$4004_vol,0
3246,$4008_linear,0
3246,$400C_const,1
3246,$400C_vol,1
3247,$400C_const,1
3247,$400C_vol,0
3252,$4012_addr,243
3252,$4013_len,28
3252,$4010_rate,15
3252,$4000_duty,2
3252,$4000_const,1
3252,$4000_vol,5
3252,$4002_period,169
3252,$400B_length,48
3252,$4004_duty,2
3252,$4004_const,1
3252,$4004_vol,6
3252,$4006_period,241
3252,$4008_linear,127
3252,$400A_period,75
3252,$400B_length,48
3252,$400E_period,4
3252,$400E_mode,0
3252,$400C_const,1
3252,$400C_vol,11
3253,$4000_duty,2
3253,$4000_const,1
3253,$4000_vol,3
3253,$4004_duty,2
3253,$4004_const,1
3253,$4004_vol,4
3253,$400C_const,1
3253,$400C_vol,10
3254,$400C_const,1
3254,$400C_vol,0
3256,$4000_duty,2
3256,$4000_const,1
3256,$4000_vol,0
3256,$4004_duty,2
3256,$4004_const,1
3256,$4004_vol,0
3256,$4008_linear,0
3259,$4010_rate,15
3259,$4004_duty,2
3259,$4004_const,1
3259,$4004_vol,13
3259,$4006_period,2427
3259,$400E_period,1
3259,$400E_mode,0
3259,$400C_const,1
3259,$400C_vol,11
3260,$4004_duty,3
3260,$4004_const,1
3260,$4004_vol,12
3260,$400C_const,1
3260,$400C_vol,8
3261,$4004_duty,3
3261,$4004_const,1
3261,$4004_vol,11
3261,$400C_const,1
3261,$400C_vol,0
3262,$4004_duty,3
3262,$4004_const,1
3262,$4004_vol,10
3263,$4004_duty,3
3263,$4004_const,1
3263,$4004_vol,9
3264,$4004_duty,3
3264,$4004_const,1
3264,$4004_vol,2
3266,$4012_addr,240
3266,$4013_len,11
3266,$4010_rate,15
3266,$4000_duty,2
3266,$4000_const,1
3266,$4000_vol,4
3266,$4002_period,359
3266,$400B_length,32
3266,$4004_duty,2
3266,$4004_const,1
3266,$4004_vol,15
3266,$4006_period,1811
3266,$4008_linear,127
3266,$400A_period,227
3266,$400B_length,32
3266,$400E_period,3
3266,$400E_mode,0
3266,$400C_const,1
3266,$400C_vol,10
3267,$4000_duty,2
3267,$4000_const,1
3267,$4000_vol,8
3267,$4004_duty,3
3267,$4004_const,1
3267,$4004_vol,14
3267,$400C_const,1
3267,$400C_vol,7
3268,$4000_duty,2
3268,$4000_const,1
3268,$4000_vol,10
3268,$4004_duty,3
3268,$4004_const,1
3268,$4004_vol,13
3268,$400C_const,1
3268,$400C_vol,0
3269,$4000_duty,2
3269,$4000_const,1
3269,$4000_vol,7
3269,$4004_duty,3
3269,$4004_const,1
3269,$4004_vol,12
3270,$4000_duty,2
3270,$4000_const,1
3270,$4000_vol,5
3270,$4004_duty,3
3270,$4004_const,1
3270,$4004_vol,11
3271,$4000_duty,2
3271,$4000_const,1
3271,$4000_vol,0
3271,$4004_duty,3
3271,$4004_const,1
3271,$4004_vol,10
3271,$4008_linear,0
3272,$4004_duty,3
3272,$4004_const,1
3272,$4004_vol,9
3273,$4004_duty,3
3273,$4004_const,1
3273,$4004_vol,8
3273,$400E_period,2
3273,$400E_mode,0
3273,$400C_const,1
3273,$400C_vol,8
3274,$4004_duty,3
3274,$4004_const,1
3274,$4004_vol,4
3274,$400C_const,1
3274,$400C_vol,5
3275,$400C_const,1
3275,$400C_vol,0
3278,$4004_duty,3
3278,$4004_const,1
3278,$4004_vol,0
3280,$4012_addr,250
3280,$4013_len,11
3280,$4010_rate,15
3280,$4000_duty,2
3280,$4000_const,1
3280,$4000_vol,4
3280,$4002_period,359
3280,$400B_length,48
3280,$4004_duty,2
3280,$4004_const,1
3280,$4004_vol,11
3280,$4006_period,907
3280,$4008_linear,127
3280,$400A_period,227
3280,$400B_length,48
3280,$400E_period,1
3280,$400E_mode,0
3280,$400C_const,1
3280,$400C_vol,8
3281,$4000_duty,2
3281,$4000_const,1
3281,$4000_vol,8
3281,$4004_duty,3
3281,$4004_const,1
3281,$4004_vol,10
3281,$400C_const,1
3281,$400C_vol,5
3282,$4000_duty,2
3282,$4000_const,1
3282,$4000_vol,10
3282,$4004_duty,3
3282,$4004_const,1
3282,$4004_vol,9
3282,$400C_const,1
3282,$400C_vol,0
3283,$4000_duty,2
3283,$4000_const,1
3283,$4000_vol,7
3283,$4004_duty,3
3283,$4004_const,1
3283,$4004_vol,0
3284,$4000_duty,2
3284,$4000_const,1
3284,$4000_vol,5
3287,$4012_addr,240
3287,$4013_len,11
3287,$4010_rate,15
3287,$4004_duty,2
3287,$4004_const,1
3287,$4004_vol,13
3287,$4006_period,2427
3287,$400E_period,3
3287,$400E_mode,0
3287,$400C_const,1
3287,$400C_vol,8
3288,$4004_duty,3
3288,$4004_const,1
3288,$4004_vol,12
3288,$400C_const,1
3288,$400C_vol,5
3289,$4000_duty,2
3289,$4000_const,1
3289,$4000_vol,6
3289,$4004_duty,3
3289,$4004_const,1
3289,$4004_vol,11
3289,$400C_const,1
3289,$400C_vol,0
3290,$4004_duty,3
3290,$4004_const,1
3290,$4004_vol,10
3291,$4004_duty,3
3291,$4004_const,1
3291,$4004_vol,9
3292,$4004_duty,3
3292,$4004_const,1
3292,$4004_vol,8
3293,$4004_duty,3
3293,$4004_const,1
3293,$4004_vol,7
3294,$4010_rate,15
3294,$4000_duty,2
3294,$4000_const,1
3294,$4000_vol,7
3294,$4004_duty,3
3294,$4004_const,1
3294,$4004_vol,6
3294,$400C_const,1
3294,$400C_vol,10
3295,$4004_duty,3
3295,$4004_const,1
3295,$4004_vol,2
3295,$400C_const,1
3295,$400C_vol,7
3296,$400C_const,1
3296,$400C_vol,0
3299,$4000_duty,2
3299,$4000_const,1
3299,$4000_vol,8
3299,$4004_duty,3
3299,$4004_const,1
3299,$4004_vol,0
3299,$4008_linear,0
3301,$4004_duty,2
3301,$4004_const,1
3301,$4004_vol,13
3301,$4006_period,2427
3301,$400E_period,2
3301,$400E_mode,0
3301,$400C_const,1
3301,$400C_vol,8
3302,$4004_duty,3
3302,$4004_const,1
3302,$4004_vol,12
3302,$400C_const,1
3302,$400C_vol,5
3303,$4004_duty,3
3303,$4004_const,1
3303,$4004_vol,11
3303,$400C_const,1
3303,$400C_vol,0
3304,$4000_duty,2
3304,$4000_const,1
3304,$4000_vol,9
3304,$4004_duty,3
3304,$4004_const,1
3304,$4004_vol,10
3305,$4004_duty,3
3305,$4004_const,1
3305,$4004_vol,9
3306,$4000_duty,2
3306,$4000_const,1
3306,$4000_vol,0
3306,$4004_duty,3
3306,$4004_const,1
3306,$4004_vol,8
3307,$4004_duty,3
3307,$4004_const,1
3307,$4004_vol,7
3308,$4012_addr,250
3308,$4013_len,11
3308,$4010_rate,14
3308,$4000_duty,2
3308,$4000_const,1
3308,$4000_vol,4
3308,$4002_period,339
3308,$400B_length,32
3308,$4004_duty,3
3308,$4004_const,1
3308,$4004_vol,6
3308,$4008_linear,127
3308,$400A_period,201
3308,$400B_length,32
3308,$400E_period,1
3308,$400E_mode,0
3308,$400C_const,1
3308,$400C_vol,8
3309,$4000_duty,2
3309,$4000_const,1
3309,$4000_vol,8
3309,$4004_duty,3
3309,$4004_const,1
3309,$4004_vol,2
3309,$400C_const,1
3309,$400C_vol,5
3310,$4000_duty,2
3310,$4000_const,1
3310,$4000_vol,10
3310,$400C_const,1
3310,$400C_vol,0
3311,$4000_duty,2
3311,$4000_const,1
3311,$4000_vol,7
3312,$4000_duty,2
3312,$4000_const,1
3312,$4000_vol,5
3313,$4000_duty,2
3313,$4000_const,1
3313,$4000_vol,0
3313,$4004_duty,3
3313,$4004_const,1
3313,$4004_vol,0
3313,$4008_linear,0
3315,$4010_rate,14
3315,$4000_duty,2
3315,$4000_const,1
3315,$4000_vol,4
3315,$4002_period,321
3315,$400B_length,48
3315,$4004_duty,2
3315,$4004_const,1
3315,$4004_vol,12
3315,$4006_period,907
3315,$4008_linear,127
3315,$400A_period,191
3315,$400B_length,48
3315,$400E_period,3
3315,$400E_mode,0
3315,$400C_const,1
3315,$400C_vol,8
3316,$4000_duty,2
3316,$4000_const,1
3316,$4000_vol,8
3316,$4004_duty,3
3316,$4004_const,1
3316,$4004_vol,11
3316,$400C_const,1
3316,$400C_vol,5
3317,$4000_duty,2
3317,$4000_const,1
3317,$4000_vol,10
3317,$4004_duty,3
3317,$4004_const,1
3317,$4004_vol,10
3317,$400C_const,1
3317,$400C_vol,0
3318,$4000_duty,2
3318,$4000_const,1
3318,$4000_vol,7
3318,$4004_duty,3
3318,$4004_const,1
3318,$4004_vol,1
3319,$4000_duty,2
3319,$4000_const,1
3319,$4000_vol,5
3320,$4000_duty,2
3320,$4000_const,1
3320,$4000_vol,0
3320,$4008_linear,0
3322,$4012_addr,240
3322,$4013_len,11
3322,$4010_rate,15
3322,$4000_duty,2
3322,$4000_const,1
3322,$4000_vol,4
3322,$4002_period,303
3322,$400B_length,32
3322,$4004_duty,2
3322,$4004_const,1
3322,$4004_vol,15
3322,$4006_period,1811
3322,$4008_linear,127
3322,$400A_period,179
3322,$400B_length,32
3322,$400C_const,1
3322,$400C_vol,10
3323,$4000_duty,2
3323,$4000_const,1
3323,$4000_vol,8
3323,$4004_duty,3
3323,$4004_const,1
3323,$4004_vol,14
3323,$400C_const,1
3323,$400C_vol,7
3324,$4000_duty,2
3324,$4000_const,1
3324,$4000_vol,10
3324,$4004_duty,3
3324,$4004_const,1
3324,$4004_vol,13
3324,$400C_const,1
3324,$400C_vol,0
3325,$4000_duty,2
3325,$4000_const,1
3325,$4000_vol,7
3325,$4004_duty,3
3325,$4004_const,1
3325,$4004_vol,12
3326,$4000_duty,2
3326,$4000_const,1
3326,$4000_vol,5
3326,$4004_duty,3
3326,$4004_const,1
3326,$4004_vol,11
3327,$4000_duty,2
3327,$4000_const,1
3327,$4000_vol,0
3327,$4004_duty,3
3327,$4004_const,1
3327,$4004_vol,10
3327,$4008_linear,0
3328,$4004_duty,3
3328,$4004_const,1
3328,$4004_vol,9
3329,$4000_duty,2
3329,$4000_const,1
3329,$4000_vol,4
3329,$4002_period,359
3329,$400B_length,48
3329,$4004_duty,3
3329,$4004_const,1
3329,$4004_vol,8
3329,$4008_linear,127
3329,$400A_period,227
3329,$400B_length,48
3329,$400E_period,2
3329,$400E_mode,0
3329,$400C_const,1
3329,$400C_vol,8
3330,$4000_duty,2
3330,$4000_const,1
3330,$4000_vol,8
3330,$4004_duty,3
3330,$4004_const,1
3330,$4004_vol,4
3330,$400C_const,1
3330,$400C_vol,5
3331,$4000_duty,2
3331,$4000_const,1
3331,$4000_vol,10
3331,$400C_const,1
3331,$400C_vol,0
3332,$4000_duty,2
3332,$4000_const,1
3332,$4000_vol,7
3333,$4000_duty,2
3333,$4000_const,1
3333,$4000_vol,5
3334,$4000_duty,2
3334,$4000_const,1
3334,$4000_vol,0
3334,$4004_duty,3
3334,$4004_const,1
3334,$4004_vol,0
3334,$4008_linear,0
3336,$4012_addr,250
3336,$4013_len,11
3336,$4010_rate,15
3336,$4004_duty,0
3336,$4004_const,1
3336,$4004_vol,5
3336,$4006_period,349
3336,$400E_period,1
3336,$400E_mode,0
3336,$400C_const,1
3336,$400C_vol,8
3337,$400C_const,1
3337,$400C_vol,5
3338,$4004_duty,0
3338,$4004_const,1
3338,$4004_vol,3
3338,$400C_const,1
3338,$400C_vol,0
3340,$4004_duty,3
3340,$4004_const,1
3340,$4004_vol,0
3340,$4006_period,907
3343,$4012_addr,240
3343,$4013_len,11
3343,$4010_rate,15
3343,$4000_duty,2
3343,$4000_const,1
3343,$4000_vol,4
3343,$4002_period,303
3343,$400B_length,32
3343,$4004_duty,2
3343,$4004_const,1
3343,$4004_vol,13
3343,$4006_period,2427
3343,$4008_linear,127
3343,$400A_period,179
3343,$400B_length,32
3343,$400E_period,3
3343,$400E_mode,0
3343,$400C_const,1
3343,$400C_vol,8
3344,$4000_duty,2
3344,$4000_const,1
3344,$4000_vol,8
3344,$4004_duty,3
3344,$4004_const,1
3344,$4004_vol,12
3344,$400C_const,1
3344,$400C_vol,5
3345,$4000_duty,2
3345,$4000_const,1
3345,$4000_vol,10
3345,$4004_duty,3
3345,$4004_const,1
3345,$4004_vol,11
3345,$400C_const,1
3345,$400C_vol,0
3346,$4000_duty,2
3346,$4000_const,1
3346,$4000_vol,7
3346,$4004_duty,3
3346,$4004_const,1
3346,$4004_vol,10
3347,$4000_duty,2
3347,$4000_const,1
3347,$4000_vol,5
3347,$4004_duty,3
3347,$4004_const,1
3347,$4004_vol,9
3348,$4000_duty,2
3348,$4000_const,1
3348,$4000_vol,0
3348,$4004_duty,3
3348,$4004_const,1
3348,$4004_vol,8
3348,$4008_linear,0
3349,$4004_duty,3
3349,$4004_const,1
3349,$4004_vol,7
3350,$4012_addr,243
3350,$4013_len,28
3350,$4010_rate,15
3350,$4000_duty,2
3350,$4000_const,1
3350,$4000_vol,4
3350,$4002_period,179
3350,$400B_length,48
3350,$4004_duty,3
3350,$4004_const,1
3350,$4004_vol,6
3350,$4008_linear,127
3350,$400A_period,113
3350,$400B_length,48
3350,$400C_const,1
3350,$400C_vol,10
3351,$4000_duty,2
3351,$4000_const,1
3351,$4000_vol,8
3351,$4004_duty,3
3351,$4004_const,1
3351,$4004_vol,2
3351,$400C_const,1
3351,$400C_vol,7
3352,$4000_duty,2
3352,$4000_const,1
3352,$4000_vol,10
3352,$400C_const,1
3352,$400C_vol,0
3353,$4000_duty,2
3353,$4000_const,1
3353,$4000_vol,7
3354,$4000_duty,2
3354,$4000_const,1
3354,$4000_vol,5
3355,$4000_duty,2
3355,$4000_const,1
3355,$4000_vol,0
3355,$4004_duty,3
3355,$4004_const,1
3355,$4004_vol,0
3355,$4008_linear,0
3357,$4000_duty,2
3357,$4000_const,1
3357,$4000_vol,4
3357,$4002_period,227
3357,$400B_length,32
3357,$4004_duty,2
3357,$4004_const,1
3357,$4004_vol,13
3357,$4006_period,2427
3357,$4008_linear,127
3357,$400A_period,151
3357,$400B_length,32
3357,$400E_period,2
3357,$400E_mode,0
3357,$400C_const,1
3357,$400C_vol,8
3358,$4000_duty,2
3358,$4000_const,1
3358,$4000_vol,8
3358,$4004_duty,3
3358,$4004_const,1
3358,$4004_vol,12
3358,$400C_const,1
3358,$400C_vol,5
3359,$4000_duty,2
3359,$4000_const,1
3359,$4000_vol,10
3359,$4004_duty,3
3359,$4004_const,1
3359,$4004_vol,11
3359,$400C_const,1
3359,$400C_vol,0
3360,$4000_duty,2
3360,$4000_const,1
3360,$4000_vol,7
3360,$4004_duty,3
3360,$4004_const,1
3360,$4004_vol,10
3361,$4000_duty,2
3361,$4000_const,1
3361,$4000_vol,5
3361,$4004_duty,3
3361,$4004_const,1
3361,$4004_vol,9
3362,$4000_duty,2
3362,$4000_const,1
3362,$4000_vol,0
3362,$4004_duty,3
3362,$4004_const,1
3362,$4004_vol,8
3362,$4008_linear,0
3363,$4004_duty,3
3363,$4004_const,1
3363,$4004_vol,7
3364,$4012_addr,250
3364,$4013_len,11
3364,$4010_rate,14
3364,$4000_duty,2
3364,$4000_const,1
3364,$4000_vol,4
3364,$4002_period,303
3364,$400B_length,48
3364,$4004_duty,3
3364,$4004_const,1
3364,$4004_vol,6
3364,$4008_linear,127
3364,$400A_period,179
3364,$400B_length,48
3364,$400E_period,1
3364,$400E_mode,0
3364,$400C_const,1
3364,$400C_vol,8
3365,$4000_duty,2
3365,$4000_const,1
3365,$4000_vol,8
3365,$4004_duty,3
3365,$4004_const,1
3365,$4004_vol,2
3365,$400C_const,1
3365,$400C_vol,5
3366,$4000_duty,2
3366,$4000_const,1
3366,$4000_vol,10
3366,$400C_const,1
3366,$400C_vol,0
3367,$4000_duty,2
3367,$4000_const,1
3367,$4000_vol,7
3368,$4000_duty,2
3368,$4000_const,1
3368,$4000_vol,5
3369,$4000_duty,2
3369,$4000_const,1
3369,$4000_vol,0
3369,$4004_duty,3
3369,$4004_const,1
3369,$4004_vol,0
3369,$4008_linear,0
3371,$4010_rate,14
3371,$4000_duty,2
3371,$4000_const,1
3371,$4000_vol,4
3371,$4002_period,359
3371,$400B_length,32
3371,$4004_duty,2
3371,$4004_const,1
3371,$4004_vol,12
3371,$4006_period,907
3371,$4008_linear,127
3371,$400A_period,227
3371,$400B_length,32
3371,$400E_period,3
3371,$400E_mode,0
3371,$400C_const,1
3371,$400C_vol,8
3372,$4000_duty,2
3372,$4000_const,1
3372,$4000_vol,8
3372,$4004_duty,3
3372,$4004_const,1
3372,$4004_vol,11
3372,$400C_const,1
3372,$400C_vol,5
3373,$4000_duty,2
3373,$4000_const,1
3373,$4000_vol,10
3373,$4004_duty,3
3373,$4004_const,1
3373,$4004_vol,10
3373,$400C_const,1
3373,$400C_vol,0
3374,$4000_duty,2
3374,$4000_const,1
3374,$4000_vol,7
3374,$4004_duty,3
3374,$4004_const,1
3374,$4004_vol,1
3375,$4000_duty,2
3375,$4000_const,1
3375,$4000_vol,5
3376,$4000_duty,2
3376,$4000_const,1
3376,$4000_vol,0
3376,$4008_linear,0
3378,$4012_addr,240
3378,$4013_len,11
3378,$4010_rate,15
3378,$4000_duty,2
3378,$4000_const,1
3378,$4000_vol,4
3378,$4002_period,403
3378,$400B_length,48
3378,$4004_duty,2
3378,$4004_const,1
3378,$4004_vol,15
3378,$4006_period,1921
3378,$4008_linear,127
3378,$400A_period,241
3378,$400B_length,48
3378,$400C_const,1
3378,$400C_vol,10
3379,$4000_duty,2
3379,$4000_const,1
3379,$4000_vol,8
3379,$4004_duty,3
3379,$4004_const,1
3379,$4004_vol,14
3379,$400C_const,1
3379,$400C_vol,7
3380,$4000_duty,2
3380,$4000_const,1
3380,$4000_vol,10
3380,$4004_duty,3
3380,$4004_const,1
3380,$4004_vol,13
3380,$400C_const,1
3380,$400C_vol,0
3381,$4000_duty,2
3381,$4000_const,1
3381,$4000_vol,7
3381,$4004_duty,3
3381,$4004_const,1
3381,$4004_vol,12
3382,$4000_duty,2
3382,$4000_const,1
3382,$4000_vol,5
3382,$4004_duty,3
3382,$4004_const,1
3382,$4004_vol,11
3383,$4000_duty,2
3383,$4000_const,1
3383,$4000_vol,0
3383,$4004_duty,3
3383,$4004_const,1
3383,$4004_vol,10
3383,$4008_linear,0
3384,$4004_duty,3
3384,$4004_const,1
3384,$4004_vol,9
3385,$4004_duty,3
3385,$4004_const,1
3385,$4004_vol,8
3385,$400E_period,2
3385,$400E_mode,0
3385,$400C_const,1
3385,$400C_vol,8
3386,$4004_duty,3
3386,$4004_const,1
3386,$4004_vol,4
3386,$400C_const,1
3386,$400C_vol,5
3387,$400C_const,1
3387,$400C_vol,0
3390,$4004_duty,3
3390,$4004_const,1
3390,$4004_vol,0
3392,$4012_addr,250
3392,$4013_len,11
3392,$4010_rate,15
3392,$4000_duty,2
3392,$4000_const,1
3392,$4000_vol,4
3392,$4002_period,403
3392,$400B_length,32
3392,$4004_duty,2
3392,$4004_const,1
3392,$4004_vol,11
3392,$4006_period,961
3392,$4008_linear,127
3392,$400A_period,241
3392,$400B_length,32
3392,$400E_period,1
3392,$400E_mode,0
3392,$400C_const,1
3392,$400C_vol,8
3393,$4000_duty,2
3393,$4000_const,1
3393,$4000_vol,8
3393,$4004_duty,3
3393,$4004_const,1
3393,$4004_vol,10
3393,$400C_const,1
3393,$400C_vol,5
3394,$4000_duty,2
3394,$4000_const,1
3394,$4000_vol,10
3394,$4004_duty,3
3394,$4004_const,1
3394,$4004_vol,9
3394,$400C_const,1
3394,$400C_vol,0
3395,$4000_duty,2
3395,$4000_const,1
3395,$4000_vol,7
3395,$4004_duty,3
3395,$4004_const,1
3395,$4004_vol,0
3396,$4000_duty,2
3396,$4000_const,1
3396,$4000_vol,5
3397,$4004_duty,1
3397,$4004_const,1
3397,$4004_vol,4
3397,$4006_period,339
3397,$400E_period,6
3397,$400E_mode,0
3397,$400C_const,1
3397,$400C_vol,2
3399,$4012_addr,240
3399,$4013_len,11
3399,$4010_rate,15
3401,$4000_duty,2
3401,$4000_const,1
3401,$4000_vol,6
3403,$4004_duty,1
3403,$4004_const,1
3403,$4004_vol,5
3405,$400E_period,5
3405,$400E_mode,0
3405,$400C_const,1
3405,$400C_vol,4
3406,$4010_rate,15
3406,$4000_duty,2
3406,$4000_const,1
3406,$4000_vol,7
3411,$4000_duty,2
3411,$4000_const,1
3411,$4000_vol,0
3411,$4004_duty,1
3411,$4004_const,1
3411,$4004_vol,6
3411,$4008_linear,0
3413,$4000_duty,2
3413,$4000_const,1
3413,$4000_vol,4
3413,$4002_period,481
3413,$400B_length,48
3413,$4008_linear,127
3413,$400A_period,303
3413,$400B_length,48
3413,$400E_period,4
3413,$400E_mode,0
3413,$400C_const,1
3413,$400C_vol,6
3414,$4000_duty,2
3414,$4000_const,1
3414,$4000_vol,8
3415,$4000_duty,2
3415,$4000_const,1
3415,$4000_vol,10
3416,$4000_duty,2
3416,$4000_const,1
3416,$4000_vol,7
3417,$4000_duty,2
3417,$4000_const,1
3417,$4000_vol,5
3418,$4000_duty,2
3418,$4000_const,1
3418,$4000_vol,0
3418,$4008_linear,0
3419,$4004_duty,3
3419,$4004_const,1
3419,$4004_vol,15
3419,$4006_period,763
3419,$400E_period,2
3419,$400E_mode,0
3419,$400C_const,1
3419,$400C_vol,0
3420,$4012_addr,250
3420,$4013_len,11
3420,$4010_rate,14
3420,$4000_duty,2
3420,$4000_const,1
3420,$4000_vol,4
3420,$4002_period,321
3420,$400B_length,32
3420,$4006_period,1079
3420,$4008_linear,127
3420,$400A_period,241
3420,$400B_length,32
3420,$400E_period,1
3420,$400E_mode,0
3420,$400C_const,1
3420,$400C_vol,8
3421,$4000_duty,2
3421,$4000_const,1
3421,$4000_vol,8
3421,$4006_period,1441
3421,$400C_const,1
3421,$400C_vol,5
3422,$4000_duty,2
3422,$4000_const,1
3422,$4000_vol,10
3422,$4004_duty,3
3422,$4004_const,1
3422,$4004_vol,6
3422,$4006_period,481
3422,$400C_const,1
3422,$400C_vol,0
3423,$4000_duty,2
3423,$4000_const,1
3423,$4000_vol,7
3423,$4006_period,453
3424,$4000_duty,2
3424,$4000_const,1
3424,$4000_vol,5
3424,$4006_period,403
3425,$4000_duty,2
3425,$4000_const,1
3425,$4000_vol,0
3425,$4004_duty,3
3425,$4004_const,1
3425,$4004_vol,0
3425,$4006_period,2427
3425,$4008_linear,0
3427,$4010_rate,14
3427,$4000_duty,2
3427,$4000_const,1
3427,$4000_vol,4
3427,$4002_period,303
3427,$400B_length,48
3427,$4004_duty,2
3427,$4004_const,1
3427,$4004_vol,12
3427,$4006_period,961
3427,$4008_linear,127
3427,$400A_period,201
3427,$400B_length,48
3427,$400E_period,3
3427,$400E_mode,0
3427,$400C_const,1
3427,$400C_vol,8
3428,$4000_duty,2
3428,$4000_const,1
3428,$4000_vol,8
3428,$4004_duty,3
3428,$4004_const,1
3428,$4004_vol,11
3428,$400C_const,1
3428,$400C_vol,5
3429,$4000_duty,2
3429,$4000_const,1
3429,$4000_vol,10
3429,$4004_duty,3
3429,$4004_const,1
3429,$4004_vol,10
3429,$400C_const,1
3429,$400C_vol,0
3430,$4000_duty,2
3430,$4000_const,1
3430,$4000_vol,7
3430,$4004_duty,3
3430,$4004_const,1
3430,$4004_vol,1
3431,$4000_duty,1
3431,$4000_const,1
3431,$4000_vol,15
3431,$4002_period,427
3431,$400B_length,0
3431,$4004_duty,3
3431,$4004_const,1
3431,$4004_vol,15
3431,$4006_period,539
3431,$4008_linear,0
3431,$400A_period,113
3431,$400B_length,0
3431,$400E_period,11
3431,$400E_mode,0
3431,$400C_const,1
3431,$400C_vol,15
3432,$4006_period,1713
3432,$400E_period,14
3432,$400E_mode,0
3433,$4002_period,571
3433,$400B_length,17
3433,$4006_period,1143
3433,$400A_period,213
3433,$400B_length,16
3433,$400E_period,11
3433,$400E_mode,0
3433,$400C_const,1
3433,$400C_vol,7
3434,$4012_addr,240
3434,$4013_len,11
3434,$4010_rate,15
3434,$4006_period,1713
3434,$400E_period,14
3434,$400E_mode,0
3435,$4002_period,1019
3435,$400B_length,1
3435,$4006_period,571
3435,$400A_period,381
3435,$400B_length,0
3435,$400C_const,1
3435,$400C_vol,0
3436,$4004_duty,2
3436,$4004_const,1
3436,$4004_vol,15
3436,$4006_period,1359
3437,$4002_period,679
3437,$400B_length,17
3437,$4006_period,1713
3438,$4000_duty,1
3438,$4000_const,1
3438,$4000_vol,4
3438,$4006_period,4095
3439,$4004_duty,2
3439,$4004_const,1
3439,$4004_vol,4
3440,$4000_duty,1
3440,$4000_const,1
3440,$4000_vol,15
3440,$4002_period,1019
3440,$400B_length,1
3440,$4004_duty,2
3440,$4004_const,1
3440,$4004_vol,15
3440,$4006_period,4095
3441,$4000_duty,1
3441,$4000_const,1
3441,$4000_vol,4
3441,$4004_duty,2
3441,$4004_const,1
3441,$4004_vol,4
3442,$4004_duty,2
3442,$4004_const,1
3442,$4004_vol,15
3442,$4006_period,4095
3443,$4000_duty,1
3443,$4000_const,1
3443,$4000_vol,15
3443,$4002_period,763
3443,$400B_length,17
3443,$4004_duty,2
3443,$4004_const,1
3443,$4004_vol,4
3444,$4000_duty,1
3444,$4000_const,1
3444,$4000_vol,4
3444,$4004_duty,2
3444,$4004_const,1
3444,$4004_vol,15
3444,$4006_period,4095
3445,$4004_duty,2
3445,$4004_const,1
3445,$4004_vol,4
3445,$400E_period,13
3445,$400E_mode,0
3445,$400C_const,1
3445,$400C_vol,10
3446,$4000_duty,1
3446,$4000_const,1
3446,$4000_vol,13
3446,$4002_period,719
3446,$400B_length,1
3446,$4004_duty,2
3446,$4004_const,1
3446,$4004_vol,15
3446,$4006_period,4095
3447,$4000_duty,1
3447,$4000_const,1
3447,$4000_vol,2
3447,$4004_duty,2
3447,$4004_const,1
3447,$4004_vol,4
3448,$4012_addr,250
3448,$4013_len,11
3448,$4010_rate,15
3448,$4004_duty,2
3448,$4004_const,1
3448,$4004_vol,15
3448,$4006_period,4095
3449,$4002_period,1921
3449,$400B_length,19
3449,$4004_duty,2
3449,$4004_const,1
3449,$4004_vol,4
3450,$4004_duty,2
3450,$4004_const,1
3450,$4004_vol,15
3450,$4006_period,2289
3451,$4000_duty,3
3451,$4000_const,1
3451,$4000_vol,15
3451,$4002_period,4095
3451,$400B_length,7
3451,$4006_period,2515
3452,$4000_duty,3
3452,$4000_const,1
3452,$4000_vol,12
3452,$4006_period,2581
3452,$4008_linear,127
3452,$400A_period,227
3452,$400B_length,16
3453,$4000_duty,3
3453,$4000_const,1
3453,$4000_vol,4
3453,$4008_linear,0
3453,$400C_const,1
3453,$400C_vol,0
3455,$4012_addr,240
3455,$4013_len,11
3455,$4010_rate,15
3455,$4000_duty,3
3455,$4000_const,1
3455,$4000_vol,15
3455,$4002_period,1143
3455,$400B_length,18
3455,$4004_duty,2
3455,$4004_const,1
3455,$4004_vol,13
3455,$4006_period,1019
3455,$400A_period,151
3455,$400B_length,0
3455,$400E_period,9
3455,$400E_mode,0
3455,$400C_const,1
3455,$400C_vol,5
3456,$4002_period,807
3456,$400B_length,1
3456,$4006_period,855
3456,$400E_period,8
3456,$400E_mode,0
3456,$400C_const,1
3456,$400C_vol,4
3457,$4002_period,679
3457,$400B_length,17
3457,$4006_period,605
3457,$4008_linear,127
3457,$400A_period,127
3457,$400B_length,16
3457,$400E_period,7
3457,$400E_mode,0
3457,$400C_const,1
3457,$400C_vol,3
3458,$4002_period,539
3458,$400B_length,1
3458,$4006_period,381
3458,$4008_linear,0
3458,$400E_period,6
3458,$400E_mode,0
3458,$400C_const,1
3458,$400C_vol,2
3459,$4002_period,453
3459,$400B_length,16
3459,$4006_period,321
3459,$400E_period,5
3459,$400E_mode,0
3459,$400C_const,1
3459,$400C_vol,1
3460,$4002_period,403
3460,$400B_length,0
3460,$4006_period,191
3460,$400A_period,95
3460,$400B_length,0
3460,$400E_period,4
3460,$400E_mode,0
3460,$400C_const,1
3460,$400C_vol,0
3461,$4002_period,339
3461,$400B_length,16
3461,$4004_duty,2
3461,$4004_const,1
3461,$4004_vol,5
3461,$4006_period,195
3461,$400E_period,3
3461,$400E_mode,0
3462,$4012_addr,243
3462,$4013_len,28
3462,$4010_rate,15
3462,$4000_duty,2
3462,$4000_const,1
3462,$4000_vol,7
3462,$4002_period,329
3462,$400B_length,0
3462,$4008_linear,127
3462,$400A_period,89
3462,$400B_length,16
3462,$400E_period,2
3462,$400E_mode,0
3463,$4008_linear,0
3463,$400E_period,1
3463,$400E_mode,0
3469,$4004_duty,2
3469,$4004_const,1
3469,$4004_vol,1
3470,$4000_duty,2
3470,$4000_const,1
3470,$4000_vol,4
3474,$4000_duty,2
3474,$4000_const,1
3474,$4000_vol,0
3474,$4004_duty,2
3474,$4004_const,1
3474,$4004_vol,0
3476,$4012_addr,250
3476,$4013_len,11
3476,$4010_rate,14
3476,$4004_duty,2
3476,$4004_const,1
3476,$4004_vol,1
3476,$4006_period,195
3478,$4000_duty,2
3478,$4000_const,1
3478,$4000_vol,4
3478,$4002_period,329
3478,$400B_length,16
3483,$4010_rate,14
3486,$4000_duty,2
3486,$4000_const,1
3486,$4000_vol,1
3489,$4004_duty,2
3489,$4004_const,1
3489,$4004_vol,0
3490,$4012_addr,240
3490,$4013_len,11
3490,$4010_rate,15
3490,$4000_duty,2
3490,$4000_const,1
3490,$4000_vol,0
3494,$4000_duty,2
3494,$4000_const,1
3494,$4000_vol,5
3494,$4002_period,453
3494,$400B_length,32
3494,$4004_duty,3
3494,$4004_const,1
3494,$4004_vol,11
3494,$4006_period,2157
3494,$4008_linear,127
3494,$400A_period,269
3494,$400B_length,32
3494,$400E_period,3
3494,$400E_mode,0
3494,$400C_const,1
3494,$400C_vol,0
3495,$4000_duty,2
3495,$4000_const,1
3495,$4000_vol,0
3495,$4004_duty,3
3495,$4004_const,1
3495,$4004_vol,8
3495,$4006_period,1211
3495,$400A_period,427
3495,$400B_length,16
3495,$400E_period,12
3495,$400E_mode,0
3495,$400C_const,1
3495,$400C_vol,11
3496,$4004_duty,3
3496,$4004_const,1
3496,$4004_vol,6
3496,$4006_period,1211
3496,$400A_period,381
3496,$400B_length,0
3496,$400E_period,2
3496,$400E_mode,0
3496,$400C_const,1
3496,$400C_vol,15
3497,$4006_period,1211
3497,$400A_period,481
3497,$400B_length,16
3497,$400E_period,11
3497,$400E_mode,0
3497,$400C_const,1
3497,$400C_vol,6
3498,$4004_duty,3
3498,$4004_const,1
3498,$4004_vol,4
3498,$4006_period,1211
3498,$400A_period,269
3498,$400B_length,0
3498,$400E_period,0
3498,$400E_mode,0
3498,$400C_const,1
3498,$400C_vol,10
3499,$4004_duty,3
3499,$4004_const,1
3499,$4004_vol,8
3499,$4006_period,1211
3499,$400A_period,427
3499,$400B_length,16
3499,$400E_period,12
3499,$400E_mode,0
3499,$400C_const,1
3499,$400C_vol,11
3500,$4004_duty,3
3500,$4004_const,1
3500,$4004_vol,6
3500,$4006_period,1211
3500,$400A_period,381
3500,$400B_length,0
3500,$400E_period,2
3500,$400E_mode,0
3500,$400C_const,1
3500,$400C_vol,15
3501,$4006_period,1211
3501,$400A_period,481
3501,$400B_length,16
3501,$400E_period,11
3501,$400E_mode,0
3501,$400C_const,1
3501,$400C_vol,6
3502,$4004_duty,3
3502,$4004_const,1
3502,$4004_vol,4
3502,$4006_period,1211
3502,$400A_period,269
3502,$400B_length,0
3502,$400E_period,0
3502,$400E_mode,0
3502,$400C_const,1
3502,$400C_vol,10
3503,$4004_duty,3
3503,$4004_const,1
3503,$4004_vol,8
3503,$4006_period,1211
3503,$400A_period,427
3503,$400B_length,16
3503,$400E_period,12
3503,$400E_mode,0
3503,$400C_const,1
3503,$400C_vol,11
3504,$4012_addr,250
3504,$4013_len,11
3504,$4010_rate,15
3504,$4000_duty,2
3504,$4000_const,1
3504,$4000_vol,4
3504,$4002_period,453
3504,$400B_length,48
3504,$4004_duty,3
3504,$4004_const,1
3504,$4004_vol,6
3504,$4006_period,1211
3504,$400A_period,381
3504,$400B_length,0
3504,$400E_period,2
3504,$400E_mode,0
3504,$400C_const,1
3504,$400C_vol,15
3505,$4000_duty,2
3505,$4000_const,1
3505,$4000_vol,8
3505,$4006_period,1211
3505,$400A_period,481
3505,$400B_length,16
3505,$400E_period,11
3505,$400E_mode,0
3505,$400C_const,1
3505,$400C_vol,6
3506,$4000_duty,2
3506,$4000_const,1
3506,$4000_vol,10
3506,$4004_duty,3
3506,$4004_const,1
3506,$4004_vol,4
3506,$4006_period,1211
3506,$400A_period,269
3506,$400B_length,0
3506,$400E_period,0
3506,$400E_mode,0
3506,$400C_const,1
3506,$400C_vol,10
3507,$4000_duty,2
3507,$4000_const,1
3507,$4000_vol,7
3507,$4004_duty,3
3507,$4004_const,1
3507,$4004_vol,8
3507,$4006_period,1211
3507,$400A_period,427
3507,$400B_length,16
3507,$400E_period,12
3507,$400E_mode,0
3507,$400C_const,1
3507,$400C_vol,11
3508,$4000_duty,2
3508,$4000_const,1
3508,$4000_vol,5
3508,$4004_duty,3
3508,$4004_const,1
3508,$4004_vol,6
3508,$4006_period,1211
3508,$400A_period,381
3508,$400B_length,0
3508,$400E_period,2
3508,$400E_mode,0
3508,$400C_const,1
3508,$400C_vol,15
3509,$4006_period,1211
3509,$400A_period,481
3509,$400B_length,16
3509,$400E_period,11
3509,$400E_mode,0
3509,$400C_const,1
3509,$400C_vol,6
3510,$4004_duty,3
3510,$4004_const,1
3510,$4004_vol,4
3510,$4006_period,1211
3510,$400A_period,269
3510,$400B_length,0
3510,$400E_period,0
3510,$400E_mode,0
3510,$400C_const,1
3510,$400C_vol,10
3511,$4012_addr,240
3511,$4013_len,11
3511,$4010_rate,15
3511,$4004_duty,2
3511,$4004_const,1
3511,$4004_vol,13
3511,$4006_period,3237
3511,$400A_period,269
3511,$400B_length,32
3511,$400E_period,3
3511,$400E_mode,0
3511,$400C_const,1
3511,$400C_vol,8
3512,$4004_duty,3
3512,$4004_const,1
3512,$4004_vol,12
3512,$400C_const,1
3512,$400C_vol,5
3513,$4000_duty,2
3513,$4000_const,1
3513,$4000_vol,6
3513,$4004_duty,3
3513,$4004_const,1
3513,$4004_vol,11
3513,$400C_const,1
3513,$400C_vol,0
3514,$4004_duty,3
3514,$4004_const,1
3514,$4004_vol,10
3515,$4004_duty,3
3515,$4004_const,1
3515,$4004_vol,9
3516,$4004_duty,3
3516,$4004_const,1
3516,$4004_vol,8
3517,$4004_duty,3
3517,$4004_const,1
3517,$4004_vol,7
3518,$4010_rate,15
3518,$4000_duty,2
3518,$4000_const,1
3518,$4000_vol,7
3518,$4004_duty,3
3518,$4004_const,1
3518,$4004_vol,6
3518,$400C_const,1
3518,$400C_vol,10
3519,$4004_duty,3
3519,$4004_const,1
3519,$4004_vol,2
3519,$400C_const,1
3519,$400C_vol,7
3520,$400C_const,1
3520,$400C_vol,0
3523,$4000_duty,2
3523,$4000_const,1
3523,$4000_vol,0
3523,$4004_duty,3
3523,$4004_const,1
3523,$4004_vol,0
3523,$4008_linear,0
3525,$4000_duty,2
3525,$4000_const,1
3525,$4000_vol,4
3525,$4002_period,453
3525,$400B_length,32
3525,$4004_duty,2
3525,$4004_const,1
3525,$4004_vol,13
3525,$4006_period,3237
3525,$4008_linear,127
3525,$400A_period,269
3525,$400B_length,48
3525,$400E_period,2
3525,$400E_mode,0
3525,$400C_const,1
3525,$400C_vol,8
3526,$4000_duty,2
3526,$4000_const,1
3526,$4000_vol,8
3526,$4004_duty,3
3526,$4004_const,1
3526,$4004_vol,12
3526,$400C_const,1
3526,$400C_vol,5
3527,$4000_duty,2
3527,$4000_const,1
3527,$4000_vol,10
3527,$4004_duty,3
3527,$4004_const,1
3527,$4004_vol,11
3527,$400C_const,1
3527,$400C_vol,0
3528,$4000_duty,2
3528,$4000_const,1
3528,$4000_vol,7
3528,$4004_duty,3
3528,$4004_const,1
3528,$4004_vol,10
3529,$4000_duty,2
3529,$4000_const,1
3529,$4000_vol,5
3529,$4004_duty,3
3529,$4004_const,1
3529,$4004_vol,9
3530,$4000_duty,2
3530,$4000_const,1
3530,$4000_vol,0
3530,$4004_duty,3
3530,$4004_const,1
3530,$4004_vol,8
3530,$4008_linear,0
3531,$4004_duty,3
3531,$4004_const,1
3531,$4004_vol,7
3532,$4012_addr,250
3532,$4013_len,11
3532,$4010_rate,14
3532,$4000_duty,2
3532,$4000_const,1
3532,$4000_vol,4
3532,$4002_period,403
3532,$400B_length,48
3532,$4004_duty,3
3532,$4004_const,1
3532,$4004_vol,6
3532,$4008_linear,127
3532,$400A_period,255
3532,$400B_length,32
3532,$400E_period,1
3532,$400E_mode,0
3532,$400C_const,1
3532,$400C_vol,8
3533,$4000_duty,2
3533,$4000_const,1
3533,$4000_vol,8
3533,$4004_duty,3
3533,$4004_const,1
3533,$4004_vol,2
3533,$400C_const,1
3533,$400C_vol,5
3534,$4000_duty,2
3534,$4000_const,1
3534,$4000_vol,10
3534,$400C_const,1
3534,$400C_vol,0
3535,$4000_duty,2
3535,$4000_const,1
3535,$4000_vol,7
3536,$4000_duty,2
3536,$4000_const,1
3536,$4000_vol,5
3537,$4000_duty,2
3537,$4000_const,1
3537,$4000_vol,0
3537,$4004_duty,3
3537,$4004_const,1
3537,$4004_vol,0
3537,$4008_linear,0
3539,$4010_rate,14
3539,$4000_duty,2
3539,$4000_const,1
3539,$4000_vol,4
3539,$4002_period,381
3539,$400B_length,32
3539,$4004_duty,2
3539,$4004_const,1
3539,$4004_vol,12
3539,$4006_period,1619
3539,$4008_linear,127
3539,$400A_period,241
3539,$400B_length,48
3539,$400E_period,3
3539,$400E_mode,0
3539,$400C_const,1
3539,$400C_vol,8
3540,$4000_duty,2
3540,$4000_const,1
3540,$4000_vol,8
3540,$4004_duty,3
3540,$4004_const,1
3540,$4004_vol,11
3540,$400C_const,1
3540,$400C_vol,5
3541,$4000_duty,2
3541,$4000_const,1
3541,$4000_vol,10
3541,$4004_duty,3
3541,$4004_const,1
3541,$4004_vol,10
3541,$400C_const,1
3541,$400C_vol,0
3542,$4000_duty,2
3542,$4000_const,1
3542,$4000_vol,7
3542,$4004_duty,3
3542,$4004_const,1
3542,$4004_vol,1
3543,$4000_duty,2
3543,$4000_const,1
3543,$4000_vol,5
3544,$4000_duty,2
3544,$4000_const,1
3544,$4000_vol,0
3544,$4008_linear,0
3546,$4012_addr,240
3546,$4013_len,11
3546,$4010_rate,15
3546,$4000_duty,2
3546,$4000_const,1
3546,$4000_vol,4
3546,$4002_period,359
3546,$400B_length,48
3546,$4004_duty,2
3546,$4004_const,1
3546,$4004_vol,15
3546,$4006_period,2157
3546,$4008_linear,127
3546,$400A_period,227
3546,$400B_length,32
3546,$400C_const,1
3546,$400C_vol,10
3547,$4000_duty,2
3547,$4000_const,1
3547,$4000_vol,8
3547,$4004_duty,3
3547,$4004_const,1
3547,$4004_vol,14
3547,$400C_const,1
3547,$400C_vol,7
3548,$4000_duty,2
3548,$4000_const,1
3548,$4000_vol,10
3548,$4004_duty,3
3548,$4004_const,1
3548,$4004_vol,13
3548,$400C_const,1
3548,$400C_vol,0
3549,$4000_duty,2
3549,$4000_const,1
3549,$4000_vol,7
3549,$4004_duty,3
3549,$4004_const,1
3549,$4004_vol,12
3550,$4000_duty,2
3550,$4000_const,1
3550,$4000_vol,5
3550,$4004_duty,3
3550,$4004_const,1
3550,$4004_vol,11
3551,$4000_duty,2
3551,$4000_const,1
3551,$4000_vol,0
3551,$4004_duty,3
3551,$4004_const,1
3551,$4004_vol,10
3551,$4008_linear,0
3552,$4004_duty,3
3552,$4004_const,1
3552,$4004_vol,9
3553,$4000_duty,2
3553,$4000_const,1
3553,$4000_vol,4
3553,$4002_period,453
3553,$400B_length,32
3553,$4004_duty,3
3553,$4004_const,1
3553,$4004_vol,8
3553,$4008_linear,127
3553,$400A_period,269
3553,$400B_length,48
3553,$400E_period,2
3553,$400E_mode,0
3553,$400C_const,1
3553,$400C_vol,8
3554,$4000_duty,2
3554,$4000_const,1
3554,$4000_vol,8
3554,$4004_duty,3
3554,$4004_const,1
3554,$4004_vol,4
3554,$400C_const,1
3554,$400C_vol,5
3555,$4000_duty,2
3555,$4000_const,1
3555,$4000_vol,10
3555,$4004_duty,3
3555,$4004_const,1
3555,$4004_vol,8
3555,$4006_period,1211
3555,$400A_period,427
3555,$400B_length,0
3555,$400E_period,12
3555,$400E_mode,0
3555,$400C_const,1
3555,$400C_vol,11
3556,$4000_duty,2
3556,$4000_const,1
3556,$4000_vol,7
3556,$4004_duty,3
3556,$4004_const,1
3556,$4004_vol,6
3556,$4006_period,1211
3556,$400A_period,381
3556,$400B_length,16
3556,$400E_period,2
3556,$400E_mode,0
3556,$400C_const,1
3556,$400C_vol,15
3557,$4000_duty,2
3557,$4000_const,1
3557,$4000_vol,5
3557,$4006_period,1211
3557,$400A_period,481
3557,$400B_length,0
3557,$400E_period,11
3557,$400E_mode,0
3557,$400C_const,1
3557,$400C_vol,6
3558,$4000_duty,2
3558,$4000_const,1
3558,$4000_vol,0
3558,$4004_duty,3
3558,$4004_const,1
3558,$4004_vol,4
3558,$4006_period,1211
3558,$400A_period,269
3558,$400B_length,16
3558,$400E_period,0
3558,$400E_mode,0
3558,$400C_const,1
3558,$400C_vol,10
3559,$4004_duty,3
3559,$4004_const,1
3559,$4004_vol,8
3559,$4006_period,1211
3559,$400A_period,427
3559,$400B_length,0
3559,$400E_period,12
3559,$400E_mode,0
3559,$400C_const,1
3559,$400C_vol,11
3560,$4012_addr,250
3560,$4013_len,11
3560,$4010_rate,15
3560,$4004_duty,3
3560,$4004_const,1
3560,$4004_vol,6
3560,$4006_period,1211
3560,$400A_period,381
3560,$400B_length,16
3560,$400E_period,2
3560,$400E_mode,0
3560,$400C_const,1
3560,$400C_vol,15
3561,$4006_period,1211
3561,$400A_period,481
3561,$400B_length,0
3561,$400E_period,11
3561,$400E_mode,0
3561,$400C_const,1
3561,$400C_vol,6
3562,$4004_duty,3
3562,$4004_const,1
3562,$4004_vol,4
3562,$4006_period,1211
3562,$400A_period,269
3562,$400B_length,16
3562,$400E_period,0
3562,$400E_mode,0
3562,$400C_const,1
3562,$400C_vol,10
3563,$4004_duty,3
3563,$4004_const,1
3563,$4004_vol,8
3563,$4006_period,1211
3563,$400A_period,427
3563,$400B_length,0
3563,$400E_period,12
3563,$400E_mode,0
3563,$400C_const,1
3563,$400C_vol,11
3564,$4004_duty,3
3564,$4004_const,1
3564,$4004_vol,6
3564,$4006_period,1211
3564,$400A_period,381
3564,$400B_length,16
3564,$400E_period,2
3564,$400E_mode,0
3564,$400C_const,1
3564,$400C_vol,15
3565,$4006_period,1211
3565,$400A_period,481
3565,$400B_length,0
3565,$400E_period,11
3565,$400E_mode,0
3565,$400C_const,1
3565,$400C_vol,6
3566,$4004_duty,3
3566,$4004_const,1
3566,$4004_vol,4
3566,$4006_period,1211
3566,$400A_period,269
3566,$400B_length,16
3566,$400E_period,0
3566,$400E_mode,0
3566,$400C_const,1
3566,$400C_vol,10
3567,$4012_addr,240
3567,$4013_len,11
3567,$4010_rate,15
3567,$4000_duty,2
3567,$4000_const,1
3567,$4000_vol,4
3567,$4002_period,359
3567,$400B_length,48
3567,$4004_duty,3
3567,$4004_const,1
3567,$4004_vol,8
3567,$4006_period,1211
3567,$400A_period,427
3567,$400B_length,0
3567,$400E_period,12
3567,$400E_mode,0
3567,$400C_const,1
3567,$400C_vol,11
3568,$4000_duty,2
3568,$4000_const,1
3568,$4000_vol,8
3568,$4004_duty,3
3568,$4004_const,1
3568,$4004_vol,6
3568,$4006_period,1211
3568,$400A_period,381
3568,$400B_length,16
3568,$400E_period,2
3568,$400E_mode,0
3568,$400C_const,1
3568,$400C_vol,15
3569,$4000_duty,2
3569,$4000_const,1
3569,$4000_vol,10
3569,$4006_period,1211
3569,$400A_period,481
3569,$400B_length,0
3569,$400E_period,11
3569,$400E_mode,0
3569,$400C_const,1
3569,$400C_vol,6
3570,$4000_duty,2
3570,$4000_const,1
3570,$4000_vol,7
3570,$4004_duty,3
3570,$4004_const,1
3570,$4004_vol,4
3570,$4006_period,1211
3570,$400A_period,269
3570,$400B_length,16
3570,$400E_period,0
3570,$400E_mode,0
3570,$400C_const,1
3570,$400C_vol,10
3571,$4000_duty,2
3571,$4000_const,1
3571,$4000_vol,5
3571,$4004_duty,3
3571,$4004_const,1
3571,$4004_vol,8
3571,$4006_period,1211
3571,$400A_period,427
3571,$400B_length,0
3571,$400E_period,12
3571,$400E_mode,0
3571,$400C_const,1
3571,$400C_vol,11
3572,$4000_duty,2
3572,$4000_const,1
3572,$4000_vol,0
3572,$4004_duty,3
3572,$4004_const,1
3572,$4004_vol,6
3572,$4006_period,1211
3572,$400A_period,381
3572,$400B_length,16
3572,$400E_period,2
3572,$400E_mode,0
3572,$400C_const,1
3572,$400C_vol,15
3573,$4006_period,1211
3573,$400A_period,481
3573,$400B_length,0
3573,$400E_period,11
3573,$400E_mode,0
3573,$400C_const,1
3573,$400C_vol,6
3574,$4012_addr,243
3574,$4013_len,28
3574,$4010_rate,15
3574,$4000_duty,2
3574,$4000_const,1
3574,$4000_vol,4
3574,$4002_period,269
3574,$400B_length,32
3574,$4004_duty,3
3574,$4004_const,1
3574,$4004_vol,4
3574,$4006_period,1211
3574,$400A_period,269
3574,$400B_length,16
3574,$400E_period,0
3574,$400E_mode,0
3574,$400C_const,1
3574,$400C_vol,10
3575,$4000_duty,2
3575,$4000_const,1
3575,$4000_vol,8
3575,$4004_duty,3
3575,$4004_const,1
3575,$4004_vol,8
3575,$4006_period,1211
3575,$400A_period,427
3575,$400B_length,0
3575,$400E_period,12
3575,$400E_mode,0
3575,$400C_const,1
3575,$400C_vol,11
3576,$4000_duty,2
3576,$4000_const,1
3576,$4000_vol,10
3576,$4004_duty,3
3576,$4004_const,1
3576,$4004_vol,6
3576,$4006_period,1211
3576,$400A_period,381
3576,$400B_length,16
3576,$400E_period,2
3576,$400E_mode,0
3576,$400C_const,1
3576,$400C_vol,15
3577,$4000_duty,2
3577,$4000_const,1
3577,$4000_vol,7
3577,$4006_period,1211
3577,$400A_period,481
3577,$400B_length,0
3577,$400E_period,11
3577,$400E_mode,0
3577,$400C_const,1
3577,$400C_vol,6
3578,$4000_duty,2
3578,$4000_const,1
3578,$4000_vol,5
3578,$4004_duty,3
3578,$4004_const,1
3578,$4004_vol,4
3578,$4006_period,1211
3578,$400A_period,269
3578,$400B_length,16
3578,$400E_period,0
3578,$400E_mode,0
3578,$400C_const,1
3578,$400C_vol,10
3579,$4000_duty,2
3579,$4000_const,1
3579,$4000_vol,0
3579,$4004_duty,3
3579,$4004_const,1
3579,$4004_vol,8
3579,$4006_period,1211
3579,$400A_period,427
3579,$400B_length,0
3579,$400E_period,12
3579,$400E_mode,0
3579,$400C_const,1
3579,$400C_vol,11
3580,$4004_duty,3
3580,$4004_const,1
3580,$4004_vol,6
3580,$4006_period,1211
3580,$400A_period,381
3580,$400B_length,16
3580,$400E_period,2
3580,$400E_mode,0
3580,$400C_const,1
3580,$400C_vol,15
3581,$4000_duty,2
3581,$4000_const,1
3581,$4000_vol,4
3581,$4002_period,359
3581,$400B_length,48
3581,$4006_period,1211
3581,$400A_period,481
3581,$400B_length,0
3581,$400E_period,11
3581,$400E_mode,0
3581,$400C_const,1
3581,$400C_vol,6
3582,$4000_duty,2
3582,$4000_const,1
3582,$4000_vol,8
3582,$4004_duty,3
3582,$4004_const,1
3582,$4004_vol,4
3582,$4006_period,1211
3582,$400A_period,269
3582,$400B_length,16
3582,$400E_period,0
3582,$400E_mode,0
3582,$400C_const,1
3582,$400C_vol,10
3583,$4000_duty,2
3583,$4000_const,1
3583,$4000_vol,10
3583,$4004_duty,3
3583,$4004_const,1
3583,$4004_vol,8
3583,$4006_period,1211
3583,$400A_period,427
3583,$400B_length,0
3583,$400E_period,12
3583,$400E_mode,0
3583,$400C_const,1
3583,$400C_vol,11
3584,$4000_duty,2
3584,$4000_const,1
3584,$4000_vol,7
3584,$4004_duty,3
3584,$4004_const,1
3584,$4004_vol,6
3584,$4006_period,1211
3584,$400A_period,381
3584,$400B_length,16
3584,$400E_period,2
3584,$400E_mode,0
3584,$400C_const,1
3584,$400C_vol,15
3585,$4000_duty,2
3585,$4000_const,1
3585,$4000_vol,5
3585,$4006_period,1211
3585,$400A_period,481
3585,$400B_length,0
3585,$400E_period,11
3585,$400E_mode,0
3585,$400C_const,1
3585,$400C_vol,6
3586,$4000_duty,2
3586,$4000_const,1
3586,$4000_vol,0
3586,$4004_duty,3
3586,$4004_const,1
3586,$4004_vol,4
3586,$4006_period,1211
3586,$400A_period,269
3586,$400B_length,16
3586,$400E_period,0
3586,$400E_mode,0
3586,$400C_const,1
3586,$400C_vol,10
3587,$4004_duty,3
3587,$4004_const,1
3587,$4004_vol,8
3587,$4006_period,1211
3587,$400A_period,427
3587,$400B_length,0
3587,$400E_period,12
3587,$400E_mode,0
3587,$400C_const,1
3587,$400C_vol,11
3588,$4012_addr,250
3588,$4013_len,11
3588,$4010_rate,14
3588,$4000_duty,2
3588,$4000_const,1
3588,$4000_vol,4
3588,$4002_period,453
3588,$400B_length,32
3588,$4004_duty,3
3588,$4004_const,1
3588,$4004_vol,6
3588,$4006_period,1211
3588,$400A_period,381
3588,$400B_length,16
3588,$400E_period,2
3588,$400E_mode,0
3588,$400C_const,1
3588,$400C_vol,15
3589,$4000_duty,2
3589,$4000_const,1
3589,$4000_vol,8
3589,$4006_period,1211
3589,$400A_period,481
3589,$400B_length,0
3589,$400E_period,11
3589,$400E_mode,0
3589,$400C_const,1
3589,$400C_vol,6
3590,$4000_duty,2
3590,$4000_const,1
3590,$4000_vol,10
3590,$4004_duty,3
3590,$4004_const,1
3590,$4004_vol,4
3590,$4006_period,1211
3590,$400A_period,269
3590,$400B_length,16
3590,$400E_period,0
3590,$400E_mode,0
3590,$400C_const,1
3590,$400C_vol,10
3591,$4000_duty,2
3591,$4000_const,1
3591,$4000_vol,7
3591,$4004_duty,3
3591,$4004_const,1
3591,$4004_vol,8
3591,$4006_period,1211
3591,$400A_period,427
3591,$400B_length,0
3591,$400E_period,12
3591,$400E_mode,0
3591,$400C_const,1
3591,$400C_vol,11
3592,$4000_duty,2
3592,$4000_const,1
3592,$4000_vol,5
3592,$4004_duty,3
3592,$4004_const,1
3592,$4004_vol,6
3592,$4006_period,1211
3592,$400A_period,381
3592,$400B_length,16
3592,$400E_period,2
3592,$400E_mode,0
3592,$400C_const,1
3592,$400C_vol,15
3593,$4000_duty,2
3593,$4000_const,1
3593,$4000_vol,0
3593,$4006_period,1211
3593,$400A_period,481
3593,$400B_length,0
3593,$400E_period,11
3593,$400E_mode,0
3593,$400C_const,1
3593,$400C_vol,6
3594,$4004_duty,3
3594,$4004_const,1
3594,$4004_vol,4
3594,$4006_period,1211
3594,$400A_period,269
3594,$400B_length,16
3594,$400E_period,0
3594,$400E_mode,0
3594,$400C_const,1
3594,$400C_vol,10
3595,$4010_rate,14
3595,$4000_duty,2
3595,$4000_const,1
3595,$4000_vol,4
3595,$4002_period,539
3595,$400B_length,49
3595,$4004_duty,3
3595,$4004_const,1
3595,$4004_vol,8
3595,$4006_period,1211
3595,$400A_period,427
3595,$400B_length,0
3595,$400E_period,12
3595,$400E_mode,0
3595,$400C_const,1
3595,$400C_vol,11
3596,$4000_duty,2
3596,$4000_const,1
3596,$4000_vol,8
3596,$4004_duty,3
3596,$4004_const,1
3596,$4004_vol,6
3596,$4006_period,1211
3596,$400A_period,381
3596,$400B_length,16
3596,$400E_period,2
3596,$400E_mode,0
3596,$400C_const,1
3596,$400C_vol,15
3597,$4000_duty,2
3597,$4000_const,1
3597,$4000_vol,10
3597,$4006_period,1211
3597,$400A_period,481
3597,$400B_length,0
3597,$400E_period,11
3597,$400E_mode,0
3597,$400C_const,1
3597,$400C_vol,6
3598,$4000_duty,2
3598,$4000_const,1
3598,$4000_vol,7
3598,$4004_duty,3
3598,$4004_const,1
3598,$4004_vol,4
3598,$4006_period,1211
3598,$400A_period,269
3598,$400B_length,16
3598,$400E_period,0
3598,$400E_mode,0
3598,$400C_const,1
3598,$400C_vol,10
3599,$4000_duty,2
3599,$4000_const,1
3599,$4000_vol,5
3599,$4004_duty,3
3599,$4004_const,1
3599,$4004_vol,8
3599,$4006_period,1211
3599,$400A_period,427
3599,$400B_length,0
3599,$400E_period,12
3599,$400E_mode,0
3599,$400C_const,1
3599,$400C_vol,11
3600,$4000_duty,2
3600,$4000_const,1
3600,$4000_vol,0
3600,$4004_duty,3
3600,$4004_const,1
3600,$4004_vol,6
3600,$4006_period,1211
3600,$400A_period,381
3600,$400B_length,16
3600,$400E_period,2
3600,$400E_mode,0
3600,$400C_const,1
3600,$400C_vol,15
3601,$4006_period,1211
3601,$400A_period,481
3601,$400B_length,0
3601,$400E_period,11
3601,$400E_mode,0
3601,$400C_const,1
3601,$400C_vol,6
3602,$4012_addr,243
3602,$4013_len,28
3602,$4010_rate,15
3602,$4000_duty,2
3602,$4000_const,1
3602,$4000_vol,4
3602,$4002_period,403
3602,$400B_length,32
3602,$4004_duty,3
3602,$4004_const,1
3602,$4004_vol,4
3602,$4006_period,1211
3602,$400A_period,269
3602,$400B_length,16
3602,$400E_period,0
3602,$400E_mode,0
3602,$400C_const,1
3602,$400C_vol,10
3603,$4000_duty,2
3603,$4000_const,1
3603,$4000_vol,8
3603,$4004_duty,3
3603,$4004_const,1
3603,$4004_vol,8
3603,$4006_period,1211
3603,$400A_period,427
3603,$400B_length,0
3603,$400E_period,12
3603,$400E_mode,0
3603,$400C_const,1
3603,$400C_vol,11
3604,$4000_duty,2
3604,$4000_const,1
3604,$4000_vol,10
3604,$4004_duty,3
3604,$4004_const,1
3604,$4004_vol,6
3604,$4006_period,1211
3604,$400A_period,381
3604,$400B_length,16
3604,$400E_period,2
3604,$400E_mode,0
3604,$400C_const,1
3604,$400C_vol,15
3605,$4000_duty,2
3605,$4000_const,1
3605,$4000_vol,7
3605,$4006_period,1211
3605,$400A_period,481
3605,$400B_length,0
3605,$400E_period,11
3605,$400E_mode,0
3605,$400C_const,1
3605,$400C_vol,6
3606,$4000_duty,2
3606,$4000_const,1
3606,$4000_vol,5
3606,$4004_duty,3
3606,$4004_const,1
3606,$4004_vol,4
3606,$4006_period,1211
3606,$400A_period,269
3606,$400B_length,16
3606,$400E_period,0
3606,$400E_mode,0
3606,$400C_const,1
3606,$400C_vol,10
3607,$4000_duty,2
3607,$4000_const,1
3607,$4000_vol,0
3607,$4004_duty,3
3607,$4004_const,1
3607,$4004_vol,8
3607,$4006_period,1211
3607,$400A_period,427
3607,$400B_length,0
3607,$400E_period,12
3607,$400E_mode,0
3607,$400C_const,1
3607,$400C_vol,11
3608,$4004_duty,3
3608,$4004_const,1
3608,$4004_vol,4
3608,$4006_period,3237
3608,$4008_linear,0
3608,$400A_period,403
3608,$400B_length,48
3608,$400E_period,3
3608,$400E_mode,0
3608,$400C_const,1
3608,$400C_vol,0
3609,$4000_duty,2
3609,$4000_const,1
3609,$4000_vol,4
3609,$4002_period,359
3609,$400B_length,48
3609,$4004_duty,2
3609,$4004_const,1
3609,$4004_vol,15
3609,$4006_period,2881
3609,$4008_linear,127
3609,$400A_period,359
3609,$400B_length,32
3609,$400E_period,2
3609,$400E_mode,0
3609,$400C_const,1
3609,$400C_vol,8
3610,$4000_duty,2
3610,$4000_const,1
3610,$4000_vol,8
3610,$4004_duty,3
3610,$4004_const,1
3610,$4004_vol,14
3610,$400C_const,1
3610,$400C_vol,5
3611,$4000_duty,2
3611,$4000_const,1
3611,$4000_vol,10
3611,$4004_duty,3
3611,$4004_const,1
3611,$4004_vol,13
3611,$400C_const,1
3611,$400C_vol,0
3612,$4000_duty,2
3612,$4000_const,1
3612,$4000_vol,7
3612,$4004_duty,3
3612,$4004_const,1
3612,$4004_vol,12
3613,$4000_duty,2
3613,$4000_const,1
3613,$4000_vol,5
3613,$4004_duty,3
3613,$4004_const,1
3613,$4004_vol,11
3614,$4000_duty,2
3614,$4000_const,1
3614,$4000_vol,0
3614,$4004_duty,3
3614,$4004_const,1
3614,$4004_vol,4
3614,$4008_linear,0
3616,$400E_period,1
3616,$400E_mode,0
3616,$400C_const,1
3616,$400C_vol,8
3617,$400C_const,1
3617,$400C_vol,5
3618,$4004_duty,3
3618,$4004_const,1
3618,$4004_vol,0
3618,$400C_const,1
3618,$400C_vol,0
3623,$4012_addr,240
3623,$4013_len,11
3623,$4010_rate,15
3623,$4000_duty,2
3623,$4000_const,1
3623,$4000_vol,4
3623,$4002_period,339
3623,$400B_length,32
3623,$4004_duty,2
3623,$4004_const,1
3623,$4004_vol,15
3623,$4006_period,2717
3623,$4008_linear,127
3623,$400A_period,339
3623,$400B_length,48
3623,$400E_period,3
3623,$400E_mode,0
3623,$400C_const,1
3623,$400C_vol,8
3624,$4000_duty,2
3624,$4000_const,1
3624,$4000_vol,8
3624,$4004_duty,3
3624,$4004_const,1
3624,$4004_vol,14
3624,$400C_const,1
3624,$400C_vol,5
3625,$4000_duty,2
3625,$4000_const,1
3625,$4000_vol,10
3625,$4004_duty,3
3625,$4004_const,1
3625,$4004_vol,13
3625,$400C_const,1
3625,$400C_vol,0
3626,$4000_duty,2
3626,$4000_const,1
3626,$4000_vol,7
3626,$4004_duty,3
3626,$4004_const,1
3626,$4004_vol,12
3627,$4000_duty,2
3627,$4000_const,1
3627,$4000_vol,5
3627,$4004_duty,3
3627,$4004_const,1
3627,$4004_vol,11
3628,$4000_duty,2
3628,$4000_const,1
3628,$4000_vol,0
3628,$4004_duty,3
3628,$4004_const,1
3628,$4004_vol,4
3628,$4008_linear,0
3630,$4012_addr,243
3630,$4013_len,28
3630,$4010_rate,15
3630,$4000_duty,2
3630,$4000_const,1
3630,$4000_vol,4
3630,$4002_period,321
3630,$400B_length,48
3630,$4004_duty,2
3630,$4004_const,1
3630,$4004_vol,15
3630,$4006_period,2571
3630,$4008_linear,127
3630,$400A_period,321
3630,$400B_length,32
3630,$400C_const,1
3630,$400C_vol,10
3631,$4000_duty,2
3631,$4000_const,1
3631,$4000_vol,8
3631,$4004_duty,3
3631,$4004_const,1
3631,$4004_vol,14
3631,$400C_const,1
3631,$400C_vol,7
3632,$4000_duty,2
3632,$4000_const,1
3632,$4000_vol,10
3632,$4004_duty,3
3632,$4004_const,1
3632,$4004_vol,13
3632,$400C_const,1
3632,$400C_vol,0
3633,$4000_duty,2
3633,$4000_const,1
3633,$4000_vol,7
3633,$4004_duty,3
3633,$4004_const,1
3633,$4004_vol,12
3634,$4000_duty,2
3634,$4000_const,1
3634,$4000_vol,5
3634,$4004_duty,3
3634,$4004_const,1
3634,$4004_vol,11
3635,$4000_duty,0
3635,$4000_const,1
3635,$4000_vol,2
3635,$4002_period,57
3635,$400B_length,0
3635,$4004_duty,0
3635,$4004_const,1
3635,$4004_vol,2
3635,$4006_period,57
3635,$4008_linear,0
3635,$400A_period,63
3635,$400B_length,16
3637,$4010_rate,15
3637,$4000_duty,2
3637,$4000_const,1
3637,$4000_vol,12
3637,$4002_period,3599
3637,$400B_length,23
3637,$4004_duty,2
3637,$4004_const,1
3637,$4004_vol,12
3637,$4006_period,3599
3637,$4008_linear,127
3637,$400A_period,57
3637,$400B_length,0
3637,$400E_period,2
3637,$400E_mode,0
3637,$400C_const,1
3637,$400C_vol,8
3638,$4000_duty,2
3638,$4000_const,1
3638,$4000_vol,0
3638,$4002_period,85
3638,$400B_length,0
3638,$4004_duty,2
3638,$4004_const,1
3638,$4004_vol,0
3638,$4006_period,85
3638,$4008_linear,0
3638,$400A_period,95
3638,$400B_length,16
3638,$400C_const,1
3638,$400C_vol,5
3639,$400C_const,1
3639,$400C_vol,0
3640,$4000_duty,2
3640,$4000_const,1
3640,$4000_vol,10
3640,$4002_period,101
3640,$400B_length,16
3640,$4004_duty,2
3640,$4004_const,1
3640,$4004_vol,10
3640,$4006_period,101
3640,$4008_linear,127
3640,$400A_period,113
3640,$400B_length,0
3641,$4000_duty,2
3641,$4000_const,1
3641,$4000_vol,0
3641,$4002_period,121
3641,$400B_length,0
3641,$4004_duty,2
3641,$4004_const,1
3641,$4004_vol,0
3641,$4006_period,121
3641,$4008_linear,0
3641,$400A_period,135
3641,$400B_length,16
3643,$4000_duty,2
3643,$4000_const,1
3643,$4000_vol,8
3643,$4002_period,135
3643,$400B_length,16
3643,$4004_duty,2
3643,$4004_const,1
3643,$4004_vol,8
3643,$4006_period,135
3643,$4008_linear,127
3643,$400A_period,151
3643,$400B_length,0
3644,$4000_duty,2
3644,$4000_const,1
3644,$4000_vol,0
3644,$4002_period,161
3644,$400B_length,0
3644,$4004_duty,2
3644,$4004_const,1
3644,$4004_vol,0
3644,$4006_period,161
3644,$4008_linear,0
3644,$400A_period,179
3644,$400B_length,16
3644,$400E_period,1
3644,$400E_mode,0
3644,$400C_const,1
3644,$400C_vol,8
3645,$400C_const,1
3645,$400C_vol,5
3646,$4000_duty,2
3646,$4000_const,1
3646,$4000_vol,6
3646,$4002_period,191
3646,$400B_length,16
3646,$4004_duty,2
3646,$4004_const,1
3646,$4004_vol,6
3646,$4006_period,191
3646,$4008_linear,127
3646,$400A_period,213
3646,$400B_length,0
3646,$400C_const,1
3646,$400C_vol,0
3647,$4000_duty,2
3647,$4000_const,1
3647,$4000_vol,0
3647,$4002_period,359
3647,$400B_length,48
3647,$4004_duty,3
3647,$4004_const,1
3647,$4004_vol,0
3647,$4006_period,2881
3647,$4008_linear,0
3647,$400A_period,359
3647,$400B_length,32
3651,$4012_addr,240
3651,$4013_len,11
3651,$4010_rate,15
3651,$4000_duty,2
3651,$4000_const,1
3651,$4000_vol,4
3651,$4002_period,381
3651,$400B_length,32
3651,$4004_duty,2
3651,$4004_const,1
3651,$4004_vol,15
3651,$4006_period,3049
3651,$4008_linear,127
3651,$400A_period,381
3651,$400B_length,48
3651,$400E_period,3
3651,$400E_mode,0
3651,$400C_const,1
3651,$400C_vol,8
3652,$4000_duty,2
3652,$4000_const,1
3652,$4000_vol,8
3652,$4004_duty,3
3652,$4004_const,1
3652,$4004_vol,14
3652,$400C_const,1
3652,$400C_vol,5
3653,$4000_duty,2
3653,$4000_const,1
3653,$4000_vol,10
3653,$4004_duty,3
3653,$4004_const,1
3653,$4004_vol,13
3653,$400C_const,1
3653,$400C_vol,0
3654,$4000_duty,2
3654,$4000_const,1
3654,$4000_vol,7
3654,$4004_duty,3
3654,$4004_const,1
3654,$4004_vol,12
3655,$4000_duty,2
3655,$4000_const,1
3655,$4000_vol,5
3655,$4004_duty,3
3655,$4004_const,1
3655,$4004_vol,11
3656,$4000_duty,2
3656,$4000_const,1
3656,$4000_vol,0
3656,$4004_duty,3
3656,$4004_const,1
3656,$4004_vol,4
3656,$4008_linear,0
3658,$4012_addr,243
3658,$4013_len,28
3658,$4010_rate,15
3658,$4000_duty,2
3658,$4000_const,1
3658,$4000_vol,4
3658,$4002_period,403
3658,$400B_length,48
3658,$4004_duty,2
3658,$4004_const,1
3658,$4004_vol,15
3658,$4006_period,3237
3658,$4008_linear,127
3658,$400A_period,403
3658,$400B_length,32
3658,$400E_period,2
3658,$400E_mode,0
3658,$400C_const,1
3658,$400C_vol,14
3659,$4000_duty,2
3659,$4000_const,1
3659,$4000_vol,8
3659,$4004_duty,3
3659,$4004_const,1
3659,$4004_vol,14
3659,$400C_const,1
3659,$400C_vol,11
3660,$4000_duty,2
3660,$4000_const,1
3660,$4000_vol,10
3660,$4004_duty,3
3660,$4004_const,1
3660,$4004_vol,13
3660,$400C_const,1
3660,$400C_vol,3
3661,$4000_duty,2
3661,$4000_const,1
3661,$4000_vol,7
3661,$4004_duty,3
3661,$4004_const,1
3661,$4004_vol,12
3662,$4000_duty,2
3662,$4000_const,1
3662,$4000_vol,5
3662,$4004_duty,3
3662,$4004_const,1
3662,$4004_vol,11
3663,$4000_duty,2
3663,$4000_const,1
3663,$4000_vol,0
3663,$4004_duty,3
3663,$4004_const,1
3663,$4004_vol,4
3663,$4008_linear,0
3665,$400E_period,1
3665,$400E_mode,0
3665,$400C_const,1
3665,$400C_vol,2
3666,$400C_const,1
3666,$400C_vol,0
3667,$4004_duty,3
3667,$4004_const,1
3667,$4004_vol,0
3672,$4012_addr,253
3672,$4013_len,10
3672,$4010_rate,15
3672,$4000_duty,0
3672,$4000_const,1
3672,$4000_vol,15
3672,$4002_period,3237
3672,$400B_length,38
3672,$4004_duty,2
3672,$4004_const,1
3672,$4004_vol,15
3672,$4006_period,3237
3672,$4008_linear,127
3672,$400A_period,807
3672,$400B_length,49
3672,$400C_const,1
3672,$400C_vol,4
3673,$4004_duty,3
3673,$4004_const,1
3673,$4004_vol,14
3673,$400C_const,1
3673,$400C_vol,1
3674,$4000_duty,0
3674,$4000_const,1
3674,$4000_vol,13
3674,$4004_duty,3
3674,$4004_const,1
3674,$4004_vol,13
3674,$400C_const,1
3674,$400C_vol,0
3675,$4000_duty,0
3675,$4000_const,1
3675,$4000_vol,4
3675,$4004_duty,3
3675,$4004_const,1
3675,$4004_vol,12
3676,$4004_duty,3
3676,$4004_const,1
3676,$4004_vol,11
3677,$4004_duty,3
3677,$4004_const,1
3677,$4004_vol,4
3677,$4008_linear,0
3679,$4010_rate,15
3679,$4000_duty,0
3679,$4000_const,1
3679,$4000_vol,15
3679,$4002_period,3237
3679,$400B_length,54
3679,$4004_duty,2
3679,$4004_const,1
3679,$4004_vol,15
3679,$4006_period,3237
3679,$4008_linear,127
3679,$400A_period,807
3679,$400B_length,33
3679,$400E_period,2
3679,$400E_mode,0
3679,$400C_const,1
3679,$400C_vol,14
3680,$4004_duty,3
3680,$4004_const,1
3680,$4004_vol,14
3680,$400C_const,1
3680,$400C_vol,11
3681,$4000_duty,0
3681,$4000_const,1
3681,$4000_vol,13
3681,$4004_duty,3
3681,$4004_const,1
3681,$4004_vol,13
3681,$400C_const,1
3681,$400C_vol,3
3682,$4000_duty,0
3682,$4000_const,1
3682,$4000_vol,4
3682,$4004_duty,3
3682,$4004_const,1
3682,$4004_vol,12
3683,$4004_duty,3
3683,$4004_const,1
3683,$4004_vol,11
3684,$4004_duty,3
3684,$4004_const,1
3684,$4004_vol,4
3684,$4008_linear,0
3686,$4012_addr,250
3686,$4013_len,11
3686,$4010_rate,15
3686,$400E_period,1
3686,$400E_mode,0
3686,$400C_const,1
3686,$400C_vol,2
3687,$400C_const,1
3687,$400C_vol,0
3688,$4004_duty,3
3688,$4004_const,1
3688,$4004_vol,0
3690,$4000_duty,0
3690,$4000_const,1
3690,$4000_vol,0
3693,$400C_const,1
3693,$400C_vol,4
3694,$400C_const,1
3694,$400C_vol,1
3695,$400C_const,1
3695,$400C_vol,0
3700,$4010_rate,14
3700,$4000_duty,0
3700,$4000_const,1
3700,$4000_vol,5
3700,$4002_period,3237
3700,$400B_length,38
3700,$4004_duty,2
3700,$4004_const,1
3700,$4004_vol,10
3700,$4006_period,1619
3700,$400E_period,4
3700,$400E_mode,0
3700,$400C_const,1
3700,$400C_vol,11
3701,$4004_duty,3
3701,$4004_const,1
3701,$4004_vol,9
3701,$400C_const,1
3701,$400C_vol,10
3702,$4000_duty,0
3702,$4000_const,1
3702,$4000_vol,3
3702,$4004_duty,3
3702,$4004_const,1
3702,$4004_vol,8
3702,$400C_const,1
3702,$400C_vol,0
3703,$4004_duty,3
3703,$4004_const,1
3703,$4004_vol,7
3704,$4010_rate,14
3704,$4004_duty,3
3704,$4004_const,1
3704,$4004_vol,6
3704,$400C_const,1
3704,$400C_vol,0
3705,$4004_duty,3
3705,$4004_const,1
3705,$4004_vol,5
3706,$4004_duty,3
3706,$4004_const,1
3706,$4004_vol,4
3707,$4000_duty,0
3707,$4000_const,1
3707,$4000_vol,0
3707,$4004_duty,3
3707,$4004_const,1
3707,$4004_vol,3
3707,$400E_period,1
3707,$400E_mode,0
3707,$400C_const,1
3707,$400C_vol,11
3708,$4010_rate,14
3708,$400C_const,1
3708,$400C_vol,8
3709,$4004_duty,3
3709,$4004_const,1
3709,$4004_vol,2
3709,$400C_const,1
3709,$400C_vol,0
3711,$4004_duty,3
3711,$4004_const,1
3711,$4004_vol,0
3712,$4004_duty,1
3712,$4004_const,1
3712,$4004_vol,4
3712,$4006_period,339
3712,$400E_period,6
3712,$400E_mode,0
3712,$400C_const,1
3712,$400C_vol,2
3714,$4012_addr,240
3714,$4013_len,11
3714,$4010_rate,15
3714,$4000_duty,3
3714,$4000_const,1
3714,$4000_vol,11
3714,$4002_period,481
3714,$400B_length,48
3714,$4008_linear,127
3714,$400A_period,121
3714,$400B_length,48
3715,$4008_linear,0
3717,$4000_duty,3
3717,$4000_const,1
3717,$4000_vol,8
3718,$4000_duty,3
3718,$4000_const,1
3718,$4000_vol,6
3718,$4004_duty,1
3718,$4004_const,1
3718,$4004_vol,5
3719,$4000_duty,3
3719,$4000_const,1
3719,$4000_vol,0
3720,$400E_period,5
3720,$400E_mode,0
3720,$400C_const,1
3720,$400C_vol,4
3721,$4008_linear,127
3721,$400A_period,151
3721,$400B_length,32
3722,$4008_linear,0
3726,$4004_duty,1
3726,$4004_const,1
3726,$4004_vol,6
3728,$4012_addr,250
3728,$4013_len,11
3728,$4010_rate,15
3728,$4000_duty,3
3728,$4000_const,1
3728,$4000_vol,9
3728,$4002_period,481
3728,$400B_length,32
3728,$4008_linear,127
3728,$400A_period,75
3728,$400B_length,48
3728,$400E_period,4
3728,$400E_mode,0
3728,$400C_const,1
3728,$400C_vol,6
3729,$4008_linear,0
3731,$4000_duty,3
3731,$4000_const,1
3731,$4000_vol,0
3733,$4000_duty,3
3733,$4000_const,1
3733,$4000_vol,7
3733,$4002_period,481
3733,$400B_length,48
3734,$4004_duty,1
3734,$4004_const,1
3734,$4004_vol,7
3735,$4008_linear,127
3735,$400A_period,151
3735,$400B_length,32
3736,$4000_duty,3
3736,$4000_const,1
3736,$4000_vol,0
3736,$4004_duty,3
3736,$4004_const,1
3736,$4004_vol,15
3736,$4006_period,763
3736,$4008_linear,0
3736,$400E_period,3
3736,$400E_mode,0
3736,$400C_const,1
3736,$400C_vol,5
3737,$4006_period,1079
3737,$400C_const,1
3737,$400C_vol,0
3738,$4000_duty,3
3738,$4000_const,1
3738,$4000_vol,5
3738,$4002_period,481
3738,$400B_length,32
3738,$4006_period,1441
3739,$4004_duty,3
3739,$4004_const,1
3739,$4004_vol,6
3739,$4006_period,481
3740,$4006_period,453
3741,$4000_duty,3
3741,$4000_const,1
3741,$4000_vol,0
3741,$4006_period,403
3742,$4012_addr,243
3742,$4013_len,28
3742,$4010_rate,15
3742,$4004_duty,3
3742,$4004_const,1
3742,$4004_vol,5
3742,$4006_period,3237
3742,$4008_linear,127
3742,$400A_period,121
3742,$400B_length,48
3742,$400C_const,1
3742,$400C_vol,10
3743,$4000_duty,3
3743,$4000_const,1
3743,$4000_vol,3
3743,$4002_period,481
3743,$400B_length,48
3743,$4008_linear,0
3743,$400C_const,1
3743,$400C_vol,7
3744,$4004_duty,3
3744,$4004_const,1
3744,$4004_vol,4
3744,$400C_const,1
3744,$400C_vol,0
3745,$4004_duty,3
3745,$4004_const,1
3745,$4004_vol,1
3746,$4000_duty,3
3746,$4000_const,1
3746,$4000_vol,0
3748,$4000_duty,3
3748,$4000_const,1
3748,$4000_vol,1
3748,$4002_period,481
3748,$400B_length,32
3749,$4004_duty,2
3749,$4004_const,1
3749,$4004_vol,12
3749,$4006_period,3237
3749,$4008_linear,127
3749,$400A_period,151
3749,$400B_length,32
3749,$400E_period,2
3749,$400E_mode,0
3749,$400C_const,1
3749,$400C_vol,8
3750,$4004_duty,3
3750,$4004_const,1
3750,$4004_vol,11
3750,$4008_linear,0
3750,$400C_const,1
3750,$400C_vol,5
3751,$4000_duty,1
3751,$4000_const,1
3751,$4000_vol,15
3751,$4002_period,427
3751,$400B_length,16
3751,$4004_duty,3
3751,$4004_const,1
3751,$4004_vol,15
3751,$4006_period,539
3751,$400A_period,113
3751,$400B_length,16
3751,$400E_period,11
3751,$400E_mode,0
3751,$400C_const,1
3751,$400C_vol,15
3752,$4006_period,1713
3752,$400E_period,14
3752,$400E_mode,0
3753,$4002_period,571
3753,$400B_length,1
3753,$4006_period,1143
3753,$400A_period,213
3753,$400B_length,0
3753,$400E_period,11
3753,$400E_mode,0
3753,$400C_const,1
3753,$400C_vol,7
3754,$4006_period,1713
3754,$400E_period,14
3754,$400E_mode,0
3755,$4002_period,1019
3755,$400B_length,17
3755,$4006_period,571
3755,$400A_period,381
3755,$400B_length,16
3755,$400C_const,1
3755,$400C_vol,0
3756,$4012_addr,250
3756,$4013_len,11
3756,$4010_rate,14
3756,$4004_duty,2
3756,$4004_const,1
3756,$4004_vol,15
3756,$4006_period,1359
3757,$4002_period,679
3757,$400B_length,1
3757,$4006_period,1713
3758,$4000_duty,1
3758,$4000_const,1
3758,$4000_vol,4
3758,$4006_period,4095
3759,$4004_duty,2
3759,$4004_const,1
3759,$4004_vol,4
3760,$4000_duty,1
3760,$4000_const,1
3760,$4000_vol,15
3760,$4002_period,1019
3760,$400B_length,17
3760,$4004_duty,2
3760,$4004_const,1
3760,$4004_vol,15
3760,$4006_period,4095
3761,$4000_duty,1
3761,$4000_const,1
3761,$4000_vol,4
3761,$4004_duty,2
3761,$4004_const,1
3761,$4004_vol,4
3762,$4004_duty,2
3762,$4004_const,1
3762,$4004_vol,15
3762,$4006_period,4095
3763,$4010_rate,14
3763,$4000_duty,1
3763,$4000_const,1
3763,$4000_vol,15
3763,$4002_period,763
3763,$400B_length,1
3763,$4004_duty,2
3763,$4004_const,1
3763,$4004_vol,4
3764,$4000_duty,1
3764,$4000_const,1
3764,$4000_vol,4
3764,$4004_duty,2
3764,$4004_const,1
3764,$4004_vol,15
3764,$4006_period,4095
3765,$4004_duty,2
3765,$4004_const,1
3765,$4004_vol,4
3765,$400E_period,13
3765,$400E_mode,0
3765,$400C_const,1
3765,$400C_vol,10
3766,$4000_duty,1
3766,$4000_const,1
3766,$4000_vol,13
3766,$4002_period,719
3766,$400B_length,17
3766,$4004_duty,2
3766,$4004_const,1
3766,$4004_vol,15
3766,$4006_period,4095
3767,$4000_duty,1
3767,$4000_const,1
3767,$4000_vol,2
3767,$4004_duty,2
3767,$4004_const,1
3767,$4004_vol,4
3768,$4004_duty,2
3768,$4004_const,1
3768,$4004_vol,15
3768,$4006_period,4095
3769,$4002_period,1921
3769,$400B_length,3
3769,$4004_duty,2
3769,$4004_const,1
3769,$4004_vol,4
3770,$4012_addr,240
3770,$4013_len,11
3770,$4010_rate,15
3770,$4004_duty,2
3770,$4004_const,1
3770,$4004_vol,15
3770,$4006_period,2289
3771,$4000_duty,3
3771,$4000_const,1
3771,$4000_vol,15
3771,$4002_period,4095
3771,$400B_length,23
3771,$4006_period,2515
3772,$4000_duty,3
3772,$4000_const,1
3772,$4000_vol,12
3772,$4006_period,2581
3772,$4008_linear,127
3772,$400A_period,227
3772,$400B_length,0
3773,$4000_duty,3
3773,$4000_const,1
3773,$4000_vol,4
3773,$4008_linear,0
3773,$400C_const,1
3773,$400C_vol,0
3775,$4000_duty,3
3775,$4000_const,1
3775,$4000_vol,15
3775,$4002_period,1143
3775,$400B_length,2
3775,$4004_duty,2
3775,$4004_const,1
3775,$4004_vol,13
3775,$4006_period,1019
3775,$400A_period,151
3775,$400B_length,16
3775,$400E_period,9
3775,$400E_mode,0
3775,$400C_const,1
3775,$400C_vol,5
3776,$4002_period,807
3776,$400B_length,17
3776,$4006_period,855
3776,$400E_period,8
3776,$400E_mode,0
3776,$400C_const,1
3776,$400C_vol,4
3777,$4002_period,679
3777,$400B_length,1
3777,$4006_period,605
3777,$4008_linear,127
3777,$400A_period,127
3777,$400B_length,0
3777,$400E_period,7
3777,$400E_mode,0
3777,$400C_const,1
3777,$400C_vol,3
3778,$4002_period,539
3778,$400B_length,17
3778,$4006_period,381
3778,$4008_linear,0
3778,$400E_period,6
3778,$400E_mode,0
3778,$400C_const,1
3778,$400C_vol,2
3779,$4002_period,453
3779,$400B_length,0
3779,$4006_period,321
3779,$400E_period,5
3779,$400E_mode,0
3779,$400C_const,1
3779,$400C_vol,1
3780,$4002_period,403
3780,$400B_length,16
3780,$4006_period,191
3780,$400A_period,95
3780,$400B_length,16
3780,$400E_period,4
3780,$400E_mode,0
3780,$400C_const,1
3780,$400C_vol,0
3781,$4002_period,339
3781,$400B_length,0
3781,$4004_duty,2
3781,$4004_const,1
3781,$4004_vol,5
3781,$4006_period,195
3781,$400E_period,3
3781,$400E_mode,0
3782,$4000_duty,2
3782,$4000_const,1
3782,$4000_vol,7
3782,$4002_period,329
3782,$400B_length,16
3782,$4008_linear,127
3782,$400A_period,89
3782,$400B_length,0
3782,$400E_period,2
3782,$400E_mode,0
3783,$4008_linear,0
3783,$400E_period,1
3783,$400E_mode,0
3784,$4012_addr,250
3784,$4013_len,11
3784,$4010_rate,15
3789,$4004_duty,2
3789,$4004_const,1
3789,$4004_vol,1
3790,$4000_duty,2
3790,$4000_const,1
3790,$4000_vol,4
3791,$4012_addr,240
3791,$4013_len,11
3791,$4010_rate,15
3794,$4000_duty,2
3794,$4000_const,1
3794,$4000_vol,0
3794,$4004_duty,2
3794,$4004_const,1
3794,$4004_vol,0
3796,$4004_duty,2
3796,$4004_const,1
3796,$4004_vol,1
3796,$4006_period,195
3798,$4012_addr,243
3798,$4013_len,28
3798,$4010_rate,15
3798,$4000_duty,2
3798,$4000_const,1
3798,$4000_vol,4
3798,$4002_period,329
3798,$400B_length,0
3806,$4000_duty,2
3806,$4000_const,1
3806,$4000_vol,1
3809,$4004_duty,2
3809,$4004_const,1
3809,$4004_vol,0
3810,$4000_duty,2
3810,$4000_const,1
3810,$4000_vol,0
3812,$4012_addr,250
3812,$4013_len,11
3812,$4010_rate,14
3814,$4000_duty,3
3814,$4000_const,1
3814,$4000_vol,10
3814,$4002_period,605
3814,$400B_length,49
3814,$4004_duty,3
3814,$4004_const,1
3814,$4004_vol,4
3814,$4006_period,3237
3814,$400A_period,75
3814,$400B_length,48
3814,$400C_const,1
3814,$400C_vol,0
3815,$4000_duty,3
3815,$4000_const,1
3815,$4000_vol,7
3815,$4004_duty,3
3815,$4004_const,1
3815,$4004_vol,1
3816,$4000_duty,3
3816,$4000_const,1
3816,$4000_vol,5
3817,$4000_duty,3
3817,$4000_const,1
3817,$4000_vol,0
3819,$4012_addr,240
3819,$4013_len,11
3819,$4010_rate,15
3819,$4000_duty,3
3819,$4000_const,1
3819,$4000_vol,10
3819,$4002_period,807
3819,$400B_length,33
3819,$4004_duty,2
3819,$4004_const,1
3819,$4004_vol,11
3819,$4006_period,1211
3819,$4008_linear,127
3819,$400A_period,151
3819,$400B_length,32
3819,$400E_period,3
3819,$400E_mode,0
3819,$400C_const,1
3819,$400C_vol,8
3820,$4004_duty,3
3820,$4004_const,1
3820,$4004_vol,10
3820,$4008_linear,0
3820,$400C_const,1
3820,$400C_vol,5
3821,$4004_duty,3
3821,$4004_const,1
3821,$4004_vol,9
3821,$400C_const,1
3821,$400C_vol,0
3822,$4000_duty,3
3822,$4000_const,1
3822,$4000_vol,7
3822,$4004_duty,3
3822,$4004_const,1
3822,$4004_vol,8
3823,$4000_duty,3
3823,$4000_const,1
3823,$4000_vol,5
3823,$4004_duty,3
3823,$4004_const,1
3823,$4004_vol,0
3824,$4000_duty,3
3824,$4000_const,1
3824,$4000_vol,0
3826,$4012_addr,240
3826,$4013_len,11
3826,$4010_rate,15
3826,$4000_duty,3
3826,$4000_const,1
3826,$4000_vol,10
3826,$4002_period,481
3826,$400B_length,48
3826,$4004_duty,2
3826,$4004_const,1
3826,$4004_vol,15
3826,$4006_period,2427
3826,$4008_linear,127
3826,$400A_period,121
3826,$400B_length,48
3826,$400C_const,1
3826,$400C_vol,10
3827,$4004_duty,3
3827,$4004_const,1
3827,$4004_vol,14
3827,$4008_linear,0
3827,$400C_const,1
3827,$400C_vol,7
3828,$4004_duty,3
3828,$4004_const,1
3828,$4004_vol,13
3828,$400C_const,1
3828,$400C_vol,0
3829,$4000_duty,3
3829,$4000_const,1
3829,$4000_vol,7
3829,$4004_duty,3
3829,$4004_const,1
3829,$4004_vol,12
3830,$4000_duty,3
3830,$4000_const,1
3830,$4000_vol,5
3830,$4004_duty,3
3830,$4004_const,1
3830,$4004_vol,11
3831,$4000_duty,3
3831,$4000_const,1
3831,$4000_vol,0
3831,$4004_duty,3
3831,$4004_const,1
3831,$4004_vol,10
3832,$4004_duty,3
3832,$4004_const,1
3832,$4004_vol,9
3833,$4000_duty,3
3833,$4000_const,1
3833,$4000_vol,10
3833,$4002_period,453
3833,$400B_length,32
3833,$4004_duty,3
3833,$4004_const,1
3833,$4004_vol,8
3833,$4008_linear,127
3833,$400A_period,151
3833,$400B_length,32
3833,$400E_period,2
3833,$400E_mode,0
3833,$400C_const,1
3833,$400C_vol,8
3834,$4008_linear,0
3834,$400C_const,1
3834,$400C_vol,5
3835,$4004_duty,3
3835,$4004_const,1
3835,$4004_vol,7
3835,$400C_const,1
3835,$400C_vol,0
3836,$4000_duty,3
3836,$4000_const,1
3836,$4000_vol,7
3836,$4004_duty,3
3836,$4004_const,1
3836,$4004_vol,4
3837,$4000_duty,3
3837,$4000_const,1
3837,$4000_vol,5
3838,$4000_duty,3
3838,$4000_const,1
3838,$4000_vol,0
3840,$4012_addr,250
3840,$4013_len,11
3840,$4010_rate,15
3840,$4000_duty,3
3840,$4000_const,1
3840,$4000_vol,10
3840,$4002_period,427
3840,$400B_length,48
3840,$4004_duty,2
3840,$4004_const,1
3840,$4004_vol,10
3840,$4006_period,1211
3840,$4008_linear,127
3840,$400A_period,75
3840,$400B_length,48
3840,$400E_period,1
3840,$400E_mode,0
3840,$400C_const,1
3840,$400C_vol,8
3841,$4004_duty,3
3841,$4004_const,1
3841,$4004_vol,9
3841,$4008_linear,0
3841,$400C_const,1
3841,$400C_vol,5
3842,$4004_duty,3
3842,$4004_const,1
3842,$4004_vol,8
3842,$400C_const,1
3842,$400C_vol,0
3843,$4000_duty,3
3843,$4000_const,1
3843,$4000_vol,7
3843,$4004_duty,3
3843,$4004_const,1
3843,$4004_vol,7
3844,$4000_duty,3
3844,$4000_const,1
3844,$4000_vol,5
3844,$4004_duty,3
3844,$4004_const,1
3844,$4004_vol,0
3845,$4000_duty,3
3845,$4000_const,1
3845,$4000_vol,0
3847,$4000_duty,3
3847,$4000_const,1
3847,$4000_vol,10
3847,$4002_period,403
3847,$400B_length,32
3847,$4004_duty,2
3847,$4004_const,1
3847,$4004_vol,12
3847,$4006_period,3237
3847,$4008_linear,127
3847,$400A_period,151
3847,$400B_length,32
3847,$400E_period,3
3847,$400E_mode,0
3847,$400C_const,1
3847,$400C_vol,8
3848,$4004_duty,3
3848,$4004_const,1
3848,$4004_vol,11
3848,$4008_linear,0
3848,$400C_const,1
3848,$400C_vol,5
3849,$4004_duty,3
3849,$4004_const,1
3849,$4004_vol,10
3849,$400C_const,1
3849,$400C_vol,0
3850,$4000_duty,3
3850,$4000_const,1
3850,$4000_vol,7
3850,$4004_duty,3
3850,$4004_const,1
3850,$4004_vol,9
3851,$4000_duty,3
3851,$4000_const,1
3851,$4000_vol,5
3851,$4004_duty,3
3851,$4004_const,1
3851,$4004_vol,8
3852,$4000_duty,3
3852,$4000_const,1
3852,$4000_vol,0
3852,$4004_duty,3
3852,$4004_const,1
3852,$4004_vol,7
3853,$4004_duty,3
3853,$4004_const,1
3853,$4004_vol,6
3854,$4012_addr,243
3854,$4013_len,28
3854,$4010_rate,15
3854,$4004_duty,3
3854,$4004_const,1
3854,$4004_vol,5
3854,$4008_linear,127
3854,$400A_period,121
3854,$400B_length,48
3854,$400C_const,1
3854,$400C_vol,10
3855,$4008_linear,0
3855,$400C_const,1
3855,$400C_vol,7
3856,$4004_duty,3
3856,$4004_const,1
3856,$4004_vol,4
3856,$400C_const,1
3856,$400C_vol,0
3857,$4004_duty,3
3857,$4004_const,1
3857,$4004_vol,1
3861,$4000_duty,0
3861,$4000_const,1
3861,$4000_vol,7
3861,$4002_period,89
3861,$400B_length,48
3861,$4004_duty,2
3861,$4004_const,1
3861,$4004_vol,12
3861,$4006_period,3237
3861,$4008_linear,127
3861,$400A_period,151
3861,$400B_length,32
3861,$400E_period,2
3861,$400E_mode,0
3861,$400C_const,1
3861,$400C_vol,8
3862,$4004_duty,3
3862,$4004_const,1
3862,$4004_vol,11
3862,$4008_linear,0
3862,$400C_const,1
3862,$400C_vol,5
3863,$4000_duty,0
3863,$4000_const,1
3863,$4000_vol,5
3863,$4004_duty,3
3863,$4004_const,1
3863,$4004_vol,10
3863,$400C_const,1
3863,$400C_vol,0
3864,$4004_duty,3
3864,$4004_const,1
3864,$4004_vol,9
3865,$4000_duty,0
3865,$4000_const,1
3865,$4000_vol,0
3865,$4004_duty,3
3865,$4004_const,1
3865,$4004_vol,8
3866,$4004_duty,3
3866,$4004_const,1
3866,$4004_vol,7
3867,$4004_duty,3
3867,$4004_const,1
3867,$4004_vol,6
3868,$4012_addr,250
3868,$4013_len,11
3868,$4010_rate,14
3868,$4000_duty,0
3868,$4000_const,1
3868,$4000_vol,7
3868,$4002_period,81
3868,$400B_length,32
3868,$4004_duty,3
3868,$4004_const,1
3868,$4004_vol,5
3868,$4008_linear,127
3868,$400A_period,75
3868,$400B_length,48
3868,$400E_period,1
3868,$400E_mode,0
3868,$400C_const,1
3868,$400C_vol,8
3869,$4008_linear,0
3869,$400C_const,1
3869,$400C_vol,5
3870,$4000_duty,0
3870,$4000_const,1
3870,$4000_vol,5
3870,$4004_duty,2
3870,$4004_const,1
3870,$4004_vol,6
3870,$4006_period,197
3870,$400C_const,1
3870,$400C_vol,0
3871,$4004_duty,2
3871,$4004_const,1
3871,$4004_vol,9
3872,$4000_duty,0
3872,$4000_const,1
3872,$4000_vol,0
3872,$4004_duty,2
3872,$4004_const,1
3872,$4004_vol,12
3873,$4004_duty,2
3873,$4004_const,1
3873,$4004_vol,9
3874,$4004_duty,2
3874,$4004_const,1
3874,$4004_vol,4
3875,$4010_rate,14
3875,$4000_duty,0
3875,$4000_const,1
3875,$4000_vol,7
3875,$4002_period,75
3875,$400B_length,48
3875,$4004_duty,2
3875,$4004_const,1
3875,$4004_vol,11
3875,$4006_period,1211
3875,$4008_linear,127
3875,$400A_period,151
3875,$400B_length,32
3875,$400E_period,3
3875,$400E_mode,0
3875,$400C_const,1
3875,$400C_vol,8
3876,$4004_duty,3
3876,$4004_const,1
3876,$4004_vol,10
3876,$4008_linear,0
3876,$400C_const,1
3876,$400C_vol,5
3877,$4000_duty,0
3877,$4000_const,1
3877,$4000_vol,5
3877,$4004_duty,3
3877,$4004_const,1
3877,$4004_vol,9
3877,$400C_const,1
3877,$400C_vol,0
3878,$4004_duty,3
3878,$4004_const,1
3878,$4004_vol,8
3879,$4000_duty,0
3879,$4000_const,1
3879,$4000_vol,0
3879,$4004_duty,3
3879,$4004_const,1
3879,$4004_vol,0
3882,$4012_addr,240
3882,$4013_len,11
3882,$4010_rate,15
3882,$4000_duty,2
3882,$4000_const,1
3882,$4000_vol,0
3882,$4002_period,79
3882,$400B_length,0
3882,$4004_duty,2
3882,$4004_const,1
3882,$4004_vol,0
3882,$4006_period,129
3882,$4008_linear,127
3882,$400A_period,121
3882,$400B_length,48
3882,$400C_const,1
3882,$400C_vol,10
3883,$4000_duty,2
3883,$4000_const,1
3883,$4000_vol,8
3883,$4002_period,63
3883,$400B_length,16
3883,$4008_linear,0
3883,$400C_const,1
3883,$400C_vol,7
3884,$400C_const,1
3884,$400C_vol,0
3885,$4000_duty,2
3885,$4000_const,1
3885,$4000_vol,9
3886,$4000_duty,2
3886,$4000_const,1
3886,$4000_vol,8
3886,$4002_period,101
3886,$400B_length,0
3886,$4004_duty,2
3886,$4004_const,1
3886,$4004_vol,6
3886,$4006_period,63
3888,$4000_duty,2
3888,$4000_const,1
3888,$4000_vol,7
3888,$4002_period,57
3888,$400B_length,16
3888,$4004_duty,2
3888,$4004_const,1
3888,$4004_vol,7
3889,$4004_duty,2
3889,$4004_const,1
3889,$4004_vol,6
3889,$4006_period,101
3889,$4008_linear,127
3889,$400A_period,151
3889,$400B_length,32
3889,$400E_period,2
3889,$400E_mode,0
3889,$400C_const,1
3889,$400C_vol,8
3890,$4000_duty,2
3890,$4000_const,1
3890,$4000_vol,8
3890,$4002_period,85
3890,$400B_length,0
3890,$4008_linear,0
3890,$400C_const,1
3890,$400C_vol,5
3891,$4004_duty,2
3891,$4004_const,1
3891,$4004_vol,5
3891,$4006_period,57
3891,$400C_const,1
3891,$400C_vol,0
3893,$4000_duty,2
3893,$4000_const,1
3893,$4000_vol,7
3893,$4002_period,75
3893,$400B_length,16
3893,$4004_duty,2
3893,$4004_const,1
3893,$4004_vol,6
3893,$4006_period,85
3895,$4000_duty,2
3895,$4000_const,1
3895,$4000_vol,0
3896,$4012_addr,250
3896,$4013_len,11
3896,$4010_rate,15
3896,$4004_duty,2
3896,$4004_const,1
3896,$4004_vol,5
3896,$4006_period,75
3896,$4008_linear,127
3896,$400A_period,75
3896,$400B_length,48
3896,$400E_period,1
3896,$400E_mode,0
3896,$400C_const,1
3896,$400C_vol,8
3897,$4008_linear,0
3897,$400C_const,1
3897,$400C_vol,5
3898,$4004_duty,2
3898,$4004_const,1
3898,$4004_vol,4
3898,$4006_period,63
3898,$400C_const,1
3898,$400C_vol,0
3900,$4004_duty,2
3900,$4004_const,1
3900,$4004_vol,5
3901,$4004_duty,2
3901,$4004_const,1
3901,$4004_vol,4
3901,$4006_period,101
3903,$4010_rate,15
3903,$4004_duty,2
3903,$4004_const,1
3903,$4004_vol,3
3903,$4006_period,57
3903,$4008_linear,127
3903,$400A_period,151
3903,$400B_length,32
3903,$400E_period,3
3903,$400E_mode,0
3903,$400C_const,1
3903,$400C_vol,8
3904,$4008_linear,0
3904,$400C_const,1
3904,$400C_vol,5
3905,$4004_duty,2
3905,$4004_const,1
3905,$4004_vol,4
3905,$4006_period,85
3905,$400C_const,1
3905,$400C_vol,0
3906,$4000_duty,0
3906,$4000_const,1
3906,$4000_vol,0
3906,$4002_period,101
3906,$400B_length,32
3906,$4004_duty,1
3906,$4004_const,1
3906,$4004_vol,11
3906,$4006_period,907
3908,$4004_duty,1
3908,$4004_const,1
3908,$4004_vol,10
3908,$4006_period,961
3909,$4004_duty,1
3909,$4004_const,1
3909,$4004_vol,7
3909,$4006_period,641
3910,$4012_addr,243
3910,$4013_len,28
3910,$4010_rate,15
3910,$4004_duty,1
3910,$4004_const,1
3910,$4004_vol,6
3910,$4006_period,605
3910,$4008_linear,127
3910,$400A_period,121
3910,$400B_length,48
3910,$400C_const,1
3910,$400C_vol,10
3911,$4004_duty,1
3911,$4004_const,1
3911,$4004_vol,5
3911,$4006_period,571
3911,$4008_linear,0
3911,$400C_const,1
3911,$400C_vol,7
3912,$4004_duty,1
3912,$4004_const,1
3912,$4004_vol,4
3912,$4006_period,509
3912,$400C_const,1
3912,$400C_vol,0
3913,$4004_duty,3
3913,$4004_const,1
3913,$4004_vol,1
3913,$4006_period,3237
3915,$4004_duty,2
3915,$4004_const,1
3915,$4004_vol,6
3915,$4006_period,197
3916,$4004_duty,2
3916,$4004_const,1
3916,$4004_vol,9
3917,$4012_addr,250
3917,$4013_len,11
3917,$4010_rate,14
3917,$4004_duty,2
3917,$4004_const,1
3917,$4004_vol,12
3917,$4008_linear,127
3917,$400A_period,151
3917,$400B_length,32
3917,$400E_period,2
3917,$400E_mode,0
3917,$400C_const,1
3917,$400C_vol,8
3918,$4004_duty,2
3918,$4004_const,1
3918,$4004_vol,9
3918,$4008_linear,0
3918,$400C_const,1
3918,$400C_vol,5
3919,$4004_duty,2
3919,$4004_const,1
3919,$4004_vol,4
3919,$400C_const,1
3919,$400C_vol,0
3920,$4004_duty,3
3920,$4004_const,1
3920,$4004_vol,9
3920,$4006_period,3237
3921,$4004_duty,3
3921,$4004_const,1
3921,$4004_vol,8
3922,$4004_duty,3
3922,$4004_const,1
3922,$4004_vol,7
3923,$4004_duty,3
3923,$4004_const,1
3923,$4004_vol,6
3924,$4012_addr,243
3924,$4013_len,28
3924,$4010_rate,15
3924,$4004_duty,3
3924,$4004_const,1
3924,$4004_vol,5
3924,$4008_linear,127
3924,$400A_period,75
3924,$400B_length,48
3924,$400E_period,1
3924,$400E_mode,0
3924,$400C_const,1
3924,$400C_vol,8
3925,$4008_linear,0
3925,$400C_const,1
3925,$400C_vol,5
3926,$4004_duty,3
3926,$4004_const,1
3926,$4004_vol,4
3926,$400C_const,1
3926,$400C_vol,0
3927,$4004_duty,3
3927,$4004_const,1
3927,$4004_vol,1
3929,$4004_duty,2
3929,$4004_const,1
3929,$4004_vol,4
3929,$4006_period,127
3929,$400E_period,0
3929,$400E_mode,0
3929,$400C_const,1
3929,$400C_vol,15
3930,$4004_duty,2
3930,$4004_const,1
3930,$4004_vol,3
3930,$4006_period,143
3930,$400E_period,1
3930,$400E_mode,0
3931,$4012_addr,240
3931,$4013_len,11
3931,$4010_rate,15
3931,$4006_period,161
3931,$4008_linear,127
3931,$400A_period,151
3931,$400B_length,32
3931,$400E_period,3
3931,$400E_mode,0
3932,$4004_duty,2
3932,$4004_const,1
3932,$4004_vol,6
3932,$4006_period,169
3932,$4008_linear,0
3932,$400E_period,5
3932,$400E_mode,0
3933,$4004_duty,2
3933,$4004_const,1
3933,$4004_vol,10
3933,$4006_period,179
3933,$400E_period,7
3933,$400E_mode,0
3934,$4006_period,191
3934,$400E_period,8
3934,$400E_mode,0
3935,$4004_duty,2
3935,$4004_const,1
3935,$4004_vol,11
3935,$4006_period,201
3935,$400E_period,10
3935,$400E_mode,0
3936,$400E_period,11
3936,$400E_mode,0
3936,$400C_const,1
3936,$400C_vol,14
3937,$4004_duty,2
3937,$4004_const,1
3937,$4004_vol,10
3937,$400E_period,12
3937,$400E_mode,0
3938,$4012_addr,240
3938,$4013_len,11
3938,$4010_rate,15
3938,$4000_duty,3
3938,$4000_const,1
3938,$4000_vol,11
3938,$4002_period,539
3938,$400B_length,49
3938,$4004_duty,2
3938,$4004_const,1
3938,$4004_vol,9
3938,$4008_linear,127
3938,$400A_period,113
3938,$400B_length,48
3938,$400E_period,13
3938,$400E_mode,0
3939,$4004_duty,2
3939,$4004_const,1
3939,$4004_vol,8
3939,$4008_linear,0
3939,$400E_period,14
3939,$400E_mode,0
3939,$400C_const,1
3939,$400C_vol,13
3940,$4004_duty,2
3940,$4004_const,1
3940,$4004_vol,7
3940,$400E_period,13
3940,$400E_mode,0
3940,$400C_const,1
3940,$400C_vol,12
3941,$4000_duty,3
3941,$4000_const,1
3941,$4000_vol,8
3941,$4004_duty,2
3941,$4004_const,1
3941,$4004_vol,6
3941,$400E_period,14
3941,$400E_mode,0
3941,$400C_const,1
3941,$400C_vol,11
3942,$4000_duty,3
3942,$4000_const,1
3942,$4000_vol,6
3942,$4004_duty,2
3942,$4004_const,1
3942,$4004_vol,5
3942,$400E_period,13
3942,$400E_mode,0
3942,$400C_const,1
3942,$400C_vol,10
3943,$4000_duty,3
3943,$4000_const,1
3943,$4000_vol,0
3943,$4004_duty,2
3943,$4004_const,1
3943,$4004_vol,4
3943,$400E_period,14
3943,$400E_mode,0
3943,$400C_const,1
3943,$400C_vol,9
3944,$4004_duty,2
3944,$4004_const,1
3944,$4004_vol,3
3944,$400E_period,13
3944,$400E_mode,0
3944,$400C_const,1
3944,$400C_vol,8
3945,$4004_duty,2
3945,$4004_const,1
3945,$4004_vol,2
3945,$4008_linear,127
3945,$400A_period,135
3945,$400B_length,32
3945,$400E_period,14
3945,$400E_mode,0
3945,$400C_const,1
3945,$400C_vol,7
3946,$4004_duty,2
3946,$4004_const,1
3946,$4004_vol,1
3946,$4008_linear,0
3946,$400E_period,13
3946,$400E_mode,0
3946,$400C_const,1
3946,$400C_vol,6
3947,$4004_duty,2
3947,$4004_const,1
3947,$4004_vol,0
3947,$400E_period,14
3947,$400E_mode,0
3947,$400C_const,1
3947,$400C_vol,5
3948,$400E_period,13
3948,$400E_mode,0
3948,$400C_const,1
3948,$400C_vol,4
3949,$400E_period,14
3949,$400E_mode,0
3949,$400C_const,1
3949,$400C_vol,3
3950,$400E_period,13
3950,$400E_mode,0
3950,$400C_const,1
3950,$400C_vol,2
3951,$400E_period,14
3951,$400E_mode,0
3951,$400C_const,1
3951,$400C_vol,1
3952,$4012_addr,250
3952,$4013_len,11
3952,$4010_rate,15
3952,$4000_duty,3
3952,$4000_const,1
3952,$4000_vol,9
3952,$4002_period,539
3952,$400B_length,33
3952,$4004_duty,2
3952,$4004_const,1
3952,$4004_vol,12
3952,$4006_period,1079
3952,$4008_linear,127
3952,$400A_period,67
3952,$400B_length,48
3952,$400E_period,1
3952,$400E_mode,0
3952,$400C_const,1
3952,$400C_vol,8
3953,$4004_duty,3
3953,$4004_const,1
3953,$4004_vol,11
3953,$4008_linear,0
3953,$400C_const,1
3953,$400C_vol,5
3954,$4004_duty,3
3954,$4004_const,1
3954,$4004_vol,10
3954,$400C_const,1
3954,$400C_vol,0
3955,$4000_duty,3
3955,$4000_const,1
3955,$4000_vol,0
3955,$4004_duty,3
3955,$4004_const,1
3955,$4004_vol,9
3956,$4004_duty,3
3956,$4004_const,1
3956,$4004_vol,1
3957,$4000_duty,3
3957,$4000_const,1
3957,$4000_vol,7
3957,$4002_period,539
3957,$400B_length,49
3959,$4004_duty,2
3959,$4004_const,1
3959,$4004_vol,12
3959,$4006_period,2881
3959,$4008_linear,127
3959,$400A_period,135
3959,$400B_length,32
3959,$400E_period,3
3959,$400E_mode,0
3959,$400C_const,1
3959,$400C_vol,8
3960,$4000_duty,3
3960,$4000_const,1
3960,$4000_vol,0
3960,$4004_duty,3
3960,$4004_const,1
3960,$4004_vol,11
3960,$4008_linear,0
3960,$400C_const,1
3960,$400C_vol,5
3961,$4004_duty,3
3961,$4004_const,1
3961,$4004_vol,10
3961,$400C_const,1
3961,$400C_vol,0
3962,$4000_duty,3
3962,$4000_const,1
3962,$4000_vol,5
3962,$4002_period,539
3962,$400B_length,33
3962,$4004_duty,3
3962,$4004_const,1
3962,$4004_vol,9
3963,$4004_duty,3
3963,$4004_const,1
3963,$4004_vol,8
3964,$4004_duty,1
3964,$4004_const,1
3964,$4004_vol,11
3964,$4006_period,907
3965,$4000_duty,3
3965,$4000_const,1
3965,$4000_vol,0
3966,$4012_addr,243
3966,$4013_len,28
3966,$4010_rate,15
3966,$4004_duty,1
3966,$4004_const,1
3966,$4004_vol,10
3966,$4006_period,961
3966,$4008_linear,127
3966,$400A_period,113
3966,$400B_length,48
3966,$400C_const,1
3966,$400C_vol,10
3967,$4000_duty,3
3967,$4000_const,1
3967,$4000_vol,3
3967,$4002_period,539
3967,$400B_length,49
3967,$4004_duty,1
3967,$4004_const,1
3967,$4004_vol,7
3967,$4006_period,641
3967,$4008_linear,0
3967,$400C_const,1
3967,$400C_vol,7
3968,$4004_duty,1
3968,$4004_const,1
3968,$4004_vol,6
3968,$4006_period,605
3968,$400C_const,1
3968,$400C_vol,0
3969,$4004_duty,1
3969,$4004_const,1
3969,$4004_vol,5
3969,$4006_period,571
3970,$4000_duty,3
3970,$4000_const,1
3970,$4000_vol,0
3970,$4004_duty,1
3970,$4004_const,1
3970,$4004_vol,4
3970,$4006_period,509
3971,$4004_duty,3
3971,$4004_const,1
3971,$4004_vol,1
3971,$4006_period,2881
3972,$4000_duty,3
3972,$4000_const,1
3972,$4000_vol,1
3972,$4002_period,539
3972,$400B_length,33
3973,$4004_duty,2
3973,$4004_const,1
3973,$4004_vol,10
3973,$4006_period,2881
3973,$4008_linear,127
3973,$400A_period,135
3973,$400B_length,32
3973,$400E_period,2
3973,$400E_mode,0
3973,$400C_const,1
3973,$400C_vol,8
3974,$4004_duty,3
3974,$4004_const,1
3974,$4004_vol,9
3974,$4008_linear,0
3974,$400C_const,1
3974,$400C_vol,5
3975,$4000_duty,3
3975,$4000_const,1
3975,$4000_vol,0
3975,$4004_duty,3
3975,$4004_const,1
3975,$4004_vol,8
3975,$400C_const,1
3975,$400C_vol,0
3976,$4004_duty,3
3976,$4004_const,1
3976,$4004_vol,7
3977,$4004_duty,3
3977,$4004_const,1
3977,$4004_vol,6
3978,$4004_duty,3
3978,$4004_const,1
3978,$4004_vol,5
3979,$4004_duty,3
3979,$4004_const,1
3979,$4004_vol,4
3980,$4012_addr,250
3980,$4013_len,11
3980,$4010_rate,14
3980,$4000_duty,3
3980,$4000_const,1
3980,$4000_vol,10
3980,$4002_period,509
3980,$400B_length,48
3980,$4004_duty,3
3980,$4004_const,1
3980,$4004_vol,3
3980,$4008_linear,127
3980,$400A_period,67
3980,$400B_length,48
3980,$400E_period,1
3980,$400E_mode,0
3980,$400C_const,1
3980,$400C_vol,8
3981,$4008_linear,0
3981,$400C_const,1
3981,$400C_vol,5
3982,$4004_duty,3
3982,$4004_const,1
3982,$4004_vol,2
3982,$400C_const,1
3982,$400C_vol,0
3983,$4000_duty,3
3983,$4000_const,1
3983,$4000_vol,7
3983,$4004_duty,3
3983,$4004_const,1
3983,$4004_vol,0
3984,$4000_duty,3
3984,$4000_const,1
3984,$4000_vol,5
3985,$4000_duty,3
3985,$4000_const,1
3985,$4000_vol,0
3987,$4010_rate,14
3987,$4000_duty,3
3987,$4000_const,1
3987,$4000_vol,10
3987,$4002_period,481
3987,$400B_length,32
3987,$4004_duty,2
3987,$4004_const,1
3987,$4004_vol,10
3987,$4006_period,1079
3987,$4008_linear,127
3987,$400A_period,135
3987,$400B_length,32
3987,$400E_period,3
3987,$400E_mode,0
3987,$400C_const,1
3987,$400C_vol,8
3988,$4004_duty,3
3988,$4004_const,1
3988,$4004_vol,9
3988,$4008_linear,0
3988,$400C_const,1
3988,$400C_vol,5
3989,$4004_duty,3
3989,$4004_const,1
3989,$4004_vol,8
3989,$400C_const,1
3989,$400C_vol,0
3990,$4000_duty,3
3990,$4000_const,1
3990,$4000_vol,7
3990,$4004_duty,3
3990,$4004_const,1
3990,$4004_vol,7
3991,$4000_duty,3
3991,$4000_const,1
3991,$4000_vol,5
3991,$4004_duty,3
3991,$4004_const,1
3991,$4004_vol,0
3992,$4000_duty,3
3992,$4000_const,1
3992,$4000_vol,0
3994,$4012_addr,240
3994,$4013_len,11
3994,$4010_rate,15
3994,$4000_duty,3
3994,$4000_const,1
3994,$4000_vol,10
3994,$4002_period,453
3994,$400B_length,48
3994,$4004_duty,2
3994,$4004_const,1
3994,$4004_vol,15
3994,$4006_period,2157
3994,$4008_linear,127
3994,$400A_period,113
3994,$400B_length,48
3994,$400C_const,1
3994,$400C_vol,10
3995,$4004_duty,3
3995,$4004_const,1
3995,$4004_vol,14
3995,$4008_linear,0
3995,$400C_const,1
3995,$400C_vol,7
3996,$4004_duty,3
3996,$4004_const,1
3996,$4004_vol,13
3996,$400C_const,1
3996,$400C_vol,0
3997,$4000_duty,3
3997,$4000_const,1
3997,$4000_vol,7
3997,$4004_duty,3
3997,$4004_const,1
3997,$4004_vol,12
3998,$4000_duty,3
3998,$4000_const,1
3998,$4000_vol,5
3998,$4004_duty,3
3998,$4004_const,1
3998,$4004_vol,11
3999,$4000_duty,3
3999,$4000_const,1
3999,$4000_vol,0
3999,$4004_duty,3
3999,$4004_const,1
3999,$4004_vol,10
4000,$4004_duty,3
4000,$4004_const,1
4000,$4004_vol,9
4001,$4000_duty,3
4001,$4000_const,1
4001,$4000_vol,10
4001,$4002_period,403
4001,$400B_length,32
4001,$4004_duty,3
4001,$4004_const,1
4001,$4004_vol,8
4001,$4008_linear,127
4001,$400A_period,135
4001,$400B_length,32
4001,$400E_period,2
4001,$400E_mode,0
4001,$400C_const,1
4001,$400C_vol,8
4002,$4008_linear,0
4002,$400C_const,1
4002,$400C_vol,5
4003,$4004_duty,3
4003,$4004_const,1
4003,$4004_vol,7
4003,$400C_const,1
4003,$400C_vol,0
4004,$4000_duty,3
4004,$4000_const,1
4004,$4000_vol,7
4004,$4004_duty,3
4004,$4004_const,1
4004,$4004_vol,4
4005,$4000_duty,3
4005,$4000_const,1
4005,$4000_vol,5
4006,$4000_duty,3
4006,$4000_const,1
4006,$4000_vol,0
4008,$4012_addr,250
4008,$4013_len,11
4008,$4010_rate,15
4008,$4000_duty,3
4008,$4000_const,1
4008,$4000_vol,10
4008,$4002_period,453
4008,$400B_length,48
4008,$4004_duty,2
4008,$4004_const,1
4008,$4004_vol,12
4008,$4006_period,1079
4008,$4008_linear,127
4008,$400A_period,67
4008,$400B_length,48
4008,$400E_period,1
4008,$400E_mode,0
4008,$400C_const,1
4008,$400C_vol,8
4009,$4004_duty,3
4009,$4004_const,1
4009,$4004_vol,11
4009,$4008_linear,0
4009,$400C_const,1
4009,$400C_vol,5
4010,$4004_duty,3
4010,$4004_const,1
4010,$4004_vol,10
4010,$400C_const,1
4010,$400C_vol,0
4011,$4000_duty,3
4011,$4000_const,1
4011,$4000_vol,7
4011,$4004_duty,3
4011,$4004_const,1
4011,$4004_vol,9
4012,$4000_duty,3
4012,$4000_const,1
4012,$4000_vol,5
4012,$4004_duty,3
4012,$4004_const,1
4012,$4004_vol,1
4013,$4000_duty,3
4013,$4000_const,1
4013,$4000_vol,0
4015,$4010_rate,15
4015,$4000_duty,2
4015,$4000_const,1
4015,$4000_vol,2
4015,$4002_period,57
4015,$400B_length,0
4015,$4004_duty,1
4015,$4004_const,1
4015,$4004_vol,2
4015,$4006_period,57
4015,$400A_period,63
4015,$400B_length,0
4015,$400E_period,3
4015,$400E_mode,0
4015,$400C_const,1
4015,$400C_vol,8
4016,$400C_const,1
4016,$400C_vol,5
4017,$4000_duty,2
4017,$4000_const,1
4017,$4000_vol,12
4017,$4002_period,3599
4017,$400B_length,23
4017,$4004_duty,2
4017,$4004_const,1
4017,$4004_vol,12
4017,$4006_period,3599
4017,$4008_linear,127
4017,$400A_period,57
4017,$400B_length,16
4017,$400C_const,1
4017,$400C_vol,0
4018,$4000_duty,2
4018,$4000_const,1
4018,$4000_vol,0
4018,$4002_period,85
4018,$400B_length,0
4018,$4004_duty,2
4018,$4004_const,1
4018,$4004_vol,0
4018,$4006_period,85
4018,$4008_linear,0
4018,$400A_period,95
4018,$400B_length,0
4020,$4000_duty,2
4020,$4000_const,1
4020,$4000_vol,10
4020,$4002_period,101
4020,$400B_length,16
4020,$4004_duty,2
4020,$4004_const,1
4020,$4004_vol,10
4020,$4006_period,101
4020,$4008_linear,127
4020,$400A_period,113
4020,$400B_length,16
4021,$4000_duty,2
4021,$4000_const,1
4021,$4000_vol,0
4021,$4002_period,121
4021,$400B_length,0
4021,$4004_duty,2
4021,$4004_const,1
4021,$4004_vol,0
4021,$4006_period,121
4021,$4008_linear,0
4021,$400A_period,135
4021,$400B_length,0
4022,$4012_addr,243
4022,$4013_len,28
4022,$4010_rate,15
4022,$400C_const,1
4022,$400C_vol,10
4023,$4000_duty,2
4023,$4000_const,1
4023,$4000_vol,8
4023,$4002_period,135
4023,$400B_length,16
4023,$4004_duty,2
4023,$4004_const,1
4023,$4004_vol,8
4023,$4006_period,135
4023,$4008_linear,127
4023,$400A_period,151
4023,$400B_length,16
4023,$400C_const,1
4023,$400C_vol,7
4024,$4000_duty,2
4024,$4000_const,1
4024,$4000_vol,0
4024,$4002_period,161
4024,$400B_length,0
4024,$4004_duty,2
4024,$4004_const,1
4024,$4004_vol,0
4024,$4006_period,161
4024,$4008_linear,0
4024,$400A_period,179
4024,$400B_length,0
4024,$400C_const,1
4024,$400C_vol,0
4026,$4000_duty,2
4026,$4000_const,1
4026,$4000_vol,6
4026,$4002_period,191
4026,$400B_length,16
4026,$4004_duty,2
4026,$4004_const,1
4026,$4004_vol,6
4026,$4006_period,191
4026,$4008_linear,127
4026,$400A_period,213
4026,$400B_length,16
4027,$4000_duty,3
4027,$4000_const,1
4027,$4000_vol,0
4027,$4002_period,453
4027,$400B_length,48
4027,$4004_duty,3
4027,$4004_const,1
4027,$4004_vol,1
4027,$4006_period,2881
4027,$4008_linear,0
4027,$400A_period,113
4027,$400B_length,48
4029,$4012_addr,250
4029,$4013_len,11
4029,$4010_rate,14
4029,$4000_duty,3
4029,$4000_const,1
4029,$4000_vol,10
4029,$4002_period,403
4029,$400B_length,32
4029,$4004_duty,2
4029,$4004_const,1
4029,$4004_vol,10
4029,$4006_period,2881
4029,$4008_linear,127
4029,$400A_period,135
4029,$400B_length,32
4029,$400E_period,2
4029,$400E_mode,0
4029,$400C_const,1
4029,$400C_vol,8
4030,$4004_duty,3
4030,$4004_const,1
4030,$4004_vol,9
4030,$4008_linear,0
4030,$400C_const,1
4030,$400C_vol,5
4031,$4004_duty,3
4031,$4004_const,1
4031,$4004_vol,8
4031,$400C_const,1
4031,$400C_vol,0
4032,$4000_duty,3
4032,$4000_const,1
4032,$4000_vol,7
4032,$4004_duty,3
4032,$4004_const,1
4032,$4004_vol,7
4033,$4000_duty,3
4033,$4000_const,1
4033,$4000_vol,5
4033,$4004_duty,3
4033,$4004_const,1
4033,$4004_vol,6
4034,$4000_duty,3
4034,$4000_const,1
4034,$4000_vol,0
4034,$4004_duty,3
4034,$4004_const,1
4034,$4004_vol,5
4035,$4004_duty,3
4035,$4004_const,1
4035,$4004_vol,4
4036,$4012_addr,243
4036,$4013_len,28
4036,$4010_rate,15
4036,$4000_duty,3
4036,$4000_const,1
4036,$4000_vol,10
4036,$4002_period,321
4036,$400B_length,48
4036,$4004_duty,3
4036,$4004_const,1
4036,$4004_vol,3
4036,$4008_linear,127
4036,$400A_period,67
4036,$400B_length,48
4036,$400E_period,1
4036,$400E_mode,0
4036,$400C_const,1
4036,$400C_vol,8
4037,$4008_linear,0
4037,$400C_const,1
4037,$400C_vol,5
4038,$4004_duty,3
4038,$4004_const,1
4038,$4004_vol,2
4038,$400C_const,1
4038,$400C_vol,0
4039,$4000_duty,3
4039,$4000_const,1
4039,$4000_vol,7
4039,$4004_duty,3
4039,$4004_const,1
4039,$4004_vol,0
4040,$4000_duty,3
4040,$4000_const,1
4040,$4000_vol,5
4041,$4000_duty,3
4041,$4000_const,1
4041,$4000_vol,0
4043,$4012_addr,240
4043,$4013_len,11
4043,$4010_rate,15
4043,$4000_duty,3
4043,$4000_const,1
4043,$4000_vol,10
4043,$4002_period,359
4043,$400B_length,32
4043,$4004_duty,2
4043,$4004_const,1
4043,$4004_vol,10
4043,$4006_period,1079
4043,$4008_linear,127
4043,$400A_period,135
4043,$400B_length,32
4043,$400E_period,3
4043,$400E_mode,0
4043,$400C_const,1
4043,$400C_vol,8
4044,$4004_duty,3
4044,$4004_const,1
4044,$4004_vol,9
4044,$4008_linear,0
4044,$400C_const,1
4044,$400C_vol,5
4045,$4004_duty,3
4045,$4004_const,1
4045,$4004_vol,8
4045,$400C_const,1
4045,$400C_vol,0
4046,$4000_duty,3
4046,$4000_const,1
4046,$4000_vol,7
4046,$4004_duty,3
4046,$4004_const,1
4046,$4004_vol,7
4047,$4000_duty,3
4047,$4000_const,1
4047,$4000_vol,5
4047,$4004_duty,3
4047,$4004_const,1
4047,$4004_vol,0
4048,$4000_duty,3
4048,$4000_const,1
4048,$4000_vol,0
4050,$4012_addr,240
4050,$4013_len,11
4050,$4010_rate,15
4050,$4000_duty,3
4050,$4000_const,1
4050,$4000_vol,10
4050,$4002_period,403
4050,$400B_length,48
4050,$4004_duty,2
4050,$4004_const,1
4050,$4004_vol,15
4050,$4006_period,2157
4050,$4008_linear,127
4050,$400A_period,113
4050,$400B_length,48
4050,$400C_const,1
4050,$400C_vol,10
4051,$4004_duty,3
4051,$4004_const,1
4051,$4004_vol,14
4051,$4008_linear,0
4051,$400C_const,1
4051,$400C_vol,7
4052,$4004_duty,3
4052,$4004_const,1
4052,$4004_vol,13
4052,$400C_const,1
4052,$400C_vol,0
4053,$4000_duty,3
4053,$4000_const,1
4053,$4000_vol,7
4053,$4004_duty,3
4053,$4004_const,1
4053,$4004_vol,12
4054,$4000_duty,3
4054,$4000_const,1
4054,$4000_vol,5
4054,$4004_duty,3
4054,$4004_const,1
4054,$4004_vol,11
4055,$4000_duty,3
4055,$4000_const,1
4055,$4000_vol,0
4055,$4004_duty,3
4055,$4004_const,1
4055,$4004_vol,10
4056,$4004_duty,3
4056,$4004_const,1
4056,$4004_vol,9
4057,$4000_duty,3
4057,$4000_const,1
4057,$4000_vol,10
4057,$4002_period,453
4057,$400B_length,32
4057,$4004_duty,3
4057,$4004_const,1
4057,$4004_vol,8
4057,$4008_linear,127
4057,$400A_period,135
4057,$400B_length,32
4057,$400E_period,2
4057,$400E_mode,0
4057,$400C_const,1
4057,$400C_vol,8
4058,$4008_linear,0
4058,$400C_const,1
4058,$400C_vol,5
4059,$4004_duty,3
4059,$4004_const,1
4059,$4004_vol,7
4059,$400C_const,1
4059,$400C_vol,0
4060,$4000_duty,3
4060,$4000_const,1
4060,$4000_vol,7
4060,$4004_duty,3
4060,$4004_const,1
4060,$4004_vol,4
4061,$4000_duty,3
4061,$4000_const,1
4061,$4000_vol,5
4062,$4000_duty,3
4062,$4000_const,1
4062,$4000_vol,0
4064,$4012_addr,250
4064,$4013_len,11
4064,$4010_rate,15
4064,$4000_duty,3
4064,$4000_const,1
4064,$4000_vol,10
4064,$4002_period,539
4064,$400B_length,49
4064,$4004_duty,2
4064,$4004_const,1
4064,$4004_vol,10
4064,$4006_period,1079
4064,$4008_linear,127
4064,$400A_period,67
4064,$400B_length,48
4064,$400E_period,1
4064,$400E_mode,0
4064,$400C_const,1
4064,$400C_vol,8
4065,$4004_duty,3
4065,$4004_const,1
4065,$4004_vol,9
4065,$4008_linear,0
4065,$400C_const,1
4065,$400C_vol,5
4066,$4004_duty,3
4066,$4004_const,1
4066,$4004_vol,8
4066,$400C_const,1
4066,$400C_vol,0
4067,$4000_duty,3
4067,$4000_const,1
4067,$4000_vol,7
4067,$4004_duty,3
4067,$4004_const,1
4067,$4004_vol,7
4068,$4000_duty,3
4068,$4000_const,1
4068,$4000_vol,5
4068,$4004_duty,3
4068,$4004_const,1
4068,$4004_vol,0
4069,$4000_duty,3
4069,$4000_const,1
4069,$4000_vol,0
4071,$4000_duty,3
4071,$4000_const,1
4071,$4000_vol,10
4071,$4002_period,641
4071,$400B_length,33
4071,$4004_duty,2
4071,$4004_const,1
4071,$4004_vol,10
4071,$4006_period,2157
4071,$4008_linear,127
4071,$400A_period,135
4071,$400B_length,32
4071,$400E_period,3
4071,$400E_mode,0
4071,$400C_const,1
4071,$400C_vol,8
4072,$4004_duty,3
4072,$4004_const,1
4072,$4004_vol,9
4072,$4008_linear,0
4072,$400C_const,1
4072,$400C_vol,5
4073,$4004_duty,1
4073,$4004_const,1
4073,$4004_vol,4
4073,$4006_period,339
4073,$400E_period,6
4073,$400E_mode,0
4073,$400C_const,1
4073,$400C_vol,2
4074,$4000_duty,3
4074,$4000_const,1
4074,$4000_vol,7
4075,$4000_duty,3
4075,$4000_const,1
4075,$4000_vol,5
4076,$4000_duty,3
4076,$4000_const,1
4076,$4000_vol,0
4078,$4012_addr,243
4078,$4013_len,28
4078,$4010_rate,15
4078,$4008_linear,127
4078,$400A_period,113
4078,$400B_length,48
4079,$4004_duty,1
4079,$4004_const,1
4079,$4004_vol,5
4079,$4008_linear,0
4081,$400E_period,5
4081,$400E_mode,0
4081,$400C_const,1
4081,$400C_vol,4
4085,$4000_duty,0
4085,$4000_const,1
4085,$4000_vol,13
4085,$4002_period,807
4085,$400B_length,49
4085,$4008_linear,127
4085,$400A_period,101
4085,$400B_length,32
4086,$4008_linear,0
4087,$4000_duty,0
4087,$4000_const,1
4087,$4000_vol,11
4087,$4004_duty,1
4087,$4004_const,1
4087,$4004_vol,6
4089,$400E_period,4
4089,$400E_mode,0
4089,$400C_const,1
4089,$400C_vol,6
4090,$4000_duty,0
4090,$4000_const,1
4090,$4000_vol,2
4092,$4012_addr,250
4092,$4013_len,11
4092,$4010_rate,14
4092,$4000_duty,0
4092,$4000_const,1
4092,$4000_vol,13
4092,$4002_period,907
4092,$400B_length,33
4092,$4008_linear,127
4092,$400A_period,113
4092,$400B_length,48
4093,$4008_linear,0
4094,$4000_duty,0
4094,$4000_const,1
4094,$4000_vol,11
4095,$4004_duty,1
4095,$4004_const,1
4095,$4004_vol,7
4096,$4004_duty,3
4096,$4004_const,1
4096,$4004_vol,15
4096,$4006_period,763
4096,$400E_period,1
4096,$400E_mode,0
4096,$400C_const,1
4096,$400C_vol,0
4097,$4000_duty,0
4097,$4000_const,1
4097,$4000_vol,2
4097,$4006_period,1079
4098,$4006_period,1441
4099,$4010_rate,14
4099,$4000_duty,0
4099,$4000_const,1
4099,$4000_vol,13
4099,$4002_period,1079
4099,$400B_length,50
4099,$4004_duty,3
4099,$4004_const,1
4099,$4004_vol,6
4099,$4006_period,481
4099,$4008_linear,127
4099,$400A_period,135
4099,$400B_length,32
4099,$400E_period,3
4099,$400E_mode,0
4099,$400C_const,1
4099,$400C_vol,8
4100,$4006_period,453
4100,$4008_linear,0
4100,$400C_const,1
4100,$400C_vol,5
4101,$4000_duty,0
4101,$4000_const,1
4101,$4000_vol,11
4101,$4006_period,403
4101,$400C_const,1
4101,$400C_vol,0
4102,$4004_duty,3
4102,$4004_const,1
4102,$4004_vol,11
4102,$4006_period,2157
4103,$4004_duty,3
4103,$4004_const,1
4103,$4004_vol,3
4104,$4000_duty,0
4104,$4000_const,1
4104,$4000_vol,2
4106,$4012_addr,243
4106,$4013_len,28
4106,$4010_rate,15
4106,$4000_duty,0
4106,$4000_const,1
4106,$4000_vol,13
4106,$4002_period,1281
4106,$400B_length,34
4106,$4004_duty,2
4106,$4004_const,1
4106,$4004_vol,14
4106,$4006_period,2571
4106,$4008_linear,127
4106,$400A_period,161
4106,$400B_length,48
4106,$400E_period,2
4106,$400E_mode,0
4106,$400C_const,1
4106,$400C_vol,14
4107,$4004_duty,3
4107,$4004_const,1
4107,$4004_vol,13
4107,$4008_linear,0
4107,$400C_const,1
4107,$400C_vol,11
4108,$4000_duty,0
4108,$4000_const,1
4108,$4000_vol,11
4108,$4004_duty,3
4108,$4004_const,1
4108,$4004_vol,12
4108,$400C_const,1
4108,$400C_vol,3
4109,$4004_duty,3
4109,$4004_const,1
4109,$4004_vol,11
4110,$4004_duty,3
4110,$4004_const,1
4110,$4004_vol,3
4111,$4000_duty,0
4111,$4000_const,1
4111,$4000_vol,2
4113,$4012_addr,240
4113,$4013_len,11
4113,$4010_rate,15
4113,$4004_duty,2
4113,$4004_const,1
4113,$4004_vol,15
4113,$4006_period,3237
4113,$4008_linear,127
4113,$400A_period,201
4113,$400B_length,32
4113,$400E_period,1
4113,$400E_mode,0
4113,$400C_const,1
4113,$400C_vol,2
4114,$4004_duty,3
4114,$4004_const,1
4114,$4004_vol,14
4114,$4008_linear,0
4114,$400C_const,1
4114,$400C_vol,0
4115,$4000_duty,1
4115,$4000_const,1
4115,$4000_vol,15
4115,$4002_period,427
4115,$400B_length,16
4115,$4004_duty,3
4115,$4004_const,1
4115,$4004_vol,15
4115,$4006_period,539
4115,$400A_period,113
4115,$400B_length,16
4115,$400E_period,11
4115,$400E_mode,0
4115,$400C_const,1
4115,$400C_vol,15
4116,$4006_period,1713
4116,$400E_period,14
4116,$400E_mode,0
4117,$4002_period,571
4117,$400B_length,1
4117,$4006_period,1143
4117,$400A_period,213
4117,$400B_length,0
4117,$400E_period,11
4117,$400E_mode,0
4117,$400C_const,1
4117,$400C_vol,7
4118,$4006_period,1713
4118,$400E_period,14
4118,$400E_mode,0
4119,$4002_period,1019
4119,$400B_length,17
4119,$4006_period,571
4119,$400A_period,381
4119,$400B_length,16
4119,$400C_const,1
4119,$400C_vol,0
4120,$4004_duty,2
4120,$4004_const,1
4120,$4004_vol,15
4120,$4006_period,1359
4121,$4002_period,679
4121,$400B_length,1
4121,$4006_period,1713
4122,$4000_duty,1
4122,$4000_const,1
4122,$4000_vol,4
4122,$4006_period,4095
4123,$4004_duty,2
4123,$4004_const,1
4123,$4004_vol,4
4124,$4000_duty,1
4124,$4000_const,1
4124,$4000_vol,15
4124,$4002_period,1019
4124,$400B_length,17
4124,$4004_duty,2
4124,$4004_const,1
4124,$4004_vol,15
4124,$4006_period,4095
4125,$4000_duty,1
4125,$4000_const,1
4125,$4000_vol,4
4125,$4004_duty,2
4125,$4004_const,1
4125,$4004_vol,4
4126,$4004_duty,2
4126,$4004_const,1
4126,$4004_vol,15
4126,$4006_period,4095
4127,$4010_rate,15
4127,$4000_duty,1
4127,$4000_const,1
4127,$4000_vol,15
4127,$4002_period,763
4127,$400B_length,1
4127,$4004_duty,2
4127,$4004_const,1
4127,$4004_vol,4
4128,$4000_duty,1
4128,$4000_const,1
4128,$4000_vol,4
4128,$4004_duty,2
4128,$4004_const,1
4128,$4004_vol,15
4128,$4006_period,4095
4129,$4004_duty,2
4129,$4004_const,1
4129,$4004_vol,4
4129,$400E_period,13
4129,$400E_mode,0
4129,$400C_const,1
4129,$400C_vol,10
4130,$4000_duty,1
4130,$4000_const,1
4130,$4000_vol,13
4130,$4002_period,719
4130,$400B_length,17
4130,$4004_duty,2
4130,$4004_const,1
4130,$4004_vol,15
4130,$4006_period,4095
4131,$4000_duty,1
4131,$4000_const,1
4131,$4000_vol,2
4131,$4004_duty,2
4131,$4004_const,1
4131,$4004_vol,4
4132,$4004_duty,2
4132,$4004_const,1
4132,$4004_vol,15
4132,$4006_period,4095
4133,$4002_period,1921
4133,$400B_length,3
4133,$4004_duty,2
4133,$4004_const,1
4133,$4004_vol,4
4134,$4010_rate,15
4134,$4004_duty,2
4134,$4004_const,1
4134,$4004_vol,15
4134,$4006_period,2289
4135,$4000_duty,3
4135,$4000_const,1
4135,$4000_vol,15
4135,$4002_period,4095
4135,$400B_length,23
4135,$4006_period,2515
4136,$4000_duty,3
4136,$4000_const,1
4136,$4000_vol,12
4136,$4006_period,2581
4136,$4008_linear,127
4136,$400A_period,227
4136,$400B_length,0
4137,$4000_duty,3
4137,$4000_const,1
4137,$4000_vol,4
4137,$4008_linear,0
4137,$400C_const,1
4137,$400C_vol,0
4139,$4000_duty,3
4139,$4000_const,1
4139,$4000_vol,15
4139,$4002_period,1143
4139,$400B_length,2
4139,$4004_duty,2
4139,$4004_const,1
4139,$4004_vol,13
4139,$4006_period,1019
4139,$400A_period,151
4139,$400B_length,16
4139,$400E_period,9
4139,$400E_mode,0
4139,$400C_const,1
4139,$400C_vol,5
4140,$4002_period,807
4140,$400B_length,17
4140,$4006_period,855
4140,$400E_period,8
4140,$400E_mode,0
4140,$400C_const,1
4140,$400C_vol,4
4141,$4012_addr,253
4141,$4013_len,10
4141,$4010_rate,15
4141,$4002_period,679
4141,$400B_length,1
4141,$4006_period,605
4141,$4008_linear,127
4141,$400A_period,127
4141,$400B_length,0
4141,$400E_period,7
4141,$400E_mode,0
4141,$400C_const,1
4141,$400C_vol,3
4142,$4002_period,539
4142,$400B_length,17
4142,$4006_period,381
4142,$4008_linear,0
4142,$400E_period,6
4142,$400E_mode,0
4142,$400C_const,1
4142,$400C_vol,2
4143,$4002_period,453
4143,$400B_length,0
4143,$4006_period,321
4143,$400E_period,5
4143,$400E_mode,0
4143,$400C_const,1
4143,$400C_vol,1
4144,$4002_period,403
4144,$400B_length,16
4144,$4006_period,191
4144,$400A_period,95
4144,$400B_length,16
4144,$400E_period,4
4144,$400E_mode,0
4144,$400C_const,1
4144,$400C_vol,0
4145,$4002_period,339
4145,$400B_length,0
4145,$4004_duty,2
4145,$4004_const,1
4145,$4004_vol,5
4145,$4006_period,195
4145,$400E_period,3
4145,$400E_mode,0
4146,$4000_duty,2
4146,$4000_const,1
4146,$4000_vol,7
4146,$4002_period,329
4146,$400B_length,16
4146,$4008_linear,127
4146,$400A_period,89
4146,$400B_length,0
4146,$400E_period,2
4146,$400E_mode,0
4147,$4008_linear,0
4147,$400E_period,1
4147,$400E_mode,0
4148,$4012_addr,243
4148,$4013_len,28
4148,$4010_rate,15
4153,$4004_duty,2
4153,$4004_const,1
4153,$4004_vol,1
4154,$4000_duty,2
4154,$4000_const,1
4154,$4000_vol,4
4155,$4012_addr,253
4155,$4013_len,10
4155,$4010_rate,14
4158,$4000_duty,2
4158,$4000_const,1
4158,$4000_vol,0
4158,$4004_duty,2
4158,$4004_const,1
4158,$4004_vol,0
4160,$4004_duty,2
4160,$4004_const,1
4160,$4004_vol,1
4160,$4006_period,195
4162,$4012_addr,240
4162,$4013_len,11
4162,$4010_rate,15
4162,$4000_duty,2
4162,$4000_const,1
4162,$4000_vol,4
4162,$4002_period,329
4162,$400B_length,0
4170,$4000_duty,2
4170,$4000_const,1
4170,$4000_vol,1
4173,$4004_duty,2
4173,$4004_const,1
4173,$4004_vol,0
4174,$4000_duty,2
4174,$4000_const,1
4174,$4000_vol,0
4176,$4012_addr,250
4176,$4013_len,11
4176,$4010_rate,15
4178,$4000_duty,3
4178,$4000_const,1
4178,$4000_vol,9
4178,$4002_period,481
4178,$400B_length,48
4178,$4004_duty,3
4178,$4004_const,1
4178,$4004_vol,8
4178,$4006_period,1211
4178,$400A_period,75
4178,$400B_length,48
4178,$400C_const,1
4178,$400C_vol,0
4179,$4000_duty,3
4179,$4000_const,1
4179,$4000_vol,0
4179,$4004_duty,3
4179,$4004_const,1
4179,$4004_vol,7
4180,$4004_duty,3
4180,$4004_const,1
4180,$4004_vol,0
4181,$4000_duty,3
4181,$4000_const,1
4181,$4000_vol,7
4181,$4002_period,481
4181,$400B_length,32
4183,$4004_duty,2
4183,$4004_const,1
4183,$4004_vol,12
4183,$4006_period,3237
4183,$4008_linear,127
4183,$400A_period,151
4183,$400B_length,32
4183,$400E_period,3
4183,$400E_mode,0
4183,$400C_const,1
4183,$400C_vol,8
4184,$4000_duty,3
4184,$4000_const,1
4184,$4000_vol,0
4184,$4004_duty,3
4184,$4004_const,1
4184,$4004_vol,11
4184,$4008_linear,0
4184,$400C_const,1
4184,$400C_vol,5
4185,$4004_duty,3
4185,$4004_const,1
4185,$4004_vol,10
4185,$400C_const,1
4185,$400C_vol,0
4186,$4000_duty,3
4186,$4000_const,1
4186,$4000_vol,5
4186,$4002_period,481
4186,$400B_length,48
4186,$4004_duty,3
4186,$4004_const,1
4186,$4004_vol,9
4187,$4004_duty,3
4187,$4004_const,1
4187,$4004_vol,8
4188,$4004_duty,3
4188,$4004_const,1
4188,$4004_vol,7
4189,$4000_duty,3
4189,$4000_const,1
4189,$4000_vol,0
4189,$4004_duty,3
4189,$4004_const,1
4189,$4004_vol,6
4190,$4012_addr,243
4190,$4013_len,28
4190,$4010_rate,15
4190,$4004_duty,3
4190,$4004_const,1
4190,$4004_vol,5
4190,$4008_linear,127
4190,$400A_period,121
4190,$400B_length,48
4190,$400C_const,1
4190,$400C_vol,10
4191,$4000_duty,3
4191,$4000_const,1
4191,$4000_vol,3
4191,$4002_period,481
4191,$400B_length,32
4191,$4008_linear,0
4191,$400C_const,1
4191,$400C_vol,7
4192,$4004_duty,3
4192,$4004_const,1
4192,$4004_vol,4
4192,$400C_const,1
4192,$400C_vol,0
4193,$4004_duty,3
4193,$4004_const,1
4193,$4004_vol,1
4194,$4000_duty,3
4194,$4000_const,1
4194,$4000_vol,0
4196,$4000_duty,3
4196,$4000_const,1
4196,$4000_vol,1
4196,$4002_period,481
4196,$400B_length,48
4197,$4004_duty,2
4197,$4004_const,1
4197,$4004_vol,12
4197,$4006_period,3237
4197,$4008_linear,127
4197,$400A_period,151
4197,$400B_length,32
4197,$400E_period,2
4197,$400E_mode,0
4197,$400C_const,1
4197,$400C_vol,8
4198,$4004_duty,3
4198,$4004_const,1
4198,$4004_vol,11
4198,$4008_linear,0
4198,$400C_const,1
4198,$400C_vol,5
4199,$4000_duty,3
4199,$4000_const,1
4199,$4000_vol,0
4199,$4004_duty,3
4199,$4004_const,1
4199,$4004_vol,10
4199,$400C_const,1
4199,$400C_vol,0
4200,$4004_duty,3
4200,$4004_const,1
4200,$4004_vol,9
4201,$4004_duty,3
4201,$4004_const,1
4201,$4004_vol,8
4202,$4004_duty,3
4202,$4004_const,1
4202,$4004_vol,7
4203,$4004_duty,3
4203,$4004_const,1
4203,$4004_vol,6
4204,$4012_addr,250
4204,$4013_len,11
4204,$4010_rate,14
4204,$4000_duty,3
4204,$4000_const,1
4204,$4000_vol,10
4204,$4002_period,453
4204,$400B_length,32
4204,$4004_duty,3
4204,$4004_const,1
4204,$4004_vol,5
4204,$4008_linear,127
4204,$400A_period,75
4204,$400B_length,48
4204,$400E_period,1
4204,$400E_mode,0
4204,$400C_const,1
4204,$400C_vol,8
4205,$4008_linear,0
4205,$400C_const,1
4205,$400C_vol,5
4206,$4004_duty,3
4206,$4004_const,1
4206,$4004_vol,4
4206,$400C_const,1
4206,$400C_vol,0
4207,$4000_duty,3
4207,$4000_const,1
4207,$4000_vol,7
4207,$4004_duty,3
4207,$4004_const,1
4207,$4004_vol,1
4208,$4000_duty,3
4208,$4000_const,1
4208,$4000_vol,5
4209,$4000_duty,3
4209,$4000_const,1
4209,$4000_vol,0
4211,$4010_rate,14
4211,$4000_duty,3
4211,$4000_const,1
4211,$4000_vol,10
4211,$4002_period,427
4211,$400B_length,48
4211,$4004_duty,2
4211,$4004_const,1
4211,$4004_vol,11
4211,$4006_period,1211
4211,$4008_linear,127
4211,$400A_period,151
4211,$400B_length,32
4211,$400E_period,3
4211,$400E_mode,0
4211,$400C_const,1
4211,$400C_vol,8
4212,$4004_duty,3
4212,$4004_const,1
4212,$4004_vol,10
4212,$4008_linear,0
4212,$400C_const,1
4212,$400C_vol,5
4213,$4004_duty,3
4213,$4004_const,1
4213,$4004_vol,9
4213,$400C_const,1
4213,$400C_vol,0
4214,$4000_duty,3
4214,$4000_const,1
4214,$4000_vol,7
4214,$4004_duty,3
4214,$4004_const,1
4214,$4004_vol,8
4215,$4000_duty,3
4215,$4000_const,1
4215,$4000_vol,5
4215,$4004_duty,3
4215,$4004_const,1
4215,$4004_vol,0
4216,$4000_duty,3
4216,$4000_const,1
4216,$4000_vol,0
4218,$4012_addr,240
4218,$4013_len,11
4218,$4010_rate,15
4218,$4000_duty,3
4218,$4000_const,1
4218,$4000_vol,10
4218,$4002_period,403
4218,$400B_length,32
4218,$4004_duty,2
4218,$4004_const,1
4218,$4004_vol,0
4218,$4006_period,53
4218,$4008_linear,127
4218,$400A_period,121
4218,$400B_length,48
4218,$400E_period,12
4218,$400E_mode,0
4218,$400C_const,1
4218,$400C_vol,13
4219,$4008_linear,0
4219,$400E_period,7
4219,$400E_mode,0
4220,$4004_duty,2
4220,$4004_const,1
4220,$4004_vol,2
4220,$4006_period,57
4220,$400E_period,4
4220,$400E_mode,0
4220,$400C_const,1
4220,$400C_vol,15
4221,$4000_duty,3
4221,$4000_const,1
4221,$4000_vol,7
4221,$400E_period,0
4221,$400E_mode,0
4222,$4000_duty,3
4222,$4000_const,1
4222,$4000_vol,5
4222,$4004_duty,2
4222,$4004_const,1
4222,$4004_vol,1
4223,$4000_duty,3
4223,$4000_const,1
4223,$4000_vol,0
4223,$400E_period,2
4223,$400E_mode,0
4224,$4004_duty,2
4224,$4004_const,1
4224,$4004_vol,0
4224,$400E_period,4
4224,$400E_mode,0
4224,$400C_const,1
4224,$400C_vol,11
4225,$4000_duty,3
4225,$4000_const,1
4225,$4000_vol,10
4225,$4002_period,359
4225,$400B_length,48
4225,$4008_linear,127
4225,$400A_period,151
4225,$400B_length,32
4225,$400E_period,6
4225,$400E_mode,0
4226,$4008_linear,0
4226,$400E_period,9
4226,$400E_mode,0
4226,$400C_const,1
4226,$400C_vol,7
4227,$4004_duty,3
4227,$4004_const,1
4227,$4004_vol,7
4227,$4006_period,2427
4227,$400E_period,2
4227,$400E_mode,0
4227,$400C_const,1
4227,$400C_vol,0
4228,$4000_duty,3
4228,$4000_const,1
4228,$4000_vol,7
4228,$4004_duty,3
4228,$4004_const,1
4228,$4004_vol,4
4229,$4000_duty,3
4229,$4000_const,1
4229,$4000_vol,5
4230,$4000_duty,3
4230,$4000_const,1
4230,$4000_vol,0
4232,$4012_addr,250
4232,$4013_len,11
4232,$4010_rate,15
4232,$4000_duty,3
4232,$4000_const,1
4232,$4000_vol,10
4232,$4002_period,403
4232,$400B_length,32
4232,$4004_duty,2
4232,$4004_const,1
4232,$4004_vol,10
4232,$4006_period,1211
4232,$4008_linear,127
4232,$400A_period,75
4232,$400B_length,48
4232,$400E_period,1
4232,$400E_mode,0
4232,$400C_const,1
4232,$400C_vol,8
4233,$4004_duty,3
4233,$4004_const,1
4233,$4004_vol,9
4233,$4008_linear,0
4233,$400C_const,1
4233,$400C_vol,5
4234,$4004_duty,3
4234,$4004_const,1
4234,$4004_vol,8
4234,$400C_const,1
4234,$400C_vol,0
4235,$4000_duty,3
4235,$4000_const,1
4235,$4000_vol,7
4235,$4004_duty,3
4235,$4004_const,1
4235,$4004_vol,7
4236,$4000_duty,3
4236,$4000_const,1
4236,$4000_vol,5
4236,$4004_duty,3
4236,$4004_const,1
4236,$4004_vol,0
4237,$4000_duty,3
4237,$4000_const,1
4237,$4000_vol,0
4239,$4012_addr,240
4239,$4013_len,11
4239,$4010_rate,15
4239,$4000_duty,3
4239,$4000_const,1
4239,$4000_vol,10
4239,$4002_period,359
4239,$400B_length,48
4239,$4004_duty,2
4239,$4004_const,1
4239,$4004_vol,12
4239,$4006_period,3237
4239,$4008_linear,127
4239,$400A_period,151
4239,$400B_length,32
4239,$400E_period,3
4239,$400E_mode,0
4239,$400C_const,1
4239,$400C_vol,8
4240,$4004_duty,3
4240,$4004_const,1
4240,$4004_vol,11
4240,$4008_linear,0
4240,$400C_const,1
4240,$400C_vol,5
4241,$4004_duty,3
4241,$4004_const,1
4241,$4004_vol,10
4241,$400C_const,1
4241,$400C_vol,0
4242,$4000_duty,3
4242,$4000_const,1
4242,$4000_vol,7
4242,$4004_duty,3
4242,$4004_const,1
4242,$4004_vol,9
4243,$4000_duty,3
4243,$4000_const,1
4243,$4000_vol,5
4243,$4004_duty,3
4243,$4004_const,1
4243,$4004_vol,8
4244,$4000_duty,3
4244,$4000_const,1
4244,$4000_vol,0
4244,$4004_duty,3
4244,$4004_const,1
4244,$4004_vol,7
4245,$4004_duty,3
4245,$4004_const,1
4245,$4004_vol,6
4246,$4012_addr,243
4246,$4013_len,28
4246,$4010_rate,15
4246,$4000_duty,3
4246,$4000_const,1
4246,$4000_vol,10
4246,$4002_period,403
4246,$400B_length,32
4246,$4004_duty,2
4246,$4004_const,1
4246,$4004_vol,0
4246,$4006_period,57
4246,$4008_linear,127
4246,$400A_period,121
4246,$400B_length,48
4246,$400E_period,12
4246,$400E_mode,0
4246,$400C_const,1
4246,$400C_vol,13
4247,$4008_linear,0
4247,$400E_period,7
4247,$400E_mode,0
4248,$4004_duty,2
4248,$4004_const,1
4248,$4004_vol,2
4248,$4006_period,57
4248,$400E_period,4
4248,$400E_mode,0
4248,$400C_const,1
4248,$400C_vol,15
4249,$4000_duty,3
4249,$4000_const,1
4249,$4000_vol,7
4249,$400E_period,0
4249,$400E_mode,0
4250,$4000_duty,3
4250,$4000_const,1
4250,$4000_vol,5
4250,$4004_duty,2
4250,$4004_const,1
4250,$4004_vol,1
4251,$4000_duty,3
4251,$4000_const,1
4251,$4000_vol,0
4251,$400E_period,2
4251,$400E_mode,0
4252,$4004_duty,2
4252,$4004_const,1
4252,$4004_vol,0
4252,$400E_period,4
4252,$400E_mode,0
4252,$400C_const,1
4252,$400C_vol,11
4253,$4000_duty,3
4253,$4000_const,1
4253,$4000_vol,10
4253,$4002_period,481
4253,$400B_length,48
4253,$4008_linear,127
4253,$400A_period,151
4253,$400B_length,32
4253,$400E_period,6
4253,$400E_mode,0
4254,$4008_linear,0
4254,$400E_period,9
4254,$400E_mode,0
4254,$400C_const,1
4254,$400C_vol,7
4255,$4004_duty,3
4255,$4004_const,1
4255,$4004_vol,10
4255,$4006_period,3237
4255,$400E_period,2
4255,$400E_mode,0
4255,$400C_const,1
4255,$400C_vol,0
4256,$4000_duty,3
4256,$4000_const,1
4256,$4000_vol,7
4256,$4004_duty,3
4256,$4004_const,1
4256,$4004_vol,9
4257,$4000_duty,3
4257,$4000_const,1
4257,$4000_vol,5
4257,$4004_duty,3
4257,$4004_const,1
4257,$4004_vol,8
4258,$4000_duty,3
4258,$4000_const,1
4258,$4000_vol,0
4258,$4004_duty,3
4258,$4004_const,1
4258,$4004_vol,7
4259,$4004_duty,3
4259,$4004_const,1
4259,$4004_vol,6
4260,$4012_addr,250
4260,$4013_len,11
4260,$4010_rate,14
4260,$4000_duty,3
4260,$4000_const,1
4260,$4000_vol,10
4260,$4002_period,605
4260,$400B_length,33
4260,$4004_duty,3
4260,$4004_const,1
4260,$4004_vol,5
4260,$4008_linear,127
4260,$400A_period,75
4260,$400B_length,48
4260,$400E_period,1
4260,$400E_mode,0
4260,$400C_const,1
4260,$400C_vol,8
4261,$4008_linear,0
4261,$400C_const,1
4261,$400C_vol,5
4262,$4004_duty,3
4262,$4004_const,1
4262,$4004_vol,4
4262,$400C_const,1
4262,$400C_vol,0
4263,$4000_duty,3
4263,$4000_const,1
4263,$4000_vol,7
4263,$4004_duty,3
4263,$4004_const,1
4263,$4004_vol,1
4264,$4000_duty,3
4264,$4000_const,1
4264,$4000_vol,5
4265,$4000_duty,3
4265,$4000_const,1
4265,$4000_vol,0
4267,$4012_addr,240
4267,$4013_len,11
4267,$4010_rate,15
4267,$4000_duty,3
4267,$4000_const,1
4267,$4000_vol,10
4267,$4002_period,807
4267,$400B_length,49
4267,$4004_duty,2
4267,$4004_const,1
4267,$4004_vol,11
4267,$4006_period,1211
4267,$4008_linear,127
4267,$400A_period,151
4267,$400B_length,32
4267,$400E_period,3
4267,$400E_mode,0
4267,$400C_const,1
4267,$400C_vol,8
4268,$4004_duty,3
4268,$4004_const,1
4268,$4004_vol,10
4268,$4008_linear,0
4268,$400C_const,1
4268,$400C_vol,5
4269,$4004_duty,3
4269,$4004_const,1
4269,$4004_vol,9
4269,$400C_const,1
4269,$400C_vol,0
4270,$4000_duty,3
4270,$4000_const,1
4270,$4000_vol,7
4270,$4004_duty,3
4270,$4004_const,1
4270,$4004_vol,8
4271,$4000_duty,3
4271,$4000_const,1
4271,$4000_vol,5
4271,$4004_duty,3
4271,$4004_const,1
4271,$4004_vol,0
4272,$4000_duty,3
4272,$4000_const,1
4272,$4000_vol,0
4274,$4012_addr,240
4274,$4013_len,11
4274,$4010_rate,15
4274,$4000_duty,3
4274,$4000_const,1
4274,$4000_vol,10
4274,$4002_period,481
4274,$400B_length,32
4274,$4004_duty,2
4274,$4004_const,1
4274,$4004_vol,15
4274,$4006_period,2427
4274,$4008_linear,127
4274,$400A_period,121
4274,$400B_length,48
4274,$400C_const,1
4274,$400C_vol,10
4275,$4004_duty,3
4275,$4004_const,1
4275,$4004_vol,14
4275,$4008_linear,0
4275,$400C_const,1
4275,$400C_vol,7
4276,$4004_duty,3
4276,$4004_const,1
4276,$4004_vol,13
4276,$400C_const,1
4276,$400C_vol,0
4277,$4000_duty,3
4277,$4000_const,1
4277,$4000_vol,7
4277,$4004_duty,3
4277,$4004_const,1
4277,$4004_vol,12
4278,$4000_duty,3
4278,$4000_const,1
4278,$4000_vol,5
4278,$4004_duty,3
4278,$4004_const,1
4278,$4004_vol,11
4279,$4000_duty,3
4279,$4000_const,1
4279,$4000_vol,0
4279,$4004_duty,3
4279,$4004_const,1
4279,$4004_vol,10
4280,$4004_duty,3
4280,$4004_const,1
4280,$4004_vol,9
4281,$4000_duty,3
4281,$4000_const,1
4281,$4000_vol,10
4281,$4002_period,453
4281,$400B_length,48
4281,$4004_duty,3
4281,$4004_const,1
4281,$4004_vol,8
4281,$4008_linear,127
4281,$400A_period,151
4281,$400B_length,32
4281,$400E_period,2
4281,$400E_mode,0
4281,$400C_const,1
4281,$400C_vol,8
4282,$4008_linear,0
4282,$400C_const,1
4282,$400C_vol,5
4283,$4004_duty,3
4283,$4004_const,1
4283,$4004_vol,7
4283,$400C_const,1
4283,$400C_vol,0
4284,$4000_duty,3
4284,$4000_const,1
4284,$4000_vol,7
4284,$4004_duty,2
4284,$4004_const,1
4284,$4004_vol,6
4284,$4006_period,197
4285,$4000_duty,3
4285,$4000_const,1
4285,$4000_vol,5
4285,$4004_duty,2
4285,$4004_const,1
4285,$4004_vol,9
4286,$4000_duty,3
4286,$4000_const,1
4286,$4000_vol,0
4286,$4004_duty,2
4286,$4004_const,1
4286,$4004_vol,12
4287,$4004_duty,2
4287,$4004_const,1
4287,$4004_vol,9
4288,$4012_addr,250
4288,$4013_len,11
4288,$4010_rate,15
4288,$4000_duty,3
4288,$4000_const,1
4288,$4000_vol,10
4288,$4002_period,427
4288,$400B_length,32
4288,$4004_duty,2
4288,$4004_const,1
4288,$4004_vol,4
4288,$4008_linear,127
4288,$400A_period,75
4288,$400B_length,48
4288,$400E_period,1
4288,$400E_mode,0
4288,$400C_const,1
4288,$400C_vol,8
4289,$4004_duty,3
4289,$4004_const,1
4289,$4004_vol,9
4289,$4006_period,1211
4289,$4008_linear,0
4289,$400C_const,1
4289,$400C_vol,5
4290,$4004_duty,3
4290,$4004_const,1
4290,$4004_vol,8
4290,$400C_const,1
4290,$400C_vol,0
4291,$4000_duty,3
4291,$4000_const,1
4291,$4000_vol,7
4291,$4004_duty,3
4291,$4004_const,1
4291,$4004_vol,7
4291,$400E_period,11
4291,$400E_mode,0
4291,$400C_const,1
4291,$400C_vol,6
4292,$4000_duty,3
4292,$4000_const,1
4292,$4000_vol,5
4292,$4004_duty,3
4292,$4004_const,1
4292,$4004_vol,0
4292,$400E_period,8
4292,$400E_mode,0
4292,$400C_const,1
4292,$400C_vol,9
4293,$4000_duty,3
4293,$4000_const,1
4293,$4000_vol,0
4293,$400E_period,6
4293,$400E_mode,0
4293,$400C_const,1
4293,$400C_vol,15
4294,$400E_period,4
4294,$400E_mode,0
4294,$400C_const,1
4294,$400C_vol,12
4295,$4000_duty,3
4295,$4000_const,1
4295,$4000_vol,10
4295,$4002_period,403
4295,$400B_length,48
4295,$4004_duty,2
4295,$4004_const,1
4295,$4004_vol,12
4295,$4006_period,3237
4295,$4008_linear,127
4295,$400A_period,151
4295,$400B_length,32
4295,$400E_period,1
4295,$400E_mode,0
4295,$400C_const,1
4295,$400C_vol,15
4296,$4004_duty,3
4296,$4004_const,1
4296,$4004_vol,11
4296,$4008_linear,0
4296,$400E_period,0
4296,$400E_mode,0
4297,$4004_duty,3
4297,$4004_const,1
4297,$4004_vol,10
4297,$400E_period,3
4297,$400E_mode,0
4297,$400C_const,1
4297,$400C_vol,12
4298,$4000_duty,3
4298,$4000_const,1
4298,$4000_vol,7
4298,$4004_duty,3
4298,$4004_const,1
4298,$4004_vol,9
4298,$400E_period,6
4298,$400E_mode,0
4299,$4000_duty,3
4299,$4000_const,1
4299,$4000_vol,5
4299,$4004_duty,3
4299,$4004_const,1
4299,$4004_vol,8
4299,$400E_period,10
4299,$400E_mode,0
4299,$400C_const,1
4299,$400C_vol,9
4300,$4000_duty,3
4300,$4000_const,1
4300,$4000_vol,0
4300,$4004_duty,3
4300,$4004_const,1
4300,$4004_vol,7
4300,$400E_period,4
4300,$400E_mode,0
4301,$4004_duty,3
4301,$4004_const,1
4301,$4004_vol,6
4301,$400E_period,1
4301,$400E_mode,0
4301,$400C_const,1
4301,$400C_vol,12
4302,$4012_addr,243
4302,$4013_len,28
4302,$4010_rate,15
4302,$4004_duty,3
4302,$4004_const,1
4302,$4004_vol,5
4302,$4008_linear,127
4302,$400A_period,121
4302,$400B_length,48
4302,$400E_period,0
4302,$400E_mode,0
4303,$4008_linear,0
4303,$400E_period,3
4303,$400E_mode,0
4303,$400C_const,1
4303,$400C_vol,9
4304,$4004_duty,3
4304,$4004_const,1
4304,$4004_vol,4
4304,$400E_period,6
4304,$400E_mode,0
4305,$4004_duty,3
4305,$4004_const,1
4305,$4004_vol,1
4305,$400E_period,10
4305,$400E_mode,0
4305,$400C_const,1
4305,$400C_vol,6
4306,$400E_period,4
4306,$400E_mode,0
4307,$400E_period,1
4307,$400E_mode,0
4307,$400C_const,1
4307,$400C_vol,9
4308,$400E_period,0
4308,$400E_mode,0
4309,$4000_duty,0
4309,$4000_const,1
4309,$4000_vol,7
4309,$4002_period,89
4309,$400B_length,32
4309,$4004_duty,2
4309,$4004_const,1
4309,$4004_vol,12
4309,$4006_period,3237
4309,$4008_linear,127
4309,$400A_period,151
4309,$400B_length,32
4309,$400E_period,3
4309,$400E_mode,0
4309,$400C_const,1
4309,$400C_vol,6
4310,$4004_duty,3
4310,$4004_const,1
4310,$4004_vol,11
4310,$4008_linear,0
4310,$400E_period,6
4310,$400E_mode,0
4311,$4000_duty,0
4311,$4000_const,1
4311,$4000_vol,5
4311,$4004_duty,3
4311,$4004_const,1
4311,$4004_vol,10
4311,$400E_period,10
4311,$400E_mode,0
4311,$400C_const,1
4311,$400C_vol,3
4312,$4004_duty,3
4312,$4004_const,1
4312,$4004_vol,9
4312,$400E_period,12
4312,$400E_mode,0
4312,$400C_const,1
4312,$400C_vol,2
4313,$4000_duty,0
4313,$4000_const,1
4313,$4000_vol,0
4313,$4004_duty,3
4313,$4004_const,1
4313,$4004_vol,8
4313,$400E_period,2
4313,$400E_mode,0
4313,$400C_const,1
4313,$400C_vol,0
4314,$4004_duty,3
4314,$4004_const,1
4314,$4004_vol,7
4315,$4004_duty,3
4315,$4004_const,1
4315,$4004_vol,6
4316,$4012_addr,250
4316,$4013_len,11
4316,$4010_rate,14
4316,$4000_duty,0
4316,$4000_const,1
4316,$4000_vol,7
4316,$4002_period,81
4316,$400B_length,48
4316,$4004_duty,3
4316,$4004_const,1
4316,$4004_vol,5
4316,$4008_linear,127
4316,$400A_period,75
4316,$400B_length,48
4316,$400E_period,1
4316,$400E_mode,0
4316,$400C_const,1
4316,$400C_vol,8
4317,$4008_linear,0
4317,$400C_const,1
4317,$400C_vol,5
4318,$4000_duty,0
4318,$4000_const,1
4318,$4000_vol,5
4318,$4004_duty,3
4318,$4004_const,1
4318,$4004_vol,4
4318,$400E_period,11
4318,$400E_mode,0
4318,$400C_const,1
4318,$400C_vol,6
4319,$4004_duty,3
4319,$4004_const,1
4319,$4004_vol,1
4319,$400E_period,8
4319,$400E_mode,0
4319,$400C_const,1
4319,$400C_vol,9
4320,$4000_duty,0
4320,$4000_const,1
4320,$4000_vol,0
4320,$400E_period,6
4320,$400E_mode,0
4320,$400C_const,1
4320,$400C_vol,15
4321,$400E_period,4
4321,$400E_mode,0
4321,$400C_const,1
4321,$400C_vol,12
4322,$400E_period,1
4322,$400E_mode,0
4322,$400C_const,1
4322,$400C_vol,15
4323,$4010_rate,14
4323,$4000_duty,0
4323,$4000_const,1
4323,$4000_vol,7
4323,$4002_period,75
4323,$400B_length,32
4323,$4004_duty,2
4323,$4004_const,1
4323,$4004_vol,11
4323,$4006_period,1211
4323,$4008_linear,127
4323,$400A_period,151
4323,$400B_length,32
4323,$400E_period,0
4323,$400E_mode,0
4324,$4004_duty,3
4324,$4004_const,1
4324,$4004_vol,10
4324,$4008_linear,0
4324,$400E_period,3
4324,$400E_mode,0
4324,$400C_const,1
4324,$400C_vol,12
4325,$4000_duty,0
4325,$4000_const,1
4325,$4000_vol,5
4325,$4004_duty,3
4325,$4004_const,1
4325,$4004_vol,9
4325,$400E_period,6
4325,$400E_mode,0
4326,$4004_duty,3
4326,$4004_const,1
4326,$4004_vol,8
4326,$400E_period,10
4326,$400E_mode,0
4326,$400C_const,1
4326,$400C_vol,9
4327,$4000_duty,0
4327,$4000_const,1
4327,$4000_vol,0
4327,$4004_duty,3
4327,$4004_const,1
4327,$4004_vol,0
4327,$400E_period,4
4327,$400E_mode,0
4328,$400E_period,1
4328,$400E_mode,0
4328,$400C_const,1
4328,$400C_vol,12
4329,$400E_period,0
4329,$400E_mode,0
4330,$4012_addr,240
4330,$4013_len,11
4330,$4010_rate,15
4330,$4000_duty,0
4330,$4000_const,1
4330,$4000_vol,7
4330,$4002_period,101
4330,$400B_length,48
4330,$4004_duty,2
4330,$4004_const,1
4330,$4004_vol,15
4330,$4006_period,2427
4330,$4008_linear,127
4330,$400A_period,121
4330,$400B_length,48
4330,$400E_period,3
4330,$400E_mode,0
4330,$400C_const,1
4330,$400C_vol,9
4331,$4004_duty,3
4331,$4004_const,1
4331,$4004_vol,14
4331,$4008_linear,0
4331,$400E_period,6
4331,$400E_mode,0
4332,$4000_duty,0
4332,$4000_const,1
4332,$4000_vol,5
4332,$4004_duty,3
4332,$4004_const,1
4332,$4004_vol,13
4332,$400E_period,10
4332,$400E_mode,0
4332,$400C_const,1
4332,$400C_vol,6
4333,$4004_duty,3
4333,$4004_const,1
4333,$4004_vol,12
4333,$400E_period,4
4333,$400E_mode,0
4334,$4000_duty,0
4334,$4000_const,1
4334,$4000_vol,0
4334,$4004_duty,3
4334,$4004_const,1
4334,$4004_vol,11
4334,$400E_period,1
4334,$400E_mode,0
4334,$400C_const,1
4334,$400C_vol,9
4335,$4004_duty,3
4335,$4004_const,1
4335,$4004_vol,10
4335,$400E_period,0
4335,$400E_mode,0
4336,$4004_duty,3
4336,$4004_const,1
4336,$4004_vol,9
4336,$400E_period,3
4336,$400E_mode,0
4336,$400C_const,1
4336,$400C_vol,6
4337,$4004_duty,3
4337,$4004_const,1
4337,$4004_vol,8
4337,$4008_linear,127
4337,$400A_period,151
4337,$400B_length,32
4337,$400E_period,6
4337,$400E_mode,0
4338,$4008_linear,0
4338,$400E_period,10
4338,$400E_mode,0
4338,$400C_const,1
4338,$400C_vol,3
4339,$4004_duty,3
4339,$4004_const,1
4339,$4004_vol,7
4339,$400E_period,12
4339,$400E_mode,0
4339,$400C_const,1
4339,$400C_vol,2
4340,$4004_duty,3
4340,$4004_const,1
4340,$4004_vol,4
4340,$400E_period,2
4340,$400E_mode,0
4340,$400C_const,1
4340,$400C_vol,0
4342,$4004_duty,1
4342,$4004_const,1
4342,$4004_vol,11
4342,$4006_period,907
4344,$4012_addr,250
4344,$4013_len,11
4344,$4010_rate,15
4344,$4004_duty,1
4344,$4004_const,1
4344,$4004_vol,10
4344,$4006_period,961
4344,$4008_linear,127
4344,$400A_period,75
4344,$400B_length,48
4344,$400E_period,1
4344,$400E_mode,0
4344,$400C_const,1
4344,$400C_vol,8
4345,$4004_duty,1
4345,$4004_const,1
4345,$4004_vol,7
4345,$4006_period,641
4345,$4008_linear,0
4345,$400C_const,1
4345,$400C_vol,5
4346,$4004_duty,1
4346,$4004_const,1
4346,$4004_vol,6
4346,$4006_period,605
4346,$400C_const,1
4346,$400C_vol,0
4347,$4004_duty,1
4347,$4004_const,1
4347,$4004_vol,5
4347,$4006_period,571
4348,$4004_duty,1
4348,$4004_const,1
4348,$4004_vol,4
4348,$4006_period,509
4349,$4004_duty,3
4349,$4004_const,1
4349,$4004_vol,0
4349,$4006_period,1211
4351,$4010_rate,15
4351,$4004_duty,2
4351,$4004_const,1
4351,$4004_vol,12
4351,$4006_period,3237
4351,$4008_linear,127
4351,$400A_period,151
4351,$400B_length,32
4351,$400E_period,3
4351,$400E_mode,0
4351,$400C_const,1
4351,$400C_vol,8
4352,$4004_duty,3
4352,$4004_const,1
4352,$4004_vol,11
4352,$4008_linear,0
4352,$400C_const,1
4352,$400C_vol,5
4353,$4004_duty,3
4353,$4004_const,1
4353,$4004_vol,10
4353,$400C_const,1
4353,$400C_vol,0
4354,$4004_duty,3
4354,$4004_const,1
4354,$4004_vol,9
4355,$4004_duty,3
4355,$4004_const,1
4355,$4004_vol,8
4356,$4004_duty,3
4356,$4004_const,1
4356,$4004_vol,7
4357,$4004_duty,3
4357,$4004_const,1
4357,$4004_vol,6
4358,$4012_addr,243
4358,$4013_len,28
4358,$4010_rate,15
4358,$4004_duty,3
4358,$4004_const,1
4358,$4004_vol,5
4358,$4008_linear,127
4358,$400A_period,121
4358,$400B_length,48
4358,$400E_period,12
4358,$400E_mode,0
4358,$400C_const,1
4358,$400C_vol,4
4359,$4008_linear,0
4359,$400E_period,10
4359,$400E_mode,0
4359,$400C_const,1
4359,$400C_vol,10
4360,$4004_duty,3
4360,$4004_const,1
4360,$4004_vol,4
4360,$400E_period,11
4360,$400E_mode,0
4360,$400C_const,1
4360,$400C_vol,15
4361,$4004_duty,3
4361,$4004_const,1
4361,$4004_vol,1
4361,$400E_period,12
4361,$400E_mode,0
4362,$400E_period,13
4362,$400E_mode,0
4363,$400E_period,11
4363,$400E_mode,0
4363,$400C_const,1
4363,$400C_vol,13
4364,$400C_const,1
4364,$400C_vol,0
4365,$4012_addr,250
4365,$4013_len,11
4365,$4010_rate,14
4365,$4004_duty,2
4365,$4004_const,1
4365,$4004_vol,12
4365,$4006_period,3237
4365,$4008_linear,127
4365,$400A_period,151
4365,$400B_length,32
4366,$4004_duty,3
4366,$4004_const,1
4366,$4004_vol,11
4366,$4008_linear,0
4366,$400E_period,13
4366,$400E_mode,0
4366,$400C_const,1
4366,$400C_vol,13
4367,$4004_duty,3
4367,$4004_const,1
4367,$4004_vol,10
4367,$400E_period,11
4367,$400E_mode,0
4367,$400C_const,1
4367,$400C_vol,11
4368,$4004_duty,3
4368,$4004_const,1
4368,$4004_vol,9
4368,$400C_const,1
4368,$400C_vol,0
4369,$4004_duty,3
4369,$4004_const,1
4369,$4004_vol,8
4370,$4004_duty,3
4370,$4004_const,1
4370,$4004_vol,7
4370,$400E_period,13
4370,$400E_mode,0
4370,$400C_const,1
4370,$400C_vol,11
4371,$4004_duty,3
4371,$4004_const,1
4371,$4004_vol,6
4371,$400E_period,11
4371,$400E_mode,0
4371,$400C_const,1
4371,$400C_vol,9
4372,$4012_addr,243
4372,$4013_len,28
4372,$4010_rate,15
4372,$4004_duty,3
4372,$4004_const,1
4372,$4004_vol,5
4372,$4008_linear,127
4372,$400A_period,75
4372,$400B_length,48
4372,$400C_const,1
4372,$400C_vol,0
4373,$4008_linear,0
4374,$4004_duty,3
4374,$4004_const,1
4374,$4004_vol,4
4374,$400E_period,13
4374,$400E_mode,0
4374,$400C_const,1
4374,$400C_vol,9
4375,$4004_duty,3
4375,$4004_const,1
4375,$4004_vol,1
4375,$400E_period,11
4375,$400E_mode,0
4375,$400C_const,1
4375,$400C_vol,7
4376,$400C_const,1
4376,$400C_vol,0
4378,$400E_period,13
4378,$400E_mode,0
4378,$400C_const,1
4378,$400C_vol,7
4379,$4012_addr,240
4379,$4013_len,11
4379,$4010_rate,15
4379,$4004_duty,2
4379,$4004_const,1
4379,$4004_vol,11
4379,$4006_period,1211
4379,$4008_linear,127
4379,$400A_period,151
4379,$400B_length,32
4379,$400E_period,11
4379,$400E_mode,0
4379,$400C_const,1
4379,$400C_vol,5
4380,$4004_duty,3
4380,$4004_const,1
4380,$4004_vol,10
4380,$4008_linear,0
4380,$400C_const,1
4380,$400C_vol,0
4381,$4004_duty,3
4381,$4004_const,1
4381,$4004_vol,9
4382,$4004_duty,3
4382,$4004_const,1
4382,$4004_vol,8
4382,$400E_period,10
4382,$400E_mode,0
4382,$400C_const,1
4382,$400C_vol,5
4383,$4004_duty,3
4383,$4004_const,1
4383,$4004_vol,0
4383,$400C_const,1
4383,$400C_vol,0
4385,$400E_period,3
4385,$400E_mode,0
4385,$400C_const,1
4385,$400C_vol,0
4386,$4012_addr,240
4386,$4013_len,11
4386,$4010_rate,15
4386,$4000_duty,3
4386,$4000_const,1
4386,$4000_vol,11
4386,$4002_period,539
4386,$400B_length,33
4386,$4004_duty,2
4386,$4004_const,1
4386,$4004_vol,15
4386,$4006_period,2157
4386,$4008_linear,127
4386,$400A_period,113
4386,$400B_length,48
4386,$400C_const,1
4386,$400C_vol,10
4387,$4004_duty,3
4387,$4004_const,1
4387,$4004_vol,14
4387,$4008_linear,0
4387,$400C_const,1
4387,$400C_vol,7
4388,$4004_duty,3
4388,$4004_const,1
4388,$4004_vol,13
4388,$400C_const,1
4388,$400C_vol,0
4389,$4000_duty,3
4389,$4000_const,1
4389,$4000_vol,8
4389,$4004_duty,3
4389,$4004_const,1
4389,$4004_vol,12
4390,$4000_duty,3
4390,$4000_const,1
4390,$4000_vol,6
4390,$4004_duty,3
4390,$4004_const,1
4390,$4004_vol,11
4391,$4000_duty,3
4391,$4000_const,1
4391,$4000_vol,0
4391,$4004_duty,3
4391,$4004_const,1
4391,$4004_vol,10
4392,$4004_duty,3
4392,$4004_const,1
4392,$4004_vol,9
4393,$4004_duty,3
4393,$4004_const,1
4393,$4004_vol,8
4393,$4008_linear,127
4393,$400A_period,135
4393,$400B_length,32
4393,$400E_period,2
4393,$400E_mode,0
4393,$400C_const,1
4393,$400C_vol,8
4394,$4008_linear,0
4394,$400C_const,1
4394,$400C_vol,5
4395,$4004_duty,3
4395,$4004_const,1
4395,$4004_vol,7
4395,$400C_const,1
4395,$400C_vol,0
4396,$4004_duty,3
4396,$4004_const,1
4396,$4004_vol,4
4397,$4000_duty,2
4397,$4000_const,1
4397,$4000_vol,2
4397,$4002_period,57
4397,$400B_length,16
4397,$4004_duty,1
4397,$4004_const,1
4397,$4004_vol,2
4397,$4006_period,57
4397,$400A_period,63
4397,$400B_length,16
4399,$4000_duty,2
4399,$4000_const,1
4399,$4000_vol,12
4399,$4002_period,3599
4399,$400B_length,7
4399,$4004_duty,2
4399,$4004_const,1
4399,$4004_vol,12
4399,$4006_period,3599
4399,$4008_linear,127
4399,$400A_period,57
4399,$400B_length,0
4400,$4012_addr,250
4400,$4013_len,11
4400,$4010_rate,15
4400,$4000_duty,2
4400,$4000_const,1
4400,$4000_vol,0
4400,$4002_period,85
4400,$400B_length,16
4400,$4004_duty,2
4400,$4004_const,1
4400,$4004_vol,0
4400,$4006_period,85
4400,$4008_linear,0
4400,$400A_period,95
4400,$400B_length,16
4400,$400E_period,1
4400,$400E_mode,0
4400,$400C_const,1
4400,$400C_vol,8
4401,$400C_const,1
4401,$400C_vol,5
4402,$4000_duty,2
4402,$4000_const,1
4402,$4000_vol,10
4402,$4002_period,101
4402,$400B_length,0
4402,$4004_duty,2
4402,$4004_const,1
4402,$4004_vol,10
4402,$4006_period,101
4402,$4008_linear,127
4402,$400A_period,113
4402,$400B_length,0
4402,$400C_const,1
4402,$400C_vol,0
4403,$4000_duty,2
4403,$4000_const,1
4403,$4000_vol,0
4403,$4002_period,121
4403,$400B_length,16
4403,$4004_duty,2
4403,$4004_const,1
4403,$4004_vol,0
4403,$4006_period,121
4403,$4008_linear,0
4403,$400A_period,135
4403,$400B_length,16
4405,$4000_duty,2
4405,$4000_const,1
4405,$4000_vol,8
4405,$4002_period,135
4405,$400B_length,0
4405,$4004_duty,2
4405,$4004_const,1
4405,$4004_vol,8
4405,$4006_period,135
4405,$4008_linear,127
4405,$400A_period,151
4405,$400B_length,0
4406,$4000_duty,2
4406,$4000_const,1
4406,$4000_vol,0
4406,$4002_period,161
4406,$400B_length,16
4406,$4004_duty,2
4406,$4004_const,1
4406,$4004_vol,0
4406,$4006_period,161
4406,$4008_linear,0
4406,$400A_period,179
4406,$400B_length,16
4407,$400E_period,3
4407,$400E_mode,0
4407,$400C_const,1
4407,$400C_vol,8
4408,$4000_duty,2
4408,$4000_const,1
4408,$4000_vol,6
4408,$4002_period,191
4408,$400B_length,0
4408,$4004_duty,2
4408,$4004_const,1
4408,$4004_vol,6
4408,$4006_period,191
4408,$4008_linear,127
4408,$400A_period,213
4408,$400B_length,0
4408,$400C_const,1
4408,$400C_vol,5
4409,$4000_duty,3
4409,$4000_const,1
4409,$4000_vol,0
4409,$4002_period,539
4409,$400B_length,33
4409,$4004_duty,3
4409,$4004_const,1
4409,$4004_vol,10
4409,$4006_period,2881
4409,$4008_linear,0
4409,$400A_period,135
4409,$400B_length,32
4409,$400C_const,1
4409,$400C_vol,0
4410,$4000_duty,3
4410,$4000_const,1
4410,$4000_vol,5
4410,$4002_period,539
4410,$400B_length,49
4410,$4004_duty,3
4410,$4004_const,1
4410,$4004_vol,9
4411,$4004_duty,3
4411,$4004_const,1
4411,$4004_vol,8
4412,$4004_duty,3
4412,$4004_const,1
4412,$4004_vol,7
4413,$4000_duty,3
4413,$4000_const,1
4413,$4000_vol,0
4413,$4004_duty,3
4413,$4004_const,1
4413,$4004_vol,6
4414,$4012_addr,243
4414,$4013_len,28
4414,$4010_rate,15
4414,$4004_duty,3
4414,$4004_const,1
4414,$4004_vol,5
4414,$4008_linear,127
4414,$400A_period,113
4414,$400B_length,48
4414,$400C_const,1
4414,$400C_vol,10
4415,$4000_duty,3
4415,$4000_const,1
4415,$4000_vol,3
4415,$4002_period,539
4415,$400B_length,33
4415,$4008_linear,0
4415,$400C_const,1
4415,$400C_vol,7
4416,$4004_duty,3
4416,$4004_const,1
4416,$4004_vol,4
4416,$400C_const,1
4416,$400C_vol,0
4417,$4004_duty,3
4417,$4004_const,1
4417,$4004_vol,1
4418,$4000_duty,3
4418,$4000_const,1
4418,$4000_vol,0
4420,$4000_duty,3
4420,$4000_const,1
4420,$4000_vol,1
4420,$4002_period,539
4420,$400B_length,49
4421,$4004_duty,2
4421,$4004_const,1
4421,$4004_vol,10
4421,$4006_period,2881
4421,$4008_linear,127
4421,$400A_period,135
4421,$400B_length,32
4421,$400E_period,2
4421,$400E_mode,0
4421,$400C_const,1
4421,$400C_vol,8
4422,$4004_duty,3
4422,$4004_const,1
4422,$4004_vol,9
4422,$4008_linear,0
4422,$400C_const,1
4422,$400C_vol,5
4423,$4000_duty,3
4423,$4000_const,1
4423,$4000_vol,0
4423,$4004_duty,3
4423,$4004_const,1
4423,$4004_vol,8
4423,$400C_const,1
4423,$400C_vol,0
4424,$4004_duty,3
4424,$4004_const,1
4424,$4004_vol,7
4425,$4004_duty,3
4425,$4004_const,1
4425,$4004_vol,6
4426,$4004_duty,3
4426,$4004_const,1
4426,$4004_vol,5
4427,$4004_duty,3
4427,$4004_const,1
4427,$4004_vol,4
4428,$4012_addr,250
4428,$4013_len,11
4428,$4010_rate,14
4428,$4000_duty,3
4428,$4000_const,1
4428,$4000_vol,10
4428,$4002_period,509
4428,$400B_length,32
4428,$4004_duty,3
4428,$4004_const,1
4428,$4004_vol,3
4428,$4008_linear,127
4428,$400A_period,67
4428,$400B_length,48
4428,$400E_period,1
4428,$400E_mode,0
4428,$400C_const,1
4428,$400C_vol,8
4429,$4004_duty,1
4429,$4004_const,1
4429,$4004_vol,4
4429,$4006_period,339
4429,$4008_linear,0
4429,$400E_period,6
4429,$400E_mode,0
4429,$400C_const,1
4429,$400C_vol,2
4431,$4000_duty,3
4431,$4000_const,1
4431,$4000_vol,7
4432,$4000_duty,3
4432,$4000_const,1
4432,$4000_vol,5
4433,$4000_duty,3
4433,$4000_const,1
4433,$4000_vol,0
4435,$4010_rate,14
4435,$4000_duty,3
4435,$4000_const,1
4435,$4000_vol,10
4435,$4002_period,481
4435,$400B_length,48
4435,$4004_duty,1
4435,$4004_const,1
4435,$4004_vol,5
4435,$4008_linear,127
4435,$400A_period,135
4435,$400B_length,32
4436,$4008_linear,0
4437,$400E_period,5
4437,$400E_mode,0
4437,$400C_const,1
4437,$400C_vol,4
4438,$4000_duty,3
4438,$4000_const,1
4438,$4000_vol,7
4439,$4000_duty,3
4439,$4000_const,1
4439,$4000_vol,5
4439,$4004_duty,3
4439,$4004_const,1
4439,$4004_vol,15
4439,$4006_period,763
4439,$400E_period,3
4439,$400E_mode,0
4439,$400C_const,1
4439,$400C_vol,0
4440,$4000_duty,3
4440,$4000_const,1
4440,$4000_vol,0
4440,$4006_period,1079
4441,$4006_period,1441
4442,$4012_addr,240
4442,$4013_len,11
4442,$4010_rate,15
4442,$4000_duty,3
4442,$4000_const,1
4442,$4000_vol,10
4442,$4002_period,453
4442,$400B_length,32
4442,$4004_duty,3
4442,$4004_const,1
4442,$4004_vol,6
4442,$4006_period,481
4442,$4008_linear,127
4442,$400A_period,113
4442,$400B_length,48
4442,$400C_const,1
4442,$400C_vol,10
4443,$4006_period,453
4443,$4008_linear,0
4443,$400C_const,1
4443,$400C_vol,7
4444,$4006_period,403
4444,$400C_const,1
4444,$400C_vol,0
4445,$4000_duty,3
4445,$4000_const,1
4445,$4000_vol,7
4445,$4004_duty,3
4445,$4004_const,1
4445,$4004_vol,12
4445,$4006_period,2157
4446,$4000_duty,3
4446,$4000_const,1
4446,$4000_vol,5
4446,$4004_duty,3
4446,$4004_const,1
4446,$4004_vol,11
4447,$4000_duty,3
4447,$4000_const,1
4447,$4000_vol,0
4447,$4004_duty,3
4447,$4004_const,1
4447,$4004_vol,10
4448,$4004_duty,3
4448,$4004_const,1
4448,$4004_vol,9
4449,$4000_duty,3
4449,$4000_const,1
4449,$4000_vol,10
4449,$4002_period,403
4449,$400B_length,48
4449,$4004_duty,3
4449,$4004_const,1
4449,$4004_vol,8
4449,$4008_linear,127
4449,$400A_period,135
4449,$400B_length,32
4449,$400E_period,2
4449,$400E_mode,0
4449,$400C_const,1
4449,$400C_vol,8
4450,$4008_linear,0
4450,$400C_const,1
4450,$400C_vol,5
4451,$4004_duty,3
4451,$4004_const,1
4451,$4004_vol,7
4451,$400C_const,1
4451,$400C_vol,0
4452,$4000_duty,3
4452,$4000_const,1
4452,$4000_vol,7
4452,$4004_duty,3
4452,$4004_const,1
4452,$4004_vol,4
4453,$4000_duty,3
4453,$4000_const,1
4453,$4000_vol,5
4454,$4000_duty,3
4454,$4000_const,1
4454,$4000_vol,0
4456,$4012_addr,250
4456,$4013_len,11
4456,$4010_rate,15
4456,$4000_duty,3
4456,$4000_const,1
4456,$4000_vol,10
4456,$4002_period,453
4456,$400B_length,32
4456,$4004_duty,2
4456,$4004_const,1
4456,$4004_vol,12
4456,$4006_period,1079
4456,$4008_linear,127
4456,$400A_period,67
4456,$400B_length,48
4456,$400E_period,1
4456,$400E_mode,0
4456,$400C_const,1
4456,$400C_vol,8
4457,$4004_duty,3
4457,$4004_const,1
4457,$4004_vol,11
4457,$4008_linear,0
4457,$400C_const,1
4457,$400C_vol,5
4458,$4004_duty,3
4458,$4004_const,1
4458,$4004_vol,10
4458,$400C_const,1
4458,$400C_vol,0
4459,$4000_duty,3
4459,$4000_const,1
4459,$4000_vol,7
4459,$4004_duty,3
4459,$4004_const,1
4459,$4004_vol,9
4460,$4000_duty,3
4460,$4000_const,1
4460,$4000_vol,5
4460,$4004_duty,3
4460,$4004_const,1
4460,$4004_vol,1
4461,$4000_duty,3
4461,$4000_const,1
4461,$4000_vol,0
4463,$4010_rate,15
4463,$4000_duty,3
4463,$4000_const,1
4463,$4000_vol,10
4463,$4002_period,403
4463,$400B_length,48
4463,$4004_duty,2
4463,$4004_const,1
4463,$4004_vol,12
4463,$4006_period,2881
4463,$4008_linear,127
4463,$400A_period,135
4463,$400B_length,32
4463,$400E_period,3
4463,$400E_mode,0
4463,$400C_const,1
4463,$400C_vol,8
4464,$4004_duty,3
4464,$4004_const,1
4464,$4004_vol,11
4464,$4008_linear,0
4464,$400C_const,1
4464,$400C_vol,5
4465,$4004_duty,3
4465,$4004_const,1
4465,$4004_vol,10
4465,$400C_const,1
4465,$400C_vol,0
4466,$4000_duty,3
4466,$4000_const,1
4466,$4000_vol,7
4466,$4004_duty,3
4466,$4004_const,1
4466,$4004_vol,9
4467,$4000_duty,3
4467,$4000_const,1
4467,$4000_vol,5
4467,$4004_duty,3
4467,$4004_const,1
4467,$4004_vol,8
4468,$4000_duty,3
4468,$4000_const,1
4468,$4000_vol,0
4468,$4004_duty,3
4468,$4004_const,1
4468,$4004_vol,7
4469,$4004_duty,3
4469,$4004_const,1
4469,$4004_vol,6
4470,$4012_addr,243
4470,$4013_len,28
4470,$4010_rate,15
4470,$4000_duty,3
4470,$4000_const,1
4470,$4000_vol,10
4470,$4002_period,453
4470,$400B_length,32
4470,$4004_duty,3
4470,$4004_const,1
4470,$4004_vol,5
4470,$4008_linear,127
4470,$400A_period,113
4470,$400B_length,48
4470,$400C_const,1
4470,$400C_vol,10
4471,$4008_linear,0
4471,$400C_const,1
4471,$400C_vol,7
4472,$4004_duty,3
4472,$4004_const,1
4472,$4004_vol,4
4472,$400C_const,1
4472,$400C_vol,0
4473,$4000_duty,1
4473,$4000_const,1
4473,$4000_vol,15
4473,$4002_period,427
4473,$400B_length,16
4473,$4004_duty,3
4473,$4004_const,1
4473,$4004_vol,15
4473,$4006_period,539
4473,$400A_period,113
4473,$400B_length,0
4473,$400E_period,11
4473,$400E_mode,0
4473,$400C_const,1
4473,$400C_vol,15
4474,$4006_period,1713
4474,$400E_period,14
4474,$400E_mode,0
4475,$4002_period,571
4475,$400B_length,1
4475,$4006_period,1143
4475,$400A_period,213
4475,$400B_length,16
4475,$400E_period,11
4475,$400E_mode,0
4475,$400C_const,1
4475,$400C_vol,7
4476,$4006_period,1713
4476,$400E_period,14
4476,$400E_mode,0
4477,$4012_addr,250
4477,$4013_len,11
4477,$4010_rate,14
4477,$4002_period,1019
4477,$400B_length,17
4477,$4006_period,571
4477,$400A_period,381
4477,$400B_length,0
4477,$400C_const,1
4477,$400C_vol,0
4478,$4004_duty,2
4478,$4004_const,1
4478,$4004_vol,15
4478,$4006_period,1359
4479,$4002_period,679
4479,$400B_length,1
4479,$4006_period,1713
4480,$4000_duty,1
4480,$4000_const,1
4480,$4000_vol,4
4480,$4006_period,4095
4481,$4004_duty,2
4481,$4004_const,1
4481,$4004_vol,4
4482,$4000_duty,1
4482,$4000_const,1
4482,$4000_vol,15
4482,$4002_period,1019
4482,$400B_length,17
4482,$4004_duty,2
4482,$4004_const,1
4482,$4004_vol,15
4482,$4006_period,4095
4483,$4000_duty,1
4483,$4000_const,1
4483,$4000_vol,4
4483,$4004_duty,2
4483,$4004_const,1
4483,$4004_vol,4
4484,$4012_addr,243
4484,$4013_len,28
4484,$4010_rate,15
4484,$4004_duty,2
4484,$4004_const,1
4484,$4004_vol,15
4484,$4006_period,4095
4485,$4000_duty,1
4485,$4000_const,1
4485,$4000_vol,15
4485,$4002_period,763
4485,$400B_length,1
4485,$4004_duty,2
4485,$4004_const,1
4485,$4004_vol,4
4486,$4000_duty,1
4486,$4000_const,1
4486,$4000_vol,4
4486,$4004_duty,2
4486,$4004_const,1
4486,$4004_vol,15
4486,$4006_period,4095
4487,$4004_duty,2
4487,$4004_const,1
4487,$4004_vol,4
4487,$400E_period,13
4487,$400E_mode,0
4487,$400C_const,1
4487,$400C_vol,10
4488,$4000_duty,1
4488,$4000_const,1
4488,$4000_vol,13
4488,$4002_period,719
4488,$400B_length,17
4488,$4004_duty,2
4488,$4004_const,1
4488,$4004_vol,15
4488,$4006_period,4095
4489,$4000_duty,1
4489,$4000_const,1
4489,$4000_vol,2
4489,$4004_duty,2
4489,$4004_const,1
4489,$4004_vol,4
4490,$4004_duty,2
4490,$4004_const,1
4490,$4004_vol,15
4490,$4006_period,4095
4491,$4012_addr,240
4491,$4013_len,11
4491,$4010_rate,15
4491,$4002_period,1921
4491,$400B_length,3
4491,$4004_duty,2
4491,$4004_const,1
4491,$4004_vol,4
4492,$4004_duty,2
4492,$4004_const,1
4492,$4004_vol,15
4492,$4006_period,2289
4493,$4000_duty,3
4493,$4000_const,1
4493,$4000_vol,15
4493,$4002_period,4095
4493,$400B_length,23
4493,$4006_period,2515
4494,$4000_duty,3
4494,$4000_const,1
4494,$4000_vol,12
4494,$4006_period,2581
4494,$4008_linear,127
4494,$400A_period,227
4494,$400B_length,16
4495,$4000_duty,3
4495,$4000_const,1
4495,$4000_vol,4
4495,$4008_linear,0
4495,$400C_const,1
4495,$400C_vol,0
4497,$4000_duty,3
4497,$4000_const,1
4497,$4000_vol,15
4497,$4002_period,1143
4497,$400B_length,2
4497,$4004_duty,2
4497,$4004_const,1
4497,$4004_vol,13
4497,$4006_period,1019
4497,$400A_period,151
4497,$400B_length,0
4497,$400E_period,9
4497,$400E_mode,0
4497,$400C_const,1
4497,$400C_vol,5
4498,$4012_addr,240
4498,$4013_len,11
4498,$4010_rate,15
4498,$4002_period,807
4498,$400B_length,17
4498,$4006_period,855
4498,$400E_period,8
4498,$400E_mode,0
4498,$400C_const,1
4498,$400C_vol,4
4499,$4002_period,679
4499,$400B_length,1
4499,$4006_period,605
4499,$4008_linear,127
4499,$400A_period,127
4499,$400B_length,16
4499,$400E_period,7
4499,$400E_mode,0
4499,$400C_const,1
4499,$400C_vol,3
4500,$4002_period,539
4500,$400B_length,17
4500,$4006_period,381
4500,$4008_linear,0
4500,$400E_period,6
4500,$400E_mode,0
4500,$400C_const,1
4500,$400C_vol,2
4501,$4002_period,453
4501,$400B_length,0
4501,$4006_period,321
4501,$400E_period,5
4501,$400E_mode,0
4501,$400C_const,1
4501,$400C_vol,1
4502,$4002_period,403
4502,$400B_length,16
4502,$4006_period,191
4502,$400A_period,95
4502,$400B_length,0
4502,$400E_period,4
4502,$400E_mode,0
4502,$400C_const,1
4502,$400C_vol,0
4503,$4002_period,339
4503,$400B_length,0
4503,$4004_duty,2
4503,$4004_const,1
4503,$4004_vol,5
4503,$4006_period,195
4503,$400E_period,3
4503,$400E_mode,0
4504,$4000_duty,2
4504,$4000_const,1
4504,$4000_vol,7
4504,$4002_period,329
4504,$400B_length,16
4504,$4008_linear,127
4504,$400A_period,89
4504,$400B_length,16
4504,$400E_period,2
4504,$400E_mode,0
4505,$4008_linear,0
4505,$400E_period,1
4505,$400E_mode,0
4511,$4004_duty,2
4511,$4004_const,1
4511,$4004_vol,1
4512,$4012_addr,250
4512,$4013_len,11
4512,$4010_rate,15
4512,$4000_duty,2
4512,$4000_const,1
4512,$4000_vol,4
4516,$4000_duty,2
4516,$4000_const,1
4516,$4000_vol,0
4516,$4004_duty,2
4516,$4004_const,1
4516,$4004_vol,0
4518,$4004_duty,2
4518,$4004_const,1
4518,$4004_vol,1
4518,$4006_period,195
4520,$4000_duty,2
4520,$4000_const,1
4520,$4000_vol,4
4520,$4002_period,329
4520,$400B_length,0
4526,$4012_addr,243
4526,$4013_len,28
4526,$4010_rate,15
4528,$4000_duty,2
4528,$4000_const,1
4528,$4000_vol,1
4531,$4004_duty,2
4531,$4004_const,1
4531,$4004_vol,0
4532,$4000_duty,2
4532,$4000_const,1
4532,$4000_vol,0
4536,$4000_duty,0
4536,$4000_const,1
4536,$4000_vol,8
4536,$4002_period,807
4536,$400B_length,49
4536,$4004_duty,3
4536,$4004_const,1
4536,$4004_vol,4
4536,$4006_period,1619
4536,$4008_linear,127
4536,$400A_period,227
4536,$400B_length,32
4536,$400E_period,2
4536,$400E_mode,0
4536,$400C_const,1
4536,$400C_vol,0
4537,$4008_linear,0
4538,$4000_duty,0
4538,$4000_const,1
4538,$4000_vol,0
4540,$4012_addr,250
4540,$4013_len,11
4540,$4010_rate,14
4540,$4004_duty,3
4540,$4004_const,1
4540,$4004_vol,0
4540,$4008_linear,127
4540,$400A_period,101
4540,$400B_length,48
4540,$400E_period,1
4540,$400E_mode,0
4540,$400C_const,1
4540,$400C_vol,8
4541,$4008_linear,0
4541,$400C_const,1
4541,$400C_vol,5
4542,$400C_const,1
4542,$400C_vol,0
4547,$4010_rate,14
4547,$4000_duty,0
4547,$4000_const,1
4547,$4000_vol,10
4547,$4002_period,605
4547,$400B_length,33
4547,$4004_duty,3
4547,$4004_const,1
4547,$4004_vol,15
4547,$4006_period,2427
4547,$4008_linear,127
4547,$400A_period,241
4547,$400B_length,32
4547,$400E_period,3
4547,$400E_mode,0
4547,$400C_const,1
4547,$400C_vol,8
4548,$4004_duty,3
4548,$4004_const,1
4548,$4004_vol,13
4548,$400C_const,1
4548,$400C_vol,5
4549,$4000_duty,0
4549,$4000_const,1
4549,$4000_vol,8
4549,$400C_const,1
4549,$400C_vol,0
4550,$4004_duty,3
4550,$4004_const,1
4550,$4004_vol,6
4551,$4008_linear,0
4552,$4000_duty,0
4552,$4000_const,1
4552,$4000_vol,0
4552,$4004_duty,3
4552,$4004_const,1
4552,$4004_vol,1
4553,$4004_duty,3
4553,$4004_const,1
4553,$4004_vol,0
4554,$4012_addr,240
4554,$4013_len,11
4554,$4010_rate,15
4554,$400E_period,2
4554,$400E_mode,0
4554,$400C_const,1
4554,$400C_vol,14
4555,$400C_const,1
4555,$400C_vol,11
4556,$400C_const,1
4556,$400C_vol,3
4561,$4012_addr,243
4561,$4013_len,28
4561,$4010_rate,15
4561,$4000_duty,0
4561,$4000_const,1
4561,$4000_vol,15
4561,$4002_period,1211
4561,$400B_length,50
4561,$4004_duty,3
4561,$4004_const,1
4561,$4004_vol,15
4561,$4006_period,2427
4561,$400E_period,1
4561,$400E_mode,0
4561,$400C_const,1
4561,$400C_vol,2
4562,$4000_duty,0
4562,$4000_const,1
4562,$4000_vol,13
4562,$4004_duty,3
4562,$4004_const,1
4562,$4004_vol,13
4562,$400C_const,1
4562,$400C_vol,0
4565,$4000_duty,0
4565,$4000_const,1
4565,$4000_vol,6
4567,$4000_duty,0
4567,$4000_const,1
4567,$4000_vol,1
4568,$4000_duty,0
4568,$4000_const,1
4568,$4000_vol,0
4568,$4004_duty,3
4568,$4004_const,1
4568,$4004_vol,6
4568,$400C_const,1
4568,$400C_vol,4
4569,$400C_const,1
4569,$400C_vol,1
4570,$4004_duty,3
4570,$4004_const,1
4570,$4004_vol,1
4570,$400C_const,1
4570,$400C_vol,0
4571,$4004_duty,3
4571,$4004_const,1
4571,$4004_vol,0
4572,$4004_duty,2
4572,$4004_const,1
4572,$4004_vol,6
4572,$4006_period,197
4573,$4004_duty,2
4573,$4004_const,1
4573,$4004_vol,9
4574,$4004_duty,2
4574,$4004_const,1
4574,$4004_vol,12
4575,$4012_addr,240
4575,$4013_len,11
4575,$4010_rate,15
4575,$4000_duty,0
4575,$4000_const,1
4575,$4000_vol,15
4575,$4002_period,1211
4575,$400B_length,34
4575,$4004_duty,2
4575,$4004_const,1
4575,$4004_vol,9
4575,$400E_period,2
4575,$400E_mode,0
4575,$400C_const,1
4575,$400C_vol,14
4576,$4000_duty,0
4576,$4000_const,1
4576,$4000_vol,6
4576,$4004_duty,2
4576,$4004_const,1
4576,$4004_vol,4
4576,$400C_const,1
4576,$400C_vol,11
4577,$4004_duty,3
4577,$4004_const,1
4577,$4004_vol,13
4577,$4006_period,2427
4577,$400C_const,1
4577,$400C_vol,3
4578,$4000_duty,0
4578,$4000_const,1
4578,$4000_vol,1
4578,$4004_duty,3
4578,$4004_const,1
4578,$4004_vol,6
4579,$4000_duty,0
4579,$4000_const,1
4579,$4000_vol,0
4580,$4004_duty,3
4580,$4004_const,1
4580,$4004_vol,1
4581,$4004_duty,3
4581,$4004_const,1
4581,$4004_vol,0
4582,$4010_rate,15
4582,$4000_duty,0
4582,$4000_const,1
4582,$4000_vol,15
4582,$4002_period,1211
4582,$400B_length,50
4582,$4004_duty,3
4582,$4004_const,1
4582,$4004_vol,15
4582,$4006_period,2427
4582,$400E_period,1
4582,$400E_mode,0
4582,$400C_const,1
4582,$400C_vol,2
4583,$4000_duty,0
4583,$4000_const,1
4583,$4000_vol,6
4583,$4004_duty,3
4583,$4004_const,1
4583,$4004_vol,13
4583,$400C_const,1
4583,$400C_vol,0
4585,$4000_duty,0
4585,$4000_const,1
4585,$4000_vol,1
4586,$4000_duty,0
4586,$4000_const,1
4586,$4000_vol,0
4589,$4012_addr,243
4589,$4013_len,28
4589,$4010_rate,15
4589,$4004_duty,3
4589,$4004_const,1
4589,$4004_vol,6
4589,$400C_const,1
4589,$400C_vol,4
4590,$400C_const,1
4590,$400C_vol,1
4591,$4004_duty,3
4591,$4004_const,1
4591,$4004_vol,1
4591,$400C_const,1
4591,$400C_vol,0
4592,$4004_duty,3
4592,$4004_const,1
4592,$4004_vol,0
4593,$4010_rate,15
4593,$400C_const,1
4593,$400C_vol,0
4596,$400E_period,4
4596,$400E_mode,0
4596,$400C_const,1
4596,$400C_vol,11
4597,$400C_const,1
4597,$400C_vol,10
4598,$400C_const,1
4598,$400C_vol,0
4603,$4010_rate,15
4603,$4004_duty,2
4603,$4004_const,1
4603,$4004_vol,4
4603,$4006_period,533
4603,$400E_period,1
4603,$400E_mode,0
4603,$400C_const,1
4603,$400C_vol,11
4604,$400C_const,1
4604,$400C_vol,8
4605,$400C_const,1
4605,$400C_vol,0
4607,$4004_duty,2
4607,$4004_const,1
4607,$4004_vol,3
4608,$4004_duty,2
4608,$4004_const,1
4608,$4004_vol,2
4609,$4004_duty,2
4609,$4004_const,1
4609,$4004_vol,1
4610,$4012_addr,240
4610,$4013_len,11
4610,$4010_rate,15
4610,$4000_duty,2
4610,$4000_const,1
4610,$4000_vol,4
4610,$4002_period,359
4610,$400B_length,32
4610,$4004_duty,2
4610,$4004_const,1
4610,$4004_vol,0
4610,$4008_linear,127
4610,$400A_period,227
4610,$400B_length,48
4610,$400E_period,3
4610,$400E_mode,0
4610,$400C_const,1
4610,$400C_vol,10
4611,$4000_duty,2
4611,$4000_const,1
4611,$4000_vol,8
4611,$4004_duty,2
4611,$4004_const,1
4611,$4004_vol,5
4611,$400C_const,1
4611,$400C_vol,7
4612,$4000_duty,2
4612,$4000_const,1
4612,$4000_vol,10
4612,$400C_const,1
4612,$400C_vol,0
4613,$4000_duty,2
4613,$4000_const,1
4613,$4000_vol,7
4613,$4006_period,511
4614,$4000_duty,2
4614,$4000_const,1
4614,$4000_vol,5
4615,$4000_duty,2
4615,$4000_const,1
4615,$4000_vol,0
4615,$4004_duty,2
4615,$4004_const,1
4615,$4004_vol,3
4615,$4006_period,595
4615,$4008_linear,0
4617,$4006_period,479
4617,$400E_period,2
4617,$400E_mode,0
4617,$400C_const,1
4617,$400C_vol,8
4618,$400C_const,1
4618,$400C_vol,5
4619,$4004_duty,2
4619,$4004_const,1
4619,$4004_vol,1
4619,$4006_period,563
4619,$400C_const,1
4619,$400C_vol,0
4620,$4006_period,505
4623,$4004_duty,3
4623,$4004_const,1
4623,$4004_vol,0
4623,$4006_period,1811
4624,$4012_addr,250
4624,$4013_len,11
4624,$4010_rate,15
4624,$4000_duty,2
4624,$4000_const,1
4624,$4000_vol,4
4624,$4002_period,359
4624,$400B_length,48
4624,$4004_duty,2
4624,$4004_const,1
4624,$4004_vol,11
4624,$4006_period,907
4624,$4008_linear,127
4624,$400A_period,227
4624,$400B_length,32
4624,$400E_period,1
4624,$400E_mode,0
4624,$400C_const,1
4624,$400C_vol,8
4625,$4000_duty,2
4625,$4000_const,1
4625,$4000_vol,8
4625,$4004_duty,3
4625,$4004_const,1
4625,$4004_vol,10
4625,$400C_const,1
4625,$400C_vol,5
4626,$4000_duty,2
4626,$4000_const,1
4626,$4000_vol,10
4626,$4004_duty,3
4626,$4004_const,1
4626,$4004_vol,9
4626,$400C_const,1
4626,$400C_vol,0
4627,$4000_duty,2
4627,$4000_const,1
4627,$4000_vol,7
4627,$4004_duty,3
4627,$4004_const,1
4627,$4004_vol,0
4628,$4000_duty,2
4628,$4000_const,1
4628,$4000_vol,5
4631,$4012_addr,240
4631,$4013_len,11
4631,$4010_rate,15
4631,$4004_duty,2
4631,$4004_const,1
4631,$4004_vol,13
4631,$4006_period,2427
4631,$400E_period,3
4631,$400E_mode,0
4631,$400C_const,1
4631,$400C_vol,8
4632,$4004_duty,3
4632,$4004_const,1
4632,$4004_vol,12
4632,$400C_const,1
4632,$400C_vol,5
4633,$4000_duty,2
4633,$4000_const,1
4633,$4000_vol,6
4633,$4004_duty,3
4633,$4004_const,1
4633,$4004_vol,11
4633,$400C_const,1
4633,$400C_vol,0
4634,$4004_duty,3
4634,$4004_const,1
4634,$4004_vol,10
4635,$4004_duty,3
4635,$4004_const,1
4635,$4004_vol,9
4636,$4004_duty,3
4636,$4004_const,1
4636,$4004_vol,8
4637,$4004_duty,3
4637,$4004_const,1
4637,$4004_vol,7
4638,$4010_rate,15
4638,$4000_duty,2
4638,$4000_const,1
4638,$4000_vol,7
4638,$4004_duty,3
4638,$4004_const,1
4638,$4004_vol,6
4638,$400C_const,1
4638,$400C_vol,10
4639,$4004_duty,3
4639,$4004_const,1
4639,$4004_vol,2
4639,$400C_const,1
4639,$400C_vol,7
4640,$400C_const,1
4640,$400C_vol,0
4643,$4000_duty,2
4643,$4000_const,1
4643,$4000_vol,8
4643,$4004_duty,3
4643,$4004_const,1
4643,$4004_vol,0
4643,$4008_linear,0
4645,$4004_duty,2
4645,$4004_const,1
4645,$4004_vol,13
4645,$4006_period,2427
4645,$400E_period,2
4645,$400E_mode,0
4645,$400C_const,1
4645,$400C_vol,8
4646,$4004_duty,3
4646,$4004_const,1
4646,$4004_vol,12
4646,$400C_const,1
4646,$400C_vol,5
4647,$4004_duty,3
4647,$4004_const,1
4647,$4004_vol,11
4647,$400C_const,1
4647,$400C_vol,0
4648,$4000_duty,2
4648,$4000_const,1
4648,$4000_vol,9
4648,$4004_duty,3
4648,$4004_const,1
4648,$4004_vol,10
4649,$4004_duty,3
4649,$4004_const,1
4649,$4004_vol,9
4650,$4000_duty,2
4650,$4000_const,1
4650,$4000_vol,0
4650,$4004_duty,3
4650,$4004_const,1
4650,$4004_vol,8
4651,$4004_duty,3
4651,$4004_const,1
4651,$4004_vol,7
4652,$4012_addr,250
4652,$4013_len,11
4652,$4010_rate,14
4652,$4000_duty,2
4652,$4000_const,1
4652,$4000_vol,4
4652,$4002_period,339
4652,$400B_length,32
4652,$4004_duty,3
4652,$4004_const,1
4652,$4004_vol,6
4652,$4008_linear,127
4652,$400A_period,201
4652,$400B_length,48
4652,$400E_period,1
4652,$400E_mode,0
4652,$400C_const,1
4652,$400C_vol,8
4653,$4000_duty,2
4653,$4000_const,1
4653,$4000_vol,8
4653,$4004_duty,3
4653,$4004_const,1
4653,$4004_vol,2
4653,$400C_const,1
4653,$400C_vol,5
4654,$4000_duty,2
4654,$4000_const,1
4654,$4000_vol,10
4654,$4004_duty,2
4654,$4004_const,1
4654,$4004_vol,15
4654,$4006_period,321
4654,$400C_const,1
4654,$400C_vol,0
4655,$4000_duty,2
4655,$4000_const,1
4655,$4000_vol,7
4655,$4006_period,269
4656,$4000_duty,2
4656,$4000_const,1
4656,$4000_vol,5
4656,$4004_duty,2
4656,$4004_const,1
4656,$4004_vol,6
4656,$4006_period,339
4657,$4000_duty,2
4657,$4000_const,1
4657,$4000_vol,0
4657,$4006_period,427
4657,$4008_linear,0
4658,$4006_period,509
4659,$4010_rate,14
4659,$4000_duty,2
4659,$4000_const,1
4659,$4000_vol,4
4659,$4002_period,321
4659,$400B_length,48
4659,$4006_period,605
4659,$4008_linear,127
4659,$400A_period,191
4659,$400B_length,32
4659,$400E_period,3
4659,$400E_mode,0
4659,$400C_const,1
4659,$400C_vol,8
4660,$4000_duty,2
4660,$4000_const,1
4660,$4000_vol,8
4660,$4006_period,719
4660,$400C_const,1
4660,$400C_vol,5
4661,$4000_duty,2
4661,$4000_const,1
4661,$4000_vol,10
4661,$4004_duty,3
4661,$4004_const,1
4661,$4004_vol,10
4661,$4006_period,907
4661,$400C_const,1
4661,$400C_vol,0
4662,$4000_duty,2
4662,$4000_const,1
4662,$4000_vol,7
4662,$4004_duty,3
4662,$4004_const,1
4662,$4004_vol,1
4663,$4000_duty,2
4663,$4000_const,1
4663,$4000_vol,5
4664,$4000_duty,2
4664,$4000_const,1
4664,$4000_vol,0
4664,$4008_linear,0
4666,$4012_addr,240
4666,$4013_len,11
4666,$4010_rate,15
4666,$4000_duty,2
4666,$4000_const,1
4666,$4000_vol,4
4666,$4002_period,303
4666,$400B_length,32
4666,$4004_duty,2
4666,$4004_const,1
4666,$4004_vol,15
4666,$4006_period,1811
4666,$4008_linear,127
4666,$400A_period,179
4666,$400B_length,48
4666,$400C_const,1
4666,$400C_vol,10
4667,$4000_duty,2
4667,$4000_const,1
4667,$4000_vol,8
4667,$4004_duty,3
4667,$4004_const,1
4667,$4004_vol,14
4667,$400C_const,1
4667,$400C_vol,7
4668,$4000_duty,2
4668,$4000_const,1
4668,$4000_vol,10
4668,$4004_duty,3
4668,$4004_const,1
4668,$4004_vol,13
4668,$400C_const,1
4668,$400C_vol,0
4669,$4000_duty,2
4669,$4000_const,1
4669,$4000_vol,7
4669,$4004_duty,3
4669,$4004_const,1
4669,$4004_vol,12
4670,$4000_duty,2
4670,$4000_const,1
4670,$4000_vol,5
4670,$4004_duty,3
4670,$4004_const,1
4670,$4004_vol,11
4671,$4000_duty,2
4671,$4000_const,1
4671,$4000_vol,0
4671,$4004_duty,3
4671,$4004_const,1
4671,$4004_vol,10
4671,$4008_linear,0
4672,$4004_duty,3
4672,$4004_const,1
4672,$4004_vol,9
4673,$4000_duty,2
4673,$4000_const,1
4673,$4000_vol,4
4673,$4002_period,359
4673,$400B_length,48
4673,$4004_duty,3
4673,$4004_const,1
4673,$4004_vol,8
4673,$4008_linear,127
4673,$400A_period,227
4673,$400B_length,32
4673,$400E_period,2
4673,$400E_mode,0
4673,$400C_const,1
4673,$400C_vol,8
4674,$4000_duty,2
4674,$4000_const,1
4674,$4000_vol,8
4674,$4004_duty,3
4674,$4004_const,1
4674,$4004_vol,4
4674,$400C_const,1
4674,$400C_vol,5
4675,$4000_duty,2
4675,$4000_const,1
4675,$4000_vol,10
4675,$400C_const,1
4675,$400C_vol,0
4676,$4000_duty,2
4676,$4000_const,1
4676,$4000_vol,7
4677,$4000_duty,2
4677,$4000_const,1
4677,$4000_vol,5
4678,$4000_duty,2
4678,$4000_const,1
4678,$4000_vol,0
4678,$4004_duty,3
4678,$4004_const,1
4678,$4004_vol,0
4678,$4008_linear,0
4680,$4012_addr,250
4680,$4013_len,11
4680,$4010_rate,15
4680,$4004_duty,2
4680,$4004_const,1
4680,$4004_vol,11
4680,$4006_period,907
4680,$400E_period,1
4680,$400E_mode,0
4680,$400C_const,1
4680,$400C_vol,8
4681,$4004_duty,3
4681,$4004_const,1
4681,$4004_vol,10
4681,$400C_const,1
4681,$400C_vol,5
4682,$4004_duty,3
4682,$4004_const,1
4682,$4004_vol,9
4682,$400C_const,1
4682,$400C_vol,0
4683,$4004_duty,3
4683,$4004_const,1
4683,$4004_vol,0
4687,$4012_addr,240
4687,$4013_len,11
4687,$4010_rate,15
4687,$4000_duty,2
4687,$4000_const,1
4687,$4000_vol,4
4687,$4002_period,303
4687,$400B_length,32
4687,$4004_duty,2
4687,$4004_const,1
4687,$4004_vol,13
4687,$4006_period,2427
4687,$4008_linear,127
4687,$400A_period,179
4687,$400B_length,48
4687,$400E_period,3
4687,$400E_mode,0
4687,$400C_const,1
4687,$400C_vol,8
4688,$4000_duty,2
4688,$4000_const,1
4688,$4000_vol,8
4688,$4004_duty,3
4688,$4004_const,1
4688,$4004_vol,12
4688,$400C_const,1
4688,$400C_vol,5
4689,$4000_duty,2
4689,$4000_const,1
4689,$4000_vol,10
4689,$4004_duty,3
4689,$4004_const,1
4689,$4004_vol,11
4689,$400C_const,1
4689,$400C_vol,0
4690,$4000_duty,2
4690,$4000_const,1
4690,$4000_vol,7
4690,$4004_duty,3
4690,$4004_const,1
4690,$4004_vol,10
4691,$4000_duty,2
4691,$4000_const,1
4691,$4000_vol,5
4691,$4004_duty,3
4691,$4004_const,1
4691,$4004_vol,9
4692,$4000_duty,2
4692,$4000_const,1
4692,$4000_vol,0
4692,$4004_duty,3
4692,$4004_const,1
4692,$4004_vol,8
4692,$4008_linear,0
4693,$4004_duty,3
4693,$4004_const,1
4693,$4004_vol,7
4694,$4012_addr,243
4694,$4013_len,28
4694,$4010_rate,15
4694,$4000_duty,2
4694,$4000_const,1
4694,$4000_vol,4
4694,$4002_period,179
4694,$400B_length,48
4694,$4004_duty,3
4694,$4004_const,1
4694,$4004_vol,6
4694,$4008_linear,127
4694,$400A_period,113
4694,$400B_length,32
4694,$400C_const,1
4694,$400C_vol,10
4695,$4000_duty,2
4695,$4000_const,1
4695,$4000_vol,8
4695,$4004_duty,3
4695,$4004_const,1
4695,$4004_vol,2
4695,$400C_const,1
4695,$400C_vol,7
4696,$4000_duty,2
4696,$4000_const,1
4696,$4000_vol,10
4696,$400C_const,1
4696,$400C_vol,0
4697,$4000_duty,2
4697,$4000_const,1
4697,$4000_vol,7
4698,$4000_duty,2
4698,$4000_const,1
4698,$4000_vol,5
4699,$4000_duty,2
4699,$4000_const,1
4699,$4000_vol,0
4699,$4004_duty,3
4699,$4004_const,1
4699,$4004_vol,0
4699,$4008_linear,0
4701,$4000_duty,2
4701,$4000_const,1
4701,$4000_vol,4
4701,$4002_period,227
4701,$400B_length,32
4701,$4004_duty,2
4701,$4004_const,1
4701,$4004_vol,13
4701,$4006_period,2427
4701,$4008_linear,127
4701,$400A_period,151
4701,$400B_length,48
4701,$400E_period,2
4701,$400E_mode,0
4701,$400C_const,1
4701,$400C_vol,8
4702,$4000_duty,2
4702,$4000_const,1
4702,$4000_vol,8
4702,$4004_duty,3
4702,$4004_const,1
4702,$4004_vol,12
4702,$400C_const,1
4702,$400C_vol,5
4703,$4000_duty,2
4703,$4000_const,1
4703,$4000_vol,10
4703,$4004_duty,3
4703,$4004_const,1
4703,$4004_vol,11
4703,$400C_const,1
4703,$400C_vol,0
4704,$4000_duty,2
4704,$4000_const,1
4704,$4000_vol,7
4704,$4004_duty,3
4704,$4004_const,1
4704,$4004_vol,10
4705,$4000_duty,2
4705,$4000_const,1
4705,$4000_vol,5
4705,$4004_duty,3
4705,$4004_const,1
4705,$4004_vol,9
4706,$4000_duty,2
4706,$4000_const,1
4706,$4000_vol,0
4706,$4004_duty,3
4706,$4004_const,1
4706,$4004_vol,8
4706,$4008_linear,0
4707,$4004_duty,3
4707,$4004_const,1
4707,$4004_vol,7
4708,$4012_addr,250
4708,$4013_len,11
4708,$4010_rate,14
4708,$4000_duty,2
4708,$4000_const,1
4708,$4000_vol,4
4708,$4002_period,303
4708,$400B_length,48
4708,$4004_duty,3
4708,$4004_const,1
4708,$4004_vol,6
4708,$4008_linear,127
4708,$400A_period,179
4708,$400B_length,32
4708,$400E_period,1
4708,$400E_mode,0
4708,$400C_const,1
4708,$400C_vol,8
4709,$4000_duty,2
4709,$4000_const,1
4709,$4000_vol,8
4709,$4004_duty,3
4709,$4004_const,1
4709,$4004_vol,2
4709,$400C_const,1
4709,$400C_vol,5
4710,$4000_duty,2
4710,$4000_const,1
4710,$4000_vol,10
4710,$400C_const,1
4710,$400C_vol,0
4711,$4000_duty,2
4711,$4000_const,1
4711,$4000_vol,7
4712,$4000_duty,2
4712,$4000_const,1
4712,$4000_vol,5
4713,$4000_duty,2
4713,$4000_const,1
4713,$4000_vol,0
4713,$4004_duty,3
4713,$4004_const,1
4713,$4004_vol,0
4713,$4008_linear,0
4715,$4010_rate,14
4715,$4000_duty,2
4715,$4000_const,1
4715,$4000_vol,4
4715,$4002_period,359
4715,$400B_length,32
4715,$4004_duty,2
4715,$4004_const,1
4715,$4004_vol,12
4715,$4006_period,907
4715,$4008_linear,127
4715,$400A_period,227
4715,$400B_length,48
4715,$400E_period,3
4715,$400E_mode,0
4715,$400C_const,1
4715,$400C_vol,8
4716,$4000_duty,2
4716,$4000_const,1
4716,$4000_vol,8
4716,$4004_duty,3
4716,$4004_const,1
4716,$4004_vol,11
4716,$400C_const,1
4716,$400C_vol,5
4717,$4000_duty,2
4717,$4000_const,1
4717,$4000_vol,10
4717,$4004_duty,3
4717,$4004_const,1
4717,$4004_vol,10
4717,$400C_const,1
4717,$400C_vol,0
4718,$4000_duty,2
4718,$4000_const,1
4718,$4000_vol,7
4718,$4004_duty,3
4718,$4004_const,1
4718,$4004_vol,1
4719,$4000_duty,2
4719,$4000_const,1
4719,$4000_vol,5
4720,$4000_duty,2
4720,$4000_const,1
4720,$4000_vol,0
4720,$4008_linear,0
4722,$4012_addr,240
4722,$4013_len,11
4722,$4010_rate,15
4722,$4000_duty,2
4722,$4000_const,1
4722,$4000_vol,4
4722,$4002_period,403
4722,$400B_length,48
4722,$4004_duty,2
4722,$4004_const,1
4722,$4004_vol,15
4722,$4006_period,1921
4722,$4008_linear,127
4722,$400A_period,241
4722,$400B_length,32
4722,$400C_const,1
4722,$400C_vol,10
4723,$4000_duty,2
4723,$4000_const,1
4723,$4000_vol,8
4723,$4004_duty,3
4723,$4004_const,1
4723,$4004_vol,14
4723,$400C_const,1
4723,$400C_vol,7
4724,$4000_duty,2
4724,$4000_const,1
4724,$4000_vol,10
4724,$4004_duty,3
4724,$4004_const,1
4724,$4004_vol,13
4724,$400C_const,1
4724,$400C_vol,0
4725,$4000_duty,2
4725,$4000_const,1
4725,$4000_vol,7
4725,$4004_duty,3
4725,$4004_const,1
4725,$4004_vol,12
4726,$4000_duty,2
4726,$4000_const,1
4726,$4000_vol,5
4726,$4004_duty,3
4726,$4004_const,1
4726,$4004_vol,11
4727,$4000_duty,2
4727,$4000_const,1
4727,$4000_vol,0
4727,$4004_duty,3
4727,$4004_const,1
4727,$4004_vol,10
4727,$4008_linear,0
4728,$4004_duty,3
4728,$4004_const,1
4728,$4004_vol,9
4729,$4004_duty,3
4729,$4004_const,1
4729,$4004_vol,8
4729,$400E_period,2
4729,$400E_mode,0
4729,$400C_const,1
4729,$400C_vol,8
4730,$4004_duty,3
4730,$4004_const,1
4730,$4004_vol,4
4730,$400C_const,1
4730,$400C_vol,5
4731,$400C_const,1
4731,$400C_vol,0
4734,$4004_duty,3
4734,$4004_const,1
4734,$4004_vol,0
4736,$4012_addr,250
4736,$4013_len,11
4736,$4010_rate,15
4736,$4000_duty,2
4736,$4000_const,1
4736,$4000_vol,4
4736,$4002_period,403
4736,$400B_length,32
4736,$4004_duty,2
4736,$4004_const,1
4736,$4004_vol,11
4736,$4006_period,961
4736,$4008_linear,127
4736,$400A_period,241
4736,$400B_length,48
4736,$400E_period,1
4736,$400E_mode,0
4736,$400C_const,1
4736,$400C_vol,8
4737,$4000_duty,2
4737,$4000_const,1
4737,$4000_vol,8
4737,$4004_duty,3
4737,$4004_const,1
4737,$4004_vol,10
4737,$400C_const,1
4737,$400C_vol,5
4738,$4000_duty,2
4738,$4000_const,1
4738,$4000_vol,10
4738,$4004_duty,3
4738,$4004_const,1
4738,$4004_vol,9
4738,$400C_const,1
4738,$400C_vol,0
4739,$4000_duty,2
4739,$4000_const,1
4739,$4000_vol,7
4739,$4004_duty,3
4739,$4004_const,1
4739,$4004_vol,0
4740,$4000_duty,2
4740,$4000_const,1
4740,$4000_vol,5
4743,$4012_addr,240
4743,$4013_len,11
4743,$4010_rate,15
4743,$4004_duty,2
4743,$4004_const,1
4743,$4004_vol,13
4743,$4006_period,2427
4743,$400E_period,3
4743,$400E_mode,0
4743,$400C_const,1
4743,$400C_vol,8
4744,$4004_duty,3
4744,$4004_const,1
4744,$4004_vol,12
4744,$400C_const,1
4744,$400C_vol,5
4745,$4000_duty,2
4745,$4000_const,1
4745,$4000_vol,6
4745,$4004_duty,3
4745,$4004_const,1
4745,$4004_vol,11
4745,$400C_const,1
4745,$400C_vol,0
4746,$4004_duty,3
4746,$4004_const,1
4746,$4004_vol,10
4747,$4004_duty,3
4747,$4004_const,1
4747,$4004_vol,9
4748,$4004_duty,3
4748,$4004_const,1
4748,$4004_vol,8
4749,$4004_duty,3
4749,$4004_const,1
4749,$4004_vol,7
4750,$4010_rate,15
4750,$4000_duty,2
4750,$4000_const,1
4750,$4000_vol,7
4750,$4004_duty,3
4750,$4004_const,1
4750,$4004_vol,6
4750,$400C_const,1
4750,$400C_vol,10
4751,$4004_duty,3
4751,$4004_const,1
4751,$4004_vol,2
4751,$400C_const,1
4751,$400C_vol,7
4752,$400C_const,1
4752,$400C_vol,0
4755,$4000_duty,2
4755,$4000_const,1
4755,$4000_vol,0
4755,$4004_duty,3
4755,$4004_const,1
4755,$4004_vol,0
4755,$4008_linear,0
4757,$4000_duty,2
4757,$4000_const,1
4757,$4000_vol,4
4757,$4002_period,481
4757,$400B_length,48
4757,$4004_duty,2
4757,$4004_const,1
4757,$4004_vol,13
4757,$4006_period,2427
4757,$4008_linear,127
4757,$400A_period,303
4757,$400B_length,32
4757,$400E_period,2
4757,$400E_mode,0
4757,$400C_const,1
4757,$400C_vol,8
4758,$4000_duty,2
4758,$4000_const,1
4758,$4000_vol,8
4758,$4004_duty,3
4758,$4004_const,1
4758,$4004_vol,12
4758,$400C_const,1
4758,$400C_vol,5
4759,$4000_duty,2
4759,$4000_const,1
4759,$4000_vol,10
4759,$4004_duty,3
4759,$4004_const,1
4759,$4004_vol,11
4759,$400C_const,1
4759,$400C_vol,0
4760,$4000_duty,2
4760,$4000_const,1
4760,$4000_vol,7
4760,$4004_duty,3
4760,$4004_const,1
4760,$4004_vol,10
4761,$4000_duty,2
4761,$4000_const,1
4761,$4000_vol,5
4761,$4004_duty,3
4761,$4004_const,1
4761,$4004_vol,9
4762,$4000_duty,2
4762,$4000_const,1
4762,$4000_vol,0
4762,$4004_duty,3
4762,$4004_const,1
4762,$4004_vol,8
4762,$4008_linear,0
4763,$4004_duty,3
4763,$4004_const,1
4763,$4004_vol,7
4764,$4012_addr,250
4764,$4013_len,11
4764,$4010_rate,14
4764,$4000_duty,2
4764,$4000_const,1
4764,$4000_vol,4
4764,$4002_period,321
4764,$400B_length,32
4764,$4004_duty,3
4764,$4004_const,1
4764,$4004_vol,6
4764,$4008_linear,127
4764,$400A_period,241
4764,$400B_length,48
4764,$400E_period,1
4764,$400E_mode,0
4764,$400C_const,1
4764,$400C_vol,8
4765,$4000_duty,2
4765,$4000_const,1
4765,$4000_vol,8
4765,$4004_duty,3
4765,$4004_const,1
4765,$4004_vol,2
4765,$400C_const,1
4765,$400C_vol,5
4766,$4000_duty,2
4766,$4000_const,1
4766,$4000_vol,10
4766,$400C_const,1
4766,$400C_vol,0
4767,$4000_duty,2
4767,$4000_const,1
4767,$4000_vol,7
4768,$4000_duty,2
4768,$4000_const,1
4768,$4000_vol,5
4769,$4000_duty,2
4769,$4000_const,1
4769,$4000_vol,0
4769,$4004_duty,3
4769,$4004_const,1
4769,$4004_vol,0
4769,$4008_linear,0
4771,$4010_rate,14
4771,$4000_duty,2
4771,$4000_const,1
4771,$4000_vol,4
4771,$4002_period,303
4771,$400B_length,48
4771,$4004_duty,2
4771,$4004_const,1
4771,$4004_vol,12
4771,$4006_period,961
4771,$4008_linear,127
4771,$400A_period,201
4771,$400B_length,32
4771,$400E_period,3
4771,$400E_mode,0
4771,$400C_const,1
4771,$400C_vol,8
4772,$4000_duty,2
4772,$4000_const,1
4772,$4000_vol,8
4772,$4004_duty,3
4772,$4004_const,1
4772,$4004_vol,11
4772,$400C_const,1
4772,$400C_vol,5
4773,$4000_duty,2
4773,$4000_const,1
4773,$4000_vol,10
4773,$4004_duty,3
4773,$4004_const,1
4773,$4004_vol,10
4773,$400C_const,1
4773,$400C_vol,0
4774,$4000_duty,2
4774,$4000_const,1
4774,$4000_vol,7
4774,$4004_duty,3
4774,$4004_const,1
4774,$4004_vol,1
4775,$4000_duty,2
4775,$4000_const,1
4775,$4000_vol,5
4776,$4000_duty,2
4776,$4000_const,1
4776,$4000_vol,0
4776,$4008_linear,0
4778,$4012_addr,240
4778,$4013_len,11
4778,$4010_rate,15
4778,$4004_duty,2
4778,$4004_const,1
4778,$4004_vol,15
4778,$4006_period,1921
4778,$400C_const,1
4778,$400C_vol,10
4779,$4004_duty,3
4779,$4004_const,1
4779,$4004_vol,14
4779,$400C_const,1
4779,$400C_vol,7
4780,$4004_duty,3
4780,$4004_const,1
4780,$4004_vol,13
4780,$400C_const,1
4780,$400C_vol,0
4781,$4004_duty,3
4781,$4004_const,1
4781,$4004_vol,12
4782,$4004_duty,3
4782,$4004_const,1
4782,$4004_vol,11
4783,$4004_duty,3
4783,$4004_const,1
4783,$4004_vol,10
4784,$4004_duty,3
4784,$4004_const,1
4784,$4004_vol,9
4785,$4004_duty,3
4785,$4004_const,1
4785,$4004_vol,8
4785,$400E_period,2
4785,$400E_mode,0
4785,$400C_const,1
4785,$400C_vol,8
4786,$4004_duty,3
4786,$4004_const,1
4786,$4004_vol,4
4786,$400C_const,1
4786,$400C_vol,5
4787,$400C_const,1
4787,$400C_vol,0
4790,$4004_duty,3
4790,$4004_const,1
4790,$4004_vol,0
4792,$4012_addr,250
4792,$4013_len,11
4792,$4010_rate,15
4792,$4000_duty,2
4792,$4000_const,1
4792,$4000_vol,5
4792,$4002_period,121
4792,$400B_length,32
4792,$4004_duty,2
4792,$4004_const,1
4792,$4004_vol,11
4792,$4006_period,961
4792,$4008_linear,127
4792,$400A_period,75
4792,$400B_length,48
4792,$400E_period,1
4792,$400E_mode,0
4792,$400C_const,1
4792,$400C_vol,8
4793,$4004_duty,3
4793,$4004_const,1
4793,$4004_vol,10
4793,$4008_linear,0
4793,$400C_const,1
4793,$400C_vol,5
4794,$4000_duty,2
4794,$4000_const,1
4794,$4000_vol,0
4794,$4004_duty,3
4794,$4004_const,1
4794,$4004_vol,9
4794,$400C_const,1
4794,$400C_vol,0
4795,$4004_duty,3
4795,$4004_const,1
4795,$4004_vol,0
4799,$4012_addr,240
4799,$4013_len,11
4799,$4010_rate,15
4799,$4000_duty,2
4799,$4000_const,1
4799,$4000_vol,5
4799,$4002_period,135
4799,$400B_length,48
4799,$4004_duty,2
4799,$4004_const,1
4799,$4004_vol,13
4799,$4006_period,2427
4799,$4008_linear,127
4799,$400A_period,101
4799,$400B_length,32
4799,$400E_period,3
4799,$400E_mode,0
4799,$400C_const,1
4799,$400C_vol,8
