frame,parameter,value
0,$4000_duty,3
0,$4000_const,1
0,$4000_vol,6
0,$4004_duty,1
0,$4004_const,1
0,$4004_vol,6
0,$4008_linear,127
0,$400C_const,1
0,$400C_vol,3
0,$400E_period,11
0,$400E_mode,0
1,$4008_linear,127
1,$400A_period,403
1,$400B_length,8
1,$400C_const,1
1,$400C_vol,2
1,$400E_period,11
1,$400E_mode,0
2,$4000_duty,3
2,$4000_const,1
2,$4000_vol,15
2,$4002_period,539
2,$400B_length,9
2,$4004_duty,1
2,$4004_const,1
2,$4004_vol,15
2,$4006_period,907
2,$4008_linear,127
2,$400C_const,1
2,$400C_vol,1
2,$400E_period,11
2,$400E_mode,0
3,$4000_duty,3
3,$4000_const,1
3,$4000_vol,15
3,$4002_period,403
3,$400B_length,8
3,$4004_duty,1
3,$4004_const,1
3,$4004_vol,15
3,$4006_period,641
3,$4008_linear,127
3,$400C_const,1
3,$400C_vol,0
3,$400E_period,11
3,$400E_mode,0
4,$4000_duty,3
4,$4000_const,1
4,$4000_vol,15
4,$4002_period,339
4,$400B_length,8
4,$4004_duty,1
4,$4004_const,1
4,$4004_vol,15
4,$4006_period,605
4,$4008_linear,0
4,$400C_const,1
4,$400C_vol,0
4,$400E_period,11
4,$400E_mode,0
5,$4000_duty,3
5,$4000_const,1
5,$4000_vol,12
5,$4004_duty,1
5,$4004_const,1
5,$4004_vol,12
5,$4008_linear,127
5,$400A_period,807
5,$400B_length,9
5,$400C_const,1
5,$400C_vol,12
5,$400E_period,11
5,$400E_mode,0
6,$4000_duty,3
6,$4000_const,1
6,$4000_vol,9
6,$4004_duty,1
6,$4004_const,1
6,$4004_vol,9
6,$4008_linear,127
6,$400C_const,1
6,$400C_vol,9
6,$400E_period,11
6,$400E_mode,0
7,$4000_duty,3
7,$4000_const,1
7,$4000_vol,6
7,$4004_duty,1
7,$4004_const,1
7,$4004_vol,6
7,$4008_linear,127
7,$400C_const,1
7,$400C_vol,8
7,$400E_period,11
7,$400E_mode,0
8,$4000_duty,3
8,$4000_const,1
8,$4000_vol,15
8,$4002_period,321
8,$400B_length,8
8,$4004_duty,1
8,$4004_const,1
8,$4004_vol,8
8,$4008_linear,0
8,$400C_const,1
8,$400C_vol,7
8,$400E_period,11
8,$400E_mode,0
9,$4000_duty,3
9,$4000_const,1
9,$4000_vol,12
9,$4004_duty,1
9,$4004_const,1
9,$4004_vol,15
9,$4006_period,605
9,$4008_linear,127
9,$400A_period,807
9,$400B_length,9
9,$400C_const,1
9,$400C_vol,6
9,$400E_period,11
9,$400E_mode,0
10,$4000_duty,3
10,$4000_const,1
10,$4000_vol,9
10,$4004_duty,1
10,$4004_const,1
10,$4004_vol,12
10,$4008_linear,127
10,$400C_const,1
10,$400C_vol,12
10,$400E_period,11
10,$400E_mode,0
11,$4000_duty,3
11,$4000_const,1
11,$4000_vol,6
11,$4004_duty,1
11,$4004_const,1
11,$4004_vol,9
11,$4008_linear,127
11,$400C_const,1
11,$400C_vol,9
11,$400E_period,11
11,$400E_mode,0
12,$4000_duty,3
12,$4000_const,1
12,$4000_vol,15
12,$4002_period,359
12,$400B_length,8
12,$4004_duty,1
12,$4004_const,1
12,$4004_vol,6
12,$4008_linear,0
12,$400C_const,1
12,$400C_vol,8
12,$400E_period,11
12,$400E_mode,0
13,$4000_duty,3
13,$4000_const,1
13,$4000_vol,12
13,$4004_duty,1
13,$4004_const,1
13,$4004_vol,15
13,$4006_period,539
13,$4008_linear,127
13,$400A_period,403
13,$400B_length,8
13,$400C_const,1
13,$400C_vol,7
13,$400E_period,11
13,$400E_mode,0
14,$4000_duty,3
14,$4000_const,1
14,$4000_vol,9
14,$4004_duty,1
14,$4004_const,1
14,$4004_vol,12
14,$4008_linear,127
14,$400A_period,403
14,$400B_length,8
14,$400C_const,1
14,$400C_vol,6
14,$400E_period,11
14,$400E_mode,0
15,$4000_duty,3
15,$4000_const,1
15,$4000_vol,6
15,$4004_duty,1
15,$4004_const,1
15,$4004_vol,9
15,$4008_linear,127
15,$400C_const,1
15,$400C_vol,5
15,$400E_period,11
15,$400E_mode,0
16,$4000_duty,3
16,$4000_const,1
16,$4000_vol,15
16,$4002_period,403
16,$400B_length,8
16,$4004_duty,1
16,$4004_const,1
16,$4004_vol,6
16,$4008_linear,127
16,$400C_const,1
16,$400C_vol,4
16,$400E_period,11
16,$400E_mode,0
17,$4000_duty,3
17,$4000_const,1
17,$4000_vol,12
17,$4004_duty,1
17,$4004_const,1
17,$4004_vol,15
17,$4006_period,481
17,$4008_linear,0
17,$400C_const,1
17,$400C_vol,3
17,$400E_period,11
17,$400E_mode,0
18,$4000_duty,3
18,$4000_const,1
18,$4000_vol,9
18,$4004_duty,1
18,$4004_const,1
18,$4004_vol,12
18,$4008_linear,127
18,$400A_period,403
18,$400B_length,8
18,$400C_const,1
18,$400C_vol,12
18,$400E_period,11
18,$400E_mode,0
19,$4000_duty,3
19,$4000_const,1
19,$4000_vol,6
19,$4004_duty,1
19,$4004_const,1
19,$4004_vol,9
19,$4008_linear,127
19,$400C_const,1
19,$400C_vol,9
19,$400E_period,11
19,$400E_mode,0
20,$4000_duty,3
20,$4000_const,1
20,$4000_vol,8
20,$4004_duty,1
20,$4004_const,1
20,$4004_vol,6
20,$4008_linear,127
20,$400C_const,1
20,$400C_vol,8
20,$400E_period,11
20,$400E_mode,0
21,$4000_duty,3
21,$4000_const,1
21,$4000_vol,11
21,$4004_duty,1
21,$4004_const,1
21,$4004_vol,8
21,$4008_linear,0
21,$400C_const,1
21,$400C_vol,7
21,$400E_period,11
21,$400E_mode,0
22,$4000_duty,3
22,$4000_const,1
22,$4000_vol,15
22,$4002_period,339
22,$400B_length,8
22,$4004_duty,1
22,$4004_const,1
22,$4004_vol,11
22,$4008_linear,127
22,$400A_period,807
22,$400B_length,9
22,$400C_const,1
22,$400C_vol,6
22,$400E_period,11
22,$400E_mode,0
23,$4000_duty,3
23,$4000_const,1
23,$4000_vol,12
23,$4004_duty,1
23,$4004_const,1
23,$4004_vol,13
23,$4008_linear,127
23,$400C_const,1
23,$400C_vol,5
23,$400E_period,11
23,$400E_mode,0
24,$4000_duty,3
24,$4000_const,1
24,$4000_vol,9
24,$4004_duty,1
24,$4004_const,1
24,$4004_vol,13
24,$4008_linear,127
24,$400C_const,1
24,$400C_vol,4
24,$400E_period,11
24,$400E_mode,0
25,$4000_duty,3
25,$4000_const,1
25,$4000_vol,6
25,$4004_duty,1
25,$4004_const,1
25,$4004_vol,15
25,$4006_period,605
25,$4008_linear,0
25,$400C_const,1
25,$400C_vol,3
25,$400E_period,11
25,$400E_mode,0
26,$4000_duty,3
26,$4000_const,1
26,$4000_vol,15
26,$4002_period,321
26,$400B_length,8
26,$4004_duty,1
26,$4004_const,1
26,$4004_vol,15
26,$4006_period,605
26,$4008_linear,127
26,$400A_period,807
26,$400B_length,9
26,$400C_const,1
26,$400C_vol,12
26,$400E_period,11
26,$400E_mode,0
27,$4000_duty,3
27,$4000_const,1
27,$4000_vol,12
27,$4004_duty,1
27,$4004_const,1
27,$4004_vol,12
27,$4008_linear,127
27,$400C_const,1
27,$400C_vol,11
27,$400E_period,11
27,$400E_mode,0
28,$4000_duty,3
28,$4000_const,1
28,$4000_vol,9
28,$4004_duty,1
28,$4004_const,1
28,$4004_vol,9
28,$4008_linear,127
28,$400C_const,1
28,$400C_vol,10
28,$400E_period,11
28,$400E_mode,0
29,$4000_duty,3
29,$4000_const,1
29,$4000_vol,6
29,$4004_duty,1
29,$4004_const,1
29,$4004_vol,6
29,$4008_linear,0
29,$400C_const,1
29,$400C_vol,9
29,$400E_period,11
29,$400E_mode,0
30,$4000_duty,3
30,$4000_const,1
30,$4000_vol,15
30,$4002_period,359
30,$400B_length,8
30,$4004_duty,1
30,$4004_const,1
30,$4004_vol,8
30,$4008_linear,127
30,$400A_period,403
30,$400B_length,8
30,$400C_const,1
30,$400C_vol,8
30,$400E_period,11
30,$400E_mode,0
31,$4000_duty,3
31,$4000_const,1
31,$4000_vol,12
31,$4004_duty,1
31,$4004_const,1
31,$4004_vol,15
31,$4006_period,605
31,$4008_linear,127
31,$400C_const,1
31,$400C_vol,12
31,$400E_period,11
31,$400E_mode,0
32,$4000_duty,3
32,$4000_const,1
32,$4000_vol,9
32,$4004_duty,1
32,$4004_const,1
32,$4004_vol,12
32,$4008_linear,127
32,$400C_const,1
32,$400C_vol,9
32,$400E_period,11
32,$400E_mode,0
33,$4000_duty,3
33,$4000_const,1
33,$4000_vol,6
33,$4004_duty,1
33,$4004_const,1
33,$4004_vol,9
33,$4008_linear,0
33,$400C_const,1
33,$400C_vol,8
33,$400E_period,11
33,$400E_mode,0
34,$4000_duty,3
34,$4000_const,1
34,$4000_vol,15
34,$4002_period,403
34,$400B_length,8
34,$4004_duty,1
34,$4004_const,1
34,$4004_vol,6
34,$4008_linear,127
34,$400A_period,403
34,$400B_length,8
34,$400C_const,1
34,$400C_vol,7
34,$400E_period,11
34,$400E_mode,0
35,$4000_duty,3
35,$4000_const,1
35,$4000_vol,12
35,$4004_duty,1
35,$4004_const,1
35,$4004_vol,15
35,$4006_period,539
35,$4008_linear,127
35,$400A_period,807
35,$400B_length,9
35,$400C_const,1
35,$400C_vol,6
35,$400E_period,11
35,$400E_mode,0
36,$4000_duty,3
36,$4000_const,1
36,$4000_vol,9
36,$4004_duty,1
36,$4004_const,1
36,$4004_vol,12
36,$4008_linear,127
36,$400C_const,1
36,$400C_vol,5
36,$400E_period,11
36,$400E_mode,0
37,$4000_duty,3
37,$4000_const,1
37,$4000_vol,6
37,$4004_duty,1
37,$4004_const,1
37,$4004_vol,9
37,$4008_linear,127
37,$400C_const,1
37,$400C_vol,4
37,$400E_period,11
37,$400E_mode,0
38,$4000_duty,3
38,$4000_const,1
38,$4000_vol,8
38,$4004_duty,1
38,$4004_const,1
38,$4004_vol,6
38,$4008_linear,0
38,$400C_const,1
38,$400C_vol,3
38,$400E_period,11
38,$400E_mode,0
39,$4000_duty,3
39,$4000_const,1
39,$4000_vol,11
39,$4004_duty,1
39,$4004_const,1
39,$4004_vol,15
39,$4006_period,509
39,$4008_linear,127
39,$400A_period,807
39,$400B_length,9
39,$400C_const,1
39,$400C_vol,12
39,$400E_period,11
39,$400E_mode,0
40,$4000_duty,3
40,$4000_const,1
40,$4000_vol,15
40,$4002_period,285
40,$400B_length,8
40,$4004_duty,1
40,$4004_const,1
40,$4004_vol,12
40,$4008_linear,127
40,$400C_const,1
40,$400C_vol,11
40,$400E_period,11
40,$400E_mode,0
41,$4000_duty,3
41,$4000_const,1
41,$4000_vol,12
41,$4004_duty,1
41,$4004_const,1
41,$4004_vol,9
41,$4008_linear,127
41,$400C_const,1
41,$400C_vol,10
41,$400E_period,11
41,$400E_mode,0
42,$4000_duty,3
42,$4000_const,1
42,$4000_vol,9
42,$4004_duty,1
42,$4004_const,1
42,$4004_vol,6
42,$4008_linear,0
42,$400C_const,1
42,$400C_vol,9
42,$400E_period,11
42,$400E_mode,0
43,$4000_duty,3
43,$4000_const,1
43,$4000_vol,6
43,$4004_duty,1
43,$4004_const,1
43,$4004_vol,8
43,$4008_linear,127
43,$400A_period,403
43,$400B_length,8
43,$400C_const,1
43,$400C_vol,8
43,$400E_period,11
43,$400E_mode,0
44,$4000_duty,3
44,$4000_const,1
44,$4000_vol,15
44,$4002_period,269
44,$400B_length,8
44,$4004_duty,1
44,$4004_const,1
44,$4004_vol,11
44,$4008_linear,127
44,$400C_const,1
44,$400C_vol,12
44,$400E_period,11
44,$400E_mode,0
45,$4000_duty,3
45,$4000_const,1
45,$4000_vol,12
45,$4004_duty,1
45,$4004_const,1
45,$4004_vol,13
45,$4008_linear,127
45,$400C_const,1
45,$400C_vol,9
45,$400E_period,11
45,$400E_mode,0
46,$4000_duty,3
46,$4000_const,1
46,$4000_vol,9
46,$4004_duty,1
46,$4004_const,1
46,$4004_vol,13
46,$4008_linear,0
46,$400C_const,1
46,$400C_vol,8
46,$400E_period,11
46,$400E_mode,0
47,$4000_duty,3
47,$4000_const,1
47,$4000_vol,6
47,$4004_duty,1
47,$4004_const,1
47,$4004_vol,15
47,$4006_period,605
47,$4008_linear,127
47,$400A_period,403
47,$400B_length,8
47,$400C_const,1
47,$400C_vol,7
47,$400E_period,11
47,$400E_mode,0
48,$4000_duty,3
48,$4000_const,1
48,$4000_vol,15
48,$4002_period,303
48,$400B_length,8
48,$4004_duty,1
48,$4004_const,1
48,$4004_vol,12
48,$4008_linear,127
48,$400C_const,1
48,$400C_vol,6
48,$400E_period,11
48,$400E_mode,0
49,$4000_duty,3
49,$4000_const,1
49,$4000_vol,12
49,$4004_duty,1
49,$4004_const,1
49,$4004_vol,9
49,$4008_linear,127
49,$400C_const,1
49,$400C_vol,5
49,$400E_period,11
49,$400E_mode,0
50,$4000_duty,3
50,$4000_const,1
50,$4000_vol,9
50,$4004_duty,1
50,$4004_const,1
50,$4004_vol,6
50,$4008_linear,0
50,$400C_const,1
50,$400C_vol,4
50,$400E_period,11
50,$400E_mode,0
51,$4000_duty,3
51,$4000_const,1
51,$4000_vol,6
51,$4004_duty,1
51,$4004_const,1
51,$4004_vol,15
51,$4006_period,339
51,$4008_linear,127
51,$400A_period,403
51,$400B_length,8
51,$400C_const,1
51,$400C_vol,3
51,$400E_period,11
51,$400E_mode,0
52,$4000_duty,3
52,$4000_const,1
52,$4000_vol,15
52,$4002_period,321
52,$400B_length,8
52,$4004_duty,1
52,$4004_const,1
52,$4004_vol,12
52,$4008_linear,127
52,$400C_const,1
52,$400C_vol,12
52,$400E_period,11
52,$400E_mode,0
53,$4000_duty,3
53,$4000_const,1
53,$4000_vol,12
53,$4004_duty,1
53,$4004_const,1
53,$4004_vol,9
53,$4008_linear,127
53,$400C_const,1
53,$400C_vol,11
53,$400E_period,11
53,$400E_mode,0
54,$4000_duty,3
54,$4000_const,1
54,$4000_vol,9
54,$4004_duty,1
54,$4004_const,1
54,$4004_vol,6
54,$4008_linear,0
54,$400C_const,1
54,$400C_vol,10
54,$400E_period,11
54,$400E_mode,0
55,$4000_duty,3
55,$4000_const,1
55,$4000_vol,6
55,$4004_duty,1
55,$4004_const,1
55,$4004_vol,15
55,$4006_period,321
55,$4008_linear,127
55,$400A_period,807
55,$400B_length,9
55,$400C_const,1
55,$400C_vol,9
55,$400E_period,11
55,$400E_mode,0
56,$4000_duty,3
56,$4000_const,1
56,$4000_vol,8
56,$4004_duty,1
56,$4004_const,1
56,$4004_vol,12
56,$4008_linear,127
56,$400A_period,807
56,$400B_length,9
56,$400C_const,1
56,$400C_vol,8
56,$400E_period,11
56,$400E_mode,0
57,$4000_duty,3
57,$4000_const,1
57,$4000_vol,11
57,$4004_duty,1
57,$4004_const,1
57,$4004_vol,9
57,$4008_linear,127
57,$400C_const,1
57,$400C_vol,12
57,$400E_period,11
57,$400E_mode,0
58,$4000_duty,3
58,$4000_const,1
58,$4000_vol,13
58,$4004_duty,1
58,$4004_const,1
58,$4004_vol,6
58,$4008_linear,127
58,$400C_const,1
58,$400C_vol,9
58,$400E_period,11
58,$400E_mode,0
59,$4000_duty,3
59,$4000_const,1
59,$4000_vol,13
59,$4004_duty,1
59,$4004_const,1
59,$4004_vol,15
59,$4006_period,359
59,$4008_linear,0
59,$400C_const,1
59,$400C_vol,8
59,$400E_period,11
59,$400E_mode,0
60,$4000_duty,3
60,$4000_const,1
60,$4000_vol,15
60,$4002_period,359
60,$400B_length,8
60,$4004_duty,1
60,$4004_const,1
60,$4004_vol,12
60,$4008_linear,127
60,$400A_period,403
60,$400B_length,8
60,$400C_const,1
60,$400C_vol,7
60,$400E_period,11
60,$400E_mode,0
61,$4000_duty,3
61,$4000_const,1
61,$4000_vol,12
61,$4004_duty,1
61,$4004_const,1
61,$4004_vol,9
61,$4008_linear,127
61,$400C_const,1
61,$400C_vol,6
61,$400E_period,11
61,$400E_mode,0
62,$4000_duty,3
62,$4000_const,1
62,$4000_vol,9
62,$4004_duty,1
62,$4004_const,1
62,$4004_vol,6
62,$4008_linear,127
62,$400C_const,1
62,$400C_vol,5
62,$400E_period,11
62,$400E_mode,0
63,$4000_duty,3
63,$4000_const,1
63,$4000_vol,6
63,$4004_duty,1
63,$4004_const,1
63,$4004_vol,15
63,$4006_period,403
63,$4008_linear,0
63,$400C_const,1
63,$400C_vol,4
63,$400E_period,11
63,$400E_mode,0
64,$4000_duty,3
64,$4000_const,1
64,$4000_vol,15
64,$4002_period,403
64,$400B_length,8
64,$4004_duty,1
64,$4004_const,1
64,$4004_vol,12
64,$4008_linear,127
64,$400A_period,403
64,$400B_length,8
64,$400C_const,1
64,$400C_vol,3
64,$400E_period,11
64,$400E_mode,0
65,$4000_duty,3
65,$4000_const,1
65,$4000_vol,12
65,$4004_duty,1
65,$4004_const,1
65,$4004_vol,9
65,$4008_linear,127
65,$400C_const,1
65,$400C_vol,12
65,$400E_period,11
65,$400E_mode,0
66,$4000_duty,3
66,$4000_const,1
66,$4000_vol,9
66,$4004_duty,1
66,$4004_const,1
66,$4004_vol,6
66,$4008_linear,127
66,$400C_const,1
66,$400C_vol,9
66,$400E_period,11
66,$400E_mode,0
67,$4000_duty,3
67,$4000_const,1
67,$4000_vol,6
67,$4004_duty,1
67,$4004_const,1
67,$4004_vol,8
67,$4008_linear,0
67,$400C_const,1
67,$400C_vol,8
67,$400E_period,11
67,$400E_mode,0
68,$4000_duty,3
68,$4000_const,1
68,$4000_vol,15
68,$4002_period,539
68,$400B_length,9
68,$4004_duty,1
68,$4004_const,1
68,$4004_vol,11
68,$4008_linear,127
68,$400A_period,807
68,$400B_length,9
68,$400C_const,1
68,$400C_vol,7
68,$400E_period,11
68,$400E_mode,0
69,$4000_duty,3
69,$4000_const,1
69,$4000_vol,12
69,$4004_duty,1
69,$4004_const,1
69,$4004_vol,13
69,$4008_linear,127
69,$400C_const,1
69,$400C_vol,6
69,$400E_period,11
69,$400E_mode,0
70,$4000_duty,3
70,$4000_const,1
70,$4000_vol,9
70,$4004_duty,1
70,$4004_const,1
70,$4004_vol,13
70,$4008_linear,127
70,$400C_const,1
70,$400C_vol,12
70,$400E_period,11
70,$400E_mode,0
71,$4000_duty,3
71,$4000_const,1
71,$4000_vol,6
71,$4004_duty,1
71,$4004_const,1
71,$4004_vol,15
71,$4006_period,539
71,$4008_linear,0
71,$400C_const,1
71,$400C_vol,9
71,$400E_period,11
71,$400E_mode,0
72,$4000_duty,3
72,$4000_const,1
72,$4000_vol,8
72,$4004_duty,1
72,$4004_const,1
72,$4004_vol,12
72,$4008_linear,127
72,$400A_period,807
72,$400B_length,9
72,$400C_const,1
72,$400C_vol,8
72,$400E_period,11
72,$400E_mode,0
73,$4000_duty,3
73,$4000_const,1
73,$4000_vol,11
73,$4004_duty,1
73,$4004_const,1
73,$4004_vol,9
73,$4008_linear,127
73,$400A_period,403
73,$400B_length,8
73,$400C_const,1
73,$400C_vol,7
73,$400E_period,11
73,$400E_mode,0
74,$4000_duty,3
74,$4000_const,1
74,$4000_vol,15
74,$4002_period,807
74,$400B_length,9
74,$4004_duty,1
74,$4004_const,1
74,$4004_vol,6
74,$4008_linear,127
74,$400C_const,1
74,$400C_vol,6
74,$400E_period,11
74,$400E_mode,0
75,$4000_duty,3
75,$4000_const,1
75,$4000_vol,15
75,$4002_period,641
75,$400B_length,9
75,$4004_duty,1
75,$4004_const,1
75,$4004_vol,15
75,$4006_period,641
75,$4008_linear,127
75,$400C_const,1
75,$400C_vol,5
75,$400E_period,11
75,$400E_mode,0
76,$4000_duty,3
76,$4000_const,1
76,$4000_vol,12
76,$4004_duty,1
76,$4004_const,1
76,$4004_vol,12
76,$4008_linear,0
76,$400C_const,1
76,$400C_vol,4
76,$400E_period,11
76,$400E_mode,0
77,$4000_duty,3
77,$4000_const,1
77,$4000_vol,9
77,$4004_duty,1
77,$4004_const,1
77,$4004_vol,9
77,$4008_linear,127
77,$400A_period,403
77,$400B_length,8
77,$400C_const,1
77,$400C_vol,3
77,$400E_period,11
77,$400E_mode,0
78,$4000_duty,3
78,$4000_const,1
78,$4000_vol,6
78,$4004_duty,1
78,$4004_const,1
78,$4004_vol,6
78,$4008_linear,127
78,$400C_const,1
78,$400C_vol,12
78,$400E_period,11
78,$400E_mode,0
79,$4000_duty,3
79,$4000_const,1
79,$4000_vol,15
79,$4002_period,539
79,$400B_length,9
79,$4004_duty,1
79,$4004_const,1
79,$4004_vol,15
79,$4006_period,807
79,$4008_linear,127
79,$400C_const,1
79,$400C_vol,9
79,$400E_period,11
79,$400E_mode,0
80,$4000_duty,3
80,$4000_const,1
80,$4000_vol,15
80,$4002_period,403
80,$400B_length,8
80,$4004_duty,1
80,$4004_const,1
80,$4004_vol,12
80,$4008_linear,0
80,$400C_const,1
80,$400C_vol,8
80,$400E_period,11
80,$400E_mode,0
81,$4000_duty,3
81,$4000_const,1
81,$4000_vol,15
81,$4002_period,339
81,$400B_length,8
81,$4004_duty,1
81,$4004_const,1
81,$4004_vol,9
81,$4008_linear,127
81,$400A_period,403
81,$400B_length,8
81,$400C_const,1
81,$400C_vol,7
81,$400E_period,11
81,$400E_mode,0
82,$4000_duty,3
82,$4000_const,1
82,$4000_vol,12
82,$4004_duty,1
82,$4004_const,1
82,$4004_vol,6
82,$4008_linear,127
82,$400C_const,1
82,$400C_vol,6
82,$400E_period,11
82,$400E_mode,0
83,$4000_duty,3
83,$4000_const,1
83,$4000_vol,9
83,$4004_duty,1
83,$4004_const,1
83,$4004_vol,8
83,$4008_linear,127
83,$400C_const,1
83,$400C_vol,12
83,$400E_period,11
83,$400E_mode,0
84,$4000_duty,3
84,$4000_const,1
84,$4000_vol,6
84,$4004_duty,1
84,$4004_const,1
84,$4004_vol,11
84,$4008_linear,0
84,$400C_const,1
84,$400C_vol,9
84,$400E_period,11
84,$400E_mode,0
85,$4000_duty,3
85,$4000_const,1
85,$4000_vol,15
85,$4002_period,321
85,$400B_length,8
85,$4004_duty,1
85,$4004_const,1
85,$4004_vol,15
85,$4006_period,1281
85,$4008_linear,127
85,$400A_period,807
85,$400B_length,9
85,$400C_const,1
85,$400C_vol,8
85,$400E_period,11
85,$400E_mode,0
86,$4000_duty,3
86,$4000_const,1
86,$4000_vol,12
86,$4004_duty,1
86,$4004_const,1
86,$4004_vol,15
86,$4006_period,1077
86,$4008_linear,127
86,$400C_const,1
86,$400C_vol,7
86,$400E_period,11
86,$400E_mode,0
87,$4000_duty,3
87,$4000_const,1
87,$4000_vol,9
87,$4004_duty,1
87,$4004_const,1
87,$4004_vol,15
87,$4006_period,907
87,$4008_linear,127
87,$400C_const,1
87,$400C_vol,6
87,$400E_period,11
87,$400E_mode,0
88,$4000_duty,3
88,$4000_const,1
88,$4000_vol,6
88,$4004_duty,1
88,$4004_const,1
88,$4004_vol,15
88,$4006_period,641
88,$4008_linear,0
88,$400C_const,1
88,$400C_vol,5
88,$400E_period,11
88,$400E_mode,0
89,$4000_duty,3
89,$4000_const,1
89,$4000_vol,15
89,$4002_period,359
89,$400B_length,8
89,$4004_duty,1
89,$4004_const,1
89,$4004_vol,12
89,$4008_linear,127
89,$400A_period,807
89,$400B_length,9
89,$400C_const,1
89,$400C_vol,4
89,$400E_period,11
89,$400E_mode,0
90,$4000_duty,3
90,$4000_const,1
90,$4000_vol,12
90,$4004_duty,1
90,$4004_const,1
90,$4004_vol,9
90,$4008_linear,127
90,$400A_period,403
90,$400B_length,8
90,$400C_const,1
90,$400C_vol,3
90,$400E_period,11
90,$400E_mode,0
91,$4000_duty,3
91,$4000_const,1
91,$4000_vol,9
91,$4004_duty,1
91,$4004_const,1
91,$4004_vol,6
91,$4008_linear,127
91,$400C_const,1
91,$400C_vol,12
91,$400E_period,11
91,$400E_mode,0
92,$4000_duty,3
92,$4000_const,1
92,$4000_vol,6
92,$4004_duty,1
92,$4004_const,1
92,$4004_vol,15
92,$4006_period,605
92,$4008_linear,127
92,$400C_const,1
92,$400C_vol,9
92,$400E_period,11
92,$400E_mode,0
93,$4000_duty,3
93,$4000_const,1
93,$4000_vol,15
93,$4002_period,403
93,$400B_length,8
93,$4004_duty,1
93,$4004_const,1
93,$4004_vol,12
93,$4008_linear,0
93,$400C_const,1
93,$400C_vol,8
93,$400E_period,11
93,$400E_mode,0
94,$4000_duty,3
94,$4000_const,1
94,$4000_vol,12
94,$4004_duty,1
94,$4004_const,1
94,$4004_vol,9
94,$4008_linear,127
94,$400A_period,403
94,$400B_length,8
94,$400C_const,1
94,$400C_vol,7
94,$400E_period,11
94,$400E_mode,0
95,$4000_duty,3
95,$4000_const,1
95,$4000_vol,9
95,$4004_duty,1
95,$4004_const,1
95,$4004_vol,6
95,$4008_linear,127
95,$400C_const,1
95,$400C_vol,6
95,$400E_period,11
95,$400E_mode,0
96,$4000_duty,3
96,$4000_const,1
96,$4000_vol,6
96,$4004_duty,1
96,$4004_const,1
96,$4004_vol,8
96,$4008_linear,127
96,$400C_const,1
96,$400C_vol,12
96,$400E_period,11
96,$400E_mode,0
97,$4000_duty,3
97,$4000_const,1
97,$4000_vol,8
97,$4004_duty,1
97,$4004_const,1
97,$4004_vol,15
97,$4006_period,605
97,$4008_linear,0
97,$400C_const,1
97,$400C_vol,9
97,$400E_period,11
97,$400E_mode,0
98,$4000_duty,3
98,$4000_const,1
98,$4000_vol,11
98,$4004_duty,1
98,$4004_const,1
98,$4004_vol,12
98,$4008_linear,127
98,$400A_period,807
98,$400B_length,9
98,$400C_const,1
98,$400C_vol,8
98,$400E_period,11
98,$400E_mode,0
99,$4000_duty,3
99,$4000_const,1
99,$4000_vol,15
99,$4002_period,339
99,$400B_length,8
99,$4004_duty,1
99,$4004_const,1
99,$4004_vol,9
99,$4008_linear,127
99,$400C_const,1
99,$400C_vol,7
99,$400E_period,11
99,$400E_mode,0
100,$4000_duty,3
100,$4000_const,1
100,$4000_vol,12
100,$4004_duty,1
100,$4004_const,1
100,$4004_vol,6
100,$4008_linear,127
100,$400C_const,1
100,$400C_vol,6
100,$400E_period,11
100,$400E_mode,0
101,$4000_duty,3
101,$4000_const,1
101,$4000_vol,9
101,$4004_duty,1
101,$4004_const,1
101,$4004_vol,15
101,$4006_period,539
101,$4008_linear,0
101,$400C_const,1
101,$400C_vol,5
101,$400E_period,11
101,$400E_mode,0
102,$4000_duty,3
102,$4000_const,1
102,$4000_vol,6
102,$4004_duty,1
102,$4004_const,1
102,$4004_vol,12
102,$4008_linear,127
102,$400A_period,807
102,$400B_length,9
102,$400C_const,1
102,$400C_vol,4
102,$400E_period,11
102,$400E_mode,0
103,$4000_duty,3
103,$4000_const,1
103,$4000_vol,15
103,$4002_period,321
103,$400B_length,8
103,$4004_duty,1
103,$4004_const,1
103,$4004_vol,9
103,$4008_linear,127
103,$400C_const,1
103,$400C_vol,3
103,$400E_period,11
103,$400E_mode,0
104,$4000_duty,3
104,$4000_const,1
104,$4000_vol,12
104,$4004_duty,1
104,$4004_const,1
104,$4004_vol,6
104,$4008_linear,127
104,$400C_const,1
104,$400C_vol,12
104,$400E_period,11
104,$400E_mode,0
105,$4000_duty,3
105,$4000_const,1
105,$4000_vol,9
105,$4004_duty,1
105,$4004_const,1
105,$4004_vol,15
105,$4006_period,481
105,$4008_linear,0
105,$400C_const,1
105,$400C_vol,9
105,$400E_period,11
105,$400E_mode,0
106,$4000_duty,3
106,$4000_const,1
106,$4000_vol,6
106,$4004_duty,1
106,$4004_const,1
106,$4004_vol,12
106,$400C_const,1
106,$400C_vol,8
106,$400E_period,11
106,$400E_mode,0
107,$4000_duty,3
107,$4000_const,1
107,$4000_vol,15
107,$4002_period,359
107,$400B_length,8
107,$4004_duty,1
107,$4004_const,1
107,$4004_vol,9
107,$4008_linear,127
107,$400A_period,403
107,$400B_length,8
107,$400C_const,1
107,$400C_vol,7
107,$400E_period,11
107,$400E_mode,0
108,$4000_duty,3
108,$4000_const,1
108,$4000_vol,12
108,$4004_duty,1
108,$4004_const,1
108,$4004_vol,6
108,$4008_linear,127
108,$400A_period,403
108,$400B_length,8
108,$400C_const,1
108,$400C_vol,6
108,$400E_period,11
108,$400E_mode,0
109,$4000_duty,3
109,$4000_const,1
109,$4000_vol,9
109,$4004_duty,1
109,$4004_const,1
109,$4004_vol,8
109,$4008_linear,127
109,$400C_const,1
109,$400C_vol,5
109,$400E_period,11
109,$400E_mode,0
110,$4000_duty,3
110,$4000_const,1
110,$4000_vol,6
110,$4004_duty,1
110,$4004_const,1
110,$4004_vol,15
110,$4006_period,605
110,$4008_linear,127
110,$400C_const,1
110,$400C_vol,4
110,$400E_period,11
110,$400E_mode,0
111,$4000_duty,3
111,$4000_const,1
111,$4000_vol,15
111,$4002_period,403
111,$400B_length,8
111,$4004_duty,1
111,$4004_const,1
111,$4004_vol,12
111,$4008_linear,0
111,$400C_const,1
111,$400C_vol,3
111,$400E_period,11
111,$400E_mode,0
112,$4000_duty,3
112,$4000_const,1
112,$4000_vol,12
112,$4004_duty,1
112,$4004_const,1
112,$4004_vol,9
112,$4008_linear,127
112,$400A_period,807
112,$400B_length,9
112,$400C_const,1
112,$400C_vol,12
112,$400E_period,11
112,$400E_mode,0
113,$4000_duty,3
113,$4000_const,1
113,$4000_vol,9
113,$4004_duty,1
113,$4004_const,1
113,$4004_vol,6
113,$4008_linear,127
113,$400C_const,1
113,$400C_vol,11
113,$400E_period,11
113,$400E_mode,0
114,$4000_duty,3
114,$4000_const,1
114,$4000_vol,6
114,$4004_duty,1
114,$4004_const,1
114,$4004_vol,15
114,$4006_period,605
114,$4008_linear,127
114,$400C_const,1
114,$400C_vol,10
114,$400E_period,11
114,$400E_mode,0
115,$4000_duty,3
115,$4000_const,1
115,$4000_vol,8
115,$4004_duty,1
115,$4004_const,1
115,$4004_vol,14
115,$4008_linear,0
115,$400C_const,1
115,$400C_vol,9
115,$400E_period,11
115,$400E_mode,0
116,$4000_duty,3
116,$4000_const,1
116,$4000_vol,11
116,$4004_duty,1
116,$4004_const,1
116,$4004_vol,14
116,$4008_linear,127
116,$400A_period,807
116,$400B_length,9
116,$400C_const,1
116,$400C_vol,8
116,$400E_period,11
116,$400E_mode,0
117,$4000_duty,3
117,$4000_const,1
117,$4000_vol,13
117,$4004_duty,1
117,$4004_const,1
117,$4004_vol,14
117,$4008_linear,127
117,$400C_const,1
117,$400C_vol,12
117,$400E_period,11
117,$400E_mode,0
118,$4000_duty,3
118,$4000_const,1
118,$4000_vol,13
118,$4004_duty,1
118,$4004_const,1
118,$4004_vol,14
118,$4008_linear,127
118,$400C_const,1
118,$400C_vol,9
118,$400E_period,11
118,$400E_mode,0
119,$4000_duty,3
119,$4000_const,1
119,$4000_vol,10
119,$4004_duty,1
119,$4004_const,1
119,$4004_vol,15
119,$4006_period,605
119,$4008_linear,0
119,$400C_const,1
119,$400C_vol,8
119,$400E_period,11
119,$400E_mode,0
120,$4000_duty,3
120,$4000_const,1
120,$4000_vol,7
120,$4004_duty,1
120,$4004_const,1
120,$4004_vol,12
120,$4008_linear,127
120,$400A_period,403
120,$400B_length,8
120,$400C_const,1
120,$400C_vol,7
120,$400E_period,11
120,$400E_mode,0
121,$4000_duty,3
121,$4000_const,1
121,$4000_vol,7
121,$4004_duty,1
121,$4004_const,1
121,$4004_vol,10
121,$4008_linear,127
121,$400A_period,403
121,$400B_length,8
121,$400C_const,1
121,$400C_vol,6
121,$400E_period,11
121,$400E_mode,0
122,$4000_duty,3
122,$4000_const,1
122,$4000_vol,10
122,$4004_duty,1
122,$4004_const,1
122,$4004_vol,7
122,$4008_linear,127
122,$400C_const,1
122,$400C_vol,5
122,$400E_period,11
122,$400E_mode,0
123,$4000_duty,3
123,$4000_const,1
123,$4000_vol,12
123,$4004_duty,1
123,$4004_const,1
123,$4004_vol,15
123,$4006_period,539
123,$4008_linear,127
123,$400C_const,1
123,$400C_vol,4
123,$400E_period,11
123,$400E_mode,0
124,$4000_duty,3
124,$4000_const,1
124,$4000_vol,15
124,$4002_period,403
124,$400B_length,8
124,$4004_duty,1
124,$4004_const,1
124,$4004_vol,12
124,$4008_linear,0
124,$400C_const,1
124,$400C_vol,3
124,$400E_period,11
124,$400E_mode,0
125,$4000_duty,3
125,$4000_const,1
125,$4000_vol,12
125,$4004_duty,1
125,$4004_const,1
125,$4004_vol,10
125,$4008_linear,127
125,$400A_period,807
125,$400B_length,9
125,$400C_const,1
125,$400C_vol,12
125,$400E_period,11
125,$400E_mode,0
126,$4000_duty,3
126,$4000_const,1
126,$4000_vol,9
126,$4004_duty,1
126,$4004_const,1
126,$4004_vol,7
126,$4008_linear,127
126,$400C_const,1
126,$400C_vol,11
126,$400E_period,11
126,$400E_mode,0
127,$4000_duty,3
127,$4000_const,1
127,$4000_vol,6
127,$4004_duty,1
127,$4004_const,1
127,$4004_vol,15
127,$4006_period,509
127,$4008_linear,127
127,$400C_const,1
127,$400C_vol,10
127,$400E_period,11
127,$400E_mode,0
128,$4000_duty,3
128,$4000_const,1
128,$4000_vol,15
128,$4002_period,453
128,$400B_length,8
128,$4004_duty,1
128,$4004_const,1
128,$4004_vol,12
128,$4008_linear,0
128,$400C_const,1
128,$400C_vol,9
128,$400E_period,11
128,$400E_mode,0
129,$4000_duty,3
129,$4000_const,1
129,$4000_vol,12
129,$4004_duty,1
129,$4004_const,1
129,$4004_vol,10
129,$4008_linear,127
129,$400A_period,807
129,$400B_length,9
129,$400C_const,1
129,$400C_vol,8
129,$400E_period,11
129,$400E_mode,0
130,$4000_duty,3
130,$4000_const,1
130,$4000_vol,9
130,$4004_duty,1
130,$4004_const,1
130,$4004_vol,7
130,$4008_linear,127
130,$400C_const,1
130,$400C_vol,12
130,$400E_period,11
130,$400E_mode,0
131,$4000_duty,3
131,$4000_const,1
131,$4000_vol,6
131,$4004_duty,1
131,$4004_const,1
131,$4004_vol,15
131,$4006_period,605
131,$4008_linear,127
131,$400C_const,1
131,$400C_vol,9
131,$400E_period,11
131,$400E_mode,0
132,$4000_duty,3
132,$4000_const,1
132,$4000_vol,15
132,$4002_period,509
132,$400B_length,8
132,$4004_duty,1
132,$4004_const,1
132,$4004_vol,12
132,$4008_linear,0
132,$400C_const,1
132,$400C_vol,8
132,$400E_period,11
132,$400E_mode,0
133,$4000_duty,3
133,$4000_const,1
133,$4000_vol,12
133,$4004_duty,1
133,$4004_const,1
133,$4004_vol,10
133,$4008_linear,127
133,$400A_period,403
133,$400B_length,8
133,$400C_const,1
133,$400C_vol,7
133,$400E_period,11
133,$400E_mode,0
134,$4000_duty,3
134,$4000_const,1
134,$4000_vol,9
134,$4004_duty,1
134,$4004_const,1
134,$4004_vol,7
134,$4008_linear,127
134,$400C_const,1
134,$400C_vol,6
134,$400E_period,11
134,$400E_mode,0
135,$4000_duty,3
135,$4000_const,1
135,$4000_vol,6
135,$4004_duty,1
135,$4004_const,1
135,$4004_vol,15
135,$4006_period,509
135,$4008_linear,127
135,$400C_const,1
135,$400C_vol,5
135,$400E_period,11
135,$400E_mode,0
136,$4000_duty,3
136,$4000_const,1
136,$4000_vol,15
136,$4002_period,453
136,$400B_length,8
136,$4004_duty,1
136,$4004_const,1
136,$4004_vol,15
136,$4006_period,539
136,$4008_linear,0
136,$400C_const,1
136,$400C_vol,4
136,$400E_period,11
136,$400E_mode,0
137,$4000_duty,3
137,$4000_const,1
137,$4000_vol,12
137,$4004_duty,1
137,$4004_const,1
137,$4004_vol,12
137,$4008_linear,127
137,$400A_period,403
137,$400B_length,8
137,$400C_const,1
137,$400C_vol,3
137,$400E_period,11
137,$400E_mode,0
138,$4000_duty,3
138,$4000_const,1
138,$4000_vol,9
138,$4004_duty,1
138,$4004_const,1
138,$4004_vol,10
138,$4008_linear,127
138,$400C_const,1
138,$400C_vol,12
138,$400E_period,11
138,$400E_mode,0
139,$4000_duty,3
139,$4000_const,1
139,$4000_vol,6
139,$4004_duty,1
139,$4004_const,1
139,$4004_vol,9
139,$4008_linear,127
139,$400C_const,1
139,$400C_vol,11
139,$400E_period,11
139,$400E_mode,0
140,$4000_duty,3
140,$4000_const,1
140,$4000_vol,15
140,$4002_period,403
140,$400B_length,8
140,$4004_duty,1
140,$4004_const,1
140,$4004_vol,15
140,$4006_period,605
140,$4008_linear,0
140,$400C_const,1
140,$400C_vol,10
140,$400E_period,11
140,$400E_mode,0
141,$4000_duty,3
141,$4000_const,1
141,$4000_vol,15
141,$4002_period,539
141,$400B_length,9
141,$4004_duty,1
141,$4004_const,1
141,$4004_vol,12
141,$4008_linear,127
141,$400A_period,403
141,$400B_length,8
141,$400C_const,1
141,$400C_vol,9
141,$400E_period,11
141,$400E_mode,0
142,$4000_duty,3
142,$4000_const,1
142,$4000_vol,12
142,$4004_duty,1
142,$4004_const,1
142,$4004_vol,10
142,$4008_linear,127
142,$400A_period,807
142,$400B_length,9
142,$400C_const,1
142,$400C_vol,8
142,$400E_period,11
142,$400E_mode,0
143,$4000_duty,3
143,$4000_const,1
143,$4000_vol,15
143,$4002_period,481
143,$400B_length,8
143,$4004_duty,1
143,$4004_const,1
143,$4004_vol,9
143,$4008_linear,127
143,$400C_const,1
143,$400C_vol,12
143,$400E_period,11
143,$400E_mode,0
144,$4000_duty,3
144,$4000_const,1
144,$4000_vol,12
144,$4004_duty,1
144,$4004_const,1
144,$4004_vol,15
144,$4006_period,539
144,$4008_linear,127
144,$400C_const,1
144,$400C_vol,9
144,$400E_period,11
144,$400E_mode,0
145,$4000_duty,3
145,$4000_const,1
145,$4000_vol,9
145,$4004_duty,1
145,$4004_const,1
145,$4004_vol,12
145,$4008_linear,0
145,$400C_const,1
145,$400C_vol,8
145,$400E_period,11
145,$400E_mode,0
146,$4000_duty,3
146,$4000_const,1
146,$4000_vol,6
146,$4004_duty,1
146,$4004_const,1
146,$4004_vol,10
146,$4008_linear,127
146,$400A_period,807
146,$400B_length,9
146,$400C_const,1
146,$400C_vol,7
146,$400E_period,11
146,$400E_mode,0
147,$4000_duty,3
147,$4000_const,1
147,$4000_vol,15
147,$4002_period,641
147,$400B_length,9
147,$4004_duty,1
147,$4004_const,1
147,$4004_vol,9
147,$4008_linear,127
147,$400C_const,1
147,$400C_vol,6
147,$400E_period,11
147,$400E_mode,0
148,$4000_duty,3
148,$4000_const,1
148,$4000_vol,15
148,$4002_period,807
148,$400B_length,9
148,$4004_duty,1
148,$4004_const,1
148,$4004_vol,15
148,$4006_period,641
148,$4008_linear,127
148,$400C_const,1
148,$400C_vol,5
148,$400E_period,11
148,$400E_mode,0
149,$4000_duty,3
149,$4000_const,1
149,$4000_vol,15
149,$4002_period,719
149,$400B_length,9
149,$4004_duty,1
149,$4004_const,1
149,$4004_vol,12
149,$4008_linear,0
149,$400C_const,1
149,$400C_vol,4
149,$400E_period,11
149,$400E_mode,0
150,$4000_duty,3
150,$4000_const,1
150,$4000_vol,15
150,$4002_period,403
150,$400B_length,8
150,$4004_duty,1
150,$4004_const,1
150,$4004_vol,10
150,$4008_linear,127
150,$400A_period,403
150,$400B_length,8
150,$400C_const,1
150,$400C_vol,3
150,$400E_period,11
150,$400E_mode,0
151,$4000_duty,3
151,$4000_const,1
151,$4000_vol,15
151,$4002_period,539
151,$400B_length,9
151,$4004_duty,1
151,$4004_const,1
151,$4004_vol,9
151,$4008_linear,127
151,$400C_const,1
151,$400C_vol,12
151,$400E_period,11
151,$400E_mode,0
152,$4000_duty,3
152,$4000_const,1
152,$4000_vol,15
152,$4002_period,481
152,$400B_length,8
152,$4004_duty,1
152,$4004_const,1
152,$4004_vol,15
152,$4006_period,605
152,$4008_linear,127
152,$400C_const,1
152,$400C_vol,9
152,$400E_period,11
152,$400E_mode,0
153,$4000_duty,3
153,$4000_const,1
153,$4000_vol,12
153,$4004_duty,1
153,$4004_const,1
153,$4004_vol,12
153,$4008_linear,0
153,$400C_const,1
153,$400C_vol,8
153,$400E_period,11
153,$400E_mode,0
154,$4000_duty,3
154,$4000_const,1
154,$4000_vol,9
154,$4004_duty,1
154,$4004_const,1
154,$4004_vol,10
154,$4008_linear,127
154,$400A_period,403
154,$400B_length,8
154,$400C_const,1
154,$400C_vol,7
154,$400E_period,11
154,$400E_mode,0
155,$4000_duty,3
155,$4000_const,1
155,$4000_vol,6
155,$4004_duty,1
155,$4004_const,1
155,$4004_vol,9
155,$4008_linear,127
155,$400A_period,807
155,$400B_length,9
155,$400C_const,1
155,$400C_vol,6
155,$400E_period,11
155,$400E_mode,0
156,$4000_duty,3
156,$4000_const,1
156,$4000_vol,15
156,$4002_period,641
156,$400B_length,9
156,$4004_duty,1
156,$4004_const,1
156,$4004_vol,15
156,$4006_period,539
156,$4008_linear,127
156,$400C_const,1
156,$400C_vol,12
156,$400E_period,11
156,$400E_mode,0
157,$4000_duty,3
157,$4000_const,1
157,$4000_vol,12
157,$4004_duty,1
157,$4004_const,1
157,$4004_vol,12
157,$4008_linear,127
157,$400C_const,1
157,$400C_vol,9
157,$400E_period,11
157,$400E_mode,0
158,$4000_duty,3
158,$4000_const,1
158,$4000_vol,15
158,$4002_period,807
158,$400B_length,9
158,$4004_duty,1
158,$4004_const,1
158,$4004_vol,10
158,$4008_linear,0
158,$400C_const,1
158,$400C_vol,8
158,$400E_period,11
158,$400E_mode,0
159,$4000_duty,3
159,$4000_const,1
159,$4000_vol,15
159,$4002_period,719
159,$400B_length,9
159,$4004_duty,1
159,$4004_const,1
159,$4004_vol,9
159,$4008_linear,127
159,$400A_period,807
159,$400B_length,9
159,$400C_const,1
159,$400C_vol,7
159,$400E_period,11
159,$400E_mode,0
160,$4000_duty,3
160,$4000_const,1
160,$4000_vol,12
160,$4004_duty,1
160,$4004_const,1
160,$4004_vol,15
160,$4006_period,641
160,$4008_linear,127
160,$400C_const,1
160,$400C_vol,6
160,$400E_period,11
160,$400E_mode,0
161,$4000_duty,3
161,$4000_const,1
161,$4000_vol,9
161,$4004_duty,1
161,$4004_const,1
161,$4004_vol,12
161,$4008_linear,127
161,$400C_const,1
161,$400C_vol,5
161,$400E_period,11
161,$400E_mode,0
162,$4000_duty,3
162,$4000_const,1
162,$4000_vol,6
162,$4004_duty,1
162,$4004_const,1
162,$4004_vol,10
162,$4008_linear,0
162,$400C_const,1
162,$400C_vol,4
162,$400E_period,11
162,$400E_mode,0
163,$4000_duty,3
163,$4000_const,1
163,$4000_vol,15
163,$4002_period,807
163,$400B_length,9
163,$4004_duty,1
163,$4004_const,1
163,$4004_vol,9
163,$4008_linear,127
163,$400A_period,403
163,$400B_length,8
163,$400C_const,1
163,$400C_vol,3
163,$400E_period,11
163,$400E_mode,0
164,$4000_duty,3
164,$4000_const,1
164,$4000_vol,12
164,$4004_duty,1
164,$4004_const,1
164,$4004_vol,9
164,$4008_linear,127
164,$400C_const,1
164,$400C_vol,12
164,$400E_period,11
164,$400E_mode,0
165,$4000_duty,3
165,$4000_const,1
165,$4000_vol,10
165,$4004_duty,1
165,$4004_const,1
165,$4004_vol,9
165,$4008_linear,127
165,$400C_const,1
165,$400C_vol,9
165,$400E_period,11
165,$400E_mode,0
166,$4000_duty,3
166,$4000_const,1
166,$4000_vol,7
166,$4004_duty,1
166,$4004_const,1
166,$4004_vol,9
166,$4008_linear,0
166,$400C_const,1
166,$400C_vol,8
166,$400E_period,11
166,$400E_mode,0
167,$4000_duty,3
167,$4000_const,1
167,$4000_vol,15
167,$4002_period,1615
167,$400B_length,11
167,$4004_duty,1
167,$4004_const,1
167,$4004_vol,8
167,$4008_linear,127
167,$400A_period,403
167,$400B_length,8
167,$400C_const,1
167,$400C_vol,7
167,$400E_period,11
167,$400E_mode,0
168,$4000_duty,3
168,$4000_const,1
168,$4000_vol,15
168,$4002_period,1615
168,$400B_length,11
168,$4004_duty,1
168,$4004_const,1
168,$4004_vol,15
168,$4006_period,641
168,$4008_linear,127
168,$400C_const,1
168,$400C_vol,6
168,$400E_period,11
168,$400E_mode,0
169,$4000_duty,3
169,$4000_const,1
169,$4000_vol,12
169,$4004_duty,1
169,$4004_const,1
169,$4004_vol,12
169,$4008_linear,127
169,$400C_const,1
169,$400C_vol,12
169,$400E_period,11
169,$400E_mode,0
170,$4000_duty,3
170,$4000_const,1
170,$4000_vol,10
170,$4004_duty,1
170,$4004_const,1
170,$4004_vol,10
170,$4008_linear,0
170,$400C_const,1
170,$400C_vol,9
170,$400E_period,11
170,$400E_mode,0
171,$4000_duty,3
171,$4000_const,1
171,$4000_vol,7
171,$4004_duty,1
171,$4004_const,1
171,$4004_vol,9
171,$4008_linear,127
171,$400A_period,403
171,$400B_length,8
171,$400C_const,1
171,$400C_vol,8
171,$400E_period,11
171,$400E_mode,0
172,$4000_duty,3
172,$4000_const,1
172,$4000_vol,7
172,$4004_duty,1
172,$4004_const,1
172,$4004_vol,15
172,$4006_period,719
172,$4008_linear,127
172,$400C_const,1
172,$400C_vol,7
172,$400E_period,11
172,$400E_mode,0
173,$4000_duty,3
173,$4000_const,1
173,$4000_vol,7
173,$4004_duty,1
173,$4004_const,1
173,$4004_vol,12
173,$4008_linear,127
173,$400C_const,1
173,$400C_vol,6
173,$400E_period,11
173,$400E_mode,0
174,$4000_duty,3
174,$4000_const,1
174,$4000_vol,6
174,$4004_duty,1
174,$4004_const,1
174,$4004_vol,10
174,$4008_linear,0
174,$400C_const,1
174,$400C_vol,5
174,$400E_period,11
174,$400E_mode,0
175,$4000_duty,3
175,$4000_const,1
175,$4000_vol,6
175,$4004_duty,1
175,$4004_const,1
175,$4004_vol,9
175,$4008_linear,127
175,$400A_period,807
175,$400B_length,9
175,$400C_const,1
175,$400C_vol,4
175,$400E_period,11
175,$400E_mode,0
176,$4000_duty,3
176,$4000_const,1
176,$4000_vol,6
176,$4000_duty,0
176,$4000_const,1
176,$4000_vol,0
176,$4004_duty,1
176,$4004_const,1
176,$4004_vol,15
176,$4006_period,807
176,$4008_linear,127
176,$400C_const,1
176,$400C_vol,3
176,$400E_period,11
176,$400E_mode,0
177,$4004_duty,1
177,$4004_const,1
177,$4004_vol,12
177,$4008_linear,127
177,$400C_const,1
177,$400C_vol,12
177,$400E_period,11
177,$400E_mode,0
178,$4004_duty,1
178,$4004_const,1
178,$4004_vol,10
178,$4008_linear,0
178,$400C_const,1
178,$400C_vol,9
178,$400E_period,11
178,$400E_mode,0
179,$4004_duty,1
179,$4004_const,1
179,$4004_vol,7
179,$4008_linear,127
179,$400A_period,719
179,$400B_length,9
179,$400C_const,1
179,$400C_vol,8
179,$400E_period,11
179,$400E_mode,0
180,$4004_duty,1
180,$4004_const,1
180,$4004_vol,15
180,$4006_period,807
180,$4008_linear,127
180,$400A_period,359
180,$400B_length,8
180,$400C_const,1
180,$400C_vol,7
180,$400E_period,11
180,$400E_mode,0
181,$4004_duty,1
181,$4004_const,1
181,$4004_vol,12
181,$4008_linear,127
181,$400C_const,1
181,$400C_vol,6
181,$400E_period,11
181,$400E_mode,0
182,$4004_duty,1
182,$4004_const,1
182,$4004_vol,10
182,$4008_linear,127
182,$400C_const,1
182,$400C_vol,12
182,$400E_period,11
182,$400E_mode,0
183,$4004_duty,1
183,$4004_const,1
183,$4004_vol,7
183,$4008_linear,0
183,$400C_const,1
183,$400C_vol,9
183,$400E_period,11
183,$400E_mode,0
184,$4004_duty,1
184,$4004_const,1
184,$4004_vol,15
184,$4006_period,719
184,$4008_linear,127
184,$400A_period,359
184,$400B_length,8
184,$400C_const,1
184,$400C_vol,8
184,$400E_period,11
184,$400E_mode,0
185,$4004_duty,1
185,$4004_const,1
185,$4004_vol,12
185,$4008_linear,127
185,$400C_const,1
185,$400C_vol,7
185,$400E_period,11
185,$400E_mode,0
186,$4004_duty,1
186,$4004_const,1
186,$4004_vol,10
186,$4008_linear,127
186,$400C_const,1
186,$400C_vol,6
186,$400E_period,11
186,$400E_mode,0
187,$4004_duty,1
187,$4004_const,1
187,$4004_vol,7
187,$4008_linear,0
187,$400C_const,1
187,$400C_vol,5
187,$400E_period,11
187,$400E_mode,0
188,$4004_duty,1
188,$4004_const,1
188,$4004_vol,15
188,$4006_period,641
188,$4008_linear,127
188,$400A_period,719
188,$400B_length,9
188,$400C_const,1
188,$400C_vol,4
188,$400E_period,11
188,$400E_mode,0
189,$4004_duty,1
189,$4004_const,1
189,$4004_vol,12
189,$4008_linear,127
189,$400C_const,1
189,$400C_vol,3
189,$400E_period,11
189,$400E_mode,0
190,$4004_duty,1
190,$4004_const,1
190,$4004_vol,10
190,$4008_linear,127
190,$400C_const,1
190,$400C_vol,12
190,$400E_period,11
190,$400E_mode,0
191,$4004_duty,1
191,$4004_const,1
191,$4004_vol,7
191,$4008_linear,0
191,$400C_const,1
191,$400C_vol,9
191,$400E_period,11
191,$400E_mode,0
192,$4004_duty,1
192,$4004_const,1
192,$4004_vol,15
192,$4006_period,807
192,$4008_linear,127
192,$400A_period,539
192,$400B_length,9
192,$400C_const,1
192,$400C_vol,8
192,$400E_period,11
192,$400E_mode,0
193,$4004_duty,1
193,$4004_const,1
193,$4004_vol,12
193,$4008_linear,127
193,$400C_const,1
193,$400C_vol,7
193,$400E_period,11
193,$400E_mode,0
194,$4004_duty,1
194,$4004_const,1
194,$4004_vol,10
194,$4008_linear,127
194,$400C_const,1
194,$400C_vol,6
194,$400E_period,11
194,$400E_mode,0
195,$4004_duty,1
195,$4004_const,1
195,$4004_vol,7
195,$4008_linear,0
195,$400C_const,1
195,$400C_vol,5
195,$400E_period,11
195,$400E_mode,0
196,$4004_duty,1
196,$4004_const,1
196,$4004_vol,7
196,$4008_linear,0
196,$400C_const,1
196,$400C_vol,4
196,$400E_period,11
196,$400E_mode,0
197,$4004_duty,1
197,$4004_const,1
197,$4004_vol,7
197,$400C_const,1
197,$400C_vol,3
197,$400E_period,11
197,$400E_mode,0
198,$4004_duty,1
198,$4004_const,1
198,$4004_vol,6
198,$400C_const,1
198,$400C_vol,12
198,$400E_period,11
198,$400E_mode,0
199,$4004_duty,1
199,$4004_const,1
199,$4004_vol,6
199,$400C_const,1
199,$400C_vol,11
199,$400E_period,11
199,$400E_mode,0
200,$4004_duty,1
200,$4004_const,1
200,$4004_vol,15
200,$4006_period,807
200,$4008_linear,127
200,$400A_period,1077
200,$400B_length,10
200,$400C_const,1
200,$400C_vol,10
200,$400E_period,11
200,$400E_mode,0
201,$4004_duty,1
201,$4004_const,1
201,$4004_vol,12
201,$4008_linear,127
201,$400A_period,807
201,$400B_length,9
201,$400C_const,1
201,$400C_vol,9
201,$400E_period,11
201,$400E_mode,0
202,$4004_duty,1
202,$4004_const,1
202,$4004_vol,10
202,$4008_linear,127
202,$400A_period,807
202,$400B_length,9
202,$400C_const,1
202,$400C_vol,8
202,$400E_period,11
202,$400E_mode,0
203,$4004_duty,1
203,$4004_const,1
203,$4004_vol,7
203,$4008_linear,127
203,$400C_const,1
203,$400C_vol,12
203,$400E_period,11
203,$400E_mode,0
204,$4004_duty,1
204,$4004_const,1
204,$4004_vol,15
204,$4006_period,855
204,$4008_linear,127
204,$400C_const,1
204,$400C_vol,9
204,$400E_period,11
204,$400E_mode,0
205,$4004_duty,1
205,$4004_const,1
205,$4004_vol,12
205,$4008_linear,0
205,$400C_const,1
205,$400C_vol,8
205,$400E_period,11
205,$400E_mode,0
206,$4004_duty,1
206,$4004_const,1
206,$4004_vol,10
206,$4008_linear,127
206,$400A_period,807
206,$400B_length,9
206,$400C_const,1
206,$400C_vol,7
206,$400E_period,11
206,$400E_mode,0
207,$4004_duty,1
207,$4004_const,1
207,$4004_vol,7
207,$4008_linear,127
207,$400C_const,1
207,$400C_vol,6
207,$400E_period,11
207,$400E_mode,0
208,$4004_duty,1
208,$4004_const,1
208,$4004_vol,15
208,$4006_period,961
208,$4008_linear,127
208,$400C_const,1
208,$400C_vol,5
208,$400E_period,11
208,$400E_mode,0
209,$4004_duty,1
209,$4004_const,1
209,$4004_vol,12
209,$4008_linear,0
209,$400C_const,1
209,$400C_vol,4
209,$400E_period,11
209,$400E_mode,0
210,$4004_duty,1
210,$4004_const,1
210,$4004_vol,10
210,$4008_linear,127
210,$400A_period,641
210,$400B_length,9
210,$400C_const,1
210,$400C_vol,3
210,$400E_period,11
210,$400E_mode,0
211,$4004_duty,1
211,$4004_const,1
211,$4004_vol,7
211,$4008_linear,127
211,$400A_period,641
211,$400B_length,9
211,$400C_const,1
211,$400C_vol,12
211,$400E_period,11
211,$400E_mode,0
212,$4004_duty,1
212,$4004_const,1
212,$4004_vol,15
212,$4006_period,961
212,$4008_linear,127
212,$400C_const,1
212,$400C_vol,11
212,$400E_period,11
212,$400E_mode,0
213,$4004_duty,1
213,$4004_const,1
213,$4004_vol,12
213,$4008_linear,127
213,$400C_const,1
213,$400C_vol,10
213,$400E_period,11
213,$400E_mode,0
214,$4004_duty,1
214,$4004_const,1
214,$4004_vol,10
214,$4008_linear,0
214,$400C_const,1
214,$400C_vol,9
214,$400E_period,11
214,$400E_mode,0
215,$4004_duty,1
215,$4004_const,1
215,$4004_vol,7
215,$4008_linear,127
215,$400A_period,641
215,$400B_length,9
215,$400C_const,1
215,$400C_vol,8
215,$400E_period,11
215,$400E_mode,0
216,$4004_duty,1
216,$4004_const,1
216,$4004_vol,15
216,$4006_period,855
216,$4008_linear,127
216,$400C_const,1
216,$400C_vol,12
216,$400E_period,11
216,$400E_mode,0
217,$4004_duty,1
217,$4004_const,1
217,$4004_vol,12
217,$4008_linear,127
217,$400C_const,1
217,$400C_vol,9
217,$400E_period,11
217,$400E_mode,0
218,$4004_duty,1
218,$4004_const,1
218,$4004_vol,10
218,$4008_linear,0
218,$400C_const,1
218,$400C_vol,8
218,$400E_period,11
218,$400E_mode,0
219,$4004_duty,1
219,$4004_const,1
219,$4004_vol,7
219,$4008_linear,127
219,$400A_period,641
219,$400B_length,9
219,$400C_const,1
219,$400C_vol,7
219,$400E_period,11
219,$400E_mode,0
220,$4004_duty,1
220,$4004_const,1
220,$4004_vol,15
220,$4006_period,807
220,$4008_linear,127
220,$400C_const,1
220,$400C_vol,6
220,$400E_period,11
220,$400E_mode,0
221,$4004_duty,1
221,$4004_const,1
221,$4004_vol,12
221,$4008_linear,127
221,$400C_const,1
221,$400C_vol,5
221,$400E_period,11
221,$400E_mode,0
222,$4004_duty,1
222,$4004_const,1
222,$4004_vol,10
222,$4008_linear,0
222,$400C_const,1
222,$400C_vol,4
222,$400E_period,11
222,$400E_mode,0
223,$4004_duty,1
223,$4004_const,1
223,$4004_vol,7
223,$4008_linear,127
223,$400A_period,641
223,$400B_length,9
223,$400C_const,1
223,$400C_vol,3
223,$400E_period,11
223,$400E_mode,0
224,$4004_duty,1
224,$4004_const,1
224,$4004_vol,15
224,$4006_period,961
224,$4008_linear,127
224,$400C_const,1
224,$400C_vol,12
224,$400E_period,11
224,$400E_mode,0
225,$4004_duty,1
225,$4004_const,1
225,$4004_vol,12
225,$4008_linear,127
225,$400C_const,1
225,$400C_vol,11
225,$400E_period,11
225,$400E_mode,0
226,$4004_duty,1
226,$4004_const,1
226,$4004_vol,10
226,$4008_linear,0
226,$400C_const,1
226,$400C_vol,10
226,$400E_period,11
226,$400E_mode,0
227,$4004_duty,1
227,$4004_const,1
227,$4004_vol,7
227,$4008_linear,127
227,$400A_period,605
227,$400B_length,9
227,$400C_const,1
227,$400C_vol,9
227,$400E_period,11
227,$400E_mode,0
228,$4004_duty,1
228,$4004_const,1
228,$4004_vol,7
228,$4008_linear,127
228,$400A_period,605
228,$400B_length,9
228,$400C_const,1
228,$400C_vol,8
228,$400E_period,11
228,$400E_mode,0
229,$4004_duty,1
229,$4004_const,1
229,$4004_vol,7
229,$4008_linear,127
229,$400C_const,1
229,$400C_vol,12
229,$400E_period,11
229,$400E_mode,0
230,$4004_duty,1
230,$4004_const,1
230,$4004_vol,6
230,$4008_linear,127
230,$400C_const,1
230,$400C_vol,9
230,$400E_period,11
230,$400E_mode,0
231,$4004_duty,1
231,$4004_const,1
231,$4004_vol,6
231,$4008_linear,0
231,$400C_const,1
231,$400C_vol,8
231,$400E_period,11
231,$400E_mode,0
232,$4004_duty,1
232,$4004_const,1
232,$4004_vol,15
232,$4006_period,961
232,$4008_linear,127
232,$400A_period,605
232,$400B_length,9
232,$400C_const,1
232,$400C_vol,7
232,$400E_period,11
232,$400E_mode,0
233,$4004_duty,1
233,$4004_const,1
233,$4004_vol,12
233,$4008_linear,127
233,$400C_const,1
233,$400C_vol,6
233,$400E_period,11
233,$400E_mode,0
234,$4004_duty,1
234,$4004_const,1
234,$4004_vol,10
234,$4008_linear,127
234,$400C_const,1
234,$400C_vol,5
234,$400E_period,11
234,$400E_mode,0
235,$4004_duty,1
235,$4004_const,1
235,$4004_vol,7
235,$4008_linear,0
235,$400C_const,1
235,$400C_vol,4
235,$400E_period,11
235,$400E_mode,0
236,$4004_duty,1
236,$4004_const,1
236,$4004_vol,15
236,$4006_period,1077
236,$4008_linear,127
236,$400A_period,539
236,$400B_length,9
236,$400C_const,1
236,$400C_vol,3
236,$400E_period,11
236,$400E_mode,0
237,$4004_duty,1
237,$4004_const,1
237,$4004_vol,12
237,$4008_linear,127
237,$400A_period,539
237,$400B_length,9
238,$4004_duty,1
238,$4004_const,1
238,$4004_vol,10
238,$4008_linear,127
238,$400C_const,1
238,$400C_vol,0
238,$400E_period,11
238,$400E_mode,0
239,$4004_duty,1
239,$4004_const,1
239,$4004_vol,7
239,$4008_linear,127
239,$400C_const,1
239,$400C_vol,12
239,$400E_period,11
239,$400E_mode,0
240,$4004_duty,1
240,$4004_const,1
240,$4004_vol,15
240,$4006_period,1209
240,$4008_linear,0
240,$400C_const,1
240,$400C_vol,9
240,$400E_period,11
240,$400E_mode,0
241,$4004_duty,1
241,$4004_const,1
241,$4004_vol,12
241,$4008_linear,127
241,$400A_period,539
241,$400B_length,9
241,$400C_const,1
241,$400C_vol,8
241,$400E_period,11
241,$400E_mode,0
242,$4004_duty,1
242,$4004_const,1
242,$4004_vol,10
242,$4008_linear,127
242,$400C_const,1
242,$400C_vol,7
242,$400E_period,11
242,$400E_mode,0
243,$4004_duty,1
243,$4004_const,1
243,$4004_vol,7
243,$4008_linear,127
243,$400C_const,1
243,$400C_vol,6
243,$400E_period,11
243,$400E_mode,0
244,$4004_duty,1
244,$4004_const,1
244,$4004_vol,15
244,$4006_period,1209
244,$4008_linear,0
244,$400C_const,1
244,$400C_vol,5
244,$400E_period,11
244,$400E_mode,0
245,$4004_duty,1
245,$4004_const,1
245,$4004_vol,12
245,$4008_linear,127
245,$400A_period,539
245,$400B_length,9
245,$400C_const,1
245,$400C_vol,4
245,$400E_period,11
245,$400E_mode,0
246,$4004_duty,1
246,$4004_const,1
246,$4004_vol,10
246,$4008_linear,127
246,$400C_const,1
246,$400C_vol,3
246,$400E_period,11
246,$400E_mode,0
247,$4004_duty,1
247,$4004_const,1
247,$4004_vol,7
247,$4008_linear,127
247,$400C_const,1
247,$400C_vol,12
247,$400E_period,11
247,$400E_mode,0
248,$4004_duty,1
248,$4004_const,1
248,$4004_vol,15
248,$4006_period,1077
248,$4008_linear,0
248,$400C_const,1
248,$400C_vol,11
248,$400E_period,11
248,$400E_mode,0
249,$4004_duty,1
249,$4004_const,1
249,$4004_vol,12
249,$4008_linear,127
249,$400A_period,539
249,$400B_length,9
249,$400C_const,1
249,$400C_vol,10
249,$400E_period,11
249,$400E_mode,0
250,$4004_duty,1
250,$4004_const,1
250,$4004_vol,10
250,$4008_linear,127
250,$400C_const,1
250,$400C_vol,9
250,$400E_period,11
250,$400E_mode,0
251,$4004_duty,1
251,$4004_const,1
251,$4004_vol,7
251,$4008_linear,127
251,$400C_const,1
251,$400C_vol,8
251,$400E_period,11
251,$400E_mode,0
252,$4004_duty,1
252,$4004_const,1
252,$4004_vol,15
252,$4006_period,961
252,$4008_linear,0
252,$400C_const,1
252,$400C_vol,12
252,$400E_period,11
252,$400E_mode,0
253,$4004_duty,1
253,$4004_const,1
253,$4004_vol,12
253,$4008_linear,127
253,$400A_period,807
253,$400B_length,9
253,$400C_const,1
253,$400C_vol,9
253,$400E_period,11
253,$400E_mode,0
254,$4004_duty,1
254,$4004_const,1
254,$4004_vol,10
254,$4008_linear,127
254,$400C_const,1
254,$400C_vol,8
254,$400E_period,11
254,$400E_mode,0
255,$4004_duty,1
255,$4004_const,1
255,$4004_vol,7
255,$4008_linear,127
255,$400C_const,1
255,$400C_vol,7
255,$400E_period,11
255,$400E_mode,0
256,$4004_duty,1
256,$4004_const,1
256,$4004_vol,15
256,$4006_period,1209
256,$4008_linear,0
256,$400C_const,1
256,$400C_vol,6
256,$400E_period,11
256,$400E_mode,0
257,$4004_duty,1
257,$4004_const,1
257,$4004_vol,12
257,$4008_linear,127
257,$400A_period,807
257,$400B_length,9
257,$400C_const,1
257,$400C_vol,5
257,$400E_period,11
257,$400E_mode,0
258,$4004_duty,1
258,$4004_const,1
258,$4004_vol,10
258,$4008_linear,127
258,$400A_period,807
258,$400B_length,9
258,$400C_const,1
258,$400C_vol,4
258,$400E_period,11
258,$400E_mode,0
259,$4004_duty,1
259,$4004_const,1
259,$4004_vol,7
259,$4008_linear,127
259,$400C_const,1
259,$400C_vol,3
259,$400E_period,11
259,$400E_mode,0
260,$4004_duty,1
260,$4004_const,1
260,$4004_vol,7
260,$4008_linear,127
260,$400C_const,1
260,$400C_vol,12
260,$400E_period,11
260,$400E_mode,0
261,$4004_duty,1
261,$4004_const,1
261,$4004_vol,7
261,$4008_linear,0
261,$400C_const,1
261,$400C_vol,11
261,$400E_period,11
261,$400E_mode,0
262,$4004_duty,1
262,$4004_const,1
262,$4004_vol,6
262,$4008_linear,127
262,$400A_period,641
262,$400B_length,9
262,$400C_const,1
262,$400C_vol,10
262,$400E_period,11
262,$400E_mode,0
263,$4004_duty,1
263,$4004_const,1
263,$4004_vol,6
263,$4008_linear,127
263,$400C_const,1
263,$400C_vol,9
263,$400E_period,11
263,$400E_mode,0
264,$4004_duty,1
264,$4004_const,1
264,$4004_vol,15
264,$4006_period,1209
264,$4008_linear,127
264,$400C_const,1
264,$400C_vol,8
264,$400E_period,11
264,$400E_mode,0
265,$4004_duty,1
265,$4004_const,1
265,$4004_vol,12
265,$4008_linear,0
265,$400C_const,1
265,$400C_vol,12
265,$400E_period,11
265,$400E_mode,0
266,$4004_duty,1
266,$4004_const,1
266,$4004_vol,10
266,$4008_linear,127
266,$400A_period,641
266,$400B_length,9
266,$400C_const,1
266,$400C_vol,9
266,$400E_period,11
266,$400E_mode,0
267,$4004_duty,1
267,$4004_const,1
267,$4004_vol,7
267,$4008_linear,127
267,$400A_period,641
267,$400B_length,9
267,$400C_const,1
267,$400C_vol,8
267,$400E_period,11
267,$400E_mode,0
268,$4004_duty,1
268,$4004_const,1
268,$4004_vol,15
268,$4006_period,961
268,$4008_linear,127
268,$400C_const,1
268,$400C_vol,7
268,$400E_period,11
268,$400E_mode,0
269,$4004_duty,1
269,$4004_const,1
269,$4004_vol,12
269,$4008_linear,127
269,$400C_const,1
269,$400C_vol,6
269,$400E_period,11
269,$400E_mode,0
270,$4004_duty,1
270,$4004_const,1
270,$4004_vol,10
270,$4008_linear,0
270,$400C_const,1
270,$400C_vol,5
270,$400E_period,11
270,$400E_mode,0
271,$4004_duty,1
271,$4004_const,1
271,$4004_vol,7
271,$4008_linear,127
271,$400A_period,641
271,$400B_length,9
271,$400C_const,1
271,$400C_vol,4
271,$400E_period,11
271,$400E_mode,0
272,$4004_duty,1
272,$4004_const,1
272,$4004_vol,15
272,$4006_period,807
272,$4008_linear,127
272,$400C_const,1
272,$400C_vol,3
272,$400E_period,11
272,$400E_mode,0
273,$4004_duty,1
273,$4004_const,1
273,$4004_vol,12
273,$4008_linear,127
273,$400C_const,1
273,$400C_vol,12
273,$400E_period,11
273,$400E_mode,0
274,$4004_duty,1
274,$4004_const,1
274,$4004_vol,10
274,$4008_linear,0
274,$400C_const,1
274,$400C_vol,9
274,$400E_period,11
274,$400E_mode,0
275,$4004_duty,1
275,$4004_const,1
275,$4004_vol,7
275,$4008_linear,127
275,$400A_period,641
275,$400B_length,9
275,$400C_const,1
275,$400C_vol,8
275,$400E_period,11
275,$400E_mode,0
276,$4004_duty,1
276,$4004_const,1
276,$4004_vol,15
276,$4006_period,641
276,$4008_linear,127
276,$400C_const,1
276,$400C_vol,7
276,$400E_period,11
276,$400E_mode,0
277,$4004_duty,1
277,$4004_const,1
277,$4004_vol,12
277,$4008_linear,127
277,$400C_const,1
277,$400C_vol,6
277,$400E_period,11
277,$400E_mode,0
278,$4004_duty,1
278,$4004_const,1
278,$4004_vol,10
278,$4008_linear,0
278,$400C_const,1
278,$400C_vol,12
278,$400E_period,11
278,$400E_mode,0
279,$4004_duty,1
279,$4004_const,1
279,$4004_vol,7
279,$4008_linear,127
279,$400A_period,605
279,$400B_length,9
279,$400C_const,1
279,$400C_vol,9
279,$400E_period,11
279,$400E_mode,0
280,$4004_duty,1
280,$4004_const,1
280,$4004_vol,15
280,$4006_period,605
280,$4008_linear,127
280,$400C_const,1
280,$400C_vol,8
280,$400E_period,11
280,$400E_mode,0
281,$4004_duty,1
281,$4004_const,1
281,$4004_vol,12
281,$4008_linear,127
281,$400C_const,1
281,$400C_vol,7
281,$400E_period,11
281,$400E_mode,0
282,$4004_duty,1
282,$4004_const,1
282,$4004_vol,10
282,$4008_linear,0
282,$400C_const,1
282,$400C_vol,12
282,$400E_period,11
282,$400E_mode,0
283,$4004_duty,1
283,$4004_const,1
283,$4004_vol,7
283,$4008_linear,127
283,$400A_period,605
283,$400B_length,9
283,$400C_const,1
283,$400C_vol,9
283,$400E_period,11
283,$400E_mode,0
284,$4004_duty,1
284,$4004_const,1
284,$4004_vol,15
284,$4006_period,539
284,$4008_linear,127
284,$400A_period,605
284,$400B_length,9
284,$400C_const,1
284,$400C_vol,8
284,$400E_period,11
284,$400E_mode,0
285,$4004_duty,1
285,$4004_const,1
285,$4004_vol,12
285,$4008_linear,127
285,$400C_const,1
285,$400C_vol,7
285,$400E_period,11
285,$400E_mode,0
286,$4004_duty,1
286,$4004_const,1
286,$4004_vol,10
286,$4008_linear,127
286,$400C_const,1
286,$400C_vol,12
286,$400E_period,11
286,$400E_mode,0
287,$4004_duty,1
287,$4004_const,1
287,$4004_vol,7
287,$4008_linear,0
287,$400C_const,1
287,$400C_vol,9
287,$400E_period,11
287,$400E_mode,0
288,$4004_duty,1
288,$4004_const,1
288,$4004_vol,15
288,$4006_period,641
288,$4008_linear,127
288,$400A_period,539
288,$400B_length,9
288,$400C_const,1
288,$400C_vol,8
288,$400E_period,11
288,$400E_mode,0
289,$4004_duty,1
289,$4004_const,1
289,$4004_vol,12
289,$4008_linear,127
289,$400C_const,1
289,$400C_vol,7
289,$400E_period,11
289,$400E_mode,0
290,$4004_duty,1
290,$4004_const,1
290,$4004_vol,10
290,$4008_linear,127
290,$400C_const,1
290,$400C_vol,12
290,$400E_period,11
290,$400E_mode,0
291,$4004_duty,1
291,$4004_const,1
291,$4004_vol,7
291,$4008_linear,0
291,$400C_const,1
291,$400C_vol,11
291,$400E_period,11
291,$400E_mode,0
292,$4004_duty,1
292,$4004_const,1
292,$4004_vol,7
292,$4008_linear,127
292,$400A_period,539
292,$400B_length,9
292,$400C_const,1
292,$400C_vol,10
292,$400E_period,11
292,$400E_mode,0
293,$4004_duty,1
293,$4004_const,1
293,$4004_vol,7
293,$4008_linear,127
293,$400C_const,1
293,$400C_vol,9
293,$400E_period,11
293,$400E_mode,0
294,$4004_duty,1
294,$4004_const,1
294,$4004_vol,6
294,$4008_linear,127
294,$400C_const,1
294,$400C_vol,8
294,$400E_period,11
294,$400E_mode,0
295,$4004_duty,1
295,$4004_const,1
295,$4004_vol,6
295,$4008_linear,0
295,$400C_const,1
295,$400C_vol,7
295,$400E_period,11
295,$400E_mode,0
295,$400C_const,1
295,$400C_vol,0
296,$4004_duty,1
296,$4004_const,1
296,$4004_vol,15
296,$4006_period,641
296,$4008_linear,127
296,$400A_period,539
296,$400B_length,9
297,$4004_duty,1
297,$4004_const,1
297,$4004_vol,12
297,$4008_linear,127
298,$4004_duty,1
298,$4004_const,1
298,$4004_vol,10
298,$4008_linear,127
299,$4004_duty,1
299,$4004_const,1
299,$4004_vol,7
299,$4008_linear,0
300,$4004_duty,1
300,$4004_const,1
300,$4004_vol,15
300,$4006_period,719
300,$4008_linear,127
300,$400A_period,539
300,$400B_length,9
301,$4004_duty,1
301,$4004_const,1
301,$4004_vol,12
301,$4008_linear,127
301,$400A_period,539
301,$400B_length,9
302,$4004_duty,1
302,$4004_const,1
302,$4004_vol,10
302,$4008_linear,127
303,$4004_duty,1
303,$4004_const,1
303,$4004_vol,7
303,$4008_linear,127
304,$4004_duty,1
304,$4004_const,1
304,$4004_vol,15
304,$4006_period,807
304,$4008_linear,0
305,$4004_duty,1
305,$4004_const,1
305,$4004_vol,12
305,$4008_linear,127
305,$400A_period,403
305,$400B_length,8
306,$4004_duty,1
306,$4004_const,1
306,$4004_vol,10
306,$4008_linear,127
307,$4004_duty,1
307,$4004_const,1
307,$4004_vol,7
307,$4008_linear,127
308,$4004_duty,1
308,$4004_const,1
308,$4004_vol,15
308,$4006_period,807
308,$4008_linear,0
309,$4004_duty,1
309,$4004_const,1
309,$4004_vol,12
309,$4008_linear,127
309,$400A_period,807
309,$400B_length,9
310,$4004_duty,1
310,$4004_const,1
310,$4004_vol,10
310,$4008_linear,127
311,$4004_duty,1
311,$4004_const,1
311,$4004_vol,7
311,$4008_linear,127
312,$4004_duty,1
312,$4004_const,1
312,$4004_vol,15
312,$4006_period,719
312,$4008_linear,0
313,$4004_duty,1
313,$4004_const,1
313,$4004_vol,12
313,$4008_linear,127
313,$400A_period,807
313,$400B_length,9
314,$4004_duty,1
314,$4004_const,1
314,$4004_vol,10
314,$4008_linear,0
315,$4004_duty,1
315,$4004_const,1
315,$4004_vol,7
316,$4004_duty,1
316,$4004_const,1
316,$4004_vol,15
316,$4006_period,641
317,$4004_duty,1
317,$4004_const,1
317,$4004_vol,12
318,$4004_duty,1
318,$4004_const,1
318,$4004_vol,10
318,$4008_linear,0
318,$4008_linear,0
319,$4004_duty,1
319,$4004_const,1
319,$4004_vol,7
320,$4004_duty,1
320,$4004_const,1
320,$4004_vol,15
320,$4006_period,807
321,$4004_duty,1
321,$4004_const,1
321,$4004_vol,12
322,$4004_duty,1
322,$4004_const,1
322,$4004_vol,10
323,$4004_duty,1
323,$4004_const,1
323,$4004_vol,7
324,$4004_duty,1
324,$4004_const,1
324,$4004_vol,7
325,$4004_duty,1
325,$4004_const,1
325,$4004_vol,7
326,$4004_duty,1
326,$4004_const,1
326,$4004_vol,6
327,$4004_duty,1
327,$4004_const,1
327,$4004_vol,6
328,$4004_duty,1
328,$4004_const,1
328,$4004_vol,15
328,$4006_period,807
329,$4004_duty,1
329,$4004_const,1
329,$4004_vol,12
330,$4004_duty,1
330,$4004_const,1
330,$4004_vol,10
331,$4004_duty,1
331,$4004_const,1
331,$4004_vol,7
332,$4004_duty,1
332,$4004_const,1
332,$4004_vol,15
332,$4006_period,855
333,$4004_duty,1
333,$4004_const,1
333,$4004_vol,12
334,$4004_duty,1
334,$4004_const,1
334,$4004_vol,10
335,$4004_duty,1
335,$4004_const,1
335,$4004_vol,7
337,$4004_duty,1
337,$4004_const,1
337,$4004_vol,15
337,$4006_period,961
338,$4004_duty,1
338,$4004_const,1
338,$4004_vol,15
338,$4006_period,855
339,$4004_duty,1
339,$4004_const,1
339,$4004_vol,12
340,$4004_duty,1
340,$4004_const,1
340,$4004_vol,10
341,$4004_duty,1
341,$4004_const,1
341,$4004_vol,9
342,$4004_duty,1
342,$4004_const,1
342,$4004_vol,15
342,$4006_period,807
343,$4004_duty,1
343,$4004_const,1
343,$4004_vol,12
344,$4004_duty,1
344,$4004_const,1
344,$4004_vol,10
345,$4004_duty,1
345,$4004_const,1
345,$4004_vol,9
346,$4004_duty,1
346,$4004_const,1
346,$4004_vol,15
346,$4006_period,961
347,$4004_duty,1
347,$4004_const,1
347,$4004_vol,12
348,$4004_duty,1
348,$4004_const,1
348,$4004_vol,10
349,$4004_duty,1
349,$4004_const,1
349,$4004_vol,9
350,$4004_duty,1
350,$4004_const,1
350,$4004_vol,9
351,$4004_duty,1
351,$4004_const,1
351,$4004_vol,9
352,$4004_duty,1
352,$4004_const,1
352,$4004_vol,9
353,$4004_duty,1
353,$4004_const,1
353,$4004_vol,8
354,$4004_duty,1
354,$4004_const,1
354,$4004_vol,15
354,$4006_period,961
355,$4004_duty,1
355,$4004_const,1
355,$4004_vol,12
356,$4004_duty,1
356,$4004_const,1
356,$4004_vol,10
357,$4004_duty,1
357,$4004_const,1
357,$4004_vol,9
358,$4004_duty,1
358,$4004_const,1
358,$4004_vol,15
358,$4006_period,1077
359,$4004_duty,1
359,$4004_const,1
359,$4004_vol,12
360,$4004_duty,1
360,$4004_const,1
360,$4004_vol,10
361,$4004_duty,1
361,$4004_const,1
361,$4004_vol,9
362,$4004_duty,1
362,$4004_const,1
362,$4004_vol,15
362,$4006_period,1209
363,$4004_duty,1
363,$4004_const,1
363,$4004_vol,12
364,$4004_duty,1
364,$4004_const,1
364,$4004_vol,10
365,$4004_duty,1
365,$4004_const,1
365,$4004_vol,7
366,$4004_duty,1
366,$4004_const,1
366,$4004_vol,15
366,$4006_period,1209
367,$4004_duty,1
367,$4004_const,1
367,$4004_vol,12
368,$4004_duty,1
368,$4004_const,1
368,$4004_vol,10
369,$4004_duty,1
369,$4004_const,1
369,$4004_vol,9
370,$4004_duty,1
370,$4004_const,1
370,$4004_vol,15
370,$4006_period,1077
371,$4004_duty,1
371,$4004_const,1
371,$4004_vol,12
372,$4004_duty,1
372,$4004_const,1
372,$4004_vol,10
373,$4004_duty,1
373,$4004_const,1
373,$4004_vol,7
374,$4004_duty,1
374,$4004_const,1
374,$4004_vol,15
374,$4006_period,961
375,$4004_duty,1
375,$4004_const,1
375,$4004_vol,12
376,$4004_duty,1
376,$4004_const,1
376,$4004_vol,10
377,$4004_duty,1
377,$4004_const,1
377,$4004_vol,7
378,$4004_duty,1
378,$4004_const,1
378,$4004_vol,15
378,$4006_period,1209
379,$4004_duty,1
379,$4004_const,1
379,$4004_vol,12
380,$4004_duty,1
380,$4004_const,1
380,$4004_vol,10
381,$4004_duty,1
381,$4004_const,1
381,$4004_vol,7
382,$4004_duty,1
382,$4004_const,1
382,$4004_vol,7
383,$4004_duty,1
383,$4004_const,1
383,$4004_vol,7
384,$4004_duty,1
384,$4004_const,1
384,$4004_vol,6
385,$4004_duty,1
385,$4004_const,1
385,$4004_vol,6
386,$4004_duty,1
386,$4004_const,1
386,$4004_vol,15
386,$4006_period,1209
387,$4004_duty,1
387,$4004_const,1
387,$4004_vol,12
388,$4004_duty,1
388,$4004_const,1
388,$4004_vol,10
389,$4004_duty,1
389,$4004_const,1
389,$4004_vol,7
390,$4004_duty,1
390,$4004_const,1
390,$4004_vol,15
390,$4006_period,961
391,$4004_duty,1
391,$4004_const,1
391,$4004_vol,12
392,$4004_duty,1
392,$4004_const,1
392,$4004_vol,10
393,$4004_duty,1
393,$4004_const,1
393,$4004_vol,7
394,$4004_duty,1
394,$4004_const,1
394,$4004_vol,15
394,$4006_period,807
395,$4004_duty,1
395,$4004_const,1
395,$4004_vol,12
396,$4004_duty,1
396,$4004_const,1
396,$4004_vol,10
397,$4004_duty,1
397,$4004_const,1
397,$4004_vol,7
398,$4004_duty,1
398,$4004_const,1
398,$4004_vol,15
398,$4006_period,1615
399,$4004_duty,1
399,$4004_const,1
399,$4004_vol,12
400,$4004_duty,1
400,$4004_const,1
400,$4004_vol,10
401,$4004_duty,1
401,$4004_const,1
401,$4004_vol,7
402,$4004_duty,1
402,$4004_const,1
402,$4004_vol,15
402,$4006_period,3229
403,$4004_duty,1
403,$4004_const,1
403,$4004_vol,12
404,$4004_duty,1
404,$4004_const,1
404,$4004_vol,10
405,$4004_duty,1
405,$4004_const,1
405,$4004_vol,7
406,$4004_duty,1
406,$4004_const,1
406,$4004_vol,15
406,$4006_period,3229
407,$4004_duty,1
407,$4004_const,1
407,$4004_vol,14
408,$4004_duty,1
408,$4004_const,1
408,$4004_vol,14
409,$4004_duty,1
409,$4004_const,1
409,$4004_vol,14
410,$4004_duty,1
410,$4004_const,1
410,$4004_vol,14
411,$4004_duty,1
411,$4004_const,1
411,$4004_vol,13
411,$4004_duty,0
411,$4004_const,1
411,$4004_vol,0
1470,$4000_duty,0
1470,$4000_const,1
1470,$4000_vol,0
1470,$4004_duty,0
1470,$4004_const,1
1470,$4004_vol,0
1470,$4008_linear,0
1470,$400C_const,1
1470,$400C_vol,0
1470,$4001_sweep,8
1470,$4005_sweep,8
1471,$4000_duty,1
1471,$4000_const,1
1471,$4000_vol,12
1471,$4002_period,481
1471,$400B_length,8
1471,$4004_duty,2
1471,$4004_const,1
1471,$4004_vol,12
1471,$4006_period,571
1471,$4008_linear,127
1471,$400A_period,719
1471,$400B_length,9
1471,$400C_const,1
1471,$400C_vol,12
1471,$400E_period,13
1471,$400E_mode,0
1472,$4000_duty,1
1472,$4000_const,1
1472,$4000_vol,11
1472,$4004_duty,2
1472,$4004_const,1
1472,$4004_vol,11
1472,$4008_linear,127
1472,$400C_const,1
1472,$400C_vol,9
1472,$400E_period,13
1472,$400E_mode,0
1473,$4000_duty,1
1473,$4000_const,1
1473,$4000_vol,11
1473,$4004_duty,2
1473,$4004_const,1
1473,$4004_vol,11
1473,$4008_linear,127
1473,$400C_const,1
1473,$400C_vol,6
1473,$400E_period,13
1473,$400E_mode,0
1474,$4000_duty,1
1474,$4000_const,1
1474,$4000_vol,11
1474,$4004_duty,2
1474,$4004_const,1
1474,$4004_vol,11
1474,$4008_linear,127
1474,$400C_const,1
1474,$400C_vol,3
1474,$400E_period,13
1474,$400E_mode,0
1475,$4000_duty,1
1475,$4000_const,1
1475,$4000_vol,11
1475,$4004_duty,2
1475,$4004_const,1
1475,$4004_vol,11
1475,$4008_linear,127
1475,$400C_const,1
1475,$400C_vol,0
1475,$400E_period,13
1475,$400E_mode,0
1476,$4000_duty,1
1476,$4000_const,1
1476,$4000_vol,11
1476,$4004_duty,2
1476,$4004_const,1
1476,$4004_vol,11
1476,$4008_linear,127
1476,$400C_const,1
1476,$400C_vol,0
1476,$400E_period,13
1476,$400E_mode,0
1477,$4000_duty,1
1477,$4000_const,1
1477,$4000_vol,11
1477,$4004_duty,2
1477,$4004_const,1
1477,$4004_vol,11
1477,$4008_linear,127
1477,$400C_const,1
1477,$400C_vol,0
1477,$400E_period,13
1477,$400E_mode,0
1478,$4000_duty,1
1478,$4000_const,1
1478,$4000_vol,11
1478,$4004_duty,2
1478,$4004_const,1
1478,$4004_vol,11
1478,$4008_linear,127
1478,$400C_const,1
1478,$400C_vol,0
1478,$400E_period,13
1478,$400E_mode,0
1479,$4000_duty,1
1479,$4000_const,1
1479,$4000_vol,11
1479,$4004_duty,2
1479,$4004_const,1
1479,$4004_vol,11
1479,$4008_linear,127
1479,$400C_const,1
1479,$400C_vol,0
1479,$400E_period,13
1479,$400E_mode,0
1480,$4000_duty,1
1480,$4000_const,1
1480,$4000_vol,10
1480,$4004_duty,2
1480,$4004_const,1
1480,$4004_vol,10
1480,$4008_linear,127
1480,$400C_const,1
1480,$400C_vol,0
1480,$400E_period,13
1480,$400E_mode,0
1481,$4000_duty,1
1481,$4000_const,1
1481,$4000_vol,10
1481,$4004_duty,2
1481,$4004_const,1
1481,$4004_vol,10
1481,$4008_linear,127
1481,$400C_const,1
1481,$400C_vol,0
1481,$400E_period,13
1481,$400E_mode,0
1482,$4000_duty,1
1482,$4000_const,1
1482,$4000_vol,10
1482,$4004_duty,2
1482,$4004_const,1
1482,$4004_vol,10
1482,$4008_linear,127
1482,$400C_const,1
1482,$400C_vol,0
1482,$400E_period,13
1482,$400E_mode,0
1483,$4000_duty,1
1483,$4000_const,1
1483,$4000_vol,10
1483,$4004_duty,2
1483,$4004_const,1
1483,$4004_vol,10
1483,$4008_linear,0
1483,$400C_const,1
1483,$400C_vol,0
1483,$400E_period,13
1483,$400E_mode,0
1484,$4000_duty,1
1484,$4000_const,1
1484,$4000_vol,10
1484,$4004_duty,2
1484,$4004_const,1
1484,$4004_vol,10
1484,$4008_linear,0
1484,$400C_const,1
1484,$400C_vol,0
1484,$400E_period,13
1484,$400E_mode,0
1485,$4000_duty,1
1485,$4000_const,1
1485,$4000_vol,10
1485,$4004_duty,2
1485,$4004_const,1
1485,$4004_vol,10
1485,$400C_const,1
1485,$400C_vol,0
1485,$400E_period,13
1485,$400E_mode,0
1486,$4000_duty,1
1486,$4000_const,1
1486,$4000_vol,10
1486,$4004_duty,2
1486,$4004_const,1
1486,$4004_vol,10
1487,$4000_duty,1
1487,$4000_const,1
1487,$4000_vol,10
1487,$4004_duty,2
1487,$4004_const,1
1487,$4004_vol,10
1487,$4008_linear,127
1487,$400A_period,719
1487,$400B_length,9
1487,$400C_const,1
1487,$400C_vol,12
1487,$400E_period,8
1487,$400E_mode,0
1488,$4000_duty,1
1488,$4000_const,1
1488,$4000_vol,9
1488,$4004_duty,2
1488,$4004_const,1
1488,$4004_vol,9
1488,$4008_linear,127
1488,$400C_const,1
1488,$400C_vol,9
1488,$400E_period,8
1488,$400E_mode,0
1489,$4000_duty,1
1489,$4000_const,1
1489,$4000_vol,9
1489,$4004_duty,2
1489,$4004_const,1
1489,$4004_vol,9
1489,$4008_linear,127
1489,$400C_const,1
1489,$400C_vol,6
1489,$400E_period,8
1489,$400E_mode,0
1490,$4000_duty,1
1490,$4000_const,1
1490,$4000_vol,9
1490,$4004_duty,2
1490,$4004_const,1
1490,$4004_vol,9
1490,$4008_linear,127
1490,$400C_const,1
1490,$400C_vol,3
1490,$400E_period,8
1490,$400E_mode,0
1491,$4000_duty,1
1491,$4000_const,1
1491,$4000_vol,9
1491,$4004_duty,2
1491,$4004_const,1
1491,$4004_vol,9
1491,$4008_linear,127
1491,$400C_const,1
1491,$400C_vol,0
1491,$400E_period,8
1491,$400E_mode,0
1492,$4000_duty,1
1492,$4000_const,1
1492,$4000_vol,9
1492,$4004_duty,2
1492,$4004_const,1
1492,$4004_vol,9
1492,$4008_linear,127
1492,$400C_const,1
1492,$400C_vol,0
1492,$400E_period,8
1492,$400E_mode,0
1493,$4000_duty,1
1493,$4000_const,1
1493,$4000_vol,9
1493,$4004_duty,2
1493,$4004_const,1
1493,$4004_vol,9
1493,$4008_linear,127
1493,$400C_const,1
1493,$400C_vol,0
1493,$400E_period,8
1493,$400E_mode,0
1494,$4000_duty,1
1494,$4000_const,1
1494,$4000_vol,9
1494,$4004_duty,2
1494,$4004_const,1
1494,$4004_vol,9
1494,$4008_linear,127
1494,$400C_const,1
1494,$400C_vol,0
1494,$400E_period,8
1494,$400E_mode,0
1495,$4000_duty,1
1495,$4000_const,1
1495,$4000_vol,9
1495,$4004_duty,2
1495,$4004_const,1
1495,$4004_vol,9
1495,$4008_linear,127
1495,$400C_const,1
1495,$400C_vol,0
1495,$400E_period,8
1495,$400E_mode,0
1496,$4000_duty,1
1496,$4000_const,1
1496,$4000_vol,8
1496,$4004_duty,2
1496,$4004_const,1
1496,$4004_vol,8
1496,$4008_linear,127
1496,$400C_const,1
1496,$400C_vol,0
1496,$400E_period,8
1496,$400E_mode,0
1497,$4000_duty,1
1497,$4000_const,1
1497,$4000_vol,8
1497,$4004_duty,2
1497,$4004_const,1
1497,$4004_vol,8
1497,$4008_linear,127
1497,$400C_const,1
1497,$400C_vol,0
1497,$400E_period,8
1497,$400E_mode,0
1498,$4000_duty,1
1498,$4000_const,1
1498,$4000_vol,8
1498,$4004_duty,2
1498,$4004_const,1
1498,$4004_vol,8
1498,$4008_linear,0
1498,$400C_const,1
1498,$400C_vol,0
1498,$400E_period,8
1498,$400E_mode,0
1499,$4000_duty,1
1499,$4000_const,1
1499,$4000_vol,8
1499,$4004_duty,2
1499,$4004_const,1
1499,$4004_vol,8
1499,$4008_linear,0
1499,$400C_const,1
1499,$400C_vol,0
1499,$400E_period,8
1499,$400E_mode,0
1500,$4000_duty,1
1500,$4000_const,1
1500,$4000_vol,8
1500,$4004_duty,2
1500,$4004_const,1
1500,$4004_vol,8
1500,$400C_const,1
1500,$400C_vol,0
1500,$400E_period,8
1500,$400E_mode,0
1501,$4000_duty,1
1501,$4000_const,1
1501,$4000_vol,8
1501,$4004_duty,2
1501,$4004_const,1
1501,$4004_vol,8
1502,$4000_duty,1
1502,$4000_const,1
1502,$4000_vol,8
1502,$4004_duty,2
1502,$4004_const,1
1502,$4004_vol,8
1502,$4008_linear,127
1502,$400A_period,719
1502,$400B_length,9
1502,$400C_const,1
1502,$400C_vol,12
1502,$400E_period,13
1502,$400E_mode,0
1503,$4000_duty,1
1503,$4000_const,1
1503,$4000_vol,8
1503,$4004_duty,2
1503,$4004_const,1
1503,$4004_vol,8
1503,$4008_linear,127
1503,$400C_const,1
1503,$400C_vol,9
1503,$400E_period,13
1503,$400E_mode,0
1504,$4000_duty,1
1504,$4000_const,1
1504,$4000_vol,7
1504,$4004_duty,2
1504,$4004_const,1
1504,$4004_vol,7
1504,$4008_linear,127
1504,$400C_const,1
1504,$400C_vol,6
1504,$400E_period,13
1504,$400E_mode,0
1505,$4000_duty,1
1505,$4000_const,1
1505,$4000_vol,7
1505,$4004_duty,2
1505,$4004_const,1
1505,$4004_vol,7
1505,$4008_linear,127
1505,$400C_const,1
1505,$400C_vol,3
1505,$400E_period,13
1505,$400E_mode,0
1506,$4000_duty,1
1506,$4000_const,1
1506,$4000_vol,7
1506,$4004_duty,2
1506,$4004_const,1
1506,$4004_vol,7
1506,$4008_linear,127
1506,$400C_const,1
1506,$400C_vol,0
1506,$400E_period,13
1506,$400E_mode,0
1507,$4000_duty,1
1507,$4000_const,1
1507,$4000_vol,7
1507,$4004_duty,2
1507,$4004_const,1
1507,$4004_vol,7
1507,$4008_linear,127
1507,$400C_const,1
1507,$400C_vol,0
1507,$400E_period,13
1507,$400E_mode,0
1508,$4000_duty,1
1508,$4000_const,1
1508,$4000_vol,7
1508,$4004_duty,2
1508,$4004_const,1
1508,$4004_vol,7
1508,$4008_linear,127
1508,$400C_const,1
1508,$400C_vol,0
1508,$400E_period,13
1508,$400E_mode,0
1509,$4000_duty,1
1509,$4000_const,1
1509,$4000_vol,7
1509,$4004_duty,2
1509,$4004_const,1
1509,$4004_vol,7
1509,$4008_linear,127
1509,$400C_const,1
1509,$400C_vol,0
1509,$400E_period,13
1509,$400E_mode,0
1510,$4000_duty,1
1510,$4000_const,1
1510,$4000_vol,7
1510,$4004_duty,2
1510,$4004_const,1
1510,$4004_vol,7
1510,$4008_linear,127
1510,$400C_const,1
1510,$400C_vol,0
1510,$400E_period,13
1510,$400E_mode,0
1511,$4000_duty,1
1511,$4000_const,1
1511,$4000_vol,7
1511,$4004_duty,2
1511,$4004_const,1
1511,$4004_vol,7
1511,$4008_linear,127
1511,$400C_const,1
1511,$400C_vol,0
1511,$400E_period,13
1511,$400E_mode,0
1512,$4000_duty,1
1512,$4000_const,1
1512,$4000_vol,6
1512,$4004_duty,2
1512,$4004_const,1
1512,$4004_vol,6
1512,$4008_linear,127
1512,$400C_const,1
1512,$400C_vol,0
1512,$400E_period,13
1512,$400E_mode,0
1513,$4000_duty,1
1513,$4000_const,1
1513,$4000_vol,6
1513,$4004_duty,2
1513,$4004_const,1
1513,$4004_vol,6
1513,$4008_linear,127
1513,$400C_const,1
1513,$400C_vol,0
1513,$400E_period,13
1513,$400E_mode,0
1514,$4000_duty,1
1514,$4000_const,1
1514,$4000_vol,6
1514,$4004_duty,2
1514,$4004_const,1
1514,$4004_vol,6
1514,$4008_linear,127
1514,$400C_const,1
1514,$400C_vol,0
1514,$400E_period,13
1514,$400E_mode,0
1515,$4000_duty,1
1515,$4000_const,1
1515,$4000_vol,6
1515,$4004_duty,2
1515,$4004_const,1
1515,$4004_vol,6
1515,$4008_linear,127
1515,$400C_const,1
1515,$400C_vol,0
1515,$400E_period,13
1515,$400E_mode,0
1516,$4000_duty,1
1516,$4000_const,1
1516,$4000_vol,6
1516,$4004_duty,2
1516,$4004_const,1
1516,$4004_vol,6
1516,$4008_linear,127
1517,$4000_duty,1
1517,$4000_const,1
1517,$4000_vol,6
1517,$4004_duty,2
1517,$4004_const,1
1517,$4004_vol,6
1517,$4008_linear,127
1517,$400C_const,1
1517,$400C_vol,12
1517,$400E_period,8
1517,$400E_mode,0
1518,$4000_duty,1
1518,$4000_const,1
1518,$4000_vol,6
1518,$4004_duty,2
1518,$4004_const,1
1518,$4004_vol,6
1518,$4008_linear,127
1518,$400C_const,1
1518,$400C_vol,9
1518,$400E_period,8
1518,$400E_mode,0
1519,$4000_duty,1
1519,$4000_const,1
1519,$4000_vol,6
1519,$4004_duty,2
1519,$4004_const,1
1519,$4004_vol,6
1519,$4008_linear,127
1519,$400C_const,1
1519,$400C_vol,6
1519,$400E_period,8
1519,$400E_mode,0
1520,$4000_duty,1
1520,$4000_const,1
1520,$4000_vol,5
1520,$4004_duty,2
1520,$4004_const,1
1520,$4004_vol,5
1520,$4008_linear,0
1520,$400C_const,1
1520,$400C_vol,3
1520,$400E_period,8
1520,$400E_mode,0
1521,$4000_duty,1
1521,$4000_const,1
1521,$4000_vol,5
1521,$4004_duty,2
1521,$4004_const,1
1521,$4004_vol,5
1521,$400C_const,1
1521,$400C_vol,0
1521,$400E_period,8
1521,$400E_mode,0
1522,$4000_duty,1
1522,$4000_const,1
1522,$4000_vol,5
1522,$4004_duty,2
1522,$4004_const,1
1522,$4004_vol,5
1522,$400C_const,1
1522,$400C_vol,0
1522,$400E_period,8
1522,$400E_mode,0
1523,$4000_duty,1
1523,$4000_const,1
1523,$4000_vol,5
1523,$4004_duty,2
1523,$4004_const,1
1523,$4004_vol,5
1523,$400C_const,1
1523,$400C_vol,0
1523,$400E_period,8
1523,$400E_mode,0
1524,$4000_duty,1
1524,$4000_const,1
1524,$4000_vol,5
1524,$4004_duty,2
1524,$4004_const,1
1524,$4004_vol,5
1524,$4008_linear,127
1524,$400A_period,719
1524,$400B_length,9
1524,$400C_const,1
1524,$400C_vol,12
1524,$400E_period,13
1524,$400E_mode,0
1525,$4000_duty,1
1525,$4000_const,1
1525,$4000_vol,5
1525,$4004_duty,2
1525,$4004_const,1
1525,$4004_vol,5
1525,$4008_linear,127
1525,$400C_const,1
1525,$400C_vol,9
1525,$400E_period,13
1525,$400E_mode,0
1526,$4000_duty,1
1526,$4000_const,1
1526,$4000_vol,5
1526,$4004_duty,2
1526,$4004_const,1
1526,$4004_vol,5
1526,$4008_linear,127
1526,$400C_const,1
1526,$400C_vol,6
1526,$400E_period,13
1526,$400E_mode,0
1527,$4000_duty,1
1527,$4000_const,1
1527,$4000_vol,5
1527,$4004_duty,2
1527,$4004_const,1
1527,$4004_vol,5
1527,$4008_linear,127
1527,$400C_const,1
1527,$400C_vol,3
1527,$400E_period,13
1527,$400E_mode,0
1528,$4000_duty,1
1528,$4000_const,1
1528,$4000_vol,4
1528,$4004_duty,2
1528,$4004_const,1
1528,$4004_vol,4
1528,$4008_linear,127
1528,$400C_const,1
1528,$400C_vol,0
1528,$400E_period,13
1528,$400E_mode,0
1529,$4000_duty,1
1529,$4000_const,1
1529,$4000_vol,4
1529,$4004_duty,2
1529,$4004_const,1
1529,$4004_vol,4
1529,$4008_linear,127
1529,$400C_const,1
1529,$400C_vol,0
1529,$400E_period,13
1529,$400E_mode,0
1530,$4000_duty,1
1530,$4000_const,1
1530,$4000_vol,4
1530,$4004_duty,2
1530,$4004_const,1
1530,$4004_vol,4
1530,$4008_linear,127
1530,$400C_const,1
1530,$400C_vol,0
1530,$400E_period,13
1530,$400E_mode,0
1531,$4000_duty,1
1531,$4000_const,1
1531,$4000_vol,4
1531,$4004_duty,2
1531,$4004_const,1
1531,$4004_vol,4
1531,$4008_linear,127
1531,$400C_const,1
1531,$400C_vol,0
1531,$400E_period,13
1531,$400E_mode,0
1532,$4000_duty,1
1532,$4000_const,1
1532,$4000_vol,4
1532,$4004_duty,2
1532,$4004_const,1
1532,$4004_vol,4
1532,$4008_linear,127
1532,$400C_const,1
1532,$400C_vol,0
1532,$400E_period,13
1532,$400E_mode,0
1533,$4000_duty,1
1533,$4000_const,1
1533,$4000_vol,4
1533,$4004_duty,2
1533,$4004_const,1
1533,$4004_vol,4
1533,$4008_linear,127
1534,$4000_duty,1
1534,$4000_const,1
1534,$4000_vol,4
1534,$4004_duty,2
1534,$4004_const,1
1534,$4004_vol,4
1534,$4008_linear,127
1535,$4000_duty,1
1535,$4000_const,1
1535,$4000_vol,4
1535,$4004_duty,2
1535,$4004_const,1
1535,$4004_vol,4
1535,$4008_linear,127
1536,$4000_duty,1
1536,$4000_const,1
1536,$4000_vol,3
1536,$4004_duty,2
1536,$4004_const,1
1536,$4004_vol,3
1536,$4008_linear,0
1537,$4000_duty,1
1537,$4000_const,1
1537,$4000_vol,3
1537,$4004_duty,2
1537,$4004_const,1
1537,$4004_vol,3
1537,$4008_linear,0
1538,$4000_duty,1
1538,$4000_const,1
1538,$4000_vol,3
1538,$4004_duty,2
1538,$4004_const,1
1538,$4004_vol,3
1539,$4000_duty,1
1539,$4000_const,1
1539,$4000_vol,3
1539,$4004_duty,2
1539,$4004_const,1
1539,$4004_vol,3
1539,$4008_linear,127
1539,$400A_period,719
1539,$400B_length,9
1539,$400C_const,1
1539,$400C_vol,12
1539,$400E_period,13
1539,$400E_mode,0
1540,$4000_duty,1
1540,$4000_const,1
1540,$4000_vol,3
1540,$4004_duty,2
1540,$4004_const,1
1540,$4004_vol,3
1540,$4008_linear,127
1540,$400C_const,1
1540,$400C_vol,9
1540,$400E_period,13
1540,$400E_mode,0
1541,$4000_duty,1
1541,$4000_const,1
1541,$4000_vol,3
1541,$4004_duty,2
1541,$4004_const,1
1541,$4004_vol,3
1541,$4008_linear,127
1541,$400C_const,1
1541,$400C_vol,6
1541,$400E_period,13
1541,$400E_mode,0
1542,$4000_duty,1
1542,$4000_const,1
1542,$4000_vol,3
1542,$4004_duty,2
1542,$4004_const,1
1542,$4004_vol,3
1542,$4008_linear,127
1542,$400C_const,1
1542,$400C_vol,3
1542,$400E_period,13
1542,$400E_mode,0
1543,$4000_duty,1
1543,$4000_const,1
1543,$4000_vol,3
1543,$4004_duty,2
1543,$4004_const,1
1543,$4004_vol,3
1543,$4008_linear,127
1543,$400C_const,1
1543,$400C_vol,0
1543,$400E_period,13
1543,$400E_mode,0
1544,$4000_duty,1
1544,$4000_const,1
1544,$4000_vol,2
1544,$4004_duty,2
1544,$4004_const,1
1544,$4004_vol,2
1544,$4008_linear,127
1544,$400C_const,1
1544,$400C_vol,0
1544,$400E_period,13
1544,$400E_mode,0
1545,$4000_duty,1
1545,$4000_const,1
1545,$4000_vol,2
1545,$4004_duty,2
1545,$4004_const,1
1545,$4004_vol,2
1545,$4008_linear,127
1545,$400C_const,1
1545,$400C_vol,0
1545,$400E_period,13
1545,$400E_mode,0
1546,$4000_duty,1
1546,$4000_const,1
1546,$4000_vol,2
1546,$4004_duty,2
1546,$4004_const,1
1546,$4004_vol,2
1546,$4008_linear,127
1546,$400C_const,1
1546,$400C_vol,0
1546,$400E_period,13
1546,$400E_mode,0
1547,$4000_duty,1
1547,$4000_const,1
1547,$4000_vol,2
1547,$4004_duty,2
1547,$4004_const,1
1547,$4004_vol,2
1547,$4008_linear,127
1547,$400C_const,1
1547,$400C_vol,12
1547,$400E_period,8
1547,$400E_mode,0
1548,$4000_duty,1
1548,$4000_const,1
1548,$4000_vol,2
1548,$4004_duty,2
1548,$4004_const,1
1548,$4004_vol,2
1548,$4008_linear,127
1548,$400C_const,1
1548,$400C_vol,9
1548,$400E_period,8
1548,$400E_mode,0
1549,$4000_duty,1
1549,$4000_const,1
1549,$4000_vol,2
1549,$4004_duty,2
1549,$4004_const,1
1549,$4004_vol,2
1549,$4008_linear,127
1549,$400C_const,1
1549,$400C_vol,6
1549,$400E_period,8
1549,$400E_mode,0
1550,$4000_duty,1
1550,$4000_const,1
1550,$4000_vol,2
1550,$4004_duty,2
1550,$4004_const,1
1550,$4004_vol,2
1550,$4008_linear,127
1550,$400C_const,1
1550,$400C_vol,3
1550,$400E_period,8
1550,$400E_mode,0
1551,$4000_duty,1
1551,$4000_const,1
1551,$4000_vol,2
1551,$4004_duty,2
1551,$4004_const,1
1551,$4004_vol,2
1551,$4008_linear,0
1551,$400C_const,1
1551,$400C_vol,0
1551,$400E_period,8
1551,$400E_mode,0
1552,$4000_duty,1
1552,$4000_const,1
1552,$4000_vol,1
1552,$4004_duty,2
1552,$4004_const,1
1552,$4004_vol,1
1552,$4008_linear,0
1552,$400C_const,1
1552,$400C_vol,0
1552,$400E_period,8
1552,$400E_mode,0
1553,$4000_duty,1
1553,$4000_const,1
1553,$4000_vol,1
1553,$4004_duty,2
1553,$4004_const,1
1553,$4004_vol,1
1553,$400C_const,1
1553,$400C_vol,0
1553,$400E_period,8
1553,$400E_mode,0
1554,$4000_duty,1
1554,$4000_const,1
1554,$4000_vol,1
1554,$4004_duty,2
1554,$4004_const,1
1554,$4004_vol,1
1554,$4008_linear,127
1554,$400A_period,719
1554,$400B_length,9
1554,$400C_const,1
1554,$400C_vol,12
1554,$400E_period,13
1554,$400E_mode,0
1555,$4000_duty,1
1555,$4000_const,1
1555,$4000_vol,1
1555,$4004_duty,2
1555,$4004_const,1
1555,$4004_vol,1
1555,$4008_linear,127
1555,$400C_const,1
1555,$400C_vol,9
1555,$400E_period,13
1555,$400E_mode,0
1556,$4000_duty,1
1556,$4000_const,1
1556,$4000_vol,1
1556,$4004_duty,2
1556,$4004_const,1
1556,$4004_vol,1
1556,$4008_linear,127
1556,$400C_const,1
1556,$400C_vol,6
1556,$400E_period,13
1556,$400E_mode,0
1557,$4000_duty,1
1557,$4000_const,1
1557,$4000_vol,1
1557,$4004_duty,2
1557,$4004_const,1
1557,$4004_vol,1
1557,$4008_linear,127
1557,$400C_const,1
1557,$400C_vol,3
1557,$400E_period,13
1557,$400E_mode,0
1558,$4000_duty,1
1558,$4000_const,1
1558,$4000_vol,1
1558,$4004_duty,2
1558,$4004_const,1
1558,$4004_vol,1
1558,$4008_linear,127
1558,$400C_const,1
1558,$400C_vol,0
1558,$400E_period,13
1558,$400E_mode,0
1559,$4000_duty,1
1559,$4000_const,1
1559,$4000_vol,1
1559,$4004_duty,2
1559,$4004_const,1
1559,$4004_vol,1
1559,$4008_linear,127
1559,$400C_const,1
1559,$400C_vol,0
1559,$400E_period,13
1559,$400E_mode,0
1560,$4000_duty,1
1560,$4000_const,1
1560,$4000_vol,1
1560,$4004_duty,2
1560,$4004_const,1
1560,$4004_vol,0
1560,$4008_linear,0
1560,$400C_const,1
1560,$400C_vol,0
1560,$400E_period,13
1560,$400E_mode,0
1561,$4000_duty,1
1561,$4000_const,1
1561,$4000_vol,1
1561,$4004_duty,2
1561,$4004_const,1
1561,$4004_vol,0
1561,$400C_const,1
1561,$400C_vol,0
1561,$400E_period,13
1561,$400E_mode,0
1562,$4000_duty,1
1562,$4000_const,1
1562,$4000_vol,1
1562,$4004_duty,2
1562,$4004_const,1
1562,$4004_vol,0
1562,$4008_linear,127
1562,$400A_period,719
1562,$400B_length,9
1562,$400C_const,1
1562,$400C_vol,12
1562,$400E_period,13
1562,$400E_mode,0
1563,$4000_duty,1
1563,$4000_const,1
1563,$4000_vol,1
1563,$4004_duty,2
1563,$4004_const,1
1563,$4004_vol,0
1563,$4008_linear,127
1563,$400C_const,1
1563,$400C_vol,9
1563,$400E_period,13
1563,$400E_mode,0
1564,$4000_duty,1
1564,$4000_const,1
1564,$4000_vol,1
1564,$4004_duty,2
1564,$4004_const,1
1564,$4004_vol,0
1564,$4008_linear,127
1564,$400C_const,1
1564,$400C_vol,6
1564,$400E_period,13
1564,$400E_mode,0
1565,$4000_duty,1
1565,$4000_const,1
1565,$4000_vol,1
1565,$4004_duty,2
1565,$4004_const,1
1565,$4004_vol,0
1565,$4008_linear,127
1565,$400C_const,1
1565,$400C_vol,3
1565,$400E_period,13
1565,$400E_mode,0
1566,$4000_duty,1
1566,$4000_const,1
1566,$4000_vol,1
1566,$4004_duty,2
1566,$4004_const,1
1566,$4004_vol,0
1566,$4008_linear,127
1566,$400C_const,1
1566,$400C_vol,0
1566,$400E_period,13
1566,$400E_mode,0
1567,$4000_duty,1
1567,$4000_const,1
1567,$4000_vol,0
1567,$4008_linear,127
1567,$400C_const,1
1567,$400C_vol,0
1567,$400E_period,13
1567,$400E_mode,0
1568,$4000_duty,1
1568,$4000_const,1
1568,$4000_vol,0
1568,$4008_linear,127
1568,$400C_const,1
1568,$400C_vol,0
1568,$400E_period,13
1568,$400E_mode,0
1569,$4000_duty,1
1569,$4000_const,1
1569,$4000_vol,12
1569,$4002_period,481
1569,$400B_length,8
1569,$4008_linear,127
1569,$400C_const,1
1569,$400C_vol,0
1569,$400E_period,13
1569,$400E_mode,0
1570,$4000_duty,1
1570,$4000_const,1
1570,$4000_vol,11
1570,$4008_linear,127
1570,$400C_const,1
1570,$400C_vol,0
1570,$400E_period,13
1570,$400E_mode,0
1571,$4000_duty,1
1571,$4000_const,1
1571,$4000_vol,11
1571,$4008_linear,127
1571,$400C_const,1
1571,$400C_vol,0
1571,$400E_period,13
1571,$400E_mode,0
1572,$4000_duty,1
1572,$4000_const,1
1572,$4000_vol,11
1572,$4008_linear,127
1572,$400C_const,1
1572,$400C_vol,0
1572,$400E_period,13
1572,$400E_mode,0
1573,$4000_duty,1
1573,$4000_const,1
1573,$4000_vol,11
1573,$4008_linear,127
1573,$400C_const,1
1573,$400C_vol,0
1573,$400E_period,13
1573,$400E_mode,0
1574,$4000_duty,1
1574,$4000_const,1
1574,$4000_vol,10
1574,$4008_linear,0
1574,$400C_const,1
1574,$400C_vol,0
1574,$400E_period,13
1574,$400E_mode,0
1575,$4000_duty,1
1575,$4000_const,1
1575,$4000_vol,10
1575,$400C_const,1
1575,$400C_vol,0
1575,$400E_period,13
1575,$400E_mode,0
1576,$4000_duty,1
1576,$4000_const,1
1576,$4000_vol,9
1577,$4000_duty,1
1577,$4000_const,1
1577,$4000_vol,12
1577,$4002_period,427
1577,$400B_length,8
1577,$4008_linear,127
1577,$400A_period,719
1577,$400B_length,9
1577,$400C_const,1
1577,$400C_vol,12
1577,$400E_period,8
1577,$400E_mode,0
1578,$4000_duty,1
1578,$4000_const,1
1578,$4000_vol,11
1578,$4008_linear,127
1578,$400C_const,1
1578,$400C_vol,9
1578,$400E_period,8
1578,$400E_mode,0
1579,$4000_duty,1
1579,$4000_const,1
1579,$4000_vol,11
1579,$4008_linear,127
1579,$400C_const,1
1579,$400C_vol,6
1579,$400E_period,8
1579,$400E_mode,0
1580,$4000_duty,1
1580,$4000_const,1
1580,$4000_vol,11
1580,$4008_linear,127
1580,$400C_const,1
1580,$400C_vol,3
1580,$400E_period,8
1580,$400E_mode,0
1581,$4000_duty,1
1581,$4000_const,1
1581,$4000_vol,11
1581,$4008_linear,127
1581,$400C_const,1
1581,$400C_vol,0
1581,$400E_period,8
1581,$400E_mode,0
1582,$4000_duty,1
1582,$4000_const,1
1582,$4000_vol,10
1582,$4008_linear,127
1582,$400C_const,1
1582,$400C_vol,0
1582,$400E_period,8
1582,$400E_mode,0
1583,$4000_duty,1
1583,$4000_const,1
1583,$4000_vol,10
1583,$4008_linear,127
1583,$400C_const,1
1583,$400C_vol,0
1583,$400E_period,8
1583,$400E_mode,0
1584,$4000_duty,1
1584,$4000_const,1
1584,$4000_vol,12
1584,$4002_period,481
1584,$400B_length,8
1584,$4008_linear,127
1584,$400C_const,1
1584,$400C_vol,0
1584,$400E_period,8
1584,$400E_mode,0
1585,$4000_duty,1
1585,$4000_const,1
1585,$4000_vol,11
1585,$4008_linear,127
1585,$400C_const,1
1585,$400C_vol,0
1585,$400E_period,8
1585,$400E_mode,0
1586,$4000_duty,1
1586,$4000_const,1
1586,$4000_vol,11
1586,$4008_linear,127
1586,$400C_const,1
1586,$400C_vol,0
1586,$400E_period,8
1586,$400E_mode,0
1587,$4000_duty,1
1587,$4000_const,1
1587,$4000_vol,11
1587,$4008_linear,127
1587,$400C_const,1
1587,$400C_vol,0
1587,$400E_period,8
1587,$400E_mode,0
1588,$4000_duty,1
1588,$4000_const,1
1588,$4000_vol,11
1588,$4008_linear,127
1588,$400C_const,1
1588,$400C_vol,0
1588,$400E_period,8
1588,$400E_mode,0
1589,$4000_duty,1
1589,$4000_const,1
1589,$4000_vol,10
1589,$4008_linear,0
1589,$400C_const,1
1589,$400C_vol,0
1589,$400E_period,8
1589,$400E_mode,0
1590,$4000_duty,1
1590,$4000_const,1
1590,$4000_vol,10
1590,$400C_const,1
1590,$400C_vol,0
1590,$400E_period,8
1590,$400E_mode,0
1591,$4000_duty,1
1591,$4000_const,1
1591,$4000_vol,9
1592,$4000_duty,1
1592,$4000_const,1
1592,$4000_vol,12
1592,$4002_period,509
1592,$400B_length,8
1592,$4004_duty,2
1592,$4004_const,1
1592,$4004_vol,12
1592,$4006_period,641
1592,$4008_linear,127
1592,$400A_period,719
1592,$400B_length,9
1592,$400C_const,1
1592,$400C_vol,12
1592,$400E_period,13
1592,$400E_mode,0
1593,$4000_duty,1
1593,$4000_const,1
1593,$4000_vol,11
1593,$4004_duty,2
1593,$4004_const,1
1593,$4004_vol,11
1593,$4008_linear,127
1593,$400C_const,1
1593,$400C_vol,9
1593,$400E_period,13
1593,$400E_mode,0
1594,$4000_duty,1
1594,$4000_const,1
1594,$4000_vol,11
1594,$4004_duty,2
1594,$4004_const,1
1594,$4004_vol,11
1594,$4008_linear,127
1594,$400C_const,1
1594,$400C_vol,6
1594,$400E_period,13
1594,$400E_mode,0
1595,$4000_duty,1
1595,$4000_const,1
1595,$4000_vol,11
1595,$4004_duty,2
1595,$4004_const,1
1595,$4004_vol,11
1595,$4008_linear,127
1595,$400C_const,1
1595,$400C_vol,3
1595,$400E_period,13
1595,$400E_mode,0
1596,$4000_duty,1
1596,$4000_const,1
1596,$4000_vol,11
1596,$4004_duty,2
1596,$4004_const,1
1596,$4004_vol,11
1596,$4008_linear,127
1596,$400C_const,1
1596,$400C_vol,0
1596,$400E_period,13
1596,$400E_mode,0
1597,$4000_duty,1
1597,$4000_const,1
1597,$4000_vol,10
1597,$4004_duty,2
1597,$4004_const,1
1597,$4004_vol,11
1597,$4008_linear,127
1597,$400C_const,1
1597,$400C_vol,0
1597,$400E_period,13
1597,$400E_mode,0
1598,$4000_duty,1
1598,$4000_const,1
1598,$4000_vol,10
1598,$4004_duty,2
1598,$4004_const,1
1598,$4004_vol,11
1598,$4008_linear,127
1598,$400C_const,1
1598,$400C_vol,0
1598,$400E_period,13
1598,$400E_mode,0
1599,$4000_duty,1
1599,$4000_const,1
1599,$4000_vol,9
1599,$4004_duty,2
1599,$4004_const,1
1599,$4004_vol,11
1599,$4008_linear,127
1599,$400C_const,1
1599,$400C_vol,0
1599,$400E_period,13
1599,$400E_mode,0
1600,$4000_duty,1
1600,$4000_const,1
1600,$4000_vol,9
1600,$4004_duty,2
1600,$4004_const,1
1600,$4004_vol,11
1600,$4008_linear,127
1600,$400C_const,1
1600,$400C_vol,0
1600,$400E_period,13
1600,$400E_mode,0
1601,$4000_duty,1
1601,$4000_const,1
1601,$4000_vol,8
1601,$4004_duty,2
1601,$4004_const,1
1601,$4004_vol,10
1601,$4008_linear,127
1601,$400C_const,1
1601,$400C_vol,0
1601,$400E_period,13
1601,$400E_mode,0
1602,$4000_duty,1
1602,$4000_const,1
1602,$4000_vol,7
1602,$4004_duty,2
1602,$4004_const,1
1602,$4004_vol,10
1602,$4008_linear,127
1602,$400C_const,1
1602,$400C_vol,0
1602,$400E_period,13
1602,$400E_mode,0
1603,$4000_duty,1
1603,$4000_const,1
1603,$4000_vol,7
1603,$4004_duty,2
1603,$4004_const,1
1603,$4004_vol,10
1603,$4008_linear,127
1603,$400C_const,1
1603,$400C_vol,0
1603,$400E_period,13
1603,$400E_mode,0
1604,$4000_duty,1
1604,$4000_const,1
1604,$4000_vol,6
1604,$4004_duty,2
1604,$4004_const,1
1604,$4004_vol,10
1604,$4008_linear,0
1604,$400C_const,1
1604,$400C_vol,0
1604,$400E_period,13
1604,$400E_mode,0
1605,$4000_duty,1
1605,$4000_const,1
1605,$4000_vol,5
1605,$4004_duty,2
1605,$4004_const,1
1605,$4004_vol,10
1605,$400C_const,1
1605,$400C_vol,0
1605,$400E_period,13
1605,$400E_mode,0
1606,$4000_duty,1
1606,$4000_const,1
1606,$4000_vol,5
1606,$4004_duty,2
1606,$4004_const,1
1606,$4004_vol,10
1607,$4000_duty,1
1607,$4000_const,1
1607,$4000_vol,4
1607,$4004_duty,2
1607,$4004_const,1
1607,$4004_vol,10
1607,$4008_linear,127
1607,$400A_period,719
1607,$400B_length,9
1607,$400C_const,1
1607,$400C_vol,12
1607,$400E_period,8
1607,$400E_mode,0
1608,$4000_duty,1
1608,$4000_const,1
1608,$4000_vol,4
1608,$4004_duty,2
1608,$4004_const,1
1608,$4004_vol,9
1608,$4008_linear,127
1608,$400C_const,1
1608,$400C_vol,9
1608,$400E_period,8
1608,$400E_mode,0
1609,$4000_duty,1
1609,$4000_const,1
1609,$4000_vol,3
1609,$4004_duty,2
1609,$4004_const,1
1609,$4004_vol,8
1609,$4008_linear,127
1609,$400C_const,1
1609,$400C_vol,6
1609,$400E_period,8
1609,$400E_mode,0
1610,$4000_duty,1
1610,$4000_const,1
1610,$4000_vol,2
1610,$4004_duty,2
1610,$4004_const,1
1610,$4004_vol,8
1610,$4008_linear,127
1610,$400C_const,1
1610,$400C_vol,3
1610,$400E_period,8
1610,$400E_mode,0
1611,$4000_duty,1
1611,$4000_const,1
1611,$4000_vol,2
1611,$4004_duty,2
1611,$4004_const,1
1611,$4004_vol,7
1611,$4008_linear,127
1611,$400C_const,1
1611,$400C_vol,0
1611,$400E_period,8
1611,$400E_mode,0
1612,$4000_duty,1
1612,$4000_const,1
1612,$4000_vol,1
1612,$4004_duty,2
1612,$4004_const,1
1612,$4004_vol,7
1612,$4008_linear,127
1612,$400C_const,1
1612,$400C_vol,0
1612,$400E_period,8
1612,$400E_mode,0
1613,$4000_duty,1
1613,$4000_const,1
1613,$4000_vol,0
1613,$4004_duty,2
1613,$4004_const,1
1613,$4004_vol,6
1613,$4008_linear,127
1613,$400C_const,1
1613,$400C_vol,0
1613,$400E_period,8
1613,$400E_mode,0
1614,$4000_duty,1
1614,$4000_const,1
1614,$4000_vol,12
1614,$4002_period,641
1614,$400B_length,9
1614,$4004_duty,2
1614,$4004_const,1
1614,$4004_vol,12
1614,$4006_period,1017
1614,$4008_linear,127
1614,$400C_const,1
1614,$400C_vol,0
1614,$400E_period,8
1614,$400E_mode,0
1615,$4000_duty,1
1615,$4000_const,1
1615,$4000_vol,11
1615,$4004_duty,2
1615,$4004_const,1
1615,$4004_vol,11
1615,$4008_linear,127
1615,$400C_const,1
1615,$400C_vol,0
1615,$400E_period,8
1615,$400E_mode,0
1616,$4000_duty,1
1616,$4000_const,1
1616,$4000_vol,11
1616,$4004_duty,2
1616,$4004_const,1
1616,$4004_vol,11
1616,$4008_linear,127
1616,$400C_const,1
1616,$400C_vol,0
1616,$400E_period,8
1616,$400E_mode,0
1617,$4000_duty,1
1617,$4000_const,1
1617,$4000_vol,11
1617,$4004_duty,2
1617,$4004_const,1
1617,$4004_vol,11
1617,$4008_linear,127
1617,$400C_const,1
1617,$400C_vol,0
1617,$400E_period,8
1617,$400E_mode,0
1618,$4000_duty,1
1618,$4000_const,1
1618,$4000_vol,11
1618,$4004_duty,2
1618,$4004_const,1
1618,$4004_vol,11
1618,$4008_linear,127
1618,$400C_const,1
1618,$400C_vol,0
1618,$400E_period,8
1618,$400E_mode,0
1619,$4000_duty,1
1619,$4000_const,1
1619,$4000_vol,11
1619,$4004_duty,2
1619,$4004_const,1
1619,$4004_vol,11
1619,$4008_linear,0
1619,$400C_const,1
1619,$400C_vol,0
1619,$400E_period,8
1619,$400E_mode,0
1620,$4000_duty,1
1620,$4000_const,1
1620,$4000_vol,11
1620,$4004_duty,2
1620,$4004_const,1
1620,$4004_vol,11
1620,$400C_const,1
1620,$400C_vol,0
1620,$400E_period,8
1620,$400E_mode,0
1621,$4000_duty,1
1621,$4000_const,1
1621,$4000_vol,11
1621,$4004_duty,2
1621,$4004_const,1
1621,$4004_vol,11
1622,$4000_duty,1
1622,$4000_const,1
1622,$4000_vol,11
1622,$4004_duty,2
1622,$4004_const,1
1622,$4004_vol,11
1622,$4008_linear,127
1622,$400A_period,719
1622,$400B_length,9
1622,$400C_const,1
1622,$400C_vol,12
1622,$400E_period,13
1622,$400E_mode,0
1623,$4000_duty,1
1623,$4000_const,1
1623,$4000_vol,10
1623,$4004_duty,2
1623,$4004_const,1
1623,$4004_vol,10
1623,$4008_linear,127
1623,$400C_const,1
1623,$400C_vol,9
1623,$400E_period,13
1623,$400E_mode,0
1624,$4000_duty,1
1624,$4000_const,1
1624,$4000_vol,10
1624,$4004_duty,2
1624,$4004_const,1
1624,$4004_vol,10
1624,$4008_linear,127
1624,$400C_const,1
1624,$400C_vol,6
1624,$400E_period,13
1624,$400E_mode,0
1625,$4000_duty,1
1625,$4000_const,1
1625,$4000_vol,10
1625,$4004_duty,2
1625,$4004_const,1
1625,$4004_vol,10
1625,$4008_linear,127
1625,$400C_const,1
1625,$400C_vol,3
1625,$400E_period,13
1625,$400E_mode,0
1626,$4000_duty,1
1626,$4000_const,1
1626,$4000_vol,10
1626,$4004_duty,2
1626,$4004_const,1
1626,$4004_vol,10
1626,$4008_linear,127
1626,$400C_const,1
1626,$400C_vol,0
1626,$400E_period,13
1626,$400E_mode,0
1627,$4000_duty,1
1627,$4000_const,1
1627,$4000_vol,10
1627,$4004_duty,2
1627,$4004_const,1
1627,$4004_vol,10
1627,$4008_linear,127
1627,$400C_const,1
1627,$400C_vol,0
1627,$400E_period,13
1627,$400E_mode,0
1628,$4000_duty,1
1628,$4000_const,1
1628,$4000_vol,10
1628,$4004_duty,2
1628,$4004_const,1
1628,$4004_vol,10
1628,$4008_linear,127
1628,$400C_const,1
1628,$400C_vol,0
1628,$400E_period,13
1628,$400E_mode,0
1629,$4000_duty,1
1629,$4000_const,1
1629,$4000_vol,10
1629,$4004_duty,2
1629,$4004_const,1
1629,$4004_vol,10
1629,$4008_linear,127
1629,$400C_const,1
1629,$400C_vol,0
1629,$400E_period,13
1629,$400E_mode,0
1630,$4000_duty,1
1630,$4000_const,1
1630,$4000_vol,10
1630,$4004_duty,2
1630,$4004_const,1
1630,$4004_vol,10
1630,$4008_linear,127
1630,$400C_const,1
1630,$400C_vol,0
1630,$400E_period,13
1630,$400E_mode,0
1631,$4000_duty,1
1631,$4000_const,1
1631,$4000_vol,9
1631,$4004_duty,2
1631,$4004_const,1
1631,$4004_vol,9
1631,$4008_linear,127
1631,$400C_const,1
1631,$400C_vol,0
1631,$400E_period,13
1631,$400E_mode,0
1632,$4000_duty,1
1632,$4000_const,1
1632,$4000_vol,9
1632,$4004_duty,2
1632,$4004_const,1
1632,$4004_vol,9
1632,$4008_linear,127
1632,$400C_const,1
1632,$400C_vol,0
1632,$400E_period,13
1632,$400E_mode,0
1633,$4000_duty,1
1633,$4000_const,1
1633,$4000_vol,9
1633,$4004_duty,2
1633,$4004_const,1
1633,$4004_vol,9
1633,$4008_linear,127
1633,$400C_const,1
1633,$400C_vol,0
1633,$400E_period,13
1633,$400E_mode,0
1634,$4000_duty,1
1634,$4000_const,1
1634,$4000_vol,9
1634,$4004_duty,2
1634,$4004_const,1
1634,$4004_vol,9
1634,$4008_linear,127
1634,$400C_const,1
1634,$400C_vol,0
1634,$400E_period,13
1634,$400E_mode,0
1635,$4000_duty,1
1635,$4000_const,1
1635,$4000_vol,9
1635,$4004_duty,2
1635,$4004_const,1
1635,$4004_vol,9
1635,$4008_linear,127
1635,$400C_const,1
1635,$400C_vol,0
1635,$400E_period,13
1635,$400E_mode,0
1636,$4000_duty,1
1636,$4000_const,1
1636,$4000_vol,9
1636,$4004_duty,2
1636,$4004_const,1
1636,$4004_vol,9
1636,$4008_linear,127
1637,$4000_duty,1
1637,$4000_const,1
1637,$4000_vol,9
1637,$4004_duty,2
1637,$4004_const,1
1637,$4004_vol,9
1637,$4008_linear,127
1637,$400C_const,1
1637,$400C_vol,12
1637,$400E_period,8
1637,$400E_mode,0
1638,$4000_duty,1
1638,$4000_const,1
1638,$4000_vol,9
1638,$4004_duty,2
1638,$4004_const,1
1638,$4004_vol,9
1638,$4008_linear,127
1638,$400C_const,1
1638,$400C_vol,9
1638,$400E_period,8
1638,$400E_mode,0
1639,$4000_duty,1
1639,$4000_const,1
1639,$4000_vol,8
1639,$4004_duty,2
1639,$4004_const,1
1639,$4004_vol,8
1639,$4008_linear,127
1639,$400C_const,1
1639,$400C_vol,6
1639,$400E_period,8
1639,$400E_mode,0
1640,$4000_duty,1
1640,$4000_const,1
1640,$4000_vol,8
1640,$4004_duty,2
1640,$4004_const,1
1640,$4004_vol,8
1640,$4008_linear,0
1640,$400C_const,1
1640,$400C_vol,3
1640,$400E_period,8
1640,$400E_mode,0
1641,$4000_duty,1
1641,$4000_const,1
1641,$4000_vol,8
1641,$4004_duty,2
1641,$4004_const,1
1641,$4004_vol,8
1641,$400C_const,1
1641,$400C_vol,0
1641,$400E_period,8
1641,$400E_mode,0
1642,$4000_duty,1
1642,$4000_const,1
1642,$4000_vol,8
1642,$4004_duty,2
1642,$4004_const,1
1642,$4004_vol,8
1642,$400C_const,1
1642,$400C_vol,0
1642,$400E_period,8
1642,$400E_mode,0
1643,$4000_duty,1
1643,$4000_const,1
1643,$4000_vol,8
1643,$4004_duty,2
1643,$4004_const,1
1643,$4004_vol,8
1643,$400C_const,1
1643,$400C_vol,0
1643,$400E_period,8
1643,$400E_mode,0
1644,$4000_duty,1
1644,$4000_const,1
1644,$4000_vol,8
1644,$4004_duty,2
1644,$4004_const,1
1644,$4004_vol,8
1644,$4008_linear,127
1644,$400A_period,719
1644,$400B_length,9
1644,$400C_const,1
1644,$400C_vol,12
1644,$400E_period,13
1644,$400E_mode,0
1645,$4000_duty,1
1645,$4000_const,1
1645,$4000_vol,8
1645,$4004_duty,2
1645,$4004_const,1
1645,$4004_vol,8
1645,$4008_linear,127
1645,$400C_const,1
1645,$400C_vol,9
1645,$400E_period,13
1645,$400E_mode,0
1646,$4000_duty,1
1646,$4000_const,1
1646,$4000_vol,8
1646,$4004_duty,2
1646,$4004_const,1
1646,$4004_vol,8
1646,$4008_linear,127
1646,$400C_const,1
1646,$400C_vol,6
1646,$400E_period,13
1646,$400E_mode,0
1647,$4000_duty,1
1647,$4000_const,1
1647,$4000_vol,7
1647,$4004_duty,2
1647,$4004_const,1
1647,$4004_vol,7
1647,$4008_linear,127
1647,$400C_const,1
1647,$400C_vol,3
1647,$400E_period,13
1647,$400E_mode,0
1648,$4000_duty,1
1648,$4000_const,1
1648,$4000_vol,7
1648,$4004_duty,2
1648,$4004_const,1
1648,$4004_vol,7
1648,$4008_linear,127
1648,$400C_const,1
1648,$400C_vol,0
1648,$400E_period,13
1648,$400E_mode,0
1649,$4000_duty,1
1649,$4000_const,1
1649,$4000_vol,7
1649,$4004_duty,2
1649,$4004_const,1
1649,$4004_vol,7
1649,$4008_linear,127
1649,$400C_const,1
1649,$400C_vol,0
1649,$400E_period,13
1649,$400E_mode,0
1650,$4000_duty,1
1650,$4000_const,1
1650,$4000_vol,7
1650,$4004_duty,2
1650,$4004_const,1
1650,$4004_vol,7
1650,$4008_linear,127
1650,$400C_const,1
1650,$400C_vol,0
1650,$400E_period,13
1650,$400E_mode,0
1651,$4000_duty,1
1651,$4000_const,1
1651,$4000_vol,7
1651,$4004_duty,2
1651,$4004_const,1
1651,$4004_vol,7
1651,$4008_linear,127
1651,$400C_const,1
1651,$400C_vol,0
1651,$400E_period,13
1651,$400E_mode,0
1652,$4000_duty,1
1652,$4000_const,1
1652,$4000_vol,7
1652,$4004_duty,2
1652,$4004_const,1
1652,$4004_vol,7
1652,$4008_linear,127
1652,$400C_const,1
1652,$400C_vol,0
1652,$400E_period,13
1652,$400E_mode,0
1653,$4000_duty,1
1653,$4000_const,1
1653,$4000_vol,7
1653,$4004_duty,2
1653,$4004_const,1
1653,$4004_vol,7
1653,$4008_linear,127
1654,$4000_duty,1
1654,$4000_const,1
1654,$4000_vol,7
1654,$4004_duty,2
1654,$4004_const,1
1654,$4004_vol,7
1654,$4008_linear,127
1655,$4000_duty,1
1655,$4000_const,1
1655,$4000_vol,6
1655,$4004_duty,2
1655,$4004_const,1
1655,$4004_vol,6
1655,$4008_linear,127
1656,$4000_duty,1
1656,$4000_const,1
1656,$4000_vol,6
1656,$4004_duty,2
1656,$4004_const,1
1656,$4004_vol,6
1656,$4008_linear,0
1657,$4000_duty,1
1657,$4000_const,1
1657,$4000_vol,6
1657,$4004_duty,2
1657,$4004_const,1
1657,$4004_vol,6
1657,$4008_linear,0
1658,$4000_duty,1
1658,$4000_const,1
1658,$4000_vol,6
1658,$4004_duty,2
1658,$4004_const,1
1658,$4004_vol,6
1659,$4000_duty,1
1659,$4000_const,1
1659,$4000_vol,6
1659,$4004_duty,2
1659,$4004_const,1
1659,$4004_vol,6
1659,$4008_linear,127
1659,$400A_period,719
1659,$400B_length,9
1659,$400C_const,1
1659,$400C_vol,12
1659,$400E_period,13
1659,$400E_mode,0
1660,$4000_duty,1
1660,$4000_const,1
1660,$4000_vol,6
1660,$4004_duty,2
1660,$4004_const,1
1660,$4004_vol,6
1660,$4008_linear,127
1660,$400C_const,1
1660,$400C_vol,9
1660,$400E_period,13
1660,$400E_mode,0
1661,$4000_duty,1
1661,$4000_const,1
1661,$4000_vol,6
1661,$4004_duty,2
1661,$4004_const,1
1661,$4004_vol,6
1661,$4008_linear,127
1661,$400C_const,1
1661,$400C_vol,6
1661,$400E_period,13
1661,$400E_mode,0
1662,$4000_duty,1
1662,$4000_const,1
1662,$4000_vol,6
1662,$4004_duty,2
1662,$4004_const,1
1662,$4004_vol,6
1662,$4008_linear,127
1662,$400C_const,1
1662,$400C_vol,3
1662,$400E_period,13
1662,$400E_mode,0
1663,$4000_duty,1
1663,$4000_const,1
1663,$4000_vol,5
1663,$4004_duty,2
1663,$4004_const,1
1663,$4004_vol,5
1663,$4008_linear,127
1663,$400C_const,1
1663,$400C_vol,0
1663,$400E_period,13
1663,$400E_mode,0
1664,$4000_duty,1
1664,$4000_const,1
1664,$4000_vol,5
1664,$4004_duty,2
1664,$4004_const,1
1664,$4004_vol,5
1664,$4008_linear,127
1664,$400C_const,1
1664,$400C_vol,0
1664,$400E_period,13
1664,$400E_mode,0
1665,$4000_duty,1
1665,$4000_const,1
1665,$4000_vol,5
1665,$4004_duty,2
1665,$4004_const,1
1665,$4004_vol,5
1665,$4008_linear,127
1665,$400C_const,1
1665,$400C_vol,0
1665,$400E_period,13
1665,$400E_mode,0
1666,$4000_duty,1
1666,$4000_const,1
1666,$4000_vol,5
1666,$4004_duty,2
1666,$4004_const,1
1666,$4004_vol,5
1666,$4008_linear,127
1666,$400C_const,1
1666,$400C_vol,0
1666,$400E_period,13
1666,$400E_mode,0
1667,$4000_duty,1
1667,$4000_const,1
1667,$4000_vol,4
1667,$4004_duty,2
1667,$4004_const,1
1667,$4004_vol,4
1667,$4008_linear,127
1667,$400C_const,1
1667,$400C_vol,12
1667,$400E_period,8
1667,$400E_mode,0
1668,$4000_duty,1
1668,$4000_const,1
1668,$4000_vol,3
1668,$4004_duty,2
1668,$4004_const,1
1668,$4004_vol,3
1668,$4008_linear,127
1668,$400C_const,1
1668,$400C_vol,9
1668,$400E_period,8
1668,$400E_mode,0
1669,$4000_duty,1
1669,$4000_const,1
1669,$4000_vol,3
1669,$4004_duty,2
1669,$4004_const,1
1669,$4004_vol,3
1669,$4008_linear,127
1669,$400C_const,1
1669,$400C_vol,6
1669,$400E_period,8
1669,$400E_mode,0
1670,$4000_duty,1
1670,$4000_const,1
1670,$4000_vol,2
1670,$4004_duty,2
1670,$4004_const,1
1670,$4004_vol,2
1670,$4008_linear,127
1670,$400C_const,1
1670,$400C_vol,3
1670,$400E_period,8
1670,$400E_mode,0
1671,$4000_duty,1
1671,$4000_const,1
1671,$4000_vol,1
1671,$4004_duty,2
1671,$4004_const,1
1671,$4004_vol,1
1671,$4008_linear,0
1671,$400C_const,1
1671,$400C_vol,0
1671,$400E_period,8
1671,$400E_mode,0
1672,$4000_duty,1
1672,$4000_const,1
1672,$4000_vol,1
1672,$4004_duty,2
1672,$4004_const,1
1672,$4004_vol,1
1672,$4008_linear,0
1672,$400C_const,1
1672,$400C_vol,0
1672,$400E_period,8
1672,$400E_mode,0
1673,$4000_duty,1
1673,$4000_const,1
1673,$4000_vol,0
1673,$4004_duty,2
1673,$4004_const,1
1673,$4004_vol,0
1673,$400C_const,1
1673,$400C_vol,0
1673,$400E_period,8
1673,$400E_mode,0
1674,$4000_duty,1
1674,$4000_const,1
1674,$4000_vol,0
1674,$4004_duty,2
1674,$4004_const,1
1674,$4004_vol,0
1674,$4008_linear,127
1674,$400A_period,719
1674,$400B_length,9
1674,$400C_const,1
1674,$400C_vol,12
1674,$400E_period,13
1674,$400E_mode,0
1675,$4000_duty,1
1675,$4000_const,1
1675,$4000_vol,0
1675,$4004_duty,2
1675,$4004_const,1
1675,$4004_vol,0
1675,$4008_linear,127
1675,$400C_const,1
1675,$400C_vol,9
1675,$400E_period,13
1675,$400E_mode,0
1676,$4000_duty,1
1676,$4000_const,1
1676,$4000_vol,0
1676,$4004_duty,2
1676,$4004_const,1
1676,$4004_vol,0
1676,$4008_linear,127
1676,$400C_const,1
1676,$400C_vol,6
1676,$400E_period,13
1676,$400E_mode,0
1677,$4000_duty,1
1677,$4000_const,1
1677,$4000_vol,0
1677,$4004_duty,2
1677,$4004_const,1
1677,$4004_vol,0
1677,$4008_linear,127
1677,$400C_const,1
1677,$400C_vol,3
1677,$400E_period,13
1677,$400E_mode,0
1678,$4000_duty,1
1678,$4000_const,1
1678,$4000_vol,0
1678,$4004_duty,2
1678,$4004_const,1
1678,$4004_vol,0
1678,$4008_linear,127
1678,$400C_const,1
1678,$400C_vol,0
1678,$400E_period,13
1678,$400E_mode,0
1679,$4000_duty,1
1679,$4000_const,1
1679,$4000_vol,0
1679,$4004_duty,2
1679,$4004_const,1
1679,$4004_vol,0
1679,$4008_linear,127
1679,$400C_const,1
1679,$400C_vol,0
1679,$400E_period,13
1679,$400E_mode,0
1680,$4008_linear,0
1680,$400C_const,1
1680,$400C_vol,0
1680,$400E_period,13
1680,$400E_mode,0
1681,$4008_linear,0
1681,$400C_const,1
1681,$400C_vol,0
1681,$400E_period,13
1681,$400E_mode,0
1682,$4000_duty,1
1682,$4000_const,1
1682,$4000_vol,12
1682,$4002_period,641
1682,$400B_length,9
1682,$4004_duty,2
1682,$4004_const,1
1682,$4004_vol,12
1682,$4006_period,1017
1682,$4008_linear,127
1682,$400A_period,719
1682,$400B_length,9
1682,$400C_const,1
1682,$400C_vol,12
1682,$400E_period,13
1682,$400E_mode,0
1683,$4000_duty,1
1683,$4000_const,1
1683,$4000_vol,11
1683,$4004_duty,2
1683,$4004_const,1
1683,$4004_vol,11
1683,$4008_linear,127
1683,$400C_const,1
1683,$400C_vol,9
1683,$400E_period,13
1683,$400E_mode,0
1684,$4000_duty,1
1684,$4000_const,1
1684,$4000_vol,11
1684,$4004_duty,2
1684,$4004_const,1
1684,$4004_vol,11
1684,$4008_linear,127
1684,$400C_const,1
1684,$400C_vol,6
1684,$400E_period,13
1684,$400E_mode,0
1685,$4000_duty,1
1685,$4000_const,1
1685,$4000_vol,11
1685,$4004_duty,2
1685,$4004_const,1
1685,$4004_vol,11
1685,$4008_linear,127
1685,$400C_const,1
1685,$400C_vol,3
1685,$400E_period,13
1685,$400E_mode,0
1686,$4000_duty,1
1686,$4000_const,1
1686,$4000_vol,11
1686,$4004_duty,2
1686,$4004_const,1
1686,$4004_vol,11
1686,$4008_linear,127
1686,$400C_const,1
1686,$400C_vol,0
1686,$400E_period,13
1686,$400E_mode,0
1687,$4000_duty,1
1687,$4000_const,1
1687,$4000_vol,10
1687,$4004_duty,2
1687,$4004_const,1
1687,$4004_vol,11
1687,$4008_linear,127
1687,$400C_const,1
1687,$400C_vol,0
1687,$400E_period,13
1687,$400E_mode,0
1688,$4000_duty,1
1688,$4000_const,1
1688,$4000_vol,10
1688,$4004_duty,2
1688,$4004_const,1
1688,$4004_vol,11
1688,$4008_linear,127
1688,$400C_const,1
1688,$400C_vol,0
1688,$400E_period,13
1688,$400E_mode,0
1689,$4000_duty,1
1689,$4000_const,1
1689,$4000_vol,9
1689,$4004_duty,2
1689,$4004_const,1
1689,$4004_vol,11
1689,$4008_linear,127
1689,$400C_const,1
1689,$400C_vol,0
1689,$400E_period,13
1689,$400E_mode,0
1690,$4000_duty,1
1690,$4000_const,1
1690,$4000_vol,9
1690,$4004_duty,2
1690,$4004_const,1
1690,$4004_vol,11
1690,$4008_linear,127
1690,$400C_const,1
1690,$400C_vol,0
1690,$400E_period,13
1690,$400E_mode,0
1691,$4000_duty,1
1691,$4000_const,1
1691,$4000_vol,8
1691,$4004_duty,2
1691,$4004_const,1
1691,$4004_vol,10
1691,$4008_linear,127
1691,$400C_const,1
1691,$400C_vol,0
1691,$400E_period,13
1691,$400E_mode,0
1692,$4000_duty,1
1692,$4000_const,1
1692,$4000_vol,7
1692,$4004_duty,2
1692,$4004_const,1
1692,$4004_vol,10
1692,$4008_linear,127
1692,$400C_const,1
1692,$400C_vol,0
1692,$400E_period,13
1692,$400E_mode,0
1693,$4000_duty,1
1693,$4000_const,1
1693,$4000_vol,7
1693,$4004_duty,2
1693,$4004_const,1
1693,$4004_vol,10
1693,$4008_linear,127
1693,$400C_const,1
1693,$400C_vol,0
1693,$400E_period,13
1693,$400E_mode,0
1694,$4000_duty,1
1694,$4000_const,1
1694,$4000_vol,6
1694,$4004_duty,2
1694,$4004_const,1
1694,$4004_vol,9
1694,$4008_linear,0
1694,$400C_const,1
1694,$400C_vol,0
1694,$400E_period,13
1694,$400E_mode,0
1695,$4000_duty,1
1695,$4000_const,1
1695,$4000_vol,5
1695,$4004_duty,2
1695,$4004_const,1
1695,$4004_vol,8
1695,$400C_const,1
1695,$400C_vol,0
1695,$400E_period,13
1695,$400E_mode,0
1696,$4000_duty,1
1696,$4000_const,1
1696,$4000_vol,5
1696,$4004_duty,2
1696,$4004_const,1
1696,$4004_vol,8
1696,$400C_const,1
1696,$400C_vol,0
1696,$400E_period,13
1696,$400E_mode,0
1697,$4000_duty,1
1697,$4000_const,1
1697,$4000_vol,12
1697,$4002_period,571
1697,$400B_length,9
1697,$4004_duty,2
1697,$4004_const,1
1697,$4004_vol,12
1697,$4006_period,855
1697,$4008_linear,127
1697,$400A_period,719
1697,$400B_length,9
1697,$400C_const,1
1697,$400C_vol,12
1697,$400E_period,8
1697,$400E_mode,0
1698,$4000_duty,1
1698,$4000_const,1
1698,$4000_vol,11
1698,$4004_duty,2
1698,$4004_const,1
1698,$4004_vol,11
1698,$4008_linear,127
1698,$400C_const,1
1698,$400C_vol,9
1698,$400E_period,8
1698,$400E_mode,0
1699,$4000_duty,1
1699,$4000_const,1
1699,$4000_vol,11
1699,$4004_duty,2
1699,$4004_const,1
1699,$4004_vol,11
1699,$4008_linear,127
1699,$400C_const,1
1699,$400C_vol,6
1699,$400E_period,8
1699,$400E_mode,0
1700,$4000_duty,1
1700,$4000_const,1
1700,$4000_vol,11
1700,$4004_duty,2
1700,$4004_const,1
1700,$4004_vol,11
1700,$4008_linear,127
1700,$400C_const,1
1700,$400C_vol,3
1700,$400E_period,8
1700,$400E_mode,0
1701,$4000_duty,1
1701,$4000_const,1
1701,$4000_vol,11
1701,$4004_duty,2
1701,$4004_const,1
1701,$4004_vol,11
1701,$4008_linear,127
1701,$400C_const,1
1701,$400C_vol,0
1701,$400E_period,8
1701,$400E_mode,0
1702,$4000_duty,1
1702,$4000_const,1
1702,$4000_vol,10
1702,$4004_duty,2
1702,$4004_const,1
1702,$4004_vol,11
1702,$4008_linear,127
1702,$400C_const,1
1702,$400C_vol,0
1702,$400E_period,8
1702,$400E_mode,0
1703,$4000_duty,1
1703,$4000_const,1
1703,$4000_vol,10
1703,$4004_duty,2
1703,$4004_const,1
1703,$4004_vol,11
1703,$4008_linear,127
1703,$400C_const,1
1703,$400C_vol,0
1703,$400E_period,8
1703,$400E_mode,0
1704,$4000_duty,1
1704,$4000_const,1
1704,$4000_vol,9
1704,$4004_duty,2
1704,$4004_const,1
1704,$4004_vol,11
1704,$4008_linear,127
1704,$400C_const,1
1704,$400C_vol,0
1704,$400E_period,8
1704,$400E_mode,0
1705,$4000_duty,1
1705,$4000_const,1
1705,$4000_vol,9
1705,$4004_duty,2
1705,$4004_const,1
1705,$4004_vol,11
1705,$4008_linear,127
1705,$400C_const,1
1705,$400C_vol,0
1705,$400E_period,8
1705,$400E_mode,0
1706,$4000_duty,1
1706,$4000_const,1
1706,$4000_vol,8
1706,$4004_duty,2
1706,$4004_const,1
1706,$4004_vol,10
1706,$4008_linear,127
1706,$400C_const,1
1706,$400C_vol,0
1706,$400E_period,8
1706,$400E_mode,0
1707,$4000_duty,1
1707,$4000_const,1
1707,$4000_vol,7
1707,$4004_duty,2
1707,$4004_const,1
1707,$4004_vol,10
1707,$4008_linear,127
1707,$400C_const,1
1707,$400C_vol,0
1707,$400E_period,8
1707,$400E_mode,0
1708,$4000_duty,1
1708,$4000_const,1
1708,$4000_vol,7
1708,$4004_duty,2
1708,$4004_const,1
1708,$4004_vol,10
1708,$4008_linear,127
1708,$400C_const,1
1708,$400C_vol,0
1708,$400E_period,8
1708,$400E_mode,0
1709,$4000_duty,1
1709,$4000_const,1
1709,$4000_vol,6
1709,$4004_duty,2
1709,$4004_const,1
1709,$4004_vol,9
1709,$4008_linear,0
1709,$400C_const,1
1709,$400C_vol,0
1709,$400E_period,8
1709,$400E_mode,0
1710,$4000_duty,1
1710,$4000_const,1
1710,$4000_vol,5
1710,$4004_duty,2
1710,$4004_const,1
1710,$4004_vol,8
1710,$400C_const,1
1710,$400C_vol,0
1710,$400E_period,8
1710,$400E_mode,0
1711,$4000_duty,1
1711,$4000_const,1
1711,$4000_vol,5
1711,$4004_duty,2
1711,$4004_const,1
1711,$4004_vol,8
1711,$400C_const,1
1711,$400C_vol,0
1711,$400E_period,8
1711,$400E_mode,0
1712,$4000_duty,1
1712,$4000_const,1
1712,$4000_vol,12
1712,$4002_period,539
1712,$400B_length,9
1712,$4004_duty,2
1712,$4004_const,1
1712,$4004_vol,12
1712,$4006_period,679
1712,$4008_linear,127
1712,$400A_period,719
1712,$400B_length,9
1712,$400C_const,1
1712,$400C_vol,12
1712,$400E_period,13
1712,$400E_mode,0
1713,$4000_duty,1
1713,$4000_const,1
1713,$4000_vol,11
1713,$4004_duty,2
1713,$4004_const,1
1713,$4004_vol,11
1713,$4008_linear,127
1713,$400C_const,1
1713,$400C_vol,9
1713,$400E_period,13
1713,$400E_mode,0
1714,$4000_duty,1
1714,$4000_const,1
1714,$4000_vol,11
1714,$4004_duty,2
1714,$4004_const,1
1714,$4004_vol,11
1714,$4008_linear,127
1714,$400C_const,1
1714,$400C_vol,6
1714,$400E_period,13
1714,$400E_mode,0
1715,$4000_duty,1
1715,$4000_const,1
1715,$4000_vol,11
1715,$4004_duty,2
1715,$4004_const,1
1715,$4004_vol,11
1715,$4008_linear,127
1715,$400C_const,1
1715,$400C_vol,3
1715,$400E_period,13
1715,$400E_mode,0
1716,$4000_duty,1
1716,$4000_const,1
1716,$4000_vol,11
1716,$4004_duty,2
1716,$4004_const,1
1716,$4004_vol,11
1716,$4008_linear,127
1716,$400C_const,1
1716,$400C_vol,0
1716,$400E_period,13
1716,$400E_mode,0
1717,$4000_duty,1
1717,$4000_const,1
1717,$4000_vol,11
1717,$4004_duty,2
1717,$4004_const,1
1717,$4004_vol,11
1717,$4008_linear,127
1717,$400C_const,1
1717,$400C_vol,0
1717,$400E_period,13
1717,$400E_mode,0
1718,$4000_duty,1
1718,$4000_const,1
1718,$4000_vol,11
1718,$4004_duty,2
1718,$4004_const,1
1718,$4004_vol,11
1718,$4008_linear,127
1718,$400C_const,1
1718,$400C_vol,0
1718,$400E_period,13
1718,$400E_mode,0
1719,$4000_duty,1
1719,$4000_const,1
1719,$4000_vol,11
1719,$4004_duty,2
1719,$4004_const,1
1719,$4004_vol,11
1719,$4008_linear,127
1719,$400C_const,1
1719,$400C_vol,0
1719,$400E_period,13
1719,$400E_mode,0
1720,$4000_duty,1
1720,$4000_const,1
1720,$4000_vol,11
1720,$4004_duty,2
1720,$4004_const,1
1720,$4004_vol,11
1720,$4008_linear,127
1720,$400C_const,1
1720,$400C_vol,0
1720,$400E_period,13
1720,$400E_mode,0
1721,$4000_duty,1
1721,$4000_const,1
1721,$4000_vol,10
1721,$4004_duty,2
1721,$4004_const,1
1721,$4004_vol,10
1721,$4008_linear,127
1721,$400C_const,1
1721,$400C_vol,0
1721,$400E_period,13
1721,$400E_mode,0
1722,$4000_duty,1
1722,$4000_const,1
1722,$4000_vol,10
1722,$4004_duty,2
1722,$4004_const,1
1722,$4004_vol,10
1722,$4008_linear,127
1722,$400C_const,1
1722,$400C_vol,0
1722,$400E_period,13
1722,$400E_mode,0
1723,$4000_duty,1
1723,$4000_const,1
1723,$4000_vol,10
1723,$4004_duty,2
1723,$4004_const,1
1723,$4004_vol,10
1723,$4008_linear,127
1723,$400C_const,1
1723,$400C_vol,0
1723,$400E_period,13
1723,$400E_mode,0
1724,$4000_duty,1
1724,$4000_const,1
1724,$4000_vol,10
1724,$4004_duty,2
1724,$4004_const,1
1724,$4004_vol,10
1724,$4008_linear,0
1724,$400C_const,1
1724,$400C_vol,0
1724,$400E_period,13
1724,$400E_mode,0
1725,$4000_duty,1
1725,$4000_const,1
1725,$4000_vol,10
1725,$4004_duty,2
1725,$4004_const,1
1725,$4004_vol,10
1725,$400C_const,1
1725,$400C_vol,0
1725,$400E_period,13
1725,$400E_mode,0
1726,$4000_duty,1
1726,$4000_const,1
1726,$4000_vol,10
1726,$4004_duty,2
1726,$4004_const,1
1726,$4004_vol,10
1726,$400C_const,1
1726,$400C_vol,0
1726,$400E_period,13
1726,$400E_mode,0
1727,$4000_duty,1
1727,$4000_const,1
1727,$4000_vol,10
1727,$4004_duty,2
1727,$4004_const,1
1727,$4004_vol,10
1727,$4008_linear,127
1727,$400A_period,719
1727,$400B_length,9
1727,$400C_const,1
1727,$400C_vol,12
1727,$400E_period,8
1727,$400E_mode,0
1728,$4000_duty,1
1728,$4000_const,1
1728,$4000_vol,10
1728,$4004_duty,2
1728,$4004_const,1
1728,$4004_vol,10
1728,$4008_linear,127
1728,$400C_const,1
1728,$400C_vol,9
1728,$400E_period,8
1728,$400E_mode,0
1729,$4000_duty,1
1729,$4000_const,1
1729,$4000_vol,9
1729,$4004_duty,2
1729,$4004_const,1
1729,$4004_vol,9
1729,$4008_linear,127
1729,$400C_const,1
1729,$400C_vol,6
1729,$400E_period,8
1729,$400E_mode,0
1730,$4000_duty,1
1730,$4000_const,1
1730,$4000_vol,9
1730,$4004_duty,2
1730,$4004_const,1
1730,$4004_vol,9
1730,$4008_linear,127
1730,$400C_const,1
1730,$400C_vol,3
1730,$400E_period,8
1730,$400E_mode,0
1731,$4000_duty,1
1731,$4000_const,1
1731,$4000_vol,9
1731,$4004_duty,2
1731,$4004_const,1
1731,$4004_vol,9
1731,$4008_linear,127
1731,$400C_const,1
1731,$400C_vol,0
1731,$400E_period,8
1731,$400E_mode,0
1732,$4000_duty,1
1732,$4000_const,1
1732,$4000_vol,9
1732,$4004_duty,2
1732,$4004_const,1
1732,$4004_vol,9
1732,$4008_linear,127
1732,$400C_const,1
1732,$400C_vol,0
1732,$400E_period,8
1732,$400E_mode,0
1733,$4000_duty,1
1733,$4000_const,1
1733,$4000_vol,9
1733,$4004_duty,2
1733,$4004_const,1
1733,$4004_vol,9
1733,$4008_linear,127
1733,$400C_const,1
1733,$400C_vol,0
1733,$400E_period,8
1733,$400E_mode,0
1734,$4000_duty,1
1734,$4000_const,1
1734,$4000_vol,9
1734,$4004_duty,2
1734,$4004_const,1
1734,$4004_vol,9
1734,$4008_linear,127
1734,$400C_const,1
1734,$400C_vol,0
1734,$400E_period,8
1734,$400E_mode,0
1735,$4000_duty,1
1735,$4000_const,1
1735,$4000_vol,9
1735,$4004_duty,2
1735,$4004_const,1
1735,$4004_vol,9
1735,$4008_linear,127
1735,$400C_const,1
1735,$400C_vol,0
1735,$400E_period,8
1735,$400E_mode,0
1736,$4000_duty,1
1736,$4000_const,1
1736,$4000_vol,9
1736,$4004_duty,2
1736,$4004_const,1
1736,$4004_vol,9
1736,$4008_linear,127
1736,$400C_const,1
1736,$400C_vol,0
1736,$400E_period,8
1736,$400E_mode,0
1737,$4000_duty,1
1737,$4000_const,1
1737,$4000_vol,8
1737,$4004_duty,2
1737,$4004_const,1
1737,$4004_vol,8
1737,$4008_linear,127
1737,$400C_const,1
1737,$400C_vol,0
1737,$400E_period,8
1737,$400E_mode,0
1738,$4000_duty,1
1738,$4000_const,1
1738,$4000_vol,8
1738,$4004_duty,2
1738,$4004_const,1
1738,$4004_vol,8
1738,$4008_linear,127
1738,$400C_const,1
1738,$400C_vol,0
1738,$400E_period,8
1738,$400E_mode,0
1739,$4000_duty,1
1739,$4000_const,1
1739,$4000_vol,8
1739,$4004_duty,2
1739,$4004_const,1
1739,$4004_vol,8
1739,$4008_linear,0
1739,$400C_const,1
1739,$400C_vol,0
1739,$400E_period,8
1739,$400E_mode,0
1740,$4000_duty,1
1740,$4000_const,1
1740,$4000_vol,8
1740,$4004_duty,2
1740,$4004_const,1
1740,$4004_vol,8
1740,$400C_const,1
1740,$400C_vol,0
1740,$400E_period,8
1740,$400E_mode,0
1741,$4000_duty,1
1741,$4000_const,1
1741,$4000_vol,8
1741,$4004_duty,2
1741,$4004_const,1
1741,$4004_vol,8
1741,$400C_const,1
1741,$400C_vol,0
1741,$400E_period,8
1741,$400E_mode,0
1742,$4000_duty,1
1742,$4000_const,1
1742,$4000_vol,8
1742,$4004_duty,2
1742,$4004_const,1
1742,$4004_vol,8
1742,$4008_linear,127
1742,$400A_period,719
1742,$400B_length,9
1742,$400C_const,1
1742,$400C_vol,12
1742,$400E_period,13
1742,$400E_mode,0
1743,$4000_duty,1
1743,$4000_const,1
1743,$4000_vol,8
1743,$4004_duty,2
1743,$4004_const,1
1743,$4004_vol,8
1743,$4008_linear,127
1743,$400C_const,1
1743,$400C_vol,9
1743,$400E_period,13
1743,$400E_mode,0
1744,$4000_duty,1
1744,$4000_const,1
1744,$4000_vol,8
1744,$4004_duty,2
1744,$4004_const,1
1744,$4004_vol,8
1744,$4008_linear,127
1744,$400C_const,1
1744,$400C_vol,6
1744,$400E_period,13
1744,$400E_mode,0
1745,$4000_duty,1
1745,$4000_const,1
1745,$4000_vol,7
1745,$4004_duty,2
1745,$4004_const,1
1745,$4004_vol,7
1745,$4008_linear,127
1745,$400C_const,1
1745,$400C_vol,3
1745,$400E_period,13
1745,$400E_mode,0
1746,$4000_duty,1
1746,$4000_const,1
1746,$4000_vol,7
1746,$4004_duty,2
1746,$4004_const,1
1746,$4004_vol,7
1746,$4008_linear,127
1746,$400C_const,1
1746,$400C_vol,0
1746,$400E_period,13
1746,$400E_mode,0
1747,$4000_duty,1
1747,$4000_const,1
1747,$4000_vol,7
1747,$4004_duty,2
1747,$4004_const,1
1747,$4004_vol,7
1747,$4008_linear,127
1747,$400C_const,1
1747,$400C_vol,0
1747,$400E_period,13
1747,$400E_mode,0
1748,$4000_duty,1
1748,$4000_const,1
1748,$4000_vol,7
1748,$4004_duty,2
1748,$4004_const,1
1748,$4004_vol,7
1748,$4008_linear,127
1748,$400C_const,1
1748,$400C_vol,0
1748,$400E_period,13
1748,$400E_mode,0
1749,$4004_duty,0
1749,$4004_const,1
1749,$4004_vol,0
1749,$4001_sweep,8
1749,$4005_sweep,8
1749,$4000_duty,1
1749,$4000_const,1
1749,$4000_vol,7
1749,$4008_linear,127
1749,$400C_const,1
1749,$400C_vol,0
1749,$400E_period,13
1749,$400E_mode,0
1750,$4000_duty,1
1750,$4000_const,1
1750,$4000_vol,7
1750,$4004_duty,2
1750,$4004_const,1
1750,$4004_vol,15
1750,$4006_period,481
1750,$4008_linear,127
1750,$400C_const,1
1750,$400C_vol,0
1750,$400E_period,13
1750,$400E_mode,0
1751,$4000_duty,1
1751,$4000_const,1
1751,$4000_vol,7
1751,$4004_duty,2
1751,$4004_const,1
1751,$4004_vol,14
1751,$4008_linear,127
1751,$400C_const,1
1751,$400C_vol,0
1751,$400E_period,13
1751,$400E_mode,0
1752,$4000_duty,1
1752,$4000_const,1
1752,$4000_vol,7
1752,$4004_duty,2
1752,$4004_const,1
1752,$4004_vol,13
1752,$4008_linear,127
1752,$400C_const,1
1752,$400C_vol,0
1752,$400E_period,13
1752,$400E_mode,0
1753,$4000_duty,1
1753,$4000_const,1
1753,$4000_vol,6
1753,$4004_duty,2
1753,$4004_const,1
1753,$4004_vol,12
1753,$4008_linear,127
1753,$400C_const,1
1753,$400C_vol,0
1753,$400E_period,13
1753,$400E_mode,0
1754,$4000_duty,1
1754,$4000_const,1
1754,$4000_vol,6
1754,$4004_duty,2
1754,$4004_const,1
1754,$4004_vol,11
1754,$4008_linear,127
1754,$400C_const,1
1754,$400C_vol,0
1754,$400E_period,13
1754,$400E_mode,0
1755,$4000_duty,1
1755,$4000_const,1
1755,$4000_vol,6
1755,$4004_duty,2
1755,$4004_const,1
1755,$4004_vol,10
1755,$4008_linear,127
1755,$400C_const,1
1755,$400C_vol,0
1755,$400E_period,13
1755,$400E_mode,0
1756,$4000_duty,1
1756,$4000_const,1
1756,$4000_vol,6
1756,$4004_duty,2
1756,$4004_const,1
1756,$4004_vol,9
1756,$4008_linear,127
1756,$400C_const,1
1756,$400C_vol,0
1756,$400E_period,13
1756,$400E_mode,0
1757,$4000_duty,1
1757,$4000_const,1
1757,$4000_vol,6
1757,$4004_duty,2
1757,$4004_const,1
1757,$4004_vol,8
1757,$4008_linear,127
1757,$400C_const,1
1757,$400C_vol,12
1757,$400E_period,8
1757,$400E_mode,0
1758,$4000_duty,1
1758,$4000_const,1
1758,$4000_vol,6
1758,$4004_duty,2
1758,$4004_const,1
1758,$4004_vol,7
1758,$4008_linear,127
1758,$400C_const,1
1758,$400C_vol,9
1758,$400E_period,8
1758,$400E_mode,0
1759,$4000_duty,1
1759,$4000_const,1
1759,$4000_vol,6
1759,$4004_duty,2
1759,$4004_const,1
1759,$4004_vol,6
1759,$4008_linear,127
1759,$400C_const,1
1759,$400C_vol,6
1759,$400E_period,8
1759,$400E_mode,0
1760,$4000_duty,1
1760,$4000_const,1
1760,$4000_vol,6
1760,$4004_duty,2
1760,$4004_const,1
1760,$4004_vol,5
1760,$4008_linear,0
1760,$400C_const,1
1760,$400C_vol,3
1760,$400E_period,8
1760,$400E_mode,0
1761,$4000_duty,1
1761,$4000_const,1
1761,$4000_vol,5
1761,$4004_duty,2
1761,$4004_const,1
1761,$4004_vol,4
1761,$4008_linear,0
1761,$400C_const,1
1761,$400C_vol,0
1761,$400E_period,8
1761,$400E_mode,0
1762,$4000_duty,1
1762,$4000_const,1
1762,$4000_vol,5
1762,$4004_duty,2
1762,$4004_const,1
1762,$4004_vol,3
1762,$400C_const,1
1762,$400C_vol,0
1762,$400E_period,8
1762,$400E_mode,0
1763,$4000_duty,1
1763,$4000_const,1
1763,$4000_vol,5
1763,$4004_duty,2
1763,$4004_const,1
1763,$4004_vol,2
1763,$400C_const,1
1763,$400C_vol,0
1763,$400E_period,8
1763,$400E_mode,0
1764,$4000_duty,1
1764,$4000_const,1
1764,$4000_vol,5
1764,$4004_duty,2
1764,$4004_const,1
1764,$4004_vol,1
1764,$4008_linear,127
1764,$400A_period,719
1764,$400B_length,9
1764,$400C_const,1
1764,$400C_vol,12
1764,$400E_period,13
1764,$400E_mode,0
1765,$4000_duty,1
1765,$4000_const,1
1765,$4000_vol,5
1765,$4004_duty,2
1765,$4004_const,1
1765,$4004_vol,1
1765,$4008_linear,127
1765,$400C_const,1
1765,$400C_vol,9
1765,$400E_period,13
1765,$400E_mode,0
1766,$4000_duty,1
1766,$4000_const,1
1766,$4000_vol,5
1766,$4004_duty,2
1766,$4004_const,1
1766,$4004_vol,2
1766,$4008_linear,127
1766,$400C_const,1
1766,$400C_vol,6
1766,$400E_period,13
1766,$400E_mode,0
1767,$4000_duty,1
1767,$4000_const,1
1767,$4000_vol,5
1767,$4004_duty,2
1767,$4004_const,1
1767,$4004_vol,3
1767,$4008_linear,127
1767,$400C_const,1
1767,$400C_vol,3
1767,$400E_period,13
1767,$400E_mode,0
1768,$4000_duty,1
1768,$4000_const,1
1768,$4000_vol,5
1768,$4004_duty,2
1768,$4004_const,1
1768,$4004_vol,5
1768,$4008_linear,127
1768,$400C_const,1
1768,$400C_vol,0
1768,$400E_period,13
1768,$400E_mode,0
1769,$4000_duty,1
1769,$4000_const,1
1769,$4000_vol,4
1769,$4004_duty,2
1769,$4004_const,1
1769,$4004_vol,6
1769,$4008_linear,127
1769,$400C_const,1
1769,$400C_vol,0
1769,$400E_period,13
1769,$400E_mode,0
1770,$4004_duty,0
1770,$4004_const,1
1770,$4004_vol,0
1770,$4001_sweep,8
1770,$4005_sweep,8
1770,$4000_duty,1
1770,$4000_const,1
1770,$4000_vol,4
1770,$4004_duty,2
1770,$4004_const,1
1770,$4004_vol,4
1770,$4006_period,679
1770,$4008_linear,127
1770,$400C_const,1
1770,$400C_vol,0
1770,$400E_period,13
1770,$400E_mode,0
1771,$4000_duty,1
1771,$4000_const,1
1771,$4000_vol,4
1771,$4004_duty,2
1771,$4004_const,1
1771,$4004_vol,4
1771,$4008_linear,127
1771,$400C_const,1
1771,$400C_vol,0
1771,$400E_period,13
1771,$400E_mode,0
1772,$4000_duty,1
1772,$4000_const,1
1772,$4000_vol,4
1772,$4004_duty,2
1772,$4004_const,1
1772,$4004_vol,4
1772,$4008_linear,127
1772,$400C_const,1
1772,$400C_vol,0
1772,$400E_period,13
1772,$400E_mode,0
1773,$4000_duty,1
1773,$4000_const,1
1773,$4000_vol,4
1773,$4004_duty,2
1773,$4004_const,1
1773,$4004_vol,4
1773,$4008_linear,127
1774,$4000_duty,1
1774,$4000_const,1
1774,$4000_vol,4
1774,$4004_duty,2
1774,$4004_const,1
1774,$4004_vol,4
1774,$4008_linear,127
1775,$4000_duty,1
1775,$4000_const,1
1775,$4000_vol,4
1775,$4004_duty,2
1775,$4004_const,1
1775,$4004_vol,4
1775,$4008_linear,127
1776,$4000_duty,1
1776,$4000_const,1
1776,$4000_vol,4
1776,$4004_duty,2
1776,$4004_const,1
1776,$4004_vol,4
1776,$4008_linear,0
1777,$4000_duty,1
1777,$4000_const,1
1777,$4000_vol,3
1777,$4004_duty,2
1777,$4004_const,1
1777,$4004_vol,3
1777,$4008_linear,0
1778,$4000_duty,1
1778,$4000_const,1
1778,$4000_vol,3
1778,$4004_duty,2
1778,$4004_const,1
1778,$4004_vol,3
1779,$4000_duty,1
1779,$4000_const,1
1779,$4000_vol,3
1779,$4004_duty,2
1779,$4004_const,1
1779,$4004_vol,3
1779,$4008_linear,127
1779,$400A_period,719
1779,$400B_length,9
1779,$400C_const,1
1779,$400C_vol,12
1779,$400E_period,13
1779,$400E_mode,0
1780,$4000_duty,1
1780,$4000_const,1
1780,$4000_vol,3
1780,$4004_duty,2
1780,$4004_const,1
1780,$4004_vol,3
1780,$4008_linear,127
1780,$400C_const,1
1780,$400C_vol,9
1780,$400E_period,13
1780,$400E_mode,0
1781,$4000_duty,1
1781,$4000_const,1
1781,$4000_vol,3
1781,$4004_duty,2
1781,$4004_const,1
1781,$4004_vol,3
1781,$4008_linear,127
1781,$400C_const,1
1781,$400C_vol,6
1781,$400E_period,13
1781,$400E_mode,0
1782,$4000_duty,1
1782,$4000_const,1
1782,$4000_vol,3
1782,$4004_duty,2
1782,$4004_const,1
1782,$4004_vol,3
1782,$4008_linear,127
1782,$400C_const,1
1782,$400C_vol,3
1782,$400E_period,13
1782,$400E_mode,0
1783,$4000_duty,1
1783,$4000_const,1
1783,$4000_vol,3
1783,$4004_duty,2
1783,$4004_const,1
1783,$4004_vol,3
1783,$4008_linear,127
1783,$400C_const,1
1783,$400C_vol,0
1783,$400E_period,13
1783,$400E_mode,0
1784,$4000_duty,1
1784,$4000_const,1
1784,$4000_vol,3
1784,$4004_duty,2
1784,$4004_const,1
1784,$4004_vol,3
1784,$4008_linear,127
1784,$400C_const,1
1784,$400C_vol,0
1784,$400E_period,13
1784,$400E_mode,0
1785,$4000_duty,1
1785,$4000_const,1
1785,$4000_vol,2
1785,$4004_duty,2
1785,$4004_const,1
1785,$4004_vol,2
1785,$4008_linear,127
1785,$400C_const,1
1785,$400C_vol,0
1785,$400E_period,13
1785,$400E_mode,0
1786,$4000_duty,1
1786,$4000_const,1
1786,$4000_vol,2
1786,$4004_duty,2
1786,$4004_const,1
1786,$4004_vol,2
1786,$4008_linear,127
1786,$400C_const,1
1786,$400C_vol,0
1786,$400E_period,13
1786,$400E_mode,0
1787,$4000_duty,1
1787,$4000_const,1
1787,$4000_vol,2
1787,$4004_duty,2
1787,$4004_const,1
1787,$4004_vol,2
1787,$4008_linear,127
1787,$400C_const,1
1787,$400C_vol,12
1787,$400E_period,8
1787,$400E_mode,0
1788,$4000_duty,1
1788,$4000_const,1
1788,$4000_vol,2
1788,$4004_duty,2
1788,$4004_const,1
1788,$4004_vol,2
1788,$4008_linear,127
1788,$400C_const,1
1788,$400C_vol,9
1788,$400E_period,8
1788,$400E_mode,0
1789,$4000_duty,1
1789,$4000_const,1
1789,$4000_vol,2
1789,$4004_duty,2
1789,$4004_const,1
1789,$4004_vol,2
1789,$4008_linear,127
1789,$400C_const,1
1789,$400C_vol,6
1789,$400E_period,8
1789,$400E_mode,0
1790,$4000_duty,1
1790,$4000_const,1
1790,$4000_vol,2
1790,$4004_duty,2
1790,$4004_const,1
1790,$4004_vol,2
1790,$4008_linear,127
1790,$400C_const,1
1790,$400C_vol,3
1790,$400E_period,8
1790,$400E_mode,0
1791,$4000_duty,1
1791,$4000_const,1
1791,$4000_vol,2
1791,$4004_duty,2
1791,$4004_const,1
1791,$4004_vol,2
1791,$4008_linear,0
1791,$400C_const,1
1791,$400C_vol,0
1791,$400E_period,8
1791,$400E_mode,0
1792,$4000_duty,1
1792,$4000_const,1
1792,$4000_vol,2
1792,$4004_duty,2
1792,$4004_const,1
1792,$4004_vol,2
1792,$4008_linear,0
1792,$400C_const,1
1792,$400C_vol,0
1792,$400E_period,8
1792,$400E_mode,0
1793,$4000_duty,1
1793,$4000_const,1
1793,$4000_vol,1
1793,$4004_duty,2
1793,$4004_const,1
1793,$4004_vol,1
1793,$400C_const,1
1793,$400C_vol,0
1793,$400E_period,8
1793,$400E_mode,0
1794,$4000_duty,1
1794,$4000_const,1
1794,$4000_vol,1
1794,$4004_duty,2
1794,$4004_const,1
1794,$4004_vol,1
1794,$4008_linear,127
1794,$400A_period,719
1794,$400B_length,9
1794,$400C_const,1
1794,$400C_vol,12
1794,$400E_period,13
1794,$400E_mode,0
1795,$4000_duty,1
1795,$4000_const,1
1795,$4000_vol,1
1795,$4004_duty,2
1795,$4004_const,1
1795,$4004_vol,1
1795,$4008_linear,127
1795,$400C_const,1
1795,$400C_vol,9
1795,$400E_period,13
1795,$400E_mode,0
1796,$4000_duty,1
1796,$4000_const,1
1796,$4000_vol,1
1796,$4004_duty,2
1796,$4004_const,1
1796,$4004_vol,1
1796,$4008_linear,127
1796,$400C_const,1
1796,$400C_vol,6
1796,$400E_period,13
1796,$400E_mode,0
1797,$4000_duty,1
1797,$4000_const,1
1797,$4000_vol,1
1797,$4004_duty,2
1797,$4004_const,1
1797,$4004_vol,1
1797,$4008_linear,127
1797,$400C_const,1
1797,$400C_vol,3
1797,$400E_period,13
1797,$400E_mode,0
1798,$4000_duty,1
1798,$4000_const,1
1798,$4000_vol,1
1798,$4004_duty,2
1798,$4004_const,1
1798,$4004_vol,1
1798,$4008_linear,127
1798,$400C_const,1
1798,$400C_vol,0
1798,$400E_period,13
1798,$400E_mode,0
1799,$4000_duty,1
1799,$4000_const,1
1799,$4000_vol,1
1799,$4004_duty,2
1799,$4004_const,1
1799,$4004_vol,1
1799,$4008_linear,127
1799,$400C_const,1
1799,$400C_vol,0
1799,$400E_period,13
1799,$400E_mode,0
1800,$4000_duty,1
1800,$4000_const,1
1800,$4000_vol,1
1800,$4004_duty,2
1800,$4004_const,1
1800,$4004_vol,1
1800,$4008_linear,0
1800,$400C_const,1
1800,$400C_vol,0
1800,$400E_period,13
1800,$400E_mode,0
1801,$4000_duty,1
1801,$4000_const,1
1801,$4000_vol,1
1801,$4004_duty,2
1801,$4004_const,1
1801,$4004_vol,0
1801,$4008_linear,0
1801,$400C_const,1
1801,$400C_vol,0
1801,$400E_period,13
1801,$400E_mode,0
1802,$4000_duty,1
1802,$4000_const,1
1802,$4000_vol,1
1802,$4004_duty,2
1802,$4004_const,1
1802,$4004_vol,0
1802,$4008_linear,127
1802,$400A_period,719
1802,$400B_length,9
1802,$400C_const,1
1802,$400C_vol,12
1802,$400E_period,13
1802,$400E_mode,0
1803,$4000_duty,1
1803,$4000_const,1
1803,$4000_vol,1
1803,$4004_duty,2
1803,$4004_const,1
1803,$4004_vol,0
1803,$4008_linear,127
1803,$400C_const,1
1803,$400C_vol,9
1803,$400E_period,13
1803,$400E_mode,0
1804,$4000_duty,1
1804,$4000_const,1
1804,$4000_vol,1
1804,$4004_duty,2
1804,$4004_const,1
1804,$4004_vol,0
1804,$4008_linear,127
1804,$400C_const,1
1804,$400C_vol,6
1804,$400E_period,13
1804,$400E_mode,0
1805,$4000_duty,1
1805,$4000_const,1
1805,$4000_vol,1
1805,$4004_duty,2
1805,$4004_const,1
1805,$4004_vol,0
1805,$4008_linear,127
1805,$400C_const,1
1805,$400C_vol,3
1805,$400E_period,13
1805,$400E_mode,0
1806,$4000_duty,1
1806,$4000_const,1
1806,$4000_vol,1
1806,$4004_duty,2
1806,$4004_const,1
1806,$4004_vol,0
1806,$4008_linear,127
1806,$400C_const,1
1806,$400C_vol,0
1806,$400E_period,13
1806,$400E_mode,0
1807,$4000_duty,1
1807,$4000_const,1
1807,$4000_vol,0
1807,$4004_duty,2
1807,$4004_const,1
1807,$4004_vol,0
1807,$4008_linear,127
1807,$400C_const,1
1807,$400C_vol,0
1807,$400E_period,13
1807,$400E_mode,0
1808,$4000_duty,1
1808,$4000_const,1
1808,$4000_vol,0
1808,$4008_linear,127
1808,$400C_const,1
1808,$400C_vol,0
1808,$400E_period,13
1808,$400E_mode,0
1809,$4000_duty,1
1809,$4000_const,1
1809,$4000_vol,12
1809,$4002_period,539
1809,$400B_length,9
1809,$4008_linear,127
1809,$400C_const,1
1809,$400C_vol,0
1809,$400E_period,13
1809,$400E_mode,0
1810,$4000_duty,1
1810,$4000_const,1
1810,$4000_vol,11
1810,$4008_linear,127
1810,$400C_const,1
1810,$400C_vol,0
1810,$400E_period,13
1810,$400E_mode,0
1811,$4000_duty,1
1811,$4000_const,1
1811,$4000_vol,11
1811,$4008_linear,127
1811,$400C_const,1
1811,$400C_vol,0
1811,$400E_period,13
1811,$400E_mode,0
1812,$4000_duty,1
1812,$4000_const,1
1812,$4000_vol,11
1812,$4008_linear,127
1812,$400C_const,1
1812,$400C_vol,0
1812,$400E_period,13
1812,$400E_mode,0
1813,$4000_duty,1
1813,$4000_const,1
1813,$4000_vol,11
1813,$4008_linear,127
1813,$400C_const,1
1813,$400C_vol,0
1813,$400E_period,13
1813,$400E_mode,0
1814,$4000_duty,1
1814,$4000_const,1
1814,$4000_vol,11
1814,$4008_linear,0
1814,$400C_const,1
1814,$400C_vol,0
1814,$400E_period,13
1814,$400E_mode,0
1815,$4000_duty,1
1815,$4000_const,1
1815,$4000_vol,10
1815,$4008_linear,0
1815,$400C_const,1
1815,$400C_vol,0
1815,$400E_period,13
1815,$400E_mode,0
1816,$4000_duty,1
1816,$4000_const,1
1816,$4000_vol,10
1816,$400C_const,1
1816,$400C_vol,0
1816,$400E_period,13
1816,$400E_mode,0
1817,$4000_duty,1
1817,$4000_const,1
1817,$4000_vol,12
1817,$4002_period,481
1817,$400B_length,8
1817,$4008_linear,127
1817,$400A_period,719
1817,$400B_length,9
1817,$400C_const,1
1817,$400C_vol,12
1817,$400E_period,8
1817,$400E_mode,0
1818,$4000_duty,1
1818,$4000_const,1
1818,$4000_vol,11
1818,$4008_linear,127
1818,$400C_const,1
1818,$400C_vol,9
1818,$400E_period,8
1818,$400E_mode,0
1819,$4000_duty,1
1819,$4000_const,1
1819,$4000_vol,11
1819,$4008_linear,127
1819,$400C_const,1
1819,$400C_vol,6
1819,$400E_period,8
1819,$400E_mode,0
1820,$4000_duty,1
1820,$4000_const,1
1820,$4000_vol,11
1820,$4008_linear,127
1820,$400C_const,1
1820,$400C_vol,3
1820,$400E_period,8
1820,$400E_mode,0
1821,$4000_duty,1
1821,$4000_const,1
1821,$4000_vol,11
1821,$4008_linear,127
1821,$400C_const,1
1821,$400C_vol,0
1821,$400E_period,8
1821,$400E_mode,0
1822,$4000_duty,1
1822,$4000_const,1
1822,$4000_vol,10
1822,$4008_linear,127
1822,$400C_const,1
1822,$400C_vol,0
1822,$400E_period,8
1822,$400E_mode,0
1823,$4000_duty,1
1823,$4000_const,1
1823,$4000_vol,10
1823,$4008_linear,127
1823,$400C_const,1
1823,$400C_vol,0
1823,$400E_period,8
1823,$400E_mode,0
1824,$4000_duty,1
1824,$4000_const,1
1824,$4000_vol,9
1824,$4008_linear,127
1824,$400C_const,1
1824,$400C_vol,0
1824,$400E_period,8
1824,$400E_mode,0
1825,$4000_duty,1
1825,$4000_const,1
1825,$4000_vol,12
1825,$4002_period,539
1825,$400B_length,9
1825,$4008_linear,127
1825,$400C_const,1
1825,$400C_vol,0
1825,$400E_period,8
1825,$400E_mode,0
1826,$4000_duty,1
1826,$4000_const,1
1826,$4000_vol,11
1826,$4008_linear,127
1826,$400C_const,1
1826,$400C_vol,0
1826,$400E_period,8
1826,$400E_mode,0
1827,$4000_duty,1
1827,$4000_const,1
1827,$4000_vol,11
1827,$4008_linear,127
1827,$400C_const,1
1827,$400C_vol,0
1827,$400E_period,8
1827,$400E_mode,0
1828,$4000_duty,1
1828,$4000_const,1
1828,$4000_vol,11
1828,$4008_linear,127
1828,$400C_const,1
1828,$400C_vol,0
1828,$400E_period,8
1828,$400E_mode,0
1829,$4000_duty,1
1829,$4000_const,1
1829,$4000_vol,11
1829,$4008_linear,0
1829,$400C_const,1
1829,$400C_vol,0
1829,$400E_period,8
1829,$400E_mode,0
1830,$4000_duty,1
1830,$4000_const,1
1830,$4000_vol,10
1830,$4008_linear,0
1830,$400C_const,1
1830,$400C_vol,0
1830,$400E_period,8
1830,$400E_mode,0
1831,$4000_duty,1
1831,$4000_const,1
1831,$4000_vol,10
1831,$400C_const,1
1831,$400C_vol,0
1831,$400E_period,8
1831,$400E_mode,0
1832,$4000_duty,1
1832,$4000_const,1
1832,$4000_vol,12
1832,$4002_period,571
1832,$400B_length,9
1832,$4004_duty,2
1832,$4004_const,1
1832,$4004_vol,12
1832,$4006_period,719
1832,$4008_linear,127
1832,$400A_period,719
1832,$400B_length,9
1832,$400C_const,1
1832,$400C_vol,12
1832,$400E_period,13
1832,$400E_mode,0
1833,$4000_duty,1
1833,$4000_const,1
1833,$4000_vol,11
1833,$4004_duty,2
1833,$4004_const,1
1833,$4004_vol,11
1833,$4008_linear,127
1833,$400C_const,1
1833,$400C_vol,9
1833,$400E_period,13
1833,$400E_mode,0
1834,$4000_duty,1
1834,$4000_const,1
1834,$4000_vol,11
1834,$4004_duty,2
1834,$4004_const,1
1834,$4004_vol,11
1834,$4008_linear,127
1834,$400C_const,1
1834,$400C_vol,6
1834,$400E_period,13
1834,$400E_mode,0
1835,$4000_duty,1
1835,$4000_const,1
1835,$4000_vol,11
1835,$4004_duty,2
1835,$4004_const,1
1835,$4004_vol,11
1835,$4008_linear,127
1835,$400C_const,1
1835,$400C_vol,3
1835,$400E_period,13
1835,$400E_mode,0
1836,$4000_duty,1
1836,$4000_const,1
1836,$4000_vol,11
1836,$4004_duty,2
1836,$4004_const,1
1836,$4004_vol,11
1836,$4008_linear,127
1836,$400C_const,1
1836,$400C_vol,0
1836,$400E_period,13
1836,$400E_mode,0
1837,$4000_duty,1
1837,$4000_const,1
1837,$4000_vol,10
1837,$4004_duty,2
1837,$4004_const,1
1837,$4004_vol,11
1837,$4008_linear,127
1837,$400C_const,1
1837,$400C_vol,0
1837,$400E_period,13
1837,$400E_mode,0
1838,$4000_duty,1
1838,$4000_const,1
1838,$4000_vol,10
1838,$4004_duty,2
1838,$4004_const,1
1838,$4004_vol,11
1838,$4008_linear,127
1838,$400C_const,1
1838,$400C_vol,0
1838,$400E_period,13
1838,$400E_mode,0
1839,$4000_duty,1
1839,$4000_const,1
1839,$4000_vol,9
1839,$4004_duty,2
1839,$4004_const,1
1839,$4004_vol,11
1839,$4008_linear,127
1839,$400C_const,1
1839,$400C_vol,0
1839,$400E_period,13
1839,$400E_mode,0
1840,$4000_duty,1
1840,$4000_const,1
1840,$4000_vol,9
1840,$4004_duty,2
1840,$4004_const,1
1840,$4004_vol,11
1840,$4008_linear,127
1840,$400C_const,1
1840,$400C_vol,0
1840,$400E_period,13
1840,$400E_mode,0
1841,$4000_duty,1
1841,$4000_const,1
1841,$4000_vol,8
1841,$4004_duty,2
1841,$4004_const,1
1841,$4004_vol,10
1841,$4008_linear,127
1841,$400C_const,1
1841,$400C_vol,0
1841,$400E_period,13
1841,$400E_mode,0
1842,$4000_duty,1
1842,$4000_const,1
1842,$4000_vol,7
1842,$4004_duty,2
1842,$4004_const,1
1842,$4004_vol,10
1842,$4008_linear,127
1842,$400C_const,1
1842,$400C_vol,0
1842,$400E_period,13
1842,$400E_mode,0
1843,$4000_duty,1
1843,$4000_const,1
1843,$4000_vol,7
1843,$4004_duty,2
1843,$4004_const,1
1843,$4004_vol,10
1843,$4008_linear,127
1843,$400C_const,1
1843,$400C_vol,0
1843,$400E_period,13
1843,$400E_mode,0
1844,$4000_duty,1
1844,$4000_const,1
1844,$4000_vol,6
1844,$4004_duty,2
1844,$4004_const,1
1844,$4004_vol,10
1844,$4008_linear,0
1844,$400C_const,1
1844,$400C_vol,0
1844,$400E_period,13
1844,$400E_mode,0
1845,$4000_duty,1
1845,$4000_const,1
1845,$4000_vol,5
1845,$4004_duty,2
1845,$4004_const,1
1845,$4004_vol,10
1845,$4008_linear,0
1845,$400C_const,1
1845,$400C_vol,0
1845,$400E_period,13
1845,$400E_mode,0
1846,$4000_duty,1
1846,$4000_const,1
1846,$4000_vol,5
1846,$4004_duty,2
1846,$4004_const,1
1846,$4004_vol,10
1846,$400C_const,1
1846,$400C_vol,0
1846,$400E_period,13
1846,$400E_mode,0
1847,$4000_duty,1
1847,$4000_const,1
1847,$4000_vol,4
1847,$4004_duty,2
1847,$4004_const,1
1847,$4004_vol,10
1847,$4008_linear,127
1847,$400A_period,719
1847,$400B_length,9
1847,$400C_const,1
1847,$400C_vol,12
1847,$400E_period,8
1847,$400E_mode,0
1848,$4000_duty,1
1848,$4000_const,1
1848,$4000_vol,4
1848,$4004_duty,2
1848,$4004_const,1
1848,$4004_vol,9
1848,$4008_linear,127
1848,$400C_const,1
1848,$400C_vol,9
1848,$400E_period,8
1848,$400E_mode,0
1849,$4000_duty,1
1849,$4000_const,1
1849,$4000_vol,3
1849,$4004_duty,2
1849,$4004_const,1
1849,$4004_vol,8
1849,$4008_linear,127
1849,$400C_const,1
1849,$400C_vol,6
1849,$400E_period,8
1849,$400E_mode,0
1850,$4000_duty,1
1850,$4000_const,1
1850,$4000_vol,2
1850,$4004_duty,2
1850,$4004_const,1
1850,$4004_vol,8
1850,$4008_linear,127
1850,$400C_const,1
1850,$400C_vol,3
1850,$400E_period,8
1850,$400E_mode,0
1851,$4000_duty,1
1851,$4000_const,1
1851,$4000_vol,2
1851,$4004_duty,2
1851,$4004_const,1
1851,$4004_vol,7
1851,$4008_linear,127
1851,$400C_const,1
1851,$400C_vol,0
1851,$400E_period,8
1851,$400E_mode,0
1852,$4000_duty,1
1852,$4000_const,1
1852,$4000_vol,1
1852,$4004_duty,2
1852,$4004_const,1
1852,$4004_vol,7
1852,$4008_linear,127
1852,$400C_const,1
1852,$400C_vol,0
1852,$400E_period,8
1852,$400E_mode,0
1853,$4000_duty,1
1853,$4000_const,1
1853,$4000_vol,0
1853,$4004_duty,2
1853,$4004_const,1
1853,$4004_vol,6
1853,$4008_linear,127
1853,$400C_const,1
1853,$400C_vol,0
1853,$400E_period,8
1853,$400E_mode,0
1854,$4000_duty,1
1854,$4000_const,1
1854,$4000_vol,0
1854,$4004_duty,2
1854,$4004_const,1
1854,$4004_vol,5
1854,$4008_linear,127
1854,$400C_const,1
1854,$400C_vol,0
1854,$400E_period,8
1854,$400E_mode,0
1855,$4000_duty,1
1855,$4000_const,1
1855,$4000_vol,12
1855,$4002_period,359
1855,$400B_length,8
1855,$4004_duty,2
1855,$4004_const,1
1855,$4004_vol,12
1855,$4006_period,571
1855,$4008_linear,127
1855,$400C_const,1
1855,$400C_vol,0
1855,$400E_period,8
1855,$400E_mode,0
1856,$4000_duty,1
1856,$4000_const,1
1856,$4000_vol,11
1856,$4004_duty,2
1856,$4004_const,1
1856,$4004_vol,11
1856,$4008_linear,127
1856,$400C_const,1
1856,$400C_vol,0
1856,$400E_period,8
1856,$400E_mode,0
1857,$4000_duty,1
1857,$4000_const,1
1857,$4000_vol,11
1857,$4004_duty,2
1857,$4004_const,1
1857,$4004_vol,11
1857,$4008_linear,127
1857,$400C_const,1
1857,$400C_vol,0
1857,$400E_period,8
1857,$400E_mode,0
1858,$4000_duty,1
1858,$4000_const,1
1858,$4000_vol,11
1858,$4004_duty,2
1858,$4004_const,1
1858,$4004_vol,11
1858,$4008_linear,127
1858,$400C_const,1
1858,$400C_vol,0
1858,$400E_period,8
1858,$400E_mode,0
1859,$4000_duty,1
1859,$4000_const,1
1859,$4000_vol,11
1859,$4004_duty,2
1859,$4004_const,1
1859,$4004_vol,11
1859,$4008_linear,0
1859,$400C_const,1
1859,$400C_vol,0
1859,$400E_period,8
1859,$400E_mode,0
1860,$4000_duty,1
1860,$4000_const,1
1860,$4000_vol,11
1860,$4004_duty,2
1860,$4004_const,1
1860,$4004_vol,11
1860,$4008_linear,0
1860,$400C_const,1
1860,$400C_vol,0
1860,$400E_period,8
1860,$400E_mode,0
1861,$4000_duty,1
1861,$4000_const,1
1861,$4000_vol,11
1861,$4004_duty,2
1861,$4004_const,1
1861,$4004_vol,11
1861,$400C_const,1
1861,$400C_vol,0
1861,$400E_period,8
1861,$400E_mode,0
1862,$4000_duty,1
1862,$4000_const,1
1862,$4000_vol,11
1862,$4004_duty,2
1862,$4004_const,1
1862,$4004_vol,11
1862,$4008_linear,127
1862,$400A_period,719
1862,$400B_length,9
1862,$400C_const,1
1862,$400C_vol,12
1862,$400E_period,13
1862,$400E_mode,0
1863,$4000_duty,1
1863,$4000_const,1
1863,$4000_vol,11
1863,$4004_duty,2
1863,$4004_const,1
1863,$4004_vol,11
1863,$4008_linear,127
1863,$400C_const,1
1863,$400C_vol,9
1863,$400E_period,13
1863,$400E_mode,0
1864,$4000_duty,1
1864,$4000_const,1
1864,$4000_vol,10
1864,$4004_duty,2
1864,$4004_const,1
1864,$4004_vol,10
1864,$4008_linear,127
1864,$400C_const,1
1864,$400C_vol,6
1864,$400E_period,13
1864,$400E_mode,0
1865,$4000_duty,1
1865,$4000_const,1
1865,$4000_vol,10
1865,$4004_duty,2
1865,$4004_const,1
1865,$4004_vol,10
1865,$4008_linear,127
1865,$400C_const,1
1865,$400C_vol,3
1865,$400E_period,13
1865,$400E_mode,0
1866,$4000_duty,1
1866,$4000_const,1
1866,$4000_vol,10
1866,$4004_duty,2
1866,$4004_const,1
1866,$4004_vol,10
1866,$4008_linear,127
1866,$400C_const,1
1866,$400C_vol,0
1866,$400E_period,13
1866,$400E_mode,0
1867,$4000_duty,1
1867,$4000_const,1
1867,$4000_vol,10
1867,$4004_duty,2
1867,$4004_const,1
1867,$4004_vol,10
1867,$4008_linear,127
1867,$400C_const,1
1867,$400C_vol,0
1867,$400E_period,13
1867,$400E_mode,0
1868,$4000_duty,1
1868,$4000_const,1
1868,$4000_vol,10
1868,$4004_duty,2
1868,$4004_const,1
1868,$4004_vol,10
1868,$4008_linear,127
1868,$400C_const,1
1868,$400C_vol,0
1868,$400E_period,13
1868,$400E_mode,0
1869,$4000_duty,1
1869,$4000_const,1
1869,$4000_vol,10
1869,$4004_duty,2
1869,$4004_const,1
1869,$4004_vol,10
1869,$4008_linear,127
1869,$400C_const,1
1869,$400C_vol,0
1869,$400E_period,13
1869,$400E_mode,0
1870,$4000_duty,1
1870,$4000_const,1
1870,$4000_vol,10
1870,$4004_duty,2
1870,$4004_const,1
1870,$4004_vol,10
1870,$4008_linear,127
1870,$400C_const,1
1870,$400C_vol,0
1870,$400E_period,13
1870,$400E_mode,0
1871,$4000_duty,1
1871,$4000_const,1
1871,$4000_vol,10
1871,$4004_duty,2
1871,$4004_const,1
1871,$4004_vol,10
1871,$4008_linear,127
1871,$400C_const,1
1871,$400C_vol,0
1871,$400E_period,13
1871,$400E_mode,0
1872,$4000_duty,1
1872,$4000_const,1
1872,$4000_vol,9
1872,$4004_duty,2
1872,$4004_const,1
1872,$4004_vol,9
1872,$4008_linear,127
1872,$400C_const,1
1872,$400C_vol,0
1872,$400E_period,13
1872,$400E_mode,0
1873,$4000_duty,1
1873,$4000_const,1
1873,$4000_vol,9
1873,$4004_duty,2
1873,$4004_const,1
1873,$4004_vol,9
1873,$4008_linear,127
1873,$400C_const,1
1873,$400C_vol,0
1873,$400E_period,13
1873,$400E_mode,0
1874,$4000_duty,1
1874,$4000_const,1
1874,$4000_vol,9
1874,$4004_duty,2
1874,$4004_const,1
1874,$4004_vol,9
1874,$4008_linear,127
1874,$400C_const,1
1874,$400C_vol,0
1874,$400E_period,13
1874,$400E_mode,0
1875,$4000_duty,1
1875,$4000_const,1
1875,$4000_vol,9
1875,$4004_duty,2
1875,$4004_const,1
1875,$4004_vol,9
1875,$4008_linear,127
1875,$400C_const,1
1875,$400C_vol,0
1875,$400E_period,13
1875,$400E_mode,0
1876,$4000_duty,1
1876,$4000_const,1
1876,$4000_vol,9
1876,$4004_duty,2
1876,$4004_const,1
1876,$4004_vol,9
1876,$4008_linear,127
1876,$400C_const,1
1876,$400C_vol,0
1876,$400E_period,13
1876,$400E_mode,0
1877,$4004_duty,0
1877,$4004_const,1
1877,$4004_vol,0
1877,$4001_sweep,8
1877,$4005_sweep,8
1877,$4000_duty,1
1877,$4000_const,1
1877,$4000_vol,9
1877,$4008_linear,127
1877,$400C_const,1
1877,$400C_vol,12
1877,$400E_period,8
1877,$400E_mode,0
1878,$4000_duty,1
1878,$4000_const,1
1878,$4000_vol,9
1878,$4004_duty,2
1878,$4004_const,1
1878,$4004_vol,15
1878,$4006_period,481
1878,$4008_linear,127
1878,$400C_const,1
1878,$400C_vol,9
1878,$400E_period,8
1878,$400E_mode,0
1879,$4000_duty,1
1879,$4000_const,1
1879,$4000_vol,9
1879,$4004_duty,2
1879,$4004_const,1
1879,$4004_vol,14
1879,$4008_linear,127
1879,$400C_const,1
1879,$400C_vol,6
1879,$400E_period,8
1879,$400E_mode,0
1880,$4000_duty,1
1880,$4000_const,1
1880,$4000_vol,8
1880,$4004_duty,2
1880,$4004_const,1
1880,$4004_vol,13
1880,$4008_linear,0
1880,$400C_const,1
1880,$400C_vol,3
1880,$400E_period,8
1880,$400E_mode,0
1881,$4000_duty,1
1881,$4000_const,1
1881,$4000_vol,8
1881,$4004_duty,2
1881,$4004_const,1
1881,$4004_vol,12
1881,$4008_linear,0
1881,$400C_const,1
1881,$400C_vol,0
1881,$400E_period,8
1881,$400E_mode,0
1882,$4000_duty,1
1882,$4000_const,1
1882,$4000_vol,8
1882,$4004_duty,2
1882,$4004_const,1
1882,$4004_vol,11
1882,$400C_const,1
1882,$400C_vol,0
1882,$400E_period,8
1882,$400E_mode,0
1883,$4000_duty,1
1883,$4000_const,1
1883,$4000_vol,8
1883,$4004_duty,2
1883,$4004_const,1
1883,$4004_vol,10
1883,$400C_const,1
1883,$400C_vol,0
1883,$400E_period,8
1883,$400E_mode,0
1884,$4000_duty,1
1884,$4000_const,1
1884,$4000_vol,8
1884,$4004_duty,2
1884,$4004_const,1
1884,$4004_vol,9
1884,$400C_const,1
1884,$400C_vol,0
1884,$400E_period,8
1884,$400E_mode,0
1885,$4000_duty,1
1885,$4000_const,1
1885,$4000_vol,8
1885,$4004_duty,2
1885,$4004_const,1
1885,$4004_vol,8
1885,$4008_linear,127
1885,$400A_period,719
1885,$400B_length,9
1885,$400C_const,1
1885,$400C_vol,12
1885,$400E_period,13
1885,$400E_mode,0
1886,$4000_duty,1
1886,$4000_const,1
1886,$4000_vol,8
1886,$4004_duty,2
1886,$4004_const,1
1886,$4004_vol,7
1886,$4008_linear,127
1886,$400C_const,1
1886,$400C_vol,9
1886,$400E_period,13
1886,$400E_mode,0
1887,$4000_duty,1
1887,$4000_const,1
1887,$4000_vol,8
1887,$4004_duty,2
1887,$4004_const,1
1887,$4004_vol,6
1887,$4008_linear,127
1887,$400C_const,1
1887,$400C_vol,6
1887,$400E_period,13
1887,$400E_mode,0
1888,$4000_duty,1
1888,$4000_const,1
1888,$4000_vol,7
1888,$4004_duty,2
1888,$4004_const,1
1888,$4004_vol,5
1888,$4008_linear,127
1888,$400C_const,1
1888,$400C_vol,3
1888,$400E_period,13
1888,$400E_mode,0
1889,$4000_duty,1
1889,$4000_const,1
1889,$4000_vol,7
1889,$4004_duty,2
1889,$4004_const,1
1889,$4004_vol,4
1889,$4008_linear,127
1889,$400C_const,1
1889,$400C_vol,0
1889,$400E_period,13
1889,$400E_mode,0
1890,$4000_duty,1
1890,$4000_const,1
1890,$4000_vol,7
1890,$4004_duty,2
1890,$4004_const,1
1890,$4004_vol,3
1890,$4008_linear,127
1890,$400C_const,1
1890,$400C_vol,0
1890,$400E_period,13
1890,$400E_mode,0
1891,$4000_duty,1
1891,$4000_const,1
1891,$4000_vol,7
1891,$4004_duty,2
1891,$4004_const,1
1891,$4004_vol,2
1891,$4008_linear,127
1891,$400C_const,1
1891,$400C_vol,0
1891,$400E_period,13
1891,$400E_mode,0
1892,$4000_duty,1
1892,$4000_const,1
1892,$4000_vol,7
1892,$4004_duty,2
1892,$4004_const,1
1892,$4004_vol,1
1892,$4008_linear,127
1892,$400C_const,1
1892,$400C_vol,0
1892,$400E_period,13
1892,$400E_mode,0
1893,$4000_duty,1
1893,$4000_const,1
1893,$4000_vol,7
1893,$4004_duty,2
1893,$4004_const,1
1893,$4004_vol,1
1893,$4008_linear,127
1894,$4000_duty,1
1894,$4000_const,1
1894,$4000_vol,7
1894,$4004_duty,2
1894,$4004_const,1
1894,$4004_vol,2
1894,$4008_linear,127
1895,$4000_duty,1
1895,$4000_const,1
1895,$4000_vol,7
1895,$4004_duty,2
1895,$4004_const,1
1895,$4004_vol,3
1895,$4008_linear,127
1896,$4000_duty,1
1896,$4000_const,1
1896,$4000_vol,6
1896,$4004_duty,2
1896,$4004_const,1
1896,$4004_vol,5
1896,$4008_linear,0
1897,$4000_duty,1
1897,$4000_const,1
1897,$4000_vol,6
1897,$4004_duty,2
1897,$4004_const,1
1897,$4004_vol,6
1897,$4008_linear,0
1898,$4004_duty,0
1898,$4004_const,1
1898,$4004_vol,0
1898,$4001_sweep,8
1898,$4005_sweep,8
1898,$4000_duty,1
1898,$4000_const,1
1898,$4000_vol,6
1898,$4004_duty,2
1898,$4004_const,1
1898,$4004_vol,6
1898,$4006_period,571
1899,$4000_duty,1
1899,$4000_const,1
1899,$4000_vol,6
1899,$4004_duty,2
1899,$4004_const,1
1899,$4004_vol,6
1900,$4000_duty,1
1900,$4000_const,1
1900,$4000_vol,6
1900,$4004_duty,2
1900,$4004_const,1
1900,$4004_vol,6
1900,$4008_linear,127
1900,$400A_period,719
1900,$400B_length,9
1900,$400C_const,1
1900,$400C_vol,12
1900,$400E_period,13
1900,$400E_mode,0
1901,$4000_duty,1
1901,$4000_const,1
1901,$4000_vol,6
1901,$4004_duty,2
1901,$4004_const,1
1901,$4004_vol,6
1901,$4008_linear,127
1901,$400C_const,1
1901,$400C_vol,9
1901,$400E_period,13
1901,$400E_mode,0
1902,$4000_duty,1
1902,$4000_const,1
1902,$4000_vol,6
1902,$4004_duty,2
1902,$4004_const,1
1902,$4004_vol,6
1902,$4008_linear,127
1902,$400C_const,1
1902,$400C_vol,6
1902,$400E_period,13
1902,$400E_mode,0
1903,$4000_duty,1
1903,$4000_const,1
1903,$4000_vol,6
1903,$4004_duty,2
1903,$4004_const,1
1903,$4004_vol,6
1903,$4008_linear,127
1903,$400C_const,1
1903,$400C_vol,3
1903,$400E_period,13
1903,$400E_mode,0
1904,$4000_duty,1
1904,$4000_const,1
1904,$4000_vol,5
1904,$4004_duty,2
1904,$4004_const,1
1904,$4004_vol,5
1904,$4008_linear,127
1904,$400C_const,1
1904,$400C_vol,0
1904,$400E_period,13
1904,$400E_mode,0
1905,$4000_duty,1
1905,$4000_const,1
1905,$4000_vol,5
1905,$4004_duty,2
1905,$4004_const,1
1905,$4004_vol,5
1905,$4008_linear,127
1905,$400C_const,1
1905,$400C_vol,0
1905,$400E_period,13
1905,$400E_mode,0
1906,$4000_duty,1
1906,$4000_const,1
1906,$4000_vol,5
1906,$4004_duty,2
1906,$4004_const,1
1906,$4004_vol,5
1906,$4008_linear,127
1906,$400C_const,1
1906,$400C_vol,0
1906,$400E_period,13
1906,$400E_mode,0
1907,$4000_duty,1
1907,$4000_const,1
1907,$4000_vol,5
1907,$4004_duty,2
1907,$4004_const,1
1907,$4004_vol,5
1907,$4008_linear,127
1907,$400C_const,1
1907,$400C_vol,12
1907,$400E_period,8
1907,$400E_mode,0
1908,$4000_duty,1
1908,$4000_const,1
1908,$4000_vol,5
1908,$4004_duty,2
1908,$4004_const,1
1908,$4004_vol,5
1908,$4008_linear,127
1908,$400C_const,1
1908,$400C_vol,9
1908,$400E_period,8
1908,$400E_mode,0
1909,$4000_duty,1
1909,$4000_const,1
1909,$4000_vol,5
1909,$4004_duty,2
1909,$4004_const,1
1909,$4004_vol,5
1909,$4008_linear,127
1909,$400C_const,1
1909,$400C_vol,6
1909,$400E_period,8
1909,$400E_mode,0
1910,$4000_duty,1
1910,$4000_const,1
1910,$4000_vol,5
1910,$4004_duty,2
1910,$4004_const,1
1910,$4004_vol,5
1910,$4008_linear,127
1910,$400C_const,1
1910,$400C_vol,3
1910,$400E_period,8
1910,$400E_mode,0
1911,$4000_duty,1
1911,$4000_const,1
1911,$4000_vol,5
1911,$4004_duty,2
1911,$4004_const,1
1911,$4004_vol,5
1911,$4008_linear,127
1911,$400C_const,1
1911,$400C_vol,0
1911,$400E_period,8
1911,$400E_mode,0
1912,$4000_duty,1
1912,$4000_const,1
1912,$4000_vol,4
1912,$4004_duty,2
1912,$4004_const,1
1912,$4004_vol,4
1912,$4008_linear,0
1912,$400C_const,1
1912,$400C_vol,0
1912,$400E_period,8
1912,$400E_mode,0
1913,$4000_duty,1
1913,$4000_const,1
1913,$4000_vol,4
1913,$4004_duty,2
1913,$4004_const,1
1913,$4004_vol,4
1913,$400C_const,1
1913,$400C_vol,0
1913,$400E_period,8
1913,$400E_mode,0
1914,$4000_duty,1
1914,$4000_const,1
1914,$4000_vol,4
1914,$4004_duty,2
1914,$4004_const,1
1914,$4004_vol,4
1914,$400C_const,1
1914,$400C_vol,0
1914,$400E_period,8
1914,$400E_mode,0
1915,$4000_duty,1
1915,$4000_const,1
1915,$4000_vol,4
1915,$4004_duty,2
1915,$4004_const,1
1915,$4004_vol,4
1915,$4008_linear,127
1915,$400A_period,719
1915,$400B_length,9
1915,$400C_const,1
1915,$400C_vol,12
1915,$400E_period,13
1915,$400E_mode,0
1916,$4000_duty,1
1916,$4000_const,1
1916,$4000_vol,4
1916,$4004_duty,2
1916,$4004_const,1
1916,$4004_vol,4
1916,$4008_linear,127
1916,$400C_const,1
1916,$400C_vol,9
1916,$400E_period,13
1916,$400E_mode,0
1917,$4000_duty,1
1917,$4000_const,1
1917,$4000_vol,4
1917,$4004_duty,2
1917,$4004_const,1
1917,$4004_vol,4
1917,$4008_linear,127
1917,$400C_const,1
1917,$400C_vol,6
1917,$400E_period,13
1917,$400E_mode,0
1918,$4000_duty,1
1918,$4000_const,1
1918,$4000_vol,4
1918,$4004_duty,2
1918,$4004_const,1
1918,$4004_vol,4
1918,$4008_linear,127
1918,$400C_const,1
1918,$400C_vol,3
1918,$400E_period,13
1918,$400E_mode,0
1919,$4000_duty,1
1919,$4000_const,1
1919,$4000_vol,4
1919,$4004_duty,2
1919,$4004_const,1
1919,$4004_vol,4
1919,$4008_linear,127
1919,$400C_const,1
1919,$400C_vol,0
1919,$400E_period,13
1919,$400E_mode,0
1920,$4000_duty,1
1920,$4000_const,1
1920,$4000_vol,3
1920,$4004_duty,2
1920,$4004_const,1
1920,$4004_vol,3
1920,$4008_linear,127
1920,$400C_const,1
1920,$400C_vol,0
1920,$400E_period,13
1920,$400E_mode,0
1921,$4000_duty,1
1921,$4000_const,1
1921,$4000_vol,3
1921,$4004_duty,2
1921,$4004_const,1
1921,$4004_vol,3
1921,$4008_linear,0
1921,$400C_const,1
1921,$400C_vol,0
1921,$400E_period,13
1921,$400E_mode,0
1922,$4000_duty,1
1922,$4000_const,1
1922,$4000_vol,3
1922,$4004_duty,2
1922,$4004_const,1
1922,$4004_vol,3
1922,$4008_linear,127
1922,$400A_period,719
1922,$400B_length,9
1922,$400C_const,1
1922,$400C_vol,12
1922,$400E_period,13
1922,$400E_mode,0
1923,$4000_duty,1
1923,$4000_const,1
1923,$4000_vol,3
1923,$4004_duty,2
1923,$4004_const,1
1923,$4004_vol,3
1923,$4008_linear,127
1923,$400C_const,1
1923,$400C_vol,9
1923,$400E_period,13
1923,$400E_mode,0
1924,$4000_duty,1
1924,$4000_const,1
1924,$4000_vol,3
1924,$4004_duty,2
1924,$4004_const,1
1924,$4004_vol,3
1924,$4008_linear,127
1924,$400C_const,1
1924,$400C_vol,6
1924,$400E_period,13
1924,$400E_mode,0
1925,$4000_duty,1
1925,$4000_const,1
1925,$4000_vol,3
1925,$4004_duty,2
1925,$4004_const,1
1925,$4004_vol,3
1925,$4008_linear,127
1925,$400C_const,1
1925,$400C_vol,3
1925,$400E_period,13
1925,$400E_mode,0
1926,$4000_duty,1
1926,$4000_const,1
1926,$4000_vol,3
1926,$4004_duty,2
1926,$4004_const,1
1926,$4004_vol,3
1926,$4008_linear,127
1926,$400C_const,1
1926,$400C_vol,0
1926,$400E_period,13
1926,$400E_mode,0
1927,$4000_duty,1
1927,$4000_const,1
1927,$4000_vol,3
1927,$4004_duty,2
1927,$4004_const,1
1927,$4004_vol,3
1927,$4008_linear,127
1927,$400C_const,1
1927,$400C_vol,0
1927,$400E_period,13
1927,$400E_mode,0
1928,$4000_duty,1
1928,$4000_const,1
1928,$4000_vol,2
1928,$4004_duty,2
1928,$4004_const,1
1928,$4004_vol,2
1928,$4008_linear,127
1928,$400C_const,1
1928,$400C_vol,0
1928,$400E_period,13
1928,$400E_mode,0
1929,$4000_duty,1
1929,$4000_const,1
1929,$4000_vol,1
1929,$4004_duty,2
1929,$4004_const,1
1929,$4004_vol,1
1929,$4008_linear,127
1929,$400C_const,1
1929,$400C_vol,0
1929,$400E_period,13
1929,$400E_mode,0
1930,$4000_duty,1
1930,$4000_const,1
1930,$4000_vol,1
1930,$4004_duty,2
1930,$4004_const,1
1930,$4004_vol,1
1930,$4008_linear,127
1930,$400C_const,1
1930,$400C_vol,0
1930,$400E_period,13
1930,$400E_mode,0
1931,$4000_duty,1
1931,$4000_const,1
1931,$4000_vol,0
1931,$4004_duty,2
1931,$4004_const,1
1931,$4004_vol,0
1931,$4008_linear,127
1931,$400C_const,1
1931,$400C_vol,0
1931,$400E_period,13
1931,$400E_mode,0
1932,$4000_duty,1
1932,$4000_const,1
1932,$4000_vol,0
1932,$4004_duty,2
1932,$4004_const,1
1932,$4004_vol,0
1932,$4008_linear,127
1932,$400C_const,1
1932,$400C_vol,0
1932,$400E_period,13
1932,$400E_mode,0
1933,$4000_duty,1
1933,$4000_const,1
1933,$4000_vol,0
1933,$4004_duty,2
1933,$4004_const,1
1933,$4004_vol,0
1933,$4008_linear,127
1933,$400C_const,1
1933,$400C_vol,0
1933,$400E_period,13
1933,$400E_mode,0
1934,$4000_duty,1
1934,$4000_const,1
1934,$4000_vol,0
1934,$4004_duty,2
1934,$4004_const,1
1934,$4004_vol,0
1934,$4008_linear,0
1934,$400C_const,1
1934,$400C_vol,0
1934,$400E_period,13
1934,$400E_mode,0
1935,$4000_duty,1
1935,$4000_const,1
1935,$4000_vol,0
1935,$4004_duty,2
1935,$4004_const,1
1935,$4004_vol,0
1935,$4008_linear,0
1935,$400C_const,1
1935,$400C_vol,0
1935,$400E_period,13
1935,$400E_mode,0
1936,$4000_duty,1
1936,$4000_const,1
1936,$4000_vol,0
1936,$4004_duty,2
1936,$4004_const,1
1936,$4004_vol,0
1936,$400C_const,1
1936,$400C_vol,0
1936,$400E_period,13
1936,$400E_mode,0
1937,$4000_duty,1
1937,$4000_const,1
1937,$4000_vol,0
1937,$4004_duty,2
1937,$4004_const,1
1937,$4004_vol,0
1937,$4008_linear,127
1937,$400A_period,719
1937,$400B_length,9
1937,$400C_const,1
1937,$400C_vol,12
1937,$400E_period,8
1937,$400E_mode,0
1938,$4008_linear,127
1938,$400C_const,1
1938,$400C_vol,9
1938,$400E_period,8
1938,$400E_mode,0
1939,$4008_linear,127
1939,$400C_const,1
1939,$400C_vol,6
1939,$400E_period,8
1939,$400E_mode,0
1940,$4008_linear,127
1940,$400C_const,1
1940,$400C_vol,3
1940,$400E_period,8
1940,$400E_mode,0
1941,$4008_linear,127
1941,$400C_const,1
1941,$400C_vol,0
1941,$400E_period,8
1941,$400E_mode,0
1942,$4008_linear,127
1942,$400C_const,1
1942,$400C_vol,0
1942,$400E_period,8
1942,$400E_mode,0
1943,$4008_linear,127
1943,$400C_const,1
1943,$400C_vol,0
1943,$400E_period,8
1943,$400E_mode,0
1944,$4008_linear,127
1944,$400C_const,1
1944,$400C_vol,0
1944,$400E_period,8
1944,$400E_mode,0
1945,$4008_linear,127
1945,$400C_const,1
1945,$400C_vol,0
1945,$400E_period,8
1945,$400E_mode,0
1946,$4008_linear,127
1946,$400C_const,1
1946,$400C_vol,0
1946,$400E_period,8
1946,$400E_mode,0
1947,$4008_linear,127
1947,$400C_const,1
1947,$400C_vol,0
1947,$400E_period,8
1947,$400E_mode,0
1948,$4008_linear,127
1948,$400C_const,1
1948,$400C_vol,0
1948,$400E_period,8
1948,$400E_mode,0
1949,$4008_linear,0
1949,$400C_const,1
1949,$400C_vol,0
1949,$400E_period,8
1949,$400E_mode,0
1950,$4008_linear,0
1950,$400C_const,1
1950,$400C_vol,0
1950,$400E_period,8
1950,$400E_mode,0
1951,$400C_const,1
1951,$400C_vol,0
1951,$400E_period,8
1951,$400E_mode,0
1952,$4000_duty,1
1952,$4000_const,1
1952,$4000_vol,12
1952,$4002_period,481
1952,$400B_length,8
1952,$4004_duty,2
1952,$4004_const,1
1952,$4004_vol,12
1952,$4006_period,571
1952,$4008_linear,127
1952,$400A_period,719
1952,$400B_length,9
1952,$400C_const,1
1952,$400C_vol,12
1952,$400E_period,13
1952,$400E_mode,0
1953,$4000_duty,1
1953,$4000_const,1
1953,$4000_vol,11
1953,$4004_duty,2
1953,$4004_const,1
1953,$4004_vol,11
1953,$4008_linear,127
1953,$400C_const,1
1953,$400C_vol,9
1953,$400E_period,13
1953,$400E_mode,0
1954,$4000_duty,1
1954,$4000_const,1
1954,$4000_vol,11
1954,$4004_duty,2
1954,$4004_const,1
1954,$4004_vol,11
1954,$4008_linear,127
1954,$400C_const,1
1954,$400C_vol,6
1954,$400E_period,13
1954,$400E_mode,0
1955,$4000_duty,1
1955,$4000_const,1
1955,$4000_vol,11
1955,$4004_duty,2
1955,$4004_const,1
1955,$4004_vol,11
1955,$4008_linear,127
1955,$400C_const,1
1955,$400C_vol,3
1955,$400E_period,13
1955,$400E_mode,0
1956,$4000_duty,1
1956,$4000_const,1
1956,$4000_vol,11
1956,$4004_duty,2
1956,$4004_const,1
1956,$4004_vol,11
1956,$4008_linear,127
1956,$400C_const,1
1956,$400C_vol,0
1956,$400E_period,13
1956,$400E_mode,0
1957,$4000_duty,1
1957,$4000_const,1
1957,$4000_vol,11
1957,$4004_duty,2
1957,$4004_const,1
1957,$4004_vol,11
1957,$4008_linear,127
1957,$400C_const,1
1957,$400C_vol,0
1957,$400E_period,13
1957,$400E_mode,0
1958,$4000_duty,1
1958,$4000_const,1
1958,$4000_vol,11
1958,$4004_duty,2
1958,$4004_const,1
1958,$4004_vol,11
1958,$4008_linear,127
1958,$400C_const,1
1958,$400C_vol,0
1958,$400E_period,13
1958,$400E_mode,0
1959,$4000_duty,1
1959,$4000_const,1
1959,$4000_vol,11
1959,$4004_duty,2
1959,$4004_const,1
1959,$4004_vol,11
1959,$4008_linear,127
1959,$400C_const,1
1959,$400C_vol,0
1959,$400E_period,13
1959,$400E_mode,0
1960,$4000_duty,1
1960,$4000_const,1
1960,$4000_vol,11
1960,$4004_duty,2
1960,$4004_const,1
1960,$4004_vol,11
1960,$4008_linear,127
1960,$400C_const,1
1960,$400C_vol,0
1960,$400E_period,13
1960,$400E_mode,0
1961,$4000_duty,1
1961,$4000_const,1
1961,$4000_vol,10
1961,$4004_duty,2
1961,$4004_const,1
1961,$4004_vol,10
1961,$4008_linear,127
1961,$400C_const,1
1961,$400C_vol,0
1961,$400E_period,13
1961,$400E_mode,0
1962,$4000_duty,1
1962,$4000_const,1
1962,$4000_vol,10
1962,$4004_duty,2
1962,$4004_const,1
1962,$4004_vol,10
1962,$4008_linear,127
1962,$400C_const,1
1962,$400C_vol,0
1962,$400E_period,13
1962,$400E_mode,0
1963,$4000_duty,1
1963,$4000_const,1
1963,$4000_vol,10
1963,$4004_duty,2
1963,$4004_const,1
1963,$4004_vol,10
1963,$4008_linear,127
1963,$400C_const,1
1963,$400C_vol,0
1963,$400E_period,13
1963,$400E_mode,0
1964,$4000_duty,1
1964,$4000_const,1
1964,$4000_vol,10
1964,$4004_duty,2
1964,$4004_const,1
1964,$4004_vol,10
1964,$4008_linear,0
1964,$400C_const,1
1964,$400C_vol,0
1964,$400E_period,13
1964,$400E_mode,0
1965,$4000_duty,1
1965,$4000_const,1
1965,$4000_vol,10
1965,$4004_duty,2
1965,$4004_const,1
1965,$4004_vol,10
1965,$4008_linear,0
1965,$400C_const,1
1965,$400C_vol,0
1965,$400E_period,13
1965,$400E_mode,0
1966,$4000_duty,1
1966,$4000_const,1
1966,$4000_vol,10
1966,$4004_duty,2
1966,$4004_const,1
1966,$4004_vol,10
1966,$400C_const,1
1966,$400C_vol,0
1966,$400E_period,13
1966,$400E_mode,0
1967,$4000_duty,1
1967,$4000_const,1
1967,$4000_vol,10
1967,$4004_duty,2
1967,$4004_const,1
1967,$4004_vol,10
1967,$4008_linear,127
1967,$400A_period,719
1967,$400B_length,9
1967,$400C_const,1
1967,$400C_vol,12
1967,$400E_period,8
1967,$400E_mode,0
1968,$4000_duty,1
1968,$4000_const,1
1968,$4000_vol,10
1968,$4004_duty,2
1968,$4004_const,1
1968,$4004_vol,10
1968,$4008_linear,127
1968,$400C_const,1
1968,$400C_vol,9
1968,$400E_period,8
1968,$400E_mode,0
1969,$4000_duty,1
1969,$4000_const,1
1969,$4000_vol,9
1969,$4004_duty,2
1969,$4004_const,1
1969,$4004_vol,9
1969,$4008_linear,127
1969,$400C_const,1
1969,$400C_vol,6
1969,$400E_period,8
1969,$400E_mode,0
1970,$4000_duty,1
1970,$4000_const,1
1970,$4000_vol,9
1970,$4004_duty,2
1970,$4004_const,1
1970,$4004_vol,9
1970,$4008_linear,127
1970,$400C_const,1
1970,$400C_vol,3
1970,$400E_period,8
1970,$400E_mode,0
1971,$4000_duty,1
1971,$4000_const,1
1971,$4000_vol,9
1971,$4004_duty,2
1971,$4004_const,1
1971,$4004_vol,9
1971,$4008_linear,127
1971,$400C_const,1
1971,$400C_vol,0
1971,$400E_period,8
1971,$400E_mode,0
1972,$4000_duty,1
1972,$4000_const,1
1972,$4000_vol,9
1972,$4004_duty,2
1972,$4004_const,1
1972,$4004_vol,9
1972,$4008_linear,127
1972,$400C_const,1
1972,$400C_vol,0
1972,$400E_period,8
1972,$400E_mode,0
1973,$4000_duty,1
1973,$4000_const,1
1973,$4000_vol,9
1973,$4004_duty,2
1973,$4004_const,1
1973,$4004_vol,9
1973,$4008_linear,127
1973,$400C_const,1
1973,$400C_vol,0
1973,$400E_period,8
1973,$400E_mode,0
1974,$4000_duty,1
1974,$4000_const,1
1974,$4000_vol,9
1974,$4004_duty,2
1974,$4004_const,1
1974,$4004_vol,9
1974,$4008_linear,127
1974,$400C_const,1
1974,$400C_vol,0
1974,$400E_period,8
1974,$400E_mode,0
1975,$4000_duty,1
1975,$4000_const,1
1975,$4000_vol,9
1975,$4004_duty,2
1975,$4004_const,1
1975,$4004_vol,9
1975,$4008_linear,127
1975,$400C_const,1
1975,$400C_vol,0
1975,$400E_period,8
1975,$400E_mode,0
1976,$4000_duty,1
1976,$4000_const,1
1976,$4000_vol,9
1976,$4004_duty,2
1976,$4004_const,1
1976,$4004_vol,9
1976,$4008_linear,127
1976,$400C_const,1
1976,$400C_vol,0
1976,$400E_period,8
1976,$400E_mode,0
1977,$4000_duty,1
1977,$4000_const,1
1977,$4000_vol,8
1977,$4004_duty,2
1977,$4004_const,1
1977,$4004_vol,8
1977,$4008_linear,127
1977,$400C_const,1
1977,$400C_vol,0
1977,$400E_period,8
1977,$400E_mode,0
1978,$4000_duty,1
1978,$4000_const,1
1978,$4000_vol,8
1978,$4004_duty,2
1978,$4004_const,1
1978,$4004_vol,8
1978,$4008_linear,127
1978,$400C_const,1
1978,$400C_vol,0
1978,$400E_period,8
1978,$400E_mode,0
1979,$4000_duty,1
1979,$4000_const,1
1979,$4000_vol,8
1979,$4004_duty,2
1979,$4004_const,1
1979,$4004_vol,8
1979,$4008_linear,0
1979,$400C_const,1
1979,$400C_vol,0
1979,$400E_period,8
1979,$400E_mode,0
1980,$4000_duty,1
1980,$4000_const,1
1980,$4000_vol,8
1980,$4004_duty,2
1980,$4004_const,1
1980,$4004_vol,8
1980,$4008_linear,0
1980,$400C_const,1
1980,$400C_vol,0
1980,$400E_period,8
1980,$400E_mode,0
1981,$4000_duty,1
1981,$4000_const,1
1981,$4000_vol,8
1981,$4004_duty,2
1981,$4004_const,1
1981,$4004_vol,8
1981,$400C_const,1
1981,$400C_vol,0
1981,$400E_period,8
1981,$400E_mode,0
1982,$4000_duty,1
1982,$4000_const,1
1982,$4000_vol,8
1982,$4004_duty,2
1982,$4004_const,1
1982,$4004_vol,8
1982,$4008_linear,127
1982,$400A_period,719
1982,$400B_length,9
1982,$400C_const,1
1982,$400C_vol,12
1982,$400E_period,13
1982,$400E_mode,0
1983,$4000_duty,1
1983,$4000_const,1
1983,$4000_vol,8
1983,$4004_duty,2
1983,$4004_const,1
1983,$4004_vol,8
1983,$4008_linear,127
1983,$400C_const,1
1983,$400C_vol,9
1983,$400E_period,13
1983,$400E_mode,0
1984,$4000_duty,1
1984,$4000_const,1
1984,$4000_vol,8
1984,$4004_duty,2
1984,$4004_const,1
1984,$4004_vol,8
1984,$4008_linear,127
1984,$400C_const,1
1984,$400C_vol,6
1984,$400E_period,13
1984,$400E_mode,0
1985,$4000_duty,1
1985,$4000_const,1
1985,$4000_vol,7
1985,$4004_duty,2
1985,$4004_const,1
1985,$4004_vol,7
1985,$4008_linear,127
1985,$400C_const,1
1985,$400C_vol,3
1985,$400E_period,13
1985,$400E_mode,0
1986,$4000_duty,1
1986,$4000_const,1
1986,$4000_vol,7
1986,$4004_duty,2
1986,$4004_const,1
1986,$4004_vol,7
1986,$4008_linear,127
1986,$400C_const,1
1986,$400C_vol,0
1986,$400E_period,13
1986,$400E_mode,0
1987,$4000_duty,1
1987,$4000_const,1
1987,$4000_vol,7
1987,$4004_duty,2
1987,$4004_const,1
1987,$4004_vol,7
1987,$4008_linear,127
1987,$400C_const,1
1987,$400C_vol,0
1987,$400E_period,13
1987,$400E_mode,0
1988,$4000_duty,1
1988,$4000_const,1
1988,$4000_vol,7
1988,$4004_duty,2
1988,$4004_const,1
1988,$4004_vol,7
1988,$4008_linear,127
1988,$400C_const,1
1988,$400C_vol,0
1988,$400E_period,13
1988,$400E_mode,0
1989,$4000_duty,1
1989,$4000_const,1
1989,$4000_vol,7
1989,$4004_duty,2
1989,$4004_const,1
1989,$4004_vol,7
1989,$4008_linear,127
1989,$400C_const,1
1989,$400C_vol,0
1989,$400E_period,13
1989,$400E_mode,0
1990,$4000_duty,1
1990,$4000_const,1
1990,$4000_vol,7
1990,$4004_duty,2
1990,$4004_const,1
1990,$4004_vol,7
1990,$4008_linear,127
1990,$400C_const,1
1990,$400C_vol,0
1990,$400E_period,13
1990,$400E_mode,0
1991,$4000_duty,1
1991,$4000_const,1
1991,$4000_vol,7
1991,$4004_duty,2
1991,$4004_const,1
1991,$4004_vol,7
1991,$4008_linear,127
1991,$400C_const,1
1991,$400C_vol,0
1991,$400E_period,13
1991,$400E_mode,0
1992,$4000_duty,1
1992,$4000_const,1
1992,$4000_vol,7
1992,$4004_duty,2
1992,$4004_const,1
1992,$4004_vol,7
1992,$4008_linear,127
1992,$400C_const,1
1992,$400C_vol,0
1992,$400E_period,13
1992,$400E_mode,0
1993,$4000_duty,1
1993,$4000_const,1
1993,$4000_vol,6
1993,$4004_duty,2
1993,$4004_const,1
1993,$4004_vol,6
1993,$4008_linear,127
1993,$400C_const,1
1993,$400C_vol,0
1993,$400E_period,13
1993,$400E_mode,0
1994,$4000_duty,1
1994,$4000_const,1
1994,$4000_vol,6
1994,$4004_duty,2
1994,$4004_const,1
1994,$4004_vol,6
1994,$4008_linear,127
1994,$400C_const,1
1994,$400C_vol,0
1994,$400E_period,13
1994,$400E_mode,0
1995,$4000_duty,1
1995,$4000_const,1
1995,$4000_vol,6
1995,$4004_duty,2
1995,$4004_const,1
1995,$4004_vol,6
1995,$4008_linear,127
1995,$400C_const,1
1995,$400C_vol,0
1995,$400E_period,13
1995,$400E_mode,0
1996,$4000_duty,1
1996,$4000_const,1
1996,$4000_vol,6
1996,$4004_duty,2
1996,$4004_const,1
1996,$4004_vol,6
1996,$4008_linear,127
1996,$400C_const,1
1996,$400C_vol,0
1996,$400E_period,13
1996,$400E_mode,0
1997,$4000_duty,1
1997,$4000_const,1
1997,$4000_vol,6
1997,$4004_duty,2
1997,$4004_const,1
1997,$4004_vol,6
1997,$4008_linear,127
1997,$400C_const,1
1997,$400C_vol,12
1997,$400E_period,8
1997,$400E_mode,0
1998,$4000_duty,1
1998,$4000_const,1
1998,$4000_vol,6
1998,$4004_duty,2
1998,$4004_const,1
1998,$4004_vol,6
1998,$4008_linear,127
1998,$400C_const,1
1998,$400C_vol,9
1998,$400E_period,8
1998,$400E_mode,0
1999,$4000_duty,1
1999,$4000_const,1
1999,$4000_vol,6
1999,$4004_duty,2
1999,$4004_const,1
1999,$4004_vol,6
1999,$4008_linear,127
1999,$400C_const,1
1999,$400C_vol,6
1999,$400E_period,8
1999,$400E_mode,0
2000,$4000_duty,1
2000,$4000_const,1
2000,$4000_vol,6
2000,$4004_duty,2
2000,$4004_const,1
2000,$4004_vol,6
2000,$4008_linear,0
2000,$400C_const,1
2000,$400C_vol,3
2000,$400E_period,8
2000,$400E_mode,0
2001,$4000_duty,1
2001,$4000_const,1
2001,$4000_vol,5
2001,$4004_duty,2
2001,$4004_const,1
2001,$4004_vol,5
2001,$4008_linear,0
2001,$400C_const,1
2001,$400C_vol,0
2001,$400E_period,8
2001,$400E_mode,0
2002,$4000_duty,1
2002,$4000_const,1
2002,$4000_vol,5
2002,$4004_duty,2
2002,$4004_const,1
2002,$4004_vol,5
2002,$400C_const,1
2002,$400C_vol,0
2002,$400E_period,8
2002,$400E_mode,0
2003,$4000_duty,1
2003,$4000_const,1
2003,$4000_vol,5
2003,$4004_duty,2
2003,$4004_const,1
2003,$4004_vol,5
2003,$400C_const,1
2003,$400C_vol,0
2003,$400E_period,8
2003,$400E_mode,0
2004,$4000_duty,1
2004,$4000_const,1
2004,$4000_vol,5
2004,$4004_duty,2
2004,$4004_const,1
2004,$4004_vol,5
2004,$400C_const,1
2004,$400C_vol,0
2004,$400E_period,8
2004,$400E_mode,0
2005,$4000_duty,1
2005,$4000_const,1
2005,$4000_vol,5
2005,$4004_duty,2
2005,$4004_const,1
2005,$4004_vol,5
2005,$4008_linear,127
2005,$400A_period,719
2005,$400B_length,9
2005,$400C_const,1
2005,$400C_vol,12
2005,$400E_period,13
2005,$400E_mode,0
2006,$4000_duty,1
2006,$4000_const,1
2006,$4000_vol,5
2006,$4004_duty,2
2006,$4004_const,1
2006,$4004_vol,5
2006,$4008_linear,127
2006,$400C_const,1
2006,$400C_vol,9
2006,$400E_period,13
2006,$400E_mode,0
2007,$4000_duty,1
2007,$4000_const,1
2007,$4000_vol,5
2007,$4004_duty,2
2007,$4004_const,1
2007,$4004_vol,5
2007,$4008_linear,127
2007,$400C_const,1
2007,$400C_vol,6
2007,$400E_period,13
2007,$400E_mode,0
2008,$4000_duty,1
2008,$4000_const,1
2008,$4000_vol,5
2008,$4004_duty,2
2008,$4004_const,1
2008,$4004_vol,5
2008,$4008_linear,127
2008,$400C_const,1
2008,$400C_vol,3
2008,$400E_period,13
2008,$400E_mode,0
2009,$4000_duty,1
2009,$4000_const,1
2009,$4000_vol,4
2009,$4004_duty,2
2009,$4004_const,1
2009,$4004_vol,4
2009,$4008_linear,127
2009,$400C_const,1
2009,$400C_vol,0
2009,$400E_period,13
2009,$400E_mode,0
2010,$4000_duty,1
2010,$4000_const,1
2010,$4000_vol,4
2010,$4004_duty,2
2010,$4004_const,1
2010,$4004_vol,4
2010,$4008_linear,127
2010,$400C_const,1
2010,$400C_vol,0
2010,$400E_period,13
2010,$400E_mode,0
2011,$4000_duty,1
2011,$4000_const,1
2011,$4000_vol,4
2011,$4004_duty,2
2011,$4004_const,1
2011,$4004_vol,4
2011,$4008_linear,127
2011,$400C_const,1
2011,$400C_vol,0
2011,$400E_period,13
2011,$400E_mode,0
2012,$4000_duty,1
2012,$4000_const,1
2012,$4000_vol,4
2012,$4004_duty,2
2012,$4004_const,1
2012,$4004_vol,4
2012,$4008_linear,127
2012,$400C_const,1
2012,$400C_vol,0
2012,$400E_period,13
2012,$400E_mode,0
2013,$4000_duty,1
2013,$4000_const,1
2013,$4000_vol,4
2013,$4004_duty,2
2013,$4004_const,1
2013,$4004_vol,4
2013,$4008_linear,127
2014,$4000_duty,1
2014,$4000_const,1
2014,$4000_vol,4
2014,$4004_duty,2
2014,$4004_const,1
2014,$4004_vol,4
2014,$4008_linear,127
2015,$4000_duty,1
2015,$4000_const,1
2015,$4000_vol,4
2015,$4004_duty,2
2015,$4004_const,1
2015,$4004_vol,4
2015,$4008_linear,127
2016,$4000_duty,1
2016,$4000_const,1
2016,$4000_vol,4
2016,$4004_duty,2
2016,$4004_const,1
2016,$4004_vol,4
2016,$4008_linear,127
2017,$4000_duty,1
2017,$4000_const,1
2017,$4000_vol,3
2017,$4004_duty,2
2017,$4004_const,1
2017,$4004_vol,3
2017,$4008_linear,0
2018,$4000_duty,1
2018,$4000_const,1
2018,$4000_vol,3
2018,$4004_duty,2
2018,$4004_const,1
2018,$4004_vol,3
2019,$4000_duty,1
2019,$4000_const,1
2019,$4000_vol,3
2019,$4004_duty,2
2019,$4004_const,1
2019,$4004_vol,3
2020,$4004_duty,0
2020,$4004_const,1
2020,$4004_vol,0
2020,$4001_sweep,8
2020,$4005_sweep,8
2020,$4000_duty,1
2020,$4000_const,1
2020,$4000_vol,3
2020,$4008_linear,127
2020,$400A_period,719
2020,$400B_length,9
2020,$400C_const,1
2020,$400C_vol,12
2020,$400E_period,13
2020,$400E_mode,0
2021,$4000_duty,1
2021,$4000_const,1
2021,$4000_vol,3
2021,$4004_duty,1
2021,$4004_const,1
2021,$4004_vol,15
2021,$4006_period,339
2021,$4008_linear,127
2021,$400C_const,1
2021,$400C_vol,9
2021,$400E_period,13
2021,$400E_mode,0
2022,$4000_duty,1
2022,$4000_const,1
2022,$4000_vol,3
2022,$4004_duty,1
2022,$4004_const,1
2022,$4004_vol,6
2022,$4008_linear,127
2022,$400C_const,1
2022,$400C_vol,6
2022,$400E_period,13
2022,$400E_mode,0
2023,$4000_duty,1
2023,$4000_const,1
2023,$4000_vol,3
2023,$4004_duty,1
2023,$4004_const,1
2023,$4004_vol,0
2023,$4008_linear,127
2023,$400C_const,1
2023,$400C_vol,3
2023,$400E_period,13
2023,$400E_mode,0
2024,$4000_duty,1
2024,$4000_const,1
2024,$4000_vol,3
2024,$4004_duty,1
2024,$4004_const,1
2024,$4004_vol,0
2024,$4008_linear,127
2024,$400C_const,1
2024,$400C_vol,0
2024,$400E_period,13
2024,$400E_mode,0
2025,$4000_duty,1
2025,$4000_const,1
2025,$4000_vol,2
2025,$4004_duty,1
2025,$4004_const,1
2025,$4004_vol,5
2025,$4008_linear,127
2025,$400C_const,1
2025,$400C_vol,0
2025,$400E_period,13
2025,$400E_mode,0
2026,$4000_duty,1
2026,$4000_const,1
2026,$4000_vol,2
2026,$4004_duty,1
2026,$4004_const,1
2026,$4004_vol,14
2026,$4008_linear,127
2026,$400C_const,1
2026,$400C_vol,0
2026,$400E_period,13
2026,$400E_mode,0
2027,$4000_duty,1
2027,$4000_const,1
2027,$4000_vol,2
2027,$4004_duty,1
2027,$4004_const,1
2027,$4004_vol,7
2027,$4008_linear,127
2027,$400C_const,1
2027,$400C_vol,12
2027,$400E_period,8
2027,$400E_mode,0
2028,$4000_duty,1
2028,$4000_const,1
2028,$4000_vol,2
2028,$4004_duty,1
2028,$4004_const,1
2028,$4004_vol,0
2028,$4008_linear,127
2028,$400C_const,1
2028,$400C_vol,9
2028,$400E_period,8
2028,$400E_mode,0
2029,$4000_duty,1
2029,$4000_const,1
2029,$4000_vol,2
2029,$4004_duty,1
2029,$4004_const,1
2029,$4004_vol,0
2029,$4008_linear,127
2029,$400C_const,1
2029,$400C_vol,6
2029,$400E_period,8
2029,$400E_mode,0
2030,$4000_duty,1
2030,$4000_const,1
2030,$4000_vol,2
2030,$4004_duty,1
2030,$4004_const,1
2030,$4004_vol,4
2030,$4008_linear,127
2030,$400C_const,1
2030,$400C_vol,3
2030,$400E_period,8
2030,$400E_mode,0
2031,$4000_duty,1
2031,$4000_const,1
2031,$4000_vol,2
2031,$4004_duty,1
2031,$4004_const,1
2031,$4004_vol,13
2031,$4008_linear,127
2031,$400C_const,1
2031,$400C_vol,0
2031,$400E_period,8
2031,$400E_mode,0
2032,$4000_duty,1
2032,$4000_const,1
2032,$4000_vol,2
2032,$4004_duty,1
2032,$4004_const,1
2032,$4004_vol,8
2032,$4008_linear,0
2032,$400C_const,1
2032,$400C_vol,0
2032,$400E_period,8
2032,$400E_mode,0
2033,$4000_duty,1
2033,$4000_const,1
2033,$4000_vol,1
2033,$4004_duty,1
2033,$4004_const,1
2033,$4004_vol,0
2033,$400C_const,1
2033,$400C_vol,0
2033,$400E_period,8
2033,$400E_mode,0
2034,$4000_duty,1
2034,$4000_const,1
2034,$4000_vol,1
2034,$4004_duty,1
2034,$4004_const,1
2034,$4004_vol,0
2034,$400C_const,1
2034,$400C_vol,0
2034,$400E_period,8
2034,$400E_mode,0
2035,$4000_duty,1
2035,$4000_const,1
2035,$4000_vol,1
2035,$4004_duty,1
2035,$4004_const,1
2035,$4004_vol,3
2035,$4008_linear,127
2035,$400A_period,719
2035,$400B_length,9
2035,$400C_const,1
2035,$400C_vol,12
2035,$400E_period,13
2035,$400E_mode,0
2036,$4000_duty,1
2036,$4000_const,1
2036,$4000_vol,1
2036,$4004_duty,1
2036,$4004_const,1
2036,$4004_vol,11
2036,$4008_linear,127
2036,$400C_const,1
2036,$400C_vol,9
2036,$400E_period,13
2036,$400E_mode,0
2037,$4000_duty,1
2037,$4000_const,1
2037,$4000_vol,1
2037,$4004_duty,1
2037,$4004_const,1
2037,$4004_vol,10
2037,$4008_linear,127
2037,$400C_const,1
2037,$400C_vol,6
2037,$400E_period,13
2037,$400E_mode,0
2038,$4000_duty,1
2038,$4000_const,1
2038,$4000_vol,1
2038,$4004_duty,1
2038,$4004_const,1
2038,$4004_vol,0
2038,$4008_linear,127
2038,$400C_const,1
2038,$400C_vol,3
2038,$400E_period,13
2038,$400E_mode,0
2039,$4000_duty,1
2039,$4000_const,1
2039,$4000_vol,1
2039,$4004_duty,1
2039,$4004_const,1
2039,$4004_vol,0
2039,$4008_linear,127
2039,$400C_const,1
2039,$400C_vol,0
2039,$400E_period,13
2039,$400E_mode,0
2040,$4000_duty,1
2040,$4000_const,1
2040,$4000_vol,1
2040,$4004_duty,1
2040,$4004_const,1
2040,$4004_vol,2
2040,$4008_linear,127
2040,$400C_const,1
2040,$400C_vol,0
2040,$400E_period,13
2040,$400E_mode,0
2041,$4000_duty,1
2041,$4000_const,1
2041,$4000_vol,1
2041,$4004_duty,1
2041,$4004_const,1
2041,$4004_vol,8
2041,$4008_linear,0
2041,$400C_const,1
2041,$400C_vol,0
2041,$400E_period,13
2041,$400E_mode,0
2042,$4000_duty,1
2042,$4000_const,1
2042,$4000_vol,1
2042,$4004_duty,1
2042,$4004_const,1
2042,$4004_vol,8
2042,$4008_linear,127
2042,$400A_period,719
2042,$400B_length,9
2042,$400C_const,1
2042,$400C_vol,12
2042,$400E_period,13
2042,$400E_mode,0
2043,$4000_duty,1
2043,$4000_const,1
2043,$4000_vol,1
2043,$4004_duty,1
2043,$4004_const,1
2043,$4004_vol,1
2043,$4008_linear,127
2043,$400C_const,1
2043,$400C_vol,9
2043,$400E_period,13
2043,$400E_mode,0
2044,$4000_duty,1
2044,$4000_const,1
2044,$4000_vol,1
2044,$4004_duty,1
2044,$4004_const,1
2044,$4004_vol,0
2044,$4008_linear,127
2044,$400C_const,1
2044,$400C_vol,6
2044,$400E_period,13
2044,$400E_mode,0
2045,$4000_duty,1
2045,$4000_const,1
2045,$4000_vol,1
2045,$4004_duty,1
2045,$4004_const,1
2045,$4004_vol,1
2045,$4008_linear,127
2045,$400C_const,1
2045,$400C_vol,3
2045,$400E_period,13
2045,$400E_mode,0
2046,$4000_duty,1
2046,$4000_const,1
2046,$4000_vol,1
2046,$4004_duty,1
2046,$4004_const,1
2046,$4004_vol,6
2046,$4008_linear,127
2046,$400C_const,1
2046,$400C_vol,0
2046,$400E_period,13
2046,$400E_mode,0
2047,$4000_duty,1
2047,$4000_const,1
2047,$4000_vol,0
2047,$4004_duty,1
2047,$4004_const,1
2047,$4004_vol,5
2047,$4008_linear,127
2047,$400C_const,1
2047,$400C_vol,0
2047,$400E_period,13
2047,$400E_mode,0
2048,$4000_duty,1
2048,$4000_const,1
2048,$4000_vol,0
2048,$4004_duty,1
2048,$4004_const,1
2048,$4004_vol,3
2048,$4008_linear,127
2048,$400C_const,1
2048,$400C_vol,0
2048,$400E_period,13
2048,$400E_mode,0
2049,$4000_duty,1
2049,$4000_const,1
2049,$4000_vol,0
2049,$4004_duty,1
2049,$4004_const,1
2049,$4004_vol,0
2049,$4008_linear,127
2049,$400C_const,1
2049,$400C_vol,0
2049,$400E_period,13
2049,$400E_mode,0
2050,$4000_duty,1
2050,$4000_const,1
2050,$4000_vol,12
2050,$4002_period,481
2050,$400B_length,8
2050,$4004_duty,1
2050,$4004_const,1
2050,$4004_vol,0
2050,$4008_linear,127
2050,$400C_const,1
2050,$400C_vol,0
2050,$400E_period,13
2050,$400E_mode,0
2051,$4004_duty,0
2051,$4004_const,1
2051,$4004_vol,0
2051,$4001_sweep,8
2051,$4005_sweep,8
2051,$4000_duty,1
2051,$4000_const,1
2051,$4000_vol,11
2051,$4008_linear,127
2051,$400C_const,1
2051,$400C_vol,0
2051,$400E_period,13
2051,$400E_mode,0
2052,$4000_duty,1
2052,$4000_const,1
2052,$4000_vol,11
2052,$4008_linear,127
2052,$400C_const,1
2052,$400C_vol,0
2052,$400E_period,13
2052,$400E_mode,0
2053,$4000_duty,1
2053,$4000_const,1
2053,$4000_vol,11
2053,$4008_linear,127
2053,$400C_const,1
2053,$400C_vol,0
2053,$400E_period,13
2053,$400E_mode,0
2054,$4000_duty,1
2054,$4000_const,1
2054,$4000_vol,11
2054,$4008_linear,0
2054,$400C_const,1
2054,$400C_vol,0
2054,$400E_period,13
2054,$400E_mode,0
2055,$4000_duty,1
2055,$4000_const,1
2055,$4000_vol,10
2055,$4008_linear,0
2055,$400C_const,1
2055,$400C_vol,0
2055,$400E_period,13
2055,$400E_mode,0
2056,$4000_duty,1
2056,$4000_const,1
2056,$4000_vol,10
2056,$400C_const,1
2056,$400C_vol,0
2056,$400E_period,13
2056,$400E_mode,0
2057,$4000_duty,1
2057,$4000_const,1
2057,$4000_vol,12
2057,$4002_period,427
2057,$400B_length,8
2057,$4008_linear,127
2057,$400A_period,719
2057,$400B_length,9
2057,$400C_const,1
2057,$400C_vol,12
2057,$400E_period,8
2057,$400E_mode,0
2058,$4000_duty,1
2058,$4000_const,1
2058,$4000_vol,11
2058,$4008_linear,127
2058,$400C_const,1
2058,$400C_vol,9
2058,$400E_period,8
2058,$400E_mode,0
2059,$4000_duty,1
2059,$4000_const,1
2059,$4000_vol,11
2059,$4008_linear,127
2059,$400C_const,1
2059,$400C_vol,6
2059,$400E_period,8
2059,$400E_mode,0
2060,$4000_duty,1
2060,$4000_const,1
2060,$4000_vol,11
2060,$4008_linear,127
2060,$400C_const,1
2060,$400C_vol,3
2060,$400E_period,8
2060,$400E_mode,0
2061,$4000_duty,1
2061,$4000_const,1
2061,$4000_vol,11
2061,$4008_linear,127
2061,$400C_const,1
2061,$400C_vol,0
2061,$400E_period,8
2061,$400E_mode,0
2062,$4000_duty,1
2062,$4000_const,1
2062,$4000_vol,10
2062,$4008_linear,127
2062,$400C_const,1
2062,$400C_vol,0
2062,$400E_period,8
2062,$400E_mode,0
2063,$4000_duty,1
2063,$4000_const,1
2063,$4000_vol,10
2063,$4008_linear,127
2063,$400C_const,1
2063,$400C_vol,0
2063,$400E_period,8
2063,$400E_mode,0
2064,$4000_duty,1
2064,$4000_const,1
2064,$4000_vol,9
2064,$4008_linear,127
2064,$400C_const,1
2064,$400C_vol,0
2064,$400E_period,8
2064,$400E_mode,0
2065,$4000_duty,1
2065,$4000_const,1
2065,$4000_vol,12
2065,$4002_period,481
2065,$400B_length,8
2065,$4008_linear,127
2065,$400C_const,1
2065,$400C_vol,0
2065,$400E_period,8
2065,$400E_mode,0
2066,$4000_duty,1
2066,$4000_const,1
2066,$4000_vol,11
2066,$4008_linear,127
2066,$400C_const,1
2066,$400C_vol,0
2066,$400E_period,8
2066,$400E_mode,0
2067,$4000_duty,1
2067,$4000_const,1
2067,$4000_vol,11
2067,$4008_linear,127
2067,$400C_const,1
2067,$400C_vol,0
2067,$400E_period,8
2067,$400E_mode,0
2068,$4000_duty,1
2068,$4000_const,1
2068,$4000_vol,11
2068,$4008_linear,127
2068,$400C_const,1
2068,$400C_vol,0
2068,$400E_period,8
2068,$400E_mode,0
2069,$4000_duty,1
2069,$4000_const,1
2069,$4000_vol,11
2069,$4008_linear,0
2069,$400C_const,1
2069,$400C_vol,0
2069,$400E_period,8
2069,$400E_mode,0
2070,$4000_duty,1
2070,$4000_const,1
2070,$4000_vol,11
2070,$4008_linear,0
2070,$400C_const,1
2070,$400C_vol,0
2070,$400E_period,8
2070,$400E_mode,0
2071,$4000_duty,1
2071,$4000_const,1
2071,$4000_vol,10
2071,$400C_const,1
2071,$400C_vol,0
2071,$400E_period,8
2071,$400E_mode,0
2072,$4000_duty,1
2072,$4000_const,1
2072,$4000_vol,12
2072,$4002_period,509
2072,$400B_length,8
2072,$4004_duty,2
2072,$4004_const,1
2072,$4004_vol,12
2072,$4006_period,641
2072,$4008_linear,127
2072,$400A_period,719
2072,$400B_length,9
2072,$400C_const,1
2072,$400C_vol,12
2072,$400E_period,13
2072,$400E_mode,0
2073,$4000_duty,1
2073,$4000_const,1
2073,$4000_vol,11
2073,$4004_duty,2
2073,$4004_const,1
2073,$4004_vol,11
2073,$4008_linear,127
2073,$400C_const,1
2073,$400C_vol,9
2073,$400E_period,13
2073,$400E_mode,0
2074,$4000_duty,1
2074,$4000_const,1
2074,$4000_vol,11
2074,$4004_duty,2
2074,$4004_const,1
2074,$4004_vol,11
2074,$4008_linear,127
2074,$400C_const,1
2074,$400C_vol,6
2074,$400E_period,13
2074,$400E_mode,0
2075,$4000_duty,1
2075,$4000_const,1
2075,$4000_vol,11
2075,$4004_duty,2
2075,$4004_const,1
2075,$4004_vol,11
2075,$4008_linear,127
2075,$400C_const,1
2075,$400C_vol,3
2075,$400E_period,13
2075,$400E_mode,0
2076,$4000_duty,1
2076,$4000_const,1
2076,$4000_vol,11
2076,$4004_duty,2
2076,$4004_const,1
2076,$4004_vol,11
2076,$4008_linear,127
2076,$400C_const,1
2076,$400C_vol,0
2076,$400E_period,13
2076,$400E_mode,0
2077,$4000_duty,1
2077,$4000_const,1
2077,$4000_vol,10
2077,$4004_duty,2
2077,$4004_const,1
2077,$4004_vol,11
2077,$4008_linear,127
2077,$400C_const,1
2077,$400C_vol,0
2077,$400E_period,13
2077,$400E_mode,0
2078,$4000_duty,1
2078,$4000_const,1
2078,$4000_vol,10
2078,$4004_duty,2
2078,$4004_const,1
2078,$4004_vol,11
2078,$4008_linear,127
2078,$400C_const,1
2078,$400C_vol,0
2078,$400E_period,13
2078,$400E_mode,0
2079,$4000_duty,1
2079,$4000_const,1
2079,$4000_vol,9
2079,$4004_duty,2
2079,$4004_const,1
2079,$4004_vol,11
2079,$4008_linear,127
2079,$400C_const,1
2079,$400C_vol,0
2079,$400E_period,13
2079,$400E_mode,0
2080,$4000_duty,1
2080,$4000_const,1
2080,$4000_vol,9
2080,$4004_duty,2
2080,$4004_const,1
2080,$4004_vol,11
2080,$4008_linear,127
2080,$400C_const,1
2080,$400C_vol,0
2080,$400E_period,13
2080,$400E_mode,0
2081,$4000_duty,1
2081,$4000_const,1
2081,$4000_vol,8
2081,$4004_duty,2
2081,$4004_const,1
2081,$4004_vol,10
2081,$4008_linear,127
2081,$400C_const,1
2081,$400C_vol,0
2081,$400E_period,13
2081,$400E_mode,0
2082,$4000_duty,1
2082,$4000_const,1
2082,$4000_vol,7
2082,$4004_duty,2
2082,$4004_const,1
2082,$4004_vol,10
2082,$4008_linear,127
2082,$400C_const,1
2082,$400C_vol,0
2082,$400E_period,13
2082,$400E_mode,0
2083,$4000_duty,1
2083,$4000_const,1
2083,$4000_vol,7
2083,$4004_duty,2
2083,$4004_const,1
2083,$4004_vol,10
2083,$4008_linear,127
2083,$400C_const,1
2083,$400C_vol,0
2083,$400E_period,13
2083,$400E_mode,0
2084,$4000_duty,1
2084,$4000_const,1
2084,$4000_vol,6
2084,$4004_duty,2
2084,$4004_const,1
2084,$4004_vol,10
2084,$4008_linear,0
2084,$400C_const,1
2084,$400C_vol,0
2084,$400E_period,13
2084,$400E_mode,0
2085,$4000_duty,1
2085,$4000_const,1
2085,$4000_vol,5
2085,$4004_duty,2
2085,$4004_const,1
2085,$4004_vol,10
2085,$4008_linear,0
2085,$400C_const,1
2085,$400C_vol,0
2085,$400E_period,13
2085,$400E_mode,0
2086,$4000_duty,1
2086,$4000_const,1
2086,$4000_vol,5
2086,$4004_duty,2
2086,$4004_const,1
2086,$4004_vol,10
2086,$400C_const,1
2086,$400C_vol,0
2086,$400E_period,13
2086,$400E_mode,0
2087,$4000_duty,1
2087,$4000_const,1
2087,$4000_vol,4
2087,$4004_duty,2
2087,$4004_const,1
2087,$4004_vol,10
2087,$4008_linear,127
2087,$400A_period,719
2087,$400B_length,9
2087,$400C_const,1
2087,$400C_vol,12
2087,$400E_period,8
2087,$400E_mode,0
2088,$4000_duty,1
2088,$4000_const,1
2088,$4000_vol,4
2088,$4004_duty,2
2088,$4004_const,1
2088,$4004_vol,10
2088,$4008_linear,127
2088,$400C_const,1
2088,$400C_vol,9
2088,$400E_period,8
2088,$400E_mode,0
2089,$4000_duty,1
2089,$4000_const,1
2089,$4000_vol,3
2089,$4004_duty,2
2089,$4004_const,1
2089,$4004_vol,9
2089,$4008_linear,127
2089,$400C_const,1
2089,$400C_vol,6
2089,$400E_period,8
2089,$400E_mode,0
2090,$4000_duty,1
2090,$4000_const,1
2090,$4000_vol,2
2090,$4004_duty,2
2090,$4004_const,1
2090,$4004_vol,8
2090,$4008_linear,127
2090,$400C_const,1
2090,$400C_vol,3
2090,$400E_period,8
2090,$400E_mode,0
2091,$4000_duty,1
2091,$4000_const,1
2091,$4000_vol,2
2091,$4004_duty,2
2091,$4004_const,1
2091,$4004_vol,8
2091,$4008_linear,127
2091,$400C_const,1
2091,$400C_vol,0
2091,$400E_period,8
2091,$400E_mode,0
2092,$4000_duty,1
2092,$4000_const,1
2092,$4000_vol,1
2092,$4004_duty,2
2092,$4004_const,1
2092,$4004_vol,7
2092,$4008_linear,127
2092,$400C_const,1
2092,$400C_vol,0
2092,$400E_period,8
2092,$400E_mode,0
2093,$4000_duty,1
2093,$4000_const,1
2093,$4000_vol,0
2093,$4004_duty,2
2093,$4004_const,1
2093,$4004_vol,6
2093,$4008_linear,127
2093,$400C_const,1
2093,$400C_vol,0
2093,$400E_period,8
2093,$400E_mode,0
2094,$4000_duty,1
2094,$4000_const,1
2094,$4000_vol,0
2094,$4004_duty,2
2094,$4004_const,1
2094,$4004_vol,6
2094,$4008_linear,127
2094,$400C_const,1
2094,$400C_vol,0
2094,$400E_period,8
2094,$400E_mode,0
2095,$4000_duty,1
2095,$4000_const,1
2095,$4000_vol,12
2095,$4002_period,641
2095,$400B_length,9
2095,$4004_duty,2
2095,$4004_const,1
2095,$4004_vol,12
2095,$4006_period,1017
2095,$4008_linear,127
2095,$400C_const,1
2095,$400C_vol,0
2095,$400E_period,8
2095,$400E_mode,0
2096,$4000_duty,1
2096,$4000_const,1
2096,$4000_vol,11
2096,$4004_duty,2
2096,$4004_const,1
2096,$4004_vol,11
2096,$4008_linear,127
2096,$400C_const,1
2096,$400C_vol,0
2096,$400E_period,8
2096,$400E_mode,0
2097,$4000_duty,1
2097,$4000_const,1
2097,$4000_vol,11
2097,$4004_duty,2
2097,$4004_const,1
2097,$4004_vol,11
2097,$4008_linear,127
2097,$400C_const,1
2097,$400C_vol,0
2097,$400E_period,8
2097,$400E_mode,0
2098,$4000_duty,1
2098,$4000_const,1
2098,$4000_vol,11
2098,$4004_duty,2
2098,$4004_const,1
2098,$4004_vol,11
2098,$4008_linear,127
2098,$400C_const,1
2098,$400C_vol,0
2098,$400E_period,8
2098,$400E_mode,0
2099,$4000_duty,1
2099,$4000_const,1
2099,$4000_vol,11
2099,$4004_duty,2
2099,$4004_const,1
2099,$4004_vol,11
2099,$4008_linear,0
2099,$400C_const,1
2099,$400C_vol,0
2099,$400E_period,8
2099,$400E_mode,0
2100,$4000_duty,1
2100,$4000_const,1
2100,$4000_vol,11
2100,$4004_duty,2
2100,$4004_const,1
2100,$4004_vol,11
2100,$4008_linear,0
2100,$400C_const,1
2100,$400C_vol,0
2100,$400E_period,8
2100,$400E_mode,0
2101,$4000_duty,1
2101,$4000_const,1
2101,$4000_vol,11
2101,$4004_duty,2
2101,$4004_const,1
2101,$4004_vol,11
2101,$400C_const,1
2101,$400C_vol,0
2101,$400E_period,8
2101,$400E_mode,0
2102,$4000_duty,1
2102,$4000_const,1
2102,$4000_vol,11
2102,$4004_duty,2
2102,$4004_const,1
2102,$4004_vol,11
2102,$4008_linear,127
2102,$400A_period,719
2102,$400B_length,9
2102,$400C_const,1
2102,$400C_vol,12
2102,$400E_period,13
2102,$400E_mode,0
2103,$4000_duty,1
2103,$4000_const,1
2103,$4000_vol,11
2103,$4004_duty,2
2103,$4004_const,1
2103,$4004_vol,11
2103,$4008_linear,127
2103,$400C_const,1
2103,$400C_vol,9
2103,$400E_period,13
2103,$400E_mode,0
2104,$4000_duty,1
2104,$4000_const,1
2104,$4000_vol,10
2104,$4004_duty,2
2104,$4004_const,1
2104,$4004_vol,10
2104,$4008_linear,127
2104,$400C_const,1
2104,$400C_vol,6
2104,$400E_period,13
2104,$400E_mode,0
2105,$4000_duty,1
2105,$4000_const,1
2105,$4000_vol,10
2105,$4004_duty,2
2105,$4004_const,1
2105,$4004_vol,10
2105,$4008_linear,127
2105,$400C_const,1
2105,$400C_vol,3
2105,$400E_period,13
2105,$400E_mode,0
2106,$4000_duty,1
2106,$4000_const,1
2106,$4000_vol,10
2106,$4004_duty,2
2106,$4004_const,1
2106,$4004_vol,10
2106,$4008_linear,127
2106,$400C_const,1
2106,$400C_vol,0
2106,$400E_period,13
2106,$400E_mode,0
2107,$4000_duty,1
2107,$4000_const,1
2107,$4000_vol,10
2107,$4004_duty,2
2107,$4004_const,1
2107,$4004_vol,10
2107,$4008_linear,127
2107,$400C_const,1
2107,$400C_vol,0
2107,$400E_period,13
2107,$400E_mode,0
2108,$4000_duty,1
2108,$4000_const,1
2108,$4000_vol,10
2108,$4004_duty,2
2108,$4004_const,1
2108,$4004_vol,10
2108,$4008_linear,127
2108,$400C_const,1
2108,$400C_vol,0
2108,$400E_period,13
2108,$400E_mode,0
2109,$4000_duty,1
2109,$4000_const,1
2109,$4000_vol,10
2109,$4004_duty,2
2109,$4004_const,1
2109,$4004_vol,10
2109,$4008_linear,127
2109,$400C_const,1
2109,$400C_vol,0
2109,$400E_period,13
2109,$400E_mode,0
2110,$4000_duty,1
2110,$4000_const,1
2110,$4000_vol,10
2110,$4004_duty,2
2110,$4004_const,1
2110,$4004_vol,10
2110,$4008_linear,127
2110,$400C_const,1
2110,$400C_vol,0
2110,$400E_period,13
2110,$400E_mode,0
2111,$4000_duty,1
2111,$4000_const,1
2111,$4000_vol,10
2111,$4004_duty,2
2111,$4004_const,1
2111,$4004_vol,10
2111,$4008_linear,127
2111,$400C_const,1
2111,$400C_vol,0
2111,$400E_period,13
2111,$400E_mode,0
2112,$4000_duty,1
2112,$4000_const,1
2112,$4000_vol,9
2112,$4004_duty,2
2112,$4004_const,1
2112,$4004_vol,9
2112,$4008_linear,127
2112,$400C_const,1
2112,$400C_vol,0
2112,$400E_period,13
2112,$400E_mode,0
2113,$4000_duty,1
2113,$4000_const,1
2113,$4000_vol,9
2113,$4004_duty,2
2113,$4004_const,1
2113,$4004_vol,9
2113,$4008_linear,127
2113,$400C_const,1
2113,$400C_vol,0
2113,$400E_period,13
2113,$400E_mode,0
2114,$4000_duty,1
2114,$4000_const,1
2114,$4000_vol,9
2114,$4004_duty,2
2114,$4004_const,1
2114,$4004_vol,9
2114,$4008_linear,127
2114,$400C_const,1
2114,$400C_vol,0
2114,$400E_period,13
2114,$400E_mode,0
2115,$4000_duty,1
2115,$4000_const,1
2115,$4000_vol,9
2115,$4004_duty,2
2115,$4004_const,1
2115,$4004_vol,9
2115,$4008_linear,127
2115,$400C_const,1
2115,$400C_vol,0
2115,$400E_period,13
2115,$400E_mode,0
2116,$4000_duty,1
2116,$4000_const,1
2116,$4000_vol,9
2116,$4004_duty,2
2116,$4004_const,1
2116,$4004_vol,9
2116,$4008_linear,127
2116,$400C_const,1
2116,$400C_vol,0
2116,$400E_period,13
2116,$400E_mode,0
2117,$4000_duty,1
2117,$4000_const,1
2117,$4000_vol,9
2117,$4004_duty,2
2117,$4004_const,1
2117,$4004_vol,9
2117,$4008_linear,127
2117,$400C_const,1
2117,$400C_vol,12
2117,$400E_period,8
2117,$400E_mode,0
2118,$4000_duty,1
2118,$4000_const,1
2118,$4000_vol,9
2118,$4004_duty,2
2118,$4004_const,1
2118,$4004_vol,9
2118,$4008_linear,127
2118,$400C_const,1
2118,$400C_vol,9
2118,$400E_period,8
2118,$400E_mode,0
2119,$4000_duty,1
2119,$4000_const,1
2119,$4000_vol,9
2119,$4004_duty,2
2119,$4004_const,1
2119,$4004_vol,9
2119,$4008_linear,127
2119,$400C_const,1
2119,$400C_vol,6
2119,$400E_period,8
2119,$400E_mode,0
2120,$4000_duty,1
2120,$4000_const,1
2120,$4000_vol,8
2120,$4004_duty,2
2120,$4004_const,1
2120,$4004_vol,8
2120,$4008_linear,127
2120,$400C_const,1
2120,$400C_vol,3
2120,$400E_period,8
2120,$400E_mode,0
2121,$4000_duty,1
2121,$4000_const,1
2121,$4000_vol,8
2121,$4004_duty,2
2121,$4004_const,1
2121,$4004_vol,8
2121,$4008_linear,0
2121,$400C_const,1
2121,$400C_vol,0
2121,$400E_period,8
2121,$400E_mode,0
2122,$4000_duty,1
2122,$4000_const,1
2122,$4000_vol,8
2122,$4004_duty,2
2122,$4004_const,1
2122,$4004_vol,8
2122,$400C_const,1
2122,$400C_vol,0
2122,$400E_period,8
2122,$400E_mode,0
2123,$4000_duty,1
2123,$4000_const,1
2123,$4000_vol,8
2123,$4004_duty,2
2123,$4004_const,1
2123,$4004_vol,8
2123,$400C_const,1
2123,$400C_vol,0
2123,$400E_period,8
2123,$400E_mode,0
2124,$4000_duty,1
2124,$4000_const,1
2124,$4000_vol,8
2124,$4004_duty,2
2124,$4004_const,1
2124,$4004_vol,8
2124,$400C_const,1
2124,$400C_vol,0
2124,$400E_period,8
2124,$400E_mode,0
2125,$4000_duty,1
2125,$4000_const,1
2125,$4000_vol,8
2125,$4004_duty,2
2125,$4004_const,1
2125,$4004_vol,8
2125,$4008_linear,127
2125,$400A_period,719
2125,$400B_length,9
2125,$400C_const,1
2125,$400C_vol,12
2125,$400E_period,13
2125,$400E_mode,0
2126,$4000_duty,1
2126,$4000_const,1
2126,$4000_vol,8
2126,$4004_duty,2
2126,$4004_const,1
2126,$4004_vol,8
2126,$4008_linear,127
2126,$400C_const,1
2126,$400C_vol,9
2126,$400E_period,13
2126,$400E_mode,0
2127,$4000_duty,1
2127,$4000_const,1
2127,$4000_vol,8
2127,$4004_duty,2
2127,$4004_const,1
2127,$4004_vol,8
2127,$4008_linear,127
2127,$400C_const,1
2127,$400C_vol,6
2127,$400E_period,13
2127,$400E_mode,0
2128,$4000_duty,1
2128,$4000_const,1
2128,$4000_vol,7
2128,$4004_duty,2
2128,$4004_const,1
2128,$4004_vol,7
2128,$4008_linear,127
2128,$400C_const,1
2128,$400C_vol,3
2128,$400E_period,13
2128,$400E_mode,0
2129,$4000_duty,1
2129,$4000_const,1
2129,$4000_vol,7
2129,$4004_duty,2
2129,$4004_const,1
2129,$4004_vol,7
2129,$4008_linear,127
2129,$400C_const,1
2129,$400C_vol,0
2129,$400E_period,13
2129,$400E_mode,0
2130,$4000_duty,1
2130,$4000_const,1
2130,$4000_vol,7
2130,$4004_duty,2
2130,$4004_const,1
2130,$4004_vol,7
2130,$4008_linear,127
2130,$400C_const,1
2130,$400C_vol,0
2130,$400E_period,13
2130,$400E_mode,0
2131,$4000_duty,1
2131,$4000_const,1
2131,$4000_vol,7
2131,$4004_duty,2
2131,$4004_const,1
2131,$4004_vol,7
2131,$4008_linear,127
2131,$400C_const,1
2131,$400C_vol,0
2131,$400E_period,13
2131,$400E_mode,0
2132,$4000_duty,1
2132,$4000_const,1
2132,$4000_vol,7
2132,$4004_duty,2
2132,$4004_const,1
2132,$4004_vol,7
2132,$4008_linear,127
2132,$400C_const,1
2132,$400C_vol,0
2132,$400E_period,13
2132,$400E_mode,0
2133,$4000_duty,1
2133,$4000_const,1
2133,$4000_vol,7
2133,$4004_duty,2
2133,$4004_const,1
2133,$4004_vol,7
2133,$4008_linear,127
2134,$4000_duty,1
2134,$4000_const,1
2134,$4000_vol,7
2134,$4004_duty,2
2134,$4004_const,1
2134,$4004_vol,7
2134,$4008_linear,127
2135,$4000_duty,1
2135,$4000_const,1
2135,$4000_vol,7
2135,$4004_duty,2
2135,$4004_const,1
2135,$4004_vol,7
2135,$4008_linear,127
2136,$4000_duty,1
2136,$4000_const,1
2136,$4000_vol,6
2136,$4004_duty,2
2136,$4004_const,1
2136,$4004_vol,6
2136,$4008_linear,127
2137,$4000_duty,1
2137,$4000_const,1
2137,$4000_vol,6
2137,$4004_duty,2
2137,$4004_const,1
2137,$4004_vol,6
2137,$4008_linear,0
2138,$4000_duty,1
2138,$4000_const,1
2138,$4000_vol,6
2138,$4004_duty,2
2138,$4004_const,1
2138,$4004_vol,6
2139,$4000_duty,1
2139,$4000_const,1
2139,$4000_vol,6
2139,$4004_duty,2
2139,$4004_const,1
2139,$4004_vol,6
2140,$4000_duty,1
2140,$4000_const,1
2140,$4000_vol,6
2140,$4004_duty,2
2140,$4004_const,1
2140,$4004_vol,6
2140,$4008_linear,127
2140,$400A_period,719
2140,$400B_length,9
2140,$400C_const,1
2140,$400C_vol,12
2140,$400E_period,13
2140,$400E_mode,0
2141,$4000_duty,1
2141,$4000_const,1
2141,$4000_vol,6
2141,$4004_duty,2
2141,$4004_const,1
2141,$4004_vol,6
2141,$4008_linear,127
2141,$400C_const,1
2141,$400C_vol,9
2141,$400E_period,13
2141,$400E_mode,0
2142,$4000_duty,1
2142,$4000_const,1
2142,$4000_vol,6
2142,$4004_duty,2
2142,$4004_const,1
2142,$4004_vol,6
2142,$4008_linear,127
2142,$400C_const,1
2142,$400C_vol,6
2142,$400E_period,13
2142,$400E_mode,0
2143,$4000_duty,1
2143,$4000_const,1
2143,$4000_vol,6
2143,$4004_duty,2
2143,$4004_const,1
2143,$4004_vol,6
2143,$4008_linear,127
2143,$400C_const,1
2143,$400C_vol,3
2143,$400E_period,13
2143,$400E_mode,0
2144,$4000_duty,1
2144,$4000_const,1
2144,$4000_vol,5
2144,$4004_duty,2
2144,$4004_const,1
2144,$4004_vol,5
2144,$4008_linear,127
2144,$400C_const,1
2144,$400C_vol,0
2144,$400E_period,13
2144,$400E_mode,0
2145,$4000_duty,1
2145,$4000_const,1
2145,$4000_vol,5
2145,$4004_duty,2
2145,$4004_const,1
2145,$4004_vol,5
2145,$4008_linear,127
2145,$400C_const,1
2145,$400C_vol,0
2145,$400E_period,13
2145,$400E_mode,0
2146,$4000_duty,1
2146,$4000_const,1
2146,$4000_vol,5
2146,$4004_duty,2
2146,$4004_const,1
2146,$4004_vol,5
2146,$4008_linear,127
2146,$400C_const,1
2146,$400C_vol,0
2146,$400E_period,13
2146,$400E_mode,0
2147,$4000_duty,1
2147,$4000_const,1
2147,$4000_vol,5
2147,$4004_duty,2
2147,$4004_const,1
2147,$4004_vol,5
2147,$4008_linear,127
2147,$400C_const,1
2147,$400C_vol,12
2147,$400E_period,8
2147,$400E_mode,0
2148,$4000_duty,1
2148,$4000_const,1
2148,$4000_vol,4
2148,$4004_duty,2
2148,$4004_const,1
2148,$4004_vol,4
2148,$4008_linear,127
2148,$400C_const,1
2148,$400C_vol,9
2148,$400E_period,8
2148,$400E_mode,0
2149,$4000_duty,1
2149,$4000_const,1
2149,$4000_vol,3
2149,$4004_duty,2
2149,$4004_const,1
2149,$4004_vol,3
2149,$4008_linear,127
2149,$400C_const,1
2149,$400C_vol,6
2149,$400E_period,8
2149,$400E_mode,0
2150,$4000_duty,1
2150,$4000_const,1
2150,$4000_vol,3
2150,$4004_duty,2
2150,$4004_const,1
2150,$4004_vol,3
2150,$4008_linear,127
2150,$400C_const,1
2150,$400C_vol,3
2150,$400E_period,8
2150,$400E_mode,0
2151,$4000_duty,1
2151,$4000_const,1
2151,$4000_vol,2
2151,$4004_duty,2
2151,$4004_const,1
2151,$4004_vol,2
2151,$4008_linear,127
2151,$400C_const,1
2151,$400C_vol,0
2151,$400E_period,8
2151,$400E_mode,0
2152,$4000_duty,1
2152,$4000_const,1
2152,$4000_vol,1
2152,$4004_duty,2
2152,$4004_const,1
2152,$4004_vol,1
2152,$4008_linear,0
2152,$400C_const,1
2152,$400C_vol,0
2152,$400E_period,8
2152,$400E_mode,0
2153,$4000_duty,1
2153,$4000_const,1
2153,$4000_vol,1
2153,$4004_duty,2
2153,$4004_const,1
2153,$4004_vol,1
2153,$400C_const,1
2153,$400C_vol,0
2153,$400E_period,8
2153,$400E_mode,0
2154,$4000_duty,1
2154,$4000_const,1
2154,$4000_vol,0
2154,$4004_duty,2
2154,$4004_const,1
2154,$4004_vol,0
2154,$400C_const,1
2154,$400C_vol,0
2154,$400E_period,8
2154,$400E_mode,0
2155,$4000_duty,1
2155,$4000_const,1
2155,$4000_vol,0
2155,$4004_duty,2
2155,$4004_const,1
2155,$4004_vol,0
2155,$4008_linear,127
2155,$400A_period,719
2155,$400B_length,9
2155,$400C_const,1
2155,$400C_vol,12
2155,$400E_period,13
2155,$400E_mode,0
2156,$4000_duty,1
2156,$4000_const,1
2156,$4000_vol,0
2156,$4004_duty,2
2156,$4004_const,1
2156,$4004_vol,0
2156,$4008_linear,127
2156,$400C_const,1
2156,$400C_vol,9
2156,$400E_period,13
2156,$400E_mode,0
2157,$4000_duty,1
2157,$4000_const,1
2157,$4000_vol,0
2157,$4004_duty,2
2157,$4004_const,1
2157,$4004_vol,0
2157,$4008_linear,127
2157,$400C_const,1
2157,$400C_vol,6
2157,$400E_period,13
2157,$400E_mode,0
2158,$4000_duty,1
2158,$4000_const,1
2158,$4000_vol,0
2158,$4004_duty,2
2158,$4004_const,1
2158,$4004_vol,0
2158,$4008_linear,127
2158,$400C_const,1
2158,$400C_vol,3
2158,$400E_period,13
2158,$400E_mode,0
2159,$4000_duty,1
2159,$4000_const,1
2159,$4000_vol,0
2159,$4004_duty,2
2159,$4004_const,1
2159,$4004_vol,0
2159,$4008_linear,127
2159,$400C_const,1
2159,$400C_vol,0
2159,$400E_period,13
2159,$400E_mode,0
2160,$4000_duty,1
2160,$4000_const,1
2160,$4000_vol,0
2160,$4004_duty,2
2160,$4004_const,1
2160,$4004_vol,0
2160,$4008_linear,127
2160,$400C_const,1
2160,$400C_vol,0
2160,$400E_period,13
2160,$400E_mode,0
2161,$4008_linear,0
2161,$400C_const,1
2161,$400C_vol,0
2161,$400E_period,13
2161,$400E_mode,0
2162,$400C_const,1
2162,$400C_vol,0
2162,$400E_period,13
2162,$400E_mode,0
2163,$4000_duty,1
2163,$4000_const,1
2163,$4000_vol,12
2163,$4002_period,641
2163,$400B_length,9
2163,$4004_duty,2
2163,$4004_const,1
2163,$4004_vol,12
2163,$4006_period,1017
2163,$4008_linear,127
2163,$400A_period,719
2163,$400B_length,9
2163,$400C_const,1
2163,$400C_vol,12
2163,$400E_period,13
2163,$400E_mode,0
2164,$4000_duty,1
2164,$4000_const,1
2164,$4000_vol,11
2164,$4004_duty,2
2164,$4004_const,1
2164,$4004_vol,11
2164,$4008_linear,127
2164,$400C_const,1
2164,$400C_vol,9
2164,$400E_period,13
2164,$400E_mode,0
2165,$4000_duty,1
2165,$4000_const,1
2165,$4000_vol,11
2165,$4004_duty,2
2165,$4004_const,1
2165,$4004_vol,11
2165,$4008_linear,127
2165,$400C_const,1
2165,$400C_vol,6
2165,$400E_period,13
2165,$400E_mode,0
2166,$4000_duty,1
2166,$4000_const,1
2166,$4000_vol,11
2166,$4004_duty,2
2166,$4004_const,1
2166,$4004_vol,11
2166,$4008_linear,127
2166,$400C_const,1
2166,$400C_vol,3
2166,$400E_period,13
2166,$400E_mode,0
2167,$4000_duty,1
2167,$4000_const,1
2167,$4000_vol,11
2167,$4004_duty,2
2167,$4004_const,1
2167,$4004_vol,11
2167,$4008_linear,127
2167,$400C_const,1
2167,$400C_vol,0
2167,$400E_period,13
2167,$400E_mode,0
2168,$4000_duty,1
2168,$4000_const,1
2168,$4000_vol,10
2168,$4004_duty,2
2168,$4004_const,1
2168,$4004_vol,11
2168,$4008_linear,127
2168,$400C_const,1
2168,$400C_vol,0
2168,$400E_period,13
2168,$400E_mode,0
2169,$4000_duty,1
2169,$4000_const,1
2169,$4000_vol,10
2169,$4004_duty,2
2169,$4004_const,1
2169,$4004_vol,11
2169,$4008_linear,127
2169,$400C_const,1
2169,$400C_vol,0
2169,$400E_period,13
2169,$400E_mode,0
2170,$4000_duty,1
2170,$4000_const,1
2170,$4000_vol,9
2170,$4004_duty,2
2170,$4004_const,1
2170,$4004_vol,11
2170,$4008_linear,127
2170,$400C_const,1
2170,$400C_vol,0
2170,$400E_period,13
2170,$400E_mode,0
2171,$4000_duty,1
2171,$4000_const,1
2171,$4000_vol,9
2171,$4004_duty,2
2171,$4004_const,1
2171,$4004_vol,11
2171,$4008_linear,127
2171,$400C_const,1
2171,$400C_vol,0
2171,$400E_period,13
2171,$400E_mode,0
2172,$4000_duty,1
2172,$4000_const,1
2172,$4000_vol,8
2172,$4004_duty,2
2172,$4004_const,1
2172,$4004_vol,10
2172,$4008_linear,127
2172,$400C_const,1
2172,$400C_vol,0
2172,$400E_period,13
2172,$400E_mode,0
2173,$4000_duty,1
2173,$4000_const,1
2173,$4000_vol,7
2173,$4004_duty,2
2173,$4004_const,1
2173,$4004_vol,10
2173,$4008_linear,127
2173,$400C_const,1
2173,$400C_vol,0
2173,$400E_period,13
2173,$400E_mode,0
2174,$4000_duty,1
2174,$4000_const,1
2174,$4000_vol,7
2174,$4004_duty,2
2174,$4004_const,1
2174,$4004_vol,10
2174,$4008_linear,0
2174,$400C_const,1
2174,$400C_vol,0
2174,$400E_period,13
2174,$400E_mode,0
2175,$4000_duty,1
2175,$4000_const,1
2175,$4000_vol,6
2175,$4004_duty,2
2175,$4004_const,1
2175,$4004_vol,9
2175,$4008_linear,0
2175,$400C_const,1
2175,$400C_vol,0
2175,$400E_period,13
2175,$400E_mode,0
2176,$4000_duty,1
2176,$4000_const,1
2176,$4000_vol,5
2176,$4004_duty,2
2176,$4004_const,1
2176,$4004_vol,8
2176,$400C_const,1
2176,$400C_vol,0
2176,$400E_period,13
2176,$400E_mode,0
2177,$4000_duty,1
2177,$4000_const,1
2177,$4000_vol,5
2177,$4004_duty,2
2177,$4004_const,1
2177,$4004_vol,8
2178,$4000_duty,1
2178,$4000_const,1
2178,$4000_vol,12
2178,$4002_period,571
2178,$400B_length,9
2178,$4004_duty,2
2178,$4004_const,1
2178,$4004_vol,12
2178,$4006_period,855
2178,$4008_linear,127
2178,$400A_period,719
2178,$400B_length,9
2178,$400C_const,1
2178,$400C_vol,12
2178,$400E_period,8
2178,$400E_mode,0
2179,$4000_duty,1
2179,$4000_const,1
2179,$4000_vol,11
2179,$4004_duty,2
2179,$4004_const,1
2179,$4004_vol,11
2179,$4008_linear,127
2179,$400C_const,1
2179,$400C_vol,9
2179,$400E_period,8
2179,$400E_mode,0
2180,$4000_duty,1
2180,$4000_const,1
2180,$4000_vol,11
2180,$4004_duty,2
2180,$4004_const,1
2180,$4004_vol,11
2180,$4008_linear,127
2180,$400C_const,1
2180,$400C_vol,6
2180,$400E_period,8
2180,$400E_mode,0
2181,$4000_duty,1
2181,$4000_const,1
2181,$4000_vol,11
2181,$4004_duty,2
2181,$4004_const,1
2181,$4004_vol,11
2181,$4008_linear,127
2181,$400C_const,1
2181,$400C_vol,3
2181,$400E_period,8
2181,$400E_mode,0
2182,$4000_duty,1
2182,$4000_const,1
2182,$4000_vol,11
2182,$4004_duty,2
2182,$4004_const,1
2182,$4004_vol,11
2182,$4008_linear,127
2182,$400C_const,1
2182,$400C_vol,0
2182,$400E_period,8
2182,$400E_mode,0
2183,$4000_duty,1
2183,$4000_const,1
2183,$4000_vol,10
2183,$4004_duty,2
2183,$4004_const,1
2183,$4004_vol,11
2183,$4008_linear,127
2183,$400C_const,1
2183,$400C_vol,0
2183,$400E_period,8
2183,$400E_mode,0
2184,$4000_duty,1
2184,$4000_const,1
2184,$4000_vol,10
2184,$4004_duty,2
2184,$4004_const,1
2184,$4004_vol,11
2184,$4008_linear,127
2184,$400C_const,1
2184,$400C_vol,0
2184,$400E_period,8
2184,$400E_mode,0
2185,$4000_duty,1
2185,$4000_const,1
2185,$4000_vol,9
2185,$4004_duty,2
2185,$4004_const,1
2185,$4004_vol,11
2185,$4008_linear,127
2185,$400C_const,1
2185,$400C_vol,0
2185,$400E_period,8
2185,$400E_mode,0
2186,$4000_duty,1
2186,$4000_const,1
2186,$4000_vol,9
2186,$4004_duty,2
2186,$4004_const,1
2186,$4004_vol,11
2186,$4008_linear,127
2186,$400C_const,1
2186,$400C_vol,0
2186,$400E_period,8
2186,$400E_mode,0
2187,$4000_duty,1
2187,$4000_const,1
2187,$4000_vol,8
2187,$4004_duty,2
2187,$4004_const,1
2187,$4004_vol,10
2187,$4008_linear,127
2187,$400C_const,1
2187,$400C_vol,0
2187,$400E_period,8
2187,$400E_mode,0
2188,$4000_duty,1
2188,$4000_const,1
2188,$4000_vol,7
2188,$4004_duty,2
2188,$4004_const,1
2188,$4004_vol,10
2188,$4008_linear,127
2188,$400C_const,1
2188,$400C_vol,0
2188,$400E_period,8
2188,$400E_mode,0
2189,$4000_duty,1
2189,$4000_const,1
2189,$4000_vol,7
2189,$4004_duty,2
2189,$4004_const,1
2189,$4004_vol,10
2189,$4008_linear,0
2189,$400C_const,1
2189,$400C_vol,0
2189,$400E_period,8
2189,$400E_mode,0
2190,$4000_duty,1
2190,$4000_const,1
2190,$4000_vol,6
2190,$4004_duty,2
2190,$4004_const,1
2190,$4004_vol,9
2190,$4008_linear,0
2190,$400C_const,1
2190,$400C_vol,0
2190,$400E_period,8
2190,$400E_mode,0
2191,$4000_duty,1
2191,$4000_const,1
2191,$4000_vol,5
2191,$4004_duty,2
2191,$4004_const,1
2191,$4004_vol,8
2191,$400C_const,1
2191,$400C_vol,0
2191,$400E_period,8
2191,$400E_mode,0
2192,$4000_duty,1
2192,$4000_const,1
2192,$4000_vol,5
2192,$4004_duty,2
2192,$4004_const,1
2192,$4004_vol,8
2193,$4000_duty,1
2193,$4000_const,1
2193,$4000_vol,12
2193,$4002_period,539
2193,$400B_length,9
2193,$4004_duty,2
2193,$4004_const,1
2193,$4004_vol,12
2193,$4006_period,679
2193,$4008_linear,127
2193,$400A_period,719
2193,$400B_length,9
2193,$400C_const,1
2193,$400C_vol,12
2193,$400E_period,13
2193,$400E_mode,0
2194,$4000_duty,1
2194,$4000_const,1
2194,$4000_vol,11
2194,$4004_duty,2
2194,$4004_const,1
2194,$4004_vol,11
2194,$4008_linear,127
2194,$400C_const,1
2194,$400C_vol,9
2194,$400E_period,13
2194,$400E_mode,0
2195,$4000_duty,1
2195,$4000_const,1
2195,$4000_vol,11
2195,$4004_duty,2
2195,$4004_const,1
2195,$4004_vol,11
2195,$4008_linear,127
2195,$400C_const,1
2195,$400C_vol,6
2195,$400E_period,13
2195,$400E_mode,0
2196,$4000_duty,1
2196,$4000_const,1
2196,$4000_vol,11
2196,$4004_duty,2
2196,$4004_const,1
2196,$4004_vol,11
2196,$4008_linear,127
2196,$400C_const,1
2196,$400C_vol,3
2196,$400E_period,13
2196,$400E_mode,0
2197,$4000_duty,1
2197,$4000_const,1
2197,$4000_vol,11
2197,$4004_duty,2
2197,$4004_const,1
2197,$4004_vol,11
2197,$4008_linear,127
2197,$400C_const,1
2197,$400C_vol,0
2197,$400E_period,13
2197,$400E_mode,0
2198,$4000_duty,1
2198,$4000_const,1
2198,$4000_vol,11
2198,$4004_duty,2
2198,$4004_const,1
2198,$4004_vol,11
2198,$4008_linear,127
2198,$400C_const,1
2198,$400C_vol,0
2198,$400E_period,13
2198,$400E_mode,0
2199,$4000_duty,1
2199,$4000_const,1
2199,$4000_vol,11
2199,$4004_duty,2
2199,$4004_const,1
2199,$4004_vol,11
2199,$4008_linear,127
2199,$400C_const,1
2199,$400C_vol,0
2199,$400E_period,13
2199,$400E_mode,0
2200,$4000_duty,1
2200,$4000_const,1
2200,$4000_vol,11
2200,$4004_duty,2
2200,$4004_const,1
2200,$4004_vol,11
2200,$4008_linear,127
2200,$400C_const,1
2200,$400C_vol,0
2200,$400E_period,13
2200,$400E_mode,0
2201,$4000_duty,1
2201,$4000_const,1
2201,$4000_vol,11
2201,$4004_duty,2
2201,$4004_const,1
2201,$4004_vol,11
2201,$4008_linear,127
2201,$400C_const,1
2201,$400C_vol,0
2201,$400E_period,13
2201,$400E_mode,0
2202,$4000_duty,1
2202,$4000_const,1
2202,$4000_vol,10
2202,$4004_duty,2
2202,$4004_const,1
2202,$4004_vol,10
2202,$4008_linear,127
2202,$400C_const,1
2202,$400C_vol,0
2202,$400E_period,13
2202,$400E_mode,0
2203,$4000_duty,1
2203,$4000_const,1
2203,$4000_vol,10
2203,$4004_duty,2
2203,$4004_const,1
2203,$4004_vol,10
2203,$4008_linear,127
2203,$400C_const,1
2203,$400C_vol,0
2203,$400E_period,13
2203,$400E_mode,0
2204,$4000_duty,1
2204,$4000_const,1
2204,$4000_vol,10
2204,$4004_duty,2
2204,$4004_const,1
2204,$4004_vol,10
2204,$4008_linear,0
2204,$400C_const,1
2204,$400C_vol,0
2204,$400E_period,13
2204,$400E_mode,0
2205,$4000_duty,1
2205,$4000_const,1
2205,$4000_vol,10
2205,$4004_duty,2
2205,$4004_const,1
2205,$4004_vol,10
2205,$4008_linear,0
2205,$400C_const,1
2205,$400C_vol,0
2205,$400E_period,13
2205,$400E_mode,0
2206,$4000_duty,1
2206,$4000_const,1
2206,$4000_vol,10
2206,$4004_duty,2
2206,$4004_const,1
2206,$4004_vol,10
2206,$400C_const,1
2206,$400C_vol,0
2206,$400E_period,13
2206,$400E_mode,0
2207,$4000_duty,1
2207,$4000_const,1
2207,$4000_vol,10
2207,$4004_duty,2
2207,$4004_const,1
2207,$4004_vol,10
2208,$4000_duty,1
2208,$4000_const,1
2208,$4000_vol,10
2208,$4004_duty,2
2208,$4004_const,1
2208,$4004_vol,10
2208,$4008_linear,127
2208,$400A_period,719
2208,$400B_length,9
2208,$400C_const,1
2208,$400C_vol,12
2208,$400E_period,8
2208,$400E_mode,0
2209,$4000_duty,1
2209,$4000_const,1
2209,$4000_vol,10
2209,$4004_duty,2
2209,$4004_const,1
2209,$4004_vol,10
2209,$4008_linear,127
2209,$400C_const,1
2209,$400C_vol,9
2209,$400E_period,8
2209,$400E_mode,0
2210,$4000_duty,1
2210,$4000_const,1
2210,$4000_vol,9
2210,$4004_duty,2
2210,$4004_const,1
2210,$4004_vol,9
2210,$4008_linear,127
2210,$400C_const,1
2210,$400C_vol,6
2210,$400E_period,8
2210,$400E_mode,0
2211,$4000_duty,1
2211,$4000_const,1
2211,$4000_vol,9
2211,$4004_duty,2
2211,$4004_const,1
2211,$4004_vol,9
2211,$4008_linear,127
2211,$400C_const,1
2211,$400C_vol,3
2211,$400E_period,8
2211,$400E_mode,0
2212,$4000_duty,1
2212,$4000_const,1
2212,$4000_vol,9
2212,$4004_duty,2
2212,$4004_const,1
2212,$4004_vol,9
2212,$4008_linear,127
2212,$400C_const,1
2212,$400C_vol,0
2212,$400E_period,8
2212,$400E_mode,0
2213,$4000_duty,1
2213,$4000_const,1
2213,$4000_vol,9
2213,$4004_duty,2
2213,$4004_const,1
2213,$4004_vol,9
2213,$4008_linear,127
2213,$400C_const,1
2213,$400C_vol,0
2213,$400E_period,8
2213,$400E_mode,0
2214,$4000_duty,1
2214,$4000_const,1
2214,$4000_vol,9
2214,$4004_duty,2
2214,$4004_const,1
2214,$4004_vol,9
2214,$4008_linear,127
2214,$400C_const,1
2214,$400C_vol,0
2214,$400E_period,8
2214,$400E_mode,0
2215,$4000_duty,1
2215,$4000_const,1
2215,$4000_vol,9
2215,$4004_duty,2
2215,$4004_const,1
2215,$4004_vol,9
2215,$4008_linear,127
2215,$400C_const,1
2215,$400C_vol,0
2215,$400E_period,8
2215,$400E_mode,0
2216,$4000_duty,1
2216,$4000_const,1
2216,$4000_vol,9
2216,$4004_duty,2
2216,$4004_const,1
2216,$4004_vol,9
2216,$4008_linear,127
2216,$400C_const,1
2216,$400C_vol,0
2216,$400E_period,8
2216,$400E_mode,0
2217,$4000_duty,1
2217,$4000_const,1
2217,$4000_vol,9
2217,$4004_duty,2
2217,$4004_const,1
2217,$4004_vol,9
2217,$4008_linear,127
2217,$400C_const,1
2217,$400C_vol,0
2217,$400E_period,8
2217,$400E_mode,0
2218,$4000_duty,1
2218,$4000_const,1
2218,$4000_vol,8
2218,$4004_duty,2
2218,$4004_const,1
2218,$4004_vol,8
2218,$4008_linear,127
2218,$400C_const,1
2218,$400C_vol,0
2218,$400E_period,8
2218,$400E_mode,0
2219,$4000_duty,1
2219,$4000_const,1
2219,$4000_vol,8
2219,$4004_duty,2
2219,$4004_const,1
2219,$4004_vol,8
2219,$4008_linear,0
2219,$400C_const,1
2219,$400C_vol,0
2219,$400E_period,8
2219,$400E_mode,0
2220,$4000_duty,1
2220,$4000_const,1
2220,$4000_vol,8
2220,$4004_duty,2
2220,$4004_const,1
2220,$4004_vol,8
2220,$4008_linear,0
2220,$400C_const,1
2220,$400C_vol,0
2220,$400E_period,8
2220,$400E_mode,0
2221,$4000_duty,1
2221,$4000_const,1
2221,$4000_vol,8
2221,$4004_duty,2
2221,$4004_const,1
2221,$4004_vol,8
2221,$400C_const,1
2221,$400C_vol,0
2221,$400E_period,8
2221,$400E_mode,0
2222,$4000_duty,1
2222,$4000_const,1
2222,$4000_vol,8
2222,$4004_duty,2
2222,$4004_const,1
2222,$4004_vol,8
2223,$4000_duty,1
2223,$4000_const,1
2223,$4000_vol,8
2223,$4004_duty,2
2223,$4004_const,1
2223,$4004_vol,8
2223,$4008_linear,127
2223,$400A_period,719
2223,$400B_length,9
2223,$400C_const,1
2223,$400C_vol,12
2223,$400E_period,13
2223,$400E_mode,0
2224,$4000_duty,1
2224,$4000_const,1
2224,$4000_vol,8
2224,$4004_duty,2
2224,$4004_const,1
2224,$4004_vol,8
2224,$4008_linear,127
2224,$400C_const,1
2224,$400C_vol,9
2224,$400E_period,13
2224,$400E_mode,0
2225,$4000_duty,1
2225,$4000_const,1
2225,$4000_vol,8
2225,$4004_duty,2
2225,$4004_const,1
2225,$4004_vol,8
2225,$4008_linear,127
2225,$400C_const,1
2225,$400C_vol,6
2225,$400E_period,13
2225,$400E_mode,0
2226,$4000_duty,1
2226,$4000_const,1
2226,$4000_vol,7
2226,$4004_duty,2
2226,$4004_const,1
2226,$4004_vol,7
2226,$4008_linear,127
2226,$400C_const,1
2226,$400C_vol,3
2226,$400E_period,13
2226,$400E_mode,0
2227,$4000_duty,1
2227,$4000_const,1
2227,$4000_vol,7
2227,$4004_duty,2
2227,$4004_const,1
2227,$4004_vol,7
2227,$4008_linear,127
2227,$400C_const,1
2227,$400C_vol,0
2227,$400E_period,13
2227,$400E_mode,0
2228,$4000_duty,1
2228,$4000_const,1
2228,$4000_vol,7
2228,$4004_duty,2
2228,$4004_const,1
2228,$4004_vol,7
2228,$4008_linear,127
2228,$400C_const,1
2228,$400C_vol,0
2228,$400E_period,13
2228,$400E_mode,0
2229,$4000_duty,1
2229,$4000_const,1
2229,$4000_vol,7
2229,$4004_duty,2
2229,$4004_const,1
2229,$4004_vol,7
2229,$4008_linear,127
2229,$400C_const,1
2229,$400C_vol,0
2229,$400E_period,13
2229,$400E_mode,0
2230,$4000_duty,1
2230,$4000_const,1
2230,$4000_vol,7
2230,$4004_duty,2
2230,$4004_const,1
2230,$4004_vol,7
2230,$4008_linear,127
2230,$400C_const,1
2230,$400C_vol,0
2230,$400E_period,13
2230,$400E_mode,0
2231,$4000_duty,1
2231,$4000_const,1
2231,$4000_vol,7
2231,$4004_duty,2
2231,$4004_const,1
2231,$4004_vol,7
2231,$4008_linear,127
2231,$400C_const,1
2231,$400C_vol,0
2231,$400E_period,13
2231,$400E_mode,0
2232,$4000_duty,1
2232,$4000_const,1
2232,$4000_vol,7
2232,$4004_duty,2
2232,$4004_const,1
2232,$4004_vol,7
2232,$4008_linear,127
2232,$400C_const,1
2232,$400C_vol,0
2232,$400E_period,13
2232,$400E_mode,0
2233,$4000_duty,1
2233,$4000_const,1
2233,$4000_vol,7
2233,$4004_duty,2
2233,$4004_const,1
2233,$4004_vol,7
2233,$4008_linear,127
2233,$400C_const,1
2233,$400C_vol,0
2233,$400E_period,13
2233,$400E_mode,0
2234,$4000_duty,1
2234,$4000_const,1
2234,$4000_vol,6
2234,$4004_duty,2
2234,$4004_const,1
2234,$4004_vol,6
2234,$4008_linear,127
2234,$400C_const,1
2234,$400C_vol,0
2234,$400E_period,13
2234,$400E_mode,0
2235,$4000_duty,1
2235,$4000_const,1
2235,$4000_vol,6
2235,$4004_duty,2
2235,$4004_const,1
2235,$4004_vol,6
2235,$4008_linear,127
2235,$400C_const,1
2235,$400C_vol,0
2235,$400E_period,13
2235,$400E_mode,0
2236,$4000_duty,1
2236,$4000_const,1
2236,$4000_vol,6
2236,$4004_duty,2
2236,$4004_const,1
2236,$4004_vol,6
2236,$4008_linear,127
2236,$400C_const,1
2236,$400C_vol,0
2236,$400E_period,13
2236,$400E_mode,0
2237,$4000_duty,1
2237,$4000_const,1
2237,$4000_vol,6
2237,$4004_duty,2
2237,$4004_const,1
2237,$4004_vol,6
2237,$4008_linear,127
2238,$4000_duty,1
2238,$4000_const,1
2238,$4000_vol,6
2238,$4004_duty,2
2238,$4004_const,1
2238,$4004_vol,6
2238,$4008_linear,127
2238,$400C_const,1
2238,$400C_vol,12
2238,$400E_period,8
2238,$400E_mode,0
2239,$4000_duty,1
2239,$4000_const,1
2239,$4000_vol,6
2239,$4004_duty,2
2239,$4004_const,1
2239,$4004_vol,6
2239,$4008_linear,127
2239,$400C_const,1
2239,$400C_vol,9
2239,$400E_period,8
2239,$400E_mode,0
2240,$4000_duty,1
2240,$4000_const,1
2240,$4000_vol,6
2240,$4004_duty,2
2240,$4004_const,1
2240,$4004_vol,6
2240,$4008_linear,127
2240,$400C_const,1
2240,$400C_vol,6
2240,$400E_period,8
2240,$400E_mode,0
2241,$4000_duty,1
2241,$4000_const,1
2241,$4000_vol,6
2241,$4004_duty,2
2241,$4004_const,1
2241,$4004_vol,6
2241,$4008_linear,0
2241,$400C_const,1
2241,$400C_vol,3
2241,$400E_period,8
2241,$400E_mode,0
2242,$4000_duty,1
2242,$4000_const,1
2242,$4000_vol,5
2242,$4004_duty,2
2242,$4004_const,1
2242,$4004_vol,5
2242,$400C_const,1
2242,$400C_vol,0
2242,$400E_period,8
2242,$400E_mode,0
2243,$4000_duty,1
2243,$4000_const,1
2243,$4000_vol,5
2243,$4004_duty,2
2243,$4004_const,1
2243,$4004_vol,5
2243,$400C_const,1
2243,$400C_vol,0
2243,$400E_period,8
2243,$400E_mode,0
2244,$4000_duty,1
2244,$4000_const,1
2244,$4000_vol,5
2244,$4004_duty,2
2244,$4004_const,1
2244,$4004_vol,5
2244,$400C_const,1
2244,$400C_vol,0
2244,$400E_period,8
2244,$400E_mode,0
2245,$4000_duty,1
2245,$4000_const,1
2245,$4000_vol,5
2245,$4004_duty,2
2245,$4004_const,1
2245,$4004_vol,5
2245,$4008_linear,127
2245,$400A_period,719
2245,$400B_length,9
2245,$400C_const,1
2245,$400C_vol,12
2245,$400E_period,13
2245,$400E_mode,0
2246,$4000_duty,1
2246,$4000_const,1
2246,$4000_vol,5
2246,$4004_duty,2
2246,$4004_const,1
2246,$4004_vol,5
2246,$4008_linear,127
2246,$400C_const,1
2246,$400C_vol,9
2246,$400E_period,13
2246,$400E_mode,0
2247,$4000_duty,1
2247,$4000_const,1
2247,$4000_vol,5
2247,$4004_duty,2
2247,$4004_const,1
2247,$4004_vol,5
2247,$4008_linear,127
2247,$400C_const,1
2247,$400C_vol,6
2247,$400E_period,13
2247,$400E_mode,0
2248,$4000_duty,1
2248,$4000_const,1
2248,$4000_vol,5
2248,$4004_duty,2
2248,$4004_const,1
2248,$4004_vol,5
2248,$4008_linear,127
2248,$400C_const,1
2248,$400C_vol,3
2248,$400E_period,13
2248,$400E_mode,0
2249,$4000_duty,1
2249,$4000_const,1
2249,$4000_vol,5
2249,$4004_duty,2
2249,$4004_const,1
2249,$4004_vol,5
2249,$4008_linear,127
2249,$400C_const,1
2249,$400C_vol,0
2249,$400E_period,13
2249,$400E_mode,0
2250,$4000_duty,1
2250,$4000_const,1
2250,$4000_vol,4
2250,$4004_duty,2
2250,$4004_const,1
2250,$4004_vol,4
2250,$4008_linear,127
2250,$400C_const,1
2250,$400C_vol,0
2250,$400E_period,13
2250,$400E_mode,0
2251,$4000_duty,1
2251,$4000_const,1
2251,$4000_vol,4
2251,$4004_duty,2
2251,$4004_const,1
2251,$4004_vol,4
2251,$4008_linear,127
2251,$400C_const,1
2251,$400C_vol,0
2251,$400E_period,13
2251,$400E_mode,0
2252,$4000_duty,1
2252,$4000_const,1
2252,$4000_vol,4
2252,$4004_duty,2
2252,$4004_const,1
2252,$4004_vol,4
2252,$4008_linear,127
2252,$400C_const,1
2252,$400C_vol,0
2252,$400E_period,13
2252,$400E_mode,0
2253,$4000_duty,1
2253,$4000_const,1
2253,$4000_vol,4
2253,$4004_duty,2
2253,$4004_const,1
2253,$4004_vol,4
2253,$4008_linear,127
2253,$400C_const,1
2253,$400C_vol,0
2253,$400E_period,13
2253,$400E_mode,0
2254,$4000_duty,1
2254,$4000_const,1
2254,$4000_vol,4
2254,$4004_duty,2
2254,$4004_const,1
2254,$4004_vol,4
2254,$4008_linear,127
2255,$4000_duty,1
2255,$4000_const,1
2255,$4000_vol,4
2255,$4004_duty,2
2255,$4004_const,1
2255,$4004_vol,4
2255,$4008_linear,127
2256,$4000_duty,1
2256,$4000_const,1
2256,$4000_vol,4
2256,$4004_duty,2
2256,$4004_const,1
2256,$4004_vol,4
2256,$4008_linear,127
2257,$4000_duty,1
2257,$4000_const,1
2257,$4000_vol,4
2257,$4004_duty,2
2257,$4004_const,1
2257,$4004_vol,4
2257,$4008_linear,0
2258,$4004_duty,0
2258,$4004_const,1
2258,$4004_vol,0
2258,$4001_sweep,8
2258,$4005_sweep,8
2258,$4000_duty,1
2258,$4000_const,1
2258,$4000_vol,3
2258,$4008_linear,0
2259,$4000_duty,1
2259,$4000_const,1
2259,$4000_vol,3
2259,$4004_duty,2
2259,$4004_const,1
2259,$4004_vol,15
2259,$4006_period,481
2260,$4000_duty,1
2260,$4000_const,1
2260,$4000_vol,3
2260,$4004_duty,2
2260,$4004_const,1
2260,$4004_vol,14
2260,$4008_linear,127
2260,$400A_period,719
2260,$400B_length,9
2260,$400C_const,1
2260,$400C_vol,12
2260,$400E_period,13
2260,$400E_mode,0
2261,$4000_duty,1
2261,$4000_const,1
2261,$4000_vol,3
2261,$4004_duty,2
2261,$4004_const,1
2261,$4004_vol,13
2261,$4008_linear,127
2261,$400C_const,1
2261,$400C_vol,9
2261,$400E_period,13
2261,$400E_mode,0
2262,$4000_duty,1
2262,$4000_const,1
2262,$4000_vol,3
2262,$4004_duty,2
2262,$4004_const,1
2262,$4004_vol,12
2262,$4008_linear,127
2262,$400C_const,1
2262,$400C_vol,6
2262,$400E_period,13
2262,$400E_mode,0
2263,$4000_duty,1
2263,$4000_const,1
2263,$4000_vol,3
2263,$4004_duty,2
2263,$4004_const,1
2263,$4004_vol,11
2263,$4008_linear,127
2263,$400C_const,1
2263,$400C_vol,3
2263,$400E_period,13
2263,$400E_mode,0
2264,$4000_duty,1
2264,$4000_const,1
2264,$4000_vol,3
2264,$4004_duty,2
2264,$4004_const,1
2264,$4004_vol,10
2264,$4008_linear,127
2264,$400C_const,1
2264,$400C_vol,0
2264,$400E_period,13
2264,$400E_mode,0
2265,$4000_duty,1
2265,$4000_const,1
2265,$4000_vol,3
2265,$4004_duty,2
2265,$4004_const,1
2265,$4004_vol,9
2265,$4008_linear,127
2265,$400C_const,1
2265,$400C_vol,0
2265,$400E_period,13
2265,$400E_mode,0
2266,$4000_duty,1
2266,$4000_const,1
2266,$4000_vol,2
2266,$4004_duty,2
2266,$4004_const,1
2266,$4004_vol,8
2266,$4008_linear,127
2266,$400C_const,1
2266,$400C_vol,0
2266,$400E_period,13
2266,$400E_mode,0
2267,$4000_duty,1
2267,$4000_const,1
2267,$4000_vol,2
2267,$4004_duty,2
2267,$4004_const,1
2267,$4004_vol,7
2267,$4008_linear,127
2267,$400C_const,1
2267,$400C_vol,0
2267,$400E_period,13
2267,$400E_mode,0
2268,$4000_duty,1
2268,$4000_const,1
2268,$4000_vol,2
2268,$4004_duty,2
2268,$4004_const,1
2268,$4004_vol,6
2268,$4008_linear,127
2268,$400C_const,1
2268,$400C_vol,12
2268,$400E_period,8
2268,$400E_mode,0
2269,$4000_duty,1
2269,$4000_const,1
2269,$4000_vol,2
2269,$4004_duty,2
2269,$4004_const,1
2269,$4004_vol,5
2269,$4008_linear,127
2269,$400C_const,1
2269,$400C_vol,9
2269,$400E_period,8
2269,$400E_mode,0
2270,$4000_duty,1
2270,$4000_const,1
2270,$4000_vol,2
2270,$4004_duty,2
2270,$4004_const,1
2270,$4004_vol,4
2270,$4008_linear,127
2270,$400C_const,1
2270,$400C_vol,6
2270,$400E_period,8
2270,$400E_mode,0
2271,$4000_duty,1
2271,$4000_const,1
2271,$4000_vol,2
2271,$4004_duty,2
2271,$4004_const,1
2271,$4004_vol,3
2271,$4008_linear,127
2271,$400C_const,1
2271,$400C_vol,3
2271,$400E_period,8
2271,$400E_mode,0
2272,$4000_duty,1
2272,$4000_const,1
2272,$4000_vol,2
2272,$4004_duty,2
2272,$4004_const,1
2272,$4004_vol,2
2272,$4008_linear,0
2272,$400C_const,1
2272,$400C_vol,0
2272,$400E_period,8
2272,$400E_mode,0
2273,$4000_duty,1
2273,$4000_const,1
2273,$4000_vol,2
2273,$4004_duty,2
2273,$4004_const,1
2273,$4004_vol,1
2273,$4008_linear,0
2273,$400C_const,1
2273,$400C_vol,0
2273,$400E_period,8
2273,$400E_mode,0
2274,$4000_duty,1
2274,$4000_const,1
2274,$4000_vol,1
2274,$4004_duty,2
2274,$4004_const,1
2274,$4004_vol,1
2274,$400C_const,1
2274,$400C_vol,0
2274,$400E_period,8
2274,$400E_mode,0
2275,$4000_duty,1
2275,$4000_const,1
2275,$4000_vol,1
2275,$4004_duty,2
2275,$4004_const,1
2275,$4004_vol,2
2275,$4008_linear,127
2275,$400A_period,719
2275,$400B_length,9
2275,$400C_const,1
2275,$400C_vol,12
2275,$400E_period,13
2275,$400E_mode,0
2276,$4000_duty,1
2276,$4000_const,1
2276,$4000_vol,1
2276,$4004_duty,2
2276,$4004_const,1
2276,$4004_vol,3
2276,$4008_linear,127
2276,$400C_const,1
2276,$400C_vol,9
2276,$400E_period,13
2276,$400E_mode,0
2277,$4000_duty,1
2277,$4000_const,1
2277,$4000_vol,1
2277,$4004_duty,2
2277,$4004_const,1
2277,$4004_vol,5
2277,$4008_linear,127
2277,$400C_const,1
2277,$400C_vol,6
2277,$400E_period,13
2277,$400E_mode,0
2278,$4000_duty,1
2278,$4000_const,1
2278,$4000_vol,1
2278,$4004_duty,2
2278,$4004_const,1
2278,$4004_vol,6
2278,$4008_linear,127
2278,$400C_const,1
2278,$400C_vol,3
2278,$400E_period,13
2278,$400E_mode,0
2279,$4004_duty,0
2279,$4004_const,1
2279,$4004_vol,0
2279,$4001_sweep,8
2279,$4005_sweep,8
2279,$4000_duty,1
2279,$4000_const,1
2279,$4000_vol,1
2279,$4008_linear,127
2279,$400C_const,1
2279,$400C_vol,0
2279,$400E_period,13
2279,$400E_mode,0
2280,$4000_duty,1
2280,$4000_const,1
2280,$4000_vol,1
2280,$4008_linear,127
2280,$400C_const,1
2280,$400C_vol,0
2280,$400E_period,13
2280,$400E_mode,0
2281,$4000_duty,1
2281,$4000_const,1
2281,$4000_vol,1
2281,$4008_linear,0
2281,$400C_const,1
2281,$400C_vol,0
2281,$400E_period,13
2281,$400E_mode,0
2282,$4000_duty,1
2282,$4000_const,1
2282,$4000_vol,1
2282,$400C_const,1
2282,$400C_vol,0
2282,$400E_period,13
2282,$400E_mode,0
2283,$4000_duty,1
2283,$4000_const,1
2283,$4000_vol,1
2283,$4004_duty,2
2283,$4004_const,1
2283,$4004_vol,0
2283,$4006_period,679
2283,$4008_linear,127
2283,$400A_period,719
2283,$400B_length,9
2283,$400C_const,1
2283,$400C_vol,12
2283,$400E_period,13
2283,$400E_mode,0
2284,$4000_duty,1
2284,$4000_const,1
2284,$4000_vol,1
2284,$4008_linear,127
2284,$400C_const,1
2284,$400C_vol,9
2284,$400E_period,13
2284,$400E_mode,0
2285,$4000_duty,1
2285,$4000_const,1
2285,$4000_vol,1
2285,$4008_linear,127
2285,$400C_const,1
2285,$400C_vol,6
2285,$400E_period,13
2285,$400E_mode,0
2286,$4000_duty,1
2286,$4000_const,1
2286,$4000_vol,1
2286,$4008_linear,127
2286,$400C_const,1
2286,$400C_vol,3
2286,$400E_period,13
2286,$400E_mode,0
2287,$4000_duty,1
2287,$4000_const,1
2287,$4000_vol,1
2287,$4008_linear,127
2287,$400C_const,1
2287,$400C_vol,0
2287,$400E_period,13
2287,$400E_mode,0
2288,$4000_duty,1
2288,$4000_const,1
2288,$4000_vol,0
2288,$4008_linear,127
2288,$400C_const,1
2288,$400C_vol,0
2288,$400E_period,13
2288,$400E_mode,0
2289,$4000_duty,1
2289,$4000_const,1
2289,$4000_vol,0
2289,$4008_linear,127
2289,$400C_const,1
2289,$400C_vol,0
2289,$400E_period,13
2289,$400E_mode,0
2290,$4000_duty,1
2290,$4000_const,1
2290,$4000_vol,12
2290,$4002_period,539
2290,$400B_length,9
2290,$4004_duty,2
2290,$4004_const,1
2290,$4004_vol,12
2290,$4006_period,907
2290,$4008_linear,127
2290,$400C_const,1
2290,$400C_vol,0
2290,$400E_period,13
2290,$400E_mode,0
2291,$4000_duty,1
2291,$4000_const,1
2291,$4000_vol,11
2291,$4004_duty,2
2291,$4004_const,1
2291,$4004_vol,11
2291,$4008_linear,127
2291,$400C_const,1
2291,$400C_vol,0
2291,$400E_period,13
2291,$400E_mode,0
2292,$4000_duty,1
2292,$4000_const,1
2292,$4000_vol,11
2292,$4004_duty,2
2292,$4004_const,1
2292,$4004_vol,11
2292,$4008_linear,127
2292,$400C_const,1
2292,$400C_vol,0
2292,$400E_period,13
2292,$400E_mode,0
2293,$4000_duty,1
2293,$4000_const,1
2293,$4000_vol,11
2293,$4004_duty,2
2293,$4004_const,1
2293,$4004_vol,11
2293,$4008_linear,127
2293,$400C_const,1
2293,$400C_vol,0
2293,$400E_period,13
2293,$400E_mode,0
2294,$4000_duty,1
2294,$4000_const,1
2294,$4000_vol,11
2294,$4004_duty,2
2294,$4004_const,1
2294,$4004_vol,11
2294,$4008_linear,127
2294,$400C_const,1
2294,$400C_vol,0
2294,$400E_period,13
2294,$400E_mode,0
2295,$4000_duty,1
2295,$4000_const,1
2295,$4000_vol,10
2295,$4004_duty,2
2295,$4004_const,1
2295,$4004_vol,10
2295,$4008_linear,0
2295,$400C_const,1
2295,$400C_vol,0
2295,$400E_period,13
2295,$400E_mode,0
2296,$4000_duty,1
2296,$4000_const,1
2296,$4000_vol,10
2296,$4004_duty,2
2296,$4004_const,1
2296,$4004_vol,10
2296,$400C_const,1
2296,$400C_vol,0
2296,$400E_period,13
2296,$400E_mode,0
2297,$4000_duty,1
2297,$4000_const,1
2297,$4000_vol,9
2297,$4004_duty,2
2297,$4004_const,1
2297,$4004_vol,9
2298,$4000_duty,1
2298,$4000_const,1
2298,$4000_vol,12
2298,$4002_period,571
2298,$400B_length,9
2298,$4004_duty,2
2298,$4004_const,1
2298,$4004_vol,12
2298,$4006_period,961
2298,$4008_linear,127
2298,$400A_period,719
2298,$400B_length,9
2298,$400C_const,1
2298,$400C_vol,12
2298,$400E_period,8
2298,$400E_mode,0
2299,$4000_duty,1
2299,$4000_const,1
2299,$4000_vol,11
2299,$4004_duty,2
2299,$4004_const,1
2299,$4004_vol,11
2299,$4008_linear,127
2299,$400C_const,1
2299,$400C_vol,9
2299,$400E_period,8
2299,$400E_mode,0
2300,$4000_duty,1
2300,$4000_const,1
2300,$4000_vol,11
2300,$4004_duty,2
2300,$4004_const,1
2300,$4004_vol,11
2300,$4008_linear,127
2300,$400C_const,1
2300,$400C_vol,6
2300,$400E_period,8
2300,$400E_mode,0
2301,$4000_duty,1
2301,$4000_const,1
2301,$4000_vol,11
2301,$4004_duty,2
2301,$4004_const,1
2301,$4004_vol,11
2301,$4008_linear,127
2301,$400C_const,1
2301,$400C_vol,3
2301,$400E_period,8
2301,$400E_mode,0
2302,$4000_duty,1
2302,$4000_const,1
2302,$4000_vol,11
2302,$4004_duty,2
2302,$4004_const,1
2302,$4004_vol,11
2302,$4008_linear,127
2302,$400C_const,1
2302,$400C_vol,0
2302,$400E_period,8
2302,$400E_mode,0
2303,$4000_duty,1
2303,$4000_const,1
2303,$4000_vol,10
2303,$4004_duty,2
2303,$4004_const,1
2303,$4004_vol,10
2303,$4008_linear,127
2303,$400C_const,1
2303,$400C_vol,0
2303,$400E_period,8
2303,$400E_mode,0
2304,$4000_duty,1
2304,$4000_const,1
2304,$4000_vol,10
2304,$4004_duty,2
2304,$4004_const,1
2304,$4004_vol,10
2304,$4008_linear,127
2304,$400C_const,1
2304,$400C_vol,0
2304,$400E_period,8
2304,$400E_mode,0
2305,$4000_duty,1
2305,$4000_const,1
2305,$4000_vol,12
2305,$4002_period,641
2305,$400B_length,9
2305,$4004_duty,2
2305,$4004_const,1
2305,$4004_vol,12
2305,$4006_period,1077
2305,$4008_linear,127
2305,$400C_const,1
2305,$400C_vol,0
2305,$400E_period,8
2305,$400E_mode,0
2306,$4000_duty,1
2306,$4000_const,1
2306,$4000_vol,11
2306,$4004_duty,2
2306,$4004_const,1
2306,$4004_vol,11
2306,$4008_linear,127
2306,$400C_const,1
2306,$400C_vol,0
2306,$400E_period,8
2306,$400E_mode,0
2307,$4000_duty,1
2307,$4000_const,1
2307,$4000_vol,11
2307,$4004_duty,2
2307,$4004_const,1
2307,$4004_vol,11
2307,$4008_linear,127
2307,$400C_const,1
2307,$400C_vol,0
2307,$400E_period,8
2307,$400E_mode,0
2308,$4000_duty,1
2308,$4000_const,1
2308,$4000_vol,11
2308,$4004_duty,2
2308,$4004_const,1
2308,$4004_vol,11
2308,$4008_linear,127
2308,$400C_const,1
2308,$400C_vol,0
2308,$400E_period,8
2308,$400E_mode,0
2309,$4000_duty,1
2309,$4000_const,1
2309,$4000_vol,11
2309,$4004_duty,2
2309,$4004_const,1
2309,$4004_vol,11
2309,$4008_linear,127
2309,$400C_const,1
2309,$400C_vol,0
2309,$400E_period,8
2309,$400E_mode,0
2310,$4000_duty,1
2310,$4000_const,1
2310,$4000_vol,10
2310,$4004_duty,2
2310,$4004_const,1
2310,$4004_vol,10
2310,$4008_linear,0
2310,$400C_const,1
2310,$400C_vol,0
2310,$400E_period,8
2310,$400E_mode,0
2311,$4000_duty,1
2311,$4000_const,1
2311,$4000_vol,10
2311,$4004_duty,2
2311,$4004_const,1
2311,$4004_vol,10
2311,$400C_const,1
2311,$400C_vol,0
2311,$400E_period,8
2311,$400E_mode,0
2312,$4000_duty,1
2312,$4000_const,1
2312,$4000_vol,9
2312,$4004_duty,2
2312,$4004_const,1
2312,$4004_vol,9
2313,$4000_duty,1
2313,$4000_const,1
2313,$4000_vol,12
2313,$4002_period,719
2313,$400B_length,9
2313,$4004_duty,2
2313,$4004_const,1
2313,$4004_vol,12
2313,$4006_period,1141
2313,$4008_linear,127
2313,$400A_period,719
2313,$400B_length,9
2313,$400C_const,1
2313,$400C_vol,12
2313,$400E_period,13
2313,$400E_mode,0
2314,$4000_duty,1
2314,$4000_const,1
2314,$4000_vol,11
2314,$4004_duty,2
2314,$4004_const,1
2314,$4004_vol,11
2314,$4008_linear,127
2314,$400C_const,1
2314,$400C_vol,9
2314,$400E_period,13
2314,$400E_mode,0
2315,$4000_duty,1
2315,$4000_const,1
2315,$4000_vol,11
2315,$4004_duty,2
2315,$4004_const,1
2315,$4004_vol,11
2315,$4008_linear,127
2315,$400C_const,1
2315,$400C_vol,6
2315,$400E_period,13
2315,$400E_mode,0
2316,$4000_duty,1
2316,$4000_const,1
2316,$4000_vol,11
2316,$4004_duty,2
2316,$4004_const,1
2316,$4004_vol,11
2316,$4008_linear,127
2316,$400C_const,1
2316,$400C_vol,3
2316,$400E_period,13
2316,$400E_mode,0
2317,$4000_duty,1
2317,$4000_const,1
2317,$4000_vol,11
2317,$4004_duty,2
2317,$4004_const,1
2317,$4004_vol,11
2317,$4008_linear,127
2317,$400C_const,1
2317,$400C_vol,0
2317,$400E_period,13
2317,$400E_mode,0
2318,$4000_duty,1
2318,$4000_const,1
2318,$4000_vol,11
2318,$4004_duty,2
2318,$4004_const,1
2318,$4004_vol,11
2318,$4008_linear,127
2318,$400C_const,1
2318,$400C_vol,0
2318,$400E_period,13
2318,$400E_mode,0
2319,$4000_duty,1
2319,$4000_const,1
2319,$4000_vol,11
2319,$4004_duty,2
2319,$4004_const,1
2319,$4004_vol,11
2319,$4008_linear,127
2319,$400C_const,1
2319,$400C_vol,0
2319,$400E_period,13
2319,$400E_mode,0
2320,$4000_duty,1
2320,$4000_const,1
2320,$4000_vol,11
2320,$4004_duty,2
2320,$4004_const,1
2320,$4004_vol,11
2320,$4008_linear,127
2320,$400C_const,1
2320,$400C_vol,0
2320,$400E_period,13
2320,$400E_mode,0
2321,$4000_duty,1
2321,$4000_const,1
2321,$4000_vol,11
2321,$4004_duty,2
2321,$4004_const,1
2321,$4004_vol,11
2321,$4008_linear,127
2321,$400C_const,1
2321,$400C_vol,0
2321,$400E_period,13
2321,$400E_mode,0
2322,$4000_duty,1
2322,$4000_const,1
2322,$4000_vol,10
2322,$4004_duty,2
2322,$4004_const,1
2322,$4004_vol,10
2322,$4008_linear,127
2322,$400C_const,1
2322,$400C_vol,0
2322,$400E_period,13
2322,$400E_mode,0
2323,$4000_duty,1
2323,$4000_const,1
2323,$4000_vol,10
2323,$4004_duty,2
2323,$4004_const,1
2323,$4004_vol,10
2323,$4008_linear,127
2323,$400C_const,1
2323,$400C_vol,0
2323,$400E_period,13
2323,$400E_mode,0
2324,$4000_duty,1
2324,$4000_const,1
2324,$4000_vol,10
2324,$4004_duty,2
2324,$4004_const,1
2324,$4004_vol,10
2324,$4008_linear,127
2324,$400C_const,1
2324,$400C_vol,0
2324,$400E_period,13
2324,$400E_mode,0
2325,$4000_duty,1
2325,$4000_const,1
2325,$4000_vol,10
2325,$4004_duty,2
2325,$4004_const,1
2325,$4004_vol,10
2325,$4008_linear,0
2325,$400C_const,1
2325,$400C_vol,0
2325,$400E_period,13
2325,$400E_mode,0
2326,$4000_duty,1
2326,$4000_const,1
2326,$4000_vol,10
2326,$4004_duty,2
2326,$4004_const,1
2326,$4004_vol,10
2326,$400C_const,1
2326,$400C_vol,0
2326,$400E_period,13
2326,$400E_mode,0
2327,$4000_duty,1
2327,$4000_const,1
2327,$4000_vol,10
2327,$4004_duty,2
2327,$4004_const,1
2327,$4004_vol,10
2327,$400C_const,1
2327,$400C_vol,0
2327,$400E_period,13
2327,$400E_mode,0
2328,$4000_duty,1
2328,$4000_const,1
2328,$4000_vol,10
2328,$4004_duty,2
2328,$4004_const,1
2328,$4004_vol,10
2328,$4008_linear,127
2328,$400A_period,719
2328,$400B_length,9
2328,$400C_const,1
2328,$400C_vol,12
2328,$400E_period,8
2328,$400E_mode,0
2329,$4000_duty,1
2329,$4000_const,1
2329,$4000_vol,10
2329,$4004_duty,2
2329,$4004_const,1
2329,$4004_vol,10
2329,$4008_linear,127
2329,$400C_const,1
2329,$400C_vol,9
2329,$400E_period,8
2329,$400E_mode,0
2330,$4000_duty,1
2330,$4000_const,1
2330,$4000_vol,9
2330,$4004_duty,2
2330,$4004_const,1
2330,$4004_vol,9
2330,$4008_linear,127
2330,$400C_const,1
2330,$400C_vol,6
2330,$400E_period,8
2330,$400E_mode,0
2331,$4000_duty,1
2331,$4000_const,1
2331,$4000_vol,9
2331,$4004_duty,2
2331,$4004_const,1
2331,$4004_vol,9
2331,$4008_linear,127
2331,$400C_const,1
2331,$400C_vol,3
2331,$400E_period,8
2331,$400E_mode,0
2332,$4000_duty,1
2332,$4000_const,1
2332,$4000_vol,9
2332,$4004_duty,2
2332,$4004_const,1
2332,$4004_vol,9
2332,$4008_linear,127
2332,$400C_const,1
2332,$400C_vol,0
2332,$400E_period,8
2332,$400E_mode,0
2333,$4000_duty,1
2333,$4000_const,1
2333,$4000_vol,9
2333,$4004_duty,2
2333,$4004_const,1
2333,$4004_vol,9
2333,$4008_linear,127
2333,$400C_const,1
2333,$400C_vol,0
2333,$400E_period,8
2333,$400E_mode,0
2334,$4000_duty,1
2334,$4000_const,1
2334,$4000_vol,9
2334,$4004_duty,2
2334,$4004_const,1
2334,$4004_vol,9
2334,$4008_linear,127
2334,$400C_const,1
2334,$400C_vol,0
2334,$400E_period,8
2334,$400E_mode,0
2335,$4000_duty,1
2335,$4000_const,1
2335,$4000_vol,9
2335,$4004_duty,2
2335,$4004_const,1
2335,$4004_vol,9
2335,$4008_linear,127
2335,$400C_const,1
2335,$400C_vol,0
2335,$400E_period,8
2335,$400E_mode,0
2336,$4000_duty,1
2336,$4000_const,1
2336,$4000_vol,9
2336,$4004_duty,2
2336,$4004_const,1
2336,$4004_vol,9
2336,$4008_linear,127
2336,$400C_const,1
2336,$400C_vol,0
2336,$400E_period,8
2336,$400E_mode,0
2337,$4000_duty,1
2337,$4000_const,1
2337,$4000_vol,9
2337,$4004_duty,2
2337,$4004_const,1
2337,$4004_vol,9
2337,$4008_linear,127
2337,$400C_const,1
2337,$400C_vol,0
2337,$400E_period,8
2337,$400E_mode,0
2338,$4000_duty,1
2338,$4000_const,1
2338,$4000_vol,8
2338,$4004_duty,2
2338,$4004_const,1
2338,$4004_vol,8
2338,$4008_linear,127
2338,$400C_const,1
2338,$400C_vol,0
2338,$400E_period,8
2338,$400E_mode,0
2339,$4000_duty,1
2339,$4000_const,1
2339,$4000_vol,8
2339,$4004_duty,2
2339,$4004_const,1
2339,$4004_vol,8
2339,$4008_linear,127
2339,$400C_const,1
2339,$400C_vol,0
2339,$400E_period,8
2339,$400E_mode,0
2340,$4000_duty,1
2340,$4000_const,1
2340,$4000_vol,8
2340,$4004_duty,2
2340,$4004_const,1
2340,$4004_vol,8
2340,$4008_linear,0
2340,$400C_const,1
2340,$400C_vol,0
2340,$400E_period,8
2340,$400E_mode,0
2341,$4000_duty,1
2341,$4000_const,1
2341,$4000_vol,8
2341,$4004_duty,2
2341,$4004_const,1
2341,$4004_vol,8
2341,$400C_const,1
2341,$400C_vol,0
2341,$400E_period,8
2341,$400E_mode,0
2342,$4000_duty,1
2342,$4000_const,1
2342,$4000_vol,8
2342,$4004_duty,2
2342,$4004_const,1
2342,$4004_vol,8
2342,$400C_const,1
2342,$400C_vol,0
2342,$400E_period,8
2342,$400E_mode,0
2343,$4000_duty,1
2343,$4000_const,1
2343,$4000_vol,8
2343,$4004_duty,2
2343,$4004_const,1
2343,$4004_vol,8
2343,$4008_linear,127
2343,$400A_period,719
2343,$400B_length,9
2343,$400C_const,1
2343,$400C_vol,12
2343,$400E_period,13
2343,$400E_mode,0
2344,$4000_duty,1
2344,$4000_const,1
2344,$4000_vol,8
2344,$4004_duty,2
2344,$4004_const,1
2344,$4004_vol,8
2344,$4008_linear,127
2344,$400C_const,1
2344,$400C_vol,9
2344,$400E_period,13
2344,$400E_mode,0
2345,$4000_duty,1
2345,$4000_const,1
2345,$4000_vol,8
2345,$4004_duty,2
2345,$4004_const,1
2345,$4004_vol,8
2345,$4008_linear,127
2345,$400C_const,1
2345,$400C_vol,6
2345,$400E_period,13
2345,$400E_mode,0
2346,$4000_duty,1
2346,$4000_const,1
2346,$4000_vol,7
2346,$4004_duty,2
2346,$4004_const,1
2346,$4004_vol,7
2346,$4008_linear,127
2346,$400C_const,1
2346,$400C_vol,3
2346,$400E_period,13
2346,$400E_mode,0
2347,$4000_duty,1
2347,$4000_const,1
2347,$4000_vol,7
2347,$4004_duty,2
2347,$4004_const,1
2347,$4004_vol,7
2347,$4008_linear,127
2347,$400C_const,1
2347,$400C_vol,0
2347,$400E_period,13
2347,$400E_mode,0
2348,$4000_duty,1
2348,$4000_const,1
2348,$4000_vol,7
2348,$4004_duty,2
2348,$4004_const,1
2348,$4004_vol,7
2348,$4008_linear,127
2348,$400C_const,1
2348,$400C_vol,0
2348,$400E_period,13
2348,$400E_mode,0
2349,$4000_duty,1
2349,$4000_const,1
2349,$4000_vol,7
2349,$4004_duty,2
2349,$4004_const,1
2349,$4004_vol,7
2349,$4008_linear,127
2349,$400C_const,1
2349,$400C_vol,0
2349,$400E_period,13
2349,$400E_mode,0
2350,$4000_duty,1
2350,$4000_const,1
2350,$4000_vol,7
2350,$4004_duty,2
2350,$4004_const,1
2350,$4004_vol,7
2350,$4008_linear,127
2350,$400C_const,1
2350,$400C_vol,0
2350,$400E_period,13
2350,$400E_mode,0
2351,$4000_duty,1
2351,$4000_const,1
2351,$4000_vol,7
2351,$4004_duty,2
2351,$4004_const,1
2351,$4004_vol,7
2351,$4008_linear,127
2351,$400C_const,1
2351,$400C_vol,0
2351,$400E_period,13
2351,$400E_mode,0
2352,$4000_duty,1
2352,$4000_const,1
2352,$4000_vol,7
2352,$4004_duty,2
2352,$4004_const,1
2352,$4004_vol,7
2352,$4008_linear,127
2352,$400C_const,1
2352,$400C_vol,0
2352,$400E_period,13
2352,$400E_mode,0
2353,$4000_duty,1
2353,$4000_const,1
2353,$4000_vol,7
2353,$4004_duty,2
2353,$4004_const,1
2353,$4004_vol,7
2353,$4008_linear,127
2353,$400C_const,1
2353,$400C_vol,0
2353,$400E_period,13
2353,$400E_mode,0
2354,$4000_duty,1
2354,$4000_const,1
2354,$4000_vol,6
2354,$4004_duty,2
2354,$4004_const,1
2354,$4004_vol,6
2354,$4008_linear,127
2354,$400C_const,1
2354,$400C_vol,0
2354,$400E_period,13
2354,$400E_mode,0
2355,$4000_duty,1
2355,$4000_const,1
2355,$4000_vol,6
2355,$4004_duty,2
2355,$4004_const,1
2355,$4004_vol,6
2355,$4008_linear,127
2355,$400C_const,1
2355,$400C_vol,0
2355,$400E_period,13
2355,$400E_mode,0
2356,$4000_duty,1
2356,$4000_const,1
2356,$4000_vol,6
2356,$4004_duty,2
2356,$4004_const,1
2356,$4004_vol,6
2356,$4008_linear,127
2356,$400C_const,1
2356,$400C_vol,0
2356,$400E_period,13
2356,$400E_mode,0
2357,$4000_duty,1
2357,$4000_const,1
2357,$4000_vol,6
2357,$4004_duty,2
2357,$4004_const,1
2357,$4004_vol,6
2357,$4008_linear,127
2357,$400C_const,1
2357,$400C_vol,0
2357,$400E_period,13
2357,$400E_mode,0
2358,$4000_duty,1
2358,$4000_const,1
2358,$4000_vol,6
2358,$4004_duty,2
2358,$4004_const,1
2358,$4004_vol,6
2358,$4008_linear,127
2358,$400C_const,1
2358,$400C_vol,12
2358,$400E_period,8
2358,$400E_mode,0
2359,$4000_duty,1
2359,$4000_const,1
2359,$4000_vol,6
2359,$4004_duty,2
2359,$4004_const,1
2359,$4004_vol,6
2359,$4008_linear,127
2359,$400C_const,1
2359,$400C_vol,9
2359,$400E_period,8
2359,$400E_mode,0
2360,$4000_duty,1
2360,$4000_const,1
2360,$4000_vol,6
2360,$4004_duty,2
2360,$4004_const,1
2360,$4004_vol,6
2360,$4008_linear,127
2360,$400C_const,1
2360,$400C_vol,6
2360,$400E_period,8
2360,$400E_mode,0
2361,$4000_duty,1
2361,$4000_const,1
2361,$4000_vol,6
2361,$4004_duty,2
2361,$4004_const,1
2361,$4004_vol,6
2361,$4008_linear,0
2361,$400C_const,1
2361,$400C_vol,3
2361,$400E_period,8
2361,$400E_mode,0
2362,$4000_duty,1
2362,$4000_const,1
2362,$4000_vol,5
2362,$4004_duty,2
2362,$4004_const,1
2362,$4004_vol,5
2362,$4008_linear,0
2362,$400C_const,1
2362,$400C_vol,0
2362,$400E_period,8
2362,$400E_mode,0
2363,$4000_duty,1
2363,$4000_const,1
2363,$4000_vol,5
2363,$4004_duty,2
2363,$4004_const,1
2363,$4004_vol,5
2363,$400C_const,1
2363,$400C_vol,0
2363,$400E_period,8
2363,$400E_mode,0
2364,$4000_duty,1
2364,$4000_const,1
2364,$4000_vol,5
2364,$4004_duty,2
2364,$4004_const,1
2364,$4004_vol,5
2364,$400C_const,1
2364,$400C_vol,0
2364,$400E_period,8
2364,$400E_mode,0
2365,$4000_duty,1
2365,$4000_const,1
2365,$4000_vol,5
2365,$4004_duty,2
2365,$4004_const,1
2365,$4004_vol,5
2365,$4008_linear,127
2365,$400A_period,719
2365,$400B_length,9
2365,$400C_const,1
2365,$400C_vol,12
2365,$400E_period,13
2365,$400E_mode,0
2366,$4000_duty,1
2366,$4000_const,1
2366,$4000_vol,5
2366,$4004_duty,2
2366,$4004_const,1
2366,$4004_vol,5
2366,$4008_linear,127
2366,$400C_const,1
2366,$400C_vol,9
2366,$400E_period,13
2366,$400E_mode,0
2367,$4000_duty,1
2367,$4000_const,1
2367,$4000_vol,5
2367,$4004_duty,2
2367,$4004_const,1
2367,$4004_vol,5
2367,$4008_linear,127
2367,$400C_const,1
2367,$400C_vol,6
2367,$400E_period,13
2367,$400E_mode,0
2368,$4000_duty,1
2368,$4000_const,1
2368,$4000_vol,5
2368,$4004_duty,2
2368,$4004_const,1
2368,$4004_vol,5
2368,$4008_linear,127
2368,$400C_const,1
2368,$400C_vol,3
2368,$400E_period,13
2368,$400E_mode,0
2369,$4000_duty,1
2369,$4000_const,1
2369,$4000_vol,5
2369,$4004_duty,2
2369,$4004_const,1
2369,$4004_vol,5
2369,$4008_linear,127
2369,$400C_const,1
2369,$400C_vol,0
2369,$400E_period,13
2369,$400E_mode,0
2370,$4000_duty,1
2370,$4000_const,1
2370,$4000_vol,4
2370,$4004_duty,2
2370,$4004_const,1
2370,$4004_vol,4
2370,$4008_linear,127
2370,$400C_const,1
2370,$400C_vol,0
2370,$400E_period,13
2370,$400E_mode,0
2371,$4000_duty,1
2371,$4000_const,1
2371,$4000_vol,4
2371,$4004_duty,2
2371,$4004_const,1
2371,$4004_vol,4
2371,$4008_linear,127
2371,$400C_const,1
2371,$400C_vol,0
2371,$400E_period,13
2371,$400E_mode,0
2372,$4000_duty,1
2372,$4000_const,1
2372,$4000_vol,4
2372,$4004_duty,2
2372,$4004_const,1
2372,$4004_vol,4
2372,$4008_linear,127
2372,$400C_const,1
2372,$400C_vol,0
2372,$400E_period,13
2372,$400E_mode,0
2373,$4000_duty,1
2373,$4000_const,1
2373,$4000_vol,4
2373,$4004_duty,2
2373,$4004_const,1
2373,$4004_vol,4
2373,$4008_linear,127
2373,$400C_const,1
2373,$400C_vol,0
2373,$400E_period,13
2373,$400E_mode,0
2374,$4000_duty,1
2374,$4000_const,1
2374,$4000_vol,4
2374,$4004_duty,2
2374,$4004_const,1
2374,$4004_vol,4
2374,$4008_linear,127
2375,$4000_duty,1
2375,$4000_const,1
2375,$4000_vol,4
2375,$4004_duty,2
2375,$4004_const,1
2375,$4004_vol,4
2375,$4008_linear,127
2376,$4000_duty,1
2376,$4000_const,1
2376,$4000_vol,4
2376,$4004_duty,2
2376,$4004_const,1
2376,$4004_vol,4
2376,$4008_linear,127
2377,$4000_duty,1
2377,$4000_const,1
2377,$4000_vol,4
2377,$4004_duty,2
2377,$4004_const,1
2377,$4004_vol,4
2377,$4008_linear,0
2378,$4000_duty,1
2378,$4000_const,1
2378,$4000_vol,3
2378,$4004_duty,2
2378,$4004_const,1
2378,$4004_vol,3
2378,$4008_linear,0
2379,$4000_duty,1
2379,$4000_const,1
2379,$4000_vol,3
2379,$4004_duty,2
2379,$4004_const,1
2379,$4004_vol,3
2380,$4000_duty,1
2380,$4000_const,1
2380,$4000_vol,3
2380,$4004_duty,2
2380,$4004_const,1
2380,$4004_vol,3
2380,$4008_linear,127
2380,$400A_period,719
2380,$400B_length,9
2380,$400C_const,1
2380,$400C_vol,12
2380,$400E_period,13
2380,$400E_mode,0
2381,$4000_duty,1
2381,$4000_const,1
2381,$4000_vol,3
2381,$4004_duty,2
2381,$4004_const,1
2381,$4004_vol,3
2381,$4008_linear,127
2381,$400C_const,1
2381,$400C_vol,9
2381,$400E_period,13
2381,$400E_mode,0
2382,$4000_duty,1
2382,$4000_const,1
2382,$4000_vol,3
2382,$4004_duty,2
2382,$4004_const,1
2382,$4004_vol,3
2382,$4008_linear,127
2382,$400C_const,1
2382,$400C_vol,6
2382,$400E_period,13
2382,$400E_mode,0
2383,$4000_duty,1
2383,$4000_const,1
2383,$4000_vol,3
2383,$4004_duty,2
2383,$4004_const,1
2383,$4004_vol,3
2383,$4008_linear,127
2383,$400C_const,1
2383,$400C_vol,3
2383,$400E_period,13
2383,$400E_mode,0
2384,$4000_duty,1
2384,$4000_const,1
2384,$4000_vol,3
2384,$4004_duty,2
2384,$4004_const,1
2384,$4004_vol,3
2384,$4008_linear,127
2384,$400C_const,1
2384,$400C_vol,0
2384,$400E_period,13
2384,$400E_mode,0
2385,$4000_duty,1
2385,$4000_const,1
2385,$4000_vol,3
2385,$4004_duty,2
2385,$4004_const,1
2385,$4004_vol,3
2385,$4008_linear,127
2385,$400C_const,1
2385,$400C_vol,0
2385,$400E_period,13
2385,$400E_mode,0
2386,$4000_duty,1
2386,$4000_const,1
2386,$4000_vol,2
2386,$4004_duty,2
2386,$4004_const,1
2386,$4004_vol,2
2386,$4008_linear,127
2386,$400C_const,1
2386,$400C_vol,0
2386,$400E_period,13
2386,$400E_mode,0
2387,$4004_duty,0
2387,$4004_const,1
2387,$4004_vol,0
2387,$4001_sweep,8
2387,$4005_sweep,8
2387,$4000_duty,1
2387,$4000_const,1
2387,$4000_vol,2
2387,$4008_linear,127
2387,$400C_const,1
2387,$400C_vol,0
2387,$400E_period,13
2387,$400E_mode,0
2388,$4000_duty,1
2388,$4000_const,1
2388,$4000_vol,2
2388,$4004_duty,2
2388,$4004_const,1
2388,$4004_vol,15
2388,$4006_period,481
2388,$4008_linear,127
2388,$400C_const,1
2388,$400C_vol,12
2388,$400E_period,8
2388,$400E_mode,0
2389,$4000_duty,1
2389,$4000_const,1
2389,$4000_vol,2
2389,$4004_duty,2
2389,$4004_const,1
2389,$4004_vol,14
2389,$4008_linear,127
2389,$400C_const,1
2389,$400C_vol,9
2389,$400E_period,8
2389,$400E_mode,0
2390,$400C_const,1
2390,$400C_vol,0
2390,$4001_sweep,8
2390,$4005_sweep,8
2390,$4000_duty,1
2390,$4000_const,1
2390,$4000_vol,2
2390,$4008_linear,127
2391,$4000_duty,1
2391,$4000_const,1
2391,$4000_vol,2
2391,$4004_duty,2
2391,$4004_const,1
2391,$4004_vol,15
2391,$4006_period,61
2391,$4008_linear,127
2391,$400C_const,1
2391,$400C_vol,13
2391,$400E_period,7
2391,$400E_mode,0
2392,$4000_duty,1
2392,$4000_const,1
2392,$4000_vol,2
2392,$4004_duty,2
2392,$4004_const,1
2392,$4004_vol,14
2392,$4008_linear,0
2392,$400C_const,1
2392,$400C_vol,12
2392,$400E_period,7
2392,$400E_mode,0
2393,$4000_duty,1
2393,$4000_const,1
2393,$4000_vol,2
2393,$4004_duty,2
2393,$4004_const,1
2393,$4004_vol,13
2393,$4008_linear,0
2393,$400C_const,1
2393,$400C_vol,11
2393,$400E_period,7
2393,$400E_mode,0
2394,$4000_duty,1
2394,$4000_const,1
2394,$4000_vol,1
2394,$4004_duty,2
2394,$4004_const,1
2394,$4004_vol,12
2394,$400C_const,1
2394,$400C_vol,10
2394,$400E_period,7
2394,$400E_mode,0
2395,$4000_duty,1
2395,$4000_const,1
2395,$4000_vol,1
2395,$4004_duty,2
2395,$4004_const,1
2395,$4004_vol,11
2395,$4008_linear,127
2395,$400A_period,719
2395,$400B_length,9
2395,$400C_const,1
2395,$400C_vol,9
2395,$400E_period,7
2395,$400E_mode,0
2396,$4000_duty,1
2396,$4000_const,1
2396,$4000_vol,1
2396,$4004_duty,2
2396,$4004_const,1
2396,$4004_vol,10
2396,$4008_linear,127
2396,$400C_const,1
2396,$400C_vol,8
2396,$400E_period,8
2396,$400E_mode,0
2397,$4000_duty,1
2397,$4000_const,1
2397,$4000_vol,1
2397,$4004_duty,2
2397,$4004_const,1
2397,$4004_vol,9
2397,$4008_linear,127
2397,$400C_const,1
2397,$400C_vol,7
2397,$400E_period,8
2397,$400E_mode,0
2398,$4000_duty,1
2398,$4000_const,1
2398,$4000_vol,1
2398,$4004_duty,2
2398,$4004_const,1
2398,$4004_vol,8
2398,$4008_linear,127
2398,$400C_const,1
2398,$400C_vol,6
2398,$400E_period,8
2398,$400E_mode,0
2399,$4000_duty,1
2399,$4000_const,1
2399,$4000_vol,1
2399,$4004_duty,2
2399,$4004_const,1
2399,$4004_vol,7
2399,$4008_linear,127
2399,$400C_const,1
2399,$400C_vol,5
2399,$400E_period,8
2399,$400E_mode,0
2400,$4000_duty,1
2400,$4000_const,1
2400,$4000_vol,1
2400,$4004_duty,2
2400,$4004_const,1
2400,$4004_vol,6
2400,$4008_linear,127
2400,$400C_const,1
2400,$400C_vol,4
2400,$400E_period,9
2400,$400E_mode,0
2401,$4000_duty,1
2401,$4000_const,1
2401,$4000_vol,1
2401,$4004_duty,2
2401,$4004_const,1
2401,$4004_vol,5
2401,$4008_linear,0
2401,$400C_const,1
2401,$400C_vol,3
2401,$400E_period,9
2401,$400E_mode,0
2402,$4000_duty,1
2402,$4000_const,1
2402,$4000_vol,0
2402,$4004_duty,2
2402,$4004_const,1
2402,$4004_vol,4
2402,$4008_linear,0
2402,$400C_const,1
2402,$400C_vol,2
2402,$400E_period,9
2402,$400E_mode,0
2403,$4000_duty,1
2403,$4000_const,1
2403,$4000_vol,0
2403,$4004_duty,2
2403,$4004_const,1
2403,$4004_vol,3
2403,$4008_linear,127
2403,$400A_period,719
2403,$400B_length,9
2403,$400C_const,1
2403,$400C_vol,1
2403,$400E_period,9
2403,$400E_mode,0
2404,$4000_duty,1
2404,$4000_const,1
2404,$4000_vol,0
2404,$4004_duty,2
2404,$4004_const,1
2404,$4004_vol,2
2404,$4008_linear,127
2404,$400C_const,1
2404,$400C_vol,0
2404,$400E_period,10
2404,$400E_mode,0
2405,$4000_duty,1
2405,$4000_const,1
2405,$4000_vol,0
2405,$4004_duty,2
2405,$4004_const,1
2405,$4004_vol,1
2405,$4008_linear,127
2405,$400C_const,1
2405,$400C_vol,0
2405,$400E_period,10
2405,$400E_mode,0
2406,$4004_duty,0
2406,$4004_const,1
2406,$4004_vol,0
2406,$400C_const,1
2406,$400C_vol,0
2406,$4001_sweep,8
2406,$4005_sweep,8
2406,$4000_duty,1
2406,$4000_const,1
2406,$4000_vol,0
2406,$4004_duty,2
2406,$4004_const,1
2406,$4004_vol,0
2406,$4006_period,1141
2406,$4008_linear,127
2406,$400C_const,1
2406,$400C_vol,3
2406,$400E_period,13
2406,$400E_mode,0
2407,$4000_duty,1
2407,$4000_const,1
2407,$4000_vol,0
2407,$4004_duty,2
2407,$4004_const,1
2407,$4004_vol,0
2407,$4008_linear,127
2407,$400C_const,1
2407,$400C_vol,0
2407,$400E_period,13
2407,$400E_mode,0
2408,$4000_duty,1
2408,$4000_const,1
2408,$4000_vol,0
2408,$4004_duty,2
2408,$4004_const,1
2408,$4004_vol,0
2408,$4008_linear,127
2408,$400C_const,1
2408,$400C_vol,0
2408,$400E_period,13
2408,$400E_mode,0
2409,$4008_linear,127
2409,$400C_const,1
2409,$400C_vol,0
2409,$400E_period,13
2409,$400E_mode,0
2410,$4008_linear,127
2410,$400C_const,1
2410,$400C_vol,0
2410,$400E_period,13
2410,$400E_mode,0
2411,$4008_linear,127
2411,$400C_const,1
2411,$400C_vol,0
2411,$400E_period,13
2411,$400E_mode,0
2412,$4008_linear,127
2412,$400C_const,1
2412,$400C_vol,0
2412,$400E_period,13
2412,$400E_mode,0
2413,$4008_linear,127
2413,$400C_const,1
2413,$400C_vol,0
2413,$400E_period,13
2413,$400E_mode,0
2414,$4008_linear,127
2414,$400C_const,1
2414,$400C_vol,0
2414,$400E_period,13
2414,$400E_mode,0
2415,$4008_linear,0
2415,$400C_const,1
2415,$400C_vol,0
2415,$400E_period,13
2415,$400E_mode,0
2416,$400C_const,1
2416,$400C_vol,0
2416,$400E_period,13
2416,$400E_mode,0
2417,$400C_const,1
2417,$400C_vol,0
2417,$400E_period,13
2417,$400E_mode,0
2418,$4008_linear,127
2418,$400A_period,719
2418,$400B_length,9
2418,$400C_const,1
2418,$400C_vol,12
2418,$400E_period,8
2418,$400E_mode,0
2419,$4008_linear,127
2419,$400C_const,1
2419,$400C_vol,9
2419,$400E_period,8
2419,$400E_mode,0
2420,$4008_linear,127
2420,$400C_const,1
2420,$400C_vol,6
2420,$400E_period,8
2420,$400E_mode,0
2421,$4008_linear,127
2421,$400C_const,1
2421,$400C_vol,3
2421,$400E_period,8
2421,$400E_mode,0
2422,$4008_linear,127
2422,$400C_const,1
2422,$400C_vol,0
2422,$400E_period,8
2422,$400E_mode,0
2423,$4008_linear,127
2423,$400C_const,1
2423,$400C_vol,0
2423,$400E_period,8
2423,$400E_mode,0
2424,$4008_linear,127
2424,$400C_const,1
2424,$400C_vol,0
2424,$400E_period,8
2424,$400E_mode,0
2425,$4008_linear,127
2425,$400C_const,1
2425,$400C_vol,0
2425,$400E_period,8
2425,$400E_mode,0
2426,$4008_linear,127
2426,$400C_const,1
2426,$400C_vol,0
2426,$400E_period,8
2426,$400E_mode,0
2427,$4008_linear,127
2427,$400C_const,1
2427,$400C_vol,0
2427,$400E_period,8
2427,$400E_mode,0
2428,$4008_linear,127
2428,$400C_const,1
2428,$400C_vol,0
2428,$400E_period,8
2428,$400E_mode,0
2429,$4008_linear,127
2429,$400C_const,1
2429,$400C_vol,0
2429,$400E_period,8
2429,$400E_mode,0
2430,$4008_linear,0
2430,$400C_const,1
2430,$400C_vol,0
2430,$400E_period,8
2430,$400E_mode,0
2431,$400C_const,1
2431,$400C_vol,0
2431,$400E_period,8
2431,$400E_mode,0
2432,$400C_const,1
2432,$400C_vol,0
2432,$400E_period,8
2432,$400E_mode,0
2433,$4000_duty,1
2433,$4000_const,1
2433,$4000_vol,0
2433,$4004_duty,2
2433,$4004_const,1
2433,$4004_vol,12
2433,$4006_period,641
2433,$4008_linear,127
2433,$400A_period,761
2433,$400B_length,9
2433,$400C_const,1
2433,$400C_vol,12
2433,$400E_period,13
2433,$400E_mode,0
2434,$4004_duty,2
2434,$4004_const,1
2434,$4004_vol,11
2434,$4008_linear,127
2434,$400C_const,1
2434,$400C_vol,9
2434,$400E_period,13
2434,$400E_mode,0
2435,$4004_duty,2
2435,$4004_const,1
2435,$4004_vol,11
2435,$4008_linear,127
2435,$400C_const,1
2435,$400C_vol,6
2435,$400E_period,13
2435,$400E_mode,0
2436,$4004_duty,2
2436,$4004_const,1
2436,$4004_vol,11
2436,$4008_linear,127
2436,$400C_const,1
2436,$400C_vol,3
2436,$400E_period,13
2436,$400E_mode,0
2437,$4004_duty,2
2437,$4004_const,1
2437,$4004_vol,11
2437,$4008_linear,127
2437,$400C_const,1
2437,$400C_vol,0
2437,$400E_period,13
2437,$400E_mode,0
2438,$4004_duty,2
2438,$4004_const,1
2438,$4004_vol,11
2438,$4008_linear,127
2438,$400C_const,1
2438,$400C_vol,0
2438,$400E_period,13
2438,$400E_mode,0
2439,$4004_duty,2
2439,$4004_const,1
2439,$4004_vol,11
2439,$4008_linear,127
2439,$400C_const,1
2439,$400C_vol,0
2439,$400E_period,13
2439,$400E_mode,0
2440,$4004_duty,2
2440,$4004_const,1
2440,$4004_vol,11
2440,$4008_linear,127
2440,$400C_const,1
2440,$400C_vol,0
2440,$400E_period,13
2440,$400E_mode,0
2441,$4004_duty,2
2441,$4004_const,1
2441,$4004_vol,11
2441,$4008_linear,127
2441,$400C_const,1
2441,$400C_vol,0
2441,$400E_period,13
2441,$400E_mode,0
2442,$4004_duty,2
2442,$4004_const,1
2442,$4004_vol,10
2442,$4008_linear,127
2442,$400C_const,1
2442,$400C_vol,0
2442,$400E_period,13
2442,$400E_mode,0
2443,$4004_duty,2
2443,$4004_const,1
2443,$4004_vol,10
2443,$4008_linear,127
2443,$400C_const,1
2443,$400C_vol,0
2443,$400E_period,13
2443,$400E_mode,0
2444,$4004_duty,2
2444,$4004_const,1
2444,$4004_vol,10
2444,$4008_linear,127
2444,$400C_const,1
2444,$400C_vol,0
2444,$400E_period,13
2444,$400E_mode,0
2445,$4004_duty,2
2445,$4004_const,1
2445,$4004_vol,9
2445,$4008_linear,0
2445,$400C_const,1
2445,$400C_vol,0
2445,$400E_period,13
2445,$400E_mode,0
2446,$4004_duty,2
2446,$4004_const,1
2446,$4004_vol,8
2446,$400C_const,1
2446,$400C_vol,0
2446,$400E_period,13
2446,$400E_mode,0
2447,$4004_duty,2
2447,$4004_const,1
2447,$4004_vol,8
2447,$400C_const,1
2447,$400C_vol,0
2447,$400E_period,13
2447,$400E_mode,0
2448,$4000_duty,1
2448,$4000_const,1
2448,$4000_vol,12
2448,$4002_period,641
2448,$400B_length,9
2448,$4004_duty,2
2448,$4004_const,1
2448,$4004_vol,12
2448,$4006_period,719
2448,$4008_linear,127
2448,$400A_period,761
2448,$400B_length,9
2448,$400C_const,1
2448,$400C_vol,12
2448,$400E_period,8
2448,$400E_mode,0
2449,$4000_duty,1
2449,$4000_const,1
2449,$4000_vol,11
2449,$4004_duty,2
2449,$4004_const,1
2449,$4004_vol,11
2449,$4008_linear,127
2449,$400C_const,1
2449,$400C_vol,9
2449,$400E_period,8
2449,$400E_mode,0
2450,$4000_duty,1
2450,$4000_const,1
2450,$4000_vol,11
2450,$4004_duty,2
2450,$4004_const,1
2450,$4004_vol,11
2450,$4008_linear,127
2450,$400C_const,1
2450,$400C_vol,6
2450,$400E_period,8
2450,$400E_mode,0
2451,$4000_duty,1
2451,$4000_const,1
2451,$4000_vol,11
2451,$4004_duty,2
2451,$4004_const,1
2451,$4004_vol,11
2451,$4008_linear,127
2451,$400C_const,1
2451,$400C_vol,3
2451,$400E_period,8
2451,$400E_mode,0
2452,$4000_duty,1
2452,$4000_const,1
2452,$4000_vol,11
2452,$4004_duty,2
2452,$4004_const,1
2452,$4004_vol,11
2452,$4008_linear,127
2452,$400C_const,1
2452,$400C_vol,0
2452,$400E_period,8
2452,$400E_mode,0
2453,$4000_duty,1
2453,$4000_const,1
2453,$4000_vol,10
2453,$4004_duty,2
2453,$4004_const,1
2453,$4004_vol,11
2453,$4008_linear,127
2453,$400C_const,1
2453,$400C_vol,0
2453,$400E_period,8
2453,$400E_mode,0
2454,$4000_duty,1
2454,$4000_const,1
2454,$4000_vol,10
2454,$4004_duty,2
2454,$4004_const,1
2454,$4004_vol,11
2454,$4008_linear,127
2454,$400C_const,1
2454,$400C_vol,0
2454,$400E_period,8
2454,$400E_mode,0
2455,$4000_duty,1
2455,$4000_const,1
2455,$4000_vol,9
2455,$4004_duty,2
2455,$4004_const,1
2455,$4004_vol,11
2455,$4008_linear,127
2455,$400C_const,1
2455,$400C_vol,0
2455,$400E_period,8
2455,$400E_mode,0
2456,$4000_duty,1
2456,$4000_const,1
2456,$4000_vol,9
2456,$4004_duty,2
2456,$4004_const,1
2456,$4004_vol,11
2456,$4008_linear,127
2456,$400C_const,1
2456,$400C_vol,0
2456,$400E_period,8
2456,$400E_mode,0
2457,$4000_duty,1
2457,$4000_const,1
2457,$4000_vol,8
2457,$4004_duty,2
2457,$4004_const,1
2457,$4004_vol,10
2457,$4008_linear,127
2457,$400C_const,1
2457,$400C_vol,0
2457,$400E_period,8
2457,$400E_mode,0
2458,$4000_duty,1
2458,$4000_const,1
2458,$4000_vol,7
2458,$4004_duty,2
2458,$4004_const,1
2458,$4004_vol,10
2458,$4008_linear,127
2458,$400C_const,1
2458,$400C_vol,0
2458,$400E_period,8
2458,$400E_mode,0
2459,$4000_duty,1
2459,$4000_const,1
2459,$4000_vol,7
2459,$4004_duty,2
2459,$4004_const,1
2459,$4004_vol,10
2459,$4008_linear,127
2459,$400C_const,1
2459,$400C_vol,0
2459,$400E_period,8
2459,$400E_mode,0
2460,$4000_duty,1
2460,$4000_const,1
2460,$4000_vol,6
2460,$4004_duty,2
2460,$4004_const,1
2460,$4004_vol,9
2460,$4008_linear,0
2460,$400C_const,1
2460,$400C_vol,0
2460,$400E_period,8
2460,$400E_mode,0
2461,$4000_duty,1
2461,$4000_const,1
2461,$4000_vol,5
2461,$4004_duty,2
2461,$4004_const,1
2461,$4004_vol,8
2461,$400C_const,1
2461,$400C_vol,0
2461,$400E_period,8
2461,$400E_mode,0
2462,$4000_duty,1
2462,$4000_const,1
2462,$4000_vol,5
2462,$4004_duty,2
2462,$4004_const,1
2462,$4004_vol,8
2462,$400C_const,1
2462,$400C_vol,0
2462,$400E_period,8
2462,$400E_mode,0
2463,$4000_duty,1
2463,$4000_const,1
2463,$4000_vol,12
2463,$4002_period,641
2463,$400B_length,9
2463,$4004_duty,2
2463,$4004_const,1
2463,$4004_vol,12
2463,$4006_period,761
2463,$4008_linear,127
2463,$400A_period,761
2463,$400B_length,9
2463,$400C_const,1
2463,$400C_vol,12
2463,$400E_period,13
2463,$400E_mode,0
2464,$4000_duty,1
2464,$4000_const,1
2464,$4000_vol,11
2464,$4004_duty,2
2464,$4004_const,1
2464,$4004_vol,11
2464,$4008_linear,127
2464,$400C_const,1
2464,$400C_vol,9
2464,$400E_period,13
2464,$400E_mode,0
2465,$4000_duty,1
2465,$4000_const,1
2465,$4000_vol,11
2465,$4004_duty,2
2465,$4004_const,1
2465,$4004_vol,11
2465,$4008_linear,127
2465,$400C_const,1
2465,$400C_vol,6
2465,$400E_period,13
2465,$400E_mode,0
2466,$4000_duty,1
2466,$4000_const,1
2466,$4000_vol,11
2466,$4004_duty,2
2466,$4004_const,1
2466,$4004_vol,11
2466,$4008_linear,127
2466,$400C_const,1
2466,$400C_vol,3
2466,$400E_period,13
2466,$400E_mode,0
2467,$4000_duty,1
2467,$4000_const,1
2467,$4000_vol,11
2467,$4004_duty,2
2467,$4004_const,1
2467,$4004_vol,11
2467,$4008_linear,127
2467,$400C_const,1
2467,$400C_vol,0
2467,$400E_period,13
2467,$400E_mode,0
2468,$4000_duty,1
2468,$4000_const,1
2468,$4000_vol,10
2468,$4004_duty,2
2468,$4004_const,1
2468,$4004_vol,11
2468,$4008_linear,127
2468,$400C_const,1
2468,$400C_vol,0
2468,$400E_period,13
2468,$400E_mode,0
2469,$4000_duty,1
2469,$4000_const,1
2469,$4000_vol,10
2469,$4004_duty,2
2469,$4004_const,1
2469,$4004_vol,11
2469,$4008_linear,127
2469,$400C_const,1
2469,$400C_vol,0
2469,$400E_period,13
2469,$400E_mode,0
2470,$4000_duty,1
2470,$4000_const,1
2470,$4000_vol,9
2470,$4004_duty,2
2470,$4004_const,1
2470,$4004_vol,11
2470,$4008_linear,127
2470,$400C_const,1
2470,$400C_vol,0
2470,$400E_period,13
2470,$400E_mode,0
2471,$4000_duty,1
2471,$4000_const,1
2471,$4000_vol,9
2471,$4004_duty,2
2471,$4004_const,1
2471,$4004_vol,11
2471,$4008_linear,127
2471,$400C_const,1
2471,$400C_vol,0
2471,$400E_period,13
2471,$400E_mode,0
2472,$4000_duty,1
2472,$4000_const,1
2472,$4000_vol,8
2472,$4004_duty,2
2472,$4004_const,1
2472,$4004_vol,10
2472,$4008_linear,127
2472,$400C_const,1
2472,$400C_vol,0
2472,$400E_period,13
2472,$400E_mode,0
2473,$4000_duty,1
2473,$4000_const,1
2473,$4000_vol,7
2473,$4004_duty,2
2473,$4004_const,1
2473,$4004_vol,10
2473,$4008_linear,127
2473,$400C_const,1
2473,$400C_vol,0
2473,$400E_period,13
2473,$400E_mode,0
2474,$4000_duty,1
2474,$4000_const,1
2474,$4000_vol,7
2474,$4004_duty,2
2474,$4004_const,1
2474,$4004_vol,10
2474,$4008_linear,127
2474,$400C_const,1
2474,$400C_vol,0
2474,$400E_period,13
2474,$400E_mode,0
2475,$4000_duty,1
2475,$4000_const,1
2475,$4000_vol,6
2475,$4004_duty,2
2475,$4004_const,1
2475,$4004_vol,9
2475,$4008_linear,0
2475,$400C_const,1
2475,$400C_vol,0
2475,$400E_period,13
2475,$400E_mode,0
2476,$4000_duty,1
2476,$4000_const,1
2476,$4000_vol,5
2476,$4004_duty,2
2476,$4004_const,1
2476,$4004_vol,8
2476,$400C_const,1
2476,$400C_vol,0
2476,$400E_period,13
2476,$400E_mode,0
2477,$4000_duty,1
2477,$4000_const,1
2477,$4000_vol,5
2477,$4004_duty,2
2477,$4004_const,1
2477,$4004_vol,8
2477,$400C_const,1
2477,$400C_vol,0
2477,$400E_period,13
2477,$400E_mode,0
2478,$4000_duty,1
2478,$4000_const,1
2478,$4000_vol,12
2478,$4002_period,641
2478,$400B_length,9
2478,$4004_duty,2
2478,$4004_const,1
2478,$4004_vol,12
2478,$4006_period,855
2478,$4008_linear,127
2478,$400A_period,761
2478,$400B_length,9
2478,$400C_const,1
2478,$400C_vol,12
2478,$400E_period,8
2478,$400E_mode,0
2479,$4000_duty,1
2479,$4000_const,1
2479,$4000_vol,11
2479,$4004_duty,2
2479,$4004_const,1
2479,$4004_vol,11
2479,$4008_linear,127
2479,$400C_const,1
2479,$400C_vol,9
2479,$400E_period,8
2479,$400E_mode,0
2480,$4000_duty,1
2480,$4000_const,1
2480,$4000_vol,11
2480,$4004_duty,2
2480,$4004_const,1
2480,$4004_vol,11
2480,$4008_linear,127
2480,$400C_const,1
2480,$400C_vol,6
2480,$400E_period,8
2480,$400E_mode,0
2481,$4000_duty,1
2481,$4000_const,1
2481,$4000_vol,11
2481,$4004_duty,2
2481,$4004_const,1
2481,$4004_vol,11
2481,$4008_linear,127
2481,$400C_const,1
2481,$400C_vol,3
2481,$400E_period,8
2481,$400E_mode,0
2482,$4000_duty,1
2482,$4000_const,1
2482,$4000_vol,11
2482,$4004_duty,2
2482,$4004_const,1
2482,$4004_vol,11
2482,$4008_linear,127
2482,$400C_const,1
2482,$400C_vol,0
2482,$400E_period,8
2482,$400E_mode,0
2483,$4000_duty,1
2483,$4000_const,1
2483,$4000_vol,10
2483,$4004_duty,2
2483,$4004_const,1
2483,$4004_vol,11
2483,$4008_linear,127
2483,$400C_const,1
2483,$400C_vol,0
2483,$400E_period,8
2483,$400E_mode,0
2484,$4000_duty,1
2484,$4000_const,1
2484,$4000_vol,10
2484,$4004_duty,2
2484,$4004_const,1
2484,$4004_vol,11
2484,$4008_linear,0
2484,$400C_const,1
2484,$400C_vol,0
2484,$400E_period,8
2484,$400E_mode,0
2485,$4000_duty,0
2485,$4000_const,1
2485,$4000_vol,0
2485,$4004_duty,0
2485,$4004_const,1
2485,$4004_vol,0
2485,$4001_sweep,8
2485,$4005_sweep,8
2485,$4008_linear,127
2485,$400A_period,571
2485,$400B_length,9
2485,$400C_const,1
2485,$400C_vol,12
2485,$400E_period,13
2485,$400E_mode,0
2486,$4000_duty,2
2486,$4000_const,1
2486,$4000_vol,15
2486,$4002_period,425
2486,$400B_length,8
2486,$4004_duty,2
2486,$4004_const,1
2486,$4004_vol,15
2486,$4006_period,427
2486,$4008_linear,127
2486,$400C_const,1
2486,$400C_vol,9
2486,$400E_period,13
2486,$400E_mode,0
2487,$4000_duty,2
2487,$4000_const,1
2487,$4000_vol,9
2487,$4004_duty,2
2487,$4004_const,1
2487,$4004_vol,9
2487,$4008_linear,127
2487,$400C_const,1
2487,$400C_vol,6
2487,$400E_period,13
2487,$400E_mode,0
2488,$4000_duty,2
2488,$4000_const,1
2488,$4000_vol,2
2488,$4004_duty,2
2488,$4004_const,1
2488,$4004_vol,2
2488,$4008_linear,127
2488,$400C_const,1
2488,$400C_vol,3
2488,$400E_period,13
2488,$400E_mode,0
2489,$4008_linear,127
2489,$400C_const,1
2489,$400C_vol,0
2489,$400E_period,13
2489,$400E_mode,0
2490,$4000_duty,2
2490,$4000_const,1
2490,$4000_vol,15
2490,$4002_period,379
2490,$400B_length,8
2490,$4004_duty,2
2490,$4004_const,1
2490,$4004_vol,15
2490,$4006_period,381
2490,$4008_linear,127
2490,$400C_const,1
2490,$400C_vol,0
2490,$400E_period,13
2490,$400E_mode,0
2491,$4000_duty,2
2491,$4000_const,1
2491,$4000_vol,9
2491,$4004_duty,2
2491,$4004_const,1
2491,$4004_vol,9
2491,$4008_linear,127
2491,$400C_const,1
2491,$400C_vol,0
2491,$400E_period,13
2491,$400E_mode,0
2492,$4000_duty,2
2492,$4000_const,1
2492,$4000_vol,2
2492,$4004_duty,2
2492,$4004_const,1
2492,$4004_vol,2
2492,$4008_linear,127
2492,$400C_const,1
2492,$400C_vol,0
2492,$400E_period,13
2492,$400E_mode,0
2493,$4008_linear,127
2493,$400C_const,1
2493,$400C_vol,0
2493,$400E_period,13
2493,$400E_mode,0
2494,$4000_duty,2
2494,$4000_const,1
2494,$4000_vol,15
2494,$4002_period,337
2494,$400B_length,8
2494,$4004_duty,2
2494,$4004_const,1
2494,$4004_vol,15
2494,$4006_period,339
2494,$4008_linear,127
2495,$4000_duty,2
2495,$4000_const,1
2495,$4000_vol,9
2495,$4004_duty,2
2495,$4004_const,1
2495,$4004_vol,9
2495,$4008_linear,127
2496,$4000_duty,2
2496,$4000_const,1
2496,$4000_vol,2
2496,$4004_duty,2
2496,$4004_const,1
2496,$4004_vol,2
2496,$4008_linear,127
2497,$4008_linear,0
2498,$4000_duty,2
2498,$4000_const,1
2498,$4000_vol,15
2498,$4002_period,283
2498,$400B_length,8
2498,$4004_duty,2
2498,$4004_const,1
2498,$4004_vol,15
2498,$4006_period,285
2498,$4008_linear,0
2499,$4000_duty,2
2499,$4000_const,1
2499,$4000_vol,9
2499,$4004_duty,2
2499,$4004_const,1
2499,$4004_vol,9
2500,$4000_duty,2
2500,$4000_const,1
2500,$4000_vol,2
2500,$4004_duty,2
2500,$4004_const,1
2500,$4004_vol,2
2501,$4008_linear,127
2501,$400A_period,571
2501,$400B_length,9
2501,$400C_const,1
2501,$400C_vol,12
2501,$400E_period,13
2501,$400E_mode,0
2502,$4000_duty,2
2502,$4000_const,1
2502,$4000_vol,15
2502,$4002_period,225
2502,$400B_length,8
2502,$4004_duty,2
2502,$4004_const,1
2502,$4004_vol,15
2502,$4006_period,227
2502,$4008_linear,127
2502,$400C_const,1
2502,$400C_vol,9
2502,$400E_period,13
2502,$400E_mode,0
2503,$4000_duty,2
2503,$4000_const,1
2503,$4000_vol,9
2503,$4004_duty,2
2503,$4004_const,1
2503,$4004_vol,9
2503,$4008_linear,127
2503,$400C_const,1
2503,$400C_vol,6
2503,$400E_period,13
2503,$400E_mode,0
2504,$4000_duty,2
2504,$4000_const,1
2504,$4000_vol,2
2504,$4004_duty,2
2504,$4004_const,1
2504,$4004_vol,2
2504,$4008_linear,127
2504,$400C_const,1
2504,$400C_vol,3
2504,$400E_period,13
2504,$400E_mode,0
2505,$4000_duty,2
2505,$4000_const,1
2505,$4000_vol,0
2505,$4004_duty,2
2505,$4004_const,1
2505,$4004_vol,0
2505,$4008_linear,127
2505,$400C_const,1
2505,$400C_vol,0
2505,$400E_period,13
2505,$400E_mode,0
2506,$4000_duty,2
2506,$4000_const,1
2506,$4000_vol,0
2506,$4004_duty,2
2506,$4004_const,1
2506,$4004_vol,0
2506,$4008_linear,127
2506,$400C_const,1
2506,$400C_vol,0
2506,$400E_period,13
2506,$400E_mode,0
2507,$4000_duty,2
2507,$4000_const,1
2507,$4000_vol,1
2507,$4004_duty,2
2507,$4004_const,1
2507,$4004_vol,1
2507,$4008_linear,127
2507,$400C_const,1
2507,$400C_vol,0
2507,$400E_period,13
2507,$400E_mode,0
2508,$4000_duty,2
2508,$4000_const,1
2508,$4000_vol,5
2508,$4004_duty,2
2508,$4004_const,1
2508,$4004_vol,5
2508,$4008_linear,127
2508,$400C_const,1
2508,$400C_vol,12
2508,$400E_period,8
2508,$400E_mode,0
2509,$4000_duty,2
2509,$4000_const,1
2509,$4000_vol,5
2509,$4004_duty,2
2509,$4004_const,1
2509,$4004_vol,5
2509,$4008_linear,127
2509,$400C_const,1
2509,$400C_vol,9
2509,$400E_period,8
2509,$400E_mode,0
2510,$4000_duty,2
2510,$4000_const,1
2510,$4000_vol,4
2510,$4004_duty,2
2510,$4004_const,1
2510,$4004_vol,4
2510,$4008_linear,127
2510,$400C_const,1
2510,$400C_vol,6
2510,$400E_period,8
2510,$400E_mode,0
2511,$4000_duty,2
2511,$4000_const,1
2511,$4000_vol,3
2511,$4004_duty,2
2511,$4004_const,1
2511,$4004_vol,3
2511,$4008_linear,127
2511,$400C_const,1
2511,$400C_vol,3
2511,$400E_period,8
2511,$400E_mode,0
2512,$4000_duty,2
2512,$4000_const,1
2512,$4000_vol,0
2512,$4004_duty,2
2512,$4004_const,1
2512,$4004_vol,0
2512,$4008_linear,0
2512,$400C_const,1
2512,$400C_vol,0
2512,$400E_period,8
2512,$400E_mode,0
2513,$4000_duty,2
2513,$4000_const,1
2513,$4000_vol,0
2513,$4004_duty,2
2513,$4004_const,1
2513,$4004_vol,0
2513,$4008_linear,0
2513,$400C_const,1
2513,$400C_vol,0
2513,$400E_period,8
2513,$400E_mode,0
2514,$4000_duty,2
2514,$4000_const,1
2514,$4000_vol,0
2514,$4004_duty,2
2514,$4004_const,1
2514,$4004_vol,0
2514,$400C_const,1
2514,$400C_vol,0
2514,$400E_period,8
2514,$400E_mode,0
2515,$4000_duty,2
2515,$4000_const,1
2515,$4000_vol,2
2515,$4004_duty,2
2515,$4004_const,1
2515,$4004_vol,2
2515,$400C_const,1
2515,$400C_vol,0
2515,$400E_period,8
2515,$400E_mode,0
2516,$4000_duty,2
2516,$4000_const,1
2516,$4000_vol,2
2516,$4004_duty,2
2516,$4004_const,1
2516,$4004_vol,2
2516,$4008_linear,127
2516,$400A_period,571
2516,$400B_length,9
2516,$400C_const,1
2516,$400C_vol,12
2516,$400E_period,13
2516,$400E_mode,0
2517,$4000_duty,2
2517,$4000_const,1
2517,$4000_vol,1
2517,$4004_duty,2
2517,$4004_const,1
2517,$4004_vol,1
2517,$4008_linear,127
2517,$400C_const,1
2517,$400C_vol,9
2517,$400E_period,13
2517,$400E_mode,0
2518,$4000_duty,2
2518,$4000_const,1
2518,$4000_vol,1
2518,$4004_duty,2
2518,$4004_const,1
2518,$4004_vol,1
2518,$4008_linear,127
2518,$400C_const,1
2518,$400C_vol,6
2518,$400E_period,13
2518,$400E_mode,0
2519,$4000_duty,2
2519,$4000_const,1
2519,$4000_vol,0
2519,$4004_duty,2
2519,$4004_const,1
2519,$4004_vol,0
2519,$4008_linear,127
2519,$400C_const,1
2519,$400C_vol,3
2519,$400E_period,13
2519,$400E_mode,0
2520,$4000_duty,2
2520,$4000_const,1
2520,$4000_vol,0
2520,$4004_duty,2
2520,$4004_const,1
2520,$4004_vol,0
2520,$4008_linear,127
2520,$400C_const,1
2520,$400C_vol,0
2520,$400E_period,13
2520,$400E_mode,0
2521,$4000_duty,2
2521,$4000_const,1
2521,$4000_vol,0
2521,$4004_duty,2
2521,$4004_const,1
2521,$4004_vol,0
2521,$4008_linear,127
2521,$400C_const,1
2521,$400C_vol,0
2521,$400E_period,13
2521,$400E_mode,0
2522,$4000_duty,0
2522,$4000_const,1
2522,$4000_vol,0
2522,$4004_duty,0
2522,$4004_const,1
2522,$4004_vol,0
2522,$4001_sweep,8
2522,$4005_sweep,8
2522,$4000_duty,1
2522,$4000_const,1
2522,$4000_vol,8
2522,$4002_period,539
2522,$400B_length,9
2522,$4004_duty,2
2522,$4004_const,1
2522,$4004_vol,8
2522,$4006_period,907
2522,$4008_linear,0
2522,$400C_const,1
2522,$400C_vol,0
2522,$400E_period,13
2522,$400E_mode,0
2523,$4000_duty,1
2523,$4000_const,1
2523,$4000_vol,12
2523,$4002_period,571
2523,$400B_length,9
2523,$4004_duty,2
2523,$4004_const,1
2523,$4004_vol,12
2523,$4006_period,855
2523,$4008_linear,127
2523,$400A_period,571
2523,$400B_length,9
2523,$400C_const,1
2523,$400C_vol,12
2523,$400E_period,13
2523,$400E_mode,0
2524,$4000_duty,1
2524,$4000_const,1
2524,$4000_vol,11
2524,$4004_duty,2
2524,$4004_const,1
2524,$4004_vol,11
2524,$4008_linear,127
2524,$400C_const,1
2524,$400C_vol,9
2524,$400E_period,13
2524,$400E_mode,0
2525,$4000_duty,1
2525,$4000_const,1
2525,$4000_vol,11
2525,$4004_duty,2
2525,$4004_const,1
2525,$4004_vol,11
2525,$4008_linear,127
2525,$400C_const,1
2525,$400C_vol,6
2525,$400E_period,13
2525,$400E_mode,0
2526,$4000_duty,1
2526,$4000_const,1
2526,$4000_vol,11
2526,$4004_duty,2
2526,$4004_const,1
2526,$4004_vol,11
2526,$4008_linear,127
2526,$400C_const,1
2526,$400C_vol,3
2526,$400E_period,13
2526,$400E_mode,0
2527,$4000_duty,1
2527,$4000_const,1
2527,$4000_vol,11
2527,$4004_duty,2
2527,$4004_const,1
2527,$4004_vol,11
2527,$4008_linear,127
2527,$400C_const,1
2527,$400C_vol,0
2527,$400E_period,13
2527,$400E_mode,0
2528,$4000_duty,1
2528,$4000_const,1
2528,$4000_vol,11
2528,$4004_duty,2
2528,$4004_const,1
2528,$4004_vol,11
2528,$4008_linear,127
2528,$400C_const,1
2528,$400C_vol,0
2528,$400E_period,13
2528,$400E_mode,0
2529,$4000_duty,1
2529,$4000_const,1
2529,$4000_vol,11
2529,$4004_duty,2
2529,$4004_const,1
2529,$4004_vol,11
2529,$4008_linear,127
2529,$400C_const,1
2529,$400C_vol,0
2529,$400E_period,13
2529,$400E_mode,0
2530,$4000_duty,1
2530,$4000_const,1
2530,$4000_vol,11
2530,$4004_duty,2
2530,$4004_const,1
2530,$4004_vol,11
2530,$4008_linear,127
2530,$400C_const,1
2530,$400C_vol,0
2530,$400E_period,13
2530,$400E_mode,0
2531,$4000_duty,1
2531,$4000_const,1
2531,$4000_vol,11
2531,$4004_duty,2
2531,$4004_const,1
2531,$4004_vol,11
2531,$4008_linear,127
2531,$400C_const,1
2531,$400C_vol,0
2531,$400E_period,13
2531,$400E_mode,0
2532,$4000_duty,1
2532,$4000_const,1
2532,$4000_vol,10
2532,$4004_duty,2
2532,$4004_const,1
2532,$4004_vol,10
2532,$4008_linear,127
2532,$400C_const,1
2532,$400C_vol,0
2532,$400E_period,13
2532,$400E_mode,0
2533,$4000_duty,1
2533,$4000_const,1
2533,$4000_vol,10
2533,$4004_duty,2
2533,$4004_const,1
2533,$4004_vol,10
2533,$4008_linear,127
2533,$400C_const,1
2533,$400C_vol,0
2533,$400E_period,13
2533,$400E_mode,0
2534,$4000_duty,1
2534,$4000_const,1
2534,$4000_vol,10
2534,$4004_duty,2
2534,$4004_const,1
2534,$4004_vol,10
2534,$4008_linear,127
2534,$400C_const,1
2534,$400C_vol,0
2534,$400E_period,13
2534,$400E_mode,0
2535,$4000_duty,1
2535,$4000_const,1
2535,$4000_vol,9
2535,$4004_duty,2
2535,$4004_const,1
2535,$4004_vol,9
2535,$4008_linear,0
2535,$400C_const,1
2535,$400C_vol,0
2535,$400E_period,13
2535,$400E_mode,0
2536,$4000_duty,1
2536,$4000_const,1
2536,$4000_vol,8
2536,$4004_duty,2
2536,$4004_const,1
2536,$4004_vol,8
2536,$4008_linear,0
2536,$400C_const,1
2536,$400C_vol,0
2536,$400E_period,13
2536,$400E_mode,0
2537,$4000_duty,1
2537,$4000_const,1
2537,$4000_vol,8
2537,$4004_duty,2
2537,$4004_const,1
2537,$4004_vol,8
2537,$400C_const,1
2537,$400C_vol,0
2537,$400E_period,13
2537,$400E_mode,0
2538,$4000_duty,1
2538,$4000_const,1
2538,$4000_vol,12
2538,$4002_period,641
2538,$400B_length,9
2538,$4004_duty,2
2538,$4004_const,1
2538,$4004_vol,12
2538,$4006_period,761
2538,$4008_linear,127
2538,$400A_period,571
2538,$400B_length,9
2538,$400C_const,1
2538,$400C_vol,12
2538,$400E_period,8
2538,$400E_mode,0
2539,$4000_duty,1
2539,$4000_const,1
2539,$4000_vol,11
2539,$4004_duty,2
2539,$4004_const,1
2539,$4004_vol,11
2539,$4008_linear,127
2539,$400C_const,1
2539,$400C_vol,9
2539,$400E_period,8
2539,$400E_mode,0
2540,$4000_duty,1
2540,$4000_const,1
2540,$4000_vol,11
2540,$4004_duty,2
2540,$4004_const,1
2540,$4004_vol,11
2540,$4008_linear,127
2540,$400C_const,1
2540,$400C_vol,6
2540,$400E_period,8
2540,$400E_mode,0
2541,$4000_duty,1
2541,$4000_const,1
2541,$4000_vol,11
2541,$4004_duty,2
2541,$4004_const,1
2541,$4004_vol,11
2541,$4008_linear,127
2541,$400C_const,1
2541,$400C_vol,3
2541,$400E_period,8
2541,$400E_mode,0
2542,$4000_duty,1
2542,$4000_const,1
2542,$4000_vol,11
2542,$4004_duty,2
2542,$4004_const,1
2542,$4004_vol,11
2542,$4008_linear,127
2542,$400C_const,1
2542,$400C_vol,0
2542,$400E_period,8
2542,$400E_mode,0
2543,$4000_duty,1
2543,$4000_const,1
2543,$4000_vol,11
2543,$4004_duty,2
2543,$4004_const,1
2543,$4004_vol,11
2543,$4008_linear,127
2543,$400C_const,1
2543,$400C_vol,0
2543,$400E_period,8
2543,$400E_mode,0
2544,$4000_duty,1
2544,$4000_const,1
2544,$4000_vol,11
2544,$4004_duty,2
2544,$4004_const,1
2544,$4004_vol,11
2544,$4008_linear,127
2544,$400C_const,1
2544,$400C_vol,0
2544,$400E_period,8
2544,$400E_mode,0
2545,$4000_duty,1
2545,$4000_const,1
2545,$4000_vol,11
2545,$4004_duty,2
2545,$4004_const,1
2545,$4004_vol,11
2545,$4008_linear,127
2545,$400C_const,1
2545,$400C_vol,0
2545,$400E_period,8
2545,$400E_mode,0
2546,$4000_duty,1
2546,$4000_const,1
2546,$4000_vol,11
2546,$4004_duty,2
2546,$4004_const,1
2546,$4004_vol,11
2546,$4008_linear,127
2546,$400C_const,1
2546,$400C_vol,0
2546,$400E_period,8
2546,$400E_mode,0
2547,$4000_duty,1
2547,$4000_const,1
2547,$4000_vol,10
2547,$4004_duty,2
2547,$4004_const,1
2547,$4004_vol,10
2547,$4008_linear,127
2547,$400C_const,1
2547,$400C_vol,0
2547,$400E_period,8
2547,$400E_mode,0
2548,$4000_duty,1
2548,$4000_const,1
2548,$4000_vol,10
2548,$4004_duty,2
2548,$4004_const,1
2548,$4004_vol,10
2548,$4008_linear,127
2548,$400C_const,1
2548,$400C_vol,0
2548,$400E_period,8
2548,$400E_mode,0
2549,$4000_duty,1
2549,$4000_const,1
2549,$4000_vol,10
2549,$4004_duty,2
2549,$4004_const,1
2549,$4004_vol,10
2549,$4008_linear,127
2549,$400C_const,1
2549,$400C_vol,0
2549,$400E_period,8
2549,$400E_mode,0
2550,$4000_duty,1
2550,$4000_const,1
2550,$4000_vol,9
2550,$4004_duty,2
2550,$4004_const,1
2550,$4004_vol,9
2550,$4008_linear,0
2550,$400C_const,1
2550,$400C_vol,0
2550,$400E_period,8
2550,$400E_mode,0
2551,$4000_duty,1
2551,$4000_const,1
2551,$4000_vol,8
2551,$4004_duty,2
2551,$4004_const,1
2551,$4004_vol,8
2551,$4008_linear,0
2551,$400C_const,1
2551,$400C_vol,0
2551,$400E_period,8
2551,$400E_mode,0
2552,$4000_duty,1
2552,$4000_const,1
2552,$4000_vol,8
2552,$4004_duty,2
2552,$4004_const,1
2552,$4004_vol,8
2552,$400C_const,1
2552,$400C_vol,0
2552,$400E_period,8
2552,$400E_mode,0
2553,$4000_duty,1
2553,$4000_const,1
2553,$4000_vol,12
2553,$4002_period,719
2553,$400B_length,9
2553,$4004_duty,2
2553,$4004_const,1
2553,$4004_vol,12
2553,$4006_period,855
2553,$4008_linear,127
2553,$400A_period,427
2553,$400B_length,8
2553,$400C_const,1
2553,$400C_vol,12
2553,$400E_period,13
2553,$400E_mode,0
2554,$4000_duty,1
2554,$4000_const,1
2554,$4000_vol,11
2554,$4004_duty,2
2554,$4004_const,1
2554,$4004_vol,11
2554,$4008_linear,127
2554,$400C_const,1
2554,$400C_vol,9
2554,$400E_period,13
2554,$400E_mode,0
2555,$4000_duty,1
2555,$4000_const,1
2555,$4000_vol,11
2555,$4004_duty,2
2555,$4004_const,1
2555,$4004_vol,11
2555,$4008_linear,127
2555,$400C_const,1
2555,$400C_vol,6
2555,$400E_period,13
2555,$400E_mode,0
2556,$4000_duty,1
2556,$4000_const,1
2556,$4000_vol,11
2556,$4004_duty,2
2556,$4004_const,1
2556,$4004_vol,11
2556,$4008_linear,127
2556,$400C_const,1
2556,$400C_vol,3
2556,$400E_period,13
2556,$400E_mode,0
2557,$4000_duty,1
2557,$4000_const,1
2557,$4000_vol,11
2557,$4004_duty,2
2557,$4004_const,1
2557,$4004_vol,11
2557,$4008_linear,127
2557,$400C_const,1
2557,$400C_vol,0
2557,$400E_period,13
2557,$400E_mode,0
2558,$4000_duty,1
2558,$4000_const,1
2558,$4000_vol,11
2558,$4004_duty,2
2558,$4004_const,1
2558,$4004_vol,11
2558,$4008_linear,127
2558,$400C_const,1
2558,$400C_vol,0
2558,$400E_period,13
2558,$400E_mode,0
2559,$4000_duty,1
2559,$4000_const,1
2559,$4000_vol,11
2559,$4004_duty,2
2559,$4004_const,1
2559,$4004_vol,11
2559,$4008_linear,127
2559,$400C_const,1
2559,$400C_vol,0
2559,$400E_period,13
2559,$400E_mode,0
2560,$4000_duty,1
2560,$4000_const,1
2560,$4000_vol,11
2560,$4004_duty,2
2560,$4004_const,1
2560,$4004_vol,11
2560,$4008_linear,127
2560,$400C_const,1
2560,$400C_vol,0
2560,$400E_period,13
2560,$400E_mode,0
2561,$4000_duty,1
2561,$4000_const,1
2561,$4000_vol,11
2561,$4004_duty,2
2561,$4004_const,1
2561,$4004_vol,11
2561,$4008_linear,127
2561,$400C_const,1
2561,$400C_vol,0
2561,$400E_period,13
2561,$400E_mode,0
2562,$4000_duty,1
2562,$4000_const,1
2562,$4000_vol,10
2562,$4004_duty,2
2562,$4004_const,1
2562,$4004_vol,10
2562,$4008_linear,127
2562,$400C_const,1
2562,$400C_vol,0
2562,$400E_period,13
2562,$400E_mode,0
2563,$4000_duty,1
2563,$4000_const,1
2563,$4000_vol,10
2563,$4004_duty,2
2563,$4004_const,1
2563,$4004_vol,10
2563,$4008_linear,127
2563,$400C_const,1
2563,$400C_vol,0
2563,$400E_period,13
2563,$400E_mode,0
2564,$4000_duty,1
2564,$4000_const,1
2564,$4000_vol,10
2564,$4004_duty,2
2564,$4004_const,1
2564,$4004_vol,10
2564,$4008_linear,127
2564,$400C_const,1
2564,$400C_vol,0
2564,$400E_period,13
2564,$400E_mode,0
2565,$4000_duty,1
2565,$4000_const,1
2565,$4000_vol,9
2565,$4004_duty,2
2565,$4004_const,1
2565,$4004_vol,9
2565,$4008_linear,0
2565,$400C_const,1
2565,$400C_vol,0
2565,$400E_period,13
2565,$400E_mode,0
2566,$4000_duty,1
2566,$4000_const,1
2566,$4000_vol,8
2566,$4004_duty,2
2566,$4004_const,1
2566,$4004_vol,8
2566,$4008_linear,0
2566,$400C_const,1
2566,$400C_vol,0
2566,$400E_period,13
2566,$400E_mode,0
2567,$4000_duty,1
2567,$4000_const,1
2567,$4000_vol,8
2567,$4004_duty,2
2567,$4004_const,1
2567,$4004_vol,8
2567,$400C_const,1
2567,$400C_vol,0
2567,$400E_period,13
2567,$400E_mode,0
2568,$4000_duty,1
2568,$4000_const,1
2568,$4000_vol,7
2568,$4004_duty,2
2568,$4004_const,1
2568,$4004_vol,7
2568,$4008_linear,127
2568,$400A_period,427
2568,$400B_length,8
2568,$400C_const,1
2568,$400C_vol,12
2568,$400E_period,8
2568,$400E_mode,0
2569,$4000_duty,1
2569,$4000_const,1
2569,$4000_vol,7
2569,$4004_duty,2
2569,$4004_const,1
2569,$4004_vol,7
2569,$4008_linear,127
2569,$400C_const,1
2569,$400C_vol,9
2569,$400E_period,8
2569,$400E_mode,0
2570,$4000_duty,1
2570,$4000_const,1
2570,$4000_vol,6
2570,$4004_duty,2
2570,$4004_const,1
2570,$4004_vol,6
2570,$4008_linear,127
2570,$400C_const,1
2570,$400C_vol,6
2570,$400E_period,8
2570,$400E_mode,0
2571,$4000_duty,1
2571,$4000_const,1
2571,$4000_vol,5
2571,$4004_duty,2
2571,$4004_const,1
2571,$4004_vol,5
2571,$4008_linear,127
2571,$400C_const,1
2571,$400C_vol,3
2571,$400E_period,8
2571,$400E_mode,0
2572,$4000_duty,1
2572,$4000_const,1
2572,$4000_vol,5
2572,$4004_duty,2
2572,$4004_const,1
2572,$4004_vol,5
2572,$4008_linear,127
2572,$400C_const,1
2572,$400C_vol,0
2572,$400E_period,8
2572,$400E_mode,0
2573,$4004_duty,0
2573,$4004_const,1
2573,$4004_vol,0
2573,$4001_sweep,8
2573,$4005_sweep,8
2573,$4000_duty,1
2573,$4000_const,1
2573,$4000_vol,4
2573,$4008_linear,127
2573,$400C_const,1
2573,$400C_vol,0
2573,$400E_period,8
2573,$400E_mode,0
2574,$4000_duty,1
2574,$4000_const,1
2574,$4000_vol,3
2574,$4004_duty,2
2574,$4004_const,1
2574,$4004_vol,15
2574,$4006_period,481
2574,$4008_linear,127
2574,$400C_const,1
2574,$400C_vol,0
2574,$400E_period,8
2574,$400E_mode,0
2575,$4000_duty,1
2575,$4000_const,1
2575,$4000_vol,3
2575,$4004_duty,2
2575,$4004_const,1
2575,$4004_vol,14
2575,$4008_linear,127
2575,$400C_const,1
2575,$400C_vol,0
2575,$400E_period,8
2575,$400E_mode,0
2576,$4000_duty,1
2576,$4000_const,1
2576,$4000_vol,2
2576,$4004_duty,2
2576,$4004_const,1
2576,$4004_vol,13
2576,$4008_linear,127
2576,$400C_const,1
2576,$400C_vol,0
2576,$400E_period,8
2576,$400E_mode,0
2577,$4000_duty,1
2577,$4000_const,1
2577,$4000_vol,2
2577,$4004_duty,2
2577,$4004_const,1
2577,$4004_vol,12
2577,$4008_linear,127
2577,$400C_const,1
2577,$400C_vol,0
2577,$400E_period,8
2577,$400E_mode,0
2578,$4000_duty,1
2578,$4000_const,1
2578,$4000_vol,1
2578,$4004_duty,2
2578,$4004_const,1
2578,$4004_vol,11
2578,$4008_linear,127
2578,$400C_const,1
2578,$400C_vol,0
2578,$400E_period,8
2578,$400E_mode,0
2579,$4000_duty,1
2579,$4000_const,1
2579,$4000_vol,0
2579,$4004_duty,2
2579,$4004_const,1
2579,$4004_vol,10
2579,$4008_linear,127
2579,$400C_const,1
2579,$400C_vol,0
2579,$400E_period,8
2579,$400E_mode,0
2580,$4000_duty,1
2580,$4000_const,1
2580,$4000_vol,0
2580,$4004_duty,2
2580,$4004_const,1
2580,$4004_vol,9
2580,$4008_linear,0
2580,$400C_const,1
2580,$400C_vol,0
2580,$400E_period,8
2580,$400E_mode,0
2581,$4000_duty,1
2581,$4000_const,1
2581,$4000_vol,0
2581,$4004_duty,2
2581,$4004_const,1
2581,$4004_vol,8
2581,$4008_linear,0
2581,$400C_const,1
2581,$400C_vol,0
2581,$400E_period,8
2581,$400E_mode,0
2582,$4000_duty,1
2582,$4000_const,1
2582,$4000_vol,0
2582,$4004_duty,2
2582,$4004_const,1
2582,$4004_vol,7
2582,$400C_const,1
2582,$400C_vol,0
2582,$400E_period,8
2582,$400E_mode,0
2583,$4000_duty,1
2583,$4000_const,1
2583,$4000_vol,12
2583,$4002_period,641
2583,$400B_length,9
2583,$4004_duty,2
2583,$4004_const,1
2583,$4004_vol,6
2583,$4008_linear,127
2583,$400A_period,427
2583,$400B_length,8
2583,$400C_const,1
2583,$400C_vol,12
2583,$400E_period,13
2583,$400E_mode,0
2584,$4000_duty,1
2584,$4000_const,1
2584,$4000_vol,11
2584,$4004_duty,2
2584,$4004_const,1
2584,$4004_vol,5
2584,$4008_linear,127
2584,$400C_const,1
2584,$400C_vol,9
2584,$400E_period,13
2584,$400E_mode,0
2585,$4000_duty,1
2585,$4000_const,1
2585,$4000_vol,11
2585,$4004_duty,2
2585,$4004_const,1
2585,$4004_vol,4
2585,$4008_linear,127
2585,$400C_const,1
2585,$400C_vol,6
2585,$400E_period,13
2585,$400E_mode,0
2586,$4000_duty,1
2586,$4000_const,1
2586,$4000_vol,11
2586,$4004_duty,2
2586,$4004_const,1
2586,$4004_vol,3
2586,$4008_linear,127
2586,$400C_const,1
2586,$400C_vol,3
2586,$400E_period,13
2586,$400E_mode,0
2587,$4000_duty,1
2587,$4000_const,1
2587,$4000_vol,11
2587,$4004_duty,2
2587,$4004_const,1
2587,$4004_vol,2
2587,$4008_linear,127
2587,$400C_const,1
2587,$400C_vol,0
2587,$400E_period,13
2587,$400E_mode,0
2588,$4000_duty,1
2588,$4000_const,1
2588,$4000_vol,11
2588,$4004_duty,2
2588,$4004_const,1
2588,$4004_vol,1
2588,$4008_linear,127
2588,$400C_const,1
2588,$400C_vol,0
2588,$400E_period,13
2588,$400E_mode,0
2589,$4000_duty,1
2589,$4000_const,1
2589,$4000_vol,11
2589,$4004_duty,2
2589,$4004_const,1
2589,$4004_vol,1
2589,$4008_linear,127
2589,$400C_const,1
2589,$400C_vol,0
2589,$400E_period,13
2589,$400E_mode,0
2590,$4000_duty,1
2590,$4000_const,1
2590,$4000_vol,11
2590,$4004_duty,2
2590,$4004_const,1
2590,$4004_vol,2
2590,$4008_linear,127
2590,$400C_const,1
2590,$400C_vol,0
2590,$400E_period,13
2590,$400E_mode,0
2591,$4000_duty,1
2591,$4000_const,1
2591,$4000_vol,11
2591,$4004_duty,2
2591,$4004_const,1
2591,$4004_vol,3
2591,$4008_linear,127
2591,$400C_const,1
2591,$400C_vol,0
2591,$400E_period,13
2591,$400E_mode,0
2592,$4000_duty,1
2592,$4000_const,1
2592,$4000_vol,10
2592,$4004_duty,2
2592,$4004_const,1
2592,$4004_vol,5
2592,$4008_linear,127
2592,$400C_const,1
2592,$400C_vol,0
2592,$400E_period,13
2592,$400E_mode,0
2593,$4000_duty,1
2593,$4000_const,1
2593,$4000_vol,10
2593,$4004_duty,2
2593,$4004_const,1
2593,$4004_vol,6
2593,$4008_linear,127
2593,$400C_const,1
2593,$400C_vol,0
2593,$400E_period,13
2593,$400E_mode,0
2594,$4004_duty,0
2594,$4004_const,1
2594,$4004_vol,0
2594,$4001_sweep,8
2594,$4005_sweep,8
2594,$4000_duty,1
2594,$4000_const,1
2594,$4000_vol,10
2594,$4004_duty,2
2594,$4004_const,1
2594,$4004_vol,10
2594,$4006_period,761
2594,$4008_linear,127
2594,$400C_const,1
2594,$400C_vol,0
2594,$400E_period,13
2594,$400E_mode,0
2595,$4000_duty,1
2595,$4000_const,1
2595,$4000_vol,9
2595,$4004_duty,2
2595,$4004_const,1
2595,$4004_vol,9
2595,$4008_linear,0
2595,$400C_const,1
2595,$400C_vol,0
2595,$400E_period,13
2595,$400E_mode,0
2596,$4000_duty,1
2596,$4000_const,1
2596,$4000_vol,8
2596,$4004_duty,2
2596,$4004_const,1
2596,$4004_vol,8
2596,$4008_linear,0
2596,$400C_const,1
2596,$400C_vol,0
2596,$400E_period,13
2596,$400E_mode,0
2597,$4000_duty,1
2597,$4000_const,1
2597,$4000_vol,8
2597,$4004_duty,2
2597,$4004_const,1
2597,$4004_vol,8
2597,$400C_const,1
2597,$400C_vol,0
2597,$400E_period,13
2597,$400E_mode,0
2598,$4000_duty,1
2598,$4000_const,1
2598,$4000_vol,7
2598,$4004_duty,2
2598,$4004_const,1
2598,$4004_vol,7
2598,$4008_linear,127
2598,$400A_period,427
2598,$400B_length,8
2598,$400C_const,1
2598,$400C_vol,12
2598,$400E_period,8
2598,$400E_mode,0
2599,$4000_duty,1
2599,$4000_const,1
2599,$4000_vol,7
2599,$4004_duty,2
2599,$4004_const,1
2599,$4004_vol,7
2599,$4008_linear,127
2599,$400C_const,1
2599,$400C_vol,9
2599,$400E_period,8
2599,$400E_mode,0
2600,$4000_duty,1
2600,$4000_const,1
2600,$4000_vol,6
2600,$4004_duty,2
2600,$4004_const,1
2600,$4004_vol,6
2600,$4008_linear,127
2600,$400C_const,1
2600,$400C_vol,6
2600,$400E_period,8
2600,$400E_mode,0
2601,$4000_duty,1
2601,$4000_const,1
2601,$4000_vol,5
2601,$4004_duty,2
2601,$4004_const,1
2601,$4004_vol,5
2601,$4008_linear,127
2601,$400C_const,1
2601,$400C_vol,3
2601,$400E_period,8
2601,$400E_mode,0
2602,$4000_duty,1
2602,$4000_const,1
2602,$4000_vol,5
2602,$4004_duty,2
2602,$4004_const,1
2602,$4004_vol,5
2602,$4008_linear,127
2602,$400C_const,1
2602,$400C_vol,0
2602,$400E_period,8
2602,$400E_mode,0
2603,$4000_duty,1
2603,$4000_const,1
2603,$4000_vol,4
2603,$4004_duty,2
2603,$4004_const,1
2603,$4004_vol,4
2603,$4008_linear,127
2603,$400C_const,1
2603,$400C_vol,0
2603,$400E_period,8
2603,$400E_mode,0
2604,$4000_duty,1
2604,$4000_const,1
2604,$4000_vol,3
2604,$4004_duty,2
2604,$4004_const,1
2604,$4004_vol,3
2604,$4008_linear,0
2604,$400C_const,1
2604,$400C_vol,0
2604,$400E_period,8
2604,$400E_mode,0
2605,$4000_duty,1
2605,$4000_const,1
2605,$4000_vol,3
2605,$4004_duty,2
2605,$4004_const,1
2605,$4004_vol,3
2605,$400C_const,1
2605,$400C_vol,0
2605,$400E_period,8
2605,$400E_mode,0
2606,$4000_duty,1
2606,$4000_const,1
2606,$4000_vol,2
2606,$4004_duty,2
2606,$4004_const,1
2606,$4004_vol,2
2606,$4008_linear,127
2606,$400A_period,481
2606,$400B_length,8
2606,$400C_const,1
2606,$400C_vol,12
2606,$400E_period,13
2606,$400E_mode,0
2607,$4000_duty,1
2607,$4000_const,1
2607,$4000_vol,2
2607,$4004_duty,2
2607,$4004_const,1
2607,$4004_vol,2
2607,$4008_linear,127
2607,$400C_const,1
2607,$400C_vol,9
2607,$400E_period,13
2607,$400E_mode,0
2608,$4000_duty,1
2608,$4000_const,1
2608,$4000_vol,1
2608,$4004_duty,2
2608,$4004_const,1
2608,$4004_vol,1
2608,$4008_linear,127
2608,$400C_const,1
2608,$400C_vol,6
2608,$400E_period,13
2608,$400E_mode,0
2609,$4000_duty,1
2609,$4000_const,1
2609,$4000_vol,0
2609,$4004_duty,2
2609,$4004_const,1
2609,$4004_vol,0
2609,$4008_linear,127
2609,$400C_const,1
2609,$400C_vol,3
2609,$400E_period,13
2609,$400E_mode,0
2610,$4000_duty,1
2610,$4000_const,1
2610,$4000_vol,0
2610,$4004_duty,2
2610,$4004_const,1
2610,$4004_vol,0
2610,$4008_linear,127
2610,$400C_const,1
2610,$400C_vol,0
2610,$400E_period,13
2610,$400E_mode,0
2611,$4000_duty,1
2611,$4000_const,1
2611,$4000_vol,0
2611,$4004_duty,2
2611,$4004_const,1
2611,$4004_vol,0
2611,$4008_linear,127
2611,$400C_const,1
2611,$400C_vol,0
2611,$400E_period,13
2611,$400E_mode,0
2612,$4000_duty,1
2612,$4000_const,1
2612,$4000_vol,0
2612,$4004_duty,2
2612,$4004_const,1
2612,$4004_vol,0
2612,$4008_linear,127
2612,$400C_const,1
2612,$400C_vol,0
2612,$400E_period,13
2612,$400E_mode,0
2613,$4000_duty,1
2613,$4000_const,1
2613,$4000_vol,12
2613,$4002_period,571
2613,$400B_length,9
2613,$4004_duty,2
2613,$4004_const,1
2613,$4004_vol,12
2613,$4006_period,719
2613,$4008_linear,127
2613,$400C_const,1
2613,$400C_vol,0
2613,$400E_period,13
2613,$400E_mode,0
2614,$4000_duty,1
2614,$4000_const,1
2614,$4000_vol,11
2614,$4004_duty,2
2614,$4004_const,1
2614,$4004_vol,11
2614,$4008_linear,127
2615,$4000_duty,1
2615,$4000_const,1
2615,$4000_vol,11
2615,$4004_duty,2
2615,$4004_const,1
2615,$4004_vol,11
2615,$4008_linear,127
2616,$4000_duty,1
2616,$4000_const,1
2616,$4000_vol,11
2616,$4004_duty,2
2616,$4004_const,1
2616,$4004_vol,11
2616,$4008_linear,127
2617,$4000_duty,1
2617,$4000_const,1
2617,$4000_vol,11
2617,$4004_duty,2
2617,$4004_const,1
2617,$4004_vol,11
2617,$4008_linear,127
2618,$4000_duty,1
2618,$4000_const,1
2618,$4000_vol,11
2618,$4004_duty,2
2618,$4004_const,1
2618,$4004_vol,10
2618,$4008_linear,0
2619,$4000_duty,1
2619,$4000_const,1
2619,$4000_vol,11
2619,$4004_duty,2
2619,$4004_const,1
2619,$4004_vol,10
2620,$4000_duty,1
2620,$4000_const,1
2620,$4000_vol,11
2620,$4004_duty,2
2620,$4004_const,1
2620,$4004_vol,9
2621,$4000_duty,1
2621,$4000_const,1
2621,$4000_vol,11
2621,$4004_duty,2
2621,$4004_const,1
2621,$4004_vol,9
2621,$4008_linear,127
2621,$400A_period,481
2621,$400B_length,8
2621,$400C_const,1
2621,$400C_vol,12
2621,$400E_period,13
2621,$400E_mode,0
2622,$4000_duty,1
2622,$4000_const,1
2622,$4000_vol,10
2622,$4004_duty,2
2622,$4004_const,1
2622,$4004_vol,8
2622,$4008_linear,127
2622,$400C_const,1
2622,$400C_vol,9
2622,$400E_period,13
2622,$400E_mode,0
2623,$4000_duty,1
2623,$4000_const,1
2623,$4000_vol,10
2623,$4004_duty,2
2623,$4004_const,1
2623,$4004_vol,7
2623,$4008_linear,127
2623,$400C_const,1
2623,$400C_vol,6
2623,$400E_period,13
2623,$400E_mode,0
2624,$4000_duty,1
2624,$4000_const,1
2624,$4000_vol,10
2624,$4004_duty,2
2624,$4004_const,1
2624,$4004_vol,7
2624,$4008_linear,127
2624,$400C_const,1
2624,$400C_vol,3
2624,$400E_period,13
2624,$400E_mode,0
2625,$4000_duty,1
2625,$4000_const,1
2625,$4000_vol,9
2625,$4004_duty,2
2625,$4004_const,1
2625,$4004_vol,6
2625,$4008_linear,127
2625,$400C_const,1
2625,$400C_vol,0
2625,$400E_period,13
2625,$400E_mode,0
2626,$4000_duty,1
2626,$4000_const,1
2626,$4000_vol,8
2626,$4004_duty,2
2626,$4004_const,1
2626,$4004_vol,5
2626,$4008_linear,127
2626,$400C_const,1
2626,$400C_vol,0
2626,$400E_period,13
2626,$400E_mode,0
2627,$4000_duty,1
2627,$4000_const,1
2627,$4000_vol,8
2627,$4004_duty,2
2627,$4004_const,1
2627,$4004_vol,5
2627,$4008_linear,127
2627,$400C_const,1
2627,$400C_vol,0
2627,$400E_period,13
2627,$400E_mode,0
2628,$4000_duty,1
2628,$4000_const,1
2628,$4000_vol,7
2628,$4004_duty,2
2628,$4004_const,1
2628,$4004_vol,4
2628,$4008_linear,127
2628,$400C_const,1
2628,$400C_vol,12
2628,$400E_period,8
2628,$400E_mode,0
2629,$4000_duty,1
2629,$4000_const,1
2629,$4000_vol,7
2629,$4004_duty,2
2629,$4004_const,1
2629,$4004_vol,4
2629,$4008_linear,127
2629,$400C_const,1
2629,$400C_vol,9
2629,$400E_period,8
2629,$400E_mode,0
2630,$4000_duty,1
2630,$4000_const,1
2630,$4000_vol,6
2630,$4004_duty,2
2630,$4004_const,1
2630,$4004_vol,3
2630,$4008_linear,127
2630,$400C_const,1
2630,$400C_vol,6
2630,$400E_period,8
2630,$400E_mode,0
2631,$4000_duty,1
2631,$4000_const,1
2631,$4000_vol,5
2631,$4004_duty,2
2631,$4004_const,1
2631,$4004_vol,2
2631,$4008_linear,127
2631,$400C_const,1
2631,$400C_vol,3
2631,$400E_period,8
2631,$400E_mode,0
2632,$4000_duty,1
2632,$4000_const,1
2632,$4000_vol,5
2632,$4004_duty,2
2632,$4004_const,1
2632,$4004_vol,2
2632,$4008_linear,127
2632,$400C_const,1
2632,$400C_vol,0
2632,$400E_period,8
2632,$400E_mode,0
2633,$4000_duty,1
2633,$4000_const,1
2633,$4000_vol,4
2633,$4004_duty,2
2633,$4004_const,1
2633,$4004_vol,1
2633,$4008_linear,0
2633,$400C_const,1
2633,$400C_vol,0
2633,$400E_period,8
2633,$400E_mode,0
2634,$4000_duty,1
2634,$4000_const,1
2634,$4000_vol,3
2634,$4004_duty,2
2634,$4004_const,1
2634,$4004_vol,0
2634,$400C_const,1
2634,$400C_vol,0
2634,$400E_period,8
2634,$400E_mode,0
2635,$4000_duty,1
2635,$4000_const,1
2635,$4000_vol,3
2635,$4004_duty,2
2635,$4004_const,1
2635,$4004_vol,0
2635,$400C_const,1
2635,$400C_vol,0
2635,$400E_period,8
2635,$400E_mode,0
2636,$4000_duty,1
2636,$4000_const,1
2636,$4000_vol,12
2636,$4002_period,481
2636,$400B_length,8
2636,$4004_duty,2
2636,$4004_const,1
2636,$4004_vol,12
2636,$4006_period,571
2636,$4008_linear,127
2636,$400A_period,481
2636,$400B_length,8
2636,$400C_const,1
2636,$400C_vol,12
2636,$400E_period,13
2636,$400E_mode,0
2637,$4000_duty,1
2637,$4000_const,1
2637,$4000_vol,11
2637,$4004_duty,2
2637,$4004_const,1
2637,$4004_vol,11
2637,$4008_linear,127
2637,$400C_const,1
2637,$400C_vol,9
2637,$400E_period,13
2637,$400E_mode,0
2638,$4000_duty,1
2638,$4000_const,1
2638,$4000_vol,11
2638,$4004_duty,2
2638,$4004_const,1
2638,$4004_vol,11
2638,$4008_linear,127
2638,$400C_const,1
2638,$400C_vol,6
2638,$400E_period,13
2638,$400E_mode,0
2639,$4000_duty,1
2639,$4000_const,1
2639,$4000_vol,11
2639,$4004_duty,2
2639,$4004_const,1
2639,$4004_vol,11
2639,$4008_linear,127
2639,$400C_const,1
2639,$400C_vol,3
2639,$400E_period,13
2639,$400E_mode,0
2640,$4000_duty,1
2640,$4000_const,1
2640,$4000_vol,11
2640,$4004_duty,2
2640,$4004_const,1
2640,$4004_vol,11
2640,$4008_linear,127
2640,$400C_const,1
2640,$400C_vol,0
2640,$400E_period,13
2640,$400E_mode,0
2641,$4000_duty,1
2641,$4000_const,1
2641,$4000_vol,11
2641,$4004_duty,2
2641,$4004_const,1
2641,$4004_vol,11
2641,$4008_linear,127
2641,$400C_const,1
2641,$400C_vol,0
2641,$400E_period,13
2641,$400E_mode,0
2642,$4000_duty,1
2642,$4000_const,1
2642,$4000_vol,11
2642,$4004_duty,2
2642,$4004_const,1
2642,$4004_vol,11
2642,$4008_linear,0
2642,$400C_const,1
2642,$400C_vol,0
2642,$400E_period,13
2642,$400E_mode,0
2643,$4000_duty,1
2643,$4000_const,1
2643,$4000_vol,11
2643,$4004_duty,2
2643,$4004_const,1
2643,$4004_vol,11
2643,$4008_linear,127
2643,$400A_period,481
2643,$400B_length,8
2643,$400C_const,1
2643,$400C_vol,12
2643,$400E_period,13
2643,$400E_mode,0
2644,$4000_duty,1
2644,$4000_const,1
2644,$4000_vol,11
2644,$4004_duty,2
2644,$4004_const,1
2644,$4004_vol,11
2644,$4008_linear,127
2644,$400C_const,1
2644,$400C_vol,9
2644,$400E_period,13
2644,$400E_mode,0
2645,$4000_duty,1
2645,$4000_const,1
2645,$4000_vol,10
2645,$4004_duty,2
2645,$4004_const,1
2645,$4004_vol,10
2645,$4008_linear,127
2645,$400C_const,1
2645,$400C_vol,6
2645,$400E_period,13
2645,$400E_mode,0
2646,$4000_duty,1
2646,$4000_const,1
2646,$4000_vol,10
2646,$4004_duty,2
2646,$4004_const,1
2646,$4004_vol,10
2646,$4008_linear,127
2646,$400C_const,1
2646,$400C_vol,3
2646,$400E_period,13
2646,$400E_mode,0
2647,$4000_duty,1
2647,$4000_const,1
2647,$4000_vol,10
2647,$4004_duty,2
2647,$4004_const,1
2647,$4004_vol,10
2647,$4008_linear,127
2647,$400C_const,1
2647,$400C_vol,0
2647,$400E_period,13
2647,$400E_mode,0
2648,$4000_duty,1
2648,$4000_const,1
2648,$4000_vol,10
2648,$4004_duty,2
2648,$4004_const,1
2648,$4004_vol,10
2648,$4008_linear,127
2648,$400C_const,1
2648,$400C_vol,0
2648,$400E_period,13
2648,$400E_mode,0
2649,$4000_duty,1
2649,$4000_const,1
2649,$4000_vol,10
2649,$4004_duty,2
2649,$4004_const,1
2649,$4004_vol,10
2649,$4008_linear,127
2649,$400C_const,1
2649,$400C_vol,0
2649,$400E_period,13
2649,$400E_mode,0
2650,$4000_duty,1
2650,$4000_const,1
2650,$4000_vol,10
2650,$4004_duty,2
2650,$4004_const,1
2650,$4004_vol,10
2650,$4008_linear,127
2650,$400C_const,1
2650,$400C_vol,0
2650,$400E_period,13
2650,$400E_mode,0
2651,$4000_duty,1
2651,$4000_const,1
2651,$4000_vol,10
2651,$4004_duty,2
2651,$4004_const,1
2651,$4004_vol,10
2651,$4008_linear,127
2651,$400C_const,1
2651,$400C_vol,0
2651,$400E_period,13
2651,$400E_mode,0
2652,$4000_duty,1
2652,$4000_const,1
2652,$4000_vol,10
2652,$4004_duty,2
2652,$4004_const,1
2652,$4004_vol,10
2652,$4008_linear,127
2652,$400C_const,1
2652,$400C_vol,0
2652,$400E_period,13
2652,$400E_mode,0
2653,$4000_duty,1
2653,$4000_const,1
2653,$4000_vol,9
2653,$4004_duty,2
2653,$4004_const,1
2653,$4004_vol,9
2653,$4008_linear,127
2653,$400C_const,1
2653,$400C_vol,0
2653,$400E_period,13
2653,$400E_mode,0
2654,$4000_duty,1
2654,$4000_const,1
2654,$4000_vol,9
2654,$4004_duty,2
2654,$4004_const,1
2654,$4004_vol,9
2654,$4008_linear,127
2654,$400C_const,1
2654,$400C_vol,0
2654,$400E_period,13
2654,$400E_mode,0
2655,$4000_duty,1
2655,$4000_const,1
2655,$4000_vol,9
2655,$4004_duty,2
2655,$4004_const,1
2655,$4004_vol,9
2655,$4008_linear,0
2655,$400C_const,1
2655,$400C_vol,0
2655,$400E_period,13
2655,$400E_mode,0
2656,$4000_duty,1
2656,$4000_const,1
2656,$4000_vol,9
2656,$4004_duty,2
2656,$4004_const,1
2656,$4004_vol,9
2656,$4008_linear,0
2656,$400C_const,1
2656,$400C_vol,0
2656,$400E_period,13
2656,$400E_mode,0
2657,$4000_duty,1
2657,$4000_const,1
2657,$4000_vol,9
2657,$4004_duty,2
2657,$4004_const,1
2657,$4004_vol,9
2657,$400C_const,1
2657,$400C_vol,0
2657,$400E_period,13
2657,$400E_mode,0
2658,$4000_duty,1
2658,$4000_const,1
2658,$4000_vol,9
2658,$4004_duty,2
2658,$4004_const,1
2658,$4004_vol,9
2658,$4008_linear,127
2658,$400A_period,481
2658,$400B_length,8
2658,$400C_const,1
2658,$400C_vol,12
2658,$400E_period,8
2658,$400E_mode,0
2659,$4000_duty,1
2659,$4000_const,1
2659,$4000_vol,9
2659,$4004_duty,2
2659,$4004_const,1
2659,$4004_vol,9
2659,$4008_linear,127
2659,$400C_const,1
2659,$400C_vol,9
2659,$400E_period,8
2659,$400E_mode,0
2660,$4000_duty,1
2660,$4000_const,1
2660,$4000_vol,9
2660,$4004_duty,2
2660,$4004_const,1
2660,$4004_vol,9
2660,$4008_linear,127
2660,$400C_const,1
2660,$400C_vol,6
2660,$400E_period,8
2660,$400E_mode,0
2661,$4000_duty,1
2661,$4000_const,1
2661,$4000_vol,8
2661,$4004_duty,2
2661,$4004_const,1
2661,$4004_vol,8
2661,$4008_linear,127
2661,$400C_const,1
2661,$400C_vol,3
2661,$400E_period,8
2661,$400E_mode,0
2662,$4000_duty,1
2662,$4000_const,1
2662,$4000_vol,8
2662,$4004_duty,2
2662,$4004_const,1
2662,$4004_vol,8
2662,$4008_linear,127
2662,$400C_const,1
2662,$400C_vol,0
2662,$400E_period,8
2662,$400E_mode,0
2663,$4004_duty,0
2663,$4004_const,1
2663,$4004_vol,0
2663,$4001_sweep,8
2663,$4005_sweep,8
2663,$4000_duty,1
2663,$4000_const,1
2663,$4000_vol,8
2663,$4008_linear,127
2663,$400C_const,1
2663,$400C_vol,0
2663,$400E_period,8
2663,$400E_mode,0
2664,$4000_duty,1
2664,$4000_const,1
2664,$4000_vol,8
2664,$4004_duty,2
2664,$4004_const,1
2664,$4004_vol,15
2664,$4006_period,481
2664,$4008_linear,127
2664,$400C_const,1
2664,$400C_vol,0
2664,$400E_period,8
2664,$400E_mode,0
2665,$4000_duty,1
2665,$4000_const,1
2665,$4000_vol,7
2665,$4004_duty,2
2665,$4004_const,1
2665,$4004_vol,14
2665,$4008_linear,127
2665,$400C_const,1
2665,$400C_vol,0
2665,$400E_period,8
2665,$400E_mode,0
2666,$4000_duty,1
2666,$4000_const,1
2666,$4000_vol,7
2666,$4004_duty,2
2666,$4004_const,1
2666,$4004_vol,13
2666,$4008_linear,127
2666,$400C_const,1
2666,$400C_vol,0
2666,$400E_period,8
2666,$400E_mode,0
2667,$4000_duty,1
2667,$4000_const,1
2667,$4000_vol,6
2667,$4004_duty,2
2667,$4004_const,1
2667,$4004_vol,12
2667,$4008_linear,127
2667,$400C_const,1
2667,$400C_vol,0
2667,$400E_period,8
2667,$400E_mode,0
2668,$4000_duty,1
2668,$4000_const,1
2668,$4000_vol,6
2668,$4004_duty,2
2668,$4004_const,1
2668,$4004_vol,11
2668,$4008_linear,127
2668,$400C_const,1
2668,$400C_vol,0
2668,$400E_period,8
2668,$400E_mode,0
2669,$4000_duty,1
2669,$4000_const,1
2669,$4000_vol,5
2669,$4004_duty,2
2669,$4004_const,1
2669,$4004_vol,10
2669,$4008_linear,127
2669,$400C_const,1
2669,$400C_vol,0
2669,$400E_period,8
2669,$400E_mode,0
2670,$4000_duty,1
2670,$4000_const,1
2670,$4000_vol,4
2670,$4004_duty,2
2670,$4004_const,1
2670,$4004_vol,9
2670,$4008_linear,0
2670,$400C_const,1
2670,$400C_vol,0
2670,$400E_period,8
2670,$400E_mode,0
2671,$4000_duty,1
2671,$4000_const,1
2671,$4000_vol,4
2671,$4004_duty,2
2671,$4004_const,1
2671,$4004_vol,8
2671,$4008_linear,0
2671,$400C_const,1
2671,$400C_vol,0
2671,$400E_period,8
2671,$400E_mode,0
2672,$4000_duty,1
2672,$4000_const,1
2672,$4000_vol,3
2672,$4004_duty,2
2672,$4004_const,1
2672,$4004_vol,7
2672,$400C_const,1
2672,$400C_vol,0
2672,$400E_period,8
2672,$400E_mode,0
2673,$4000_duty,1
2673,$4000_const,1
2673,$4000_vol,2
2673,$4004_duty,2
2673,$4004_const,1
2673,$4004_vol,6
2673,$4008_linear,127
2673,$400A_period,509
2673,$400B_length,8
2673,$400C_const,1
2673,$400C_vol,12
2673,$400E_period,13
2673,$400E_mode,0
2674,$4000_duty,1
2674,$4000_const,1
2674,$4000_vol,2
2674,$4004_duty,2
2674,$4004_const,1
2674,$4004_vol,5
2674,$4008_linear,127
2674,$400C_const,1
2674,$400C_vol,9
2674,$400E_period,13
2674,$400E_mode,0
2675,$4000_duty,1
2675,$4000_const,1
2675,$4000_vol,1
2675,$4004_duty,2
2675,$4004_const,1
2675,$4004_vol,4
2675,$4008_linear,127
2675,$400C_const,1
2675,$400C_vol,6
2675,$400E_period,13
2675,$400E_mode,0
2676,$4000_duty,1
2676,$4000_const,1
2676,$4000_vol,1
2676,$4004_duty,2
2676,$4004_const,1
2676,$4004_vol,3
2676,$4008_linear,127
2676,$400C_const,1
2676,$400C_vol,3
2676,$400E_period,13
2676,$400E_mode,0
2677,$4000_duty,1
2677,$4000_const,1
2677,$4000_vol,0
2677,$4004_duty,2
2677,$4004_const,1
2677,$4004_vol,2
2677,$4008_linear,127
2677,$400C_const,1
2677,$400C_vol,0
2677,$400E_period,13
2677,$400E_mode,0
2678,$4000_duty,1
2678,$4000_const,1
2678,$4000_vol,0
2678,$4004_duty,2
2678,$4004_const,1
2678,$4004_vol,1
2678,$4008_linear,127
2678,$400C_const,1
2678,$400C_vol,0
2678,$400E_period,13
2678,$400E_mode,0
2679,$4000_duty,1
2679,$4000_const,1
2679,$4000_vol,0
2679,$4004_duty,2
2679,$4004_const,1
2679,$4004_vol,1
2679,$4008_linear,127
2679,$400C_const,1
2679,$400C_vol,0
2679,$400E_period,13
2679,$400E_mode,0
2680,$4000_duty,1
2680,$4000_const,1
2680,$4000_vol,0
2680,$4004_duty,2
2680,$4004_const,1
2680,$4004_vol,2
2680,$4008_linear,127
2680,$400C_const,1
2680,$400C_vol,0
2680,$400E_period,13
2680,$400E_mode,0
2681,$4000_duty,1
2681,$4000_const,1
2681,$4000_vol,0
2681,$4004_duty,2
2681,$4004_const,1
2681,$4004_vol,3
2681,$4008_linear,127
2681,$400C_const,1
2681,$400C_vol,0
2681,$400E_period,13
2681,$400E_mode,0
2682,$4000_duty,1
2682,$4000_const,1
2682,$4000_vol,0
2682,$4004_duty,2
2682,$4004_const,1
2682,$4004_vol,5
2682,$4008_linear,127
2682,$400C_const,1
2682,$400C_vol,0
2682,$400E_period,13
2682,$400E_mode,0
2683,$4000_duty,1
2683,$4000_const,1
2683,$4000_vol,0
2683,$4004_duty,2
2683,$4004_const,1
2683,$4004_vol,6
2683,$4008_linear,127
2683,$400C_const,1
2683,$400C_vol,0
2683,$400E_period,13
2683,$400E_mode,0
2684,$4004_duty,0
2684,$4004_const,1
2684,$4004_vol,0
2684,$4001_sweep,8
2684,$4005_sweep,8
2684,$4004_duty,2
2684,$4004_const,1
2684,$4004_vol,10
2684,$4006_period,427
2684,$4008_linear,127
2684,$400C_const,1
2684,$400C_vol,0
2684,$400E_period,13
2684,$400E_mode,0
2685,$4004_duty,2
2685,$4004_const,1
2685,$4004_vol,9
2685,$4008_linear,0
2685,$400C_const,1
2685,$400C_vol,0
2685,$400E_period,13
2685,$400E_mode,0
2686,$4004_duty,2
2686,$4004_const,1
2686,$4004_vol,8
2686,$4008_linear,0
2686,$400C_const,1
2686,$400C_vol,0
2686,$400E_period,13
2686,$400E_mode,0
2687,$4004_duty,2
2687,$4004_const,1
2687,$4004_vol,8
2687,$400C_const,1
2687,$400C_vol,0
2687,$400E_period,13
2687,$400E_mode,0
2688,$4000_duty,1
2688,$4000_const,1
2688,$4000_vol,12
2688,$4002_period,359
2688,$400B_length,8
2688,$4004_duty,2
2688,$4004_const,1
2688,$4004_vol,12
2688,$4006_period,481
2688,$4008_linear,127
2688,$400A_period,509
2688,$400B_length,8
2688,$400C_const,1
2688,$400C_vol,12
2688,$400E_period,8
2688,$400E_mode,0
2689,$4000_duty,1
2689,$4000_const,1
2689,$4000_vol,11
2689,$4004_duty,2
2689,$4004_const,1
2689,$4004_vol,11
2689,$4008_linear,127
2689,$400C_const,1
2689,$400C_vol,9
2689,$400E_period,8
2689,$400E_mode,0
2690,$4000_duty,1
2690,$4000_const,1
2690,$4000_vol,11
2690,$4004_duty,2
2690,$4004_const,1
2690,$4004_vol,11
2690,$4008_linear,127
2690,$400C_const,1
2690,$400C_vol,6
2690,$400E_period,8
2690,$400E_mode,0
2691,$4000_duty,1
2691,$4000_const,1
2691,$4000_vol,11
2691,$4004_duty,2
2691,$4004_const,1
2691,$4004_vol,11
2691,$4008_linear,127
2691,$400C_const,1
2691,$400C_vol,3
2691,$400E_period,8
2691,$400E_mode,0
2692,$4000_duty,1
2692,$4000_const,1
2692,$4000_vol,11
2692,$4004_duty,2
2692,$4004_const,1
2692,$4004_vol,11
2692,$4008_linear,127
2692,$400C_const,1
2692,$400C_vol,0
2692,$400E_period,8
2692,$400E_mode,0
2693,$4000_duty,1
2693,$4000_const,1
2693,$4000_vol,10
2693,$4004_duty,2
2693,$4004_const,1
2693,$4004_vol,11
2693,$4008_linear,127
2693,$400C_const,1
2693,$400C_vol,0
2693,$400E_period,8
2693,$400E_mode,0
2694,$4000_duty,1
2694,$4000_const,1
2694,$4000_vol,10
2694,$4004_duty,2
2694,$4004_const,1
2694,$4004_vol,11
2694,$4008_linear,127
2694,$400C_const,1
2694,$400C_vol,0
2694,$400E_period,8
2694,$400E_mode,0
2695,$4000_duty,1
2695,$4000_const,1
2695,$4000_vol,9
2695,$4004_duty,2
2695,$4004_const,1
2695,$4004_vol,11
2695,$4008_linear,127
2695,$400C_const,1
2695,$400C_vol,0
2695,$400E_period,8
2695,$400E_mode,0
2696,$4000_duty,1
2696,$4000_const,1
2696,$4000_vol,9
2696,$4004_duty,2
2696,$4004_const,1
2696,$4004_vol,11
2696,$4008_linear,127
2696,$400C_const,1
2696,$400C_vol,0
2696,$400E_period,8
2696,$400E_mode,0
2697,$4000_duty,1
2697,$4000_const,1
2697,$4000_vol,8
2697,$4004_duty,2
2697,$4004_const,1
2697,$4004_vol,10
2697,$4008_linear,127
2697,$400C_const,1
2697,$400C_vol,0
2697,$400E_period,8
2697,$400E_mode,0
2698,$4000_duty,1
2698,$4000_const,1
2698,$4000_vol,7
2698,$4004_duty,2
2698,$4004_const,1
2698,$4004_vol,10
2698,$4008_linear,127
2698,$400C_const,1
2698,$400C_vol,0
2698,$400E_period,8
2698,$400E_mode,0
2699,$4000_duty,1
2699,$4000_const,1
2699,$4000_vol,7
2699,$4004_duty,2
2699,$4004_const,1
2699,$4004_vol,10
2699,$4008_linear,127
2699,$400C_const,1
2699,$400C_vol,0
2699,$400E_period,8
2699,$400E_mode,0
2700,$4000_duty,1
2700,$4000_const,1
2700,$4000_vol,6
2700,$4004_duty,2
2700,$4004_const,1
2700,$4004_vol,9
2700,$4008_linear,0
2700,$400C_const,1
2700,$400C_vol,0
2700,$400E_period,8
2700,$400E_mode,0
2701,$4000_duty,1
2701,$4000_const,1
2701,$4000_vol,5
2701,$4004_duty,2
2701,$4004_const,1
2701,$4004_vol,8
2701,$4008_linear,0
2701,$400C_const,1
2701,$400C_vol,0
2701,$400E_period,8
2701,$400E_mode,0
2702,$4000_duty,1
2702,$4000_const,1
2702,$4000_vol,5
2702,$4004_duty,2
2702,$4004_const,1
2702,$4004_vol,8
2702,$400C_const,1
2702,$400C_vol,0
2702,$400E_period,8
2702,$400E_mode,0
2703,$4000_duty,1
2703,$4000_const,1
2703,$4000_vol,12
2703,$4002_period,359
2703,$400B_length,8
2703,$4004_duty,2
2703,$4004_const,1
2703,$4004_vol,12
2703,$4006_period,509
2703,$4008_linear,127
2703,$400A_period,509
2703,$400B_length,8
2703,$400C_const,1
2703,$400C_vol,12
2703,$400E_period,13
2703,$400E_mode,0
2704,$4000_duty,1
2704,$4000_const,1
2704,$4000_vol,11
2704,$4004_duty,2
2704,$4004_const,1
2704,$4004_vol,11
2704,$4008_linear,127
2704,$400C_const,1
2704,$400C_vol,9
2704,$400E_period,13
2704,$400E_mode,0
2705,$4000_duty,1
2705,$4000_const,1
2705,$4000_vol,11
2705,$4004_duty,2
2705,$4004_const,1
2705,$4004_vol,11
2705,$4008_linear,127
2705,$400C_const,1
2705,$400C_vol,6
2705,$400E_period,13
2705,$400E_mode,0
2706,$4000_duty,1
2706,$4000_const,1
2706,$4000_vol,11
2706,$4004_duty,2
2706,$4004_const,1
2706,$4004_vol,11
2706,$4008_linear,127
2706,$400C_const,1
2706,$400C_vol,3
2706,$400E_period,13
2706,$400E_mode,0
2707,$4000_duty,1
2707,$4000_const,1
2707,$4000_vol,11
2707,$4004_duty,2
2707,$4004_const,1
2707,$4004_vol,11
2707,$4008_linear,127
2707,$400C_const,1
2707,$400C_vol,0
2707,$400E_period,13
2707,$400E_mode,0
2708,$4000_duty,1
2708,$4000_const,1
2708,$4000_vol,10
2708,$4004_duty,2
2708,$4004_const,1
2708,$4004_vol,11
2708,$4008_linear,127
2708,$400C_const,1
2708,$400C_vol,0
2708,$400E_period,13
2708,$400E_mode,0
2709,$4000_duty,1
2709,$4000_const,1
2709,$4000_vol,10
2709,$4004_duty,2
2709,$4004_const,1
2709,$4004_vol,11
2709,$4008_linear,127
2709,$400C_const,1
2709,$400C_vol,0
2709,$400E_period,13
2709,$400E_mode,0
2710,$4000_duty,1
2710,$4000_const,1
2710,$4000_vol,9
2710,$4004_duty,2
2710,$4004_const,1
2710,$4004_vol,11
2710,$4008_linear,127
2710,$400C_const,1
2710,$400C_vol,0
2710,$400E_period,13
2710,$400E_mode,0
2711,$4000_duty,1
2711,$4000_const,1
2711,$4000_vol,9
2711,$4004_duty,2
2711,$4004_const,1
2711,$4004_vol,11
2711,$4008_linear,127
2711,$400C_const,1
2711,$400C_vol,0
2711,$400E_period,13
2711,$400E_mode,0
2712,$4000_duty,1
2712,$4000_const,1
2712,$4000_vol,8
2712,$4004_duty,2
2712,$4004_const,1
2712,$4004_vol,10
2712,$4008_linear,127
2712,$400C_const,1
2712,$400C_vol,0
2712,$400E_period,13
2712,$400E_mode,0
2713,$4000_duty,1
2713,$4000_const,1
2713,$4000_vol,7
2713,$4004_duty,2
2713,$4004_const,1
2713,$4004_vol,10
2713,$4008_linear,127
2713,$400C_const,1
2713,$400C_vol,0
2713,$400E_period,13
2713,$400E_mode,0
2714,$4000_duty,1
2714,$4000_const,1
2714,$4000_vol,7
2714,$4004_duty,2
2714,$4004_const,1
2714,$4004_vol,10
2714,$4008_linear,127
2714,$400C_const,1
2714,$400C_vol,0
2714,$400E_period,13
2714,$400E_mode,0
2715,$4000_duty,1
2715,$4000_const,1
2715,$4000_vol,6
2715,$4004_duty,2
2715,$4004_const,1
2715,$4004_vol,9
2715,$4008_linear,0
2715,$400C_const,1
2715,$400C_vol,0
2715,$400E_period,13
2715,$400E_mode,0
2716,$4000_duty,1
2716,$4000_const,1
2716,$4000_vol,5
2716,$4004_duty,2
2716,$4004_const,1
2716,$4004_vol,8
2716,$4008_linear,0
2716,$400C_const,1
2716,$400C_vol,0
2716,$400E_period,13
2716,$400E_mode,0
2717,$4000_duty,1
2717,$4000_const,1
2717,$4000_vol,5
2717,$4004_duty,2
2717,$4004_const,1
2717,$4004_vol,8
2717,$400C_const,1
2717,$400C_vol,0
2717,$400E_period,13
2717,$400E_mode,0
2718,$4000_duty,1
2718,$4000_const,1
2718,$4000_vol,12
2718,$4002_period,359
2718,$400B_length,8
2718,$4004_duty,2
2718,$4004_const,1
2718,$4004_vol,12
2718,$4006_period,571
2718,$4008_linear,127
2718,$400A_period,509
2718,$400B_length,8
2718,$400C_const,1
2718,$400C_vol,12
2718,$400E_period,8
2718,$400E_mode,0
2719,$4000_duty,1
2719,$4000_const,1
2719,$4000_vol,11
2719,$4004_duty,2
2719,$4004_const,1
2719,$4004_vol,11
2719,$4008_linear,127
2719,$400C_const,1
2719,$400C_vol,9
2719,$400E_period,8
2719,$400E_mode,0
2720,$4000_duty,1
2720,$4000_const,1
2720,$4000_vol,11
2720,$4004_duty,2
2720,$4004_const,1
2720,$4004_vol,11
2720,$4008_linear,127
2720,$400C_const,1
2720,$400C_vol,6
2720,$400E_period,8
2720,$400E_mode,0
2721,$4000_duty,1
2721,$4000_const,1
2721,$4000_vol,11
2721,$4004_duty,2
2721,$4004_const,1
2721,$4004_vol,11
2721,$4008_linear,127
2721,$400C_const,1
2721,$400C_vol,3
2721,$400E_period,8
2721,$400E_mode,0
2722,$4000_duty,1
2722,$4000_const,1
2722,$4000_vol,11
2722,$4004_duty,2
2722,$4004_const,1
2722,$4004_vol,11
2722,$4008_linear,127
2722,$400C_const,1
2722,$400C_vol,0
2722,$400E_period,8
2722,$400E_mode,0
2723,$4000_duty,1
2723,$4000_const,1
2723,$4000_vol,10
2723,$4004_duty,2
2723,$4004_const,1
2723,$4004_vol,11
2723,$4008_linear,127
2723,$400C_const,1
2723,$400C_vol,0
2723,$400E_period,8
2723,$400E_mode,0
2724,$4000_duty,1
2724,$4000_const,1
2724,$4000_vol,10
2724,$4004_duty,2
2724,$4004_const,1
2724,$4004_vol,11
2724,$4008_linear,0
2724,$400C_const,1
2724,$400C_vol,0
2724,$400E_period,8
2724,$400E_mode,0
2725,$4000_duty,1
2725,$4000_const,1
2725,$4000_vol,9
2725,$4004_duty,2
2725,$4004_const,1
2725,$4004_vol,11
2725,$4008_linear,0
2725,$400C_const,1
2725,$400C_vol,0
2725,$400E_period,8
2725,$400E_mode,0
2726,$4000_duty,1
2726,$4000_const,1
2726,$4000_vol,9
2726,$4004_duty,2
2726,$4004_const,1
2726,$4004_vol,11
2726,$4008_linear,127
2726,$400A_period,381
2726,$400B_length,8
2726,$400C_const,1
2726,$400C_vol,12
2726,$400E_period,13
2726,$400E_mode,0
2727,$4000_duty,1
2727,$4000_const,1
2727,$4000_vol,8
2727,$4004_duty,2
2727,$4004_const,1
2727,$4004_vol,10
2727,$4008_linear,127
2727,$400C_const,1
2727,$400C_vol,9
2727,$400E_period,13
2727,$400E_mode,0
2728,$4000_duty,1
2728,$4000_const,1
2728,$4000_vol,7
2728,$4004_duty,2
2728,$4004_const,1
2728,$4004_vol,10
2728,$4008_linear,127
2728,$400C_const,1
2728,$400C_vol,6
2728,$400E_period,13
2728,$400E_mode,0
2729,$4000_duty,1
2729,$4000_const,1
2729,$4000_vol,7
2729,$4004_duty,2
2729,$4004_const,1
2729,$4004_vol,10
2729,$4008_linear,127
2729,$400C_const,1
2729,$400C_vol,3
2729,$400E_period,13
2729,$400E_mode,0
2730,$4000_duty,1
2730,$4000_const,1
2730,$4000_vol,6
2730,$4004_duty,2
2730,$4004_const,1
2730,$4004_vol,9
2730,$4008_linear,127
2730,$400C_const,1
2730,$400C_vol,0
2730,$400E_period,13
2730,$400E_mode,0
2731,$4000_duty,1
2731,$4000_const,1
2731,$4000_vol,5
2731,$4004_duty,2
2731,$4004_const,1
2731,$4004_vol,8
2731,$4008_linear,127
2731,$400C_const,1
2731,$400C_vol,0
2731,$400E_period,13
2731,$400E_mode,0
2732,$4000_duty,1
2732,$4000_const,1
2732,$4000_vol,5
2732,$4004_duty,2
2732,$4004_const,1
2732,$4004_vol,8
2732,$4008_linear,127
2732,$400C_const,1
2732,$400C_vol,0
2732,$400E_period,13
2732,$400E_mode,0
2733,$4000_duty,1
2733,$4000_const,1
2733,$4000_vol,12
2733,$4002_period,381
2733,$400B_length,8
2733,$4004_duty,2
2733,$4004_const,1
2733,$4004_vol,12
2733,$4006_period,605
2733,$4008_linear,127
2733,$400C_const,1
2733,$400C_vol,0
2733,$400E_period,13
2733,$400E_mode,0
2734,$4000_duty,1
2734,$4000_const,1
2734,$4000_vol,11
2734,$4004_duty,2
2734,$4004_const,1
2734,$4004_vol,11
2734,$4008_linear,127
2735,$4000_duty,1
2735,$4000_const,1
2735,$4000_vol,11
2735,$4004_duty,2
2735,$4004_const,1
2735,$4004_vol,11
2735,$4008_linear,127
2736,$4000_duty,1
2736,$4000_const,1
2736,$4000_vol,11
2736,$4004_duty,2
2736,$4004_const,1
2736,$4004_vol,11
2736,$4008_linear,127
2737,$4000_duty,1
2737,$4000_const,1
2737,$4000_vol,11
2737,$4004_duty,2
2737,$4004_const,1
2737,$4004_vol,11
2737,$4008_linear,127
2738,$4000_duty,1
2738,$4000_const,1
2738,$4000_vol,11
2738,$4004_duty,2
2738,$4004_const,1
2738,$4004_vol,11
2738,$4008_linear,0
2739,$4000_duty,1
2739,$4000_const,1
2739,$4000_vol,11
2739,$4004_duty,2
2739,$4004_const,1
2739,$4004_vol,11
2740,$4000_duty,1
2740,$4000_const,1
2740,$4000_vol,11
2740,$4004_duty,2
2740,$4004_const,1
2740,$4004_vol,11
2741,$4000_duty,1
2741,$4000_const,1
2741,$4000_vol,11
2741,$4004_duty,2
2741,$4004_const,1
2741,$4004_vol,11
2741,$4008_linear,127
2741,$400A_period,381
2741,$400B_length,8
2741,$400C_const,1
2741,$400C_vol,12
2741,$400E_period,13
2741,$400E_mode,0
2742,$4000_duty,1
2742,$4000_const,1
2742,$4000_vol,10
2742,$4004_duty,2
2742,$4004_const,1
2742,$4004_vol,10
2742,$4008_linear,127
2742,$400C_const,1
2742,$400C_vol,9
2742,$400E_period,13
2742,$400E_mode,0
2743,$4000_duty,1
2743,$4000_const,1
2743,$4000_vol,10
2743,$4004_duty,2
2743,$4004_const,1
2743,$4004_vol,10
2743,$4008_linear,127
2743,$400C_const,1
2743,$400C_vol,6
2743,$400E_period,13
2743,$400E_mode,0
2744,$4000_duty,1
2744,$4000_const,1
2744,$4000_vol,10
2744,$4004_duty,2
2744,$4004_const,1
2744,$4004_vol,10
2744,$4008_linear,127
2744,$400C_const,1
2744,$400C_vol,3
2744,$400E_period,13
2744,$400E_mode,0
2745,$4000_duty,1
2745,$4000_const,1
2745,$4000_vol,9
2745,$4004_duty,2
2745,$4004_const,1
2745,$4004_vol,9
2745,$4008_linear,127
2745,$400C_const,1
2745,$400C_vol,0
2745,$400E_period,13
2745,$400E_mode,0
2746,$4000_duty,1
2746,$4000_const,1
2746,$4000_vol,8
2746,$4004_duty,2
2746,$4004_const,1
2746,$4004_vol,8
2746,$4008_linear,127
2746,$400C_const,1
2746,$400C_vol,0
2746,$400E_period,13
2746,$400E_mode,0
2747,$4000_duty,1
2747,$4000_const,1
2747,$4000_vol,8
2747,$4004_duty,2
2747,$4004_const,1
2747,$4004_vol,8
2747,$4008_linear,127
2747,$400C_const,1
2747,$400C_vol,0
2747,$400E_period,13
2747,$400E_mode,0
2748,$4000_duty,1
2748,$4000_const,1
2748,$4000_vol,12
2748,$4002_period,427
2748,$400B_length,8
2748,$4004_duty,2
2748,$4004_const,1
2748,$4004_vol,12
2748,$4006_period,605
2748,$4008_linear,127
2748,$400C_const,1
2748,$400C_vol,12
2748,$400E_period,8
2748,$400E_mode,0
2749,$4000_duty,1
2749,$4000_const,1
2749,$4000_vol,11
2749,$4004_duty,2
2749,$4004_const,1
2749,$4004_vol,11
2749,$4008_linear,127
2749,$400C_const,1
2749,$400C_vol,9
2749,$400E_period,8
2749,$400E_mode,0
2750,$4000_duty,1
2750,$4000_const,1
2750,$4000_vol,11
2750,$4004_duty,2
2750,$4004_const,1
2750,$4004_vol,11
2750,$4008_linear,127
2750,$400C_const,1
2750,$400C_vol,6
2750,$400E_period,8
2750,$400E_mode,0
2751,$4000_duty,1
2751,$4000_const,1
2751,$4000_vol,11
2751,$4004_duty,2
2751,$4004_const,1
2751,$4004_vol,11
2751,$4008_linear,127
2751,$400C_const,1
2751,$400C_vol,3
2751,$400E_period,8
2751,$400E_mode,0
2752,$4000_duty,1
2752,$4000_const,1
2752,$4000_vol,11
2752,$4004_duty,2
2752,$4004_const,1
2752,$4004_vol,11
2752,$4008_linear,127
2752,$400C_const,1
2752,$400C_vol,0
2752,$400E_period,8
2752,$400E_mode,0
2753,$4000_duty,1
2753,$4000_const,1
2753,$4000_vol,11
2753,$4004_duty,2
2753,$4004_const,1
2753,$4004_vol,11
2753,$4008_linear,0
2753,$400C_const,1
2753,$400C_vol,0
2753,$400E_period,8
2753,$400E_mode,0
2754,$4000_duty,1
2754,$4000_const,1
2754,$4000_vol,11
2754,$4004_duty,2
2754,$4004_const,1
2754,$4004_vol,11
2754,$400C_const,1
2754,$400C_vol,0
2754,$400E_period,8
2754,$400E_mode,0
2755,$4000_duty,1
2755,$4000_const,1
2755,$4000_vol,11
2755,$4004_duty,2
2755,$4004_const,1
2755,$4004_vol,11
2755,$400C_const,1
2755,$400C_vol,0
2755,$400E_period,8
2755,$400E_mode,0
2756,$4000_duty,1
2756,$4000_const,1
2756,$4000_vol,11
2756,$4004_duty,2
2756,$4004_const,1
2756,$4004_vol,11
2756,$4008_linear,127
2756,$400A_period,381
2756,$400B_length,8
2756,$400C_const,1
2756,$400C_vol,12
2756,$400E_period,13
2756,$400E_mode,0
2757,$4000_duty,1
2757,$4000_const,1
2757,$4000_vol,10
2757,$4004_duty,2
2757,$4004_const,1
2757,$4004_vol,10
2757,$4008_linear,127
2757,$400C_const,1
2757,$400C_vol,9
2757,$400E_period,13
2757,$400E_mode,0
2758,$4000_duty,1
2758,$4000_const,1
2758,$4000_vol,10
2758,$4004_duty,2
2758,$4004_const,1
2758,$4004_vol,10
2758,$4008_linear,127
2758,$400C_const,1
2758,$400C_vol,6
2758,$400E_period,13
2758,$400E_mode,0
2759,$4000_duty,1
2759,$4000_const,1
2759,$4000_vol,10
2759,$4004_duty,2
2759,$4004_const,1
2759,$4004_vol,10
2759,$4008_linear,127
2759,$400C_const,1
2759,$400C_vol,3
2759,$400E_period,13
2759,$400E_mode,0
2760,$4000_duty,1
2760,$4000_const,1
2760,$4000_vol,9
2760,$4004_duty,2
2760,$4004_const,1
2760,$4004_vol,9
2760,$4008_linear,127
2760,$400C_const,1
2760,$400C_vol,0
2760,$400E_period,13
2760,$400E_mode,0
2761,$4000_duty,1
2761,$4000_const,1
2761,$4000_vol,8
2761,$4004_duty,2
2761,$4004_const,1
2761,$4004_vol,8
2761,$4008_linear,127
2761,$400C_const,1
2761,$400C_vol,0
2761,$400E_period,13
2761,$400E_mode,0
2762,$4000_duty,1
2762,$4000_const,1
2762,$4000_vol,8
2762,$4004_duty,2
2762,$4004_const,1
2762,$4004_vol,8
2762,$4008_linear,0
2762,$400C_const,1
2762,$400C_vol,0
2762,$400E_period,13
2762,$400E_mode,0
2763,$4000_duty,1
2763,$4000_const,1
2763,$4000_vol,12
2763,$4002_period,453
2763,$400B_length,8
2763,$4004_duty,2
2763,$4004_const,1
2763,$4004_vol,12
2763,$4006_period,571
2763,$4008_linear,127
2763,$400A_period,381
2763,$400B_length,8
2763,$400C_const,1
2763,$400C_vol,12
2763,$400E_period,13
2763,$400E_mode,0
2764,$4000_duty,1
2764,$4000_const,1
2764,$4000_vol,11
2764,$4004_duty,2
2764,$4004_const,1
2764,$4004_vol,11
2764,$4008_linear,127
2764,$400C_const,1
2764,$400C_vol,9
2764,$400E_period,13
2764,$400E_mode,0
2765,$4000_duty,1
2765,$4000_const,1
2765,$4000_vol,11
2765,$4004_duty,2
2765,$4004_const,1
2765,$4004_vol,11
2765,$4008_linear,127
2765,$400C_const,1
2765,$400C_vol,6
2765,$400E_period,13
2765,$400E_mode,0
2766,$4000_duty,1
2766,$4000_const,1
2766,$4000_vol,11
2766,$4004_duty,2
2766,$4004_const,1
2766,$4004_vol,11
2766,$4008_linear,127
2766,$400C_const,1
2766,$400C_vol,3
2766,$400E_period,13
2766,$400E_mode,0
2767,$4000_duty,1
2767,$4000_const,1
2767,$4000_vol,11
2767,$4004_duty,2
2767,$4004_const,1
2767,$4004_vol,11
2767,$4008_linear,127
2767,$400C_const,1
2767,$400C_vol,0
2767,$400E_period,13
2767,$400E_mode,0
2768,$4000_duty,1
2768,$4000_const,1
2768,$4000_vol,11
2768,$4004_duty,2
2768,$4004_const,1
2768,$4004_vol,11
2768,$4008_linear,127
2768,$400C_const,1
2768,$400C_vol,0
2768,$400E_period,13
2768,$400E_mode,0
2769,$4000_duty,1
2769,$4000_const,1
2769,$4000_vol,11
2769,$4004_duty,2
2769,$4004_const,1
2769,$4004_vol,11
2769,$4008_linear,127
2769,$400C_const,1
2769,$400C_vol,0
2769,$400E_period,13
2769,$400E_mode,0
2770,$4000_duty,1
2770,$4000_const,1
2770,$4000_vol,11
2770,$4004_duty,2
2770,$4004_const,1
2770,$4004_vol,11
2770,$4008_linear,127
2770,$400C_const,1
2770,$400C_vol,0
2770,$400E_period,13
2770,$400E_mode,0
2771,$4000_duty,1
2771,$4000_const,1
2771,$4000_vol,11
2771,$4004_duty,2
2771,$4004_const,1
2771,$4004_vol,11
2771,$4008_linear,127
2771,$400C_const,1
2771,$400C_vol,0
2771,$400E_period,13
2771,$400E_mode,0
2772,$4000_duty,1
2772,$4000_const,1
2772,$4000_vol,10
2772,$4004_duty,2
2772,$4004_const,1
2772,$4004_vol,10
2772,$4008_linear,127
2772,$400C_const,1
2772,$400C_vol,0
2772,$400E_period,13
2772,$400E_mode,0
2773,$4000_duty,1
2773,$4000_const,1
2773,$4000_vol,10
2773,$4004_duty,2
2773,$4004_const,1
2773,$4004_vol,10
2773,$4008_linear,127
2773,$400C_const,1
2773,$400C_vol,0
2773,$400E_period,13
2773,$400E_mode,0
2774,$4000_duty,1
2774,$4000_const,1
2774,$4000_vol,10
2774,$4004_duty,2
2774,$4004_const,1
2774,$4004_vol,10
2774,$4008_linear,127
2774,$400C_const,1
2774,$400C_vol,0
2774,$400E_period,13
2774,$400E_mode,0
2775,$4000_duty,1
2775,$4000_const,1
2775,$4000_vol,9
2775,$4004_duty,2
2775,$4004_const,1
2775,$4004_vol,9
2775,$4008_linear,0
2775,$400C_const,1
2775,$400C_vol,0
2775,$400E_period,13
2775,$400E_mode,0
2776,$4000_duty,1
2776,$4000_const,1
2776,$4000_vol,8
2776,$4004_duty,2
2776,$4004_const,1
2776,$4004_vol,8
2776,$4008_linear,0
2776,$400C_const,1
2776,$400C_vol,0
2776,$400E_period,13
2776,$400E_mode,0
2777,$4000_duty,1
2777,$4000_const,1
2777,$4000_vol,8
2777,$4004_duty,2
2777,$4004_const,1
2777,$4004_vol,8
2777,$400C_const,1
2777,$400C_vol,0
2777,$400E_period,13
2777,$400E_mode,0
2778,$4000_duty,1
2778,$4000_const,1
2778,$4000_vol,12
2778,$4002_period,427
2778,$400B_length,8
2778,$4004_duty,2
2778,$4004_const,1
2778,$4004_vol,12
2778,$4006_period,509
2778,$4008_linear,127
2778,$400A_period,381
2778,$400B_length,8
2778,$400C_const,1
2778,$400C_vol,12
2778,$400E_period,8
2778,$400E_mode,0
2779,$4000_duty,1
2779,$4000_const,1
2779,$4000_vol,11
2779,$4004_duty,2
2779,$4004_const,1
2779,$4004_vol,11
2779,$4008_linear,127
2779,$400C_const,1
2779,$400C_vol,9
2779,$400E_period,8
2779,$400E_mode,0
2780,$4000_duty,1
2780,$4000_const,1
2780,$4000_vol,11
2780,$4004_duty,2
2780,$4004_const,1
2780,$4004_vol,11
2780,$4008_linear,127
2780,$400C_const,1
2780,$400C_vol,6
2780,$400E_period,8
2780,$400E_mode,0
2781,$4000_duty,1
2781,$4000_const,1
2781,$4000_vol,11
2781,$4004_duty,2
2781,$4004_const,1
2781,$4004_vol,11
2781,$4008_linear,127
2781,$400C_const,1
2781,$400C_vol,3
2781,$400E_period,8
2781,$400E_mode,0
2782,$4000_duty,1
2782,$4000_const,1
2782,$4000_vol,11
2782,$4004_duty,2
2782,$4004_const,1
2782,$4004_vol,11
2782,$4008_linear,127
2782,$400C_const,1
2782,$400C_vol,0
2782,$400E_period,8
2782,$400E_mode,0
2783,$4000_duty,1
2783,$4000_const,1
2783,$4000_vol,11
2783,$4004_duty,2
2783,$4004_const,1
2783,$4004_vol,11
2783,$4008_linear,127
2783,$400C_const,1
2783,$400C_vol,0
2783,$400E_period,8
2783,$400E_mode,0
2784,$4000_duty,1
2784,$4000_const,1
2784,$4000_vol,11
2784,$4004_duty,2
2784,$4004_const,1
2784,$4004_vol,11
2784,$4008_linear,127
2784,$400C_const,1
2784,$400C_vol,0
2784,$400E_period,8
2784,$400E_mode,0
2785,$4000_duty,1
2785,$4000_const,1
2785,$4000_vol,11
2785,$4004_duty,2
2785,$4004_const,1
2785,$4004_vol,11
2785,$4008_linear,127
2785,$400C_const,1
2785,$400C_vol,0
2785,$400E_period,8
2785,$400E_mode,0
2786,$4000_duty,1
2786,$4000_const,1
2786,$4000_vol,11
2786,$4004_duty,2
2786,$4004_const,1
2786,$4004_vol,11
2786,$4008_linear,127
2786,$400C_const,1
2786,$400C_vol,0
2786,$400E_period,8
2786,$400E_mode,0
2787,$4000_duty,1
2787,$4000_const,1
2787,$4000_vol,10
2787,$4004_duty,2
2787,$4004_const,1
2787,$4004_vol,10
2787,$4008_linear,127
2787,$400C_const,1
2787,$400C_vol,0
2787,$400E_period,8
2787,$400E_mode,0
2788,$4000_duty,1
2788,$4000_const,1
2788,$4000_vol,10
2788,$4004_duty,2
2788,$4004_const,1
2788,$4004_vol,10
2788,$4008_linear,127
2788,$400C_const,1
2788,$400C_vol,0
2788,$400E_period,8
2788,$400E_mode,0
2789,$4000_duty,1
2789,$4000_const,1
2789,$4000_vol,10
2789,$4004_duty,2
2789,$4004_const,1
2789,$4004_vol,10
2789,$4008_linear,127
2789,$400C_const,1
2789,$400C_vol,0
2789,$400E_period,8
2789,$400E_mode,0
2790,$4000_duty,1
2790,$4000_const,1
2790,$4000_vol,9
2790,$4004_duty,2
2790,$4004_const,1
2790,$4004_vol,9
2790,$4008_linear,0
2790,$400C_const,1
2790,$400C_vol,0
2790,$400E_period,8
2790,$400E_mode,0
2791,$4000_duty,1
2791,$4000_const,1
2791,$4000_vol,8
2791,$4004_duty,2
2791,$4004_const,1
2791,$4004_vol,8
2791,$4008_linear,0
2791,$400C_const,1
2791,$400C_vol,0
2791,$400E_period,8
2791,$400E_mode,0
2792,$4000_duty,1
2792,$4000_const,1
2792,$4000_vol,8
2792,$4004_duty,2
2792,$4004_const,1
2792,$4004_vol,8
2792,$400C_const,1
2792,$400C_vol,0
2792,$400E_period,8
2792,$400E_mode,0
2793,$4000_duty,1
2793,$4000_const,1
2793,$4000_vol,12
2793,$4002_period,381
2793,$400B_length,8
2793,$4004_duty,2
2793,$4004_const,1
2793,$4004_vol,12
2793,$4006_period,453
2793,$4008_linear,127
2793,$400A_period,571
2793,$400B_length,9
2793,$400C_const,1
2793,$400C_vol,12
2793,$400E_period,13
2793,$400E_mode,0
2794,$4000_duty,1
2794,$4000_const,1
2794,$4000_vol,11
2794,$4004_duty,2
2794,$4004_const,1
2794,$4004_vol,11
2794,$4008_linear,127
2794,$400C_const,1
2794,$400C_vol,9
2794,$400E_period,13
2794,$400E_mode,0
2795,$4000_duty,1
2795,$4000_const,1
2795,$4000_vol,11
2795,$4004_duty,2
2795,$4004_const,1
2795,$4004_vol,11
2795,$4008_linear,127
2795,$400C_const,1
2795,$400C_vol,6
2795,$400E_period,13
2795,$400E_mode,0
2796,$4000_duty,1
2796,$4000_const,1
2796,$4000_vol,11
2796,$4004_duty,2
2796,$4004_const,1
2796,$4004_vol,11
2796,$4008_linear,127
2796,$400C_const,1
2796,$400C_vol,3
2796,$400E_period,13
2796,$400E_mode,0
2797,$4000_duty,1
2797,$4000_const,1
2797,$4000_vol,11
2797,$4004_duty,2
2797,$4004_const,1
2797,$4004_vol,11
2797,$4008_linear,127
2797,$400C_const,1
2797,$400C_vol,0
2797,$400E_period,13
2797,$400E_mode,0
2798,$4000_duty,1
2798,$4000_const,1
2798,$4000_vol,11
2798,$4004_duty,2
2798,$4004_const,1
2798,$4004_vol,11
2798,$4008_linear,127
2798,$400C_const,1
2798,$400C_vol,0
2798,$400E_period,13
2798,$400E_mode,0
2799,$4000_duty,1
2799,$4000_const,1
2799,$4000_vol,11
2799,$4004_duty,2
2799,$4004_const,1
2799,$4004_vol,11
2799,$4008_linear,127
2799,$400C_const,1
2799,$400C_vol,0
2799,$400E_period,13
2799,$400E_mode,0
2800,$4000_duty,1
2800,$4000_const,1
2800,$4000_vol,11
2800,$4004_duty,2
2800,$4004_const,1
2800,$4004_vol,11
2800,$4008_linear,127
2800,$400C_const,1
2800,$400C_vol,0
2800,$400E_period,13
2800,$400E_mode,0
2801,$4000_duty,1
2801,$4000_const,1
2801,$4000_vol,11
2801,$4004_duty,2
2801,$4004_const,1
2801,$4004_vol,11
2801,$4008_linear,127
2801,$400C_const,1
2801,$400C_vol,0
2801,$400E_period,13
2801,$400E_mode,0
2802,$4000_duty,1
2802,$4000_const,1
2802,$4000_vol,10
2802,$4004_duty,2
2802,$4004_const,1
2802,$4004_vol,10
2802,$4008_linear,127
2802,$400C_const,1
2802,$400C_vol,0
2802,$400E_period,13
2802,$400E_mode,0
2803,$4000_duty,1
2803,$4000_const,1
2803,$4000_vol,10
2803,$4004_duty,2
2803,$4004_const,1
2803,$4004_vol,10
2803,$4008_linear,127
2803,$400C_const,1
2803,$400C_vol,0
2803,$400E_period,13
2803,$400E_mode,0
2804,$4000_duty,1
2804,$4000_const,1
2804,$4000_vol,10
2804,$4004_duty,2
2804,$4004_const,1
2804,$4004_vol,10
2804,$4008_linear,127
2804,$400C_const,1
2804,$400C_vol,0
2804,$400E_period,13
2804,$400E_mode,0
2805,$4000_duty,1
2805,$4000_const,1
2805,$4000_vol,9
2805,$4004_duty,2
2805,$4004_const,1
2805,$4004_vol,9
2805,$4008_linear,0
2805,$400C_const,1
2805,$400C_vol,0
2805,$400E_period,13
2805,$400E_mode,0
2806,$4000_duty,1
2806,$4000_const,1
2806,$4000_vol,8
2806,$4004_duty,2
2806,$4004_const,1
2806,$4004_vol,8
2806,$4008_linear,0
2806,$400C_const,1
2806,$400C_vol,0
2806,$400E_period,13
2806,$400E_mode,0
2807,$4000_duty,1
2807,$4000_const,1
2807,$4000_vol,8
2807,$4004_duty,2
2807,$4004_const,1
2807,$4004_vol,8
2807,$400C_const,1
2807,$400C_vol,0
2807,$400E_period,13
2807,$400E_mode,0
2808,$4000_duty,1
2808,$4000_const,1
2808,$4000_vol,7
2808,$4004_duty,2
2808,$4004_const,1
2808,$4004_vol,7
2808,$4008_linear,127
2808,$400A_period,571
2808,$400B_length,9
2808,$400C_const,1
2808,$400C_vol,12
2808,$400E_period,8
2808,$400E_mode,0
2809,$4000_duty,1
2809,$4000_const,1
2809,$4000_vol,7
2809,$4004_duty,2
2809,$4004_const,1
2809,$4004_vol,7
2809,$4008_linear,127
2809,$400C_const,1
2809,$400C_vol,9
2809,$400E_period,8
2809,$400E_mode,0
2810,$4000_duty,1
2810,$4000_const,1
2810,$4000_vol,6
2810,$4004_duty,2
2810,$4004_const,1
2810,$4004_vol,6
2810,$4008_linear,127
2810,$400C_const,1
2810,$400C_vol,6
2810,$400E_period,8
2810,$400E_mode,0
2811,$4000_duty,1
2811,$4000_const,1
2811,$4000_vol,5
2811,$4004_duty,2
2811,$4004_const,1
2811,$4004_vol,5
2811,$4008_linear,127
2811,$400C_const,1
2811,$400C_vol,3
2811,$400E_period,8
2811,$400E_mode,0
2812,$4000_duty,1
2812,$4000_const,1
2812,$4000_vol,5
2812,$4004_duty,2
2812,$4004_const,1
2812,$4004_vol,5
2812,$4008_linear,127
2812,$400C_const,1
2812,$400C_vol,0
2812,$400E_period,8
2812,$400E_mode,0
2813,$4000_duty,1
2813,$4000_const,1
2813,$4000_vol,4
2813,$4004_duty,2
2813,$4004_const,1
2813,$4004_vol,4
2813,$4008_linear,127
2813,$400C_const,1
2813,$400C_vol,0
2813,$400E_period,8
2813,$400E_mode,0
2814,$4000_duty,1
2814,$4000_const,1
2814,$4000_vol,3
2814,$4004_duty,2
2814,$4004_const,1
2814,$4004_vol,3
2814,$4008_linear,127
2814,$400C_const,1
2814,$400C_vol,0
2814,$400E_period,8
2814,$400E_mode,0
2815,$4000_duty,1
2815,$4000_const,1
2815,$4000_vol,3
2815,$4004_duty,2
2815,$4004_const,1
2815,$4004_vol,3
2815,$4008_linear,127
2815,$400C_const,1
2815,$400C_vol,0
2815,$400E_period,8
2815,$400E_mode,0
2816,$4000_duty,1
2816,$4000_const,1
2816,$4000_vol,2
2816,$4004_duty,2
2816,$4004_const,1
2816,$4004_vol,2
2816,$4008_linear,127
2816,$400C_const,1
2816,$400C_vol,0
2816,$400E_period,8
2816,$400E_mode,0
2817,$4000_duty,1
2817,$4000_const,1
2817,$4000_vol,2
2817,$4004_duty,2
2817,$4004_const,1
2817,$4004_vol,2
2817,$4008_linear,127
2817,$400C_const,1
2817,$400C_vol,0
2817,$400E_period,8
2817,$400E_mode,0
2818,$4000_duty,1
2818,$4000_const,1
2818,$4000_vol,1
2818,$4004_duty,2
2818,$4004_const,1
2818,$4004_vol,1
2818,$4008_linear,127
2818,$400C_const,1
2818,$400C_vol,0
2818,$400E_period,8
2818,$400E_mode,0
2819,$4000_duty,1
2819,$4000_const,1
2819,$4000_vol,0
2819,$4004_duty,2
2819,$4004_const,1
2819,$4004_vol,0
2819,$4008_linear,127
2819,$400C_const,1
2819,$400C_vol,0
2819,$400E_period,8
2819,$400E_mode,0
2820,$4000_duty,1
2820,$4000_const,1
2820,$4000_vol,0
2820,$4004_duty,2
2820,$4004_const,1
2820,$4004_vol,0
2820,$4008_linear,0
2820,$400C_const,1
2820,$400C_vol,0
2820,$400E_period,8
2820,$400E_mode,0
2821,$4000_duty,1
2821,$4000_const,1
2821,$4000_vol,0
2821,$4004_duty,2
2821,$4004_const,1
2821,$4004_vol,0
2821,$4008_linear,0
2821,$400C_const,1
2821,$400C_vol,0
2821,$400E_period,8
2821,$400E_mode,0
2822,$4000_duty,1
2822,$4000_const,1
2822,$4000_vol,0
2822,$4004_duty,2
2822,$4004_const,1
2822,$4004_vol,0
2822,$400C_const,1
2822,$400C_vol,0
2822,$400E_period,8
2822,$400E_mode,0
2823,$4000_duty,1
2823,$4000_const,1
2823,$4000_vol,12
2823,$4002_period,359
2823,$400B_length,8
2823,$4004_duty,2
2823,$4004_const,1
2823,$4004_vol,12
2823,$4006_period,427
2823,$4008_linear,127
2823,$400A_period,509
2823,$400B_length,8
2823,$400C_const,1
2823,$400C_vol,12
2823,$400E_period,13
2823,$400E_mode,0
2824,$4000_duty,1
2824,$4000_const,1
2824,$4000_vol,11
2824,$4004_duty,2
2824,$4004_const,1
2824,$4004_vol,11
2824,$4008_linear,127
2824,$400C_const,1
2824,$400C_vol,9
2824,$400E_period,13
2824,$400E_mode,0
2825,$4000_duty,1
2825,$4000_const,1
2825,$4000_vol,11
2825,$4004_duty,2
2825,$4004_const,1
2825,$4004_vol,11
2825,$4008_linear,127
2825,$400C_const,1
2825,$400C_vol,6
2825,$400E_period,13
2825,$400E_mode,0
2826,$4000_duty,1
2826,$4000_const,1
2826,$4000_vol,11
2826,$4004_duty,2
2826,$4004_const,1
2826,$4004_vol,11
2826,$4008_linear,127
2826,$400C_const,1
2826,$400C_vol,3
2826,$400E_period,13
2826,$400E_mode,0
2827,$4000_duty,1
2827,$4000_const,1
2827,$4000_vol,11
2827,$4004_duty,2
2827,$4004_const,1
2827,$4004_vol,11
2827,$4008_linear,127
2827,$400C_const,1
2827,$400C_vol,0
2827,$400E_period,13
2827,$400E_mode,0
2828,$4000_duty,1
2828,$4000_const,1
2828,$4000_vol,11
2828,$4004_duty,2
2828,$4004_const,1
2828,$4004_vol,11
2828,$4008_linear,127
2828,$400C_const,1
2828,$400C_vol,0
2828,$400E_period,13
2828,$400E_mode,0
2829,$4000_duty,1
2829,$4000_const,1
2829,$4000_vol,11
2829,$4004_duty,2
2829,$4004_const,1
2829,$4004_vol,11
2829,$4008_linear,127
2829,$400C_const,1
2829,$400C_vol,0
2829,$400E_period,13
2829,$400E_mode,0
2830,$4000_duty,1
2830,$4000_const,1
2830,$4000_vol,11
2830,$4004_duty,2
2830,$4004_const,1
2830,$4004_vol,11
2830,$4008_linear,127
2830,$400C_const,1
2830,$400C_vol,0
2830,$400E_period,13
2830,$400E_mode,0
2831,$4000_duty,1
2831,$4000_const,1
2831,$4000_vol,11
2831,$4004_duty,2
2831,$4004_const,1
2831,$4004_vol,11
2831,$4008_linear,127
2831,$400C_const,1
2831,$400C_vol,0
2831,$400E_period,13
2831,$400E_mode,0
2832,$4000_duty,1
2832,$4000_const,1
2832,$4000_vol,10
2832,$4004_duty,2
2832,$4004_const,1
2832,$4004_vol,10
2832,$4008_linear,127
2832,$400C_const,1
2832,$400C_vol,0
2832,$400E_period,13
2832,$400E_mode,0
2833,$4000_duty,1
2833,$4000_const,1
2833,$4000_vol,10
2833,$4004_duty,2
2833,$4004_const,1
2833,$4004_vol,10
2833,$4008_linear,127
2833,$400C_const,1
2833,$400C_vol,0
2833,$400E_period,13
2833,$400E_mode,0
2834,$4000_duty,1
2834,$4000_const,1
2834,$4000_vol,10
2834,$4004_duty,2
2834,$4004_const,1
2834,$4004_vol,10
2834,$4008_linear,127
2834,$400C_const,1
2834,$400C_vol,0
2834,$400E_period,13
2834,$400E_mode,0
2835,$4000_duty,1
2835,$4000_const,1
2835,$4000_vol,9
2835,$4004_duty,2
2835,$4004_const,1
2835,$4004_vol,9
2835,$4008_linear,0
2835,$400C_const,1
2835,$400C_vol,0
2835,$400E_period,13
2835,$400E_mode,0
2836,$4000_duty,1
2836,$4000_const,1
2836,$4000_vol,8
2836,$4004_duty,2
2836,$4004_const,1
2836,$4004_vol,8
2836,$4008_linear,0
2836,$400C_const,1
2836,$400C_vol,0
2836,$400E_period,13
2836,$400E_mode,0
2837,$4000_duty,1
2837,$4000_const,1
2837,$4000_vol,8
2837,$4004_duty,2
2837,$4004_const,1
2837,$4004_vol,8
2837,$400C_const,1
2837,$400C_vol,0
2837,$400E_period,13
2837,$400E_mode,0
2838,$4000_duty,1
2838,$4000_const,1
2838,$4000_vol,7
2838,$4004_duty,2
2838,$4004_const,1
2838,$4004_vol,7
2839,$4000_duty,1
2839,$4000_const,1
2839,$4000_vol,7
2839,$4004_duty,2
2839,$4004_const,1
2839,$4004_vol,7
2839,$4008_linear,127
2839,$400A_period,509
2839,$400B_length,8
2839,$400C_const,1
2839,$400C_vol,12
2839,$400E_period,8
2839,$400E_mode,0
2840,$4000_duty,1
2840,$4000_const,1
2840,$4000_vol,6
2840,$4004_duty,2
2840,$4004_const,1
2840,$4004_vol,6
2840,$4008_linear,127
2840,$400C_const,1
2840,$400C_vol,9
2840,$400E_period,8
2840,$400E_mode,0
2841,$4000_duty,1
2841,$4000_const,1
2841,$4000_vol,5
2841,$4004_duty,2
2841,$4004_const,1
2841,$4004_vol,5
2841,$4008_linear,127
2841,$400C_const,1
2841,$400C_vol,6
2841,$400E_period,8
2841,$400E_mode,0
2842,$4000_duty,1
2842,$4000_const,1
2842,$4000_vol,5
2842,$4004_duty,2
2842,$4004_const,1
2842,$4004_vol,5
2842,$4008_linear,127
2842,$400C_const,1
2842,$400C_vol,3
2842,$400E_period,8
2842,$400E_mode,0
2843,$4000_duty,1
2843,$4000_const,1
2843,$4000_vol,4
2843,$4004_duty,2
2843,$4004_const,1
2843,$4004_vol,4
2843,$4008_linear,127
2843,$400C_const,1
2843,$400C_vol,0
2843,$400E_period,8
2843,$400E_mode,0
2844,$4000_duty,1
2844,$4000_const,1
2844,$4000_vol,3
2844,$4004_duty,2
2844,$4004_const,1
2844,$4004_vol,3
2844,$4008_linear,127
2844,$400C_const,1
2844,$400C_vol,0
2844,$400E_period,8
2844,$400E_mode,0
2845,$4000_duty,1
2845,$4000_const,1
2845,$4000_vol,3
2845,$4004_duty,2
2845,$4004_const,1
2845,$4004_vol,3
2845,$4008_linear,127
2845,$400C_const,1
2845,$400C_vol,0
2845,$400E_period,8
2845,$400E_mode,0
2846,$4000_duty,1
2846,$4000_const,1
2846,$4000_vol,2
2846,$4004_duty,2
2846,$4004_const,1
2846,$4004_vol,2
2846,$4008_linear,127
2846,$400C_const,1
2846,$400C_vol,0
2846,$400E_period,8
2846,$400E_mode,0
2847,$4000_duty,1
2847,$4000_const,1
2847,$4000_vol,2
2847,$4004_duty,2
2847,$4004_const,1
2847,$4004_vol,2
2847,$4008_linear,127
2847,$400C_const,1
2847,$400C_vol,0
2847,$400E_period,8
2847,$400E_mode,0
2848,$4000_duty,1
2848,$4000_const,1
2848,$4000_vol,1
2848,$4004_duty,2
2848,$4004_const,1
2848,$4004_vol,1
2848,$4008_linear,127
2848,$400C_const,1
2848,$400C_vol,0
2848,$400E_period,8
2848,$400E_mode,0
2849,$4000_duty,1
2849,$4000_const,1
2849,$4000_vol,0
2849,$4004_duty,2
2849,$4004_const,1
2849,$4004_vol,0
2849,$4008_linear,127
2849,$400C_const,1
2849,$400C_vol,0
2849,$400E_period,8
2849,$400E_mode,0
2850,$4000_duty,1
2850,$4000_const,1
2850,$4000_vol,0
2850,$4004_duty,2
2850,$4004_const,1
2850,$4004_vol,0
2850,$4008_linear,0
2850,$400C_const,1
2850,$400C_vol,0
2850,$400E_period,8
2850,$400E_mode,0
2851,$4000_duty,1
2851,$4000_const,1
2851,$4000_vol,0
2851,$4004_duty,2
2851,$4004_const,1
2851,$4004_vol,0
2851,$4008_linear,0
2851,$400C_const,1
2851,$400C_vol,0
2851,$400E_period,8
2851,$400E_mode,0
2852,$4000_duty,1
2852,$4000_const,1
2852,$4000_vol,0
2852,$4004_duty,2
2852,$4004_const,1
2852,$4004_vol,0
2852,$400C_const,1
2852,$400C_vol,0
2852,$400E_period,8
2852,$400E_mode,0
2853,$4000_duty,1
2853,$4000_const,1
2853,$4000_vol,0
2853,$4004_duty,2
2853,$4004_const,1
2853,$4004_vol,0
2854,$4000_duty,1
2854,$4000_const,1
2854,$4000_vol,12
2854,$4002_period,321
2854,$400B_length,8
2854,$4004_duty,2
2854,$4004_const,1
2854,$4004_vol,12
2854,$4006_period,381
2854,$4008_linear,127
2854,$400A_period,453
2854,$400B_length,8
2854,$400C_const,1
2854,$400C_vol,12
2854,$400E_period,13
2854,$400E_mode,0
2855,$4000_duty,1
2855,$4000_const,1
2855,$4000_vol,11
2855,$4004_duty,2
2855,$4004_const,1
2855,$4004_vol,11
2855,$4008_linear,127
2855,$400C_const,1
2855,$400C_vol,9
2855,$400E_period,13
2855,$400E_mode,0
2856,$4000_duty,1
2856,$4000_const,1
2856,$4000_vol,11
2856,$4004_duty,2
2856,$4004_const,1
2856,$4004_vol,11
2856,$4008_linear,127
2856,$400C_const,1
2856,$400C_vol,6
2856,$400E_period,13
2856,$400E_mode,0
2857,$4000_duty,1
2857,$4000_const,1
2857,$4000_vol,11
2857,$4004_duty,2
2857,$4004_const,1
2857,$4004_vol,11
2857,$4008_linear,127
2857,$400C_const,1
2857,$400C_vol,3
2857,$400E_period,13
2857,$400E_mode,0
2858,$4000_duty,1
2858,$4000_const,1
2858,$4000_vol,11
2858,$4004_duty,2
2858,$4004_const,1
2858,$4004_vol,11
2858,$4008_linear,127
2858,$400C_const,1
2858,$400C_vol,0
2858,$400E_period,13
2858,$400E_mode,0
2859,$4000_duty,1
2859,$4000_const,1
2859,$4000_vol,11
2859,$4004_duty,2
2859,$4004_const,1
2859,$4004_vol,11
2859,$4008_linear,127
2859,$400C_const,1
2859,$400C_vol,0
2859,$400E_period,13
2859,$400E_mode,0
2860,$4000_duty,1
2860,$4000_const,1
2860,$4000_vol,11
2860,$4004_duty,2
2860,$4004_const,1
2860,$4004_vol,11
2860,$4008_linear,127
2860,$400C_const,1
2860,$400C_vol,0
2860,$400E_period,13
2860,$400E_mode,0
2861,$4000_duty,1
2861,$4000_const,1
2861,$4000_vol,11
2861,$4004_duty,2
2861,$4004_const,1
2861,$4004_vol,11
2861,$4008_linear,127
2861,$400C_const,1
2861,$400C_vol,0
2861,$400E_period,13
2861,$400E_mode,0
2862,$4000_duty,1
2862,$4000_const,1
2862,$4000_vol,11
2862,$4004_duty,2
2862,$4004_const,1
2862,$4004_vol,11
2862,$4008_linear,127
2862,$400C_const,1
2862,$400C_vol,0
2862,$400E_period,13
2862,$400E_mode,0
2863,$4000_duty,1
2863,$4000_const,1
2863,$4000_vol,10
2863,$4004_duty,2
2863,$4004_const,1
2863,$4004_vol,10
2863,$4008_linear,127
2863,$400C_const,1
2863,$400C_vol,0
2863,$400E_period,13
2863,$400E_mode,0
2864,$4000_duty,1
2864,$4000_const,1
2864,$4000_vol,10
2864,$4004_duty,2
2864,$4004_const,1
2864,$4004_vol,10
2864,$4008_linear,127
2864,$400C_const,1
2864,$400C_vol,0
2864,$400E_period,13
2864,$400E_mode,0
2865,$4000_duty,1
2865,$4000_const,1
2865,$4000_vol,10
2865,$4004_duty,2
2865,$4004_const,1
2865,$4004_vol,10
2865,$4008_linear,0
2865,$400C_const,1
2865,$400C_vol,0
2865,$400E_period,13
2865,$400E_mode,0
2866,$4000_duty,1
2866,$4000_const,1
2866,$4000_vol,9
2866,$4004_duty,2
2866,$4004_const,1
2866,$4004_vol,9
2866,$4008_linear,0
2866,$400C_const,1
2866,$400C_vol,0
2866,$400E_period,13
2866,$400E_mode,0
2867,$4000_duty,1
2867,$4000_const,1
2867,$4000_vol,8
2867,$4004_duty,2
2867,$4004_const,1
2867,$4004_vol,8
2867,$400C_const,1
2867,$400C_vol,0
2867,$400E_period,13
2867,$400E_mode,0
2868,$4000_duty,1
2868,$4000_const,1
2868,$4000_vol,8
2868,$4004_duty,2
2868,$4004_const,1
2868,$4004_vol,8
2869,$4000_duty,1
2869,$4000_const,1
2869,$4000_vol,7
2869,$4004_duty,2
2869,$4004_const,1
2869,$4004_vol,7
2869,$4008_linear,127
2869,$400A_period,453
2869,$400B_length,8
2869,$400C_const,1
2869,$400C_vol,12
2869,$400E_period,8
2869,$400E_mode,0
2870,$4000_duty,1
2870,$4000_const,1
2870,$4000_vol,7
2870,$4004_duty,2
2870,$4004_const,1
2870,$4004_vol,7
2870,$4008_linear,127
2870,$400C_const,1
2870,$400C_vol,9
2870,$400E_period,8
2870,$400E_mode,0
2871,$4000_duty,1
2871,$4000_const,1
2871,$4000_vol,6
2871,$4004_duty,2
2871,$4004_const,1
2871,$4004_vol,6
2871,$4008_linear,127
2871,$400C_const,1
2871,$400C_vol,6
2871,$400E_period,8
2871,$400E_mode,0
2872,$4000_duty,1
2872,$4000_const,1
2872,$4000_vol,5
2872,$4004_duty,2
2872,$4004_const,1
2872,$4004_vol,5
2872,$4008_linear,127
2872,$400C_const,1
2872,$400C_vol,3
2872,$400E_period,8
2872,$400E_mode,0
2873,$4000_duty,1
2873,$4000_const,1
2873,$4000_vol,5
2873,$4004_duty,2
2873,$4004_const,1
2873,$4004_vol,5
2873,$4008_linear,127
2873,$400C_const,1
2873,$400C_vol,0
2873,$400E_period,8
2873,$400E_mode,0
2874,$4000_duty,1
2874,$4000_const,1
2874,$4000_vol,4
2874,$4004_duty,2
2874,$4004_const,1
2874,$4004_vol,4
2874,$4008_linear,127
2874,$400C_const,1
2874,$400C_vol,0
2874,$400E_period,8
2874,$400E_mode,0
2875,$4000_duty,1
2875,$4000_const,1
2875,$4000_vol,3
2875,$4004_duty,2
2875,$4004_const,1
2875,$4004_vol,3
2875,$4008_linear,127
2875,$400C_const,1
2875,$400C_vol,0
2875,$400E_period,8
2875,$400E_mode,0
2876,$4000_duty,1
2876,$4000_const,1
2876,$4000_vol,3
2876,$4004_duty,2
2876,$4004_const,1
2876,$4004_vol,3
2876,$4008_linear,127
2876,$400C_const,1
2876,$400C_vol,0
2876,$400E_period,8
2876,$400E_mode,0
2877,$4000_duty,1
2877,$4000_const,1
2877,$4000_vol,2
2877,$4004_duty,2
2877,$4004_const,1
2877,$4004_vol,2
2877,$4008_linear,127
2877,$400C_const,1
2877,$400C_vol,0
2877,$400E_period,8
2877,$400E_mode,0
2878,$4000_duty,1
2878,$4000_const,1
2878,$4000_vol,2
2878,$4004_duty,2
2878,$4004_const,1
2878,$4004_vol,2
2878,$4008_linear,127
2878,$400C_const,1
2878,$400C_vol,0
2878,$400E_period,8
2878,$400E_mode,0
2879,$4000_duty,1
2879,$4000_const,1
2879,$4000_vol,1
2879,$4004_duty,2
2879,$4004_const,1
2879,$4004_vol,1
2879,$4008_linear,127
2879,$400C_const,1
2879,$400C_vol,0
2879,$400E_period,8
2879,$400E_mode,0
2880,$4000_duty,1
2880,$4000_const,1
2880,$4000_vol,0
2880,$4004_duty,2
2880,$4004_const,1
2880,$4004_vol,0
2880,$4008_linear,0
2880,$400C_const,1
2880,$400C_vol,0
2880,$400E_period,8
2880,$400E_mode,0
2881,$4000_duty,1
2881,$4000_const,1
2881,$4000_vol,0
2881,$4004_duty,2
2881,$4004_const,1
2881,$4004_vol,0
2881,$4008_linear,0
2881,$400C_const,1
2881,$400C_vol,0
2881,$400E_period,8
2881,$400E_mode,0
2882,$4000_duty,1
2882,$4000_const,1
2882,$4000_vol,0
2882,$4004_duty,2
2882,$4004_const,1
2882,$4004_vol,0
2882,$400C_const,1
2882,$400C_vol,0
2882,$400E_period,8
2882,$400E_mode,0
2883,$4000_duty,1
2883,$4000_const,1
2883,$4000_vol,0
2883,$4004_duty,2
2883,$4004_const,1
2883,$4004_vol,0
2884,$4000_duty,1
2884,$4000_const,1
2884,$4000_vol,0
2884,$4004_duty,2
2884,$4004_const,1
2884,$4004_vol,0
2884,$4008_linear,0
2884,$400C_const,1
2884,$400C_vol,12
2884,$400E_period,13
2884,$400E_mode,0
2885,$4000_duty,1
2885,$4000_const,1
2885,$4000_vol,0
2885,$4004_duty,2
2885,$4004_const,1
2885,$4004_vol,0
2885,$400C_const,1
2885,$400C_vol,9
2885,$400E_period,13
2885,$400E_mode,0
2886,$4000_duty,1
2886,$4000_const,1
2886,$4000_vol,0
2886,$4004_duty,2
2886,$4004_const,1
2886,$4004_vol,0
2886,$400C_const,1
2886,$400C_vol,6
2886,$400E_period,13
2886,$400E_mode,0
2887,$4000_duty,1
2887,$4000_const,1
2887,$4000_vol,0
2887,$4004_duty,2
2887,$4004_const,1
2887,$4004_vol,0
2887,$400C_const,1
2887,$400C_vol,3
2887,$400E_period,13
2887,$400E_mode,0
2888,$400C_const,1
2888,$400C_vol,0
2888,$400E_period,13
2888,$400E_mode,0
2889,$400C_const,1
2889,$400C_vol,0
2889,$400E_period,13
2889,$400E_mode,0
2890,$400C_const,1
2890,$400C_vol,0
2890,$400E_period,13
2890,$400E_mode,0
2891,$4000_duty,1
2891,$4000_const,1
2891,$4000_vol,12
2891,$4002_period,481
2891,$400B_length,8
2891,$4004_duty,2
2891,$4004_const,1
2891,$4004_vol,12
2891,$4006_period,539
2891,$4008_linear,127
2891,$400A_period,481
2891,$400B_length,8
2891,$400C_const,1
2891,$400C_vol,12
2891,$400E_period,10
2891,$400E_mode,0
2892,$4000_duty,1
2892,$4000_const,1
2892,$4000_vol,11
2892,$4004_duty,2
2892,$4004_const,1
2892,$4004_vol,11
2892,$4008_linear,127
2892,$400C_const,1
2892,$400C_vol,9
2892,$400E_period,10
2892,$400E_mode,0
2893,$4000_duty,1
2893,$4000_const,1
2893,$4000_vol,11
2893,$4004_duty,2
2893,$4004_const,1
2893,$4004_vol,11
2893,$4008_linear,127
2893,$400C_const,1
2893,$400C_vol,6
2893,$400E_period,10
2893,$400E_mode,0
2894,$4000_duty,1
2894,$4000_const,1
2894,$4000_vol,11
2894,$4004_duty,2
2894,$4004_const,1
2894,$4004_vol,11
2894,$4008_linear,127
2894,$400C_const,1
2894,$400C_vol,3
2894,$400E_period,10
2894,$400E_mode,0
2895,$4000_duty,1
2895,$4000_const,1
2895,$4000_vol,11
2895,$4004_duty,2
2895,$4004_const,1
2895,$4004_vol,11
2895,$4008_linear,127
2895,$400C_const,1
2895,$400C_vol,0
2895,$400E_period,10
2895,$400E_mode,0
2896,$4000_duty,1
2896,$4000_const,1
2896,$4000_vol,11
2896,$4004_duty,2
2896,$4004_const,1
2896,$4004_vol,11
2896,$4008_linear,127
2896,$400C_const,1
2896,$400C_vol,0
2896,$400E_period,10
2896,$400E_mode,0
2897,$4000_duty,1
2897,$4000_const,1
2897,$4000_vol,11
2897,$4004_duty,2
2897,$4004_const,1
2897,$4004_vol,11
2897,$4008_linear,127
2897,$400C_const,1
2897,$400C_vol,0
2897,$400E_period,10
2897,$400E_mode,0
2898,$4000_duty,1
2898,$4000_const,1
2898,$4000_vol,11
2898,$4004_duty,2
2898,$4004_const,1
2898,$4004_vol,11
2898,$4008_linear,127
2898,$400C_const,1
2898,$400C_vol,0
2898,$400E_period,10
2898,$400E_mode,0
2899,$4000_duty,1
2899,$4000_const,1
2899,$4000_vol,11
2899,$4004_duty,2
2899,$4004_const,1
2899,$4004_vol,11
2899,$4008_linear,127
2899,$400C_const,1
2899,$400C_vol,0
2899,$400E_period,10
2899,$400E_mode,0
2900,$4000_duty,1
2900,$4000_const,1
2900,$4000_vol,10
2900,$4004_duty,2
2900,$4004_const,1
2900,$4004_vol,10
2900,$4008_linear,127
2900,$400C_const,1
2900,$400C_vol,0
2900,$400E_period,10
2900,$400E_mode,0
2901,$4000_duty,1
2901,$4000_const,1
2901,$4000_vol,10
2901,$4004_duty,2
2901,$4004_const,1
2901,$4004_vol,10
2901,$4008_linear,127
2901,$400C_const,1
2901,$400C_vol,0
2901,$400E_period,10
2901,$400E_mode,0
2902,$4000_duty,1
2902,$4000_const,1
2902,$4000_vol,10
2902,$4004_duty,2
2902,$4004_const,1
2902,$4004_vol,10
2902,$4008_linear,127
2902,$400C_const,1
2902,$400C_vol,0
2902,$400E_period,10
2902,$400E_mode,0
2903,$4000_duty,1
2903,$4000_const,1
2903,$4000_vol,10
2903,$4004_duty,2
2903,$4004_const,1
2903,$4004_vol,10
2903,$4008_linear,127
2903,$400C_const,1
2903,$400C_vol,0
2903,$400E_period,10
2903,$400E_mode,0
2904,$4000_duty,1
2904,$4000_const,1
2904,$4000_vol,10
2904,$4004_duty,2
2904,$4004_const,1
2904,$4004_vol,10
2904,$4008_linear,127
2904,$400C_const,1
2904,$400C_vol,0
2904,$400E_period,10
2904,$400E_mode,0
2905,$4000_duty,1
2905,$4000_const,1
2905,$4000_vol,10
2905,$4004_duty,2
2905,$4004_const,1
2905,$4004_vol,10
2905,$4008_linear,127
2905,$400C_const,1
2905,$400C_vol,0
2905,$400E_period,10
2905,$400E_mode,0
2906,$4000_duty,1
2906,$4000_const,1
2906,$4000_vol,10
2906,$4004_duty,2
2906,$4004_const,1
2906,$4004_vol,10
2906,$4008_linear,127
2906,$400C_const,1
2906,$400C_vol,12
2906,$400E_period,10
2906,$400E_mode,0
2907,$4000_duty,1
2907,$4000_const,1
2907,$4000_vol,9
2907,$4004_duty,2
2907,$4004_const,1
2907,$4004_vol,9
2907,$4008_linear,127
2907,$400C_const,1
2907,$400C_vol,9
2907,$400E_period,10
2907,$400E_mode,0
2908,$4000_duty,1
2908,$4000_const,1
2908,$4000_vol,8
2908,$4004_duty,2
2908,$4004_const,1
2908,$4004_vol,8
2908,$4008_linear,127
2908,$400C_const,1
2908,$400C_vol,6
2908,$400E_period,10
2908,$400E_mode,0
2909,$4000_duty,1
2909,$4000_const,1
2909,$4000_vol,8
2909,$4004_duty,2
2909,$4004_const,1
2909,$4004_vol,8
2909,$4008_linear,0
2909,$400C_const,1
2909,$400C_vol,3
2909,$400E_period,10
2909,$400E_mode,0
2910,$4000_duty,1
2910,$4000_const,1
2910,$4000_vol,7
2910,$4004_duty,2
2910,$4004_const,1
2910,$4004_vol,7
2910,$4008_linear,0
2910,$400C_const,1
2910,$400C_vol,0
2910,$400E_period,10
2910,$400E_mode,0
2911,$4000_duty,1
2911,$4000_const,1
2911,$4000_vol,7
2911,$4004_duty,2
2911,$4004_const,1
2911,$4004_vol,7
2911,$400C_const,1
2911,$400C_vol,0
2911,$400E_period,10
2911,$400E_mode,0
2912,$4000_duty,1
2912,$4000_const,1
2912,$4000_vol,6
2912,$4004_duty,2
2912,$4004_const,1
2912,$4004_vol,6
2912,$400C_const,1
2912,$400C_vol,0
2912,$400E_period,10
2912,$400E_mode,0
2913,$4000_duty,1
2913,$4000_const,1
2913,$4000_vol,5
2913,$4004_duty,2
2913,$4004_const,1
2913,$4004_vol,5
2913,$400C_const,1
2913,$400C_vol,0
2913,$400E_period,10
2913,$400E_mode,0
2914,$4000_duty,1
2914,$4000_const,1
2914,$4000_vol,5
2914,$4004_duty,2
2914,$4004_const,1
2914,$4004_vol,5
2914,$4008_linear,127
2914,$400A_period,719
2914,$400B_length,9
2914,$400C_const,1
2914,$400C_vol,12
2914,$400E_period,13
2914,$400E_mode,0
2915,$4000_duty,1
2915,$4000_const,1
2915,$4000_vol,4
2915,$4004_duty,2
2915,$4004_const,1
2915,$4004_vol,4
2915,$4008_linear,127
2915,$400C_const,1
2915,$400C_vol,9
2915,$400E_period,13
2915,$400E_mode,0
2916,$4000_duty,1
2916,$4000_const,1
2916,$4000_vol,3
2916,$4004_duty,2
2916,$4004_const,1
2916,$4004_vol,3
2916,$4008_linear,127
2916,$400C_const,1
2916,$400C_vol,6
2916,$400E_period,13
2916,$400E_mode,0
2917,$4000_duty,1
2917,$4000_const,1
2917,$4000_vol,3
2917,$4004_duty,2
2917,$4004_const,1
2917,$4004_vol,3
2917,$4008_linear,127
2917,$400C_const,1
2917,$400C_vol,3
2917,$400E_period,13
2917,$400E_mode,0
2918,$4000_duty,1
2918,$4000_const,1
2918,$4000_vol,2
2918,$4004_duty,2
2918,$4004_const,1
2918,$4004_vol,2
2918,$4008_linear,127
2918,$400C_const,1
2918,$400C_vol,0
2918,$400E_period,13
2918,$400E_mode,0
2919,$4000_duty,1
2919,$4000_const,1
2919,$4000_vol,2
2919,$4004_duty,2
2919,$4004_const,1
2919,$4004_vol,2
2919,$4008_linear,127
2919,$400C_const,1
2919,$400C_vol,0
2919,$400E_period,13
2919,$400E_mode,0
2920,$4000_duty,1
2920,$4000_const,1
2920,$4000_vol,1
2920,$4004_duty,2
2920,$4004_const,1
2920,$4004_vol,1
2920,$4008_linear,127
2920,$400C_const,1
2920,$400C_vol,0
2920,$400E_period,13
2920,$400E_mode,0
2921,$4000_duty,1
2921,$4000_const,1
2921,$4000_vol,0
2921,$4004_duty,2
2921,$4004_const,1
2921,$4004_vol,0
2921,$4008_linear,127
2921,$400C_const,1
2921,$400C_vol,0
2921,$400E_period,13
2921,$400E_mode,0
2922,$4000_duty,1
2922,$4000_const,1
2922,$4000_vol,0
2922,$4004_duty,2
2922,$4004_const,1
2922,$4004_vol,0
2922,$4008_linear,127
2923,$4000_duty,1
2923,$4000_const,1
2923,$4000_vol,0
2923,$4004_duty,2
2923,$4004_const,1
2923,$4004_vol,0
2923,$4008_linear,127
2924,$4000_duty,1
2924,$4000_const,1
2924,$4000_vol,0
2924,$4004_duty,2
2924,$4004_const,1
2924,$4004_vol,0
2924,$4008_linear,127
2925,$4000_duty,1
2925,$4000_const,1
2925,$4000_vol,0
2925,$4004_duty,2
2925,$4004_const,1
2925,$4004_vol,0
2925,$4008_linear,127
2926,$4000_duty,1
2926,$4000_const,1
2926,$4000_vol,0
2926,$4004_duty,2
2926,$4004_const,1
2926,$4004_vol,0
2926,$4008_linear,0
2927,$4000_duty,1
2927,$4000_const,1
2927,$4000_vol,0
2927,$4004_duty,2
2927,$4004_const,1
2927,$4004_vol,0
2928,$4000_duty,1
2928,$4000_const,1
2928,$4000_vol,0
2928,$4004_duty,2
2928,$4004_const,1
2928,$4004_vol,0
2929,$4000_duty,1
2929,$4000_const,1
2929,$4000_vol,12
2929,$4002_period,269
2929,$400B_length,8
2929,$4004_duty,2
2929,$4004_const,1
2929,$4004_vol,12
2929,$4006_period,427
2929,$4008_linear,127
2929,$400A_period,719
2929,$400B_length,9
2929,$400C_const,1
2929,$400C_vol,12
2929,$400E_period,8
2929,$400E_mode,0
2930,$4000_duty,1
2930,$4000_const,1
2930,$4000_vol,11
2930,$4004_duty,2
2930,$4004_const,1
2930,$4004_vol,11
2930,$4008_linear,127
2930,$400C_const,1
2930,$400C_vol,9
2930,$400E_period,8
2930,$400E_mode,0
2931,$4000_duty,1
2931,$4000_const,1
2931,$4000_vol,11
2931,$4004_duty,2
2931,$4004_const,1
2931,$4004_vol,11
2931,$4008_linear,127
2931,$400C_const,1
2931,$400C_vol,6
2931,$400E_period,8
2931,$400E_mode,0
2932,$4000_duty,1
2932,$4000_const,1
2932,$4000_vol,11
2932,$4004_duty,2
2932,$4004_const,1
2932,$4004_vol,11
2932,$4008_linear,127
2932,$400C_const,1
2932,$400C_vol,3
2932,$400E_period,8
2932,$400E_mode,0
2933,$4000_duty,1
2933,$4000_const,1
2933,$4000_vol,11
2933,$4004_duty,2
2933,$4004_const,1
2933,$4004_vol,11
2933,$4008_linear,127
2933,$400C_const,1
2933,$400C_vol,0
2933,$400E_period,8
2933,$400E_mode,0
2934,$4000_duty,1
2934,$4000_const,1
2934,$4000_vol,11
2934,$4004_duty,2
2934,$4004_const,1
2934,$4004_vol,11
2934,$4008_linear,127
2934,$400C_const,1
2934,$400C_vol,0
2934,$400E_period,8
2934,$400E_mode,0
2935,$4000_duty,1
2935,$4000_const,1
2935,$4000_vol,11
2935,$4004_duty,2
2935,$4004_const,1
2935,$4004_vol,11
2935,$4008_linear,127
2935,$400C_const,1
2935,$400C_vol,0
2935,$400E_period,8
2935,$400E_mode,0
2936,$4000_duty,1
2936,$4000_const,1
2936,$4000_vol,11
2936,$4004_duty,2
2936,$4004_const,1
2936,$4004_vol,11
2936,$4008_linear,127
2936,$400C_const,1
2936,$400C_vol,0
2936,$400E_period,8
2936,$400E_mode,0
2937,$4004_duty,0
2937,$4004_const,1
2937,$4004_vol,0
2937,$4001_sweep,8
2937,$4005_sweep,8
2937,$4000_duty,1
2937,$4000_const,1
2937,$4000_vol,11
2937,$4008_linear,127
2938,$4000_duty,1
2938,$4000_const,1
2938,$4000_vol,10
2938,$4004_duty,2
2938,$4004_const,1
2938,$4004_vol,15
2938,$4006_period,481
2938,$4008_linear,127
2939,$4000_duty,1
2939,$4000_const,1
2939,$4000_vol,10
2939,$4004_duty,2
2939,$4004_const,1
2939,$4004_vol,14
2939,$4008_linear,127
2940,$4000_duty,1
2940,$4000_const,1
2940,$4000_vol,10
2940,$4004_duty,2
2940,$4004_const,1
2940,$4004_vol,13
2940,$4008_linear,127
2941,$4000_duty,1
2941,$4000_const,1
2941,$4000_vol,9
2941,$4004_duty,2
2941,$4004_const,1
2941,$4004_vol,12
2941,$4008_linear,0
2942,$4000_duty,1
2942,$4000_const,1
2942,$4000_vol,8
2942,$4004_duty,2
2942,$4004_const,1
2942,$4004_vol,11
2943,$4000_duty,1
2943,$4000_const,1
2943,$4000_vol,8
2943,$4004_duty,2
2943,$4004_const,1
2943,$4004_vol,10
2944,$4000_duty,1
2944,$4000_const,1
2944,$4000_vol,7
2944,$4004_duty,2
2944,$4004_const,1
2944,$4004_vol,9
2944,$4008_linear,127
2944,$400A_period,719
2944,$400B_length,9
2944,$400C_const,1
2944,$400C_vol,12
2944,$400E_period,13
2944,$400E_mode,0
2945,$4000_duty,1
2945,$4000_const,1
2945,$4000_vol,7
2945,$4004_duty,2
2945,$4004_const,1
2945,$4004_vol,8
2945,$4008_linear,127
2945,$400C_const,1
2945,$400C_vol,9
2945,$400E_period,13
2945,$400E_mode,0
2946,$4000_duty,1
2946,$4000_const,1
2946,$4000_vol,6
2946,$4004_duty,2
2946,$4004_const,1
2946,$4004_vol,7
2946,$4008_linear,127
2946,$400C_const,1
2946,$400C_vol,6
2946,$400E_period,13
2946,$400E_mode,0
2947,$4000_duty,1
2947,$4000_const,1
2947,$4000_vol,5
2947,$4004_duty,2
2947,$4004_const,1
2947,$4004_vol,6
2947,$4008_linear,127
2947,$400C_const,1
2947,$400C_vol,3
2947,$400E_period,13
2947,$400E_mode,0
2948,$4000_duty,1
2948,$4000_const,1
2948,$4000_vol,5
2948,$4004_duty,2
2948,$4004_const,1
2948,$4004_vol,5
2948,$4008_linear,127
2948,$400C_const,1
2948,$400C_vol,0
2948,$400E_period,13
2948,$400E_mode,0
2949,$4000_duty,1
2949,$4000_const,1
2949,$4000_vol,4
2949,$4004_duty,2
2949,$4004_const,1
2949,$4004_vol,4
2949,$4008_linear,127
2949,$400C_const,1
2949,$400C_vol,0
2949,$400E_period,13
2949,$400E_mode,0
2950,$4000_duty,1
2950,$4000_const,1
2950,$4000_vol,3
2950,$4004_duty,2
2950,$4004_const,1
2950,$4004_vol,3
2950,$4008_linear,127
2950,$400C_const,1
2950,$400C_vol,0
2950,$400E_period,13
2950,$400E_mode,0
2951,$4000_duty,1
2951,$4000_const,1
2951,$4000_vol,12
2951,$4002_period,285
2951,$400B_length,8
2951,$4004_duty,2
2951,$4004_const,1
2951,$4004_vol,2
2951,$4008_linear,127
2951,$400C_const,1
2951,$400C_vol,0
2951,$400E_period,13
2951,$400E_mode,0
2952,$4000_duty,1
2952,$4000_const,1
2952,$4000_vol,11
2952,$4004_duty,2
2952,$4004_const,1
2952,$4004_vol,1
2952,$4008_linear,127
2953,$4000_duty,1
2953,$4000_const,1
2953,$4000_vol,11
2953,$4004_duty,2
2953,$4004_const,1
2953,$4004_vol,1
2953,$4008_linear,127
2954,$4000_duty,1
2954,$4000_const,1
2954,$4000_vol,11
2954,$4004_duty,2
2954,$4004_const,1
2954,$4004_vol,2
2954,$4008_linear,127
2955,$4000_duty,1
2955,$4000_const,1
2955,$4000_vol,11
2955,$4004_duty,2
2955,$4004_const,1
2955,$4004_vol,3
2955,$4008_linear,127
2956,$4000_duty,1
2956,$4000_const,1
2956,$4000_vol,11
2956,$4004_duty,2
2956,$4004_const,1
2956,$4004_vol,5
2956,$4008_linear,0
2957,$4000_duty,1
2957,$4000_const,1
2957,$4000_vol,11
2957,$4004_duty,2
2957,$4004_const,1
2957,$4004_vol,6
2958,$4004_duty,0
2958,$4004_const,1
2958,$4004_vol,0
2958,$4001_sweep,8
2958,$4005_sweep,8
2958,$4000_duty,1
2958,$4000_const,1
2958,$4000_vol,11
2958,$4004_duty,2
2958,$4004_const,1
2958,$4004_vol,11
2958,$4006_period,481
2959,$4000_duty,1
2959,$4000_const,1
2959,$4000_vol,11
2959,$4004_duty,2
2959,$4004_const,1
2959,$4004_vol,11
2959,$4008_linear,127
2959,$400A_period,719
2959,$400B_length,9
2959,$400C_const,1
2959,$400C_vol,12
2959,$400E_period,8
2959,$400E_mode,0
2960,$4000_duty,1
2960,$4000_const,1
2960,$4000_vol,10
2960,$4004_duty,2
2960,$4004_const,1
2960,$4004_vol,10
2960,$4008_linear,127
2960,$400C_const,1
2960,$400C_vol,9
2960,$400E_period,8
2960,$400E_mode,0
2961,$4000_duty,1
2961,$4000_const,1
2961,$4000_vol,10
2961,$4004_duty,2
2961,$4004_const,1
2961,$4004_vol,10
2961,$4008_linear,127
2961,$400C_const,1
2961,$400C_vol,6
2961,$400E_period,8
2961,$400E_mode,0
2962,$4000_duty,1
2962,$4000_const,1
2962,$4000_vol,10
2962,$4004_duty,2
2962,$4004_const,1
2962,$4004_vol,10
2962,$4008_linear,127
2962,$400C_const,1
2962,$400C_vol,3
2962,$400E_period,8
2962,$400E_mode,0
2963,$4000_duty,1
2963,$4000_const,1
2963,$4000_vol,9
2963,$4004_duty,2
2963,$4004_const,1
2963,$4004_vol,9
2963,$4008_linear,127
2963,$400C_const,1
2963,$400C_vol,0
2963,$400E_period,8
2963,$400E_mode,0
2964,$4000_duty,1
2964,$4000_const,1
2964,$4000_vol,8
2964,$4004_duty,2
2964,$4004_const,1
2964,$4004_vol,8
2964,$4008_linear,127
2964,$400C_const,1
2964,$400C_vol,0
2964,$400E_period,8
2964,$400E_mode,0
2965,$4000_duty,1
2965,$4000_const,1
2965,$4000_vol,8
2965,$4004_duty,2
2965,$4004_const,1
2965,$4004_vol,8
2965,$4008_linear,0
2965,$400C_const,1
2965,$400C_vol,0
2965,$400E_period,8
2965,$400E_mode,0
2966,$4000_duty,1
2966,$4000_const,1
2966,$4000_vol,7
2966,$4004_duty,2
2966,$4004_const,1
2966,$4004_vol,7
2966,$4008_linear,127
2966,$400A_period,719
2966,$400B_length,9
2966,$400C_const,1
2966,$400C_vol,12
2966,$400E_period,13
2966,$400E_mode,0
2967,$4000_duty,1
2967,$4000_const,1
2967,$4000_vol,7
2967,$4004_duty,2
2967,$4004_const,1
2967,$4004_vol,7
2967,$4008_linear,127
2967,$400C_const,1
2967,$400C_vol,9
2967,$400E_period,13
2967,$400E_mode,0
2968,$4000_duty,1
2968,$4000_const,1
2968,$4000_vol,6
2968,$4004_duty,2
2968,$4004_const,1
2968,$4004_vol,6
2968,$4008_linear,127
2968,$400C_const,1
2968,$400C_vol,6
2968,$400E_period,13
2968,$400E_mode,0
2969,$4000_duty,1
2969,$4000_const,1
2969,$4000_vol,5
2969,$4004_duty,2
2969,$4004_const,1
2969,$4004_vol,5
2969,$4008_linear,127
2969,$400C_const,1
2969,$400C_vol,3
2969,$400E_period,13
2969,$400E_mode,0
2970,$4000_duty,1
2970,$4000_const,1
2970,$4000_vol,5
2970,$4004_duty,2
2970,$4004_const,1
2970,$4004_vol,5
2970,$4008_linear,127
2970,$400C_const,1
2970,$400C_vol,0
2970,$400E_period,13
2970,$400E_mode,0
2971,$4000_duty,1
2971,$4000_const,1
2971,$4000_vol,4
2971,$4004_duty,2
2971,$4004_const,1
2971,$4004_vol,4
2971,$4008_linear,127
2971,$400C_const,1
2971,$400C_vol,0
2971,$400E_period,13
2971,$400E_mode,0
2972,$4000_duty,1
2972,$4000_const,1
2972,$4000_vol,3
2972,$4004_duty,2
2972,$4004_const,1
2972,$4004_vol,3
2972,$4008_linear,127
2972,$400C_const,1
2972,$400C_vol,0
2972,$400E_period,13
2972,$400E_mode,0
2973,$4000_duty,1
2973,$4000_const,1
2973,$4000_vol,3
2973,$4004_duty,2
2973,$4004_const,1
2973,$4004_vol,3
2973,$4008_linear,127
2973,$400C_const,1
2973,$400C_vol,0
2973,$400E_period,13
2973,$400E_mode,0
2974,$4000_duty,1
2974,$4000_const,1
2974,$4000_vol,12
2974,$4002_period,359
2974,$400B_length,8
2974,$4004_duty,2
2974,$4004_const,1
2974,$4004_vol,12
2974,$4006_period,571
2974,$4008_linear,127
2974,$400C_const,1
2974,$400C_vol,0
2974,$400E_period,13
2974,$400E_mode,0
2975,$4000_duty,1
2975,$4000_const,1
2975,$4000_vol,11
2975,$4004_duty,2
2975,$4004_const,1
2975,$4004_vol,11
2975,$4008_linear,127
2976,$4000_duty,1
2976,$4000_const,1
2976,$4000_vol,11
2976,$4004_duty,2
2976,$4004_const,1
2976,$4004_vol,11
2976,$4008_linear,127
2977,$4000_duty,1
2977,$4000_const,1
2977,$4000_vol,11
2977,$4004_duty,2
2977,$4004_const,1
2977,$4004_vol,11
2977,$4008_linear,127
2978,$4000_duty,1
2978,$4000_const,1
2978,$4000_vol,11
2978,$4004_duty,2
2978,$4004_const,1
2978,$4004_vol,11
2978,$4008_linear,0
2979,$4000_duty,1
2979,$4000_const,1
2979,$4000_vol,11
2979,$4004_duty,2
2979,$4004_const,1
2979,$4004_vol,11
2979,$4008_linear,0
2980,$4004_duty,0
2980,$4004_const,1
2980,$4004_vol,0
2980,$4001_sweep,8
2980,$4005_sweep,8
2980,$4000_duty,1
2980,$4000_const,1
2980,$4000_vol,11
2981,$4000_duty,1
2981,$4000_const,1
2981,$4000_vol,11
2981,$4004_duty,2
2981,$4004_const,1
2981,$4004_vol,15
2981,$4006_period,269
2981,$4008_linear,127
2981,$400A_period,719
2981,$400B_length,9
2981,$400C_const,1
2981,$400C_vol,12
2981,$400E_period,13
2981,$400E_mode,0
2982,$4000_duty,1
2982,$4000_const,1
2982,$4000_vol,11
2982,$4004_duty,2
2982,$4004_const,1
2982,$4004_vol,15
2982,$4008_linear,127
2982,$400C_const,1
2982,$400C_vol,9
2982,$400E_period,13
2982,$400E_mode,0
2983,$4000_duty,1
2983,$4000_const,1
2983,$4000_vol,10
2983,$4004_duty,2
2983,$4004_const,1
2983,$4004_vol,15
2983,$4008_linear,127
2983,$400C_const,1
2983,$400C_vol,6
2983,$400E_period,13
2983,$400E_mode,0
2984,$4000_duty,1
2984,$4000_const,1
2984,$4000_vol,10
2984,$4004_duty,2
2984,$4004_const,1
2984,$4004_vol,15
2984,$4006_period,537
2984,$4008_linear,127
2984,$400C_const,1
2984,$400C_vol,3
2984,$400E_period,13
2984,$400E_mode,0
2985,$4000_duty,1
2985,$4000_const,1
2985,$4000_vol,10
2985,$4004_duty,2
2985,$4004_const,1
2985,$4004_vol,15
2985,$4006_period,509
2985,$4008_linear,127
2985,$400C_const,1
2985,$400C_vol,0
2985,$400E_period,13
2985,$400E_mode,0
2986,$4000_duty,1
2986,$4000_const,1
2986,$4000_vol,9
2986,$4004_duty,2
2986,$4004_const,1
2986,$4004_vol,15
2986,$4008_linear,127
2986,$400C_const,1
2986,$400C_vol,0
2986,$400E_period,13
2986,$400E_mode,0
2987,$4000_duty,1
2987,$4000_const,1
2987,$4000_vol,8
2987,$4004_duty,2
2987,$4004_const,1
2987,$4004_vol,15
2987,$4008_linear,127
2987,$400C_const,1
2987,$400C_vol,0
2987,$400E_period,13
2987,$400E_mode,0
2988,$4000_duty,1
2988,$4000_const,1
2988,$4000_vol,8
2988,$4004_duty,2
2988,$4004_const,1
2988,$4004_vol,15
2988,$4008_linear,127
2988,$400C_const,1
2988,$400C_vol,0
2988,$400E_period,13
2988,$400E_mode,0
2989,$4000_duty,1
2989,$4000_const,1
2989,$4000_vol,7
2989,$4004_duty,2
2989,$4004_const,1
2989,$4004_vol,15
2989,$4008_linear,127
2989,$400C_const,1
2989,$400C_vol,12
2989,$400E_period,8
2989,$400E_mode,0
2990,$4000_duty,1
2990,$4000_const,1
2990,$4000_vol,7
2990,$4008_linear,127
2990,$400C_const,1
2990,$400C_vol,9
2990,$400E_period,8
2990,$400E_mode,0
2991,$4000_duty,1
2991,$4000_const,1
2991,$4000_vol,6
2991,$4004_duty,2
2991,$4004_const,1
2991,$4004_vol,15
2991,$4006_period,571
2991,$4008_linear,127
2991,$400C_const,1
2991,$400C_vol,6
2991,$400E_period,8
2991,$400E_mode,0
2992,$4000_duty,1
2992,$4000_const,1
2992,$4000_vol,5
2992,$4004_duty,2
2992,$4004_const,1
2992,$4004_vol,15
2992,$4008_linear,127
2992,$400C_const,1
2992,$400C_vol,3
2992,$400E_period,8
2992,$400E_mode,0
2993,$4000_duty,1
2993,$4000_const,1
2993,$4000_vol,5
2993,$4004_duty,2
2993,$4004_const,1
2993,$4004_vol,15
2993,$4008_linear,0
2993,$400C_const,1
2993,$400C_vol,0
2993,$400E_period,8
2993,$400E_mode,0
2994,$4000_duty,1
2994,$4000_const,1
2994,$4000_vol,4
2994,$4004_duty,2
2994,$4004_const,1
2994,$4004_vol,15
2994,$4006_period,1227
2994,$4008_linear,0
2994,$400C_const,1
2994,$400C_vol,0
2994,$400E_period,8
2994,$400E_mode,0
2995,$4000_duty,1
2995,$4000_const,1
2995,$4000_vol,3
2995,$4004_duty,2
2995,$4004_const,1
2995,$4004_vol,15
2995,$400C_const,1
2995,$400C_vol,0
2995,$400E_period,8
2995,$400E_mode,0
2996,$4000_duty,1
2996,$4000_const,1
2996,$4000_vol,12
2996,$4002_period,481
2996,$400B_length,8
2996,$4004_duty,2
2996,$4004_const,1
2996,$4004_vol,15
2996,$4006_period,935
2996,$4008_linear,127
2996,$400A_period,719
2996,$400B_length,9
2996,$400C_const,1
2996,$400C_vol,12
2996,$400E_period,13
2996,$400E_mode,0
2997,$4000_duty,1
2997,$4000_const,1
2997,$4000_vol,11
2997,$4004_duty,2
2997,$4004_const,1
2997,$4004_vol,15
2997,$4008_linear,127
2997,$400C_const,1
2997,$400C_vol,9
2997,$400E_period,13
2997,$400E_mode,0
2998,$4000_duty,1
2998,$4000_const,1
2998,$4000_vol,11
2998,$4004_duty,2
2998,$4004_const,1
2998,$4004_vol,15
2998,$4008_linear,127
2998,$400C_const,1
2998,$400C_vol,6
2998,$400E_period,13
2998,$400E_mode,0
2999,$4000_duty,1
2999,$4000_const,1
2999,$4000_vol,11
2999,$4004_duty,2
2999,$4004_const,1
2999,$4004_vol,15
2999,$4008_linear,127
2999,$400C_const,1
2999,$400C_vol,3
2999,$400E_period,13
2999,$400E_mode,0
3000,$4004_duty,0
3000,$4004_const,1
3000,$4004_vol,0
3000,$4001_sweep,8
3000,$4005_sweep,8
3000,$4000_duty,1
3000,$4000_const,1
3000,$4000_vol,11
3000,$4004_duty,2
3000,$4004_const,1
3000,$4004_vol,11
3000,$4006_period,719
3000,$4008_linear,127
3000,$400C_const,1
3000,$400C_vol,0
3000,$400E_period,13
3000,$400E_mode,0
3001,$4000_duty,1
3001,$4000_const,1
3001,$4000_vol,11
3001,$4004_duty,2
3001,$4004_const,1
3001,$4004_vol,11
3001,$4008_linear,127
3001,$400C_const,1
3001,$400C_vol,0
3001,$400E_period,13
3001,$400E_mode,0
3002,$4000_duty,1
3002,$4000_const,1
3002,$4000_vol,11
3002,$4004_duty,2
3002,$4004_const,1
3002,$4004_vol,11
3002,$4008_linear,0
3002,$400C_const,1
3002,$400C_vol,0
3002,$400E_period,13
3002,$400E_mode,0
3003,$4000_duty,1
3003,$4000_const,1
3003,$4000_vol,11
3003,$4004_duty,2
3003,$4004_const,1
3003,$4004_vol,11
3003,$400C_const,1
3003,$400C_vol,0
3003,$400E_period,13
3003,$400E_mode,0
3004,$4000_duty,1
3004,$4000_const,1
3004,$4000_vol,11
3004,$4004_duty,2
3004,$4004_const,1
3004,$4004_vol,11
3004,$4008_linear,127
3004,$400A_period,719
3004,$400B_length,9
3004,$400C_const,1
3004,$400C_vol,12
3004,$400E_period,13
3004,$400E_mode,0
3005,$4000_duty,1
3005,$4000_const,1
3005,$4000_vol,10
3005,$4004_duty,2
3005,$4004_const,1
3005,$4004_vol,10
3005,$4008_linear,127
3005,$400C_const,1
3005,$400C_vol,9
3005,$400E_period,13
3005,$400E_mode,0
3006,$4000_duty,1
3006,$4000_const,1
3006,$4000_vol,10
3006,$4004_duty,2
3006,$4004_const,1
3006,$4004_vol,10
3006,$4008_linear,127
3006,$400C_const,1
3006,$400C_vol,6
3006,$400E_period,13
3006,$400E_mode,0
3007,$4000_duty,1
3007,$4000_const,1
3007,$4000_vol,10
3007,$4004_duty,2
3007,$4004_const,1
3007,$4004_vol,10
3007,$4008_linear,127
3007,$400C_const,1
3007,$400C_vol,3
3007,$400E_period,13
3007,$400E_mode,0
3008,$4000_duty,1
3008,$4000_const,1
3008,$4000_vol,10
3008,$4004_duty,2
3008,$4004_const,1
3008,$4004_vol,10
3008,$4008_linear,127
3008,$400C_const,1
3008,$400C_vol,0
3008,$400E_period,13
3008,$400E_mode,0
3009,$4000_duty,1
3009,$4000_const,1
3009,$4000_vol,10
3009,$4004_duty,2
3009,$4004_const,1
3009,$4004_vol,10
3009,$4008_linear,127
3009,$400C_const,1
3009,$400C_vol,0
3009,$400E_period,13
3009,$400E_mode,0
3010,$4000_duty,1
3010,$4000_const,1
3010,$4000_vol,10
3010,$4004_duty,2
3010,$4004_const,1
3010,$4004_vol,10
3010,$4008_linear,127
3010,$400C_const,1
3010,$400C_vol,0
3010,$400E_period,13
3010,$400E_mode,0
3011,$4000_duty,1
3011,$4000_const,1
3011,$4000_vol,10
3011,$4004_duty,2
3011,$4004_const,1
3011,$4004_vol,10
3011,$4008_linear,127
3011,$400C_const,1
3011,$400C_vol,0
3011,$400E_period,13
3011,$400E_mode,0
3012,$4000_duty,1
3012,$4000_const,1
3012,$4000_vol,10
3012,$4004_duty,2
3012,$4004_const,1
3012,$4004_vol,10
3012,$4008_linear,127
3013,$4000_duty,1
3013,$4000_const,1
3013,$4000_vol,9
3013,$4004_duty,2
3013,$4004_const,1
3013,$4004_vol,9
3013,$4008_linear,127
3014,$4000_duty,1
3014,$4000_const,1
3014,$4000_vol,9
3014,$4004_duty,2
3014,$4004_const,1
3014,$4004_vol,9
3014,$4008_linear,127
3015,$4000_duty,1
3015,$4000_const,1
3015,$4000_vol,9
3015,$4004_duty,2
3015,$4004_const,1
3015,$4004_vol,9
3015,$4008_linear,127
3016,$4000_duty,1
3016,$4000_const,1
3016,$4000_vol,9
3016,$4004_duty,2
3016,$4004_const,1
3016,$4004_vol,9
3016,$4008_linear,0
3017,$4000_duty,1
3017,$4000_const,1
3017,$4000_vol,9
3017,$4004_duty,2
3017,$4004_const,1
3017,$4004_vol,9
3018,$4000_duty,1
3018,$4000_const,1
3018,$4000_vol,9
3018,$4004_duty,2
3018,$4004_const,1
3018,$4004_vol,9
3019,$4000_duty,1
3019,$4000_const,1
3019,$4000_vol,9
3019,$4004_duty,2
3019,$4004_const,1
3019,$4004_vol,9
3019,$4008_linear,127
3019,$400A_period,719
3019,$400B_length,9
3019,$400C_const,1
3019,$400C_vol,12
3019,$400E_period,8
3019,$400E_mode,0
3020,$4000_duty,1
3020,$4000_const,1
3020,$4000_vol,9
3020,$4004_duty,2
3020,$4004_const,1
3020,$4004_vol,9
3020,$4008_linear,127
3020,$400C_const,1
3020,$400C_vol,9
3020,$400E_period,8
3020,$400E_mode,0
3021,$4000_duty,1
3021,$4000_const,1
3021,$4000_vol,8
3021,$4004_duty,2
3021,$4004_const,1
3021,$4004_vol,8
3021,$4008_linear,127
3021,$400C_const,1
3021,$400C_vol,6
3021,$400E_period,8
3021,$400E_mode,0
3022,$4000_duty,1
3022,$4000_const,1
3022,$4000_vol,8
3022,$4004_duty,2
3022,$4004_const,1
3022,$4004_vol,8
3022,$4008_linear,127
3022,$400C_const,1
3022,$400C_vol,3
3022,$400E_period,8
3022,$400E_mode,0
3023,$4000_duty,1
3023,$4000_const,1
3023,$4000_vol,8
3023,$4004_duty,2
3023,$4004_const,1
3023,$4004_vol,8
3023,$4008_linear,127
3023,$400C_const,1
3023,$400C_vol,0
3023,$400E_period,8
3023,$400E_mode,0
3024,$4000_duty,1
3024,$4000_const,1
3024,$4000_vol,8
3024,$4004_duty,2
3024,$4004_const,1
3024,$4004_vol,8
3024,$4008_linear,127
3024,$400C_const,1
3024,$400C_vol,0
3024,$400E_period,8
3024,$400E_mode,0
3025,$4000_duty,1
3025,$4000_const,1
3025,$4000_vol,8
3025,$4004_duty,2
3025,$4004_const,1
3025,$4004_vol,8
3025,$4008_linear,127
3025,$400C_const,1
3025,$400C_vol,0
3025,$400E_period,8
3025,$400E_mode,0
3026,$4000_duty,1
3026,$4000_const,1
3026,$4000_vol,7
3026,$4004_duty,2
3026,$4004_const,1
3026,$4004_vol,7
3026,$4008_linear,127
3026,$400C_const,1
3026,$400C_vol,0
3026,$400E_period,8
3026,$400E_mode,0
3027,$4000_duty,1
3027,$4000_const,1
3027,$4000_vol,7
3027,$4004_duty,2
3027,$4004_const,1
3027,$4004_vol,7
3027,$4008_linear,127
3028,$4000_duty,1
3028,$4000_const,1
3028,$4000_vol,6
3028,$4004_duty,2
3028,$4004_const,1
3028,$4004_vol,6
3028,$4008_linear,127
3029,$4000_duty,1
3029,$4000_const,1
3029,$4000_vol,5
3029,$4004_duty,2
3029,$4004_const,1
3029,$4004_vol,5
3029,$4008_linear,127
3030,$4000_duty,1
3030,$4000_const,1
3030,$4000_vol,5
3030,$4004_duty,2
3030,$4004_const,1
3030,$4004_vol,5
3030,$4008_linear,127
3031,$4000_duty,1
3031,$4000_const,1
3031,$4000_vol,4
3031,$4004_duty,2
3031,$4004_const,1
3031,$4004_vol,4
3031,$4008_linear,0
3032,$4000_duty,1
3032,$4000_const,1
3032,$4000_vol,4
3032,$4004_duty,2
3032,$4004_const,1
3032,$4004_vol,4
3033,$4000_duty,1
3033,$4000_const,1
3033,$4000_vol,3
3033,$4004_duty,2
3033,$4004_const,1
3033,$4004_vol,3
3034,$4000_duty,1
3034,$4000_const,1
3034,$4000_vol,12
3034,$4002_period,509
3034,$400B_length,8
3034,$4004_duty,2
3034,$4004_const,1
3034,$4004_vol,12
3034,$4006_period,641
3034,$4008_linear,127
3034,$400A_period,719
3034,$400B_length,9
3034,$400C_const,1
3034,$400C_vol,12
3034,$400E_period,13
3034,$400E_mode,0
3035,$4000_duty,1
3035,$4000_const,1
3035,$4000_vol,11
3035,$4004_duty,2
3035,$4004_const,1
3035,$4004_vol,11
3035,$4008_linear,127
3035,$400C_const,1
3035,$400C_vol,9
3035,$400E_period,13
3035,$400E_mode,0
3036,$4000_duty,1
3036,$4000_const,1
3036,$4000_vol,11
3036,$4004_duty,2
3036,$4004_const,1
3036,$4004_vol,11
3036,$4008_linear,127
3036,$400C_const,1
3036,$400C_vol,6
3036,$400E_period,13
3036,$400E_mode,0
3037,$4000_duty,1
3037,$4000_const,1
3037,$4000_vol,11
3037,$4004_duty,2
3037,$4004_const,1
3037,$4004_vol,11
3037,$4008_linear,127
3037,$400C_const,1
3037,$400C_vol,3
3037,$400E_period,13
3037,$400E_mode,0
3038,$4000_duty,1
3038,$4000_const,1
3038,$4000_vol,11
3038,$4004_duty,2
3038,$4004_const,1
3038,$4004_vol,11
3038,$4008_linear,127
3038,$400C_const,1
3038,$400C_vol,0
3038,$400E_period,13
3038,$400E_mode,0
3039,$4000_duty,1
3039,$4000_const,1
3039,$4000_vol,10
3039,$4004_duty,2
3039,$4004_const,1
3039,$4004_vol,11
3039,$4008_linear,127
3039,$400C_const,1
3039,$400C_vol,0
3039,$400E_period,13
3039,$400E_mode,0
3040,$4000_duty,1
3040,$4000_const,1
3040,$4000_vol,10
3040,$4004_duty,2
3040,$4004_const,1
3040,$4004_vol,11
3040,$4008_linear,127
3040,$400C_const,1
3040,$400C_vol,0
3040,$400E_period,13
3040,$400E_mode,0
3041,$4000_duty,1
3041,$4000_const,1
3041,$4000_vol,9
3041,$4004_duty,2
3041,$4004_const,1
3041,$4004_vol,11
3041,$4008_linear,127
3041,$400C_const,1
3041,$400C_vol,0
3041,$400E_period,13
3041,$400E_mode,0
3042,$4000_duty,1
3042,$4000_const,1
3042,$4000_vol,9
3042,$4004_duty,2
3042,$4004_const,1
3042,$4004_vol,11
3042,$4008_linear,127
3043,$4000_duty,1
3043,$4000_const,1
3043,$4000_vol,8
3043,$4004_duty,2
3043,$4004_const,1
3043,$4004_vol,10
3043,$4008_linear,127
3044,$4000_duty,1
3044,$4000_const,1
3044,$4000_vol,7
3044,$4004_duty,2
3044,$4004_const,1
3044,$4004_vol,10
3044,$4008_linear,127
3045,$4000_duty,1
3045,$4000_const,1
3045,$4000_vol,7
3045,$4004_duty,2
3045,$4004_const,1
3045,$4004_vol,10
3045,$4008_linear,127
3046,$4004_duty,0
3046,$4004_const,1
3046,$4004_vol,0
3046,$4001_sweep,8
3046,$4005_sweep,8
3046,$4000_duty,1
3046,$4000_const,1
3046,$4000_vol,6
3046,$4008_linear,0
3047,$4000_duty,1
3047,$4000_const,1
3047,$4000_vol,5
3047,$4004_duty,1
3047,$4004_const,1
3047,$4004_vol,15
3047,$4006_period,339
3048,$4000_duty,1
3048,$4000_const,1
3048,$4000_vol,5
3048,$4004_duty,1
3048,$4004_const,1
3048,$4004_vol,6
3049,$4000_duty,1
3049,$4000_const,1
3049,$4000_vol,12
3049,$4002_period,509
3049,$400B_length,8
3049,$4004_duty,1
3049,$4004_const,1
3049,$4004_vol,0
3049,$4008_linear,127
3049,$400A_period,719
3049,$400B_length,9
3049,$400C_const,1
3049,$400C_vol,12
3049,$400E_period,8
3049,$400E_mode,0
3050,$4000_duty,1
3050,$4000_const,1
3050,$4000_vol,11
3050,$4004_duty,1
3050,$4004_const,1
3050,$4004_vol,0
3050,$4008_linear,127
3050,$400C_const,1
3050,$400C_vol,9
3050,$400E_period,8
3050,$400E_mode,0
3051,$4000_duty,1
3051,$4000_const,1
3051,$4000_vol,11
3051,$4004_duty,1
3051,$4004_const,1
3051,$4004_vol,5
3051,$4008_linear,127
3051,$400C_const,1
3051,$400C_vol,6
3051,$400E_period,8
3051,$400E_mode,0
3052,$4000_duty,1
3052,$4000_const,1
3052,$4000_vol,11
3052,$4004_duty,1
3052,$4004_const,1
3052,$4004_vol,14
3052,$4008_linear,127
3052,$400C_const,1
3052,$400C_vol,3
3052,$400E_period,8
3052,$400E_mode,0
3053,$4000_duty,1
3053,$4000_const,1
3053,$4000_vol,11
3053,$4004_duty,1
3053,$4004_const,1
3053,$4004_vol,7
3053,$4008_linear,127
3053,$400C_const,1
3053,$400C_vol,0
3053,$400E_period,8
3053,$400E_mode,0
3054,$4000_duty,1
3054,$4000_const,1
3054,$4000_vol,10
3054,$4004_duty,1
3054,$4004_const,1
3054,$4004_vol,0
3054,$4008_linear,127
3054,$400C_const,1
3054,$400C_vol,0
3054,$400E_period,8
3054,$400E_mode,0
3055,$4000_duty,1
3055,$4000_const,1
3055,$4000_vol,10
3055,$4004_duty,1
3055,$4004_const,1
3055,$4004_vol,0
3055,$4008_linear,127
3055,$400C_const,1
3055,$400C_vol,0
3055,$400E_period,8
3055,$400E_mode,0
3056,$4000_duty,1
3056,$4000_const,1
3056,$4000_vol,9
3056,$4004_duty,1
3056,$4004_const,1
3056,$4004_vol,4
3056,$4008_linear,127
3056,$400C_const,1
3056,$400C_vol,0
3056,$400E_period,8
3056,$400E_mode,0
3057,$4000_duty,1
3057,$4000_const,1
3057,$4000_vol,9
3057,$4004_duty,1
3057,$4004_const,1
3057,$4004_vol,13
3057,$4008_linear,127
3058,$4000_duty,1
3058,$4000_const,1
3058,$4000_vol,8
3058,$4004_duty,1
3058,$4004_const,1
3058,$4004_vol,8
3058,$4008_linear,127
3059,$4000_duty,1
3059,$4000_const,1
3059,$4000_vol,7
3059,$4004_duty,1
3059,$4004_const,1
3059,$4004_vol,0
3059,$4008_linear,127
3060,$4000_duty,1
3060,$4000_const,1
3060,$4000_vol,7
3060,$4004_duty,1
3060,$4004_const,1
3060,$4004_vol,0
3060,$4008_linear,127
3061,$4000_duty,1
3061,$4000_const,1
3061,$4000_vol,6
3061,$4004_duty,1
3061,$4004_const,1
3061,$4004_vol,3
3061,$4008_linear,0
3062,$4000_duty,1
3062,$4000_const,1
3062,$4000_vol,5
3062,$4004_duty,1
3062,$4004_const,1
3062,$4004_vol,11
3063,$4000_duty,1
3063,$4000_const,1
3063,$4000_vol,5
3063,$4004_duty,1
3063,$4004_const,1
3063,$4004_vol,10
3064,$4000_duty,1
3064,$4000_const,1
3064,$4000_vol,12
3064,$4002_period,509
3064,$400B_length,8
3064,$4004_duty,1
3064,$4004_const,1
3064,$4004_vol,0
3064,$4008_linear,127
3064,$400A_period,719
3064,$400B_length,9
3064,$400C_const,1
3064,$400C_vol,12
3064,$400E_period,13
3064,$400E_mode,0
3065,$4000_duty,1
3065,$4000_const,1
3065,$4000_vol,11
3065,$4004_duty,1
3065,$4004_const,1
3065,$4004_vol,0
3065,$4008_linear,127
3065,$400C_const,1
3065,$400C_vol,9
3065,$400E_period,13
3065,$400E_mode,0
3066,$4000_duty,1
3066,$4000_const,1
3066,$4000_vol,11
3066,$4004_duty,1
3066,$4004_const,1
3066,$4004_vol,2
3066,$4008_linear,127
3066,$400C_const,1
3066,$400C_vol,6
3066,$400E_period,13
3066,$400E_mode,0
3067,$4000_duty,1
3067,$4000_const,1
3067,$4000_vol,11
3067,$4004_duty,1
3067,$4004_const,1
3067,$4004_vol,8
3067,$4008_linear,127
3067,$400C_const,1
3067,$400C_vol,3
3067,$400E_period,13
3067,$400E_mode,0
3068,$4000_duty,1
3068,$4000_const,1
3068,$4000_vol,11
3068,$4004_duty,1
3068,$4004_const,1
3068,$4004_vol,8
3068,$4008_linear,127
3068,$400C_const,1
3068,$400C_vol,0
3068,$400E_period,13
3068,$400E_mode,0
3069,$4000_duty,1
3069,$4000_const,1
3069,$4000_vol,10
3069,$4004_duty,1
3069,$4004_const,1
3069,$4004_vol,1
3069,$4008_linear,127
3069,$400C_const,1
3069,$400C_vol,0
3069,$400E_period,13
3069,$400E_mode,0
3070,$4000_duty,1
3070,$4000_const,1
3070,$4000_vol,10
3070,$4004_duty,1
3070,$4004_const,1
3070,$4004_vol,0
3070,$4008_linear,127
3070,$400C_const,1
3070,$400C_vol,0
3070,$400E_period,13
3070,$400E_mode,0
3071,$4000_duty,1
3071,$4000_const,1
3071,$4000_vol,9
3071,$4004_duty,1
3071,$4004_const,1
3071,$4004_vol,1
3071,$4008_linear,127
3071,$400C_const,1
3071,$400C_vol,0
3071,$400E_period,13
3071,$400E_mode,0
3072,$4000_duty,1
3072,$4000_const,1
3072,$4000_vol,9
3072,$4004_duty,1
3072,$4004_const,1
3072,$4004_vol,6
3072,$4008_linear,127
3073,$4000_duty,1
3073,$4000_const,1
3073,$4000_vol,8
3073,$4004_duty,1
3073,$4004_const,1
3073,$4004_vol,5
3073,$4008_linear,127
3074,$4000_duty,1
3074,$4000_const,1
3074,$4000_vol,7
3074,$4004_duty,1
3074,$4004_const,1
3074,$4004_vol,3
3074,$4008_linear,127
3075,$4000_duty,1
3075,$4000_const,1
3075,$4000_vol,7
3075,$4004_duty,1
3075,$4004_const,1
3075,$4004_vol,0
3075,$4008_linear,127
3076,$4000_duty,1
3076,$4000_const,1
3076,$4000_vol,6
3076,$4004_duty,1
3076,$4004_const,1
3076,$4004_vol,0
3076,$4008_linear,0
3077,$4004_duty,0
3077,$4004_const,1
3077,$4004_vol,0
3077,$4001_sweep,8
3077,$4005_sweep,8
3077,$4000_duty,1
3077,$4000_const,1
3077,$4000_vol,5
3077,$4004_duty,2
3077,$4004_const,1
3077,$4004_vol,6
3077,$4006_period,641
3078,$4000_duty,1
3078,$4000_const,1
3078,$4000_vol,5
3078,$4004_duty,2
3078,$4004_const,1
3078,$4004_vol,6
3079,$4000_duty,1
3079,$4000_const,1
3079,$4000_vol,12
3079,$4002_period,509
3079,$400B_length,8
3079,$4004_duty,2
3079,$4004_const,1
3079,$4004_vol,6
3079,$4008_linear,127
3079,$400A_period,719
3079,$400B_length,9
3079,$400C_const,1
3079,$400C_vol,12
3079,$400E_period,8
3079,$400E_mode,0
3080,$4000_duty,1
3080,$4000_const,1
3080,$4000_vol,11
3080,$4004_duty,2
3080,$4004_const,1
3080,$4004_vol,5
3080,$4008_linear,127
3080,$400C_const,1
3080,$400C_vol,9
3080,$400E_period,8
3080,$400E_mode,0
3081,$4000_duty,1
3081,$4000_const,1
3081,$4000_vol,11
3081,$4004_duty,2
3081,$4004_const,1
3081,$4004_vol,5
3081,$4008_linear,127
3081,$400C_const,1
3081,$400C_vol,6
3081,$400E_period,8
3081,$400E_mode,0
3082,$4000_duty,1
3082,$4000_const,1
3082,$4000_vol,11
3082,$4004_duty,2
3082,$4004_const,1
3082,$4004_vol,4
3082,$4008_linear,127
3082,$400C_const,1
3082,$400C_vol,3
3082,$400E_period,8
3082,$400E_mode,0
3083,$4000_duty,1
3083,$4000_const,1
3083,$4000_vol,11
3083,$4004_duty,2
3083,$4004_const,1
3083,$4004_vol,3
3083,$4008_linear,127
3083,$400C_const,1
3083,$400C_vol,0
3083,$400E_period,8
3083,$400E_mode,0
3084,$4000_duty,1
3084,$4000_const,1
3084,$4000_vol,10
3084,$4004_duty,2
3084,$4004_const,1
3084,$4004_vol,3
3084,$4008_linear,127
3084,$400C_const,1
3084,$400C_vol,0
3084,$400E_period,8
3084,$400E_mode,0
3085,$4000_duty,1
3085,$4000_const,1
3085,$4000_vol,10
3085,$4004_duty,2
3085,$4004_const,1
3085,$4004_vol,2
3085,$4008_linear,0
3085,$400C_const,1
3085,$400C_vol,0
3085,$400E_period,8
3085,$400E_mode,0
3086,$4000_duty,1
3086,$4000_const,1
3086,$4000_vol,12
3086,$4002_period,321
3086,$400B_length,8
3086,$4004_duty,2
3086,$4004_const,1
3086,$4004_vol,12
3086,$4006_period,509
3086,$4008_linear,127
3086,$400A_period,719
3086,$400B_length,9
3086,$400C_const,1
3086,$400C_vol,12
3086,$400E_period,13
3086,$400E_mode,0
3087,$4000_duty,1
3087,$4000_const,1
3087,$4000_vol,11
3087,$4004_duty,2
3087,$4004_const,1
3087,$4004_vol,11
3087,$4008_linear,127
3087,$400C_const,1
3087,$400C_vol,9
3087,$400E_period,13
3087,$400E_mode,0
3088,$4000_duty,1
3088,$4000_const,1
3088,$4000_vol,11
3088,$4004_duty,2
3088,$4004_const,1
3088,$4004_vol,11
3088,$4008_linear,127
3088,$400C_const,1
3088,$400C_vol,6
3088,$400E_period,13
3088,$400E_mode,0
3089,$4000_duty,1
3089,$4000_const,1
3089,$4000_vol,11
3089,$4004_duty,2
3089,$4004_const,1
3089,$4004_vol,11
3089,$4008_linear,127
3089,$400C_const,1
3089,$400C_vol,3
3089,$400E_period,13
3089,$400E_mode,0
3090,$4000_duty,1
3090,$4000_const,1
3090,$4000_vol,11
3090,$4004_duty,2
3090,$4004_const,1
3090,$4004_vol,11
3090,$4008_linear,127
3090,$400C_const,1
3090,$400C_vol,0
3090,$400E_period,13
3090,$400E_mode,0
3091,$4000_duty,1
3091,$4000_const,1
3091,$4000_vol,11
3091,$4004_duty,2
3091,$4004_const,1
3091,$4004_vol,11
3091,$4008_linear,127
3091,$400C_const,1
3091,$400C_vol,0
3091,$400E_period,13
3091,$400E_mode,0
3092,$4000_duty,1
3092,$4000_const,1
3092,$4000_vol,11
3092,$4004_duty,2
3092,$4004_const,1
3092,$4004_vol,11
3092,$4008_linear,127
3092,$400C_const,1
3092,$400C_vol,0
3092,$400E_period,13
3092,$400E_mode,0
3093,$4000_duty,1
3093,$4000_const,1
3093,$4000_vol,11
3093,$4004_duty,2
3093,$4004_const,1
3093,$4004_vol,11
3093,$4008_linear,127
3093,$400C_const,1
3093,$400C_vol,0
3093,$400E_period,13
3093,$400E_mode,0
3094,$4000_duty,1
3094,$4000_const,1
3094,$4000_vol,11
3094,$4004_duty,2
3094,$4004_const,1
3094,$4004_vol,11
3094,$4008_linear,127
3094,$400C_const,1
3094,$400C_vol,0
3094,$400E_period,13
3094,$400E_mode,0
3095,$4000_duty,1
3095,$4000_const,1
3095,$4000_vol,10
3095,$4004_duty,2
3095,$4004_const,1
3095,$4004_vol,10
3095,$4008_linear,127
3096,$4000_duty,1
3096,$4000_const,1
3096,$4000_vol,10
3096,$4004_duty,2
3096,$4004_const,1
3096,$4004_vol,10
3096,$4008_linear,127
3097,$4000_duty,1
3097,$4000_const,1
3097,$4000_vol,10
3097,$4004_duty,2
3097,$4004_const,1
3097,$4004_vol,10
3097,$4008_linear,127
3098,$4000_duty,1
3098,$4000_const,1
3098,$4000_vol,10
3098,$4004_duty,2
3098,$4004_const,1
3098,$4004_vol,10
3098,$4008_linear,0
3099,$4000_duty,1
3099,$4000_const,1
3099,$4000_vol,10
3099,$4004_duty,2
3099,$4004_const,1
3099,$4004_vol,10
3099,$4008_linear,0
3100,$4000_duty,1
3100,$4000_const,1
3100,$4000_vol,10
3100,$4004_duty,2
3100,$4004_const,1
3100,$4004_vol,10
3101,$4000_duty,1
3101,$4000_const,1
3101,$4000_vol,10
3101,$4004_duty,2
3101,$4004_const,1
3101,$4004_vol,10
3101,$4008_linear,127
3101,$400A_period,719
3101,$400B_length,9
3101,$400C_const,1
3101,$400C_vol,12
3101,$400E_period,13
3101,$400E_mode,0
3102,$4000_duty,1
3102,$4000_const,1
3102,$4000_vol,10
3102,$4004_duty,2
3102,$4004_const,1
3102,$4004_vol,10
3102,$4008_linear,127
3102,$400C_const,1
3102,$400C_vol,9
3102,$400E_period,13
3102,$400E_mode,0
3103,$4000_duty,1
3103,$4000_const,1
3103,$4000_vol,9
3103,$4004_duty,2
3103,$4004_const,1
3103,$4004_vol,9
3103,$4008_linear,127
3103,$400C_const,1
3103,$400C_vol,6
3103,$400E_period,13
3103,$400E_mode,0
3104,$4000_duty,1
3104,$4000_const,1
3104,$4000_vol,9
3104,$4004_duty,2
3104,$4004_const,1
3104,$4004_vol,9
3104,$4008_linear,127
3104,$400C_const,1
3104,$400C_vol,3
3104,$400E_period,13
3104,$400E_mode,0
3105,$4000_duty,1
3105,$4000_const,1
3105,$4000_vol,9
3105,$4004_duty,2
3105,$4004_const,1
3105,$4004_vol,9
3105,$4008_linear,127
3105,$400C_const,1
3105,$400C_vol,0
3105,$400E_period,13
3105,$400E_mode,0
3106,$4000_duty,1
3106,$4000_const,1
3106,$4000_vol,9
3106,$4004_duty,2
3106,$4004_const,1
3106,$4004_vol,9
3106,$4008_linear,127
3106,$400C_const,1
3106,$400C_vol,0
3106,$400E_period,13
3106,$400E_mode,0
3107,$4000_duty,1
3107,$4000_const,1
3107,$4000_vol,9
3107,$4004_duty,2
3107,$4004_const,1
3107,$4004_vol,9
3107,$4008_linear,127
3107,$400C_const,1
3107,$400C_vol,0
3107,$400E_period,13
3107,$400E_mode,0
3108,$4000_duty,1
3108,$4000_const,1
3108,$4000_vol,9
3108,$4004_duty,2
3108,$4004_const,1
3108,$4004_vol,9
3108,$4008_linear,127
3108,$400C_const,1
3108,$400C_vol,0
3108,$400E_period,13
3108,$400E_mode,0
3109,$4000_duty,1
3109,$4000_const,1
3109,$4000_vol,9
3109,$4004_duty,2
3109,$4004_const,1
3109,$4004_vol,9
3109,$4008_linear,127
3109,$400C_const,1
3109,$400C_vol,12
3109,$400E_period,8
3109,$400E_mode,0
3110,$4000_duty,1
3110,$4000_const,1
3110,$4000_vol,9
3110,$4004_duty,2
3110,$4004_const,1
3110,$4004_vol,9
3110,$4008_linear,127
3110,$400C_const,1
3110,$400C_vol,9
3110,$400E_period,8
3110,$400E_mode,0
3111,$4000_duty,1
3111,$4000_const,1
3111,$4000_vol,8
3111,$4004_duty,2
3111,$4004_const,1
3111,$4004_vol,8
3111,$4008_linear,127
3111,$400C_const,1
3111,$400C_vol,6
3111,$400E_period,8
3111,$400E_mode,0
3112,$4000_duty,1
3112,$4000_const,1
3112,$4000_vol,8
3112,$4004_duty,2
3112,$4004_const,1
3112,$4004_vol,8
3112,$4008_linear,127
3112,$400C_const,1
3112,$400C_vol,3
3112,$400E_period,8
3112,$400E_mode,0
3113,$4000_duty,1
3113,$4000_const,1
3113,$4000_vol,8
3113,$4004_duty,2
3113,$4004_const,1
3113,$4004_vol,8
3113,$4008_linear,0
3113,$400C_const,1
3113,$400C_vol,0
3113,$400E_period,8
3113,$400E_mode,0
3114,$4000_duty,1
3114,$4000_const,1
3114,$4000_vol,8
3114,$4004_duty,2
3114,$4004_const,1
3114,$4004_vol,8
3114,$4008_linear,0
3114,$400C_const,1
3114,$400C_vol,0
3114,$400E_period,8
3114,$400E_mode,0
3115,$4000_duty,1
3115,$4000_const,1
3115,$4000_vol,8
3115,$4004_duty,2
3115,$4004_const,1
3115,$4004_vol,8
3115,$400C_const,1
3115,$400C_vol,0
3115,$400E_period,8
3115,$400E_mode,0
3116,$4000_duty,1
3116,$4000_const,1
3116,$4000_vol,8
3116,$4004_duty,2
3116,$4004_const,1
3116,$4004_vol,7
3116,$4008_linear,127
3116,$400A_period,719
3116,$400B_length,9
3116,$400C_const,1
3116,$400C_vol,12
3116,$400E_period,13
3116,$400E_mode,0
3117,$4000_duty,1
3117,$4000_const,1
3117,$4000_vol,8
3117,$4004_duty,2
3117,$4004_const,1
3117,$4004_vol,7
3117,$4008_linear,127
3117,$400C_const,1
3117,$400C_vol,9
3117,$400E_period,13
3117,$400E_mode,0
3118,$4000_duty,1
3118,$4000_const,1
3118,$4000_vol,8
3118,$4004_duty,2
3118,$4004_const,1
3118,$4004_vol,6
3118,$4008_linear,127
3118,$400C_const,1
3118,$400C_vol,6
3118,$400E_period,13
3118,$400E_mode,0
3119,$4000_duty,1
3119,$4000_const,1
3119,$4000_vol,7
3119,$4004_duty,2
3119,$4004_const,1
3119,$4004_vol,5
3119,$4008_linear,127
3119,$400C_const,1
3119,$400C_vol,3
3119,$400E_period,13
3119,$400E_mode,0
3120,$4000_duty,1
3120,$4000_const,1
3120,$4000_vol,7
3120,$4004_duty,2
3120,$4004_const,1
3120,$4004_vol,5
3120,$4008_linear,127
3120,$400C_const,1
3120,$400C_vol,0
3120,$400E_period,13
3120,$400E_mode,0
3121,$4000_duty,1
3121,$4000_const,1
3121,$4000_vol,7
3121,$4004_duty,2
3121,$4004_const,1
3121,$4004_vol,4
3121,$4008_linear,127
3121,$400C_const,1
3121,$400C_vol,0
3121,$400E_period,13
3121,$400E_mode,0
3122,$4000_duty,1
3122,$4000_const,1
3122,$4000_vol,7
3122,$4004_duty,2
3122,$4004_const,1
3122,$4004_vol,4
3122,$4008_linear,0
3122,$400C_const,1
3122,$400C_vol,0
3122,$400E_period,13
3122,$400E_mode,0
3123,$4000_duty,1
3123,$4000_const,1
3123,$4000_vol,7
3123,$4004_duty,2
3123,$4004_const,1
3123,$4004_vol,3
3123,$4008_linear,0
3123,$400C_const,1
3123,$400C_vol,0
3123,$400E_period,13
3123,$400E_mode,0
3124,$4000_duty,1
3124,$4000_const,1
3124,$4000_vol,7
3124,$4004_duty,2
3124,$4004_const,1
3124,$4004_vol,12
3124,$4006_period,641
3124,$4008_linear,127
3124,$400A_period,719
3124,$400B_length,9
3124,$400C_const,1
3124,$400C_vol,12
3124,$400E_period,13
3124,$400E_mode,0
3125,$4000_duty,1
3125,$4000_const,1
3125,$4000_vol,7
3125,$4004_duty,2
3125,$4004_const,1
3125,$4004_vol,11
3125,$4008_linear,127
3125,$400C_const,1
3125,$400C_vol,9
3125,$400E_period,13
3125,$400E_mode,0
3126,$4000_duty,1
3126,$4000_const,1
3126,$4000_vol,7
3126,$4004_duty,2
3126,$4004_const,1
3126,$4004_vol,11
3126,$4008_linear,127
3126,$400C_const,1
3126,$400C_vol,6
3126,$400E_period,13
3126,$400E_mode,0
3127,$4000_duty,1
3127,$4000_const,1
3127,$4000_vol,6
3127,$4004_duty,2
3127,$4004_const,1
3127,$4004_vol,11
3127,$4008_linear,127
3127,$400C_const,1
3127,$400C_vol,3
3127,$400E_period,13
3127,$400E_mode,0
3128,$4000_duty,1
3128,$4000_const,1
3128,$4000_vol,6
3128,$4004_duty,2
3128,$4004_const,1
3128,$4004_vol,11
3128,$4008_linear,127
3128,$400C_const,1
3128,$400C_vol,0
3128,$400E_period,13
3128,$400E_mode,0
3129,$4000_duty,1
3129,$4000_const,1
3129,$4000_vol,6
3129,$4004_duty,2
3129,$4004_const,1
3129,$4004_vol,11
3129,$4008_linear,127
3129,$400C_const,1
3129,$400C_vol,0
3129,$400E_period,13
3129,$400E_mode,0
3130,$4000_duty,1
3130,$4000_const,1
3130,$4000_vol,6
3130,$4004_duty,2
3130,$4004_const,1
3130,$4004_vol,11
3130,$4008_linear,127
3130,$400C_const,1
3130,$400C_vol,0
3130,$400E_period,13
3130,$400E_mode,0
3131,$4000_duty,1
3131,$4000_const,1
3131,$4000_vol,6
3131,$4004_duty,2
3131,$4004_const,1
3131,$4004_vol,11
3131,$4008_linear,127
3131,$400C_const,1
3131,$400C_vol,0
3131,$400E_period,13
3131,$400E_mode,0
3132,$4000_duty,1
3132,$4000_const,1
3132,$4000_vol,6
3132,$4004_duty,2
3132,$4004_const,1
3132,$4004_vol,11
3132,$4008_linear,127
3133,$4000_duty,1
3133,$4000_const,1
3133,$4000_vol,6
3133,$4004_duty,2
3133,$4004_const,1
3133,$4004_vol,10
3133,$4008_linear,127
3134,$4000_duty,1
3134,$4000_const,1
3134,$4000_vol,6
3134,$4004_duty,2
3134,$4004_const,1
3134,$4004_vol,10
3134,$4008_linear,127
3135,$4000_duty,1
3135,$4000_const,1
3135,$4000_vol,5
3135,$4004_duty,2
3135,$4004_const,1
3135,$4004_vol,10
3135,$4008_linear,127
3136,$4004_duty,0
3136,$4004_const,1
3136,$4004_vol,0
3136,$400C_const,1
3136,$400C_vol,0
3136,$4001_sweep,8
3136,$4005_sweep,8
3136,$4000_duty,1
3136,$4000_const,1
3136,$4000_vol,5
3136,$4008_linear,0
3137,$4000_duty,1
3137,$4000_const,1
3137,$4000_vol,5
3137,$4004_duty,2
3137,$4004_const,1
3137,$4004_vol,15
3137,$4006_period,61
3137,$400C_const,1
3137,$400C_vol,13
3137,$400E_period,7
3137,$400E_mode,0
3138,$4000_duty,1
3138,$4000_const,1
3138,$4000_vol,5
3138,$4004_duty,2
3138,$4004_const,1
3138,$4004_vol,14
3138,$400C_const,1
3138,$400C_vol,12
3138,$400E_period,7
3138,$400E_mode,0
3139,$4000_duty,1
3139,$4000_const,1
3139,$4000_vol,4
3139,$4004_duty,2
3139,$4004_const,1
3139,$4004_vol,13
3139,$4008_linear,127
3139,$400A_period,719
3139,$400B_length,9
3139,$400C_const,1
3139,$400C_vol,11
3139,$400E_period,7
3139,$400E_mode,0
3140,$4000_duty,1
3140,$4000_const,1
3140,$4000_vol,3
3140,$4004_duty,2
3140,$4004_const,1
3140,$4004_vol,12
3140,$4008_linear,127
3140,$400C_const,1
3140,$400C_vol,10
3140,$400E_period,7
3140,$400E_mode,0
3141,$4000_duty,1
3141,$4000_const,1
3141,$4000_vol,3
3141,$4004_duty,2
3141,$4004_const,1
3141,$4004_vol,11
3141,$4008_linear,127
3141,$400C_const,1
3141,$400C_vol,9
3141,$400E_period,7
3141,$400E_mode,0
3142,$4000_duty,1
3142,$4000_const,1
3142,$4000_vol,2
3142,$4004_duty,2
3142,$4004_const,1
3142,$4004_vol,10
3142,$4008_linear,127
3142,$400C_const,1
3142,$400C_vol,8
3142,$400E_period,8
3142,$400E_mode,0
3143,$4000_duty,1
3143,$4000_const,1
3143,$4000_vol,1
3143,$4004_duty,2
3143,$4004_const,1
3143,$4004_vol,9
3143,$4008_linear,127
3143,$400C_const,1
3143,$400C_vol,7
3143,$400E_period,8
3143,$400E_mode,0
3144,$4000_duty,1
3144,$4000_const,1
3144,$4000_vol,1
3144,$4004_duty,2
3144,$4004_const,1
3144,$4004_vol,8
3144,$4008_linear,127
3144,$400C_const,1
3144,$400C_vol,6
3144,$400E_period,8
3144,$400E_mode,0
3145,$4000_duty,1
3145,$4000_const,1
3145,$4000_vol,0
3145,$4004_duty,2
3145,$4004_const,1
3145,$4004_vol,7
3145,$4008_linear,127
3145,$400C_const,1
3145,$400C_vol,5
3145,$400E_period,8
3145,$400E_mode,0
3146,$4000_duty,1
3146,$4000_const,1
3146,$4000_vol,0
3146,$4004_duty,2
3146,$4004_const,1
3146,$4004_vol,6
3146,$4008_linear,127
3146,$400C_const,1
3146,$400C_vol,4
3146,$400E_period,9
3146,$400E_mode,0
3147,$4000_duty,1
3147,$4000_const,1
3147,$4000_vol,0
3147,$4004_duty,2
3147,$4004_const,1
3147,$4004_vol,5
3147,$4008_linear,127
3147,$400C_const,1
3147,$400C_vol,3
3147,$400E_period,9
3147,$400E_mode,0
3148,$4000_duty,1
3148,$4000_const,1
3148,$4000_vol,0
3148,$4004_duty,2
3148,$4004_const,1
3148,$4004_vol,4
3148,$4008_linear,127
3148,$400C_const,1
3148,$400C_vol,2
3148,$400E_period,9
3148,$400E_mode,0
3149,$4000_duty,1
3149,$4000_const,1
3149,$4000_vol,0
3149,$4004_duty,2
3149,$4004_const,1
3149,$4004_vol,3
3149,$4008_linear,127
3149,$400C_const,1
3149,$400C_vol,1
3149,$400E_period,9
3149,$400E_mode,0
3150,$4000_duty,1
3150,$4000_const,1
3150,$4000_vol,0
3150,$4004_duty,2
3150,$4004_const,1
3150,$4004_vol,2
3150,$4008_linear,127
3150,$400C_const,1
3150,$400C_vol,0
3150,$400E_period,10
3150,$400E_mode,0
3151,$4000_duty,1
3151,$4000_const,1
3151,$4000_vol,0
3151,$4004_duty,2
3151,$4004_const,1
3151,$4004_vol,1
3151,$4008_linear,0
3151,$400C_const,1
3151,$400C_vol,0
3151,$400E_period,10
3151,$400E_mode,0
3152,$4004_duty,0
3152,$4004_const,1
3152,$4004_vol,0
3152,$400C_const,1
3152,$400C_vol,0
3152,$4001_sweep,8
3152,$4005_sweep,8
3152,$4004_duty,2
3152,$4004_const,1
3152,$4004_vol,8
3152,$4006_period,571
3153,$4004_duty,2
3153,$4004_const,1
3153,$4004_vol,8
3154,$4000_duty,1
3154,$4000_const,1
3154,$4000_vol,0
3154,$4004_duty,2
3154,$4004_const,1
3154,$4004_vol,12
3154,$4006_period,539
3154,$4008_linear,127
3154,$400A_period,719
3154,$400B_length,9
3154,$400C_const,1
3154,$400C_vol,12
3154,$400E_period,13
3154,$400E_mode,0
3155,$4004_duty,2
3155,$4004_const,1
3155,$4004_vol,11
3155,$4008_linear,127
3155,$400C_const,1
3155,$400C_vol,9
3155,$400E_period,13
3155,$400E_mode,0
3156,$4004_duty,2
3156,$4004_const,1
3156,$4004_vol,11
3156,$4008_linear,127
3156,$400C_const,1
3156,$400C_vol,6
3156,$400E_period,13
3156,$400E_mode,0
3157,$4004_duty,2
3157,$4004_const,1
3157,$4004_vol,11
3157,$4008_linear,127
3157,$400C_const,1
3157,$400C_vol,3
3157,$400E_period,13
3157,$400E_mode,0
3158,$4004_duty,2
3158,$4004_const,1
3158,$4004_vol,11
3158,$4008_linear,127
3158,$400C_const,1
3158,$400C_vol,0
3158,$400E_period,13
3158,$400E_mode,0
3159,$4004_duty,2
3159,$4004_const,1
3159,$4004_vol,11
3159,$4008_linear,127
3159,$400C_const,1
3159,$400C_vol,0
3159,$400E_period,13
3159,$400E_mode,0
3160,$4004_duty,2
3160,$4004_const,1
3160,$4004_vol,11
3160,$4008_linear,127
3160,$400C_const,1
3160,$400C_vol,0
3160,$400E_period,13
3160,$400E_mode,0
3161,$4004_duty,2
3161,$4004_const,1
3161,$4004_vol,11
3161,$4008_linear,127
3161,$400C_const,1
3161,$400C_vol,0
3161,$400E_period,13
3161,$400E_mode,0
3162,$4004_duty,2
3162,$4004_const,1
3162,$4004_vol,11
3162,$4008_linear,127
3163,$4004_duty,2
3163,$4004_const,1
3163,$4004_vol,10
3163,$4008_linear,127
3164,$4004_duty,2
3164,$4004_const,1
3164,$4004_vol,10
3164,$4008_linear,127
3165,$4004_duty,2
3165,$4004_const,1
3165,$4004_vol,10
3165,$4008_linear,127
3166,$4004_duty,2
3166,$4004_const,1
3166,$4004_vol,9
3166,$4008_linear,0
3167,$4004_duty,2
3167,$4004_const,1
3167,$4004_vol,8
3168,$4004_duty,2
3168,$4004_const,1
3168,$4004_vol,8
3169,$4000_duty,1
3169,$4000_const,1
3169,$4000_vol,12
3169,$4002_period,359
3169,$400B_length,8
3169,$4004_duty,2
3169,$4004_const,1
3169,$4004_vol,12
3169,$4006_period,453
3169,$4008_linear,127
3169,$400A_period,719
3169,$400B_length,9
3169,$400C_const,1
3169,$400C_vol,12
3169,$400E_period,8
3169,$400E_mode,0
3170,$4000_duty,1
3170,$4000_const,1
3170,$4000_vol,11
3170,$4004_duty,2
3170,$4004_const,1
3170,$4004_vol,11
3170,$4008_linear,127
3170,$400C_const,1
3170,$400C_vol,9
3170,$400E_period,8
3170,$400E_mode,0
3171,$4000_duty,1
3171,$4000_const,1
3171,$4000_vol,11
3171,$4004_duty,2
3171,$4004_const,1
3171,$4004_vol,11
3171,$4008_linear,127
3171,$400C_const,1
3171,$400C_vol,6
3171,$400E_period,8
3171,$400E_mode,0
3172,$4000_duty,1
3172,$4000_const,1
3172,$4000_vol,11
3172,$4004_duty,2
3172,$4004_const,1
3172,$4004_vol,11
3172,$4008_linear,127
3172,$400C_const,1
3172,$400C_vol,3
3172,$400E_period,8
3172,$400E_mode,0
3173,$4000_duty,1
3173,$4000_const,1
3173,$4000_vol,11
3173,$4004_duty,2
3173,$4004_const,1
3173,$4004_vol,11
3173,$4008_linear,127
3173,$400C_const,1
3173,$400C_vol,0
3173,$400E_period,8
3173,$400E_mode,0
3174,$4000_duty,1
3174,$4000_const,1
3174,$4000_vol,11
3174,$4004_duty,2
3174,$4004_const,1
3174,$4004_vol,11
3174,$4008_linear,127
3174,$400C_const,1
3174,$400C_vol,0
3174,$400E_period,8
3174,$400E_mode,0
3175,$4000_duty,1
3175,$4000_const,1
3175,$4000_vol,11
3175,$4004_duty,2
3175,$4004_const,1
3175,$4004_vol,11
3175,$4008_linear,127
3175,$400C_const,1
3175,$400C_vol,0
3175,$400E_period,8
3175,$400E_mode,0
3176,$4000_duty,1
3176,$4000_const,1
3176,$4000_vol,11
3176,$4004_duty,2
3176,$4004_const,1
3176,$4004_vol,11
3176,$4008_linear,127
3176,$400C_const,1
3176,$400C_vol,0
3176,$400E_period,8
3176,$400E_mode,0
3177,$4000_duty,1
3177,$4000_const,1
3177,$4000_vol,11
3177,$4004_duty,2
3177,$4004_const,1
3177,$4004_vol,11
3177,$4008_linear,127
3178,$4000_duty,1
3178,$4000_const,1
3178,$4000_vol,10
3178,$4004_duty,2
3178,$4004_const,1
3178,$4004_vol,10
3178,$4008_linear,127
3179,$4000_duty,1
3179,$4000_const,1
3179,$4000_vol,10
3179,$4004_duty,2
3179,$4004_const,1
3179,$4004_vol,10
3179,$4008_linear,127
3180,$4000_duty,1
3180,$4000_const,1
3180,$4000_vol,10
3180,$4004_duty,2
3180,$4004_const,1
3180,$4004_vol,10
3180,$4008_linear,127
3181,$4000_duty,1
3181,$4000_const,1
3181,$4000_vol,9
3181,$4004_duty,2
3181,$4004_const,1
3181,$4004_vol,9
3181,$4008_linear,0
3182,$4000_duty,1
3182,$4000_const,1
3182,$4000_vol,8
3182,$4004_duty,2
3182,$4004_const,1
3182,$4004_vol,8
3182,$4008_linear,0
3183,$4000_duty,1
3183,$4000_const,1
3183,$4000_vol,8
3183,$4004_duty,2
3183,$4004_const,1
3183,$4004_vol,8
3184,$4000_duty,1
3184,$4000_const,1
3184,$4000_vol,7
3184,$4004_duty,2
3184,$4004_const,1
3184,$4004_vol,7
3184,$4008_linear,127
3184,$400A_period,719
3184,$400B_length,9
3184,$400C_const,1
3184,$400C_vol,12
3184,$400E_period,13
3184,$400E_mode,0
3185,$4000_duty,1
3185,$4000_const,1
3185,$4000_vol,7
3185,$4004_duty,2
3185,$4004_const,1
3185,$4004_vol,7
3185,$4008_linear,127
3185,$400C_const,1
3185,$400C_vol,9
3185,$400E_period,13
3185,$400E_mode,0
3186,$4000_duty,1
3186,$4000_const,1
3186,$4000_vol,6
3186,$4004_duty,2
3186,$4004_const,1
3186,$4004_vol,6
3186,$4008_linear,127
3186,$400C_const,1
3186,$400C_vol,6
3186,$400E_period,13
3186,$400E_mode,0
3187,$4000_duty,1
3187,$4000_const,1
3187,$4000_vol,5
3187,$4004_duty,2
3187,$4004_const,1
3187,$4004_vol,5
3187,$4008_linear,127
3187,$400C_const,1
3187,$400C_vol,3
3187,$400E_period,13
3187,$400E_mode,0
3188,$4000_duty,1
3188,$4000_const,1
3188,$4000_vol,5
3188,$4004_duty,2
3188,$4004_const,1
3188,$4004_vol,5
3188,$4008_linear,127
3188,$400C_const,1
3188,$400C_vol,0
3188,$400E_period,13
3188,$400E_mode,0
3189,$4000_duty,1
3189,$4000_const,1
3189,$4000_vol,4
3189,$4004_duty,2
3189,$4004_const,1
3189,$4004_vol,4
3189,$4008_linear,127
3189,$400C_const,1
3189,$400C_vol,0
3189,$400E_period,13
3189,$400E_mode,0
3190,$4000_duty,1
3190,$4000_const,1
3190,$4000_vol,3
3190,$4004_duty,2
3190,$4004_const,1
3190,$4004_vol,3
3190,$4008_linear,127
3190,$400C_const,1
3190,$400C_vol,0
3190,$400E_period,13
3190,$400E_mode,0
3191,$4000_duty,1
3191,$4000_const,1
3191,$4000_vol,3
3191,$4004_duty,2
3191,$4004_const,1
3191,$4004_vol,3
3191,$4008_linear,127
3191,$400C_const,1
3191,$400C_vol,0
3191,$400E_period,13
3191,$400E_mode,0
3192,$4000_duty,1
3192,$4000_const,1
3192,$4000_vol,12
3192,$4002_period,453
3192,$400B_length,8
3192,$4004_duty,2
3192,$4004_const,1
3192,$4004_vol,12
3192,$4006_period,539
3192,$4008_linear,127
3192,$400C_const,1
3192,$400C_vol,0
3192,$400E_period,13
3192,$400E_mode,0
3193,$4000_duty,1
3193,$4000_const,1
3193,$4000_vol,11
3193,$4004_duty,2
3193,$4004_const,1
3193,$4004_vol,11
3193,$4008_linear,127
3194,$4000_duty,1
3194,$4000_const,1
3194,$4000_vol,11
3194,$4004_duty,2
3194,$4004_const,1
3194,$4004_vol,11
3194,$4008_linear,127
3195,$4000_duty,1
3195,$4000_const,1
3195,$4000_vol,11
3195,$4004_duty,2
3195,$4004_const,1
3195,$4004_vol,11
3195,$4008_linear,127
3196,$4000_duty,1
3196,$4000_const,1
3196,$4000_vol,11
3196,$4004_duty,2
3196,$4004_const,1
3196,$4004_vol,11
3196,$4008_linear,0
3197,$4000_duty,1
3197,$4000_const,1
3197,$4000_vol,11
3197,$4004_duty,2
3197,$4004_const,1
3197,$4004_vol,11
3197,$4008_linear,0
3198,$4000_duty,1
3198,$4000_const,1
3198,$4000_vol,11
3198,$4004_duty,2
3198,$4004_const,1
3198,$4004_vol,11
3199,$4004_duty,0
3199,$4004_const,1
3199,$4004_vol,0
3199,$4001_sweep,8
3199,$4005_sweep,8
3199,$4000_duty,1
3199,$4000_const,1
3199,$4000_vol,11
3199,$4008_linear,127
3199,$400A_period,719
3199,$400B_length,9
3199,$400C_const,1
3199,$400C_vol,12
3199,$400E_period,8
3199,$400E_mode,0
3200,$4000_duty,1
3200,$4000_const,1
3200,$4000_vol,11
3200,$4004_duty,2
3200,$4004_const,1
3200,$4004_vol,15
3200,$4006_period,481
3200,$4008_linear,127
3200,$400C_const,1
3200,$400C_vol,9
3200,$400E_period,8
3200,$400E_mode,0
3201,$4000_duty,1
3201,$4000_const,1
3201,$4000_vol,10
3201,$4004_duty,2
3201,$4004_const,1
3201,$4004_vol,14
3201,$4008_linear,127
3201,$400C_const,1
3201,$400C_vol,6
3201,$400E_period,8
3201,$400E_mode,0
3202,$4000_duty,1
3202,$4000_const,1
3202,$4000_vol,10
3202,$4004_duty,2
3202,$4004_const,1
3202,$4004_vol,13
3202,$4008_linear,127
3202,$400C_const,1
3202,$400C_vol,3
3202,$400E_period,8
3202,$400E_mode,0
3203,$4000_duty,1
3203,$4000_const,1
3203,$4000_vol,10
3203,$4004_duty,2
3203,$4004_const,1
3203,$4004_vol,12
3203,$4008_linear,127
3203,$400C_const,1
3203,$400C_vol,0
3203,$400E_period,8
3203,$400E_mode,0
3204,$4000_duty,1
3204,$4000_const,1
3204,$4000_vol,9
3204,$4004_duty,2
3204,$4004_const,1
3204,$4004_vol,11
3204,$4008_linear,127
3204,$400C_const,1
3204,$400C_vol,0
3204,$400E_period,8
3204,$400E_mode,0
3205,$4000_duty,1
3205,$4000_const,1
3205,$4000_vol,8
3205,$4004_duty,2
3205,$4004_const,1
3205,$4004_vol,10
3205,$4008_linear,0
3205,$400C_const,1
3205,$400C_vol,0
3205,$400E_period,8
3205,$400E_mode,0
3206,$4000_duty,1
3206,$4000_const,1
3206,$4000_vol,8
3206,$4004_duty,2
3206,$4004_const,1
3206,$4004_vol,9
3206,$400C_const,1
3206,$400C_vol,0
3206,$400E_period,8
3206,$400E_mode,0
3207,$4000_duty,1
3207,$4000_const,1
3207,$4000_vol,7
3207,$4004_duty,2
3207,$4004_const,1
3207,$4004_vol,8
3207,$4008_linear,127
3207,$400A_period,719
3207,$400B_length,9
3207,$400C_const,1
3207,$400C_vol,12
3207,$400E_period,13
3207,$400E_mode,0
3208,$4000_duty,1
3208,$4000_const,1
3208,$4000_vol,7
3208,$4004_duty,2
3208,$4004_const,1
3208,$4004_vol,7
3208,$4008_linear,127
3208,$400C_const,1
3208,$400C_vol,9
3208,$400E_period,13
3208,$400E_mode,0
3209,$4000_duty,1
3209,$4000_const,1
3209,$4000_vol,6
3209,$4004_duty,2
3209,$4004_const,1
3209,$4004_vol,6
3209,$4008_linear,127
3209,$400C_const,1
3209,$400C_vol,6
3209,$400E_period,13
3209,$400E_mode,0
3210,$4000_duty,1
3210,$4000_const,1
3210,$4000_vol,5
3210,$4004_duty,2
3210,$4004_const,1
3210,$4004_vol,5
3210,$4008_linear,127
3210,$400C_const,1
3210,$400C_vol,3
3210,$400E_period,13
3210,$400E_mode,0
3211,$4000_duty,1
3211,$4000_const,1
3211,$4000_vol,5
3211,$4004_duty,2
3211,$4004_const,1
3211,$4004_vol,4
3211,$4008_linear,127
3211,$400C_const,1
3211,$400C_vol,0
3211,$400E_period,13
3211,$400E_mode,0
3212,$4000_duty,1
3212,$4000_const,1
3212,$4000_vol,4
3212,$4004_duty,2
3212,$4004_const,1
3212,$4004_vol,3
3212,$4008_linear,127
3212,$400C_const,1
3212,$400C_vol,0
3212,$400E_period,13
3212,$400E_mode,0
3213,$4000_duty,1
3213,$4000_const,1
3213,$4000_vol,3
3213,$4004_duty,2
3213,$4004_const,1
3213,$4004_vol,2
3213,$4008_linear,127
3213,$400C_const,1
3213,$400C_vol,0
3213,$400E_period,13
3213,$400E_mode,0
3214,$4000_duty,1
3214,$4000_const,1
3214,$4000_vol,12
3214,$4002_period,539
3214,$400B_length,9
3214,$4004_duty,2
3214,$4004_const,1
3214,$4004_vol,1
3214,$4008_linear,127
3214,$400C_const,1
3214,$400C_vol,0
3214,$400E_period,13
3214,$400E_mode,0
3215,$4000_duty,1
3215,$4000_const,1
3215,$4000_vol,11
3215,$4004_duty,2
3215,$4004_const,1
3215,$4004_vol,1
3215,$4008_linear,127
3216,$4000_duty,1
3216,$4000_const,1
3216,$4000_vol,11
3216,$4004_duty,2
3216,$4004_const,1
3216,$4004_vol,2
3216,$4008_linear,127
3217,$4000_duty,1
3217,$4000_const,1
3217,$4000_vol,11
3217,$4004_duty,2
3217,$4004_const,1
3217,$4004_vol,3
3217,$4008_linear,127
3218,$4000_duty,1
3218,$4000_const,1
3218,$4000_vol,11
3218,$4004_duty,2
3218,$4004_const,1
3218,$4004_vol,5
3218,$4008_linear,0
3219,$4000_duty,1
3219,$4000_const,1
3219,$4000_vol,11
3219,$4004_duty,2
3219,$4004_const,1
3219,$4004_vol,6
3219,$4008_linear,0
3220,$4004_duty,0
3220,$4004_const,1
3220,$4004_vol,0
3220,$4001_sweep,8
3220,$4005_sweep,8
3220,$4000_duty,1
3220,$4000_const,1
3220,$4000_vol,11
3220,$4004_duty,2
3220,$4004_const,1
3220,$4004_vol,11
3220,$4006_period,907
3221,$4000_duty,1
3221,$4000_const,1
3221,$4000_vol,11
3221,$4004_duty,2
3221,$4004_const,1
3221,$4004_vol,11
3222,$4000_duty,1
3222,$4000_const,1
3222,$4000_vol,11
3222,$4004_duty,2
3222,$4004_const,1
3222,$4004_vol,11
3222,$4008_linear,127
3222,$400A_period,719
3222,$400B_length,9
3222,$400C_const,1
3222,$400C_vol,12
3222,$400E_period,13
3222,$400E_mode,0
3223,$4000_duty,1
3223,$4000_const,1
3223,$4000_vol,10
3223,$4004_duty,2
3223,$4004_const,1
3223,$4004_vol,10
3223,$4008_linear,127
3223,$400C_const,1
3223,$400C_vol,9
3223,$400E_period,13
3223,$400E_mode,0
3224,$4000_duty,1
3224,$4000_const,1
3224,$4000_vol,10
3224,$4004_duty,2
3224,$4004_const,1
3224,$4004_vol,10
3224,$4008_linear,127
3224,$400C_const,1
3224,$400C_vol,6
3224,$400E_period,13
3224,$400E_mode,0
3225,$4000_duty,1
3225,$4000_const,1
3225,$4000_vol,10
3225,$4004_duty,2
3225,$4004_const,1
3225,$4004_vol,10
3225,$4008_linear,127
3225,$400C_const,1
3225,$400C_vol,3
3225,$400E_period,13
3225,$400E_mode,0
3226,$4000_duty,1
3226,$4000_const,1
3226,$4000_vol,10
3226,$4004_duty,2
3226,$4004_const,1
3226,$4004_vol,10
3226,$4008_linear,127
3226,$400C_const,1
3226,$400C_vol,0
3226,$400E_period,13
3226,$400E_mode,0
3227,$4000_duty,1
3227,$4000_const,1
3227,$4000_vol,10
3227,$4004_duty,2
3227,$4004_const,1
3227,$4004_vol,10
3227,$4008_linear,127
3227,$400C_const,1
3227,$400C_vol,0
3227,$400E_period,13
3227,$400E_mode,0
3228,$4000_duty,1
3228,$4000_const,1
3228,$4000_vol,10
3228,$4004_duty,2
3228,$4004_const,1
3228,$4004_vol,10
3228,$4008_linear,127
3228,$400C_const,1
3228,$400C_vol,0
3228,$400E_period,13
3228,$400E_mode,0
3229,$4000_duty,1
3229,$4000_const,1
3229,$4000_vol,10
3229,$4004_duty,2
3229,$4004_const,1
3229,$4004_vol,10
3229,$4008_linear,127
3229,$400C_const,1
3229,$400C_vol,12
3229,$400E_period,8
3229,$400E_mode,0
3230,$4000_duty,1
3230,$4000_const,1
3230,$4000_vol,9
3230,$4004_duty,2
3230,$4004_const,1
3230,$4004_vol,9
3230,$4008_linear,127
3230,$400C_const,1
3230,$400C_vol,9
3230,$400E_period,8
3230,$400E_mode,0
3231,$4000_duty,1
3231,$4000_const,1
3231,$4000_vol,8
3231,$4004_duty,2
3231,$4004_const,1
3231,$4004_vol,8
3231,$4008_linear,127
3231,$400C_const,1
3231,$400C_vol,6
3231,$400E_period,8
3231,$400E_mode,0
3232,$4000_duty,1
3232,$4000_const,1
3232,$4000_vol,8
3232,$4004_duty,2
3232,$4004_const,1
3232,$4004_vol,8
3232,$4008_linear,127
3232,$400C_const,1
3232,$400C_vol,3
3232,$400E_period,8
3232,$400E_mode,0
3233,$4000_duty,1
3233,$4000_const,1
3233,$4000_vol,7
3233,$4004_duty,2
3233,$4004_const,1
3233,$4004_vol,7
3233,$4008_linear,0
3233,$400C_const,1
3233,$400C_vol,0
3233,$400E_period,8
3233,$400E_mode,0
3234,$4000_duty,1
3234,$4000_const,1
3234,$4000_vol,7
3234,$4004_duty,2
3234,$4004_const,1
3234,$4004_vol,7
3234,$4008_linear,0
3234,$400C_const,1
3234,$400C_vol,0
3234,$400E_period,8
3234,$400E_mode,0
3235,$4000_duty,1
3235,$4000_const,1
3235,$4000_vol,6
3235,$4004_duty,2
3235,$4004_const,1
3235,$4004_vol,6
3235,$400C_const,1
3235,$400C_vol,0
3235,$400E_period,8
3235,$400E_mode,0
3236,$4000_duty,1
3236,$4000_const,1
3236,$4000_vol,5
3236,$4004_duty,2
3236,$4004_const,1
3236,$4004_vol,5
3236,$400C_const,1
3236,$400C_vol,0
3236,$400E_period,8
3236,$400E_mode,0
3237,$4000_duty,1
3237,$4000_const,1
3237,$4000_vol,12
3237,$4002_period,719
3237,$400B_length,9
3237,$4004_duty,2
3237,$4004_const,1
3237,$4004_vol,12
3237,$4006_period,1077
3237,$4008_linear,127
3237,$400A_period,719
3237,$400B_length,9
3237,$400C_const,1
3237,$400C_vol,12
3237,$400E_period,13
3237,$400E_mode,0
3238,$4000_duty,1
3238,$4000_const,1
3238,$4000_vol,11
3238,$4004_duty,2
3238,$4004_const,1
3238,$4004_vol,11
3238,$4008_linear,127
3238,$400C_const,1
3238,$400C_vol,9
3238,$400E_period,13
3238,$400E_mode,0
3239,$4000_duty,1
3239,$4000_const,1
3239,$4000_vol,11
3239,$4004_duty,2
3239,$4004_const,1
3239,$4004_vol,11
3239,$4008_linear,127
3239,$400C_const,1
3239,$400C_vol,6
3239,$400E_period,13
3239,$400E_mode,0
3240,$4000_duty,1
3240,$4000_const,1
3240,$4000_vol,11
3240,$4004_duty,2
3240,$4004_const,1
3240,$4004_vol,11
3240,$4008_linear,127
3240,$400C_const,1
3240,$400C_vol,3
3240,$400E_period,13
3240,$400E_mode,0
3241,$4000_duty,1
3241,$4000_const,1
3241,$4000_vol,11
3241,$4004_duty,2
3241,$4004_const,1
3241,$4004_vol,11
3241,$4008_linear,127
3241,$400C_const,1
3241,$400C_vol,0
3241,$400E_period,13
3241,$400E_mode,0
3242,$4000_duty,1
3242,$4000_const,1
3242,$4000_vol,11
3242,$4004_duty,2
3242,$4004_const,1
3242,$4004_vol,11
3242,$4008_linear,127
3242,$400C_const,1
3242,$400C_vol,0
3242,$400E_period,13
3242,$400E_mode,0
3243,$4000_duty,1
3243,$4000_const,1
3243,$4000_vol,11
3243,$4004_duty,2
3243,$4004_const,1
3243,$4004_vol,11
3243,$4008_linear,0
3243,$400C_const,1
3243,$400C_vol,0
3243,$400E_period,13
3243,$400E_mode,0
3244,$4000_duty,1
3244,$4000_const,1
3244,$4000_vol,11
3244,$4004_duty,2
3244,$4004_const,1
3244,$4004_vol,11
3244,$4008_linear,127
3244,$400A_period,719
3244,$400B_length,9
3244,$400C_const,1
3244,$400C_vol,12
3244,$400E_period,13
3244,$400E_mode,0
3245,$4000_duty,1
3245,$4000_const,1
3245,$4000_vol,11
3245,$4004_duty,2
3245,$4004_const,1
3245,$4004_vol,11
3245,$4008_linear,127
3245,$400C_const,1
3245,$400C_vol,9
3245,$400E_period,13
3245,$400E_mode,0
3246,$4000_duty,1
3246,$4000_const,1
3246,$4000_vol,10
3246,$4004_duty,2
3246,$4004_const,1
3246,$4004_vol,10
3246,$4008_linear,127
3246,$400C_const,1
3246,$400C_vol,6
3246,$400E_period,13
3246,$400E_mode,0
3247,$4000_duty,1
3247,$4000_const,1
3247,$4000_vol,10
3247,$4004_duty,2
3247,$4004_const,1
3247,$4004_vol,10
3247,$4008_linear,127
3247,$400C_const,1
3247,$400C_vol,3
3247,$400E_period,13
3247,$400E_mode,0
3248,$4000_duty,1
3248,$4000_const,1
3248,$4000_vol,10
3248,$4004_duty,2
3248,$4004_const,1
3248,$4004_vol,10
3248,$4008_linear,127
3248,$400C_const,1
3248,$400C_vol,0
3248,$400E_period,13
3248,$400E_mode,0
3249,$4000_duty,1
3249,$4000_const,1
3249,$4000_vol,10
3249,$4004_duty,2
3249,$4004_const,1
3249,$4004_vol,10
3249,$4008_linear,127
3249,$400C_const,1
3249,$400C_vol,0
3249,$400E_period,13
3249,$400E_mode,0
3250,$4000_duty,1
3250,$4000_const,1
3250,$4000_vol,10
3250,$4004_duty,2
3250,$4004_const,1
3250,$4004_vol,10
3250,$4008_linear,127
3250,$400C_const,1
3250,$400C_vol,0
3250,$400E_period,13
3250,$400E_mode,0
3251,$4000_duty,1
3251,$4000_const,1
3251,$4000_vol,10
3251,$4004_duty,2
3251,$4004_const,1
3251,$4004_vol,10
3251,$4008_linear,127
3251,$400C_const,1
3251,$400C_vol,0
3251,$400E_period,13
3251,$400E_mode,0
3252,$4000_duty,1
3252,$4000_const,1
3252,$4000_vol,10
3252,$4004_duty,2
3252,$4004_const,1
3252,$4004_vol,10
3252,$4008_linear,127
3252,$400C_const,1
3252,$400C_vol,0
3252,$400E_period,13
3252,$400E_mode,0
3253,$4000_duty,1
3253,$4000_const,1
3253,$4000_vol,9
3253,$4004_duty,2
3253,$4004_const,1
3253,$4004_vol,9
3253,$4008_linear,127
3254,$4000_duty,1
3254,$4000_const,1
3254,$4000_vol,8
3254,$4004_duty,2
3254,$4004_const,1
3254,$4004_vol,8
3254,$4008_linear,127
3255,$4000_duty,1
3255,$4000_const,1
3255,$4000_vol,8
3255,$4004_duty,2
3255,$4004_const,1
3255,$4004_vol,8
3255,$4008_linear,127
3256,$4000_duty,1
3256,$4000_const,1
3256,$4000_vol,7
3256,$4004_duty,2
3256,$4004_const,1
3256,$4004_vol,7
3256,$4008_linear,0
3257,$4000_duty,1
3257,$4000_const,1
3257,$4000_vol,7
3257,$4004_duty,2
3257,$4004_const,1
3257,$4004_vol,7
3257,$4008_linear,0
3258,$4000_duty,1
3258,$4000_const,1
3258,$4000_vol,6
3258,$4004_duty,2
3258,$4004_const,1
3258,$4004_vol,6
3259,$4000_duty,1
3259,$4000_const,1
3259,$4000_vol,12
3259,$4002_period,641
3259,$400B_length,9
3259,$4004_duty,2
3259,$4004_const,1
3259,$4004_vol,12
3259,$4006_period,907
3259,$4008_linear,127
3259,$400A_period,719
3259,$400B_length,9
3259,$400C_const,1
3259,$400C_vol,12
3259,$400E_period,8
3259,$400E_mode,0
3260,$4000_duty,1
3260,$4000_const,1
3260,$4000_vol,11
3260,$4004_duty,2
3260,$4004_const,1
3260,$4004_vol,11
3260,$4008_linear,127
3260,$400C_const,1
3260,$400C_vol,9
3260,$400E_period,8
3260,$400E_mode,0
3261,$4000_duty,1
3261,$4000_const,1
3261,$4000_vol,11
3261,$4004_duty,2
3261,$4004_const,1
3261,$4004_vol,11
3261,$4008_linear,127
3261,$400C_const,1
3261,$400C_vol,6
3261,$400E_period,8
3261,$400E_mode,0
3262,$4000_duty,1
3262,$4000_const,1
3262,$4000_vol,11
3262,$4004_duty,2
3262,$4004_const,1
3262,$4004_vol,11
3262,$4008_linear,127
3262,$400C_const,1
3262,$400C_vol,3
3262,$400E_period,8
3262,$400E_mode,0
3263,$4000_duty,1
3263,$4000_const,1
3263,$4000_vol,11
3263,$4004_duty,2
3263,$4004_const,1
3263,$4004_vol,11
3263,$4008_linear,127
3263,$400C_const,1
3263,$400C_vol,0
3263,$400E_period,8
3263,$400E_mode,0
3264,$4000_duty,1
3264,$4000_const,1
3264,$4000_vol,11
3264,$4004_duty,2
3264,$4004_const,1
3264,$4004_vol,11
3264,$4008_linear,127
3264,$400C_const,1
3264,$400C_vol,0
3264,$400E_period,8
3264,$400E_mode,0
3265,$4000_duty,1
3265,$4000_const,1
3265,$4000_vol,11
3265,$4004_duty,2
3265,$4004_const,1
3265,$4004_vol,11
3265,$4008_linear,127
3265,$400C_const,1
3265,$400C_vol,0
3265,$400E_period,8
3265,$400E_mode,0
3266,$4000_duty,1
3266,$4000_const,1
3266,$4000_vol,11
3266,$4004_duty,2
3266,$4004_const,1
3266,$4004_vol,11
3266,$4008_linear,127
3266,$400C_const,1
3266,$400C_vol,0
3266,$400E_period,8
3266,$400E_mode,0
3267,$4000_duty,1
3267,$4000_const,1
3267,$4000_vol,11
3267,$4004_duty,2
3267,$4004_const,1
3267,$4004_vol,11
3267,$4008_linear,127
3267,$400C_const,1
3267,$400C_vol,0
3267,$400E_period,8
3267,$400E_mode,0
3268,$4000_duty,1
3268,$4000_const,1
3268,$4000_vol,10
3268,$4004_duty,2
3268,$4004_const,1
3268,$4004_vol,10
3268,$4008_linear,127
3269,$4000_duty,1
3269,$4000_const,1
3269,$4000_vol,10
3269,$4004_duty,2
3269,$4004_const,1
3269,$4004_vol,10
3269,$4008_linear,127
3270,$4000_duty,1
3270,$4000_const,1
3270,$4000_vol,10
3270,$4004_duty,2
3270,$4004_const,1
3270,$4004_vol,10
3270,$4008_linear,127
3271,$4000_duty,1
3271,$4000_const,1
3271,$4000_vol,9
3271,$4004_duty,2
3271,$4004_const,1
3271,$4004_vol,9
3271,$4008_linear,0
3272,$4000_duty,1
3272,$4000_const,1
3272,$4000_vol,8
3272,$4004_duty,2
3272,$4004_const,1
3272,$4004_vol,8
3272,$4008_linear,0
3273,$4000_duty,1
3273,$4000_const,1
3273,$4000_vol,8
3273,$4004_duty,2
3273,$4004_const,1
3273,$4004_vol,8
3274,$4000_duty,1
3274,$4000_const,1
3274,$4000_vol,12
3274,$4002_period,571
3274,$400B_length,9
3274,$4004_duty,2
3274,$4004_const,1
3274,$4004_vol,12
3274,$4006_period,961
3274,$4008_linear,127
3274,$400A_period,719
3274,$400B_length,9
3274,$400C_const,1
3274,$400C_vol,12
3274,$400E_period,13
3274,$400E_mode,0
3275,$4000_duty,1
3275,$4000_const,1
3275,$4000_vol,11
3275,$4004_duty,2
3275,$4004_const,1
3275,$4004_vol,11
3275,$4008_linear,127
3275,$400C_const,1
3275,$400C_vol,9
3275,$400E_period,13
3275,$400E_mode,0
3276,$4000_duty,1
3276,$4000_const,1
3276,$4000_vol,11
3276,$4004_duty,2
3276,$4004_const,1
3276,$4004_vol,11
3276,$4008_linear,127
3276,$400C_const,1
3276,$400C_vol,6
3276,$400E_period,13
3276,$400E_mode,0
3277,$4000_duty,1
3277,$4000_const,1
3277,$4000_vol,11
3277,$4004_duty,2
3277,$4004_const,1
3277,$4004_vol,11
3277,$4008_linear,127
3277,$400C_const,1
3277,$400C_vol,3
3277,$400E_period,13
3277,$400E_mode,0
3278,$4000_duty,1
3278,$4000_const,1
3278,$4000_vol,11
3278,$4004_duty,2
3278,$4004_const,1
3278,$4004_vol,11
3278,$4008_linear,127
3278,$400C_const,1
3278,$400C_vol,0
3278,$400E_period,13
3278,$400E_mode,0
3279,$4000_duty,1
3279,$4000_const,1
3279,$4000_vol,11
3279,$4004_duty,2
3279,$4004_const,1
3279,$4004_vol,11
3279,$4008_linear,127
3279,$400C_const,1
3279,$400C_vol,0
3279,$400E_period,13
3279,$400E_mode,0
3280,$4000_duty,1
3280,$4000_const,1
3280,$4000_vol,11
3280,$4004_duty,2
3280,$4004_const,1
3280,$4004_vol,11
3280,$4008_linear,127
3280,$400C_const,1
3280,$400C_vol,0
3280,$400E_period,13
3280,$400E_mode,0
3281,$4000_duty,1
3281,$4000_const,1
3281,$4000_vol,11
3281,$4004_duty,2
3281,$4004_const,1
3281,$4004_vol,11
3281,$4008_linear,127
3281,$400C_const,1
3281,$400C_vol,0
3281,$400E_period,13
3281,$400E_mode,0
3282,$4000_duty,1
3282,$4000_const,1
3282,$4000_vol,11
3282,$4004_duty,2
3282,$4004_const,1
3282,$4004_vol,11
3282,$4008_linear,127
3282,$400C_const,1
3282,$400C_vol,0
3282,$400E_period,13
3282,$400E_mode,0
3283,$4000_duty,1
3283,$4000_const,1
3283,$4000_vol,10
3283,$4004_duty,2
3283,$4004_const,1
3283,$4004_vol,10
3283,$4008_linear,127
3284,$4000_duty,1
3284,$4000_const,1
3284,$4000_vol,10
3284,$4004_duty,2
3284,$4004_const,1
3284,$4004_vol,10
3284,$4008_linear,127
3285,$4000_duty,1
3285,$4000_const,1
3285,$4000_vol,10
3285,$4004_duty,2
3285,$4004_const,1
3285,$4004_vol,10
3285,$4008_linear,127
3286,$4000_duty,1
3286,$4000_const,1
3286,$4000_vol,10
3286,$4004_duty,2
3286,$4004_const,1
3286,$4004_vol,10
3286,$4008_linear,0
3287,$4000_duty,1
3287,$4000_const,1
3287,$4000_vol,10
3287,$4004_duty,2
3287,$4004_const,1
3287,$4004_vol,10
3287,$4008_linear,0
3288,$4000_duty,1
3288,$4000_const,1
3288,$4000_vol,10
3288,$4004_duty,2
3288,$4004_const,1
3288,$4004_vol,10
3289,$4000_duty,1
3289,$4000_const,1
3289,$4000_vol,10
3289,$4004_duty,2
3289,$4004_const,1
3289,$4004_vol,10
3289,$4008_linear,127
3289,$400A_period,719
3289,$400B_length,9
3289,$400C_const,1
3289,$400C_vol,12
3289,$400E_period,8
3289,$400E_mode,0
3290,$4000_duty,1
3290,$4000_const,1
3290,$4000_vol,10
3290,$4004_duty,2
3290,$4004_const,1
3290,$4004_vol,10
3290,$4008_linear,127
3290,$400C_const,1
3290,$400C_vol,9
3290,$400E_period,8
3290,$400E_mode,0
3291,$4000_duty,1
3291,$4000_const,1
3291,$4000_vol,9
3291,$4004_duty,2
3291,$4004_const,1
3291,$4004_vol,9
3291,$4008_linear,127
3291,$400C_const,1
3291,$400C_vol,6
3291,$400E_period,8
3291,$400E_mode,0
3292,$4000_duty,1
3292,$4000_const,1
3292,$4000_vol,9
3292,$4004_duty,2
3292,$4004_const,1
3292,$4004_vol,9
3292,$4008_linear,127
3292,$400C_const,1
3292,$400C_vol,3
3292,$400E_period,8
3292,$400E_mode,0
3293,$4000_duty,1
3293,$4000_const,1
3293,$4000_vol,9
3293,$4004_duty,2
3293,$4004_const,1
3293,$4004_vol,9
3293,$4008_linear,127
3293,$400C_const,1
3293,$400C_vol,0
3293,$400E_period,8
3293,$400E_mode,0
3294,$4000_duty,1
3294,$4000_const,1
3294,$4000_vol,9
3294,$4004_duty,2
3294,$4004_const,1
3294,$4004_vol,9
3294,$4008_linear,127
3294,$400C_const,1
3294,$400C_vol,0
3294,$400E_period,8
3294,$400E_mode,0
3295,$4000_duty,1
3295,$4000_const,1
3295,$4000_vol,9
3295,$4004_duty,2
3295,$4004_const,1
3295,$4004_vol,9
3295,$4008_linear,127
3295,$400C_const,1
3295,$400C_vol,0
3295,$400E_period,8
3295,$400E_mode,0
3296,$4000_duty,1
3296,$4000_const,1
3296,$4000_vol,9
3296,$4004_duty,2
3296,$4004_const,1
3296,$4004_vol,9
3296,$4008_linear,127
3296,$400C_const,1
3296,$400C_vol,0
3296,$400E_period,8
3296,$400E_mode,0
3297,$4000_duty,1
3297,$4000_const,1
3297,$4000_vol,9
3297,$4004_duty,2
3297,$4004_const,1
3297,$4004_vol,9
3297,$4008_linear,127
3297,$400C_const,1
3297,$400C_vol,0
3297,$400E_period,8
3297,$400E_mode,0
3298,$4000_duty,1
3298,$4000_const,1
3298,$4000_vol,9
3298,$4004_duty,2
3298,$4004_const,1
3298,$4004_vol,9
3298,$4008_linear,127
3299,$4000_duty,1
3299,$4000_const,1
3299,$4000_vol,8
3299,$4004_duty,2
3299,$4004_const,1
3299,$4004_vol,8
3299,$4008_linear,127
3300,$4000_duty,1
3300,$4000_const,1
3300,$4000_vol,8
3300,$4004_duty,2
3300,$4004_const,1
3300,$4004_vol,8
3300,$4008_linear,127
3301,$4000_duty,1
3301,$4000_const,1
3301,$4000_vol,8
3301,$4004_duty,2
3301,$4004_const,1
3301,$4004_vol,8
3301,$4008_linear,0
3302,$4000_duty,1
3302,$4000_const,1
3302,$4000_vol,8
3302,$4004_duty,2
3302,$4004_const,1
3302,$4004_vol,8
3302,$4008_linear,0
3303,$4000_duty,1
3303,$4000_const,1
3303,$4000_vol,8
3303,$4004_duty,2
3303,$4004_const,1
3303,$4004_vol,8
3304,$4000_duty,1
3304,$4000_const,1
3304,$4000_vol,8
3304,$4004_duty,2
3304,$4004_const,1
3304,$4004_vol,8
3304,$4008_linear,127
3304,$400A_period,719
3304,$400B_length,9
3304,$400C_const,1
3304,$400C_vol,12
3304,$400E_period,13
3304,$400E_mode,0
3305,$4000_duty,1
3305,$4000_const,1
3305,$4000_vol,8
3305,$4004_duty,2
3305,$4004_const,1
3305,$4004_vol,8
3305,$4008_linear,127
3305,$400C_const,1
3305,$400C_vol,9
3305,$400E_period,13
3305,$400E_mode,0
3306,$4000_duty,1
3306,$4000_const,1
3306,$4000_vol,8
3306,$4004_duty,2
3306,$4004_const,1
3306,$4004_vol,8
3306,$4008_linear,127
3306,$400C_const,1
3306,$400C_vol,6
3306,$400E_period,13
3306,$400E_mode,0
3307,$4000_duty,1
3307,$4000_const,1
3307,$4000_vol,7
3307,$4004_duty,2
3307,$4004_const,1
3307,$4004_vol,7
3307,$4008_linear,127
3307,$400C_const,1
3307,$400C_vol,3
3307,$400E_period,13
3307,$400E_mode,0
3308,$4000_duty,1
3308,$4000_const,1
3308,$4000_vol,7
3308,$4004_duty,2
3308,$4004_const,1
3308,$4004_vol,7
3308,$4008_linear,127
3308,$400C_const,1
3308,$400C_vol,0
3308,$400E_period,13
3308,$400E_mode,0
3309,$4000_duty,1
3309,$4000_const,1
3309,$4000_vol,7
3309,$4004_duty,2
3309,$4004_const,1
3309,$4004_vol,7
3309,$4008_linear,127
3309,$400C_const,1
3309,$400C_vol,0
3309,$400E_period,13
3309,$400E_mode,0
3310,$4000_duty,1
3310,$4000_const,1
3310,$4000_vol,7
3310,$4004_duty,2
3310,$4004_const,1
3310,$4004_vol,7
3310,$4008_linear,127
3310,$400C_const,1
3310,$400C_vol,0
3310,$400E_period,13
3310,$400E_mode,0
3311,$4000_duty,1
3311,$4000_const,1
3311,$4000_vol,7
3311,$4004_duty,2
3311,$4004_const,1
3311,$4004_vol,7
3311,$4008_linear,127
3311,$400C_const,1
3311,$400C_vol,0
3311,$400E_period,13
3311,$400E_mode,0
3312,$4000_duty,1
3312,$4000_const,1
3312,$4000_vol,7
3312,$4004_duty,2
3312,$4004_const,1
3312,$4004_vol,7
3312,$4008_linear,127
3312,$400C_const,1
3312,$400C_vol,0
3312,$400E_period,13
3312,$400E_mode,0
3313,$4000_duty,1
3313,$4000_const,1
3313,$4000_vol,7
3313,$4004_duty,2
3313,$4004_const,1
3313,$4004_vol,7
3313,$4008_linear,127
3314,$4000_duty,1
3314,$4000_const,1
3314,$4000_vol,7
3314,$4004_duty,2
3314,$4004_const,1
3314,$4004_vol,7
3314,$4008_linear,127
3315,$4000_duty,1
3315,$4000_const,1
3315,$4000_vol,6
3315,$4004_duty,2
3315,$4004_const,1
3315,$4004_vol,6
3315,$4008_linear,127
3316,$4000_duty,1
3316,$4000_const,1
3316,$4000_vol,6
3316,$4004_duty,2
3316,$4004_const,1
3316,$4004_vol,6
3316,$4008_linear,0
3317,$4000_duty,1
3317,$4000_const,1
3317,$4000_vol,6
3317,$4004_duty,2
3317,$4004_const,1
3317,$4004_vol,6
3317,$4008_linear,0
3318,$4000_duty,1
3318,$4000_const,1
3318,$4000_vol,6
3318,$4004_duty,2
3318,$4004_const,1
3318,$4004_vol,6
3319,$4000_duty,1
3319,$4000_const,1
3319,$4000_vol,6
3319,$4004_duty,2
3319,$4004_const,1
3319,$4004_vol,6
3319,$4008_linear,127
3319,$400A_period,719
3319,$400B_length,9
3319,$400C_const,1
3319,$400C_vol,12
3319,$400E_period,8
3319,$400E_mode,0
3320,$4000_duty,1
3320,$4000_const,1
3320,$4000_vol,6
3320,$4004_duty,2
3320,$4004_const,1
3320,$4004_vol,6
3320,$4008_linear,127
3320,$400C_const,1
3320,$400C_vol,9
3320,$400E_period,8
3320,$400E_mode,0
3321,$4000_duty,1
3321,$4000_const,1
3321,$4000_vol,6
3321,$4004_duty,2
3321,$4004_const,1
3321,$4004_vol,6
3321,$4008_linear,127
3321,$400C_const,1
3321,$400C_vol,6
3321,$400E_period,8
3321,$400E_mode,0
3322,$4000_duty,1
3322,$4000_const,1
3322,$4000_vol,6
3322,$4004_duty,2
3322,$4004_const,1
3322,$4004_vol,6
3322,$4008_linear,127
3322,$400C_const,1
3322,$400C_vol,3
3322,$400E_period,8
3322,$400E_mode,0
3323,$4000_duty,1
3323,$4000_const,1
3323,$4000_vol,5
3323,$4004_duty,2
3323,$4004_const,1
3323,$4004_vol,5
3323,$4008_linear,127
3323,$400C_const,1
3323,$400C_vol,0
3323,$400E_period,8
3323,$400E_mode,0
3324,$4000_duty,1
3324,$4000_const,1
3324,$4000_vol,5
3324,$4004_duty,2
3324,$4004_const,1
3324,$4004_vol,5
3324,$4008_linear,127
3324,$400C_const,1
3324,$400C_vol,0
3324,$400E_period,8
3324,$400E_mode,0
3325,$4000_duty,1
3325,$4000_const,1
3325,$4000_vol,5
3325,$4004_duty,2
3325,$4004_const,1
3325,$4004_vol,5
3325,$4008_linear,0
3325,$400C_const,1
3325,$400C_vol,0
3325,$400E_period,8
3325,$400E_mode,0
3326,$4000_duty,1
3326,$4000_const,1
3326,$4000_vol,5
3326,$4004_duty,2
3326,$4004_const,1
3326,$4004_vol,5
3326,$400C_const,1
3326,$400C_vol,0
3326,$400E_period,8
3326,$400E_mode,0
3327,$4000_duty,1
3327,$4000_const,1
3327,$4000_vol,5
3327,$4004_duty,2
3327,$4004_const,1
3327,$4004_vol,5
3327,$4008_linear,127
3327,$400A_period,481
3327,$400B_length,8
3327,$400C_const,1
3327,$400C_vol,12
3327,$400E_period,13
3327,$400E_mode,0
3328,$4000_duty,1
3328,$4000_const,1
3328,$4000_vol,5
3328,$4004_duty,2
3328,$4004_const,1
3328,$4004_vol,5
3328,$4008_linear,127
3328,$400C_const,1
3328,$400C_vol,9
3328,$400E_period,13
3328,$400E_mode,0
3329,$4000_duty,1
3329,$4000_const,1
3329,$4000_vol,5
3329,$4004_duty,2
3329,$4004_const,1
3329,$4004_vol,5
3329,$4008_linear,127
3329,$400C_const,1
3329,$400C_vol,6
3329,$400E_period,13
3329,$400E_mode,0
3330,$4000_duty,1
3330,$4000_const,1
3330,$4000_vol,5
3330,$4004_duty,2
3330,$4004_const,1
3330,$4004_vol,5
3330,$4008_linear,127
3330,$400C_const,1
3330,$400C_vol,3
3330,$400E_period,13
3330,$400E_mode,0
3331,$4000_duty,1
3331,$4000_const,1
3331,$4000_vol,4
3331,$4004_duty,2
3331,$4004_const,1
3331,$4004_vol,4
3331,$4008_linear,127
3331,$400C_const,1
3331,$400C_vol,0
3331,$400E_period,13
3331,$400E_mode,0
3332,$4000_duty,1
3332,$4000_const,1
3332,$4000_vol,4
3332,$4004_duty,2
3332,$4004_const,1
3332,$4004_vol,4
3332,$4008_linear,127
3332,$400C_const,1
3332,$400C_vol,0
3332,$400E_period,13
3332,$400E_mode,0
3333,$4000_duty,1
3333,$4000_const,1
3333,$4000_vol,4
3333,$4004_duty,2
3333,$4004_const,1
3333,$4004_vol,4
3333,$4008_linear,127
3333,$400C_const,1
3333,$400C_vol,0
3333,$400E_period,13
3333,$400E_mode,0
3334,$4000_duty,1
3334,$4000_const,1
3334,$4000_vol,4
3334,$4004_duty,2
3334,$4004_const,1
3334,$4004_vol,4
3334,$4008_linear,127
3334,$400C_const,1
3334,$400C_vol,0
3334,$400E_period,13
3334,$400E_mode,0
3335,$4004_duty,0
3335,$4004_const,1
3335,$4004_vol,0
3335,$4001_sweep,8
3335,$4005_sweep,8
3335,$4000_duty,1
3335,$4000_const,1
3335,$4000_vol,4
3335,$4008_linear,127
3336,$4000_duty,1
3336,$4000_const,1
3336,$4000_vol,4
3336,$4004_duty,2
3336,$4004_const,1
3336,$4004_vol,15
3336,$4006_period,481
3336,$4008_linear,127
3337,$4000_duty,1
3337,$4000_const,1
3337,$4000_vol,4
3337,$4004_duty,2
3337,$4004_const,1
3337,$4004_vol,14
3337,$4008_linear,127
3338,$4000_duty,1
3338,$4000_const,1
3338,$4000_vol,4
3338,$4004_duty,2
3338,$4004_const,1
3338,$4004_vol,13
3338,$4008_linear,127
3339,$4000_duty,1
3339,$4000_const,1
3339,$4000_vol,3
3339,$4004_duty,2
3339,$4004_const,1
3339,$4004_vol,12
3339,$4008_linear,0
3340,$4000_duty,1
3340,$4000_const,1
3340,$4000_vol,3
3340,$4004_duty,2
3340,$4004_const,1
3340,$4004_vol,11
3341,$4000_duty,1
3341,$4000_const,1
3341,$4000_vol,3
3341,$4004_duty,2
3341,$4004_const,1
3341,$4004_vol,10
3342,$4000_duty,1
3342,$4000_const,1
3342,$4000_vol,3
3342,$4004_duty,2
3342,$4004_const,1
3342,$4004_vol,9
3342,$4008_linear,127
3342,$400A_period,481
3342,$400B_length,8
3342,$400C_const,1
3342,$400C_vol,12
3342,$400E_period,13
3342,$400E_mode,0
3343,$4000_duty,1
3343,$4000_const,1
3343,$4000_vol,3
3343,$4004_duty,2
3343,$4004_const,1
3343,$4004_vol,8
3343,$4008_linear,127
3343,$400C_const,1
3343,$400C_vol,9
3343,$400E_period,13
3343,$400E_mode,0
3344,$4000_duty,1
3344,$4000_const,1
3344,$4000_vol,3
3344,$4004_duty,2
3344,$4004_const,1
3344,$4004_vol,7
3344,$4008_linear,127
3344,$400C_const,1
3344,$400C_vol,6
3344,$400E_period,13
3344,$400E_mode,0
3345,$4000_duty,1
3345,$4000_const,1
3345,$4000_vol,3
3345,$4004_duty,2
3345,$4004_const,1
3345,$4004_vol,6
3345,$4008_linear,127
3345,$400C_const,1
3345,$400C_vol,3
3345,$400E_period,13
3345,$400E_mode,0
3346,$4000_duty,1
3346,$4000_const,1
3346,$4000_vol,3
3346,$4004_duty,2
3346,$4004_const,1
3346,$4004_vol,5
3346,$4008_linear,127
3346,$400C_const,1
3346,$400C_vol,0
3346,$400E_period,13
3346,$400E_mode,0
3347,$4000_duty,1
3347,$4000_const,1
3347,$4000_vol,2
3347,$4004_duty,2
3347,$4004_const,1
3347,$4004_vol,4
3347,$4008_linear,127
3347,$400C_const,1
3347,$400C_vol,0
3347,$400E_period,13
3347,$400E_mode,0
3348,$4000_duty,1
3348,$4000_const,1
3348,$4000_vol,2
3348,$4004_duty,2
3348,$4004_const,1
3348,$4004_vol,3
3348,$4008_linear,127
3348,$400C_const,1
3348,$400C_vol,0
3348,$400E_period,13
3348,$400E_mode,0
3349,$4000_duty,1
3349,$4000_const,1
3349,$4000_vol,2
3349,$4004_duty,2
3349,$4004_const,1
3349,$4004_vol,2
3349,$4008_linear,127
3349,$400C_const,1
3349,$400C_vol,12
3349,$400E_period,8
3349,$400E_mode,0
3350,$4000_duty,1
3350,$4000_const,1
3350,$4000_vol,2
3350,$4004_duty,2
3350,$4004_const,1
3350,$4004_vol,1
3350,$4008_linear,127
3350,$400C_const,1
3350,$400C_vol,9
3350,$400E_period,8
3350,$400E_mode,0
3351,$4000_duty,1
3351,$4000_const,1
3351,$4000_vol,2
3351,$4004_duty,2
3351,$4004_const,1
3351,$4004_vol,1
3351,$4008_linear,127
3351,$400C_const,1
3351,$400C_vol,6
3351,$400E_period,8
3351,$400E_mode,0
3352,$4000_duty,1
3352,$4000_const,1
3352,$4000_vol,2
3352,$4004_duty,2
3352,$4004_const,1
3352,$4004_vol,2
3352,$4008_linear,127
3352,$400C_const,1
3352,$400C_vol,3
3352,$400E_period,8
3352,$400E_mode,0
3353,$4000_duty,1
3353,$4000_const,1
3353,$4000_vol,2
3353,$4004_duty,2
3353,$4004_const,1
3353,$4004_vol,3
3353,$4008_linear,127
3353,$400C_const,1
3353,$400C_vol,0
3353,$400E_period,8
3353,$400E_mode,0
3354,$4000_duty,1
3354,$4000_const,1
3354,$4000_vol,2
3354,$4004_duty,2
3354,$4004_const,1
3354,$4004_vol,5
3354,$4008_linear,0
3354,$400C_const,1
3354,$400C_vol,0
3354,$400E_period,8
3354,$400E_mode,0
3355,$4000_duty,1
3355,$4000_const,1
3355,$4000_vol,1
3355,$4004_duty,2
3355,$4004_const,1
3355,$4004_vol,6
3355,$400C_const,1
3355,$400C_vol,0
3355,$400E_period,8
3355,$400E_mode,0
3356,$4004_duty,0
3356,$4004_const,1
3356,$4004_vol,0
3356,$4001_sweep,8
3356,$4005_sweep,8
3356,$4000_duty,1
3356,$4000_const,1
3356,$4000_vol,1
3356,$4004_duty,2
3356,$4004_const,1
3356,$4004_vol,1
3356,$4006_period,961
3356,$400C_const,1
3356,$400C_vol,0
3356,$400E_period,8
3356,$400E_mode,0
3357,$4000_duty,1
3357,$4000_const,1
3357,$4000_vol,1
3357,$4004_duty,2
3357,$4004_const,1
3357,$4004_vol,1
3357,$4008_linear,127
3357,$400A_period,481
3357,$400B_length,8
3357,$400C_const,1
3357,$400C_vol,12
3357,$400E_period,13
3357,$400E_mode,0
3358,$4000_duty,1
3358,$4000_const,1
3358,$4000_vol,1
3358,$4004_duty,2
3358,$4004_const,1
3358,$4004_vol,1
3358,$4008_linear,127
3358,$400C_const,1
3358,$400C_vol,9
3358,$400E_period,13
3358,$400E_mode,0
3359,$4000_duty,1
3359,$4000_const,1
3359,$4000_vol,1
3359,$4004_duty,2
3359,$4004_const,1
3359,$4004_vol,1
3359,$4008_linear,127
3359,$400C_const,1
3359,$400C_vol,6
3359,$400E_period,13
3359,$400E_mode,0
3360,$4000_duty,1
3360,$4000_const,1
3360,$4000_vol,1
3360,$4004_duty,2
3360,$4004_const,1
3360,$4004_vol,1
3360,$4008_linear,127
3360,$400C_const,1
3360,$400C_vol,3
3360,$400E_period,13
3360,$400E_mode,0
3361,$4000_duty,1
3361,$4000_const,1
3361,$4000_vol,1
3361,$4004_duty,2
3361,$4004_const,1
3361,$4004_vol,1
3361,$4008_linear,127
3361,$400C_const,1
3361,$400C_vol,0
3361,$400E_period,13
3361,$400E_mode,0
3362,$4000_duty,1
3362,$4000_const,1
3362,$4000_vol,1
3362,$4004_duty,2
3362,$4004_const,1
3362,$4004_vol,1
3362,$4008_linear,127
3362,$400C_const,1
3362,$400C_vol,0
3362,$400E_period,13
3362,$400E_mode,0
3363,$4000_duty,1
3363,$4000_const,1
3363,$4000_vol,0
3363,$4004_duty,2
3363,$4004_const,1
3363,$4004_vol,0
3363,$4008_linear,0
3363,$400C_const,1
3363,$400C_vol,0
3363,$400E_period,13
3363,$400E_mode,0
3364,$4000_duty,1
3364,$4000_const,1
3364,$4000_vol,0
3364,$4004_duty,2
3364,$4004_const,1
3364,$4004_vol,0
3364,$4008_linear,127
3364,$400A_period,481
3364,$400B_length,8
3364,$400C_const,1
3364,$400C_vol,12
3364,$400E_period,13
3364,$400E_mode,0
3365,$4000_duty,1
3365,$4000_const,1
3365,$4000_vol,0
3365,$4004_duty,2
3365,$4004_const,1
3365,$4004_vol,0
3365,$4008_linear,127
3365,$400C_const,1
3365,$400C_vol,9
3365,$400E_period,13
3365,$400E_mode,0
3366,$4000_duty,1
3366,$4000_const,1
3366,$4000_vol,0
3366,$4004_duty,2
3366,$4004_const,1
3366,$4004_vol,0
3366,$4008_linear,127
3366,$400C_const,1
3366,$400C_vol,6
3366,$400E_period,13
3366,$400E_mode,0
3367,$4000_duty,1
3367,$4000_const,1
3367,$4000_vol,0
3367,$4004_duty,2
3367,$4004_const,1
3367,$4004_vol,0
3367,$4008_linear,127
3367,$400C_const,1
3367,$400C_vol,3
3367,$400E_period,13
3367,$400E_mode,0
3368,$4000_duty,1
3368,$4000_const,1
3368,$4000_vol,0
3368,$4004_duty,2
3368,$4004_const,1
3368,$4004_vol,0
3368,$4008_linear,127
3368,$400C_const,1
3368,$400C_vol,0
3368,$400E_period,13
3368,$400E_mode,0
3369,$4000_duty,1
3369,$4000_const,1
3369,$4000_vol,0
3369,$4004_duty,2
3369,$4004_const,1
3369,$4004_vol,0
3369,$4008_linear,127
3369,$400C_const,1
3369,$400C_vol,0
3369,$400E_period,13
3369,$400E_mode,0
3370,$4008_linear,127
3370,$400C_const,1
3370,$400C_vol,0
3370,$400E_period,13
3370,$400E_mode,0
3371,$4008_linear,127
3371,$400C_const,1
3371,$400C_vol,0
3371,$400E_period,13
3371,$400E_mode,0
3372,$4008_linear,127
3372,$400C_const,1
3372,$400C_vol,0
3372,$400E_period,13
3372,$400E_mode,0
3373,$4008_linear,127
3374,$4008_linear,127
3375,$4008_linear,127
3376,$4008_linear,0
3377,$4008_linear,0
3379,$4008_linear,127
3379,$400A_period,481
3379,$400B_length,8
3379,$400C_const,1
3379,$400C_vol,12
3379,$400E_period,8
3379,$400E_mode,0
3380,$4008_linear,127
3380,$400C_const,1
3380,$400C_vol,9
3380,$400E_period,8
3380,$400E_mode,0
3381,$4004_duty,0
3381,$4004_const,1
3381,$4004_vol,0
3381,$4001_sweep,8
3381,$4005_sweep,8
3381,$4008_linear,127
3381,$400C_const,1
3381,$400C_vol,6
3381,$400E_period,8
3381,$400E_mode,0
3382,$4004_duty,2
3382,$4004_const,1
3382,$4004_vol,15
3382,$4006_period,269
3382,$4008_linear,127
3382,$400C_const,1
3382,$400C_vol,3
3382,$400E_period,8
3382,$400E_mode,0
3383,$4004_duty,2
3383,$4004_const,1
3383,$4004_vol,15
3383,$4008_linear,127
3383,$400C_const,1
3383,$400C_vol,0
3383,$400E_period,8
3383,$400E_mode,0
3384,$4004_duty,2
3384,$4004_const,1
3384,$4004_vol,15
3384,$4008_linear,127
3384,$400C_const,1
3384,$400C_vol,0
3384,$400E_period,8
3384,$400E_mode,0
3385,$4004_duty,2
3385,$4004_const,1
3385,$4004_vol,15
3385,$4006_period,537
3385,$4008_linear,127
3385,$400C_const,1
3385,$400C_vol,0
3385,$400E_period,8
3385,$400E_mode,0
3386,$4004_duty,2
3386,$4004_const,1
3386,$4004_vol,15
3386,$4006_period,509
3386,$4008_linear,127
3386,$400C_const,1
3386,$400C_vol,0
3386,$400E_period,8
3386,$400E_mode,0
3387,$4004_duty,2
3387,$4004_const,1
3387,$4004_vol,15
3387,$4008_linear,127
3387,$400C_const,1
3387,$400C_vol,0
3387,$400E_period,8
3387,$400E_mode,0
3388,$4004_duty,2
3388,$4004_const,1
3388,$4004_vol,15
3388,$4008_linear,127
3389,$4004_duty,2
3389,$4004_const,1
3389,$4004_vol,15
3389,$4008_linear,127
3390,$4004_duty,2
3390,$4004_const,1
3390,$4004_vol,15
3390,$4008_linear,127
3391,$4008_linear,0
3392,$4004_duty,2
3392,$4004_const,1
3392,$4004_vol,15
3392,$4006_period,571
3392,$4008_linear,0
3393,$4004_duty,2
3393,$4004_const,1
3393,$4004_vol,15
3394,$4000_duty,1
3394,$4000_const,1
3394,$4000_vol,0
3394,$4004_duty,2
3394,$4004_const,1
3394,$4004_vol,15
3394,$4008_linear,127
3394,$400A_period,719
3394,$400B_length,9
3394,$400C_const,1
3394,$400C_vol,12
3394,$400E_period,13
3394,$400E_mode,0
3395,$4004_duty,2
3395,$4004_const,1
3395,$4004_vol,15
3395,$4006_period,1227
3395,$4008_linear,127
3395,$400C_const,1
3395,$400C_vol,9
3395,$400E_period,13
3395,$400E_mode,0
3396,$4004_duty,2
3396,$4004_const,1
3396,$4004_vol,15
3396,$4008_linear,127
3396,$400C_const,1
3396,$400C_vol,6
3396,$400E_period,13
3396,$400E_mode,0
3397,$4004_duty,2
3397,$4004_const,1
3397,$4004_vol,15
3397,$4006_period,935
3397,$4008_linear,127
3397,$400C_const,1
3397,$400C_vol,3
3397,$400E_period,13
3397,$400E_mode,0
3398,$4004_duty,2
3398,$4004_const,1
3398,$4004_vol,15
3398,$4008_linear,127
3398,$400C_const,1
3398,$400C_vol,0
3398,$400E_period,13
3398,$400E_mode,0
3399,$4004_duty,2
3399,$4004_const,1
3399,$4004_vol,15
3399,$4008_linear,127
3399,$400C_const,1
3399,$400C_vol,0
3399,$400E_period,13
3399,$400E_mode,0
3400,$4004_duty,2
3400,$4004_const,1
3400,$4004_vol,15
3400,$4008_linear,127
3400,$400C_const,1
3400,$400C_vol,0
3400,$400E_period,13
3400,$400E_mode,0
3401,$4004_duty,0
3401,$4004_const,1
3401,$4004_vol,0
3401,$4001_sweep,8
3401,$4005_sweep,8
3401,$4008_linear,127
3401,$400C_const,1
3401,$400C_vol,0
3401,$400E_period,13
3401,$400E_mode,0
3402,$4008_linear,127
3402,$400C_const,1
3402,$400C_vol,0
3402,$400E_period,13
3402,$400E_mode,0
3403,$4008_linear,127
3404,$4008_linear,127
3405,$4008_linear,127
3406,$4008_linear,0
3407,$4008_linear,0
3409,$4000_duty,1
3409,$4000_const,1
3409,$4000_vol,12
3409,$4002_period,269
3409,$400B_length,8
3409,$4004_duty,2
3409,$4004_const,1
3409,$4004_vol,12
3409,$4006_period,427
3409,$4008_linear,127
3409,$400A_period,719
3409,$400B_length,9
3409,$400C_const,1
3409,$400C_vol,12
3409,$400E_period,8
3409,$400E_mode,0
3410,$4000_duty,1
3410,$4000_const,1
3410,$4000_vol,11
3410,$4004_duty,2
3410,$4004_const,1
3410,$4004_vol,11
3410,$4008_linear,127
3410,$400C_const,1
3410,$400C_vol,9
3410,$400E_period,8
3410,$400E_mode,0
3411,$4000_duty,1
3411,$4000_const,1
3411,$4000_vol,11
3411,$4004_duty,2
3411,$4004_const,1
3411,$4004_vol,11
3411,$4008_linear,127
3411,$400C_const,1
3411,$400C_vol,6
3411,$400E_period,8
3411,$400E_mode,0
3412,$4000_duty,1
3412,$4000_const,1
3412,$4000_vol,11
3412,$4004_duty,2
3412,$4004_const,1
3412,$4004_vol,11
3412,$4008_linear,127
3412,$400C_const,1
3412,$400C_vol,3
3412,$400E_period,8
3412,$400E_mode,0
3413,$4000_duty,1
3413,$4000_const,1
3413,$4000_vol,11
3413,$4004_duty,2
3413,$4004_const,1
3413,$4004_vol,11
3413,$4008_linear,127
3413,$400C_const,1
3413,$400C_vol,0
3413,$400E_period,8
3413,$400E_mode,0
3414,$4000_duty,1
3414,$4000_const,1
3414,$4000_vol,11
3414,$4004_duty,2
3414,$4004_const,1
3414,$4004_vol,11
3414,$4008_linear,127
3414,$400C_const,1
3414,$400C_vol,0
3414,$400E_period,8
3414,$400E_mode,0
3415,$4000_duty,1
3415,$4000_const,1
3415,$4000_vol,11
3415,$4004_duty,2
3415,$4004_const,1
3415,$4004_vol,11
3415,$4008_linear,127
3415,$400C_const,1
3415,$400C_vol,0
3415,$400E_period,8
3415,$400E_mode,0
3416,$4000_duty,1
3416,$4000_const,1
3416,$4000_vol,11
3416,$4004_duty,2
3416,$4004_const,1
3416,$4004_vol,11
3416,$4008_linear,127
3416,$400C_const,1
3416,$400C_vol,0
3416,$400E_period,8
3416,$400E_mode,0
3417,$4000_duty,1
3417,$4000_const,1
3417,$4000_vol,11
3417,$4004_duty,2
3417,$4004_const,1
3417,$4004_vol,11
3417,$4008_linear,127
3417,$400C_const,1
3417,$400C_vol,0
3417,$400E_period,8
3417,$400E_mode,0
3418,$4000_duty,1
3418,$4000_const,1
3418,$4000_vol,10
3418,$4004_duty,2
3418,$4004_const,1
3418,$4004_vol,10
3418,$4008_linear,127
3419,$4000_duty,1
3419,$4000_const,1
3419,$4000_vol,10
3419,$4004_duty,2
3419,$4004_const,1
3419,$4004_vol,10
3419,$4008_linear,127
3420,$4000_duty,1
3420,$4000_const,1
3420,$4000_vol,10
3420,$4004_duty,2
3420,$4004_const,1
3420,$4004_vol,10
3420,$4008_linear,127
3421,$4000_duty,1
3421,$4000_const,1
3421,$4000_vol,9
3421,$4004_duty,2
3421,$4004_const,1
3421,$4004_vol,9
3421,$4008_linear,0
3422,$4000_duty,1
3422,$4000_const,1
3422,$4000_vol,8
3422,$4004_duty,2
3422,$4004_const,1
3422,$4004_vol,8
3422,$4008_linear,0
3423,$4000_duty,1
3423,$4000_const,1
3423,$4000_vol,8
3423,$4004_duty,2
3423,$4004_const,1
3423,$4004_vol,8
3424,$4000_duty,1
3424,$4000_const,1
3424,$4000_vol,7
3424,$4004_duty,2
3424,$4004_const,1
3424,$4004_vol,7
3424,$4008_linear,127
3424,$400A_period,719
3424,$400B_length,9
3424,$400C_const,1
3424,$400C_vol,12
3424,$400E_period,13
3424,$400E_mode,0
3425,$4000_duty,1
3425,$4000_const,1
3425,$4000_vol,7
3425,$4004_duty,2
3425,$4004_const,1
3425,$4004_vol,7
3425,$4008_linear,127
3425,$400C_const,1
3425,$400C_vol,9
3425,$400E_period,13
3425,$400E_mode,0
3426,$4000_duty,1
3426,$4000_const,1
3426,$4000_vol,6
3426,$4004_duty,2
3426,$4004_const,1
3426,$4004_vol,6
3426,$4008_linear,127
3426,$400C_const,1
3426,$400C_vol,6
3426,$400E_period,13
3426,$400E_mode,0
3427,$4000_duty,1
3427,$4000_const,1
3427,$4000_vol,5
3427,$4004_duty,2
3427,$4004_const,1
3427,$4004_vol,5
3427,$4008_linear,127
3427,$400C_const,1
3427,$400C_vol,3
3427,$400E_period,13
3427,$400E_mode,0
3428,$4000_duty,1
3428,$4000_const,1
3428,$4000_vol,5
3428,$4004_duty,2
3428,$4004_const,1
3428,$4004_vol,5
3428,$4008_linear,127
3428,$400C_const,1
3428,$400C_vol,0
3428,$400E_period,13
3428,$400E_mode,0
3429,$4000_duty,1
3429,$4000_const,1
3429,$4000_vol,4
3429,$4004_duty,2
3429,$4004_const,1
3429,$4004_vol,4
3429,$4008_linear,127
3429,$400C_const,1
3429,$400C_vol,0
3429,$400E_period,13
3429,$400E_mode,0
3430,$4000_duty,1
3430,$4000_const,1
3430,$4000_vol,3
3430,$4004_duty,2
3430,$4004_const,1
3430,$4004_vol,3
3430,$4008_linear,127
3430,$400C_const,1
3430,$400C_vol,0
3430,$400E_period,13
3430,$400E_mode,0
3431,$4000_duty,1
3431,$4000_const,1
3431,$4000_vol,3
3431,$4004_duty,2
3431,$4004_const,1
3431,$4004_vol,3
3431,$4008_linear,127
3431,$400C_const,1
3431,$400C_vol,0
3431,$400E_period,13
3431,$400E_mode,0
3432,$4000_duty,1
3432,$4000_const,1
3432,$4000_vol,12
3432,$4002_period,285
3432,$400B_length,8
3432,$4004_duty,2
3432,$4004_const,1
3432,$4004_vol,12
3432,$4006_period,481
3432,$4008_linear,127
3432,$400C_const,1
3432,$400C_vol,0
3432,$400E_period,13
3432,$400E_mode,0
3433,$4000_duty,1
3433,$4000_const,1
3433,$4000_vol,11
3433,$4004_duty,2
3433,$4004_const,1
3433,$4004_vol,11
3433,$4008_linear,127
3434,$4000_duty,1
3434,$4000_const,1
3434,$4000_vol,11
3434,$4004_duty,2
3434,$4004_const,1
3434,$4004_vol,11
3434,$4008_linear,127
3435,$4000_duty,1
3435,$4000_const,1
3435,$4000_vol,11
3435,$4004_duty,2
3435,$4004_const,1
3435,$4004_vol,11
3435,$4008_linear,127
3436,$4000_duty,1
3436,$4000_const,1
3436,$4000_vol,11
3436,$4004_duty,2
3436,$4004_const,1
3436,$4004_vol,11
3436,$4008_linear,0
3437,$4000_duty,1
3437,$4000_const,1
3437,$4000_vol,11
3437,$4004_duty,2
3437,$4004_const,1
3437,$4004_vol,11
3437,$4008_linear,0
3438,$4000_duty,1
3438,$4000_const,1
3438,$4000_vol,11
3438,$4004_duty,2
3438,$4004_const,1
3438,$4004_vol,11
3439,$4000_duty,1
3439,$4000_const,1
3439,$4000_vol,11
3439,$4004_duty,2
3439,$4004_const,1
3439,$4004_vol,11
3439,$4008_linear,127
3439,$400A_period,719
3439,$400B_length,9
3439,$400C_const,1
3439,$400C_vol,12
3439,$400E_period,8
3439,$400E_mode,0
3440,$4000_duty,1
3440,$4000_const,1
3440,$4000_vol,11
3440,$4004_duty,2
3440,$4004_const,1
3440,$4004_vol,11
3440,$4008_linear,127
3440,$400C_const,1
3440,$400C_vol,9
3440,$400E_period,8
3440,$400E_mode,0
3441,$4000_duty,1
3441,$4000_const,1
3441,$4000_vol,10
3441,$4004_duty,2
3441,$4004_const,1
3441,$4004_vol,10
3441,$4008_linear,127
3441,$400C_const,1
3441,$400C_vol,6
3441,$400E_period,8
3441,$400E_mode,0
3442,$4000_duty,1
3442,$4000_const,1
3442,$4000_vol,10
3442,$4004_duty,2
3442,$4004_const,1
3442,$4004_vol,10
3442,$4008_linear,127
3442,$400C_const,1
3442,$400C_vol,3
3442,$400E_period,8
3442,$400E_mode,0
3443,$4000_duty,1
3443,$4000_const,1
3443,$4000_vol,10
3443,$4004_duty,2
3443,$4004_const,1
3443,$4004_vol,10
3443,$4008_linear,127
3443,$400C_const,1
3443,$400C_vol,0
3443,$400E_period,8
3443,$400E_mode,0
3444,$4000_duty,1
3444,$4000_const,1
3444,$4000_vol,9
3444,$4004_duty,2
3444,$4004_const,1
3444,$4004_vol,9
3444,$4008_linear,127
3444,$400C_const,1
3444,$400C_vol,0
3444,$400E_period,8
3444,$400E_mode,0
3445,$4000_duty,1
3445,$4000_const,1
3445,$4000_vol,8
3445,$4004_duty,2
3445,$4004_const,1
3445,$4004_vol,8
3445,$4008_linear,0
3445,$400C_const,1
3445,$400C_vol,0
3445,$400E_period,8
3445,$400E_mode,0
3446,$4000_duty,1
3446,$4000_const,1
3446,$4000_vol,8
3446,$4004_duty,2
3446,$4004_const,1
3446,$4004_vol,8
3446,$4008_linear,0
3446,$400C_const,1
3446,$400C_vol,0
3446,$400E_period,8
3446,$400E_mode,0
3447,$4004_duty,0
3447,$4004_const,1
3447,$4004_vol,0
3447,$4001_sweep,8
3447,$4005_sweep,8
3447,$4000_duty,1
3447,$4000_const,1
3447,$4000_vol,7
3447,$4008_linear,127
3447,$400A_period,719
3447,$400B_length,9
3447,$400C_const,1
3447,$400C_vol,12
3447,$400E_period,13
3447,$400E_mode,0
3448,$4000_duty,1
3448,$4000_const,1
3448,$4000_vol,7
3448,$4004_duty,2
3448,$4004_const,1
3448,$4004_vol,15
3448,$4006_period,481
3448,$4008_linear,127
3448,$400C_const,1
3448,$400C_vol,9
3448,$400E_period,13
3448,$400E_mode,0
3449,$4000_duty,1
3449,$4000_const,1
3449,$4000_vol,6
3449,$4004_duty,2
3449,$4004_const,1
3449,$4004_vol,14
3449,$4008_linear,127
3449,$400C_const,1
3449,$400C_vol,6
3449,$400E_period,13
3449,$400E_mode,0
3450,$4000_duty,1
3450,$4000_const,1
3450,$4000_vol,5
3450,$4004_duty,2
3450,$4004_const,1
3450,$4004_vol,13
3450,$4008_linear,127
3450,$400C_const,1
3450,$400C_vol,3
3450,$400E_period,13
3450,$400E_mode,0
3451,$4000_duty,1
3451,$4000_const,1
3451,$4000_vol,5
3451,$4004_duty,2
3451,$4004_const,1
3451,$4004_vol,12
3451,$4008_linear,127
3451,$400C_const,1
3451,$400C_vol,0
3451,$400E_period,13
3451,$400E_mode,0
3452,$4000_duty,1
3452,$4000_const,1
3452,$4000_vol,4
3452,$4004_duty,2
3452,$4004_const,1
3452,$4004_vol,11
3452,$4008_linear,127
3452,$400C_const,1
3452,$400C_vol,0
3452,$400E_period,13
3452,$400E_mode,0
3453,$4000_duty,1
3453,$4000_const,1
3453,$4000_vol,3
3453,$4004_duty,2
3453,$4004_const,1
3453,$4004_vol,10
3453,$4008_linear,127
3453,$400C_const,1
3453,$400C_vol,0
3453,$400E_period,13
3453,$400E_mode,0
3454,$4000_duty,1
3454,$4000_const,1
3454,$4000_vol,12
3454,$4002_period,359
3454,$400B_length,8
3454,$4004_duty,2
3454,$4004_const,1
3454,$4004_vol,9
3454,$4008_linear,127
3454,$400C_const,1
3454,$400C_vol,0
3454,$400E_period,13
3454,$400E_mode,0
3455,$4000_duty,1
3455,$4000_const,1
3455,$4000_vol,11
3455,$4004_duty,2
3455,$4004_const,1
3455,$4004_vol,8
3455,$4008_linear,127
3456,$4000_duty,1
3456,$4000_const,1
3456,$4000_vol,11
3456,$4004_duty,2
3456,$4004_const,1
3456,$4004_vol,7
3456,$4008_linear,127
3457,$4000_duty,1
3457,$4000_const,1
3457,$4000_vol,11
3457,$4004_duty,2
3457,$4004_const,1
3457,$4004_vol,6
3457,$4008_linear,127
3458,$4000_duty,1
3458,$4000_const,1
3458,$4000_vol,11
3458,$4004_duty,2
3458,$4004_const,1
3458,$4004_vol,5
3458,$4008_linear,127
3459,$4000_duty,1
3459,$4000_const,1
3459,$4000_vol,11
3459,$4004_duty,2
3459,$4004_const,1
3459,$4004_vol,4
3459,$4008_linear,0
3460,$4000_duty,1
3460,$4000_const,1
3460,$4000_vol,11
3460,$4004_duty,2
3460,$4004_const,1
3460,$4004_vol,3
3461,$4000_duty,1
3461,$4000_const,1
3461,$4000_vol,11
3461,$4004_duty,2
3461,$4004_const,1
3461,$4004_vol,2
3462,$4000_duty,1
3462,$4000_const,1
3462,$4000_vol,11
3462,$4004_duty,2
3462,$4004_const,1
3462,$4004_vol,1
3462,$4008_linear,127
3462,$400A_period,719
3462,$400B_length,9
3462,$400C_const,1
3462,$400C_vol,12
3462,$400E_period,13
3462,$400E_mode,0
3463,$4000_duty,1
3463,$4000_const,1
3463,$4000_vol,10
3463,$4004_duty,2
3463,$4004_const,1
3463,$4004_vol,1
3463,$4008_linear,127
3463,$400C_const,1
3463,$400C_vol,9
3463,$400E_period,13
3463,$400E_mode,0
3464,$4000_duty,1
3464,$4000_const,1
3464,$4000_vol,10
3464,$4004_duty,2
3464,$4004_const,1
3464,$4004_vol,2
3464,$4008_linear,127
3464,$400C_const,1
3464,$400C_vol,6
3464,$400E_period,13
3464,$400E_mode,0
3465,$4000_duty,1
3465,$4000_const,1
3465,$4000_vol,10
3465,$4004_duty,2
3465,$4004_const,1
3465,$4004_vol,3
3465,$4008_linear,127
3465,$400C_const,1
3465,$400C_vol,3
3465,$400E_period,13
3465,$400E_mode,0
3466,$4000_duty,1
3466,$4000_const,1
3466,$4000_vol,9
3466,$4004_duty,2
3466,$4004_const,1
3466,$4004_vol,5
3466,$4008_linear,127
3466,$400C_const,1
3466,$400C_vol,0
3466,$400E_period,13
3466,$400E_mode,0
3467,$4000_duty,1
3467,$4000_const,1
3467,$4000_vol,8
3467,$4004_duty,2
3467,$4004_const,1
3467,$4004_vol,6
3467,$4008_linear,127
3467,$400C_const,1
3467,$400C_vol,0
3467,$400E_period,13
3467,$400E_mode,0
3468,$4004_duty,0
3468,$4004_const,1
3468,$4004_vol,0
3468,$4001_sweep,8
3468,$4005_sweep,8
3468,$4000_duty,1
3468,$4000_const,1
3468,$4000_vol,8
3468,$4004_duty,2
3468,$4004_const,1
3468,$4004_vol,10
3468,$4006_period,571
3468,$4008_linear,127
3468,$400C_const,1
3468,$400C_vol,0
3468,$400E_period,13
3468,$400E_mode,0
3469,$4000_duty,1
3469,$4000_const,1
3469,$4000_vol,7
3469,$4004_duty,2
3469,$4004_const,1
3469,$4004_vol,10
3469,$4008_linear,127
3469,$400C_const,1
3469,$400C_vol,12
3469,$400E_period,8
3469,$400E_mode,0
3470,$4000_duty,1
3470,$4000_const,1
3470,$4000_vol,7
3470,$4004_duty,2
3470,$4004_const,1
3470,$4004_vol,10
3470,$4008_linear,127
3470,$400C_const,1
3470,$400C_vol,9
3470,$400E_period,8
3470,$400E_mode,0
3471,$4000_duty,1
3471,$4000_const,1
3471,$4000_vol,6
3471,$4004_duty,2
3471,$4004_const,1
3471,$4004_vol,9
3471,$4008_linear,127
3471,$400C_const,1
3471,$400C_vol,6
3471,$400E_period,8
3471,$400E_mode,0
3472,$4000_duty,1
3472,$4000_const,1
3472,$4000_vol,5
3472,$4004_duty,2
3472,$4004_const,1
3472,$4004_vol,8
3472,$4008_linear,127
3472,$400C_const,1
3472,$400C_vol,3
3472,$400E_period,8
3472,$400E_mode,0
3473,$4000_duty,1
3473,$4000_const,1
3473,$4000_vol,5
3473,$4004_duty,2
3473,$4004_const,1
3473,$4004_vol,8
3473,$4008_linear,127
3473,$400C_const,1
3473,$400C_vol,0
3473,$400E_period,8
3473,$400E_mode,0
3474,$4000_duty,1
3474,$4000_const,1
3474,$4000_vol,4
3474,$4004_duty,2
3474,$4004_const,1
3474,$4004_vol,7
3474,$4008_linear,0
3474,$400C_const,1
3474,$400C_vol,0
3474,$400E_period,8
3474,$400E_mode,0
3475,$4000_duty,1
3475,$4000_const,1
3475,$4000_vol,3
3475,$4004_duty,2
3475,$4004_const,1
3475,$4004_vol,6
3475,$400C_const,1
3475,$400C_vol,0
3475,$400E_period,8
3475,$400E_mode,0
3476,$4000_duty,1
3476,$4000_const,1
3476,$4000_vol,3
3476,$4004_duty,2
3476,$4004_const,1
3476,$4004_vol,6
3476,$400C_const,1
3476,$400C_vol,0
3476,$400E_period,8
3476,$400E_mode,0
3477,$4000_duty,1
3477,$4000_const,1
3477,$4000_vol,12
3477,$4002_period,481
3477,$400B_length,8
3477,$4004_duty,2
3477,$4004_const,1
3477,$4004_vol,12
3477,$4006_period,719
3477,$4008_linear,127
3477,$400A_period,719
3477,$400B_length,9
3477,$400C_const,1
3477,$400C_vol,12
3477,$400E_period,13
3477,$400E_mode,0
3478,$4000_duty,1
3478,$4000_const,1
3478,$4000_vol,11
3478,$4004_duty,2
3478,$4004_const,1
3478,$4004_vol,11
3478,$4008_linear,127
3478,$400C_const,1
3478,$400C_vol,9
3478,$400E_period,13
3478,$400E_mode,0
3479,$4000_duty,1
3479,$4000_const,1
3479,$4000_vol,11
3479,$4004_duty,2
3479,$4004_const,1
3479,$4004_vol,11
3479,$4008_linear,127
3479,$400C_const,1
3479,$400C_vol,6
3479,$400E_period,13
3479,$400E_mode,0
3480,$4000_duty,1
3480,$4000_const,1
3480,$4000_vol,11
3480,$4004_duty,2
3480,$4004_const,1
3480,$4004_vol,11
3480,$4008_linear,127
3480,$400C_const,1
3480,$400C_vol,3
3480,$400E_period,13
3480,$400E_mode,0
3481,$4000_duty,1
3481,$4000_const,1
3481,$4000_vol,11
3481,$4004_duty,2
3481,$4004_const,1
3481,$4004_vol,11
3481,$4008_linear,127
3481,$400C_const,1
3481,$400C_vol,0
3481,$400E_period,13
3481,$400E_mode,0
3482,$4000_duty,1
3482,$4000_const,1
3482,$4000_vol,11
3482,$4004_duty,2
3482,$4004_const,1
3482,$4004_vol,11
3482,$4008_linear,127
3482,$400C_const,1
3482,$400C_vol,0
3482,$400E_period,13
3482,$400E_mode,0
3483,$4000_duty,1
3483,$4000_const,1
3483,$4000_vol,11
3483,$4004_duty,2
3483,$4004_const,1
3483,$4004_vol,11
3483,$4008_linear,0
3483,$400C_const,1
3483,$400C_vol,0
3483,$400E_period,13
3483,$400E_mode,0
3484,$4000_duty,1
3484,$4000_const,1
3484,$4000_vol,11
3484,$4004_duty,2
3484,$4004_const,1
3484,$4004_vol,11
3484,$4008_linear,127
3484,$400A_period,719
3484,$400B_length,9
3484,$400C_const,1
3484,$400C_vol,12
3484,$400E_period,13
3484,$400E_mode,0
3485,$4000_duty,1
3485,$4000_const,1
3485,$4000_vol,11
3485,$4004_duty,2
3485,$4004_const,1
3485,$4004_vol,11
3485,$4008_linear,127
3485,$400C_const,1
3485,$400C_vol,9
3485,$400E_period,13
3485,$400E_mode,0
3486,$4000_duty,1
3486,$4000_const,1
3486,$4000_vol,10
3486,$4004_duty,2
3486,$4004_const,1
3486,$4004_vol,10
3486,$4008_linear,127
3486,$400C_const,1
3486,$400C_vol,6
3486,$400E_period,13
3486,$400E_mode,0
3487,$4000_duty,1
3487,$4000_const,1
3487,$4000_vol,10
3487,$4004_duty,2
3487,$4004_const,1
3487,$4004_vol,10
3487,$4008_linear,127
3487,$400C_const,1
3487,$400C_vol,3
3487,$400E_period,13
3487,$400E_mode,0
3488,$4000_duty,1
3488,$4000_const,1
3488,$4000_vol,10
3488,$4004_duty,2
3488,$4004_const,1
3488,$4004_vol,10
3488,$4008_linear,127
3488,$400C_const,1
3488,$400C_vol,0
3488,$400E_period,13
3488,$400E_mode,0
3489,$4000_duty,1
3489,$4000_const,1
3489,$4000_vol,10
3489,$4004_duty,2
3489,$4004_const,1
3489,$4004_vol,10
3489,$4008_linear,127
3489,$400C_const,1
3489,$400C_vol,0
3489,$400E_period,13
3489,$400E_mode,0
3490,$4000_duty,1
3490,$4000_const,1
3490,$4000_vol,10
3490,$4004_duty,2
3490,$4004_const,1
3490,$4004_vol,10
3490,$4008_linear,127
3490,$400C_const,1
3490,$400C_vol,0
3490,$400E_period,13
3490,$400E_mode,0
3491,$4000_duty,1
3491,$4000_const,1
3491,$4000_vol,10
3491,$4004_duty,2
3491,$4004_const,1
3491,$4004_vol,10
3491,$4008_linear,127
3491,$400C_const,1
3491,$400C_vol,0
3491,$400E_period,13
3491,$400E_mode,0
3492,$4000_duty,1
3492,$4000_const,1
3492,$4000_vol,10
3492,$4004_duty,2
3492,$4004_const,1
3492,$4004_vol,10
3492,$4008_linear,127
3492,$400C_const,1
3492,$400C_vol,0
3492,$400E_period,13
3492,$400E_mode,0
3493,$4000_duty,1
3493,$4000_const,1
3493,$4000_vol,10
3493,$4004_duty,2
3493,$4004_const,1
3493,$4004_vol,10
3493,$4008_linear,127
3494,$4004_duty,0
3494,$4004_const,1
3494,$4004_vol,0
3494,$4001_sweep,8
3494,$4005_sweep,8
3494,$4000_duty,1
3494,$4000_const,1
3494,$4000_vol,9
3494,$4008_linear,127
3495,$4000_duty,1
3495,$4000_const,1
3495,$4000_vol,9
3495,$4004_duty,2
3495,$4004_const,1
3495,$4004_vol,15
3495,$4006_period,269
3495,$4008_linear,127
3496,$4000_duty,1
3496,$4000_const,1
3496,$4000_vol,9
3496,$4004_duty,2
3496,$4004_const,1
3496,$4004_vol,15
3496,$4008_linear,0
3497,$4000_duty,1
3497,$4000_const,1
3497,$4000_vol,9
3497,$4004_duty,2
3497,$4004_const,1
3497,$4004_vol,15
3497,$4008_linear,0
3498,$4000_duty,1
3498,$4000_const,1
3498,$4000_vol,9
3498,$4004_duty,2
3498,$4004_const,1
3498,$4004_vol,15
3498,$4006_period,537
3499,$4000_duty,1
3499,$4000_const,1
3499,$4000_vol,9
3499,$4004_duty,2
3499,$4004_const,1
3499,$4004_vol,15
3499,$4006_period,509
3499,$4008_linear,127
3499,$400A_period,719
3499,$400B_length,9
3499,$400C_const,1
3499,$400C_vol,12
3499,$400E_period,8
3499,$400E_mode,0
3500,$4000_duty,1
3500,$4000_const,1
3500,$4000_vol,9
3500,$4004_duty,2
3500,$4004_const,1
3500,$4004_vol,15
3500,$4008_linear,127
3500,$400C_const,1
3500,$400C_vol,9
3500,$400E_period,8
3500,$400E_mode,0
3501,$4000_duty,1
3501,$4000_const,1
3501,$4000_vol,9
3501,$4004_duty,2
3501,$4004_const,1
3501,$4004_vol,15
3501,$4008_linear,127
3501,$400C_const,1
3501,$400C_vol,6
3501,$400E_period,8
3501,$400E_mode,0
3502,$4000_duty,1
3502,$4000_const,1
3502,$4000_vol,8
3502,$4004_duty,2
3502,$4004_const,1
3502,$4004_vol,15
3502,$4008_linear,127
3502,$400C_const,1
3502,$400C_vol,3
3502,$400E_period,8
3502,$400E_mode,0
3503,$4000_duty,1
3503,$4000_const,1
3503,$4000_vol,8
3503,$4004_duty,2
3503,$4004_const,1
3503,$4004_vol,15
3503,$4008_linear,127
3503,$400C_const,1
3503,$400C_vol,0
3503,$400E_period,8
3503,$400E_mode,0
3504,$4000_duty,1
3504,$4000_const,1
3504,$4000_vol,8
3504,$4008_linear,127
3504,$400C_const,1
3504,$400C_vol,0
3504,$400E_period,8
3504,$400E_mode,0
3505,$4000_duty,1
3505,$4000_const,1
3505,$4000_vol,8
3505,$4004_duty,2
3505,$4004_const,1
3505,$4004_vol,15
3505,$4006_period,571
3505,$4008_linear,127
3505,$400C_const,1
3505,$400C_vol,0
3505,$400E_period,8
3505,$400E_mode,0
3506,$4000_duty,1
3506,$4000_const,1
3506,$4000_vol,7
3506,$4004_duty,2
3506,$4004_const,1
3506,$4004_vol,15
3506,$4008_linear,127
3506,$400C_const,1
3506,$400C_vol,0
3506,$400E_period,8
3506,$400E_mode,0
3507,$4000_duty,1
3507,$4000_const,1
3507,$4000_vol,7
3507,$4004_duty,2
3507,$4004_const,1
3507,$4004_vol,15
3507,$4008_linear,127
3507,$400C_const,1
3507,$400C_vol,0
3507,$400E_period,8
3507,$400E_mode,0
3508,$4000_duty,1
3508,$4000_const,1
3508,$4000_vol,6
3508,$4004_duty,2
3508,$4004_const,1
3508,$4004_vol,15
3508,$4006_period,1227
3508,$4008_linear,127
3509,$4000_duty,1
3509,$4000_const,1
3509,$4000_vol,6
3509,$4004_duty,2
3509,$4004_const,1
3509,$4004_vol,15
3509,$4008_linear,127
3510,$4000_duty,1
3510,$4000_const,1
3510,$4000_vol,5
3510,$4004_duty,2
3510,$4004_const,1
3510,$4004_vol,15
3510,$4006_period,935
3510,$4008_linear,127
3511,$4000_duty,1
3511,$4000_const,1
3511,$4000_vol,4
3511,$4004_duty,2
3511,$4004_const,1
3511,$4004_vol,15
3511,$4008_linear,0
3512,$4000_duty,1
3512,$4000_const,1
3512,$4000_vol,4
3512,$4004_duty,2
3512,$4004_const,1
3512,$4004_vol,15
3512,$4008_linear,0
3513,$4000_duty,1
3513,$4000_const,1
3513,$4000_vol,3
3513,$4004_duty,2
3513,$4004_const,1
3513,$4004_vol,15
3514,$4004_duty,0
3514,$4004_const,1
3514,$4004_vol,0
3514,$4001_sweep,8
3514,$4005_sweep,8
3514,$4000_duty,1
3514,$4000_const,1
3514,$4000_vol,12
3514,$4002_period,509
3514,$400B_length,8
3514,$4004_duty,2
3514,$4004_const,1
3514,$4004_vol,12
3514,$4006_period,641
3514,$4008_linear,127
3514,$400A_period,719
3514,$400B_length,9
3514,$400C_const,1
3514,$400C_vol,12
3514,$400E_period,13
3514,$400E_mode,0
3515,$4000_duty,1
3515,$4000_const,1
3515,$4000_vol,11
3515,$4004_duty,2
3515,$4004_const,1
3515,$4004_vol,11
3515,$4008_linear,127
3515,$400C_const,1
3515,$400C_vol,9
3515,$400E_period,13
3515,$400E_mode,0
3516,$4000_duty,1
3516,$4000_const,1
3516,$4000_vol,11
3516,$4004_duty,2
3516,$4004_const,1
3516,$4004_vol,11
3516,$4008_linear,127
3516,$400C_const,1
3516,$400C_vol,6
3516,$400E_period,13
3516,$400E_mode,0
3517,$4000_duty,1
3517,$4000_const,1
3517,$4000_vol,11
3517,$4004_duty,2
3517,$4004_const,1
3517,$4004_vol,11
3517,$4008_linear,127
3517,$400C_const,1
3517,$400C_vol,3
3517,$400E_period,13
3517,$400E_mode,0
3518,$4000_duty,1
3518,$4000_const,1
3518,$4000_vol,11
3518,$4004_duty,2
3518,$4004_const,1
3518,$4004_vol,11
3518,$4008_linear,127
3518,$400C_const,1
3518,$400C_vol,0
3518,$400E_period,13
3518,$400E_mode,0
3519,$4000_duty,1
3519,$4000_const,1
3519,$4000_vol,10
3519,$4004_duty,2
3519,$4004_const,1
3519,$4004_vol,11
3519,$4008_linear,127
3519,$400C_const,1
3519,$400C_vol,0
3519,$400E_period,13
3519,$400E_mode,0
3520,$4000_duty,1
3520,$4000_const,1
3520,$4000_vol,10
3520,$4004_duty,2
3520,$4004_const,1
3520,$4004_vol,11
3520,$4008_linear,127
3520,$400C_const,1
3520,$400C_vol,0
3520,$400E_period,13
3520,$400E_mode,0
3521,$4000_duty,1
3521,$4000_const,1
3521,$4000_vol,9
3521,$4004_duty,2
3521,$4004_const,1
3521,$4004_vol,11
3521,$4008_linear,127
3521,$400C_const,1
3521,$400C_vol,0
3521,$400E_period,13
3521,$400E_mode,0
3522,$4000_duty,1
3522,$4000_const,1
3522,$4000_vol,9
3522,$4004_duty,2
3522,$4004_const,1
3522,$4004_vol,11
3522,$4008_linear,127
3522,$400C_const,1
3522,$400C_vol,0
3522,$400E_period,13
3522,$400E_mode,0
3523,$4000_duty,1
3523,$4000_const,1
3523,$4000_vol,8
3523,$4004_duty,2
3523,$4004_const,1
3523,$4004_vol,10
3523,$4008_linear,127
3524,$4000_duty,1
3524,$4000_const,1
3524,$4000_vol,7
3524,$4004_duty,2
3524,$4004_const,1
3524,$4004_vol,10
3524,$4008_linear,127
3525,$4000_duty,1
3525,$4000_const,1
3525,$4000_vol,7
3525,$4004_duty,2
3525,$4004_const,1
3525,$4004_vol,10
3525,$4008_linear,127
3526,$4000_duty,1
3526,$4000_const,1
3526,$4000_vol,6
3526,$4004_duty,2
3526,$4004_const,1
3526,$4004_vol,10
3526,$4008_linear,0
3527,$4000_duty,1
3527,$4000_const,1
3527,$4000_vol,5
3527,$4004_duty,2
3527,$4004_const,1
3527,$4004_vol,10
3527,$4008_linear,0
3528,$4000_duty,1
3528,$4000_const,1
3528,$4000_vol,5
3528,$4004_duty,2
3528,$4004_const,1
3528,$4004_vol,10
3529,$4000_duty,1
3529,$4000_const,1
3529,$4000_vol,4
3529,$4004_duty,2
3529,$4004_const,1
3529,$4004_vol,10
3530,$4000_duty,1
3530,$4000_const,1
3530,$4000_vol,12
3530,$4002_period,509
3530,$400B_length,8
3530,$4004_duty,2
3530,$4004_const,1
3530,$4004_vol,10
3530,$4008_linear,127
3530,$400A_period,719
3530,$400B_length,9
3530,$400C_const,1
3530,$400C_vol,12
3530,$400E_period,8
3530,$400E_mode,0
3531,$4000_duty,1
3531,$4000_const,1
3531,$4000_vol,11
3531,$4004_duty,2
3531,$4004_const,1
3531,$4004_vol,9
3531,$4008_linear,127
3531,$400C_const,1
3531,$400C_vol,9
3531,$400E_period,8
3531,$400E_mode,0
3532,$4000_duty,1
3532,$4000_const,1
3532,$4000_vol,11
3532,$4004_duty,2
3532,$4004_const,1
3532,$4004_vol,9
3532,$4008_linear,127
3532,$400C_const,1
3532,$400C_vol,6
3532,$400E_period,8
3532,$400E_mode,0
3533,$4000_duty,1
3533,$4000_const,1
3533,$4000_vol,11
3533,$4004_duty,2
3533,$4004_const,1
3533,$4004_vol,9
3533,$4008_linear,127
3533,$400C_const,1
3533,$400C_vol,3
3533,$400E_period,8
3533,$400E_mode,0
3534,$4000_duty,1
3534,$4000_const,1
3534,$4000_vol,11
3534,$4004_duty,2
3534,$4004_const,1
3534,$4004_vol,9
3534,$4008_linear,127
3534,$400C_const,1
3534,$400C_vol,0
3534,$400E_period,8
3534,$400E_mode,0
3535,$4000_duty,1
3535,$4000_const,1
3535,$4000_vol,10
3535,$4004_duty,2
3535,$4004_const,1
3535,$4004_vol,9
3535,$4008_linear,127
3535,$400C_const,1
3535,$400C_vol,0
3535,$400E_period,8
3535,$400E_mode,0
3536,$4000_duty,1
3536,$4000_const,1
3536,$4000_vol,10
3536,$4004_duty,2
3536,$4004_const,1
3536,$4004_vol,9
3536,$4008_linear,127
3536,$400C_const,1
3536,$400C_vol,0
3536,$400E_period,8
3536,$400E_mode,0
3537,$4000_duty,1
3537,$4000_const,1
3537,$4000_vol,9
3537,$4004_duty,2
3537,$4004_const,1
3537,$4004_vol,9
3537,$4008_linear,127
3537,$400C_const,1
3537,$400C_vol,0
3537,$400E_period,8
3537,$400E_mode,0
3538,$4000_duty,1
3538,$4000_const,1
3538,$4000_vol,9
3538,$4004_duty,2
3538,$4004_const,1
3538,$4004_vol,9
3538,$4008_linear,127
3539,$4000_duty,1
3539,$4000_const,1
3539,$4000_vol,8
3539,$4004_duty,2
3539,$4004_const,1
3539,$4004_vol,8
3539,$4008_linear,127
3540,$4000_duty,1
3540,$4000_const,1
3540,$4000_vol,7
3540,$4004_duty,2
3540,$4004_const,1
3540,$4004_vol,8
3540,$4008_linear,127
3541,$4000_duty,1
3541,$4000_const,1
3541,$4000_vol,7
3541,$4004_duty,2
3541,$4004_const,1
3541,$4004_vol,8
3541,$4008_linear,0
3542,$4000_duty,1
3542,$4000_const,1
3542,$4000_vol,6
3542,$4004_duty,2
3542,$4004_const,1
3542,$4004_vol,8
3542,$4008_linear,0
3543,$4000_duty,1
3543,$4000_const,1
3543,$4000_vol,5
3543,$4004_duty,2
3543,$4004_const,1
3543,$4004_vol,8
3544,$4000_duty,1
3544,$4000_const,1
3544,$4000_vol,5
3544,$4004_duty,2
3544,$4004_const,1
3544,$4004_vol,8
3545,$4000_duty,1
3545,$4000_const,1
3545,$4000_vol,12
3545,$4002_period,509
3545,$400B_length,8
3545,$4004_duty,2
3545,$4004_const,1
3545,$4004_vol,8
3545,$4008_linear,127
3545,$400A_period,719
3545,$400B_length,9
3545,$400C_const,1
3545,$400C_vol,12
3545,$400E_period,13
3545,$400E_mode,0
3546,$4000_duty,1
3546,$4000_const,1
3546,$4000_vol,11
3546,$4004_duty,2
3546,$4004_const,1
3546,$4004_vol,8
3546,$4008_linear,127
3546,$400C_const,1
3546,$400C_vol,9
3546,$400E_period,13
3546,$400E_mode,0
3547,$4000_duty,1
3547,$4000_const,1
3547,$4000_vol,11
3547,$4004_duty,2
3547,$4004_const,1
3547,$4004_vol,7
3547,$4008_linear,127
3547,$400C_const,1
3547,$400C_vol,6
3547,$400E_period,13
3547,$400E_mode,0
3548,$4000_duty,1
3548,$4000_const,1
3548,$4000_vol,11
3548,$4004_duty,2
3548,$4004_const,1
3548,$4004_vol,7
3548,$4008_linear,127
3548,$400C_const,1
3548,$400C_vol,3
3548,$400E_period,13
3548,$400E_mode,0
3549,$4000_duty,1
3549,$4000_const,1
3549,$4000_vol,11
3549,$4004_duty,2
3549,$4004_const,1
3549,$4004_vol,7
3549,$4008_linear,127
3549,$400C_const,1
3549,$400C_vol,0
3549,$400E_period,13
3549,$400E_mode,0
3550,$4000_duty,1
3550,$4000_const,1
3550,$4000_vol,10
3550,$4004_duty,2
3550,$4004_const,1
3550,$4004_vol,7
3550,$4008_linear,127
3550,$400C_const,1
3550,$400C_vol,0
3550,$400E_period,13
3550,$400E_mode,0
3551,$4000_duty,1
3551,$4000_const,1
3551,$4000_vol,10
3551,$4004_duty,2
3551,$4004_const,1
3551,$4004_vol,7
3551,$4008_linear,127
3551,$400C_const,1
3551,$400C_vol,0
3551,$400E_period,13
3551,$400E_mode,0
3552,$4000_duty,1
3552,$4000_const,1
3552,$4000_vol,9
3552,$4004_duty,2
3552,$4004_const,1
3552,$4004_vol,7
3552,$4008_linear,127
3552,$400C_const,1
3552,$400C_vol,0
3552,$400E_period,13
3552,$400E_mode,0
3553,$4000_duty,1
3553,$4000_const,1
3553,$4000_vol,9
3553,$4004_duty,2
3553,$4004_const,1
3553,$4004_vol,7
3553,$4008_linear,127
3554,$4004_duty,0
3554,$4004_const,1
3554,$4004_vol,0
3554,$4001_sweep,8
3554,$4005_sweep,8
3554,$4000_duty,1
3554,$4000_const,1
3554,$4000_vol,8
3554,$4008_linear,127
3555,$4000_duty,1
3555,$4000_const,1
3555,$4000_vol,7
3555,$4004_duty,0
3555,$4004_const,1
3555,$4004_vol,5
3555,$4006_period,403
3555,$4008_linear,127
3556,$4000_duty,1
3556,$4000_const,1
3556,$4000_vol,7
3556,$4004_duty,0
3556,$4004_const,1
3556,$4004_vol,10
3556,$4008_linear,0
3557,$4000_duty,1
3557,$4000_const,1
3557,$4000_vol,6
3557,$4004_duty,0
3557,$4004_const,1
3557,$4004_vol,15
3557,$4008_linear,0
3558,$4000_duty,1
3558,$4000_const,1
3558,$4000_vol,5
3558,$4004_duty,0
3558,$4004_const,1
3558,$4004_vol,14
3559,$4000_duty,1
3559,$4000_const,1
3559,$4000_vol,5
3559,$4004_duty,0
3559,$4004_const,1
3559,$4004_vol,13
3560,$4000_duty,1
3560,$4000_const,1
3560,$4000_vol,12
3560,$4002_period,509
3560,$400B_length,8
3560,$4004_duty,0
3560,$4004_const,1
3560,$4004_vol,13
3560,$4008_linear,127
3560,$400A_period,719
3560,$400B_length,9
3560,$400C_const,1
3560,$400C_vol,12
3560,$400E_period,8
3560,$400E_mode,0
3561,$4000_duty,1
3561,$4000_const,1
3561,$4000_vol,11
3561,$4004_duty,0
3561,$4004_const,1
3561,$4004_vol,13
3561,$4008_linear,127
3561,$400C_const,1
3561,$400C_vol,9
3561,$400E_period,8
3561,$400E_mode,0
3562,$4000_duty,1
3562,$4000_const,1
3562,$4000_vol,11
3562,$4004_duty,0
3562,$4004_const,1
3562,$4004_vol,13
3562,$4008_linear,127
3562,$400C_const,1
3562,$400C_vol,6
3562,$400E_period,8
3562,$400E_mode,0
3563,$4000_duty,1
3563,$4000_const,1
3563,$4000_vol,11
3563,$4004_duty,0
3563,$4004_const,1
3563,$4004_vol,13
3563,$4008_linear,127
3563,$400C_const,1
3563,$400C_vol,3
3563,$400E_period,8
3563,$400E_mode,0
3564,$4000_duty,1
3564,$4000_const,1
3564,$4000_vol,11
3564,$4004_duty,0
3564,$4004_const,1
3564,$4004_vol,13
3564,$4008_linear,127
3564,$400C_const,1
3564,$400C_vol,0
3564,$400E_period,8
3564,$400E_mode,0
3565,$4000_duty,1
3565,$4000_const,1
3565,$4000_vol,10
3565,$4004_duty,0
3565,$4004_const,1
3565,$4004_vol,13
3565,$4008_linear,127
3565,$400C_const,1
3565,$400C_vol,0
3565,$400E_period,8
3565,$400E_mode,0
3566,$4000_duty,1
3566,$4000_const,1
3566,$4000_vol,10
3566,$4004_duty,0
3566,$4004_const,1
3566,$4004_vol,13
3566,$4008_linear,0
3566,$400C_const,1
3566,$400C_vol,0
3566,$400E_period,8
3566,$400E_mode,0
3567,$4000_duty,1
3567,$4000_const,1
3567,$4000_vol,12
3567,$4002_period,321
3567,$400B_length,8
3567,$4004_duty,0
3567,$4004_const,1
3567,$4004_vol,12
3567,$4008_linear,127
3567,$400A_period,719
3567,$400B_length,9
3567,$400C_const,1
3567,$400C_vol,12
3567,$400E_period,13
3567,$400E_mode,0
3568,$4000_duty,1
3568,$4000_const,1
3568,$4000_vol,11
3568,$4004_duty,0
3568,$4004_const,1
3568,$4004_vol,11
3568,$4008_linear,127
3568,$400C_const,1
3568,$400C_vol,9
3568,$400E_period,13
3568,$400E_mode,0
3569,$4000_duty,1
3569,$4000_const,1
3569,$4000_vol,11
3569,$4004_duty,0
3569,$4004_const,1
3569,$4004_vol,11
3569,$4008_linear,127
3569,$400C_const,1
3569,$400C_vol,6
3569,$400E_period,13
3569,$400E_mode,0
3570,$400C_const,1
3570,$400C_vol,0
3570,$4001_sweep,8
3570,$4005_sweep,8
3570,$4000_duty,1
3570,$4000_const,1
3570,$4000_vol,11
3570,$4008_linear,127
3571,$4000_duty,1
3571,$4000_const,1
3571,$4000_vol,11
3571,$4004_duty,1
3571,$4004_const,1
3571,$4004_vol,10
3571,$4008_linear,127
3571,$400C_const,1
3571,$400C_vol,7
3571,$400E_period,3
3571,$400E_mode,0
3572,$4000_duty,1
3572,$4000_const,1
3572,$4000_vol,11
3572,$4004_duty,1
3572,$4004_const,1
3572,$4004_vol,10
3572,$4008_linear,127
3572,$400C_const,1
3572,$400C_vol,4
3572,$400E_period,3
3572,$400E_mode,0
3573,$4000_duty,1
3573,$4000_const,1
3573,$4000_vol,11
3573,$4004_duty,1
3573,$4004_const,1
3573,$4004_vol,9
3573,$4008_linear,127
3573,$400C_const,1
3573,$400C_vol,3
3573,$400E_period,3
3573,$400E_mode,0
3574,$4000_duty,1
3574,$4000_const,1
3574,$4000_vol,11
3574,$4004_duty,1
3574,$4004_const,1
3574,$4004_vol,9
3574,$4008_linear,127
3574,$400C_const,1
3574,$400C_vol,2
3574,$400E_period,3
3574,$400E_mode,0
3575,$4000_duty,1
3575,$4000_const,1
3575,$4000_vol,11
3575,$4004_duty,1
3575,$4004_const,1
3575,$4004_vol,8
3575,$4008_linear,127
3575,$400C_const,1
3575,$400C_vol,1
3575,$400E_period,3
3575,$400E_mode,0
3576,$4000_duty,1
3576,$4000_const,1
3576,$4000_vol,10
3576,$4004_duty,1
3576,$4004_const,1
3576,$4004_vol,7
3576,$4008_linear,127
3576,$400C_const,1
3576,$400C_vol,0
3576,$400E_period,4
3576,$400E_mode,0
3577,$4000_duty,1
3577,$4000_const,1
3577,$4000_vol,10
3577,$4004_duty,1
3577,$4004_const,1
3577,$4004_vol,7
3577,$4008_linear,127
3577,$400C_const,1
3577,$400C_vol,0
3577,$400E_period,4
3577,$400E_mode,0
3578,$4000_duty,1
3578,$4000_const,1
3578,$4000_vol,10
3578,$4004_duty,1
3578,$4004_const,1
3578,$4004_vol,6
3578,$4008_linear,127
3578,$400C_const,1
3578,$400C_vol,0
3578,$400E_period,4
3578,$400E_mode,0
3579,$4000_duty,1
3579,$4000_const,1
3579,$4000_vol,10
3579,$4004_duty,1
3579,$4004_const,1
3579,$4004_vol,6
3579,$4008_linear,0
3579,$400C_const,1
3579,$400C_vol,0
3579,$400E_period,4
3579,$400E_mode,0
3580,$4000_duty,1
3580,$4000_const,1
3580,$4000_vol,10
3580,$4004_duty,1
3580,$4004_const,1
3580,$4004_vol,5
3580,$4008_linear,0
3580,$400C_const,1
3580,$400C_vol,0
3580,$400E_period,4
3580,$400E_mode,0
3581,$4000_duty,1
3581,$4000_const,1
3581,$4000_vol,10
3581,$4004_duty,1
3581,$4004_const,1
3581,$4004_vol,5
3581,$400C_const,1
3581,$400C_vol,0
3581,$400E_period,4
3581,$400E_mode,0
3582,$4000_duty,1
3582,$4000_const,1
3582,$4000_vol,10
3582,$4004_duty,1
3582,$4004_const,1
3582,$4004_vol,4
3582,$4008_linear,127
3582,$400A_period,719
3582,$400B_length,9
3582,$400C_const,1
3582,$400C_vol,0
3582,$400E_period,4
3582,$400E_mode,0
3583,$4000_duty,1
3583,$4000_const,1
3583,$4000_vol,10
3583,$4004_duty,1
3583,$4004_const,1
3583,$4004_vol,4
3583,$4008_linear,127
3583,$400C_const,1
3583,$400C_vol,0
3583,$400E_period,4
3583,$400E_mode,0
3584,$4000_duty,1
3584,$4000_const,1
3584,$4000_vol,9
3584,$4004_duty,0
3584,$4004_const,1
3584,$4004_vol,0
3584,$4008_linear,127
3584,$400C_const,1
3584,$400C_vol,0
3585,$4000_duty,1
3585,$4000_const,1
3585,$4000_vol,9
3585,$4008_linear,127
3586,$4000_duty,1
3586,$4000_const,1
3586,$4000_vol,9
3586,$4008_linear,127
3587,$4000_duty,1
3587,$4000_const,1
3587,$4000_vol,9
3587,$4008_linear,127
3588,$4000_duty,1
3588,$4000_const,1
3588,$4000_vol,9
3588,$4008_linear,127
3589,$4000_duty,1
3589,$4000_const,1
3589,$4000_vol,9
3589,$4008_linear,127
3590,$4000_duty,1
3590,$4000_const,1
3590,$4000_vol,9
3590,$4008_linear,127
3591,$4000_duty,1
3591,$4000_const,1
3591,$4000_vol,9
3591,$4008_linear,127
3592,$4000_duty,1
3592,$4000_const,1
3592,$4000_vol,8
3592,$4008_linear,127
3593,$4000_duty,1
3593,$4000_const,1
3593,$4000_vol,8
3593,$4008_linear,127
3594,$4000_duty,1
3594,$4000_const,1
3594,$4000_vol,8
3594,$4008_linear,0
3595,$4000_duty,1
3595,$4000_const,1
3595,$4000_vol,8
3595,$4008_linear,0
3596,$4000_duty,1
3596,$4000_const,1
3596,$4000_vol,8
3597,$4000_duty,1
3597,$4000_const,1
3597,$4000_vol,8
3597,$4008_linear,127
3597,$400A_period,719
3597,$400B_length,9
3598,$4000_duty,1
3598,$4000_const,1
3598,$4000_vol,8
3598,$4008_linear,127
3599,$4000_duty,1
3599,$4000_const,1
3599,$4000_vol,8
3599,$4008_linear,127
3600,$400C_const,1
3600,$400C_vol,0
3600,$4001_sweep,8
3600,$4005_sweep,8
3600,$4000_duty,1
3600,$4000_const,1
3600,$4000_vol,7
3600,$4008_linear,127
3600,$400C_const,1
3600,$400C_vol,3
3600,$400E_period,13
3600,$400E_mode,0
3601,$4000_duty,1
3601,$4000_const,1
3601,$4000_vol,7
3601,$4004_duty,2
3601,$4004_const,1
3601,$4004_vol,15
3601,$4006_period,481
3601,$4008_linear,127
3601,$400C_const,1
3601,$400C_vol,0
3601,$400E_period,13
3601,$400E_mode,0
3602,$4000_duty,1
3602,$4000_const,1
3602,$4000_vol,7
3602,$4004_duty,2
3602,$4004_const,1
3602,$4004_vol,14
3602,$4008_linear,127
3602,$400C_const,1
3602,$400C_vol,0
3602,$400E_period,13
3602,$400E_mode,0
3603,$4000_duty,1
3603,$4000_const,1
3603,$4000_vol,7
3603,$4004_duty,2
3603,$4004_const,1
3603,$4004_vol,13
3603,$4008_linear,0
3603,$400C_const,1
3603,$400C_vol,0
3603,$400E_period,13
3603,$400E_mode,0
3604,$4000_duty,1
3604,$4000_const,1
3604,$4000_vol,7
3604,$4004_duty,2
3604,$4004_const,1
3604,$4004_vol,12
3604,$400C_const,1
3604,$400C_vol,0
3604,$400E_period,13
3604,$400E_mode,0
3605,$4000_duty,1
3605,$4000_const,1
3605,$4000_vol,7
3605,$4004_duty,2
3605,$4004_const,1
3605,$4004_vol,11
3605,$4008_linear,127
3605,$400A_period,719
3605,$400B_length,9
3605,$400C_const,1
3605,$400C_vol,12
3605,$400E_period,13
3605,$400E_mode,0
3606,$4000_duty,1
3606,$4000_const,1
3606,$4000_vol,7
3606,$4004_duty,2
3606,$4004_const,1
3606,$4004_vol,10
3606,$4008_linear,127
3606,$400C_const,1
3606,$400C_vol,9
3606,$400E_period,13
3606,$400E_mode,0
3607,$4000_duty,1
3607,$4000_const,1
3607,$4000_vol,7
3607,$4004_duty,2
3607,$4004_const,1
3607,$4004_vol,9
3607,$4008_linear,127
3607,$400C_const,1
3607,$400C_vol,6
3607,$400E_period,13
3607,$400E_mode,0
3608,$4000_duty,1
3608,$4000_const,1
3608,$4000_vol,6
3608,$4004_duty,2
3608,$4004_const,1
3608,$4004_vol,8
3608,$4008_linear,127
3608,$400C_const,1
3608,$400C_vol,3
3608,$400E_period,13
3608,$400E_mode,0
3609,$4000_duty,1
3609,$4000_const,1
3609,$4000_vol,6
3609,$4004_duty,2
3609,$4004_const,1
3609,$4004_vol,7
3609,$4008_linear,127
3609,$400C_const,1
3609,$400C_vol,0
3609,$400E_period,13
3609,$400E_mode,0
3610,$4000_duty,1
3610,$4000_const,1
3610,$4000_vol,6
3610,$4004_duty,2
3610,$4004_const,1
3610,$4004_vol,6
3610,$4008_linear,127
3610,$400C_const,1
3610,$400C_vol,0
3610,$400E_period,13
3610,$400E_mode,0
3611,$4000_duty,1
3611,$4000_const,1
3611,$4000_vol,6
3611,$4004_duty,2
3611,$4004_const,1
3611,$4004_vol,5
3611,$4008_linear,127
3611,$400C_const,1
3611,$400C_vol,0
3611,$400E_period,13
3611,$400E_mode,0
3612,$4000_duty,1
3612,$4000_const,1
3612,$4000_vol,6
3612,$4004_duty,2
3612,$4004_const,1
3612,$4004_vol,4
3612,$4008_linear,127
3612,$400C_const,1
3612,$400C_vol,0
3612,$400E_period,13
3612,$400E_mode,0
3613,$4000_duty,1
3613,$4000_const,1
3613,$4000_vol,6
3613,$4004_duty,2
3613,$4004_const,1
3613,$4004_vol,3
3613,$4008_linear,127
3614,$4000_duty,1
3614,$4000_const,1
3614,$4000_vol,6
3614,$4004_duty,2
3614,$4004_const,1
3614,$4004_vol,2
3614,$4008_linear,127
3615,$4000_duty,1
3615,$4000_const,1
3615,$4000_vol,6
3615,$4004_duty,2
3615,$4004_const,1
3615,$4004_vol,1
3615,$4008_linear,127
3616,$4000_duty,1
3616,$4000_const,1
3616,$4000_vol,5
3616,$4004_duty,2
3616,$4004_const,1
3616,$4004_vol,1
3616,$4008_linear,127
3617,$4000_duty,1
3617,$4000_const,1
3617,$4000_vol,5
3617,$4004_duty,2
3617,$4004_const,1
3617,$4004_vol,2
3617,$4008_linear,0
3618,$4000_duty,1
3618,$4000_const,1
3618,$4000_vol,5
3618,$4004_duty,2
3618,$4004_const,1
3618,$4004_vol,3
3619,$4000_duty,1
3619,$4000_const,1
3619,$4000_vol,5
3619,$4004_duty,2
3619,$4004_const,1
3619,$4004_vol,5
3620,$4000_duty,1
3620,$4000_const,1
3620,$4000_vol,4
3620,$4004_duty,2
3620,$4004_const,1
3620,$4004_vol,6
3620,$4008_linear,127
3620,$400A_period,719
3620,$400B_length,9
3620,$400C_const,1
3620,$400C_vol,12
3620,$400E_period,8
3620,$400E_mode,0
3621,$4004_duty,0
3621,$4004_const,1
3621,$4004_vol,0
3621,$4001_sweep,8
3621,$4005_sweep,8
3621,$4000_duty,1
3621,$4000_const,1
3621,$4000_vol,3
3621,$4004_duty,2
3621,$4004_const,1
3621,$4004_vol,11
3621,$4006_period,571
3621,$4008_linear,127
3621,$400C_const,1
3621,$400C_vol,9
3621,$400E_period,8
3621,$400E_mode,0
3622,$4000_duty,1
3622,$4000_const,1
3622,$4000_vol,3
3622,$4004_duty,2
3622,$4004_const,1
3622,$4004_vol,11
3622,$4008_linear,127
3622,$400C_const,1
3622,$400C_vol,6
3622,$400E_period,8
3622,$400E_mode,0
3623,$4000_duty,1
3623,$4000_const,1
3623,$4000_vol,2
3623,$4004_duty,2
3623,$4004_const,1
3623,$4004_vol,11
3623,$4008_linear,127
3623,$400C_const,1
3623,$400C_vol,3
3623,$400E_period,8
3623,$400E_mode,0
3624,$4000_duty,1
3624,$4000_const,1
3624,$4000_vol,1
3624,$4004_duty,2
3624,$4004_const,1
3624,$4004_vol,11
3624,$4008_linear,127
3624,$400C_const,1
3624,$400C_vol,0
3624,$400E_period,8
3624,$400E_mode,0
3625,$4000_duty,1
3625,$4000_const,1
3625,$4000_vol,1
3625,$4004_duty,2
3625,$4004_const,1
3625,$4004_vol,11
3625,$4008_linear,127
3625,$400C_const,1
3625,$400C_vol,0
3625,$400E_period,8
3625,$400E_mode,0
3626,$4000_duty,1
3626,$4000_const,1
3626,$4000_vol,0
3626,$4004_duty,2
3626,$4004_const,1
3626,$4004_vol,11
3626,$4008_linear,127
3626,$400C_const,1
3626,$400C_vol,0
3626,$400E_period,8
3626,$400E_mode,0
3627,$4000_duty,1
3627,$4000_const,1
3627,$4000_vol,0
3627,$4004_duty,2
3627,$4004_const,1
3627,$4004_vol,11
3627,$4008_linear,127
3627,$400C_const,1
3627,$400C_vol,0
3627,$400E_period,8
3627,$400E_mode,0
3628,$4000_duty,1
3628,$4000_const,1
3628,$4000_vol,0
3628,$4004_duty,2
3628,$4004_const,1
3628,$4004_vol,11
3628,$4008_linear,127
3629,$4000_duty,1
3629,$4000_const,1
3629,$4000_vol,0
3629,$4004_duty,2
3629,$4004_const,1
3629,$4004_vol,10
3629,$4008_linear,127
3630,$4000_duty,1
3630,$4000_const,1
3630,$4000_vol,0
3630,$4004_duty,2
3630,$4004_const,1
3630,$4004_vol,10
3630,$4008_linear,127
3631,$4000_duty,1
3631,$4000_const,1
3631,$4000_vol,0
3631,$4004_duty,2
3631,$4004_const,1
3631,$4004_vol,10
3631,$4008_linear,127
3632,$4000_duty,1
3632,$4000_const,1
3632,$4000_vol,0
3632,$4004_duty,2
3632,$4004_const,1
3632,$4004_vol,9
3632,$4008_linear,0
3633,$4004_duty,2
3633,$4004_const,1
3633,$4004_vol,8
3634,$4004_duty,2
3634,$4004_const,1
3634,$4004_vol,8
3635,$4000_duty,1
3635,$4000_const,1
3635,$4000_vol,0
3635,$4004_duty,2
3635,$4004_const,1
3635,$4004_vol,12
3635,$4006_period,539
3635,$4008_linear,127
3635,$400A_period,719
3635,$400B_length,9
3635,$400C_const,1
3635,$400C_vol,12
3635,$400E_period,13
3635,$400E_mode,0
3636,$4004_duty,2
3636,$4004_const,1
3636,$4004_vol,11
3636,$4008_linear,127
3636,$400C_const,1
3636,$400C_vol,9
3636,$400E_period,13
3636,$400E_mode,0
3637,$4004_duty,2
3637,$4004_const,1
3637,$4004_vol,11
3637,$4008_linear,127
3637,$400C_const,1
3637,$400C_vol,6
3637,$400E_period,13
3637,$400E_mode,0
3638,$4004_duty,2
3638,$4004_const,1
3638,$4004_vol,11
3638,$4008_linear,127
3638,$400C_const,1
3638,$400C_vol,3
3638,$400E_period,13
3638,$400E_mode,0
3639,$4004_duty,2
3639,$4004_const,1
3639,$4004_vol,11
3639,$4008_linear,127
3639,$400C_const,1
3639,$400C_vol,0
3639,$400E_period,13
3639,$400E_mode,0
3640,$4004_duty,2
3640,$4004_const,1
3640,$4004_vol,11
3640,$4008_linear,127
3640,$400C_const,1
3640,$400C_vol,0
3640,$400E_period,13
3640,$400E_mode,0
3641,$4004_duty,2
3641,$4004_const,1
3641,$4004_vol,11
3641,$4008_linear,127
3641,$400C_const,1
3641,$400C_vol,0
3641,$400E_period,13
3641,$400E_mode,0
3642,$4004_duty,2
3642,$4004_const,1
3642,$4004_vol,11
3642,$4008_linear,127
3642,$400C_const,1
3642,$400C_vol,0
3642,$400E_period,13
3642,$400E_mode,0
3643,$4004_duty,2
3643,$4004_const,1
3643,$4004_vol,11
3643,$4008_linear,127
3644,$4004_duty,2
3644,$4004_const,1
3644,$4004_vol,10
3644,$4008_linear,127
3645,$4004_duty,2
3645,$4004_const,1
3645,$4004_vol,10
3645,$4008_linear,127
3646,$4004_duty,2
3646,$4004_const,1
3646,$4004_vol,10
3646,$4008_linear,127
3647,$4004_duty,2
3647,$4004_const,1
3647,$4004_vol,9
3647,$4008_linear,0
3648,$4004_duty,2
3648,$4004_const,1
3648,$4004_vol,8
3649,$4004_duty,2
3649,$4004_const,1
3649,$4004_vol,8
3650,$4000_duty,1
3650,$4000_const,1
3650,$4000_vol,12
3650,$4002_period,359
3650,$400B_length,8
3650,$4004_duty,2
3650,$4004_const,1
3650,$4004_vol,12
3650,$4006_period,453
3650,$4008_linear,127
3650,$400A_period,719
3650,$400B_length,9
3650,$400C_const,1
3650,$400C_vol,12
3650,$400E_period,8
3650,$400E_mode,0
3651,$4000_duty,1
3651,$4000_const,1
3651,$4000_vol,11
3651,$4004_duty,2
3651,$4004_const,1
3651,$4004_vol,11
3651,$4008_linear,127
3651,$400C_const,1
3651,$400C_vol,9
3651,$400E_period,8
3651,$400E_mode,0
3652,$4000_duty,1
3652,$4000_const,1
3652,$4000_vol,11
3652,$4004_duty,2
3652,$4004_const,1
3652,$4004_vol,11
3652,$4008_linear,127
3652,$400C_const,1
3652,$400C_vol,6
3652,$400E_period,8
3652,$400E_mode,0
3653,$4000_duty,1
3653,$4000_const,1
3653,$4000_vol,11
3653,$4004_duty,2
3653,$4004_const,1
3653,$4004_vol,11
3653,$4008_linear,127
3653,$400C_const,1
3653,$400C_vol,3
3653,$400E_period,8
3653,$400E_mode,0
3654,$4000_duty,1
3654,$4000_const,1
3654,$4000_vol,11
3654,$4004_duty,2
3654,$4004_const,1
3654,$4004_vol,11
3654,$4008_linear,127
3654,$400C_const,1
3654,$400C_vol,0
3654,$400E_period,8
3654,$400E_mode,0
3655,$4000_duty,1
3655,$4000_const,1
3655,$4000_vol,11
3655,$4004_duty,2
3655,$4004_const,1
3655,$4004_vol,11
3655,$4008_linear,127
3655,$400C_const,1
3655,$400C_vol,0
3655,$400E_period,8
3655,$400E_mode,0
3656,$4000_duty,1
3656,$4000_const,1
3656,$4000_vol,11
3656,$4004_duty,2
3656,$4004_const,1
3656,$4004_vol,11
3656,$4008_linear,127
3656,$400C_const,1
3656,$400C_vol,0
3656,$400E_period,8
3656,$400E_mode,0
3657,$4000_duty,1
3657,$4000_const,1
3657,$4000_vol,11
3657,$4004_duty,2
3657,$4004_const,1
3657,$4004_vol,11
3657,$4008_linear,127
3657,$400C_const,1
3657,$400C_vol,0
3657,$400E_period,8
3657,$400E_mode,0
3658,$4000_duty,1
3658,$4000_const,1
3658,$4000_vol,11
3658,$4004_duty,2
3658,$4004_const,1
3658,$4004_vol,11
3658,$4008_linear,127
3659,$4000_duty,1
3659,$4000_const,1
3659,$4000_vol,10
3659,$4004_duty,2
3659,$4004_const,1
3659,$4004_vol,10
3659,$4008_linear,127
3660,$4000_duty,1
3660,$4000_const,1
3660,$4000_vol,10
3660,$4004_duty,2
3660,$4004_const,1
3660,$4004_vol,10
3660,$4008_linear,127
3661,$4000_duty,1
3661,$4000_const,1
3661,$4000_vol,10
3661,$4004_duty,2
3661,$4004_const,1
3661,$4004_vol,10
3661,$4008_linear,127
3662,$4000_duty,1
3662,$4000_const,1
3662,$4000_vol,9
3662,$4004_duty,2
3662,$4004_const,1
3662,$4004_vol,9
3662,$4008_linear,0
3663,$4000_duty,1
3663,$4000_const,1
3663,$4000_vol,8
3663,$4004_duty,2
3663,$4004_const,1
3663,$4004_vol,8
3664,$4000_duty,1
3664,$4000_const,1
3664,$4000_vol,8
3664,$4004_duty,2
3664,$4004_const,1
3664,$4004_vol,8
3665,$4000_duty,1
3665,$4000_const,1
3665,$4000_vol,7
3665,$4004_duty,2
3665,$4004_const,1
3665,$4004_vol,7
3665,$4008_linear,127
3665,$400A_period,719
3665,$400B_length,9
3665,$400C_const,1
3665,$400C_vol,12
3665,$400E_period,13
3665,$400E_mode,0
3666,$4000_duty,1
3666,$4000_const,1
3666,$4000_vol,7
3666,$4004_duty,2
3666,$4004_const,1
3666,$4004_vol,7
3666,$4008_linear,127
3666,$400C_const,1
3666,$400C_vol,9
3666,$400E_period,13
3666,$400E_mode,0
3667,$4000_duty,1
3667,$4000_const,1
3667,$4000_vol,6
3667,$4004_duty,2
3667,$4004_const,1
3667,$4004_vol,6
3667,$4008_linear,127
3667,$400C_const,1
3667,$400C_vol,6
3667,$400E_period,13
3667,$400E_mode,0
3668,$4000_duty,1
3668,$4000_const,1
3668,$4000_vol,5
3668,$4004_duty,2
3668,$4004_const,1
3668,$4004_vol,5
3668,$4008_linear,127
3668,$400C_const,1
3668,$400C_vol,3
3668,$400E_period,13
3668,$400E_mode,0
3669,$4000_duty,1
3669,$4000_const,1
3669,$4000_vol,5
3669,$4004_duty,2
3669,$4004_const,1
3669,$4004_vol,5
3669,$4008_linear,127
3669,$400C_const,1
3669,$400C_vol,0
3669,$400E_period,13
3669,$400E_mode,0
3670,$4000_duty,1
3670,$4000_const,1
3670,$4000_vol,4
3670,$4004_duty,2
3670,$4004_const,1
3670,$4004_vol,4
3670,$4008_linear,127
3670,$400C_const,1
3670,$400C_vol,0
3670,$400E_period,13
3670,$400E_mode,0
3671,$4000_duty,1
3671,$4000_const,1
3671,$4000_vol,3
3671,$4004_duty,2
3671,$4004_const,1
3671,$4004_vol,3
3671,$4008_linear,127
3671,$400C_const,1
3671,$400C_vol,0
3671,$400E_period,13
3671,$400E_mode,0
3672,$4000_duty,1
3672,$4000_const,1
3672,$4000_vol,12
3672,$4002_period,453
3672,$400B_length,8
3672,$4004_duty,2
3672,$4004_const,1
3672,$4004_vol,12
3672,$4006_period,539
3672,$4008_linear,127
3672,$400C_const,1
3672,$400C_vol,0
3672,$400E_period,13
3672,$400E_mode,0
3673,$4000_duty,1
3673,$4000_const,1
3673,$4000_vol,11
3673,$4004_duty,2
3673,$4004_const,1
3673,$4004_vol,11
3673,$4008_linear,127
3674,$4000_duty,1
3674,$4000_const,1
3674,$4000_vol,11
3674,$4004_duty,2
3674,$4004_const,1
3674,$4004_vol,11
3674,$4008_linear,127
3675,$4000_duty,1
3675,$4000_const,1
3675,$4000_vol,11
3675,$4004_duty,2
3675,$4004_const,1
3675,$4004_vol,11
3675,$4008_linear,127
3676,$4000_duty,1
3676,$4000_const,1
3676,$4000_vol,11
3676,$4004_duty,2
3676,$4004_const,1
3676,$4004_vol,11
3676,$4008_linear,127
3677,$4000_duty,1
3677,$4000_const,1
3677,$4000_vol,11
3677,$4004_duty,2
3677,$4004_const,1
3677,$4004_vol,11
3677,$4008_linear,0
3678,$4004_duty,0
3678,$4004_const,1
3678,$4004_vol,0
3678,$400C_const,1
3678,$400C_vol,0
3678,$4001_sweep,8
3678,$4005_sweep,8
3678,$4000_duty,1
3678,$4000_const,1
3678,$4000_vol,11
3679,$4000_duty,1
3679,$4000_const,1
3679,$4000_vol,11
3679,$4004_duty,2
3679,$4004_const,1
3679,$4004_vol,15
3679,$4006_period,605
3679,$400C_const,1
3679,$400C_vol,11
3679,$400E_period,4
3679,$400E_mode,0
3680,$4000_duty,1
3680,$4000_const,1
3680,$4000_vol,11
3680,$4004_duty,2
3680,$4004_const,1
3680,$4004_vol,13
3680,$4008_linear,127
3680,$400A_period,719
3680,$400B_length,9
3680,$400C_const,1
3680,$400C_vol,9
3680,$400E_period,5
3680,$400E_mode,0
3681,$4000_duty,1
3681,$4000_const,1
3681,$4000_vol,10
3681,$4004_duty,2
3681,$4004_const,1
3681,$4004_vol,12
3681,$4008_linear,127
3681,$400C_const,1
3681,$400C_vol,8
3681,$400E_period,6
3681,$400E_mode,0
3682,$4000_duty,1
3682,$4000_const,1
3682,$4000_vol,10
3682,$4004_duty,2
3682,$4004_const,1
3682,$4004_vol,10
3682,$4008_linear,127
3682,$400C_const,1
3682,$400C_vol,6
3682,$400E_period,7
3682,$400E_mode,0
3683,$4000_duty,1
3683,$4000_const,1
3683,$4000_vol,10
3683,$4004_duty,2
3683,$4004_const,1
3683,$4004_vol,9
3683,$4008_linear,127
3683,$400C_const,1
3683,$400C_vol,5
3683,$400E_period,8
3683,$400E_mode,0
3684,$4000_duty,1
3684,$4000_const,1
3684,$4000_vol,9
3684,$4004_duty,2
3684,$4004_const,1
3684,$4004_vol,8
3684,$4008_linear,127
3684,$400C_const,1
3684,$400C_vol,4
3684,$400E_period,9
3684,$400E_mode,0
3685,$4000_duty,1
3685,$4000_const,1
3685,$4000_vol,8
3685,$4004_duty,2
3685,$4004_const,1
3685,$4004_vol,6
3685,$4006_period,1099
3685,$4008_linear,127
3685,$400C_const,1
3685,$400C_vol,2
3685,$400E_period,10
3685,$400E_mode,0
3686,$4000_duty,1
3686,$4000_const,1
3686,$4000_vol,8
3686,$4004_duty,2
3686,$4004_const,1
3686,$4004_vol,5
3686,$4008_linear,0
3686,$400C_const,1
3686,$400C_vol,1
3686,$400E_period,11
3686,$400E_mode,0
3687,$4000_duty,1
3687,$4000_const,1
3687,$4000_vol,7
3687,$4004_duty,2
3687,$4004_const,1
3687,$4004_vol,4
3687,$4008_linear,127
3687,$400A_period,719
3687,$400B_length,9
3687,$400C_const,1
3687,$400C_vol,0
3687,$400E_period,11
3687,$400E_mode,0
3688,$4000_duty,1
3688,$4000_const,1
3688,$4000_vol,7
3688,$4004_duty,2
3688,$4004_const,1
3688,$4004_vol,2
3688,$4008_linear,127
3688,$400C_const,1
3688,$400C_vol,0
3688,$400E_period,10
3688,$400E_mode,0
3689,$4004_duty,0
3689,$4004_const,1
3689,$4004_vol,0
3689,$400C_const,1
3689,$400C_vol,0
3689,$4001_sweep,8
3689,$4005_sweep,8
3689,$4000_duty,1
3689,$4000_const,1
3689,$4000_vol,6
3689,$4004_duty,2
3689,$4004_const,1
3689,$4004_vol,6
3689,$4006_period,539
3689,$4008_linear,127
3689,$400C_const,1
3689,$400C_vol,6
3689,$400E_period,13
3689,$400E_mode,0
3690,$4000_duty,1
3690,$4000_const,1
3690,$4000_vol,5
3690,$4004_duty,2
3690,$4004_const,1
3690,$4004_vol,5
3690,$4008_linear,127
3690,$400C_const,1
3690,$400C_vol,3
3690,$400E_period,13
3690,$400E_mode,0
3691,$4000_duty,1
3691,$4000_const,1
3691,$4000_vol,5
3691,$4004_duty,2
3691,$4004_const,1
3691,$4004_vol,5
3691,$4008_linear,127
3691,$400C_const,1
3691,$400C_vol,0
3691,$400E_period,13
3691,$400E_mode,0
3692,$4000_duty,1
3692,$4000_const,1
3692,$4000_vol,4
3692,$4004_duty,2
3692,$4004_const,1
3692,$4004_vol,4
3692,$4008_linear,127
3692,$400C_const,1
3692,$400C_vol,0
3692,$400E_period,13
3692,$400E_mode,0
3693,$4000_duty,1
3693,$4000_const,1
3693,$4000_vol,3
3693,$4004_duty,2
3693,$4004_const,1
3693,$4004_vol,3
3693,$4008_linear,127
3693,$400C_const,1
3693,$400C_vol,0
3693,$400E_period,13
3693,$400E_mode,0
3694,$4000_duty,1
3694,$4000_const,1
3694,$4000_vol,3
3694,$4004_duty,2
3694,$4004_const,1
3694,$4004_vol,3
3694,$4008_linear,127
3694,$400C_const,1
3694,$400C_vol,0
3694,$400E_period,13
3694,$400E_mode,0
3695,$4000_duty,1
3695,$4000_const,1
3695,$4000_vol,12
3695,$4002_period,539
3695,$400B_length,9
3695,$4004_duty,2
3695,$4004_const,1
3695,$4004_vol,12
3695,$4006_period,907
3695,$4008_linear,127
3695,$400C_const,1
3695,$400C_vol,0
3695,$400E_period,13
3695,$400E_mode,0
3696,$4000_duty,1
3696,$4000_const,1
3696,$4000_vol,11
3696,$4004_duty,2
3696,$4004_const,1
3696,$4004_vol,11
3696,$4008_linear,127
3697,$4000_duty,1
3697,$4000_const,1
3697,$4000_vol,11
3697,$4004_duty,2
3697,$4004_const,1
3697,$4004_vol,11
3697,$4008_linear,127
3698,$4000_duty,1
3698,$4000_const,1
3698,$4000_vol,11
3698,$4004_duty,2
3698,$4004_const,1
3698,$4004_vol,11
3698,$4008_linear,127
3699,$4000_duty,1
3699,$4000_const,1
3699,$4000_vol,11
3699,$4004_duty,2
3699,$4004_const,1
3699,$4004_vol,11
3699,$4008_linear,0
3700,$4000_duty,1
3700,$4000_const,1
3700,$4000_vol,11
3700,$4004_duty,2
3700,$4004_const,1
3700,$4004_vol,11
3700,$4008_linear,0
3701,$4000_duty,1
3701,$4000_const,1
3701,$4000_vol,11
3701,$4004_duty,2
3701,$4004_const,1
3701,$4004_vol,11
3702,$4000_duty,1
3702,$4000_const,1
3702,$4000_vol,11
3702,$4004_duty,2
3702,$4004_const,1
3702,$4004_vol,11
3702,$4008_linear,127
3702,$400A_period,719
3702,$400B_length,9
3702,$400C_const,1
3702,$400C_vol,12
3702,$400E_period,13
3702,$400E_mode,0
3703,$4000_duty,1
3703,$4000_const,1
3703,$4000_vol,11
3703,$4004_duty,2
3703,$4004_const,1
3703,$4004_vol,11
3703,$4008_linear,127
3703,$400C_const,1
3703,$400C_vol,9
3703,$400E_period,13
3703,$400E_mode,0
3704,$4000_duty,1
3704,$4000_const,1
3704,$4000_vol,10
3704,$4004_duty,2
3704,$4004_const,1
3704,$4004_vol,10
3704,$4008_linear,127
3704,$400C_const,1
3704,$400C_vol,6
3704,$400E_period,13
3704,$400E_mode,0
3705,$4000_duty,1
3705,$4000_const,1
3705,$4000_vol,10
3705,$4004_duty,2
3705,$4004_const,1
3705,$4004_vol,10
3705,$4008_linear,127
3705,$400C_const,1
3705,$400C_vol,3
3705,$400E_period,13
3705,$400E_mode,0
3706,$4000_duty,1
3706,$4000_const,1
3706,$4000_vol,10
3706,$4004_duty,2
3706,$4004_const,1
3706,$4004_vol,10
3706,$4008_linear,127
3706,$400C_const,1
3706,$400C_vol,0
3706,$400E_period,13
3706,$400E_mode,0
3707,$4000_duty,1
3707,$4000_const,1
3707,$4000_vol,10
3707,$4004_duty,2
3707,$4004_const,1
3707,$4004_vol,10
3707,$4008_linear,127
3707,$400C_const,1
3707,$400C_vol,0
3707,$400E_period,13
3707,$400E_mode,0
3708,$4000_duty,1
3708,$4000_const,1
3708,$4000_vol,10
3708,$4004_duty,2
3708,$4004_const,1
3708,$4004_vol,10
3708,$4008_linear,127
3708,$400C_const,1
3708,$400C_vol,0
3708,$400E_period,13
3708,$400E_mode,0
3709,$4000_duty,1
3709,$4000_const,1
3709,$4000_vol,10
3709,$4004_duty,2
3709,$4004_const,1
3709,$4004_vol,10
3709,$4008_linear,127
3709,$400C_const,1
3709,$400C_vol,0
3709,$400E_period,13
3709,$400E_mode,0
3710,$4000_duty,1
3710,$4000_const,1
3710,$4000_vol,10
3710,$4004_duty,2
3710,$4004_const,1
3710,$4004_vol,10
3710,$4008_linear,127
3710,$400C_const,1
3710,$400C_vol,12
3710,$400E_period,8
3710,$400E_mode,0
3711,$4000_duty,1
3711,$4000_const,1
3711,$4000_vol,9
3711,$4004_duty,2
3711,$4004_const,1
3711,$4004_vol,9
3711,$4008_linear,127
3711,$400C_const,1
3711,$400C_vol,9
3711,$400E_period,8
3711,$400E_mode,0
3712,$4000_duty,1
3712,$4000_const,1
3712,$4000_vol,8
3712,$4004_duty,2
3712,$4004_const,1
3712,$4004_vol,8
3712,$4008_linear,127
3712,$400C_const,1
3712,$400C_vol,6
3712,$400E_period,8
3712,$400E_mode,0
3713,$4000_duty,1
3713,$4000_const,1
3713,$4000_vol,8
3713,$4004_duty,2
3713,$4004_const,1
3713,$4004_vol,8
3713,$4008_linear,127
3713,$400C_const,1
3713,$400C_vol,3
3713,$400E_period,8
3713,$400E_mode,0
3714,$4000_duty,1
3714,$4000_const,1
3714,$4000_vol,7
3714,$4004_duty,2
3714,$4004_const,1
3714,$4004_vol,7
3714,$4008_linear,0
3714,$400C_const,1
3714,$400C_vol,0
3714,$400E_period,8
3714,$400E_mode,0
3715,$4000_duty,1
3715,$4000_const,1
3715,$4000_vol,7
3715,$4004_duty,2
3715,$4004_const,1
3715,$4004_vol,7
3715,$4008_linear,0
3715,$400C_const,1
3715,$400C_vol,0
3715,$400E_period,8
3715,$400E_mode,0
3716,$4000_duty,1
3716,$4000_const,1
3716,$4000_vol,6
3716,$4004_duty,2
3716,$4004_const,1
3716,$4004_vol,6
3716,$400C_const,1
3716,$400C_vol,0
3716,$400E_period,8
3716,$400E_mode,0
3717,$4000_duty,1
3717,$4000_const,1
3717,$4000_vol,12
3717,$4002_period,571
3717,$400B_length,9
3717,$4004_duty,2
3717,$4004_const,1
3717,$4004_vol,12
3717,$4006_period,1077
3717,$4008_linear,127
3717,$400A_period,719
3717,$400B_length,9
3717,$400C_const,1
3717,$400C_vol,12
3717,$400E_period,13
3717,$400E_mode,0
3718,$4000_duty,1
3718,$4000_const,1
3718,$4000_vol,11
3718,$4004_duty,2
3718,$4004_const,1
3718,$4004_vol,11
3718,$4008_linear,127
3718,$400C_const,1
3718,$400C_vol,9
3718,$400E_period,13
3718,$400E_mode,0
3719,$4000_duty,1
3719,$4000_const,1
3719,$4000_vol,11
3719,$4004_duty,2
3719,$4004_const,1
3719,$4004_vol,11
3719,$4008_linear,127
3719,$400C_const,1
3719,$400C_vol,6
3719,$400E_period,13
3719,$400E_mode,0
3720,$4000_duty,1
3720,$4000_const,1
3720,$4000_vol,11
3720,$4004_duty,2
3720,$4004_const,1
3720,$4004_vol,11
3720,$4008_linear,127
3720,$400C_const,1
3720,$400C_vol,3
3720,$400E_period,13
3720,$400E_mode,0
3721,$4000_duty,1
3721,$4000_const,1
3721,$4000_vol,11
3721,$4004_duty,2
3721,$4004_const,1
3721,$4004_vol,11
3721,$4008_linear,127
3721,$400C_const,1
3721,$400C_vol,0
3721,$400E_period,13
3721,$400E_mode,0
3722,$4000_duty,1
3722,$4000_const,1
3722,$4000_vol,11
3722,$4004_duty,2
3722,$4004_const,1
3722,$4004_vol,11
3722,$4008_linear,127
3722,$400C_const,1
3722,$400C_vol,0
3722,$400E_period,13
3722,$400E_mode,0
3723,$4000_duty,1
3723,$4000_const,1
3723,$4000_vol,11
3723,$4004_duty,2
3723,$4004_const,1
3723,$4004_vol,11
3723,$4008_linear,0
3723,$400C_const,1
3723,$400C_vol,0
3723,$400E_period,13
3723,$400E_mode,0
3724,$4000_duty,1
3724,$4000_const,1
3724,$4000_vol,11
3724,$4004_duty,2
3724,$4004_const,1
3724,$4004_vol,11
3724,$4008_linear,0
3724,$400C_const,1
3724,$400C_vol,0
3724,$400E_period,13
3724,$400E_mode,0
3725,$4000_duty,1
3725,$4000_const,1
3725,$4000_vol,11
3725,$4004_duty,2
3725,$4004_const,1
3725,$4004_vol,11
3725,$4008_linear,127
3725,$400A_period,719
3725,$400B_length,9
3725,$400C_const,1
3725,$400C_vol,12
3725,$400E_period,13
3725,$400E_mode,0
3726,$4000_duty,1
3726,$4000_const,1
3726,$4000_vol,10
3726,$4004_duty,2
3726,$4004_const,1
3726,$4004_vol,10
3726,$4008_linear,127
3726,$400C_const,1
3726,$400C_vol,9
3726,$400E_period,13
3726,$400E_mode,0
3727,$4000_duty,1
3727,$4000_const,1
3727,$4000_vol,10
3727,$4004_duty,2
3727,$4004_const,1
3727,$4004_vol,10
3727,$4008_linear,127
3727,$400C_const,1
3727,$400C_vol,6
3727,$400E_period,13
3727,$400E_mode,0
3728,$4000_duty,1
3728,$4000_const,1
3728,$4000_vol,10
3728,$4004_duty,2
3728,$4004_const,1
3728,$4004_vol,10
3728,$4008_linear,127
3728,$400C_const,1
3728,$400C_vol,3
3728,$400E_period,13
3728,$400E_mode,0
3729,$4000_duty,1
3729,$4000_const,1
3729,$4000_vol,10
3729,$4004_duty,2
3729,$4004_const,1
3729,$4004_vol,10
3729,$4008_linear,127
3729,$400C_const,1
3729,$400C_vol,0
3729,$400E_period,13
3729,$400E_mode,0
3730,$4000_duty,1
3730,$4000_const,1
3730,$4000_vol,10
3730,$4004_duty,2
3730,$4004_const,1
3730,$4004_vol,10
3730,$4008_linear,127
3730,$400C_const,1
3730,$400C_vol,0
3730,$400E_period,13
3730,$400E_mode,0
3731,$4000_duty,1
3731,$4000_const,1
3731,$4000_vol,10
3731,$4004_duty,2
3731,$4004_const,1
3731,$4004_vol,10
3731,$4008_linear,127
3731,$400C_const,1
3731,$400C_vol,0
3731,$400E_period,13
3731,$400E_mode,0
3732,$4000_duty,1
3732,$4000_const,1
3732,$4000_vol,10
3732,$4004_duty,2
3732,$4004_const,1
3732,$4004_vol,10
3732,$4008_linear,127
3732,$400C_const,1
3732,$400C_vol,0
3732,$400E_period,13
3732,$400E_mode,0
3733,$4000_duty,1
3733,$4000_const,1
3733,$4000_vol,10
3733,$4004_duty,2
3733,$4004_const,1
3733,$4004_vol,10
3733,$4008_linear,127
3734,$4000_duty,1
3734,$4000_const,1
3734,$4000_vol,9
3734,$4004_duty,2
3734,$4004_const,1
3734,$4004_vol,9
3734,$4008_linear,127
3735,$4000_duty,1
3735,$4000_const,1
3735,$4000_vol,8
3735,$4004_duty,2
3735,$4004_const,1
3735,$4004_vol,8
3735,$4008_linear,127
3736,$4000_duty,1
3736,$4000_const,1
3736,$4000_vol,8
3736,$4004_duty,2
3736,$4004_const,1
3736,$4004_vol,8
3736,$4008_linear,127
3737,$4000_duty,1
3737,$4000_const,1
3737,$4000_vol,7
3737,$4004_duty,2
3737,$4004_const,1
3737,$4004_vol,7
3737,$4008_linear,0
3738,$4004_duty,0
3738,$4004_const,1
3738,$4004_vol,0
3738,$4001_sweep,8
3738,$4005_sweep,8
3738,$4000_duty,1
3738,$4000_const,1
3738,$4000_vol,6
3739,$4000_duty,1
3739,$4000_const,1
3739,$4000_vol,6
3739,$4004_duty,2
3739,$4004_const,1
3739,$4004_vol,15
3739,$4006_period,227
3740,$4000_duty,1
3740,$4000_const,1
3740,$4000_vol,12
3740,$4002_period,641
3740,$400B_length,9
3740,$4004_duty,2
3740,$4004_const,1
3740,$4004_vol,14
3740,$4008_linear,127
3740,$400A_period,719
3740,$400B_length,9
3740,$400C_const,1
3740,$400C_vol,12
3740,$400E_period,8
3740,$400E_mode,0
3741,$4000_duty,1
3741,$4000_const,1
3741,$4000_vol,11
3741,$4004_duty,2
3741,$4004_const,1
3741,$4004_vol,14
3741,$4008_linear,127
3741,$400C_const,1
3741,$400C_vol,9
3741,$400E_period,8
3741,$400E_mode,0
3742,$4000_duty,1
3742,$4000_const,1
3742,$4000_vol,11
3742,$4004_duty,2
3742,$4004_const,1
3742,$4004_vol,14
3742,$4008_linear,127
3742,$400C_const,1
3742,$400C_vol,6
3742,$400E_period,8
3742,$400E_mode,0
3743,$4000_duty,1
3743,$4000_const,1
3743,$4000_vol,11
3743,$4004_duty,2
3743,$4004_const,1
3743,$4004_vol,13
3743,$4008_linear,127
3743,$400C_const,1
3743,$400C_vol,3
3743,$400E_period,8
3743,$400E_mode,0
3744,$4000_duty,1
3744,$4000_const,1
3744,$4000_vol,11
3744,$4004_duty,2
3744,$4004_const,1
3744,$4004_vol,13
3744,$4008_linear,127
3744,$400C_const,1
3744,$400C_vol,0
3744,$400E_period,8
3744,$400E_mode,0
3745,$4000_duty,1
3745,$4000_const,1
3745,$4000_vol,11
3745,$4004_duty,2
3745,$4004_const,1
3745,$4004_vol,13
3745,$4008_linear,127
3745,$400C_const,1
3745,$400C_vol,0
3745,$400E_period,8
3745,$400E_mode,0
3746,$4000_duty,1
3746,$4000_const,1
3746,$4000_vol,11
3746,$4004_duty,2
3746,$4004_const,1
3746,$4004_vol,12
3746,$4008_linear,127
3746,$400C_const,1
3746,$400C_vol,0
3746,$400E_period,8
3746,$400E_mode,0
3747,$4000_duty,1
3747,$4000_const,1
3747,$4000_vol,11
3747,$4004_duty,2
3747,$4004_const,1
3747,$4004_vol,12
3747,$4008_linear,127
3747,$400C_const,1
3747,$400C_vol,0
3747,$400E_period,8
3747,$400E_mode,0
3748,$4000_duty,1
3748,$4000_const,1
3748,$4000_vol,11
3748,$4004_duty,2
3748,$4004_const,1
3748,$4004_vol,12
3748,$4008_linear,127
3749,$4004_duty,0
3749,$4004_const,1
3749,$4004_vol,0
3749,$4001_sweep,8
3749,$4005_sweep,8
3749,$4000_duty,1
3749,$4000_const,1
3749,$4000_vol,10
3749,$4004_duty,2
3749,$4004_const,1
3749,$4004_vol,10
3749,$4006_period,907
3749,$4008_linear,127
3750,$4000_duty,1
3750,$4000_const,1
3750,$4000_vol,10
3750,$4004_duty,2
3750,$4004_const,1
3750,$4004_vol,10
3750,$4008_linear,127
3751,$4000_duty,1
3751,$4000_const,1
3751,$4000_vol,10
3751,$4004_duty,2
3751,$4004_const,1
3751,$4004_vol,10
3751,$4008_linear,127
3752,$4000_duty,1
3752,$4000_const,1
3752,$4000_vol,9
3752,$4004_duty,2
3752,$4004_const,1
3752,$4004_vol,9
3752,$4008_linear,0
3753,$4000_duty,1
3753,$4000_const,1
3753,$4000_vol,8
3753,$4004_duty,2
3753,$4004_const,1
3753,$4004_vol,8
3754,$4000_duty,1
3754,$4000_const,1
3754,$4000_vol,8
3754,$4004_duty,2
3754,$4004_const,1
3754,$4004_vol,8
3755,$4000_duty,1
3755,$4000_const,1
3755,$4000_vol,12
3755,$4002_period,571
3755,$400B_length,9
3755,$4004_duty,2
3755,$4004_const,1
3755,$4004_vol,12
3755,$4006_period,961
3755,$4008_linear,127
3755,$400A_period,719
3755,$400B_length,9
3755,$400C_const,1
3755,$400C_vol,12
3755,$400E_period,13
3755,$400E_mode,0
3756,$4000_duty,1
3756,$4000_const,1
3756,$4000_vol,11
3756,$4004_duty,2
3756,$4004_const,1
3756,$4004_vol,11
3756,$4008_linear,127
3756,$400C_const,1
3756,$400C_vol,9
3756,$400E_period,13
3756,$400E_mode,0
3757,$4000_duty,1
3757,$4000_const,1
3757,$4000_vol,11
3757,$4004_duty,2
3757,$4004_const,1
3757,$4004_vol,11
3757,$4008_linear,127
3757,$400C_const,1
3757,$400C_vol,6
3757,$400E_period,13
3757,$400E_mode,0
3758,$4000_duty,1
3758,$4000_const,1
3758,$4000_vol,11
3758,$4004_duty,2
3758,$4004_const,1
3758,$4004_vol,11
3758,$4008_linear,127
3758,$400C_const,1
3758,$400C_vol,3
3758,$400E_period,13
3758,$400E_mode,0
3759,$4000_duty,1
3759,$4000_const,1
3759,$4000_vol,11
3759,$4004_duty,2
3759,$4004_const,1
3759,$4004_vol,11
3759,$4008_linear,127
3759,$400C_const,1
3759,$400C_vol,0
3759,$400E_period,13
3759,$400E_mode,0
3760,$4000_duty,1
3760,$4000_const,1
3760,$4000_vol,10
3760,$4004_duty,2
3760,$4004_const,1
3760,$4004_vol,10
3760,$4008_linear,127
3760,$400C_const,1
3760,$400C_vol,0
3760,$400E_period,13
3760,$400E_mode,0
3761,$4000_duty,1
3761,$4000_const,1
3761,$4000_vol,10
3761,$4004_duty,2
3761,$4004_const,1
3761,$4004_vol,10
3761,$4008_linear,127
3761,$400C_const,1
3761,$400C_vol,0
3761,$400E_period,13
3761,$400E_mode,0
3762,$4000_duty,1
3762,$4000_const,1
3762,$4000_vol,12
3762,$4002_period,641
3762,$400B_length,9
3762,$4004_duty,2
3762,$4004_const,1
3762,$4004_vol,12
3762,$4006_period,1077
3762,$4008_linear,127
3762,$400C_const,1
3762,$400C_vol,0
3762,$400E_period,13
3762,$400E_mode,0
3763,$4000_duty,1
3763,$4000_const,1
3763,$4000_vol,11
3763,$4004_duty,2
3763,$4004_const,1
3763,$4004_vol,11
3763,$4008_linear,127
3764,$4000_duty,1
3764,$4000_const,1
3764,$4000_vol,11
3764,$4004_duty,2
3764,$4004_const,1
3764,$4004_vol,11
3764,$4008_linear,127
3765,$4000_duty,1
3765,$4000_const,1
3765,$4000_vol,11
3765,$4004_duty,2
3765,$4004_const,1
3765,$4004_vol,11
3765,$4008_linear,127
3766,$4000_duty,1
3766,$4000_const,1
3766,$4000_vol,11
3766,$4004_duty,2
3766,$4004_const,1
3766,$4004_vol,11
3766,$4008_linear,127
3767,$4000_duty,1
3767,$4000_const,1
3767,$4000_vol,10
3767,$4004_duty,2
3767,$4004_const,1
3767,$4004_vol,10
3767,$4008_linear,0
3768,$4000_duty,1
3768,$4000_const,1
3768,$4000_vol,10
3768,$4004_duty,2
3768,$4004_const,1
3768,$4004_vol,10
3769,$4000_duty,1
3769,$4000_const,1
3769,$4000_vol,9
3769,$4004_duty,2
3769,$4004_const,1
3769,$4004_vol,9
3770,$4000_duty,1
3770,$4000_const,1
3770,$4000_vol,12
3770,$4002_period,719
3770,$400B_length,9
3770,$4004_duty,2
3770,$4004_const,1
3770,$4004_vol,12
3770,$4006_period,1141
3770,$4008_linear,127
3770,$400A_period,719
3770,$400B_length,9
3770,$400C_const,1
3770,$400C_vol,12
3770,$400E_period,8
3770,$400E_mode,0
3771,$4000_duty,1
3771,$4000_const,1
3771,$4000_vol,11
3771,$4004_duty,2
3771,$4004_const,1
3771,$4004_vol,11
3771,$4008_linear,127
3771,$400C_const,1
3771,$400C_vol,9
3771,$400E_period,8
3771,$400E_mode,0
3772,$4000_duty,1
3772,$4000_const,1
3772,$4000_vol,11
3772,$4004_duty,2
3772,$4004_const,1
3772,$4004_vol,11
3772,$4008_linear,127
3772,$400C_const,1
3772,$400C_vol,6
3772,$400E_period,8
3772,$400E_mode,0
3773,$4000_duty,1
3773,$4000_const,1
3773,$4000_vol,11
3773,$4004_duty,2
3773,$4004_const,1
3773,$4004_vol,11
3773,$4008_linear,127
3773,$400C_const,1
3773,$400C_vol,3
3773,$400E_period,8
3773,$400E_mode,0
3774,$4000_duty,1
3774,$4000_const,1
3774,$4000_vol,11
3774,$4004_duty,2
3774,$4004_const,1
3774,$4004_vol,11
3774,$4008_linear,127
3774,$400C_const,1
3774,$400C_vol,0
3774,$400E_period,8
3774,$400E_mode,0
3775,$4000_duty,1
3775,$4000_const,1
3775,$4000_vol,11
3775,$4004_duty,2
3775,$4004_const,1
3775,$4004_vol,11
3775,$4008_linear,127
3775,$400C_const,1
3775,$400C_vol,0
3775,$400E_period,8
3775,$400E_mode,0
3776,$4000_duty,1
3776,$4000_const,1
3776,$4000_vol,11
3776,$4004_duty,2
3776,$4004_const,1
3776,$4004_vol,11
3776,$4008_linear,127
3776,$400C_const,1
3776,$400C_vol,0
3776,$400E_period,8
3776,$400E_mode,0
3777,$4000_duty,1
3777,$4000_const,1
3777,$4000_vol,11
3777,$4004_duty,2
3777,$4004_const,1
3777,$4004_vol,11
3777,$4008_linear,127
3777,$400C_const,1
3777,$400C_vol,0
3777,$400E_period,8
3777,$400E_mode,0
3778,$4000_duty,1
3778,$4000_const,1
3778,$4000_vol,11
3778,$4004_duty,2
3778,$4004_const,1
3778,$4004_vol,11
3778,$4008_linear,127
3779,$4000_duty,1
3779,$4000_const,1
3779,$4000_vol,10
3779,$4004_duty,2
3779,$4004_const,1
3779,$4004_vol,10
3779,$4008_linear,127
3780,$4000_duty,1
3780,$4000_const,1
3780,$4000_vol,10
3780,$4004_duty,2
3780,$4004_const,1
3780,$4004_vol,10
3780,$4008_linear,127
3781,$4000_duty,1
3781,$4000_const,1
3781,$4000_vol,10
3781,$4004_duty,2
3781,$4004_const,1
3781,$4004_vol,10
3781,$4008_linear,127
3782,$4000_duty,1
3782,$4000_const,1
3782,$4000_vol,10
3782,$4004_duty,2
3782,$4004_const,1
3782,$4004_vol,10
3782,$4008_linear,0
3783,$4000_duty,1
3783,$4000_const,1
3783,$4000_vol,10
3783,$4004_duty,2
3783,$4004_const,1
3783,$4004_vol,10
3784,$4000_duty,1
3784,$4000_const,1
3784,$4000_vol,10
3784,$4004_duty,2
3784,$4004_const,1
3784,$4004_vol,10
3785,$4000_duty,1
3785,$4000_const,1
3785,$4000_vol,10
3785,$4004_duty,2
3785,$4004_const,1
3785,$4004_vol,10
3785,$4008_linear,127
3785,$400A_period,719
3785,$400B_length,9
3785,$400C_const,1
3785,$400C_vol,12
3785,$400E_period,13
3785,$400E_mode,0
3786,$4000_duty,1
3786,$4000_const,1
3786,$4000_vol,10
3786,$4004_duty,2
3786,$4004_const,1
3786,$4004_vol,10
3786,$4008_linear,127
3786,$400C_const,1
3786,$400C_vol,9
3786,$400E_period,13
3786,$400E_mode,0
3787,$4000_duty,1
3787,$4000_const,1
3787,$4000_vol,9
3787,$4004_duty,2
3787,$4004_const,1
3787,$4004_vol,9
3787,$4008_linear,127
3787,$400C_const,1
3787,$400C_vol,6
3787,$400E_period,13
3787,$400E_mode,0
3788,$4000_duty,1
3788,$4000_const,1
3788,$4000_vol,9
3788,$4004_duty,2
3788,$4004_const,1
3788,$4004_vol,9
3788,$4008_linear,127
3788,$400C_const,1
3788,$400C_vol,3
3788,$400E_period,13
3788,$400E_mode,0
3789,$4004_duty,0
3789,$4004_const,1
3789,$4004_vol,0
3789,$4001_sweep,8
3789,$4005_sweep,8
3789,$4000_duty,1
3789,$4000_const,1
3789,$4000_vol,9
3789,$4008_linear,127
3789,$400C_const,1
3789,$400C_vol,0
3789,$400E_period,13
3789,$400E_mode,0
3790,$4000_duty,1
3790,$4000_const,1
3790,$4000_vol,9
3790,$4004_duty,2
3790,$4004_const,1
3790,$4004_vol,15
3790,$4006_period,303
3790,$4008_linear,127
3790,$400C_const,1
3790,$400C_vol,0
3790,$400E_period,13
3790,$400E_mode,0
3791,$4000_duty,1
3791,$4000_const,1
3791,$4000_vol,9
3791,$4004_duty,2
3791,$4004_const,1
3791,$4004_vol,14
3791,$4008_linear,127
3791,$400C_const,1
3791,$400C_vol,0
3791,$400E_period,13
3791,$400E_mode,0
3792,$4000_duty,1
3792,$4000_const,1
3792,$4000_vol,9
3792,$4004_duty,2
3792,$4004_const,1
3792,$4004_vol,12
3792,$4008_linear,127
3792,$400C_const,1
3792,$400C_vol,0
3792,$400E_period,13
3792,$400E_mode,0
3793,$4000_duty,1
3793,$4000_const,1
3793,$4000_vol,9
3793,$4004_duty,2
3793,$4004_const,1
3793,$4004_vol,10
3793,$4008_linear,127
3794,$4000_duty,1
3794,$4000_const,1
3794,$4000_vol,9
3794,$4004_duty,2
3794,$4004_const,1
3794,$4004_vol,8
3794,$4008_linear,127
3795,$4000_duty,1
3795,$4000_const,1
3795,$4000_vol,8
3795,$4004_duty,2
3795,$4004_const,1
3795,$4004_vol,6
3795,$4008_linear,127
3796,$4000_duty,1
3796,$4000_const,1
3796,$4000_vol,8
3796,$4004_duty,2
3796,$4004_const,1
3796,$4004_vol,4
3796,$4008_linear,127
3797,$4000_duty,1
3797,$4000_const,1
3797,$4000_vol,8
3797,$4004_duty,2
3797,$4004_const,1
3797,$4004_vol,3
3797,$4008_linear,0
3798,$4000_duty,1
3798,$4000_const,1
3798,$4000_vol,8
3799,$4000_duty,1
3799,$4000_const,1
3799,$4000_vol,8
3799,$4004_duty,2
3799,$4004_const,1
3799,$4004_vol,1
3800,$4000_duty,1
3800,$4000_const,1
3800,$4000_vol,8
3800,$4004_duty,2
3800,$4004_const,1
3800,$4004_vol,0
3800,$4008_linear,127
3800,$400A_period,719
3800,$400B_length,9
3800,$400C_const,1
3800,$400C_vol,12
3800,$400E_period,8
3800,$400E_mode,0
3801,$4000_duty,1
3801,$4000_const,1
3801,$4000_vol,8
3801,$4004_duty,2
3801,$4004_const,1
3801,$4004_vol,1
3801,$4008_linear,127
3801,$400C_const,1
3801,$400C_vol,9
3801,$400E_period,8
3801,$400E_mode,0
3802,$4000_duty,1
3802,$4000_const,1
3802,$4000_vol,8
3802,$4004_duty,2
3802,$4004_const,1
3802,$4004_vol,3
3802,$4008_linear,127
3802,$400C_const,1
3802,$400C_vol,6
3802,$400E_period,8
3802,$400E_mode,0
3803,$4000_duty,1
3803,$4000_const,1
3803,$4000_vol,7
3803,$4004_duty,2
3803,$4004_const,1
3803,$4004_vol,5
3803,$4008_linear,127
3803,$400C_const,1
3803,$400C_vol,3
3803,$400E_period,8
3803,$400E_mode,0
3804,$4000_duty,1
3804,$4000_const,1
3804,$4000_vol,7
3804,$4004_duty,2
3804,$4004_const,1
3804,$4004_vol,7
3804,$4008_linear,127
3804,$400C_const,1
3804,$400C_vol,0
3804,$400E_period,8
3804,$400E_mode,0
3805,$4000_duty,1
3805,$4000_const,1
3805,$4000_vol,7
3805,$4004_duty,2
3805,$4004_const,1
3805,$4004_vol,9
3805,$4008_linear,127
3805,$400C_const,1
3805,$400C_vol,0
3805,$400E_period,8
3805,$400E_mode,0
3806,$4000_duty,1
3806,$4000_const,1
3806,$4000_vol,7
3806,$4004_duty,2
3806,$4004_const,1
3806,$4004_vol,11
3806,$4008_linear,0
3806,$400C_const,1
3806,$400C_vol,0
3806,$400E_period,8
3806,$400E_mode,0
3807,$4000_duty,1
3807,$4000_const,1
3807,$4000_vol,7
3807,$4004_duty,2
3807,$4004_const,1
3807,$4004_vol,13
3807,$4008_linear,127
3807,$400A_period,719
3807,$400B_length,9
3807,$400C_const,1
3807,$400C_vol,12
3807,$400E_period,13
3807,$400E_mode,0
3808,$4000_duty,1
3808,$4000_const,1
3808,$4000_vol,7
3808,$4004_duty,2
3808,$4004_const,1
3808,$4004_vol,14
3808,$4008_linear,127
3808,$400C_const,1
3808,$400C_vol,9
3808,$400E_period,13
3808,$400E_mode,0
3809,$4000_duty,1
3809,$4000_const,1
3809,$4000_vol,7
3809,$4004_duty,2
3809,$4004_const,1
3809,$4004_vol,15
3809,$4008_linear,127
3809,$400C_const,1
3809,$400C_vol,6
3809,$400E_period,13
3809,$400E_mode,0
3810,$4000_duty,1
3810,$4000_const,1
3810,$4000_vol,7
3810,$4004_duty,2
3810,$4004_const,1
3810,$4004_vol,13
3810,$4008_linear,127
3810,$400C_const,1
3810,$400C_vol,3
3810,$400E_period,13
3810,$400E_mode,0
3811,$4000_duty,1
3811,$4000_const,1
3811,$4000_vol,6
3811,$4004_duty,2
3811,$4004_const,1
3811,$4004_vol,11
3811,$4008_linear,127
3811,$400C_const,1
3811,$400C_vol,0
3811,$400E_period,13
3811,$400E_mode,0
3812,$4000_duty,1
3812,$4000_const,1
3812,$4000_vol,6
3812,$4004_duty,2
3812,$4004_const,1
3812,$4004_vol,9
3812,$4008_linear,127
3812,$400C_const,1
3812,$400C_vol,0
3812,$400E_period,13
3812,$400E_mode,0
3813,$4000_duty,1
3813,$4000_const,1
3813,$4000_vol,6
3813,$4004_duty,2
3813,$4004_const,1
3813,$4004_vol,8
3813,$4008_linear,127
3813,$400C_const,1
3813,$400C_vol,0
3813,$400E_period,13
3813,$400E_mode,0
3814,$4000_duty,1
3814,$4000_const,1
3814,$4000_vol,6
3814,$4004_duty,2
3814,$4004_const,1
3814,$4004_vol,6
3814,$4008_linear,127
3814,$400C_const,1
3814,$400C_vol,0
3814,$400E_period,13
3814,$400E_mode,0
3815,$4000_duty,1
3815,$4000_const,1
3815,$4000_vol,6
3815,$4004_duty,2
3815,$4004_const,1
3815,$4004_vol,4
3815,$4008_linear,127
3815,$400C_const,1
3815,$400C_vol,0
3815,$400E_period,13
3815,$400E_mode,0
3816,$4000_duty,1
3816,$4000_const,1
3816,$4000_vol,6
3816,$4004_duty,2
3816,$4004_const,1
3816,$4004_vol,2
3816,$4008_linear,127
3817,$4000_duty,1
3817,$4000_const,1
3817,$4000_vol,6
3817,$4004_duty,2
3817,$4004_const,1
3817,$4004_vol,0
3817,$4008_linear,127
3818,$4000_duty,1
3818,$4000_const,1
3818,$4000_vol,6
3818,$4004_duty,2
3818,$4004_const,1
3818,$4004_vol,0
3818,$4008_linear,127
3819,$4000_duty,1
3819,$4000_const,1
3819,$4000_vol,5
3819,$4004_duty,2
3819,$4004_const,1
3819,$4004_vol,2
3819,$4008_linear,0
3820,$4000_duty,1
3820,$4000_const,1
3820,$4000_vol,5
3820,$4004_duty,2
3820,$4004_const,1
3820,$4004_vol,4
3820,$4008_linear,0
3821,$4000_duty,1
3821,$4000_const,1
3821,$4000_vol,5
3821,$4004_duty,2
3821,$4004_const,1
3821,$4004_vol,6
3822,$4000_duty,1
3822,$4000_const,1
3822,$4000_vol,5
3822,$4004_duty,2
3822,$4004_const,1
3822,$4004_vol,8
3822,$4008_linear,127
3822,$400A_period,719
3822,$400B_length,9
3822,$400C_const,1
3822,$400C_vol,12
3822,$400E_period,13
3822,$400E_mode,0
3823,$4000_duty,1
3823,$4000_const,1
3823,$4000_vol,5
3823,$4004_duty,2
3823,$4004_const,1
3823,$4004_vol,9
3823,$4008_linear,127
3823,$400C_const,1
3823,$400C_vol,9
3823,$400E_period,13
3823,$400E_mode,0
3824,$4000_duty,1
3824,$4000_const,1
3824,$4000_vol,5
3824,$4004_duty,2
3824,$4004_const,1
3824,$4004_vol,11
3824,$4008_linear,127
3824,$400C_const,1
3824,$400C_vol,6
3824,$400E_period,13
3824,$400E_mode,0
3825,$4000_duty,1
3825,$4000_const,1
3825,$4000_vol,5
3825,$4004_duty,2
3825,$4004_const,1
3825,$4004_vol,13
3825,$4008_linear,127
3825,$400C_const,1
3825,$400C_vol,3
3825,$400E_period,13
3825,$400E_mode,0
3826,$4000_duty,1
3826,$4000_const,1
3826,$4000_vol,5
3826,$4004_duty,2
3826,$4004_const,1
3826,$4004_vol,15
3826,$4008_linear,127
3826,$400C_const,1
3826,$400C_vol,0
3826,$400E_period,13
3826,$400E_mode,0
3827,$4000_duty,1
3827,$4000_const,1
3827,$4000_vol,4
3827,$4004_duty,2
3827,$4004_const,1
3827,$4004_vol,14
3827,$4008_linear,127
3827,$400C_const,1
3827,$400C_vol,0
3827,$400E_period,13
3827,$400E_mode,0
3828,$4000_duty,1
3828,$4000_const,1
3828,$4000_vol,4
3828,$4004_duty,2
3828,$4004_const,1
3828,$4004_vol,12
3828,$4008_linear,127
3828,$400C_const,1
3828,$400C_vol,0
3828,$400E_period,13
3828,$400E_mode,0
3829,$4000_duty,1
3829,$4000_const,1
3829,$4000_vol,4
3829,$4004_duty,2
3829,$4004_const,1
3829,$4004_vol,11
3829,$4008_linear,127
3829,$400C_const,1
3829,$400C_vol,0
3829,$400E_period,13
3829,$400E_mode,0
3830,$4000_duty,1
3830,$4000_const,1
3830,$4000_vol,4
3830,$4004_duty,2
3830,$4004_const,1
3830,$4004_vol,9
3830,$4008_linear,127
3830,$400C_const,1
3830,$400C_vol,12
3830,$400E_period,8
3830,$400E_mode,0
3831,$4000_duty,1
3831,$4000_const,1
3831,$4000_vol,4
3831,$4004_duty,2
3831,$4004_const,1
3831,$4004_vol,7
3831,$4008_linear,127
3831,$400C_const,1
3831,$400C_vol,9
3831,$400E_period,8
3831,$400E_mode,0
3832,$4000_duty,1
3832,$4000_const,1
3832,$4000_vol,4
3832,$4004_duty,2
3832,$4004_const,1
3832,$4004_vol,5
3832,$4008_linear,127
3832,$400C_const,1
3832,$400C_vol,6
3832,$400E_period,8
3832,$400E_mode,0
3833,$4000_duty,1
3833,$4000_const,1
3833,$4000_vol,4
3833,$4004_duty,2
3833,$4004_const,1
3833,$4004_vol,3
3833,$4008_linear,127
3833,$400C_const,1
3833,$400C_vol,3
3833,$400E_period,8
3833,$400E_mode,0
3834,$4004_duty,0
3834,$4004_const,1
3834,$4004_vol,0
3834,$4001_sweep,8
3834,$4005_sweep,8
3834,$4000_duty,1
3834,$4000_const,1
3834,$4000_vol,4
3834,$4004_duty,2
3834,$4004_const,1
3834,$4004_vol,4
3834,$4006_period,1141
3834,$4008_linear,0
3834,$400C_const,1
3834,$400C_vol,0
3834,$400E_period,8
3834,$400E_mode,0
3835,$4000_duty,1
3835,$4000_const,1
3835,$4000_vol,3
3835,$4004_duty,2
3835,$4004_const,1
3835,$4004_vol,3
3835,$4008_linear,0
3835,$400C_const,1
3835,$400C_vol,0
3835,$400E_period,8
3835,$400E_mode,0
3836,$4000_duty,1
3836,$4000_const,1
3836,$4000_vol,3
3836,$4004_duty,2
3836,$4004_const,1
3836,$4004_vol,3
3836,$400C_const,1
3836,$400C_vol,0
3836,$400E_period,8
3836,$400E_mode,0
3837,$4000_duty,1
3837,$4000_const,1
3837,$4000_vol,3
3837,$4004_duty,2
3837,$4004_const,1
3837,$4004_vol,3
3837,$4008_linear,127
3837,$400A_period,719
3837,$400B_length,9
3837,$400C_const,1
3837,$400C_vol,12
3837,$400E_period,13
3837,$400E_mode,0
3838,$4000_duty,1
3838,$4000_const,1
3838,$4000_vol,3
3838,$4004_duty,2
3838,$4004_const,1
3838,$4004_vol,3
3838,$4008_linear,127
3838,$400C_const,1
3838,$400C_vol,9
3838,$400E_period,13
3838,$400E_mode,0
3839,$4000_duty,1
3839,$4000_const,1
3839,$4000_vol,3
3839,$4004_duty,2
3839,$4004_const,1
3839,$4004_vol,3
3839,$4008_linear,127
3839,$400C_const,1
3839,$400C_vol,6
3839,$400E_period,13
3839,$400E_mode,0
3840,$4000_duty,1
3840,$4000_const,1
3840,$4000_vol,3
3840,$4004_duty,2
3840,$4004_const,1
3840,$4004_vol,3
3840,$4008_linear,127
3840,$400C_const,1
3840,$400C_vol,3
3840,$400E_period,13
3840,$400E_mode,0
3841,$4000_duty,1
3841,$4000_const,1
3841,$4000_vol,3
3841,$4004_duty,2
3841,$4004_const,1
3841,$4004_vol,3
3841,$4008_linear,127
3841,$400C_const,1
3841,$400C_vol,0
3841,$400E_period,13
3841,$400E_mode,0
3842,$4000_duty,1
3842,$4000_const,1
3842,$4000_vol,3
3842,$4004_duty,2
3842,$4004_const,1
3842,$4004_vol,3
3842,$4008_linear,127
3842,$400C_const,1
3842,$400C_vol,0
3842,$400E_period,13
3842,$400E_mode,0
3843,$4000_duty,1
3843,$4000_const,1
3843,$4000_vol,2
3843,$4004_duty,2
3843,$4004_const,1
3843,$4004_vol,2
3843,$4008_linear,0
3843,$400C_const,1
3843,$400C_vol,0
3843,$400E_period,13
3843,$400E_mode,0
3844,$4000_duty,1
3844,$4000_const,1
3844,$4000_vol,2
3844,$4004_duty,2
3844,$4004_const,1
3844,$4004_vol,2
3844,$4008_linear,0
3844,$400C_const,1
3844,$400C_vol,0
3844,$400E_period,13
3844,$400E_mode,0
3845,$4000_duty,1
3845,$4000_const,1
3845,$4000_vol,2
3845,$4004_duty,2
3845,$4004_const,1
3845,$4004_vol,2
3845,$4008_linear,127
3845,$400A_period,719
3845,$400B_length,9
3845,$400C_const,1
3845,$400C_vol,12
3845,$400E_period,13
3845,$400E_mode,0
3846,$4000_duty,1
3846,$4000_const,1
3846,$4000_vol,2
3846,$4004_duty,2
3846,$4004_const,1
3846,$4004_vol,2
3846,$4008_linear,127
3846,$400C_const,1
3846,$400C_vol,9
3846,$400E_period,13
3846,$400E_mode,0
3847,$4000_duty,1
3847,$4000_const,1
3847,$4000_vol,2
3847,$4004_duty,2
3847,$4004_const,1
3847,$4004_vol,2
3847,$4008_linear,127
3847,$400C_const,1
3847,$400C_vol,6
3847,$400E_period,13
3847,$400E_mode,0
3848,$4000_duty,1
3848,$4000_const,1
3848,$4000_vol,2
3848,$4004_duty,2
3848,$4004_const,1
3848,$4004_vol,2
3848,$4008_linear,127
3848,$400C_const,1
3848,$400C_vol,3
3848,$400E_period,13
3848,$400E_mode,0
3849,$4000_duty,1
3849,$4000_const,1
3849,$4000_vol,2
3849,$4004_duty,2
3849,$4004_const,1
3849,$4004_vol,2
3849,$4008_linear,127
3849,$400C_const,1
3849,$400C_vol,0
3849,$400E_period,13
3849,$400E_mode,0
3850,$4004_duty,0
3850,$4004_const,1
3850,$4004_vol,0
3850,$4001_sweep,8
3850,$4005_sweep,8
3850,$4000_duty,1
3850,$4000_const,1
3850,$4000_vol,2
3850,$4008_linear,127
3850,$400C_const,1
3850,$400C_vol,0
3850,$400E_period,13
3850,$400E_mode,0
3851,$4000_duty,1
3851,$4000_const,1
3851,$4000_vol,1
3851,$4004_duty,2
3851,$4004_const,1
3851,$4004_vol,15
3851,$4006_period,227
3851,$4008_linear,127
3851,$400C_const,1
3851,$400C_vol,0
3851,$400E_period,13
3851,$400E_mode,0
3852,$4000_duty,1
3852,$4000_const,1
3852,$4000_vol,0
3852,$4004_duty,2
3852,$4004_const,1
3852,$4004_vol,14
3852,$4008_linear,127
3852,$400C_const,1
3852,$400C_vol,0
3852,$400E_period,13
3852,$400E_mode,0
3853,$4000_duty,1
3853,$4000_const,1
3853,$4000_vol,0
3853,$4004_duty,2
3853,$4004_const,1
3853,$4004_vol,14
3853,$4008_linear,127
3854,$4000_duty,1
3854,$4000_const,1
3854,$4000_vol,0
3854,$4004_duty,2
3854,$4004_const,1
3854,$4004_vol,14
3854,$4008_linear,127
3855,$4000_duty,1
3855,$4000_const,1
3855,$4000_vol,0
3855,$4004_duty,2
3855,$4004_const,1
3855,$4004_vol,13
3855,$4008_linear,127
3856,$4000_duty,1
3856,$4000_const,1
3856,$4000_vol,0
3856,$4004_duty,2
3856,$4004_const,1
3856,$4004_vol,13
3856,$4008_linear,127
3857,$4000_duty,1
3857,$4000_const,1
3857,$4000_vol,0
3857,$4004_duty,2
3857,$4004_const,1
3857,$4004_vol,13
3857,$4008_linear,0
3858,$4000_duty,1
3858,$4000_const,1
3858,$4000_vol,0
3858,$4004_duty,2
3858,$4004_const,1
3858,$4004_vol,12
3859,$4000_duty,1
3859,$4000_const,1
3859,$4000_vol,0
3859,$4004_duty,2
3859,$4004_const,1
3859,$4004_vol,12
3860,$4004_duty,2
3860,$4004_const,1
3860,$4004_vol,12
3860,$4008_linear,127
3860,$400A_period,719
3860,$400B_length,9
3860,$400C_const,1
3860,$400C_vol,12
3860,$400E_period,8
3860,$400E_mode,0
3861,$4004_duty,0
3861,$4004_const,1
3861,$4004_vol,0
3861,$4001_sweep,8
3861,$4005_sweep,8
3861,$4008_linear,127
3861,$400C_const,1
3861,$400C_vol,9
3861,$400E_period,8
3861,$400E_mode,0
3862,$4008_linear,127
3862,$400C_const,1
3862,$400C_vol,6
3862,$400E_period,8
3862,$400E_mode,0
3863,$4008_linear,127
3863,$400C_const,1
3863,$400C_vol,3
3863,$400E_period,8
3863,$400E_mode,0
3864,$4008_linear,127
3864,$400C_const,1
3864,$400C_vol,0
3864,$400E_period,8
3864,$400E_mode,0
3865,$4008_linear,127
3865,$400C_const,1
3865,$400C_vol,0
3865,$400E_period,8
3865,$400E_mode,0
3866,$4008_linear,127
3866,$400C_const,1
3866,$400C_vol,0
3866,$400E_period,8
3866,$400E_mode,0
3867,$4008_linear,127
3867,$400C_const,1
3867,$400C_vol,0
3867,$400E_period,8
3867,$400E_mode,0
3868,$4008_linear,127
3868,$400C_const,1
3868,$400C_vol,0
3868,$400E_period,8
3868,$400E_mode,0
3869,$4008_linear,127
3870,$4008_linear,127
3871,$4008_linear,127
3872,$4008_linear,0
3873,$4008_linear,0
3875,$4000_duty,1
3875,$4000_const,1
3875,$4000_vol,12
3875,$4002_period,481
3875,$400B_length,8
3875,$4004_duty,2
3875,$4004_const,1
3875,$4004_vol,12
3875,$4006_period,571
3875,$4008_linear,127
3875,$400A_period,719
3875,$400B_length,9
3875,$400C_const,1
3875,$400C_vol,12
3875,$400E_period,13
3875,$400E_mode,0
3876,$4000_duty,1
3876,$4000_const,1
3876,$4000_vol,11
3876,$4004_duty,2
3876,$4004_const,1
3876,$4004_vol,11
3876,$4008_linear,127
3876,$400C_const,1
3876,$400C_vol,9
3876,$400E_period,13
3876,$400E_mode,0
3877,$4000_duty,1
3877,$4000_const,1
3877,$4000_vol,11
3877,$4004_duty,2
3877,$4004_const,1
3877,$4004_vol,11
3877,$4008_linear,127
3877,$400C_const,1
3877,$400C_vol,6
3877,$400E_period,13
3877,$400E_mode,0
3878,$4000_duty,1
3878,$4000_const,1
3878,$4000_vol,11
3878,$4004_duty,2
3878,$4004_const,1
3878,$4004_vol,11
3878,$4008_linear,127
3878,$400C_const,1
3878,$400C_vol,3
3878,$400E_period,13
3878,$400E_mode,0
3879,$4000_duty,1
3879,$4000_const,1
3879,$4000_vol,11
3879,$4004_duty,2
3879,$4004_const,1
3879,$4004_vol,11
3879,$4008_linear,127
3879,$400C_const,1
3879,$400C_vol,0
3879,$400E_period,13
3879,$400E_mode,0
3880,$4000_duty,1
3880,$4000_const,1
3880,$4000_vol,11
3880,$4004_duty,2
3880,$4004_const,1
3880,$4004_vol,11
3880,$4008_linear,127
3880,$400C_const,1
3880,$400C_vol,0
3880,$400E_period,13
3880,$400E_mode,0
3881,$4000_duty,1
3881,$4000_const,1
3881,$4000_vol,11
3881,$4004_duty,2
3881,$4004_const,1
3881,$4004_vol,11
3881,$4008_linear,127
3881,$400C_const,1
3881,$400C_vol,0
3881,$400E_period,13
3881,$400E_mode,0
3882,$4000_duty,1
3882,$4000_const,1
3882,$4000_vol,11
3882,$4004_duty,2
3882,$4004_const,1
3882,$4004_vol,11
3882,$4008_linear,127
3882,$400C_const,1
3882,$400C_vol,0
3882,$400E_period,13
3882,$400E_mode,0
3883,$4000_duty,1
3883,$4000_const,1
3883,$4000_vol,11
3883,$4004_duty,2
3883,$4004_const,1
3883,$4004_vol,11
3883,$4008_linear,127
3883,$400C_const,1
3883,$400C_vol,0
3883,$400E_period,13
3883,$400E_mode,0
3884,$4000_duty,1
3884,$4000_const,1
3884,$4000_vol,10
3884,$4004_duty,2
3884,$4004_const,1
3884,$4004_vol,10
3884,$4008_linear,127
3884,$400C_const,1
3884,$400C_vol,0
3884,$400E_period,13
3884,$400E_mode,0
3885,$4000_duty,1
3885,$4000_const,1
3885,$4000_vol,10
3885,$4004_duty,2
3885,$4004_const,1
3885,$4004_vol,10
3885,$4008_linear,127
3885,$400C_const,1
3885,$400C_vol,0
3885,$400E_period,13
3885,$400E_mode,0
3886,$4000_duty,1
3886,$4000_const,1
3886,$4000_vol,10
3886,$4004_duty,2
3886,$4004_const,1
3886,$4004_vol,10
3886,$4008_linear,127
3886,$400C_const,1
3886,$400C_vol,0
3886,$400E_period,13
3886,$400E_mode,0
3887,$4000_duty,1
3887,$4000_const,1
3887,$4000_vol,10
3887,$4004_duty,2
3887,$4004_const,1
3887,$4004_vol,10
3887,$4008_linear,0
3887,$400C_const,1
3887,$400C_vol,0
3887,$400E_period,13
3887,$400E_mode,0
3888,$4000_duty,1
3888,$4000_const,1
3888,$4000_vol,10
3888,$4004_duty,2
3888,$4004_const,1
3888,$4004_vol,10
3888,$4008_linear,0
3888,$400C_const,1
3888,$400C_vol,0
3888,$400E_period,13
3888,$400E_mode,0
3889,$4000_duty,1
3889,$4000_const,1
3889,$4000_vol,10
3889,$4004_duty,2
3889,$4004_const,1
3889,$4004_vol,10
3889,$400C_const,1
3889,$400C_vol,0
3889,$400E_period,13
3889,$400E_mode,0
3890,$4000_duty,1
3890,$4000_const,1
3890,$4000_vol,10
3890,$4004_duty,2
3890,$4004_const,1
3890,$4004_vol,10
3890,$4008_linear,127
3890,$400A_period,719
3890,$400B_length,9
3890,$400C_const,1
3890,$400C_vol,12
3890,$400E_period,8
3890,$400E_mode,0
3891,$4000_duty,1
3891,$4000_const,1
3891,$4000_vol,10
3891,$4004_duty,2
3891,$4004_const,1
3891,$4004_vol,10
3891,$4008_linear,127
3891,$400C_const,1
3891,$400C_vol,9
3891,$400E_period,8
3891,$400E_mode,0
3892,$4000_duty,1
3892,$4000_const,1
3892,$4000_vol,9
3892,$4004_duty,2
3892,$4004_const,1
3892,$4004_vol,9
3892,$4008_linear,127
3892,$400C_const,1
3892,$400C_vol,6
3892,$400E_period,8
3892,$400E_mode,0
3893,$4000_duty,1
3893,$4000_const,1
3893,$4000_vol,9
3893,$4004_duty,2
3893,$4004_const,1
3893,$4004_vol,9
3893,$4008_linear,127
3893,$400C_const,1
3893,$400C_vol,3
3893,$400E_period,8
3893,$400E_mode,0
3894,$4000_duty,1
3894,$4000_const,1
3894,$4000_vol,9
3894,$4004_duty,2
3894,$4004_const,1
3894,$4004_vol,9
3894,$4008_linear,127
3894,$400C_const,1
3894,$400C_vol,0
3894,$400E_period,8
3894,$400E_mode,0
3895,$4000_duty,1
3895,$4000_const,1
3895,$4000_vol,9
3895,$4004_duty,2
3895,$4004_const,1
3895,$4004_vol,9
3895,$4008_linear,127
3895,$400C_const,1
3895,$400C_vol,0
3895,$400E_period,8
3895,$400E_mode,0
3896,$4000_duty,1
3896,$4000_const,1
3896,$4000_vol,9
3896,$4004_duty,2
3896,$4004_const,1
3896,$4004_vol,9
3896,$4008_linear,127
3896,$400C_const,1
3896,$400C_vol,0
3896,$400E_period,8
3896,$400E_mode,0
3897,$4000_duty,1
3897,$4000_const,1
3897,$4000_vol,9
3897,$4004_duty,2
3897,$4004_const,1
3897,$4004_vol,9
3897,$4008_linear,127
3897,$400C_const,1
3897,$400C_vol,0
3897,$400E_period,8
3897,$400E_mode,0
3898,$4000_duty,1
3898,$4000_const,1
3898,$4000_vol,9
3898,$4004_duty,2
3898,$4004_const,1
3898,$4004_vol,9
3898,$4008_linear,127
3898,$400C_const,1
3898,$400C_vol,0
3898,$400E_period,8
3898,$400E_mode,0
3899,$4000_duty,1
3899,$4000_const,1
3899,$4000_vol,9
3899,$4004_duty,2
3899,$4004_const,1
3899,$4004_vol,9
3899,$4008_linear,127
3899,$400C_const,1
3899,$400C_vol,0
3899,$400E_period,8
3899,$400E_mode,0
3900,$4000_duty,1
3900,$4000_const,1
3900,$4000_vol,8
3900,$4004_duty,2
3900,$4004_const,1
3900,$4004_vol,8
3900,$4008_linear,127
3900,$400C_const,1
3900,$400C_vol,0
3900,$400E_period,8
3900,$400E_mode,0
3901,$4000_duty,1
3901,$4000_const,1
3901,$4000_vol,8
3901,$4004_duty,2
3901,$4004_const,1
3901,$4004_vol,8
3901,$4008_linear,127
3901,$400C_const,1
3901,$400C_vol,0
3901,$400E_period,8
3901,$400E_mode,0
3902,$4000_duty,1
3902,$4000_const,1
3902,$4000_vol,8
3902,$4004_duty,2
3902,$4004_const,1
3902,$4004_vol,8
3902,$4008_linear,0
3902,$400C_const,1
3902,$400C_vol,0
3902,$400E_period,8
3902,$400E_mode,0
3903,$4000_duty,1
3903,$4000_const,1
3903,$4000_vol,8
3903,$4004_duty,2
3903,$4004_const,1
3903,$4004_vol,8
3903,$4008_linear,0
3903,$400C_const,1
3903,$400C_vol,0
3903,$400E_period,8
3903,$400E_mode,0
3904,$4000_duty,1
3904,$4000_const,1
3904,$4000_vol,8
3904,$4004_duty,2
3904,$4004_const,1
3904,$4004_vol,8
3904,$400C_const,1
3904,$400C_vol,0
3904,$400E_period,8
3904,$400E_mode,0
3905,$4000_duty,1
3905,$4000_const,1
3905,$4000_vol,8
3905,$4004_duty,2
3905,$4004_const,1
3905,$4004_vol,8
3905,$4008_linear,127
3905,$400A_period,719
3905,$400B_length,9
3905,$400C_const,1
3905,$400C_vol,12
3905,$400E_period,13
3905,$400E_mode,0
3906,$4000_duty,1
3906,$4000_const,1
3906,$4000_vol,8
3906,$4004_duty,2
3906,$4004_const,1
3906,$4004_vol,8
3906,$4008_linear,127
3906,$400C_const,1
3906,$400C_vol,9
3906,$400E_period,13
3906,$400E_mode,0
3907,$4000_duty,1
3907,$4000_const,1
3907,$4000_vol,8
3907,$4004_duty,2
3907,$4004_const,1
3907,$4004_vol,8
3907,$4008_linear,127
3907,$400C_const,1
3907,$400C_vol,6
3907,$400E_period,13
3907,$400E_mode,0
3908,$4000_duty,1
3908,$4000_const,1
3908,$4000_vol,7
3908,$4004_duty,2
3908,$4004_const,1
3908,$4004_vol,7
3908,$4008_linear,127
3908,$400C_const,1
3908,$400C_vol,3
3908,$400E_period,13
3908,$400E_mode,0
3909,$4000_duty,1
3909,$4000_const,1
3909,$4000_vol,7
3909,$4004_duty,2
3909,$4004_const,1
3909,$4004_vol,7
3909,$4008_linear,127
3909,$400C_const,1
3909,$400C_vol,0
3909,$400E_period,13
3909,$400E_mode,0
3910,$4000_duty,1
3910,$4000_const,1
3910,$4000_vol,7
3910,$4004_duty,2
3910,$4004_const,1
3910,$4004_vol,7
3910,$4008_linear,127
3910,$400C_const,1
3910,$400C_vol,0
3910,$400E_period,13
3910,$400E_mode,0
3911,$4000_duty,1
3911,$4000_const,1
3911,$4000_vol,7
3911,$4004_duty,2
3911,$4004_const,1
3911,$4004_vol,7
3911,$4008_linear,127
3911,$400C_const,1
3911,$400C_vol,0
3911,$400E_period,13
3911,$400E_mode,0
3912,$4000_duty,1
3912,$4000_const,1
3912,$4000_vol,7
3912,$4004_duty,2
3912,$4004_const,1
3912,$4004_vol,7
3912,$4008_linear,127
3912,$400C_const,1
3912,$400C_vol,0
3912,$400E_period,13
3912,$400E_mode,0
3913,$4000_duty,1
3913,$4000_const,1
3913,$4000_vol,7
3913,$4004_duty,2
3913,$4004_const,1
3913,$4004_vol,7
3913,$4008_linear,127
3913,$400C_const,1
3913,$400C_vol,0
3913,$400E_period,13
3913,$400E_mode,0
3914,$4000_duty,1
3914,$4000_const,1
3914,$4000_vol,7
3914,$4004_duty,2
3914,$4004_const,1
3914,$4004_vol,7
3914,$4008_linear,127
3914,$400C_const,1
3914,$400C_vol,0
3914,$400E_period,13
3914,$400E_mode,0
3915,$4000_duty,1
3915,$4000_const,1
3915,$4000_vol,7
3915,$4004_duty,2
3915,$4004_const,1
3915,$4004_vol,7
3915,$4008_linear,127
3915,$400C_const,1
3915,$400C_vol,0
3915,$400E_period,13
3915,$400E_mode,0
3916,$4000_duty,1
3916,$4000_const,1
3916,$4000_vol,6
3916,$4004_duty,2
3916,$4004_const,1
3916,$4004_vol,6
3916,$4008_linear,127
3916,$400C_const,1
3916,$400C_vol,0
3916,$400E_period,13
3916,$400E_mode,0
3917,$4000_duty,1
3917,$4000_const,1
3917,$4000_vol,6
3917,$4004_duty,2
3917,$4004_const,1
3917,$4004_vol,6
3917,$4008_linear,127
3917,$400C_const,1
3917,$400C_vol,0
3917,$400E_period,13
3917,$400E_mode,0
3918,$4000_duty,1
3918,$4000_const,1
3918,$4000_vol,6
3918,$4004_duty,2
3918,$4004_const,1
3918,$4004_vol,6
3918,$4008_linear,127
3918,$400C_const,1
3918,$400C_vol,0
3918,$400E_period,13
3918,$400E_mode,0
3919,$4000_duty,1
3919,$4000_const,1
3919,$4000_vol,6
3919,$4004_duty,2
3919,$4004_const,1
3919,$4004_vol,6
3919,$4008_linear,127
3919,$400C_const,1
3919,$400C_vol,0
3919,$400E_period,13
3919,$400E_mode,0
3920,$4000_duty,1
3920,$4000_const,1
3920,$4000_vol,6
3920,$4004_duty,2
3920,$4004_const,1
3920,$4004_vol,6
3920,$4008_linear,127
3920,$400C_const,1
3920,$400C_vol,12
3920,$400E_period,8
3920,$400E_mode,0
3921,$4000_duty,1
3921,$4000_const,1
3921,$4000_vol,6
3921,$4004_duty,2
3921,$4004_const,1
3921,$4004_vol,6
3921,$4008_linear,127
3921,$400C_const,1
3921,$400C_vol,9
3921,$400E_period,8
3921,$400E_mode,0
3922,$4000_duty,1
3922,$4000_const,1
3922,$4000_vol,6
3922,$4004_duty,2
3922,$4004_const,1
3922,$4004_vol,6
3922,$4008_linear,127
3922,$400C_const,1
3922,$400C_vol,6
3922,$400E_period,8
3922,$400E_mode,0
3923,$4000_duty,1
3923,$4000_const,1
3923,$4000_vol,6
3923,$4004_duty,2
3923,$4004_const,1
3923,$4004_vol,6
3923,$4008_linear,0
3923,$400C_const,1
3923,$400C_vol,3
3923,$400E_period,8
3923,$400E_mode,0
3924,$4004_duty,0
3924,$4004_const,1
3924,$4004_vol,0
3924,$4001_sweep,8
3924,$4005_sweep,8
3924,$4000_duty,1
3924,$4000_const,1
3924,$4000_vol,5
3924,$4008_linear,0
3924,$400C_const,1
3924,$400C_vol,0
3924,$400E_period,8
3924,$400E_mode,0
3925,$4000_duty,1
3925,$4000_const,1
3925,$4000_vol,5
3925,$4004_duty,2
3925,$4004_const,1
3925,$4004_vol,15
3925,$4006_period,227
3925,$400C_const,1
3925,$400C_vol,0
3925,$400E_period,8
3925,$400E_mode,0
3926,$4000_duty,1
3926,$4000_const,1
3926,$4000_vol,5
3926,$4004_duty,2
3926,$4004_const,1
3926,$4004_vol,14
3926,$400C_const,1
3926,$400C_vol,0
3926,$400E_period,8
3926,$400E_mode,0
3927,$4000_duty,1
3927,$4000_const,1
3927,$4000_vol,5
3927,$4004_duty,2
3927,$4004_const,1
3927,$4004_vol,14
3927,$400C_const,1
3927,$400C_vol,0
3927,$400E_period,8
3927,$400E_mode,0
3928,$4000_duty,1
3928,$4000_const,1
3928,$4000_vol,5
3928,$4004_duty,2
3928,$4004_const,1
3928,$4004_vol,14
3928,$4008_linear,127
3928,$400A_period,719
3928,$400B_length,9
3928,$400C_const,1
3928,$400C_vol,12
3928,$400E_period,13
3928,$400E_mode,0
3929,$4000_duty,1
3929,$4000_const,1
3929,$4000_vol,5
3929,$4004_duty,2
3929,$4004_const,1
3929,$4004_vol,13
3929,$4008_linear,127
3929,$400C_const,1
3929,$400C_vol,9
3929,$400E_period,13
3929,$400E_mode,0
3930,$4000_duty,1
3930,$4000_const,1
3930,$4000_vol,5
3930,$4004_duty,2
3930,$4004_const,1
3930,$4004_vol,13
3930,$4008_linear,127
3930,$400C_const,1
3930,$400C_vol,6
3930,$400E_period,13
3930,$400E_mode,0
3931,$4000_duty,1
3931,$4000_const,1
3931,$4000_vol,5
3931,$4004_duty,2
3931,$4004_const,1
3931,$4004_vol,13
3931,$4008_linear,127
3931,$400C_const,1
3931,$400C_vol,3
3931,$400E_period,13
3931,$400E_mode,0
3932,$4000_duty,1
3932,$4000_const,1
3932,$4000_vol,4
3932,$4004_duty,2
3932,$4004_const,1
3932,$4004_vol,12
3932,$4008_linear,127
3932,$400C_const,1
3932,$400C_vol,0
3932,$400E_period,13
3932,$400E_mode,0
3933,$4000_duty,1
3933,$4000_const,1
3933,$4000_vol,4
3933,$4004_duty,2
3933,$4004_const,1
3933,$4004_vol,12
3933,$4008_linear,127
3933,$400C_const,1
3933,$400C_vol,0
3933,$400E_period,13
3933,$400E_mode,0
3934,$4000_duty,1
3934,$4000_const,1
3934,$4000_vol,4
3934,$4004_duty,2
3934,$4004_const,1
3934,$4004_vol,12
3934,$4008_linear,127
3934,$400C_const,1
3934,$400C_vol,0
3934,$400E_period,13
3934,$400E_mode,0
3935,$4004_duty,0
3935,$4004_const,1
3935,$4004_vol,0
3935,$4001_sweep,8
3935,$4005_sweep,8
3935,$4000_duty,1
3935,$4000_const,1
3935,$4000_vol,4
3935,$4004_duty,2
3935,$4004_const,1
3935,$4004_vol,4
3935,$4006_period,571
3935,$4008_linear,127
3935,$400C_const,1
3935,$400C_vol,0
3935,$400E_period,13
3935,$400E_mode,0
3936,$4000_duty,1
3936,$4000_const,1
3936,$4000_vol,4
3936,$4004_duty,2
3936,$4004_const,1
3936,$4004_vol,4
3936,$4008_linear,127
3937,$4000_duty,1
3937,$4000_const,1
3937,$4000_vol,4
3937,$4004_duty,2
3937,$4004_const,1
3937,$4004_vol,4
3937,$4008_linear,127
3938,$4000_duty,1
3938,$4000_const,1
3938,$4000_vol,4
3938,$4004_duty,2
3938,$4004_const,1
3938,$4004_vol,4
3938,$4008_linear,127
3939,$4000_duty,1
3939,$4000_const,1
3939,$4000_vol,4
3939,$4004_duty,2
3939,$4004_const,1
3939,$4004_vol,4
3939,$4008_linear,0
3940,$4000_duty,1
3940,$4000_const,1
3940,$4000_vol,3
3940,$4004_duty,2
3940,$4004_const,1
3940,$4004_vol,3
3940,$4008_linear,0
3941,$4000_duty,1
3941,$4000_const,1
3941,$4000_vol,3
3941,$4004_duty,2
3941,$4004_const,1
3941,$4004_vol,3
3942,$4000_duty,1
3942,$4000_const,1
3942,$4000_vol,3
3942,$4004_duty,2
3942,$4004_const,1
3942,$4004_vol,3
3943,$4000_duty,1
3943,$4000_const,1
3943,$4000_vol,3
3943,$4004_duty,2
3943,$4004_const,1
3943,$4004_vol,3
3943,$4008_linear,127
3943,$400A_period,719
3943,$400B_length,9
3943,$400C_const,1
3943,$400C_vol,12
3943,$400E_period,13
3943,$400E_mode,0
3944,$4000_duty,1
3944,$4000_const,1
3944,$4000_vol,3
3944,$4004_duty,2
3944,$4004_const,1
3944,$4004_vol,3
3944,$4008_linear,127
3944,$400C_const,1
3944,$400C_vol,9
3944,$400E_period,13
3944,$400E_mode,0
3945,$4000_duty,1
3945,$4000_const,1
3945,$4000_vol,3
3945,$4004_duty,2
3945,$4004_const,1
3945,$4004_vol,3
3945,$4008_linear,127
3945,$400C_const,1
3945,$400C_vol,6
3945,$400E_period,13
3945,$400E_mode,0
3946,$4000_duty,1
3946,$4000_const,1
3946,$4000_vol,3
3946,$4004_duty,2
3946,$4004_const,1
3946,$4004_vol,3
3946,$4008_linear,127
3946,$400C_const,1
3946,$400C_vol,3
3946,$400E_period,13
3946,$400E_mode,0
3947,$4000_duty,1
3947,$4000_const,1
3947,$4000_vol,3
3947,$4004_duty,2
3947,$4004_const,1
3947,$4004_vol,3
3947,$4008_linear,127
3947,$400C_const,1
3947,$400C_vol,0
3947,$400E_period,13
3947,$400E_mode,0
3948,$4000_duty,1
3948,$4000_const,1
3948,$4000_vol,2
3948,$4004_duty,2
3948,$4004_const,1
3948,$4004_vol,2
3948,$4008_linear,127
3948,$400C_const,1
3948,$400C_vol,0
3948,$400E_period,13
3948,$400E_mode,0
3949,$4000_duty,1
3949,$4000_const,1
3949,$4000_vol,2
3949,$4004_duty,2
3949,$4004_const,1
3949,$4004_vol,2
3949,$4008_linear,127
3949,$400C_const,1
3949,$400C_vol,0
3949,$400E_period,13
3949,$400E_mode,0
3950,$4000_duty,1
3950,$4000_const,1
3950,$4000_vol,2
3950,$4004_duty,2
3950,$4004_const,1
3950,$4004_vol,2
3950,$4008_linear,127
3950,$400C_const,1
3950,$400C_vol,12
3950,$400E_period,8
3950,$400E_mode,0
3951,$4000_duty,1
3951,$4000_const,1
3951,$4000_vol,2
3951,$4004_duty,2
3951,$4004_const,1
3951,$4004_vol,2
3951,$4008_linear,127
3951,$400C_const,1
3951,$400C_vol,9
3951,$400E_period,8
3951,$400E_mode,0
3952,$4000_duty,1
3952,$4000_const,1
3952,$4000_vol,2
3952,$4004_duty,2
3952,$4004_const,1
3952,$4004_vol,2
3952,$4008_linear,127
3952,$400C_const,1
3952,$400C_vol,6
3952,$400E_period,8
3952,$400E_mode,0
3953,$4000_duty,1
3953,$4000_const,1
3953,$4000_vol,2
3953,$4004_duty,2
3953,$4004_const,1
3953,$4004_vol,2
3953,$4008_linear,127
3953,$400C_const,1
3953,$400C_vol,3
3953,$400E_period,8
3953,$400E_mode,0
3954,$4000_duty,1
3954,$4000_const,1
3954,$4000_vol,2
3954,$4004_duty,2
3954,$4004_const,1
3954,$4004_vol,2
3954,$4008_linear,127
3954,$400C_const,1
3954,$400C_vol,0
3954,$400E_period,8
3954,$400E_mode,0
3955,$4000_duty,1
3955,$4000_const,1
3955,$4000_vol,2
3955,$4004_duty,2
3955,$4004_const,1
3955,$4004_vol,2
3955,$4008_linear,0
3955,$400C_const,1
3955,$400C_vol,0
3955,$400E_period,8
3955,$400E_mode,0
3956,$4000_duty,1
3956,$4000_const,1
3956,$4000_vol,1
3956,$4004_duty,2
3956,$4004_const,1
3956,$4004_vol,1
3956,$400C_const,1
3956,$400C_vol,0
3956,$400E_period,8
3956,$400E_mode,0
3957,$4000_duty,1
3957,$4000_const,1
3957,$4000_vol,1
3957,$4004_duty,2
3957,$4004_const,1
3957,$4004_vol,1
3957,$400C_const,1
3957,$400C_vol,0
3957,$400E_period,8
3957,$400E_mode,0
3958,$4000_duty,1
3958,$4000_const,1
3958,$4000_vol,1
3958,$4004_duty,2
3958,$4004_const,1
3958,$4004_vol,1
3958,$4008_linear,127
3958,$400A_period,719
3958,$400B_length,9
3958,$400C_const,1
3958,$400C_vol,12
3958,$400E_period,13
3958,$400E_mode,0
3959,$4000_duty,1
3959,$4000_const,1
3959,$4000_vol,1
3959,$4004_duty,2
3959,$4004_const,1
3959,$4004_vol,1
3959,$4008_linear,127
3959,$400C_const,1
3959,$400C_vol,9
3959,$400E_period,13
3959,$400E_mode,0
3960,$4000_duty,1
3960,$4000_const,1
3960,$4000_vol,1
3960,$4004_duty,2
3960,$4004_const,1
3960,$4004_vol,1
3960,$4008_linear,127
3960,$400C_const,1
3960,$400C_vol,6
3960,$400E_period,13
3960,$400E_mode,0
3961,$4000_duty,1
3961,$4000_const,1
3961,$4000_vol,1
3961,$4004_duty,2
3961,$4004_const,1
3961,$4004_vol,1
3961,$4008_linear,127
3961,$400C_const,1
3961,$400C_vol,3
3961,$400E_period,13
3961,$400E_mode,0
3962,$4000_duty,1
3962,$4000_const,1
3962,$4000_vol,1
3962,$4004_duty,2
3962,$4004_const,1
3962,$4004_vol,1
3962,$4008_linear,127
3962,$400C_const,1
3962,$400C_vol,0
3962,$400E_period,13
3962,$400E_mode,0
3963,$4000_duty,1
3963,$4000_const,1
3963,$4000_vol,1
3963,$4004_duty,2
3963,$4004_const,1
3963,$4004_vol,1
3963,$4008_linear,127
3963,$400C_const,1
3963,$400C_vol,0
3963,$400E_period,13
3963,$400E_mode,0
3964,$4000_duty,1
3964,$4000_const,1
3964,$4000_vol,1
3964,$4004_duty,2
3964,$4004_const,1
3964,$4004_vol,0
3964,$4008_linear,0
3964,$400C_const,1
3964,$400C_vol,0
3964,$400E_period,13
3964,$400E_mode,0
3965,$4000_duty,1
3965,$4000_const,1
3965,$4000_vol,1
3965,$4004_duty,2
3965,$4004_const,1
3965,$4004_vol,0
3965,$4008_linear,127
3965,$400A_period,719
3965,$400B_length,9
3965,$400C_const,1
3965,$400C_vol,12
3965,$400E_period,13
3965,$400E_mode,0
3966,$4000_duty,1
3966,$4000_const,1
3966,$4000_vol,1
3966,$4004_duty,2
3966,$4004_const,1
3966,$4004_vol,0
3966,$4008_linear,127
3966,$400C_const,1
3966,$400C_vol,9
3966,$400E_period,13
3966,$400E_mode,0
3967,$4000_duty,1
3967,$4000_const,1
3967,$4000_vol,1
3967,$4004_duty,2
3967,$4004_const,1
3967,$4004_vol,0
3967,$4008_linear,127
3967,$400C_const,1
3967,$400C_vol,6
3967,$400E_period,13
3967,$400E_mode,0
3968,$4000_duty,1
3968,$4000_const,1
3968,$4000_vol,1
3968,$4004_duty,2
3968,$4004_const,1
3968,$4004_vol,0
3968,$4008_linear,127
3968,$400C_const,1
3968,$400C_vol,3
3968,$400E_period,13
3968,$400E_mode,0
3969,$4000_duty,1
3969,$4000_const,1
3969,$4000_vol,1
3969,$4004_duty,2
3969,$4004_const,1
3969,$4004_vol,0
3969,$4008_linear,127
3969,$400C_const,1
3969,$400C_vol,0
3969,$400E_period,13
3969,$400E_mode,0
3970,$4000_duty,1
3970,$4000_const,1
3970,$4000_vol,0
3970,$4004_duty,2
3970,$4004_const,1
3970,$4004_vol,0
3970,$4008_linear,127
3970,$400C_const,1
3970,$400C_vol,0
3970,$400E_period,13
3970,$400E_mode,0
3971,$4000_duty,1
3971,$4000_const,1
3971,$4000_vol,0
3971,$4008_linear,127
3971,$400C_const,1
3971,$400C_vol,0
3971,$400E_period,13
3971,$400E_mode,0
3972,$4000_duty,1
3972,$4000_const,1
3972,$4000_vol,0
3972,$4008_linear,127
3972,$400C_const,1
3972,$400C_vol,0
3972,$400E_period,13
3972,$400E_mode,0
3973,$4000_duty,1
3973,$4000_const,1
3973,$4000_vol,12
3973,$4002_period,481
3973,$400B_length,8
3973,$4008_linear,127
3973,$400C_const,1
3973,$400C_vol,0
3973,$400E_period,13
3973,$400E_mode,0
3974,$4000_duty,1
3974,$4000_const,1
3974,$4000_vol,11
3974,$4008_linear,127
3974,$400C_const,1
3974,$400C_vol,0
3974,$400E_period,13
3974,$400E_mode,0
3975,$4000_duty,1
3975,$4000_const,1
3975,$4000_vol,11
3975,$4008_linear,127
3975,$400C_const,1
3975,$400C_vol,0
3975,$400E_period,13
3975,$400E_mode,0
3976,$4000_duty,1
3976,$4000_const,1
3976,$4000_vol,11
3976,$4008_linear,127
3976,$400C_const,1
3976,$400C_vol,0
3976,$400E_period,13
3976,$400E_mode,0
3977,$4000_duty,1
3977,$4000_const,1
3977,$4000_vol,11
3977,$4008_linear,0
3977,$400C_const,1
3977,$400C_vol,0
3977,$400E_period,13
3977,$400E_mode,0
3978,$4000_duty,1
3978,$4000_const,1
3978,$4000_vol,10
3978,$4008_linear,0
3978,$400C_const,1
3978,$400C_vol,0
3978,$400E_period,13
3978,$400E_mode,0
3979,$4000_duty,1
3979,$4000_const,1
3979,$4000_vol,10
3979,$400C_const,1
3979,$400C_vol,0
3979,$400E_period,13
3979,$400E_mode,0
3980,$4000_duty,1
3980,$4000_const,1
3980,$4000_vol,12
3980,$4002_period,427
3980,$400B_length,8
3980,$4008_linear,127
3980,$400A_period,719
3980,$400B_length,9
3980,$400C_const,1
3980,$400C_vol,12
3980,$400E_period,8
3980,$400E_mode,0
3981,$4000_duty,1
3981,$4000_const,1
3981,$4000_vol,11
3981,$4008_linear,127
3981,$400C_const,1
3981,$400C_vol,9
3981,$400E_period,8
3981,$400E_mode,0
3982,$4000_duty,1
3982,$4000_const,1
3982,$4000_vol,11
3982,$4008_linear,127
3982,$400C_const,1
3982,$400C_vol,6
3982,$400E_period,8
3982,$400E_mode,0
3983,$4000_duty,1
3983,$4000_const,1
3983,$4000_vol,11
3983,$4008_linear,127
3983,$400C_const,1
3983,$400C_vol,3
3983,$400E_period,8
3983,$400E_mode,0
3984,$4000_duty,1
3984,$4000_const,1
3984,$4000_vol,11
3984,$4008_linear,127
3984,$400C_const,1
3984,$400C_vol,0
3984,$400E_period,8
3984,$400E_mode,0
3985,$4000_duty,1
3985,$4000_const,1
3985,$4000_vol,10
3985,$4008_linear,127
3985,$400C_const,1
3985,$400C_vol,0
3985,$400E_period,8
3985,$400E_mode,0
3986,$4000_duty,1
3986,$4000_const,1
3986,$4000_vol,10
3986,$4008_linear,127
3986,$400C_const,1
3986,$400C_vol,0
3986,$400E_period,8
3986,$400E_mode,0
3987,$4000_duty,1
3987,$4000_const,1
3987,$4000_vol,9
3987,$4008_linear,127
3987,$400C_const,1
3987,$400C_vol,0
3987,$400E_period,8
3987,$400E_mode,0
3988,$4000_duty,1
3988,$4000_const,1
3988,$4000_vol,12
3988,$4002_period,481
3988,$400B_length,8
3988,$4008_linear,127
3988,$400C_const,1
3988,$400C_vol,0
3988,$400E_period,8
3988,$400E_mode,0
3989,$4000_duty,1
3989,$4000_const,1
3989,$4000_vol,11
3989,$4008_linear,127
3989,$400C_const,1
3989,$400C_vol,0
3989,$400E_period,8
3989,$400E_mode,0
3990,$4000_duty,1
3990,$4000_const,1
3990,$4000_vol,11
3990,$4008_linear,127
3990,$400C_const,1
3990,$400C_vol,0
3990,$400E_period,8
3990,$400E_mode,0
3991,$4000_duty,1
3991,$4000_const,1
3991,$4000_vol,11
3991,$4008_linear,127
3991,$400C_const,1
3991,$400C_vol,0
3991,$400E_period,8
3991,$400E_mode,0
3992,$4000_duty,1
3992,$4000_const,1
3992,$4000_vol,11
3992,$4008_linear,0
3992,$400C_const,1
3992,$400C_vol,0
3992,$400E_period,8
3992,$400E_mode,0
3993,$4000_duty,1
3993,$4000_const,1
3993,$4000_vol,10
3993,$4008_linear,0
3993,$400C_const,1
3993,$400C_vol,0
3993,$400E_period,8
3993,$400E_mode,0
3994,$4000_duty,1
3994,$4000_const,1
3994,$4000_vol,10
3994,$400C_const,1
3994,$400C_vol,0
3994,$400E_period,8
3994,$400E_mode,0
3995,$4000_duty,1
3995,$4000_const,1
3995,$4000_vol,12
3995,$4002_period,509
3995,$400B_length,8
3995,$4004_duty,2
3995,$4004_const,1
3995,$4004_vol,12
3995,$4006_period,641
3995,$4008_linear,127
3995,$400A_period,719
3995,$400B_length,9
3995,$400C_const,1
3995,$400C_vol,12
3995,$400E_period,13
3995,$400E_mode,0
3996,$4000_duty,1
3996,$4000_const,1
3996,$4000_vol,11
3996,$4004_duty,2
3996,$4004_const,1
3996,$4004_vol,11
3996,$4008_linear,127
3996,$400C_const,1
3996,$400C_vol,9
3996,$400E_period,13
3996,$400E_mode,0
3997,$4000_duty,1
3997,$4000_const,1
3997,$4000_vol,11
3997,$4004_duty,2
3997,$4004_const,1
3997,$4004_vol,11
3997,$4008_linear,127
3997,$400C_const,1
3997,$400C_vol,6
3997,$400E_period,13
3997,$400E_mode,0
3998,$4000_duty,1
3998,$4000_const,1
3998,$4000_vol,11
3998,$4004_duty,2
3998,$4004_const,1
3998,$4004_vol,11
3998,$4008_linear,127
3998,$400C_const,1
3998,$400C_vol,3
3998,$400E_period,13
3998,$400E_mode,0
3999,$4000_duty,1
3999,$4000_const,1
3999,$4000_vol,11
3999,$4004_duty,2
3999,$4004_const,1
3999,$4004_vol,11
3999,$4008_linear,127
3999,$400C_const,1
3999,$400C_vol,0
3999,$400E_period,13
3999,$400E_mode,0
4000,$4000_duty,1
4000,$4000_const,1
4000,$4000_vol,10
4000,$4004_duty,2
4000,$4004_const,1
4000,$4004_vol,11
4000,$4008_linear,127
4000,$400C_const,1
4000,$400C_vol,0
4000,$400E_period,13
4000,$400E_mode,0
4001,$4000_duty,1
4001,$4000_const,1
4001,$4000_vol,10
4001,$4004_duty,2
4001,$4004_const,1
4001,$4004_vol,11
4001,$4008_linear,127
4001,$400C_const,1
4001,$400C_vol,0
4001,$400E_period,13
4001,$400E_mode,0
4002,$4000_duty,1
4002,$4000_const,1
4002,$4000_vol,9
4002,$4004_duty,2
4002,$4004_const,1
4002,$4004_vol,11
4002,$4008_linear,127
4002,$400C_const,1
4002,$400C_vol,0
4002,$400E_period,13
4002,$400E_mode,0
4003,$4000_duty,1
4003,$4000_const,1
4003,$4000_vol,9
4003,$4004_duty,2
4003,$4004_const,1
4003,$4004_vol,11
4003,$4008_linear,127
4003,$400C_const,1
4003,$400C_vol,0
4003,$400E_period,13
4003,$400E_mode,0
4004,$4000_duty,1
4004,$4000_const,1
4004,$4000_vol,8
4004,$4004_duty,2
4004,$4004_const,1
4004,$4004_vol,10
4004,$4008_linear,127
4004,$400C_const,1
4004,$400C_vol,0
4004,$400E_period,13
4004,$400E_mode,0
4005,$4000_duty,1
4005,$4000_const,1
4005,$4000_vol,7
4005,$4004_duty,2
4005,$4004_const,1
4005,$4004_vol,10
4005,$4008_linear,127
4005,$400C_const,1
4005,$400C_vol,0
4005,$400E_period,13
4005,$400E_mode,0
4006,$4000_duty,1
4006,$4000_const,1
4006,$4000_vol,7
4006,$4004_duty,2
4006,$4004_const,1
4006,$4004_vol,10
4006,$4008_linear,127
4006,$400C_const,1
4006,$400C_vol,0
4006,$400E_period,13
4006,$400E_mode,0
4007,$4000_duty,1
4007,$4000_const,1
4007,$4000_vol,6
4007,$4004_duty,2
4007,$4004_const,1
4007,$4004_vol,10
4007,$4008_linear,0
4007,$400C_const,1
4007,$400C_vol,0
4007,$400E_period,13
4007,$400E_mode,0
4008,$4000_duty,1
4008,$4000_const,1
4008,$4000_vol,5
4008,$4004_duty,2
4008,$4004_const,1
4008,$4004_vol,10
4008,$4008_linear,0
4008,$400C_const,1
4008,$400C_vol,0
4008,$400E_period,13
4008,$400E_mode,0
4009,$4000_duty,1
4009,$4000_const,1
4009,$4000_vol,5
4009,$4004_duty,2
4009,$4004_const,1
4009,$4004_vol,10
4009,$400C_const,1
4009,$400C_vol,0
4009,$400E_period,13
4009,$400E_mode,0
4010,$4000_duty,1
4010,$4000_const,1
4010,$4000_vol,4
4010,$4004_duty,2
4010,$4004_const,1
4010,$4004_vol,10
4010,$4008_linear,127
4010,$400A_period,719
4010,$400B_length,9
4010,$400C_const,1
4010,$400C_vol,12
4010,$400E_period,8
4010,$400E_mode,0
4011,$4000_duty,1
4011,$4000_const,1
4011,$4000_vol,4
4011,$4004_duty,2
4011,$4004_const,1
4011,$4004_vol,9
4011,$4008_linear,127
4011,$400C_const,1
4011,$400C_vol,9
4011,$400E_period,8
4011,$400E_mode,0
4012,$4000_duty,1
4012,$4000_const,1
4012,$4000_vol,3
4012,$4004_duty,2
4012,$4004_const,1
4012,$4004_vol,8
4012,$4008_linear,127
4012,$400C_const,1
4012,$400C_vol,6
4012,$400E_period,8
4012,$400E_mode,0
4013,$4000_duty,1
4013,$4000_const,1
4013,$4000_vol,2
4013,$4004_duty,2
4013,$4004_const,1
4013,$4004_vol,8
4013,$4008_linear,127
4013,$400C_const,1
4013,$400C_vol,3
4013,$400E_period,8
4013,$400E_mode,0
4014,$4000_duty,1
4014,$4000_const,1
4014,$4000_vol,2
4014,$4004_duty,2
4014,$4004_const,1
4014,$4004_vol,7
4014,$4008_linear,127
4014,$400C_const,1
4014,$400C_vol,0
4014,$400E_period,8
4014,$400E_mode,0
4015,$4000_duty,1
4015,$4000_const,1
4015,$4000_vol,1
4015,$4004_duty,2
4015,$4004_const,1
4015,$4004_vol,7
4015,$4008_linear,127
4015,$400C_const,1
4015,$400C_vol,0
4015,$400E_period,8
4015,$400E_mode,0
4016,$4000_duty,1
4016,$4000_const,1
4016,$4000_vol,0
4016,$4004_duty,2
4016,$4004_const,1
4016,$4004_vol,6
4016,$4008_linear,127
4016,$400C_const,1
4016,$400C_vol,0
4016,$400E_period,8
4016,$400E_mode,0
4017,$4000_duty,1
4017,$4000_const,1
4017,$4000_vol,0
4017,$4004_duty,2
4017,$4004_const,1
4017,$4004_vol,5
4017,$4008_linear,127
4017,$400C_const,1
4017,$400C_vol,0
4017,$400E_period,8
4017,$400E_mode,0
4018,$4000_duty,1
4018,$4000_const,1
4018,$4000_vol,12
4018,$4002_period,641
4018,$400B_length,9
4018,$4004_duty,2
4018,$4004_const,1
4018,$4004_vol,12
4018,$4006_period,1017
4018,$4008_linear,127
4018,$400C_const,1
4018,$400C_vol,0
4018,$400E_period,8
4018,$400E_mode,0
4019,$4000_duty,1
4019,$4000_const,1
4019,$4000_vol,11
4019,$4004_duty,2
4019,$4004_const,1
4019,$4004_vol,11
4019,$4008_linear,127
4019,$400C_const,1
4019,$400C_vol,0
4019,$400E_period,8
4019,$400E_mode,0
4020,$4000_duty,1
4020,$4000_const,1
4020,$4000_vol,11
4020,$4004_duty,2
4020,$4004_const,1
4020,$4004_vol,11
4020,$4008_linear,127
4020,$400C_const,1
4020,$400C_vol,0
4020,$400E_period,8
4020,$400E_mode,0
4021,$4000_duty,1
4021,$4000_const,1
4021,$4000_vol,11
4021,$4004_duty,2
4021,$4004_const,1
4021,$4004_vol,11
4021,$4008_linear,127
4021,$400C_const,1
4021,$400C_vol,0
4021,$400E_period,8
4021,$400E_mode,0
4022,$4000_duty,1
4022,$4000_const,1
4022,$4000_vol,11
4022,$4004_duty,2
4022,$4004_const,1
4022,$4004_vol,11
4022,$4008_linear,0
4022,$400C_const,1
4022,$400C_vol,0
4022,$400E_period,8
4022,$400E_mode,0
4023,$4004_duty,0
4023,$4004_const,1
4023,$4004_vol,0
4023,$4001_sweep,8
4023,$4005_sweep,8
4023,$4000_duty,1
4023,$4000_const,1
4023,$4000_vol,11
4023,$4008_linear,0
4023,$400C_const,1
4023,$400C_vol,0
4023,$400E_period,8
4023,$400E_mode,0
4024,$4000_duty,1
4024,$4000_const,1
4024,$4000_vol,11
4024,$4004_duty,2
4024,$4004_const,1
4024,$4004_vol,15
4024,$4006_period,227
4024,$400C_const,1
4024,$400C_vol,0
4024,$400E_period,8
4024,$400E_mode,0
4025,$4000_duty,1
4025,$4000_const,1
4025,$4000_vol,11
4025,$4004_duty,2
4025,$4004_const,1
4025,$4004_vol,14
4025,$4008_linear,127
4025,$400A_period,719
4025,$400B_length,9
4025,$400C_const,1
4025,$400C_vol,12
4025,$400E_period,13
4025,$400E_mode,0
4026,$4000_duty,1
4026,$4000_const,1
4026,$4000_vol,11
4026,$4004_duty,2
4026,$4004_const,1
4026,$4004_vol,14
4026,$4008_linear,127
4026,$400C_const,1
4026,$400C_vol,9
4026,$400E_period,13
4026,$400E_mode,0
4027,$4000_duty,1
4027,$4000_const,1
4027,$4000_vol,10
4027,$4004_duty,2
4027,$4004_const,1
4027,$4004_vol,14
4027,$4008_linear,127
4027,$400C_const,1
4027,$400C_vol,6
4027,$400E_period,13
4027,$400E_mode,0
4028,$4000_duty,1
4028,$4000_const,1
4028,$4000_vol,10
4028,$4004_duty,2
4028,$4004_const,1
4028,$4004_vol,13
4028,$4008_linear,127
4028,$400C_const,1
4028,$400C_vol,3
4028,$400E_period,13
4028,$400E_mode,0
4029,$4000_duty,1
4029,$4000_const,1
4029,$4000_vol,10
4029,$4004_duty,2
4029,$4004_const,1
4029,$4004_vol,13
4029,$4008_linear,127
4029,$400C_const,1
4029,$400C_vol,0
4029,$400E_period,13
4029,$400E_mode,0
4030,$4000_duty,1
4030,$4000_const,1
4030,$4000_vol,10
4030,$4004_duty,2
4030,$4004_const,1
4030,$4004_vol,13
4030,$4008_linear,127
4030,$400C_const,1
4030,$400C_vol,0
4030,$400E_period,13
4030,$400E_mode,0
4031,$4000_duty,1
4031,$4000_const,1
4031,$4000_vol,10
4031,$4004_duty,2
4031,$4004_const,1
4031,$4004_vol,12
4031,$4008_linear,127
4031,$400C_const,1
4031,$400C_vol,0
4031,$400E_period,13
4031,$400E_mode,0
4032,$4000_duty,1
4032,$4000_const,1
4032,$4000_vol,10
4032,$4004_duty,2
4032,$4004_const,1
4032,$4004_vol,12
4032,$4008_linear,127
4032,$400C_const,1
4032,$400C_vol,0
4032,$400E_period,13
4032,$400E_mode,0
4033,$4000_duty,1
4033,$4000_const,1
4033,$4000_vol,10
4033,$4004_duty,2
4033,$4004_const,1
4033,$4004_vol,12
4033,$4008_linear,127
4033,$400C_const,1
4033,$400C_vol,0
4033,$400E_period,13
4033,$400E_mode,0
4034,$4004_duty,0
4034,$4004_const,1
4034,$4004_vol,0
4034,$4001_sweep,8
4034,$4005_sweep,8
4034,$4000_duty,1
4034,$4000_const,1
4034,$4000_vol,10
4034,$4004_duty,2
4034,$4004_const,1
4034,$4004_vol,10
4034,$4006_period,1017
4034,$4008_linear,127
4034,$400C_const,1
4034,$400C_vol,0
4034,$400E_period,13
4034,$400E_mode,0
4035,$4000_duty,1
4035,$4000_const,1
4035,$4000_vol,9
4035,$4004_duty,2
4035,$4004_const,1
4035,$4004_vol,9
4035,$4008_linear,127
4035,$400C_const,1
4035,$400C_vol,0
4035,$400E_period,13
4035,$400E_mode,0
4036,$4000_duty,1
4036,$4000_const,1
4036,$4000_vol,9
4036,$4004_duty,2
4036,$4004_const,1
4036,$4004_vol,9
4036,$4008_linear,127
4036,$400C_const,1
4036,$400C_vol,0
4036,$400E_period,13
4036,$400E_mode,0
4037,$4000_duty,1
4037,$4000_const,1
4037,$4000_vol,9
4037,$4004_duty,2
4037,$4004_const,1
4037,$4004_vol,9
4037,$4008_linear,127
4037,$400C_const,1
4037,$400C_vol,0
4037,$400E_period,13
4037,$400E_mode,0
4038,$4000_duty,1
4038,$4000_const,1
4038,$4000_vol,9
4038,$4004_duty,2
4038,$4004_const,1
4038,$4004_vol,9
4038,$4008_linear,127
4038,$400C_const,1
4038,$400C_vol,0
4038,$400E_period,13
4038,$400E_mode,0
4039,$4000_duty,1
4039,$4000_const,1
4039,$4000_vol,9
4039,$4004_duty,2
4039,$4004_const,1
4039,$4004_vol,9
4039,$4008_linear,127
4039,$400C_const,1
4039,$400C_vol,0
4039,$400E_period,13
4039,$400E_mode,0
4040,$4000_duty,1
4040,$4000_const,1
4040,$4000_vol,9
4040,$4004_duty,2
4040,$4004_const,1
4040,$4004_vol,9
4040,$4008_linear,127
4040,$400C_const,1
4040,$400C_vol,12
4040,$400E_period,8
4040,$400E_mode,0
4041,$4000_duty,1
4041,$4000_const,1
4041,$4000_vol,9
4041,$4004_duty,2
4041,$4004_const,1
4041,$4004_vol,9
4041,$4008_linear,127
4041,$400C_const,1
4041,$400C_vol,9
4041,$400E_period,8
4041,$400E_mode,0
4042,$4000_duty,1
4042,$4000_const,1
4042,$4000_vol,9
4042,$4004_duty,2
4042,$4004_const,1
4042,$4004_vol,9
4042,$4008_linear,127
4042,$400C_const,1
4042,$400C_vol,6
4042,$400E_period,8
4042,$400E_mode,0
4043,$4000_duty,1
4043,$4000_const,1
4043,$4000_vol,8
4043,$4004_duty,2
4043,$4004_const,1
4043,$4004_vol,8
4043,$4008_linear,0
4043,$400C_const,1
4043,$400C_vol,3
4043,$400E_period,8
4043,$400E_mode,0
4044,$4000_duty,1
4044,$4000_const,1
4044,$4000_vol,8
4044,$4004_duty,2
4044,$4004_const,1
4044,$4004_vol,8
4044,$4008_linear,0
4044,$400C_const,1
4044,$400C_vol,0
4044,$400E_period,8
4044,$400E_mode,0
4045,$4000_duty,1
4045,$4000_const,1
4045,$4000_vol,8
4045,$4004_duty,2
4045,$4004_const,1
4045,$4004_vol,8
4045,$400C_const,1
4045,$400C_vol,0
4045,$400E_period,8
4045,$400E_mode,0
4046,$4000_duty,1
4046,$4000_const,1
4046,$4000_vol,8
4046,$4004_duty,2
4046,$4004_const,1
4046,$4004_vol,8
4046,$400C_const,1
4046,$400C_vol,0
4046,$400E_period,8
4046,$400E_mode,0
4047,$4000_duty,1
4047,$4000_const,1
4047,$4000_vol,8
4047,$4004_duty,2
4047,$4004_const,1
4047,$4004_vol,8
4047,$400C_const,1
4047,$400C_vol,0
4047,$400E_period,8
4047,$400E_mode,0
4048,$4000_duty,1
4048,$4000_const,1
4048,$4000_vol,8
4048,$4004_duty,2
4048,$4004_const,1
4048,$4004_vol,8
4048,$4008_linear,127
4048,$400A_period,719
4048,$400B_length,9
4048,$400C_const,1
4048,$400C_vol,12
4048,$400E_period,13
4048,$400E_mode,0
4049,$4000_duty,1
4049,$4000_const,1
4049,$4000_vol,8
4049,$4004_duty,2
4049,$4004_const,1
4049,$4004_vol,8
4049,$4008_linear,127
4049,$400C_const,1
4049,$400C_vol,9
4049,$400E_period,13
4049,$400E_mode,0
4050,$4000_duty,1
4050,$4000_const,1
4050,$4000_vol,8
4050,$4004_duty,2
4050,$4004_const,1
4050,$4004_vol,8
4050,$4008_linear,127
4050,$400C_const,1
4050,$400C_vol,6
4050,$400E_period,13
4050,$400E_mode,0
4051,$4000_duty,1
4051,$4000_const,1
4051,$4000_vol,7
4051,$4004_duty,2
4051,$4004_const,1
4051,$4004_vol,7
4051,$4008_linear,127
4051,$400C_const,1
4051,$400C_vol,3
4051,$400E_period,13
4051,$400E_mode,0
4052,$4000_duty,1
4052,$4000_const,1
4052,$4000_vol,7
4052,$4004_duty,2
4052,$4004_const,1
4052,$4004_vol,7
4052,$4008_linear,127
4052,$400C_const,1
4052,$400C_vol,0
4052,$400E_period,13
4052,$400E_mode,0
4053,$4000_duty,1
4053,$4000_const,1
4053,$4000_vol,7
4053,$4004_duty,2
4053,$4004_const,1
4053,$4004_vol,7
4053,$4008_linear,127
4053,$400C_const,1
4053,$400C_vol,0
4053,$400E_period,13
4053,$400E_mode,0
4054,$4000_duty,1
4054,$4000_const,1
4054,$4000_vol,7
4054,$4004_duty,2
4054,$4004_const,1
4054,$4004_vol,7
4054,$4008_linear,127
4054,$400C_const,1
4054,$400C_vol,0
4054,$400E_period,13
4054,$400E_mode,0
4055,$4000_duty,1
4055,$4000_const,1
4055,$4000_vol,7
4055,$4004_duty,2
4055,$4004_const,1
4055,$4004_vol,7
4055,$4008_linear,127
4055,$400C_const,1
4055,$400C_vol,0
4055,$400E_period,13
4055,$400E_mode,0
4056,$4000_duty,1
4056,$4000_const,1
4056,$4000_vol,7
4056,$4004_duty,2
4056,$4004_const,1
4056,$4004_vol,7
4056,$4008_linear,127
4057,$4000_duty,1
4057,$4000_const,1
4057,$4000_vol,7
4057,$4004_duty,2
4057,$4004_const,1
4057,$4004_vol,7
4057,$4008_linear,127
4058,$4000_duty,1
4058,$4000_const,1
4058,$4000_vol,7
4058,$4004_duty,2
4058,$4004_const,1
4058,$4004_vol,7
4058,$4008_linear,127
4059,$4000_duty,1
4059,$4000_const,1
4059,$4000_vol,6
4059,$4004_duty,2
4059,$4004_const,1
4059,$4004_vol,6
4059,$4008_linear,127
4060,$4000_duty,1
4060,$4000_const,1
4060,$4000_vol,6
4060,$4004_duty,2
4060,$4004_const,1
4060,$4004_vol,6
4060,$4008_linear,0
4061,$4004_duty,0
4061,$4004_const,1
4061,$4004_vol,0
4061,$4001_sweep,8
4061,$4005_sweep,8
4061,$4000_duty,1
4061,$4000_const,1
4061,$4000_vol,6
4062,$4000_duty,1
4062,$4000_const,1
4062,$4000_vol,6
4062,$4004_duty,2
4062,$4004_const,1
4062,$4004_vol,15
4062,$4006_period,303
4063,$4000_duty,1
4063,$4000_const,1
4063,$4000_vol,6
4063,$4004_duty,2
4063,$4004_const,1
4063,$4004_vol,14
4063,$4008_linear,127
4063,$400A_period,719
4063,$400B_length,9
4063,$400C_const,1
4063,$400C_vol,12
4063,$400E_period,13
4063,$400E_mode,0
4064,$4000_duty,1
4064,$4000_const,1
4064,$4000_vol,6
4064,$4004_duty,2
4064,$4004_const,1
4064,$4004_vol,12
4064,$4008_linear,127
4064,$400C_const,1
4064,$400C_vol,9
4064,$400E_period,13
4064,$400E_mode,0
4065,$4000_duty,1
4065,$4000_const,1
4065,$4000_vol,6
4065,$4004_duty,2
4065,$4004_const,1
4065,$4004_vol,10
4065,$4008_linear,127
4065,$400C_const,1
4065,$400C_vol,6
4065,$400E_period,13
4065,$400E_mode,0
4066,$4000_duty,1
4066,$4000_const,1
4066,$4000_vol,6
4066,$4004_duty,2
4066,$4004_const,1
4066,$4004_vol,8
4066,$4008_linear,127
4066,$400C_const,1
4066,$400C_vol,3
4066,$400E_period,13
4066,$400E_mode,0
4067,$4000_duty,1
4067,$4000_const,1
4067,$4000_vol,5
4067,$4004_duty,2
4067,$4004_const,1
4067,$4004_vol,6
4067,$4008_linear,127
4067,$400C_const,1
4067,$400C_vol,0
4067,$400E_period,13
4067,$400E_mode,0
4068,$4000_duty,1
4068,$4000_const,1
4068,$4000_vol,5
4068,$4004_duty,2
4068,$4004_const,1
4068,$4004_vol,4
4068,$4008_linear,127
4068,$400C_const,1
4068,$400C_vol,0
4068,$400E_period,13
4068,$400E_mode,0
4069,$4000_duty,1
4069,$4000_const,1
4069,$4000_vol,5
4069,$4004_duty,2
4069,$4004_const,1
4069,$4004_vol,3
4069,$4008_linear,127
4069,$400C_const,1
4069,$400C_vol,0
4069,$400E_period,13
4069,$400E_mode,0
4070,$4000_duty,1
4070,$4000_const,1
4070,$4000_vol,5
4070,$4008_linear,127
4070,$400C_const,1
4070,$400C_vol,12
4070,$400E_period,8
4070,$400E_mode,0
4071,$4000_duty,1
4071,$4000_const,1
4071,$4000_vol,4
4071,$4004_duty,2
4071,$4004_const,1
4071,$4004_vol,1
4071,$4008_linear,127
4071,$400C_const,1
4071,$400C_vol,9
4071,$400E_period,8
4071,$400E_mode,0
4072,$4000_duty,1
4072,$4000_const,1
4072,$4000_vol,3
4072,$4004_duty,2
4072,$4004_const,1
4072,$4004_vol,0
4072,$4008_linear,127
4072,$400C_const,1
4072,$400C_vol,6
4072,$400E_period,8
4072,$400E_mode,0
4073,$4000_duty,1
4073,$4000_const,1
4073,$4000_vol,3
4073,$4004_duty,2
4073,$4004_const,1
4073,$4004_vol,1
4073,$4008_linear,127
4073,$400C_const,1
4073,$400C_vol,3
4073,$400E_period,8
4073,$400E_mode,0
4074,$4000_duty,1
4074,$4000_const,1
4074,$4000_vol,2
4074,$4004_duty,2
4074,$4004_const,1
4074,$4004_vol,3
4074,$4008_linear,127
4074,$400C_const,1
4074,$400C_vol,0
4074,$400E_period,8
4074,$400E_mode,0
4075,$4000_duty,1
4075,$4000_const,1
4075,$4000_vol,1
4075,$4004_duty,2
4075,$4004_const,1
4075,$4004_vol,5
4075,$4008_linear,0
4075,$400C_const,1
4075,$400C_vol,0
4075,$400E_period,8
4075,$400E_mode,0
4076,$4000_duty,1
4076,$4000_const,1
4076,$4000_vol,1
4076,$4004_duty,2
4076,$4004_const,1
4076,$4004_vol,7
4076,$400C_const,1
4076,$400C_vol,0
4076,$400E_period,8
4076,$400E_mode,0
4077,$4000_duty,1
4077,$4000_const,1
4077,$4000_vol,0
4077,$4004_duty,2
4077,$4004_const,1
4077,$4004_vol,9
4077,$400C_const,1
4077,$400C_vol,0
4077,$400E_period,8
4077,$400E_mode,0
4078,$4000_duty,1
4078,$4000_const,1
4078,$4000_vol,0
4078,$4004_duty,2
4078,$4004_const,1
4078,$4004_vol,11
4078,$4008_linear,127
4078,$400A_period,719
4078,$400B_length,9
4078,$400C_const,1
4078,$400C_vol,12
4078,$400E_period,13
4078,$400E_mode,0
4079,$4000_duty,1
4079,$4000_const,1
4079,$4000_vol,0
4079,$4004_duty,2
4079,$4004_const,1
4079,$4004_vol,13
4079,$4008_linear,127
4079,$400C_const,1
4079,$400C_vol,9
4079,$400E_period,13
4079,$400E_mode,0
4080,$4000_duty,1
4080,$4000_const,1
4080,$4000_vol,0
4080,$4004_duty,2
4080,$4004_const,1
4080,$4004_vol,14
4080,$4008_linear,127
4080,$400C_const,1
4080,$400C_vol,6
4080,$400E_period,13
4080,$400E_mode,0
4081,$4000_duty,1
4081,$4000_const,1
4081,$4000_vol,0
4081,$4004_duty,2
4081,$4004_const,1
4081,$4004_vol,15
4081,$4008_linear,127
4081,$400C_const,1
4081,$400C_vol,3
4081,$400E_period,13
4081,$400E_mode,0
4082,$4000_duty,1
4082,$4000_const,1
4082,$4000_vol,0
4082,$4004_duty,2
4082,$4004_const,1
4082,$4004_vol,13
4082,$4008_linear,127
4082,$400C_const,1
4082,$400C_vol,0
4082,$400E_period,13
4082,$400E_mode,0
4083,$4000_duty,1
4083,$4000_const,1
4083,$4000_vol,0
4083,$4004_duty,2
4083,$4004_const,1
4083,$4004_vol,11
4083,$4008_linear,127
4083,$400C_const,1
4083,$400C_vol,0
4083,$400E_period,13
4083,$400E_mode,0
4084,$4004_duty,2
4084,$4004_const,1
4084,$4004_vol,9
4084,$4008_linear,0
4084,$400C_const,1
4084,$400C_vol,0
4084,$400E_period,13
4084,$400E_mode,0
4085,$4000_duty,1
4085,$4000_const,1
4085,$4000_vol,12
4085,$4002_period,641
4085,$400B_length,9
4085,$4004_duty,2
4085,$4004_const,1
4085,$4004_vol,8
4085,$4008_linear,127
4085,$400A_period,719
4085,$400B_length,9
4085,$400C_const,1
4085,$400C_vol,12
4085,$400E_period,13
4085,$400E_mode,0
4086,$4000_duty,1
4086,$4000_const,1
4086,$4000_vol,11
4086,$4004_duty,2
4086,$4004_const,1
4086,$4004_vol,6
4086,$4008_linear,127
4086,$400C_const,1
4086,$400C_vol,9
4086,$400E_period,13
4086,$400E_mode,0
4087,$4000_duty,1
4087,$4000_const,1
4087,$4000_vol,11
4087,$4004_duty,2
4087,$4004_const,1
4087,$4004_vol,4
4087,$4008_linear,127
4087,$400C_const,1
4087,$400C_vol,6
4087,$400E_period,13
4087,$400E_mode,0
4088,$4000_duty,1
4088,$4000_const,1
4088,$4000_vol,11
4088,$4004_duty,2
4088,$4004_const,1
4088,$4004_vol,2
4088,$4008_linear,127
4088,$400C_const,1
4088,$400C_vol,3
4088,$400E_period,13
4088,$400E_mode,0
4089,$4000_duty,1
4089,$4000_const,1
4089,$4000_vol,11
4089,$4004_duty,2
4089,$4004_const,1
4089,$4004_vol,0
4089,$4008_linear,127
4089,$400C_const,1
4089,$400C_vol,0
4089,$400E_period,13
4089,$400E_mode,0
4090,$4000_duty,1
4090,$4000_const,1
4090,$4000_vol,10
4090,$4004_duty,2
4090,$4004_const,1
4090,$4004_vol,0
4090,$4008_linear,127
4090,$400C_const,1
4090,$400C_vol,0
4090,$400E_period,13
4090,$400E_mode,0
4091,$4000_duty,1
4091,$4000_const,1
4091,$4000_vol,10
4091,$4004_duty,2
4091,$4004_const,1
4091,$4004_vol,2
4091,$4008_linear,127
4091,$400C_const,1
4091,$400C_vol,0
4091,$400E_period,13
4091,$400E_mode,0
4092,$4000_duty,1
4092,$4000_const,1
4092,$4000_vol,9
4092,$4004_duty,2
4092,$4004_const,1
4092,$4004_vol,4
4092,$4008_linear,127
4092,$400C_const,1
4092,$400C_vol,0
4092,$400E_period,13
4092,$400E_mode,0
4093,$4000_duty,1
4093,$4000_const,1
4093,$4000_vol,9
4093,$4004_duty,2
4093,$4004_const,1
4093,$4004_vol,6
4093,$4008_linear,127
4093,$400C_const,1
4093,$400C_vol,0
4093,$400E_period,13
4093,$400E_mode,0
4094,$4000_duty,1
4094,$4000_const,1
4094,$4000_vol,8
4094,$4004_duty,2
4094,$4004_const,1
4094,$4004_vol,8
4094,$4008_linear,127
4094,$400C_const,1
4094,$400C_vol,0
4094,$400E_period,13
4094,$400E_mode,0
4095,$4000_duty,1
4095,$4000_const,1
4095,$4000_vol,7
4095,$4004_duty,2
4095,$4004_const,1
4095,$4004_vol,9
4095,$4008_linear,127
4095,$400C_const,1
4095,$400C_vol,0
4095,$400E_period,13
4095,$400E_mode,0
4096,$4000_duty,1
4096,$4000_const,1
4096,$4000_vol,7
4096,$4004_duty,2
4096,$4004_const,1
4096,$4004_vol,11
4096,$4008_linear,127
4096,$400C_const,1
4096,$400C_vol,0
4096,$400E_period,13
4096,$400E_mode,0
4097,$4000_duty,1
4097,$4000_const,1
4097,$4000_vol,6
4097,$4004_duty,2
4097,$4004_const,1
4097,$4004_vol,13
4097,$4008_linear,0
4097,$400C_const,1
4097,$400C_vol,0
4097,$400E_period,13
4097,$400E_mode,0
4098,$4000_duty,1
4098,$4000_const,1
4098,$4000_vol,5
4098,$4004_duty,2
4098,$4004_const,1
4098,$4004_vol,15
4098,$4008_linear,0
4098,$400C_const,1
4098,$400C_vol,0
4098,$400E_period,13
4098,$400E_mode,0
4099,$4000_duty,1
4099,$4000_const,1
4099,$4000_vol,5
4099,$4004_duty,2
4099,$4004_const,1
4099,$4004_vol,14
4099,$400C_const,1
4099,$400C_vol,0
4099,$400E_period,13
4099,$400E_mode,0
4100,$4000_duty,1
4100,$4000_const,1
4100,$4000_vol,12
4100,$4002_period,571
4100,$400B_length,9
4100,$4004_duty,2
4100,$4004_const,1
4100,$4004_vol,12
4100,$4008_linear,127
4100,$400A_period,719
4100,$400B_length,9
4100,$400C_const,1
4100,$400C_vol,12
4100,$400E_period,8
4100,$400E_mode,0
4101,$4000_duty,1
4101,$4000_const,1
4101,$4000_vol,11
4101,$4004_duty,2
4101,$4004_const,1
4101,$4004_vol,11
4101,$4008_linear,127
4101,$400C_const,1
4101,$400C_vol,9
4101,$400E_period,8
4101,$400E_mode,0
4102,$4000_duty,1
4102,$4000_const,1
4102,$4000_vol,11
4102,$4004_duty,2
4102,$4004_const,1
4102,$4004_vol,9
4102,$4008_linear,127
4102,$400C_const,1
4102,$400C_vol,6
4102,$400E_period,8
4102,$400E_mode,0
4103,$4000_duty,1
4103,$4000_const,1
4103,$4000_vol,11
4103,$4004_duty,2
4103,$4004_const,1
4103,$4004_vol,7
4103,$4008_linear,127
4103,$400C_const,1
4103,$400C_vol,3
4103,$400E_period,8
4103,$400E_mode,0
4104,$4000_duty,1
4104,$4000_const,1
4104,$4000_vol,11
4104,$4004_duty,2
4104,$4004_const,1
4104,$4004_vol,5
4104,$4008_linear,127
4104,$400C_const,1
4104,$400C_vol,0
4104,$400E_period,8
4104,$400E_mode,0
4105,$4000_duty,1
4105,$4000_const,1
4105,$4000_vol,10
4105,$4004_duty,2
4105,$4004_const,1
4105,$4004_vol,3
4105,$4008_linear,127
4105,$400C_const,1
4105,$400C_vol,0
4105,$400E_period,8
4105,$400E_mode,0
4106,$4004_duty,0
4106,$4004_const,1
4106,$4004_vol,0
4106,$4001_sweep,8
4106,$4005_sweep,8
4106,$4000_duty,1
4106,$4000_const,1
4106,$4000_vol,10
4106,$4004_duty,2
4106,$4004_const,1
4106,$4004_vol,11
4106,$4006_period,855
4106,$4008_linear,127
4106,$400C_const,1
4106,$400C_vol,0
4106,$400E_period,8
4106,$400E_mode,0
4107,$4000_duty,1
4107,$4000_const,1
4107,$4000_vol,9
4107,$4004_duty,2
4107,$4004_const,1
4107,$4004_vol,11
4107,$4008_linear,127
4107,$400C_const,1
4107,$400C_vol,0
4107,$400E_period,8
4107,$400E_mode,0
4108,$4000_duty,1
4108,$4000_const,1
4108,$4000_vol,9
4108,$4004_duty,2
4108,$4004_const,1
4108,$4004_vol,11
4108,$4008_linear,127
4108,$400C_const,1
4108,$400C_vol,0
4108,$400E_period,8
4108,$400E_mode,0
4109,$4000_duty,1
4109,$4000_const,1
4109,$4000_vol,8
4109,$4004_duty,2
4109,$4004_const,1
4109,$4004_vol,10
4109,$4008_linear,127
4109,$400C_const,1
4109,$400C_vol,0
4109,$400E_period,8
4109,$400E_mode,0
4110,$4000_duty,1
4110,$4000_const,1
4110,$4000_vol,7
4110,$4004_duty,2
4110,$4004_const,1
4110,$4004_vol,10
4110,$4008_linear,127
4110,$400C_const,1
4110,$400C_vol,0
4110,$400E_period,8
4110,$400E_mode,0
4111,$4000_duty,1
4111,$4000_const,1
4111,$4000_vol,7
4111,$4004_duty,2
4111,$4004_const,1
4111,$4004_vol,10
4111,$4008_linear,127
4111,$400C_const,1
4111,$400C_vol,0
4111,$400E_period,8
4111,$400E_mode,0
4112,$4000_duty,1
4112,$4000_const,1
4112,$4000_vol,6
4112,$4004_duty,2
4112,$4004_const,1
4112,$4004_vol,9
4112,$4008_linear,0
4112,$400C_const,1
4112,$400C_vol,0
4112,$400E_period,8
4112,$400E_mode,0
4113,$4000_duty,1
4113,$4000_const,1
4113,$4000_vol,5
4113,$4004_duty,2
4113,$4004_const,1
4113,$4004_vol,8
4113,$4008_linear,0
4113,$400C_const,1
4113,$400C_vol,0
4113,$400E_period,8
4113,$400E_mode,0
4114,$4000_duty,1
4114,$4000_const,1
4114,$4000_vol,5
4114,$4004_duty,2
4114,$4004_const,1
4114,$4004_vol,8
4114,$400C_const,1
4114,$400C_vol,0
4114,$400E_period,8
4114,$400E_mode,0
4115,$4000_duty,1
4115,$4000_const,1
4115,$4000_vol,12
4115,$4002_period,539
4115,$400B_length,9
4115,$4004_duty,2
4115,$4004_const,1
4115,$4004_vol,12
4115,$4006_period,679
4115,$4008_linear,127
4115,$400A_period,719
4115,$400B_length,9
4115,$400C_const,1
4115,$400C_vol,12
4115,$400E_period,13
4115,$400E_mode,0
4116,$4000_duty,1
4116,$4000_const,1
4116,$4000_vol,11
4116,$4004_duty,2
4116,$4004_const,1
4116,$4004_vol,11
4116,$4008_linear,127
4116,$400C_const,1
4116,$400C_vol,9
4116,$400E_period,13
4116,$400E_mode,0
4117,$4000_duty,1
4117,$4000_const,1
4117,$4000_vol,11
4117,$4004_duty,2
4117,$4004_const,1
4117,$4004_vol,11
4117,$4008_linear,127
4117,$400C_const,1
4117,$400C_vol,6
4117,$400E_period,13
4117,$400E_mode,0
4118,$4000_duty,1
4118,$4000_const,1
4118,$4000_vol,11
4118,$4004_duty,2
4118,$4004_const,1
4118,$4004_vol,11
4118,$4008_linear,127
4118,$400C_const,1
4118,$400C_vol,3
4118,$400E_period,13
4118,$400E_mode,0
4119,$4000_duty,1
4119,$4000_const,1
4119,$4000_vol,11
4119,$4004_duty,2
4119,$4004_const,1
4119,$4004_vol,11
4119,$4008_linear,127
4119,$400C_const,1
4119,$400C_vol,0
4119,$400E_period,13
4119,$400E_mode,0
4120,$4004_duty,0
4120,$4004_const,1
4120,$4004_vol,0
4120,$4001_sweep,8
4120,$4005_sweep,8
4120,$4000_duty,1
4120,$4000_const,1
4120,$4000_vol,11
4120,$4008_linear,127
4120,$400C_const,1
4120,$400C_vol,0
4120,$400E_period,13
4120,$400E_mode,0
4121,$4000_duty,1
4121,$4000_const,1
4121,$4000_vol,11
4121,$4004_duty,2
4121,$4004_const,1
4121,$4004_vol,15
4121,$4006_period,227
4121,$4008_linear,127
4121,$400C_const,1
4121,$400C_vol,0
4121,$400E_period,13
4121,$400E_mode,0
4122,$4000_duty,1
4122,$4000_const,1
4122,$4000_vol,11
4122,$4004_duty,2
4122,$4004_const,1
4122,$4004_vol,14
4122,$4008_linear,127
4122,$400C_const,1
4122,$400C_vol,0
4122,$400E_period,13
4122,$400E_mode,0
4123,$4000_duty,1
4123,$4000_const,1
4123,$4000_vol,11
4123,$4004_duty,2
4123,$4004_const,1
4123,$4004_vol,14
4123,$4008_linear,127
4123,$400C_const,1
4123,$400C_vol,0
4123,$400E_period,13
4123,$400E_mode,0
4124,$4000_duty,1
4124,$4000_const,1
4124,$4000_vol,10
4124,$4004_duty,2
4124,$4004_const,1
4124,$4004_vol,14
4124,$4008_linear,127
4124,$400C_const,1
4124,$400C_vol,0
4124,$400E_period,13
4124,$400E_mode,0
4125,$4000_duty,1
4125,$4000_const,1
4125,$4000_vol,10
4125,$4004_duty,2
4125,$4004_const,1
4125,$4004_vol,13
4125,$4008_linear,127
4125,$400C_const,1
4125,$400C_vol,0
4125,$400E_period,13
4125,$400E_mode,0
4126,$4000_duty,1
4126,$4000_const,1
4126,$4000_vol,10
4126,$4004_duty,2
4126,$4004_const,1
4126,$4004_vol,13
4126,$4008_linear,127
4126,$400C_const,1
4126,$400C_vol,0
4126,$400E_period,13
4126,$400E_mode,0
4127,$4000_duty,1
4127,$4000_const,1
4127,$4000_vol,10
4127,$4004_duty,2
4127,$4004_const,1
4127,$4004_vol,13
4127,$4008_linear,0
4127,$400C_const,1
4127,$400C_vol,0
4127,$400E_period,13
4127,$400E_mode,0
4128,$4000_duty,1
4128,$4000_const,1
4128,$4000_vol,10
4128,$4004_duty,2
4128,$4004_const,1
4128,$4004_vol,12
4128,$4008_linear,0
4128,$400C_const,1
4128,$400C_vol,0
4128,$400E_period,13
4128,$400E_mode,0
4129,$4000_duty,1
4129,$4000_const,1
4129,$4000_vol,10
4129,$4004_duty,2
4129,$4004_const,1
4129,$4004_vol,12
4129,$400C_const,1
4129,$400C_vol,0
4129,$400E_period,13
4129,$400E_mode,0
4130,$4000_duty,1
4130,$4000_const,1
4130,$4000_vol,10
4130,$4004_duty,2
4130,$4004_const,1
4130,$4004_vol,12
4130,$4008_linear,127
4130,$400A_period,719
4130,$400B_length,9
4130,$400C_const,1
4130,$400C_vol,12
4130,$400E_period,8
4130,$400E_mode,0
4131,$4004_duty,0
4131,$4004_const,1
4131,$4004_vol,0
4131,$4001_sweep,8
4131,$4005_sweep,8
4131,$4000_duty,1
4131,$4000_const,1
4131,$4000_vol,10
4131,$4004_duty,2
4131,$4004_const,1
4131,$4004_vol,10
4131,$4006_period,679
4131,$4008_linear,127
4131,$400C_const,1
4131,$400C_vol,9
4131,$400E_period,8
4131,$400E_mode,0
4132,$4000_duty,1
4132,$4000_const,1
4132,$4000_vol,9
4132,$4004_duty,2
4132,$4004_const,1
4132,$4004_vol,9
4132,$4008_linear,127
4132,$400C_const,1
4132,$400C_vol,6
4132,$400E_period,8
4132,$400E_mode,0
4133,$4000_duty,1
4133,$4000_const,1
4133,$4000_vol,9
4133,$4004_duty,2
4133,$4004_const,1
4133,$4004_vol,9
4133,$4008_linear,127
4133,$400C_const,1
4133,$400C_vol,3
4133,$400E_period,8
4133,$400E_mode,0
4134,$4000_duty,1
4134,$4000_const,1
4134,$4000_vol,9
4134,$4004_duty,2
4134,$4004_const,1
4134,$4004_vol,9
4134,$4008_linear,127
4134,$400C_const,1
4134,$400C_vol,0
4134,$400E_period,8
4134,$400E_mode,0
4135,$4000_duty,1
4135,$4000_const,1
4135,$4000_vol,9
4135,$4004_duty,2
4135,$4004_const,1
4135,$4004_vol,9
4135,$4008_linear,127
4135,$400C_const,1
4135,$400C_vol,0
4135,$400E_period,8
4135,$400E_mode,0
4136,$4000_duty,1
4136,$4000_const,1
4136,$4000_vol,9
4136,$4004_duty,2
4136,$4004_const,1
4136,$4004_vol,9
4136,$4008_linear,127
4136,$400C_const,1
4136,$400C_vol,0
4136,$400E_period,8
4136,$400E_mode,0
4137,$4000_duty,1
4137,$4000_const,1
4137,$4000_vol,9
4137,$4004_duty,2
4137,$4004_const,1
4137,$4004_vol,9
4137,$4008_linear,127
4137,$400C_const,1
4137,$400C_vol,0
4137,$400E_period,8
4137,$400E_mode,0
4138,$4000_duty,1
4138,$4000_const,1
4138,$4000_vol,9
4138,$4004_duty,2
4138,$4004_const,1
4138,$4004_vol,9
4138,$4008_linear,127
4138,$400C_const,1
4138,$400C_vol,0
4138,$400E_period,8
4138,$400E_mode,0
4139,$4000_duty,1
4139,$4000_const,1
4139,$4000_vol,9
4139,$4004_duty,2
4139,$4004_const,1
4139,$4004_vol,9
4139,$4008_linear,127
4139,$400C_const,1
4139,$400C_vol,0
4139,$400E_period,8
4139,$400E_mode,0
4140,$4000_duty,1
4140,$4000_const,1
4140,$4000_vol,8
4140,$4004_duty,2
4140,$4004_const,1
4140,$4004_vol,8
4140,$4008_linear,127
4140,$400C_const,1
4140,$400C_vol,0
4140,$400E_period,8
4140,$400E_mode,0
4141,$4000_duty,1
4141,$4000_const,1
4141,$4000_vol,8
4141,$4004_duty,2
4141,$4004_const,1
4141,$4004_vol,8
4141,$4008_linear,127
4141,$400C_const,1
4141,$400C_vol,0
4141,$400E_period,8
4141,$400E_mode,0
4142,$4000_duty,1
4142,$4000_const,1
4142,$4000_vol,8
4142,$4004_duty,2
4142,$4004_const,1
4142,$4004_vol,8
4142,$4008_linear,0
4142,$400C_const,1
4142,$400C_vol,0
4142,$400E_period,8
4142,$400E_mode,0
4143,$4000_duty,1
4143,$4000_const,1
4143,$4000_vol,8
4143,$4004_duty,2
4143,$4004_const,1
4143,$4004_vol,8
4143,$4008_linear,0
4143,$400C_const,1
4143,$400C_vol,0
4143,$400E_period,8
4143,$400E_mode,0
4144,$4000_duty,1
4144,$4000_const,1
4144,$4000_vol,8
4144,$4004_duty,2
4144,$4004_const,1
4144,$4004_vol,8
4144,$400C_const,1
4144,$400C_vol,0
4144,$400E_period,8
4144,$400E_mode,0
4145,$4000_duty,1
4145,$4000_const,1
4145,$4000_vol,8
4145,$4004_duty,2
4145,$4004_const,1
4145,$4004_vol,8
4145,$4008_linear,127
4145,$400A_period,719
4145,$400B_length,9
4145,$400C_const,1
4145,$400C_vol,12
4145,$400E_period,13
4145,$400E_mode,0
4146,$4000_duty,1
4146,$4000_const,1
4146,$4000_vol,8
4146,$4004_duty,2
4146,$4004_const,1
4146,$4004_vol,8
4146,$4008_linear,127
4146,$400C_const,1
4146,$400C_vol,9
4146,$400E_period,13
4146,$400E_mode,0
4147,$4000_duty,1
4147,$4000_const,1
4147,$4000_vol,8
4147,$4004_duty,2
4147,$4004_const,1
4147,$4004_vol,8
4147,$4008_linear,127
4147,$400C_const,1
4147,$400C_vol,6
4147,$400E_period,13
4147,$400E_mode,0
4148,$4000_duty,1
4148,$4000_const,1
4148,$4000_vol,7
4148,$4004_duty,2
4148,$4004_const,1
4148,$4004_vol,7
4148,$4008_linear,127
4148,$400C_const,1
4148,$400C_vol,3
4148,$400E_period,13
4148,$400E_mode,0
4149,$4000_duty,1
4149,$4000_const,1
4149,$4000_vol,7
4149,$4004_duty,2
4149,$4004_const,1
4149,$4004_vol,7
4149,$4008_linear,127
4149,$400C_const,1
4149,$400C_vol,0
4149,$400E_period,13
4149,$400E_mode,0
4150,$4000_duty,1
4150,$4000_const,1
4150,$4000_vol,7
4150,$4004_duty,2
4150,$4004_const,1
4150,$4004_vol,7
4150,$4008_linear,127
4150,$400C_const,1
4150,$400C_vol,0
4150,$400E_period,13
4150,$400E_mode,0
4151,$4000_duty,1
4151,$4000_const,1
4151,$4000_vol,7
4151,$4004_duty,2
4151,$4004_const,1
4151,$4004_vol,7
4151,$4008_linear,127
4151,$400C_const,1
4151,$400C_vol,0
4151,$400E_period,13
4151,$400E_mode,0
4152,$4000_duty,1
4152,$4000_const,1
4152,$4000_vol,7
4152,$4004_duty,2
4152,$4004_const,1
4152,$4004_vol,7
4152,$4008_linear,127
4152,$400C_const,1
4152,$400C_vol,0
4152,$400E_period,13
4152,$400E_mode,0
4153,$4000_duty,1
4153,$4000_const,1
4153,$4000_vol,7
4153,$4004_duty,2
4153,$4004_const,1
4153,$4004_vol,7
4153,$4008_linear,127
4153,$400C_const,1
4153,$400C_vol,0
4153,$400E_period,13
4153,$400E_mode,0
4154,$4000_duty,1
4154,$4000_const,1
4154,$4000_vol,7
4154,$4004_duty,2
4154,$4004_const,1
4154,$4004_vol,7
4154,$4008_linear,127
4154,$400C_const,1
4154,$400C_vol,0
4154,$400E_period,13
4154,$400E_mode,0
4155,$4000_duty,1
4155,$4000_const,1
4155,$4000_vol,7
4155,$4004_duty,2
4155,$4004_const,1
4155,$4004_vol,7
4155,$4008_linear,127
4155,$400C_const,1
4155,$400C_vol,0
4155,$400E_period,13
4155,$400E_mode,0
4156,$4000_duty,1
4156,$4000_const,1
4156,$4000_vol,6
4156,$4004_duty,2
4156,$4004_const,1
4156,$4004_vol,6
4156,$4008_linear,127
4156,$400C_const,1
4156,$400C_vol,0
4156,$400E_period,13
4156,$400E_mode,0
4157,$4000_duty,1
4157,$4000_const,1
4157,$4000_vol,6
4157,$4004_duty,2
4157,$4004_const,1
4157,$4004_vol,6
4157,$4008_linear,127
4157,$400C_const,1
4157,$400C_vol,0
4157,$400E_period,13
4157,$400E_mode,0
4158,$4000_duty,1
4158,$4000_const,1
4158,$4000_vol,6
4158,$4004_duty,2
4158,$4004_const,1
4158,$4004_vol,6
4158,$4008_linear,127
4158,$400C_const,1
4158,$400C_vol,0
4158,$400E_period,13
4158,$400E_mode,0
4159,$4000_duty,1
4159,$4000_const,1
4159,$4000_vol,6
4159,$4004_duty,2
4159,$4004_const,1
4159,$4004_vol,6
4159,$4008_linear,127
4159,$400C_const,1
4159,$400C_vol,0
4159,$400E_period,13
4159,$400E_mode,0
4160,$4000_duty,1
4160,$4000_const,1
4160,$4000_vol,6
4160,$4004_duty,2
4160,$4004_const,1
4160,$4004_vol,6
4160,$4008_linear,127
4160,$400C_const,1
4160,$400C_vol,12
4160,$400E_period,8
4160,$400E_mode,0
4161,$4000_duty,1
4161,$4000_const,1
4161,$4000_vol,6
4161,$4004_duty,2
4161,$4004_const,1
4161,$4004_vol,6
4161,$4008_linear,127
4161,$400C_const,1
4161,$400C_vol,9
4161,$400E_period,8
4161,$400E_mode,0
4162,$4000_duty,1
4162,$4000_const,1
4162,$4000_vol,6
4162,$4004_duty,2
4162,$4004_const,1
4162,$4004_vol,6
4162,$4008_linear,127
4162,$400C_const,1
4162,$400C_vol,6
4162,$400E_period,8
4162,$400E_mode,0
4163,$4000_duty,1
4163,$4000_const,1
4163,$4000_vol,6
4163,$4004_duty,2
4163,$4004_const,1
4163,$4004_vol,6
4163,$4008_linear,127
4163,$400C_const,1
4163,$400C_vol,3
4163,$400E_period,8
4163,$400E_mode,0
4164,$4000_duty,1
4164,$4000_const,1
4164,$4000_vol,5
4164,$4004_duty,2
4164,$4004_const,1
4164,$4004_vol,5
4164,$4008_linear,0
4164,$400C_const,1
4164,$400C_vol,0
4164,$400E_period,8
4164,$400E_mode,0
4165,$4000_duty,1
4165,$4000_const,1
4165,$4000_vol,5
4165,$4004_duty,2
4165,$4004_const,1
4165,$4004_vol,5
4165,$400C_const,1
4165,$400C_vol,0
4165,$400E_period,8
4165,$400E_mode,0
4166,$4000_duty,1
4166,$4000_const,1
4166,$4000_vol,5
4166,$4004_duty,2
4166,$4004_const,1
4166,$4004_vol,5
4166,$400C_const,1
4166,$400C_vol,0
4166,$400E_period,8
4166,$400E_mode,0
4167,$4000_duty,1
4167,$4000_const,1
4167,$4000_vol,5
4167,$4004_duty,2
4167,$4004_const,1
4167,$4004_vol,5
4167,$400C_const,1
4167,$400C_vol,0
4167,$400E_period,8
4167,$400E_mode,0
4168,$4000_duty,1
4168,$4000_const,1
4168,$4000_vol,5
4168,$4004_duty,2
4168,$4004_const,1
4168,$4004_vol,5
4168,$4008_linear,127
4168,$400A_period,719
4168,$400B_length,9
4168,$400C_const,1
4168,$400C_vol,12
4168,$400E_period,13
4168,$400E_mode,0
4169,$4000_duty,1
4169,$4000_const,1
4169,$4000_vol,5
4169,$4004_duty,2
4169,$4004_const,1
4169,$4004_vol,5
4169,$4008_linear,127
4169,$400C_const,1
4169,$400C_vol,9
4169,$400E_period,13
4169,$400E_mode,0
4170,$4000_duty,1
4170,$4000_const,1
4170,$4000_vol,5
4170,$4004_duty,2
4170,$4004_const,1
4170,$4004_vol,5
4170,$4008_linear,127
4170,$400C_const,1
4170,$400C_vol,6
4170,$400E_period,13
4170,$400E_mode,0
4171,$4000_duty,1
4171,$4000_const,1
4171,$4000_vol,5
4171,$4004_duty,2
4171,$4004_const,1
4171,$4004_vol,5
4171,$4008_linear,127
4171,$400C_const,1
4171,$400C_vol,3
4171,$400E_period,13
4171,$400E_mode,0
4172,$4000_duty,1
4172,$4000_const,1
4172,$4000_vol,4
4172,$4004_duty,2
4172,$4004_const,1
4172,$4004_vol,4
4172,$4008_linear,127
4172,$400C_const,1
4172,$400C_vol,0
4172,$400E_period,13
4172,$400E_mode,0
4173,$4004_duty,0
4173,$4004_const,1
4173,$4004_vol,0
4173,$4001_sweep,8
4173,$4005_sweep,8
4173,$4000_duty,1
4173,$4000_const,1
4173,$4000_vol,4
4173,$4008_linear,127
4173,$400C_const,1
4173,$400C_vol,0
4173,$400E_period,13
4173,$400E_mode,0
4174,$4000_duty,1
4174,$4000_const,1
4174,$4000_vol,4
4174,$4004_duty,2
4174,$4004_const,1
4174,$4004_vol,15
4174,$4006_period,303
4174,$4008_linear,127
4174,$400C_const,1
4174,$400C_vol,0
4174,$400E_period,13
4174,$400E_mode,0
4175,$4000_duty,1
4175,$4000_const,1
4175,$4000_vol,4
4175,$4004_duty,2
4175,$4004_const,1
4175,$4004_vol,14
4175,$4008_linear,127
4175,$400C_const,1
4175,$400C_vol,0
4175,$400E_period,13
4175,$400E_mode,0
4176,$4000_duty,1
4176,$4000_const,1
4176,$4000_vol,4
4176,$4004_duty,2
4176,$4004_const,1
4176,$4004_vol,12
4176,$4008_linear,127
4177,$4000_duty,1
4177,$4000_const,1
4177,$4000_vol,4
4177,$4004_duty,2
4177,$4004_const,1
4177,$4004_vol,10
4177,$4008_linear,127
4178,$4000_duty,1
4178,$4000_const,1
4178,$4000_vol,4
4178,$4004_duty,2
4178,$4004_const,1
4178,$4004_vol,8
4178,$4008_linear,127
4179,$4000_duty,1
4179,$4000_const,1
4179,$4000_vol,4
4179,$4004_duty,2
4179,$4004_const,1
4179,$4004_vol,6
4179,$4008_linear,127
4180,$4000_duty,1
4180,$4000_const,1
4180,$4000_vol,3
4180,$4004_duty,2
4180,$4004_const,1
4180,$4004_vol,4
4180,$4008_linear,0
4181,$4000_duty,1
4181,$4000_const,1
4181,$4000_vol,3
4181,$4004_duty,2
4181,$4004_const,1
4181,$4004_vol,3
4182,$4000_duty,1
4182,$4000_const,1
4182,$4000_vol,3
4183,$4000_duty,1
4183,$4000_const,1
4183,$4000_vol,3
4183,$4004_duty,2
4183,$4004_const,1
4183,$4004_vol,1
4183,$4008_linear,127
4183,$400A_period,719
4183,$400B_length,9
4183,$400C_const,1
4183,$400C_vol,12
4183,$400E_period,13
4183,$400E_mode,0
4184,$4000_duty,1
4184,$4000_const,1
4184,$4000_vol,3
4184,$4004_duty,2
4184,$4004_const,1
4184,$4004_vol,0
4184,$4008_linear,127
4184,$400C_const,1
4184,$400C_vol,9
4184,$400E_period,13
4184,$400E_mode,0
4185,$4000_duty,1
4185,$4000_const,1
4185,$4000_vol,3
4185,$4004_duty,2
4185,$4004_const,1
4185,$4004_vol,1
4185,$4008_linear,127
4185,$400C_const,1
4185,$400C_vol,6
4185,$400E_period,13
4185,$400E_mode,0
4186,$4000_duty,1
4186,$4000_const,1
4186,$4000_vol,3
4186,$4004_duty,2
4186,$4004_const,1
4186,$4004_vol,3
4186,$4008_linear,127
4186,$400C_const,1
4186,$400C_vol,3
4186,$400E_period,13
4186,$400E_mode,0
4187,$4000_duty,1
4187,$4000_const,1
4187,$4000_vol,3
4187,$4004_duty,2
4187,$4004_const,1
4187,$4004_vol,5
4187,$4008_linear,127
4187,$400C_const,1
4187,$400C_vol,0
4187,$400E_period,13
4187,$400E_mode,0
4188,$4000_duty,1
4188,$4000_const,1
4188,$4000_vol,2
4188,$4004_duty,2
4188,$4004_const,1
4188,$4004_vol,7
4188,$4008_linear,127
4188,$400C_const,1
4188,$400C_vol,0
4188,$400E_period,13
4188,$400E_mode,0
4189,$4000_duty,1
4189,$4000_const,1
4189,$4000_vol,2
4189,$4004_duty,2
4189,$4004_const,1
4189,$4004_vol,9
4189,$4008_linear,127
4189,$400C_const,1
4189,$400C_vol,0
4189,$400E_period,13
4189,$400E_mode,0
4190,$4000_duty,1
4190,$4000_const,1
4190,$4000_vol,2
4190,$4004_duty,2
4190,$4004_const,1
4190,$4004_vol,11
4190,$4008_linear,127
4190,$400C_const,1
4190,$400C_vol,12
4190,$400E_period,8
4190,$400E_mode,0
4191,$4000_duty,1
4191,$4000_const,1
4191,$4000_vol,2
4191,$4004_duty,2
4191,$4004_const,1
4191,$4004_vol,13
4191,$4008_linear,127
4191,$400C_const,1
4191,$400C_vol,9
4191,$400E_period,8
4191,$400E_mode,0
4192,$4000_duty,1
4192,$4000_const,1
4192,$4000_vol,2
4192,$4004_duty,2
4192,$4004_const,1
4192,$4004_vol,14
4192,$4008_linear,127
4192,$400C_const,1
4192,$400C_vol,6
4192,$400E_period,8
4192,$400E_mode,0
4193,$4000_duty,1
4193,$4000_const,1
4193,$4000_vol,2
4193,$4004_duty,2
4193,$4004_const,1
4193,$4004_vol,15
4193,$4008_linear,127
4193,$400C_const,1
4193,$400C_vol,3
4193,$400E_period,8
4193,$400E_mode,0
4194,$4000_duty,1
4194,$4000_const,1
4194,$4000_vol,2
4194,$4004_duty,2
4194,$4004_const,1
4194,$4004_vol,13
4194,$4008_linear,127
4194,$400C_const,1
4194,$400C_vol,0
4194,$400E_period,8
4194,$400E_mode,0
4195,$4000_duty,1
4195,$4000_const,1
4195,$4000_vol,2
4195,$4004_duty,2
4195,$4004_const,1
4195,$4004_vol,11
4195,$4008_linear,0
4195,$400C_const,1
4195,$400C_vol,0
4195,$400E_period,8
4195,$400E_mode,0
4196,$4000_duty,1
4196,$4000_const,1
4196,$4000_vol,1
4196,$4004_duty,2
4196,$4004_const,1
4196,$4004_vol,9
4196,$400C_const,1
4196,$400C_vol,0
4196,$400E_period,8
4196,$400E_mode,0
4197,$4000_duty,1
4197,$4000_const,1
4197,$4000_vol,1
4197,$4004_duty,2
4197,$4004_const,1
4197,$4004_vol,8
4197,$400C_const,1
4197,$400C_vol,0
4197,$400E_period,8
4197,$400E_mode,0
4198,$4000_duty,1
4198,$4000_const,1
4198,$4000_vol,1
4198,$4004_duty,2
4198,$4004_const,1
4198,$4004_vol,6
4198,$4008_linear,127
4198,$400A_period,719
4198,$400B_length,9
4198,$400C_const,1
4198,$400C_vol,12
4198,$400E_period,13
4198,$400E_mode,0
4199,$4000_duty,1
4199,$4000_const,1
4199,$4000_vol,1
4199,$4004_duty,2
4199,$4004_const,1
4199,$4004_vol,4
4199,$4008_linear,127
4199,$400C_const,1
4199,$400C_vol,9
4199,$400E_period,13
4199,$400E_mode,0
4200,$4000_duty,1
4200,$4000_const,1
4200,$4000_vol,1
4200,$4004_duty,2
4200,$4004_const,1
4200,$4004_vol,2
4200,$4008_linear,127
4200,$400C_const,1
4200,$400C_vol,6
4200,$400E_period,13
4200,$400E_mode,0
4201,$4000_duty,1
4201,$4000_const,1
4201,$4000_vol,1
4201,$4004_duty,2
4201,$4004_const,1
4201,$4004_vol,0
4201,$4008_linear,127
4201,$400C_const,1
4201,$400C_vol,3
4201,$400E_period,13
4201,$400E_mode,0
4202,$4000_duty,1
4202,$4000_const,1
4202,$4000_vol,1
4202,$4004_duty,2
4202,$4004_const,1
4202,$4004_vol,0
4202,$4008_linear,127
4202,$400C_const,1
4202,$400C_vol,0
4202,$400E_period,13
4202,$400E_mode,0
4203,$4000_duty,1
4203,$4000_const,1
4203,$4000_vol,1
4203,$4004_duty,2
4203,$4004_const,1
4203,$4004_vol,2
4203,$4008_linear,127
4203,$400C_const,1
4203,$400C_vol,0
4203,$400E_period,13
4203,$400E_mode,0
4204,$4000_duty,1
4204,$4000_const,1
4204,$4000_vol,1
4204,$4004_duty,2
4204,$4004_const,1
4204,$4004_vol,4
4204,$4008_linear,0
4204,$400C_const,1
4204,$400C_vol,0
4204,$400E_period,13
4204,$400E_mode,0
4205,$4000_duty,1
4205,$4000_const,1
4205,$4000_vol,1
4205,$4004_duty,2
4205,$4004_const,1
4205,$4004_vol,6
4205,$400C_const,1
4205,$400C_vol,0
4205,$400E_period,13
4205,$400E_mode,0
4206,$4000_duty,1
4206,$4000_const,1
4206,$4000_vol,1
4206,$4004_duty,2
4206,$4004_const,1
4206,$4004_vol,8
4206,$4008_linear,127
4206,$400A_period,719
4206,$400B_length,9
4206,$400C_const,1
4206,$400C_vol,12
4206,$400E_period,13
4206,$400E_mode,0
4207,$4000_duty,1
4207,$4000_const,1
4207,$4000_vol,1
4207,$4004_duty,2
4207,$4004_const,1
4207,$4004_vol,9
4207,$4008_linear,127
4207,$400C_const,1
4207,$400C_vol,9
4207,$400E_period,13
4207,$400E_mode,0
4208,$4000_duty,1
4208,$4000_const,1
4208,$4000_vol,1
4208,$4004_duty,2
4208,$4004_const,1
4208,$4004_vol,11
4208,$4008_linear,127
4208,$400C_const,1
4208,$400C_vol,6
4208,$400E_period,13
4208,$400E_mode,0
4209,$4000_duty,1
4209,$4000_const,1
4209,$4000_vol,1
4209,$4004_duty,2
4209,$4004_const,1
4209,$4004_vol,13
4209,$4008_linear,127
4209,$400C_const,1
4209,$400C_vol,3
4209,$400E_period,13
4209,$400E_mode,0
4210,$4000_duty,1
4210,$4000_const,1
4210,$4000_vol,1
4210,$4004_duty,2
4210,$4004_const,1
4210,$4004_vol,15
4210,$4008_linear,127
4210,$400C_const,1
4210,$400C_vol,0
4210,$400E_period,13
4210,$400E_mode,0
4211,$4000_duty,1
4211,$4000_const,1
4211,$4000_vol,0
4211,$4004_duty,2
4211,$4004_const,1
4211,$4004_vol,14
4211,$4008_linear,127
4211,$400C_const,1
4211,$400C_vol,0
4211,$400E_period,13
4211,$400E_mode,0
4212,$4000_duty,1
4212,$4000_const,1
4212,$4000_vol,0
4212,$4004_duty,2
4212,$4004_const,1
4212,$4004_vol,12
4212,$4008_linear,127
4212,$400C_const,1
4212,$400C_vol,0
4212,$400E_period,13
4212,$400E_mode,0
4213,$4000_duty,1
4213,$4000_const,1
4213,$4000_vol,12
4213,$4002_period,539
4213,$400B_length,9
4213,$4004_duty,2
4213,$4004_const,1
4213,$4004_vol,11
4213,$4008_linear,127
4213,$400C_const,1
4213,$400C_vol,0
4213,$400E_period,13
4213,$400E_mode,0
4214,$4000_duty,1
4214,$4000_const,1
4214,$4000_vol,11
4214,$4004_duty,2
4214,$4004_const,1
4214,$4004_vol,9
4214,$4008_linear,127
4214,$400C_const,1
4214,$400C_vol,0
4214,$400E_period,13
4214,$400E_mode,0
4215,$4000_duty,1
4215,$4000_const,1
4215,$4000_vol,11
4215,$4004_duty,2
4215,$4004_const,1
4215,$4004_vol,7
4215,$4008_linear,127
4215,$400C_const,1
4215,$400C_vol,0
4215,$400E_period,13
4215,$400E_mode,0
4216,$4000_duty,1
4216,$4000_const,1
4216,$4000_vol,11
4216,$4004_duty,2
4216,$4004_const,1
4216,$4004_vol,5
4216,$4008_linear,127
4216,$400C_const,1
4216,$400C_vol,0
4216,$400E_period,13
4216,$400E_mode,0
4217,$4000_duty,1
4217,$4000_const,1
4217,$4000_vol,11
4217,$4004_duty,2
4217,$4004_const,1
4217,$4004_vol,3
4217,$4008_linear,0
4217,$400C_const,1
4217,$400C_vol,0
4217,$400E_period,13
4217,$400E_mode,0
4218,$4004_duty,0
4218,$4004_const,1
4218,$4004_vol,0
4218,$4001_sweep,8
4218,$4005_sweep,8
4218,$4000_duty,1
4218,$4000_const,1
4218,$4000_vol,10
4218,$4008_linear,0
4218,$400C_const,1
4218,$400C_vol,0
4218,$400E_period,13
4218,$400E_mode,0
4219,$4000_duty,1
4219,$4000_const,1
4219,$4000_vol,10
4219,$400C_const,1
4219,$400C_vol,0
4219,$400E_period,13
4219,$400E_mode,0
4220,$4000_duty,1
4220,$4000_const,1
4220,$4000_vol,9
4221,$4000_duty,1
4221,$4000_const,1
4221,$4000_vol,12
4221,$4002_period,481
4221,$400B_length,8
4221,$4008_linear,127
4221,$400A_period,719
4221,$400B_length,9
4221,$400C_const,1
4221,$400C_vol,12
4221,$400E_period,8
4221,$400E_mode,0
4222,$4000_duty,1
4222,$4000_const,1
4222,$4000_vol,11
4222,$4008_linear,127
4222,$400C_const,1
4222,$400C_vol,9
4222,$400E_period,8
4222,$400E_mode,0
4223,$4000_duty,1
4223,$4000_const,1
4223,$4000_vol,11
4223,$4008_linear,127
4223,$400C_const,1
4223,$400C_vol,6
4223,$400E_period,8
4223,$400E_mode,0
4224,$4000_duty,1
4224,$4000_const,1
4224,$4000_vol,11
4224,$4008_linear,127
4224,$400C_const,1
4224,$400C_vol,3
4224,$400E_period,8
4224,$400E_mode,0
4225,$4000_duty,1
4225,$4000_const,1
4225,$4000_vol,11
4225,$4008_linear,127
4225,$400C_const,1
4225,$400C_vol,0
4225,$400E_period,8
4225,$400E_mode,0
4226,$4000_duty,1
4226,$4000_const,1
4226,$4000_vol,10
4226,$4008_linear,127
4226,$400C_const,1
4226,$400C_vol,0
4226,$400E_period,8
4226,$400E_mode,0
4227,$4000_duty,1
4227,$4000_const,1
4227,$4000_vol,10
4227,$4008_linear,127
4227,$400C_const,1
4227,$400C_vol,0
4227,$400E_period,8
4227,$400E_mode,0
4228,$4000_duty,1
4228,$4000_const,1
4228,$4000_vol,12
4228,$4002_period,539
4228,$400B_length,9
4228,$4008_linear,127
4228,$400C_const,1
4228,$400C_vol,0
4228,$400E_period,8
4228,$400E_mode,0
4229,$4000_duty,1
4229,$4000_const,1
4229,$4000_vol,11
4229,$4008_linear,127
4229,$400C_const,1
4229,$400C_vol,0
4229,$400E_period,8
4229,$400E_mode,0
4230,$4000_duty,1
4230,$4000_const,1
4230,$4000_vol,11
4230,$4008_linear,127
4230,$400C_const,1
4230,$400C_vol,0
4230,$400E_period,8
4230,$400E_mode,0
4231,$4000_duty,1
4231,$4000_const,1
4231,$4000_vol,11
4231,$4008_linear,127
4231,$400C_const,1
4231,$400C_vol,0
4231,$400E_period,8
4231,$400E_mode,0
4232,$4000_duty,1
4232,$4000_const,1
4232,$4000_vol,11
4232,$4008_linear,0
4232,$400C_const,1
4232,$400C_vol,0
4232,$400E_period,8
4232,$400E_mode,0
4233,$4000_duty,1
4233,$4000_const,1
4233,$4000_vol,10
4233,$4008_linear,0
4233,$400C_const,1
4233,$400C_vol,0
4233,$400E_period,8
4233,$400E_mode,0
4234,$4000_duty,1
4234,$4000_const,1
4234,$4000_vol,10
4234,$400C_const,1
4234,$400C_vol,0
4234,$400E_period,8
4234,$400E_mode,0
4235,$4000_duty,1
4235,$4000_const,1
4235,$4000_vol,9
4236,$4000_duty,1
4236,$4000_const,1
4236,$4000_vol,12
4236,$4002_period,571
4236,$400B_length,9
4236,$4004_duty,2
4236,$4004_const,1
4236,$4004_vol,12
4236,$4006_period,719
4236,$4008_linear,127
4236,$400A_period,719
4236,$400B_length,9
4236,$400C_const,1
4236,$400C_vol,12
4236,$400E_period,13
4236,$400E_mode,0
4237,$4000_duty,1
4237,$4000_const,1
4237,$4000_vol,11
4237,$4004_duty,2
4237,$4004_const,1
4237,$4004_vol,11
4237,$4008_linear,127
4237,$400C_const,1
4237,$400C_vol,9
4237,$400E_period,13
4237,$400E_mode,0
4238,$4000_duty,1
4238,$4000_const,1
4238,$4000_vol,11
4238,$4004_duty,2
4238,$4004_const,1
4238,$4004_vol,11
4238,$4008_linear,127
4238,$400C_const,1
4238,$400C_vol,6
4238,$400E_period,13
4238,$400E_mode,0
4239,$4000_duty,1
4239,$4000_const,1
4239,$4000_vol,11
4239,$4004_duty,2
4239,$4004_const,1
4239,$4004_vol,11
4239,$4008_linear,127
4239,$400C_const,1
4239,$400C_vol,3
4239,$400E_period,13
4239,$400E_mode,0
4240,$4000_duty,1
4240,$4000_const,1
4240,$4000_vol,11
4240,$4004_duty,2
4240,$4004_const,1
4240,$4004_vol,11
4240,$4008_linear,127
4240,$400C_const,1
4240,$400C_vol,0
4240,$400E_period,13
4240,$400E_mode,0
4241,$4000_duty,1
4241,$4000_const,1
4241,$4000_vol,10
4241,$4004_duty,2
4241,$4004_const,1
4241,$4004_vol,11
4241,$4008_linear,127
4241,$400C_const,1
4241,$400C_vol,0
4241,$400E_period,13
4241,$400E_mode,0
4242,$4000_duty,1
4242,$4000_const,1
4242,$4000_vol,10
4242,$4004_duty,2
4242,$4004_const,1
4242,$4004_vol,11
4242,$4008_linear,127
4242,$400C_const,1
4242,$400C_vol,0
4242,$400E_period,13
4242,$400E_mode,0
4243,$4000_duty,1
4243,$4000_const,1
4243,$4000_vol,9
4243,$4004_duty,2
4243,$4004_const,1
4243,$4004_vol,11
4243,$4008_linear,127
4243,$400C_const,1
4243,$400C_vol,0
4243,$400E_period,13
4243,$400E_mode,0
4244,$4000_duty,1
4244,$4000_const,1
4244,$4000_vol,9
4244,$4004_duty,2
4244,$4004_const,1
4244,$4004_vol,11
4244,$4008_linear,127
4244,$400C_const,1
4244,$400C_vol,0
4244,$400E_period,13
4244,$400E_mode,0
4245,$4000_duty,1
4245,$4000_const,1
4245,$4000_vol,8
4245,$4004_duty,2
4245,$4004_const,1
4245,$4004_vol,10
4245,$4008_linear,127
4245,$400C_const,1
4245,$400C_vol,0
4245,$400E_period,13
4245,$400E_mode,0
4246,$4000_duty,1
4246,$4000_const,1
4246,$4000_vol,7
4246,$4004_duty,2
4246,$4004_const,1
4246,$4004_vol,10
4246,$4008_linear,127
4246,$400C_const,1
4246,$400C_vol,0
4246,$400E_period,13
4246,$400E_mode,0
4247,$4000_duty,1
4247,$4000_const,1
4247,$4000_vol,7
4247,$4004_duty,2
4247,$4004_const,1
4247,$4004_vol,10
4247,$4008_linear,0
4247,$400C_const,1
4247,$400C_vol,0
4247,$400E_period,13
4247,$400E_mode,0
4248,$4000_duty,1
4248,$4000_const,1
4248,$4000_vol,6
4248,$4004_duty,2
4248,$4004_const,1
4248,$4004_vol,10
4248,$4008_linear,0
4248,$400C_const,1
4248,$400C_vol,0
4248,$400E_period,13
4248,$400E_mode,0
4249,$4000_duty,1
4249,$4000_const,1
4249,$4000_vol,5
4249,$4004_duty,2
4249,$4004_const,1
4249,$4004_vol,10
4249,$400C_const,1
4249,$400C_vol,0
4249,$400E_period,13
4249,$400E_mode,0
4250,$4000_duty,1
4250,$4000_const,1
4250,$4000_vol,5
4250,$4004_duty,2
4250,$4004_const,1
4250,$4004_vol,10
4251,$4000_duty,1
4251,$4000_const,1
4251,$4000_vol,4
4251,$4004_duty,2
4251,$4004_const,1
4251,$4004_vol,10
4251,$4008_linear,127
4251,$400A_period,719
4251,$400B_length,9
4251,$400C_const,1
4251,$400C_vol,12
4251,$400E_period,8
4251,$400E_mode,0
4252,$4000_duty,1
4252,$4000_const,1
4252,$4000_vol,4
4252,$4004_duty,2
4252,$4004_const,1
4252,$4004_vol,9
4252,$4008_linear,127
4252,$400C_const,1
4252,$400C_vol,9
4252,$400E_period,8
4252,$400E_mode,0
4253,$4000_duty,1
4253,$4000_const,1
4253,$4000_vol,3
4253,$4004_duty,2
4253,$4004_const,1
4253,$4004_vol,8
4253,$4008_linear,127
4253,$400C_const,1
4253,$400C_vol,6
4253,$400E_period,8
4253,$400E_mode,0
4254,$4000_duty,1
4254,$4000_const,1
4254,$4000_vol,2
4254,$4004_duty,2
4254,$4004_const,1
4254,$4004_vol,8
4254,$4008_linear,127
4254,$400C_const,1
4254,$400C_vol,3
4254,$400E_period,8
4254,$400E_mode,0
4255,$4000_duty,1
4255,$4000_const,1
4255,$4000_vol,2
4255,$4004_duty,2
4255,$4004_const,1
4255,$4004_vol,7
4255,$4008_linear,127
4255,$400C_const,1
4255,$400C_vol,0
4255,$400E_period,8
4255,$400E_mode,0
4256,$4000_duty,1
4256,$4000_const,1
4256,$4000_vol,1
4256,$4004_duty,2
4256,$4004_const,1
4256,$4004_vol,7
4256,$4008_linear,127
4256,$400C_const,1
4256,$400C_vol,0
4256,$400E_period,8
4256,$400E_mode,0
4257,$4000_duty,1
4257,$4000_const,1
4257,$4000_vol,0
4257,$4004_duty,2
4257,$4004_const,1
4257,$4004_vol,6
4257,$4008_linear,127
4257,$400C_const,1
4257,$400C_vol,0
4257,$400E_period,8
4257,$400E_mode,0
4258,$4000_duty,1
4258,$4000_const,1
4258,$4000_vol,12
4258,$4002_period,359
4258,$400B_length,8
4258,$4004_duty,2
4258,$4004_const,1
4258,$4004_vol,12
4258,$4006_period,571
4258,$4008_linear,127
4258,$400C_const,1
4258,$400C_vol,0
4258,$400E_period,8
4258,$400E_mode,0
4259,$4000_duty,1
4259,$4000_const,1
4259,$4000_vol,11
4259,$4004_duty,2
4259,$4004_const,1
4259,$4004_vol,11
4259,$4008_linear,127
4259,$400C_const,1
4259,$400C_vol,0
4259,$400E_period,8
4259,$400E_mode,0
4260,$4000_duty,1
4260,$4000_const,1
4260,$4000_vol,11
4260,$4004_duty,2
4260,$4004_const,1
4260,$4004_vol,11
4260,$4008_linear,127
4260,$400C_const,1
4260,$400C_vol,0
4260,$400E_period,8
4260,$400E_mode,0
4261,$4000_duty,1
4261,$4000_const,1
4261,$4000_vol,11
4261,$4004_duty,2
4261,$4004_const,1
4261,$4004_vol,11
4261,$4008_linear,127
4261,$400C_const,1
4261,$400C_vol,0
4261,$400E_period,8
4261,$400E_mode,0
4262,$4000_duty,1
4262,$4000_const,1
4262,$4000_vol,11
4262,$4004_duty,2
4262,$4004_const,1
4262,$4004_vol,11
4262,$4008_linear,0
4262,$400C_const,1
4262,$400C_vol,0
4262,$400E_period,8
4262,$400E_mode,0
4263,$4000_duty,1
4263,$4000_const,1
4263,$4000_vol,11
4263,$4004_duty,2
4263,$4004_const,1
4263,$4004_vol,11
4263,$4008_linear,0
4263,$400C_const,1
4263,$400C_vol,0
4263,$400E_period,8
4263,$400E_mode,0
4264,$4000_duty,1
4264,$4000_const,1
4264,$4000_vol,11
4264,$4004_duty,2
4264,$4004_const,1
4264,$4004_vol,11
4264,$400C_const,1
4264,$400C_vol,0
4264,$400E_period,8
4264,$400E_mode,0
4265,$4000_duty,1
4265,$4000_const,1
4265,$4000_vol,11
4265,$4004_duty,2
4265,$4004_const,1
4265,$4004_vol,11
4266,$4000_duty,1
4266,$4000_const,1
4266,$4000_vol,11
4266,$4004_duty,2
4266,$4004_const,1
4266,$4004_vol,11
4266,$4008_linear,127
4266,$400A_period,719
4266,$400B_length,9
4266,$400C_const,1
4266,$400C_vol,12
4266,$400E_period,13
4266,$400E_mode,0
4267,$4000_duty,1
4267,$4000_const,1
4267,$4000_vol,10
4267,$4004_duty,2
4267,$4004_const,1
4267,$4004_vol,10
4267,$4008_linear,127
4267,$400C_const,1
4267,$400C_vol,9
4267,$400E_period,13
4267,$400E_mode,0
4268,$4000_duty,1
4268,$4000_const,1
4268,$4000_vol,10
4268,$4004_duty,2
4268,$4004_const,1
4268,$4004_vol,10
4268,$4008_linear,127
4268,$400C_const,1
4268,$400C_vol,6
4268,$400E_period,13
4268,$400E_mode,0
4269,$4000_duty,1
4269,$4000_const,1
4269,$4000_vol,10
4269,$4004_duty,2
4269,$4004_const,1
4269,$4004_vol,10
4269,$4008_linear,127
4269,$400C_const,1
4269,$400C_vol,3
4269,$400E_period,13
4269,$400E_mode,0
4270,$4000_duty,1
4270,$4000_const,1
4270,$4000_vol,10
4270,$4004_duty,2
4270,$4004_const,1
4270,$4004_vol,10
4270,$4008_linear,127
4270,$400C_const,1
4270,$400C_vol,0
4270,$400E_period,13
4270,$400E_mode,0
4271,$4000_duty,1
4271,$4000_const,1
4271,$4000_vol,10
4271,$4004_duty,2
4271,$4004_const,1
4271,$4004_vol,10
4271,$4008_linear,127
4271,$400C_const,1
4271,$400C_vol,0
4271,$400E_period,13
4271,$400E_mode,0
4272,$4000_duty,1
4272,$4000_const,1
4272,$4000_vol,10
4272,$4004_duty,2
4272,$4004_const,1
4272,$4004_vol,10
4272,$4008_linear,127
4272,$400C_const,1
4272,$400C_vol,0
4272,$400E_period,13
4272,$400E_mode,0
4273,$4000_duty,1
4273,$4000_const,1
4273,$4000_vol,10
4273,$4004_duty,2
4273,$4004_const,1
4273,$4004_vol,10
4273,$4008_linear,127
4273,$400C_const,1
4273,$400C_vol,0
4273,$400E_period,13
4273,$400E_mode,0
4274,$4000_duty,1
4274,$4000_const,1
4274,$4000_vol,10
4274,$4004_duty,2
4274,$4004_const,1
4274,$4004_vol,10
4274,$4008_linear,127
4274,$400C_const,1
4274,$400C_vol,0
4274,$400E_period,13
4274,$400E_mode,0
4275,$4000_duty,1
4275,$4000_const,1
4275,$4000_vol,9
4275,$4004_duty,2
4275,$4004_const,1
4275,$4004_vol,9
4275,$4008_linear,127
4275,$400C_const,1
4275,$400C_vol,0
4275,$400E_period,13
4275,$400E_mode,0
4276,$4000_duty,1
4276,$4000_const,1
4276,$4000_vol,9
4276,$4004_duty,2
4276,$4004_const,1
4276,$4004_vol,9
4276,$4008_linear,127
4276,$400C_const,1
4276,$400C_vol,0
4276,$400E_period,13
4276,$400E_mode,0
4277,$4000_duty,1
4277,$4000_const,1
4277,$4000_vol,9
4277,$4004_duty,2
4277,$4004_const,1
4277,$4004_vol,9
4277,$4008_linear,127
4277,$400C_const,1
4277,$400C_vol,0
4277,$400E_period,13
4277,$400E_mode,0
4278,$4000_duty,1
4278,$4000_const,1
4278,$4000_vol,9
4278,$4004_duty,2
4278,$4004_const,1
4278,$4004_vol,9
4278,$4008_linear,127
4278,$400C_const,1
4278,$400C_vol,0
4278,$400E_period,13
4278,$400E_mode,0
4279,$4000_duty,1
4279,$4000_const,1
4279,$4000_vol,9
4279,$4004_duty,2
4279,$4004_const,1
4279,$4004_vol,9
4279,$4008_linear,127
4279,$400C_const,1
4279,$400C_vol,0
4279,$400E_period,13
4279,$400E_mode,0
4280,$4000_duty,1
4280,$4000_const,1
4280,$4000_vol,9
4280,$4004_duty,2
4280,$4004_const,1
4280,$4004_vol,9
4280,$4008_linear,127
4281,$4000_duty,1
4281,$4000_const,1
4281,$4000_vol,9
4281,$4004_duty,2
4281,$4004_const,1
4281,$4004_vol,9
4281,$4008_linear,127
4281,$400C_const,1
4281,$400C_vol,12
4281,$400E_period,8
4281,$400E_mode,0
4282,$400C_const,1
4282,$400C_vol,0
4282,$4001_sweep,8
4282,$4005_sweep,8
4282,$4000_duty,1
4282,$4000_const,1
4282,$4000_vol,9
4282,$4004_duty,2
4282,$4004_const,1
4282,$4004_vol,9
4282,$4008_linear,127
4283,$4000_duty,1
4283,$4000_const,1
4283,$4000_vol,8
4283,$4004_duty,2
4283,$4004_const,1
4283,$4004_vol,8
4283,$4008_linear,127
4283,$400C_const,1
4283,$400C_vol,15
4283,$400E_period,12
4283,$400E_mode,0
4284,$4000_duty,1
4284,$4000_const,1
4284,$4000_vol,8
4284,$4004_duty,2
4284,$4004_const,1
4284,$4004_vol,8
4284,$4008_linear,0
4284,$400C_const,1
4284,$400C_vol,12
4284,$400E_period,12
4284,$400E_mode,0
4285,$4000_duty,1
4285,$4000_const,1
4285,$4000_vol,8
4285,$4004_duty,2
4285,$4004_const,1
4285,$4004_vol,8
4285,$400C_const,1
4285,$400C_vol,12
4285,$400E_period,12
4285,$400E_mode,0
4286,$4000_duty,1
4286,$4000_const,1
4286,$4000_vol,8
4286,$4004_duty,2
4286,$4004_const,1
4286,$4004_vol,8
4287,$4000_duty,1
4287,$4000_const,1
4287,$4000_vol,8
4287,$4004_duty,2
4287,$4004_const,1
4287,$4004_vol,8
4287,$400C_const,1
4287,$400C_vol,15
4287,$400E_period,6
4287,$400E_mode,0
4288,$4000_duty,1
4288,$4000_const,1
4288,$4000_vol,8
4288,$4004_duty,2
4288,$4004_const,1
4288,$4004_vol,8
4288,$4008_linear,127
4288,$400A_period,719
4288,$400B_length,9
4288,$400C_const,1
4288,$400C_vol,12
4288,$400E_period,6
4288,$400E_mode,0
4289,$4000_duty,1
4289,$4000_const,1
4289,$4000_vol,8
4289,$4004_duty,2
4289,$4004_const,1
4289,$4004_vol,8
4289,$4008_linear,127
4289,$400C_const,1
4289,$400C_vol,12
4289,$400E_period,6
4289,$400E_mode,0
4290,$4000_duty,1
4290,$4000_const,1
4290,$4000_vol,8
4290,$4004_duty,2
4290,$4004_const,1
4290,$4004_vol,8
4290,$4008_linear,127
4290,$400C_const,1
4290,$400C_vol,12
4290,$400E_period,6
4290,$400E_mode,0
4291,$4000_duty,1
4291,$4000_const,1
4291,$4000_vol,7
4291,$4004_duty,2
4291,$4004_const,1
4291,$4004_vol,7
4291,$4008_linear,127
4291,$400C_const,1
4291,$400C_vol,12
4291,$400E_period,6
4291,$400E_mode,0
4292,$4000_duty,1
4292,$4000_const,1
4292,$4000_vol,7
4292,$4004_duty,2
4292,$4004_const,1
4292,$4004_vol,7
4292,$4008_linear,127
4292,$400C_const,1
4292,$400C_vol,11
4292,$400E_period,6
4292,$400E_mode,0
4293,$4000_duty,1
4293,$4000_const,1
4293,$4000_vol,7
4293,$4004_duty,2
4293,$4004_const,1
4293,$4004_vol,7
4293,$4008_linear,127
4293,$400C_const,1
4293,$400C_vol,11
4293,$400E_period,6
4293,$400E_mode,0
4294,$4000_duty,1
4294,$4000_const,1
4294,$4000_vol,7
4294,$4004_duty,2
4294,$4004_const,1
4294,$4004_vol,7
4294,$4008_linear,127
4294,$400C_const,1
4294,$400C_vol,11
4294,$400E_period,6
4294,$400E_mode,0
4295,$4000_duty,1
4295,$4000_const,1
4295,$4000_vol,7
4295,$4004_duty,2
4295,$4004_const,1
4295,$4004_vol,7
4295,$4008_linear,127
4295,$400C_const,1
4295,$400C_vol,11
4295,$400E_period,6
4295,$400E_mode,0
4296,$4000_duty,1
4296,$4000_const,1
4296,$4000_vol,7
4296,$4004_duty,2
4296,$4004_const,1
4296,$4004_vol,7
4296,$4008_linear,127
4296,$400C_const,1
4296,$400C_vol,11
4296,$400E_period,6
4296,$400E_mode,0
4297,$4000_duty,1
4297,$4000_const,1
4297,$4000_vol,7
4297,$4004_duty,2
4297,$4004_const,1
4297,$4004_vol,7
4297,$4008_linear,127
4297,$400C_const,1
4297,$400C_vol,10
4297,$400E_period,6
4297,$400E_mode,0
4298,$4000_duty,1
4298,$4000_const,1
4298,$4000_vol,7
4298,$4004_duty,2
4298,$4004_const,1
4298,$4004_vol,7
4298,$4008_linear,127
4298,$400C_const,1
4298,$400C_vol,10
4298,$400E_period,6
4298,$400E_mode,0
4299,$4000_duty,1
4299,$4000_const,1
4299,$4000_vol,6
4299,$4004_duty,2
4299,$4004_const,1
4299,$4004_vol,6
4299,$4008_linear,127
4299,$400C_const,1
4299,$400C_vol,10
4299,$400E_period,6
4299,$400E_mode,0
4300,$4000_duty,1
4300,$4000_const,1
4300,$4000_vol,6
4300,$4004_duty,2
4300,$4004_const,1
4300,$4004_vol,6
4300,$4008_linear,0
4300,$400C_const,1
4300,$400C_vol,10
4300,$400E_period,6
4300,$400E_mode,0
4301,$4000_duty,1
4301,$4000_const,1
4301,$4000_vol,6
4301,$4004_duty,2
4301,$4004_const,1
4301,$4004_vol,6
4301,$4008_linear,0
4301,$400C_const,1
4301,$400C_vol,10
4301,$400E_period,6
4301,$400E_mode,0
4302,$4000_duty,1
4302,$4000_const,1
4302,$4000_vol,6
4302,$4004_duty,2
4302,$4004_const,1
4302,$4004_vol,6
4302,$400C_const,1
4302,$400C_vol,9
4302,$400E_period,6
4302,$400E_mode,0
4303,$4000_duty,1
4303,$4000_const,1
4303,$4000_vol,6
4303,$4004_duty,2
4303,$4004_const,1
4303,$4004_vol,6
4303,$4008_linear,127
4303,$400A_period,719
4303,$400B_length,9
4303,$400C_const,1
4303,$400C_vol,9
4303,$400E_period,6
4303,$400E_mode,0
4304,$4000_duty,1
4304,$4000_const,1
4304,$4000_vol,6
4304,$4004_duty,2
4304,$4004_const,1
4304,$4004_vol,6
4304,$4008_linear,127
4304,$400C_const,1
4304,$400C_vol,9
4304,$400E_period,6
4304,$400E_mode,0
4305,$4000_duty,1
4305,$4000_const,1
4305,$4000_vol,6
4305,$4004_duty,2
4305,$4004_const,1
4305,$4004_vol,6
4305,$4008_linear,127
4305,$400C_const,1
4305,$400C_vol,9
4305,$400E_period,6
4305,$400E_mode,0
4306,$4000_duty,1
4306,$4000_const,1
4306,$4000_vol,6
4306,$4004_duty,2
4306,$4004_const,1
4306,$4004_vol,6
4306,$4008_linear,127
4306,$400C_const,1
4306,$400C_vol,9
4306,$400E_period,6
4306,$400E_mode,0
4307,$4000_duty,1
4307,$4000_const,1
4307,$4000_vol,5
4307,$4004_duty,2
4307,$4004_const,1
4307,$4004_vol,5
4307,$4008_linear,127
4307,$400C_const,1
4307,$400C_vol,9
4307,$400E_period,6
4307,$400E_mode,0
4308,$4000_duty,1
4308,$4000_const,1
4308,$4000_vol,5
4308,$4004_duty,2
4308,$4004_const,1
4308,$4004_vol,5
4308,$4008_linear,127
4308,$400C_const,1
4308,$400C_vol,8
4308,$400E_period,6
4308,$400E_mode,0
4309,$4000_duty,1
4309,$4000_const,1
4309,$4000_vol,5
4309,$4004_duty,2
4309,$4004_const,1
4309,$4004_vol,5
4309,$4008_linear,127
4309,$400C_const,1
4309,$400C_vol,8
4309,$400E_period,6
4309,$400E_mode,0
4310,$4000_duty,1
4310,$4000_const,1
4310,$4000_vol,5
4310,$4004_duty,2
4310,$4004_const,1
4310,$4004_vol,5
4310,$4008_linear,127
4310,$400C_const,1
4310,$400C_vol,8
4310,$400E_period,6
4310,$400E_mode,0
4311,$4000_duty,1
4311,$4000_const,1
4311,$4000_vol,5
4311,$4004_duty,2
4311,$4004_const,1
4311,$4004_vol,5
4311,$4008_linear,127
4311,$400C_const,1
4311,$400C_vol,8
4311,$400E_period,6
4311,$400E_mode,0
4312,$4000_duty,1
4312,$4000_const,1
4312,$4000_vol,5
4312,$4004_duty,2
4312,$4004_const,1
4312,$4004_vol,5
4312,$4008_linear,127
4312,$400C_const,1
4312,$400C_vol,8
4312,$400E_period,6
4312,$400E_mode,0
4313,$4000_duty,1
4313,$4000_const,1
4313,$4000_vol,5
4313,$4004_duty,2
4313,$4004_const,1
4313,$4004_vol,5
4313,$4008_linear,127
4313,$400C_const,1
4313,$400C_vol,7
4313,$400E_period,6
4313,$400E_mode,0
4314,$4000_duty,1
4314,$4000_const,1
4314,$4000_vol,5
4314,$4004_duty,2
4314,$4004_const,1
4314,$4004_vol,5
4314,$4008_linear,127
4314,$400C_const,1
4314,$400C_vol,7
4314,$400E_period,6
4314,$400E_mode,0
4315,$4000_duty,1
4315,$4000_const,1
4315,$4000_vol,4
4315,$4004_duty,2
4315,$4004_const,1
4315,$4004_vol,4
4315,$4008_linear,0
4315,$400C_const,1
4315,$400C_vol,7
4315,$400E_period,6
4315,$400E_mode,0
4316,$4000_duty,1
4316,$4000_const,1
4316,$4000_vol,4
4316,$4004_duty,2
4316,$4004_const,1
4316,$4004_vol,4
4316,$4008_linear,0
4316,$400C_const,1
4316,$400C_vol,7
4316,$400E_period,6
4316,$400E_mode,0
4317,$4000_duty,1
4317,$4000_const,1
4317,$4000_vol,4
4317,$4004_duty,2
4317,$4004_const,1
4317,$4004_vol,4
4317,$400C_const,1
4317,$400C_vol,7
4317,$400E_period,6
4317,$400E_mode,0
4318,$4000_duty,1
4318,$4000_const,1
4318,$4000_vol,4
4318,$4004_duty,2
4318,$4004_const,1
4318,$4004_vol,4
4318,$4008_linear,127
4318,$400A_period,719
4318,$400B_length,9
4318,$400C_const,1
4318,$400C_vol,6
4318,$400E_period,6
4318,$400E_mode,0
4319,$4000_duty,1
4319,$4000_const,1
4319,$4000_vol,4
4319,$4004_duty,2
4319,$4004_const,1
4319,$4004_vol,4
4319,$4008_linear,127
4319,$400C_const,1
4319,$400C_vol,6
4319,$400E_period,6
4319,$400E_mode,0
4320,$4000_duty,1
4320,$4000_const,1
4320,$4000_vol,4
4320,$4004_duty,2
4320,$4004_const,1
4320,$4004_vol,4
4320,$4008_linear,127
4320,$400C_const,1
4320,$400C_vol,6
4320,$400E_period,6
4320,$400E_mode,0
4321,$4000_duty,1
4321,$4000_const,1
4321,$4000_vol,4
4321,$4004_duty,2
4321,$4004_const,1
4321,$4004_vol,4
4321,$4008_linear,127
4321,$400C_const,1
4321,$400C_vol,6
4321,$400E_period,6
4321,$400E_mode,0
4322,$4000_duty,1
4322,$4000_const,1
4322,$4000_vol,4
4322,$4004_duty,2
4322,$4004_const,1
4322,$4004_vol,4
4322,$4008_linear,127
4322,$400C_const,1
4322,$400C_vol,6
4322,$400E_period,6
4322,$400E_mode,0
4323,$4000_duty,1
4323,$4000_const,1
4323,$4000_vol,3
4323,$4004_duty,2
4323,$4004_const,1
4323,$4004_vol,3
4323,$4008_linear,127
4323,$400C_const,1
4323,$400C_vol,6
4323,$400E_period,6
4323,$400E_mode,0
4324,$4000_duty,1
4324,$4000_const,1
4324,$4000_vol,3
4324,$4004_duty,2
4324,$4004_const,1
4324,$4004_vol,3
4324,$4008_linear,0
4324,$400C_const,1
4324,$400C_vol,5
4324,$400E_period,6
4324,$400E_mode,0
4325,$4000_duty,1
4325,$4000_const,1
4325,$4000_vol,3
4325,$4004_duty,2
4325,$4004_const,1
4325,$4004_vol,3
4325,$400C_const,1
4325,$400C_vol,5
4325,$400E_period,6
4325,$400E_mode,0
4326,$4000_duty,1
4326,$4000_const,1
4326,$4000_vol,3
4326,$4004_duty,2
4326,$4004_const,1
4326,$4004_vol,3
4326,$4008_linear,127
4326,$400A_period,719
4326,$400B_length,9
4326,$400C_const,1
4326,$400C_vol,5
4326,$400E_period,6
4326,$400E_mode,0
4327,$4000_duty,1
4327,$4000_const,1
4327,$4000_vol,3
4327,$4004_duty,2
4327,$4004_const,1
4327,$4004_vol,3
4327,$4008_linear,127
4327,$400C_const,1
4327,$400C_vol,5
4327,$400E_period,6
4327,$400E_mode,0
4328,$4000_duty,1
4328,$4000_const,1
4328,$4000_vol,3
4328,$4004_duty,2
4328,$4004_const,1
4328,$4004_vol,3
4328,$4008_linear,127
4328,$400C_const,1
4328,$400C_vol,5
4328,$400E_period,6
4328,$400E_mode,0
4329,$4000_duty,1
4329,$4000_const,1
4329,$4000_vol,3
4329,$4004_duty,2
4329,$4004_const,1
4329,$4004_vol,3
4329,$4008_linear,127
4329,$400C_const,1
4329,$400C_vol,4
4329,$400E_period,6
4329,$400E_mode,0
4330,$4000_duty,1
4330,$4000_const,1
4330,$4000_vol,3
4330,$4004_duty,2
4330,$4004_const,1
4330,$4004_vol,3
4330,$4008_linear,127
4330,$400C_const,1
4330,$400C_vol,4
4330,$400E_period,6
4330,$400E_mode,0
4331,$4000_duty,1
4331,$4000_const,1
4331,$4000_vol,2
4331,$4004_duty,2
4331,$4004_const,1
4331,$4004_vol,2
4331,$4008_linear,127
4331,$400C_const,1
4331,$400C_vol,4
4331,$400E_period,6
4331,$400E_mode,0
4332,$4000_duty,1
4332,$4000_const,1
4332,$4000_vol,2
4332,$4004_duty,2
4332,$4004_const,1
4332,$4004_vol,2
4332,$4008_linear,127
4332,$400C_const,1
4332,$400C_vol,4
4332,$400E_period,6
4332,$400E_mode,0
4333,$4000_duty,1
4333,$4000_const,1
4333,$4000_vol,2
4333,$4004_duty,2
4333,$4004_const,1
4333,$4004_vol,2
4333,$4008_linear,127
4333,$400C_const,1
4333,$400C_vol,4
4333,$400E_period,6
4333,$400E_mode,0
4334,$4000_duty,1
4334,$4000_const,1
4334,$4000_vol,1
4334,$4004_duty,2
4334,$4004_const,1
4334,$4004_vol,1
4334,$4008_linear,127
4334,$400C_const,1
4334,$400C_vol,3
4334,$400E_period,6
4334,$400E_mode,0
4335,$4000_duty,1
4335,$4000_const,1
4335,$4000_vol,0
4335,$4004_duty,2
4335,$4004_const,1
4335,$4004_vol,0
4335,$4008_linear,127
4335,$400C_const,1
4335,$400C_vol,3
4335,$400E_period,6
4335,$400E_mode,0
4336,$4000_duty,1
4336,$4000_const,1
4336,$4000_vol,0
4336,$4004_duty,2
4336,$4004_const,1
4336,$4004_vol,0
4336,$4008_linear,127
4336,$400C_const,1
4336,$400C_vol,3
4336,$400E_period,6
4336,$400E_mode,0
4337,$4000_duty,1
4337,$4000_const,1
4337,$4000_vol,0
4337,$4004_duty,2
4337,$4004_const,1
4337,$4004_vol,0
4337,$4008_linear,127
4337,$400C_const,1
4337,$400C_vol,3
4337,$400E_period,6
4337,$400E_mode,0
4338,$4000_duty,1
4338,$4000_const,1
4338,$4000_vol,0
4338,$4004_duty,2
4338,$4004_const,1
4338,$4004_vol,0
4338,$4008_linear,0
4338,$400C_const,1
4338,$400C_vol,3
4338,$400E_period,6
4338,$400E_mode,0
4339,$4000_duty,1
4339,$4000_const,1
4339,$4000_vol,0
4339,$4004_duty,2
4339,$4004_const,1
4339,$4004_vol,0
4339,$400C_const,1
4339,$400C_vol,3
4339,$400E_period,6
4339,$400E_mode,0
4340,$4000_duty,1
4340,$4000_const,1
4340,$4000_vol,0
4340,$4004_duty,2
4340,$4004_const,1
4340,$4004_vol,0
4340,$400C_const,1
4340,$400C_vol,2
4340,$400E_period,6
4340,$400E_mode,0
4341,$4000_duty,1
4341,$4000_const,1
4341,$4000_vol,0
4341,$4004_duty,2
4341,$4004_const,1
4341,$4004_vol,0
4341,$4008_linear,127
4341,$400A_period,719
4341,$400B_length,9
4341,$400C_const,1
4341,$400C_vol,2
4341,$400E_period,6
4341,$400E_mode,0
4342,$4000_duty,1
4342,$4000_const,1
4342,$4000_vol,0
4342,$4004_duty,2
4342,$4004_const,1
4342,$4004_vol,0
4342,$4008_linear,127
4342,$400C_const,1
4342,$400C_vol,2
4342,$400E_period,6
4342,$400E_mode,0
4343,$4008_linear,127
4343,$400C_const,1
4343,$400C_vol,2
4343,$400E_period,6
4343,$400E_mode,0
4344,$4008_linear,127
4344,$400C_const,1
4344,$400C_vol,2
4344,$400E_period,6
4344,$400E_mode,0
4345,$4008_linear,127
4345,$400C_const,1
4345,$400C_vol,1
4345,$400E_period,6
4345,$400E_mode,0
4346,$4008_linear,127
4346,$400C_const,1
4346,$400C_vol,1
4346,$400E_period,6
4346,$400E_mode,0
4347,$400C_const,1
4347,$400C_vol,0
4347,$4001_sweep,8
4347,$4005_sweep,8
4347,$4008_linear,127
4347,$400C_const,1
4347,$400C_vol,0
4347,$400E_period,8
4347,$400E_mode,0
4348,$4008_linear,127
4348,$400C_const,1
4348,$400C_vol,0
4348,$400E_period,8
4348,$400E_mode,0
4349,$4008_linear,127
4349,$400C_const,1
4349,$400C_vol,0
4349,$400E_period,8
4349,$400E_mode,0
4350,$4008_linear,127
4350,$400C_const,1
4350,$400C_vol,0
4350,$400E_period,8
4350,$400E_mode,0
4351,$4008_linear,127
4351,$400C_const,1
4351,$400C_vol,0
4351,$400E_period,8
4351,$400E_mode,0
4352,$4008_linear,127
4352,$400C_const,1
4352,$400C_vol,0
4352,$400E_period,8
4352,$400E_mode,0
4353,$4008_linear,0
4353,$400C_const,1
4353,$400C_vol,0
4353,$400E_period,8
4353,$400E_mode,0
4354,$400C_const,1
4354,$400C_vol,0
4354,$400E_period,8
4354,$400E_mode,0
4356,$4000_duty,1
4356,$4000_const,1
4356,$4000_vol,12
4356,$4002_period,481
4356,$400B_length,8
4356,$4004_duty,2
4356,$4004_const,1
4356,$4004_vol,12
4356,$4006_period,571
4356,$4008_linear,127
4356,$400A_period,719
4356,$400B_length,9
4356,$400C_const,1
4356,$400C_vol,12
4356,$400E_period,13
4356,$400E_mode,0
4357,$4000_duty,1
4357,$4000_const,1
4357,$4000_vol,11
4357,$4004_duty,2
4357,$4004_const,1
4357,$4004_vol,11
4357,$4008_linear,127
4357,$400C_const,1
4357,$400C_vol,9
4357,$400E_period,13
4357,$400E_mode,0
4358,$4000_duty,1
4358,$4000_const,1
4358,$4000_vol,11
4358,$4004_duty,2
4358,$4004_const,1
4358,$4004_vol,11
4358,$4008_linear,127
4358,$400C_const,1
4358,$400C_vol,6
4358,$400E_period,13
4358,$400E_mode,0
4359,$4000_duty,1
4359,$4000_const,1
4359,$4000_vol,11
4359,$4004_duty,2
4359,$4004_const,1
4359,$4004_vol,11
4359,$4008_linear,127
4359,$400C_const,1
4359,$400C_vol,3
4359,$400E_period,13
4359,$400E_mode,0
4360,$4000_duty,1
4360,$4000_const,1
4360,$4000_vol,11
4360,$4004_duty,2
4360,$4004_const,1
4360,$4004_vol,11
4360,$4008_linear,127
4360,$400C_const,1
4360,$400C_vol,0
4360,$400E_period,13
4360,$400E_mode,0
4361,$4000_duty,1
4361,$4000_const,1
4361,$4000_vol,11
4361,$4004_duty,2
4361,$4004_const,1
4361,$4004_vol,11
4361,$4008_linear,127
4361,$400C_const,1
4361,$400C_vol,0
4361,$400E_period,13
4361,$400E_mode,0
4362,$4000_duty,1
4362,$4000_const,1
4362,$4000_vol,11
4362,$4004_duty,2
4362,$4004_const,1
4362,$4004_vol,11
4362,$4008_linear,127
4362,$400C_const,1
4362,$400C_vol,0
4362,$400E_period,13
4362,$400E_mode,0
4363,$4000_duty,1
4363,$4000_const,1
4363,$4000_vol,11
4363,$4004_duty,2
4363,$4004_const,1
4363,$4004_vol,11
4363,$4008_linear,127
4363,$400C_const,1
4363,$400C_vol,0
4363,$400E_period,13
4363,$400E_mode,0
4364,$4000_duty,1
4364,$4000_const,1
4364,$4000_vol,11
4364,$4004_duty,2
4364,$4004_const,1
4364,$4004_vol,11
4364,$4008_linear,127
4364,$400C_const,1
4364,$400C_vol,0
4364,$400E_period,13
4364,$400E_mode,0
4365,$4000_duty,1
4365,$4000_const,1
4365,$4000_vol,10
4365,$4004_duty,2
4365,$4004_const,1
4365,$4004_vol,10
4365,$4008_linear,127
4365,$400C_const,1
4365,$400C_vol,0
4365,$400E_period,13
4365,$400E_mode,0
4366,$4000_duty,1
4366,$4000_const,1
4366,$4000_vol,10
4366,$4004_duty,2
4366,$4004_const,1
4366,$4004_vol,10
4366,$4008_linear,127
4366,$400C_const,1
4366,$400C_vol,0
4366,$400E_period,13
4366,$400E_mode,0
4367,$4000_duty,1
4367,$4000_const,1
4367,$4000_vol,10
4367,$4004_duty,2
4367,$4004_const,1
4367,$4004_vol,10
4367,$4008_linear,127
4367,$400C_const,1
4367,$400C_vol,0
4367,$400E_period,13
4367,$400E_mode,0
4368,$4000_duty,1
4368,$4000_const,1
4368,$4000_vol,10
4368,$4004_duty,2
4368,$4004_const,1
4368,$4004_vol,10
4368,$4008_linear,0
4368,$400C_const,1
4368,$400C_vol,0
4368,$400E_period,13
4368,$400E_mode,0
4369,$4000_duty,1
4369,$4000_const,1
4369,$4000_vol,10
4369,$4004_duty,2
4369,$4004_const,1
4369,$4004_vol,10
4369,$400C_const,1
4369,$400C_vol,0
4369,$400E_period,13
4369,$400E_mode,0
4370,$4000_duty,1
4370,$4000_const,1
4370,$4000_vol,10
4370,$4004_duty,2
4370,$4004_const,1
4370,$4004_vol,10
4371,$4000_duty,1
4371,$4000_const,1
4371,$4000_vol,10
4371,$4004_duty,2
4371,$4004_const,1
4371,$4004_vol,10
4371,$4008_linear,127
4371,$400A_period,719
4371,$400B_length,9
4371,$400C_const,1
4371,$400C_vol,12
4371,$400E_period,8
4371,$400E_mode,0
4372,$4000_duty,1
4372,$4000_const,1
4372,$4000_vol,10
4372,$4004_duty,2
4372,$4004_const,1
4372,$4004_vol,10
4372,$4008_linear,127
4372,$400C_const,1
4372,$400C_vol,9
4372,$400E_period,8
4372,$400E_mode,0
4373,$4000_duty,1
4373,$4000_const,1
4373,$4000_vol,9
4373,$4004_duty,2
4373,$4004_const,1
4373,$4004_vol,9
4373,$4008_linear,127
4373,$400C_const,1
4373,$400C_vol,6
4373,$400E_period,8
4373,$400E_mode,0
4374,$4000_duty,1
4374,$4000_const,1
4374,$4000_vol,9
4374,$4004_duty,2
4374,$4004_const,1
4374,$4004_vol,9
4374,$4008_linear,127
4374,$400C_const,1
4374,$400C_vol,3
4374,$400E_period,8
4374,$400E_mode,0
4375,$4000_duty,1
4375,$4000_const,1
4375,$4000_vol,9
4375,$4004_duty,2
4375,$4004_const,1
4375,$4004_vol,9
4375,$4008_linear,127
4375,$400C_const,1
4375,$400C_vol,0
4375,$400E_period,8
4375,$400E_mode,0
4376,$4000_duty,1
4376,$4000_const,1
4376,$4000_vol,9
4376,$4004_duty,2
4376,$4004_const,1
4376,$4004_vol,9
4376,$4008_linear,127
4376,$400C_const,1
4376,$400C_vol,0
4376,$400E_period,8
4376,$400E_mode,0
4377,$4000_duty,1
4377,$4000_const,1
4377,$4000_vol,9
4377,$4004_duty,2
4377,$4004_const,1
4377,$4004_vol,9
4377,$4008_linear,127
4377,$400C_const,1
4377,$400C_vol,0
4377,$400E_period,8
4377,$400E_mode,0
4378,$4000_duty,1
4378,$4000_const,1
4378,$4000_vol,9
4378,$4004_duty,2
4378,$4004_const,1
4378,$4004_vol,9
4378,$4008_linear,127
4378,$400C_const,1
4378,$400C_vol,0
4378,$400E_period,8
4378,$400E_mode,0
4379,$4000_duty,1
4379,$4000_const,1
4379,$4000_vol,9
4379,$4004_duty,2
4379,$4004_const,1
4379,$4004_vol,9
4379,$4008_linear,127
4379,$400C_const,1
4379,$400C_vol,0
4379,$400E_period,8
4379,$400E_mode,0
4380,$4000_duty,1
4380,$4000_const,1
4380,$4000_vol,9
4380,$4004_duty,2
4380,$4004_const,1
4380,$4004_vol,9
4380,$4008_linear,127
4380,$400C_const,1
4380,$400C_vol,0
4380,$400E_period,8
4380,$400E_mode,0
4381,$4000_duty,1
4381,$4000_const,1
4381,$4000_vol,8
4381,$4004_duty,2
4381,$4004_const,1
4381,$4004_vol,8
4381,$4008_linear,127
4381,$400C_const,1
4381,$400C_vol,0
4381,$400E_period,8
4381,$400E_mode,0
4382,$4000_duty,1
4382,$4000_const,1
4382,$4000_vol,8
4382,$4004_duty,2
4382,$4004_const,1
4382,$4004_vol,8
4382,$4008_linear,127
4382,$400C_const,1
4382,$400C_vol,0
4382,$400E_period,8
4382,$400E_mode,0
4383,$4000_duty,1
4383,$4000_const,1
4383,$4000_vol,8
4383,$4004_duty,2
4383,$4004_const,1
4383,$4004_vol,8
4383,$4008_linear,0
4383,$400C_const,1
4383,$400C_vol,0
4383,$400E_period,8
4383,$400E_mode,0
4384,$4000_duty,1
4384,$4000_const,1
4384,$4000_vol,8
4384,$4004_duty,2
4384,$4004_const,1
4384,$4004_vol,8
4384,$400C_const,1
4384,$400C_vol,0
4384,$400E_period,8
4384,$400E_mode,0
4385,$4000_duty,1
4385,$4000_const,1
4385,$4000_vol,8
4385,$4004_duty,2
4385,$4004_const,1
4385,$4004_vol,8
4385,$400C_const,1
4385,$400C_vol,0
4385,$400E_period,8
4385,$400E_mode,0
4386,$4000_duty,1
4386,$4000_const,1
4386,$4000_vol,8
4386,$4004_duty,2
4386,$4004_const,1
4386,$4004_vol,8
4386,$4008_linear,127
4386,$400A_period,719
4386,$400B_length,9
4386,$400C_const,1
4386,$400C_vol,12
4386,$400E_period,13
4386,$400E_mode,0
4387,$4000_duty,1
4387,$4000_const,1
4387,$4000_vol,8
4387,$4004_duty,2
4387,$4004_const,1
4387,$4004_vol,8
4387,$4008_linear,127
4387,$400C_const,1
4387,$400C_vol,9
4387,$400E_period,13
4387,$400E_mode,0
4388,$4000_duty,1
4388,$4000_const,1
4388,$4000_vol,8
4388,$4004_duty,2
4388,$4004_const,1
4388,$4004_vol,8
4388,$4008_linear,127
4388,$400C_const,1
4388,$400C_vol,6
4388,$400E_period,13
4388,$400E_mode,0
4389,$4000_duty,1
4389,$4000_const,1
4389,$4000_vol,7
4389,$4004_duty,2
4389,$4004_const,1
4389,$4004_vol,7
4389,$4008_linear,127
4389,$400C_const,1
4389,$400C_vol,3
4389,$400E_period,13
4389,$400E_mode,0
4390,$4000_duty,1
4390,$4000_const,1
4390,$4000_vol,7
4390,$4004_duty,2
4390,$4004_const,1
4390,$4004_vol,7
4390,$4008_linear,127
4390,$400C_const,1
4390,$400C_vol,0
4390,$400E_period,13
4390,$400E_mode,0
4391,$4000_duty,1
4391,$4000_const,1
4391,$4000_vol,7
4391,$4004_duty,2
4391,$4004_const,1
4391,$4004_vol,7
4391,$4008_linear,127
4391,$400C_const,1
4391,$400C_vol,0
4391,$400E_period,13
4391,$400E_mode,0
4392,$4000_duty,1
4392,$4000_const,1
4392,$4000_vol,7
4392,$4004_duty,2
4392,$4004_const,1
4392,$4004_vol,7
4392,$4008_linear,127
4392,$400C_const,1
4392,$400C_vol,0
4392,$400E_period,13
4392,$400E_mode,0
4393,$4000_duty,1
4393,$4000_const,1
4393,$4000_vol,7
4393,$4004_duty,2
4393,$4004_const,1
4393,$4004_vol,7
4393,$4008_linear,127
4393,$400C_const,1
4393,$400C_vol,0
4393,$400E_period,13
4393,$400E_mode,0
4394,$4000_duty,1
4394,$4000_const,1
4394,$4000_vol,7
4394,$4004_duty,2
4394,$4004_const,1
4394,$4004_vol,7
4394,$4008_linear,127
4394,$400C_const,1
4394,$400C_vol,0
4394,$400E_period,13
4394,$400E_mode,0
4395,$4000_duty,1
4395,$4000_const,1
4395,$4000_vol,7
4395,$4004_duty,2
4395,$4004_const,1
4395,$4004_vol,7
4395,$4008_linear,127
4395,$400C_const,1
4395,$400C_vol,0
4395,$400E_period,13
4395,$400E_mode,0
4396,$4000_duty,1
4396,$4000_const,1
4396,$4000_vol,7
4396,$4004_duty,2
4396,$4004_const,1
4396,$4004_vol,7
4396,$4008_linear,127
4396,$400C_const,1
4396,$400C_vol,0
4396,$400E_period,13
4396,$400E_mode,0
4397,$4000_duty,1
4397,$4000_const,1
4397,$4000_vol,6
4397,$4004_duty,2
4397,$4004_const,1
4397,$4004_vol,6
4397,$4008_linear,127
4397,$400C_const,1
4397,$400C_vol,0
4397,$400E_period,13
4397,$400E_mode,0
4398,$4000_duty,1
4398,$4000_const,1
4398,$4000_vol,6
4398,$4004_duty,2
4398,$4004_const,1
4398,$4004_vol,6
4398,$4008_linear,127
4398,$400C_const,1
4398,$400C_vol,0
4398,$400E_period,13
4398,$400E_mode,0
4399,$4000_duty,1
4399,$4000_const,1
4399,$4000_vol,6
4399,$4004_duty,2
4399,$4004_const,1
4399,$4004_vol,6
4399,$4008_linear,127
4399,$400C_const,1
4399,$400C_vol,0
4399,$400E_period,13
4399,$400E_mode,0
4400,$400C_const,1
4400,$400C_vol,0
4400,$4001_sweep,8
4400,$4005_sweep,8
4400,$4000_duty,1
4400,$4000_const,1
4400,$4000_vol,6
4400,$4004_duty,2
4400,$4004_const,1
4400,$4004_vol,6
4400,$4008_linear,127
4401,$4000_duty,1
4401,$4000_const,1
4401,$4000_vol,6
4401,$4004_duty,2
4401,$4004_const,1
4401,$4004_vol,6
4401,$4008_linear,127
4401,$400C_const,1
4401,$400C_vol,15
4401,$400E_period,12
4401,$400E_mode,0
4402,$4000_duty,1
4402,$4000_const,1
4402,$4000_vol,6
4402,$4004_duty,2
4402,$4004_const,1
4402,$4004_vol,6
4402,$4008_linear,127
4402,$400C_const,1
4402,$400C_vol,12
4402,$400E_period,12
4402,$400E_mode,0
4403,$4000_duty,1
4403,$4000_const,1
4403,$4000_vol,6
4403,$4004_duty,2
4403,$4004_const,1
4403,$4004_vol,6
4403,$4008_linear,127
4403,$400C_const,1
4403,$400C_vol,12
4403,$400E_period,12
4403,$400E_mode,0
4404,$4000_duty,1
4404,$4000_const,1
4404,$4000_vol,6
4404,$4004_duty,2
4404,$4004_const,1
4404,$4004_vol,6
4404,$4008_linear,0
4405,$4000_duty,1
4405,$4000_const,1
4405,$4000_vol,5
4405,$4004_duty,2
4405,$4004_const,1
4405,$4004_vol,5
4405,$4008_linear,0
4405,$400C_const,1
4405,$400C_vol,15
4405,$400E_period,6
4405,$400E_mode,0
4406,$4000_duty,1
4406,$4000_const,1
4406,$4000_vol,5
4406,$4004_duty,2
4406,$4004_const,1
4406,$4004_vol,5
4406,$400C_const,1
4406,$400C_vol,12
4406,$400E_period,6
4406,$400E_mode,0
4407,$4000_duty,1
4407,$4000_const,1
4407,$4000_vol,5
4407,$4004_duty,2
4407,$4004_const,1
4407,$4004_vol,5
4407,$400C_const,1
4407,$400C_vol,12
4407,$400E_period,6
4407,$400E_mode,0
4408,$4000_duty,1
4408,$4000_const,1
4408,$4000_vol,5
4408,$4004_duty,2
4408,$4004_const,1
4408,$4004_vol,5
4408,$4008_linear,127
4408,$400A_period,719
4408,$400B_length,9
4408,$400C_const,1
4408,$400C_vol,12
4408,$400E_period,6
4408,$400E_mode,0
4409,$4000_duty,1
4409,$4000_const,1
4409,$4000_vol,5
4409,$4004_duty,2
4409,$4004_const,1
4409,$4004_vol,5
4409,$4008_linear,127
4409,$400C_const,1
4409,$400C_vol,12
4409,$400E_period,6
4409,$400E_mode,0
4410,$4000_duty,1
4410,$4000_const,1
4410,$4000_vol,5
4410,$4004_duty,2
4410,$4004_const,1
4410,$4004_vol,5
4410,$4008_linear,127
4410,$400C_const,1
4410,$400C_vol,11
4410,$400E_period,6
4410,$400E_mode,0
4411,$4000_duty,1
4411,$4000_const,1
4411,$4000_vol,5
4411,$4004_duty,2
4411,$4004_const,1
4411,$4004_vol,5
4411,$4008_linear,127
4411,$400C_const,1
4411,$400C_vol,11
4411,$400E_period,6
4411,$400E_mode,0
4412,$4000_duty,1
4412,$4000_const,1
4412,$4000_vol,5
4412,$4004_duty,2
4412,$4004_const,1
4412,$4004_vol,5
4412,$4008_linear,127
4412,$400C_const,1
4412,$400C_vol,11
4412,$400E_period,6
4412,$400E_mode,0
4413,$4000_duty,1
4413,$4000_const,1
4413,$4000_vol,4
4413,$4004_duty,2
4413,$4004_const,1
4413,$4004_vol,4
4413,$4008_linear,127
4413,$400C_const,1
4413,$400C_vol,11
4413,$400E_period,6
4413,$400E_mode,0
4414,$4000_duty,1
4414,$4000_const,1
4414,$4000_vol,4
4414,$4004_duty,2
4414,$4004_const,1
4414,$4004_vol,4
4414,$4008_linear,127
4414,$400C_const,1
4414,$400C_vol,11
4414,$400E_period,6
4414,$400E_mode,0
4415,$4000_duty,1
4415,$4000_const,1
4415,$4000_vol,4
4415,$4004_duty,2
4415,$4004_const,1
4415,$4004_vol,4
4415,$4008_linear,127
4415,$400C_const,1
4415,$400C_vol,10
4415,$400E_period,6
4415,$400E_mode,0
4416,$4000_duty,1
4416,$4000_const,1
4416,$4000_vol,4
4416,$4004_duty,2
4416,$4004_const,1
4416,$4004_vol,4
4416,$4008_linear,127
4416,$400C_const,1
4416,$400C_vol,10
4416,$400E_period,6
4416,$400E_mode,0
4417,$4000_duty,1
4417,$4000_const,1
4417,$4000_vol,4
4417,$4004_duty,2
4417,$4004_const,1
4417,$4004_vol,4
4417,$4008_linear,127
4417,$400C_const,1
4417,$400C_vol,10
4417,$400E_period,6
4417,$400E_mode,0
4418,$4000_duty,1
4418,$4000_const,1
4418,$4000_vol,4
4418,$4004_duty,2
4418,$4004_const,1
4418,$4004_vol,4
4418,$4008_linear,127
4418,$400C_const,1
4418,$400C_vol,10
4418,$400E_period,6
4418,$400E_mode,0
4419,$4000_duty,1
4419,$4000_const,1
4419,$4000_vol,4
4419,$4004_duty,2
4419,$4004_const,1
4419,$4004_vol,4
4419,$4008_linear,127
4419,$400C_const,1
4419,$400C_vol,10
4419,$400E_period,6
4419,$400E_mode,0
4420,$4000_duty,1
4420,$4000_const,1
4420,$4000_vol,4
4420,$4004_duty,2
4420,$4004_const,1
4420,$4004_vol,4
4420,$4008_linear,0
4420,$400C_const,1
4420,$400C_vol,9
4420,$400E_period,6
4420,$400E_mode,0
4421,$4000_duty,1
4421,$4000_const,1
4421,$4000_vol,3
4421,$4004_duty,2
4421,$4004_const,1
4421,$4004_vol,3
4421,$4008_linear,0
4421,$400C_const,1
4421,$400C_vol,9
4421,$400E_period,6
4421,$400E_mode,0
4422,$4000_duty,1
4422,$4000_const,1
4422,$4000_vol,3
4422,$4004_duty,2
4422,$4004_const,1
4422,$4004_vol,3
4422,$400C_const,1
4422,$400C_vol,9
4422,$400E_period,6
4422,$400E_mode,0
4423,$4000_duty,1
4423,$4000_const,1
4423,$4000_vol,3
4423,$4004_duty,2
4423,$4004_const,1
4423,$4004_vol,3
4423,$4008_linear,127
4423,$400A_period,719
4423,$400B_length,9
4423,$400C_const,1
4423,$400C_vol,9
4423,$400E_period,6
4423,$400E_mode,0
4424,$4000_duty,1
4424,$4000_const,1
4424,$4000_vol,3
4424,$4004_duty,2
4424,$4004_const,1
4424,$4004_vol,3
4424,$4008_linear,127
4424,$400C_const,1
4424,$400C_vol,9
4424,$400E_period,6
4424,$400E_mode,0
4425,$4000_duty,1
4425,$4000_const,1
4425,$4000_vol,3
4425,$4004_duty,2
4425,$4004_const,1
4425,$4004_vol,3
4425,$4008_linear,127
4425,$400C_const,1
4425,$400C_vol,9
4425,$400E_period,6
4425,$400E_mode,0
4426,$4000_duty,1
4426,$4000_const,1
4426,$4000_vol,3
4426,$4004_duty,2
4426,$4004_const,1
4426,$4004_vol,3
4426,$4008_linear,127
4426,$400C_const,1
4426,$400C_vol,8
4426,$400E_period,6
4426,$400E_mode,0
4427,$4000_duty,1
4427,$4000_const,1
4427,$4000_vol,3
4427,$4004_duty,2
4427,$4004_const,1
4427,$4004_vol,3
4427,$4008_linear,127
4427,$400C_const,1
4427,$400C_vol,8
4427,$400E_period,6
4427,$400E_mode,0
4428,$4000_duty,1
4428,$4000_const,1
4428,$4000_vol,3
4428,$4004_duty,2
4428,$4004_const,1
4428,$4004_vol,3
4428,$4008_linear,127
4428,$400C_const,1
4428,$400C_vol,8
4428,$400E_period,6
4428,$400E_mode,0
4429,$4000_duty,1
4429,$4000_const,1
4429,$4000_vol,2
4429,$4004_duty,2
4429,$4004_const,1
4429,$4004_vol,2
4429,$4008_linear,127
4429,$400C_const,1
4429,$400C_vol,8
4429,$400E_period,6
4429,$400E_mode,0
4430,$4000_duty,1
4430,$4000_const,1
4430,$4000_vol,2
4430,$4004_duty,2
4430,$4004_const,1
4430,$4004_vol,2
4430,$4008_linear,127
4430,$400C_const,1
4430,$400C_vol,8
4430,$400E_period,6
4430,$400E_mode,0
4431,$4000_duty,1
4431,$4000_const,1
4431,$4000_vol,2
4431,$4004_duty,2
4431,$4004_const,1
4431,$4004_vol,2
4431,$4008_linear,127
4431,$400C_const,1
4431,$400C_vol,7
4431,$400E_period,6
4431,$400E_mode,0
4432,$4000_duty,1
4432,$4000_const,1
4432,$4000_vol,2
4432,$4004_duty,2
4432,$4004_const,1
4432,$4004_vol,2
4432,$4008_linear,127
4432,$400C_const,1
4432,$400C_vol,7
4432,$400E_period,6
4432,$400E_mode,0
4433,$4000_duty,1
4433,$4000_const,1
4433,$4000_vol,2
4433,$4004_duty,2
4433,$4004_const,1
4433,$4004_vol,2
4433,$4008_linear,127
4433,$400C_const,1
4433,$400C_vol,7
4433,$400E_period,6
4433,$400E_mode,0
4434,$4000_duty,1
4434,$4000_const,1
4434,$4000_vol,2
4434,$4004_duty,2
4434,$4004_const,1
4434,$4004_vol,2
4434,$4008_linear,127
4434,$400C_const,1
4434,$400C_vol,7
4434,$400E_period,6
4434,$400E_mode,0
4435,$4000_duty,1
4435,$4000_const,1
4435,$4000_vol,2
4435,$4004_duty,2
4435,$4004_const,1
4435,$4004_vol,2
4435,$4008_linear,0
4435,$400C_const,1
4435,$400C_vol,7
4435,$400E_period,6
4435,$400E_mode,0
4436,$4000_duty,1
4436,$4000_const,1
4436,$4000_vol,2
4436,$4004_duty,2
4436,$4004_const,1
4436,$4004_vol,2
4436,$4008_linear,0
4436,$400C_const,1
4436,$400C_vol,6
4436,$400E_period,6
4436,$400E_mode,0
4437,$4000_duty,1
4437,$4000_const,1
4437,$4000_vol,1
4437,$4004_duty,2
4437,$4004_const,1
4437,$4004_vol,1
4437,$400C_const,1
4437,$400C_vol,6
4437,$400E_period,6
4437,$400E_mode,0
4438,$4000_duty,1
4438,$4000_const,1
4438,$4000_vol,1
4438,$4004_duty,2
4438,$4004_const,1
4438,$4004_vol,1
4438,$4008_linear,127
4438,$400A_period,719
4438,$400B_length,9
4438,$400C_const,1
4438,$400C_vol,6
4438,$400E_period,6
4438,$400E_mode,0
4439,$4000_duty,1
4439,$4000_const,1
4439,$4000_vol,1
4439,$4004_duty,2
4439,$4004_const,1
4439,$4004_vol,1
4439,$4008_linear,127
4439,$400C_const,1
4439,$400C_vol,6
4439,$400E_period,6
4439,$400E_mode,0
4440,$4000_duty,1
4440,$4000_const,1
4440,$4000_vol,1
4440,$4004_duty,2
4440,$4004_const,1
4440,$4004_vol,1
4440,$4008_linear,127
4440,$400C_const,1
4440,$400C_vol,6
4440,$400E_period,6
4440,$400E_mode,0
4441,$4000_duty,1
4441,$4000_const,1
4441,$4000_vol,1
4441,$4004_duty,2
4441,$4004_const,1
4441,$4004_vol,1
4441,$4008_linear,127
4441,$400C_const,1
4441,$400C_vol,6
4441,$400E_period,6
4441,$400E_mode,0
4442,$4000_duty,1
4442,$4000_const,1
4442,$4000_vol,1
4442,$4004_duty,2
4442,$4004_const,1
4442,$4004_vol,1
4442,$4008_linear,127
4442,$400C_const,1
4442,$400C_vol,5
4442,$400E_period,6
4442,$400E_mode,0
4443,$4000_duty,1
4443,$4000_const,1
4443,$4000_vol,1
4443,$4004_duty,2
4443,$4004_const,1
4443,$4004_vol,1
4443,$4008_linear,127
4443,$400C_const,1
4443,$400C_vol,5
4443,$400E_period,6
4443,$400E_mode,0
4444,$4000_duty,1
4444,$4000_const,1
4444,$4000_vol,1
4444,$4004_duty,2
4444,$4004_const,1
4444,$4004_vol,1
4444,$4008_linear,0
4444,$400C_const,1
4444,$400C_vol,5
4444,$400E_period,6
4444,$400E_mode,0
4445,$4000_duty,1
4445,$4000_const,1
4445,$4000_vol,1
4445,$4004_duty,2
4445,$4004_const,1
4445,$4004_vol,0
4445,$4008_linear,0
4445,$400C_const,1
4445,$400C_vol,5
4445,$400E_period,6
4445,$400E_mode,0
4446,$4000_duty,1
4446,$4000_const,1
4446,$4000_vol,1
4446,$4004_duty,2
4446,$4004_const,1
4446,$4004_vol,0
4446,$4008_linear,127
4446,$400A_period,719
4446,$400B_length,9
4446,$400C_const,1
4446,$400C_vol,5
4446,$400E_period,6
4446,$400E_mode,0
4447,$4000_duty,1
4447,$4000_const,1
4447,$4000_vol,1
4447,$4004_duty,2
4447,$4004_const,1
4447,$4004_vol,0
4447,$4008_linear,127
4447,$400C_const,1
4447,$400C_vol,4
4447,$400E_period,6
4447,$400E_mode,0
4448,$4000_duty,1
4448,$4000_const,1
4448,$4000_vol,1
4448,$4004_duty,2
4448,$4004_const,1
4448,$4004_vol,0
4448,$4008_linear,127
4448,$400C_const,1
4448,$400C_vol,4
4448,$400E_period,6
4448,$400E_mode,0
4449,$4000_duty,1
4449,$4000_const,1
4449,$4000_vol,1
4449,$4004_duty,2
4449,$4004_const,1
4449,$4004_vol,0
4449,$4008_linear,127
4449,$400C_const,1
4449,$400C_vol,4
4449,$400E_period,6
4449,$400E_mode,0
4450,$4000_duty,1
4450,$4000_const,1
4450,$4000_vol,1
4450,$4004_duty,2
4450,$4004_const,1
4450,$4004_vol,0
4450,$4008_linear,127
4450,$400C_const,1
4450,$400C_vol,4
4450,$400E_period,6
4450,$400E_mode,0
4451,$4000_duty,1
4451,$4000_const,1
4451,$4000_vol,0
4451,$4004_duty,2
4451,$4004_const,1
4451,$4004_vol,0
4451,$4008_linear,127
4451,$400C_const,1
4451,$400C_vol,4
4451,$400E_period,6
4451,$400E_mode,0
4452,$4000_duty,1
4452,$4000_const,1
4452,$4000_vol,0
4452,$4008_linear,127
4452,$400C_const,1
4452,$400C_vol,3
4452,$400E_period,6
4452,$400E_mode,0
4453,$4000_duty,1
4453,$4000_const,1
4453,$4000_vol,12
4453,$4002_period,481
4453,$400B_length,8
4453,$4008_linear,127
4453,$400C_const,1
4453,$400C_vol,3
4453,$400E_period,6
4453,$400E_mode,0
4454,$4000_duty,1
4454,$4000_const,1
4454,$4000_vol,11
4454,$4008_linear,127
4454,$400C_const,1
4454,$400C_vol,3
4454,$400E_period,6
4454,$400E_mode,0
4455,$4000_duty,1
4455,$4000_const,1
4455,$4000_vol,11
4455,$4008_linear,127
4455,$400C_const,1
4455,$400C_vol,3
4455,$400E_period,6
4455,$400E_mode,0
4456,$4000_duty,1
4456,$4000_const,1
4456,$4000_vol,11
4456,$4008_linear,127
4456,$400C_const,1
4456,$400C_vol,3
4456,$400E_period,6
4456,$400E_mode,0
4457,$4000_duty,1
4457,$4000_const,1
4457,$4000_vol,11
4457,$4008_linear,127
4457,$400C_const,1
4457,$400C_vol,3
4457,$400E_period,6
4457,$400E_mode,0
4458,$4000_duty,1
4458,$4000_const,1
4458,$4000_vol,10
4458,$4008_linear,0
4458,$400C_const,1
4458,$400C_vol,2
4458,$400E_period,6
4458,$400E_mode,0
4459,$4000_duty,1
4459,$4000_const,1
4459,$4000_vol,10
4459,$400C_const,1
4459,$400C_vol,2
4459,$400E_period,6
4459,$400E_mode,0
4460,$4000_duty,1
4460,$4000_const,1
4460,$4000_vol,9
4460,$400C_const,1
4460,$400C_vol,2
4460,$400E_period,6
4460,$400E_mode,0
4461,$4000_duty,1
4461,$4000_const,1
4461,$4000_vol,12
4461,$4002_period,427
4461,$400B_length,8
4461,$4008_linear,127
4461,$400A_period,719
4461,$400B_length,9
4461,$400C_const,1
4461,$400C_vol,2
4461,$400E_period,6
4461,$400E_mode,0
4462,$4000_duty,1
4462,$4000_const,1
4462,$4000_vol,11
4462,$4008_linear,127
4462,$400C_const,1
4462,$400C_vol,2
4462,$400E_period,6
4462,$400E_mode,0
4463,$4000_duty,1
4463,$4000_const,1
4463,$4000_vol,11
4463,$4008_linear,127
4463,$400C_const,1
4463,$400C_vol,1
4463,$400E_period,6
4463,$400E_mode,0
4464,$4000_duty,1
4464,$4000_const,1
4464,$4000_vol,11
4464,$4008_linear,127
4464,$400C_const,1
4464,$400C_vol,1
4464,$400E_period,6
4464,$400E_mode,0
4465,$400C_const,1
4465,$400C_vol,0
4465,$4001_sweep,8
4465,$4005_sweep,8
4465,$4000_duty,1
4465,$4000_const,1
4465,$4000_vol,11
4465,$4008_linear,127
4465,$400C_const,1
4465,$400C_vol,0
4465,$400E_period,8
4465,$400E_mode,0
4466,$4000_duty,1
4466,$4000_const,1
4466,$4000_vol,10
4466,$4008_linear,127
4466,$400C_const,1
4466,$400C_vol,0
4466,$400E_period,8
4466,$400E_mode,0
4467,$4000_duty,1
4467,$4000_const,1
4467,$4000_vol,10
4467,$4008_linear,127
4467,$400C_const,1
4467,$400C_vol,0
4467,$400E_period,8
4467,$400E_mode,0
4468,$4000_duty,1
4468,$4000_const,1
4468,$4000_vol,12
4468,$4002_period,481
4468,$400B_length,8
4468,$4008_linear,127
4468,$400C_const,1
4468,$400C_vol,0
4468,$400E_period,8
4468,$400E_mode,0
4469,$4000_duty,1
4469,$4000_const,1
4469,$4000_vol,11
4469,$4008_linear,127
4469,$400C_const,1
4469,$400C_vol,0
4469,$400E_period,8
4469,$400E_mode,0
4470,$4000_duty,1
4470,$4000_const,1
4470,$4000_vol,11
4470,$4008_linear,127
4470,$400C_const,1
4470,$400C_vol,0
4470,$400E_period,8
4470,$400E_mode,0
4471,$4000_duty,1
4471,$4000_const,1
4471,$4000_vol,11
4471,$4008_linear,127
4471,$400C_const,1
4471,$400C_vol,0
4471,$400E_period,8
4471,$400E_mode,0
4472,$4000_duty,1
4472,$4000_const,1
4472,$4000_vol,11
4472,$4008_linear,127
4472,$400C_const,1
4472,$400C_vol,0
4472,$400E_period,8
4472,$400E_mode,0
4473,$4000_duty,1
4473,$4000_const,1
4473,$4000_vol,10
4473,$4008_linear,0
4473,$400C_const,1
4473,$400C_vol,0
4473,$400E_period,8
4473,$400E_mode,0
4474,$4000_duty,1
4474,$4000_const,1
4474,$4000_vol,10
4474,$400C_const,1
4474,$400C_vol,0
4474,$400E_period,8
4474,$400E_mode,0
4475,$4000_duty,1
4475,$4000_const,1
4475,$4000_vol,9
4475,$400C_const,1
4475,$400C_vol,0
4475,$400E_period,8
4475,$400E_mode,0
4476,$4000_duty,1
4476,$4000_const,1
4476,$4000_vol,12
4476,$4002_period,509
4476,$400B_length,8
4476,$4004_duty,2
4476,$4004_const,1
4476,$4004_vol,12
4476,$4006_period,641
4476,$4008_linear,127
4476,$400A_period,719
4476,$400B_length,9
4476,$400C_const,1
4476,$400C_vol,12
4476,$400E_period,13
4476,$400E_mode,0
4477,$4000_duty,1
4477,$4000_const,1
4477,$4000_vol,11
4477,$4004_duty,2
4477,$4004_const,1
4477,$4004_vol,11
4477,$4008_linear,127
4477,$400C_const,1
4477,$400C_vol,9
4477,$400E_period,13
4477,$400E_mode,0
4478,$4000_duty,1
4478,$4000_const,1
4478,$4000_vol,11
4478,$4004_duty,2
4478,$4004_const,1
4478,$4004_vol,11
4478,$4008_linear,127
4478,$400C_const,1
4478,$400C_vol,6
4478,$400E_period,13
4478,$400E_mode,0
4479,$4000_duty,1
4479,$4000_const,1
4479,$4000_vol,11
4479,$4004_duty,2
4479,$4004_const,1
4479,$4004_vol,11
4479,$4008_linear,127
4479,$400C_const,1
4479,$400C_vol,3
4479,$400E_period,13
4479,$400E_mode,0
4480,$4000_duty,1
4480,$4000_const,1
4480,$4000_vol,11
4480,$4004_duty,2
4480,$4004_const,1
4480,$4004_vol,11
4480,$4008_linear,127
4480,$400C_const,1
4480,$400C_vol,0
4480,$400E_period,13
4480,$400E_mode,0
4481,$4000_duty,1
4481,$4000_const,1
4481,$4000_vol,10
4481,$4004_duty,2
4481,$4004_const,1
4481,$4004_vol,11
4481,$4008_linear,127
4481,$400C_const,1
4481,$400C_vol,0
4481,$400E_period,13
4481,$400E_mode,0
4482,$4000_duty,1
4482,$4000_const,1
4482,$4000_vol,10
4482,$4004_duty,2
4482,$4004_const,1
4482,$4004_vol,11
4482,$4008_linear,127
4482,$400C_const,1
4482,$400C_vol,0
4482,$400E_period,13
4482,$400E_mode,0
4483,$4000_duty,1
4483,$4000_const,1
4483,$4000_vol,9
4483,$4004_duty,2
4483,$4004_const,1
4483,$4004_vol,11
4483,$4008_linear,127
4483,$400C_const,1
4483,$400C_vol,0
4483,$400E_period,13
4483,$400E_mode,0
4484,$4004_duty,0
4484,$4004_const,1
4484,$4004_vol,0
4484,$4001_sweep,8
4484,$4005_sweep,8
4484,$4000_duty,1
4484,$4000_const,1
4484,$4000_vol,9
4484,$4008_linear,127
4484,$400C_const,1
4484,$400C_vol,0
4484,$400E_period,13
4484,$400E_mode,0
4485,$4000_duty,1
4485,$4000_const,1
4485,$4000_vol,8
4485,$4004_duty,2
4485,$4004_const,1
4485,$4004_vol,15
4485,$4006_period,303
4485,$4008_linear,127
4485,$400C_const,1
4485,$400C_vol,0
4485,$400E_period,13
4485,$400E_mode,0
4486,$4000_duty,1
4486,$4000_const,1
4486,$4000_vol,7
4486,$4004_duty,2
4486,$4004_const,1
4486,$4004_vol,14
4486,$4008_linear,127
4486,$400C_const,1
4486,$400C_vol,0
4486,$400E_period,13
4486,$400E_mode,0
4487,$4000_duty,1
4487,$4000_const,1
4487,$4000_vol,7
4487,$4004_duty,2
4487,$4004_const,1
4487,$4004_vol,12
4487,$4008_linear,127
4487,$400C_const,1
4487,$400C_vol,0
4487,$400E_period,13
4487,$400E_mode,0
4488,$4000_duty,1
4488,$4000_const,1
4488,$4000_vol,6
4488,$4004_duty,2
4488,$4004_const,1
4488,$4004_vol,10
4488,$4008_linear,0
4488,$400C_const,1
4488,$400C_vol,0
4488,$400E_period,13
4488,$400E_mode,0
4489,$400C_const,1
4489,$400C_vol,0
4489,$4001_sweep,8
4489,$4005_sweep,8
4489,$4000_duty,1
4489,$4000_const,1
4489,$4000_vol,5
4490,$4000_duty,1
4490,$4000_const,1
4490,$4000_vol,5
4490,$4004_duty,2
4490,$4004_const,1
4490,$4004_vol,15
4490,$4006_period,61
4490,$400C_const,1
4490,$400C_vol,13
4490,$400E_period,7
4490,$400E_mode,0
4491,$4000_duty,1
4491,$4000_const,1
4491,$4000_vol,4
4491,$4004_duty,2
4491,$4004_const,1
4491,$4004_vol,14
4491,$4008_linear,127
4491,$400A_period,719
4491,$400B_length,9
4491,$400C_const,1
4491,$400C_vol,12
4491,$400E_period,7
4491,$400E_mode,0
4492,$4000_duty,1
4492,$4000_const,1
4492,$4000_vol,4
4492,$4004_duty,2
4492,$4004_const,1
4492,$4004_vol,13
4492,$4008_linear,127
4492,$400C_const,1
4492,$400C_vol,11
4492,$400E_period,7
4492,$400E_mode,0
4493,$4000_duty,1
4493,$4000_const,1
4493,$4000_vol,3
4493,$4004_duty,2
4493,$4004_const,1
4493,$4004_vol,12
4493,$4008_linear,127
4493,$400C_const,1
4493,$400C_vol,10
4493,$400E_period,7
4493,$400E_mode,0
4494,$4000_duty,1
4494,$4000_const,1
4494,$4000_vol,2
4494,$4004_duty,2
4494,$4004_const,1
4494,$4004_vol,11
4494,$4008_linear,127
4494,$400C_const,1
4494,$400C_vol,9
4494,$400E_period,7
4494,$400E_mode,0
4495,$4000_duty,1
4495,$4000_const,1
4495,$4000_vol,2
4495,$4004_duty,2
4495,$4004_const,1
4495,$4004_vol,10
4495,$4008_linear,127
4495,$400C_const,1
4495,$400C_vol,8
4495,$400E_period,8
4495,$400E_mode,0
4496,$4000_duty,1
4496,$4000_const,1
4496,$4000_vol,1
4496,$4004_duty,2
4496,$4004_const,1
4496,$4004_vol,9
4496,$4008_linear,127
4496,$400C_const,1
4496,$400C_vol,7
4496,$400E_period,8
4496,$400E_mode,0
4497,$4000_duty,1
4497,$4000_const,1
4497,$4000_vol,0
4497,$4004_duty,2
4497,$4004_const,1
4497,$4004_vol,8
4497,$4008_linear,127
4497,$400C_const,1
4497,$400C_vol,6
4497,$400E_period,8
4497,$400E_mode,0
4498,$4000_duty,1
4498,$4000_const,1
4498,$4000_vol,12
4498,$4002_period,641
4498,$400B_length,9
4498,$4004_duty,2
4498,$4004_const,1
4498,$4004_vol,7
4498,$4008_linear,127
4498,$400C_const,1
4498,$400C_vol,5
4498,$400E_period,8
4498,$400E_mode,0
4499,$4000_duty,1
4499,$4000_const,1
4499,$4000_vol,11
4499,$4004_duty,2
4499,$4004_const,1
4499,$4004_vol,6
4499,$4008_linear,127
4499,$400C_const,1
4499,$400C_vol,4
4499,$400E_period,9
4499,$400E_mode,0
4500,$4000_duty,1
4500,$4000_const,1
4500,$4000_vol,11
4500,$4004_duty,2
4500,$4004_const,1
4500,$4004_vol,5
4500,$4008_linear,127
4500,$400C_const,1
4500,$400C_vol,3
4500,$400E_period,9
4500,$400E_mode,0
4501,$4000_duty,1
4501,$4000_const,1
4501,$4000_vol,11
4501,$4004_duty,2
4501,$4004_const,1
4501,$4004_vol,4
4501,$4008_linear,127
4501,$400C_const,1
4501,$400C_vol,2
4501,$400E_period,9
4501,$400E_mode,0
4502,$4000_duty,1
4502,$4000_const,1
4502,$4000_vol,11
4502,$4004_duty,2
4502,$4004_const,1
4502,$4004_vol,3
4502,$4008_linear,127
4502,$400C_const,1
4502,$400C_vol,1
4502,$400E_period,9
4502,$400E_mode,0
4503,$4000_duty,1
4503,$4000_const,1
4503,$4000_vol,11
4503,$4004_duty,2
4503,$4004_const,1
4503,$4004_vol,2
4503,$4008_linear,0
4503,$400C_const,1
4503,$400C_vol,0
4503,$400E_period,10
4503,$400E_mode,0
4504,$4000_duty,1
4504,$4000_const,1
4504,$4000_vol,11
4504,$4004_duty,2
4504,$4004_const,1
4504,$4004_vol,1
4504,$400C_const,1
4504,$400C_vol,0
4504,$400E_period,10
4504,$400E_mode,0
4505,$4004_duty,0
4505,$4004_const,1
4505,$4004_vol,0
4505,$400C_const,1
4505,$400C_vol,0
4505,$4001_sweep,8
4505,$4005_sweep,8
4505,$4000_duty,1
4505,$4000_const,1
4505,$4000_vol,11
4505,$4004_duty,2
4505,$4004_const,1
4505,$4004_vol,11
4505,$4006_period,1017
4505,$400C_const,1
4505,$400C_vol,0
4505,$400E_period,8
4505,$400E_mode,0
4506,$4000_duty,1
4506,$4000_const,1
4506,$4000_vol,11
4506,$4004_duty,2
4506,$4004_const,1
4506,$4004_vol,11
4506,$4008_linear,127
4506,$400A_period,719
4506,$400B_length,9
4506,$400C_const,1
4506,$400C_vol,12
4506,$400E_period,13
4506,$400E_mode,0
4507,$4000_duty,1
4507,$4000_const,1
4507,$4000_vol,10
4507,$4004_duty,2
4507,$4004_const,1
4507,$4004_vol,10
4507,$4008_linear,127
4507,$400C_const,1
4507,$400C_vol,9
4507,$400E_period,13
4507,$400E_mode,0
4508,$4000_duty,1
4508,$4000_const,1
4508,$4000_vol,10
4508,$4004_duty,2
4508,$4004_const,1
4508,$4004_vol,10
4508,$4008_linear,127
4508,$400C_const,1
4508,$400C_vol,6
4508,$400E_period,13
4508,$400E_mode,0
4509,$4000_duty,1
4509,$4000_const,1
4509,$4000_vol,10
4509,$4004_duty,2
4509,$4004_const,1
4509,$4004_vol,10
4509,$4008_linear,127
4509,$400C_const,1
4509,$400C_vol,3
4509,$400E_period,13
4509,$400E_mode,0
4510,$4000_duty,1
4510,$4000_const,1
4510,$4000_vol,10
4510,$4004_duty,2
4510,$4004_const,1
4510,$4004_vol,10
4510,$4008_linear,127
4510,$400C_const,1
4510,$400C_vol,0
4510,$400E_period,13
4510,$400E_mode,0
4511,$4000_duty,1
4511,$4000_const,1
4511,$4000_vol,10
4511,$4004_duty,2
4511,$4004_const,1
4511,$4004_vol,10
4511,$4008_linear,127
4511,$400C_const,1
4511,$400C_vol,0
4511,$400E_period,13
4511,$400E_mode,0
4512,$4000_duty,1
4512,$4000_const,1
4512,$4000_vol,10
4512,$4004_duty,2
4512,$4004_const,1
4512,$4004_vol,10
4512,$4008_linear,127
4512,$400C_const,1
4512,$400C_vol,0
4512,$400E_period,13
4512,$400E_mode,0
4513,$4000_duty,1
4513,$4000_const,1
4513,$4000_vol,10
4513,$4004_duty,2
4513,$4004_const,1
4513,$4004_vol,10
4513,$4008_linear,127
4513,$400C_const,1
4513,$400C_vol,0
4513,$400E_period,13
4513,$400E_mode,0
4514,$4000_duty,1
4514,$4000_const,1
4514,$4000_vol,10
4514,$4004_duty,2
4514,$4004_const,1
4514,$4004_vol,10
4514,$4008_linear,127
4514,$400C_const,1
4514,$400C_vol,0
4514,$400E_period,13
4514,$400E_mode,0
4515,$4004_duty,0
4515,$4004_const,1
4515,$4004_vol,0
4515,$4001_sweep,8
4515,$4005_sweep,8
4515,$4000_duty,1
4515,$4000_const,1
4515,$4000_vol,9
4515,$4008_linear,127
4515,$400C_const,1
4515,$400C_vol,0
4515,$400E_period,13
4515,$400E_mode,0
4516,$4000_duty,1
4516,$4000_const,1
4516,$4000_vol,9
4516,$4004_duty,2
4516,$4004_const,1
4516,$4004_vol,15
4516,$4006_period,303
4516,$4008_linear,127
4516,$400C_const,1
4516,$400C_vol,0
4516,$400E_period,13
4516,$400E_mode,0
4517,$4000_duty,1
4517,$4000_const,1
4517,$4000_vol,9
4517,$4004_duty,2
4517,$4004_const,1
4517,$4004_vol,14
4517,$4008_linear,127
4517,$400C_const,1
4517,$400C_vol,0
4517,$400E_period,13
4517,$400E_mode,0
4518,$4000_duty,1
4518,$4000_const,1
4518,$4000_vol,9
4518,$4004_duty,2
4518,$4004_const,1
4518,$4004_vol,12
4518,$4008_linear,127
4518,$400C_const,1
4518,$400C_vol,0
4518,$400E_period,13
4518,$400E_mode,0
4519,$4000_duty,1
4519,$4000_const,1
4519,$4000_vol,9
4519,$4004_duty,2
4519,$4004_const,1
4519,$4004_vol,10
4519,$4008_linear,127
4519,$400C_const,1
4519,$400C_vol,0
4519,$400E_period,13
4519,$400E_mode,0
4520,$4000_duty,1
4520,$4000_const,1
4520,$4000_vol,9
4520,$4004_duty,2
4520,$4004_const,1
4520,$4004_vol,8
4520,$4008_linear,127
4520,$400C_const,1
4520,$400C_vol,0
4520,$400E_period,13
4520,$400E_mode,0
4521,$4000_duty,1
4521,$4000_const,1
4521,$4000_vol,9
4521,$4004_duty,2
4521,$4004_const,1
4521,$4004_vol,6
4521,$4008_linear,127
4521,$400C_const,1
4521,$400C_vol,12
4521,$400E_period,8
4521,$400E_mode,0
4522,$4000_duty,1
4522,$4000_const,1
4522,$4000_vol,9
4522,$4004_duty,2
4522,$4004_const,1
4522,$4004_vol,4
4522,$4008_linear,127
4522,$400C_const,1
4522,$400C_vol,9
4522,$400E_period,8
4522,$400E_mode,0
4523,$4000_duty,1
4523,$4000_const,1
4523,$4000_vol,8
4523,$4004_duty,2
4523,$4004_const,1
4523,$4004_vol,3
4523,$4008_linear,127
4523,$400C_const,1
4523,$400C_vol,6
4523,$400E_period,8
4523,$400E_mode,0
4524,$4000_duty,1
4524,$4000_const,1
4524,$4000_vol,8
4524,$4008_linear,0
4524,$400C_const,1
4524,$400C_vol,3
4524,$400E_period,8
4524,$400E_mode,0
4525,$4000_duty,1
4525,$4000_const,1
4525,$4000_vol,8
4525,$4004_duty,2
4525,$4004_const,1
4525,$4004_vol,1
4525,$4008_linear,0
4525,$400C_const,1
4525,$400C_vol,0
4525,$400E_period,8
4525,$400E_mode,0
4526,$4000_duty,1
4526,$4000_const,1
4526,$4000_vol,8
4526,$4004_duty,2
4526,$4004_const,1
4526,$4004_vol,0
4526,$400C_const,1
4526,$400C_vol,0
4526,$400E_period,8
4526,$400E_mode,0
4527,$4000_duty,1
4527,$4000_const,1
4527,$4000_vol,8
4527,$4004_duty,2
4527,$4004_const,1
4527,$4004_vol,1
4527,$400C_const,1
4527,$400C_vol,0
4527,$400E_period,8
4527,$400E_mode,0
4528,$4000_duty,1
4528,$4000_const,1
4528,$4000_vol,8
4528,$4004_duty,2
4528,$4004_const,1
4528,$4004_vol,3
4528,$4008_linear,127
4528,$400A_period,719
4528,$400B_length,9
4528,$400C_const,1
4528,$400C_vol,12
4528,$400E_period,13
4528,$400E_mode,0
4529,$4000_duty,1
4529,$4000_const,1
4529,$4000_vol,8
4529,$4004_duty,2
4529,$4004_const,1
4529,$4004_vol,5
4529,$4008_linear,127
4529,$400C_const,1
4529,$400C_vol,9
4529,$400E_period,13
4529,$400E_mode,0
4530,$4000_duty,1
4530,$4000_const,1
4530,$4000_vol,8
4530,$4004_duty,2
4530,$4004_const,1
4530,$4004_vol,7
4530,$4008_linear,127
4530,$400C_const,1
4530,$400C_vol,6
4530,$400E_period,13
4530,$400E_mode,0
4531,$4000_duty,1
4531,$4000_const,1
4531,$4000_vol,7
4531,$4004_duty,2
4531,$4004_const,1
4531,$4004_vol,9
4531,$4008_linear,127
4531,$400C_const,1
4531,$400C_vol,3
4531,$400E_period,13
4531,$400E_mode,0
4532,$4000_duty,1
4532,$4000_const,1
4532,$4000_vol,7
4532,$4004_duty,2
4532,$4004_const,1
4532,$4004_vol,11
4532,$4008_linear,127
4532,$400C_const,1
4532,$400C_vol,0
4532,$400E_period,13
4532,$400E_mode,0
4533,$4000_duty,1
4533,$4000_const,1
4533,$4000_vol,7
4533,$4004_duty,2
4533,$4004_const,1
4533,$4004_vol,13
4533,$4008_linear,127
4533,$400C_const,1
4533,$400C_vol,0
4533,$400E_period,13
4533,$400E_mode,0
4534,$4000_duty,1
4534,$4000_const,1
4534,$4000_vol,7
4534,$4004_duty,2
4534,$4004_const,1
4534,$4004_vol,14
4534,$4008_linear,127
4534,$400C_const,1
4534,$400C_vol,0
4534,$400E_period,13
4534,$400E_mode,0
4535,$4000_duty,1
4535,$4000_const,1
4535,$4000_vol,7
4535,$4004_duty,2
4535,$4004_const,1
4535,$4004_vol,15
4535,$4008_linear,127
4535,$400C_const,1
4535,$400C_vol,0
4535,$400E_period,13
4535,$400E_mode,0
4536,$4000_duty,1
4536,$4000_const,1
4536,$4000_vol,7
4536,$4004_duty,2
4536,$4004_const,1
4536,$4004_vol,13
4536,$4008_linear,127
4536,$400C_const,1
4536,$400C_vol,0
4536,$400E_period,13
4536,$400E_mode,0
4537,$4000_duty,1
4537,$4000_const,1
4537,$4000_vol,7
4537,$4004_duty,2
4537,$4004_const,1
4537,$4004_vol,11
4537,$4008_linear,127
4538,$4000_duty,1
4538,$4000_const,1
4538,$4000_vol,7
4538,$4004_duty,2
4538,$4004_const,1
4538,$4004_vol,9
4538,$4008_linear,127
4539,$4000_duty,1
4539,$4000_const,1
4539,$4000_vol,6
4539,$4004_duty,2
4539,$4004_const,1
4539,$4004_vol,8
4539,$4008_linear,127
4540,$4000_duty,1
4540,$4000_const,1
4540,$4000_vol,6
4540,$4004_duty,2
4540,$4004_const,1
4540,$4004_vol,6
4540,$4008_linear,0
4541,$4000_duty,1
4541,$4000_const,1
4541,$4000_vol,6
4541,$4004_duty,2
4541,$4004_const,1
4541,$4004_vol,4
4541,$4008_linear,0
4542,$4000_duty,1
4542,$4000_const,1
4542,$4000_vol,6
4542,$4004_duty,2
4542,$4004_const,1
4542,$4004_vol,2
4543,$4000_duty,1
4543,$4000_const,1
4543,$4000_vol,6
4543,$4004_duty,2
4543,$4004_const,1
4543,$4004_vol,0
4543,$4008_linear,127
4543,$400A_period,719
4543,$400B_length,9
4543,$400C_const,1
4543,$400C_vol,12
4543,$400E_period,13
4543,$400E_mode,0
4544,$4000_duty,1
4544,$4000_const,1
4544,$4000_vol,6
4544,$4004_duty,2
4544,$4004_const,1
4544,$4004_vol,0
4544,$4008_linear,127
4544,$400C_const,1
4544,$400C_vol,9
4544,$400E_period,13
4544,$400E_mode,0
4545,$4000_duty,1
4545,$4000_const,1
4545,$4000_vol,6
4545,$4004_duty,2
4545,$4004_const,1
4545,$4004_vol,2
4545,$4008_linear,127
4545,$400C_const,1
4545,$400C_vol,6
4545,$400E_period,13
4545,$400E_mode,0
4546,$4000_duty,1
4546,$4000_const,1
4546,$4000_vol,6
4546,$4004_duty,2
4546,$4004_const,1
4546,$4004_vol,4
4546,$4008_linear,127
4546,$400C_const,1
4546,$400C_vol,3
4546,$400E_period,13
4546,$400E_mode,0
4547,$4000_duty,1
4547,$4000_const,1
4547,$4000_vol,5
4547,$4004_duty,2
4547,$4004_const,1
4547,$4004_vol,6
4547,$4008_linear,127
4547,$400C_const,1
4547,$400C_vol,0
4547,$400E_period,13
4547,$400E_mode,0
4548,$4000_duty,1
4548,$4000_const,1
4548,$4000_vol,5
4548,$4004_duty,2
4548,$4004_const,1
4548,$4004_vol,8
4548,$4008_linear,127
4548,$400C_const,1
4548,$400C_vol,0
4548,$400E_period,13
4548,$400E_mode,0
4549,$4000_duty,1
4549,$4000_const,1
4549,$4000_vol,5
4549,$4004_duty,2
4549,$4004_const,1
4549,$4004_vol,9
4549,$4008_linear,127
4549,$400C_const,1
4549,$400C_vol,0
4549,$400E_period,13
4549,$400E_mode,0
4550,$4000_duty,1
4550,$4000_const,1
4550,$4000_vol,5
4550,$4004_duty,2
4550,$4004_const,1
4550,$4004_vol,11
4550,$4008_linear,127
4550,$400C_const,1
4550,$400C_vol,0
4550,$400E_period,13
4550,$400E_mode,0
4551,$4000_duty,1
4551,$4000_const,1
4551,$4000_vol,4
4551,$4004_duty,2
4551,$4004_const,1
4551,$4004_vol,13
4551,$4008_linear,127
4551,$400C_const,1
4551,$400C_vol,12
4551,$400E_period,8
4551,$400E_mode,0
4552,$4000_duty,1
4552,$4000_const,1
4552,$4000_vol,3
4552,$4004_duty,2
4552,$4004_const,1
4552,$4004_vol,15
4552,$4008_linear,127
4552,$400C_const,1
4552,$400C_vol,9
4552,$400E_period,8
4552,$400E_mode,0
4553,$4000_duty,1
4553,$4000_const,1
4553,$4000_vol,3
4553,$4004_duty,2
4553,$4004_const,1
4553,$4004_vol,14
4553,$4008_linear,127
4553,$400C_const,1
4553,$400C_vol,6
4553,$400E_period,8
4553,$400E_mode,0
4554,$4000_duty,1
4554,$4000_const,1
4554,$4000_vol,2
4554,$4004_duty,2
4554,$4004_const,1
4554,$4004_vol,12
4554,$4008_linear,127
4554,$400C_const,1
4554,$400C_vol,3
4554,$400E_period,8
4554,$400E_mode,0
4555,$4000_duty,1
4555,$4000_const,1
4555,$4000_vol,1
4555,$4004_duty,2
4555,$4004_const,1
4555,$4004_vol,11
4555,$4008_linear,0
4555,$400C_const,1
4555,$400C_vol,0
4555,$400E_period,8
4555,$400E_mode,0
4556,$4000_duty,1
4556,$4000_const,1
4556,$4000_vol,1
4556,$4004_duty,2
4556,$4004_const,1
4556,$4004_vol,9
4556,$4008_linear,0
4556,$400C_const,1
4556,$400C_vol,0
4556,$400E_period,8
4556,$400E_mode,0
4557,$4000_duty,1
4557,$4000_const,1
4557,$4000_vol,0
4557,$4004_duty,2
4557,$4004_const,1
4557,$4004_vol,7
4557,$400C_const,1
4557,$400C_vol,0
4557,$400E_period,8
4557,$400E_mode,0
4558,$4000_duty,1
4558,$4000_const,1
4558,$4000_vol,0
4558,$4004_duty,2
4558,$4004_const,1
4558,$4004_vol,5
4558,$400C_const,1
4558,$400C_vol,0
4558,$400E_period,8
4558,$400E_mode,0
4559,$4000_duty,1
4559,$4000_const,1
4559,$4000_vol,0
4559,$4004_duty,2
4559,$4004_const,1
4559,$4004_vol,3
4559,$4008_linear,127
4559,$400A_period,719
4559,$400B_length,9
4559,$400C_const,1
4559,$400C_vol,12
4559,$400E_period,13
4559,$400E_mode,0
4560,$4004_duty,0
4560,$4004_const,1
4560,$4004_vol,0
4560,$4001_sweep,8
4560,$4005_sweep,8
4560,$4000_duty,1
4560,$4000_const,1
4560,$4000_vol,0
4560,$4004_duty,2
4560,$4004_const,1
4560,$4004_vol,0
4560,$4006_period,1017
4560,$4008_linear,127
4560,$400C_const,1
4560,$400C_vol,9
4560,$400E_period,13
4560,$400E_mode,0
4561,$4000_duty,1
4561,$4000_const,1
4561,$4000_vol,0
4561,$4004_duty,2
4561,$4004_const,1
4561,$4004_vol,0
4561,$4008_linear,127
4561,$400C_const,1
4561,$400C_vol,6
4561,$400E_period,13
4561,$400E_mode,0
4562,$4000_duty,1
4562,$4000_const,1
4562,$4000_vol,0
4562,$4004_duty,2
4562,$4004_const,1
4562,$4004_vol,0
4562,$4008_linear,127
4562,$400C_const,1
4562,$400C_vol,3
4562,$400E_period,13
4562,$400E_mode,0
4563,$4000_duty,1
4563,$4000_const,1
4563,$4000_vol,0
4563,$4004_duty,2
4563,$4004_const,1
4563,$4004_vol,0
4563,$4008_linear,127
4563,$400C_const,1
4563,$400C_vol,0
4563,$400E_period,13
4563,$400E_mode,0
4564,$4008_linear,127
4564,$400C_const,1
4564,$400C_vol,0
4564,$400E_period,13
4564,$400E_mode,0
4565,$4008_linear,0
4565,$400C_const,1
4565,$400C_vol,0
4565,$400E_period,13
4565,$400E_mode,0
4566,$4000_duty,1
4566,$4000_const,1
4566,$4000_vol,12
4566,$4002_period,641
4566,$400B_length,9
4566,$4004_duty,2
4566,$4004_const,1
4566,$4004_vol,12
4566,$4006_period,1017
4566,$4008_linear,127
4566,$400A_period,719
4566,$400B_length,9
4566,$400C_const,1
4566,$400C_vol,12
4566,$400E_period,13
4566,$400E_mode,0
4567,$4000_duty,1
4567,$4000_const,1
4567,$4000_vol,11
4567,$4004_duty,2
4567,$4004_const,1
4567,$4004_vol,11
4567,$4008_linear,127
4567,$400C_const,1
4567,$400C_vol,9
4567,$400E_period,13
4567,$400E_mode,0
4568,$4000_duty,1
4568,$4000_const,1
4568,$4000_vol,11
4568,$4004_duty,2
4568,$4004_const,1
4568,$4004_vol,11
4568,$4008_linear,127
4568,$400C_const,1
4568,$400C_vol,6
4568,$400E_period,13
4568,$400E_mode,0
4569,$4000_duty,1
4569,$4000_const,1
4569,$4000_vol,11
4569,$4004_duty,2
4569,$4004_const,1
4569,$4004_vol,11
4569,$4008_linear,127
4569,$400C_const,1
4569,$400C_vol,3
4569,$400E_period,13
4569,$400E_mode,0
4570,$4000_duty,1
4570,$4000_const,1
4570,$4000_vol,11
4570,$4004_duty,2
4570,$4004_const,1
4570,$4004_vol,11
4570,$4008_linear,127
4570,$400C_const,1
4570,$400C_vol,0
4570,$400E_period,13
4570,$400E_mode,0
4571,$4000_duty,1
4571,$4000_const,1
4571,$4000_vol,10
4571,$4004_duty,2
4571,$4004_const,1
4571,$4004_vol,11
4571,$4008_linear,127
4571,$400C_const,1
4571,$400C_vol,0
4571,$400E_period,13
4571,$400E_mode,0
4572,$4000_duty,1
4572,$4000_const,1
4572,$4000_vol,10
4572,$4004_duty,2
4572,$4004_const,1
4572,$4004_vol,11
4572,$4008_linear,127
4572,$400C_const,1
4572,$400C_vol,0
4572,$400E_period,13
4572,$400E_mode,0
4573,$4000_duty,1
4573,$4000_const,1
4573,$4000_vol,9
4573,$4004_duty,2
4573,$4004_const,1
4573,$4004_vol,11
4573,$4008_linear,127
4573,$400C_const,1
4573,$400C_vol,0
4573,$400E_period,13
4573,$400E_mode,0
4574,$4000_duty,1
4574,$4000_const,1
4574,$4000_vol,9
4574,$4004_duty,2
4574,$4004_const,1
4574,$4004_vol,11
4574,$4008_linear,127
4574,$400C_const,1
4574,$400C_vol,0
4574,$400E_period,13
4574,$400E_mode,0
4575,$4000_duty,1
4575,$4000_const,1
4575,$4000_vol,8
4575,$4004_duty,2
4575,$4004_const,1
4575,$4004_vol,10
4575,$4008_linear,127
4575,$400C_const,1
4575,$400C_vol,0
4575,$400E_period,13
4575,$400E_mode,0
4576,$4000_duty,1
4576,$4000_const,1
4576,$4000_vol,7
4576,$4004_duty,2
4576,$4004_const,1
4576,$4004_vol,10
4576,$4008_linear,127
4576,$400C_const,1
4576,$400C_vol,0
4576,$400E_period,13
4576,$400E_mode,0
4577,$4000_duty,1
4577,$4000_const,1
4577,$4000_vol,7
4577,$4004_duty,2
4577,$4004_const,1
4577,$4004_vol,10
4577,$4008_linear,127
4577,$400C_const,1
4577,$400C_vol,0
4577,$400E_period,13
4577,$400E_mode,0
4578,$4000_duty,1
4578,$4000_const,1
4578,$4000_vol,6
4578,$4004_duty,2
4578,$4004_const,1
4578,$4004_vol,9
4578,$4008_linear,0
4578,$400C_const,1
4578,$400C_vol,0
4578,$400E_period,13
4578,$400E_mode,0
4579,$4000_duty,1
4579,$4000_const,1
4579,$4000_vol,5
4579,$4004_duty,2
4579,$4004_const,1
4579,$4004_vol,8
4579,$4008_linear,0
4579,$400C_const,1
4579,$400C_vol,0
4579,$400E_period,13
4579,$400E_mode,0
4580,$4000_duty,1
4580,$4000_const,1
4580,$4000_vol,5
4580,$4004_duty,2
4580,$4004_const,1
4580,$4004_vol,8
4580,$400C_const,1
4580,$400C_vol,0
4580,$400E_period,13
4580,$400E_mode,0
4581,$4000_duty,1
4581,$4000_const,1
4581,$4000_vol,12
4581,$4002_period,571
4581,$400B_length,9
4581,$4004_duty,2
4581,$4004_const,1
4581,$4004_vol,12
4581,$4006_period,855
4581,$4008_linear,127
4581,$400A_period,719
4581,$400B_length,9
4581,$400C_const,1
4581,$400C_vol,12
4581,$400E_period,8
4581,$400E_mode,0
4582,$4000_duty,1
4582,$4000_const,1
4582,$4000_vol,11
4582,$4004_duty,2
4582,$4004_const,1
4582,$4004_vol,11
4582,$4008_linear,127
4582,$400C_const,1
4582,$400C_vol,9
4582,$400E_period,8
4582,$400E_mode,0
4583,$4000_duty,1
4583,$4000_const,1
4583,$4000_vol,11
4583,$4004_duty,2
4583,$4004_const,1
4583,$4004_vol,11
4583,$4008_linear,127
4583,$400C_const,1
4583,$400C_vol,6
4583,$400E_period,8
4583,$400E_mode,0
4584,$4000_duty,1
4584,$4000_const,1
4584,$4000_vol,11
4584,$4004_duty,2
4584,$4004_const,1
4584,$4004_vol,11
4584,$4008_linear,127
4584,$400C_const,1
4584,$400C_vol,3
4584,$400E_period,8
4584,$400E_mode,0
4585,$4000_duty,1
4585,$4000_const,1
4585,$4000_vol,11
4585,$4004_duty,2
4585,$4004_const,1
4585,$4004_vol,11
4585,$4008_linear,127
4585,$400C_const,1
4585,$400C_vol,0
4585,$400E_period,8
4585,$400E_mode,0
4586,$4000_duty,1
4586,$4000_const,1
4586,$4000_vol,10
4586,$4004_duty,2
4586,$4004_const,1
4586,$4004_vol,11
4586,$4008_linear,127
4586,$400C_const,1
4586,$400C_vol,0
4586,$400E_period,8
4586,$400E_mode,0
4587,$4000_duty,1
4587,$4000_const,1
4587,$4000_vol,10
4587,$4004_duty,2
4587,$4004_const,1
4587,$4004_vol,11
4587,$4008_linear,127
4587,$400C_const,1
4587,$400C_vol,0
4587,$400E_period,8
4587,$400E_mode,0
4588,$4000_duty,1
4588,$4000_const,1
4588,$4000_vol,9
4588,$4004_duty,2
4588,$4004_const,1
4588,$4004_vol,11
4588,$4008_linear,127
4588,$400C_const,1
4588,$400C_vol,0
4588,$400E_period,8
4588,$400E_mode,0
4589,$4000_duty,1
4589,$4000_const,1
4589,$4000_vol,9
4589,$4004_duty,2
4589,$4004_const,1
4589,$4004_vol,11
4589,$4008_linear,127
4589,$400C_const,1
4589,$400C_vol,0
4589,$400E_period,8
4589,$400E_mode,0
4590,$4000_duty,1
4590,$4000_const,1
4590,$4000_vol,8
4590,$4004_duty,2
4590,$4004_const,1
4590,$4004_vol,10
4590,$4008_linear,127
4590,$400C_const,1
4590,$400C_vol,0
4590,$400E_period,8
4590,$400E_mode,0
4591,$4000_duty,1
4591,$4000_const,1
4591,$4000_vol,7
4591,$4004_duty,2
4591,$4004_const,1
4591,$4004_vol,10
4591,$4008_linear,127
4591,$400C_const,1
4591,$400C_vol,0
4591,$400E_period,8
4591,$400E_mode,0
4592,$4000_duty,1
4592,$4000_const,1
4592,$4000_vol,7
4592,$4004_duty,2
4592,$4004_const,1
4592,$4004_vol,10
4592,$4008_linear,127
4592,$400C_const,1
4592,$400C_vol,0
4592,$400E_period,8
4592,$400E_mode,0
4593,$4000_duty,1
4593,$4000_const,1
4593,$4000_vol,6
4593,$4004_duty,2
4593,$4004_const,1
4593,$4004_vol,9
4593,$4008_linear,0
4593,$400C_const,1
4593,$400C_vol,0
4593,$400E_period,8
4593,$400E_mode,0
4594,$4000_duty,1
4594,$4000_const,1
4594,$4000_vol,5
4594,$4004_duty,2
4594,$4004_const,1
4594,$4004_vol,8
4594,$4008_linear,0
4594,$400C_const,1
4594,$400C_vol,0
4594,$400E_period,8
4594,$400E_mode,0
4595,$4000_duty,1
4595,$4000_const,1
4595,$4000_vol,5
4595,$4004_duty,2
4595,$4004_const,1
4595,$4004_vol,8
4595,$400C_const,1
4595,$400C_vol,0
4595,$400E_period,8
4595,$400E_mode,0
4596,$4000_duty,1
4596,$4000_const,1
4596,$4000_vol,12
4596,$4002_period,539
4596,$400B_length,9
4596,$4004_duty,2
4596,$4004_const,1
4596,$4004_vol,12
4596,$4006_period,679
4596,$4008_linear,127
4596,$400A_period,719
4596,$400B_length,9
4596,$400C_const,1
4596,$400C_vol,12
4596,$400E_period,13
4596,$400E_mode,0
4597,$4000_duty,1
4597,$4000_const,1
4597,$4000_vol,11
4597,$4004_duty,2
4597,$4004_const,1
4597,$4004_vol,11
4597,$4008_linear,127
4597,$400C_const,1
4597,$400C_vol,9
4597,$400E_period,13
4597,$400E_mode,0
4598,$4000_duty,1
4598,$4000_const,1
4598,$4000_vol,11
4598,$4004_duty,2
4598,$4004_const,1
4598,$4004_vol,11
4598,$4008_linear,127
4598,$400C_const,1
4598,$400C_vol,6
4598,$400E_period,13
4598,$400E_mode,0
4599,$4000_duty,1
4599,$4000_const,1
4599,$4000_vol,11
4599,$4004_duty,2
4599,$4004_const,1
4599,$4004_vol,11
4599,$4008_linear,127
4599,$400C_const,1
4599,$400C_vol,3
4599,$400E_period,13
4599,$400E_mode,0
4600,$4000_duty,1
4600,$4000_const,1
4600,$4000_vol,11
4600,$4004_duty,2
4600,$4004_const,1
4600,$4004_vol,11
4600,$4008_linear,127
4600,$400C_const,1
4600,$400C_vol,0
4600,$400E_period,13
4600,$400E_mode,0
4601,$4000_duty,1
4601,$4000_const,1
4601,$4000_vol,11
4601,$4004_duty,2
4601,$4004_const,1
4601,$4004_vol,11
4601,$4008_linear,127
4601,$400C_const,1
4601,$400C_vol,0
4601,$400E_period,13
4601,$400E_mode,0
4602,$4000_duty,1
4602,$4000_const,1
4602,$4000_vol,11
4602,$4004_duty,2
4602,$4004_const,1
4602,$4004_vol,11
4602,$4008_linear,127
4602,$400C_const,1
4602,$400C_vol,0
4602,$400E_period,13
4602,$400E_mode,0
4603,$4000_duty,1
4603,$4000_const,1
4603,$4000_vol,11
4603,$4004_duty,2
4603,$4004_const,1
4603,$4004_vol,11
4603,$4008_linear,127
4603,$400C_const,1
4603,$400C_vol,0
4603,$400E_period,13
4603,$400E_mode,0
4604,$4000_duty,1
4604,$4000_const,1
4604,$4000_vol,11
4604,$4004_duty,2
4604,$4004_const,1
4604,$4004_vol,11
4604,$4008_linear,127
4604,$400C_const,1
4604,$400C_vol,0
4604,$400E_period,13
4604,$400E_mode,0
4605,$4004_duty,0
4605,$4004_const,1
4605,$4004_vol,0
4605,$4001_sweep,8
4605,$4005_sweep,8
4605,$4000_duty,1
4605,$4000_const,1
4605,$4000_vol,10
4605,$4008_linear,127
4605,$400C_const,1
4605,$400C_vol,0
4605,$400E_period,13
4605,$400E_mode,0
4606,$4000_duty,1
4606,$4000_const,1
4606,$4000_vol,10
4606,$4004_duty,2
4606,$4004_const,1
4606,$4004_vol,15
4606,$4006_period,227
4606,$4008_linear,127
4606,$400C_const,1
4606,$400C_vol,0
4606,$400E_period,13
4606,$400E_mode,0
4607,$4000_duty,1
4607,$4000_const,1
4607,$4000_vol,10
4607,$4004_duty,2
4607,$4004_const,1
4607,$4004_vol,14
4607,$4008_linear,127
4607,$400C_const,1
4607,$400C_vol,0
4607,$400E_period,13
4607,$400E_mode,0
4608,$4000_duty,1
4608,$4000_const,1
4608,$4000_vol,10
4608,$4004_duty,2
4608,$4004_const,1
4608,$4004_vol,14
4608,$4008_linear,0
4608,$400C_const,1
4608,$400C_vol,0
4608,$400E_period,13
4608,$400E_mode,0
4609,$4000_duty,1
4609,$4000_const,1
4609,$4000_vol,10
4609,$4004_duty,2
4609,$4004_const,1
4609,$4004_vol,14
4609,$4008_linear,0
4609,$400C_const,1
4609,$400C_vol,0
4609,$400E_period,13
4609,$400E_mode,0
4610,$4000_duty,1
4610,$4000_const,1
4610,$4000_vol,10
4610,$4004_duty,2
4610,$4004_const,1
4610,$4004_vol,13
4610,$400C_const,1
4610,$400C_vol,0
4610,$400E_period,13
4610,$400E_mode,0
4611,$4000_duty,1
4611,$4000_const,1
4611,$4000_vol,10
4611,$4004_duty,2
4611,$4004_const,1
4611,$4004_vol,13
4611,$4008_linear,127
4611,$400A_period,719
4611,$400B_length,9
4611,$400C_const,1
4611,$400C_vol,12
4611,$400E_period,8
4611,$400E_mode,0
4612,$4000_duty,1
4612,$4000_const,1
4612,$4000_vol,10
4612,$4004_duty,2
4612,$4004_const,1
4612,$4004_vol,13
4612,$4008_linear,127
4612,$400C_const,1
4612,$400C_vol,9
4612,$400E_period,8
4612,$400E_mode,0
4613,$4000_duty,1
4613,$4000_const,1
4613,$4000_vol,9
4613,$4004_duty,2
4613,$4004_const,1
4613,$4004_vol,12
4613,$4008_linear,127
4613,$400C_const,1
4613,$400C_vol,6
4613,$400E_period,8
4613,$400E_mode,0
4614,$4000_duty,1
4614,$4000_const,1
4614,$4000_vol,9
4614,$4004_duty,2
4614,$4004_const,1
4614,$4004_vol,12
4614,$4008_linear,127
4614,$400C_const,1
4614,$400C_vol,3
4614,$400E_period,8
4614,$400E_mode,0
4615,$4000_duty,1
4615,$4000_const,1
4615,$4000_vol,9
4615,$4004_duty,2
4615,$4004_const,1
4615,$4004_vol,12
4615,$4008_linear,127
4615,$400C_const,1
4615,$400C_vol,0
4615,$400E_period,8
4615,$400E_mode,0
4616,$4004_duty,0
4616,$4004_const,1
4616,$4004_vol,0
4616,$4001_sweep,8
4616,$4005_sweep,8
4616,$4000_duty,1
4616,$4000_const,1
4616,$4000_vol,9
4616,$4004_duty,2
4616,$4004_const,1
4616,$4004_vol,9
4616,$4006_period,679
4616,$4008_linear,127
4616,$400C_const,1
4616,$400C_vol,0
4616,$400E_period,8
4616,$400E_mode,0
4617,$4000_duty,1
4617,$4000_const,1
4617,$4000_vol,9
4617,$4004_duty,2
4617,$4004_const,1
4617,$4004_vol,9
4617,$4008_linear,127
4617,$400C_const,1
4617,$400C_vol,0
4617,$400E_period,8
4617,$400E_mode,0
4618,$4000_duty,1
4618,$4000_const,1
4618,$4000_vol,9
4618,$4004_duty,2
4618,$4004_const,1
4618,$4004_vol,9
4618,$4008_linear,127
4618,$400C_const,1
4618,$400C_vol,0
4618,$400E_period,8
4618,$400E_mode,0
4619,$4000_duty,1
4619,$4000_const,1
4619,$4000_vol,9
4619,$4004_duty,2
4619,$4004_const,1
4619,$4004_vol,9
4619,$4008_linear,127
4619,$400C_const,1
4619,$400C_vol,0
4619,$400E_period,8
4619,$400E_mode,0
4620,$4000_duty,1
4620,$4000_const,1
4620,$4000_vol,9
4620,$4004_duty,2
4620,$4004_const,1
4620,$4004_vol,9
4620,$4008_linear,127
4620,$400C_const,1
4620,$400C_vol,0
4620,$400E_period,8
4620,$400E_mode,0
4621,$4000_duty,1
4621,$4000_const,1
4621,$4000_vol,8
4621,$4004_duty,2
4621,$4004_const,1
4621,$4004_vol,8
4621,$4008_linear,127
4621,$400C_const,1
4621,$400C_vol,0
4621,$400E_period,8
4621,$400E_mode,0
4622,$4000_duty,1
4622,$4000_const,1
4622,$4000_vol,8
4622,$4004_duty,2
4622,$4004_const,1
4622,$4004_vol,8
4622,$4008_linear,127
4622,$400C_const,1
4622,$400C_vol,0
4622,$400E_period,8
4622,$400E_mode,0
4623,$4000_duty,1
4623,$4000_const,1
4623,$4000_vol,8
4623,$4004_duty,2
4623,$4004_const,1
4623,$4004_vol,8
4623,$4008_linear,0
4623,$400C_const,1
4623,$400C_vol,0
4623,$400E_period,8
4623,$400E_mode,0
4624,$4000_duty,1
4624,$4000_const,1
4624,$4000_vol,8
4624,$4004_duty,2
4624,$4004_const,1
4624,$4004_vol,8
4624,$4008_linear,0
4624,$400C_const,1
4624,$400C_vol,0
4624,$400E_period,8
4624,$400E_mode,0
4625,$4000_duty,1
4625,$4000_const,1
4625,$4000_vol,8
4625,$4004_duty,2
4625,$4004_const,1
4625,$4004_vol,8
4625,$400C_const,1
4625,$400C_vol,0
4625,$400E_period,8
4625,$400E_mode,0
4626,$4000_duty,1
4626,$4000_const,1
4626,$4000_vol,8
4626,$4004_duty,2
4626,$4004_const,1
4626,$4004_vol,8
4626,$4008_linear,127
4626,$400A_period,719
4626,$400B_length,9
4626,$400C_const,1
4626,$400C_vol,12
4626,$400E_period,13
4626,$400E_mode,0
4627,$4000_duty,1
4627,$4000_const,1
4627,$4000_vol,8
4627,$4004_duty,2
4627,$4004_const,1
4627,$4004_vol,8
4627,$4008_linear,127
4627,$400C_const,1
4627,$400C_vol,9
4627,$400E_period,13
4627,$400E_mode,0
4628,$4000_duty,1
4628,$4000_const,1
4628,$4000_vol,8
4628,$4004_duty,2
4628,$4004_const,1
4628,$4004_vol,8
4628,$4008_linear,127
4628,$400C_const,1
4628,$400C_vol,6
4628,$400E_period,13
4628,$400E_mode,0
4629,$4000_duty,1
4629,$4000_const,1
4629,$4000_vol,7
4629,$4004_duty,2
4629,$4004_const,1
4629,$4004_vol,7
4629,$4008_linear,127
4629,$400C_const,1
4629,$400C_vol,3
4629,$400E_period,13
4629,$400E_mode,0
4630,$4000_duty,1
4630,$4000_const,1
4630,$4000_vol,7
4630,$4004_duty,2
4630,$4004_const,1
4630,$4004_vol,7
4630,$4008_linear,127
4630,$400C_const,1
4630,$400C_vol,0
4630,$400E_period,13
4630,$400E_mode,0
4631,$4000_duty,1
4631,$4000_const,1
4631,$4000_vol,7
4631,$4004_duty,2
4631,$4004_const,1
4631,$4004_vol,7
4631,$4008_linear,127
4631,$400C_const,1
4631,$400C_vol,0
4631,$400E_period,13
4631,$400E_mode,0
4632,$4000_duty,1
4632,$4000_const,1
4632,$4000_vol,7
4632,$4004_duty,2
4632,$4004_const,1
4632,$4004_vol,7
4632,$4008_linear,127
4632,$400C_const,1
4632,$400C_vol,0
4632,$400E_period,13
4632,$400E_mode,0
4633,$4000_duty,1
4633,$4000_const,1
4633,$4000_vol,7
4633,$4004_duty,2
4633,$4004_const,1
4633,$4004_vol,7
4633,$4008_linear,127
4633,$400C_const,1
4633,$400C_vol,0
4633,$400E_period,13
4633,$400E_mode,0
4634,$4000_duty,1
4634,$4000_const,1
4634,$4000_vol,7
4634,$4004_duty,2
4634,$4004_const,1
4634,$4004_vol,7
4634,$4008_linear,127
4634,$400C_const,1
4634,$400C_vol,0
4634,$400E_period,13
4634,$400E_mode,0
4635,$4000_duty,1
4635,$4000_const,1
4635,$4000_vol,7
4635,$4004_duty,2
4635,$4004_const,1
4635,$4004_vol,7
4635,$4008_linear,127
4635,$400C_const,1
4635,$400C_vol,0
4635,$400E_period,13
4635,$400E_mode,0
4636,$4000_duty,1
4636,$4000_const,1
4636,$4000_vol,7
4636,$4004_duty,2
4636,$4004_const,1
4636,$4004_vol,7
4636,$4008_linear,127
4636,$400C_const,1
4636,$400C_vol,0
4636,$400E_period,13
4636,$400E_mode,0
4637,$4000_duty,1
4637,$4000_const,1
4637,$4000_vol,6
4637,$4004_duty,2
4637,$4004_const,1
4637,$4004_vol,6
4637,$4008_linear,127
4637,$400C_const,1
4637,$400C_vol,0
4637,$400E_period,13
4637,$400E_mode,0
4638,$4000_duty,1
4638,$4000_const,1
4638,$4000_vol,6
4638,$4004_duty,2
4638,$4004_const,1
4638,$4004_vol,6
4638,$4008_linear,127
4638,$400C_const,1
4638,$400C_vol,0
4638,$400E_period,13
4638,$400E_mode,0
4639,$4000_duty,1
4639,$4000_const,1
4639,$4000_vol,6
4639,$4004_duty,2
4639,$4004_const,1
4639,$4004_vol,6
4639,$4008_linear,127
4639,$400C_const,1
4639,$400C_vol,0
4639,$400E_period,13
4639,$400E_mode,0
4640,$4000_duty,1
4640,$4000_const,1
4640,$4000_vol,6
4640,$4004_duty,2
4640,$4004_const,1
4640,$4004_vol,6
4640,$4008_linear,127
4640,$400C_const,1
4640,$400C_vol,0
4640,$400E_period,13
4640,$400E_mode,0
4641,$4000_duty,1
4641,$4000_const,1
4641,$4000_vol,6
4641,$4004_duty,2
4641,$4004_const,1
4641,$4004_vol,6
4641,$4008_linear,127
4641,$400C_const,1
4641,$400C_vol,12
4641,$400E_period,8
4641,$400E_mode,0
4642,$4000_duty,1
4642,$4000_const,1
4642,$4000_vol,6
4642,$4004_duty,2
4642,$4004_const,1
4642,$4004_vol,6
4642,$4008_linear,127
4642,$400C_const,1
4642,$400C_vol,9
4642,$400E_period,8
4642,$400E_mode,0
4643,$4000_duty,1
4643,$4000_const,1
4643,$4000_vol,6
4643,$4004_duty,2
4643,$4004_const,1
4643,$4004_vol,6
4643,$4008_linear,127
4643,$400C_const,1
4643,$400C_vol,6
4643,$400E_period,8
4643,$400E_mode,0
4644,$4000_duty,1
4644,$4000_const,1
4644,$4000_vol,6
4644,$4004_duty,2
4644,$4004_const,1
4644,$4004_vol,6
4644,$4008_linear,0
4644,$400C_const,1
4644,$400C_vol,3
4644,$400E_period,8
4644,$400E_mode,0
4645,$4000_duty,1
4645,$4000_const,1
4645,$4000_vol,5
4645,$4004_duty,2
4645,$4004_const,1
4645,$4004_vol,5
4645,$4008_linear,0
4645,$400C_const,1
4645,$400C_vol,0
4645,$400E_period,8
4645,$400E_mode,0
4646,$4000_duty,1
4646,$4000_const,1
4646,$4000_vol,5
4646,$4004_duty,2
4646,$4004_const,1
4646,$4004_vol,5
4646,$400C_const,1
4646,$400C_vol,0
4646,$400E_period,8
4646,$400E_mode,0
4647,$4000_duty,1
4647,$4000_const,1
4647,$4000_vol,5
4647,$4004_duty,2
4647,$4004_const,1
4647,$4004_vol,5
4647,$400C_const,1
4647,$400C_vol,0
4647,$400E_period,8
4647,$400E_mode,0
4648,$4000_duty,1
4648,$4000_const,1
4648,$4000_vol,5
4648,$4004_duty,2
4648,$4004_const,1
4648,$4004_vol,5
4648,$400C_const,1
4648,$400C_vol,0
4648,$400E_period,8
4648,$400E_mode,0
4649,$4004_duty,0
4649,$4004_const,1
4649,$4004_vol,0
4649,$4001_sweep,8
4649,$4005_sweep,8
4649,$4000_duty,1
4649,$4000_const,1
4649,$4000_vol,5
4649,$4008_linear,127
4649,$400A_period,719
4649,$400B_length,9
4649,$400C_const,1
4649,$400C_vol,12
4649,$400E_period,13
4649,$400E_mode,0
4650,$4000_duty,1
4650,$4000_const,1
4650,$4000_vol,5
4650,$4004_duty,2
4650,$4004_const,1
4650,$4004_vol,15
4650,$4006_period,303
4650,$4008_linear,127
4650,$400C_const,1
4650,$400C_vol,9
4650,$400E_period,13
4650,$400E_mode,0
4651,$4000_duty,1
4651,$4000_const,1
4651,$4000_vol,5
4651,$4004_duty,2
4651,$4004_const,1
4651,$4004_vol,14
4651,$4008_linear,127
4651,$400C_const,1
4651,$400C_vol,6
4651,$400E_period,13
4651,$400E_mode,0
4652,$4000_duty,1
4652,$4000_const,1
4652,$4000_vol,5
4652,$4004_duty,2
4652,$4004_const,1
4652,$4004_vol,12
4652,$4008_linear,127
4652,$400C_const,1
4652,$400C_vol,3
4652,$400E_period,13
4652,$400E_mode,0
4653,$4000_duty,1
4653,$4000_const,1
4653,$4000_vol,4
4653,$4004_duty,2
4653,$4004_const,1
4653,$4004_vol,10
4653,$4008_linear,127
4653,$400C_const,1
4653,$400C_vol,0
4653,$400E_period,13
4653,$400E_mode,0
4654,$4000_duty,1
4654,$4000_const,1
4654,$4000_vol,4
4654,$4004_duty,2
4654,$4004_const,1
4654,$4004_vol,8
4654,$4008_linear,127
4654,$400C_const,1
4654,$400C_vol,0
4654,$400E_period,13
4654,$400E_mode,0
4655,$4000_duty,1
4655,$4000_const,1
4655,$4000_vol,4
4655,$4004_duty,2
4655,$4004_const,1
4655,$4004_vol,6
4655,$4008_linear,127
4655,$400C_const,1
4655,$400C_vol,0
4655,$400E_period,13
4655,$400E_mode,0
4656,$4000_duty,1
4656,$4000_const,1
4656,$4000_vol,4
4656,$4004_duty,2
4656,$4004_const,1
4656,$4004_vol,4
4656,$4008_linear,127
4656,$400C_const,1
4656,$400C_vol,0
4656,$400E_period,13
4656,$400E_mode,0
4657,$4000_duty,1
4657,$4000_const,1
4657,$4000_vol,4
4657,$4004_duty,2
4657,$4004_const,1
4657,$4004_vol,3
4657,$4008_linear,127
4658,$4000_duty,1
4658,$4000_const,1
4658,$4000_vol,4
4658,$4008_linear,127
4659,$4000_duty,1
4659,$4000_const,1
4659,$4000_vol,4
4659,$4004_duty,2
4659,$4004_const,1
4659,$4004_vol,1
4659,$4008_linear,127
4660,$4000_duty,1
4660,$4000_const,1
4660,$4000_vol,4
4660,$4004_duty,2
4660,$4004_const,1
4660,$4004_vol,0
4660,$4008_linear,127
4661,$4000_duty,1
4661,$4000_const,1
4661,$4000_vol,3
4661,$4004_duty,2
4661,$4004_const,1
4661,$4004_vol,1
4661,$4008_linear,0
4662,$4000_duty,1
4662,$4000_const,1
4662,$4000_vol,3
4662,$4004_duty,2
4662,$4004_const,1
4662,$4004_vol,3
4663,$4000_duty,1
4663,$4000_const,1
4663,$4000_vol,3
4663,$4004_duty,2
4663,$4004_const,1
4663,$4004_vol,5
4664,$4000_duty,1
4664,$4000_const,1
4664,$4000_vol,3
4664,$4004_duty,2
4664,$4004_const,1
4664,$4004_vol,7
4664,$4008_linear,127
4664,$400A_period,719
4664,$400B_length,9
4664,$400C_const,1
4664,$400C_vol,12
4664,$400E_period,13
4664,$400E_mode,0
4665,$4000_duty,1
4665,$4000_const,1
4665,$4000_vol,3
4665,$4004_duty,2
4665,$4004_const,1
4665,$4004_vol,9
4665,$4008_linear,127
4665,$400C_const,1
4665,$400C_vol,9
4665,$400E_period,13
4665,$400E_mode,0
4666,$4000_duty,1
4666,$4000_const,1
4666,$4000_vol,3
4666,$4004_duty,2
4666,$4004_const,1
4666,$4004_vol,11
4666,$4008_linear,127
4666,$400C_const,1
4666,$400C_vol,6
4666,$400E_period,13
4666,$400E_mode,0
4667,$4000_duty,1
4667,$4000_const,1
4667,$4000_vol,3
4667,$4004_duty,2
4667,$4004_const,1
4667,$4004_vol,13
4667,$4008_linear,127
4667,$400C_const,1
4667,$400C_vol,3
4667,$400E_period,13
4667,$400E_mode,0
4668,$4000_duty,1
4668,$4000_const,1
4668,$4000_vol,3
4668,$4004_duty,2
4668,$4004_const,1
4668,$4004_vol,14
4668,$4008_linear,127
4668,$400C_const,1
4668,$400C_vol,0
4668,$400E_period,13
4668,$400E_mode,0
4669,$4000_duty,1
4669,$4000_const,1
4669,$4000_vol,2
4669,$4004_duty,2
4669,$4004_const,1
4669,$4004_vol,15
4669,$4008_linear,127
4669,$400C_const,1
4669,$400C_vol,0
4669,$400E_period,13
4669,$400E_mode,0
4670,$4000_duty,1
4670,$4000_const,1
4670,$4000_vol,2
4670,$4004_duty,2
4670,$4004_const,1
4670,$4004_vol,13
4670,$4008_linear,127
4670,$400C_const,1
4670,$400C_vol,0
4670,$400E_period,13
4670,$400E_mode,0
4671,$4000_duty,1
4671,$4000_const,1
4671,$4000_vol,2
4671,$4004_duty,2
4671,$4004_const,1
4671,$4004_vol,11
4671,$4008_linear,127
4671,$400C_const,1
4671,$400C_vol,12
4671,$400E_period,8
4671,$400E_mode,0
4672,$4000_duty,1
4672,$4000_const,1
4672,$4000_vol,2
4672,$4004_duty,2
4672,$4004_const,1
4672,$4004_vol,9
4672,$4008_linear,127
4672,$400C_const,1
4672,$400C_vol,9
4672,$400E_period,8
4672,$400E_mode,0
4673,$4000_duty,1
4673,$4000_const,1
4673,$4000_vol,2
4673,$4004_duty,2
4673,$4004_const,1
4673,$4004_vol,8
4673,$4008_linear,127
4673,$400C_const,1
4673,$400C_vol,6
4673,$400E_period,8
4673,$400E_mode,0
4674,$4000_duty,1
4674,$4000_const,1
4674,$4000_vol,2
4674,$4004_duty,2
4674,$4004_const,1
4674,$4004_vol,6
4674,$4008_linear,127
4674,$400C_const,1
4674,$400C_vol,3
4674,$400E_period,8
4674,$400E_mode,0
4675,$4000_duty,1
4675,$4000_const,1
4675,$4000_vol,2
4675,$4004_duty,2
4675,$4004_const,1
4675,$4004_vol,4
4675,$4008_linear,127
4675,$400C_const,1
4675,$400C_vol,0
4675,$400E_period,8
4675,$400E_mode,0
4676,$4000_duty,1
4676,$4000_const,1
4676,$4000_vol,2
4676,$4004_duty,2
4676,$4004_const,1
4676,$4004_vol,2
4676,$4008_linear,0
4676,$400C_const,1
4676,$400C_vol,0
4676,$400E_period,8
4676,$400E_mode,0
4677,$4000_duty,1
4677,$4000_const,1
4677,$4000_vol,1
4677,$4004_duty,2
4677,$4004_const,1
4677,$4004_vol,0
4677,$400C_const,1
4677,$400C_vol,0
4677,$400E_period,8
4677,$400E_mode,0
4678,$4000_duty,1
4678,$4000_const,1
4678,$4000_vol,1
4678,$4004_duty,2
4678,$4004_const,1
4678,$4004_vol,0
4678,$400C_const,1
4678,$400C_vol,0
4678,$400E_period,8
4678,$400E_mode,0
4679,$4000_duty,1
4679,$4000_const,1
4679,$4000_vol,1
4679,$4004_duty,2
4679,$4004_const,1
4679,$4004_vol,2
4679,$4008_linear,127
4679,$400A_period,719
4679,$400B_length,9
4679,$400C_const,1
4679,$400C_vol,12
4679,$400E_period,13
4679,$400E_mode,0
4680,$4000_duty,1
4680,$4000_const,1
4680,$4000_vol,1
4680,$4004_duty,2
4680,$4004_const,1
4680,$4004_vol,4
4680,$4008_linear,127
4680,$400C_const,1
4680,$400C_vol,9
4680,$400E_period,13
4680,$400E_mode,0
4681,$4000_duty,1
4681,$4000_const,1
4681,$4000_vol,1
4681,$4004_duty,2
4681,$4004_const,1
4681,$4004_vol,6
4681,$4008_linear,127
4681,$400C_const,1
4681,$400C_vol,6
4681,$400E_period,13
4681,$400E_mode,0
4682,$4000_duty,1
4682,$4000_const,1
4682,$4000_vol,1
4682,$4004_duty,2
4682,$4004_const,1
4682,$4004_vol,8
4682,$4008_linear,127
4682,$400C_const,1
4682,$400C_vol,3
4682,$400E_period,13
4682,$400E_mode,0
4683,$4000_duty,1
4683,$4000_const,1
4683,$4000_vol,1
4683,$4004_duty,2
4683,$4004_const,1
4683,$4004_vol,9
4683,$4008_linear,127
4683,$400C_const,1
4683,$400C_vol,0
4683,$400E_period,13
4683,$400E_mode,0
4684,$4000_duty,1
4684,$4000_const,1
4684,$4000_vol,1
4684,$4004_duty,2
4684,$4004_const,1
4684,$4004_vol,11
4684,$4008_linear,127
4684,$400C_const,1
4684,$400C_vol,0
4684,$400E_period,13
4684,$400E_mode,0
4685,$4000_duty,1
4685,$4000_const,1
4685,$4000_vol,1
4685,$4004_duty,2
4685,$4004_const,1
4685,$4004_vol,13
4685,$4008_linear,0
4685,$400C_const,1
4685,$400C_vol,0
4685,$400E_period,13
4685,$400E_mode,0
4686,$4000_duty,1
4686,$4000_const,1
4686,$4000_vol,1
4686,$4004_duty,2
4686,$4004_const,1
4686,$4004_vol,15
4686,$4008_linear,127
4686,$400A_period,719
4686,$400B_length,9
4686,$400C_const,1
4686,$400C_vol,12
4686,$400E_period,13
4686,$400E_mode,0
4687,$4000_duty,1
4687,$4000_const,1
4687,$4000_vol,1
4687,$4004_duty,2
4687,$4004_const,1
4687,$4004_vol,14
4687,$4008_linear,127
4687,$400C_const,1
4687,$400C_vol,9
4687,$400E_period,13
4687,$400E_mode,0
4688,$4000_duty,1
4688,$4000_const,1
4688,$4000_vol,1
4688,$4004_duty,2
4688,$4004_const,1
4688,$4004_vol,12
4688,$4008_linear,127
4688,$400C_const,1
4688,$400C_vol,6
4688,$400E_period,13
4688,$400E_mode,0
4689,$4000_duty,1
4689,$4000_const,1
4689,$4000_vol,1
4689,$4004_duty,2
4689,$4004_const,1
4689,$4004_vol,11
4689,$4008_linear,127
4689,$400C_const,1
4689,$400C_vol,3
4689,$400E_period,13
4689,$400E_mode,0
4690,$4000_duty,1
4690,$4000_const,1
4690,$4000_vol,1
4690,$4004_duty,2
4690,$4004_const,1
4690,$4004_vol,9
4690,$4008_linear,127
4690,$400C_const,1
4690,$400C_vol,0
4690,$400E_period,13
4690,$400E_mode,0
4691,$4000_duty,1
4691,$4000_const,1
4691,$4000_vol,0
4691,$4004_duty,2
4691,$4004_const,1
4691,$4004_vol,7
4691,$4008_linear,127
4691,$400C_const,1
4691,$400C_vol,0
4691,$400E_period,13
4691,$400E_mode,0
4692,$4000_duty,1
4692,$4000_const,1
4692,$4000_vol,0
4692,$4004_duty,2
4692,$4004_const,1
4692,$4004_vol,5
4692,$4008_linear,127
4692,$400C_const,1
4692,$400C_vol,0
4692,$400E_period,13
4692,$400E_mode,0
4693,$4000_duty,1
4693,$4000_const,1
4693,$4000_vol,0
4693,$4004_duty,2
4693,$4004_const,1
4693,$4004_vol,3
4693,$4008_linear,127
4693,$400C_const,1
4693,$400C_vol,0
4693,$400E_period,13
4693,$400E_mode,0
4694,$4004_duty,0
4694,$4004_const,1
4694,$4004_vol,0
4694,$4001_sweep,8
4694,$4005_sweep,8
4694,$4000_duty,1
4694,$4000_const,1
4694,$4000_vol,12
4694,$4002_period,539
4694,$400B_length,9
4694,$4004_duty,2
4694,$4004_const,1
4694,$4004_vol,12
4694,$4006_period,907
4694,$4008_linear,127
4694,$400C_const,1
4694,$400C_vol,0
4694,$400E_period,13
4694,$400E_mode,0
4695,$4000_duty,1
4695,$4000_const,1
4695,$4000_vol,11
4695,$4004_duty,2
4695,$4004_const,1
4695,$4004_vol,11
4695,$4008_linear,127
4695,$400C_const,1
4695,$400C_vol,0
4695,$400E_period,13
4695,$400E_mode,0
4696,$4000_duty,1
4696,$4000_const,1
4696,$4000_vol,11
4696,$4004_duty,2
4696,$4004_const,1
4696,$4004_vol,11
4696,$4008_linear,127
4696,$400C_const,1
4696,$400C_vol,0
4696,$400E_period,13
4696,$400E_mode,0
4697,$4000_duty,1
4697,$4000_const,1
4697,$4000_vol,11
4697,$4004_duty,2
4697,$4004_const,1
4697,$4004_vol,11
4697,$4008_linear,127
4697,$400C_const,1
4697,$400C_vol,0
4697,$400E_period,13
4697,$400E_mode,0
4698,$4000_duty,1
4698,$4000_const,1
4698,$4000_vol,11
4698,$4004_duty,2
4698,$4004_const,1
4698,$4004_vol,11
4698,$4008_linear,0
4698,$400C_const,1
4698,$400C_vol,0
4698,$400E_period,13
4698,$400E_mode,0
4699,$4000_duty,1
4699,$4000_const,1
4699,$4000_vol,10
4699,$4004_duty,2
4699,$4004_const,1
4699,$4004_vol,10
4699,$4008_linear,0
4699,$400C_const,1
4699,$400C_vol,0
4699,$400E_period,13
4699,$400E_mode,0
4700,$4000_duty,1
4700,$4000_const,1
4700,$4000_vol,10
4700,$4004_duty,2
4700,$4004_const,1
4700,$4004_vol,10
4700,$400C_const,1
4700,$400C_vol,0
4700,$400E_period,13
4700,$400E_mode,0
4701,$4000_duty,1
4701,$4000_const,1
4701,$4000_vol,12
4701,$4002_period,571
4701,$400B_length,9
4701,$4004_duty,2
4701,$4004_const,1
4701,$4004_vol,12
4701,$4006_period,961
4701,$4008_linear,127
4701,$400A_period,719
4701,$400B_length,9
4701,$400C_const,1
4701,$400C_vol,12
4701,$400E_period,8
4701,$400E_mode,0
4702,$4000_duty,1
4702,$4000_const,1
4702,$4000_vol,11
4702,$4004_duty,2
4702,$4004_const,1
4702,$4004_vol,11
4702,$4008_linear,127
4702,$400C_const,1
4702,$400C_vol,9
4702,$400E_period,8
4702,$400E_mode,0
4703,$4000_duty,1
4703,$4000_const,1
4703,$4000_vol,11
4703,$4004_duty,2
4703,$4004_const,1
4703,$4004_vol,11
4703,$4008_linear,127
4703,$400C_const,1
4703,$400C_vol,6
4703,$400E_period,8
4703,$400E_mode,0
4704,$4000_duty,1
4704,$4000_const,1
4704,$4000_vol,11
4704,$4004_duty,2
4704,$4004_const,1
4704,$4004_vol,11
4704,$4008_linear,127
4704,$400C_const,1
4704,$400C_vol,3
4704,$400E_period,8
4704,$400E_mode,0
4705,$4000_duty,1
4705,$4000_const,1
4705,$4000_vol,11
4705,$4004_duty,2
4705,$4004_const,1
4705,$4004_vol,11
4705,$4008_linear,127
4705,$400C_const,1
4705,$400C_vol,0
4705,$400E_period,8
4705,$400E_mode,0
4706,$4004_duty,0
4706,$4004_const,1
4706,$4004_vol,0
4706,$4001_sweep,8
4706,$4005_sweep,8
4706,$4000_duty,1
4706,$4000_const,1
4706,$4000_vol,10
4706,$4008_linear,127
4706,$400C_const,1
4706,$400C_vol,0
4706,$400E_period,8
4706,$400E_mode,0
4707,$4000_duty,1
4707,$4000_const,1
4707,$4000_vol,10
4707,$4004_duty,2
4707,$4004_const,1
4707,$4004_vol,15
4707,$4006_period,227
4707,$4008_linear,127
4707,$400C_const,1
4707,$400C_vol,0
4707,$400E_period,8
4707,$400E_mode,0
4708,$4000_duty,1
4708,$4000_const,1
4708,$4000_vol,9
4708,$4004_duty,2
4708,$4004_const,1
4708,$4004_vol,14
4708,$4008_linear,127
4708,$400C_const,1
4708,$400C_vol,0
4708,$400E_period,8
4708,$400E_mode,0
4709,$4000_duty,1
4709,$4000_const,1
4709,$4000_vol,12
4709,$4002_period,641
4709,$400B_length,9
4709,$4004_duty,2
4709,$4004_const,1
4709,$4004_vol,14
4709,$4008_linear,127
4709,$400C_const,1
4709,$400C_vol,0
4709,$400E_period,8
4709,$400E_mode,0
4710,$4000_duty,1
4710,$4000_const,1
4710,$4000_vol,11
4710,$4004_duty,2
4710,$4004_const,1
4710,$4004_vol,14
4710,$4008_linear,127
4710,$400C_const,1
4710,$400C_vol,0
4710,$400E_period,8
4710,$400E_mode,0
4711,$4000_duty,1
4711,$4000_const,1
4711,$4000_vol,11
4711,$4004_duty,2
4711,$4004_const,1
4711,$4004_vol,13
4711,$4008_linear,127
4711,$400C_const,1
4711,$400C_vol,0
4711,$400E_period,8
4711,$400E_mode,0
4712,$4000_duty,1
4712,$4000_const,1
4712,$4000_vol,11
4712,$4004_duty,2
4712,$4004_const,1
4712,$4004_vol,13
4712,$4008_linear,127
4712,$400C_const,1
4712,$400C_vol,0
4712,$400E_period,8
4712,$400E_mode,0
4713,$4000_duty,1
4713,$4000_const,1
4713,$4000_vol,11
4713,$4004_duty,2
4713,$4004_const,1
4713,$4004_vol,13
4713,$4008_linear,0
4713,$400C_const,1
4713,$400C_vol,0
4713,$400E_period,8
4713,$400E_mode,0
4714,$4000_duty,1
4714,$4000_const,1
4714,$4000_vol,10
4714,$4004_duty,2
4714,$4004_const,1
4714,$4004_vol,12
4714,$4008_linear,0
4714,$400C_const,1
4714,$400C_vol,0
4714,$400E_period,8
4714,$400E_mode,0
4715,$4000_duty,1
4715,$4000_const,1
4715,$4000_vol,10
4715,$4004_duty,2
4715,$4004_const,1
4715,$4004_vol,12
4715,$400C_const,1
4715,$400C_vol,0
4715,$400E_period,8
4715,$400E_mode,0
4716,$4000_duty,1
4716,$4000_const,1
4716,$4000_vol,12
4716,$4002_period,719
4716,$400B_length,9
4716,$4004_duty,2
4716,$4004_const,1
4716,$4004_vol,12
4716,$4008_linear,127
4716,$400A_period,719
4716,$400B_length,9
4716,$400C_const,1
4716,$400C_vol,12
4716,$400E_period,13
4716,$400E_mode,0
4717,$4004_duty,0
4717,$4004_const,1
4717,$4004_vol,0
4717,$4001_sweep,8
4717,$4005_sweep,8
4717,$4000_duty,1
4717,$4000_const,1
4717,$4000_vol,11
4717,$4004_duty,2
4717,$4004_const,1
4717,$4004_vol,11
4717,$4006_period,1141
4717,$4008_linear,127
4717,$400C_const,1
4717,$400C_vol,9
4717,$400E_period,13
4717,$400E_mode,0
4718,$4000_duty,1
4718,$4000_const,1
4718,$4000_vol,11
4718,$4004_duty,2
4718,$4004_const,1
4718,$4004_vol,11
4718,$4008_linear,127
4718,$400C_const,1
4718,$400C_vol,6
4718,$400E_period,13
4718,$400E_mode,0
4719,$4000_duty,1
4719,$4000_const,1
4719,$4000_vol,11
4719,$4004_duty,2
4719,$4004_const,1
4719,$4004_vol,11
4719,$4008_linear,127
4719,$400C_const,1
4719,$400C_vol,3
4719,$400E_period,13
4719,$400E_mode,0
4720,$4000_duty,1
4720,$4000_const,1
4720,$4000_vol,11
4720,$4004_duty,2
4720,$4004_const,1
4720,$4004_vol,11
4720,$4008_linear,127
4720,$400C_const,1
4720,$400C_vol,0
4720,$400E_period,13
4720,$400E_mode,0
4721,$4000_duty,1
4721,$4000_const,1
4721,$4000_vol,11
4721,$4004_duty,2
4721,$4004_const,1
4721,$4004_vol,11
4721,$4008_linear,127
4721,$400C_const,1
4721,$400C_vol,0
4721,$400E_period,13
4721,$400E_mode,0
4722,$4000_duty,1
4722,$4000_const,1
4722,$4000_vol,11
4722,$4004_duty,2
4722,$4004_const,1
4722,$4004_vol,11
4722,$4008_linear,127
4722,$400C_const,1
4722,$400C_vol,0
4722,$400E_period,13
4722,$400E_mode,0
4723,$4000_duty,1
4723,$4000_const,1
4723,$4000_vol,11
4723,$4004_duty,2
4723,$4004_const,1
4723,$4004_vol,11
4723,$4008_linear,127
4723,$400C_const,1
4723,$400C_vol,0
4723,$400E_period,13
4723,$400E_mode,0
4724,$4000_duty,1
4724,$4000_const,1
4724,$4000_vol,11
4724,$4004_duty,2
4724,$4004_const,1
4724,$4004_vol,11
4724,$4008_linear,127
4724,$400C_const,1
4724,$400C_vol,0
4724,$400E_period,13
4724,$400E_mode,0
4725,$4000_duty,1
4725,$4000_const,1
4725,$4000_vol,10
4725,$4004_duty,2
4725,$4004_const,1
4725,$4004_vol,10
4725,$4008_linear,127
4725,$400C_const,1
4725,$400C_vol,0
4725,$400E_period,13
4725,$400E_mode,0
4726,$4000_duty,1
4726,$4000_const,1
4726,$4000_vol,10
4726,$4004_duty,2
4726,$4004_const,1
4726,$4004_vol,10
4726,$4008_linear,127
4726,$400C_const,1
4726,$400C_vol,0
4726,$400E_period,13
4726,$400E_mode,0
4727,$4000_duty,1
4727,$4000_const,1
4727,$4000_vol,10
4727,$4004_duty,2
4727,$4004_const,1
4727,$4004_vol,10
4727,$4008_linear,127
4727,$400C_const,1
4727,$400C_vol,0
4727,$400E_period,13
4727,$400E_mode,0
4728,$4000_duty,1
4728,$4000_const,1
4728,$4000_vol,10
4728,$4004_duty,2
4728,$4004_const,1
4728,$4004_vol,10
4728,$4008_linear,0
4728,$400C_const,1
4728,$400C_vol,0
4728,$400E_period,13
4728,$400E_mode,0
4729,$4000_duty,1
4729,$4000_const,1
4729,$4000_vol,10
4729,$4004_duty,2
4729,$4004_const,1
4729,$4004_vol,10
4729,$4008_linear,0
4729,$400C_const,1
4729,$400C_vol,0
4729,$400E_period,13
4729,$400E_mode,0
4730,$4000_duty,1
4730,$4000_const,1
4730,$4000_vol,10
4730,$4004_duty,2
4730,$4004_const,1
4730,$4004_vol,10
4730,$400C_const,1
4730,$400C_vol,0
4730,$400E_period,13
4730,$400E_mode,0
4731,$4000_duty,1
4731,$4000_const,1
4731,$4000_vol,10
4731,$4004_duty,2
4731,$4004_const,1
4731,$4004_vol,10
4731,$4008_linear,127
4731,$400A_period,719
4731,$400B_length,9
4731,$400C_const,1
4731,$400C_vol,12
4731,$400E_period,8
4731,$400E_mode,0
4732,$4000_duty,1
4732,$4000_const,1
4732,$4000_vol,10
4732,$4004_duty,2
4732,$4004_const,1
4732,$4004_vol,10
4732,$4008_linear,127
4732,$400C_const,1
4732,$400C_vol,9
4732,$400E_period,8
4732,$400E_mode,0
4733,$4000_duty,1
4733,$4000_const,1
4733,$4000_vol,9
4733,$4004_duty,2
4733,$4004_const,1
4733,$4004_vol,9
4733,$4008_linear,127
4733,$400C_const,1
4733,$400C_vol,6
4733,$400E_period,8
4733,$400E_mode,0
4734,$4000_duty,1
4734,$4000_const,1
4734,$4000_vol,9
4734,$4004_duty,2
4734,$4004_const,1
4734,$4004_vol,9
4734,$4008_linear,127
4734,$400C_const,1
4734,$400C_vol,3
4734,$400E_period,8
4734,$400E_mode,0
4735,$4000_duty,1
4735,$4000_const,1
4735,$4000_vol,9
4735,$4004_duty,2
4735,$4004_const,1
4735,$4004_vol,9
4735,$4008_linear,127
4735,$400C_const,1
4735,$400C_vol,0
4735,$400E_period,8
4735,$400E_mode,0
4736,$4000_duty,1
4736,$4000_const,1
4736,$4000_vol,9
4736,$4004_duty,2
4736,$4004_const,1
4736,$4004_vol,9
4736,$4008_linear,127
4736,$400C_const,1
4736,$400C_vol,0
4736,$400E_period,8
4736,$400E_mode,0
4737,$4000_duty,1
4737,$4000_const,1
4737,$4000_vol,9
4737,$4004_duty,2
4737,$4004_const,1
4737,$4004_vol,9
4737,$4008_linear,127
4737,$400C_const,1
4737,$400C_vol,0
4737,$400E_period,8
4737,$400E_mode,0
4738,$4000_duty,1
4738,$4000_const,1
4738,$4000_vol,9
4738,$4004_duty,2
4738,$4004_const,1
4738,$4004_vol,9
4738,$4008_linear,127
4738,$400C_const,1
4738,$400C_vol,0
4738,$400E_period,8
4738,$400E_mode,0
4739,$4000_duty,1
4739,$4000_const,1
4739,$4000_vol,9
4739,$4004_duty,2
4739,$4004_const,1
4739,$4004_vol,9
4739,$4008_linear,127
4739,$400C_const,1
4739,$400C_vol,0
4739,$400E_period,8
4739,$400E_mode,0
4740,$4000_duty,1
4740,$4000_const,1
4740,$4000_vol,9
4740,$4004_duty,2
4740,$4004_const,1
4740,$4004_vol,9
4740,$4008_linear,127
4740,$400C_const,1
4740,$400C_vol,0
4740,$400E_period,8
4740,$400E_mode,0
4741,$4000_duty,1
4741,$4000_const,1
4741,$4000_vol,8
4741,$4004_duty,2
4741,$4004_const,1
4741,$4004_vol,8
4741,$4008_linear,127
4741,$400C_const,1
4741,$400C_vol,0
4741,$400E_period,8
4741,$400E_mode,0
4742,$4000_duty,1
4742,$4000_const,1
4742,$4000_vol,8
4742,$4004_duty,2
4742,$4004_const,1
4742,$4004_vol,8
4742,$4008_linear,127
4742,$400C_const,1
4742,$400C_vol,0
4742,$400E_period,8
4742,$400E_mode,0
4743,$4000_duty,1
4743,$4000_const,1
4743,$4000_vol,8
4743,$4004_duty,2
4743,$4004_const,1
4743,$4004_vol,8
4743,$4008_linear,0
4743,$400C_const,1
4743,$400C_vol,0
4743,$400E_period,8
4743,$400E_mode,0
4744,$4000_duty,1
4744,$4000_const,1
4744,$4000_vol,8
4744,$4004_duty,2
4744,$4004_const,1
4744,$4004_vol,8
4744,$4008_linear,0
4744,$400C_const,1
4744,$400C_vol,0
4744,$400E_period,8
4744,$400E_mode,0
4745,$4000_duty,1
4745,$4000_const,1
4745,$4000_vol,8
4745,$4004_duty,2
4745,$4004_const,1
4745,$4004_vol,8
4745,$400C_const,1
4745,$400C_vol,0
4745,$400E_period,8
4745,$400E_mode,0
4746,$4000_duty,1
4746,$4000_const,1
4746,$4000_vol,8
4746,$4004_duty,2
4746,$4004_const,1
4746,$4004_vol,8
4746,$4008_linear,127
4746,$400A_period,719
4746,$400B_length,9
4746,$400C_const,1
4746,$400C_vol,12
4746,$400E_period,13
4746,$400E_mode,0
4747,$4000_duty,1
4747,$4000_const,1
4747,$4000_vol,8
4747,$4004_duty,2
4747,$4004_const,1
4747,$4004_vol,8
4747,$4008_linear,127
4747,$400C_const,1
4747,$400C_vol,9
4747,$400E_period,13
4747,$400E_mode,0
4748,$4000_duty,1
4748,$4000_const,1
4748,$4000_vol,8
4748,$4004_duty,2
4748,$4004_const,1
4748,$4004_vol,8
4748,$4008_linear,127
4748,$400C_const,1
4748,$400C_vol,6
4748,$400E_period,13
4748,$400E_mode,0
4749,$4000_duty,1
4749,$4000_const,1
4749,$4000_vol,7
4749,$4004_duty,2
4749,$4004_const,1
4749,$4004_vol,7
4749,$4008_linear,127
4749,$400C_const,1
4749,$400C_vol,3
4749,$400E_period,13
4749,$400E_mode,0
4750,$4000_duty,1
4750,$4000_const,1
4750,$4000_vol,7
4750,$4004_duty,2
4750,$4004_const,1
4750,$4004_vol,7
4750,$4008_linear,127
4750,$400C_const,1
4750,$400C_vol,0
4750,$400E_period,13
4750,$400E_mode,0
4751,$4000_duty,1
4751,$4000_const,1
4751,$4000_vol,7
4751,$4004_duty,2
4751,$4004_const,1
4751,$4004_vol,7
4751,$4008_linear,127
4751,$400C_const,1
4751,$400C_vol,0
4751,$400E_period,13
4751,$400E_mode,0
4752,$4000_duty,1
4752,$4000_const,1
4752,$4000_vol,7
4752,$4004_duty,2
4752,$4004_const,1
4752,$4004_vol,7
4752,$4008_linear,127
4752,$400C_const,1
4752,$400C_vol,0
4752,$400E_period,13
4752,$400E_mode,0
4753,$4000_duty,1
4753,$4000_const,1
4753,$4000_vol,7
4753,$4004_duty,2
4753,$4004_const,1
4753,$4004_vol,7
4753,$4008_linear,127
4753,$400C_const,1
4753,$400C_vol,0
4753,$400E_period,13
4753,$400E_mode,0
4754,$4000_duty,1
4754,$4000_const,1
4754,$4000_vol,7
4754,$4004_duty,2
4754,$4004_const,1
4754,$4004_vol,7
4754,$4008_linear,127
4754,$400C_const,1
4754,$400C_vol,0
4754,$400E_period,13
4754,$400E_mode,0
4755,$4000_duty,1
4755,$4000_const,1
4755,$4000_vol,7
4755,$4004_duty,2
4755,$4004_const,1
4755,$4004_vol,7
4755,$4008_linear,127
4755,$400C_const,1
4755,$400C_vol,0
4755,$400E_period,13
4755,$400E_mode,0
4756,$4000_duty,1
4756,$4000_const,1
4756,$4000_vol,7
4756,$4004_duty,2
4756,$4004_const,1
4756,$4004_vol,7
4756,$4008_linear,127
4756,$400C_const,1
4756,$400C_vol,0
4756,$400E_period,13
4756,$400E_mode,0
4757,$4004_duty,0
4757,$4004_const,1
4757,$4004_vol,0
4757,$4001_sweep,8
4757,$4005_sweep,8
4757,$4000_duty,1
4757,$4000_const,1
4757,$4000_vol,6
4757,$4008_linear,127
4757,$400C_const,1
4757,$400C_vol,0
4757,$400E_period,13
4757,$400E_mode,0
4758,$4000_duty,1
4758,$4000_const,1
4758,$4000_vol,6
4758,$4004_duty,2
4758,$4004_const,1
4758,$4004_vol,15
4758,$4006_period,303
4758,$4008_linear,127
4758,$400C_const,1
4758,$400C_vol,0
4758,$400E_period,13
4758,$400E_mode,0
4759,$4000_duty,1
4759,$4000_const,1
4759,$4000_vol,6
4759,$4004_duty,2
4759,$4004_const,1
4759,$4004_vol,14
4759,$4008_linear,127
4759,$400C_const,1
4759,$400C_vol,0
4759,$400E_period,13
4759,$400E_mode,0
4760,$4000_duty,1
4760,$4000_const,1
4760,$4000_vol,6
4760,$4004_duty,2
4760,$4004_const,1
4760,$4004_vol,12
4760,$4008_linear,127
4760,$400C_const,1
4760,$400C_vol,0
4760,$400E_period,13
4760,$400E_mode,0
4761,$4000_duty,1
4761,$4000_const,1
4761,$4000_vol,6
4761,$4004_duty,2
4761,$4004_const,1
4761,$4004_vol,10
4761,$4008_linear,127
4761,$400C_const,1
4761,$400C_vol,12
4761,$400E_period,8
4761,$400E_mode,0
4762,$4000_duty,1
4762,$4000_const,1
4762,$4000_vol,6
4762,$4004_duty,2
4762,$4004_const,1
4762,$4004_vol,8
4762,$4008_linear,127
4762,$400C_const,1
4762,$400C_vol,9
4762,$400E_period,8
4762,$400E_mode,0
4763,$4000_duty,1
4763,$4000_const,1
4763,$4000_vol,6
4763,$4004_duty,2
4763,$4004_const,1
4763,$4004_vol,6
4763,$4008_linear,127
4763,$400C_const,1
4763,$400C_vol,6
4763,$400E_period,8
4763,$400E_mode,0
4764,$4000_duty,1
4764,$4000_const,1
4764,$4000_vol,6
4764,$4004_duty,2
4764,$4004_const,1
4764,$4004_vol,4
4764,$4008_linear,0
4764,$400C_const,1
4764,$400C_vol,3
4764,$400E_period,8
4764,$400E_mode,0
4765,$4000_duty,1
4765,$4000_const,1
4765,$4000_vol,5
4765,$4004_duty,2
4765,$4004_const,1
4765,$4004_vol,3
4765,$4008_linear,0
4765,$400C_const,1
4765,$400C_vol,0
4765,$400E_period,8
4765,$400E_mode,0
4766,$4000_duty,1
4766,$4000_const,1
4766,$4000_vol,5
4766,$400C_const,1
4766,$400C_vol,0
4766,$400E_period,8
4766,$400E_mode,0
4767,$4000_duty,1
4767,$4000_const,1
4767,$4000_vol,5
4767,$4004_duty,2
4767,$4004_const,1
4767,$4004_vol,1
4767,$400C_const,1
4767,$400C_vol,0
4767,$400E_period,8
4767,$400E_mode,0
4768,$4000_duty,1
4768,$4000_const,1
4768,$4000_vol,5
4768,$4004_duty,2
4768,$4004_const,1
4768,$4004_vol,0
4768,$400C_const,1
4768,$400C_vol,0
4768,$400E_period,8
4768,$400E_mode,0
4769,$4000_duty,1
4769,$4000_const,1
4769,$4000_vol,5
4769,$4004_duty,2
4769,$4004_const,1
4769,$4004_vol,1
4769,$4008_linear,127
4769,$400A_period,719
4769,$400B_length,9
4769,$400C_const,1
4769,$400C_vol,12
4769,$400E_period,13
4769,$400E_mode,0
4770,$4000_duty,1
4770,$4000_const,1
4770,$4000_vol,5
4770,$4004_duty,2
4770,$4004_const,1
4770,$4004_vol,3
4770,$4008_linear,127
4770,$400C_const,1
4770,$400C_vol,9
4770,$400E_period,13
4770,$400E_mode,0
4771,$4000_duty,1
4771,$4000_const,1
4771,$4000_vol,5
4771,$4004_duty,2
4771,$4004_const,1
4771,$4004_vol,5
4771,$4008_linear,127
4771,$400C_const,1
4771,$400C_vol,6
4771,$400E_period,13
4771,$400E_mode,0
4772,$4000_duty,1
4772,$4000_const,1
4772,$4000_vol,5
4772,$4004_duty,2
4772,$4004_const,1
4772,$4004_vol,7
4772,$4008_linear,127
4772,$400C_const,1
4772,$400C_vol,3
4772,$400E_period,13
4772,$400E_mode,0
4773,$4000_duty,1
4773,$4000_const,1
4773,$4000_vol,4
4773,$4004_duty,2
4773,$4004_const,1
4773,$4004_vol,9
4773,$4008_linear,127
4773,$400C_const,1
4773,$400C_vol,0
4773,$400E_period,13
4773,$400E_mode,0
4774,$4000_duty,1
4774,$4000_const,1
4774,$4000_vol,4
4774,$4004_duty,2
4774,$4004_const,1
4774,$4004_vol,11
4774,$4008_linear,127
4774,$400C_const,1
4774,$400C_vol,0
4774,$400E_period,13
4774,$400E_mode,0
4775,$4000_duty,1
4775,$4000_const,1
4775,$4000_vol,4
4775,$4004_duty,2
4775,$4004_const,1
4775,$4004_vol,13
4775,$4008_linear,127
4775,$400C_const,1
4775,$400C_vol,0
4775,$400E_period,13
4775,$400E_mode,0
4776,$4000_duty,1
4776,$4000_const,1
4776,$4000_vol,4
4776,$4004_duty,2
4776,$4004_const,1
4776,$4004_vol,14
4776,$4008_linear,127
4776,$400C_const,1
4776,$400C_vol,0
4776,$400E_period,13
4776,$400E_mode,0
4777,$4000_duty,1
4777,$4000_const,1
4777,$4000_vol,4
4777,$4004_duty,2
4777,$4004_const,1
4777,$4004_vol,15
4777,$4008_linear,127
4778,$4000_duty,1
4778,$4000_const,1
4778,$4000_vol,4
4778,$4004_duty,2
4778,$4004_const,1
4778,$4004_vol,13
4778,$4008_linear,127
4779,$4000_duty,1
4779,$4000_const,1
4779,$4000_vol,4
4779,$4004_duty,2
4779,$4004_const,1
4779,$4004_vol,11
4779,$4008_linear,127
4780,$4000_duty,1
4780,$4000_const,1
4780,$4000_vol,4
4780,$4004_duty,2
4780,$4004_const,1
4780,$4004_vol,9
4780,$4008_linear,127
4781,$4000_duty,1
4781,$4000_const,1
4781,$4000_vol,3
4781,$4004_duty,2
4781,$4004_const,1
4781,$4004_vol,8
4781,$4008_linear,0
4782,$4000_duty,1
4782,$4000_const,1
4782,$4000_vol,3
4782,$4004_duty,2
4782,$4004_const,1
4782,$4004_vol,6
4783,$4000_duty,1
4783,$4000_const,1
4783,$4000_vol,3
4783,$4004_duty,2
4783,$4004_const,1
4783,$4004_vol,4
4784,$4000_duty,1
4784,$4000_const,1
4784,$4000_vol,3
4784,$4004_duty,2
4784,$4004_const,1
4784,$4004_vol,2
4784,$4008_linear,127
4784,$400A_period,719
4784,$400B_length,9
4784,$400C_const,1
4784,$400C_vol,12
4784,$400E_period,13
4784,$400E_mode,0
4785,$4000_duty,1
4785,$4000_const,1
4785,$4000_vol,3
4785,$4004_duty,2
4785,$4004_const,1
4785,$4004_vol,0
4785,$4008_linear,127
4785,$400C_const,1
4785,$400C_vol,9
4785,$400E_period,13
4785,$400E_mode,0
4786,$4000_duty,1
4786,$4000_const,1
4786,$4000_vol,3
4786,$4004_duty,2
4786,$4004_const,1
4786,$4004_vol,0
4786,$4008_linear,127
4786,$400C_const,1
4786,$400C_vol,6
4786,$400E_period,13
4786,$400E_mode,0
4787,$4000_duty,1
4787,$4000_const,1
4787,$4000_vol,3
4787,$4004_duty,2
4787,$4004_const,1
4787,$4004_vol,2
4787,$4008_linear,127
4787,$400C_const,1
4787,$400C_vol,3
4787,$400E_period,13
4787,$400E_mode,0
4788,$4000_duty,1
4788,$4000_const,1
4788,$4000_vol,3
4788,$4004_duty,2
4788,$4004_const,1
4788,$4004_vol,4
4788,$4008_linear,127
4788,$400C_const,1
4788,$400C_vol,0
4788,$400E_period,13
4788,$400E_mode,0
4789,$4000_duty,1
4789,$4000_const,1
4789,$4000_vol,2
4789,$4004_duty,2
4789,$4004_const,1
4789,$4004_vol,6
4789,$4008_linear,127
4789,$400C_const,1
4789,$400C_vol,0
4789,$400E_period,13
4789,$400E_mode,0
4790,$4000_duty,1
4790,$4000_const,1
4790,$4000_vol,2
4790,$4004_duty,2
4790,$4004_const,1
4790,$4004_vol,8
4790,$4008_linear,127
4790,$400C_const,1
4790,$400C_vol,0
4790,$400E_period,13
4790,$400E_mode,0
4791,$4000_duty,1
4791,$4000_const,1
4791,$4000_vol,2
4791,$4004_duty,2
4791,$4004_const,1
4791,$4004_vol,9
4791,$4008_linear,127
4791,$400C_const,1
4791,$400C_vol,12
4791,$400E_period,8
4791,$400E_mode,0
4792,$4000_duty,1
4792,$4000_const,1
4792,$4000_vol,2
4792,$4004_duty,2
4792,$4004_const,1
4792,$4004_vol,11
4792,$4008_linear,127
4792,$400C_const,1
4792,$400C_vol,9
4792,$400E_period,8
4792,$400E_mode,0
4793,$4000_duty,1
4793,$4000_const,1
4793,$4000_vol,2
4793,$4004_duty,2
4793,$4004_const,1
4793,$4004_vol,13
4793,$4008_linear,127
4793,$400C_const,1
4793,$400C_vol,6
4793,$400E_period,8
4793,$400E_mode,0
4794,$4000_duty,1
4794,$4000_const,1
4794,$4000_vol,2
4794,$4004_duty,2
4794,$4004_const,1
4794,$4004_vol,15
4794,$4008_linear,127
4794,$400C_const,1
4794,$400C_vol,3
4794,$400E_period,8
4794,$400E_mode,0
4795,$4000_duty,1
4795,$4000_const,1
4795,$4000_vol,2
4795,$4004_duty,2
4795,$4004_const,1
4795,$4004_vol,14
4795,$4008_linear,127
4795,$400C_const,1
4795,$400C_vol,0
4795,$400E_period,8
4795,$400E_mode,0
4796,$4000_duty,1
4796,$4000_const,1
4796,$4000_vol,2
4796,$4004_duty,2
4796,$4004_const,1
4796,$4004_vol,12
4796,$4008_linear,0
4796,$400C_const,1
4796,$400C_vol,0
4796,$400E_period,8
4796,$400E_mode,0
4797,$4000_duty,1
4797,$4000_const,1
4797,$4000_vol,1
4797,$4004_duty,2
4797,$4004_const,1
4797,$4004_vol,11
4797,$400C_const,1
4797,$400C_vol,0
4797,$400E_period,8
4797,$400E_mode,0
4798,$4000_duty,1
4798,$4000_const,1
4798,$4000_vol,1
4798,$4004_duty,2
4798,$4004_const,1
4798,$4004_vol,9
4798,$400C_const,1
4798,$400C_vol,0
4798,$400E_period,8
4798,$400E_mode,0
4799,$4000_duty,1
4799,$4000_const,1
4799,$4000_vol,1
4799,$4004_duty,2
4799,$4004_const,1
4799,$4004_vol,7
4799,$4008_linear,127
4799,$400A_period,719
4799,$400B_length,9
4799,$400C_const,1
4799,$400C_vol,12
4799,$400E_period,13
4799,$400E_mode,0
