frame,parameter,value
95,$4010_rate,14
95,$4011_dac,128
95,$4012_addr,128
95,$4013_len,0
95,$4011_dac,34
95,$4011_dac,30
95,$4011_dac,30
95,$4011_dac,26
95,$4011_dac,26
95,$4011_dac,26
95,$4011_dac,26
95,$4011_dac,26
95,$4011_dac,26
95,$4011_dac,26
95,$4011_dac,26
95,$4011_dac,30
95,$4011_dac,30
95,$4011_dac,30
95,$4011_dac,34
95,$4011_dac,38
95,$4011_dac,38
95,$4011_dac,38
95,$4011_dac,34
95,$4011_dac,34
95,$4011_dac,34
95,$4011_dac,34
95,$4011_dac,38
95,$4011_dac,34
95,$4011_dac,34
95,$4011_dac,34
95,$4011_dac,30
95,$4011_dac,30
95,$4011_dac,34
95,$4011_dac,34
95,$4011_dac,34
95,$4011_dac,34
95,$4011_dac,38
95,$4011_dac,38
95,$4011_dac,38
95,$4011_dac,38
95,$4011_dac,42
95,$4011_dac,42
95,$4011_dac,42
95,$4011_dac,46
95,$4011_dac,42
95,$4011_dac,34
95,$4011_dac,22
95,$4011_dac,14
95,$4011_dac,10
95,$4011_dac,14
95,$4011_dac,22
95,$4011_dac,22
95,$4011_dac,18
95,$4011_dac,18
95,$4011_dac,18
95,$4011_dac,22
95,$4011_dac,22
95,$4011_dac,22
95,$4011_dac,26
95,$4011_dac,30
95,$4011_dac,42
95,$4011_dac,46
95,$4011_dac,42
95,$4011_dac,38
95,$4011_dac,38
95,$4011_dac,34
95,$4011_dac,30
95,$4011_dac,30
95,$4011_dac,26
95,$4011_dac,26
95,$4011_dac,30
95,$4011_dac,34
95,$4011_dac,34
95,$4011_dac,30
95,$4011_dac,30
95,$4011_dac,30
95,$4011_dac,34
95,$4011_dac,38
95,$4011_dac,38
95,$4011_dac,42
95,$4011_dac,42
95,$4011_dac,42
95,$4011_dac,38
95,$4011_dac,34
95,$4011_dac,34
95,$4011_dac,34
95,$4011_dac,34
95,$4011_dac,34
95,$4011_dac,34
95,$4011_dac,34
95,$4011_dac,34
95,$4011_dac,30
95,$4011_dac,34
95,$4011_dac,38
95,$4011_dac,38
95,$4011_dac,42
95,$4011_dac,46
95,$4011_dac,50
95,$4011_dac,46
95,$4011_dac,30
95,$4011_dac,14
95,$4011_dac,6
95,$4011_dac,10
95,$4011_dac,18
95,$4011_dac,22
95,$4011_dac,18
95,$4011_dac,18
95,$4011_dac,18
95,$4011_dac,22
95,$4011_dac,22
95,$4011_dac,18
95,$4011_dac,18
95,$4011_dac,26
95,$4011_dac,34
95,$4011_dac,46
95,$4011_dac,50
95,$4011_dac,46
95,$4011_dac,42
95,$4011_dac,42
95,$4011_dac,42
95,$4011_dac,38
95,$4011_dac,34
95,$4011_dac,30
95,$4011_dac,30
95,$4011_dac,26
95,$4011_dac,22
95,$4011_dac,22
95,$4011_dac,18
95,$4011_dac,22
95,$4011_dac,26
95,$4011_dac,30
95,$4011_dac,34
95,$4011_dac,42
95,$4011_dac,50
95,$4011_dac,54
95,$4011_dac,42
95,$4011_dac,26
95,$4011_dac,38
95,$4011_dac,42
95,$4011_dac,46
95,$4011_dac,46
95,$4011_dac,38
95,$4011_dac,30
95,$4011_dac,30
95,$4011_dac,26
95,$4011_dac,26
95,$4011_dac,30
95,$4011_dac,34
95,$4011_dac,38
95,$4011_dac,42
95,$4011_dac,42
95,$4011_dac,46
95,$4011_dac,50
95,$4011_dac,50
95,$4011_dac,54
95,$4011_dac,42
95,$4011_dac,22
95,$4011_dac,10
95,$4011_dac,10
95,$4011_dac,18
95,$4011_dac,26
95,$4011_dac,22
95,$4011_dac,22
95,$4011_dac,22
95,$4011_dac,22
95,$4011_dac,26
95,$4011_dac,26
95,$4011_dac,22
95,$4011_dac,26
95,$4011_dac,38
95,$4011_dac,50
95,$4011_dac,58
95,$4011_dac,58
95,$4011_dac,50
95,$4011_dac,50
95,$4011_dac,46
95,$4011_dac,46
95,$4011_dac,42
95,$4011_dac,34
95,$4011_dac,30
95,$4011_dac,30
95,$4011_dac,30
95,$4011_dac,30
95,$4011_dac,22
95,$4011_dac,22
95,$4011_dac,26
95,$4011_dac,30
95,$4011_dac,42
95,$4011_dac,46
95,$4011_dac,54
95,$4011_dac,58
95,$4011_dac,50
95,$4011_dac,38
95,$4011_dac,42
95,$4011_dac,42
95,$4011_dac,50
95,$4011_dac,54
95,$4011_dac,46
95,$4011_dac,38
95,$4011_dac,34
95,$4011_dac,30
95,$4011_dac,34
95,$4011_dac,34
95,$4011_dac,34
95,$4011_dac,46
95,$4011_dac,46
95,$4011_dac,54
95,$4011_dac,58
95,$4011_dac,62
95,$4011_dac,58
95,$4011_dac,34
95,$4011_dac,18
95,$4011_dac,18
95,$4011_dac,18
95,$4011_dac,30
95,$4011_dac,46
95,$4011_dac,38
95,$4011_dac,38
95,$4011_dac,34
95,$4011_dac,34
95,$4011_dac,42
95,$4011_dac,34
95,$4011_dac,26
95,$4011_dac,38
95,$4011_dac,54
95,$4011_dac,62
95,$4011_dac,62
95,$4011_dac,62
95,$4011_dac,54
95,$4011_dac,54
95,$4011_dac,50
95,$4011_dac,46
95,$4011_dac,42
95,$4011_dac,34
95,$4011_dac,34
95,$4011_dac,30
95,$4011_dac,30
95,$4011_dac,26
95,$4011_dac,18
95,$4011_dac,22
95,$4011_dac,30
95,$4011_dac,42
95,$4011_dac,54
95,$4011_dac,62
95,$4011_dac,58
95,$4011_dac,54
95,$4011_dac,34
95,$4011_dac,34
95,$4011_dac,42
95,$4011_dac,54
95,$4011_dac,58
95,$4011_dac,46
95,$4011_dac,34
95,$4011_dac,26
95,$4011_dac,18
95,$4011_dac,26
95,$4011_dac,38
95,$4011_dac,42
95,$4011_dac,46
95,$4011_dac,54
95,$4011_dac,58
95,$4011_dac,58
95,$4011_dac,42
95,$4011_dac,14
95,$4011_dac,18
95,$4011_dac,14
95,$4011_dac,26
95,$4011_dac,50
95,$4011_dac,50
95,$4011_dac,34
95,$4011_dac,30
95,$4011_dac,22
95,$4011_dac,26
95,$4011_dac,26
95,$4011_dac,18
95,$4011_dac,30
95,$4011_dac,54
95,$4011_dac,62
95,$4011_dac,62
95,$4011_dac,58
95,$4011_dac,34
95,$4011_dac,30
95,$4011_dac,30
95,$4011_dac,30
95,$4011_dac,34
95,$4011_dac,18
95,$4011_dac,14
95,$4011_dac,22
95,$4011_dac,14
95,$4011_dac,6
95,$4011_dac,2
95,$4011_dac,6
95,$4011_dac,38
95,$4011_dac,54
95,$4011_dac,62
95,$4011_dac,58
95,$4011_dac,42
95,$4011_dac,34
95,$4011_dac,26
95,$4011_dac,30
95,$4011_dac,42
95,$4011_dac,54
95,$4011_dac,50
95,$4011_dac,34
95,$4011_dac,14
95,$4011_dac,10
95,$4011_dac,22
95,$4011_dac,38
95,$4011_dac,58
95,$4011_dac,62
95,$4011_dac,62
95,$4011_dac,50
96,$4011_dac,14
96,$4011_dac,14
96,$4011_dac,10
96,$4011_dac,22
96,$4011_dac,50
96,$4011_dac,62
96,$4011_dac,38
96,$4011_dac,18
96,$4011_dac,10
96,$4011_dac,10
96,$4011_dac,22
96,$4011_dac,30
96,$4011_dac,38
96,$4011_dac,62
96,$4011_dac,62
96,$4011_dac,62
96,$4011_dac,42
96,$4011_dac,14
96,$4011_dac,18
96,$4011_dac,34
96,$4011_dac,46
96,$4011_dac,42
96,$4011_dac,26
96,$4011_dac,10
96,$4011_dac,6
96,$4011_dac,6
96,$4011_dac,6
96,$4011_dac,18
96,$4011_dac,38
96,$4011_dac,62
96,$4011_dac,62
96,$4011_dac,42
96,$4011_dac,22
96,$4011_dac,22
96,$4011_dac,38
96,$4011_dac,58
96,$4011_dac,58
96,$4011_dac,46
96,$4011_dac,34
96,$4011_dac,18
96,$4011_dac,10
96,$4011_dac,18
96,$4011_dac,38
96,$4011_dac,62
96,$4011_dac,62
96,$4011_dac,62
96,$4011_dac,18
96,$4011_dac,10
96,$4011_dac,6
96,$4011_dac,6
96,$4011_dac,30
96,$4011_dac,62
96,$4011_dac,62
96,$4011_dac,26
96,$4011_dac,2
96,$4011_dac,2
96,$4011_dac,14
96,$4011_dac,42
96,$4011_dac,58
96,$4011_dac,62
96,$4011_dac,62
96,$4011_dac,54
96,$4011_dac,38
96,$4011_dac,18
96,$4011_dac,14
96,$4011_dac,38
96,$4011_dac,58
96,$4011_dac,42
96,$4011_dac,6
96,$4011_dac,2
96,$4011_dac,2
96,$4011_dac,10
96,$4011_dac,46
96,$4011_dac,54
96,$4011_dac,46
96,$4011_dac,34
96,$4011_dac,30
96,$4011_dac,34
96,$4011_dac,46
96,$4011_dac,62
96,$4011_dac,62
96,$4011_dac,62
96,$4011_dac,38
96,$4011_dac,14
96,$4011_dac,14
96,$4011_dac,42
96,$4011_dac,58
96,$4011_dac,58
96,$4011_dac,46
96,$4011_dac,38
96,$4011_dac,42
96,$4011_dac,22
96,$4011_dac,2
96,$4011_dac,2
96,$4011_dac,2
96,$4011_dac,42
96,$4011_dac,62
96,$4011_dac,18
96,$4011_dac,2
96,$4011_dac,2
96,$4011_dac,14
96,$4011_dac,62
96,$4011_dac,62
96,$4011_dac,50
96,$4011_dac,2
96,$4011_dac,22
96,$4011_dac,50
96,$4011_dac,58
96,$4011_dac,42
96,$4011_dac,18
96,$4011_dac,22
96,$4011_dac,2
96,$4011_dac,2
96,$4011_dac,2
96,$4011_dac,2
96,$4011_dac,62
96,$4011_dac,62
96,$4011_dac,18
96,$4011_dac,2
96,$4011_dac,22
96,$4011_dac,62
96,$4011_dac,62
96,$4011_dac,62
96,$4011_dac,10
96,$4011_dac,22
96,$4011_dac,58
96,$4011_dac,62
96,$4011_dac,50
96,$4011_dac,38
96,$4011_dac,30
96,$4011_dac,38
96,$4011_dac,46
96,$4011_dac,62
96,$4011_dac,62
96,$4011_dac,62
96,$4011_dac,2
96,$4011_dac,2
96,$4011_dac,2
96,$4011_dac,62
96,$4011_dac,62
96,$4011_dac,50
96,$4011_dac,2
96,$4011_dac,2
96,$4011_dac,30
96,$4011_dac,62
96,$4011_dac,62
96,$4011_dac,50
96,$4011_dac,2
96,$4011_dac,30
96,$4011_dac,42
96,$4011_dac,34
96,$4011_dac,46
96,$4011_dac,50
96,$4011_dac,18
96,$4011_dac,2
96,$4011_dac,2
96,$4011_dac,6
96,$4011_dac,62
96,$4011_dac,62
96,$4011_dac,2
96,$4011_dac,2
96,$4011_dac,14
96,$4011_dac,62
96,$4011_dac,62
96,$4011_dac,34
96,$4011_dac,2
96,$4011_dac,30
96,$4011_dac,62
96,$4011_dac,62
96,$4011_dac,50
96,$4011_dac,62
96,$4011_dac,58
96,$4011_dac,34
96,$4011_dac,62
96,$4011_dac,62
96,$4011_dac,62
96,$4011_dac,34
96,$4011_dac,2
96,$4011_dac,2
96,$4011_dac,30
96,$4011_dac,62
96,$4011_dac,62
96,$4011_dac,2
96,$4011_dac,2
96,$4011_dac,30
96,$4011_dac,62
96,$4011_dac,62
96,$4011_dac,62
96,$4011_dac,62
96,$4011_dac,2
96,$4011_dac,2
96,$4011_dac,6
96,$4011_dac,62
96,$4011_dac,62
96,$4011_dac,2
96,$4011_dac,2
96,$4011_dac,2
96,$4011_dac,62
96,$4011_dac,62
96,$4011_dac,62
96,$4011_dac,2
96,$4011_dac,2
96,$4011_dac,62
96,$4011_dac,62
96,$4011_dac,62
96,$4011_dac,50
96,$4011_dac,6
96,$4011_dac,46
96,$4011_dac,62
96,$4011_dac,62
96,$4011_dac,62
96,$4011_dac,34
96,$4011_dac,30
96,$4011_dac,62
96,$4011_dac,62
96,$4011_dac,62
96,$4011_dac,42
96,$4011_dac,2
96,$4011_dac,2
96,$4011_dac,6
96,$4011_dac,62
96,$4011_dac,62
96,$4011_dac,34
96,$4011_dac,2
96,$4011_dac,30
96,$4011_dac,62
96,$4011_dac,62
96,$4011_dac,62
96,$4011_dac,50
96,$4011_dac,2
96,$4011_dac,2
96,$4011_dac,14
96,$4011_dac,62
96,$4011_dac,62
96,$4011_dac,2
96,$4011_dac,2
96,$4011_dac,6
96,$4011_dac,62
96,$4011_dac,62
96,$4011_dac,58
96,$4011_dac,2
96,$4011_dac,2
96,$4011_dac,62
96,$4011_dac,62
96,$4011_dac,62
96,$4011_dac,42
96,$4011_dac,30
96,$4011_dac,62
96,$4011_dac,62
96,$4011_dac,62
96,$4011_dac,62
96,$4011_dac,46
96,$4011_dac,62
96,$4011_dac,62
96,$4011_dac,62
96,$4011_dac,2
96,$4011_dac,2
96,$4011_dac,2
96,$4011_dac,62
96,$4011_dac,62
96,$4011_dac,62
96,$4011_dac,50
96,$4011_dac,2
96,$4011_dac,62
96,$4011_dac,62
96,$4011_dac,62
96,$4011_dac,62
96,$4011_dac,2
96,$4011_dac,2
96,$4011_dac,30
96,$4011_dac,62
96,$4011_dac,62
96,$4011_dac,62
96,$4011_dac,2
96,$4011_dac,2
96,$4011_dac,46
96,$4011_dac,62
96,$4011_dac,62
96,$4011_dac,2
96,$4011_dac,2
96,$4011_dac,62
96,$4011_dac,62
96,$4011_dac,62
96,$4011_dac,62
96,$4011_dac,2
96,$4011_dac,46
96,$4011_dac,62
96,$4011_dac,62
96,$4011_dac,62
96,$4011_dac,62
96,$4011_dac,62
96,$4011_dac,62
96,$4011_dac,18
96,$4011_dac,2
96,$4011_dac,2
96,$4011_dac,30
96,$4011_dac,62
96,$4011_dac,62
96,$4011_dac,62
96,$4011_dac,18
96,$4011_dac,6
96,$4011_dac,62
96,$4011_dac,62
96,$4011_dac,62
96,$4011_dac,2
96,$4011_dac,2
96,$4011_dac,6
96,$4011_dac,62
96,$4011_dac,62
97,$4011_dac,62
97,$4011_dac,2
97,$4011_dac,2
97,$4011_dac,2
97,$4011_dac,62
97,$4011_dac,62
97,$4011_dac,2
97,$4011_dac,2
97,$4011_dac,62
97,$4011_dac,62
97,$4011_dac,62
97,$4011_dac,58
97,$4011_dac,2
97,$4011_dac,14
97,$4011_dac,62
97,$4011_dac,62
97,$4011_dac,62
97,$4011_dac,62
97,$4011_dac,62
97,$4011_dac,62
97,$4011_dac,2
97,$4011_dac,2
97,$4011_dac,2
97,$4011_dac,62
97,$4011_dac,62
97,$4011_dac,62
97,$4011_dac,58
97,$4011_dac,2
97,$4011_dac,62
97,$4011_dac,62
97,$4011_dac,62
97,$4011_dac,2
97,$4011_dac,2
97,$4011_dac,2
97,$4011_dac,62
97,$4011_dac,62
97,$4011_dac,62
97,$4011_dac,34
97,$4011_dac,2
97,$4011_dac,2
97,$4011_dac,62
97,$4011_dac,62
97,$4011_dac,34
97,$4011_dac,10
97,$4011_dac,46
97,$4011_dac,62
97,$4011_dac,62
97,$4011_dac,62
97,$4011_dac,2
97,$4011_dac,6
97,$4011_dac,62
97,$4011_dac,62
97,$4011_dac,62
97,$4011_dac,62
97,$4011_dac,62
97,$4011_dac,18
97,$4011_dac,2
97,$4011_dac,2
97,$4011_dac,62
97,$4011_dac,62
97,$4011_dac,62
97,$4011_dac,62
97,$4011_dac,2
97,$4011_dac,30
97,$4011_dac,62
97,$4011_dac,62
97,$4011_dac,2
97,$4011_dac,2
97,$4011_dac,2
97,$4011_dac,62
97,$4011_dac,62
97,$4011_dac,62
97,$4011_dac,62
97,$4011_dac,2
97,$4011_dac,2
97,$4011_dac,6
97,$4011_dac,62
97,$4011_dac,62
97,$4011_dac,50
97,$4011_dac,26
97,$4011_dac,62
97,$4011_dac,62
97,$4011_dac,62
97,$4011_dac,2
97,$4011_dac,2
97,$4011_dac,62
97,$4011_dac,62
97,$4011_dac,62
97,$4011_dac,62
97,$4011_dac,62
97,$4011_dac,2
97,$4011_dac,2
97,$4011_dac,2
97,$4011_dac,62
97,$4011_dac,62
97,$4011_dac,62
97,$4011_dac,50
97,$4011_dac,2
97,$4011_dac,54
97,$4011_dac,62
97,$4011_dac,62
97,$4011_dac,2
97,$4011_dac,2
97,$4011_dac,22
97,$4011_dac,62
97,$4011_dac,62
97,$4011_dac,62
97,$4011_dac,2
97,$4011_dac,2
97,$4011_dac,2
97,$4011_dac,62
97,$4011_dac,62
97,$4011_dac,62
97,$4011_dac,34
97,$4011_dac,46
97,$4011_dac,62
97,$4011_dac,62
97,$4011_dac,34
97,$4011_dac,2
97,$4011_dac,62
97,$4011_dac,62
97,$4011_dac,62
97,$4011_dac,62
97,$4011_dac,62
97,$4011_dac,2
97,$4011_dac,2
97,$4011_dac,30
97,$4011_dac,62
97,$4011_dac,62
97,$4011_dac,62
97,$4011_dac,2
97,$4011_dac,2
97,$4011_dac,54
97,$4011_dac,62
97,$4011_dac,58
97,$4011_dac,2
97,$4011_dac,2
97,$4011_dac,14
97,$4011_dac,62
97,$4011_dac,62
97,$4011_dac,62
97,$4011_dac,2
97,$4011_dac,2
97,$4011_dac,6
97,$4011_dac,62
97,$4011_dac,62
97,$4011_dac,62
97,$4011_dac,6
97,$4011_dac,62
97,$4011_dac,62
97,$4011_dac,62
97,$4011_dac,18
97,$4011_dac,46
97,$4011_dac,62
97,$4011_dac,62
97,$4011_dac,62
97,$4011_dac,62
97,$4011_dac,2
97,$4011_dac,2
97,$4011_dac,30
97,$4011_dac,62
97,$4011_dac,62
97,$4011_dac,62
97,$4011_dac,2
97,$4011_dac,2
97,$4011_dac,62
97,$4011_dac,62
97,$4011_dac,50
97,$4011_dac,2
97,$4011_dac,2
97,$4011_dac,30
97,$4011_dac,62
97,$4011_dac,62
97,$4011_dac,58
97,$4011_dac,2
97,$4011_dac,2
97,$4011_dac,62
97,$4011_dac,62
97,$4011_dac,62
97,$4011_dac,34
97,$4011_dac,2
97,$4011_dac,62
97,$4011_dac,62
97,$4011_dac,62
97,$4011_dac,30
97,$4011_dac,62
97,$4011_dac,62
97,$4011_dac,62
97,$4011_dac,62
97,$4011_dac,2
97,$4011_dac,2
97,$4011_dac,62
97,$4011_dac,62
97,$4011_dac,62
97,$4011_dac,62
97,$4011_dac,2
97,$4011_dac,2
97,$4011_dac,62
97,$4011_dac,62
97,$4011_dac,58
97,$4011_dac,2
97,$4011_dac,2
97,$4011_dac,30
97,$4011_dac,62
97,$4011_dac,62
97,$4011_dac,50
97,$4011_dac,2
97,$4011_dac,2
97,$4011_dac,62
97,$4011_dac,62
97,$4011_dac,62
97,$4011_dac,34
97,$4011_dac,2
97,$4011_dac,62
97,$4011_dac,62
97,$4011_dac,62
97,$4011_dac,62
97,$4011_dac,62
97,$4011_dac,62
97,$4011_dac,62
97,$4011_dac,2
97,$4011_dac,58
97,$4011_dac,14
97,$4011_dac,62
97,$4011_dac,62
97,$4011_dac,62
97,$4011_dac,18
97,$4011_dac,2
97,$4011_dac,30
97,$4011_dac,62
97,$4011_dac,62
97,$4011_dac,2
97,$4011_dac,2
97,$4011_dac,30
97,$4011_dac,62
97,$4011_dac,62
97,$4011_dac,50
97,$4011_dac,2
97,$4011_dac,2
97,$4011_dac,62
97,$4011_dac,62
97,$4011_dac,62
97,$4011_dac,18
97,$4011_dac,2
97,$4011_dac,62
97,$4011_dac,62
97,$4011_dac,62
97,$4011_dac,62
97,$4011_dac,62
97,$4011_dac,62
97,$4011_dac,2
97,$4011_dac,62
97,$4011_dac,2
97,$4011_dac,62
97,$4011_dac,62
97,$4011_dac,62
97,$4011_dac,50
97,$4011_dac,2
97,$4011_dac,14
97,$4011_dac,62
97,$4011_dac,62
97,$4011_dac,10
97,$4011_dac,2
97,$4011_dac,6
97,$4011_dac,62
97,$4011_dac,62
97,$4011_dac,58
97,$4011_dac,2
97,$4011_dac,2
97,$4011_dac,30
97,$4011_dac,62
97,$4011_dac,62
97,$4011_dac,34
97,$4011_dac,2
97,$4011_dac,62
97,$4011_dac,62
97,$4011_dac,62
97,$4011_dac,62
97,$4011_dac,62
97,$4011_dac,62
97,$4011_dac,2
97,$4011_dac,2
97,$4011_dac,62
97,$4011_dac,62
97,$4011_dac,62
97,$4011_dac,62
97,$4011_dac,2
97,$4011_dac,2
97,$4011_dac,62
97,$4011_dac,62
97,$4011_dac,62
97,$4011_dac,2
97,$4011_dac,2
97,$4011_dac,62
97,$4011_dac,62
97,$4011_dac,62
97,$4011_dac,2
97,$4011_dac,2
97,$4011_dac,2
97,$4011_dac,62
97,$4011_dac,62
97,$4011_dac,62
97,$4011_dac,2
97,$4011_dac,14
97,$4011_dac,62
97,$4011_dac,62
97,$4011_dac,62
97,$4011_dac,62
98,$4011_dac,58
98,$4011_dac,14
98,$4011_dac,2
98,$4011_dac,62
98,$4011_dac,62
98,$4011_dac,62
98,$4011_dac,62
98,$4011_dac,2
98,$4011_dac,2
98,$4011_dac,62
98,$4011_dac,62
98,$4011_dac,62
98,$4011_dac,2
98,$4011_dac,2
98,$4011_dac,62
98,$4011_dac,62
98,$4011_dac,62
98,$4011_dac,2
98,$4011_dac,2
98,$4011_dac,30
98,$4011_dac,62
98,$4011_dac,62
98,$4011_dac,58
98,$4011_dac,2
98,$4011_dac,46
98,$4011_dac,62
98,$4011_dac,62
98,$4011_dac,62
98,$4011_dac,62
98,$4011_dac,2
98,$4011_dac,34
98,$4011_dac,30
98,$4011_dac,62
98,$4011_dac,62
98,$4011_dac,62
98,$4011_dac,2
98,$4011_dac,2
98,$4011_dac,62
98,$4011_dac,62
98,$4011_dac,62
98,$4011_dac,34
98,$4011_dac,2
98,$4011_dac,30
98,$4011_dac,62
98,$4011_dac,62
98,$4011_dac,2
98,$4011_dac,2
98,$4011_dac,14
98,$4011_dac,62
98,$4011_dac,62
98,$4011_dac,62
98,$4011_dac,2
98,$4011_dac,30
98,$4011_dac,62
98,$4011_dac,62
98,$4011_dac,62
98,$4011_dac,62
98,$4011_dac,14
98,$4011_dac,2
98,$4011_dac,62
98,$4011_dac,62
98,$4011_dac,62
98,$4011_dac,62
98,$4011_dac,2
98,$4011_dac,2
98,$4011_dac,62
98,$4011_dac,62
98,$4011_dac,62
98,$4011_dac,2
98,$4011_dac,2
98,$4011_dac,62
98,$4011_dac,62
98,$4011_dac,62
98,$4011_dac,2
98,$4011_dac,2
98,$4011_dac,62
98,$4011_dac,62
98,$4011_dac,62
98,$4011_dac,34
98,$4011_dac,2
98,$4011_dac,62
98,$4011_dac,62
98,$4011_dac,62
98,$4011_dac,62
98,$4011_dac,2
98,$4011_dac,34
98,$4011_dac,14
98,$4011_dac,62
98,$4011_dac,62
98,$4011_dac,62
98,$4011_dac,2
98,$4011_dac,2
98,$4011_dac,62
98,$4011_dac,62
98,$4011_dac,62
98,$4011_dac,58
98,$4011_dac,2
98,$4011_dac,2
98,$4011_dac,62
98,$4011_dac,62
98,$4011_dac,2
98,$4011_dac,2
98,$4011_dac,54
98,$4011_dac,62
98,$4011_dac,62
98,$4011_dac,62
98,$4011_dac,2
98,$4011_dac,62
98,$4011_dac,62
98,$4011_dac,62
98,$4011_dac,62
98,$4011_dac,2
98,$4011_dac,2
98,$4011_dac,62
98,$4011_dac,62
98,$4011_dac,62
98,$4011_dac,62
98,$4011_dac,2
98,$4011_dac,2
98,$4011_dac,62
98,$4011_dac,62
98,$4011_dac,62
98,$4011_dac,50
98,$4011_dac,2
98,$4011_dac,30
98,$4011_dac,62
98,$4011_dac,62
98,$4011_dac,10
98,$4011_dac,30
98,$4011_dac,62
98,$4011_dac,62
98,$4011_dac,62
98,$4011_dac,34
98,$4011_dac,14
98,$4011_dac,62
98,$4011_dac,62
98,$4011_dac,62
98,$4011_dac,2
98,$4011_dac,58
98,$4011_dac,2
98,$4011_dac,62
98,$4011_dac,62
98,$4011_dac,62
98,$4011_dac,2
98,$4011_dac,2
98,$4011_dac,2
98,$4011_dac,62
98,$4011_dac,62
98,$4011_dac,62
98,$4011_dac,2
98,$4011_dac,2
98,$4011_dac,62
98,$4011_dac,58
98,$4011_dac,26
98,$4011_dac,58
98,$4011_dac,62
98,$4011_dac,62
98,$4011_dac,62
98,$4011_dac,34
98,$4011_dac,22
98,$4011_dac,62
98,$4011_dac,62
98,$4011_dac,58
98,$4011_dac,2
98,$4011_dac,2
98,$4011_dac,14
98,$4011_dac,62
98,$4011_dac,62
98,$4011_dac,62
98,$4011_dac,2
98,$4011_dac,2
98,$4011_dac,6
98,$4011_dac,62
98,$4011_dac,62
98,$4011_dac,50
98,$4011_dac,2
98,$4011_dac,2
98,$4011_dac,46
98,$4011_dac,26
98,$4011_dac,38
98,$4011_dac,62
98,$4011_dac,62
98,$4011_dac,62
98,$4011_dac,62
98,$4011_dac,18
98,$4011_dac,46
98,$4011_dac,62
98,$4011_dac,62
98,$4011_dac,2
98,$4011_dac,2
98,$4011_dac,2
98,$4011_dac,62
98,$4011_dac,62
98,$4011_dac,62
98,$4011_dac,2
98,$4011_dac,2
98,$4011_dac,2
98,$4011_dac,62
98,$4011_dac,62
98,$4011_dac,62
98,$4011_dac,2
98,$4011_dac,2
98,$4011_dac,2
98,$4011_dac,10
98,$4011_dac,30
98,$4011_dac,62
98,$4011_dac,62
98,$4011_dac,62
98,$4011_dac,62
98,$4011_dac,26
98,$4011_dac,30
98,$4011_dac,62
98,$4011_dac,62
98,$4011_dac,2
98,$4011_dac,2
98,$4011_dac,2
98,$4011_dac,62
98,$4011_dac,62
98,$4011_dac,62
98,$4011_dac,50
98,$4011_dac,2
98,$4011_dac,2
98,$4011_dac,30
98,$4011_dac,62
98,$4011_dac,62
98,$4011_dac,34
98,$4011_dac,2
98,$4011_dac,14
98,$4011_dac,2
98,$4011_dac,2
98,$4011_dac,62
98,$4011_dac,62
98,$4011_dac,62
98,$4011_dac,62
98,$4011_dac,34
98,$4011_dac,22
98,$4011_dac,62
98,$4011_dac,62
98,$4011_dac,2
98,$4011_dac,2
98,$4011_dac,2
98,$4011_dac,30
98,$4011_dac,62
98,$4011_dac,62
98,$4011_dac,58
98,$4011_dac,2
98,$4011_dac,2
98,$4011_dac,14
98,$4011_dac,62
98,$4011_dac,62
98,$4011_dac,34
98,$4011_dac,2
98,$4011_dac,2
98,$4011_dac,2
98,$4011_dac,30
98,$4011_dac,62
98,$4011_dac,62
98,$4011_dac,62
98,$4011_dac,62
98,$4011_dac,34
98,$4011_dac,46
98,$4011_dac,62
98,$4011_dac,62
98,$4011_dac,2
98,$4011_dac,2
98,$4011_dac,2
98,$4011_dac,62
98,$4011_dac,62
98,$4011_dac,62
98,$4011_dac,34
98,$4011_dac,2
98,$4011_dac,2
98,$4011_dac,30
98,$4011_dac,62
98,$4011_dac,62
98,$4011_dac,18
98,$4011_dac,2
98,$4011_dac,2
98,$4011_dac,2
98,$4011_dac,62
98,$4011_dac,62
98,$4011_dac,62
98,$4011_dac,62
98,$4011_dac,34
98,$4011_dac,2
98,$4011_dac,62
98,$4011_dac,62
98,$4011_dac,58
98,$4011_dac,2
98,$4011_dac,2
98,$4011_dac,2
98,$4011_dac,62
98,$4011_dac,62
98,$4011_dac,62
98,$4011_dac,2
98,$4011_dac,2
98,$4011_dac,2
98,$4011_dac,62
98,$4011_dac,62
98,$4011_dac,62
98,$4011_dac,2
98,$4011_dac,2
98,$4011_dac,2
98,$4011_dac,14
98,$4011_dac,62
98,$4011_dac,62
98,$4011_dac,62
98,$4011_dac,62
98,$4011_dac,18
99,$4011_dac,46
99,$4011_dac,62
99,$4011_dac,62
99,$4011_dac,2
99,$4011_dac,2
99,$4011_dac,2
99,$4011_dac,62
99,$4011_dac,62
99,$4011_dac,62
99,$4011_dac,18
99,$4011_dac,2
99,$4011_dac,2
99,$4011_dac,30
99,$4011_dac,62
99,$4011_dac,62
99,$4011_dac,10
99,$4011_dac,2
99,$4011_dac,2
99,$4011_dac,2
99,$4011_dac,62
99,$4011_dac,62
99,$4011_dac,62
99,$4011_dac,62
99,$4011_dac,2
99,$4011_dac,30
99,$4011_dac,62
99,$4011_dac,62
99,$4011_dac,2
99,$4011_dac,2
99,$4011_dac,2
99,$4011_dac,62
99,$4011_dac,62
99,$4011_dac,62
99,$4011_dac,34
99,$4011_dac,2
99,$4011_dac,2
99,$4011_dac,14
99,$4011_dac,62
99,$4011_dac,62
99,$4011_dac,34
99,$4011_dac,2
99,$4011_dac,2
99,$4011_dac,2
99,$4011_dac,62
99,$4011_dac,62
99,$4011_dac,62
99,$4011_dac,58
99,$4011_dac,2
99,$4011_dac,14
99,$4011_dac,62
99,$4011_dac,62
99,$4011_dac,2
99,$4011_dac,2
99,$4011_dac,2
99,$4011_dac,30
99,$4011_dac,62
99,$4011_dac,62
99,$4011_dac,62
99,$4011_dac,2
99,$4011_dac,2
99,$4011_dac,2
99,$4011_dac,62
99,$4011_dac,62
99,$4011_dac,62
99,$4011_dac,2
99,$4011_dac,2
99,$4011_dac,2
99,$4011_dac,62
99,$4011_dac,62
99,$4011_dac,62
99,$4011_dac,62
99,$4011_dac,2
99,$4011_dac,6
99,$4011_dac,62
99,$4011_dac,62
99,$4011_dac,2
99,$4011_dac,2
99,$4011_dac,2
99,$4011_dac,30
99,$4011_dac,62
99,$4011_dac,62
99,$4011_dac,62
99,$4011_dac,2
99,$4011_dac,2
99,$4011_dac,6
99,$4011_dac,62
99,$4011_dac,62
99,$4011_dac,62
99,$4011_dac,2
99,$4011_dac,2
99,$4011_dac,2
99,$4011_dac,62
99,$4011_dac,62
99,$4011_dac,62
99,$4011_dac,50
99,$4011_dac,2
99,$4011_dac,30
99,$4011_dac,62
99,$4011_dac,62
99,$4011_dac,2
99,$4011_dac,2
99,$4011_dac,2
99,$4011_dac,62
99,$4011_dac,62
99,$4011_dac,62
99,$4011_dac,62
99,$4011_dac,2
99,$4011_dac,2
99,$4011_dac,30
99,$4011_dac,62
99,$4011_dac,62
99,$4011_dac,62
99,$4011_dac,2
99,$4011_dac,2
99,$4011_dac,14
99,$4011_dac,62
99,$4011_dac,62
99,$4011_dac,62
99,$4011_dac,34
99,$4011_dac,2
99,$4011_dac,62
99,$4011_dac,62
99,$4011_dac,62
99,$4011_dac,2
99,$4011_dac,2
99,$4011_dac,2
99,$4011_dac,62
99,$4011_dac,62
99,$4011_dac,62
99,$4011_dac,2
99,$4011_dac,2
99,$4011_dac,2
99,$4011_dac,62
99,$4011_dac,62
99,$4011_dac,62
99,$4011_dac,34
99,$4011_dac,2
99,$4011_dac,2
99,$4011_dac,62
99,$4011_dac,62
99,$4011_dac,62
99,$4011_dac,62
99,$4011_dac,2
99,$4011_dac,2
99,$4011_dac,62
99,$4011_dac,62
99,$4011_dac,58
99,$4011_dac,2
99,$4011_dac,2
99,$4011_dac,2
99,$4011_dac,62
99,$4011_dac,62
99,$4011_dac,62
99,$4011_dac,2
99,$4011_dac,2
99,$4011_dac,2
99,$4011_dac,62
99,$4011_dac,62
99,$4011_dac,62
99,$4011_dac,2
99,$4011_dac,2
99,$4011_dac,2
99,$4011_dac,62
99,$4011_dac,62
99,$4011_dac,62
99,$4011_dac,58
99,$4011_dac,2
99,$4011_dac,30
99,$4011_dac,62
99,$4011_dac,62
99,$4011_dac,2
99,$4011_dac,2
99,$4011_dac,2
99,$4011_dac,62
99,$4011_dac,62
99,$4011_dac,62
99,$4011_dac,62
99,$4011_dac,2
99,$4011_dac,2
99,$4011_dac,30
99,$4011_dac,62
99,$4011_dac,62
99,$4011_dac,58
99,$4011_dac,2
99,$4011_dac,2
99,$4011_dac,30
99,$4011_dac,62
99,$4011_dac,62
99,$4011_dac,62
99,$4011_dac,34
99,$4011_dac,2
99,$4011_dac,62
99,$4011_dac,62
99,$4011_dac,34
99,$4011_dac,2
99,$4011_dac,2
99,$4011_dac,14
99,$4011_dac,62
99,$4011_dac,62
99,$4011_dac,62
99,$4011_dac,2
99,$4011_dac,2
99,$4011_dac,2
99,$4011_dac,62
99,$4011_dac,62
99,$4011_dac,62
99,$4011_dac,2
99,$4011_dac,2
99,$4011_dac,2
99,$4011_dac,62
99,$4011_dac,62
99,$4011_dac,62
99,$4011_dac,62
99,$4011_dac,2
99,$4011_dac,22
99,$4011_dac,62
99,$4011_dac,62
99,$4011_dac,2
99,$4011_dac,2
99,$4011_dac,2
99,$4011_dac,46
99,$4011_dac,62
99,$4011_dac,62
99,$4011_dac,62
99,$4011_dac,2
99,$4011_dac,2
99,$4011_dac,14
99,$4011_dac,62
99,$4011_dac,62
99,$4011_dac,50
99,$4011_dac,2
99,$4011_dac,2
99,$4011_dac,14
99,$4011_dac,62
99,$4011_dac,62
99,$4011_dac,62
99,$4011_dac,50
99,$4011_dac,2
99,$4011_dac,46
99,$4011_dac,62
99,$4011_dac,34
99,$4011_dac,2
99,$4011_dac,2
99,$4011_dac,2
99,$4011_dac,62
99,$4011_dac,62
99,$4011_dac,62
99,$4011_dac,42
99,$4011_dac,2
99,$4011_dac,2
99,$4011_dac,46
99,$4011_dac,62
99,$4011_dac,62
99,$4011_dac,2
99,$4011_dac,2
99,$4011_dac,2
99,$4011_dac,62
99,$4011_dac,62
99,$4011_dac,62
99,$4011_dac,62
99,$4011_dac,18
99,$4011_dac,22
99,$4011_dac,62
99,$4011_dac,50
99,$4011_dac,2
99,$4011_dac,2
99,$4011_dac,2
99,$4011_dac,30
99,$4011_dac,62
99,$4011_dac,62
99,$4011_dac,62
99,$4011_dac,2
99,$4011_dac,2
99,$4011_dac,14
99,$4011_dac,62
99,$4011_dac,62
99,$4011_dac,34
99,$4011_dac,2
99,$4011_dac,2
99,$4011_dac,6
99,$4011_dac,62
99,$4011_dac,62
99,$4011_dac,62
99,$4011_dac,58
99,$4011_dac,10
99,$4011_dac,54
99,$4011_dac,62
99,$4011_dac,26
99,$4011_dac,2
99,$4011_dac,2
99,$4011_dac,2
99,$4011_dac,54
99,$4011_dac,62
99,$4011_dac,62
99,$4011_dac,50
99,$4011_dac,2
99,$4011_dac,2
99,$4011_dac,38
99,$4011_dac,62
99,$4011_dac,62
99,$4011_dac,2
99,$4011_dac,2
99,$4011_dac,2
99,$4011_dac,62
99,$4011_dac,62
99,$4011_dac,62
99,$4011_dac,62
99,$4011_dac,42
100,$4011_dac,22
100,$4011_dac,62
100,$4011_dac,54
100,$4011_dac,2
100,$4011_dac,2
100,$4011_dac,2
100,$4011_dac,2
100,$4011_dac,62
100,$4011_dac,62
100,$4011_dac,62
100,$4011_dac,34
100,$4011_dac,2
100,$4011_dac,14
100,$4011_dac,46
100,$4011_dac,62
100,$4011_dac,34
100,$4011_dac,2
100,$4011_dac,2
100,$4011_dac,2
100,$4011_dac,62
100,$4011_dac,62
100,$4011_dac,62
100,$4011_dac,62
100,$4011_dac,34
100,$4011_dac,46
100,$4011_dac,62
100,$4011_dac,34
100,$4011_dac,2
100,$4011_dac,2
100,$4011_dac,2
100,$4011_dac,2
100,$4011_dac,54
100,$4011_dac,62
100,$4011_dac,62
100,$4011_dac,26
100,$4011_dac,10
100,$4011_dac,30
100,$4011_dac,46
100,$4011_dac,62
100,$4011_dac,2
100,$4011_dac,2
100,$4011_dac,2
100,$4011_dac,30
100,$4011_dac,62
100,$4011_dac,62
100,$4011_dac,62
100,$4011_dac,50
100,$4011_dac,30
100,$4011_dac,58
100,$4011_dac,58
100,$4011_dac,14
100,$4011_dac,2
100,$4011_dac,2
100,$4011_dac,2
100,$4011_dac,22
100,$4011_dac,54
100,$4011_dac,50
100,$4011_dac,26
100,$4011_dac,10
100,$4011_dac,22
100,$4011_dac,38
100,$4011_dac,46
100,$4011_dac,46
100,$4011_dac,2
100,$4011_dac,2
100,$4011_dac,14
100,$4011_dac,54
100,$4011_dac,62
100,$4011_dac,50
100,$4011_dac,50
100,$4011_dac,34
100,$4011_dac,30
100,$4011_dac,42
100,$4011_dac,34
100,$4011_dac,18
100,$4011_dac,30
100,$4011_dac,30
100,$4011_dac,34
100,$4011_dac,22
100,$4011_dac,22
100,$4011_dac,6
100,$4011_dac,2
100,$4011_dac,10
100,$4011_dac,22
100,$4011_dac,30
100,$4011_dac,30
100,$4011_dac,22
100,$4011_dac,2
100,$4011_dac,2
100,$4011_dac,10
100,$4011_dac,42
100,$4011_dac,58
100,$4011_dac,42
100,$4011_dac,38
100,$4011_dac,30
100,$4011_dac,26
100,$4011_dac,50
100,$4011_dac,54
100,$4011_dac,42
100,$4011_dac,30
100,$4011_dac,38
100,$4011_dac,30
100,$4011_dac,30
100,$4011_dac,14
100,$4011_dac,22
100,$4011_dac,2
100,$4011_dac,6
100,$4011_dac,22
100,$4011_dac,14
100,$4011_dac,18
100,$4011_dac,14
100,$4011_dac,18
100,$4011_dac,2
100,$4011_dac,2
100,$4011_dac,14
100,$4011_dac,42
100,$4011_dac,26
100,$4011_dac,34
100,$4011_dac,34
100,$4011_dac,18
100,$4011_dac,46
100,$4011_dac,58
100,$4011_dac,50
100,$4011_dac,42
100,$4011_dac,34
100,$4011_dac,30
100,$4011_dac,30
100,$4011_dac,10
100,$4011_dac,30
100,$4011_dac,22
100,$4011_dac,6
100,$4011_dac,10
100,$4011_dac,10
100,$4011_dac,2
100,$4011_dac,22
100,$4011_dac,22
100,$4011_dac,10
100,$4011_dac,2
100,$4011_dac,2
100,$4011_dac,38
100,$4011_dac,38
100,$4011_dac,26
100,$4011_dac,50
100,$4011_dac,22
100,$4011_dac,38
100,$4011_dac,62
100,$4011_dac,58
100,$4011_dac,62
100,$4011_dac,26
100,$4011_dac,30
100,$4011_dac,38
100,$4011_dac,26
100,$4011_dac,14
100,$4011_dac,42
100,$4011_dac,10
100,$4011_dac,6
100,$4011_dac,22
100,$4011_dac,2
100,$4011_dac,14
100,$4011_dac,34
100,$4011_dac,30
100,$4011_dac,10
100,$4011_dac,2
100,$4011_dac,6
100,$4011_dac,46
100,$4011_dac,34
100,$4011_dac,46
100,$4011_dac,50
100,$4011_dac,30
100,$4011_dac,46
100,$4011_dac,62
100,$4011_dac,62
100,$4011_dac,62
100,$4011_dac,22
100,$4011_dac,26
100,$4011_dac,46
100,$4011_dac,26
100,$4011_dac,30
100,$4011_dac,50
100,$4011_dac,10
100,$4011_dac,14
100,$4011_dac,26
100,$4011_dac,6
100,$4011_dac,22
100,$4011_dac,34
100,$4011_dac,30
100,$4011_dac,2
100,$4011_dac,2
100,$4011_dac,6
100,$4011_dac,46
100,$4011_dac,38
100,$4011_dac,54
100,$4011_dac,42
100,$4011_dac,26
100,$4011_dac,62
100,$4011_dac,62
100,$4011_dac,62
100,$4011_dac,62
100,$4011_dac,26
100,$4011_dac,26
100,$4011_dac,50
100,$4011_dac,34
100,$4011_dac,30
100,$4011_dac,50
100,$4011_dac,10
100,$4011_dac,14
100,$4011_dac,26
100,$4011_dac,10
100,$4011_dac,22
100,$4011_dac,38
100,$4011_dac,18
100,$4011_dac,2
100,$4011_dac,2
100,$4011_dac,6
100,$4011_dac,42
100,$4011_dac,38
100,$4011_dac,42
100,$4011_dac,42
100,$4011_dac,34
100,$4011_dac,54
100,$4011_dac,62
100,$4011_dac,62
100,$4011_dac,62
100,$4011_dac,34
100,$4011_dac,22
100,$4011_dac,46
100,$4011_dac,26
100,$4011_dac,22
100,$4011_dac,46
100,$4011_dac,18
100,$4011_dac,14
100,$4011_dac,18
100,$4011_dac,10
100,$4011_dac,14
100,$4011_dac,42
100,$4011_dac,22
100,$4011_dac,2
100,$4011_dac,2
100,$4011_dac,2
100,$4011_dac,30
100,$4011_dac,42
100,$4011_dac,42
100,$4011_dac,42
100,$4011_dac,34
100,$4011_dac,46
100,$4011_dac,62
100,$4011_dac,62
100,$4011_dac,62
100,$4011_dac,50
100,$4011_dac,22
100,$4011_dac,42
100,$4011_dac,34
100,$4011_dac,14
100,$4011_dac,46
100,$4011_dac,34
100,$4011_dac,10
100,$4011_dac,18
100,$4011_dac,14
100,$4011_dac,6
100,$4011_dac,38
100,$4011_dac,34
100,$4011_dac,10
100,$4011_dac,2
100,$4011_dac,2
100,$4011_dac,14
100,$4011_dac,46
100,$4011_dac,42
100,$4011_dac,50
100,$4011_dac,38
100,$4011_dac,34
100,$4011_dac,62
100,$4011_dac,62
100,$4011_dac,62
100,$4011_dac,62
100,$4011_dac,34
100,$4011_dac,30
100,$4011_dac,50
100,$4011_dac,26
100,$4011_dac,30
100,$4011_dac,50
100,$4011_dac,10
100,$4011_dac,14
100,$4011_dac,18
100,$4011_dac,10
100,$4011_dac,14
100,$4011_dac,42
100,$4011_dac,18
100,$4011_dac,2
100,$4011_dac,2
100,$4011_dac,2
100,$4011_dac,30
100,$4011_dac,46
100,$4011_dac,42
100,$4011_dac,42
100,$4011_dac,30
100,$4011_dac,42
100,$4011_dac,62
100,$4011_dac,62
100,$4011_dac,62
100,$4011_dac,54
100,$4011_dac,18
100,$4011_dac,38
100,$4011_dac,54
100,$4011_dac,34
100,$4011_dac,38
100,$4011_dac,42
100,$4011_dac,10
100,$4011_dac,14
101,$4011_dac,22
101,$4011_dac,14
101,$4011_dac,22
101,$4011_dac,38
101,$4011_dac,18
101,$4011_dac,2
101,$4011_dac,2
101,$4011_dac,10
101,$4011_dac,38
101,$4011_dac,38
101,$4011_dac,38
101,$4011_dac,34
101,$4011_dac,30
101,$4011_dac,50
101,$4011_dac,62
101,$4011_dac,62
101,$4011_dac,62
101,$4011_dac,50
101,$4011_dac,18
101,$4011_dac,46
101,$4011_dac,50
101,$4011_dac,30
101,$4011_dac,30
101,$4011_dac,38
101,$4011_dac,10
101,$4011_dac,14
101,$4011_dac,14
101,$4011_dac,6
101,$4011_dac,22
101,$4011_dac,34
101,$4011_dac,18
101,$4011_dac,2
101,$4011_dac,2
101,$4011_dac,10
101,$4011_dac,38
101,$4011_dac,34
101,$4011_dac,42
101,$4011_dac,34
101,$4011_dac,22
101,$4011_dac,46
101,$4011_dac,62
101,$4011_dac,62
101,$4011_dac,62
101,$4011_dac,58
101,$4011_dac,14
101,$4011_dac,38
101,$4011_dac,58
101,$4011_dac,34
101,$4011_dac,46
101,$4011_dac,50
101,$4011_dac,10
101,$4011_dac,14
101,$4011_dac,26
101,$4011_dac,14
101,$4011_dac,30
101,$4011_dac,42
101,$4011_dac,14
101,$4011_dac,6
101,$4011_dac,2
101,$4011_dac,2
101,$4011_dac,30
101,$4011_dac,38
101,$4011_dac,18
101,$4011_dac,30
101,$4011_dac,26
101,$4011_dac,30
101,$4011_dac,62
101,$4011_dac,54
101,$4011_dac,46
101,$4011_dac,62
101,$4011_dac,34
101,$4011_dac,14
101,$4011_dac,58
101,$4011_dac,58
101,$4011_dac,34
101,$4011_dac,46
101,$4011_dac,34
101,$4011_dac,10
101,$4011_dac,22
101,$4011_dac,30
101,$4011_dac,18
101,$4011_dac,34
101,$4011_dac,26
101,$4011_dac,10
101,$4011_dac,10
101,$4011_dac,2
101,$4011_dac,6
101,$4011_dac,38
101,$4011_dac,22
101,$4011_dac,6
101,$4011_dac,34
101,$4011_dac,26
101,$4011_dac,38
101,$4011_dac,62
101,$4011_dac,50
101,$4011_dac,38
101,$4011_dac,50
101,$4011_dac,34
101,$4011_dac,14
101,$4011_dac,54
101,$4011_dac,50
101,$4011_dac,34
101,$4011_dac,34
101,$4011_dac,26
101,$4011_dac,6
101,$4011_dac,22
101,$4011_dac,34
101,$4011_dac,26
101,$4011_dac,30
101,$4011_dac,22
101,$4011_dac,6
101,$4011_dac,10
101,$4011_dac,14
101,$4011_dac,2
101,$4011_dac,14
101,$4011_dac,18
101,$4011_dac,2
101,$4011_dac,22
101,$4011_dac,42
101,$4011_dac,42
101,$4011_dac,46
101,$4011_dac,26
101,$4011_dac,6
101,$4011_dac,54
101,$4011_dac,62
101,$4011_dac,34
101,$4011_dac,22
101,$4011_dac,42
101,$4011_dac,38
101,$4011_dac,34
101,$4011_dac,34
101,$4011_dac,30
101,$4011_dac,10
101,$4011_dac,14
101,$4011_dac,38
101,$4011_dac,26
101,$4011_dac,22
101,$4011_dac,22
101,$4011_dac,6
101,$4011_dac,2
101,$4011_dac,18
101,$4011_dac,2
101,$4011_dac,2
101,$4011_dac,30
101,$4011_dac,62
101,$4011_dac,26
101,$4011_dac,30
101,$4011_dac,58
101,$4011_dac,50
101,$4011_dac,10
101,$4011_dac,30
101,$4011_dac,62
101,$4011_dac,62
101,$4011_dac,42
101,$4011_dac,34
101,$4011_dac,26
101,$4011_dac,38
101,$4011_dac,54
101,$4011_dac,58
101,$4011_dac,46
101,$4011_dac,18
101,$4011_dac,14
101,$4011_dac,18
101,$4011_dac,46
101,$4011_dac,62
101,$4011_dac,50
101,$4011_dac,18
101,$4011_dac,10
101,$4011_dac,14
101,$4011_dac,38
101,$4011_dac,34
101,$4011_dac,26
101,$4011_dac,22
101,$4011_dac,30
101,$4011_dac,30
101,$4011_dac,38
101,$4011_dac,30
101,$4011_dac,34
101,$4011_dac,38
101,$4011_dac,30
101,$4011_dac,38
101,$4011_dac,58
101,$4011_dac,58
101,$4011_dac,42
101,$4011_dac,18
101,$4011_dac,22
101,$4011_dac,42
101,$4011_dac,62
101,$4011_dac,58
101,$4011_dac,26
101,$4011_dac,14
101,$4011_dac,22
101,$4011_dac,42
101,$4011_dac,42
101,$4011_dac,38
101,$4011_dac,34
101,$4011_dac,10
101,$4011_dac,10
101,$4011_dac,18
101,$4011_dac,18
101,$4011_dac,26
101,$4011_dac,34
101,$4011_dac,26
101,$4011_dac,14
101,$4011_dac,14
101,$4011_dac,18
101,$4011_dac,22
101,$4011_dac,30
101,$4011_dac,34
101,$4011_dac,34
101,$4011_dac,34
101,$4011_dac,62
101,$4011_dac,58
101,$4011_dac,18
101,$4011_dac,14
101,$4011_dac,54
101,$4011_dac,62
101,$4011_dac,50
101,$4011_dac,42
101,$4011_dac,34
101,$4011_dac,10
101,$4011_dac,18
101,$4011_dac,30
101,$4011_dac,46
101,$4011_dac,38
101,$4011_dac,10
101,$4011_dac,6
101,$4011_dac,18
101,$4011_dac,38
101,$4011_dac,18
101,$4011_dac,22
101,$4011_dac,30
101,$4011_dac,22
101,$4011_dac,14
101,$4011_dac,22
101,$4011_dac,22
101,$4011_dac,30
101,$4011_dac,26
101,$4011_dac,10
101,$4011_dac,38
101,$4011_dac,50
101,$4011_dac,50
101,$4011_dac,58
101,$4011_dac,34
101,$4011_dac,6
101,$4011_dac,30
101,$4011_dac,62
101,$4011_dac,62
101,$4011_dac,50
101,$4011_dac,42
101,$4011_dac,18
101,$4011_dac,18
101,$4011_dac,26
101,$4011_dac,46
101,$4011_dac,54
101,$4011_dac,34
101,$4011_dac,10
101,$4011_dac,10
101,$4011_dac,22
101,$4011_dac,42
101,$4011_dac,26
101,$4011_dac,14
101,$4011_dac,22
101,$4011_dac,14
101,$4011_dac,18
101,$4011_dac,22
101,$4011_dac,22
101,$4011_dac,26
101,$4011_dac,18
101,$4011_dac,18
101,$4011_dac,38
101,$4011_dac,42
101,$4011_dac,38
101,$4011_dac,62
101,$4011_dac,58
101,$4011_dac,6
101,$4011_dac,30
101,$4011_dac,62
101,$4011_dac,62
101,$4011_dac,38
101,$4011_dac,54
101,$4011_dac,38
101,$4011_dac,14
101,$4011_dac,30
101,$4011_dac,46
101,$4011_dac,38
101,$4011_dac,38
101,$4011_dac,26
101,$4011_dac,14
101,$4011_dac,26
101,$4011_dac,34
101,$4011_dac,26
101,$4011_dac,10
101,$4011_dac,10
101,$4011_dac,14
101,$4011_dac,18
101,$4011_dac,26
101,$4011_dac,18
101,$4011_dac,6
101,$4011_dac,26
101,$4011_dac,22
101,$4011_dac,14
101,$4011_dac,26
101,$4011_dac,46
101,$4011_dac,50
101,$4011_dac,42
101,$4011_dac,46
101,$4011_dac,42
101,$4011_dac,14
102,$4011_dac,46
102,$4011_dac,58
102,$4011_dac,30
102,$4011_dac,38
102,$4011_dac,42
102,$4011_dac,18
102,$4011_dac,10
102,$4011_dac,26
102,$4011_dac,42
102,$4011_dac,26
102,$4011_dac,22
102,$4011_dac,26
102,$4011_dac,10
102,$4011_dac,14
102,$4011_dac,18
102,$4011_dac,18
102,$4011_dac,14
102,$4011_dac,10
102,$4011_dac,6
102,$4011_dac,10
102,$4011_dac,14
102,$4011_dac,14
102,$4011_dac,22
102,$4011_dac,22
102,$4011_dac,18
102,$4011_dac,14
102,$4011_dac,42
102,$4011_dac,58
102,$4011_dac,54
102,$4011_dac,54
102,$4011_dac,46
102,$4011_dac,42
102,$4011_dac,22
102,$4011_dac,62
102,$4011_dac,58
102,$4011_dac,42
102,$4011_dac,38
102,$4011_dac,34
102,$4011_dac,14
102,$4011_dac,18
102,$4011_dac,34
102,$4011_dac,34
102,$4011_dac,22
102,$4011_dac,18
102,$4011_dac,26
102,$4011_dac,22
102,$4011_dac,18
102,$4011_dac,14
102,$4011_dac,10
102,$4011_dac,6
102,$4011_dac,2
102,$4011_dac,10
102,$4011_dac,14
102,$4011_dac,10
102,$4011_dac,10
102,$4011_dac,18
102,$4011_dac,22
102,$4011_dac,22
102,$4011_dac,26
102,$4011_dac,30
102,$4011_dac,34
102,$4011_dac,38
102,$4011_dac,62
102,$4011_dac,58
102,$4011_dac,50
102,$4011_dac,46
102,$4011_dac,46
102,$4011_dac,58
102,$4011_dac,62
102,$4011_dac,58
102,$4011_dac,46
102,$4011_dac,30
102,$4011_dac,34
102,$4011_dac,26
102,$4011_dac,30
102,$4011_dac,42
102,$4011_dac,26
102,$4011_dac,18
102,$4011_dac,14
102,$4011_dac,14
102,$4011_dac,14
102,$4011_dac,14
102,$4011_dac,18
102,$4011_dac,10
102,$4011_dac,2
102,$4011_dac,6
102,$4011_dac,14
102,$4011_dac,14
102,$4011_dac,18
102,$4011_dac,18
102,$4011_dac,18
102,$4011_dac,18
102,$4011_dac,26
102,$4011_dac,38
102,$4011_dac,38
102,$4011_dac,46
102,$4011_dac,50
102,$4011_dac,58
102,$4011_dac,62
102,$4011_dac,50
102,$4011_dac,42
102,$4011_dac,54
102,$4011_dac,62
102,$4011_dac,62
102,$4011_dac,62
102,$4011_dac,46
102,$4011_dac,34
102,$4011_dac,26
102,$4011_dac,30
102,$4011_dac,42
102,$4011_dac,34
102,$4011_dac,26
102,$4011_dac,26
102,$4011_dac,18
102,$4011_dac,14
102,$4011_dac,10
102,$4011_dac,18
102,$4011_dac,18
102,$4011_dac,6
102,$4011_dac,2
102,$4011_dac,6
102,$4011_dac,14
102,$4011_dac,18
102,$4011_dac,22
102,$4011_dac,22
102,$4011_dac,18
102,$4011_dac,18
102,$4011_dac,30
102,$4011_dac,38
102,$4011_dac,46
102,$4011_dac,50
102,$4011_dac,58
102,$4011_dac,62
102,$4011_dac,62
102,$4011_dac,50
102,$4011_dac,46
102,$4011_dac,62
102,$4011_dac,62
102,$4011_dac,62
102,$4011_dac,54
102,$4011_dac,46
102,$4011_dac,34
102,$4011_dac,22
102,$4011_dac,38
102,$4011_dac,42
102,$4011_dac,34
102,$4011_dac,26
102,$4011_dac,26
102,$4011_dac,18
102,$4011_dac,10
102,$4011_dac,14
102,$4011_dac,18
102,$4011_dac,14
102,$4011_dac,2
102,$4011_dac,6
102,$4011_dac,10
102,$4011_dac,10
102,$4011_dac,18
102,$4011_dac,22
102,$4011_dac,22
102,$4011_dac,22
102,$4011_dac,26
102,$4011_dac,34
102,$4011_dac,38
102,$4011_dac,46
102,$4011_dac,58
102,$4011_dac,62
102,$4011_dac,62
102,$4011_dac,62
102,$4011_dac,42
102,$4011_dac,54
102,$4011_dac,62
102,$4011_dac,62
102,$4011_dac,62
102,$4011_dac,58
102,$4011_dac,46
102,$4011_dac,26
102,$4011_dac,30
102,$4011_dac,46
102,$4011_dac,46
102,$4011_dac,38
102,$4011_dac,34
102,$4011_dac,26
102,$4011_dac,26
102,$4011_dac,22
102,$4011_dac,18
102,$4011_dac,18
102,$4011_dac,14
102,$4011_dac,14
102,$4011_dac,18
102,$4011_dac,14
102,$4011_dac,14
102,$4011_dac,18
102,$4011_dac,26
102,$4011_dac,26
102,$4011_dac,26
102,$4011_dac,30
102,$4011_dac,34
102,$4011_dac,42
102,$4011_dac,54
102,$4011_dac,62
102,$4011_dac,62
102,$4011_dac,62
102,$4011_dac,50
102,$4011_dac,42
102,$4011_dac,62
102,$4011_dac,62
102,$4011_dac,62
102,$4011_dac,62
102,$4011_dac,54
102,$4011_dac,34
102,$4011_dac,26
102,$4011_dac,30
102,$4011_dac,34
102,$4011_dac,38
102,$4011_dac,58
102,$4011_dac,42
102,$4011_dac,18
102,$4011_dac,22
102,$4011_dac,26
102,$4011_dac,26
102,$4011_dac,14
102,$4011_dac,18
102,$4011_dac,22
102,$4011_dac,14
102,$4011_dac,18
102,$4011_dac,18
102,$4011_dac,18
102,$4011_dac,22
102,$4011_dac,22
102,$4011_dac,30
102,$4011_dac,30
102,$4011_dac,34
102,$4011_dac,50
102,$4011_dac,62
102,$4011_dac,62
102,$4011_dac,62
102,$4011_dac,42
102,$4011_dac,38
102,$4011_dac,58
102,$4011_dac,58
102,$4011_dac,62
102,$4011_dac,62
102,$4011_dac,62
102,$4011_dac,42
102,$4011_dac,22
102,$4011_dac,22
102,$4011_dac,18
102,$4011_dac,18
102,$4011_dac,42
102,$4011_dac,54
102,$4011_dac,46
102,$4011_dac,30
102,$4011_dac,18
102,$4011_dac,14
102,$4011_dac,10
102,$4011_dac,46
102,$4011_dac,58
102,$4011_dac,30
102,$4011_dac,34
102,$4011_dac,34
102,$4011_dac,30
102,$4011_dac,22
102,$4011_dac,26
102,$4011_dac,26
102,$4011_dac,22
102,$4011_dac,38
102,$4011_dac,46
102,$4011_dac,50
102,$4011_dac,54
102,$4011_dac,42
102,$4011_dac,26
102,$4011_dac,38
102,$4011_dac,38
102,$4011_dac,50
102,$4011_dac,62
102,$4011_dac,62
102,$4011_dac,62
102,$4011_dac,34
102,$4011_dac,22
102,$4011_dac,18
102,$4011_dac,14
102,$4011_dac,26
102,$4011_dac,42
102,$4011_dac,38
102,$4011_dac,30
102,$4011_dac,18
102,$4011_dac,6
102,$4011_dac,2
102,$4011_dac,10
102,$4011_dac,54
102,$4011_dac,62
102,$4011_dac,38
102,$4011_dac,42
102,$4011_dac,26
102,$4011_dac,30
102,$4011_dac,30
102,$4011_dac,50
102,$4011_dac,42
102,$4011_dac,54
102,$4011_dac,62
102,$4011_dac,58
102,$4011_dac,62
102,$4011_dac,42
102,$4011_dac,18
102,$4011_dac,30
102,$4011_dac,26
102,$4011_dac,42
103,$4011_dac,62
103,$4011_dac,62
103,$4011_dac,58
103,$4011_dac,26
103,$4011_dac,18
103,$4011_dac,14
103,$4011_dac,14
103,$4011_dac,30
103,$4011_dac,42
103,$4011_dac,46
103,$4011_dac,50
103,$4011_dac,34
103,$4011_dac,6
103,$4011_dac,2
103,$4011_dac,10
103,$4011_dac,54
103,$4011_dac,62
103,$4011_dac,58
103,$4011_dac,34
103,$4011_dac,22
103,$4011_dac,26
103,$4011_dac,46
103,$4011_dac,58
103,$4011_dac,62
103,$4011_dac,62
103,$4011_dac,62
103,$4011_dac,58
103,$4011_dac,34
103,$4011_dac,26
103,$4011_dac,14
103,$4011_dac,14
103,$4011_dac,46
103,$4011_dac,58
103,$4011_dac,50
103,$4011_dac,42
103,$4011_dac,26
103,$4011_dac,2
103,$4011_dac,2
103,$4011_dac,14
103,$4011_dac,38
103,$4011_dac,50
103,$4011_dac,62
103,$4011_dac,50
103,$4011_dac,2
103,$4011_dac,2
103,$4011_dac,2
103,$4011_dac,14
103,$4011_dac,62
103,$4011_dac,62
103,$4011_dac,34
103,$4011_dac,2
103,$4011_dac,6
103,$4011_dac,42
103,$4011_dac,62
103,$4011_dac,62
103,$4011_dac,62
103,$4011_dac,42
103,$4011_dac,10
103,$4011_dac,2
103,$4011_dac,2
103,$4011_dac,2
103,$4011_dac,30
103,$4011_dac,46
103,$4011_dac,34
103,$4011_dac,30
103,$4011_dac,18
103,$4011_dac,2
103,$4011_dac,2
103,$4011_dac,54
103,$4011_dac,62
103,$4011_dac,62
103,$4011_dac,62
103,$4011_dac,50
103,$4011_dac,2
103,$4011_dac,2
103,$4011_dac,2
103,$4011_dac,2
103,$4011_dac,62
103,$4011_dac,62
103,$4011_dac,62
103,$4011_dac,62
103,$4011_dac,62
103,$4011_dac,62
103,$4011_dac,62
103,$4011_dac,62
103,$4011_dac,62
103,$4011_dac,2
103,$4011_dac,2
103,$4011_dac,2
103,$4011_dac,2
103,$4011_dac,2
103,$4011_dac,22
103,$4011_dac,38
103,$4011_dac,46
103,$4011_dac,58
103,$4011_dac,18
103,$4011_dac,14
103,$4011_dac,62
103,$4011_dac,62
103,$4011_dac,62
103,$4011_dac,62
103,$4011_dac,58
103,$4011_dac,2
103,$4011_dac,2
103,$4011_dac,2
103,$4011_dac,2
103,$4011_dac,54
103,$4011_dac,54
103,$4011_dac,62
103,$4011_dac,62
103,$4011_dac,62
103,$4011_dac,62
103,$4011_dac,62
103,$4011_dac,62
103,$4011_dac,62
103,$4011_dac,58
103,$4011_dac,2
103,$4011_dac,2
103,$4011_dac,2
103,$4011_dac,2
103,$4011_dac,2
103,$4011_dac,50
103,$4011_dac,62
103,$4011_dac,62
103,$4011_dac,58
103,$4011_dac,46
103,$4011_dac,62
103,$4011_dac,62
103,$4011_dac,62
103,$4011_dac,62
103,$4011_dac,34
103,$4011_dac,2
103,$4011_dac,2
103,$4011_dac,2
103,$4011_dac,2
103,$4011_dac,62
103,$4011_dac,62
103,$4011_dac,62
103,$4011_dac,62
103,$4011_dac,62
103,$4011_dac,62
103,$4011_dac,62
103,$4011_dac,62
103,$4011_dac,62
103,$4011_dac,62
103,$4011_dac,18
103,$4011_dac,2
103,$4011_dac,2
103,$4011_dac,2
103,$4011_dac,2
103,$4011_dac,62
103,$4011_dac,62
103,$4011_dac,62
103,$4011_dac,62
103,$4011_dac,50
103,$4011_dac,62
103,$4011_dac,62
103,$4011_dac,62
103,$4011_dac,62
103,$4011_dac,62
103,$4011_dac,2
103,$4011_dac,2
103,$4011_dac,2
103,$4011_dac,2
103,$4011_dac,14
103,$4011_dac,62
103,$4011_dac,62
103,$4011_dac,62
103,$4011_dac,62
103,$4011_dac,62
103,$4011_dac,62
103,$4011_dac,62
103,$4011_dac,62
103,$4011_dac,62
103,$4011_dac,62
103,$4011_dac,2
103,$4011_dac,2
103,$4011_dac,2
103,$4011_dac,2
103,$4011_dac,30
103,$4011_dac,62
103,$4011_dac,62
103,$4011_dac,62
103,$4011_dac,62
103,$4011_dac,62
103,$4011_dac,34
103,$4011_dac,2
103,$4011_dac,54
103,$4011_dac,62
103,$4011_dac,62
103,$4011_dac,2
103,$4011_dac,2
103,$4011_dac,2
103,$4011_dac,2
103,$4011_dac,62
103,$4011_dac,62
103,$4011_dac,62
103,$4011_dac,62
103,$4011_dac,62
103,$4011_dac,34
103,$4011_dac,46
103,$4011_dac,62
103,$4011_dac,62
103,$4011_dac,62
103,$4011_dac,62
103,$4011_dac,2
103,$4011_dac,2
103,$4011_dac,2
103,$4011_dac,6
103,$4011_dac,62
103,$4011_dac,62
103,$4011_dac,62
103,$4011_dac,62
103,$4011_dac,62
103,$4011_dac,58
103,$4011_dac,2
103,$4011_dac,2
103,$4011_dac,46
103,$4011_dac,62
103,$4011_dac,58
103,$4011_dac,2
103,$4011_dac,2
103,$4011_dac,2
103,$4011_dac,46
103,$4011_dac,62
103,$4011_dac,62
103,$4011_dac,62
103,$4011_dac,62
103,$4011_dac,2
103,$4011_dac,14
103,$4011_dac,62
103,$4011_dac,62
103,$4011_dac,62
103,$4011_dac,62
103,$4011_dac,2
103,$4011_dac,2
103,$4011_dac,2
103,$4011_dac,2
103,$4011_dac,46
103,$4011_dac,62
103,$4011_dac,62
103,$4011_dac,62
103,$4011_dac,62
103,$4011_dac,50
103,$4011_dac,2
103,$4011_dac,2
103,$4011_dac,14
103,$4011_dac,62
103,$4011_dac,62
103,$4011_dac,62
103,$4011_dac,2
103,$4011_dac,2
103,$4011_dac,2
103,$4011_dac,46
103,$4011_dac,62
103,$4011_dac,62
103,$4011_dac,62
103,$4011_dac,62
103,$4011_dac,2
103,$4011_dac,14
103,$4011_dac,62
103,$4011_dac,62
103,$4011_dac,62
103,$4011_dac,62
103,$4011_dac,2
103,$4011_dac,2
103,$4011_dac,2
103,$4011_dac,2
103,$4011_dac,62
103,$4011_dac,62
103,$4011_dac,62
103,$4011_dac,62
103,$4011_dac,62
103,$4011_dac,34
103,$4011_dac,2
103,$4011_dac,2
103,$4011_dac,30
103,$4011_dac,62
103,$4011_dac,62
103,$4011_dac,50
103,$4011_dac,2
103,$4011_dac,2
103,$4011_dac,2
103,$4011_dac,62
103,$4011_dac,62
103,$4011_dac,62
103,$4011_dac,62
103,$4011_dac,34
103,$4011_dac,2
103,$4011_dac,30
103,$4011_dac,62
103,$4011_dac,62
103,$4011_dac,62
103,$4011_dac,62
103,$4011_dac,2
103,$4011_dac,2
103,$4011_dac,2
103,$4011_dac,2
103,$4011_dac,62
103,$4011_dac,62
103,$4011_dac,62
103,$4011_dac,62
103,$4011_dac,62
103,$4011_dac,2
103,$4011_dac,2
103,$4011_dac,2
103,$4011_dac,62
103,$4011_dac,62
103,$4011_dac,62
104,$4011_dac,2
104,$4011_dac,2
104,$4011_dac,2
104,$4011_dac,14
104,$4011_dac,62
104,$4011_dac,62
104,$4011_dac,62
104,$4011_dac,34
104,$4011_dac,2
104,$4011_dac,2
104,$4011_dac,62
104,$4011_dac,62
104,$4011_dac,62
104,$4011_dac,62
104,$4011_dac,62
104,$4011_dac,2
104,$4011_dac,2
104,$4011_dac,2
104,$4011_dac,2
104,$4011_dac,62
104,$4011_dac,62
104,$4011_dac,62
104,$4011_dac,62
104,$4011_dac,50
104,$4011_dac,2
104,$4011_dac,2
104,$4011_dac,62
104,$4011_dac,62
104,$4011_dac,62
104,$4011_dac,62
104,$4011_dac,2
104,$4011_dac,2
104,$4011_dac,2
104,$4011_dac,62
104,$4011_dac,62
104,$4011_dac,62
104,$4011_dac,58
104,$4011_dac,2
104,$4011_dac,2
104,$4011_dac,14
104,$4011_dac,62
104,$4011_dac,62
104,$4011_dac,62
104,$4011_dac,62
104,$4011_dac,62
104,$4011_dac,2
104,$4011_dac,2
104,$4011_dac,2
104,$4011_dac,2
104,$4011_dac,62
104,$4011_dac,62
104,$4011_dac,62
104,$4011_dac,62
104,$4011_dac,18
104,$4011_dac,2
104,$4011_dac,2
104,$4011_dac,62
104,$4011_dac,62
104,$4011_dac,62
104,$4011_dac,34
104,$4011_dac,2
104,$4011_dac,2
104,$4011_dac,30
104,$4011_dac,62
104,$4011_dac,62
104,$4011_dac,62
104,$4011_dac,2
104,$4011_dac,2
104,$4011_dac,2
104,$4011_dac,30
104,$4011_dac,62
104,$4011_dac,62
104,$4011_dac,62
104,$4011_dac,62
104,$4011_dac,62
104,$4011_dac,2
104,$4011_dac,2
104,$4011_dac,2
104,$4011_dac,2
104,$4011_dac,62
104,$4011_dac,62
104,$4011_dac,62
104,$4011_dac,62
104,$4011_dac,62
104,$4011_dac,26
104,$4011_dac,6
104,$4011_dac,62
104,$4011_dac,62
104,$4011_dac,2
104,$4011_dac,2
104,$4011_dac,2
104,$4011_dac,2
104,$4011_dac,46
104,$4011_dac,62
104,$4011_dac,62
104,$4011_dac,62
104,$4011_dac,34
104,$4011_dac,2
104,$4011_dac,2
104,$4011_dac,6
104,$4011_dac,62
104,$4011_dac,62
104,$4011_dac,62
104,$4011_dac,62
104,$4011_dac,62
104,$4011_dac,62
104,$4011_dac,2
104,$4011_dac,2
104,$4011_dac,2
104,$4011_dac,2
104,$4011_dac,54
104,$4011_dac,62
104,$4011_dac,62
104,$4011_dac,62
104,$4011_dac,62
104,$4011_dac,50
104,$4011_dac,30
104,$4011_dac,58
104,$4011_dac,2
104,$4011_dac,2
104,$4011_dac,2
104,$4011_dac,2
104,$4011_dac,6
104,$4011_dac,62
104,$4011_dac,62
104,$4011_dac,62
104,$4011_dac,62
104,$4011_dac,2
104,$4011_dac,2
104,$4011_dac,2
104,$4011_dac,46
104,$4011_dac,62
104,$4011_dac,62
104,$4011_dac,62
104,$4011_dac,62
104,$4011_dac,62
104,$4011_dac,50
104,$4011_dac,2
104,$4011_dac,2
104,$4011_dac,2
104,$4011_dac,2
104,$4011_dac,30
104,$4011_dac,62
104,$4011_dac,62
104,$4011_dac,62
104,$4011_dac,62
104,$4011_dac,42
104,$4011_dac,30
104,$4011_dac,18
104,$4011_dac,2
104,$4011_dac,2
104,$4011_dac,10
104,$4011_dac,2
104,$4011_dac,46
104,$4011_dac,62
104,$4011_dac,62
104,$4011_dac,62
104,$4011_dac,58
104,$4011_dac,2
104,$4011_dac,2
104,$4011_dac,2
104,$4011_dac,30
104,$4011_dac,62
104,$4011_dac,62
104,$4011_dac,62
104,$4011_dac,62
104,$4011_dac,62
104,$4011_dac,58
104,$4011_dac,2
104,$4011_dac,2
104,$4011_dac,2
104,$4011_dac,2
104,$4011_dac,30
104,$4011_dac,62
104,$4011_dac,62
104,$4011_dac,62
104,$4011_dac,62
104,$4011_dac,50
104,$4011_dac,26
104,$4011_dac,2
104,$4011_dac,2
104,$4011_dac,2
104,$4011_dac,10
104,$4011_dac,2
104,$4011_dac,46
104,$4011_dac,62
104,$4011_dac,62
104,$4011_dac,62
104,$4011_dac,58
104,$4011_dac,2
104,$4011_dac,2
104,$4011_dac,2
104,$4011_dac,6
104,$4011_dac,62
104,$4011_dac,62
104,$4011_dac,62
104,$4011_dac,62
104,$4011_dac,62
104,$4011_dac,62
104,$4011_dac,2
104,$4011_dac,2
104,$4011_dac,2
104,$4011_dac,2
104,$4011_dac,2
104,$4011_dac,62
104,$4011_dac,62
104,$4011_dac,62
104,$4011_dac,62
104,$4011_dac,62
104,$4011_dac,22
104,$4011_dac,2
104,$4011_dac,2
104,$4011_dac,2
104,$4011_dac,6
104,$4011_dac,2
104,$4011_dac,46
104,$4011_dac,62
104,$4011_dac,62
104,$4011_dac,62
104,$4011_dac,62
104,$4011_dac,2
104,$4011_dac,2
104,$4011_dac,2
104,$4011_dac,2
104,$4011_dac,62
104,$4011_dac,62
104,$4011_dac,62
104,$4011_dac,62
104,$4011_dac,62
104,$4011_dac,62
104,$4011_dac,2
104,$4011_dac,2
104,$4011_dac,2
104,$4011_dac,2
104,$4011_dac,2
104,$4011_dac,62
104,$4011_dac,62
104,$4011_dac,62
104,$4011_dac,62
104,$4011_dac,62
104,$4011_dac,34
104,$4011_dac,2
104,$4011_dac,2
104,$4011_dac,2
104,$4011_dac,2
104,$4011_dac,2
104,$4011_dac,14
104,$4011_dac,62
104,$4011_dac,62
104,$4011_dac,62
104,$4011_dac,62
104,$4011_dac,18
104,$4011_dac,2
104,$4011_dac,2
104,$4011_dac,2
104,$4011_dac,62
104,$4011_dac,62
104,$4011_dac,62
104,$4011_dac,62
104,$4011_dac,62
104,$4011_dac,62
104,$4011_dac,62
104,$4011_dac,2
104,$4011_dac,2
104,$4011_dac,2
104,$4011_dac,2
104,$4011_dac,2
104,$4011_dac,62
104,$4011_dac,62
104,$4011_dac,62
104,$4011_dac,62
104,$4011_dac,62
104,$4011_dac,2
104,$4011_dac,2
104,$4011_dac,2
104,$4011_dac,2
104,$4011_dac,30
104,$4011_dac,2
104,$4011_dac,62
104,$4011_dac,62
104,$4011_dac,62
104,$4011_dac,62
104,$4011_dac,62
104,$4011_dac,2
104,$4011_dac,2
104,$4011_dac,2
104,$4011_dac,2
104,$4011_dac,62
104,$4011_dac,62
104,$4011_dac,62
104,$4011_dac,62
104,$4011_dac,62
104,$4011_dac,58
104,$4011_dac,62
104,$4011_dac,2
104,$4011_dac,2
104,$4011_dac,2
104,$4011_dac,2
104,$4011_dac,2
104,$4011_dac,62
104,$4011_dac,62
104,$4011_dac,62
104,$4011_dac,62
104,$4011_dac,58
104,$4011_dac,2
104,$4011_dac,2
104,$4011_dac,2
104,$4011_dac,2
105,$4011_dac,42
105,$4011_dac,14
105,$4011_dac,62
105,$4011_dac,62
105,$4011_dac,62
105,$4011_dac,62
105,$4011_dac,62
105,$4011_dac,2
105,$4011_dac,2
105,$4011_dac,2
105,$4011_dac,2
105,$4011_dac,62
105,$4011_dac,62
105,$4011_dac,62
105,$4011_dac,62
105,$4011_dac,62
105,$4011_dac,58
105,$4011_dac,62
105,$4011_dac,2
105,$4011_dac,2
105,$4011_dac,2
105,$4011_dac,2
105,$4011_dac,2
105,$4011_dac,62
105,$4011_dac,62
105,$4011_dac,62
105,$4011_dac,62
105,$4011_dac,58
105,$4011_dac,2
105,$4011_dac,2
105,$4011_dac,2
105,$4011_dac,2
105,$4011_dac,54
105,$4011_dac,22
105,$4011_dac,62
105,$4011_dac,62
105,$4011_dac,62
105,$4011_dac,62
105,$4011_dac,62
105,$4011_dac,2
105,$4011_dac,2
105,$4011_dac,2
105,$4011_dac,2
105,$4011_dac,62
105,$4011_dac,62
105,$4011_dac,62
105,$4011_dac,62
105,$4011_dac,62
105,$4011_dac,46
105,$4011_dac,62
105,$4011_dac,2
105,$4011_dac,2
105,$4011_dac,2
105,$4011_dac,2
105,$4011_dac,2
105,$4011_dac,62
105,$4011_dac,62
105,$4011_dac,62
105,$4011_dac,62
105,$4011_dac,62
105,$4011_dac,2
105,$4011_dac,2
105,$4011_dac,2
105,$4011_dac,2
105,$4011_dac,62
105,$4011_dac,34
105,$4011_dac,62
105,$4011_dac,62
105,$4011_dac,62
105,$4011_dac,62
105,$4011_dac,62
105,$4011_dac,2
105,$4011_dac,2
105,$4011_dac,2
105,$4011_dac,2
105,$4011_dac,30
105,$4011_dac,62
105,$4011_dac,62
105,$4011_dac,62
105,$4011_dac,62
105,$4011_dac,42
105,$4011_dac,62
105,$4011_dac,62
105,$4011_dac,2
105,$4011_dac,2
105,$4011_dac,2
105,$4011_dac,2
105,$4011_dac,2
105,$4011_dac,62
105,$4011_dac,62
105,$4011_dac,62
105,$4011_dac,62
105,$4011_dac,50
105,$4011_dac,2
105,$4011_dac,2
105,$4011_dac,2
105,$4011_dac,6
105,$4011_dac,62
105,$4011_dac,46
105,$4011_dac,62
105,$4011_dac,62
105,$4011_dac,62
105,$4011_dac,62
105,$4011_dac,62
105,$4011_dac,2
105,$4011_dac,2
105,$4011_dac,2
105,$4011_dac,2
105,$4011_dac,62
105,$4011_dac,62
105,$4011_dac,62
105,$4011_dac,62
105,$4011_dac,62
105,$4011_dac,30
105,$4011_dac,62
105,$4011_dac,62
105,$4011_dac,2
105,$4011_dac,2
105,$4011_dac,2
105,$4011_dac,2
105,$4011_dac,6
105,$4011_dac,62
105,$4011_dac,62
105,$4011_dac,62
105,$4011_dac,62
105,$4011_dac,58
105,$4011_dac,2
105,$4011_dac,2
105,$4011_dac,2
105,$4011_dac,30
105,$4011_dac,62
105,$4011_dac,62
105,$4011_dac,62
105,$4011_dac,62
105,$4011_dac,62
105,$4011_dac,62
105,$4011_dac,62
105,$4011_dac,2
105,$4011_dac,2
105,$4011_dac,2
105,$4011_dac,2
105,$4011_dac,62
105,$4011_dac,62
105,$4011_dac,62
105,$4011_dac,62
105,$4011_dac,62
105,$4011_dac,30
105,$4011_dac,62
105,$4011_dac,62
105,$4011_dac,2
105,$4011_dac,14
105,$4011_dac,2
105,$4011_dac,2
105,$4011_dac,2
105,$4011_dac,62
105,$4011_dac,62
105,$4011_dac,62
105,$4011_dac,62
105,$4011_dac,62
105,$4011_dac,2
105,$4011_dac,2
105,$4011_dac,2
105,$4011_dac,14
105,$4011_dac,62
105,$4011_dac,62
105,$4011_dac,62
105,$4011_dac,46
105,$4011_dac,62
105,$4011_dac,62
105,$4011_dac,62
105,$4011_dac,34
105,$4011_dac,2
105,$4011_dac,2
105,$4011_dac,2
105,$4011_dac,14
105,$4011_dac,62
105,$4011_dac,62
105,$4011_dac,62
105,$4011_dac,62
105,$4011_dac,42
105,$4011_dac,30
105,$4011_dac,62
105,$4011_dac,62
105,$4011_dac,2
105,$4011_dac,2
105,$4011_dac,2
105,$4011_dac,2
105,$4011_dac,14
105,$4011_dac,62
105,$4011_dac,62
105,$4011_dac,62
105,$4011_dac,62
105,$4011_dac,50
105,$4011_dac,2
105,$4011_dac,2
105,$4011_dac,2
105,$4011_dac,62
105,$4011_dac,62
105,$4011_dac,62
105,$4011_dac,62
105,$4011_dac,54
105,$4011_dac,54
105,$4011_dac,62
105,$4011_dac,62
105,$4011_dac,38
105,$4011_dac,2
105,$4011_dac,2
105,$4011_dac,2
105,$4011_dac,62
105,$4011_dac,62
105,$4011_dac,62
105,$4011_dac,62
105,$4011_dac,62
105,$4011_dac,10
105,$4011_dac,30
105,$4011_dac,62
105,$4011_dac,62
105,$4011_dac,6
105,$4011_dac,2
105,$4011_dac,2
105,$4011_dac,2
105,$4011_dac,30
105,$4011_dac,62
105,$4011_dac,62
105,$4011_dac,62
105,$4011_dac,62
105,$4011_dac,34
105,$4011_dac,2
105,$4011_dac,2
105,$4011_dac,2
105,$4011_dac,62
105,$4011_dac,62
105,$4011_dac,62
105,$4011_dac,58
105,$4011_dac,42
105,$4011_dac,46
105,$4011_dac,62
105,$4011_dac,62
105,$4011_dac,50
105,$4011_dac,2
105,$4011_dac,2
105,$4011_dac,2
105,$4011_dac,62
105,$4011_dac,62
105,$4011_dac,62
105,$4011_dac,62
105,$4011_dac,62
105,$4011_dac,2
105,$4011_dac,22
105,$4011_dac,62
105,$4011_dac,62
105,$4011_dac,18
105,$4011_dac,2
105,$4011_dac,2
105,$4011_dac,2
105,$4011_dac,14
105,$4011_dac,62
105,$4011_dac,62
105,$4011_dac,62
105,$4011_dac,62
105,$4011_dac,50
105,$4011_dac,2
105,$4011_dac,2
105,$4011_dac,2
105,$4011_dac,62
105,$4011_dac,62
105,$4011_dac,62
105,$4011_dac,62
105,$4011_dac,30
105,$4011_dac,30
105,$4011_dac,62
105,$4011_dac,62
105,$4011_dac,62
105,$4011_dac,2
105,$4011_dac,2
105,$4011_dac,2
105,$4011_dac,14
105,$4011_dac,62
105,$4011_dac,62
105,$4011_dac,62
105,$4011_dac,62
105,$4011_dac,10
105,$4011_dac,2
105,$4011_dac,62
105,$4011_dac,62
105,$4011_dac,62
105,$4011_dac,18
105,$4011_dac,2
105,$4011_dac,2
105,$4011_dac,2
105,$4011_dac,62
105,$4011_dac,62
105,$4011_dac,62
105,$4011_dac,62
105,$4011_dac,62
105,$4011_dac,2
105,$4011_dac,2
105,$4011_dac,2
105,$4011_dac,30
105,$4011_dac,62
105,$4011_dac,62
105,$4011_dac,62
105,$4011_dac,26
105,$4011_dac,2
105,$4011_dac,62
105,$4011_dac,62
105,$4011_dac,62
105,$4011_dac,58
105,$4011_dac,2
106,$4011_dac,2
106,$4011_dac,2
106,$4011_dac,62
106,$4011_dac,62
106,$4011_dac,62
106,$4011_dac,62
106,$4011_dac,62
106,$4011_dac,2
106,$4011_dac,2
106,$4011_dac,62
106,$4011_dac,62
106,$4011_dac,62
106,$4011_dac,2
106,$4011_dac,2
106,$4011_dac,2
106,$4011_dac,2
106,$4011_dac,62
106,$4011_dac,62
106,$4011_dac,62
106,$4011_dac,62
106,$4011_dac,62
106,$4011_dac,2
106,$4011_dac,2
106,$4011_dac,2
106,$4011_dac,62
106,$4011_dac,62
106,$4011_dac,62
106,$4011_dac,62
106,$4011_dac,2
106,$4011_dac,2
106,$4011_dac,62
106,$4011_dac,62
106,$4011_dac,62
106,$4011_dac,50
106,$4011_dac,2
106,$4011_dac,2
106,$4011_dac,2
106,$4011_dac,62
106,$4011_dac,62
106,$4011_dac,62
106,$4011_dac,62
106,$4011_dac,58
106,$4011_dac,2
106,$4011_dac,2
106,$4011_dac,62
106,$4011_dac,62
106,$4011_dac,62
106,$4011_dac,34
106,$4011_dac,2
106,$4011_dac,2
106,$4011_dac,2
106,$4011_dac,62
106,$4011_dac,62
106,$4011_dac,62
106,$4011_dac,62
106,$4011_dac,62
106,$4011_dac,2
106,$4011_dac,2
106,$4011_dac,2
106,$4011_dac,62
106,$4011_dac,62
106,$4011_dac,62
106,$4011_dac,62
106,$4011_dac,2
106,$4011_dac,2
106,$4011_dac,62
106,$4011_dac,62
106,$4011_dac,62
106,$4011_dac,62
106,$4011_dac,2
106,$4011_dac,2
106,$4011_dac,2
106,$4011_dac,30
106,$4011_dac,62
106,$4011_dac,62
106,$4011_dac,62
106,$4011_dac,62
106,$4011_dac,2
106,$4011_dac,2
106,$4011_dac,46
106,$4011_dac,62
106,$4011_dac,62
106,$4011_dac,62
106,$4011_dac,2
106,$4011_dac,2
106,$4011_dac,2
106,$4011_dac,62
106,$4011_dac,62
106,$4011_dac,62
106,$4011_dac,62
106,$4011_dac,62
106,$4011_dac,34
106,$4011_dac,2
106,$4011_dac,2
106,$4011_dac,6
106,$4011_dac,62
106,$4011_dac,62
106,$4011_dac,62
106,$4011_dac,34
106,$4011_dac,2
106,$4011_dac,6
106,$4011_dac,62
106,$4011_dac,62
106,$4011_dac,62
106,$4011_dac,34
106,$4011_dac,2
106,$4011_dac,2
106,$4011_dac,2
106,$4011_dac,62
106,$4011_dac,62
106,$4011_dac,62
106,$4011_dac,62
106,$4011_dac,50
106,$4011_dac,2
106,$4011_dac,2
106,$4011_dac,62
106,$4011_dac,62
106,$4011_dac,62
106,$4011_dac,62
106,$4011_dac,2
106,$4011_dac,2
106,$4011_dac,2
106,$4011_dac,62
106,$4011_dac,62
106,$4011_dac,62
106,$4011_dac,62
106,$4011_dac,62
106,$4011_dac,2
106,$4011_dac,2
106,$4011_dac,2
106,$4011_dac,46
106,$4011_dac,62
106,$4011_dac,62
106,$4011_dac,62
106,$4011_dac,2
106,$4011_dac,2
106,$4011_dac,14
106,$4011_dac,62
106,$4011_dac,62
106,$4011_dac,62
106,$4011_dac,34
106,$4011_dac,2
106,$4011_dac,2
106,$4011_dac,2
106,$4011_dac,62
106,$4011_dac,62
106,$4011_dac,62
106,$4011_dac,62
106,$4011_dac,50
106,$4011_dac,2
106,$4011_dac,2
106,$4011_dac,62
106,$4011_dac,62
106,$4011_dac,62
106,$4011_dac,62
106,$4011_dac,2
106,$4011_dac,2
106,$4011_dac,2
106,$4011_dac,62
106,$4011_dac,62
106,$4011_dac,62
106,$4011_dac,62
106,$4011_dac,62
106,$4011_dac,18
106,$4011_dac,2
106,$4011_dac,2
106,$4011_dac,30
106,$4011_dac,62
106,$4011_dac,62
106,$4011_dac,62
106,$4011_dac,2
106,$4011_dac,2
106,$4011_dac,2
106,$4011_dac,62
106,$4011_dac,62
106,$4011_dac,62
106,$4011_dac,62
106,$4011_dac,2
106,$4011_dac,2
106,$4011_dac,2
106,$4011_dac,62
106,$4011_dac,62
106,$4011_dac,62
106,$4011_dac,62
106,$4011_dac,62
106,$4011_dac,2
106,$4011_dac,2
106,$4011_dac,46
106,$4011_dac,62
106,$4011_dac,62
106,$4011_dac,62
106,$4011_dac,50
106,$4011_dac,2
106,$4011_dac,2
106,$4011_dac,14
106,$4011_dac,62
106,$4011_dac,62
106,$4011_dac,62
106,$4011_dac,62
106,$4011_dac,62
106,$4011_dac,2
106,$4011_dac,2
106,$4011_dac,2
106,$4011_dac,62
106,$4011_dac,62
106,$4011_dac,62
106,$4011_dac,34
106,$4011_dac,2
106,$4011_dac,2
106,$4011_dac,62
106,$4011_dac,62
106,$4011_dac,62
106,$4011_dac,62
106,$4011_dac,2
106,$4011_dac,2
106,$4011_dac,2
106,$4011_dac,30
106,$4011_dac,62
106,$4011_dac,62
106,$4011_dac,62
106,$4011_dac,62
106,$4011_dac,2
106,$4011_dac,2
106,$4011_dac,2
106,$4011_dac,62
106,$4011_dac,62
106,$4011_dac,62
106,$4011_dac,62
106,$4011_dac,2
106,$4011_dac,2
106,$4011_dac,2
106,$4011_dac,46
106,$4011_dac,62
106,$4011_dac,62
106,$4011_dac,62
106,$4011_dac,62
106,$4011_dac,34
106,$4011_dac,2
106,$4011_dac,2
106,$4011_dac,62
106,$4011_dac,62
106,$4011_dac,62
106,$4011_dac,58
106,$4011_dac,2
106,$4011_dac,2
106,$4011_dac,2
106,$4011_dac,62
106,$4011_dac,62
106,$4011_dac,62
106,$4011_dac,62
106,$4011_dac,2
106,$4011_dac,2
106,$4011_dac,2
106,$4011_dac,46
106,$4011_dac,62
106,$4011_dac,62
106,$4011_dac,62
106,$4011_dac,62
106,$4011_dac,2
106,$4011_dac,2
106,$4011_dac,2
106,$4011_dac,62
106,$4011_dac,62
106,$4011_dac,62
106,$4011_dac,62
106,$4011_dac,2
106,$4011_dac,2
106,$4011_dac,2
106,$4011_dac,6
106,$4011_dac,62
106,$4011_dac,62
106,$4011_dac,62
106,$4011_dac,62
106,$4011_dac,18
106,$4011_dac,2
106,$4011_dac,2
106,$4011_dac,62
106,$4011_dac,62
106,$4011_dac,62
106,$4011_dac,62
106,$4011_dac,2
106,$4011_dac,2
106,$4011_dac,2
106,$4011_dac,62
106,$4011_dac,62
106,$4011_dac,62
106,$4011_dac,62
106,$4011_dac,2
106,$4011_dac,2
106,$4011_dac,2
106,$4011_dac,14
106,$4011_dac,62
106,$4011_dac,62
106,$4011_dac,62
106,$4011_dac,62
106,$4011_dac,34
106,$4011_dac,2
106,$4011_dac,2
106,$4011_dac,62
106,$4011_dac,62
106,$4011_dac,62
106,$4011_dac,62
106,$4011_dac,62
106,$4011_dac,2
106,$4011_dac,2
106,$4011_dac,2
106,$4011_dac,30
106,$4011_dac,62
107,$4011_dac,62
107,$4011_dac,62
107,$4011_dac,62
107,$4011_dac,2
107,$4011_dac,2
107,$4011_dac,14
107,$4011_dac,62
107,$4011_dac,62
107,$4011_dac,62
107,$4011_dac,2
107,$4011_dac,2
107,$4011_dac,2
107,$4011_dac,2
107,$4011_dac,62
107,$4011_dac,62
107,$4011_dac,62
107,$4011_dac,62
107,$4011_dac,2
107,$4011_dac,2
107,$4011_dac,2
107,$4011_dac,30
107,$4011_dac,62
107,$4011_dac,62
107,$4011_dac,62
107,$4011_dac,62
107,$4011_dac,2
107,$4011_dac,2
107,$4011_dac,2
107,$4011_dac,62
107,$4011_dac,62
107,$4011_dac,62
107,$4011_dac,62
107,$4011_dac,62
107,$4011_dac,2
107,$4011_dac,2
107,$4011_dac,2
107,$4011_dac,14
107,$4011_dac,62
107,$4011_dac,62
107,$4011_dac,62
107,$4011_dac,62
107,$4011_dac,2
107,$4011_dac,2
107,$4011_dac,14
107,$4011_dac,62
107,$4011_dac,62
107,$4011_dac,62
107,$4011_dac,2
107,$4011_dac,2
107,$4011_dac,2
107,$4011_dac,6
107,$4011_dac,62
107,$4011_dac,62
107,$4011_dac,62
107,$4011_dac,62
107,$4011_dac,2
107,$4011_dac,2
107,$4011_dac,2
107,$4011_dac,2
107,$4011_dac,62
107,$4011_dac,62
107,$4011_dac,62
107,$4011_dac,62
107,$4011_dac,34
107,$4011_dac,2
107,$4011_dac,2
107,$4011_dac,62
107,$4011_dac,62
107,$4011_dac,62
107,$4011_dac,62
107,$4011_dac,62
107,$4011_dac,2
107,$4011_dac,2
107,$4011_dac,2
107,$4011_dac,2
107,$4011_dac,62
107,$4011_dac,62
107,$4011_dac,62
107,$4011_dac,62
107,$4011_dac,2
107,$4011_dac,2
107,$4011_dac,2
107,$4011_dac,62
107,$4011_dac,62
107,$4011_dac,62
107,$4011_dac,50
107,$4011_dac,2
107,$4011_dac,2
107,$4011_dac,2
107,$4011_dac,62
107,$4011_dac,62
107,$4011_dac,62
107,$4011_dac,62
107,$4011_dac,18
107,$4011_dac,2
107,$4011_dac,2
107,$4011_dac,2
107,$4011_dac,62
107,$4011_dac,62
107,$4011_dac,62
107,$4011_dac,62
107,$4011_dac,62
107,$4011_dac,2
107,$4011_dac,2
107,$4011_dac,6
107,$4011_dac,62
107,$4011_dac,62
107,$4011_dac,62
107,$4011_dac,62
107,$4011_dac,62
107,$4011_dac,2
107,$4011_dac,2
107,$4011_dac,2
107,$4011_dac,2
107,$4011_dac,62
107,$4011_dac,62
107,$4011_dac,62
107,$4011_dac,62
107,$4011_dac,2
107,$4011_dac,2
107,$4011_dac,6
107,$4011_dac,62
107,$4011_dac,62
107,$4011_dac,62
107,$4011_dac,2
107,$4011_dac,2
107,$4011_dac,2
107,$4011_dac,2
107,$4011_dac,62
107,$4011_dac,62
107,$4011_dac,62
107,$4011_dac,62
107,$4011_dac,2
107,$4011_dac,2
107,$4011_dac,2
107,$4011_dac,2
107,$4011_dac,62
107,$4011_dac,62
107,$4011_dac,62
107,$4011_dac,62
107,$4011_dac,62
107,$4011_dac,2
107,$4011_dac,2
107,$4011_dac,14
107,$4011_dac,62
107,$4011_dac,62
107,$4011_dac,62
107,$4011_dac,62
107,$4011_dac,62
107,$4011_dac,2
107,$4011_dac,2
107,$4011_dac,2
107,$4011_dac,2
107,$4011_dac,62
107,$4011_dac,62
107,$4011_dac,62
107,$4011_dac,62
107,$4011_dac,18
107,$4011_dac,2
107,$4011_dac,2
107,$4011_dac,62
107,$4011_dac,62
107,$4011_dac,62
107,$4011_dac,2
107,$4011_dac,2
107,$4011_dac,2
107,$4011_dac,2
107,$4011_dac,62
107,$4011_dac,62
107,$4011_dac,62
107,$4011_dac,62
107,$4011_dac,2
107,$4011_dac,2
107,$4011_dac,2
107,$4011_dac,2
107,$4011_dac,54
107,$4011_dac,62
107,$4011_dac,62
107,$4011_dac,62
107,$4011_dac,62
107,$4011_dac,2
107,$4011_dac,2
107,$4011_dac,2
107,$4011_dac,62
107,$4011_dac,62
107,$4011_dac,62
107,$4011_dac,62
107,$4011_dac,62
107,$4011_dac,34
107,$4011_dac,2
107,$4011_dac,2
107,$4011_dac,2
107,$4011_dac,30
107,$4011_dac,62
107,$4011_dac,62
107,$4011_dac,62
107,$4011_dac,62
107,$4011_dac,2
107,$4011_dac,2
107,$4011_dac,30
107,$4011_dac,58
107,$4011_dac,62
107,$4011_dac,58
107,$4011_dac,2
107,$4011_dac,2
107,$4011_dac,2
107,$4011_dac,46
107,$4011_dac,62
107,$4011_dac,62
107,$4011_dac,62
107,$4011_dac,62
107,$4011_dac,2
107,$4011_dac,2
107,$4011_dac,2
107,$4011_dac,2
107,$4011_dac,62
107,$4011_dac,62
107,$4011_dac,62
107,$4011_dac,62
107,$4011_dac,50
107,$4011_dac,2
107,$4011_dac,2
107,$4011_dac,30
107,$4011_dac,62
107,$4011_dac,62
107,$4011_dac,62
107,$4011_dac,62
107,$4011_dac,62
107,$4011_dac,2
107,$4011_dac,2
107,$4011_dac,2
107,$4011_dac,2
107,$4011_dac,62
107,$4011_dac,62
107,$4011_dac,62
107,$4011_dac,62
107,$4011_dac,62
107,$4011_dac,2
107,$4011_dac,2
107,$4011_dac,62
107,$4011_dac,42
107,$4011_dac,62
107,$4011_dac,34
107,$4011_dac,2
107,$4011_dac,2
107,$4011_dac,2
107,$4011_dac,62
107,$4011_dac,62
107,$4011_dac,62
107,$4011_dac,62
107,$4011_dac,50
107,$4011_dac,2
107,$4011_dac,2
107,$4011_dac,2
107,$4011_dac,2
107,$4011_dac,62
107,$4011_dac,62
107,$4011_dac,62
107,$4011_dac,62
107,$4011_dac,42
107,$4011_dac,2
107,$4011_dac,2
107,$4011_dac,30
107,$4011_dac,62
107,$4011_dac,62
107,$4011_dac,62
107,$4011_dac,62
107,$4011_dac,62
107,$4011_dac,2
107,$4011_dac,2
107,$4011_dac,2
107,$4011_dac,2
107,$4011_dac,30
107,$4011_dac,62
107,$4011_dac,62
107,$4011_dac,62
107,$4011_dac,62
107,$4011_dac,6
107,$4011_dac,10
107,$4011_dac,62
107,$4011_dac,34
107,$4011_dac,54
107,$4011_dac,34
107,$4011_dac,2
107,$4011_dac,2
107,$4011_dac,2
107,$4011_dac,62
107,$4011_dac,62
107,$4011_dac,62
107,$4011_dac,62
107,$4011_dac,58
107,$4011_dac,2
107,$4011_dac,2
107,$4011_dac,2
107,$4011_dac,2
107,$4011_dac,62
107,$4011_dac,62
107,$4011_dac,62
107,$4011_dac,62
107,$4011_dac,58
107,$4011_dac,2
107,$4011_dac,2
107,$4011_dac,14
107,$4011_dac,62
107,$4011_dac,62
107,$4011_dac,62
107,$4011_dac,62
107,$4011_dac,62
108,$4011_dac,50
108,$4011_dac,2
108,$4011_dac,2
108,$4011_dac,2
108,$4011_dac,2
108,$4011_dac,62
108,$4011_dac,62
108,$4011_dac,62
108,$4011_dac,62
108,$4011_dac,34
108,$4011_dac,38
108,$4011_dac,42
108,$4011_dac,42
108,$4011_dac,6
108,$4011_dac,42
108,$4011_dac,2
108,$4011_dac,2
108,$4011_dac,14
108,$4011_dac,30
108,$4011_dac,62
108,$4011_dac,62
108,$4011_dac,62
108,$4011_dac,54
108,$4011_dac,2
108,$4011_dac,2
108,$4011_dac,2
108,$4011_dac,2
108,$4011_dac,30
108,$4011_dac,62
108,$4011_dac,62
108,$4011_dac,62
108,$4011_dac,62
108,$4011_dac,2
108,$4011_dac,2
108,$4011_dac,2
108,$4011_dac,46
108,$4011_dac,62
108,$4011_dac,62
108,$4011_dac,62
108,$4011_dac,62
108,$4011_dac,62
108,$4011_dac,2
108,$4011_dac,2
108,$4011_dac,2
108,$4011_dac,2
108,$4011_dac,14
108,$4011_dac,62
108,$4011_dac,62
108,$4011_dac,62
108,$4011_dac,62
108,$4011_dac,34
108,$4011_dac,38
108,$4011_dac,46
108,$4011_dac,2
108,$4011_dac,30
108,$4011_dac,2
108,$4011_dac,2
108,$4011_dac,2
108,$4011_dac,22
108,$4011_dac,62
108,$4011_dac,62
108,$4011_dac,62
108,$4011_dac,62
108,$4011_dac,50
108,$4011_dac,2
108,$4011_dac,2
108,$4011_dac,2
108,$4011_dac,2
108,$4011_dac,46
108,$4011_dac,62
108,$4011_dac,62
108,$4011_dac,62
108,$4011_dac,62
108,$4011_dac,2
108,$4011_dac,2
108,$4011_dac,2
108,$4011_dac,62
108,$4011_dac,62
108,$4011_dac,62
108,$4011_dac,62
108,$4011_dac,62
108,$4011_dac,62
108,$4011_dac,2
108,$4011_dac,2
108,$4011_dac,2
108,$4011_dac,2
108,$4011_dac,30
108,$4011_dac,62
108,$4011_dac,62
108,$4011_dac,62
108,$4011_dac,62
108,$4011_dac,46
108,$4011_dac,58
108,$4011_dac,30
108,$4011_dac,2
108,$4011_dac,6
108,$4011_dac,2
108,$4011_dac,2
108,$4011_dac,6
108,$4011_dac,26
108,$4011_dac,62
108,$4011_dac,62
108,$4011_dac,62
108,$4011_dac,62
108,$4011_dac,50
108,$4011_dac,2
108,$4011_dac,2
108,$4011_dac,2
108,$4011_dac,2
108,$4011_dac,30
108,$4011_dac,62
108,$4011_dac,62
108,$4011_dac,62
108,$4011_dac,62
108,$4011_dac,2
108,$4011_dac,2
108,$4011_dac,2
108,$4011_dac,30
108,$4011_dac,62
108,$4011_dac,62
108,$4011_dac,62
108,$4011_dac,62
108,$4011_dac,62
108,$4011_dac,50
108,$4011_dac,2
108,$4011_dac,2
108,$4011_dac,2
108,$4011_dac,2
108,$4011_dac,46
108,$4011_dac,62
108,$4011_dac,62
108,$4011_dac,62
108,$4011_dac,62
108,$4011_dac,62
108,$4011_dac,34
108,$4011_dac,18
108,$4011_dac,2
108,$4011_dac,2
108,$4011_dac,2
108,$4011_dac,2
108,$4011_dac,46
108,$4011_dac,42
108,$4011_dac,62
108,$4011_dac,62
108,$4011_dac,62
108,$4011_dac,50
108,$4011_dac,34
108,$4011_dac,2
108,$4011_dac,2
108,$4011_dac,2
108,$4011_dac,2
108,$4011_dac,62
108,$4011_dac,62
108,$4011_dac,62
108,$4011_dac,62
108,$4011_dac,50
108,$4011_dac,2
108,$4011_dac,2
108,$4011_dac,2
108,$4011_dac,62
108,$4011_dac,62
108,$4011_dac,62
108,$4011_dac,62
108,$4011_dac,62
108,$4011_dac,54
108,$4011_dac,18
108,$4011_dac,2
108,$4011_dac,2
108,$4011_dac,2
108,$4011_dac,2
108,$4011_dac,46
108,$4011_dac,62
108,$4011_dac,62
108,$4011_dac,62
108,$4011_dac,62
108,$4011_dac,62
108,$4011_dac,18
108,$4011_dac,2
108,$4011_dac,2
108,$4011_dac,2
108,$4011_dac,2
108,$4011_dac,6
108,$4011_dac,58
108,$4011_dac,62
108,$4011_dac,62
108,$4011_dac,62
108,$4011_dac,62
108,$4011_dac,38
108,$4011_dac,2
108,$4011_dac,2
108,$4011_dac,2
108,$4011_dac,2
108,$4011_dac,14
108,$4011_dac,62
108,$4011_dac,62
108,$4011_dac,62
108,$4011_dac,62
108,$4011_dac,2
108,$4011_dac,2
108,$4011_dac,2
108,$4011_dac,6
108,$4011_dac,62
108,$4011_dac,62
108,$4011_dac,62
108,$4011_dac,62
108,$4011_dac,62
108,$4011_dac,50
108,$4011_dac,34
108,$4011_dac,2
108,$4011_dac,2
108,$4011_dac,2
108,$4011_dac,2
108,$4011_dac,14
108,$4011_dac,62
108,$4011_dac,62
108,$4011_dac,62
108,$4011_dac,62
108,$4011_dac,62
108,$4011_dac,10
108,$4011_dac,2
108,$4011_dac,2
108,$4011_dac,2
108,$4011_dac,2
108,$4011_dac,30
108,$4011_dac,62
108,$4011_dac,62
108,$4011_dac,62
108,$4011_dac,62
108,$4011_dac,62
108,$4011_dac,46
108,$4011_dac,18
108,$4011_dac,2
108,$4011_dac,2
108,$4011_dac,2
108,$4011_dac,2
108,$4011_dac,62
108,$4011_dac,62
108,$4011_dac,62
108,$4011_dac,62
108,$4011_dac,34
108,$4011_dac,2
108,$4011_dac,2
108,$4011_dac,2
108,$4011_dac,62
108,$4011_dac,62
108,$4011_dac,62
108,$4011_dac,62
108,$4011_dac,62
108,$4011_dac,34
108,$4011_dac,58
108,$4011_dac,2
108,$4011_dac,2
108,$4011_dac,2
108,$4011_dac,2
108,$4011_dac,2
108,$4011_dac,62
108,$4011_dac,62
108,$4011_dac,62
108,$4011_dac,62
108,$4011_dac,62
108,$4011_dac,42
108,$4011_dac,2
108,$4011_dac,2
108,$4011_dac,2
108,$4011_dac,2
108,$4011_dac,14
108,$4011_dac,62
108,$4011_dac,62
108,$4011_dac,62
108,$4011_dac,62
108,$4011_dac,62
108,$4011_dac,46
108,$4011_dac,58
108,$4011_dac,2
108,$4011_dac,2
108,$4011_dac,2
108,$4011_dac,2
108,$4011_dac,46
108,$4011_dac,62
108,$4011_dac,62
108,$4011_dac,62
108,$4011_dac,62
108,$4011_dac,2
108,$4011_dac,2
108,$4011_dac,2
108,$4011_dac,54
108,$4011_dac,62
108,$4011_dac,62
108,$4011_dac,62
108,$4011_dac,62
108,$4011_dac,42
108,$4011_dac,38
108,$4011_dac,58
108,$4011_dac,2
108,$4011_dac,10
108,$4011_dac,2
108,$4011_dac,2
108,$4011_dac,2
108,$4011_dac,62
108,$4011_dac,62
108,$4011_dac,62
108,$4011_dac,62
108,$4011_dac,62
108,$4011_dac,2
108,$4011_dac,2
108,$4011_dac,2
108,$4011_dac,2
108,$4011_dac,2
108,$4011_dac,62
109,$4011_dac,62
109,$4011_dac,62
109,$4011_dac,62
109,$4011_dac,62
109,$4011_dac,62
109,$4011_dac,62
109,$4011_dac,50
109,$4011_dac,2
109,$4011_dac,2
109,$4011_dac,2
109,$4011_dac,2
109,$4011_dac,62
109,$4011_dac,62
109,$4011_dac,62
109,$4011_dac,62
109,$4011_dac,34
109,$4011_dac,2
109,$4011_dac,2
109,$4011_dac,2
109,$4011_dac,62
109,$4011_dac,62
109,$4011_dac,62
109,$4011_dac,62
109,$4011_dac,62
109,$4011_dac,18
109,$4011_dac,46
109,$4011_dac,62
109,$4011_dac,2
109,$4011_dac,42
109,$4011_dac,2
109,$4011_dac,2
109,$4011_dac,2
109,$4011_dac,62
109,$4011_dac,62
109,$4011_dac,62
109,$4011_dac,62
109,$4011_dac,62
109,$4011_dac,2
109,$4011_dac,2
109,$4011_dac,2
109,$4011_dac,2
109,$4011_dac,22
109,$4011_dac,62
109,$4011_dac,62
109,$4011_dac,50
109,$4011_dac,62
109,$4011_dac,42
109,$4011_dac,62
109,$4011_dac,62
109,$4011_dac,62
109,$4011_dac,2
109,$4011_dac,2
109,$4011_dac,2
109,$4011_dac,2
109,$4011_dac,30
109,$4011_dac,62
109,$4011_dac,62
109,$4011_dac,62
109,$4011_dac,50
109,$4011_dac,2
109,$4011_dac,2
109,$4011_dac,2
109,$4011_dac,62
109,$4011_dac,62
109,$4011_dac,62
109,$4011_dac,62
109,$4011_dac,62
109,$4011_dac,14
109,$4011_dac,30
109,$4011_dac,62
109,$4011_dac,58
109,$4011_dac,14
109,$4011_dac,2
109,$4011_dac,2
109,$4011_dac,2
109,$4011_dac,2
109,$4011_dac,62
109,$4011_dac,62
109,$4011_dac,62
109,$4011_dac,62
109,$4011_dac,50
109,$4011_dac,2
109,$4011_dac,2
109,$4011_dac,2
109,$4011_dac,46
109,$4011_dac,62
109,$4011_dac,62
109,$4011_dac,62
109,$4011_dac,46
109,$4011_dac,50
109,$4011_dac,62
109,$4011_dac,62
109,$4011_dac,62
109,$4011_dac,50
109,$4011_dac,2
109,$4011_dac,2
109,$4011_dac,2
109,$4011_dac,2
109,$4011_dac,62
109,$4011_dac,62
109,$4011_dac,62
109,$4011_dac,62
109,$4011_dac,2
109,$4011_dac,2
109,$4011_dac,2
109,$4011_dac,2
109,$4011_dac,62
109,$4011_dac,62
109,$4011_dac,62
109,$4011_dac,62
109,$4011_dac,42
109,$4011_dac,10
109,$4011_dac,46
109,$4011_dac,62
109,$4011_dac,62
109,$4011_dac,14
109,$4011_dac,2
109,$4011_dac,2
109,$4011_dac,2
109,$4011_dac,6
109,$4011_dac,62
109,$4011_dac,62
109,$4011_dac,62
109,$4011_dac,62
109,$4011_dac,42
109,$4011_dac,2
109,$4011_dac,2
109,$4011_dac,2
109,$4011_dac,62
109,$4011_dac,62
109,$4011_dac,62
109,$4011_dac,58
109,$4011_dac,10
109,$4011_dac,34
109,$4011_dac,62
109,$4011_dac,62
109,$4011_dac,62
109,$4011_dac,62
109,$4011_dac,2
109,$4011_dac,2
109,$4011_dac,2
109,$4011_dac,2
109,$4011_dac,62
109,$4011_dac,62
109,$4011_dac,62
109,$4011_dac,62
109,$4011_dac,2
109,$4011_dac,2
109,$4011_dac,2
109,$4011_dac,2
109,$4011_dac,62
109,$4011_dac,62
109,$4011_dac,62
109,$4011_dac,62
109,$4011_dac,42
109,$4011_dac,14
109,$4011_dac,42
109,$4011_dac,62
109,$4011_dac,62
109,$4011_dac,34
109,$4011_dac,2
109,$4011_dac,2
109,$4011_dac,2
109,$4011_dac,2
109,$4011_dac,62
109,$4011_dac,62
109,$4011_dac,62
109,$4011_dac,62
109,$4011_dac,62
109,$4011_dac,2
109,$4011_dac,2
109,$4011_dac,2
109,$4011_dac,62
109,$4011_dac,62
109,$4011_dac,62
109,$4011_dac,62
109,$4011_dac,2
109,$4011_dac,26
109,$4011_dac,62
109,$4011_dac,62
109,$4011_dac,62
109,$4011_dac,62
109,$4011_dac,2
109,$4011_dac,2
109,$4011_dac,2
109,$4011_dac,2
109,$4011_dac,62
109,$4011_dac,62
109,$4011_dac,62
109,$4011_dac,62
109,$4011_dac,58
109,$4011_dac,2
109,$4011_dac,2
109,$4011_dac,2
109,$4011_dac,62
109,$4011_dac,62
109,$4011_dac,62
109,$4011_dac,62
109,$4011_dac,62
109,$4011_dac,18
109,$4011_dac,22
109,$4011_dac,62
109,$4011_dac,62
109,$4011_dac,62
109,$4011_dac,2
109,$4011_dac,2
109,$4011_dac,2
109,$4011_dac,2
109,$4011_dac,6
109,$4011_dac,62
109,$4011_dac,62
109,$4011_dac,62
109,$4011_dac,62
109,$4011_dac,58
109,$4011_dac,2
109,$4011_dac,2
109,$4011_dac,2
109,$4011_dac,62
109,$4011_dac,62
109,$4011_dac,62
109,$4011_dac,58
109,$4011_dac,2
109,$4011_dac,30
109,$4011_dac,62
109,$4011_dac,62
109,$4011_dac,62
109,$4011_dac,62
109,$4011_dac,2
109,$4011_dac,2
109,$4011_dac,2
109,$4011_dac,2
109,$4011_dac,62
109,$4011_dac,62
109,$4011_dac,62
109,$4011_dac,62
109,$4011_dac,50
109,$4011_dac,2
109,$4011_dac,2
109,$4011_dac,2
109,$4011_dac,62
109,$4011_dac,62
109,$4011_dac,62
109,$4011_dac,62
109,$4011_dac,62
109,$4011_dac,22
109,$4011_dac,30
109,$4011_dac,62
109,$4011_dac,62
109,$4011_dac,62
109,$4011_dac,62
109,$4011_dac,2
109,$4011_dac,2
109,$4011_dac,2
109,$4011_dac,2
109,$4011_dac,62
109,$4011_dac,62
109,$4011_dac,62
109,$4011_dac,62
109,$4011_dac,62
109,$4011_dac,2
109,$4011_dac,2
109,$4011_dac,2
109,$4011_dac,62
109,$4011_dac,62
109,$4011_dac,62
109,$4011_dac,62
109,$4011_dac,2
109,$4011_dac,2
109,$4011_dac,62
109,$4011_dac,62
109,$4011_dac,62
109,$4011_dac,62
109,$4011_dac,34
109,$4011_dac,2
109,$4011_dac,2
109,$4011_dac,2
109,$4011_dac,2
109,$4011_dac,62
109,$4011_dac,62
109,$4011_dac,62
109,$4011_dac,62
109,$4011_dac,2
109,$4011_dac,2
109,$4011_dac,2
109,$4011_dac,2
109,$4011_dac,62
109,$4011_dac,62
109,$4011_dac,62
109,$4011_dac,62
109,$4011_dac,50
109,$4011_dac,30
109,$4011_dac,30
109,$4011_dac,62
109,$4011_dac,62
109,$4011_dac,62
109,$4011_dac,50
109,$4011_dac,2
109,$4011_dac,2
109,$4011_dac,2
109,$4011_dac,2
109,$4011_dac,62
109,$4011_dac,62
109,$4011_dac,62
109,$4011_dac,62
109,$4011_dac,50
109,$4011_dac,2
109,$4011_dac,2
109,$4011_dac,2
110,$4011_dac,62
110,$4011_dac,62
110,$4011_dac,62
110,$4011_dac,62
110,$4011_dac,2
110,$4011_dac,2
110,$4011_dac,62
110,$4011_dac,62
110,$4011_dac,62
110,$4011_dac,62
110,$4011_dac,18
110,$4011_dac,2
110,$4011_dac,2
110,$4011_dac,2
110,$4011_dac,14
110,$4011_dac,62
110,$4011_dac,62
110,$4011_dac,62
110,$4011_dac,62
110,$4011_dac,2
110,$4011_dac,2
110,$4011_dac,2
110,$4011_dac,2
110,$4011_dac,62
110,$4011_dac,62
110,$4011_dac,62
110,$4011_dac,62
110,$4011_dac,54
110,$4011_dac,38
110,$4011_dac,30
110,$4011_dac,62
110,$4011_dac,62
110,$4011_dac,62
110,$4011_dac,62
110,$4011_dac,2
110,$4011_dac,2
110,$4011_dac,2
110,$4011_dac,2
110,$4011_dac,46
110,$4011_dac,62
110,$4011_dac,62
110,$4011_dac,62
110,$4011_dac,62
110,$4011_dac,2
110,$4011_dac,2
110,$4011_dac,2
110,$4011_dac,14
110,$4011_dac,62
110,$4011_dac,62
110,$4011_dac,62
110,$4011_dac,2
110,$4011_dac,2
110,$4011_dac,62
110,$4011_dac,62
110,$4011_dac,62
110,$4011_dac,62
110,$4011_dac,62
110,$4011_dac,2
110,$4011_dac,2
110,$4011_dac,2
110,$4011_dac,2
110,$4011_dac,62
110,$4011_dac,62
110,$4011_dac,62
110,$4011_dac,62
110,$4011_dac,50
110,$4011_dac,2
110,$4011_dac,2
110,$4011_dac,2
110,$4011_dac,30
110,$4011_dac,62
110,$4011_dac,62
110,$4011_dac,62
110,$4011_dac,62
110,$4011_dac,58
110,$4011_dac,38
110,$4011_dac,38
110,$4011_dac,62
110,$4011_dac,62
110,$4011_dac,62
110,$4011_dac,62
110,$4011_dac,2
110,$4011_dac,2
110,$4011_dac,2
110,$4011_dac,2
110,$4011_dac,62
110,$4011_dac,62
110,$4011_dac,62
110,$4011_dac,62
110,$4011_dac,50
110,$4011_dac,2
110,$4011_dac,2
110,$4011_dac,2
110,$4011_dac,30
110,$4011_dac,62
110,$4011_dac,58
110,$4011_dac,58
110,$4011_dac,2
110,$4011_dac,2
110,$4011_dac,62
110,$4011_dac,62
110,$4011_dac,62
110,$4011_dac,62
110,$4011_dac,34
110,$4011_dac,2
110,$4011_dac,2
110,$4011_dac,2
110,$4011_dac,2
110,$4011_dac,62
110,$4011_dac,62
110,$4011_dac,62
110,$4011_dac,62
110,$4011_dac,34
110,$4011_dac,2
110,$4011_dac,2
110,$4011_dac,2
110,$4011_dac,30
110,$4011_dac,62
110,$4011_dac,62
110,$4011_dac,62
110,$4011_dac,62
110,$4011_dac,62
110,$4011_dac,34
110,$4011_dac,34
110,$4011_dac,54
110,$4011_dac,62
110,$4011_dac,62
110,$4011_dac,62
110,$4011_dac,2
110,$4011_dac,2
110,$4011_dac,2
110,$4011_dac,2
110,$4011_dac,30
110,$4011_dac,62
110,$4011_dac,62
110,$4011_dac,62
110,$4011_dac,58
110,$4011_dac,2
110,$4011_dac,2
110,$4011_dac,2
110,$4011_dac,6
110,$4011_dac,62
110,$4011_dac,58
110,$4011_dac,58
110,$4011_dac,2
110,$4011_dac,2
110,$4011_dac,54
110,$4011_dac,62
110,$4011_dac,62
110,$4011_dac,62
110,$4011_dac,62
110,$4011_dac,2
110,$4011_dac,2
110,$4011_dac,2
110,$4011_dac,2
110,$4011_dac,62
110,$4011_dac,62
110,$4011_dac,62
110,$4011_dac,62
110,$4011_dac,50
110,$4011_dac,6
110,$4011_dac,2
110,$4011_dac,2
110,$4011_dac,14
110,$4011_dac,62
110,$4011_dac,62
110,$4011_dac,62
110,$4011_dac,62
110,$4011_dac,62
110,$4011_dac,42
110,$4011_dac,26
110,$4011_dac,30
110,$4011_dac,62
110,$4011_dac,62
110,$4011_dac,62
110,$4011_dac,50
110,$4011_dac,2
110,$4011_dac,2
110,$4011_dac,2
110,$4011_dac,2
110,$4011_dac,62
110,$4011_dac,62
110,$4011_dac,62
110,$4011_dac,62
110,$4011_dac,22
110,$4011_dac,2
110,$4011_dac,2
110,$4011_dac,2
110,$4011_dac,62
110,$4011_dac,62
110,$4011_dac,50
110,$4011_dac,50
110,$4011_dac,2
110,$4011_dac,2
110,$4011_dac,62
110,$4011_dac,62
110,$4011_dac,62
110,$4011_dac,62
110,$4011_dac,34
110,$4011_dac,2
110,$4011_dac,2
110,$4011_dac,2
110,$4011_dac,6
110,$4011_dac,62
110,$4011_dac,62
110,$4011_dac,62
110,$4011_dac,62
110,$4011_dac,22
110,$4011_dac,2
110,$4011_dac,2
110,$4011_dac,2
110,$4011_dac,46
110,$4011_dac,62
110,$4011_dac,62
110,$4011_dac,62
110,$4011_dac,62
110,$4011_dac,54
110,$4011_dac,34
110,$4011_dac,30
110,$4011_dac,46
110,$4011_dac,62
110,$4011_dac,62
110,$4011_dac,62
110,$4011_dac,34
110,$4011_dac,2
110,$4011_dac,2
110,$4011_dac,2
110,$4011_dac,2
110,$4011_dac,62
110,$4011_dac,62
110,$4011_dac,62
110,$4011_dac,62
110,$4011_dac,18
110,$4011_dac,2
110,$4011_dac,2
110,$4011_dac,2
110,$4011_dac,54
110,$4011_dac,62
110,$4011_dac,34
110,$4011_dac,34
110,$4011_dac,2
110,$4011_dac,2
110,$4011_dac,62
110,$4011_dac,62
110,$4011_dac,62
110,$4011_dac,62
110,$4011_dac,34
110,$4011_dac,2
110,$4011_dac,2
110,$4011_dac,2
110,$4011_dac,6
110,$4011_dac,62
110,$4011_dac,62
110,$4011_dac,62
110,$4011_dac,62
110,$4011_dac,26
110,$4011_dac,2
110,$4011_dac,2
110,$4011_dac,2
110,$4011_dac,46
110,$4011_dac,58
110,$4011_dac,62
110,$4011_dac,62
110,$4011_dac,58
110,$4011_dac,58
110,$4011_dac,46
110,$4011_dac,30
110,$4011_dac,46
110,$4011_dac,62
110,$4011_dac,62
110,$4011_dac,62
110,$4011_dac,62
110,$4011_dac,2
110,$4011_dac,2
110,$4011_dac,2
110,$4011_dac,2
110,$4011_dac,14
110,$4011_dac,62
110,$4011_dac,62
110,$4011_dac,62
110,$4011_dac,62
110,$4011_dac,18
110,$4011_dac,2
110,$4011_dac,2
110,$4011_dac,2
110,$4011_dac,62
110,$4011_dac,42
110,$4011_dac,54
110,$4011_dac,2
110,$4011_dac,2
110,$4011_dac,30
110,$4011_dac,62
110,$4011_dac,62
110,$4011_dac,62
110,$4011_dac,62
110,$4011_dac,2
110,$4011_dac,2
110,$4011_dac,2
110,$4011_dac,2
110,$4011_dac,46
110,$4011_dac,62
110,$4011_dac,62
110,$4011_dac,62
110,$4011_dac,42
110,$4011_dac,22
110,$4011_dac,2
110,$4011_dac,2
110,$4011_dac,22
110,$4011_dac,54
111,$4011_dac,54
111,$4011_dac,62
111,$4011_dac,62
111,$4011_dac,62
111,$4011_dac,54
111,$4011_dac,34
111,$4011_dac,26
111,$4011_dac,46
111,$4011_dac,62
111,$4011_dac,62
111,$4011_dac,62
111,$4011_dac,62
111,$4011_dac,2
111,$4011_dac,2
111,$4011_dac,2
111,$4011_dac,2
111,$4011_dac,14
111,$4011_dac,62
111,$4011_dac,62
111,$4011_dac,62
111,$4011_dac,62
111,$4011_dac,18
111,$4011_dac,2
111,$4011_dac,2
111,$4011_dac,2
111,$4011_dac,62
111,$4011_dac,42
111,$4011_dac,46
111,$4011_dac,2
111,$4011_dac,2
111,$4011_dac,30
111,$4011_dac,62
111,$4011_dac,62
111,$4011_dac,62
111,$4011_dac,62
111,$4011_dac,2
111,$4011_dac,2
111,$4011_dac,2
111,$4011_dac,2
111,$4011_dac,46
111,$4011_dac,62
111,$4011_dac,62
111,$4011_dac,62
111,$4011_dac,50
111,$4011_dac,26
111,$4011_dac,2
111,$4011_dac,2
111,$4011_dac,14
111,$4011_dac,50
111,$4011_dac,42
111,$4011_dac,62
111,$4011_dac,62
111,$4011_dac,62
111,$4011_dac,54
111,$4011_dac,38
111,$4011_dac,18
111,$4011_dac,38
111,$4011_dac,46
111,$4011_dac,62
111,$4011_dac,62
111,$4011_dac,62
111,$4011_dac,58
111,$4011_dac,2
111,$4011_dac,2
111,$4011_dac,2
111,$4011_dac,2
111,$4011_dac,62
111,$4011_dac,62
111,$4011_dac,62
111,$4011_dac,62
111,$4011_dac,42
111,$4011_dac,2
111,$4011_dac,2
111,$4011_dac,2
111,$4011_dac,30
111,$4011_dac,62
111,$4011_dac,26
111,$4011_dac,34
111,$4011_dac,2
111,$4011_dac,2
111,$4011_dac,54
111,$4011_dac,62
111,$4011_dac,62
111,$4011_dac,62
111,$4011_dac,50
111,$4011_dac,2
111,$4011_dac,2
111,$4011_dac,2
111,$4011_dac,2
111,$4011_dac,62
111,$4011_dac,62
111,$4011_dac,62
111,$4011_dac,62
111,$4011_dac,34
111,$4011_dac,10
111,$4011_dac,2
111,$4011_dac,2
111,$4011_dac,38
111,$4011_dac,46
111,$4011_dac,54
111,$4011_dac,62
111,$4011_dac,54
111,$4011_dac,58
111,$4011_dac,50
111,$4011_dac,34
111,$4011_dac,30
111,$4011_dac,34
111,$4011_dac,54
111,$4011_dac,62
111,$4011_dac,62
111,$4011_dac,62
111,$4011_dac,62
111,$4011_dac,2
111,$4011_dac,2
111,$4011_dac,2
111,$4011_dac,2
111,$4011_dac,54
111,$4011_dac,62
111,$4011_dac,62
111,$4011_dac,62
111,$4011_dac,50
111,$4011_dac,10
111,$4011_dac,2
111,$4011_dac,2
111,$4011_dac,14
111,$4011_dac,62
111,$4011_dac,18
111,$4011_dac,26
111,$4011_dac,2
111,$4011_dac,2
111,$4011_dac,46
111,$4011_dac,62
111,$4011_dac,62
111,$4011_dac,62
111,$4011_dac,62
111,$4011_dac,2
111,$4011_dac,2
111,$4011_dac,2
111,$4011_dac,2
111,$4011_dac,62
111,$4011_dac,62
111,$4011_dac,62
111,$4011_dac,62
111,$4011_dac,34
111,$4011_dac,10
111,$4011_dac,2
111,$4011_dac,6
111,$4011_dac,30
111,$4011_dac,50
111,$4011_dac,46
111,$4011_dac,62
111,$4011_dac,50
111,$4011_dac,54
111,$4011_dac,58
111,$4011_dac,38
111,$4011_dac,30
111,$4011_dac,34
111,$4011_dac,38
111,$4011_dac,62
111,$4011_dac,62
111,$4011_dac,62
111,$4011_dac,62
111,$4011_dac,34
111,$4011_dac,2
111,$4011_dac,2
111,$4011_dac,2
111,$4011_dac,2
111,$4011_dac,62
111,$4011_dac,62
111,$4011_dac,62
111,$4011_dac,62
111,$4011_dac,22
111,$4011_dac,2
111,$4011_dac,2
111,$4011_dac,2
111,$4011_dac,54
111,$4011_dac,58
111,$4011_dac,6
111,$4011_dac,10
111,$4011_dac,2
111,$4011_dac,6
111,$4011_dac,62
111,$4011_dac,62
111,$4011_dac,62
111,$4011_dac,62
111,$4011_dac,18
111,$4011_dac,2
111,$4011_dac,2
111,$4011_dac,2
111,$4011_dac,14
111,$4011_dac,62
111,$4011_dac,62
111,$4011_dac,62
111,$4011_dac,58
111,$4011_dac,26
111,$4011_dac,6
111,$4011_dac,10
111,$4011_dac,14
111,$4011_dac,46
111,$4011_dac,34
111,$4011_dac,46
111,$4011_dac,50
111,$4011_dac,50
111,$4011_dac,58
111,$4011_dac,58
111,$4011_dac,26
111,$4011_dac,30
111,$4011_dac,18
111,$4011_dac,46
111,$4011_dac,62
111,$4011_dac,62
111,$4011_dac,62
111,$4011_dac,62
111,$4011_dac,50
111,$4011_dac,2
111,$4011_dac,2
111,$4011_dac,2
111,$4011_dac,2
111,$4011_dac,62
111,$4011_dac,62
111,$4011_dac,62
111,$4011_dac,62
111,$4011_dac,34
111,$4011_dac,18
111,$4011_dac,2
111,$4011_dac,2
111,$4011_dac,30
111,$4011_dac,62
111,$4011_dac,2
111,$4011_dac,26
111,$4011_dac,2
111,$4011_dac,2
111,$4011_dac,62
111,$4011_dac,62
111,$4011_dac,62
111,$4011_dac,62
111,$4011_dac,34
111,$4011_dac,2
111,$4011_dac,2
111,$4011_dac,2
111,$4011_dac,2
111,$4011_dac,62
111,$4011_dac,62
111,$4011_dac,62
111,$4011_dac,62
111,$4011_dac,26
111,$4011_dac,14
111,$4011_dac,14
111,$4011_dac,10
111,$4011_dac,42
111,$4011_dac,34
111,$4011_dac,38
111,$4011_dac,50
111,$4011_dac,46
111,$4011_dac,58
111,$4011_dac,62
111,$4011_dac,34
111,$4011_dac,30
111,$4011_dac,18
111,$4011_dac,26
111,$4011_dac,62
111,$4011_dac,62
111,$4011_dac,62
111,$4011_dac,62
111,$4011_dac,62
111,$4011_dac,34
111,$4011_dac,2
111,$4011_dac,2
111,$4011_dac,2
111,$4011_dac,2
111,$4011_dac,62
111,$4011_dac,62
111,$4011_dac,62
111,$4011_dac,62
111,$4011_dac,34
111,$4011_dac,26
111,$4011_dac,2
111,$4011_dac,2
111,$4011_dac,30
111,$4011_dac,50
111,$4011_dac,2
111,$4011_dac,10
111,$4011_dac,2
111,$4011_dac,6
111,$4011_dac,62
111,$4011_dac,62
111,$4011_dac,62
111,$4011_dac,62
111,$4011_dac,34
111,$4011_dac,2
111,$4011_dac,2
111,$4011_dac,2
111,$4011_dac,6
111,$4011_dac,62
111,$4011_dac,62
111,$4011_dac,62
111,$4011_dac,58
111,$4011_dac,34
111,$4011_dac,18
111,$4011_dac,18
111,$4011_dac,10
111,$4011_dac,38
111,$4011_dac,26
111,$4011_dac,38
111,$4011_dac,42
111,$4011_dac,50
111,$4011_dac,58
111,$4011_dac,58
112,$4011_dac,34
112,$4011_dac,26
112,$4011_dac,6
112,$4011_dac,30
112,$4011_dac,58
112,$4011_dac,62
112,$4011_dac,62
112,$4011_dac,62
112,$4011_dac,62
112,$4011_dac,62
112,$4011_dac,2
112,$4011_dac,2
112,$4011_dac,2
112,$4011_dac,2
112,$4011_dac,6
112,$4011_dac,62
112,$4011_dac,62
112,$4011_dac,62
112,$4011_dac,62
112,$4011_dac,42
112,$4011_dac,18
112,$4011_dac,6
112,$4011_dac,2
112,$4011_dac,46
112,$4011_dac,10
112,$4011_dac,6
112,$4011_dac,10
112,$4011_dac,2
112,$4011_dac,30
112,$4011_dac,62
112,$4011_dac,62
112,$4011_dac,62
112,$4011_dac,62
112,$4011_dac,2
112,$4011_dac,2
112,$4011_dac,2
112,$4011_dac,2
112,$4011_dac,14
112,$4011_dac,62
112,$4011_dac,62
112,$4011_dac,62
112,$4011_dac,58
112,$4011_dac,42
112,$4011_dac,22
112,$4011_dac,14
112,$4011_dac,6
112,$4011_dac,34
112,$4011_dac,18
112,$4011_dac,46
112,$4011_dac,46
112,$4011_dac,50
112,$4011_dac,58
112,$4011_dac,46
112,$4011_dac,18
112,$4011_dac,18
112,$4011_dac,10
112,$4011_dac,30
112,$4011_dac,62
112,$4011_dac,62
112,$4011_dac,62
112,$4011_dac,62
112,$4011_dac,62
112,$4011_dac,62
112,$4011_dac,50
112,$4011_dac,2
112,$4011_dac,2
112,$4011_dac,2
112,$4011_dac,2
112,$4011_dac,38
112,$4011_dac,62
112,$4011_dac,62
112,$4011_dac,62
112,$4011_dac,58
112,$4011_dac,42
112,$4011_dac,2
112,$4011_dac,2
112,$4011_dac,2
112,$4011_dac,50
112,$4011_dac,2
112,$4011_dac,42
112,$4011_dac,2
112,$4011_dac,10
112,$4011_dac,62
112,$4011_dac,62
112,$4011_dac,62
112,$4011_dac,62
112,$4011_dac,42
112,$4011_dac,2
112,$4011_dac,2
112,$4011_dac,2
112,$4011_dac,2
112,$4011_dac,46
112,$4011_dac,62
112,$4011_dac,62
112,$4011_dac,62
112,$4011_dac,54
112,$4011_dac,34
112,$4011_dac,18
112,$4011_dac,2
112,$4011_dac,30
112,$4011_dac,22
112,$4011_dac,38
112,$4011_dac,50
112,$4011_dac,50
112,$4011_dac,46
112,$4011_dac,54
112,$4011_dac,26
112,$4011_dac,26
112,$4011_dac,10
112,$4011_dac,18
112,$4011_dac,46
112,$4011_dac,62
112,$4011_dac,62
112,$4011_dac,62
112,$4011_dac,58
112,$4011_dac,54
112,$4011_dac,62
112,$4011_dac,62
112,$4011_dac,2
112,$4011_dac,2
112,$4011_dac,2
112,$4011_dac,2
112,$4011_dac,2
112,$4011_dac,62
112,$4011_dac,62
112,$4011_dac,62
112,$4011_dac,62
112,$4011_dac,62
112,$4011_dac,2
112,$4011_dac,2
112,$4011_dac,2
112,$4011_dac,30
112,$4011_dac,10
112,$4011_dac,30
112,$4011_dac,34
112,$4011_dac,6
112,$4011_dac,26
112,$4011_dac,62
112,$4011_dac,62
112,$4011_dac,62
112,$4011_dac,62
112,$4011_dac,22
112,$4011_dac,2
112,$4011_dac,2
112,$4011_dac,2
112,$4011_dac,6
112,$4011_dac,50
112,$4011_dac,62
112,$4011_dac,62
112,$4011_dac,62
112,$4011_dac,42
112,$4011_dac,18
112,$4011_dac,2
112,$4011_dac,6
112,$4011_dac,30
112,$4011_dac,30
112,$4011_dac,54
112,$4011_dac,50
112,$4011_dac,38
112,$4011_dac,50
112,$4011_dac,34
112,$4011_dac,30
112,$4011_dac,26
112,$4011_dac,18
112,$4011_dac,22
112,$4011_dac,50
112,$4011_dac,54
112,$4011_dac,62
112,$4011_dac,62
112,$4011_dac,54
112,$4011_dac,50
112,$4011_dac,54
112,$4011_dac,62
112,$4011_dac,62
112,$4011_dac,2
112,$4011_dac,2
112,$4011_dac,2
112,$4011_dac,2
112,$4011_dac,6
112,$4011_dac,62
112,$4011_dac,62
112,$4011_dac,62
112,$4011_dac,62
112,$4011_dac,42
112,$4011_dac,2
112,$4011_dac,2
112,$4011_dac,2
112,$4011_dac,58
112,$4011_dac,18
112,$4011_dac,62
112,$4011_dac,26
112,$4011_dac,2
112,$4011_dac,30
112,$4011_dac,62
112,$4011_dac,62
112,$4011_dac,62
112,$4011_dac,62
112,$4011_dac,10
112,$4011_dac,2
112,$4011_dac,2
112,$4011_dac,2
112,$4011_dac,30
112,$4011_dac,62
112,$4011_dac,62
112,$4011_dac,62
112,$4011_dac,62
112,$4011_dac,26
112,$4011_dac,6
112,$4011_dac,2
112,$4011_dac,22
112,$4011_dac,38
112,$4011_dac,46
112,$4011_dac,58
112,$4011_dac,50
112,$4011_dac,34
112,$4011_dac,46
112,$4011_dac,34
112,$4011_dac,34
112,$4011_dac,30
112,$4011_dac,18
112,$4011_dac,22
112,$4011_dac,46
112,$4011_dac,50
112,$4011_dac,62
112,$4011_dac,62
112,$4011_dac,50
112,$4011_dac,46
112,$4011_dac,42
112,$4011_dac,62
112,$4011_dac,62
112,$4011_dac,62
112,$4011_dac,2
112,$4011_dac,2
112,$4011_dac,2
112,$4011_dac,2
112,$4011_dac,30
112,$4011_dac,62
112,$4011_dac,62
112,$4011_dac,62
112,$4011_dac,62
112,$4011_dac,34
112,$4011_dac,2
112,$4011_dac,2
112,$4011_dac,2
112,$4011_dac,58
112,$4011_dac,38
112,$4011_dac,58
112,$4011_dac,10
112,$4011_dac,2
112,$4011_dac,30
112,$4011_dac,54
112,$4011_dac,62
112,$4011_dac,62
112,$4011_dac,62
112,$4011_dac,10
112,$4011_dac,2
112,$4011_dac,2
112,$4011_dac,2
112,$4011_dac,38
112,$4011_dac,62
112,$4011_dac,62
112,$4011_dac,62
112,$4011_dac,50
112,$4011_dac,22
112,$4011_dac,2
112,$4011_dac,2
112,$4011_dac,34
112,$4011_dac,42
112,$4011_dac,42
112,$4011_dac,46
112,$4011_dac,26
112,$4011_dac,38
112,$4011_dac,42
112,$4011_dac,38
112,$4011_dac,42
112,$4011_dac,26
112,$4011_dac,6
112,$4011_dac,22
112,$4011_dac,34
112,$4011_dac,54
112,$4011_dac,62
112,$4011_dac,62
112,$4011_dac,46
112,$4011_dac,38
112,$4011_dac,26
112,$4011_dac,54
112,$4011_dac,62
112,$4011_dac,62
112,$4011_dac,34
112,$4011_dac,2
112,$4011_dac,2
112,$4011_dac,2
112,$4011_dac,2
112,$4011_dac,46
112,$4011_dac,62
112,$4011_dac,62
112,$4011_dac,62
112,$4011_dac,62
112,$4011_dac,2
112,$4011_dac,2
112,$4011_dac,2
112,$4011_dac,46
112,$4011_dac,54
112,$4011_dac,54
112,$4011_dac,38
112,$4011_dac,2
112,$4011_dac,2
112,$4011_dac,30
113,$4011_dac,62
113,$4011_dac,62
113,$4011_dac,62
113,$4011_dac,62
113,$4011_dac,2
113,$4011_dac,2
113,$4011_dac,2
113,$4011_dac,2
113,$4011_dac,46
113,$4011_dac,62
113,$4011_dac,62
113,$4011_dac,62
113,$4011_dac,34
113,$4011_dac,10
113,$4011_dac,2
113,$4011_dac,14
113,$4011_dac,42
113,$4011_dac,46
113,$4011_dac,42
113,$4011_dac,34
113,$4011_dac,18
113,$4011_dac,34
113,$4011_dac,42
113,$4011_dac,46
113,$4011_dac,42
113,$4011_dac,26
113,$4011_dac,10
113,$4011_dac,18
113,$4011_dac,30
113,$4011_dac,54
113,$4011_dac,62
113,$4011_dac,54
113,$4011_dac,42
113,$4011_dac,26
113,$4011_dac,26
113,$4011_dac,46
113,$4011_dac,62
113,$4011_dac,62
113,$4011_dac,62
113,$4011_dac,2
113,$4011_dac,2
113,$4011_dac,2
113,$4011_dac,2
113,$4011_dac,2
113,$4011_dac,62
113,$4011_dac,62
113,$4011_dac,62
113,$4011_dac,62
113,$4011_dac,22
113,$4011_dac,2
113,$4011_dac,2
113,$4011_dac,2
113,$4011_dac,62
113,$4011_dac,58
113,$4011_dac,42
113,$4011_dac,18
113,$4011_dac,2
113,$4011_dac,2
113,$4011_dac,50
113,$4011_dac,62
113,$4011_dac,62
113,$4011_dac,62
113,$4011_dac,34
113,$4011_dac,2
113,$4011_dac,2
113,$4011_dac,2
113,$4011_dac,22
113,$4011_dac,62
113,$4011_dac,62
113,$4011_dac,62
113,$4011_dac,50
113,$4011_dac,10
113,$4011_dac,6
113,$4011_dac,10
113,$4011_dac,30
113,$4011_dac,54
113,$4011_dac,42
113,$4011_dac,38
113,$4011_dac,22
113,$4011_dac,14
113,$4011_dac,34
113,$4011_dac,46
113,$4011_dac,46
113,$4011_dac,42
113,$4011_dac,18
113,$4011_dac,6
113,$4011_dac,22
113,$4011_dac,38
113,$4011_dac,58
113,$4011_dac,62
113,$4011_dac,46
113,$4011_dac,34
113,$4011_dac,22
113,$4011_dac,22
113,$4011_dac,54
113,$4011_dac,62
113,$4011_dac,62
113,$4011_dac,62
113,$4011_dac,58
113,$4011_dac,2
113,$4011_dac,2
113,$4011_dac,2
113,$4011_dac,2
113,$4011_dac,46
113,$4011_dac,62
113,$4011_dac,62
113,$4011_dac,62
113,$4011_dac,58
113,$4011_dac,2
113,$4011_dac,2
113,$4011_dac,2
113,$4011_dac,30
113,$4011_dac,62
113,$4011_dac,38
113,$4011_dac,18
113,$4011_dac,2
113,$4011_dac,2
113,$4011_dac,22
113,$4011_dac,62
113,$4011_dac,62
113,$4011_dac,62
113,$4011_dac,62
113,$4011_dac,2
113,$4011_dac,2
113,$4011_dac,2
113,$4011_dac,2
113,$4011_dac,46
113,$4011_dac,62
113,$4011_dac,62
113,$4011_dac,58
113,$4011_dac,22
113,$4011_dac,10
113,$4011_dac,14
113,$4011_dac,26
113,$4011_dac,46
113,$4011_dac,50
113,$4011_dac,34
113,$4011_dac,26
113,$4011_dac,18
113,$4011_dac,22
113,$4011_dac,42
113,$4011_dac,46
113,$4011_dac,42
113,$4011_dac,34
113,$4011_dac,10
113,$4011_dac,14
113,$4011_dac,30
113,$4011_dac,42
113,$4011_dac,58
113,$4011_dac,50
113,$4011_dac,34
113,$4011_dac,26
113,$4011_dac,22
113,$4011_dac,30
113,$4011_dac,58
113,$4011_dac,62
113,$4011_dac,62
113,$4011_dac,62
113,$4011_dac,58
113,$4011_dac,18
113,$4011_dac,2
113,$4011_dac,2
113,$4011_dac,2
113,$4011_dac,2
113,$4011_dac,46
113,$4011_dac,62
113,$4011_dac,62
113,$4011_dac,62
113,$4011_dac,50
113,$4011_dac,18
113,$4011_dac,10
113,$4011_dac,6
113,$4011_dac,26
113,$4011_dac,42
113,$4011_dac,26
113,$4011_dac,14
113,$4011_dac,2
113,$4011_dac,2
113,$4011_dac,30
113,$4011_dac,62
113,$4011_dac,62
113,$4011_dac,62
113,$4011_dac,34
113,$4011_dac,2
113,$4011_dac,2
113,$4011_dac,2
113,$4011_dac,14
113,$4011_dac,46
113,$4011_dac,54
113,$4011_dac,54
113,$4011_dac,42
113,$4011_dac,26
113,$4011_dac,22
113,$4011_dac,26
113,$4011_dac,30
113,$4011_dac,42
113,$4011_dac,38
113,$4011_dac,26
113,$4011_dac,22
113,$4011_dac,22
113,$4011_dac,30
113,$4011_dac,42
113,$4011_dac,38
113,$4011_dac,30
113,$4011_dac,22
113,$4011_dac,14
113,$4011_dac,22
113,$4011_dac,38
113,$4011_dac,46
113,$4011_dac,50
113,$4011_dac,42
113,$4011_dac,26
113,$4011_dac,26
113,$4011_dac,26
113,$4011_dac,38
113,$4011_dac,50
113,$4011_dac,58
113,$4011_dac,54
113,$4011_dac,54
113,$4011_dac,50
113,$4011_dac,42
113,$4011_dac,10
113,$4011_dac,2
113,$4011_dac,2
113,$4011_dac,2
113,$4011_dac,2
113,$4011_dac,46
113,$4011_dac,62
113,$4011_dac,62
113,$4011_dac,62
113,$4011_dac,42
113,$4011_dac,18
113,$4011_dac,2
113,$4011_dac,10
113,$4011_dac,26
113,$4011_dac,46
113,$4011_dac,42
113,$4011_dac,26
113,$4011_dac,10
113,$4011_dac,6
113,$4011_dac,30
113,$4011_dac,50
113,$4011_dac,62
113,$4011_dac,58
113,$4011_dac,34
113,$4011_dac,6
113,$4011_dac,2
113,$4011_dac,2
113,$4011_dac,18
113,$4011_dac,46
113,$4011_dac,58
113,$4011_dac,54
113,$4011_dac,46
113,$4011_dac,22
113,$4011_dac,18
113,$4011_dac,18
113,$4011_dac,26
113,$4011_dac,34
113,$4011_dac,38
113,$4011_dac,34
113,$4011_dac,30
113,$4011_dac,26
113,$4011_dac,30
113,$4011_dac,34
113,$4011_dac,30
113,$4011_dac,26
113,$4011_dac,18
113,$4011_dac,22
113,$4011_dac,30
113,$4011_dac,42
113,$4011_dac,46
113,$4011_dac,38
113,$4011_dac,26
113,$4011_dac,22
113,$4011_dac,26
113,$4011_dac,34
113,$4011_dac,46
113,$4011_dac,50
113,$4011_dac,50
113,$4011_dac,46
113,$4011_dac,42
113,$4011_dac,42
113,$4011_dac,18
113,$4011_dac,14
113,$4011_dac,2
113,$4011_dac,2
113,$4011_dac,2
113,$4011_dac,2
113,$4011_dac,38
113,$4011_dac,62
113,$4011_dac,62
113,$4011_dac,62
113,$4011_dac,38
113,$4011_dac,18
113,$4011_dac,10
113,$4011_dac,22
113,$4011_dac,26
113,$4011_dac,46
113,$4011_dac,46
113,$4011_dac,26
113,$4011_dac,22
113,$4011_dac,6
113,$4011_dac,22
113,$4011_dac,38
113,$4011_dac,50
113,$4011_dac,42
113,$4011_dac,26
113,$4011_dac,6
113,$4011_dac,6
114,$4011_dac,18
114,$4011_dac,30
114,$4011_dac,54
114,$4011_dac,58
114,$4011_dac,42
114,$4011_dac,26
114,$4011_dac,14
114,$4011_dac,6
114,$4011_dac,30
114,$4011_dac,38
114,$4011_dac,46
114,$4011_dac,46
114,$4011_dac,34
114,$4011_dac,18
114,$4011_dac,26
114,$4011_dac,22
114,$4011_dac,30
114,$4011_dac,38
114,$4011_dac,26
114,$4011_dac,22
114,$4011_dac,26
114,$4011_dac,30
114,$4011_dac,38
114,$4011_dac,46
114,$4011_dac,34
114,$4011_dac,30
114,$4011_dac,18
114,$4011_dac,22
114,$4011_dac,38
114,$4011_dac,42
114,$4011_dac,50
114,$4011_dac,42
114,$4011_dac,34
114,$4011_dac,26
114,$4011_dac,26
114,$4011_dac,42
114,$4011_dac,42
114,$4011_dac,14
114,$4011_dac,6
114,$4011_dac,2
114,$4011_dac,2
114,$4011_dac,26
114,$4011_dac,34
114,$4011_dac,62
114,$4011_dac,62
114,$4011_dac,58
114,$4011_dac,42
114,$4011_dac,14
114,$4011_dac,6
114,$4011_dac,22
114,$4011_dac,42
114,$4011_dac,46
114,$4011_dac,58
114,$4011_dac,50
114,$4011_dac,18
114,$4011_dac,18
114,$4011_dac,10
114,$4011_dac,22
114,$4011_dac,46
114,$4011_dac,46
114,$4011_dac,34
114,$4011_dac,34
114,$4011_dac,10
114,$4011_dac,14
114,$4011_dac,34
114,$4011_dac,34
114,$4011_dac,46
114,$4011_dac,46
114,$4011_dac,22
114,$4011_dac,22
114,$4011_dac,22
114,$4011_dac,22
114,$4011_dac,46
114,$4011_dac,50
114,$4011_dac,38
114,$4011_dac,34
114,$4011_dac,14
114,$4011_dac,10
114,$4011_dac,26
114,$4011_dac,34
114,$4011_dac,46
114,$4011_dac,50
114,$4011_dac,34
114,$4011_dac,22
114,$4011_dac,18
114,$4011_dac,18
114,$4011_dac,38
114,$4011_dac,46
114,$4011_dac,38
114,$4011_dac,42
114,$4011_dac,30
114,$4011_dac,22
114,$4011_dac,30
114,$4011_dac,30
114,$4011_dac,30
114,$4011_dac,34
114,$4011_dac,26
114,$4011_dac,22
114,$4011_dac,34
114,$4011_dac,34
114,$4011_dac,46
114,$4011_dac,34
114,$4011_dac,6
114,$4011_dac,6
114,$4011_dac,2
114,$4011_dac,6
114,$4011_dac,22
114,$4011_dac,46
114,$4011_dac,46
114,$4011_dac,50
114,$4011_dac,38
114,$4011_dac,10
114,$4011_dac,18
114,$4011_dac,10
114,$4011_dac,22
114,$4011_dac,38
114,$4011_dac,34
114,$4011_dac,30
114,$4011_dac,22
114,$4011_dac,14
114,$4011_dac,18
114,$4011_dac,30
114,$4011_dac,34
114,$4011_dac,38
114,$4011_dac,34
114,$4011_dac,18
114,$4011_dac,22
114,$4011_dac,26
114,$4011_dac,30
114,$4011_dac,42
114,$4011_dac,42
114,$4011_dac,34
114,$4011_dac,30
114,$4011_dac,26
114,$4011_dac,30
114,$4011_dac,42
114,$4011_dac,38
114,$4011_dac,38
114,$4011_dac,34
114,$4011_dac,26
114,$4011_dac,26
114,$4011_dac,30
114,$4011_dac,34
114,$4011_dac,42
114,$4011_dac,42
114,$4011_dac,30
114,$4011_dac,30
114,$4011_dac,26
114,$4011_dac,30
114,$4011_dac,38
114,$4011_dac,38
114,$4011_dac,34
114,$4011_dac,34
114,$4011_dac,26
114,$4011_dac,26
114,$4011_dac,38
114,$4011_dac,38
114,$4011_dac,38
114,$4011_dac,34
114,$4011_dac,18
114,$4011_dac,14
114,$4011_dac,22
114,$4011_dac,30
114,$4011_dac,38
114,$4011_dac,42
114,$4011_dac,42
114,$4011_dac,34
114,$4011_dac,22
114,$4011_dac,2
114,$4011_dac,14
114,$4011_dac,34
114,$4011_dac,38
114,$4011_dac,62
114,$4011_dac,46
114,$4011_dac,34
114,$4011_dac,26
114,$4011_dac,10
114,$4011_dac,22
114,$4011_dac,46
114,$4011_dac,42
114,$4011_dac,42
114,$4011_dac,38
114,$4011_dac,14
114,$4011_dac,22
114,$4011_dac,34
114,$4011_dac,38
114,$4011_dac,50
114,$4011_dac,50
114,$4011_dac,34
114,$4011_dac,30
114,$4011_dac,26
114,$4011_dac,22
114,$4011_dac,46
114,$4011_dac,50
114,$4011_dac,46
114,$4011_dac,46
114,$4011_dac,26
114,$4011_dac,18
114,$4011_dac,30
114,$4011_dac,34
114,$4011_dac,46
114,$4011_dac,54
114,$4011_dac,38
114,$4011_dac,38
114,$4011_dac,34
114,$4011_dac,30
114,$4011_dac,34
114,$4011_dac,42
114,$4011_dac,34
114,$4011_dac,42
114,$4011_dac,34
114,$4011_dac,30
114,$4011_dac,34
114,$4011_dac,38
114,$4011_dac,38
114,$4011_dac,38
114,$4011_dac,34
114,$4011_dac,14
114,$4011_dac,34
114,$4011_dac,30
114,$4011_dac,38
114,$4011_dac,42
114,$4011_dac,26
114,$4011_dac,26
114,$4011_dac,30
114,$4011_dac,26
114,$4011_dac,22
114,$4011_dac,38
114,$4011_dac,26
114,$4011_dac,38
114,$4011_dac,34
114,$4011_dac,26
114,$4011_dac,38
114,$4011_dac,26
114,$4011_dac,34
114,$4011_dac,34
114,$4011_dac,30
114,$4011_dac,26
114,$4011_dac,30
114,$4011_dac,26
114,$4011_dac,26
114,$4011_dac,34
114,$4011_dac,26
114,$4011_dac,34
114,$4011_dac,30
114,$4011_dac,26
114,$4011_dac,30
114,$4011_dac,30
114,$4011_dac,30
114,$4011_dac,30
114,$4011_dac,34
114,$4011_dac,26
114,$4011_dac,34
114,$4011_dac,62
114,$4011_dac,30
114,$4011_dac,62
130,$4010_rate,14
130,$4011_dac,128
130,$4012_addr,128
130,$4013_len,0
130,$4011_dac,30
130,$4011_dac,30
130,$4011_dac,30
130,$4011_dac,30
130,$4011_dac,22
130,$4011_dac,2
130,$4011_dac,62
130,$4011_dac,2
130,$4011_dac,62
130,$4011_dac,58
130,$4011_dac,62
130,$4011_dac,34
130,$4011_dac,30
130,$4011_dac,62
130,$4011_dac,2
130,$4011_dac,62
130,$4011_dac,62
130,$4011_dac,62
130,$4011_dac,10
130,$4011_dac,62
130,$4011_dac,50
130,$4011_dac,62
130,$4011_dac,50
130,$4011_dac,62
130,$4011_dac,62
130,$4011_dac,22
130,$4011_dac,62
130,$4011_dac,34
130,$4011_dac,62
130,$4011_dac,62
130,$4011_dac,54
130,$4011_dac,62
130,$4011_dac,58
130,$4011_dac,38
130,$4011_dac,62
130,$4011_dac,26
130,$4011_dac,62
130,$4011_dac,58
130,$4011_dac,42
130,$4011_dac,62
130,$4011_dac,38
130,$4011_dac,46
130,$4011_dac,62
130,$4011_dac,38
130,$4011_dac,50
130,$4011_dac,54
130,$4011_dac,50
130,$4011_dac,46
130,$4011_dac,46
130,$4011_dac,38
130,$4011_dac,38
130,$4011_dac,50
130,$4011_dac,18
130,$4011_dac,54
130,$4011_dac,26
130,$4011_dac,50
130,$4011_dac,22
130,$4011_dac,38
130,$4011_dac,30
130,$4011_dac,42
130,$4011_dac,30
130,$4011_dac,26
130,$4011_dac,38
130,$4011_dac,18
130,$4011_dac,42
130,$4011_dac,10
130,$4011_dac,54
130,$4011_dac,14
130,$4011_dac,34
130,$4011_dac,26
130,$4011_dac,22
130,$4011_dac,38
130,$4011_dac,22
130,$4011_dac,26
130,$4011_dac,18
130,$4011_dac,30
130,$4011_dac,10
130,$4011_dac,30
130,$4011_dac,18
130,$4011_dac,14
130,$4011_dac,26
130,$4011_dac,14
130,$4011_dac,18
130,$4011_dac,30
130,$4011_dac,18
130,$4011_dac,30
130,$4011_dac,18
130,$4011_dac,14
130,$4011_dac,26
130,$4011_dac,22
130,$4011_dac,18
130,$4011_dac,30
130,$4011_dac,14
130,$4011_dac,26
130,$4011_dac,30
130,$4011_dac,2
130,$4011_dac,30
130,$4011_dac,18
130,$4011_dac,26
130,$4011_dac,26
130,$4011_dac,26
130,$4011_dac,18
130,$4011_dac,14
130,$4011_dac,42
130,$4011_dac,2
130,$4011_dac,50
130,$4011_dac,22
130,$4011_dac,10
130,$4011_dac,58
130,$4011_dac,2
130,$4011_dac,62
130,$4011_dac,30
130,$4011_dac,22
130,$4011_dac,38
130,$4011_dac,34
130,$4011_dac,26
130,$4011_dac,34
130,$4011_dac,30
130,$4011_dac,6
130,$4011_dac,50
130,$4011_dac,2
130,$4011_dac,62
130,$4011_dac,6
130,$4011_dac,30
130,$4011_dac,34
130,$4011_dac,6
130,$4011_dac,46
130,$4011_dac,18
130,$4011_dac,18
130,$4011_dac,38
130,$4011_dac,22
130,$4011_dac,18
130,$4011_dac,30
130,$4011_dac,34
130,$4011_dac,6
130,$4011_dac,30
130,$4011_dac,42
130,$4011_dac,2
130,$4011_dac,42
130,$4011_dac,18
130,$4011_dac,34
130,$4011_dac,14
130,$4011_dac,34
130,$4011_dac,14
130,$4011_dac,18
130,$4011_dac,10
130,$4011_dac,46
130,$4011_dac,34
130,$4011_dac,14
130,$4011_dac,18
130,$4011_dac,62
130,$4011_dac,18
130,$4011_dac,30
130,$4011_dac,18
130,$4011_dac,58
130,$4011_dac,2
130,$4011_dac,54
130,$4011_dac,10
130,$4011_dac,46
130,$4011_dac,34
130,$4011_dac,18
130,$4011_dac,30
130,$4011_dac,42
130,$4011_dac,10
130,$4011_dac,18
130,$4011_dac,42
130,$4011_dac,14
130,$4011_dac,30
130,$4011_dac,18
130,$4011_dac,22
130,$4011_dac,50
130,$4011_dac,14
130,$4011_dac,30
130,$4011_dac,42
130,$4011_dac,34
130,$4011_dac,6
130,$4011_dac,46
130,$4011_dac,42
130,$4011_dac,14
130,$4011_dac,42
130,$4011_dac,10
130,$4011_dac,30
130,$4011_dac,58
130,$4011_dac,2
130,$4011_dac,22
130,$4011_dac,34
130,$4011_dac,2
130,$4011_dac,26
130,$4011_dac,2
130,$4011_dac,10
130,$4011_dac,22
130,$4011_dac,10
130,$4011_dac,6
130,$4011_dac,34
130,$4011_dac,26
130,$4011_dac,18
130,$4011_dac,34
130,$4011_dac,38
130,$4011_dac,34
130,$4011_dac,30
130,$4011_dac,42
130,$4011_dac,42
130,$4011_dac,58
130,$4011_dac,46
130,$4011_dac,18
130,$4011_dac,62
130,$4011_dac,18
130,$4011_dac,6
130,$4011_dac,62
130,$4011_dac,34
130,$4011_dac,10
130,$4011_dac,14
130,$4011_dac,2
130,$4011_dac,18
130,$4011_dac,18
130,$4011_dac,2
130,$4011_dac,2
130,$4011_dac,38
130,$4011_dac,22
130,$4011_dac,14
130,$4011_dac,46
130,$4011_dac,50
130,$4011_dac,38
130,$4011_dac,58
130,$4011_dac,62
130,$4011_dac,62
130,$4011_dac,62
130,$4011_dac,58
130,$4011_dac,62
130,$4011_dac,62
130,$4011_dac,62
130,$4011_dac,62
130,$4011_dac,10
130,$4011_dac,2
130,$4011_dac,62
130,$4011_dac,2
130,$4011_dac,2
130,$4011_dac,14
130,$4011_dac,6
130,$4011_dac,18
130,$4011_dac,2
130,$4011_dac,2
130,$4011_dac,2
130,$4011_dac,62
130,$4011_dac,2
130,$4011_dac,2
130,$4011_dac,62
130,$4011_dac,42
130,$4011_dac,30
130,$4011_dac,50
130,$4011_dac,62
130,$4011_dac,62
130,$4011_dac,50
130,$4011_dac,42
130,$4011_dac,62
130,$4011_dac,62
130,$4011_dac,46
130,$4011_dac,62
130,$4011_dac,50
130,$4011_dac,2
130,$4011_dac,62
130,$4011_dac,34
130,$4011_dac,2
130,$4011_dac,30
130,$4011_dac,18
130,$4011_dac,2
130,$4011_dac,18
130,$4011_dac,2
130,$4011_dac,2
130,$4011_dac,62
130,$4011_dac,2
130,$4011_dac,2
130,$4011_dac,62
130,$4011_dac,50
130,$4011_dac,6
130,$4011_dac,62
130,$4011_dac,62
130,$4011_dac,62
130,$4011_dac,58
130,$4011_dac,34
130,$4011_dac,62
130,$4011_dac,62
130,$4011_dac,62
130,$4011_dac,62
130,$4011_dac,34
130,$4011_dac,2
130,$4011_dac,62
130,$4011_dac,34
130,$4011_dac,2
130,$4011_dac,62
130,$4011_dac,34
130,$4011_dac,2
130,$4011_dac,2
130,$4011_dac,2
130,$4011_dac,2
130,$4011_dac,62
130,$4011_dac,2
130,$4011_dac,2
130,$4011_dac,62
130,$4011_dac,58
130,$4011_dac,2
130,$4011_dac,62
130,$4011_dac,62
130,$4011_dac,62
130,$4011_dac,62
130,$4011_dac,18
130,$4011_dac,62
130,$4011_dac,62
131,$4011_dac,62
131,$4011_dac,62
131,$4011_dac,2
131,$4011_dac,2
131,$4011_dac,62
131,$4011_dac,2
131,$4011_dac,2
131,$4011_dac,46
131,$4011_dac,50
131,$4011_dac,2
131,$4011_dac,2
131,$4011_dac,2
131,$4011_dac,46
131,$4011_dac,62
131,$4011_dac,2
131,$4011_dac,2
131,$4011_dac,62
131,$4011_dac,58
131,$4011_dac,2
131,$4011_dac,30
131,$4011_dac,62
131,$4011_dac,62
131,$4011_dac,42
131,$4011_dac,30
131,$4011_dac,62
131,$4011_dac,62
131,$4011_dac,62
131,$4011_dac,2
131,$4011_dac,2
131,$4011_dac,62
131,$4011_dac,58
131,$4011_dac,2
131,$4011_dac,2
131,$4011_dac,62
131,$4011_dac,34
131,$4011_dac,2
131,$4011_dac,2
131,$4011_dac,46
131,$4011_dac,62
131,$4011_dac,50
131,$4011_dac,2
131,$4011_dac,62
131,$4011_dac,62
131,$4011_dac,2
131,$4011_dac,6
131,$4011_dac,62
131,$4011_dac,62
131,$4011_dac,62
131,$4011_dac,18
131,$4011_dac,62
131,$4011_dac,62
131,$4011_dac,62
131,$4011_dac,34
131,$4011_dac,2
131,$4011_dac,62
131,$4011_dac,62
131,$4011_dac,2
131,$4011_dac,2
131,$4011_dac,62
131,$4011_dac,62
131,$4011_dac,2
131,$4011_dac,2
131,$4011_dac,2
131,$4011_dac,62
131,$4011_dac,62
131,$4011_dac,2
131,$4011_dac,2
131,$4011_dac,62
131,$4011_dac,34
131,$4011_dac,2
131,$4011_dac,46
131,$4011_dac,62
131,$4011_dac,62
131,$4011_dac,50
131,$4011_dac,54
131,$4011_dac,62
131,$4011_dac,62
131,$4011_dac,58
131,$4011_dac,2
131,$4011_dac,30
131,$4011_dac,62
131,$4011_dac,2
131,$4011_dac,2
131,$4011_dac,30
131,$4011_dac,50
131,$4011_dac,34
131,$4011_dac,2
131,$4011_dac,2
131,$4011_dac,62
131,$4011_dac,62
131,$4011_dac,2
131,$4011_dac,2
131,$4011_dac,62
131,$4011_dac,62
131,$4011_dac,10
131,$4011_dac,6
131,$4011_dac,62
131,$4011_dac,62
131,$4011_dac,62
131,$4011_dac,42
131,$4011_dac,62
131,$4011_dac,62
131,$4011_dac,62
131,$4011_dac,2
131,$4011_dac,30
131,$4011_dac,62
131,$4011_dac,2
131,$4011_dac,2
131,$4011_dac,14
131,$4011_dac,6
131,$4011_dac,6
131,$4011_dac,2
131,$4011_dac,2
131,$4011_dac,30
131,$4011_dac,62
131,$4011_dac,34
131,$4011_dac,2
131,$4011_dac,62
131,$4011_dac,34
131,$4011_dac,46
131,$4011_dac,46
131,$4011_dac,50
131,$4011_dac,62
131,$4011_dac,62
131,$4011_dac,54
131,$4011_dac,54
131,$4011_dac,62
131,$4011_dac,34
131,$4011_dac,2
131,$4011_dac,62
131,$4011_dac,34
131,$4011_dac,2
131,$4011_dac,22
131,$4011_dac,10
131,$4011_dac,2
131,$4011_dac,10
131,$4011_dac,22
131,$4011_dac,2
131,$4011_dac,30
131,$4011_dac,62
131,$4011_dac,2
131,$4011_dac,30
131,$4011_dac,50
131,$4011_dac,2
131,$4011_dac,62
131,$4011_dac,62
131,$4011_dac,18
131,$4011_dac,62
131,$4011_dac,62
131,$4011_dac,62
131,$4011_dac,62
131,$4011_dac,62
131,$4011_dac,2
131,$4011_dac,46
131,$4011_dac,62
131,$4011_dac,2
131,$4011_dac,2
131,$4011_dac,42
131,$4011_dac,6
131,$4011_dac,2
131,$4011_dac,2
131,$4011_dac,2
131,$4011_dac,2
131,$4011_dac,62
131,$4011_dac,42
131,$4011_dac,2
131,$4011_dac,62
131,$4011_dac,2
131,$4011_dac,6
131,$4011_dac,62
131,$4011_dac,58
131,$4011_dac,54
131,$4011_dac,62
131,$4011_dac,54
131,$4011_dac,62
131,$4011_dac,62
131,$4011_dac,2
131,$4011_dac,6
131,$4011_dac,62
131,$4011_dac,34
131,$4011_dac,2
131,$4011_dac,14
131,$4011_dac,10
131,$4011_dac,2
131,$4011_dac,2
131,$4011_dac,2
131,$4011_dac,2
131,$4011_dac,62
131,$4011_dac,62
131,$4011_dac,2
131,$4011_dac,46
131,$4011_dac,34
131,$4011_dac,2
131,$4011_dac,62
131,$4011_dac,62
131,$4011_dac,38
131,$4011_dac,62
131,$4011_dac,54
131,$4011_dac,62
131,$4011_dac,62
131,$4011_dac,2
131,$4011_dac,14
131,$4011_dac,62
131,$4011_dac,38
131,$4011_dac,2
131,$4011_dac,2
131,$4011_dac,2
131,$4011_dac,2
131,$4011_dac,2
131,$4011_dac,18
131,$4011_dac,2
131,$4011_dac,46
131,$4011_dac,62
131,$4011_dac,18
131,$4011_dac,38
131,$4011_dac,34
131,$4011_dac,2
131,$4011_dac,46
131,$4011_dac,62
131,$4011_dac,34
131,$4011_dac,62
131,$4011_dac,62
131,$4011_dac,62
131,$4011_dac,62
131,$4011_dac,10
131,$4011_dac,14
131,$4011_dac,62
131,$4011_dac,34
131,$4011_dac,2
131,$4011_dac,2
131,$4011_dac,2
131,$4011_dac,22
131,$4011_dac,2
131,$4011_dac,14
131,$4011_dac,2
131,$4011_dac,38
131,$4011_dac,62
131,$4011_dac,34
131,$4011_dac,46
131,$4011_dac,18
131,$4011_dac,2
131,$4011_dac,30
131,$4011_dac,62
131,$4011_dac,62
131,$4011_dac,62
131,$4011_dac,46
131,$4011_dac,62
131,$4011_dac,62
131,$4011_dac,2
131,$4011_dac,30
131,$4011_dac,50
131,$4011_dac,22
131,$4011_dac,2
131,$4011_dac,2
131,$4011_dac,2
131,$4011_dac,2
131,$4011_dac,14
131,$4011_dac,18
131,$4011_dac,2
131,$4011_dac,30
131,$4011_dac,62
131,$4011_dac,38
131,$4011_dac,54
131,$4011_dac,18
131,$4011_dac,2
131,$4011_dac,30
131,$4011_dac,62
131,$4011_dac,62
131,$4011_dac,58
131,$4011_dac,58
131,$4011_dac,62
131,$4011_dac,62
131,$4011_dac,18
131,$4011_dac,46
131,$4011_dac,18
131,$4011_dac,18
131,$4011_dac,18
131,$4011_dac,2
131,$4011_dac,2
131,$4011_dac,2
131,$4011_dac,10
131,$4011_dac,18
131,$4011_dac,2
131,$4011_dac,22
131,$4011_dac,42
131,$4011_dac,38
131,$4011_dac,62
131,$4011_dac,18
131,$4011_dac,2
131,$4011_dac,30
131,$4011_dac,62
131,$4011_dac,62
131,$4011_dac,62
131,$4011_dac,50
131,$4011_dac,54
131,$4011_dac,62
131,$4011_dac,26
131,$4011_dac,62
131,$4011_dac,10
131,$4011_dac,6
131,$4011_dac,26
131,$4011_dac,34
131,$4011_dac,2
131,$4011_dac,2
131,$4011_dac,2
131,$4011_dac,6
131,$4011_dac,14
131,$4011_dac,34
131,$4011_dac,34
132,$4011_dac,22
132,$4011_dac,62
132,$4011_dac,50
132,$4011_dac,2
132,$4011_dac,14
132,$4011_dac,62
132,$4011_dac,62
132,$4011_dac,62
132,$4011_dac,62
132,$4011_dac,34
132,$4011_dac,58
132,$4011_dac,38
132,$4011_dac,62
132,$4011_dac,34
132,$4011_dac,2
132,$4011_dac,6
132,$4011_dac,22
132,$4011_dac,14
132,$4011_dac,10
132,$4011_dac,2
132,$4011_dac,2
132,$4011_dac,10
132,$4011_dac,46
132,$4011_dac,50
132,$4011_dac,14
132,$4011_dac,46
132,$4011_dac,46
132,$4011_dac,2
132,$4011_dac,14
132,$4011_dac,46
132,$4011_dac,62
132,$4011_dac,62
132,$4011_dac,62
132,$4011_dac,46
132,$4011_dac,50
132,$4011_dac,14
132,$4011_dac,62
132,$4011_dac,58
132,$4011_dac,10
132,$4011_dac,6
132,$4011_dac,6
132,$4011_dac,2
132,$4011_dac,26
132,$4011_dac,10
132,$4011_dac,2
132,$4011_dac,2
132,$4011_dac,22
132,$4011_dac,54
132,$4011_dac,38
132,$4011_dac,46
132,$4011_dac,42
132,$4011_dac,18
132,$4011_dac,2
132,$4011_dac,38
132,$4011_dac,62
132,$4011_dac,62
132,$4011_dac,62
132,$4011_dac,54
132,$4011_dac,46
132,$4011_dac,38
132,$4011_dac,38
132,$4011_dac,58
132,$4011_dac,34
132,$4011_dac,10
132,$4011_dac,14
132,$4011_dac,2
132,$4011_dac,14
132,$4011_dac,18
132,$4011_dac,6
132,$4011_dac,2
132,$4011_dac,2
132,$4011_dac,30
132,$4011_dac,42
132,$4011_dac,46
132,$4011_dac,46
132,$4011_dac,34
132,$4011_dac,2
132,$4011_dac,6
132,$4011_dac,46
132,$4011_dac,62
132,$4011_dac,62
132,$4011_dac,62
132,$4011_dac,42
132,$4011_dac,38
132,$4011_dac,26
132,$4011_dac,54
132,$4011_dac,50
132,$4011_dac,18
132,$4011_dac,6
132,$4011_dac,18
132,$4011_dac,2
132,$4011_dac,26
132,$4011_dac,18
132,$4011_dac,6
132,$4011_dac,2
132,$4011_dac,2
132,$4011_dac,46
132,$4011_dac,42
132,$4011_dac,58
132,$4011_dac,46
132,$4011_dac,10
132,$4011_dac,2
132,$4011_dac,10
132,$4011_dac,62
132,$4011_dac,62
132,$4011_dac,62
132,$4011_dac,62
132,$4011_dac,38
132,$4011_dac,42
132,$4011_dac,22
132,$4011_dac,62
132,$4011_dac,50
132,$4011_dac,18
132,$4011_dac,10
132,$4011_dac,2
132,$4011_dac,2
132,$4011_dac,18
132,$4011_dac,30
132,$4011_dac,2
132,$4011_dac,2
132,$4011_dac,2
132,$4011_dac,38
132,$4011_dac,42
132,$4011_dac,58
132,$4011_dac,50
132,$4011_dac,6
132,$4011_dac,2
132,$4011_dac,6
132,$4011_dac,62
132,$4011_dac,62
132,$4011_dac,62
132,$4011_dac,62
132,$4011_dac,34
132,$4011_dac,46
132,$4011_dac,14
132,$4011_dac,62
132,$4011_dac,58
132,$4011_dac,34
132,$4011_dac,14
132,$4011_dac,2
132,$4011_dac,2
132,$4011_dac,14
132,$4011_dac,30
132,$4011_dac,14
132,$4011_dac,2
132,$4011_dac,2
132,$4011_dac,30
132,$4011_dac,30
132,$4011_dac,62
132,$4011_dac,62
132,$4011_dac,18
132,$4011_dac,2
132,$4011_dac,2
132,$4011_dac,46
132,$4011_dac,62
132,$4011_dac,62
132,$4011_dac,62
132,$4011_dac,42
132,$4011_dac,46
132,$4011_dac,18
132,$4011_dac,54
132,$4011_dac,62
132,$4011_dac,50
132,$4011_dac,10
132,$4011_dac,2
132,$4011_dac,2
132,$4011_dac,2
132,$4011_dac,26
132,$4011_dac,34
132,$4011_dac,18
132,$4011_dac,2
132,$4011_dac,14
132,$4011_dac,14
132,$4011_dac,50
132,$4011_dac,62
132,$4011_dac,50
132,$4011_dac,2
132,$4011_dac,2
132,$4011_dac,22
132,$4011_dac,46
132,$4011_dac,62
132,$4011_dac,62
132,$4011_dac,62
132,$4011_dac,42
132,$4011_dac,26
132,$4011_dac,14
132,$4011_dac,58
132,$4011_dac,62
132,$4011_dac,34
132,$4011_dac,10
132,$4011_dac,2
132,$4011_dac,2
132,$4011_dac,2
132,$4011_dac,30
132,$4011_dac,42
132,$4011_dac,10
132,$4011_dac,6
132,$4011_dac,2
132,$4011_dac,22
132,$4011_dac,62
132,$4011_dac,62
132,$4011_dac,42
132,$4011_dac,2
132,$4011_dac,2
132,$4011_dac,14
132,$4011_dac,62
132,$4011_dac,62
132,$4011_dac,62
132,$4011_dac,62
132,$4011_dac,42
132,$4011_dac,2
132,$4011_dac,22
132,$4011_dac,62
132,$4011_dac,62
132,$4011_dac,50
132,$4011_dac,10
132,$4011_dac,2
132,$4011_dac,2
132,$4011_dac,2
132,$4011_dac,38
132,$4011_dac,50
132,$4011_dac,34
132,$4011_dac,18
132,$4011_dac,2
132,$4011_dac,10
132,$4011_dac,62
132,$4011_dac,62
132,$4011_dac,50
132,$4011_dac,10
132,$4011_dac,2
132,$4011_dac,6
132,$4011_dac,54
132,$4011_dac,62
132,$4011_dac,62
132,$4011_dac,62
132,$4011_dac,54
132,$4011_dac,2
132,$4011_dac,6
132,$4011_dac,54
132,$4011_dac,58
132,$4011_dac,54
132,$4011_dac,34
132,$4011_dac,2
132,$4011_dac,2
132,$4011_dac,2
132,$4011_dac,22
132,$4011_dac,38
132,$4011_dac,54
132,$4011_dac,42
132,$4011_dac,2
132,$4011_dac,6
132,$4011_dac,42
132,$4011_dac,50
132,$4011_dac,50
132,$4011_dac,34
132,$4011_dac,10
132,$4011_dac,2
132,$4011_dac,42
132,$4011_dac,62
132,$4011_dac,62
132,$4011_dac,62
132,$4011_dac,62
132,$4011_dac,6
132,$4011_dac,10
132,$4011_dac,34
132,$4011_dac,38
132,$4011_dac,46
132,$4011_dac,54
132,$4011_dac,2
132,$4011_dac,2
132,$4011_dac,2
132,$4011_dac,2
132,$4011_dac,14
132,$4011_dac,46
132,$4011_dac,58
132,$4011_dac,26
132,$4011_dac,14
132,$4011_dac,34
132,$4011_dac,22
132,$4011_dac,30
132,$4011_dac,34
132,$4011_dac,26
132,$4011_dac,22
132,$4011_dac,46
132,$4011_dac,62
132,$4011_dac,62
132,$4011_dac,62
132,$4011_dac,62
132,$4011_dac,34
132,$4011_dac,22
132,$4011_dac,34
132,$4011_dac,22
132,$4011_dac,22
132,$4011_dac,50
132,$4011_dac,6
132,$4011_dac,2
132,$4011_dac,2
132,$4011_dac,2
132,$4011_dac,2
132,$4011_dac,22
132,$4011_dac,54
132,$4011_dac,34
132,$4011_dac,38
132,$4011_dac,46
132,$4011_dac,34
132,$4011_dac,30
132,$4011_dac,22
132,$4011_dac,18
133,$4011_dac,22
133,$4011_dac,46
133,$4011_dac,58
133,$4011_dac,62
133,$4011_dac,62
133,$4011_dac,62
133,$4011_dac,58
133,$4011_dac,18
133,$4011_dac,30
133,$4011_dac,30
133,$4011_dac,14
133,$4011_dac,42
133,$4011_dac,18
133,$4011_dac,2
133,$4011_dac,2
133,$4011_dac,2
133,$4011_dac,2
133,$4011_dac,14
133,$4011_dac,38
133,$4011_dac,42
133,$4011_dac,42
133,$4011_dac,42
133,$4011_dac,46
133,$4011_dac,34
133,$4011_dac,34
133,$4011_dac,10
133,$4011_dac,6
133,$4011_dac,22
133,$4011_dac,38
133,$4011_dac,62
133,$4011_dac,62
133,$4011_dac,62
133,$4011_dac,62
133,$4011_dac,58
133,$4011_dac,18
133,$4011_dac,30
133,$4011_dac,38
133,$4011_dac,18
133,$4011_dac,42
133,$4011_dac,18
133,$4011_dac,6
133,$4011_dac,2
133,$4011_dac,2
133,$4011_dac,2
133,$4011_dac,14
133,$4011_dac,42
133,$4011_dac,46
133,$4011_dac,46
133,$4011_dac,42
133,$4011_dac,50
133,$4011_dac,38
133,$4011_dac,34
133,$4011_dac,14
133,$4011_dac,2
133,$4011_dac,22
133,$4011_dac,30
133,$4011_dac,62
133,$4011_dac,62
133,$4011_dac,62
133,$4011_dac,62
133,$4011_dac,62
133,$4011_dac,22
133,$4011_dac,30
133,$4011_dac,34
133,$4011_dac,26
133,$4011_dac,22
133,$4011_dac,34
133,$4011_dac,2
133,$4011_dac,2
133,$4011_dac,2
133,$4011_dac,2
133,$4011_dac,10
133,$4011_dac,30
133,$4011_dac,54
133,$4011_dac,46
133,$4011_dac,50
133,$4011_dac,58
133,$4011_dac,34
133,$4011_dac,46
133,$4011_dac,10
133,$4011_dac,2
133,$4011_dac,14
133,$4011_dac,18
133,$4011_dac,46
133,$4011_dac,62
133,$4011_dac,62
133,$4011_dac,62
133,$4011_dac,62
133,$4011_dac,62
133,$4011_dac,18
133,$4011_dac,38
133,$4011_dac,34
133,$4011_dac,14
133,$4011_dac,46
133,$4011_dac,18
133,$4011_dac,2
133,$4011_dac,2
133,$4011_dac,2
133,$4011_dac,2
133,$4011_dac,6
133,$4011_dac,54
133,$4011_dac,46
133,$4011_dac,58
133,$4011_dac,62
133,$4011_dac,50
133,$4011_dac,46
133,$4011_dac,34
133,$4011_dac,2
133,$4011_dac,2
133,$4011_dac,10
133,$4011_dac,22
133,$4011_dac,50
133,$4011_dac,62
133,$4011_dac,62
133,$4011_dac,62
133,$4011_dac,62
133,$4011_dac,50
133,$4011_dac,30
133,$4011_dac,38
133,$4011_dac,34
133,$4011_dac,14
133,$4011_dac,42
133,$4011_dac,10
133,$4011_dac,2
133,$4011_dac,2
133,$4011_dac,2
133,$4011_dac,2
133,$4011_dac,14
133,$4011_dac,54
133,$4011_dac,50
133,$4011_dac,62
133,$4011_dac,62
133,$4011_dac,50
133,$4011_dac,46
133,$4011_dac,26
133,$4011_dac,2
133,$4011_dac,2
133,$4011_dac,6
133,$4011_dac,18
133,$4011_dac,58
133,$4011_dac,62
133,$4011_dac,62
133,$4011_dac,62
133,$4011_dac,62
133,$4011_dac,58
133,$4011_dac,26
133,$4011_dac,46
133,$4011_dac,26
133,$4011_dac,10
133,$4011_dac,38
133,$4011_dac,2
133,$4011_dac,2
133,$4011_dac,2
133,$4011_dac,2
133,$4011_dac,2
133,$4011_dac,22
133,$4011_dac,62
133,$4011_dac,50
133,$4011_dac,62
133,$4011_dac,62
133,$4011_dac,46
133,$4011_dac,54
133,$4011_dac,34
133,$4011_dac,2
133,$4011_dac,2
133,$4011_dac,2
133,$4011_dac,2
133,$4011_dac,46
133,$4011_dac,62
133,$4011_dac,62
133,$4011_dac,62
133,$4011_dac,62
133,$4011_dac,62
133,$4011_dac,22
133,$4011_dac,62
133,$4011_dac,34
133,$4011_dac,10
133,$4011_dac,26
133,$4011_dac,10
133,$4011_dac,2
133,$4011_dac,2
133,$4011_dac,2
133,$4011_dac,2
133,$4011_dac,14
133,$4011_dac,62
133,$4011_dac,58
133,$4011_dac,62
133,$4011_dac,62
133,$4011_dac,46
133,$4011_dac,62
133,$4011_dac,18
133,$4011_dac,2
133,$4011_dac,2
133,$4011_dac,2
133,$4011_dac,2
133,$4011_dac,62
133,$4011_dac,62
133,$4011_dac,62
133,$4011_dac,62
133,$4011_dac,62
133,$4011_dac,62
133,$4011_dac,38
133,$4011_dac,62
133,$4011_dac,34
133,$4011_dac,10
133,$4011_dac,10
133,$4011_dac,2
133,$4011_dac,2
133,$4011_dac,2
133,$4011_dac,2
133,$4011_dac,2
133,$4011_dac,30
133,$4011_dac,62
133,$4011_dac,62
133,$4011_dac,62
133,$4011_dac,62
133,$4011_dac,58
133,$4011_dac,62
133,$4011_dac,58
133,$4011_dac,2
133,$4011_dac,2
133,$4011_dac,2
133,$4011_dac,2
133,$4011_dac,2
133,$4011_dac,62
133,$4011_dac,62
133,$4011_dac,62
133,$4011_dac,62
133,$4011_dac,62
133,$4011_dac,62
133,$4011_dac,62
133,$4011_dac,62
133,$4011_dac,50
133,$4011_dac,14
133,$4011_dac,2
133,$4011_dac,2
133,$4011_dac,2
133,$4011_dac,2
133,$4011_dac,2
133,$4011_dac,22
133,$4011_dac,50
133,$4011_dac,62
133,$4011_dac,62
133,$4011_dac,62
133,$4011_dac,62
133,$4011_dac,62
133,$4011_dac,62
133,$4011_dac,54
133,$4011_dac,2
133,$4011_dac,2
133,$4011_dac,2
133,$4011_dac,2
133,$4011_dac,2
133,$4011_dac,62
133,$4011_dac,62
133,$4011_dac,62
133,$4011_dac,62
133,$4011_dac,62
133,$4011_dac,62
133,$4011_dac,62
133,$4011_dac,62
133,$4011_dac,62
133,$4011_dac,18
133,$4011_dac,2
133,$4011_dac,2
133,$4011_dac,2
133,$4011_dac,2
133,$4011_dac,2
133,$4011_dac,46
133,$4011_dac,62
133,$4011_dac,62
133,$4011_dac,62
133,$4011_dac,62
133,$4011_dac,62
133,$4011_dac,62
133,$4011_dac,62
133,$4011_dac,58
133,$4011_dac,18
133,$4011_dac,2
133,$4011_dac,2
133,$4011_dac,2
133,$4011_dac,2
133,$4011_dac,54
133,$4011_dac,62
133,$4011_dac,62
133,$4011_dac,62
133,$4011_dac,62
133,$4011_dac,62
133,$4011_dac,62
133,$4011_dac,62
133,$4011_dac,62
133,$4011_dac,58
133,$4011_dac,2
133,$4011_dac,2
133,$4011_dac,2
133,$4011_dac,2
133,$4011_dac,10
133,$4011_dac,62
133,$4011_dac,62
133,$4011_dac,62
133,$4011_dac,62
133,$4011_dac,62
133,$4011_dac,62
133,$4011_dac,62
133,$4011_dac,62
133,$4011_dac,62
133,$4011_dac,34
133,$4011_dac,2
133,$4011_dac,2
134,$4011_dac,2
134,$4011_dac,2
134,$4011_dac,30
134,$4011_dac,62
134,$4011_dac,62
134,$4011_dac,62
134,$4011_dac,62
134,$4011_dac,50
134,$4011_dac,62
134,$4011_dac,62
134,$4011_dac,62
134,$4011_dac,62
134,$4011_dac,34
134,$4011_dac,2
134,$4011_dac,2
134,$4011_dac,2
134,$4011_dac,2
134,$4011_dac,62
134,$4011_dac,62
134,$4011_dac,62
134,$4011_dac,62
134,$4011_dac,34
134,$4011_dac,46
134,$4011_dac,62
134,$4011_dac,62
134,$4011_dac,62
134,$4011_dac,62
134,$4011_dac,2
134,$4011_dac,2
134,$4011_dac,2
134,$4011_dac,2
134,$4011_dac,2
134,$4011_dac,62
134,$4011_dac,62
134,$4011_dac,62
134,$4011_dac,62
134,$4011_dac,62
134,$4011_dac,54
134,$4011_dac,62
134,$4011_dac,62
134,$4011_dac,62
134,$4011_dac,62
134,$4011_dac,2
134,$4011_dac,2
134,$4011_dac,2
134,$4011_dac,2
134,$4011_dac,14
134,$4011_dac,62
134,$4011_dac,62
134,$4011_dac,62
134,$4011_dac,50
134,$4011_dac,30
134,$4011_dac,62
134,$4011_dac,62
134,$4011_dac,62
134,$4011_dac,62
134,$4011_dac,2
134,$4011_dac,2
134,$4011_dac,2
134,$4011_dac,2
134,$4011_dac,6
134,$4011_dac,38
134,$4011_dac,62
134,$4011_dac,62
134,$4011_dac,62
134,$4011_dac,62
134,$4011_dac,62
134,$4011_dac,62
134,$4011_dac,62
134,$4011_dac,62
134,$4011_dac,62
134,$4011_dac,62
134,$4011_dac,2
134,$4011_dac,2
134,$4011_dac,2
134,$4011_dac,2
134,$4011_dac,14
134,$4011_dac,62
134,$4011_dac,62
134,$4011_dac,62
134,$4011_dac,50
134,$4011_dac,50
134,$4011_dac,62
134,$4011_dac,62
134,$4011_dac,62
134,$4011_dac,62
134,$4011_dac,2
134,$4011_dac,2
134,$4011_dac,2
134,$4011_dac,2
134,$4011_dac,46
134,$4011_dac,42
134,$4011_dac,26
134,$4011_dac,42
134,$4011_dac,54
134,$4011_dac,62
134,$4011_dac,62
134,$4011_dac,62
134,$4011_dac,62
134,$4011_dac,62
134,$4011_dac,62
134,$4011_dac,62
134,$4011_dac,50
134,$4011_dac,2
134,$4011_dac,2
134,$4011_dac,2
134,$4011_dac,2
134,$4011_dac,62
134,$4011_dac,62
134,$4011_dac,62
134,$4011_dac,42
134,$4011_dac,38
134,$4011_dac,54
134,$4011_dac,62
134,$4011_dac,62
134,$4011_dac,62
134,$4011_dac,2
134,$4011_dac,2
134,$4011_dac,2
134,$4011_dac,2
134,$4011_dac,62
134,$4011_dac,58
134,$4011_dac,18
134,$4011_dac,2
134,$4011_dac,14
134,$4011_dac,62
134,$4011_dac,62
134,$4011_dac,62
134,$4011_dac,62
134,$4011_dac,62
134,$4011_dac,62
134,$4011_dac,62
134,$4011_dac,62
134,$4011_dac,2
134,$4011_dac,2
134,$4011_dac,2
134,$4011_dac,2
134,$4011_dac,46
134,$4011_dac,62
134,$4011_dac,62
134,$4011_dac,50
134,$4011_dac,34
134,$4011_dac,26
134,$4011_dac,62
134,$4011_dac,62
134,$4011_dac,62
134,$4011_dac,2
134,$4011_dac,2
134,$4011_dac,2
134,$4011_dac,2
134,$4011_dac,62
134,$4011_dac,62
134,$4011_dac,50
134,$4011_dac,2
134,$4011_dac,2
134,$4011_dac,14
134,$4011_dac,62
134,$4011_dac,62
134,$4011_dac,62
134,$4011_dac,62
134,$4011_dac,62
134,$4011_dac,62
134,$4011_dac,62
134,$4011_dac,62
134,$4011_dac,2
134,$4011_dac,2
134,$4011_dac,2
134,$4011_dac,2
134,$4011_dac,62
134,$4011_dac,62
134,$4011_dac,62
134,$4011_dac,26
134,$4011_dac,18
134,$4011_dac,30
134,$4011_dac,62
134,$4011_dac,62
134,$4011_dac,62
134,$4011_dac,2
134,$4011_dac,2
134,$4011_dac,2
134,$4011_dac,30
134,$4011_dac,62
134,$4011_dac,62
134,$4011_dac,2
134,$4011_dac,2
134,$4011_dac,2
134,$4011_dac,54
134,$4011_dac,62
134,$4011_dac,62
134,$4011_dac,62
134,$4011_dac,38
134,$4011_dac,62
134,$4011_dac,62
134,$4011_dac,62
134,$4011_dac,34
134,$4011_dac,2
134,$4011_dac,2
134,$4011_dac,2
134,$4011_dac,62
134,$4011_dac,62
134,$4011_dac,62
134,$4011_dac,50
134,$4011_dac,2
134,$4011_dac,2
134,$4011_dac,62
134,$4011_dac,62
134,$4011_dac,62
134,$4011_dac,34
134,$4011_dac,2
134,$4011_dac,2
134,$4011_dac,2
134,$4011_dac,62
134,$4011_dac,62
134,$4011_dac,58
134,$4011_dac,2
134,$4011_dac,2
134,$4011_dac,2
134,$4011_dac,62
134,$4011_dac,62
134,$4011_dac,62
134,$4011_dac,50
134,$4011_dac,30
134,$4011_dac,62
134,$4011_dac,62
134,$4011_dac,62
134,$4011_dac,2
134,$4011_dac,2
134,$4011_dac,2
134,$4011_dac,2
134,$4011_dac,62
134,$4011_dac,62
134,$4011_dac,62
134,$4011_dac,2
134,$4011_dac,2
134,$4011_dac,14
134,$4011_dac,62
134,$4011_dac,62
134,$4011_dac,62
134,$4011_dac,2
134,$4011_dac,2
134,$4011_dac,2
134,$4011_dac,54
134,$4011_dac,62
134,$4011_dac,62
134,$4011_dac,18
134,$4011_dac,2
134,$4011_dac,2
134,$4011_dac,30
134,$4011_dac,62
134,$4011_dac,62
134,$4011_dac,62
134,$4011_dac,18
134,$4011_dac,30
134,$4011_dac,62
134,$4011_dac,62
134,$4011_dac,62
134,$4011_dac,2
134,$4011_dac,2
134,$4011_dac,2
134,$4011_dac,6
134,$4011_dac,62
134,$4011_dac,62
134,$4011_dac,62
134,$4011_dac,2
134,$4011_dac,2
134,$4011_dac,62
134,$4011_dac,62
134,$4011_dac,62
134,$4011_dac,62
134,$4011_dac,2
134,$4011_dac,2
134,$4011_dac,14
134,$4011_dac,62
134,$4011_dac,62
134,$4011_dac,62
134,$4011_dac,2
134,$4011_dac,2
134,$4011_dac,2
134,$4011_dac,62
134,$4011_dac,62
134,$4011_dac,62
134,$4011_dac,58
134,$4011_dac,2
134,$4011_dac,62
134,$4011_dac,62
134,$4011_dac,62
134,$4011_dac,62
134,$4011_dac,2
134,$4011_dac,2
134,$4011_dac,2
134,$4011_dac,62
134,$4011_dac,62
134,$4011_dac,62
134,$4011_dac,50
134,$4011_dac,2
134,$4011_dac,2
134,$4011_dac,62
134,$4011_dac,62
134,$4011_dac,62
134,$4011_dac,34
134,$4011_dac,2
134,$4011_dac,2
134,$4011_dac,62
134,$4011_dac,62
134,$4011_dac,62
134,$4011_dac,50
134,$4011_dac,2
134,$4011_dac,2
135,$4011_dac,14
135,$4011_dac,62
135,$4011_dac,62
135,$4011_dac,62
135,$4011_dac,18
135,$4011_dac,14
135,$4011_dac,62
135,$4011_dac,62
135,$4011_dac,62
135,$4011_dac,62
135,$4011_dac,2
135,$4011_dac,2
135,$4011_dac,2
135,$4011_dac,62
135,$4011_dac,62
135,$4011_dac,62
135,$4011_dac,34
135,$4011_dac,2
135,$4011_dac,46
135,$4011_dac,62
135,$4011_dac,62
135,$4011_dac,62
135,$4011_dac,2
135,$4011_dac,2
135,$4011_dac,2
135,$4011_dac,62
135,$4011_dac,62
135,$4011_dac,62
135,$4011_dac,2
135,$4011_dac,2
135,$4011_dac,2
135,$4011_dac,62
135,$4011_dac,62
135,$4011_dac,62
135,$4011_dac,58
135,$4011_dac,14
135,$4011_dac,62
135,$4011_dac,62
135,$4011_dac,62
135,$4011_dac,62
135,$4011_dac,62
135,$4011_dac,2
135,$4011_dac,2
135,$4011_dac,2
135,$4011_dac,62
135,$4011_dac,62
135,$4011_dac,62
135,$4011_dac,2
135,$4011_dac,2
135,$4011_dac,62
135,$4011_dac,62
135,$4011_dac,62
135,$4011_dac,34
135,$4011_dac,2
135,$4011_dac,2
135,$4011_dac,30
135,$4011_dac,62
135,$4011_dac,62
135,$4011_dac,42
135,$4011_dac,2
135,$4011_dac,2
135,$4011_dac,2
135,$4011_dac,62
135,$4011_dac,50
135,$4011_dac,58
135,$4011_dac,46
135,$4011_dac,54
135,$4011_dac,62
135,$4011_dac,62
135,$4011_dac,62
135,$4011_dac,62
135,$4011_dac,62
135,$4011_dac,2
135,$4011_dac,2
135,$4011_dac,2
135,$4011_dac,58
135,$4011_dac,62
135,$4011_dac,62
135,$4011_dac,34
135,$4011_dac,2
135,$4011_dac,62
135,$4011_dac,62
135,$4011_dac,62
135,$4011_dac,34
135,$4011_dac,2
135,$4011_dac,2
135,$4011_dac,46
135,$4011_dac,62
135,$4011_dac,50
135,$4011_dac,26
135,$4011_dac,2
135,$4011_dac,2
135,$4011_dac,2
135,$4011_dac,30
135,$4011_dac,2
135,$4011_dac,46
135,$4011_dac,50
135,$4011_dac,62
135,$4011_dac,62
135,$4011_dac,62
135,$4011_dac,62
135,$4011_dac,62
135,$4011_dac,62
135,$4011_dac,34
135,$4011_dac,2
135,$4011_dac,2
135,$4011_dac,14
135,$4011_dac,62
135,$4011_dac,62
135,$4011_dac,34
135,$4011_dac,2
135,$4011_dac,62
135,$4011_dac,62
135,$4011_dac,62
135,$4011_dac,50
135,$4011_dac,2
135,$4011_dac,2
135,$4011_dac,46
135,$4011_dac,62
135,$4011_dac,50
135,$4011_dac,18
135,$4011_dac,2
135,$4011_dac,2
135,$4011_dac,14
135,$4011_dac,10
135,$4011_dac,2
135,$4011_dac,22
135,$4011_dac,54
135,$4011_dac,62
135,$4011_dac,62
135,$4011_dac,62
135,$4011_dac,62
135,$4011_dac,62
135,$4011_dac,62
135,$4011_dac,62
135,$4011_dac,2
135,$4011_dac,2
135,$4011_dac,14
135,$4011_dac,62
135,$4011_dac,62
135,$4011_dac,18
135,$4011_dac,2
135,$4011_dac,30
135,$4011_dac,62
135,$4011_dac,62
135,$4011_dac,50
135,$4011_dac,2
135,$4011_dac,2
135,$4011_dac,54
135,$4011_dac,62
135,$4011_dac,50
135,$4011_dac,2
135,$4011_dac,2
135,$4011_dac,14
135,$4011_dac,42
135,$4011_dac,2
135,$4011_dac,2
135,$4011_dac,2
135,$4011_dac,62
135,$4011_dac,62
135,$4011_dac,62
135,$4011_dac,62
135,$4011_dac,62
135,$4011_dac,62
135,$4011_dac,62
135,$4011_dac,62
135,$4011_dac,2
135,$4011_dac,2
135,$4011_dac,14
135,$4011_dac,62
135,$4011_dac,62
135,$4011_dac,2
135,$4011_dac,2
135,$4011_dac,14
135,$4011_dac,62
135,$4011_dac,62
135,$4011_dac,50
135,$4011_dac,2
135,$4011_dac,2
135,$4011_dac,62
135,$4011_dac,62
135,$4011_dac,34
135,$4011_dac,2
135,$4011_dac,2
135,$4011_dac,54
135,$4011_dac,62
135,$4011_dac,2
135,$4011_dac,2
135,$4011_dac,2
135,$4011_dac,62
135,$4011_dac,62
135,$4011_dac,62
135,$4011_dac,30
135,$4011_dac,62
135,$4011_dac,62
135,$4011_dac,62
135,$4011_dac,62
135,$4011_dac,18
135,$4011_dac,2
135,$4011_dac,2
135,$4011_dac,62
135,$4011_dac,62
135,$4011_dac,2
135,$4011_dac,2
135,$4011_dac,2
135,$4011_dac,62
135,$4011_dac,62
135,$4011_dac,34
135,$4011_dac,2
135,$4011_dac,2
135,$4011_dac,62
135,$4011_dac,62
135,$4011_dac,34
135,$4011_dac,2
135,$4011_dac,2
135,$4011_dac,62
135,$4011_dac,62
135,$4011_dac,2
135,$4011_dac,2
135,$4011_dac,2
135,$4011_dac,62
135,$4011_dac,62
135,$4011_dac,50
135,$4011_dac,2
135,$4011_dac,62
135,$4011_dac,62
135,$4011_dac,62
135,$4011_dac,62
135,$4011_dac,58
135,$4011_dac,2
135,$4011_dac,2
135,$4011_dac,62
135,$4011_dac,62
135,$4011_dac,2
135,$4011_dac,2
135,$4011_dac,2
135,$4011_dac,62
135,$4011_dac,62
135,$4011_dac,34
135,$4011_dac,2
135,$4011_dac,30
135,$4011_dac,62
135,$4011_dac,62
135,$4011_dac,42
135,$4011_dac,2
135,$4011_dac,6
135,$4011_dac,62
135,$4011_dac,62
135,$4011_dac,2
135,$4011_dac,2
135,$4011_dac,2
135,$4011_dac,62
135,$4011_dac,62
135,$4011_dac,18
135,$4011_dac,2
135,$4011_dac,62
135,$4011_dac,62
135,$4011_dac,62
135,$4011_dac,62
135,$4011_dac,62
135,$4011_dac,34
135,$4011_dac,2
135,$4011_dac,46
135,$4011_dac,34
135,$4011_dac,2
135,$4011_dac,2
135,$4011_dac,2
135,$4011_dac,30
135,$4011_dac,62
135,$4011_dac,50
135,$4011_dac,2
135,$4011_dac,46
135,$4011_dac,62
135,$4011_dac,62
135,$4011_dac,62
135,$4011_dac,2
135,$4011_dac,2
135,$4011_dac,62
135,$4011_dac,42
135,$4011_dac,2
135,$4011_dac,2
135,$4011_dac,2
135,$4011_dac,30
135,$4011_dac,62
135,$4011_dac,22
135,$4011_dac,10
135,$4011_dac,54
135,$4011_dac,62
135,$4011_dac,62
135,$4011_dac,62
135,$4011_dac,62
135,$4011_dac,62
135,$4011_dac,18
135,$4011_dac,2
135,$4011_dac,62
135,$4011_dac,2
135,$4011_dac,2
135,$4011_dac,2
135,$4011_dac,2
135,$4011_dac,30
135,$4011_dac,62
135,$4011_dac,26
135,$4011_dac,14
135,$4011_dac,54
135,$4011_dac,42
135,$4011_dac,62
135,$4011_dac,50
135,$4011_dac,2
136,$4011_dac,30
136,$4011_dac,58
136,$4011_dac,18
136,$4011_dac,2
136,$4011_dac,2
136,$4011_dac,2
136,$4011_dac,62
136,$4011_dac,50
136,$4011_dac,10
136,$4011_dac,22
136,$4011_dac,62
136,$4011_dac,62
136,$4011_dac,62
136,$4011_dac,62
136,$4011_dac,62
136,$4011_dac,62
136,$4011_dac,2
136,$4011_dac,2
136,$4011_dac,62
136,$4011_dac,2
136,$4011_dac,10
136,$4011_dac,2
136,$4011_dac,2
136,$4011_dac,46
136,$4011_dac,50
136,$4011_dac,6
136,$4011_dac,18
136,$4011_dac,46
136,$4011_dac,38
136,$4011_dac,62
136,$4011_dac,42
136,$4011_dac,2
136,$4011_dac,54
136,$4011_dac,54
136,$4011_dac,18
136,$4011_dac,10
136,$4011_dac,2
136,$4011_dac,2
136,$4011_dac,46
136,$4011_dac,26
136,$4011_dac,14
136,$4011_dac,26
136,$4011_dac,46
136,$4011_dac,62
136,$4011_dac,62
136,$4011_dac,58
136,$4011_dac,62
136,$4011_dac,62
136,$4011_dac,18
136,$4011_dac,6
136,$4011_dac,62
136,$4011_dac,14
136,$4011_dac,38
136,$4011_dac,2
136,$4011_dac,2
136,$4011_dac,14
136,$4011_dac,34
136,$4011_dac,2
136,$4011_dac,22
136,$4011_dac,6
136,$4011_dac,26
136,$4011_dac,54
136,$4011_dac,34
136,$4011_dac,6
136,$4011_dac,50
136,$4011_dac,34
136,$4011_dac,42
136,$4011_dac,34
136,$4011_dac,2
136,$4011_dac,2
136,$4011_dac,42
136,$4011_dac,26
136,$4011_dac,30
136,$4011_dac,14
136,$4011_dac,14
136,$4011_dac,38
136,$4011_dac,62
136,$4011_dac,38
136,$4011_dac,62
136,$4011_dac,62
136,$4011_dac,42
136,$4011_dac,26
136,$4011_dac,62
136,$4011_dac,26
136,$4011_dac,42
136,$4011_dac,10
136,$4011_dac,30
136,$4011_dac,14
136,$4011_dac,34
136,$4011_dac,6
136,$4011_dac,26
136,$4011_dac,2
136,$4011_dac,26
136,$4011_dac,22
136,$4011_dac,18
136,$4011_dac,14
136,$4011_dac,38
136,$4011_dac,26
136,$4011_dac,38
136,$4011_dac,26
136,$4011_dac,2
136,$4011_dac,10
136,$4011_dac,42
136,$4011_dac,18
136,$4011_dac,22
136,$4011_dac,10
136,$4011_dac,26
136,$4011_dac,38
136,$4011_dac,42
136,$4011_dac,34
136,$4011_dac,54
136,$4011_dac,58
136,$4011_dac,34
136,$4011_dac,30
136,$4011_dac,62
136,$4011_dac,22
136,$4011_dac,34
136,$4011_dac,22
136,$4011_dac,42
136,$4011_dac,14
136,$4011_dac,34
136,$4011_dac,14
136,$4011_dac,18
136,$4011_dac,14
136,$4011_dac,34
136,$4011_dac,30
136,$4011_dac,18
136,$4011_dac,22
136,$4011_dac,26
136,$4011_dac,26
136,$4011_dac,34
136,$4011_dac,18
136,$4011_dac,2
136,$4011_dac,22
136,$4011_dac,34
136,$4011_dac,2
136,$4011_dac,14
136,$4011_dac,14
136,$4011_dac,38
136,$4011_dac,34
136,$4011_dac,34
136,$4011_dac,38
136,$4011_dac,54
136,$4011_dac,62
136,$4011_dac,58
136,$4011_dac,14
136,$4011_dac,62
136,$4011_dac,34
136,$4011_dac,46
136,$4011_dac,10
136,$4011_dac,62
136,$4011_dac,10
136,$4011_dac,42
136,$4011_dac,10
136,$4011_dac,22
136,$4011_dac,10
136,$4011_dac,46
136,$4011_dac,26
136,$4011_dac,30
136,$4011_dac,22
136,$4011_dac,26
136,$4011_dac,26
136,$4011_dac,34
136,$4011_dac,26
136,$4011_dac,2
136,$4011_dac,14
136,$4011_dac,30
136,$4011_dac,10
136,$4011_dac,14
136,$4011_dac,22
136,$4011_dac,30
136,$4011_dac,30
136,$4011_dac,30
136,$4011_dac,46
136,$4011_dac,50
136,$4011_dac,62
136,$4011_dac,62
136,$4011_dac,14
136,$4011_dac,54
136,$4011_dac,62
136,$4011_dac,30
136,$4011_dac,26
136,$4011_dac,46
136,$4011_dac,34
136,$4011_dac,30
136,$4011_dac,26
136,$4011_dac,26
136,$4011_dac,6
136,$4011_dac,46
136,$4011_dac,34
136,$4011_dac,26
136,$4011_dac,14
136,$4011_dac,30
136,$4011_dac,18
136,$4011_dac,38
136,$4011_dac,26
136,$4011_dac,6
136,$4011_dac,18
136,$4011_dac,18
136,$4011_dac,22
136,$4011_dac,14
136,$4011_dac,18
136,$4011_dac,26
136,$4011_dac,34
136,$4011_dac,30
136,$4011_dac,46
136,$4011_dac,50
136,$4011_dac,54
136,$4011_dac,62
136,$4011_dac,50
136,$4011_dac,30
136,$4011_dac,62
136,$4011_dac,50
136,$4011_dac,22
136,$4011_dac,30
136,$4011_dac,50
136,$4011_dac,10
136,$4011_dac,34
136,$4011_dac,26
136,$4011_dac,18
136,$4011_dac,22
136,$4011_dac,42
136,$4011_dac,14
136,$4011_dac,18
136,$4011_dac,30
136,$4011_dac,18
136,$4011_dac,26
136,$4011_dac,26
136,$4011_dac,18
136,$4011_dac,6
136,$4011_dac,30
136,$4011_dac,26
136,$4011_dac,10
136,$4011_dac,14
136,$4011_dac,26
136,$4011_dac,30
136,$4011_dac,30
136,$4011_dac,42
136,$4011_dac,42
136,$4011_dac,58
136,$4011_dac,62
136,$4011_dac,62
136,$4011_dac,50
136,$4011_dac,38
136,$4011_dac,62
136,$4011_dac,42
136,$4011_dac,18
136,$4011_dac,42
136,$4011_dac,38
136,$4011_dac,14
136,$4011_dac,34
136,$4011_dac,26
136,$4011_dac,10
136,$4011_dac,30
136,$4011_dac,34
136,$4011_dac,14
136,$4011_dac,22
136,$4011_dac,34
136,$4011_dac,10
136,$4011_dac,30
136,$4011_dac,26
136,$4011_dac,10
136,$4011_dac,22
136,$4011_dac,34
136,$4011_dac,10
136,$4011_dac,6
136,$4011_dac,30
136,$4011_dac,38
136,$4011_dac,30
136,$4011_dac,30
136,$4011_dac,42
136,$4011_dac,54
136,$4011_dac,62
136,$4011_dac,62
136,$4011_dac,58
136,$4011_dac,34
136,$4011_dac,46
136,$4011_dac,62
136,$4011_dac,38
136,$4011_dac,18
136,$4011_dac,42
136,$4011_dac,26
136,$4011_dac,22
136,$4011_dac,26
136,$4011_dac,26
136,$4011_dac,10
136,$4011_dac,30
136,$4011_dac,26
136,$4011_dac,6
136,$4011_dac,22
136,$4011_dac,26
136,$4011_dac,18
136,$4011_dac,18
136,$4011_dac,22
136,$4011_dac,14
136,$4011_dac,14
136,$4011_dac,18
136,$4011_dac,10
136,$4011_dac,14
136,$4011_dac,38
136,$4011_dac,34
136,$4011_dac,22
136,$4011_dac,46
136,$4011_dac,62
136,$4011_dac,58
136,$4011_dac,54
136,$4011_dac,42
136,$4011_dac,34
136,$4011_dac,58
137,$4011_dac,50
137,$4011_dac,50
137,$4011_dac,34
137,$4011_dac,26
137,$4011_dac,30
137,$4011_dac,38
137,$4011_dac,14
137,$4011_dac,22
137,$4011_dac,26
137,$4011_dac,22
137,$4011_dac,22
137,$4011_dac,26
137,$4011_dac,2
137,$4011_dac,14
137,$4011_dac,30
137,$4011_dac,10
137,$4011_dac,14
137,$4011_dac,18
137,$4011_dac,10
137,$4011_dac,6
137,$4011_dac,22
137,$4011_dac,18
137,$4011_dac,18
137,$4011_dac,30
137,$4011_dac,38
137,$4011_dac,42
137,$4011_dac,54
137,$4011_dac,42
137,$4011_dac,18
137,$4011_dac,30
137,$4011_dac,62
137,$4011_dac,62
137,$4011_dac,50
137,$4011_dac,46
137,$4011_dac,34
137,$4011_dac,38
137,$4011_dac,54
137,$4011_dac,46
137,$4011_dac,34
137,$4011_dac,30
137,$4011_dac,38
137,$4011_dac,30
137,$4011_dac,34
137,$4011_dac,26
137,$4011_dac,18
137,$4011_dac,22
137,$4011_dac,18
137,$4011_dac,6
137,$4011_dac,10
137,$4011_dac,18
137,$4011_dac,14
137,$4011_dac,14
137,$4011_dac,14
137,$4011_dac,2
137,$4011_dac,2
137,$4011_dac,10
137,$4011_dac,18
137,$4011_dac,34
137,$4011_dac,46
137,$4011_dac,34
137,$4011_dac,34
137,$4011_dac,30
137,$4011_dac,46
137,$4011_dac,50
137,$4011_dac,26
137,$4011_dac,46
137,$4011_dac,62
137,$4011_dac,50
137,$4011_dac,46
137,$4011_dac,50
137,$4011_dac,34
137,$4011_dac,30
137,$4011_dac,58
137,$4011_dac,50
137,$4011_dac,30
137,$4011_dac,38
137,$4011_dac,50
137,$4011_dac,34
137,$4011_dac,34
137,$4011_dac,26
137,$4011_dac,14
137,$4011_dac,22
137,$4011_dac,34
137,$4011_dac,18
137,$4011_dac,18
137,$4011_dac,22
137,$4011_dac,14
137,$4011_dac,10
137,$4011_dac,18
137,$4011_dac,14
137,$4011_dac,14
137,$4011_dac,18
137,$4011_dac,30
137,$4011_dac,38
137,$4011_dac,42
137,$4011_dac,34
137,$4011_dac,38
137,$4011_dac,26
137,$4011_dac,46
137,$4011_dac,34
137,$4011_dac,42
137,$4011_dac,46
137,$4011_dac,46
137,$4011_dac,46
137,$4011_dac,50
137,$4011_dac,38
137,$4011_dac,38
137,$4011_dac,50
137,$4011_dac,46
137,$4011_dac,50
137,$4011_dac,46
137,$4011_dac,38
137,$4011_dac,38
137,$4011_dac,46
137,$4011_dac,42
137,$4011_dac,26
137,$4011_dac,30
137,$4011_dac,22
137,$4011_dac,26
137,$4011_dac,30
137,$4011_dac,26
137,$4011_dac,14
137,$4011_dac,18
137,$4011_dac,18
137,$4011_dac,18
137,$4011_dac,22
137,$4011_dac,22
137,$4011_dac,22
137,$4011_dac,26
137,$4011_dac,30
137,$4011_dac,26
137,$4011_dac,30
137,$4011_dac,26
137,$4011_dac,30
137,$4011_dac,30
137,$4011_dac,34
137,$4011_dac,30
137,$4011_dac,42
137,$4011_dac,38
137,$4011_dac,38
137,$4011_dac,46
137,$4011_dac,42
137,$4011_dac,42
137,$4011_dac,38
137,$4011_dac,42
137,$4011_dac,54
137,$4011_dac,46
137,$4011_dac,42
137,$4011_dac,46
137,$4011_dac,42
137,$4011_dac,46
137,$4011_dac,42
137,$4011_dac,26
137,$4011_dac,26
137,$4011_dac,34
137,$4011_dac,30
137,$4011_dac,30
137,$4011_dac,30
137,$4011_dac,30
137,$4011_dac,26
137,$4011_dac,26
137,$4011_dac,26
137,$4011_dac,26
137,$4011_dac,26
137,$4011_dac,26
137,$4011_dac,30
137,$4011_dac,18
137,$4011_dac,22
137,$4011_dac,30
137,$4011_dac,22
137,$4011_dac,22
137,$4011_dac,34
137,$4011_dac,26
137,$4011_dac,26
137,$4011_dac,34
137,$4011_dac,38
137,$4011_dac,38
137,$4011_dac,38
137,$4011_dac,38
137,$4011_dac,38
137,$4011_dac,46
137,$4011_dac,46
137,$4011_dac,42
137,$4011_dac,38
137,$4011_dac,34
137,$4011_dac,38
137,$4011_dac,38
137,$4011_dac,42
137,$4011_dac,38
137,$4011_dac,38
137,$4011_dac,38
137,$4011_dac,38
137,$4011_dac,34
137,$4011_dac,38
137,$4011_dac,34
137,$4011_dac,30
137,$4011_dac,30
137,$4011_dac,30
137,$4011_dac,30
137,$4011_dac,30
137,$4011_dac,30
137,$4011_dac,26
137,$4011_dac,26
137,$4011_dac,26
137,$4011_dac,22
137,$4011_dac,26
137,$4011_dac,26
137,$4011_dac,22
137,$4011_dac,30
137,$4011_dac,30
137,$4011_dac,30
137,$4011_dac,34
137,$4011_dac,30
137,$4011_dac,34
137,$4011_dac,30
137,$4011_dac,30
137,$4011_dac,30
137,$4011_dac,38
137,$4011_dac,38
137,$4011_dac,34
137,$4011_dac,34
137,$4011_dac,42
137,$4011_dac,46
137,$4011_dac,38
137,$4011_dac,30
137,$4011_dac,46
137,$4011_dac,34
137,$4011_dac,30
137,$4011_dac,46
137,$4011_dac,34
137,$4011_dac,34
137,$4011_dac,42
137,$4011_dac,34
137,$4011_dac,30
137,$4011_dac,38
137,$4011_dac,34
137,$4011_dac,26
137,$4011_dac,34
137,$4011_dac,34
137,$4011_dac,30
137,$4011_dac,34
137,$4011_dac,34
137,$4011_dac,30
137,$4011_dac,30
137,$4011_dac,30
137,$4011_dac,26
137,$4011_dac,26
137,$4011_dac,30
137,$4011_dac,30
137,$4011_dac,30
137,$4011_dac,30
137,$4011_dac,30
137,$4011_dac,30
137,$4011_dac,34
137,$4011_dac,34
137,$4011_dac,34
137,$4011_dac,34
137,$4011_dac,34
137,$4011_dac,34
137,$4011_dac,34
137,$4011_dac,34
137,$4011_dac,34
137,$4011_dac,38
137,$4011_dac,38
137,$4011_dac,34
137,$4011_dac,34
137,$4011_dac,34
137,$4011_dac,38
137,$4011_dac,34
137,$4011_dac,34
137,$4011_dac,34
137,$4011_dac,34
137,$4011_dac,34
137,$4011_dac,38
137,$4011_dac,34
137,$4011_dac,34
137,$4011_dac,34
137,$4011_dac,34
137,$4011_dac,34
137,$4011_dac,30
137,$4011_dac,34
137,$4011_dac,30
137,$4011_dac,30
137,$4011_dac,34
137,$4011_dac,34
137,$4011_dac,34
137,$4011_dac,30
137,$4011_dac,30
137,$4011_dac,30
137,$4011_dac,30
137,$4011_dac,30
137,$4011_dac,30
137,$4011_dac,30
137,$4011_dac,34
137,$4011_dac,34
137,$4011_dac,30
137,$4011_dac,30
137,$4011_dac,34
137,$4011_dac,34
137,$4011_dac,34
137,$4011_dac,30
137,$4011_dac,30
137,$4011_dac,34
137,$4011_dac,34
137,$4011_dac,34
137,$4011_dac,34
137,$4011_dac,34
137,$4011_dac,34
138,$4011_dac,34
138,$4011_dac,34
138,$4011_dac,34
138,$4011_dac,34
138,$4011_dac,34
138,$4011_dac,34
138,$4011_dac,34
138,$4011_dac,34
138,$4011_dac,34
138,$4011_dac,34
138,$4011_dac,34
138,$4011_dac,34
138,$4011_dac,34
138,$4011_dac,30
138,$4011_dac,30
138,$4011_dac,30
138,$4011_dac,30
138,$4011_dac,38
138,$4011_dac,34
138,$4011_dac,30
138,$4011_dac,34
138,$4011_dac,34
138,$4011_dac,34
138,$4011_dac,30
138,$4011_dac,30
138,$4011_dac,30
138,$4011_dac,34
138,$4011_dac,34
138,$4011_dac,34
138,$4011_dac,30
138,$4011_dac,30
138,$4011_dac,34
138,$4011_dac,34
138,$4011_dac,34
138,$4011_dac,34
138,$4011_dac,30
138,$4011_dac,34
138,$4011_dac,34
138,$4011_dac,34
138,$4011_dac,34
138,$4011_dac,34
138,$4011_dac,30
138,$4011_dac,34
138,$4011_dac,34
138,$4011_dac,34
138,$4011_dac,30
138,$4011_dac,30
138,$4011_dac,34
138,$4011_dac,34
138,$4011_dac,34
138,$4011_dac,34
138,$4011_dac,34
138,$4011_dac,34
138,$4011_dac,34
138,$4011_dac,34
138,$4011_dac,30
138,$4011_dac,30
138,$4011_dac,34
138,$4011_dac,34
138,$4011_dac,34
138,$4011_dac,34
138,$4011_dac,30
138,$4011_dac,10
138,$4011_dac,62
138,$4011_dac,18
138,$4011_dac,58
138,$4011_dac,30
138,$4011_dac,34
138,$4011_dac,46
138,$4011_dac,14
138,$4011_dac,62
138,$4011_dac,30
138,$4011_dac,34
138,$4011_dac,54
138,$4011_dac,30
138,$4011_dac,34
138,$4011_dac,42
138,$4011_dac,38
138,$4011_dac,30
138,$4011_dac,62
138,$4011_dac,34
138,$4011_dac,62
138,$4011_dac,2
138,$4011_dac,62
138,$4011_dac,54
138,$4011_dac,38
138,$4011_dac,62
138,$4011_dac,38
138,$4011_dac,42
138,$4011_dac,62
138,$4011_dac,54
138,$4011_dac,50
138,$4011_dac,18
138,$4011_dac,62
138,$4011_dac,46
138,$4011_dac,34
138,$4011_dac,58
138,$4011_dac,62
138,$4011_dac,14
138,$4011_dac,62
138,$4011_dac,42
138,$4011_dac,58
138,$4011_dac,54
138,$4011_dac,38
138,$4011_dac,62
138,$4011_dac,42
138,$4011_dac,34
138,$4011_dac,62
138,$4011_dac,42
138,$4011_dac,42
138,$4011_dac,42
138,$4011_dac,46
138,$4011_dac,42
138,$4011_dac,54
138,$4011_dac,18
138,$4011_dac,50
138,$4011_dac,42
138,$4011_dac,30
138,$4011_dac,38
138,$4011_dac,46
138,$4011_dac,26
138,$4011_dac,42
138,$4011_dac,34
138,$4011_dac,22
138,$4011_dac,50
138,$4011_dac,38
138,$4011_dac,18
138,$4011_dac,26
138,$4011_dac,46
138,$4011_dac,30
138,$4011_dac,34
138,$4011_dac,30
138,$4011_dac,34
138,$4011_dac,38
138,$4011_dac,6
138,$4011_dac,62
138,$4011_dac,18
138,$4011_dac,42
138,$4011_dac,22
138,$4011_dac,34
138,$4011_dac,26
138,$4011_dac,38
138,$4011_dac,14
138,$4011_dac,38
138,$4011_dac,34
138,$4011_dac,22
138,$4011_dac,30
138,$4011_dac,10
138,$4011_dac,58
138,$4011_dac,14
138,$4011_dac,34
138,$4011_dac,30
138,$4011_dac,26
138,$4011_dac,22
138,$4011_dac,30
138,$4011_dac,34
138,$4011_dac,10
138,$4011_dac,42
138,$4011_dac,22
138,$4011_dac,22
138,$4011_dac,30
138,$4011_dac,18
138,$4011_dac,30
138,$4011_dac,26
138,$4011_dac,6
138,$4011_dac,50
138,$4011_dac,30
138,$4011_dac,18
138,$4011_dac,46
138,$4011_dac,22
138,$4011_dac,34
138,$4011_dac,42
138,$4011_dac,30
138,$4011_dac,18
138,$4011_dac,34
138,$4011_dac,30
138,$4011_dac,6
138,$4011_dac,54
138,$4011_dac,10
138,$4011_dac,50
138,$4011_dac,2
138,$4011_dac,58
138,$4011_dac,2
138,$4011_dac,34
138,$4011_dac,46
138,$4011_dac,10
138,$4011_dac,38
138,$4011_dac,22
138,$4011_dac,18
138,$4011_dac,30
138,$4011_dac,34
138,$4011_dac,14
138,$4011_dac,34
138,$4011_dac,26
138,$4011_dac,14
138,$4011_dac,42
138,$4011_dac,30
138,$4011_dac,18
138,$4011_dac,46
138,$4011_dac,34
138,$4011_dac,30
138,$4011_dac,46
138,$4011_dac,18
138,$4011_dac,46
138,$4011_dac,14
138,$4011_dac,50
138,$4011_dac,14
138,$4011_dac,42
138,$4011_dac,42
138,$4011_dac,22
138,$4011_dac,34
138,$4011_dac,54
138,$4011_dac,10
138,$4011_dac,50
138,$4011_dac,22
138,$4011_dac,22
138,$4011_dac,50
138,$4011_dac,6
138,$4011_dac,58
138,$4011_dac,6
138,$4011_dac,26
138,$4011_dac,22
138,$4011_dac,10
138,$4011_dac,6
138,$4011_dac,22
138,$4011_dac,14
138,$4011_dac,6
138,$4011_dac,46
138,$4011_dac,2
138,$4011_dac,34
138,$4011_dac,50
138,$4011_dac,2
138,$4011_dac,46
138,$4011_dac,18
138,$4011_dac,42
138,$4011_dac,30
138,$4011_dac,30
138,$4011_dac,54
138,$4011_dac,42
138,$4011_dac,38
138,$4011_dac,10
138,$4011_dac,30
138,$4011_dac,50
138,$4011_dac,22
138,$4011_dac,6
138,$4011_dac,14
138,$4011_dac,50
138,$4011_dac,2
138,$4011_dac,10
138,$4011_dac,26
138,$4011_dac,26
138,$4011_dac,10
138,$4011_dac,2
138,$4011_dac,14
138,$4011_dac,38
138,$4011_dac,6
138,$4011_dac,2
138,$4011_dac,62
138,$4011_dac,50
138,$4011_dac,18
138,$4011_dac,30
138,$4011_dac,62
138,$4011_dac,58
138,$4011_dac,38
138,$4011_dac,54
138,$4011_dac,62
138,$4011_dac,62
138,$4011_dac,34
138,$4011_dac,14
138,$4011_dac,62
138,$4011_dac,62
138,$4011_dac,14
138,$4011_dac,22
138,$4011_dac,46
138,$4011_dac,34
138,$4011_dac,14
138,$4011_dac,6
138,$4011_dac,30
138,$4011_dac,46
138,$4011_dac,10
138,$4011_dac,2
138,$4011_dac,14
138,$4011_dac,50
138,$4011_dac,18
138,$4011_dac,14
138,$4011_dac,62
138,$4011_dac,58
138,$4011_dac,30
138,$4011_dac,30
138,$4011_dac,62
138,$4011_dac,58
138,$4011_dac,62
138,$4011_dac,58
138,$4011_dac,62
138,$4011_dac,2
138,$4011_dac,54
138,$4011_dac,62
138,$4011_dac,2
138,$4011_dac,2
138,$4011_dac,42
138,$4011_dac,10
138,$4011_dac,14
138,$4011_dac,2
138,$4011_dac,2
138,$4011_dac,38
138,$4011_dac,18
138,$4011_dac,2
138,$4011_dac,14
138,$4011_dac,30
139,$4011_dac,34
139,$4011_dac,22
139,$4011_dac,30
139,$4011_dac,62
139,$4011_dac,42
139,$4011_dac,42
139,$4011_dac,62
139,$4011_dac,62
139,$4011_dac,62
139,$4011_dac,62
139,$4011_dac,2
139,$4011_dac,6
139,$4011_dac,62
139,$4011_dac,2
139,$4011_dac,2
139,$4011_dac,46
139,$4011_dac,18
139,$4011_dac,2
139,$4011_dac,2
139,$4011_dac,2
139,$4011_dac,46
139,$4011_dac,50
139,$4011_dac,2
139,$4011_dac,46
139,$4011_dac,50
139,$4011_dac,18
139,$4011_dac,30
139,$4011_dac,50
139,$4011_dac,62
139,$4011_dac,62
139,$4011_dac,30
139,$4011_dac,62
139,$4011_dac,62
139,$4011_dac,62
139,$4011_dac,62
139,$4011_dac,2
139,$4011_dac,62
139,$4011_dac,62
139,$4011_dac,2
139,$4011_dac,2
139,$4011_dac,54
139,$4011_dac,6
139,$4011_dac,2
139,$4011_dac,2
139,$4011_dac,6
139,$4011_dac,62
139,$4011_dac,2
139,$4011_dac,2
139,$4011_dac,62
139,$4011_dac,50
139,$4011_dac,6
139,$4011_dac,46
139,$4011_dac,62
139,$4011_dac,62
139,$4011_dac,58
139,$4011_dac,38
139,$4011_dac,62
139,$4011_dac,62
139,$4011_dac,62
139,$4011_dac,2
139,$4011_dac,14
139,$4011_dac,62
139,$4011_dac,2
139,$4011_dac,2
139,$4011_dac,22
139,$4011_dac,34
139,$4011_dac,2
139,$4011_dac,2
139,$4011_dac,2
139,$4011_dac,62
139,$4011_dac,50
139,$4011_dac,2
139,$4011_dac,62
139,$4011_dac,62
139,$4011_dac,2
139,$4011_dac,14
139,$4011_dac,62
139,$4011_dac,62
139,$4011_dac,62
139,$4011_dac,34
139,$4011_dac,62
139,$4011_dac,62
139,$4011_dac,62
139,$4011_dac,2
139,$4011_dac,2
139,$4011_dac,62
139,$4011_dac,2
139,$4011_dac,2
139,$4011_dac,2
139,$4011_dac,50
139,$4011_dac,2
139,$4011_dac,2
139,$4011_dac,2
139,$4011_dac,38
139,$4011_dac,62
139,$4011_dac,2
139,$4011_dac,30
139,$4011_dac,62
139,$4011_dac,42
139,$4011_dac,2
139,$4011_dac,58
139,$4011_dac,62
139,$4011_dac,62
139,$4011_dac,54
139,$4011_dac,54
139,$4011_dac,62
139,$4011_dac,62
139,$4011_dac,34
139,$4011_dac,2
139,$4011_dac,62
139,$4011_dac,50
139,$4011_dac,2
139,$4011_dac,2
139,$4011_dac,34
139,$4011_dac,14
139,$4011_dac,2
139,$4011_dac,2
139,$4011_dac,22
139,$4011_dac,62
139,$4011_dac,2
139,$4011_dac,2
139,$4011_dac,62
139,$4011_dac,62
139,$4011_dac,2
139,$4011_dac,6
139,$4011_dac,62
139,$4011_dac,62
139,$4011_dac,54
139,$4011_dac,38
139,$4011_dac,62
139,$4011_dac,62
139,$4011_dac,50
139,$4011_dac,2
139,$4011_dac,62
139,$4011_dac,62
139,$4011_dac,2
139,$4011_dac,2
139,$4011_dac,42
139,$4011_dac,14
139,$4011_dac,34
139,$4011_dac,2
139,$4011_dac,6
139,$4011_dac,62
139,$4011_dac,34
139,$4011_dac,2
139,$4011_dac,62
139,$4011_dac,62
139,$4011_dac,10
139,$4011_dac,2
139,$4011_dac,62
139,$4011_dac,62
139,$4011_dac,62
139,$4011_dac,14
139,$4011_dac,62
139,$4011_dac,62
139,$4011_dac,62
139,$4011_dac,2
139,$4011_dac,46
139,$4011_dac,62
139,$4011_dac,2
139,$4011_dac,2
139,$4011_dac,46
139,$4011_dac,30
139,$4011_dac,34
139,$4011_dac,2
139,$4011_dac,2
139,$4011_dac,62
139,$4011_dac,58
139,$4011_dac,2
139,$4011_dac,46
139,$4011_dac,62
139,$4011_dac,34
139,$4011_dac,2
139,$4011_dac,30
139,$4011_dac,62
139,$4011_dac,62
139,$4011_dac,10
139,$4011_dac,54
139,$4011_dac,62
139,$4011_dac,62
139,$4011_dac,2
139,$4011_dac,14
139,$4011_dac,62
139,$4011_dac,34
139,$4011_dac,2
139,$4011_dac,14
139,$4011_dac,30
139,$4011_dac,50
139,$4011_dac,2
139,$4011_dac,2
139,$4011_dac,62
139,$4011_dac,62
139,$4011_dac,2
139,$4011_dac,14
139,$4011_dac,62
139,$4011_dac,62
139,$4011_dac,2
139,$4011_dac,6
139,$4011_dac,62
139,$4011_dac,62
139,$4011_dac,34
139,$4011_dac,30
139,$4011_dac,62
139,$4011_dac,62
139,$4011_dac,2
139,$4011_dac,2
139,$4011_dac,62
139,$4011_dac,50
139,$4011_dac,2
139,$4011_dac,2
139,$4011_dac,18
139,$4011_dac,50
139,$4011_dac,2
139,$4011_dac,2
139,$4011_dac,46
139,$4011_dac,62
139,$4011_dac,2
139,$4011_dac,2
139,$4011_dac,62
139,$4011_dac,62
139,$4011_dac,2
139,$4011_dac,6
139,$4011_dac,62
139,$4011_dac,62
139,$4011_dac,42
139,$4011_dac,30
139,$4011_dac,62
139,$4011_dac,62
139,$4011_dac,2
139,$4011_dac,2
139,$4011_dac,62
139,$4011_dac,50
139,$4011_dac,2
139,$4011_dac,6
139,$4011_dac,2
139,$4011_dac,46
139,$4011_dac,2
139,$4011_dac,2
139,$4011_dac,30
139,$4011_dac,62
139,$4011_dac,18
139,$4011_dac,2
139,$4011_dac,62
139,$4011_dac,50
139,$4011_dac,2
139,$4011_dac,30
139,$4011_dac,62
139,$4011_dac,62
139,$4011_dac,62
139,$4011_dac,22
139,$4011_dac,62
139,$4011_dac,62
139,$4011_dac,2
139,$4011_dac,46
139,$4011_dac,62
139,$4011_dac,2
139,$4011_dac,2
139,$4011_dac,18
139,$4011_dac,2
139,$4011_dac,22
139,$4011_dac,2
139,$4011_dac,2
139,$4011_dac,62
139,$4011_dac,58
139,$4011_dac,2
139,$4011_dac,46
139,$4011_dac,62
139,$4011_dac,2
139,$4011_dac,2
139,$4011_dac,62
139,$4011_dac,58
139,$4011_dac,62
139,$4011_dac,62
139,$4011_dac,30
139,$4011_dac,62
139,$4011_dac,34
139,$4011_dac,2
139,$4011_dac,62
139,$4011_dac,34
139,$4011_dac,2
139,$4011_dac,14
139,$4011_dac,2
139,$4011_dac,6
139,$4011_dac,6
139,$4011_dac,2
139,$4011_dac,2
139,$4011_dac,62
139,$4011_dac,34
139,$4011_dac,2
139,$4011_dac,62
139,$4011_dac,34
139,$4011_dac,2
139,$4011_dac,46
139,$4011_dac,62
139,$4011_dac,62
139,$4011_dac,62
139,$4011_dac,42
139,$4011_dac,62
139,$4011_dac,62
139,$4011_dac,2
139,$4011_dac,62
139,$4011_dac,50
139,$4011_dac,2
139,$4011_dac,2
139,$4011_dac,26
139,$4011_dac,2
139,$4011_dac,2
139,$4011_dac,18
140,$4011_dac,2
140,$4011_dac,54
140,$4011_dac,50
140,$4011_dac,2
140,$4011_dac,62
140,$4011_dac,50
140,$4011_dac,2
140,$4011_dac,14
140,$4011_dac,62
140,$4011_dac,50
140,$4011_dac,62
140,$4011_dac,62
140,$4011_dac,54
140,$4011_dac,62
140,$4011_dac,2
140,$4011_dac,54
140,$4011_dac,50
140,$4011_dac,18
140,$4011_dac,2
140,$4011_dac,30
140,$4011_dac,2
140,$4011_dac,2
140,$4011_dac,6
140,$4011_dac,2
140,$4011_dac,30
140,$4011_dac,50
140,$4011_dac,18
140,$4011_dac,30
140,$4011_dac,62
140,$4011_dac,2
140,$4011_dac,2
140,$4011_dac,62
140,$4011_dac,50
140,$4011_dac,62
140,$4011_dac,62
140,$4011_dac,46
140,$4011_dac,62
140,$4011_dac,2
140,$4011_dac,46
140,$4011_dac,50
140,$4011_dac,18
140,$4011_dac,2
140,$4011_dac,26
140,$4011_dac,2
140,$4011_dac,2
140,$4011_dac,2
140,$4011_dac,2
140,$4011_dac,22
140,$4011_dac,46
140,$4011_dac,34
140,$4011_dac,30
140,$4011_dac,62
140,$4011_dac,2
140,$4011_dac,2
140,$4011_dac,62
140,$4011_dac,58
140,$4011_dac,62
140,$4011_dac,62
140,$4011_dac,54
140,$4011_dac,62
140,$4011_dac,10
140,$4011_dac,30
140,$4011_dac,62
140,$4011_dac,18
140,$4011_dac,2
140,$4011_dac,22
140,$4011_dac,2
140,$4011_dac,2
140,$4011_dac,2
140,$4011_dac,2
140,$4011_dac,14
140,$4011_dac,50
140,$4011_dac,34
140,$4011_dac,22
140,$4011_dac,62
140,$4011_dac,2
140,$4011_dac,2
140,$4011_dac,62
140,$4011_dac,62
140,$4011_dac,62
140,$4011_dac,62
140,$4011_dac,58
140,$4011_dac,62
140,$4011_dac,34
140,$4011_dac,30
140,$4011_dac,62
140,$4011_dac,26
140,$4011_dac,2
140,$4011_dac,14
140,$4011_dac,2
140,$4011_dac,10
140,$4011_dac,2
140,$4011_dac,10
140,$4011_dac,14
140,$4011_dac,50
140,$4011_dac,34
140,$4011_dac,14
140,$4011_dac,62
140,$4011_dac,2
140,$4011_dac,2
140,$4011_dac,62
140,$4011_dac,62
140,$4011_dac,54
140,$4011_dac,62
140,$4011_dac,62
140,$4011_dac,62
140,$4011_dac,34
140,$4011_dac,22
140,$4011_dac,62
140,$4011_dac,30
140,$4011_dac,2
140,$4011_dac,14
140,$4011_dac,2
140,$4011_dac,18
140,$4011_dac,2
140,$4011_dac,2
140,$4011_dac,14
140,$4011_dac,50
140,$4011_dac,38
140,$4011_dac,10
140,$4011_dac,62
140,$4011_dac,10
140,$4011_dac,2
140,$4011_dac,62
140,$4011_dac,62
140,$4011_dac,62
140,$4011_dac,62
140,$4011_dac,62
140,$4011_dac,62
140,$4011_dac,42
140,$4011_dac,22
140,$4011_dac,62
140,$4011_dac,22
140,$4011_dac,2
140,$4011_dac,14
140,$4011_dac,2
140,$4011_dac,10
140,$4011_dac,2
140,$4011_dac,14
140,$4011_dac,2
140,$4011_dac,50
140,$4011_dac,38
140,$4011_dac,14
140,$4011_dac,62
140,$4011_dac,2
140,$4011_dac,2
140,$4011_dac,62
140,$4011_dac,62
140,$4011_dac,54
140,$4011_dac,62
140,$4011_dac,54
140,$4011_dac,62
140,$4011_dac,50
140,$4011_dac,14
140,$4011_dac,62
140,$4011_dac,26
140,$4011_dac,2
140,$4011_dac,6
140,$4011_dac,10
140,$4011_dac,6
140,$4011_dac,2
140,$4011_dac,18
140,$4011_dac,2
140,$4011_dac,46
140,$4011_dac,42
140,$4011_dac,14
140,$4011_dac,62
140,$4011_dac,2
140,$4011_dac,2
140,$4011_dac,62
140,$4011_dac,62
140,$4011_dac,62
140,$4011_dac,62
140,$4011_dac,62
140,$4011_dac,62
140,$4011_dac,34
140,$4011_dac,22
140,$4011_dac,62
140,$4011_dac,18
140,$4011_dac,2
140,$4011_dac,14
140,$4011_dac,2
140,$4011_dac,10
140,$4011_dac,2
140,$4011_dac,18
140,$4011_dac,2
140,$4011_dac,50
140,$4011_dac,38
140,$4011_dac,10
140,$4011_dac,62
140,$4011_dac,2
140,$4011_dac,2
140,$4011_dac,62
140,$4011_dac,62
140,$4011_dac,62
140,$4011_dac,62
140,$4011_dac,62
140,$4011_dac,62
140,$4011_dac,18
140,$4011_dac,46
140,$4011_dac,58
140,$4011_dac,14
140,$4011_dac,2
140,$4011_dac,14
140,$4011_dac,2
140,$4011_dac,14
140,$4011_dac,2
140,$4011_dac,14
140,$4011_dac,14
140,$4011_dac,50
140,$4011_dac,34
140,$4011_dac,22
140,$4011_dac,62
140,$4011_dac,2
140,$4011_dac,10
140,$4011_dac,62
140,$4011_dac,62
140,$4011_dac,62
140,$4011_dac,62
140,$4011_dac,62
140,$4011_dac,62
140,$4011_dac,18
140,$4011_dac,46
140,$4011_dac,58
140,$4011_dac,6
140,$4011_dac,2
140,$4011_dac,26
140,$4011_dac,2
140,$4011_dac,6
140,$4011_dac,2
140,$4011_dac,18
140,$4011_dac,14
140,$4011_dac,46
140,$4011_dac,34
140,$4011_dac,30
140,$4011_dac,62
140,$4011_dac,2
140,$4011_dac,14
140,$4011_dac,62
140,$4011_dac,58
140,$4011_dac,62
140,$4011_dac,62
140,$4011_dac,62
140,$4011_dac,62
140,$4011_dac,18
140,$4011_dac,46
140,$4011_dac,50
140,$4011_dac,14
140,$4011_dac,2
140,$4011_dac,30
140,$4011_dac,2
140,$4011_dac,2
140,$4011_dac,2
140,$4011_dac,10
140,$4011_dac,14
140,$4011_dac,42
140,$4011_dac,42
140,$4011_dac,30
140,$4011_dac,62
140,$4011_dac,2
140,$4011_dac,22
140,$4011_dac,62
140,$4011_dac,50
140,$4011_dac,62
140,$4011_dac,62
140,$4011_dac,62
140,$4011_dac,62
140,$4011_dac,10
140,$4011_dac,46
140,$4011_dac,42
140,$4011_dac,18
140,$4011_dac,2
140,$4011_dac,22
140,$4011_dac,2
140,$4011_dac,2
140,$4011_dac,2
140,$4011_dac,6
140,$4011_dac,30
140,$4011_dac,42
140,$4011_dac,42
140,$4011_dac,30
140,$4011_dac,62
140,$4011_dac,2
140,$4011_dac,26
140,$4011_dac,62
140,$4011_dac,50
140,$4011_dac,62
140,$4011_dac,62
140,$4011_dac,62
140,$4011_dac,62
140,$4011_dac,10
140,$4011_dac,46
140,$4011_dac,50
140,$4011_dac,22
140,$4011_dac,2
140,$4011_dac,46
140,$4011_dac,2
140,$4011_dac,2
140,$4011_dac,2
140,$4011_dac,18
140,$4011_dac,14
140,$4011_dac,42
140,$4011_dac,50
140,$4011_dac,14
140,$4011_dac,62
140,$4011_dac,2
140,$4011_dac,26
140,$4011_dac,62
140,$4011_dac,50
141,$4011_dac,62
141,$4011_dac,62
141,$4011_dac,62
141,$4011_dac,62
141,$4011_dac,18
141,$4011_dac,30
141,$4011_dac,50
141,$4011_dac,22
141,$4011_dac,2
141,$4011_dac,14
141,$4011_dac,2
141,$4011_dac,14
141,$4011_dac,2
141,$4011_dac,18
141,$4011_dac,14
141,$4011_dac,50
141,$4011_dac,50
141,$4011_dac,14
141,$4011_dac,62
141,$4011_dac,2
141,$4011_dac,30
141,$4011_dac,62
141,$4011_dac,58
141,$4011_dac,62
141,$4011_dac,62
141,$4011_dac,62
141,$4011_dac,62
141,$4011_dac,34
141,$4011_dac,30
141,$4011_dac,62
141,$4011_dac,22
141,$4011_dac,2
141,$4011_dac,14
141,$4011_dac,2
141,$4011_dac,10
141,$4011_dac,2
141,$4011_dac,18
141,$4011_dac,2
141,$4011_dac,50
141,$4011_dac,58
141,$4011_dac,2
141,$4011_dac,62
141,$4011_dac,2
141,$4011_dac,26
141,$4011_dac,62
141,$4011_dac,62
141,$4011_dac,62
141,$4011_dac,62
141,$4011_dac,62
141,$4011_dac,62
141,$4011_dac,34
141,$4011_dac,14
141,$4011_dac,62
141,$4011_dac,14
141,$4011_dac,2
141,$4011_dac,6
141,$4011_dac,2
141,$4011_dac,14
141,$4011_dac,2
141,$4011_dac,18
141,$4011_dac,2
141,$4011_dac,54
141,$4011_dac,54
141,$4011_dac,2
141,$4011_dac,62
141,$4011_dac,2
141,$4011_dac,30
141,$4011_dac,62
141,$4011_dac,62
141,$4011_dac,62
141,$4011_dac,62
141,$4011_dac,58
141,$4011_dac,62
141,$4011_dac,50
141,$4011_dac,6
141,$4011_dac,62
141,$4011_dac,22
141,$4011_dac,2
141,$4011_dac,2
141,$4011_dac,2
141,$4011_dac,10
141,$4011_dac,2
141,$4011_dac,22
141,$4011_dac,2
141,$4011_dac,46
141,$4011_dac,62
141,$4011_dac,6
141,$4011_dac,62
141,$4011_dac,2
141,$4011_dac,30
141,$4011_dac,62
141,$4011_dac,62
141,$4011_dac,62
141,$4011_dac,62
141,$4011_dac,62
141,$4011_dac,62
141,$4011_dac,50
141,$4011_dac,2
141,$4011_dac,62
141,$4011_dac,18
141,$4011_dac,2
141,$4011_dac,2
141,$4011_dac,2
141,$4011_dac,6
141,$4011_dac,2
141,$4011_dac,22
141,$4011_dac,2
141,$4011_dac,58
141,$4011_dac,62
141,$4011_dac,2
141,$4011_dac,62
141,$4011_dac,2
141,$4011_dac,30
141,$4011_dac,62
141,$4011_dac,62
141,$4011_dac,46
141,$4011_dac,62
141,$4011_dac,62
141,$4011_dac,62
141,$4011_dac,62
141,$4011_dac,2
141,$4011_dac,62
141,$4011_dac,14
141,$4011_dac,2
141,$4011_dac,2
141,$4011_dac,18
141,$4011_dac,10
141,$4011_dac,2
141,$4011_dac,14
141,$4011_dac,2
141,$4011_dac,50
141,$4011_dac,58
141,$4011_dac,18
141,$4011_dac,62
141,$4011_dac,2
141,$4011_dac,30
141,$4011_dac,54
141,$4011_dac,62
141,$4011_dac,54
141,$4011_dac,62
141,$4011_dac,62
141,$4011_dac,62
141,$4011_dac,58
141,$4011_dac,2
141,$4011_dac,62
141,$4011_dac,10
141,$4011_dac,2
141,$4011_dac,2
141,$4011_dac,18
141,$4011_dac,6
141,$4011_dac,2
141,$4011_dac,14
141,$4011_dac,2
141,$4011_dac,58
141,$4011_dac,58
141,$4011_dac,10
141,$4011_dac,62
141,$4011_dac,2
141,$4011_dac,14
141,$4011_dac,62
141,$4011_dac,62
141,$4011_dac,46
141,$4011_dac,62
141,$4011_dac,62
141,$4011_dac,62
141,$4011_dac,62
141,$4011_dac,2
141,$4011_dac,62
141,$4011_dac,10
141,$4011_dac,2
141,$4011_dac,2
141,$4011_dac,18
141,$4011_dac,6
141,$4011_dac,2
141,$4011_dac,14
141,$4011_dac,2
141,$4011_dac,46
141,$4011_dac,62
141,$4011_dac,34
141,$4011_dac,62
141,$4011_dac,2
141,$4011_dac,30
141,$4011_dac,54
141,$4011_dac,62
141,$4011_dac,46
141,$4011_dac,62
141,$4011_dac,62
141,$4011_dac,62
141,$4011_dac,62
141,$4011_dac,2
141,$4011_dac,62
141,$4011_dac,14
141,$4011_dac,2
141,$4011_dac,2
141,$4011_dac,18
141,$4011_dac,6
141,$4011_dac,2
141,$4011_dac,14
141,$4011_dac,2
141,$4011_dac,46
141,$4011_dac,62
141,$4011_dac,18
141,$4011_dac,62
141,$4011_dac,2
141,$4011_dac,30
141,$4011_dac,46
141,$4011_dac,62
141,$4011_dac,54
141,$4011_dac,62
141,$4011_dac,58
141,$4011_dac,62
141,$4011_dac,62
141,$4011_dac,2
141,$4011_dac,62
141,$4011_dac,18
141,$4011_dac,2
141,$4011_dac,2
141,$4011_dac,18
141,$4011_dac,2
141,$4011_dac,2
141,$4011_dac,22
141,$4011_dac,2
141,$4011_dac,46
141,$4011_dac,62
141,$4011_dac,34
141,$4011_dac,46
141,$4011_dac,2
141,$4011_dac,14
141,$4011_dac,54
141,$4011_dac,62
141,$4011_dac,46
141,$4011_dac,62
141,$4011_dac,62
141,$4011_dac,62
141,$4011_dac,62
141,$4011_dac,2
141,$4011_dac,62
141,$4011_dac,18
141,$4011_dac,10
141,$4011_dac,2
141,$4011_dac,10
141,$4011_dac,2
141,$4011_dac,2
141,$4011_dac,22
141,$4011_dac,2
141,$4011_dac,46
141,$4011_dac,62
141,$4011_dac,34
141,$4011_dac,54
141,$4011_dac,2
141,$4011_dac,14
141,$4011_dac,54
141,$4011_dac,62
141,$4011_dac,46
141,$4011_dac,62
141,$4011_dac,54
141,$4011_dac,62
141,$4011_dac,62
141,$4011_dac,2
141,$4011_dac,62
141,$4011_dac,18
141,$4011_dac,18
141,$4011_dac,2
141,$4011_dac,18
141,$4011_dac,2
141,$4011_dac,2
141,$4011_dac,14
141,$4011_dac,2
141,$4011_dac,30
141,$4011_dac,62
141,$4011_dac,34
141,$4011_dac,46
141,$4011_dac,2
141,$4011_dac,14
141,$4011_dac,46
141,$4011_dac,62
141,$4011_dac,54
141,$4011_dac,62
141,$4011_dac,46
141,$4011_dac,62
141,$4011_dac,62
141,$4011_dac,2
141,$4011_dac,62
141,$4011_dac,18
141,$4011_dac,18
141,$4011_dac,2
141,$4011_dac,18
141,$4011_dac,2
141,$4011_dac,2
141,$4011_dac,22
141,$4011_dac,2
141,$4011_dac,30
141,$4011_dac,62
141,$4011_dac,34
141,$4011_dac,46
141,$4011_dac,2
141,$4011_dac,14
141,$4011_dac,54
141,$4011_dac,62
141,$4011_dac,54
141,$4011_dac,62
141,$4011_dac,62
141,$4011_dac,62
141,$4011_dac,62
141,$4011_dac,2
141,$4011_dac,62
141,$4011_dac,18
141,$4011_dac,18
142,$4011_dac,2
142,$4011_dac,2
142,$4011_dac,2
142,$4011_dac,2
142,$4011_dac,18
142,$4011_dac,2
142,$4011_dac,42
142,$4011_dac,62
142,$4011_dac,34
142,$4011_dac,58
142,$4011_dac,2
142,$4011_dac,14
142,$4011_dac,62
142,$4011_dac,62
142,$4011_dac,58
142,$4011_dac,62
142,$4011_dac,54
142,$4011_dac,62
142,$4011_dac,62
142,$4011_dac,2
142,$4011_dac,62
142,$4011_dac,18
142,$4011_dac,2
142,$4011_dac,2
142,$4011_dac,2
142,$4011_dac,2
142,$4011_dac,2
142,$4011_dac,30
142,$4011_dac,2
142,$4011_dac,30
142,$4011_dac,62
142,$4011_dac,34
142,$4011_dac,58
142,$4011_dac,2
142,$4011_dac,30
142,$4011_dac,62
142,$4011_dac,62
142,$4011_dac,62
142,$4011_dac,62
142,$4011_dac,62
142,$4011_dac,62
142,$4011_dac,58
142,$4011_dac,2
142,$4011_dac,62
142,$4011_dac,14
142,$4011_dac,2
142,$4011_dac,2
142,$4011_dac,2
142,$4011_dac,2
142,$4011_dac,2
142,$4011_dac,34
142,$4011_dac,2
142,$4011_dac,42
142,$4011_dac,62
142,$4011_dac,34
142,$4011_dac,62
142,$4011_dac,2
142,$4011_dac,30
142,$4011_dac,62
142,$4011_dac,62
142,$4011_dac,62
142,$4011_dac,62
142,$4011_dac,62
142,$4011_dac,62
142,$4011_dac,50
142,$4011_dac,6
142,$4011_dac,62
142,$4011_dac,14
142,$4011_dac,2
142,$4011_dac,2
142,$4011_dac,2
142,$4011_dac,2
142,$4011_dac,2
142,$4011_dac,26
142,$4011_dac,2
142,$4011_dac,46
142,$4011_dac,62
142,$4011_dac,34
142,$4011_dac,62
142,$4011_dac,2
142,$4011_dac,30
142,$4011_dac,62
142,$4011_dac,62
142,$4011_dac,62
142,$4011_dac,62
142,$4011_dac,62
142,$4011_dac,62
142,$4011_dac,34
142,$4011_dac,14
142,$4011_dac,50
142,$4011_dac,30
142,$4011_dac,2
142,$4011_dac,14
142,$4011_dac,2
142,$4011_dac,2
142,$4011_dac,2
142,$4011_dac,34
142,$4011_dac,2
142,$4011_dac,38
142,$4011_dac,62
142,$4011_dac,30
142,$4011_dac,58
142,$4011_dac,2
142,$4011_dac,42
142,$4011_dac,62
142,$4011_dac,62
142,$4011_dac,62
142,$4011_dac,54
142,$4011_dac,62
142,$4011_dac,62
142,$4011_dac,34
142,$4011_dac,14
142,$4011_dac,50
142,$4011_dac,46
142,$4011_dac,2
142,$4011_dac,14
142,$4011_dac,2
142,$4011_dac,6
142,$4011_dac,2
142,$4011_dac,34
142,$4011_dac,2
142,$4011_dac,34
142,$4011_dac,62
142,$4011_dac,26
142,$4011_dac,58
142,$4011_dac,2
142,$4011_dac,26
142,$4011_dac,62
142,$4011_dac,62
142,$4011_dac,62
142,$4011_dac,50
142,$4011_dac,62
142,$4011_dac,62
142,$4011_dac,18
142,$4011_dac,14
142,$4011_dac,50
142,$4011_dac,38
142,$4011_dac,2
142,$4011_dac,14
142,$4011_dac,2
142,$4011_dac,6
142,$4011_dac,6
142,$4011_dac,18
142,$4011_dac,2
142,$4011_dac,38
142,$4011_dac,62
142,$4011_dac,34
142,$4011_dac,58
142,$4011_dac,2
142,$4011_dac,38
142,$4011_dac,62
142,$4011_dac,62
142,$4011_dac,62
142,$4011_dac,50
142,$4011_dac,62
142,$4011_dac,62
142,$4011_dac,18
142,$4011_dac,30
142,$4011_dac,34
142,$4011_dac,46
142,$4011_dac,2
142,$4011_dac,18
142,$4011_dac,2
142,$4011_dac,2
142,$4011_dac,14
142,$4011_dac,18
142,$4011_dac,2
142,$4011_dac,30
142,$4011_dac,62
142,$4011_dac,38
142,$4011_dac,50
142,$4011_dac,2
142,$4011_dac,38
142,$4011_dac,62
142,$4011_dac,62
142,$4011_dac,62
142,$4011_dac,50
142,$4011_dac,62
142,$4011_dac,62
142,$4011_dac,18
142,$4011_dac,30
142,$4011_dac,34
142,$4011_dac,46
142,$4011_dac,2
142,$4011_dac,18
142,$4011_dac,2
142,$4011_dac,2
142,$4011_dac,14
142,$4011_dac,18
142,$4011_dac,2
142,$4011_dac,30
142,$4011_dac,62
142,$4011_dac,30
142,$4011_dac,50
142,$4011_dac,2
142,$4011_dac,38
142,$4011_dac,62
142,$4011_dac,62
142,$4011_dac,62
142,$4011_dac,50
142,$4011_dac,62
142,$4011_dac,62
142,$4011_dac,10
142,$4011_dac,30
142,$4011_dac,34
142,$4011_dac,46
142,$4011_dac,2
142,$4011_dac,14
142,$4011_dac,2
142,$4011_dac,2
142,$4011_dac,14
142,$4011_dac,2
142,$4011_dac,2
142,$4011_dac,38
142,$4011_dac,62
142,$4011_dac,38
142,$4011_dac,42
142,$4011_dac,2
142,$4011_dac,30
142,$4011_dac,62
142,$4011_dac,62
142,$4011_dac,62
142,$4011_dac,46
142,$4011_dac,62
142,$4011_dac,62
142,$4011_dac,10
142,$4011_dac,30
142,$4011_dac,34
142,$4011_dac,46
142,$4011_dac,2
142,$4011_dac,14
142,$4011_dac,2
142,$4011_dac,2
142,$4011_dac,14
142,$4011_dac,2
142,$4011_dac,2
142,$4011_dac,30
142,$4011_dac,62
142,$4011_dac,46
142,$4011_dac,50
142,$4011_dac,2
142,$4011_dac,30
142,$4011_dac,62
142,$4011_dac,62
142,$4011_dac,62
142,$4011_dac,50
142,$4011_dac,62
142,$4011_dac,62
142,$4011_dac,18
142,$4011_dac,30
142,$4011_dac,34
142,$4011_dac,46
142,$4011_dac,2
142,$4011_dac,14
142,$4011_dac,2
142,$4011_dac,2
142,$4011_dac,6
142,$4011_dac,18
142,$4011_dac,2
142,$4011_dac,30
142,$4011_dac,62
142,$4011_dac,38
142,$4011_dac,50
142,$4011_dac,2
142,$4011_dac,30
142,$4011_dac,62
142,$4011_dac,62
142,$4011_dac,62
142,$4011_dac,58
142,$4011_dac,62
142,$4011_dac,62
142,$4011_dac,34
142,$4011_dac,14
142,$4011_dac,50
142,$4011_dac,46
142,$4011_dac,2
142,$4011_dac,14
142,$4011_dac,2
142,$4011_dac,10
142,$4011_dac,6
142,$4011_dac,18
142,$4011_dac,2
142,$4011_dac,26
142,$4011_dac,62
142,$4011_dac,30
142,$4011_dac,62
142,$4011_dac,2
142,$4011_dac,14
142,$4011_dac,62
142,$4011_dac,62
142,$4011_dac,62
142,$4011_dac,62
142,$4011_dac,62
142,$4011_dac,62
142,$4011_dac,58
142,$4011_dac,2
142,$4011_dac,58
142,$4011_dac,42
142,$4011_dac,2
142,$4011_dac,2
142,$4011_dac,2
142,$4011_dac,14
142,$4011_dac,2
142,$4011_dac,34
142,$4011_dac,2
142,$4011_dac,22
142,$4011_dac,62
142,$4011_dac,42
143,$4011_dac,54
143,$4011_dac,2
143,$4011_dac,6
143,$4011_dac,62
143,$4011_dac,62
143,$4011_dac,46
143,$4011_dac,62
143,$4011_dac,62
143,$4011_dac,62
143,$4011_dac,62
143,$4011_dac,2
143,$4011_dac,62
143,$4011_dac,38
143,$4011_dac,34
143,$4011_dac,2
143,$4011_dac,2
143,$4011_dac,2
143,$4011_dac,2
143,$4011_dac,30
143,$4011_dac,2
143,$4011_dac,14
143,$4011_dac,46
143,$4011_dac,58
143,$4011_dac,46
143,$4011_dac,18
143,$4011_dac,2
143,$4011_dac,46
143,$4011_dac,62
143,$4011_dac,42
143,$4011_dac,62
143,$4011_dac,62
143,$4011_dac,62
143,$4011_dac,62
143,$4011_dac,2
143,$4011_dac,30
143,$4011_dac,50
143,$4011_dac,50
143,$4011_dac,2
143,$4011_dac,6
143,$4011_dac,2
143,$4011_dac,10
143,$4011_dac,6
143,$4011_dac,2
143,$4011_dac,2
143,$4011_dac,38
143,$4011_dac,62
143,$4011_dac,22
143,$4011_dac,50
143,$4011_dac,2
143,$4011_dac,30
143,$4011_dac,62
143,$4011_dac,50
143,$4011_dac,62
143,$4011_dac,62
143,$4011_dac,62
143,$4011_dac,62
143,$4011_dac,50
143,$4011_dac,2
143,$4011_dac,62
143,$4011_dac,50
143,$4011_dac,2
143,$4011_dac,2
143,$4011_dac,2
143,$4011_dac,14
143,$4011_dac,2
143,$4011_dac,22
143,$4011_dac,2
143,$4011_dac,30
143,$4011_dac,62
143,$4011_dac,34
143,$4011_dac,30
143,$4011_dac,2
143,$4011_dac,10
143,$4011_dac,62
143,$4011_dac,62
143,$4011_dac,30
143,$4011_dac,62
143,$4011_dac,62
143,$4011_dac,62
143,$4011_dac,62
143,$4011_dac,2
143,$4011_dac,62
143,$4011_dac,50
143,$4011_dac,34
143,$4011_dac,2
143,$4011_dac,14
143,$4011_dac,2
143,$4011_dac,10
143,$4011_dac,2
143,$4011_dac,2
143,$4011_dac,6
143,$4011_dac,50
143,$4011_dac,58
143,$4011_dac,14
143,$4011_dac,42
143,$4011_dac,2
143,$4011_dac,42
143,$4011_dac,62
143,$4011_dac,34
143,$4011_dac,62
143,$4011_dac,62
143,$4011_dac,62
143,$4011_dac,62
143,$4011_dac,50
143,$4011_dac,6
143,$4011_dac,62
143,$4011_dac,38
143,$4011_dac,2
143,$4011_dac,6
143,$4011_dac,10
143,$4011_dac,14
143,$4011_dac,2
143,$4011_dac,18
143,$4011_dac,2
143,$4011_dac,46
143,$4011_dac,58
143,$4011_dac,18
143,$4011_dac,30
143,$4011_dac,34
143,$4011_dac,14
143,$4011_dac,58
143,$4011_dac,62
143,$4011_dac,30
143,$4011_dac,62
143,$4011_dac,62
143,$4011_dac,62
143,$4011_dac,62
143,$4011_dac,2
143,$4011_dac,46
143,$4011_dac,62
143,$4011_dac,26
143,$4011_dac,2
143,$4011_dac,30
143,$4011_dac,2
143,$4011_dac,10
143,$4011_dac,2
143,$4011_dac,2
143,$4011_dac,2
143,$4011_dac,62
143,$4011_dac,38
143,$4011_dac,2
143,$4011_dac,54
143,$4011_dac,2
143,$4011_dac,30
143,$4011_dac,62
143,$4011_dac,50
143,$4011_dac,62
143,$4011_dac,62
143,$4011_dac,58
143,$4011_dac,62
143,$4011_dac,62
143,$4011_dac,2
143,$4011_dac,62
143,$4011_dac,58
143,$4011_dac,2
143,$4011_dac,2
143,$4011_dac,42
143,$4011_dac,2
143,$4011_dac,2
143,$4011_dac,2
143,$4011_dac,2
143,$4011_dac,2
143,$4011_dac,62
143,$4011_dac,18
143,$4011_dac,14
143,$4011_dac,46
143,$4011_dac,2
143,$4011_dac,46
143,$4011_dac,62
143,$4011_dac,34
143,$4011_dac,62
143,$4011_dac,62
143,$4011_dac,62
143,$4011_dac,62
143,$4011_dac,62
143,$4011_dac,2
143,$4011_dac,62
143,$4011_dac,50
143,$4011_dac,2
143,$4011_dac,2
143,$4011_dac,42
143,$4011_dac,2
143,$4011_dac,6
143,$4011_dac,2
143,$4011_dac,2
143,$4011_dac,14
143,$4011_dac,62
143,$4011_dac,2
143,$4011_dac,30
143,$4011_dac,38
143,$4011_dac,2
143,$4011_dac,62
143,$4011_dac,62
143,$4011_dac,30
143,$4011_dac,62
143,$4011_dac,62
143,$4011_dac,58
143,$4011_dac,62
143,$4011_dac,58
143,$4011_dac,2
143,$4011_dac,62
143,$4011_dac,58
143,$4011_dac,2
143,$4011_dac,6
143,$4011_dac,46
143,$4011_dac,2
143,$4011_dac,18
143,$4011_dac,2
143,$4011_dac,2
143,$4011_dac,14
143,$4011_dac,58
143,$4011_dac,2
143,$4011_dac,30
143,$4011_dac,50
143,$4011_dac,2
143,$4011_dac,62
143,$4011_dac,62
143,$4011_dac,18
143,$4011_dac,62
143,$4011_dac,58
143,$4011_dac,30
143,$4011_dac,62
143,$4011_dac,58
143,$4011_dac,2
143,$4011_dac,22
143,$4011_dac,62
143,$4011_dac,2
143,$4011_dac,14
143,$4011_dac,50
143,$4011_dac,2
143,$4011_dac,14
143,$4011_dac,58
143,$4011_dac,2
143,$4011_dac,22
143,$4011_dac,54
143,$4011_dac,26
143,$4011_dac,30
143,$4011_dac,58
143,$4011_dac,18
143,$4011_dac,22
143,$4011_dac,62
143,$4011_dac,34
143,$4011_dac,6
143,$4011_dac,42
143,$4011_dac,26
143,$4011_dac,14
143,$4011_dac,38
143,$4011_dac,18
143,$4011_dac,14
143,$4011_dac,34
143,$4011_dac,22
143,$4011_dac,22
143,$4011_dac,34
143,$4011_dac,18
143,$4011_dac,30
143,$4011_dac,34
143,$4011_dac,22
143,$4011_dac,34
143,$4011_dac,30
143,$4011_dac,26
143,$4011_dac,30
143,$4011_dac,26
143,$4011_dac,26
143,$4011_dac,30
143,$4011_dac,22
143,$4011_dac,22
143,$4011_dac,18
143,$4011_dac,18
143,$4011_dac,22
143,$4011_dac,18
143,$4011_dac,14
143,$4011_dac,22
143,$4011_dac,14
143,$4011_dac,26
143,$4011_dac,26
143,$4011_dac,22
143,$4011_dac,30
143,$4011_dac,26
143,$4011_dac,26
143,$4011_dac,34
143,$4011_dac,26
143,$4011_dac,26
143,$4011_dac,26
143,$4011_dac,26
143,$4011_dac,26
143,$4011_dac,26
143,$4011_dac,30
143,$4011_dac,18
143,$4011_dac,22
143,$4011_dac,26
143,$4011_dac,26
143,$4011_dac,26
143,$4011_dac,18
143,$4011_dac,22
143,$4011_dac,14
143,$4011_dac,22
143,$4011_dac,22
143,$4011_dac,22
143,$4011_dac,22
143,$4011_dac,22
143,$4011_dac,22
143,$4011_dac,34
143,$4011_dac,22
143,$4011_dac,22
143,$4011_dac,34
143,$4011_dac,34
143,$4011_dac,26
143,$4011_dac,26
143,$4011_dac,34
144,$4011_dac,34
144,$4011_dac,30
144,$4011_dac,34
144,$4011_dac,18
144,$4011_dac,30
144,$4011_dac,26
144,$4011_dac,26
144,$4011_dac,22
144,$4011_dac,26
144,$4011_dac,22
144,$4011_dac,26
144,$4011_dac,30
144,$4011_dac,18
144,$4011_dac,22
144,$4011_dac,22
144,$4011_dac,18
144,$4011_dac,26
144,$4011_dac,30
144,$4011_dac,18
144,$4011_dac,26
144,$4011_dac,30
144,$4011_dac,26
144,$4011_dac,30
144,$4011_dac,38
144,$4011_dac,30
144,$4011_dac,38
144,$4011_dac,42
144,$4011_dac,26
144,$4011_dac,30
144,$4011_dac,42
144,$4011_dac,26
144,$4011_dac,30
144,$4011_dac,34
144,$4011_dac,22
144,$4011_dac,34
144,$4011_dac,34
144,$4011_dac,22
144,$4011_dac,30
144,$4011_dac,34
144,$4011_dac,26
144,$4011_dac,34
144,$4011_dac,38
144,$4011_dac,22
144,$4011_dac,30
144,$4011_dac,34
144,$4011_dac,22
144,$4011_dac,26
144,$4011_dac,34
144,$4011_dac,22
144,$4011_dac,26
144,$4011_dac,38
144,$4011_dac,22
144,$4011_dac,38
144,$4011_dac,2
144,$4011_dac,62
144,$4011_dac,2
144,$4011_dac,62
144,$4011_dac,50
144,$4011_dac,30
144,$4011_dac,62
144,$4011_dac,14
144,$4011_dac,62
144,$4011_dac,50
144,$4011_dac,54
144,$4011_dac,58
144,$4011_dac,46
144,$4011_dac,50
144,$4011_dac,46
144,$4011_dac,46
144,$4011_dac,42
144,$4011_dac,46
144,$4011_dac,38
144,$4011_dac,42
144,$4011_dac,38
144,$4011_dac,38
144,$4011_dac,34
144,$4011_dac,30
144,$4011_dac,34
144,$4011_dac,26
144,$4011_dac,30
144,$4011_dac,30
144,$4011_dac,30
144,$4011_dac,26
144,$4011_dac,26
144,$4011_dac,30
144,$4011_dac,30
144,$4011_dac,38
144,$4011_dac,26
144,$4011_dac,38
144,$4011_dac,30
144,$4011_dac,34
144,$4011_dac,34
144,$4011_dac,34
144,$4011_dac,34
144,$4011_dac,30
144,$4011_dac,34
144,$4011_dac,34
144,$4011_dac,34
144,$4011_dac,26
144,$4011_dac,30
144,$4011_dac,26
144,$4011_dac,30
144,$4011_dac,30
144,$4011_dac,30
144,$4011_dac,26
144,$4011_dac,26
144,$4011_dac,22
144,$4011_dac,22
144,$4011_dac,26
144,$4011_dac,26
144,$4011_dac,22
144,$4011_dac,30
144,$4011_dac,34
144,$4011_dac,6
144,$4011_dac,42
144,$4011_dac,22
144,$4011_dac,22
144,$4011_dac,34
144,$4011_dac,22
144,$4011_dac,30
144,$4011_dac,34
144,$4011_dac,26
144,$4011_dac,26
144,$4011_dac,34
144,$4011_dac,26
144,$4011_dac,34
144,$4011_dac,34
144,$4011_dac,30
144,$4011_dac,34
144,$4011_dac,34
144,$4011_dac,30
144,$4011_dac,30
144,$4011_dac,38
144,$4011_dac,34
144,$4011_dac,34
144,$4011_dac,34
144,$4011_dac,26
144,$4011_dac,34
144,$4011_dac,34
144,$4011_dac,34
144,$4011_dac,26
144,$4011_dac,30
144,$4011_dac,22
144,$4011_dac,30
144,$4011_dac,30
144,$4011_dac,22
144,$4011_dac,26
144,$4011_dac,26
144,$4011_dac,26
144,$4011_dac,26
144,$4011_dac,30
144,$4011_dac,26
144,$4011_dac,30
144,$4011_dac,30
144,$4011_dac,26
144,$4011_dac,30
144,$4011_dac,34
144,$4011_dac,34
144,$4011_dac,34
144,$4011_dac,34
144,$4011_dac,30
144,$4011_dac,38
144,$4011_dac,38
144,$4011_dac,34
144,$4011_dac,34
144,$4011_dac,34
144,$4011_dac,34
144,$4011_dac,34
144,$4011_dac,38
144,$4011_dac,30
144,$4011_dac,34
144,$4011_dac,34
144,$4011_dac,34
144,$4011_dac,34
144,$4011_dac,34
144,$4011_dac,30
144,$4011_dac,30
144,$4011_dac,30
144,$4011_dac,30
144,$4011_dac,30
144,$4011_dac,34
144,$4011_dac,30
144,$4011_dac,30
144,$4011_dac,34
144,$4011_dac,34
144,$4011_dac,34
144,$4011_dac,30
144,$4011_dac,34
144,$4011_dac,30
144,$4011_dac,30
144,$4011_dac,34
144,$4011_dac,34
144,$4011_dac,30
144,$4011_dac,30
144,$4011_dac,34
144,$4011_dac,34
144,$4011_dac,34
144,$4011_dac,34
144,$4011_dac,30
144,$4011_dac,34
144,$4011_dac,34
144,$4011_dac,34
144,$4011_dac,38
144,$4011_dac,38
144,$4011_dac,34
144,$4011_dac,34
144,$4011_dac,34
144,$4011_dac,34
144,$4011_dac,38
144,$4011_dac,34
144,$4011_dac,34
144,$4011_dac,34
144,$4011_dac,34
144,$4011_dac,30
144,$4011_dac,34
144,$4011_dac,30
144,$4011_dac,30
144,$4011_dac,34
144,$4011_dac,34
144,$4011_dac,30
144,$4011_dac,34
144,$4011_dac,34
144,$4011_dac,30
144,$4011_dac,34
144,$4011_dac,34
144,$4011_dac,30
144,$4011_dac,38
144,$4011_dac,34
144,$4011_dac,30
144,$4011_dac,34
144,$4011_dac,34
144,$4011_dac,34
144,$4011_dac,38
144,$4011_dac,34
144,$4011_dac,34
144,$4011_dac,38
144,$4011_dac,34
144,$4011_dac,34
144,$4011_dac,34
144,$4011_dac,34
144,$4011_dac,34
144,$4011_dac,34
144,$4011_dac,34
144,$4011_dac,34
144,$4011_dac,34
144,$4011_dac,30
144,$4011_dac,30
144,$4011_dac,34
144,$4011_dac,34
144,$4011_dac,34
144,$4011_dac,34
144,$4011_dac,34
144,$4011_dac,34
144,$4011_dac,34
144,$4011_dac,34
144,$4011_dac,34
144,$4011_dac,34
144,$4011_dac,34
144,$4011_dac,34
144,$4011_dac,34
144,$4011_dac,38
144,$4011_dac,34
144,$4011_dac,34
144,$4011_dac,34
144,$4011_dac,34
144,$4011_dac,34
144,$4011_dac,34
144,$4011_dac,34
144,$4011_dac,34
144,$4011_dac,34
144,$4011_dac,34
144,$4011_dac,34
144,$4011_dac,38
144,$4011_dac,34
144,$4011_dac,34
144,$4011_dac,38
144,$4011_dac,34
144,$4011_dac,34
144,$4011_dac,34
144,$4011_dac,34
144,$4011_dac,34
144,$4011_dac,34
144,$4011_dac,34
144,$4011_dac,34
144,$4011_dac,34
144,$4011_dac,30
144,$4011_dac,34
144,$4011_dac,34
144,$4011_dac,34
144,$4011_dac,34
144,$4011_dac,34
144,$4011_dac,34
144,$4011_dac,34
144,$4011_dac,34
144,$4011_dac,38
144,$4011_dac,30
144,$4011_dac,38
144,$4011_dac,34
144,$4011_dac,34
144,$4011_dac,34
144,$4011_dac,34
144,$4011_dac,34
144,$4011_dac,34
144,$4011_dac,34
144,$4011_dac,38
144,$4011_dac,34
144,$4011_dac,34
144,$4011_dac,34
145,$4011_dac,34
145,$4011_dac,34
145,$4011_dac,34
145,$4011_dac,34
145,$4011_dac,34
145,$4011_dac,34
145,$4011_dac,34
145,$4011_dac,34
145,$4011_dac,34
145,$4011_dac,34
145,$4011_dac,34
145,$4011_dac,34
145,$4011_dac,34
145,$4011_dac,34
145,$4011_dac,34
145,$4011_dac,34
145,$4011_dac,34
145,$4011_dac,34
145,$4011_dac,34
145,$4011_dac,34
145,$4011_dac,34
145,$4011_dac,34
145,$4011_dac,34
145,$4011_dac,34
145,$4011_dac,34
145,$4011_dac,34
145,$4011_dac,34
145,$4011_dac,34
145,$4011_dac,34
145,$4011_dac,34
145,$4011_dac,34
145,$4011_dac,34
145,$4011_dac,34
145,$4011_dac,34
145,$4011_dac,34
145,$4011_dac,34
145,$4011_dac,34
145,$4011_dac,34
145,$4011_dac,34
145,$4011_dac,34
145,$4011_dac,34
145,$4011_dac,34
145,$4011_dac,34
145,$4011_dac,34
145,$4011_dac,34
145,$4011_dac,34
145,$4011_dac,30
145,$4011_dac,34
145,$4011_dac,34
145,$4011_dac,30
145,$4011_dac,34
145,$4011_dac,34
145,$4011_dac,30
145,$4011_dac,34
145,$4011_dac,34
145,$4011_dac,30
145,$4011_dac,34
145,$4011_dac,34
145,$4011_dac,34
145,$4011_dac,34
145,$4011_dac,34
145,$4011_dac,34
145,$4011_dac,34
145,$4011_dac,34
145,$4011_dac,34
145,$4011_dac,34
145,$4011_dac,34
145,$4011_dac,34
145,$4011_dac,30
145,$4011_dac,34
145,$4011_dac,34
145,$4011_dac,34
145,$4011_dac,34
145,$4011_dac,34
145,$4011_dac,34
145,$4011_dac,34
145,$4011_dac,34
145,$4011_dac,34
145,$4011_dac,34
145,$4011_dac,34
145,$4011_dac,34
145,$4011_dac,34
145,$4011_dac,34
145,$4011_dac,34
145,$4011_dac,34
145,$4011_dac,34
145,$4011_dac,30
145,$4011_dac,34
145,$4011_dac,34
145,$4011_dac,34
145,$4011_dac,34
145,$4011_dac,34
145,$4011_dac,34
145,$4011_dac,34
145,$4011_dac,34
145,$4011_dac,34
145,$4011_dac,34
145,$4011_dac,18
145,$4011_dac,62
145,$4011_dac,18
145,$4011_dac,62
145,$4011_dac,58
145,$4011_dac,30
145,$4011_dac,62
145,$4011_dac,34
145,$4011_dac,62
145,$4011_dac,58
145,$4011_dac,26
145,$4011_dac,62
145,$4011_dac,18
145,$4011_dac,62
145,$4011_dac,58
145,$4011_dac,30
145,$4011_dac,62
145,$4011_dac,22
145,$4011_dac,62
145,$4011_dac,42
145,$4011_dac,62
145,$4011_dac,50
145,$4011_dac,54
145,$4011_dac,50
145,$4011_dac,58
145,$4011_dac,34
145,$4011_dac,54
145,$4011_dac,42
145,$4011_dac,38
145,$4011_dac,42
145,$4011_dac,34
145,$4011_dac,42
145,$4011_dac,34
145,$4011_dac,38
145,$4011_dac,22
145,$4011_dac,54
145,$4011_dac,22
145,$4011_dac,34
145,$4011_dac,46
145,$4011_dac,18
145,$4011_dac,34
145,$4011_dac,22
145,$4011_dac,42
145,$4011_dac,22
145,$4011_dac,34
145,$4011_dac,30
145,$4011_dac,30
145,$4011_dac,18
145,$4011_dac,30
145,$4011_dac,30
145,$4011_dac,14
145,$4011_dac,58
145,$4011_dac,14
145,$4011_dac,50
145,$4011_dac,26
145,$4011_dac,62
145,$4011_dac,18
145,$4011_dac,46
145,$4011_dac,46
145,$4011_dac,22
145,$4011_dac,42
145,$4011_dac,34
145,$4011_dac,34
145,$4011_dac,38
145,$4011_dac,26
145,$4011_dac,46
145,$4011_dac,6
145,$4011_dac,62
145,$4011_dac,10
145,$4011_dac,54
145,$4011_dac,34
145,$4011_dac,30
145,$4011_dac,50
145,$4011_dac,30
145,$4011_dac,22
145,$4011_dac,30
145,$4011_dac,38
145,$4011_dac,22
145,$4011_dac,34
145,$4011_dac,22
145,$4011_dac,42
145,$4011_dac,10
145,$4011_dac,30
145,$4011_dac,34
145,$4011_dac,22
145,$4011_dac,34
145,$4011_dac,6
145,$4011_dac,54
145,$4011_dac,10
145,$4011_dac,62
145,$4011_dac,18
145,$4011_dac,46
145,$4011_dac,50
145,$4011_dac,30
145,$4011_dac,42
145,$4011_dac,18
145,$4011_dac,46
145,$4011_dac,18
145,$4011_dac,38
145,$4011_dac,26
145,$4011_dac,38
145,$4011_dac,10
145,$4011_dac,38
145,$4011_dac,26
145,$4011_dac,30
145,$4011_dac,34
145,$4011_dac,30
145,$4011_dac,38
145,$4011_dac,38
145,$4011_dac,22
145,$4011_dac,34
145,$4011_dac,30
145,$4011_dac,34
145,$4011_dac,26
145,$4011_dac,14
145,$4011_dac,54
145,$4011_dac,10
145,$4011_dac,38
145,$4011_dac,42
145,$4011_dac,14
145,$4011_dac,34
145,$4011_dac,30
145,$4011_dac,18
145,$4011_dac,30
145,$4011_dac,26
145,$4011_dac,10
145,$4011_dac,58
145,$4011_dac,6
145,$4011_dac,42
145,$4011_dac,38
145,$4011_dac,6
145,$4011_dac,62
145,$4011_dac,2
145,$4011_dac,62
145,$4011_dac,30
145,$4011_dac,34
145,$4011_dac,30
145,$4011_dac,34
145,$4011_dac,30
145,$4011_dac,10
145,$4011_dac,58
145,$4011_dac,46
145,$4011_dac,2
145,$4011_dac,54
145,$4011_dac,26
145,$4011_dac,34
145,$4011_dac,14
145,$4011_dac,62
145,$4011_dac,2
145,$4011_dac,62
145,$4011_dac,10
145,$4011_dac,46
145,$4011_dac,6
145,$4011_dac,50
145,$4011_dac,6
145,$4011_dac,62
145,$4011_dac,2
145,$4011_dac,62
145,$4011_dac,2
145,$4011_dac,46
145,$4011_dac,34
145,$4011_dac,30
145,$4011_dac,18
145,$4011_dac,10
145,$4011_dac,62
145,$4011_dac,6
145,$4011_dac,34
145,$4011_dac,62
145,$4011_dac,6
145,$4011_dac,50
145,$4011_dac,2
145,$4011_dac,46
145,$4011_dac,54
145,$4011_dac,2
145,$4011_dac,42
145,$4011_dac,62
145,$4011_dac,2
145,$4011_dac,62
145,$4011_dac,38
145,$4011_dac,2
145,$4011_dac,62
145,$4011_dac,14
145,$4011_dac,22
145,$4011_dac,50
145,$4011_dac,30
145,$4011_dac,18
145,$4011_dac,62
145,$4011_dac,2
145,$4011_dac,50
145,$4011_dac,22
145,$4011_dac,46
145,$4011_dac,2
145,$4011_dac,62
145,$4011_dac,2
145,$4011_dac,62
145,$4011_dac,2
145,$4011_dac,62
145,$4011_dac,2
145,$4011_dac,34
145,$4011_dac,26
145,$4011_dac,30
145,$4011_dac,34
145,$4011_dac,30
145,$4011_dac,30
145,$4011_dac,2
145,$4011_dac,62
145,$4011_dac,6
145,$4011_dac,34
145,$4011_dac,62
145,$4011_dac,2
145,$4011_dac,62
145,$4011_dac,10
146,$4011_dac,50
146,$4011_dac,14
146,$4011_dac,58
146,$4011_dac,2
146,$4011_dac,62
146,$4011_dac,6
146,$4011_dac,58
146,$4011_dac,14
146,$4011_dac,26
146,$4011_dac,2
146,$4011_dac,62
146,$4011_dac,2
146,$4011_dac,6
146,$4011_dac,62
146,$4011_dac,2
146,$4011_dac,58
146,$4011_dac,30
146,$4011_dac,26
146,$4011_dac,22
146,$4011_dac,18
146,$4011_dac,34
146,$4011_dac,62
146,$4011_dac,2
146,$4011_dac,54
146,$4011_dac,34
146,$4011_dac,46
146,$4011_dac,10
146,$4011_dac,50
146,$4011_dac,2
146,$4011_dac,62
146,$4011_dac,2
146,$4011_dac,30
146,$4011_dac,50
146,$4011_dac,2
146,$4011_dac,34
146,$4011_dac,46
146,$4011_dac,2
146,$4011_dac,62
146,$4011_dac,34
146,$4011_dac,2
146,$4011_dac,62
146,$4011_dac,2
146,$4011_dac,30
146,$4011_dac,46
146,$4011_dac,18
146,$4011_dac,14
146,$4011_dac,62
146,$4011_dac,2
146,$4011_dac,50
146,$4011_dac,34
146,$4011_dac,14
146,$4011_dac,42
146,$4011_dac,34
146,$4011_dac,10
146,$4011_dac,58
146,$4011_dac,2
146,$4011_dac,54
146,$4011_dac,46
146,$4011_dac,34
146,$4011_dac,2
146,$4011_dac,62
146,$4011_dac,10
146,$4011_dac,46
146,$4011_dac,34
146,$4011_dac,10
146,$4011_dac,54
146,$4011_dac,18
146,$4011_dac,10
146,$4011_dac,14
146,$4011_dac,50
146,$4011_dac,2
146,$4011_dac,58
146,$4011_dac,2
146,$4011_dac,46
146,$4011_dac,42
146,$4011_dac,2
146,$4011_dac,54
146,$4011_dac,38
146,$4011_dac,46
146,$4011_dac,46
146,$4011_dac,58
146,$4011_dac,38
146,$4011_dac,62
146,$4011_dac,2
146,$4011_dac,62
146,$4011_dac,50
146,$4011_dac,2
146,$4011_dac,46
146,$4011_dac,50
146,$4011_dac,2
146,$4011_dac,2
146,$4011_dac,2
146,$4011_dac,18
146,$4011_dac,10
146,$4011_dac,2
146,$4011_dac,22
146,$4011_dac,58
146,$4011_dac,18
146,$4011_dac,14
146,$4011_dac,62
146,$4011_dac,50
146,$4011_dac,62
146,$4011_dac,62
146,$4011_dac,62
146,$4011_dac,18
146,$4011_dac,22
146,$4011_dac,62
146,$4011_dac,2
146,$4011_dac,2
146,$4011_dac,26
146,$4011_dac,10
146,$4011_dac,2
146,$4011_dac,2
146,$4011_dac,2
146,$4011_dac,2
146,$4011_dac,2
146,$4011_dac,2
146,$4011_dac,30
146,$4011_dac,34
146,$4011_dac,14
146,$4011_dac,62
146,$4011_dac,62
146,$4011_dac,62
146,$4011_dac,62
146,$4011_dac,62
146,$4011_dac,62
146,$4011_dac,62
146,$4011_dac,2
146,$4011_dac,62
146,$4011_dac,62
146,$4011_dac,2
146,$4011_dac,2
146,$4011_dac,62
146,$4011_dac,2
146,$4011_dac,2
146,$4011_dac,2
146,$4011_dac,2
146,$4011_dac,62
146,$4011_dac,2
146,$4011_dac,2
146,$4011_dac,62
146,$4011_dac,62
146,$4011_dac,14
146,$4011_dac,62
146,$4011_dac,62
146,$4011_dac,62
146,$4011_dac,62
146,$4011_dac,62
146,$4011_dac,62
146,$4011_dac,2
146,$4011_dac,62
146,$4011_dac,50
146,$4011_dac,2
146,$4011_dac,2
146,$4011_dac,2
146,$4011_dac,2
146,$4011_dac,2
146,$4011_dac,2
146,$4011_dac,2
146,$4011_dac,58
146,$4011_dac,2
146,$4011_dac,2
146,$4011_dac,62
146,$4011_dac,62
146,$4011_dac,50
146,$4011_dac,62
146,$4011_dac,62
146,$4011_dac,62
146,$4011_dac,62
146,$4011_dac,62
146,$4011_dac,2
146,$4011_dac,30
146,$4011_dac,62
146,$4011_dac,2
146,$4011_dac,2
146,$4011_dac,30
146,$4011_dac,2
146,$4011_dac,2
146,$4011_dac,2
146,$4011_dac,14
146,$4011_dac,62
146,$4011_dac,62
146,$4011_dac,10
146,$4011_dac,62
146,$4011_dac,62
146,$4011_dac,62
146,$4011_dac,62
146,$4011_dac,62
146,$4011_dac,62
146,$4011_dac,62
146,$4011_dac,46
146,$4011_dac,62
146,$4011_dac,2
146,$4011_dac,6
146,$4011_dac,34
146,$4011_dac,2
146,$4011_dac,2
146,$4011_dac,30
146,$4011_dac,2
146,$4011_dac,6
146,$4011_dac,2
146,$4011_dac,54
146,$4011_dac,62
146,$4011_dac,62
146,$4011_dac,62
146,$4011_dac,58
146,$4011_dac,2
146,$4011_dac,22
146,$4011_dac,62
146,$4011_dac,62
146,$4011_dac,62
146,$4011_dac,62
146,$4011_dac,62
146,$4011_dac,62
146,$4011_dac,2
146,$4011_dac,2
146,$4011_dac,62
146,$4011_dac,18
146,$4011_dac,2
146,$4011_dac,2
146,$4011_dac,2
146,$4011_dac,54
146,$4011_dac,34
146,$4011_dac,2
146,$4011_dac,46
146,$4011_dac,62
146,$4011_dac,62
146,$4011_dac,10
146,$4011_dac,2
146,$4011_dac,2
146,$4011_dac,62
146,$4011_dac,62
146,$4011_dac,54
146,$4011_dac,62
146,$4011_dac,62
146,$4011_dac,62
146,$4011_dac,62
146,$4011_dac,2
146,$4011_dac,14
146,$4011_dac,62
146,$4011_dac,2
146,$4011_dac,2
146,$4011_dac,2
146,$4011_dac,22
146,$4011_dac,62
146,$4011_dac,2
146,$4011_dac,6
146,$4011_dac,62
146,$4011_dac,62
146,$4011_dac,62
146,$4011_dac,18
146,$4011_dac,2
146,$4011_dac,2
146,$4011_dac,62
146,$4011_dac,62
146,$4011_dac,62
146,$4011_dac,42
146,$4011_dac,62
146,$4011_dac,62
146,$4011_dac,50
146,$4011_dac,2
146,$4011_dac,30
146,$4011_dac,62
146,$4011_dac,2
146,$4011_dac,2
146,$4011_dac,2
146,$4011_dac,30
146,$4011_dac,62
146,$4011_dac,2
146,$4011_dac,2
146,$4011_dac,62
146,$4011_dac,62
146,$4011_dac,58
146,$4011_dac,2
146,$4011_dac,2
146,$4011_dac,2
146,$4011_dac,62
146,$4011_dac,62
146,$4011_dac,62
146,$4011_dac,46
146,$4011_dac,62
146,$4011_dac,62
146,$4011_dac,58
146,$4011_dac,2
146,$4011_dac,30
146,$4011_dac,62
146,$4011_dac,2
146,$4011_dac,2
146,$4011_dac,2
146,$4011_dac,22
146,$4011_dac,62
146,$4011_dac,34
146,$4011_dac,6
146,$4011_dac,62
146,$4011_dac,62
146,$4011_dac,62
146,$4011_dac,18
146,$4011_dac,2
146,$4011_dac,2
146,$4011_dac,62
146,$4011_dac,62
146,$4011_dac,62
146,$4011_dac,50
146,$4011_dac,54
146,$4011_dac,62
146,$4011_dac,62
146,$4011_dac,2
146,$4011_dac,2
147,$4011_dac,62
147,$4011_dac,34
147,$4011_dac,2
147,$4011_dac,2
147,$4011_dac,6
147,$4011_dac,62
147,$4011_dac,62
147,$4011_dac,2
147,$4011_dac,62
147,$4011_dac,62
147,$4011_dac,62
147,$4011_dac,34
147,$4011_dac,2
147,$4011_dac,2
147,$4011_dac,62
147,$4011_dac,62
147,$4011_dac,62
147,$4011_dac,26
147,$4011_dac,62
147,$4011_dac,62
147,$4011_dac,62
147,$4011_dac,2
147,$4011_dac,2
147,$4011_dac,62
147,$4011_dac,50
147,$4011_dac,2
147,$4011_dac,2
147,$4011_dac,2
147,$4011_dac,62
147,$4011_dac,62
147,$4011_dac,42
147,$4011_dac,46
147,$4011_dac,62
147,$4011_dac,62
147,$4011_dac,50
147,$4011_dac,2
147,$4011_dac,2
147,$4011_dac,62
147,$4011_dac,62
147,$4011_dac,62
147,$4011_dac,2
147,$4011_dac,62
147,$4011_dac,62
147,$4011_dac,62
147,$4011_dac,2
147,$4011_dac,2
147,$4011_dac,14
147,$4011_dac,62
147,$4011_dac,2
147,$4011_dac,2
147,$4011_dac,2
147,$4011_dac,62
147,$4011_dac,62
147,$4011_dac,62
147,$4011_dac,22
147,$4011_dac,62
147,$4011_dac,62
147,$4011_dac,50
147,$4011_dac,2
147,$4011_dac,2
147,$4011_dac,62
147,$4011_dac,62
147,$4011_dac,62
147,$4011_dac,2
147,$4011_dac,62
147,$4011_dac,62
147,$4011_dac,62
147,$4011_dac,18
147,$4011_dac,2
147,$4011_dac,2
147,$4011_dac,62
147,$4011_dac,50
147,$4011_dac,2
147,$4011_dac,2
147,$4011_dac,62
147,$4011_dac,62
147,$4011_dac,62
147,$4011_dac,34
147,$4011_dac,46
147,$4011_dac,62
147,$4011_dac,50
147,$4011_dac,2
147,$4011_dac,2
147,$4011_dac,62
147,$4011_dac,62
147,$4011_dac,62
147,$4011_dac,18
147,$4011_dac,62
147,$4011_dac,62
147,$4011_dac,62
147,$4011_dac,34
147,$4011_dac,2
147,$4011_dac,2
147,$4011_dac,62
147,$4011_dac,62
147,$4011_dac,2
147,$4011_dac,14
147,$4011_dac,62
147,$4011_dac,62
147,$4011_dac,62
147,$4011_dac,50
147,$4011_dac,2
147,$4011_dac,54
147,$4011_dac,50
147,$4011_dac,2
147,$4011_dac,2
147,$4011_dac,62
147,$4011_dac,62
147,$4011_dac,62
147,$4011_dac,50
147,$4011_dac,62
147,$4011_dac,62
147,$4011_dac,62
147,$4011_dac,34
147,$4011_dac,2
147,$4011_dac,2
147,$4011_dac,62
147,$4011_dac,62
147,$4011_dac,62
147,$4011_dac,54
147,$4011_dac,62
147,$4011_dac,62
147,$4011_dac,62
147,$4011_dac,62
147,$4011_dac,2
147,$4011_dac,2
147,$4011_dac,34
147,$4011_dac,2
147,$4011_dac,2
147,$4011_dac,62
147,$4011_dac,62
147,$4011_dac,62
147,$4011_dac,62
147,$4011_dac,42
147,$4011_dac,62
147,$4011_dac,62
147,$4011_dac,58
147,$4011_dac,2
147,$4011_dac,2
147,$4011_dac,62
147,$4011_dac,62
147,$4011_dac,62
147,$4011_dac,62
147,$4011_dac,62
147,$4011_dac,62
147,$4011_dac,62
147,$4011_dac,62
147,$4011_dac,2
147,$4011_dac,2
147,$4011_dac,14
147,$4011_dac,2
147,$4011_dac,2
147,$4011_dac,30
147,$4011_dac,62
147,$4011_dac,62
147,$4011_dac,62
147,$4011_dac,42
147,$4011_dac,62
147,$4011_dac,62
147,$4011_dac,62
147,$4011_dac,2
147,$4011_dac,2
147,$4011_dac,62
147,$4011_dac,62
147,$4011_dac,62
147,$4011_dac,62
147,$4011_dac,62
147,$4011_dac,62
147,$4011_dac,62
147,$4011_dac,62
147,$4011_dac,2
147,$4011_dac,2
147,$4011_dac,2
147,$4011_dac,54
147,$4011_dac,18
147,$4011_dac,30
147,$4011_dac,62
147,$4011_dac,62
147,$4011_dac,62
147,$4011_dac,50
147,$4011_dac,62
147,$4011_dac,62
147,$4011_dac,62
147,$4011_dac,2
147,$4011_dac,2
147,$4011_dac,30
147,$4011_dac,62
147,$4011_dac,62
147,$4011_dac,62
147,$4011_dac,62
147,$4011_dac,62
147,$4011_dac,62
147,$4011_dac,62
147,$4011_dac,2
147,$4011_dac,2
147,$4011_dac,2
147,$4011_dac,62
147,$4011_dac,62
147,$4011_dac,50
147,$4011_dac,62
147,$4011_dac,62
147,$4011_dac,62
147,$4011_dac,62
147,$4011_dac,58
147,$4011_dac,62
147,$4011_dac,62
147,$4011_dac,2
147,$4011_dac,2
147,$4011_dac,14
147,$4011_dac,62
147,$4011_dac,62
147,$4011_dac,62
147,$4011_dac,62
147,$4011_dac,62
147,$4011_dac,62
147,$4011_dac,62
147,$4011_dac,2
147,$4011_dac,2
147,$4011_dac,2
147,$4011_dac,62
147,$4011_dac,62
147,$4011_dac,62
147,$4011_dac,62
147,$4011_dac,62
147,$4011_dac,62
147,$4011_dac,62
147,$4011_dac,54
147,$4011_dac,62
147,$4011_dac,62
147,$4011_dac,2
147,$4011_dac,2
147,$4011_dac,14
147,$4011_dac,62
147,$4011_dac,62
147,$4011_dac,62
147,$4011_dac,62
147,$4011_dac,62
147,$4011_dac,62
147,$4011_dac,58
147,$4011_dac,2
147,$4011_dac,2
147,$4011_dac,2
147,$4011_dac,62
147,$4011_dac,62
147,$4011_dac,58
147,$4011_dac,54
147,$4011_dac,62
147,$4011_dac,62
147,$4011_dac,62
147,$4011_dac,42
147,$4011_dac,62
147,$4011_dac,62
147,$4011_dac,2
147,$4011_dac,2
147,$4011_dac,2
147,$4011_dac,62
147,$4011_dac,62
147,$4011_dac,62
147,$4011_dac,62
147,$4011_dac,46
147,$4011_dac,62
147,$4011_dac,58
147,$4011_dac,2
147,$4011_dac,2
147,$4011_dac,2
147,$4011_dac,46
147,$4011_dac,62
147,$4011_dac,58
147,$4011_dac,30
147,$4011_dac,62
147,$4011_dac,62
147,$4011_dac,62
147,$4011_dac,46
147,$4011_dac,62
147,$4011_dac,62
147,$4011_dac,2
147,$4011_dac,2
147,$4011_dac,2
147,$4011_dac,62
147,$4011_dac,62
147,$4011_dac,62
147,$4011_dac,62
147,$4011_dac,34
147,$4011_dac,62
147,$4011_dac,62
147,$4011_dac,2
147,$4011_dac,2
147,$4011_dac,2
147,$4011_dac,46
147,$4011_dac,62
147,$4011_dac,62
147,$4011_dac,18
147,$4011_dac,62
147,$4011_dac,62
147,$4011_dac,62
147,$4011_dac,50
147,$4011_dac,62
147,$4011_dac,62
147,$4011_dac,2
147,$4011_dac,2
147,$4011_dac,2
147,$4011_dac,62
147,$4011_dac,62
147,$4011_dac,62
147,$4011_dac,62
147,$4011_dac,34
147,$4011_dac,62
147,$4011_dac,62
148,$4011_dac,2
148,$4011_dac,2
148,$4011_dac,2
148,$4011_dac,30
148,$4011_dac,62
148,$4011_dac,62
148,$4011_dac,18
148,$4011_dac,30
148,$4011_dac,62
148,$4011_dac,62
148,$4011_dac,62
148,$4011_dac,62
148,$4011_dac,62
148,$4011_dac,2
148,$4011_dac,2
148,$4011_dac,2
148,$4011_dac,62
148,$4011_dac,62
148,$4011_dac,62
148,$4011_dac,62
148,$4011_dac,42
148,$4011_dac,62
148,$4011_dac,62
148,$4011_dac,2
148,$4011_dac,2
148,$4011_dac,2
148,$4011_dac,6
148,$4011_dac,62
148,$4011_dac,62
148,$4011_dac,34
148,$4011_dac,14
148,$4011_dac,62
148,$4011_dac,62
148,$4011_dac,62
148,$4011_dac,54
148,$4011_dac,62
148,$4011_dac,34
148,$4011_dac,2
148,$4011_dac,2
148,$4011_dac,6
148,$4011_dac,62
148,$4011_dac,62
148,$4011_dac,62
148,$4011_dac,58
148,$4011_dac,22
148,$4011_dac,62
148,$4011_dac,50
148,$4011_dac,2
148,$4011_dac,2
148,$4011_dac,2
148,$4011_dac,62
148,$4011_dac,62
148,$4011_dac,62
148,$4011_dac,2
148,$4011_dac,62
148,$4011_dac,62
148,$4011_dac,62
148,$4011_dac,62
148,$4011_dac,62
148,$4011_dac,58
148,$4011_dac,2
148,$4011_dac,2
148,$4011_dac,2
148,$4011_dac,62
148,$4011_dac,62
148,$4011_dac,62
148,$4011_dac,62
148,$4011_dac,26
148,$4011_dac,62
148,$4011_dac,62
148,$4011_dac,2
148,$4011_dac,2
148,$4011_dac,2
148,$4011_dac,30
148,$4011_dac,62
148,$4011_dac,62
148,$4011_dac,10
148,$4011_dac,30
148,$4011_dac,62
148,$4011_dac,62
148,$4011_dac,62
148,$4011_dac,62
148,$4011_dac,62
148,$4011_dac,2
148,$4011_dac,2
148,$4011_dac,2
148,$4011_dac,46
148,$4011_dac,62
148,$4011_dac,62
148,$4011_dac,62
148,$4011_dac,38
148,$4011_dac,46
148,$4011_dac,62
148,$4011_dac,18
148,$4011_dac,2
148,$4011_dac,2
148,$4011_dac,2
148,$4011_dac,62
148,$4011_dac,62
148,$4011_dac,50
148,$4011_dac,2
148,$4011_dac,62
148,$4011_dac,62
148,$4011_dac,62
148,$4011_dac,62
148,$4011_dac,62
148,$4011_dac,42
148,$4011_dac,2
148,$4011_dac,2
148,$4011_dac,2
148,$4011_dac,62
148,$4011_dac,62
148,$4011_dac,62
148,$4011_dac,62
148,$4011_dac,22
148,$4011_dac,62
148,$4011_dac,50
148,$4011_dac,2
148,$4011_dac,2
148,$4011_dac,2
148,$4011_dac,46
148,$4011_dac,62
148,$4011_dac,62
148,$4011_dac,2
148,$4011_dac,46
148,$4011_dac,62
148,$4011_dac,62
148,$4011_dac,62
148,$4011_dac,62
148,$4011_dac,62
148,$4011_dac,2
148,$4011_dac,2
148,$4011_dac,2
148,$4011_dac,62
148,$4011_dac,62
148,$4011_dac,62
148,$4011_dac,62
148,$4011_dac,26
148,$4011_dac,46
148,$4011_dac,62
148,$4011_dac,2
148,$4011_dac,2
148,$4011_dac,2
148,$4011_dac,2
148,$4011_dac,62
148,$4011_dac,62
148,$4011_dac,50
148,$4011_dac,2
148,$4011_dac,62
148,$4011_dac,62
148,$4011_dac,62
148,$4011_dac,62
148,$4011_dac,62
148,$4011_dac,34
148,$4011_dac,2
148,$4011_dac,2
148,$4011_dac,2
148,$4011_dac,62
148,$4011_dac,62
148,$4011_dac,62
148,$4011_dac,62
148,$4011_dac,22
148,$4011_dac,62
148,$4011_dac,50
148,$4011_dac,2
148,$4011_dac,2
148,$4011_dac,2
148,$4011_dac,54
148,$4011_dac,62
148,$4011_dac,62
148,$4011_dac,2
148,$4011_dac,46
148,$4011_dac,62
148,$4011_dac,62
148,$4011_dac,62
148,$4011_dac,62
148,$4011_dac,62
148,$4011_dac,2
148,$4011_dac,2
148,$4011_dac,2
148,$4011_dac,62
148,$4011_dac,62
148,$4011_dac,62
148,$4011_dac,62
148,$4011_dac,34
148,$4011_dac,46
148,$4011_dac,62
148,$4011_dac,2
148,$4011_dac,2
148,$4011_dac,2
148,$4011_dac,2
148,$4011_dac,62
148,$4011_dac,62
148,$4011_dac,50
148,$4011_dac,2
148,$4011_dac,62
148,$4011_dac,62
148,$4011_dac,62
148,$4011_dac,62
148,$4011_dac,62
148,$4011_dac,34
148,$4011_dac,2
148,$4011_dac,2
148,$4011_dac,2
148,$4011_dac,62
148,$4011_dac,62
148,$4011_dac,62
148,$4011_dac,58
148,$4011_dac,22
148,$4011_dac,62
148,$4011_dac,50
148,$4011_dac,2
148,$4011_dac,2
148,$4011_dac,2
148,$4011_dac,46
148,$4011_dac,62
148,$4011_dac,62
148,$4011_dac,2
148,$4011_dac,14
148,$4011_dac,62
148,$4011_dac,62
148,$4011_dac,62
148,$4011_dac,62
148,$4011_dac,50
148,$4011_dac,2
148,$4011_dac,2
148,$4011_dac,2
148,$4011_dac,62
148,$4011_dac,62
148,$4011_dac,62
148,$4011_dac,62
148,$4011_dac,34
148,$4011_dac,38
148,$4011_dac,62
148,$4011_dac,2
148,$4011_dac,2
148,$4011_dac,2
148,$4011_dac,2
148,$4011_dac,62
148,$4011_dac,62
148,$4011_dac,58
148,$4011_dac,2
148,$4011_dac,62
148,$4011_dac,62
148,$4011_dac,62
148,$4011_dac,62
148,$4011_dac,62
148,$4011_dac,34
148,$4011_dac,2
148,$4011_dac,2
148,$4011_dac,2
148,$4011_dac,62
148,$4011_dac,62
148,$4011_dac,62
148,$4011_dac,62
148,$4011_dac,22
148,$4011_dac,62
148,$4011_dac,58
148,$4011_dac,2
148,$4011_dac,2
148,$4011_dac,2
148,$4011_dac,30
148,$4011_dac,62
148,$4011_dac,62
148,$4011_dac,18
148,$4011_dac,2
148,$4011_dac,62
148,$4011_dac,62
148,$4011_dac,62
148,$4011_dac,62
148,$4011_dac,58
148,$4011_dac,2
148,$4011_dac,2
148,$4011_dac,2
148,$4011_dac,14
148,$4011_dac,62
148,$4011_dac,62
148,$4011_dac,62
148,$4011_dac,50
148,$4011_dac,22
148,$4011_dac,62
148,$4011_dac,42
148,$4011_dac,2
148,$4011_dac,2
148,$4011_dac,2
148,$4011_dac,62
148,$4011_dac,62
148,$4011_dac,62
148,$4011_dac,2
148,$4011_dac,14
148,$4011_dac,62
148,$4011_dac,62
148,$4011_dac,62
148,$4011_dac,62
148,$4011_dac,34
148,$4011_dac,2
148,$4011_dac,2
148,$4011_dac,2
148,$4011_dac,62
148,$4011_dac,62
148,$4011_dac,62
148,$4011_dac,62
148,$4011_dac,38
148,$4011_dac,38
148,$4011_dac,62
148,$4011_dac,2
148,$4011_dac,2
148,$4011_dac,2
148,$4011_dac,2
149,$4011_dac,62
149,$4011_dac,62
149,$4011_dac,58
149,$4011_dac,2
149,$4011_dac,46
149,$4011_dac,62
149,$4011_dac,62
149,$4011_dac,62
149,$4011_dac,62
149,$4011_dac,34
149,$4011_dac,2
149,$4011_dac,2
149,$4011_dac,2
149,$4011_dac,62
149,$4011_dac,62
149,$4011_dac,62
149,$4011_dac,62
149,$4011_dac,34
149,$4011_dac,62
149,$4011_dac,62
149,$4011_dac,2
149,$4011_dac,2
149,$4011_dac,2
149,$4011_dac,22
149,$4011_dac,62
149,$4011_dac,62
149,$4011_dac,34
149,$4011_dac,2
149,$4011_dac,62
149,$4011_dac,62
149,$4011_dac,62
149,$4011_dac,62
149,$4011_dac,58
149,$4011_dac,10
149,$4011_dac,2
149,$4011_dac,2
149,$4011_dac,2
149,$4011_dac,62
149,$4011_dac,62
149,$4011_dac,62
149,$4011_dac,62
149,$4011_dac,38
149,$4011_dac,62
149,$4011_dac,50
149,$4011_dac,2
149,$4011_dac,2
149,$4011_dac,2
149,$4011_dac,30
149,$4011_dac,62
149,$4011_dac,62
149,$4011_dac,2
149,$4011_dac,2
149,$4011_dac,62
149,$4011_dac,62
149,$4011_dac,62
149,$4011_dac,62
149,$4011_dac,58
149,$4011_dac,2
149,$4011_dac,2
149,$4011_dac,2
149,$4011_dac,2
149,$4011_dac,62
149,$4011_dac,62
149,$4011_dac,62
149,$4011_dac,62
149,$4011_dac,38
149,$4011_dac,62
149,$4011_dac,50
149,$4011_dac,2
149,$4011_dac,2
149,$4011_dac,2
149,$4011_dac,46
149,$4011_dac,62
149,$4011_dac,62
149,$4011_dac,2
149,$4011_dac,2
149,$4011_dac,62
149,$4011_dac,62
149,$4011_dac,62
149,$4011_dac,62
149,$4011_dac,42
149,$4011_dac,18
149,$4011_dac,2
149,$4011_dac,2
149,$4011_dac,2
149,$4011_dac,62
149,$4011_dac,62
149,$4011_dac,62
149,$4011_dac,62
149,$4011_dac,30
149,$4011_dac,62
149,$4011_dac,50
149,$4011_dac,2
149,$4011_dac,2
149,$4011_dac,2
149,$4011_dac,30
149,$4011_dac,62
149,$4011_dac,62
149,$4011_dac,2
149,$4011_dac,2
149,$4011_dac,62
149,$4011_dac,62
149,$4011_dac,62
149,$4011_dac,62
149,$4011_dac,62
149,$4011_dac,2
149,$4011_dac,2
149,$4011_dac,2
149,$4011_dac,2
149,$4011_dac,62
149,$4011_dac,62
149,$4011_dac,62
149,$4011_dac,62
149,$4011_dac,46
149,$4011_dac,62
149,$4011_dac,58
149,$4011_dac,2
149,$4011_dac,2
149,$4011_dac,2
149,$4011_dac,30
149,$4011_dac,62
149,$4011_dac,62
149,$4011_dac,2
149,$4011_dac,2
149,$4011_dac,62
149,$4011_dac,62
149,$4011_dac,62
149,$4011_dac,62
149,$4011_dac,58
149,$4011_dac,34
149,$4011_dac,2
149,$4011_dac,2
149,$4011_dac,2
149,$4011_dac,62
149,$4011_dac,62
149,$4011_dac,62
149,$4011_dac,62
149,$4011_dac,30
149,$4011_dac,62
149,$4011_dac,62
149,$4011_dac,2
149,$4011_dac,2
149,$4011_dac,2
149,$4011_dac,2
149,$4011_dac,62
149,$4011_dac,62
149,$4011_dac,18
149,$4011_dac,2
149,$4011_dac,62
149,$4011_dac,62
149,$4011_dac,62
149,$4011_dac,62
149,$4011_dac,58
149,$4011_dac,30
149,$4011_dac,2
149,$4011_dac,2
149,$4011_dac,2
149,$4011_dac,62
149,$4011_dac,62
149,$4011_dac,62
149,$4011_dac,62
149,$4011_dac,42
149,$4011_dac,46
149,$4011_dac,62
149,$4011_dac,34
149,$4011_dac,2
149,$4011_dac,2
149,$4011_dac,2
149,$4011_dac,46
149,$4011_dac,62
149,$4011_dac,58
149,$4011_dac,2
149,$4011_dac,46
149,$4011_dac,62
149,$4011_dac,62
149,$4011_dac,62
149,$4011_dac,62
149,$4011_dac,58
149,$4011_dac,2
149,$4011_dac,2
149,$4011_dac,2
149,$4011_dac,2
149,$4011_dac,62
149,$4011_dac,62
149,$4011_dac,62
149,$4011_dac,62
149,$4011_dac,62
149,$4011_dac,62
149,$4011_dac,62
149,$4011_dac,2
149,$4011_dac,2
149,$4011_dac,2
149,$4011_dac,2
149,$4011_dac,62
149,$4011_dac,62
149,$4011_dac,2
149,$4011_dac,30
149,$4011_dac,62
149,$4011_dac,62
149,$4011_dac,62
149,$4011_dac,62
149,$4011_dac,50
149,$4011_dac,58
149,$4011_dac,2
149,$4011_dac,2
149,$4011_dac,2
149,$4011_dac,30
149,$4011_dac,62
149,$4011_dac,62
149,$4011_dac,62
149,$4011_dac,50
149,$4011_dac,54
149,$4011_dac,62
149,$4011_dac,58
149,$4011_dac,2
149,$4011_dac,2
149,$4011_dac,2
149,$4011_dac,2
149,$4011_dac,62
149,$4011_dac,50
149,$4011_dac,2
149,$4011_dac,62
149,$4011_dac,62
149,$4011_dac,62
149,$4011_dac,62
149,$4011_dac,62
149,$4011_dac,62
149,$4011_dac,62
149,$4011_dac,2
149,$4011_dac,2
149,$4011_dac,2
149,$4011_dac,62
149,$4011_dac,62
149,$4011_dac,62
149,$4011_dac,62
149,$4011_dac,18
149,$4011_dac,62
149,$4011_dac,62
149,$4011_dac,62
149,$4011_dac,18
149,$4011_dac,2
149,$4011_dac,2
149,$4011_dac,2
149,$4011_dac,62
149,$4011_dac,2
149,$4011_dac,2
149,$4011_dac,62
149,$4011_dac,62
149,$4011_dac,62
149,$4011_dac,62
149,$4011_dac,62
149,$4011_dac,62
149,$4011_dac,62
149,$4011_dac,34
149,$4011_dac,2
149,$4011_dac,2
149,$4011_dac,14
149,$4011_dac,26
149,$4011_dac,62
149,$4011_dac,62
149,$4011_dac,2
149,$4011_dac,22
149,$4011_dac,62
149,$4011_dac,62
149,$4011_dac,62
149,$4011_dac,62
149,$4011_dac,2
149,$4011_dac,2
149,$4011_dac,30
149,$4011_dac,2
149,$4011_dac,2
149,$4011_dac,6
149,$4011_dac,62
149,$4011_dac,62
149,$4011_dac,62
149,$4011_dac,58
149,$4011_dac,34
149,$4011_dac,62
149,$4011_dac,62
149,$4011_dac,34
149,$4011_dac,14
149,$4011_dac,22
149,$4011_dac,18
149,$4011_dac,2
149,$4011_dac,46
149,$4011_dac,2
149,$4011_dac,2
149,$4011_dac,14
149,$4011_dac,42
149,$4011_dac,30
149,$4011_dac,46
149,$4011_dac,62
149,$4011_dac,10
149,$4011_dac,42
149,$4011_dac,26
149,$4011_dac,2
149,$4011_dac,2
149,$4011_dac,46
149,$4011_dac,58
149,$4011_dac,54
149,$4011_dac,62
149,$4011_dac,42
149,$4011_dac,26
149,$4011_dac,58
149,$4011_dac,34
149,$4011_dac,18
149,$4011_dac,26
149,$4011_dac,42
150,$4011_dac,2
150,$4011_dac,30
150,$4011_dac,10
150,$4011_dac,6
150,$4011_dac,2
150,$4011_dac,46
150,$4011_dac,18
150,$4011_dac,22
150,$4011_dac,42
150,$4011_dac,10
150,$4011_dac,30
150,$4011_dac,38
150,$4011_dac,18
150,$4011_dac,2
150,$4011_dac,30
150,$4011_dac,46
150,$4011_dac,58
150,$4011_dac,62
150,$4011_dac,58
150,$4011_dac,30
150,$4011_dac,50
150,$4011_dac,42
150,$4011_dac,14
150,$4011_dac,30
150,$4011_dac,46
150,$4011_dac,6
150,$4011_dac,14
150,$4011_dac,22
150,$4011_dac,2
150,$4011_dac,2
150,$4011_dac,38
150,$4011_dac,34
150,$4011_dac,6
150,$4011_dac,34
150,$4011_dac,18
150,$4011_dac,30
150,$4011_dac,46
150,$4011_dac,50
150,$4011_dac,2
150,$4011_dac,22
150,$4011_dac,26
150,$4011_dac,62
150,$4011_dac,62
150,$4011_dac,62
150,$4011_dac,34
150,$4011_dac,42
150,$4011_dac,42
150,$4011_dac,14
150,$4011_dac,30
150,$4011_dac,38
150,$4011_dac,34
150,$4011_dac,2
150,$4011_dac,42
150,$4011_dac,2
150,$4011_dac,22
150,$4011_dac,6
150,$4011_dac,58
150,$4011_dac,2
150,$4011_dac,38
150,$4011_dac,18
150,$4011_dac,26
150,$4011_dac,46
150,$4011_dac,62
150,$4011_dac,18
150,$4011_dac,2
150,$4011_dac,26
150,$4011_dac,30
150,$4011_dac,62
150,$4011_dac,62
150,$4011_dac,58
150,$4011_dac,18
150,$4011_dac,58
150,$4011_dac,42
150,$4011_dac,18
150,$4011_dac,42
150,$4011_dac,38
150,$4011_dac,26
150,$4011_dac,14
150,$4011_dac,50
150,$4011_dac,2
150,$4011_dac,26
150,$4011_dac,14
150,$4011_dac,42
150,$4011_dac,2
150,$4011_dac,46
150,$4011_dac,18
150,$4011_dac,38
150,$4011_dac,54
150,$4011_dac,58
150,$4011_dac,2
150,$4011_dac,6
150,$4011_dac,26
150,$4011_dac,46
150,$4011_dac,62
150,$4011_dac,62
150,$4011_dac,42
150,$4011_dac,30
150,$4011_dac,58
150,$4011_dac,34
150,$4011_dac,30
150,$4011_dac,42
150,$4011_dac,46
150,$4011_dac,6
150,$4011_dac,30
150,$4011_dac,18
150,$4011_dac,2
150,$4011_dac,18
150,$4011_dac,22
150,$4011_dac,34
150,$4011_dac,6
150,$4011_dac,46
150,$4011_dac,18
150,$4011_dac,54
150,$4011_dac,50
150,$4011_dac,50
150,$4011_dac,2
150,$4011_dac,22
150,$4011_dac,18
150,$4011_dac,54
150,$4011_dac,58
150,$4011_dac,62
150,$4011_dac,34
150,$4011_dac,46
150,$4011_dac,54
150,$4011_dac,34
150,$4011_dac,30
150,$4011_dac,42
150,$4011_dac,42
150,$4011_dac,2
150,$4011_dac,30
150,$4011_dac,2
150,$4011_dac,6
150,$4011_dac,18
150,$4011_dac,30
150,$4011_dac,18
150,$4011_dac,14
150,$4011_dac,46
150,$4011_dac,18
150,$4011_dac,46
150,$4011_dac,42
150,$4011_dac,46
150,$4011_dac,2
150,$4011_dac,22
150,$4011_dac,14
150,$4011_dac,46
150,$4011_dac,58
150,$4011_dac,62
150,$4011_dac,34
150,$4011_dac,46
150,$4011_dac,54
150,$4011_dac,42
150,$4011_dac,30
150,$4011_dac,42
150,$4011_dac,26
150,$4011_dac,10
150,$4011_dac,14
150,$4011_dac,34
150,$4011_dac,2
150,$4011_dac,34
150,$4011_dac,14
150,$4011_dac,34
150,$4011_dac,6
150,$4011_dac,46
150,$4011_dac,14
150,$4011_dac,46
150,$4011_dac,42
150,$4011_dac,42
150,$4011_dac,2
150,$4011_dac,14
150,$4011_dac,22
150,$4011_dac,46
150,$4011_dac,62
150,$4011_dac,62
150,$4011_dac,42
150,$4011_dac,46
150,$4011_dac,58
150,$4011_dac,54
150,$4011_dac,22
150,$4011_dac,50
150,$4011_dac,10
150,$4011_dac,34
150,$4011_dac,2
150,$4011_dac,50
150,$4011_dac,2
150,$4011_dac,42
150,$4011_dac,2
150,$4011_dac,38
150,$4011_dac,2
150,$4011_dac,46
150,$4011_dac,34
150,$4011_dac,30
150,$4011_dac,50
150,$4011_dac,30
150,$4011_dac,18
150,$4011_dac,2
150,$4011_dac,30
150,$4011_dac,26
150,$4011_dac,62
150,$4011_dac,50
150,$4011_dac,54
150,$4011_dac,38
150,$4011_dac,58
150,$4011_dac,58
150,$4011_dac,34
150,$4011_dac,38
150,$4011_dac,18
150,$4011_dac,30
150,$4011_dac,18
150,$4011_dac,30
150,$4011_dac,18
150,$4011_dac,6
150,$4011_dac,18
150,$4011_dac,6
150,$4011_dac,34
150,$4011_dac,14
150,$4011_dac,46
150,$4011_dac,22
150,$4011_dac,46
150,$4011_dac,34
150,$4011_dac,38
150,$4011_dac,2
150,$4011_dac,14
150,$4011_dac,26
150,$4011_dac,46
150,$4011_dac,50
150,$4011_dac,58
150,$4011_dac,42
150,$4011_dac,46
150,$4011_dac,50
150,$4011_dac,62
150,$4011_dac,18
150,$4011_dac,46
150,$4011_dac,10
150,$4011_dac,46
150,$4011_dac,2
150,$4011_dac,46
150,$4011_dac,2
150,$4011_dac,30
150,$4011_dac,2
150,$4011_dac,22
150,$4011_dac,18
150,$4011_dac,30
150,$4011_dac,42
150,$4011_dac,18
150,$4011_dac,50
150,$4011_dac,26
150,$4011_dac,42
150,$4011_dac,2
150,$4011_dac,30
150,$4011_dac,18
150,$4011_dac,54
150,$4011_dac,42
150,$4011_dac,62
150,$4011_dac,42
150,$4011_dac,50
150,$4011_dac,54
150,$4011_dac,62
150,$4011_dac,18
150,$4011_dac,42
150,$4011_dac,10
150,$4011_dac,46
150,$4011_dac,2
150,$4011_dac,54
150,$4011_dac,2
150,$4011_dac,26
150,$4011_dac,2
150,$4011_dac,30
150,$4011_dac,18
150,$4011_dac,30
150,$4011_dac,42
150,$4011_dac,22
150,$4011_dac,46
150,$4011_dac,30
150,$4011_dac,42
150,$4011_dac,2
150,$4011_dac,22
150,$4011_dac,10
150,$4011_dac,46
150,$4011_dac,54
150,$4011_dac,62
150,$4011_dac,34
150,$4011_dac,58
150,$4011_dac,54
150,$4011_dac,62
150,$4011_dac,14
150,$4011_dac,46
150,$4011_dac,10
150,$4011_dac,38
150,$4011_dac,6
150,$4011_dac,46
150,$4011_dac,2
150,$4011_dac,14
150,$4011_dac,2
150,$4011_dac,22
150,$4011_dac,34
150,$4011_dac,46
150,$4011_dac,50
150,$4011_dac,26
150,$4011_dac,46
150,$4011_dac,34
150,$4011_dac,38
150,$4011_dac,2
150,$4011_dac,2
150,$4011_dac,10
150,$4011_dac,58
150,$4011_dac,62
150,$4011_dac,62
150,$4011_dac,42
150,$4011_dac,46
151,$4011_dac,62
151,$4011_dac,62
151,$4011_dac,34
151,$4011_dac,10
151,$4011_dac,6
151,$4011_dac,14
151,$4011_dac,18
151,$4011_dac,22
151,$4011_dac,42
151,$4011_dac,2
151,$4011_dac,18
151,$4011_dac,6
151,$4011_dac,58
151,$4011_dac,50
151,$4011_dac,62
151,$4011_dac,34
151,$4011_dac,26
151,$4011_dac,38
151,$4011_dac,30
151,$4011_dac,2
151,$4011_dac,2
151,$4011_dac,2
151,$4011_dac,14
151,$4011_dac,62
151,$4011_dac,62
151,$4011_dac,62
151,$4011_dac,38
151,$4011_dac,62
151,$4011_dac,62
151,$4011_dac,62
151,$4011_dac,34
151,$4011_dac,2
151,$4011_dac,2
151,$4011_dac,2
151,$4011_dac,14
151,$4011_dac,62
151,$4011_dac,34
151,$4011_dac,2
151,$4011_dac,2
151,$4011_dac,46
151,$4011_dac,62
151,$4011_dac,62
151,$4011_dac,62
151,$4011_dac,18
151,$4011_dac,6
151,$4011_dac,26
151,$4011_dac,30
151,$4011_dac,2
151,$4011_dac,2
151,$4011_dac,2
151,$4011_dac,62
151,$4011_dac,62
151,$4011_dac,62
151,$4011_dac,62
151,$4011_dac,54
151,$4011_dac,62
151,$4011_dac,62
151,$4011_dac,62
151,$4011_dac,2
151,$4011_dac,2
151,$4011_dac,2
151,$4011_dac,2
151,$4011_dac,50
151,$4011_dac,62
151,$4011_dac,18
151,$4011_dac,2
151,$4011_dac,30
151,$4011_dac,62
151,$4011_dac,62
151,$4011_dac,62
151,$4011_dac,34
151,$4011_dac,2
151,$4011_dac,2
151,$4011_dac,42
151,$4011_dac,42
151,$4011_dac,2
151,$4011_dac,2
151,$4011_dac,22
151,$4011_dac,62
151,$4011_dac,62
151,$4011_dac,62
151,$4011_dac,34
151,$4011_dac,62
151,$4011_dac,62
151,$4011_dac,62
151,$4011_dac,62
151,$4011_dac,2
151,$4011_dac,2
151,$4011_dac,2
151,$4011_dac,62
151,$4011_dac,62
151,$4011_dac,62
151,$4011_dac,2
151,$4011_dac,2
151,$4011_dac,62
151,$4011_dac,62
151,$4011_dac,62
151,$4011_dac,50
151,$4011_dac,2
151,$4011_dac,2
151,$4011_dac,46
151,$4011_dac,62
151,$4011_dac,50
151,$4011_dac,2
151,$4011_dac,2
151,$4011_dac,62
151,$4011_dac,62
151,$4011_dac,62
151,$4011_dac,58
151,$4011_dac,10
151,$4011_dac,62
151,$4011_dac,62
151,$4011_dac,62
151,$4011_dac,50
151,$4011_dac,2
151,$4011_dac,2
151,$4011_dac,14
151,$4011_dac,62
151,$4011_dac,62
151,$4011_dac,58
151,$4011_dac,2
151,$4011_dac,14
151,$4011_dac,62
151,$4011_dac,62
151,$4011_dac,62
151,$4011_dac,2
151,$4011_dac,2
151,$4011_dac,2
151,$4011_dac,62
151,$4011_dac,62
151,$4011_dac,34
151,$4011_dac,2
151,$4011_dac,2
151,$4011_dac,62
151,$4011_dac,62
151,$4011_dac,62
151,$4011_dac,34
151,$4011_dac,22
151,$4011_dac,62
151,$4011_dac,62
151,$4011_dac,62
151,$4011_dac,2
151,$4011_dac,2
151,$4011_dac,2
151,$4011_dac,62
151,$4011_dac,62
151,$4011_dac,62
151,$4011_dac,34
151,$4011_dac,2
151,$4011_dac,62
151,$4011_dac,62
151,$4011_dac,62
151,$4011_dac,34
151,$4011_dac,2
151,$4011_dac,2
151,$4011_dac,62
151,$4011_dac,62
151,$4011_dac,62
151,$4011_dac,2
151,$4011_dac,2
151,$4011_dac,6
151,$4011_dac,62
151,$4011_dac,62
151,$4011_dac,50
151,$4011_dac,6
151,$4011_dac,62
151,$4011_dac,62
151,$4011_dac,62
151,$4011_dac,62
151,$4011_dac,2
151,$4011_dac,2
151,$4011_dac,2
151,$4011_dac,62
151,$4011_dac,62
151,$4011_dac,62
151,$4011_dac,2
151,$4011_dac,2
151,$4011_dac,62
151,$4011_dac,62
151,$4011_dac,62
151,$4011_dac,2
151,$4011_dac,2
151,$4011_dac,6
151,$4011_dac,62
151,$4011_dac,62
151,$4011_dac,18
151,$4011_dac,2
151,$4011_dac,2
151,$4011_dac,62
151,$4011_dac,62
151,$4011_dac,62
151,$4011_dac,2
151,$4011_dac,46
151,$4011_dac,62
151,$4011_dac,62
151,$4011_dac,62
151,$4011_dac,62
151,$4011_dac,2
151,$4011_dac,2
151,$4011_dac,30
151,$4011_dac,62
151,$4011_dac,62
151,$4011_dac,38
151,$4011_dac,2
151,$4011_dac,14
151,$4011_dac,62
151,$4011_dac,62
151,$4011_dac,34
151,$4011_dac,2
151,$4011_dac,2
151,$4011_dac,62
151,$4011_dac,62
151,$4011_dac,62
151,$4011_dac,2
151,$4011_dac,2
151,$4011_dac,2
151,$4011_dac,62
151,$4011_dac,62
151,$4011_dac,62
151,$4011_dac,2
151,$4011_dac,62
151,$4011_dac,62
151,$4011_dac,62
151,$4011_dac,62
151,$4011_dac,62
151,$4011_dac,2
151,$4011_dac,2
151,$4011_dac,30
151,$4011_dac,62
151,$4011_dac,62
151,$4011_dac,30
151,$4011_dac,2
151,$4011_dac,14
151,$4011_dac,62
151,$4011_dac,62
151,$4011_dac,2
151,$4011_dac,2
151,$4011_dac,2
151,$4011_dac,62
151,$4011_dac,62
151,$4011_dac,58
151,$4011_dac,2
151,$4011_dac,2
151,$4011_dac,2
151,$4011_dac,30
151,$4011_dac,62
151,$4011_dac,62
151,$4011_dac,14
151,$4011_dac,62
151,$4011_dac,62
151,$4011_dac,62
151,$4011_dac,62
151,$4011_dac,62
151,$4011_dac,2
151,$4011_dac,2
151,$4011_dac,2
151,$4011_dac,62
151,$4011_dac,62
151,$4011_dac,30
151,$4011_dac,2
151,$4011_dac,2
151,$4011_dac,62
151,$4011_dac,62
151,$4011_dac,34
151,$4011_dac,2
151,$4011_dac,2
151,$4011_dac,46
151,$4011_dac,62
151,$4011_dac,62
151,$4011_dac,2
151,$4011_dac,10
151,$4011_dac,2
151,$4011_dac,6
151,$4011_dac,62
151,$4011_dac,62
151,$4011_dac,34
151,$4011_dac,62
151,$4011_dac,62
151,$4011_dac,62
151,$4011_dac,62
151,$4011_dac,62
151,$4011_dac,2
151,$4011_dac,2
151,$4011_dac,2
151,$4011_dac,62
151,$4011_dac,62
151,$4011_dac,34
151,$4011_dac,34
151,$4011_dac,2
151,$4011_dac,62
151,$4011_dac,62
151,$4011_dac,50
151,$4011_dac,2
151,$4011_dac,2
151,$4011_dac,30
151,$4011_dac,62
151,$4011_dac,62
151,$4011_dac,2
151,$4011_dac,2
151,$4011_dac,2
151,$4011_dac,2
151,$4011_dac,46
151,$4011_dac,62
151,$4011_dac,42
151,$4011_dac,54
151,$4011_dac,62
151,$4011_dac,62
151,$4011_dac,62
152,$4011_dac,62
152,$4011_dac,58
152,$4011_dac,2
152,$4011_dac,2
152,$4011_dac,30
152,$4011_dac,62
152,$4011_dac,58
152,$4011_dac,30
152,$4011_dac,2
152,$4011_dac,62
152,$4011_dac,62
152,$4011_dac,62
152,$4011_dac,2
152,$4011_dac,2
152,$4011_dac,6
152,$4011_dac,62
152,$4011_dac,62
152,$4011_dac,2
152,$4011_dac,2
152,$4011_dac,26
152,$4011_dac,2
152,$4011_dac,30
152,$4011_dac,46
152,$4011_dac,50
152,$4011_dac,38
152,$4011_dac,62
152,$4011_dac,62
152,$4011_dac,62
152,$4011_dac,62
152,$4011_dac,62
152,$4011_dac,2
152,$4011_dac,2
152,$4011_dac,2
152,$4011_dac,62
152,$4011_dac,62
152,$4011_dac,18
152,$4011_dac,18
152,$4011_dac,2
152,$4011_dac,62
152,$4011_dac,62
152,$4011_dac,18
152,$4011_dac,2
152,$4011_dac,2
152,$4011_dac,62
152,$4011_dac,62
152,$4011_dac,58
152,$4011_dac,2
152,$4011_dac,22
152,$4011_dac,18
152,$4011_dac,2
152,$4011_dac,18
152,$4011_dac,38
152,$4011_dac,50
152,$4011_dac,62
152,$4011_dac,62
152,$4011_dac,62
152,$4011_dac,62
152,$4011_dac,62
152,$4011_dac,62
152,$4011_dac,2
152,$4011_dac,2
152,$4011_dac,6
152,$4011_dac,62
152,$4011_dac,62
152,$4011_dac,18
152,$4011_dac,2
152,$4011_dac,30
152,$4011_dac,62
152,$4011_dac,62
152,$4011_dac,2
152,$4011_dac,2
152,$4011_dac,6
152,$4011_dac,62
152,$4011_dac,62
152,$4011_dac,34
152,$4011_dac,2
152,$4011_dac,54
152,$4011_dac,2
152,$4011_dac,2
152,$4011_dac,14
152,$4011_dac,46
152,$4011_dac,54
152,$4011_dac,62
152,$4011_dac,62
152,$4011_dac,62
152,$4011_dac,62
152,$4011_dac,62
152,$4011_dac,50
152,$4011_dac,2
152,$4011_dac,2
152,$4011_dac,46
152,$4011_dac,62
152,$4011_dac,42
152,$4011_dac,18
152,$4011_dac,2
152,$4011_dac,62
152,$4011_dac,62
152,$4011_dac,50
152,$4011_dac,2
152,$4011_dac,2
152,$4011_dac,46
152,$4011_dac,62
152,$4011_dac,62
152,$4011_dac,2
152,$4011_dac,2
152,$4011_dac,62
152,$4011_dac,2
152,$4011_dac,2
152,$4011_dac,6
152,$4011_dac,58
152,$4011_dac,62
152,$4011_dac,62
152,$4011_dac,62
152,$4011_dac,62
152,$4011_dac,62
152,$4011_dac,62
152,$4011_dac,50
152,$4011_dac,2
152,$4011_dac,2
152,$4011_dac,62
152,$4011_dac,62
152,$4011_dac,34
152,$4011_dac,6
152,$4011_dac,2
152,$4011_dac,62
152,$4011_dac,62
152,$4011_dac,42
152,$4011_dac,2
152,$4011_dac,2
152,$4011_dac,62
152,$4011_dac,62
152,$4011_dac,62
152,$4011_dac,2
152,$4011_dac,6
152,$4011_dac,62
152,$4011_dac,2
152,$4011_dac,2
152,$4011_dac,2
152,$4011_dac,62
152,$4011_dac,62
152,$4011_dac,62
152,$4011_dac,58
152,$4011_dac,62
152,$4011_dac,62
152,$4011_dac,62
152,$4011_dac,50
152,$4011_dac,2
152,$4011_dac,2
152,$4011_dac,62
152,$4011_dac,62
152,$4011_dac,18
152,$4011_dac,2
152,$4011_dac,2
152,$4011_dac,62
152,$4011_dac,62
152,$4011_dac,34
152,$4011_dac,2
152,$4011_dac,2
152,$4011_dac,62
152,$4011_dac,62
152,$4011_dac,58
152,$4011_dac,2
152,$4011_dac,6
152,$4011_dac,62
152,$4011_dac,2
152,$4011_dac,2
152,$4011_dac,2
152,$4011_dac,62
152,$4011_dac,62
152,$4011_dac,62
152,$4011_dac,50
152,$4011_dac,62
152,$4011_dac,62
152,$4011_dac,62
152,$4011_dac,58
152,$4011_dac,2
152,$4011_dac,2
152,$4011_dac,62
152,$4011_dac,62
152,$4011_dac,18
152,$4011_dac,2
152,$4011_dac,2
152,$4011_dac,62
152,$4011_dac,62
152,$4011_dac,34
152,$4011_dac,2
152,$4011_dac,2
152,$4011_dac,62
152,$4011_dac,62
152,$4011_dac,58
152,$4011_dac,2
152,$4011_dac,2
152,$4011_dac,62
152,$4011_dac,34
152,$4011_dac,2
152,$4011_dac,2
152,$4011_dac,62
152,$4011_dac,62
152,$4011_dac,62
152,$4011_dac,50
152,$4011_dac,54
152,$4011_dac,62
152,$4011_dac,62
152,$4011_dac,62
152,$4011_dac,2
152,$4011_dac,2
152,$4011_dac,62
152,$4011_dac,62
152,$4011_dac,50
152,$4011_dac,2
152,$4011_dac,2
152,$4011_dac,62
152,$4011_dac,62
152,$4011_dac,50
152,$4011_dac,2
152,$4011_dac,2
152,$4011_dac,62
152,$4011_dac,62
152,$4011_dac,50
152,$4011_dac,2
152,$4011_dac,2
152,$4011_dac,62
152,$4011_dac,58
152,$4011_dac,2
152,$4011_dac,2
152,$4011_dac,62
152,$4011_dac,62
152,$4011_dac,62
152,$4011_dac,58
152,$4011_dac,30
152,$4011_dac,62
152,$4011_dac,62
152,$4011_dac,62
152,$4011_dac,2
152,$4011_dac,2
152,$4011_dac,14
152,$4011_dac,62
152,$4011_dac,62
152,$4011_dac,2
152,$4011_dac,2
152,$4011_dac,46
152,$4011_dac,62
152,$4011_dac,62
152,$4011_dac,2
152,$4011_dac,2
152,$4011_dac,62
152,$4011_dac,62
152,$4011_dac,58
152,$4011_dac,2
152,$4011_dac,2
152,$4011_dac,62
152,$4011_dac,62
152,$4011_dac,2
152,$4011_dac,2
152,$4011_dac,30
152,$4011_dac,62
152,$4011_dac,62
152,$4011_dac,62
152,$4011_dac,10
152,$4011_dac,62
152,$4011_dac,62
152,$4011_dac,62
152,$4011_dac,58
152,$4011_dac,2
152,$4011_dac,2
152,$4011_dac,62
152,$4011_dac,62
152,$4011_dac,2
152,$4011_dac,2
152,$4011_dac,30
152,$4011_dac,62
152,$4011_dac,62
152,$4011_dac,2
152,$4011_dac,2
152,$4011_dac,30
152,$4011_dac,62
152,$4011_dac,62
152,$4011_dac,2
152,$4011_dac,2
152,$4011_dac,30
152,$4011_dac,62
152,$4011_dac,34
152,$4011_dac,2
152,$4011_dac,2
152,$4011_dac,62
152,$4011_dac,62
152,$4011_dac,62
152,$4011_dac,2
152,$4011_dac,62
152,$4011_dac,62
152,$4011_dac,62
152,$4011_dac,62
152,$4011_dac,2
152,$4011_dac,2
152,$4011_dac,30
152,$4011_dac,62
152,$4011_dac,50
152,$4011_dac,2
152,$4011_dac,14
152,$4011_dac,62
152,$4011_dac,62
152,$4011_dac,62
152,$4011_dac,2
152,$4011_dac,6
152,$4011_dac,62
152,$4011_dac,62
152,$4011_dac,34
152,$4011_dac,2
152,$4011_dac,2
153,$4011_dac,62
153,$4011_dac,62
153,$4011_dac,2
153,$4011_dac,2
153,$4011_dac,30
153,$4011_dac,62
153,$4011_dac,62
153,$4011_dac,34
153,$4011_dac,14
153,$4011_dac,62
153,$4011_dac,62
153,$4011_dac,62
153,$4011_dac,62
153,$4011_dac,2
153,$4011_dac,2
153,$4011_dac,62
153,$4011_dac,62
153,$4011_dac,2
153,$4011_dac,2
153,$4011_dac,42
153,$4011_dac,62
153,$4011_dac,62
153,$4011_dac,34
153,$4011_dac,2
153,$4011_dac,54
153,$4011_dac,62
153,$4011_dac,58
153,$4011_dac,2
153,$4011_dac,2
153,$4011_dac,14
153,$4011_dac,62
153,$4011_dac,34
153,$4011_dac,2
153,$4011_dac,2
153,$4011_dac,62
153,$4011_dac,62
153,$4011_dac,62
153,$4011_dac,2
153,$4011_dac,62
153,$4011_dac,62
153,$4011_dac,62
153,$4011_dac,62
153,$4011_dac,62
153,$4011_dac,2
153,$4011_dac,2
153,$4011_dac,62
153,$4011_dac,62
153,$4011_dac,2
153,$4011_dac,2
153,$4011_dac,38
153,$4011_dac,62
153,$4011_dac,62
153,$4011_dac,2
153,$4011_dac,2
153,$4011_dac,62
153,$4011_dac,62
153,$4011_dac,42
153,$4011_dac,2
153,$4011_dac,2
153,$4011_dac,46
153,$4011_dac,62
153,$4011_dac,2
153,$4011_dac,2
153,$4011_dac,2
153,$4011_dac,62
153,$4011_dac,62
153,$4011_dac,54
153,$4011_dac,2
153,$4011_dac,62
153,$4011_dac,62
153,$4011_dac,62
153,$4011_dac,62
153,$4011_dac,62
153,$4011_dac,2
153,$4011_dac,2
153,$4011_dac,62
153,$4011_dac,50
153,$4011_dac,2
153,$4011_dac,2
153,$4011_dac,30
153,$4011_dac,62
153,$4011_dac,62
153,$4011_dac,2
153,$4011_dac,2
153,$4011_dac,62
153,$4011_dac,62
153,$4011_dac,42
153,$4011_dac,6
153,$4011_dac,2
153,$4011_dac,30
153,$4011_dac,62
153,$4011_dac,2
153,$4011_dac,2
153,$4011_dac,2
153,$4011_dac,62
153,$4011_dac,62
153,$4011_dac,58
153,$4011_dac,2
153,$4011_dac,62
153,$4011_dac,62
153,$4011_dac,62
153,$4011_dac,62
153,$4011_dac,62
153,$4011_dac,2
153,$4011_dac,2
153,$4011_dac,62
153,$4011_dac,58
153,$4011_dac,2
153,$4011_dac,2
153,$4011_dac,26
153,$4011_dac,62
153,$4011_dac,62
153,$4011_dac,2
153,$4011_dac,2
153,$4011_dac,54
153,$4011_dac,62
153,$4011_dac,58
153,$4011_dac,2
153,$4011_dac,2
153,$4011_dac,30
153,$4011_dac,62
153,$4011_dac,18
153,$4011_dac,2
153,$4011_dac,2
153,$4011_dac,30
153,$4011_dac,62
153,$4011_dac,62
153,$4011_dac,2
153,$4011_dac,62
153,$4011_dac,62
153,$4011_dac,62
153,$4011_dac,62
153,$4011_dac,62
153,$4011_dac,34
153,$4011_dac,2
153,$4011_dac,6
153,$4011_dac,62
153,$4011_dac,34
153,$4011_dac,2
153,$4011_dac,14
153,$4011_dac,38
153,$4011_dac,62
153,$4011_dac,58
153,$4011_dac,2
153,$4011_dac,38
153,$4011_dac,62
153,$4011_dac,62
153,$4011_dac,18
153,$4011_dac,2
153,$4011_dac,2
153,$4011_dac,62
153,$4011_dac,50
153,$4011_dac,2
153,$4011_dac,2
153,$4011_dac,2
153,$4011_dac,62
153,$4011_dac,62
153,$4011_dac,2
153,$4011_dac,30
153,$4011_dac,62
153,$4011_dac,62
153,$4011_dac,62
153,$4011_dac,62
153,$4011_dac,62
153,$4011_dac,2
153,$4011_dac,2
153,$4011_dac,62
153,$4011_dac,50
153,$4011_dac,2
153,$4011_dac,2
153,$4011_dac,26
153,$4011_dac,62
153,$4011_dac,62
153,$4011_dac,2
153,$4011_dac,14
153,$4011_dac,58
153,$4011_dac,62
153,$4011_dac,42
153,$4011_dac,2
153,$4011_dac,2
153,$4011_dac,62
153,$4011_dac,62
153,$4011_dac,2
153,$4011_dac,2
153,$4011_dac,2
153,$4011_dac,30
153,$4011_dac,62
153,$4011_dac,42
153,$4011_dac,2
153,$4011_dac,62
153,$4011_dac,62
153,$4011_dac,62
153,$4011_dac,62
153,$4011_dac,62
153,$4011_dac,58
153,$4011_dac,2
153,$4011_dac,2
153,$4011_dac,62
153,$4011_dac,42
153,$4011_dac,2
153,$4011_dac,2
153,$4011_dac,22
153,$4011_dac,62
153,$4011_dac,62
153,$4011_dac,2
153,$4011_dac,22
153,$4011_dac,62
153,$4011_dac,62
153,$4011_dac,34
153,$4011_dac,2
153,$4011_dac,2
153,$4011_dac,62
153,$4011_dac,62
153,$4011_dac,2
153,$4011_dac,2
153,$4011_dac,2
153,$4011_dac,46
153,$4011_dac,62
153,$4011_dac,18
153,$4011_dac,14
153,$4011_dac,62
153,$4011_dac,62
153,$4011_dac,62
153,$4011_dac,62
153,$4011_dac,62
153,$4011_dac,50
153,$4011_dac,2
153,$4011_dac,2
153,$4011_dac,62
153,$4011_dac,34
153,$4011_dac,2
153,$4011_dac,6
153,$4011_dac,30
153,$4011_dac,62
153,$4011_dac,62
153,$4011_dac,2
153,$4011_dac,30
153,$4011_dac,62
153,$4011_dac,62
153,$4011_dac,26
153,$4011_dac,2
153,$4011_dac,2
153,$4011_dac,62
153,$4011_dac,58
153,$4011_dac,2
153,$4011_dac,2
153,$4011_dac,2
153,$4011_dac,54
153,$4011_dac,62
153,$4011_dac,2
153,$4011_dac,14
153,$4011_dac,62
153,$4011_dac,62
153,$4011_dac,62
153,$4011_dac,62
153,$4011_dac,62
153,$4011_dac,58
153,$4011_dac,2
153,$4011_dac,2
153,$4011_dac,62
153,$4011_dac,34
153,$4011_dac,2
153,$4011_dac,2
153,$4011_dac,26
153,$4011_dac,62
153,$4011_dac,62
153,$4011_dac,2
153,$4011_dac,30
153,$4011_dac,62
153,$4011_dac,62
153,$4011_dac,26
153,$4011_dac,2
153,$4011_dac,2
153,$4011_dac,62
153,$4011_dac,58
153,$4011_dac,2
153,$4011_dac,2
153,$4011_dac,2
153,$4011_dac,30
153,$4011_dac,62
153,$4011_dac,2
153,$4011_dac,14
153,$4011_dac,62
153,$4011_dac,62
153,$4011_dac,62
153,$4011_dac,62
153,$4011_dac,62
153,$4011_dac,62
153,$4011_dac,2
153,$4011_dac,2
153,$4011_dac,62
153,$4011_dac,50
153,$4011_dac,2
153,$4011_dac,2
153,$4011_dac,14
153,$4011_dac,62
153,$4011_dac,62
153,$4011_dac,2
153,$4011_dac,6
153,$4011_dac,62
153,$4011_dac,62
153,$4011_dac,34
153,$4011_dac,2
153,$4011_dac,2
153,$4011_dac,62
153,$4011_dac,62
153,$4011_dac,2
153,$4011_dac,2
154,$4011_dac,2
154,$4011_dac,14
154,$4011_dac,62
154,$4011_dac,18
154,$4011_dac,2
154,$4011_dac,62
154,$4011_dac,62
154,$4011_dac,62
154,$4011_dac,62
154,$4011_dac,62
154,$4011_dac,62
154,$4011_dac,2
154,$4011_dac,2
154,$4011_dac,30
154,$4011_dac,62
154,$4011_dac,2
154,$4011_dac,2
154,$4011_dac,6
154,$4011_dac,46
154,$4011_dac,62
154,$4011_dac,50
154,$4011_dac,2
154,$4011_dac,62
154,$4011_dac,62
154,$4011_dac,62
154,$4011_dac,10
154,$4011_dac,2
154,$4011_dac,14
154,$4011_dac,62
154,$4011_dac,34
154,$4011_dac,2
154,$4011_dac,2
154,$4011_dac,2
154,$4011_dac,30
154,$4011_dac,58
154,$4011_dac,2
154,$4011_dac,46
154,$4011_dac,62
154,$4011_dac,62
154,$4011_dac,62
154,$4011_dac,62
154,$4011_dac,62
154,$4011_dac,62
154,$4011_dac,2
154,$4011_dac,2
154,$4011_dac,62
154,$4011_dac,62
154,$4011_dac,2
154,$4011_dac,2
154,$4011_dac,22
154,$4011_dac,62
154,$4011_dac,62
154,$4011_dac,2
154,$4011_dac,2
154,$4011_dac,62
154,$4011_dac,62
154,$4011_dac,42
154,$4011_dac,2
154,$4011_dac,2
154,$4011_dac,62
154,$4011_dac,62
154,$4011_dac,2
154,$4011_dac,2
154,$4011_dac,2
154,$4011_dac,2
154,$4011_dac,54
154,$4011_dac,34
154,$4011_dac,2
154,$4011_dac,62
154,$4011_dac,62
154,$4011_dac,62
154,$4011_dac,62
154,$4011_dac,62
154,$4011_dac,62
154,$4011_dac,62
154,$4011_dac,2
154,$4011_dac,2
154,$4011_dac,62
154,$4011_dac,50
154,$4011_dac,2
154,$4011_dac,2
154,$4011_dac,30
154,$4011_dac,62
154,$4011_dac,62
154,$4011_dac,2
154,$4011_dac,14
154,$4011_dac,62
154,$4011_dac,62
154,$4011_dac,22
154,$4011_dac,2
154,$4011_dac,2
154,$4011_dac,62
154,$4011_dac,62
154,$4011_dac,2
154,$4011_dac,2
154,$4011_dac,10
154,$4011_dac,2
154,$4011_dac,46
154,$4011_dac,2
154,$4011_dac,6
154,$4011_dac,62
154,$4011_dac,62
154,$4011_dac,62
154,$4011_dac,62
154,$4011_dac,62
154,$4011_dac,62
154,$4011_dac,62
154,$4011_dac,2
154,$4011_dac,2
154,$4011_dac,62
154,$4011_dac,50
154,$4011_dac,2
154,$4011_dac,2
154,$4011_dac,30
154,$4011_dac,62
154,$4011_dac,62
154,$4011_dac,2
154,$4011_dac,30
154,$4011_dac,62
154,$4011_dac,62
154,$4011_dac,18
154,$4011_dac,2
154,$4011_dac,2
154,$4011_dac,62
154,$4011_dac,58
154,$4011_dac,2
154,$4011_dac,2
154,$4011_dac,34
154,$4011_dac,2
154,$4011_dac,30
154,$4011_dac,2
154,$4011_dac,14
154,$4011_dac,62
154,$4011_dac,62
154,$4011_dac,58
154,$4011_dac,62
154,$4011_dac,62
154,$4011_dac,62
154,$4011_dac,62
154,$4011_dac,2
154,$4011_dac,2
154,$4011_dac,62
154,$4011_dac,50
154,$4011_dac,2
154,$4011_dac,2
154,$4011_dac,38
154,$4011_dac,62
154,$4011_dac,62
154,$4011_dac,2
154,$4011_dac,6
154,$4011_dac,62
154,$4011_dac,62
154,$4011_dac,18
154,$4011_dac,2
154,$4011_dac,2
154,$4011_dac,62
154,$4011_dac,62
154,$4011_dac,2
154,$4011_dac,2
154,$4011_dac,50
154,$4011_dac,2
154,$4011_dac,2
154,$4011_dac,22
154,$4011_dac,6
154,$4011_dac,62
154,$4011_dac,62
154,$4011_dac,46
154,$4011_dac,62
154,$4011_dac,62
154,$4011_dac,62
154,$4011_dac,62
154,$4011_dac,2
154,$4011_dac,2
154,$4011_dac,62
154,$4011_dac,62
154,$4011_dac,2
154,$4011_dac,2
154,$4011_dac,30
154,$4011_dac,62
154,$4011_dac,62
154,$4011_dac,2
154,$4011_dac,2
154,$4011_dac,62
154,$4011_dac,62
154,$4011_dac,34
154,$4011_dac,2
154,$4011_dac,2
154,$4011_dac,30
154,$4011_dac,62
154,$4011_dac,2
154,$4011_dac,2
154,$4011_dac,46
154,$4011_dac,18
154,$4011_dac,2
154,$4011_dac,38
154,$4011_dac,2
154,$4011_dac,62
154,$4011_dac,62
154,$4011_dac,34
154,$4011_dac,62
154,$4011_dac,62
154,$4011_dac,62
154,$4011_dac,62
154,$4011_dac,62
154,$4011_dac,2
154,$4011_dac,2
154,$4011_dac,62
154,$4011_dac,2
154,$4011_dac,2
154,$4011_dac,2
154,$4011_dac,46
154,$4011_dac,62
154,$4011_dac,62
154,$4011_dac,2
154,$4011_dac,46
154,$4011_dac,62
154,$4011_dac,62
154,$4011_dac,10
154,$4011_dac,2
154,$4011_dac,2
154,$4011_dac,62
154,$4011_dac,50
154,$4011_dac,2
154,$4011_dac,6
154,$4011_dac,62
154,$4011_dac,2
154,$4011_dac,2
154,$4011_dac,26
154,$4011_dac,30
154,$4011_dac,62
154,$4011_dac,50
154,$4011_dac,46
154,$4011_dac,62
154,$4011_dac,62
154,$4011_dac,62
154,$4011_dac,62
154,$4011_dac,50
154,$4011_dac,2
154,$4011_dac,14
154,$4011_dac,62
154,$4011_dac,2
154,$4011_dac,2
154,$4011_dac,14
154,$4011_dac,46
154,$4011_dac,62
154,$4011_dac,42
154,$4011_dac,2
154,$4011_dac,62
154,$4011_dac,62
154,$4011_dac,50
154,$4011_dac,10
154,$4011_dac,2
154,$4011_dac,14
154,$4011_dac,62
154,$4011_dac,2
154,$4011_dac,2
154,$4011_dac,30
154,$4011_dac,42
154,$4011_dac,2
154,$4011_dac,6
154,$4011_dac,10
154,$4011_dac,46
154,$4011_dac,62
154,$4011_dac,34
154,$4011_dac,62
154,$4011_dac,62
154,$4011_dac,62
154,$4011_dac,62
154,$4011_dac,62
154,$4011_dac,34
154,$4011_dac,2
154,$4011_dac,62
154,$4011_dac,58
154,$4011_dac,2
154,$4011_dac,2
154,$4011_dac,30
154,$4011_dac,54
154,$4011_dac,62
154,$4011_dac,18
154,$4011_dac,2
154,$4011_dac,62
154,$4011_dac,62
154,$4011_dac,34
154,$4011_dac,6
154,$4011_dac,2
154,$4011_dac,30
154,$4011_dac,62
154,$4011_dac,2
154,$4011_dac,2
154,$4011_dac,46
154,$4011_dac,34
154,$4011_dac,2
154,$4011_dac,14
154,$4011_dac,10
154,$4011_dac,62
154,$4011_dac,58
154,$4011_dac,30
154,$4011_dac,62
154,$4011_dac,62
154,$4011_dac,62
154,$4011_dac,62
154,$4011_dac,62
154,$4011_dac,34
154,$4011_dac,2
154,$4011_dac,46
154,$4011_dac,50
154,$4011_dac,2
154,$4011_dac,2
155,$4011_dac,14
155,$4011_dac,54
155,$4011_dac,62
155,$4011_dac,2
155,$4011_dac,2
155,$4011_dac,62
155,$4011_dac,62
155,$4011_dac,38
155,$4011_dac,6
155,$4011_dac,2
155,$4011_dac,30
155,$4011_dac,62
155,$4011_dac,2
155,$4011_dac,2
155,$4011_dac,46
155,$4011_dac,34
155,$4011_dac,2
155,$4011_dac,2
155,$4011_dac,14
155,$4011_dac,62
155,$4011_dac,50
155,$4011_dac,30
155,$4011_dac,62
155,$4011_dac,62
155,$4011_dac,62
155,$4011_dac,62
155,$4011_dac,62
155,$4011_dac,62
155,$4011_dac,2
155,$4011_dac,2
155,$4011_dac,62
155,$4011_dac,2
155,$4011_dac,2
155,$4011_dac,2
155,$4011_dac,30
155,$4011_dac,62
155,$4011_dac,50
155,$4011_dac,2
155,$4011_dac,62
155,$4011_dac,62
155,$4011_dac,58
155,$4011_dac,14
155,$4011_dac,2
155,$4011_dac,14
155,$4011_dac,62
155,$4011_dac,18
155,$4011_dac,2
155,$4011_dac,22
155,$4011_dac,54
155,$4011_dac,2
155,$4011_dac,2
155,$4011_dac,14
155,$4011_dac,46
155,$4011_dac,58
155,$4011_dac,34
155,$4011_dac,54
155,$4011_dac,62
155,$4011_dac,62
155,$4011_dac,62
155,$4011_dac,62
155,$4011_dac,62
155,$4011_dac,2
155,$4011_dac,2
155,$4011_dac,62
155,$4011_dac,18
155,$4011_dac,2
155,$4011_dac,2
155,$4011_dac,26
155,$4011_dac,62
155,$4011_dac,62
155,$4011_dac,2
155,$4011_dac,30
155,$4011_dac,62
155,$4011_dac,62
155,$4011_dac,26
155,$4011_dac,2
155,$4011_dac,2
155,$4011_dac,62
155,$4011_dac,58
155,$4011_dac,2
155,$4011_dac,2
155,$4011_dac,46
155,$4011_dac,34
155,$4011_dac,2
155,$4011_dac,2
155,$4011_dac,30
155,$4011_dac,62
155,$4011_dac,38
155,$4011_dac,38
155,$4011_dac,62
155,$4011_dac,62
155,$4011_dac,62
155,$4011_dac,62
155,$4011_dac,62
155,$4011_dac,62
155,$4011_dac,2
155,$4011_dac,2
155,$4011_dac,62
155,$4011_dac,14
155,$4011_dac,2
155,$4011_dac,2
155,$4011_dac,30
155,$4011_dac,62
155,$4011_dac,62
155,$4011_dac,2
155,$4011_dac,54
155,$4011_dac,62
155,$4011_dac,62
155,$4011_dac,10
155,$4011_dac,2
155,$4011_dac,2
155,$4011_dac,62
155,$4011_dac,34
155,$4011_dac,2
155,$4011_dac,6
155,$4011_dac,62
155,$4011_dac,2
155,$4011_dac,2
155,$4011_dac,2
155,$4011_dac,46
155,$4011_dac,62
155,$4011_dac,30
155,$4011_dac,38
155,$4011_dac,62
155,$4011_dac,62
155,$4011_dac,62
155,$4011_dac,62
155,$4011_dac,62
155,$4011_dac,62
155,$4011_dac,2
155,$4011_dac,2
155,$4011_dac,62
155,$4011_dac,22
155,$4011_dac,2
155,$4011_dac,2
155,$4011_dac,22
155,$4011_dac,62
155,$4011_dac,58
155,$4011_dac,2
155,$4011_dac,54
155,$4011_dac,62
155,$4011_dac,58
155,$4011_dac,14
155,$4011_dac,2
155,$4011_dac,2
155,$4011_dac,62
155,$4011_dac,18
155,$4011_dac,2
155,$4011_dac,6
155,$4011_dac,62
155,$4011_dac,2
155,$4011_dac,2
155,$4011_dac,2
155,$4011_dac,54
155,$4011_dac,58
155,$4011_dac,30
155,$4011_dac,30
155,$4011_dac,62
155,$4011_dac,62
155,$4011_dac,62
155,$4011_dac,62
155,$4011_dac,62
155,$4011_dac,62
155,$4011_dac,2
155,$4011_dac,2
155,$4011_dac,62
155,$4011_dac,34
155,$4011_dac,2
155,$4011_dac,2
155,$4011_dac,14
155,$4011_dac,62
155,$4011_dac,62
155,$4011_dac,2
155,$4011_dac,46
155,$4011_dac,62
155,$4011_dac,62
155,$4011_dac,18
155,$4011_dac,2
155,$4011_dac,2
155,$4011_dac,62
155,$4011_dac,42
155,$4011_dac,2
155,$4011_dac,2
155,$4011_dac,62
155,$4011_dac,34
155,$4011_dac,2
155,$4011_dac,2
155,$4011_dac,46
155,$4011_dac,62
155,$4011_dac,34
155,$4011_dac,22
155,$4011_dac,62
155,$4011_dac,62
155,$4011_dac,62
155,$4011_dac,62
155,$4011_dac,62
155,$4011_dac,62
155,$4011_dac,2
155,$4011_dac,2
155,$4011_dac,62
155,$4011_dac,50
155,$4011_dac,2
155,$4011_dac,2
155,$4011_dac,6
155,$4011_dac,62
155,$4011_dac,62
155,$4011_dac,2
155,$4011_dac,6
155,$4011_dac,62
155,$4011_dac,62
155,$4011_dac,34
155,$4011_dac,10
155,$4011_dac,2
155,$4011_dac,62
155,$4011_dac,62
155,$4011_dac,2
155,$4011_dac,2
155,$4011_dac,54
155,$4011_dac,50
155,$4011_dac,2
155,$4011_dac,2
155,$4011_dac,2
155,$4011_dac,62
155,$4011_dac,50
155,$4011_dac,14
155,$4011_dac,46
155,$4011_dac,62
155,$4011_dac,62
155,$4011_dac,62
155,$4011_dac,62
155,$4011_dac,62
155,$4011_dac,62
155,$4011_dac,2
155,$4011_dac,2
155,$4011_dac,62
155,$4011_dac,34
155,$4011_dac,2
155,$4011_dac,2
155,$4011_dac,14
155,$4011_dac,62
155,$4011_dac,62
155,$4011_dac,2
155,$4011_dac,30
155,$4011_dac,62
155,$4011_dac,62
155,$4011_dac,18
155,$4011_dac,2
155,$4011_dac,2
155,$4011_dac,62
155,$4011_dac,34
155,$4011_dac,2
155,$4011_dac,6
155,$4011_dac,62
155,$4011_dac,34
155,$4011_dac,2
155,$4011_dac,2
155,$4011_dac,30
155,$4011_dac,62
155,$4011_dac,34
155,$4011_dac,6
155,$4011_dac,62
155,$4011_dac,62
155,$4011_dac,62
155,$4011_dac,62
155,$4011_dac,62
155,$4011_dac,62
155,$4011_dac,62
155,$4011_dac,2
155,$4011_dac,2
155,$4011_dac,62
155,$4011_dac,34
155,$4011_dac,2
155,$4011_dac,2
155,$4011_dac,22
155,$4011_dac,62
155,$4011_dac,58
155,$4011_dac,2
155,$4011_dac,46
155,$4011_dac,62
155,$4011_dac,62
155,$4011_dac,18
155,$4011_dac,2
155,$4011_dac,14
155,$4011_dac,62
155,$4011_dac,34
155,$4011_dac,2
155,$4011_dac,14
155,$4011_dac,62
155,$4011_dac,34
155,$4011_dac,2
155,$4011_dac,2
155,$4011_dac,46
155,$4011_dac,62
155,$4011_dac,18
155,$4011_dac,6
155,$4011_dac,62
155,$4011_dac,62
155,$4011_dac,62
155,$4011_dac,62
155,$4011_dac,62
155,$4011_dac,62
155,$4011_dac,62
155,$4011_dac,2
155,$4011_dac,2
155,$4011_dac,62
155,$4011_dac,34
155,$4011_dac,2
155,$4011_dac,2
155,$4011_dac,22
156,$4011_dac,62
156,$4011_dac,58
156,$4011_dac,2
156,$4011_dac,54
156,$4011_dac,62
156,$4011_dac,62
156,$4011_dac,18
156,$4011_dac,2
156,$4011_dac,6
156,$4011_dac,62
156,$4011_dac,34
156,$4011_dac,2
156,$4011_dac,14
156,$4011_dac,62
156,$4011_dac,38
156,$4011_dac,2
156,$4011_dac,2
156,$4011_dac,30
156,$4011_dac,62
156,$4011_dac,18
156,$4011_dac,2
156,$4011_dac,62
156,$4011_dac,62
156,$4011_dac,62
156,$4011_dac,58
156,$4011_dac,62
156,$4011_dac,62
156,$4011_dac,62
156,$4011_dac,2
156,$4011_dac,2
156,$4011_dac,62
156,$4011_dac,50
156,$4011_dac,2
156,$4011_dac,2
156,$4011_dac,6
156,$4011_dac,62
156,$4011_dac,62
156,$4011_dac,2
156,$4011_dac,14
156,$4011_dac,62
156,$4011_dac,62
156,$4011_dac,34
156,$4011_dac,2
156,$4011_dac,2
156,$4011_dac,62
156,$4011_dac,58
156,$4011_dac,2
156,$4011_dac,2
156,$4011_dac,62
156,$4011_dac,50
156,$4011_dac,18
156,$4011_dac,2
156,$4011_dac,2
156,$4011_dac,62
156,$4011_dac,50
156,$4011_dac,2
156,$4011_dac,62
156,$4011_dac,62
156,$4011_dac,62
156,$4011_dac,62
156,$4011_dac,54
156,$4011_dac,62
156,$4011_dac,62
156,$4011_dac,34
156,$4011_dac,2
156,$4011_dac,30
156,$4011_dac,62
156,$4011_dac,34
156,$4011_dac,2
156,$4011_dac,2
156,$4011_dac,46
156,$4011_dac,62
156,$4011_dac,2
156,$4011_dac,2
156,$4011_dac,62
156,$4011_dac,62
156,$4011_dac,58
156,$4011_dac,10
156,$4011_dac,2
156,$4011_dac,62
156,$4011_dac,62
156,$4011_dac,2
156,$4011_dac,2
156,$4011_dac,46
156,$4011_dac,62
156,$4011_dac,38
156,$4011_dac,2
156,$4011_dac,2
156,$4011_dac,46
156,$4011_dac,62
156,$4011_dac,2
156,$4011_dac,6
156,$4011_dac,62
156,$4011_dac,62
156,$4011_dac,62
156,$4011_dac,42
156,$4011_dac,62
156,$4011_dac,62
156,$4011_dac,62
156,$4011_dac,2
156,$4011_dac,2
156,$4011_dac,62
156,$4011_dac,62
156,$4011_dac,2
156,$4011_dac,2
156,$4011_dac,2
156,$4011_dac,62
156,$4011_dac,62
156,$4011_dac,2
156,$4011_dac,2
156,$4011_dac,62
156,$4011_dac,62
156,$4011_dac,42
156,$4011_dac,2
156,$4011_dac,2
156,$4011_dac,62
156,$4011_dac,62
156,$4011_dac,2
156,$4011_dac,2
156,$4011_dac,62
156,$4011_dac,62
156,$4011_dac,26
156,$4011_dac,2
156,$4011_dac,2
156,$4011_dac,62
156,$4011_dac,62
156,$4011_dac,2
156,$4011_dac,30
156,$4011_dac,62
156,$4011_dac,62
156,$4011_dac,62
156,$4011_dac,34
156,$4011_dac,62
156,$4011_dac,62
156,$4011_dac,62
156,$4011_dac,2
156,$4011_dac,2
156,$4011_dac,62
156,$4011_dac,62
156,$4011_dac,2
156,$4011_dac,2
156,$4011_dac,14
156,$4011_dac,62
156,$4011_dac,62
156,$4011_dac,2
156,$4011_dac,2
156,$4011_dac,62
156,$4011_dac,62
156,$4011_dac,34
156,$4011_dac,2
156,$4011_dac,2
156,$4011_dac,62
156,$4011_dac,62
156,$4011_dac,2
156,$4011_dac,2
156,$4011_dac,62
156,$4011_dac,62
156,$4011_dac,10
156,$4011_dac,2
156,$4011_dac,2
156,$4011_dac,62
156,$4011_dac,62
156,$4011_dac,2
156,$4011_dac,22
156,$4011_dac,62
156,$4011_dac,62
156,$4011_dac,62
156,$4011_dac,38
156,$4011_dac,62
156,$4011_dac,62
156,$4011_dac,62
156,$4011_dac,2
156,$4011_dac,2
156,$4011_dac,46
156,$4011_dac,62
156,$4011_dac,2
156,$4011_dac,2
156,$4011_dac,2
156,$4011_dac,62
156,$4011_dac,62
156,$4011_dac,2
156,$4011_dac,2
156,$4011_dac,62
156,$4011_dac,62
156,$4011_dac,34
156,$4011_dac,2
156,$4011_dac,6
156,$4011_dac,62
156,$4011_dac,62
156,$4011_dac,2
156,$4011_dac,2
156,$4011_dac,62
156,$4011_dac,62
156,$4011_dac,10
156,$4011_dac,2
156,$4011_dac,2
156,$4011_dac,58
156,$4011_dac,62
156,$4011_dac,2
156,$4011_dac,6
156,$4011_dac,62
156,$4011_dac,62
156,$4011_dac,62
156,$4011_dac,42
156,$4011_dac,62
156,$4011_dac,62
156,$4011_dac,62
156,$4011_dac,62
156,$4011_dac,2
156,$4011_dac,2
156,$4011_dac,62
156,$4011_dac,34
156,$4011_dac,2
156,$4011_dac,2
156,$4011_dac,62
156,$4011_dac,62
156,$4011_dac,34
156,$4011_dac,2
156,$4011_dac,62
156,$4011_dac,62
156,$4011_dac,58
156,$4011_dac,2
156,$4011_dac,14
156,$4011_dac,46
156,$4011_dac,62
156,$4011_dac,2
156,$4011_dac,2
156,$4011_dac,22
156,$4011_dac,62
156,$4011_dac,18
156,$4011_dac,2
156,$4011_dac,2
156,$4011_dac,10
156,$4011_dac,38
156,$4011_dac,18
156,$4011_dac,2
156,$4011_dac,62
156,$4011_dac,62
156,$4011_dac,62
156,$4011_dac,58
156,$4011_dac,62
156,$4011_dac,62
156,$4011_dac,62
156,$4011_dac,62
156,$4011_dac,58
156,$4011_dac,2
156,$4011_dac,14
156,$4011_dac,62
156,$4011_dac,2
156,$4011_dac,2
156,$4011_dac,6
156,$4011_dac,54
156,$4011_dac,62
156,$4011_dac,2
156,$4011_dac,2
156,$4011_dac,62
156,$4011_dac,62
156,$4011_dac,34
156,$4011_dac,10
156,$4011_dac,26
156,$4011_dac,54
156,$4011_dac,62
156,$4011_dac,2
156,$4011_dac,2
156,$4011_dac,46
156,$4011_dac,62
156,$4011_dac,2
156,$4011_dac,2
156,$4011_dac,2
156,$4011_dac,14
156,$4011_dac,26
156,$4011_dac,2
156,$4011_dac,6
156,$4011_dac,62
156,$4011_dac,62
156,$4011_dac,58
156,$4011_dac,62
156,$4011_dac,62
156,$4011_dac,62
156,$4011_dac,62
156,$4011_dac,62
156,$4011_dac,62
156,$4011_dac,2
156,$4011_dac,14
156,$4011_dac,62
156,$4011_dac,2
156,$4011_dac,2
156,$4011_dac,6
156,$4011_dac,38
156,$4011_dac,62
156,$4011_dac,18
156,$4011_dac,2
156,$4011_dac,62
156,$4011_dac,62
156,$4011_dac,34
156,$4011_dac,14
156,$4011_dac,26
156,$4011_dac,54
156,$4011_dac,62
156,$4011_dac,2
156,$4011_dac,2
156,$4011_dac,46
156,$4011_dac,58
156,$4011_dac,2
156,$4011_dac,2
156,$4011_dac,2
156,$4011_dac,10
156,$4011_dac,6
157,$4011_dac,6
157,$4011_dac,14
157,$4011_dac,62
157,$4011_dac,54
157,$4011_dac,54
157,$4011_dac,62
157,$4011_dac,62
157,$4011_dac,62
157,$4011_dac,62
157,$4011_dac,62
157,$4011_dac,62
157,$4011_dac,2
157,$4011_dac,2
157,$4011_dac,62
157,$4011_dac,34
157,$4011_dac,2
157,$4011_dac,2
157,$4011_dac,34
157,$4011_dac,54
157,$4011_dac,62
157,$4011_dac,2
157,$4011_dac,30
157,$4011_dac,62
157,$4011_dac,62
157,$4011_dac,14
157,$4011_dac,34
157,$4011_dac,22
157,$4011_dac,62
157,$4011_dac,34
157,$4011_dac,2
157,$4011_dac,6
157,$4011_dac,62
157,$4011_dac,10
157,$4011_dac,6
157,$4011_dac,2
157,$4011_dac,26
157,$4011_dac,10
157,$4011_dac,2
157,$4011_dac,2
157,$4011_dac,54
157,$4011_dac,50
157,$4011_dac,50
157,$4011_dac,54
157,$4011_dac,62
157,$4011_dac,62
157,$4011_dac,62
157,$4011_dac,62
157,$4011_dac,62
157,$4011_dac,62
157,$4011_dac,2
157,$4011_dac,2
157,$4011_dac,62
157,$4011_dac,18
157,$4011_dac,2
157,$4011_dac,2
157,$4011_dac,26
157,$4011_dac,62
157,$4011_dac,58
157,$4011_dac,2
157,$4011_dac,46
157,$4011_dac,62
157,$4011_dac,50
157,$4011_dac,22
157,$4011_dac,26
157,$4011_dac,30
157,$4011_dac,62
157,$4011_dac,10
157,$4011_dac,2
157,$4011_dac,30
157,$4011_dac,62
157,$4011_dac,2
157,$4011_dac,6
157,$4011_dac,2
157,$4011_dac,30
157,$4011_dac,10
157,$4011_dac,2
157,$4011_dac,10
157,$4011_dac,62
157,$4011_dac,46
157,$4011_dac,50
157,$4011_dac,50
157,$4011_dac,62
157,$4011_dac,62
157,$4011_dac,62
157,$4011_dac,62
157,$4011_dac,62
157,$4011_dac,62
157,$4011_dac,2
157,$4011_dac,2
157,$4011_dac,62
157,$4011_dac,34
157,$4011_dac,2
157,$4011_dac,2
157,$4011_dac,22
157,$4011_dac,62
157,$4011_dac,62
157,$4011_dac,2
157,$4011_dac,30
157,$4011_dac,62
157,$4011_dac,62
157,$4011_dac,22
157,$4011_dac,26
157,$4011_dac,30
157,$4011_dac,62
157,$4011_dac,18
157,$4011_dac,2
157,$4011_dac,14
157,$4011_dac,62
157,$4011_dac,2
157,$4011_dac,6
157,$4011_dac,2
157,$4011_dac,30
157,$4011_dac,18
157,$4011_dac,2
157,$4011_dac,6
157,$4011_dac,62
157,$4011_dac,50
157,$4011_dac,42
157,$4011_dac,50
157,$4011_dac,62
157,$4011_dac,62
157,$4011_dac,62
157,$4011_dac,62
157,$4011_dac,62
157,$4011_dac,62
157,$4011_dac,58
157,$4011_dac,2
157,$4011_dac,30
157,$4011_dac,62
157,$4011_dac,2
157,$4011_dac,2
157,$4011_dac,2
157,$4011_dac,46
157,$4011_dac,62
157,$4011_dac,2
157,$4011_dac,2
157,$4011_dac,62
157,$4011_dac,62
157,$4011_dac,26
157,$4011_dac,18
157,$4011_dac,30
157,$4011_dac,62
157,$4011_dac,58
157,$4011_dac,2
157,$4011_dac,2
157,$4011_dac,62
157,$4011_dac,50
157,$4011_dac,2
157,$4011_dac,2
157,$4011_dac,22
157,$4011_dac,54
157,$4011_dac,2
157,$4011_dac,2
157,$4011_dac,46
157,$4011_dac,62
157,$4011_dac,34
157,$4011_dac,30
157,$4011_dac,54
157,$4011_dac,62
157,$4011_dac,62
157,$4011_dac,34
157,$4011_dac,62
157,$4011_dac,62
157,$4011_dac,62
157,$4011_dac,50
157,$4011_dac,2
157,$4011_dac,30
157,$4011_dac,62
157,$4011_dac,2
157,$4011_dac,2
157,$4011_dac,6
157,$4011_dac,54
157,$4011_dac,62
157,$4011_dac,2
157,$4011_dac,2
157,$4011_dac,62
157,$4011_dac,62
157,$4011_dac,10
157,$4011_dac,18
157,$4011_dac,38
157,$4011_dac,62
157,$4011_dac,54
157,$4011_dac,2
157,$4011_dac,2
157,$4011_dac,62
157,$4011_dac,34
157,$4011_dac,2
157,$4011_dac,2
157,$4011_dac,30
157,$4011_dac,50
157,$4011_dac,2
157,$4011_dac,2
157,$4011_dac,46
157,$4011_dac,62
157,$4011_dac,34
157,$4011_dac,14
157,$4011_dac,58
157,$4011_dac,62
157,$4011_dac,62
157,$4011_dac,34
157,$4011_dac,62
157,$4011_dac,62
157,$4011_dac,62
157,$4011_dac,58
157,$4011_dac,2
157,$4011_dac,2
157,$4011_dac,62
157,$4011_dac,18
157,$4011_dac,2
157,$4011_dac,2
157,$4011_dac,58
157,$4011_dac,62
157,$4011_dac,2
157,$4011_dac,2
157,$4011_dac,62
157,$4011_dac,62
157,$4011_dac,34
157,$4011_dac,6
157,$4011_dac,46
157,$4011_dac,62
157,$4011_dac,62
157,$4011_dac,2
157,$4011_dac,2
157,$4011_dac,62
157,$4011_dac,58
157,$4011_dac,2
157,$4011_dac,2
157,$4011_dac,30
157,$4011_dac,54
157,$4011_dac,18
157,$4011_dac,2
157,$4011_dac,2
157,$4011_dac,62
157,$4011_dac,42
157,$4011_dac,2
157,$4011_dac,46
157,$4011_dac,62
157,$4011_dac,62
157,$4011_dac,50
157,$4011_dac,22
157,$4011_dac,62
157,$4011_dac,62
157,$4011_dac,62
157,$4011_dac,62
157,$4011_dac,2
157,$4011_dac,14
157,$4011_dac,62
157,$4011_dac,2
157,$4011_dac,2
157,$4011_dac,14
157,$4011_dac,34
157,$4011_dac,46
157,$4011_dac,2
157,$4011_dac,2
157,$4011_dac,62
157,$4011_dac,62
157,$4011_dac,2
157,$4011_dac,30
157,$4011_dac,58
157,$4011_dac,62
157,$4011_dac,50
157,$4011_dac,2
157,$4011_dac,2
157,$4011_dac,62
157,$4011_dac,34
157,$4011_dac,2
157,$4011_dac,14
157,$4011_dac,30
157,$4011_dac,34
157,$4011_dac,18
157,$4011_dac,2
157,$4011_dac,6
157,$4011_dac,62
157,$4011_dac,34
157,$4011_dac,6
157,$4011_dac,54
157,$4011_dac,62
157,$4011_dac,62
157,$4011_dac,50
157,$4011_dac,38
157,$4011_dac,62
157,$4011_dac,62
157,$4011_dac,62
157,$4011_dac,62
157,$4011_dac,18
157,$4011_dac,2
157,$4011_dac,62
157,$4011_dac,18
157,$4011_dac,2
157,$4011_dac,2
157,$4011_dac,34
157,$4011_dac,14
157,$4011_dac,42
157,$4011_dac,2
157,$4011_dac,38
157,$4011_dac,62
157,$4011_dac,34
157,$4011_dac,22
157,$4011_dac,50
157,$4011_dac,46
157,$4011_dac,62
157,$4011_dac,34
157,$4011_dac,2
157,$4011_dac,46
157,$4011_dac,50
157,$4011_dac,2
157,$4011_dac,10
157,$4011_dac,14
157,$4011_dac,30
158,$4011_dac,26
158,$4011_dac,2
158,$4011_dac,2
158,$4011_dac,46
158,$4011_dac,46
158,$4011_dac,18
158,$4011_dac,30
158,$4011_dac,54
158,$4011_dac,62
158,$4011_dac,62
158,$4011_dac,34
158,$4011_dac,62
158,$4011_dac,62
158,$4011_dac,62
158,$4011_dac,62
158,$4011_dac,62
158,$4011_dac,10
158,$4011_dac,2
158,$4011_dac,62
158,$4011_dac,2
158,$4011_dac,2
158,$4011_dac,2
158,$4011_dac,18
158,$4011_dac,22
158,$4011_dac,34
158,$4011_dac,2
158,$4011_dac,46
158,$4011_dac,62
158,$4011_dac,34
158,$4011_dac,30
158,$4011_dac,34
158,$4011_dac,54
158,$4011_dac,58
158,$4011_dac,18
158,$4011_dac,2
158,$4011_dac,54
158,$4011_dac,34
158,$4011_dac,2
158,$4011_dac,14
158,$4011_dac,10
158,$4011_dac,30
158,$4011_dac,22
158,$4011_dac,2
158,$4011_dac,2
158,$4011_dac,30
158,$4011_dac,38
158,$4011_dac,26
158,$4011_dac,30
158,$4011_dac,42
158,$4011_dac,62
158,$4011_dac,58
158,$4011_dac,38
158,$4011_dac,54
158,$4011_dac,62
158,$4011_dac,62
158,$4011_dac,62
158,$4011_dac,62
158,$4011_dac,58
158,$4011_dac,2
158,$4011_dac,46
158,$4011_dac,58
158,$4011_dac,2
158,$4011_dac,2
158,$4011_dac,14
158,$4011_dac,10
158,$4011_dac,54
158,$4011_dac,2
158,$4011_dac,14
158,$4011_dac,38
158,$4011_dac,62
158,$4011_dac,10
158,$4011_dac,50
158,$4011_dac,26
158,$4011_dac,62
158,$4011_dac,46
158,$4011_dac,10
158,$4011_dac,14
158,$4011_dac,54
158,$4011_dac,18
158,$4011_dac,6
158,$4011_dac,2
158,$4011_dac,22
158,$4011_dac,22
158,$4011_dac,14
158,$4011_dac,2
158,$4011_dac,18
158,$4011_dac,18
158,$4011_dac,42
158,$4011_dac,18
158,$4011_dac,30
158,$4011_dac,46
158,$4011_dac,62
158,$4011_dac,42
158,$4011_dac,46
158,$4011_dac,54
158,$4011_dac,62
158,$4011_dac,62
158,$4011_dac,62
158,$4011_dac,62
158,$4011_dac,62
158,$4011_dac,2
158,$4011_dac,30
158,$4011_dac,62
158,$4011_dac,2
158,$4011_dac,2
158,$4011_dac,6
158,$4011_dac,18
158,$4011_dac,30
158,$4011_dac,2
158,$4011_dac,2
158,$4011_dac,34
158,$4011_dac,62
158,$4011_dac,18
158,$4011_dac,46
158,$4011_dac,18
158,$4011_dac,62
158,$4011_dac,50
158,$4011_dac,34
158,$4011_dac,6
158,$4011_dac,58
158,$4011_dac,26
158,$4011_dac,18
158,$4011_dac,6
158,$4011_dac,14
158,$4011_dac,26
158,$4011_dac,26
158,$4011_dac,2
158,$4011_dac,22
158,$4011_dac,6
158,$4011_dac,30
158,$4011_dac,34
158,$4011_dac,26
158,$4011_dac,22
158,$4011_dac,62
158,$4011_dac,42
158,$4011_dac,50
158,$4011_dac,38
158,$4011_dac,54
158,$4011_dac,58
158,$4011_dac,62
158,$4011_dac,50
158,$4011_dac,62
158,$4011_dac,58
158,$4011_dac,10
158,$4011_dac,30
158,$4011_dac,62
158,$4011_dac,10
158,$4011_dac,18
158,$4011_dac,6
158,$4011_dac,34
158,$4011_dac,30
158,$4011_dac,34
158,$4011_dac,2
158,$4011_dac,34
158,$4011_dac,42
158,$4011_dac,34
158,$4011_dac,30
158,$4011_dac,18
158,$4011_dac,46
158,$4011_dac,50
158,$4011_dac,42
158,$4011_dac,14
158,$4011_dac,46
158,$4011_dac,26
158,$4011_dac,30
158,$4011_dac,18
158,$4011_dac,22
158,$4011_dac,22
158,$4011_dac,30
158,$4011_dac,10
158,$4011_dac,18
158,$4011_dac,10
158,$4011_dac,22
158,$4011_dac,30
158,$4011_dac,22
158,$4011_dac,18
158,$4011_dac,38
158,$4011_dac,30
158,$4011_dac,38
158,$4011_dac,26
158,$4011_dac,34
158,$4011_dac,38
158,$4011_dac,38
158,$4011_dac,42
158,$4011_dac,50
158,$4011_dac,46
158,$4011_dac,50
158,$4011_dac,42
158,$4011_dac,10
158,$4011_dac,50
158,$4011_dac,34
158,$4011_dac,34
158,$4011_dac,6
158,$4011_dac,50
158,$4011_dac,10
158,$4011_dac,26
158,$4011_dac,6
158,$4011_dac,30
158,$4011_dac,6
158,$4011_dac,42
158,$4011_dac,18
158,$4011_dac,18
158,$4011_dac,22
158,$4011_dac,26
158,$4011_dac,30
158,$4011_dac,26
158,$4011_dac,30
158,$4011_dac,18
158,$4011_dac,38
158,$4011_dac,22
158,$4011_dac,38
158,$4011_dac,22
158,$4011_dac,26
158,$4011_dac,30
158,$4011_dac,34
158,$4011_dac,18
158,$4011_dac,6
158,$4011_dac,14
158,$4011_dac,30
158,$4011_dac,30
158,$4011_dac,2
158,$4011_dac,26
158,$4011_dac,50
158,$4011_dac,34
158,$4011_dac,30
158,$4011_dac,38
158,$4011_dac,38
158,$4011_dac,50
158,$4011_dac,62
158,$4011_dac,42
158,$4011_dac,50
158,$4011_dac,62
158,$4011_dac,50
158,$4011_dac,14
158,$4011_dac,54
158,$4011_dac,34
158,$4011_dac,50
158,$4011_dac,22
158,$4011_dac,62
158,$4011_dac,14
158,$4011_dac,34
158,$4011_dac,22
158,$4011_dac,42
158,$4011_dac,14
158,$4011_dac,42
158,$4011_dac,30
158,$4011_dac,18
158,$4011_dac,30
158,$4011_dac,34
158,$4011_dac,34
158,$4011_dac,26
158,$4011_dac,42
158,$4011_dac,26
158,$4011_dac,50
158,$4011_dac,26
158,$4011_dac,34
158,$4011_dac,30
158,$4011_dac,34
158,$4011_dac,30
158,$4011_dac,34
158,$4011_dac,18
158,$4011_dac,22
158,$4011_dac,22
158,$4011_dac,18
158,$4011_dac,22
158,$4011_dac,18
158,$4011_dac,26
158,$4011_dac,46
158,$4011_dac,22
158,$4011_dac,30
158,$4011_dac,46
158,$4011_dac,34
158,$4011_dac,42
158,$4011_dac,54
158,$4011_dac,46
158,$4011_dac,54
158,$4011_dac,62
158,$4011_dac,50
158,$4011_dac,34
158,$4011_dac,30
158,$4011_dac,54
158,$4011_dac,46
158,$4011_dac,18
158,$4011_dac,46
158,$4011_dac,50
158,$4011_dac,18
158,$4011_dac,18
158,$4011_dac,46
158,$4011_dac,10
158,$4011_dac,30
158,$4011_dac,34
158,$4011_dac,34
158,$4011_dac,14
158,$4011_dac,46
158,$4011_dac,26
158,$4011_dac,38
158,$4011_dac,34
158,$4011_dac,34
158,$4011_dac,42
158,$4011_dac,34
158,$4011_dac,30
158,$4011_dac,26
158,$4011_dac,38
158,$4011_dac,22
158,$4011_dac,46
158,$4011_dac,18
158,$4011_dac,30
158,$4011_dac,18
159,$4011_dac,18
159,$4011_dac,14
159,$4011_dac,34
159,$4011_dac,34
159,$4011_dac,30
159,$4011_dac,46
159,$4011_dac,26
159,$4011_dac,22
159,$4011_dac,50
159,$4011_dac,30
159,$4011_dac,46
159,$4011_dac,50
159,$4011_dac,38
159,$4011_dac,62
159,$4011_dac,54
159,$4011_dac,46
159,$4011_dac,46
159,$4011_dac,14
159,$4011_dac,46
159,$4011_dac,50
159,$4011_dac,34
159,$4011_dac,22
159,$4011_dac,62
159,$4011_dac,18
159,$4011_dac,22
159,$4011_dac,30
159,$4011_dac,34
159,$4011_dac,22
159,$4011_dac,50
159,$4011_dac,26
159,$4011_dac,18
159,$4011_dac,46
159,$4011_dac,22
159,$4011_dac,38
159,$4011_dac,30
159,$4011_dac,34
159,$4011_dac,26
159,$4011_dac,50
159,$4011_dac,18
159,$4011_dac,34
159,$4011_dac,38
159,$4011_dac,26
159,$4011_dac,42
159,$4011_dac,34
159,$4011_dac,14
159,$4011_dac,34
159,$4011_dac,26
159,$4011_dac,6
159,$4011_dac,38
159,$4011_dac,22
159,$4011_dac,10
159,$4011_dac,46
159,$4011_dac,26
159,$4011_dac,18
159,$4011_dac,46
159,$4011_dac,34
159,$4011_dac,30
159,$4011_dac,50
159,$4011_dac,34
159,$4011_dac,46
159,$4011_dac,58
159,$4011_dac,42
159,$4011_dac,54
159,$4011_dac,58
159,$4011_dac,10
159,$4011_dac,54
159,$4011_dac,54
159,$4011_dac,22
159,$4011_dac,30
159,$4011_dac,62
159,$4011_dac,10
159,$4011_dac,34
159,$4011_dac,30
159,$4011_dac,18
159,$4011_dac,26
159,$4011_dac,42
159,$4011_dac,18
159,$4011_dac,22
159,$4011_dac,38
159,$4011_dac,18
159,$4011_dac,42
159,$4011_dac,26
159,$4011_dac,30
159,$4011_dac,38
159,$4011_dac,42
159,$4011_dac,14
159,$4011_dac,46
159,$4011_dac,30
159,$4011_dac,26
159,$4011_dac,46
159,$4011_dac,18
159,$4011_dac,26
159,$4011_dac,38
159,$4011_dac,26
159,$4011_dac,6
159,$4011_dac,38
159,$4011_dac,22
159,$4011_dac,18
159,$4011_dac,34
159,$4011_dac,34
159,$4011_dac,22
159,$4011_dac,38
159,$4011_dac,30
159,$4011_dac,34
159,$4011_dac,46
159,$4011_dac,38
159,$4011_dac,46
159,$4011_dac,50
159,$4011_dac,50
159,$4011_dac,54
159,$4011_dac,50
159,$4011_dac,26
159,$4011_dac,30
159,$4011_dac,54
159,$4011_dac,34
159,$4011_dac,34
159,$4011_dac,46
159,$4011_dac,34
159,$4011_dac,22
159,$4011_dac,22
159,$4011_dac,30
159,$4011_dac,6
159,$4011_dac,46
159,$4011_dac,18
159,$4011_dac,22
159,$4011_dac,22
159,$4011_dac,34
159,$4011_dac,22
159,$4011_dac,34
159,$4011_dac,26
159,$4011_dac,30
159,$4011_dac,46
159,$4011_dac,18
159,$4011_dac,42
159,$4011_dac,26
159,$4011_dac,34
159,$4011_dac,30
159,$4011_dac,38
159,$4011_dac,14
159,$4011_dac,38
159,$4011_dac,26
159,$4011_dac,14
159,$4011_dac,22
159,$4011_dac,26
159,$4011_dac,22
159,$4011_dac,18
159,$4011_dac,34
159,$4011_dac,30
159,$4011_dac,30
159,$4011_dac,30
159,$4011_dac,38
159,$4011_dac,30
159,$4011_dac,42
159,$4011_dac,46
159,$4011_dac,42
159,$4011_dac,46
159,$4011_dac,50
159,$4011_dac,54
159,$4011_dac,50
159,$4011_dac,34
159,$4011_dac,22
159,$4011_dac,62
159,$4011_dac,34
159,$4011_dac,14
159,$4011_dac,54
159,$4011_dac,34
159,$4011_dac,22
159,$4011_dac,30
159,$4011_dac,34
159,$4011_dac,6
159,$4011_dac,46
159,$4011_dac,18
159,$4011_dac,26
159,$4011_dac,26
159,$4011_dac,34
159,$4011_dac,26
159,$4011_dac,38
159,$4011_dac,26
159,$4011_dac,30
159,$4011_dac,46
159,$4011_dac,18
159,$4011_dac,46
159,$4011_dac,30
159,$4011_dac,34
159,$4011_dac,30
159,$4011_dac,42
159,$4011_dac,14
159,$4011_dac,42
159,$4011_dac,26
159,$4011_dac,18
159,$4011_dac,22
159,$4011_dac,22
159,$4011_dac,26
159,$4011_dac,18
159,$4011_dac,34
159,$4011_dac,34
159,$4011_dac,30
159,$4011_dac,26
159,$4011_dac,42
159,$4011_dac,30
159,$4011_dac,42
159,$4011_dac,50
159,$4011_dac,38
159,$4011_dac,46
159,$4011_dac,54
159,$4011_dac,50
159,$4011_dac,46
159,$4011_dac,54
159,$4011_dac,14
159,$4011_dac,46
159,$4011_dac,50
159,$4011_dac,26
159,$4011_dac,22
159,$4011_dac,58
159,$4011_dac,10
159,$4011_dac,30
159,$4011_dac,30
159,$4011_dac,26
159,$4011_dac,22
159,$4011_dac,42
159,$4011_dac,14
159,$4011_dac,26
159,$4011_dac,38
159,$4011_dac,18
159,$4011_dac,38
159,$4011_dac,26
159,$4011_dac,38
159,$4011_dac,46
159,$4011_dac,10
159,$4011_dac,46
159,$4011_dac,26
159,$4011_dac,34
159,$4011_dac,30
159,$4011_dac,34
159,$4011_dac,14
159,$4011_dac,46
159,$4011_dac,22
159,$4011_dac,18
159,$4011_dac,14
159,$4011_dac,18
159,$4011_dac,30
159,$4011_dac,18
159,$4011_dac,26
159,$4011_dac,38
159,$4011_dac,26
159,$4011_dac,22
159,$4011_dac,42
159,$4011_dac,26
159,$4011_dac,38
159,$4011_dac,50
159,$4011_dac,34
159,$4011_dac,46
159,$4011_dac,54
159,$4011_dac,46
159,$4011_dac,42
159,$4011_dac,54
159,$4011_dac,34
159,$4011_dac,18
159,$4011_dac,54
159,$4011_dac,38
159,$4011_dac,10
159,$4011_dac,42
159,$4011_dac,42
159,$4011_dac,14
159,$4011_dac,30
159,$4011_dac,34
159,$4011_dac,10
159,$4011_dac,38
159,$4011_dac,26
159,$4011_dac,22
159,$4011_dac,26
159,$4011_dac,34
159,$4011_dac,18
159,$4011_dac,42
159,$4011_dac,22
159,$4011_dac,38
159,$4011_dac,38
159,$4011_dac,18
159,$4011_dac,38
159,$4011_dac,34
159,$4011_dac,30
159,$4011_dac,30
159,$4011_dac,42
159,$4011_dac,14
159,$4011_dac,42
159,$4011_dac,22
159,$4011_dac,22
159,$4011_dac,14
159,$4011_dac,18
159,$4011_dac,22
159,$4011_dac,18
159,$4011_dac,22
159,$4011_dac,38
159,$4011_dac,30
159,$4011_dac,22
159,$4011_dac,42
159,$4011_dac,30
159,$4011_dac,34
159,$4011_dac,46
159,$4011_dac,38
159,$4011_dac,46
159,$4011_dac,50
159,$4011_dac,46
159,$4011_dac,42
159,$4011_dac,54
159,$4011_dac,50
159,$4011_dac,34
159,$4011_dac,14
159,$4011_dac,62
160,$4011_dac,34
160,$4011_dac,10
160,$4011_dac,46
160,$4011_dac,34
160,$4011_dac,14
160,$4011_dac,34
160,$4011_dac,34
160,$4011_dac,10
160,$4011_dac,46
160,$4011_dac,22
160,$4011_dac,26
160,$4011_dac,30
160,$4011_dac,34
160,$4011_dac,30
160,$4011_dac,42
160,$4011_dac,30
160,$4011_dac,34
160,$4011_dac,46
160,$4011_dac,18
160,$4011_dac,46
160,$4011_dac,30
160,$4011_dac,30
160,$4011_dac,38
160,$4011_dac,34
160,$4011_dac,14
160,$4011_dac,42
160,$4011_dac,30
160,$4011_dac,18
160,$4011_dac,22
160,$4011_dac,14
160,$4011_dac,30
160,$4011_dac,18
160,$4011_dac,30
160,$4011_dac,38
160,$4011_dac,26
160,$4011_dac,26
160,$4011_dac,38
160,$4011_dac,30
160,$4011_dac,34
160,$4011_dac,50
160,$4011_dac,34
160,$4011_dac,46
160,$4011_dac,46
160,$4011_dac,42
160,$4011_dac,42
160,$4011_dac,50
160,$4011_dac,46
160,$4011_dac,54
160,$4011_dac,10
160,$4011_dac,54
160,$4011_dac,46
160,$4011_dac,10
160,$4011_dac,38
160,$4011_dac,50
160,$4011_dac,6
160,$4011_dac,38
160,$4011_dac,38
160,$4011_dac,18
160,$4011_dac,38
160,$4011_dac,34
160,$4011_dac,18
160,$4011_dac,30
160,$4011_dac,34
160,$4011_dac,22
160,$4011_dac,46
160,$4011_dac,26
160,$4011_dac,34
160,$4011_dac,46
160,$4011_dac,18
160,$4011_dac,38
160,$4011_dac,34
160,$4011_dac,30
160,$4011_dac,30
160,$4011_dac,46
160,$4011_dac,10
160,$4011_dac,46
160,$4011_dac,26
160,$4011_dac,18
160,$4011_dac,22
160,$4011_dac,26
160,$4011_dac,18
160,$4011_dac,18
160,$4011_dac,26
160,$4011_dac,30
160,$4011_dac,34
160,$4011_dac,22
160,$4011_dac,38
160,$4011_dac,30
160,$4011_dac,34
160,$4011_dac,46
160,$4011_dac,34
160,$4011_dac,42
160,$4011_dac,46
160,$4011_dac,38
160,$4011_dac,38
160,$4011_dac,50
160,$4011_dac,42
160,$4011_dac,54
160,$4011_dac,42
160,$4011_dac,14
160,$4011_dac,58
160,$4011_dac,42
160,$4011_dac,10
160,$4011_dac,46
160,$4011_dac,42
160,$4011_dac,14
160,$4011_dac,42
160,$4011_dac,34
160,$4011_dac,10
160,$4011_dac,46
160,$4011_dac,26
160,$4011_dac,22
160,$4011_dac,30
160,$4011_dac,26
160,$4011_dac,30
160,$4011_dac,42
160,$4011_dac,26
160,$4011_dac,34
160,$4011_dac,46
160,$4011_dac,10
160,$4011_dac,46
160,$4011_dac,34
160,$4011_dac,30
160,$4011_dac,38
160,$4011_dac,34
160,$4011_dac,14
160,$4011_dac,46
160,$4011_dac,22
160,$4011_dac,18
160,$4011_dac,30
160,$4011_dac,18
160,$4011_dac,22
160,$4011_dac,22
160,$4011_dac,26
160,$4011_dac,30
160,$4011_dac,26
160,$4011_dac,26
160,$4011_dac,38
160,$4011_dac,30
160,$4011_dac,30
160,$4011_dac,50
160,$4011_dac,30
160,$4011_dac,46
160,$4011_dac,42
160,$4011_dac,38
160,$4011_dac,38
160,$4011_dac,50
160,$4011_dac,38
160,$4011_dac,54
160,$4011_dac,54
160,$4011_dac,10
160,$4011_dac,54
160,$4011_dac,46
160,$4011_dac,18
160,$4011_dac,38
160,$4011_dac,50
160,$4011_dac,10
160,$4011_dac,38
160,$4011_dac,34
160,$4011_dac,18
160,$4011_dac,30
160,$4011_dac,34
160,$4011_dac,14
160,$4011_dac,30
160,$4011_dac,34
160,$4011_dac,22
160,$4011_dac,42
160,$4011_dac,26
160,$4011_dac,34
160,$4011_dac,46
160,$4011_dac,18
160,$4011_dac,46
160,$4011_dac,34
160,$4011_dac,30
160,$4011_dac,30
160,$4011_dac,42
160,$4011_dac,10
160,$4011_dac,46
160,$4011_dac,22
160,$4011_dac,18
160,$4011_dac,26
160,$4011_dac,22
160,$4011_dac,18
160,$4011_dac,22
160,$4011_dac,30
160,$4011_dac,26
160,$4011_dac,34
160,$4011_dac,26
160,$4011_dac,34
160,$4011_dac,30
160,$4011_dac,30
160,$4011_dac,46
160,$4011_dac,34
160,$4011_dac,42
160,$4011_dac,42
160,$4011_dac,34
160,$4011_dac,30
160,$4011_dac,46
160,$4011_dac,34
160,$4011_dac,42
160,$4011_dac,54
160,$4011_dac,42
160,$4011_dac,14
160,$4011_dac,54
160,$4011_dac,38
160,$4011_dac,10
160,$4011_dac,46
160,$4011_dac,42
160,$4011_dac,14
160,$4011_dac,38
160,$4011_dac,34
160,$4011_dac,10
160,$4011_dac,42
160,$4011_dac,26
160,$4011_dac,22
160,$4011_dac,30
160,$4011_dac,26
160,$4011_dac,26
160,$4011_dac,38
160,$4011_dac,30
160,$4011_dac,34
160,$4011_dac,42
160,$4011_dac,14
160,$4011_dac,46
160,$4011_dac,26
160,$4011_dac,34
160,$4011_dac,38
160,$4011_dac,34
160,$4011_dac,14
160,$4011_dac,42
160,$4011_dac,18
160,$4011_dac,14
160,$4011_dac,38
160,$4011_dac,10
160,$4011_dac,22
160,$4011_dac,34
160,$4011_dac,22
160,$4011_dac,30
160,$4011_dac,34
160,$4011_dac,30
160,$4011_dac,34
160,$4011_dac,38
160,$4011_dac,30
160,$4011_dac,50
160,$4011_dac,34
160,$4011_dac,38
160,$4011_dac,42
160,$4011_dac,30
160,$4011_dac,30
160,$4011_dac,42
160,$4011_dac,30
160,$4011_dac,38
160,$4011_dac,50
160,$4011_dac,42
160,$4011_dac,10
160,$4011_dac,42
160,$4011_dac,34
160,$4011_dac,14
160,$4011_dac,22
160,$4011_dac,42
160,$4011_dac,6
160,$4011_dac,30
160,$4011_dac,30
160,$4011_dac,10
160,$4011_dac,30
160,$4011_dac,34
160,$4011_dac,18
160,$4011_dac,22
160,$4011_dac,30
160,$4011_dac,30
160,$4011_dac,34
160,$4011_dac,30
160,$4011_dac,30
160,$4011_dac,42
160,$4011_dac,26
160,$4011_dac,42
160,$4011_dac,34
160,$4011_dac,38
160,$4011_dac,38
160,$4011_dac,38
160,$4011_dac,22
160,$4011_dac,34
160,$4011_dac,22
160,$4011_dac,18
160,$4011_dac,34
160,$4011_dac,18
160,$4011_dac,30
160,$4011_dac,30
160,$4011_dac,26
160,$4011_dac,30
160,$4011_dac,34
160,$4011_dac,30
160,$4011_dac,38
160,$4011_dac,38
160,$4011_dac,34
160,$4011_dac,46
160,$4011_dac,38
160,$4011_dac,38
160,$4011_dac,42
160,$4011_dac,30
160,$4011_dac,30
160,$4011_dac,34
160,$4011_dac,30
160,$4011_dac,30
160,$4011_dac,42
160,$4011_dac,46
160,$4011_dac,34
160,$4011_dac,10
161,$4011_dac,30
161,$4011_dac,26
161,$4011_dac,6
161,$4011_dac,26
161,$4011_dac,26
161,$4011_dac,2
161,$4011_dac,26
161,$4011_dac,18
161,$4011_dac,6
161,$4011_dac,22
161,$4011_dac,26
161,$4011_dac,14
161,$4011_dac,30
161,$4011_dac,26
161,$4011_dac,26
161,$4011_dac,38
161,$4011_dac,34
161,$4011_dac,34
161,$4011_dac,38
161,$4011_dac,30
161,$4011_dac,42
161,$4011_dac,38
161,$4011_dac,34
161,$4011_dac,42
161,$4011_dac,34
161,$4011_dac,22
161,$4011_dac,34
161,$4011_dac,26
161,$4011_dac,26
161,$4011_dac,34
161,$4011_dac,26
161,$4011_dac,30
161,$4011_dac,38
161,$4011_dac,34
161,$4011_dac,38
161,$4011_dac,42
161,$4011_dac,38
161,$4011_dac,42
161,$4011_dac,42
161,$4011_dac,42
161,$4011_dac,42
161,$4011_dac,38
161,$4011_dac,38
161,$4011_dac,34
161,$4011_dac,30
161,$4011_dac,34
161,$4011_dac,34
161,$4011_dac,30
161,$4011_dac,38
161,$4011_dac,38
161,$4011_dac,38
161,$4011_dac,34
161,$4011_dac,18
161,$4011_dac,30
161,$4011_dac,26
161,$4011_dac,10
161,$4011_dac,22
161,$4011_dac,26
161,$4011_dac,2
161,$4011_dac,18
161,$4011_dac,18
161,$4011_dac,2
161,$4011_dac,14
161,$4011_dac,22
161,$4011_dac,10
161,$4011_dac,22
161,$4011_dac,26
161,$4011_dac,26
161,$4011_dac,30
161,$4011_dac,34
161,$4011_dac,34
161,$4011_dac,42
161,$4011_dac,34
161,$4011_dac,38
161,$4011_dac,42
161,$4011_dac,38
161,$4011_dac,42
161,$4011_dac,38
161,$4011_dac,34
161,$4011_dac,38
161,$4011_dac,34
161,$4011_dac,30
161,$4011_dac,38
161,$4011_dac,34
161,$4011_dac,34
161,$4011_dac,42
161,$4011_dac,38
161,$4011_dac,38
161,$4011_dac,46
161,$4011_dac,46
161,$4011_dac,42
161,$4011_dac,42
161,$4011_dac,42
161,$4011_dac,42
161,$4011_dac,38
161,$4011_dac,38
161,$4011_dac,34
161,$4011_dac,26
161,$4011_dac,30
161,$4011_dac,34
161,$4011_dac,26
161,$4011_dac,30
161,$4011_dac,34
161,$4011_dac,30
161,$4011_dac,34
161,$4011_dac,34
161,$4011_dac,30
161,$4011_dac,30
161,$4011_dac,30
161,$4011_dac,26
161,$4011_dac,22
161,$4011_dac,26
161,$4011_dac,22
161,$4011_dac,18
161,$4011_dac,18
161,$4011_dac,18
161,$4011_dac,14
161,$4011_dac,14
161,$4011_dac,14
161,$4011_dac,18
161,$4011_dac,18
161,$4011_dac,22
161,$4011_dac,22
161,$4011_dac,26
161,$4011_dac,30
161,$4011_dac,30
161,$4011_dac,34
161,$4011_dac,38
161,$4011_dac,38
161,$4011_dac,38
161,$4011_dac,38
161,$4011_dac,38
161,$4011_dac,38
161,$4011_dac,38
161,$4011_dac,34
161,$4011_dac,34
161,$4011_dac,38
161,$4011_dac,34
161,$4011_dac,34
161,$4011_dac,14
161,$4011_dac,62
161,$4011_dac,18
161,$4011_dac,62
161,$4011_dac,62
161,$4011_dac,30
161,$4011_dac,62
161,$4011_dac,26
161,$4011_dac,62
161,$4011_dac,34
161,$4011_dac,46
161,$4011_dac,62
161,$4011_dac,38
161,$4011_dac,54
161,$4011_dac,50
161,$4011_dac,42
161,$4011_dac,46
161,$4011_dac,46
161,$4011_dac,34
161,$4011_dac,54
161,$4011_dac,50
161,$4011_dac,30
161,$4011_dac,58
161,$4011_dac,22
161,$4011_dac,46
161,$4011_dac,38
161,$4011_dac,30
161,$4011_dac,26
161,$4011_dac,30
161,$4011_dac,26
161,$4011_dac,30
161,$4011_dac,18
161,$4011_dac,22
161,$4011_dac,34
161,$4011_dac,6
161,$4011_dac,26
161,$4011_dac,26
161,$4011_dac,22
161,$4011_dac,30
161,$4011_dac,30
161,$4011_dac,30
161,$4011_dac,38
161,$4011_dac,34
161,$4011_dac,30
161,$4011_dac,38
161,$4011_dac,34
161,$4011_dac,34
161,$4011_dac,30
161,$4011_dac,34
161,$4011_dac,34
161,$4011_dac,26
161,$4011_dac,30
161,$4011_dac,38
161,$4011_dac,26
161,$4011_dac,30
161,$4011_dac,38
161,$4011_dac,30
161,$4011_dac,42
161,$4011_dac,26
161,$4011_dac,38
161,$4011_dac,38
161,$4011_dac,50
161,$4011_dac,10
161,$4011_dac,54
161,$4011_dac,34
161,$4011_dac,22
161,$4011_dac,50
161,$4011_dac,30
161,$4011_dac,42
161,$4011_dac,38
161,$4011_dac,38
161,$4011_dac,18
161,$4011_dac,46
161,$4011_dac,26
161,$4011_dac,38
161,$4011_dac,34
161,$4011_dac,42
161,$4011_dac,26
161,$4011_dac,30
161,$4011_dac,38
161,$4011_dac,26
161,$4011_dac,42
161,$4011_dac,26
161,$4011_dac,26
161,$4011_dac,42
161,$4011_dac,14
161,$4011_dac,42
161,$4011_dac,26
161,$4011_dac,22
161,$4011_dac,30
161,$4011_dac,22
161,$4011_dac,18
161,$4011_dac,26
161,$4011_dac,26
161,$4011_dac,18
161,$4011_dac,34
161,$4011_dac,18
161,$4011_dac,30
161,$4011_dac,34
161,$4011_dac,26
161,$4011_dac,34
161,$4011_dac,26
161,$4011_dac,38
161,$4011_dac,26
161,$4011_dac,34
161,$4011_dac,26
161,$4011_dac,30
161,$4011_dac,42
161,$4011_dac,14
161,$4011_dac,50
161,$4011_dac,10
161,$4011_dac,54
161,$4011_dac,10
161,$4011_dac,50
161,$4011_dac,14
161,$4011_dac,58
161,$4011_dac,18
161,$4011_dac,62
161,$4011_dac,50
161,$4011_dac,30
161,$4011_dac,58
161,$4011_dac,42
161,$4011_dac,30
161,$4011_dac,50
161,$4011_dac,46
161,$4011_dac,62
161,$4011_dac,22
161,$4011_dac,62
161,$4011_dac,26
161,$4011_dac,46
161,$4011_dac,50
161,$4011_dac,46
161,$4011_dac,22
161,$4011_dac,54
161,$4011_dac,58
161,$4011_dac,22
161,$4011_dac,58
161,$4011_dac,34
161,$4011_dac,30
161,$4011_dac,58
161,$4011_dac,26
161,$4011_dac,46
161,$4011_dac,50
161,$4011_dac,30
161,$4011_dac,42
161,$4011_dac,30
161,$4011_dac,46
161,$4011_dac,34
161,$4011_dac,30
161,$4011_dac,34
161,$4011_dac,30
161,$4011_dac,34
161,$4011_dac,14
161,$4011_dac,46
161,$4011_dac,18
161,$4011_dac,30
161,$4011_dac,34
161,$4011_dac,18
161,$4011_dac,30
161,$4011_dac,34
161,$4011_dac,6
161,$4011_dac,50
161,$4011_dac,18
161,$4011_dac,26
161,$4011_dac,34
161,$4011_dac,22
161,$4011_dac,30
161,$4011_dac,30
161,$4011_dac,26
162,$4011_dac,22
162,$4011_dac,38
162,$4011_dac,6
162,$4011_dac,50
162,$4011_dac,22
162,$4011_dac,38
162,$4011_dac,10
162,$4011_dac,62
162,$4011_dac,30
162,$4011_dac,62
162,$4011_dac,14
162,$4011_dac,62
162,$4011_dac,18
162,$4011_dac,54
162,$4011_dac,34
162,$4011_dac,46
162,$4011_dac,34
162,$4011_dac,30
162,$4011_dac,62
162,$4011_dac,18
162,$4011_dac,50
162,$4011_dac,30
162,$4011_dac,34
162,$4011_dac,62
162,$4011_dac,18
162,$4011_dac,46
162,$4011_dac,50
162,$4011_dac,30
162,$4011_dac,58
162,$4011_dac,14
162,$4011_dac,62
162,$4011_dac,14
162,$4011_dac,62
162,$4011_dac,18
162,$4011_dac,58
162,$4011_dac,50
162,$4011_dac,30
162,$4011_dac,58
162,$4011_dac,22
162,$4011_dac,50
162,$4011_dac,26
162,$4011_dac,38
162,$4011_dac,30
162,$4011_dac,42
162,$4011_dac,18
162,$4011_dac,30
162,$4011_dac,34
162,$4011_dac,10
162,$4011_dac,46
162,$4011_dac,18
162,$4011_dac,26
162,$4011_dac,38
162,$4011_dac,10
162,$4011_dac,30
162,$4011_dac,26
162,$4011_dac,22
162,$4011_dac,30
162,$4011_dac,18
162,$4011_dac,34
162,$4011_dac,14
162,$4011_dac,22
162,$4011_dac,30
162,$4011_dac,18
162,$4011_dac,26
162,$4011_dac,26
162,$4011_dac,26
162,$4011_dac,6
162,$4011_dac,54
162,$4011_dac,10
162,$4011_dac,30
162,$4011_dac,38
162,$4011_dac,10
162,$4011_dac,46
162,$4011_dac,50
162,$4011_dac,2
162,$4011_dac,54
162,$4011_dac,50
162,$4011_dac,22
162,$4011_dac,42
162,$4011_dac,46
162,$4011_dac,18
162,$4011_dac,46
162,$4011_dac,54
162,$4011_dac,2
162,$4011_dac,62
162,$4011_dac,18
162,$4011_dac,30
162,$4011_dac,58
162,$4011_dac,22
162,$4011_dac,42
162,$4011_dac,30
162,$4011_dac,42
162,$4011_dac,10
162,$4011_dac,62
162,$4011_dac,10
162,$4011_dac,42
162,$4011_dac,50
162,$4011_dac,10
162,$4011_dac,46
162,$4011_dac,34
162,$4011_dac,26
162,$4011_dac,26
162,$4011_dac,34
162,$4011_dac,26
162,$4011_dac,14
162,$4011_dac,46
162,$4011_dac,2
162,$4011_dac,46
162,$4011_dac,18
162,$4011_dac,30
162,$4011_dac,30
162,$4011_dac,26
162,$4011_dac,22
162,$4011_dac,30
162,$4011_dac,22
162,$4011_dac,14
162,$4011_dac,46
162,$4011_dac,2
162,$4011_dac,38
162,$4011_dac,34
162,$4011_dac,6
162,$4011_dac,38
162,$4011_dac,30
162,$4011_dac,10
162,$4011_dac,26
162,$4011_dac,38
162,$4011_dac,14
162,$4011_dac,30
162,$4011_dac,22
162,$4011_dac,14
162,$4011_dac,50
162,$4011_dac,6
162,$4011_dac,38
162,$4011_dac,30
162,$4011_dac,42
162,$4011_dac,2
162,$4011_dac,54
162,$4011_dac,22
162,$4011_dac,30
162,$4011_dac,38
162,$4011_dac,6
162,$4011_dac,38
162,$4011_dac,42
162,$4011_dac,22
162,$4011_dac,14
162,$4011_dac,62
162,$4011_dac,10
162,$4011_dac,14
162,$4011_dac,62
162,$4011_dac,2
162,$4011_dac,46
162,$4011_dac,18
162,$4011_dac,46
162,$4011_dac,34
162,$4011_dac,22
162,$4011_dac,58
162,$4011_dac,6
162,$4011_dac,54
162,$4011_dac,18
162,$4011_dac,46
162,$4011_dac,26
162,$4011_dac,30
162,$4011_dac,30
162,$4011_dac,22
162,$4011_dac,50
162,$4011_dac,2
162,$4011_dac,22
162,$4011_dac,50
162,$4011_dac,30
162,$4011_dac,18
162,$4011_dac,14
162,$4011_dac,58
162,$4011_dac,18
162,$4011_dac,30
162,$4011_dac,42
162,$4011_dac,26
162,$4011_dac,30
162,$4011_dac,38
162,$4011_dac,10
162,$4011_dac,46
162,$4011_dac,34
162,$4011_dac,14
162,$4011_dac,54
162,$4011_dac,34
162,$4011_dac,10
162,$4011_dac,50
162,$4011_dac,22
162,$4011_dac,30
162,$4011_dac,34
162,$4011_dac,14
162,$4011_dac,46
162,$4011_dac,46
162,$4011_dac,2
162,$4011_dac,42
162,$4011_dac,58
162,$4011_dac,18
162,$4011_dac,22
162,$4011_dac,34
162,$4011_dac,26
162,$4011_dac,46
162,$4011_dac,18
162,$4011_dac,14
162,$4011_dac,62
162,$4011_dac,34
162,$4011_dac,22
162,$4011_dac,14
162,$4011_dac,62
162,$4011_dac,6
162,$4011_dac,62
162,$4011_dac,10
162,$4011_dac,46
162,$4011_dac,62
162,$4011_dac,2
162,$4011_dac,58
162,$4011_dac,34
162,$4011_dac,42
162,$4011_dac,26
162,$4011_dac,42
162,$4011_dac,26
162,$4011_dac,42
162,$4011_dac,38
162,$4011_dac,6
162,$4011_dac,54
162,$4011_dac,34
162,$4011_dac,30
162,$4011_dac,18
162,$4011_dac,30
162,$4011_dac,50
162,$4011_dac,2
162,$4011_dac,46
162,$4011_dac,34
162,$4011_dac,22
162,$4011_dac,30
162,$4011_dac,26
162,$4011_dac,30
162,$4011_dac,30
162,$4011_dac,26
162,$4011_dac,10
162,$4011_dac,46
162,$4011_dac,18
162,$4011_dac,22
162,$4011_dac,38
162,$4011_dac,18
162,$4011_dac,30
162,$4011_dac,18
162,$4011_dac,30
162,$4011_dac,34
162,$4011_dac,26
162,$4011_dac,6
162,$4011_dac,42
162,$4011_dac,34
162,$4011_dac,18
162,$4011_dac,6
162,$4011_dac,50
162,$4011_dac,22
162,$4011_dac,30
162,$4011_dac,2
162,$4011_dac,62
162,$4011_dac,34
162,$4011_dac,10
162,$4011_dac,38
162,$4011_dac,18
162,$4011_dac,46
162,$4011_dac,34
162,$4011_dac,14
162,$4011_dac,34
162,$4011_dac,54
162,$4011_dac,10
162,$4011_dac,10
162,$4011_dac,62
162,$4011_dac,18
162,$4011_dac,30
162,$4011_dac,50
162,$4011_dac,6
162,$4011_dac,62
162,$4011_dac,34
162,$4011_dac,14
162,$4011_dac,62
162,$4011_dac,34
162,$4011_dac,10
162,$4011_dac,46
162,$4011_dac,34
162,$4011_dac,10
162,$4011_dac,50
162,$4011_dac,10
162,$4011_dac,26
162,$4011_dac,62
162,$4011_dac,2
162,$4011_dac,30
162,$4011_dac,58
162,$4011_dac,26
162,$4011_dac,22
162,$4011_dac,42
162,$4011_dac,22
162,$4011_dac,38
162,$4011_dac,34
162,$4011_dac,6
162,$4011_dac,46
162,$4011_dac,34
162,$4011_dac,6
162,$4011_dac,46
162,$4011_dac,34
162,$4011_dac,14
162,$4011_dac,42
162,$4011_dac,10
162,$4011_dac,30
162,$4011_dac,50
162,$4011_dac,2
162,$4011_dac,30
163,$4011_dac,50
163,$4011_dac,18
163,$4011_dac,22
163,$4011_dac,42
163,$4011_dac,18
163,$4011_dac,30
163,$4011_dac,34
163,$4011_dac,2
163,$4011_dac,46
163,$4011_dac,34
163,$4011_dac,18
163,$4011_dac,34
163,$4011_dac,30
163,$4011_dac,22
163,$4011_dac,34
163,$4011_dac,22
163,$4011_dac,22
163,$4011_dac,22
163,$4011_dac,30
163,$4011_dac,26
163,$4011_dac,18
163,$4011_dac,34
163,$4011_dac,18
163,$4011_dac,30
163,$4011_dac,26
163,$4011_dac,18
163,$4011_dac,22
163,$4011_dac,30
163,$4011_dac,26
163,$4011_dac,10
163,$4011_dac,46
163,$4011_dac,6
163,$4011_dac,30
163,$4011_dac,34
163,$4011_dac,18
163,$4011_dac,22
163,$4011_dac,30
163,$4011_dac,26
163,$4011_dac,26
163,$4011_dac,26
163,$4011_dac,22
163,$4011_dac,30
163,$4011_dac,34
163,$4011_dac,10
163,$4011_dac,22
163,$4011_dac,42
163,$4011_dac,6
163,$4011_dac,30
163,$4011_dac,34
163,$4011_dac,14
163,$4011_dac,38
163,$4011_dac,18
163,$4011_dac,18
163,$4011_dac,30
163,$4011_dac,34
163,$4011_dac,2
163,$4011_dac,46
163,$4011_dac,34
163,$4011_dac,10
163,$4011_dac,38
163,$4011_dac,38
163,$4011_dac,18
163,$4011_dac,30
163,$4011_dac,42
163,$4011_dac,18
163,$4011_dac,30
163,$4011_dac,38
163,$4011_dac,18
163,$4011_dac,46
163,$4011_dac,42
163,$4011_dac,6
163,$4011_dac,38
163,$4011_dac,50
163,$4011_dac,6
163,$4011_dac,50
163,$4011_dac,34
163,$4011_dac,14
163,$4011_dac,54
163,$4011_dac,34
163,$4011_dac,14
163,$4011_dac,58
163,$4011_dac,42
163,$4011_dac,14
163,$4011_dac,50
163,$4011_dac,34
163,$4011_dac,18
163,$4011_dac,50
163,$4011_dac,26
163,$4011_dac,26
163,$4011_dac,46
163,$4011_dac,26
163,$4011_dac,30
163,$4011_dac,46
163,$4011_dac,26
163,$4011_dac,22
163,$4011_dac,42
163,$4011_dac,30
163,$4011_dac,30
163,$4011_dac,22
163,$4011_dac,22
163,$4011_dac,42
163,$4011_dac,26
163,$4011_dac,26
163,$4011_dac,26
163,$4011_dac,38
163,$4011_dac,30
163,$4011_dac,22
163,$4011_dac,34
163,$4011_dac,30
163,$4011_dac,42
163,$4011_dac,18
163,$4011_dac,22
163,$4011_dac,42
163,$4011_dac,30
163,$4011_dac,22
163,$4011_dac,30
163,$4011_dac,34
163,$4011_dac,30
163,$4011_dac,26
163,$4011_dac,30
163,$4011_dac,30
163,$4011_dac,42
163,$4011_dac,18
163,$4011_dac,30
163,$4011_dac,42
163,$4011_dac,34
163,$4011_dac,30
163,$4011_dac,30
163,$4011_dac,30
163,$4011_dac,46
163,$4011_dac,34
163,$4011_dac,14
163,$4011_dac,46
163,$4011_dac,34
163,$4011_dac,18
163,$4011_dac,38
163,$4011_dac,22
163,$4011_dac,30
163,$4011_dac,38
163,$4011_dac,14
163,$4011_dac,30
163,$4011_dac,50
163,$4011_dac,26
163,$4011_dac,14
163,$4011_dac,46
163,$4011_dac,34
163,$4011_dac,30
163,$4011_dac,38
163,$4011_dac,18
163,$4011_dac,46
163,$4011_dac,42
163,$4011_dac,18
163,$4011_dac,30
163,$4011_dac,38
163,$4011_dac,26
163,$4011_dac,26
163,$4011_dac,30
163,$4011_dac,30
163,$4011_dac,30
163,$4011_dac,30
163,$4011_dac,22
163,$4011_dac,30
163,$4011_dac,34
163,$4011_dac,30
163,$4011_dac,34
163,$4011_dac,30
163,$4011_dac,34
163,$4011_dac,30
163,$4011_dac,30
163,$4011_dac,34
163,$4011_dac,30
163,$4011_dac,34
163,$4011_dac,26
163,$4011_dac,30
163,$4011_dac,34
163,$4011_dac,30
163,$4011_dac,34
163,$4011_dac,30
163,$4011_dac,30
163,$4011_dac,34
163,$4011_dac,34
163,$4011_dac,34
163,$4011_dac,34
163,$4011_dac,42
163,$4011_dac,34
163,$4011_dac,30
163,$4011_dac,38
163,$4011_dac,34
163,$4011_dac,38
163,$4011_dac,38
163,$4011_dac,38
163,$4011_dac,38
163,$4011_dac,38
163,$4011_dac,34
163,$4011_dac,30
163,$4011_dac,38
163,$4011_dac,34
163,$4011_dac,30
163,$4011_dac,42
163,$4011_dac,26
163,$4011_dac,30
163,$4011_dac,38
163,$4011_dac,34
163,$4011_dac,30
163,$4011_dac,34
163,$4011_dac,38
163,$4011_dac,30
163,$4011_dac,34
163,$4011_dac,30
163,$4011_dac,30
163,$4011_dac,42
163,$4011_dac,30
163,$4011_dac,30
163,$4011_dac,38
163,$4011_dac,34
163,$4011_dac,62
163,$4011_dac,62
163,$4011_dac,30
195,$4000_duty,2
195,$4000_const,1
195,$4000_vol,15
195,$4001_sweep,127
195,$4002_period,1
195,$400B_length,8
195,$4004_duty,2
195,$4004_const,1
195,$4004_vol,15
195,$4005_sweep,127
195,$4006_period,1
195,$4008_linear,63
195,$400A_period,1
195,$400B_length,248
195,$400C_const,1
195,$400C_vol,0
195,$400E_period,14
195,$400E_mode,0
195,$400C_const,1
195,$400C_vol,15
195,$400E_period,4
195,$400E_mode,0
195,$4008_linear,122
195,$400A_period,239
195,$400B_length,248
195,$4005_sweep,127
195,$4004_duty,1
195,$4004_const,1
195,$4004_vol,6
195,$4006_period,1915
196,$400C_const,1
196,$400C_vol,0
198,$400C_const,1
198,$400C_vol,0
201,$400C_const,1
201,$400C_vol,15
201,$400E_period,4
201,$400E_mode,0
202,$400C_const,1
202,$400C_vol,0
204,$4008_linear,0
204,$4004_duty,2
204,$4004_const,1
204,$4004_vol,0
204,$400C_const,1
204,$400C_vol,0
207,$4008_linear,122
207,$400A_period,239
207,$400B_length,248
207,$400C_const,1
207,$400C_vol,15
207,$400E_period,4
207,$400E_mode,0
208,$400C_const,1
208,$400C_vol,0
210,$400C_const,1
210,$400C_vol,0
213,$400C_const,1
213,$400C_vol,15
213,$400E_period,4
213,$400E_mode,0
214,$400C_const,1
214,$400C_vol,0
216,$4008_linear,0
216,$400C_const,1
216,$400C_vol,0
219,$4008_linear,122
219,$400A_period,239
219,$400B_length,248
219,$400C_const,1
219,$400C_vol,15
219,$400E_period,8
219,$400E_mode,0
221,$400C_const,1
221,$400C_vol,0
228,$4008_linear,0
228,$400C_const,1
228,$400C_vol,0
231,$4008_linear,122
231,$400A_period,239
231,$400B_length,248
231,$400C_const,1
231,$400C_vol,15
231,$400E_period,4
231,$400E_mode,0
232,$400C_const,1
232,$400C_vol,0
234,$400C_const,1
234,$400C_vol,0
237,$400C_const,1
237,$400C_vol,15
237,$400E_period,4
237,$400E_mode,0
238,$400C_const,1
238,$400C_vol,0
240,$4008_linear,0
240,$400C_const,1
240,$400C_vol,0
243,$400C_const,1
243,$400C_vol,15
243,$400E_period,4
243,$400E_mode,0
243,$4008_linear,122
243,$400A_period,239
243,$400B_length,248
244,$400C_const,1
244,$400C_vol,0
246,$400C_const,1
246,$400C_vol,0
249,$400C_const,1
249,$400C_vol,15
249,$400E_period,4
249,$400E_mode,0
250,$400C_const,1
250,$400C_vol,0
252,$4000_duty,2
252,$4000_const,1
252,$4000_vol,0
252,$4008_linear,0
252,$400C_const,1
252,$400C_vol,0
255,$4001_sweep,127
255,$4000_duty,1
255,$4000_const,1
255,$4000_vol,6
255,$4002_period,379
255,$400B_length,8
255,$400C_const,1
255,$400C_vol,15
255,$400E_period,4
255,$400E_mode,0
255,$4008_linear,122
255,$400A_period,239
255,$400B_length,248
255,$4005_sweep,127
255,$4004_duty,1
255,$4004_const,1
255,$4004_vol,6
255,$4006_period,1521
256,$400C_const,1
256,$400C_vol,0
258,$400C_const,1
258,$400C_vol,0
261,$400C_const,1
261,$400C_vol,15
261,$400E_period,4
261,$400E_mode,0
262,$400C_const,1
262,$400C_vol,0
264,$4000_duty,2
264,$4000_const,1
264,$4000_vol,0
264,$4008_linear,0
264,$4004_duty,2
264,$4004_const,1
264,$4004_vol,0
264,$400C_const,1
264,$400C_vol,0
267,$4008_linear,122
267,$400A_period,239
267,$400B_length,248
267,$400C_const,1
267,$400C_vol,15
267,$400E_period,8
267,$400E_mode,0
269,$400C_const,1
269,$400C_vol,0
276,$4008_linear,0
276,$400C_const,1
276,$400C_vol,0
279,$4001_sweep,127
279,$4000_duty,1
279,$4000_const,1
279,$4000_vol,6
279,$4002_period,359
279,$400B_length,8
279,$400C_const,1
279,$400C_vol,15
279,$400E_period,4
279,$400E_mode,0
279,$4008_linear,122
279,$400A_period,239
279,$400B_length,248
279,$4005_sweep,127
279,$4004_duty,1
279,$4004_const,1
279,$4004_vol,6
279,$4006_period,1435
280,$400C_const,1
280,$400C_vol,0
282,$400C_const,1
282,$400C_vol,0
285,$400C_const,1
285,$400C_vol,15
285,$400E_period,4
285,$400E_mode,0
286,$400C_const,1
286,$400C_vol,0
288,$4000_duty,2
288,$4000_const,1
288,$4000_vol,0
288,$4008_linear,0
288,$4004_duty,2
288,$4004_const,1
288,$4004_vol,0
288,$400C_const,1
288,$400C_vol,0
291,$4008_linear,122
291,$400A_period,239
291,$400B_length,248
291,$400C_const,1
291,$400C_vol,15
291,$400E_period,4
291,$400E_mode,0
292,$400C_const,1
292,$400C_vol,0
294,$400C_const,1
294,$400C_vol,0
297,$400C_const,1
297,$400C_vol,15
297,$400E_period,4
297,$400E_mode,0
298,$400C_const,1
298,$400C_vol,0
300,$4008_linear,0
300,$400C_const,1
300,$400C_vol,0
303,$4001_sweep,127
303,$4000_duty,1
303,$4000_const,1
303,$4000_vol,6
303,$4002_period,285
303,$400B_length,8
303,$400C_const,1
303,$400C_vol,15
303,$400E_period,4
303,$400E_mode,0
303,$4008_linear,122
303,$400A_period,239
303,$400B_length,248
303,$4005_sweep,127
303,$4004_duty,1
303,$4004_const,1
303,$4004_vol,6
303,$4006_period,1141
304,$400C_const,1
304,$400C_vol,0
306,$400C_const,1
306,$400C_vol,0
309,$400C_const,1
309,$400C_vol,15
309,$400E_period,4
309,$400E_mode,0
310,$400C_const,1
310,$400C_vol,0
312,$4000_duty,2
312,$4000_const,1
312,$4000_vol,0
312,$4008_linear,0
312,$4004_duty,2
312,$4004_const,1
312,$4004_vol,0
312,$400C_const,1
312,$400C_vol,0
315,$4001_sweep,127
315,$4000_duty,1
315,$4000_const,1
315,$4000_vol,6
315,$4002_period,319
315,$400B_length,8
315,$400C_const,1
315,$400C_vol,15
315,$400E_period,8
315,$400E_mode,0
315,$4008_linear,122
315,$400A_period,239
315,$400B_length,248
315,$4005_sweep,127
315,$4004_duty,1
315,$4004_const,1
315,$4004_vol,6
315,$4006_period,1279
317,$400C_const,1
317,$400C_vol,0
324,$400C_const,1
324,$400C_vol,0
324,$4008_linear,0
327,$4008_linear,122
327,$400A_period,239
327,$400B_length,248
327,$400C_const,1
327,$400C_vol,15
327,$400E_period,4
327,$400E_mode,0
328,$400C_const,1
328,$400C_vol,0
330,$400C_const,1
330,$400C_vol,0
333,$400C_const,1
333,$400C_vol,15
333,$400E_period,4
333,$400E_mode,0
334,$400C_const,1
334,$400C_vol,0
336,$4004_duty,2
336,$4004_const,1
336,$4004_vol,0
336,$4008_linear,0
336,$400C_const,1
336,$400C_vol,0
339,$4008_linear,122
339,$400A_period,239
339,$400B_length,248
339,$400C_const,1
339,$400C_vol,15
339,$400E_period,4
339,$400E_mode,0
340,$400C_const,1
340,$400C_vol,0
342,$400C_const,1
342,$400C_vol,0
345,$400C_const,1
345,$400C_vol,15
345,$400E_period,4
345,$400E_mode,0
346,$400C_const,1
346,$400C_vol,0
348,$4008_linear,0
348,$400C_const,1
348,$400C_vol,0
351,$4005_sweep,127
351,$4004_duty,1
351,$4004_const,1
351,$4004_vol,6
351,$4006_period,1521
351,$4008_linear,122
351,$400A_period,239
351,$400B_length,248
351,$400C_const,1
351,$400C_vol,15
351,$400E_period,8
351,$400E_mode,0
353,$400C_const,1
353,$400C_vol,0
360,$4004_duty,2
360,$4004_const,1
360,$4004_vol,0
360,$4008_linear,0
360,$400C_const,1
360,$400C_vol,0
363,$4005_sweep,127
363,$4004_duty,1
363,$4004_const,1
363,$4004_vol,6
363,$4006_period,1709
363,$400C_const,1
363,$400C_vol,15
363,$400E_period,8
363,$400E_mode,0
363,$4008_linear,122
363,$400A_period,239
363,$400B_length,248
365,$400C_const,1
365,$400C_vol,0
366,$400C_const,1
366,$400C_vol,0
369,$400C_const,1
369,$400C_vol,15
369,$400E_period,8
369,$400E_mode,0
371,$400C_const,1
371,$400C_vol,0
372,$4004_duty,2
372,$4004_const,1
372,$4004_vol,0
372,$4008_linear,0
372,$400C_const,1
372,$400C_vol,0
375,$4005_sweep,127
375,$4004_duty,1
375,$4004_const,1
375,$4004_vol,6
375,$4006_period,1915
375,$400C_const,1
375,$400C_vol,15
375,$400E_period,8
375,$400E_mode,0
375,$4008_linear,122
375,$400A_period,239
375,$400B_length,248
377,$400C_const,1
377,$400C_vol,0
378,$400C_const,1
378,$400C_vol,0
381,$400C_const,1
381,$400C_vol,15
381,$400E_period,8
381,$400E_mode,0
383,$400C_const,1
383,$400C_vol,0
384,$4000_duty,2
384,$4000_const,1
384,$4000_vol,0
384,$4004_duty,2
384,$4004_const,1
384,$4004_vol,0
384,$4008_linear,0
384,$400C_const,1
384,$400C_vol,0
387,$4001_sweep,127
387,$4000_duty,1
387,$4000_const,1
387,$4000_vol,6
387,$4002_period,319
387,$400B_length,8
387,$400C_const,1
387,$400C_vol,15
387,$400E_period,8
387,$400E_mode,0
387,$4008_linear,122
387,$400A_period,239
387,$400B_length,248
387,$4005_sweep,127
387,$4004_duty,1
387,$4004_const,1
387,$4004_vol,6
387,$4006_period,1915
389,$400C_const,1
389,$400C_vol,0
396,$400C_const,1
396,$400C_vol,0
396,$4008_linear,0
396,$4004_duty,2
396,$4004_const,1
396,$4004_vol,0
399,$4008_linear,122
399,$400A_period,239
399,$400B_length,248
399,$400C_const,1
399,$400C_vol,15
399,$400E_period,4
399,$400E_mode,0
400,$400C_const,1
400,$400C_vol,0
402,$400C_const,1
402,$400C_vol,0
405,$400C_const,1
405,$400C_vol,15
405,$400E_period,4
405,$400E_mode,0
406,$400C_const,1
406,$400C_vol,0
408,$4008_linear,0
408,$400C_const,1
408,$400C_vol,0
411,$400C_const,1
411,$400C_vol,15
411,$400E_period,4
411,$400E_mode,0
412,$400C_const,1
412,$400C_vol,0
414,$400C_const,1
414,$400C_vol,0
417,$400C_const,1
417,$400C_vol,15
417,$400E_period,4
417,$400E_mode,0
418,$400C_const,1
418,$400C_vol,0
420,$4000_duty,2
420,$4000_const,1
420,$4000_vol,0
420,$400C_const,1
420,$400C_vol,0
423,$4001_sweep,127
423,$4000_duty,1
423,$4000_const,1
423,$4000_vol,6
423,$4002_period,239
423,$400B_length,8
423,$4008_linear,122
423,$400A_period,189
423,$400B_length,248
423,$4005_sweep,127
423,$4004_duty,1
423,$4004_const,1
423,$4004_vol,6
423,$4006_period,957
423,$400C_const,1
423,$400C_vol,15
423,$400E_period,8
423,$400E_mode,0
425,$400C_const,1
425,$400C_vol,0
432,$400C_const,1
432,$400C_vol,0
435,$400C_const,1
435,$400C_vol,15
435,$400E_period,4
435,$400E_mode,0
436,$400C_const,1
436,$400C_vol,0
438,$400C_const,1
438,$400C_vol,0
441,$400C_const,1
441,$400C_vol,15
441,$400E_period,4
441,$400E_mode,0
442,$400C_const,1
442,$400C_vol,0
444,$400C_const,1
444,$400C_vol,0
447,$400C_const,1
447,$400C_vol,15
447,$400E_period,4
447,$400E_mode,0
448,$400C_const,1
448,$400C_vol,0
450,$400C_const,1
450,$400C_vol,0
453,$400C_const,1
453,$400C_vol,15
453,$400E_period,4
453,$400E_mode,0
454,$400C_const,1
454,$400C_vol,0
456,$4000_duty,2
456,$4000_const,1
456,$4000_vol,0
456,$4008_linear,0
456,$4004_duty,2
456,$4004_const,1
456,$4004_vol,0
456,$400C_const,1
456,$400C_vol,0
459,$4001_sweep,127
459,$4000_duty,1
459,$4000_const,1
459,$4000_vol,6
459,$4002_period,253
459,$400B_length,8
459,$4008_linear,122
459,$400A_period,213
459,$400B_length,248
459,$4005_sweep,127
459,$4004_duty,1
459,$4004_const,1
459,$4004_vol,6
459,$4006_period,1015
459,$400C_const,1
459,$400C_vol,15
459,$400E_period,8
459,$400E_mode,0
461,$400C_const,1
461,$400C_vol,0
468,$400C_const,1
468,$400C_vol,0
471,$400C_const,1
471,$400C_vol,15
471,$400E_period,4
471,$400E_mode,0
472,$400C_const,1
472,$400C_vol,0
474,$400C_const,1
474,$400C_vol,0
477,$400C_const,1
477,$400C_vol,15
477,$400E_period,4
477,$400E_mode,0
478,$400C_const,1
478,$400C_vol,0
480,$400C_const,1
480,$400C_vol,0
483,$400C_const,1
483,$400C_vol,15
483,$400E_period,4
483,$400E_mode,0
484,$400C_const,1
484,$400C_vol,0
486,$400C_const,1
486,$400C_vol,0
489,$400C_const,1
489,$400C_vol,15
489,$400E_period,4
489,$400E_mode,0
490,$400C_const,1
490,$400C_vol,0
492,$4000_duty,2
492,$4000_const,1
492,$4000_vol,0
492,$4008_linear,0
492,$4004_duty,2
492,$4004_const,1
492,$4004_vol,0
492,$400C_const,1
492,$400C_vol,0
495,$4001_sweep,127
495,$4000_duty,1
495,$4000_const,1
495,$4000_vol,6
495,$4002_period,285
495,$400B_length,8
495,$400C_const,1
495,$400C_vol,15
495,$400E_period,8
495,$400E_mode,0
495,$4008_linear,122
495,$400A_period,179
495,$400B_length,248
495,$4005_sweep,127
495,$4004_duty,1
495,$4004_const,1
495,$4004_vol,6
495,$4006_period,1141
497,$400C_const,1
497,$400C_vol,0
504,$400C_const,1
504,$400C_vol,0
507,$400C_const,1
507,$400C_vol,15
507,$400E_period,4
507,$400E_mode,0
508,$400C_const,1
508,$400C_vol,0
516,$400C_const,1
516,$400C_vol,0
519,$400C_const,1
519,$400C_vol,15
519,$400E_period,4
519,$400E_mode,0
520,$400C_const,1
520,$400C_vol,0
528,$4000_duty,2
528,$4000_const,1
528,$4000_vol,0
528,$4008_linear,0
528,$4004_duty,2
528,$4004_const,1
528,$4004_vol,0
528,$400C_const,1
528,$400C_vol,0
531,$4001_sweep,127
531,$4000_duty,1
531,$4000_const,1
531,$4000_vol,6
531,$4002_period,379
531,$400B_length,8
531,$400C_const,1
531,$400C_vol,15
531,$400E_period,8
531,$400E_mode,0
531,$4008_linear,122
531,$400A_period,239
531,$400B_length,248
531,$4005_sweep,127
531,$4004_duty,1
531,$4004_const,1
531,$4004_vol,6
531,$4006_period,1521
533,$400C_const,1
533,$400C_vol,0
540,$4000_duty,2
540,$4000_const,1
540,$4000_vol,0
540,$400C_const,1
540,$400C_vol,0
540,$4008_linear,0
540,$4004_duty,2
540,$4004_const,1
540,$4004_vol,0
543,$4001_sweep,127
543,$4000_duty,1
543,$4000_const,1
543,$4000_vol,6
543,$4002_period,359
543,$400B_length,8
543,$400C_const,1
543,$400C_vol,15
543,$400E_period,4
543,$400E_mode,0
543,$4008_linear,122
543,$400A_period,213
543,$400B_length,248
543,$4005_sweep,127
543,$4004_duty,1
543,$4004_const,1
543,$4004_vol,6
543,$4006_period,1435
544,$400C_const,1
544,$400C_vol,0
552,$4000_duty,2
552,$4000_const,1
552,$4000_vol,0
552,$400C_const,1
552,$400C_vol,0
552,$4008_linear,0
552,$4004_duty,2
552,$4004_const,1
552,$4004_vol,0
555,$4001_sweep,127
555,$4000_duty,1
555,$4000_const,1
555,$4000_vol,6
555,$4002_period,319
555,$400B_length,8
555,$400C_const,1
555,$400C_vol,15
555,$400E_period,4
555,$400E_mode,0
555,$4008_linear,122
555,$400A_period,189
555,$400B_length,248
555,$4005_sweep,127
555,$4004_duty,1
555,$4004_const,1
555,$4004_vol,6
555,$4006_period,1279
556,$400C_const,1
556,$400C_vol,0
564,$4000_duty,2
564,$4000_const,1
564,$4000_vol,0
564,$400C_const,1
564,$400C_vol,0
564,$4008_linear,0
564,$4004_duty,2
564,$4004_const,1
564,$4004_vol,0
567,$400C_const,1
567,$400C_vol,15
567,$400E_period,8
567,$400E_mode,0
569,$400C_const,1
569,$400C_vol,0
570,$400C_const,1
570,$400C_vol,0
573,$400C_const,1
573,$400C_vol,15
573,$400E_period,8
573,$400E_mode,0
575,$400C_const,1
575,$400C_vol,0
576,$400C_const,1
576,$400C_vol,0
579,$4001_sweep,127
579,$4000_duty,1
579,$4000_const,1
579,$4000_vol,6
579,$4002_period,319
579,$400B_length,8
579,$400C_const,1
579,$400C_vol,15
579,$400E_period,4
579,$400E_mode,0
579,$4008_linear,122
579,$400A_period,239
579,$400B_length,248
579,$4005_sweep,127
579,$4004_duty,1
579,$4004_const,1
579,$4004_vol,6
579,$4006_period,2027
580,$400C_const,1
580,$400C_vol,0
582,$400C_const,1
582,$400C_vol,0
585,$400C_const,1
585,$400C_vol,15
585,$400E_period,4
585,$400E_mode,0
586,$400C_const,1
586,$400C_vol,0
588,$4008_linear,0
588,$4004_duty,2
588,$4004_const,1
588,$4004_vol,0
588,$400C_const,1
588,$400C_vol,0
591,$4005_sweep,127
591,$4004_duty,1
591,$4004_const,1
591,$4004_vol,6
591,$4006_period,1915
591,$400C_const,1
591,$400C_vol,15
591,$400E_period,4
591,$400E_mode,0
591,$4008_linear,122
591,$400A_period,239
591,$400B_length,248
592,$400C_const,1
592,$400C_vol,0
594,$400C_const,1
594,$400C_vol,0
597,$400C_const,1
597,$400C_vol,15
597,$400E_period,4
597,$400E_mode,0
598,$400C_const,1
598,$400C_vol,0
