frame,parameter,value
178,$4004_duty,0
178,$4004_const,1
178,$4004_vol,0
178,$4005_sweep,0
178,$4006_period,509
178,$4008_linear,16
178,$400A_period,679
178,$400B_length,9
178,$400C_const,1
178,$400C_vol,15
178,$400E_period,9
178,$400E_mode,0
179,$4000_duty,3
179,$4000_const,1
179,$4000_vol,0
179,$4000_duty,3
179,$4000_const,1
179,$4000_vol,1
179,$4004_duty,0
179,$4004_const,1
179,$4004_vol,0
179,$4004_duty,0
179,$4004_const,1
179,$4004_vol,0
179,$4008_linear,16
179,$400C_const,1
179,$400C_vol,15
179,$400C_const,1
179,$400C_vol,7
180,$4000_duty,3
180,$4000_const,1
180,$4000_vol,1
180,$4000_duty,3
180,$4000_const,1
180,$4000_vol,2
180,$4004_duty,0
180,$4004_const,1
180,$4004_vol,0
180,$4004_duty,0
180,$4004_const,1
180,$4004_vol,0
180,$4008_linear,16
180,$400C_const,1
180,$400C_vol,7
180,$400C_const,1
180,$400C_vol,2
181,$4000_duty,3
181,$4000_const,1
181,$4000_vol,2
181,$4000_duty,3
181,$4000_const,1
181,$4000_vol,2
181,$4004_duty,0
181,$4004_const,1
181,$4004_vol,0
181,$4004_duty,0
181,$4004_const,1
181,$4004_vol,0
181,$4008_linear,16
181,$400C_const,1
181,$400C_vol,2
181,$400C_const,1
181,$400C_vol,2
182,$4000_duty,3
182,$4000_const,1
182,$4000_vol,2
182,$4000_duty,3
182,$4000_const,1
182,$4000_vol,3
182,$4004_duty,0
182,$4004_const,1
182,$4004_vol,0
182,$4004_duty,0
182,$4004_const,1
182,$4004_vol,0
182,$4008_linear,16
182,$400C_const,1
182,$400C_vol,2
182,$400C_const,1
182,$400C_vol,2
183,$4000_duty,3
183,$4000_const,1
183,$4000_vol,3
183,$4000_duty,3
183,$4000_const,1
183,$4000_vol,4
183,$4004_duty,0
183,$4004_const,1
183,$4004_vol,0
183,$4004_duty,0
183,$4004_const,1
183,$4004_vol,0
183,$4008_linear,16
183,$400C_const,1
183,$400C_vol,2
183,$400C_const,1
183,$400C_vol,2
184,$4000_duty,3
184,$4000_const,1
184,$4000_vol,4
184,$4000_duty,3
184,$4000_const,1
184,$4000_vol,5
184,$4004_duty,0
184,$4004_const,1
184,$4004_vol,0
184,$4004_duty,0
184,$4004_const,1
184,$4004_vol,0
184,$4005_sweep,0
184,$4006_period,453
184,$4008_linear,16
184,$400C_const,1
184,$400C_vol,2
184,$400C_const,1
184,$400C_vol,2
185,$4000_duty,3
185,$4000_const,1
185,$4000_vol,5
185,$4000_duty,3
185,$4000_const,1
185,$4000_vol,6
185,$4004_duty,0
185,$4004_const,1
185,$4004_vol,0
185,$4004_duty,0
185,$4004_const,1
185,$4004_vol,0
185,$4008_linear,16
185,$400C_const,1
185,$400C_vol,2
185,$400C_const,1
185,$400C_vol,2
186,$4000_duty,3
186,$4000_const,1
186,$4000_vol,6
186,$4000_duty,3
186,$4000_const,1
186,$4000_vol,6
186,$4004_duty,0
186,$4004_const,1
186,$4004_vol,0
186,$4004_duty,0
186,$4004_const,1
186,$4004_vol,0
186,$4008_linear,16
186,$400C_const,1
186,$400C_vol,2
186,$400C_const,1
186,$400C_vol,2
187,$4000_duty,3
187,$4000_const,1
187,$4000_vol,6
187,$4000_duty,3
187,$4000_const,1
187,$4000_vol,7
187,$4004_duty,0
187,$4004_const,1
187,$4004_vol,0
187,$4004_duty,0
187,$4004_const,1
187,$4004_vol,0
187,$4008_linear,16
187,$400C_const,1
187,$400C_vol,2
187,$400C_const,1
187,$400C_vol,2
188,$4000_duty,3
188,$4000_const,1
188,$4000_vol,7
188,$4000_duty,3
188,$4000_const,1
188,$4000_vol,8
188,$4004_duty,0
188,$4004_const,1
188,$4004_vol,0
188,$4004_duty,0
188,$4004_const,1
188,$4004_vol,0
188,$4008_linear,16
188,$400C_const,1
188,$400C_vol,2
188,$400C_const,1
188,$400C_vol,2
189,$4000_duty,3
189,$4000_const,1
189,$4000_vol,8
189,$4000_duty,3
189,$4000_const,1
189,$4000_vol,9
189,$4004_duty,0
189,$4004_const,1
189,$4004_vol,0
189,$4004_duty,0
189,$4004_const,1
189,$4004_vol,0
189,$4008_linear,16
189,$400C_const,1
189,$400C_vol,2
189,$400C_const,1
189,$400C_vol,2
190,$4000_duty,3
190,$4000_const,1
190,$4000_vol,9
190,$4000_duty,3
190,$4000_const,1
190,$4000_vol,10
190,$4004_duty,0
190,$4004_const,1
190,$4004_vol,0
190,$4004_duty,0
190,$4004_const,1
190,$4004_vol,0
190,$4005_sweep,0
190,$4006_period,381
190,$4008_linear,16
190,$400A_period,679
190,$400B_length,9
190,$400C_const,1
190,$400C_vol,2
190,$400C_const,1
190,$400C_vol,15
190,$400E_period,1
190,$400E_mode,0
191,$4000_duty,3
191,$4000_const,1
191,$4000_vol,10
191,$4000_duty,3
191,$4000_const,1
191,$4000_vol,10
191,$4004_duty,0
191,$4004_const,1
191,$4004_vol,0
191,$4004_duty,0
191,$4004_const,1
191,$4004_vol,0
191,$4008_linear,16
191,$400C_const,1
191,$400C_vol,15
191,$400C_const,1
191,$400C_vol,7
192,$4000_duty,3
192,$4000_const,1
192,$4000_vol,10
192,$4000_duty,3
192,$4000_const,1
192,$4000_vol,11
192,$4004_duty,0
192,$4004_const,1
192,$4004_vol,0
192,$4004_duty,0
192,$4004_const,1
192,$4004_vol,0
192,$4008_linear,16
192,$400C_const,1
192,$400C_vol,7
192,$400C_const,1
192,$400C_vol,2
193,$4000_duty,3
193,$4000_const,1
193,$4000_vol,11
193,$4000_duty,3
193,$4000_const,1
193,$4000_vol,12
193,$4004_duty,0
193,$4004_const,1
193,$4004_vol,0
193,$4004_duty,0
193,$4004_const,1
193,$4004_vol,0
193,$4008_linear,16
193,$400C_const,1
193,$400C_vol,2
193,$400C_const,1
193,$400C_vol,2
194,$4000_duty,3
194,$4000_const,1
194,$4000_vol,12
194,$4000_duty,3
194,$4000_const,1
194,$4000_vol,12
194,$4004_duty,0
194,$4004_const,1
194,$4004_vol,0
194,$4004_duty,0
194,$4004_const,1
194,$4004_vol,0
194,$4008_linear,16
194,$400C_const,1
194,$400C_vol,2
194,$400C_const,1
194,$400C_vol,2
195,$4000_duty,3
195,$4000_const,1
195,$4000_vol,12
195,$4000_duty,3
195,$4000_const,1
195,$4000_vol,12
195,$4004_duty,0
195,$4004_const,1
195,$4004_vol,0
195,$4004_duty,0
195,$4004_const,1
195,$4004_vol,0
195,$4008_linear,16
195,$400C_const,1
195,$400C_vol,2
195,$400C_const,1
195,$400C_vol,2
196,$4000_duty,3
196,$4000_const,1
196,$4000_vol,12
196,$4000_duty,3
196,$4000_const,1
196,$4000_vol,12
196,$4004_duty,0
196,$4004_const,1
196,$4004_vol,0
196,$4004_duty,0
196,$4004_const,1
196,$4004_vol,0
196,$4005_sweep,0
196,$4006_period,339
196,$4008_linear,16
196,$400A_period,679
196,$400B_length,9
196,$400C_const,1
196,$400C_vol,2
196,$400C_const,1
196,$400C_vol,15
196,$400E_period,3
196,$400E_mode,0
197,$4000_duty,3
197,$4000_const,1
197,$4000_vol,12
197,$4000_duty,3
197,$4000_const,1
197,$4000_vol,12
197,$4004_duty,0
197,$4004_const,1
197,$4004_vol,0
197,$4004_duty,0
197,$4004_const,1
197,$4004_vol,0
197,$4008_linear,16
197,$400C_const,1
197,$400C_vol,15
197,$400C_const,1
197,$400C_vol,7
198,$4000_duty,3
198,$4000_const,1
198,$4000_vol,12
198,$4000_duty,3
198,$4000_const,1
198,$4000_vol,12
198,$4004_duty,0
198,$4004_const,1
198,$4004_vol,0
198,$4004_duty,0
198,$4004_const,1
198,$4004_vol,0
198,$4008_linear,16
198,$400C_const,1
198,$400C_vol,7
198,$400C_const,1
198,$400C_vol,2
199,$4000_duty,3
199,$4000_const,1
199,$4000_vol,12
199,$4000_duty,3
199,$4000_const,1
199,$4000_vol,12
199,$4004_duty,0
199,$4004_const,1
199,$4004_vol,0
199,$4004_duty,0
199,$4004_const,1
199,$4004_vol,0
199,$4008_linear,16
199,$400C_const,1
199,$400C_vol,2
199,$400C_const,1
199,$400C_vol,2
200,$4000_duty,3
200,$4000_const,1
200,$4000_vol,12
200,$4000_duty,3
200,$4000_const,1
200,$4000_vol,12
200,$4004_duty,0
200,$4004_const,1
200,$4004_vol,0
200,$4004_duty,0
200,$4004_const,1
200,$4004_vol,0
200,$4008_linear,16
200,$400C_const,1
200,$400C_vol,2
200,$400C_const,1
200,$400C_vol,2
201,$4000_duty,3
201,$4000_const,1
201,$4000_vol,12
201,$4000_duty,3
201,$4000_const,1
201,$4000_vol,12
201,$4004_duty,0
201,$4004_const,1
201,$4004_vol,0
201,$4004_duty,0
201,$4004_const,1
201,$4004_vol,0
201,$4008_linear,16
201,$400C_const,1
201,$400C_vol,2
201,$400C_const,1
201,$400C_vol,2
202,$4000_duty,3
202,$4000_const,1
202,$4000_vol,12
202,$4000_duty,3
202,$4000_const,1
202,$4000_vol,12
202,$4004_duty,0
202,$4004_const,1
202,$4004_vol,0
202,$4004_duty,0
202,$4004_const,1
202,$4004_vol,0
202,$4005_sweep,0
202,$4006_period,509
202,$4008_linear,16
202,$400A_period,679
202,$400B_length,9
202,$400C_const,1
202,$400C_vol,2
202,$400C_const,1
202,$400C_vol,15
202,$400E_period,9
202,$400E_mode,0
203,$4000_duty,3
203,$4000_const,1
203,$4000_vol,12
203,$4000_duty,3
203,$4000_const,1
203,$4000_vol,12
203,$4004_duty,0
203,$4004_const,1
203,$4004_vol,0
203,$4004_duty,0
203,$4004_const,1
203,$4004_vol,0
203,$4008_linear,16
203,$400C_const,1
203,$400C_vol,15
203,$400C_const,1
203,$400C_vol,7
204,$4000_duty,3
204,$4000_const,1
204,$4000_vol,12
204,$4000_duty,3
204,$4000_const,1
204,$4000_vol,12
204,$4004_duty,0
204,$4004_const,1
204,$4004_vol,0
204,$4004_duty,0
204,$4004_const,1
204,$4004_vol,0
204,$4008_linear,16
204,$400C_const,1
204,$400C_vol,7
204,$400C_const,1
204,$400C_vol,2
205,$4000_duty,3
205,$4000_const,1
205,$4000_vol,12
205,$4000_duty,3
205,$4000_const,1
205,$4000_vol,12
205,$4004_duty,0
205,$4004_const,1
205,$4004_vol,0
205,$4004_duty,0
205,$4004_const,1
205,$4004_vol,0
205,$4008_linear,16
205,$400C_const,1
205,$400C_vol,2
205,$400C_const,1
205,$400C_vol,2
206,$4000_duty,3
206,$4000_const,1
206,$4000_vol,12
206,$4000_duty,3
206,$4000_const,1
206,$4000_vol,12
206,$4004_duty,0
206,$4004_const,1
206,$4004_vol,0
206,$4004_duty,0
206,$4004_const,1
206,$4004_vol,0
206,$4008_linear,16
206,$400C_const,1
206,$400C_vol,2
206,$400C_const,1
206,$400C_vol,2
207,$4000_duty,3
207,$4000_const,1
207,$4000_vol,12
207,$4000_duty,3
207,$4000_const,1
207,$4000_vol,12
207,$4004_duty,0
207,$4004_const,1
207,$4004_vol,0
207,$4004_duty,0
207,$4004_const,1
207,$4004_vol,0
207,$4008_linear,16
207,$400C_const,1
207,$400C_vol,2
207,$400C_const,1
207,$400C_vol,2
208,$4000_duty,3
208,$4000_const,1
208,$4000_vol,12
208,$4000_duty,3
208,$4000_const,1
208,$4000_vol,12
208,$4004_duty,0
208,$4004_const,1
208,$4004_vol,0
208,$4004_duty,0
208,$4004_const,1
208,$4004_vol,1
208,$4005_sweep,0
208,$4006_period,453
208,$4008_linear,16
208,$400C_const,1
208,$400C_vol,2
208,$400C_const,1
208,$400C_vol,2
209,$4000_duty,3
209,$4000_const,1
209,$4000_vol,12
209,$4000_duty,3
209,$4000_const,1
209,$4000_vol,12
209,$4004_duty,0
209,$4004_const,1
209,$4004_vol,1
209,$4004_duty,0
209,$4004_const,1
209,$4004_vol,1
209,$4008_linear,16
209,$400C_const,1
209,$400C_vol,2
209,$400C_const,1
209,$400C_vol,2
210,$4000_duty,3
210,$4000_const,1
210,$4000_vol,12
210,$4000_duty,3
210,$4000_const,1
210,$4000_vol,12
210,$4004_duty,0
210,$4004_const,1
210,$4004_vol,1
210,$4004_duty,0
210,$4004_const,1
210,$4004_vol,1
210,$4008_linear,16
210,$400C_const,1
210,$400C_vol,2
210,$400C_const,1
210,$400C_vol,2
211,$4000_duty,3
211,$4000_const,1
211,$4000_vol,12
211,$4000_duty,3
211,$4000_const,1
211,$4000_vol,12
211,$4004_duty,0
211,$4004_const,1
211,$4004_vol,1
211,$4004_duty,0
211,$4004_const,1
211,$4004_vol,1
211,$4008_linear,16
211,$400C_const,1
211,$400C_vol,2
211,$400C_const,1
211,$400C_vol,2
212,$4000_duty,3
212,$4000_const,1
212,$4000_vol,12
212,$4000_duty,3
212,$4000_const,1
212,$4000_vol,12
212,$4004_duty,0
212,$4004_const,1
212,$4004_vol,1
212,$4004_duty,0
212,$4004_const,1
212,$4004_vol,0
212,$4008_linear,16
212,$400C_const,1
212,$400C_vol,2
212,$400C_const,1
212,$400C_vol,2
213,$4000_duty,3
213,$4000_const,1
213,$4000_vol,12
213,$4000_duty,3
213,$4000_const,1
213,$4000_vol,12
213,$4004_duty,0
213,$4004_const,1
213,$4004_vol,0
213,$4004_duty,0
213,$4004_const,1
213,$4004_vol,0
213,$4008_linear,16
213,$400C_const,1
213,$400C_vol,2
213,$400C_const,1
213,$400C_vol,2
214,$4000_duty,3
214,$4000_const,1
214,$4000_vol,12
214,$4000_duty,3
214,$4000_const,1
214,$4000_vol,12
214,$4004_duty,0
214,$4004_const,1
214,$4004_vol,0
214,$4004_duty,0
214,$4004_const,1
214,$4004_vol,1
214,$4005_sweep,0
214,$4006_period,381
214,$4008_linear,16
214,$400A_period,679
214,$400B_length,9
214,$400C_const,1
214,$400C_vol,2
214,$400C_const,1
214,$400C_vol,15
214,$400E_period,1
214,$400E_mode,0
215,$4000_duty,3
215,$4000_const,1
215,$4000_vol,12
215,$4000_duty,3
215,$4000_const,1
215,$4000_vol,12
215,$4004_duty,0
215,$4004_const,1
215,$4004_vol,1
215,$4004_duty,0
215,$4004_const,1
215,$4004_vol,1
215,$4008_linear,16
215,$400C_const,1
215,$400C_vol,15
215,$400C_const,1
215,$400C_vol,7
216,$4000_duty,3
216,$4000_const,1
216,$4000_vol,12
216,$4000_duty,3
216,$4000_const,1
216,$4000_vol,12
216,$4004_duty,0
216,$4004_const,1
216,$4004_vol,1
216,$4004_duty,0
216,$4004_const,1
216,$4004_vol,1
216,$4008_linear,16
216,$400C_const,1
216,$400C_vol,7
216,$400C_const,1
216,$400C_vol,2
217,$4000_duty,3
217,$4000_const,1
217,$4000_vol,12
217,$4000_duty,3
217,$4000_const,1
217,$4000_vol,12
217,$4004_duty,0
217,$4004_const,1
217,$4004_vol,1
217,$4004_duty,0
217,$4004_const,1
217,$4004_vol,1
217,$4008_linear,16
217,$400C_const,1
217,$400C_vol,2
217,$400C_const,1
217,$400C_vol,2
218,$4000_duty,3
218,$4000_const,1
218,$4000_vol,12
218,$4000_duty,3
218,$4000_const,1
218,$4000_vol,12
218,$4004_duty,0
218,$4004_const,1
218,$4004_vol,1
218,$4004_duty,0
218,$4004_const,1
218,$4004_vol,0
218,$4008_linear,16
218,$400C_const,1
218,$400C_vol,2
218,$400C_const,1
218,$400C_vol,2
219,$4000_duty,3
219,$4000_const,1
219,$4000_vol,12
219,$4000_duty,3
219,$4000_const,1
219,$4000_vol,12
219,$4004_duty,0
219,$4004_const,1
219,$4004_vol,0
219,$4004_duty,0
219,$4004_const,1
219,$4004_vol,0
219,$4008_linear,16
219,$400C_const,1
219,$400C_vol,2
219,$400C_const,1
219,$400C_vol,2
220,$4000_duty,3
220,$4000_const,1
220,$4000_vol,12
220,$4000_duty,3
220,$4000_const,1
220,$4000_vol,12
220,$4004_duty,0
220,$4004_const,1
220,$4004_vol,0
220,$4004_duty,0
220,$4004_const,1
220,$4004_vol,1
220,$4005_sweep,0
220,$4006_period,339
220,$4008_linear,16
220,$400A_period,679
220,$400B_length,9
220,$400C_const,1
220,$400C_vol,2
220,$400C_const,1
220,$400C_vol,15
220,$400E_period,3
220,$400E_mode,0
221,$4000_duty,3
221,$4000_const,1
221,$4000_vol,12
221,$4000_duty,3
221,$4000_const,1
221,$4000_vol,12
221,$4004_duty,0
221,$4004_const,1
221,$4004_vol,1
221,$4004_duty,0
221,$4004_const,1
221,$4004_vol,1
221,$4008_linear,16
221,$400C_const,1
221,$400C_vol,15
221,$400C_const,1
221,$400C_vol,7
222,$4000_duty,3
222,$4000_const,1
222,$4000_vol,12
222,$4000_duty,3
222,$4000_const,1
222,$4000_vol,12
222,$4004_duty,0
222,$4004_const,1
222,$4004_vol,1
222,$4004_duty,0
222,$4004_const,1
222,$4004_vol,1
222,$4008_linear,16
222,$400C_const,1
222,$400C_vol,7
222,$400C_const,1
222,$400C_vol,2
223,$4000_duty,3
223,$4000_const,1
223,$4000_vol,12
223,$4000_duty,3
223,$4000_const,1
223,$4000_vol,12
223,$4004_duty,0
223,$4004_const,1
223,$4004_vol,1
223,$4004_duty,0
223,$4004_const,1
223,$4004_vol,1
223,$4008_linear,16
223,$400C_const,1
223,$400C_vol,2
223,$400C_const,1
223,$400C_vol,2
224,$4000_duty,3
224,$4000_const,1
224,$4000_vol,12
224,$4000_duty,3
224,$4000_const,1
224,$4000_vol,12
224,$4004_duty,0
224,$4004_const,1
224,$4004_vol,1
224,$4004_duty,0
224,$4004_const,1
224,$4004_vol,0
224,$4008_linear,16
224,$400C_const,1
224,$400C_vol,2
224,$400C_const,1
224,$400C_vol,2
225,$4000_duty,3
225,$4000_const,1
225,$4000_vol,12
225,$4000_duty,3
225,$4000_const,1
225,$4000_vol,12
225,$4004_duty,0
225,$4004_const,1
225,$4004_vol,0
225,$4004_duty,0
225,$4004_const,1
225,$4004_vol,0
225,$4008_linear,16
225,$400C_const,1
225,$400C_vol,2
225,$400C_const,1
225,$400C_vol,2
226,$4000_duty,3
226,$4000_const,1
226,$4000_vol,12
226,$4000_duty,3
226,$4000_const,1
226,$4000_vol,12
226,$4004_duty,0
226,$4004_const,1
226,$4004_vol,0
226,$4004_duty,0
226,$4004_const,1
226,$4004_vol,1
226,$4005_sweep,0
226,$4006_period,509
226,$4008_linear,16
226,$400A_period,679
226,$400B_length,9
226,$400C_const,1
226,$400C_vol,2
226,$400C_const,1
226,$400C_vol,15
226,$400E_period,9
226,$400E_mode,0
227,$4000_duty,3
227,$4000_const,1
227,$4000_vol,12
227,$4000_duty,3
227,$4000_const,1
227,$4000_vol,12
227,$4004_duty,0
227,$4004_const,1
227,$4004_vol,1
227,$4004_duty,0
227,$4004_const,1
227,$4004_vol,1
227,$4008_linear,16
227,$400C_const,1
227,$400C_vol,15
227,$400C_const,1
227,$400C_vol,7
228,$4000_duty,3
228,$4000_const,1
228,$4000_vol,12
228,$4000_duty,3
228,$4000_const,1
228,$4000_vol,12
228,$4004_duty,0
228,$4004_const,1
228,$4004_vol,1
228,$4004_duty,0
228,$4004_const,1
228,$4004_vol,1
228,$4008_linear,16
228,$400C_const,1
228,$400C_vol,7
228,$400C_const,1
228,$400C_vol,2
229,$4000_duty,3
229,$4000_const,1
229,$4000_vol,12
229,$4000_duty,3
229,$4000_const,1
229,$4000_vol,12
229,$4004_duty,0
229,$4004_const,1
229,$4004_vol,1
229,$4004_duty,0
229,$4004_const,1
229,$4004_vol,1
229,$4008_linear,16
229,$400C_const,1
229,$400C_vol,2
229,$400C_const,1
229,$400C_vol,2
230,$4000_duty,3
230,$4000_const,1
230,$4000_vol,12
230,$4000_duty,3
230,$4000_const,1
230,$4000_vol,12
230,$4004_duty,0
230,$4004_const,1
230,$4004_vol,1
230,$4004_duty,0
230,$4004_const,1
230,$4004_vol,0
230,$4008_linear,16
230,$400C_const,1
230,$400C_vol,2
230,$400C_const,1
230,$400C_vol,2
231,$4000_duty,3
231,$4000_const,1
231,$4000_vol,12
231,$4000_duty,3
231,$4000_const,1
231,$4000_vol,12
231,$4004_duty,0
231,$4004_const,1
231,$4004_vol,0
231,$4004_duty,0
231,$4004_const,1
231,$4004_vol,0
231,$4008_linear,16
231,$400C_const,1
231,$400C_vol,2
231,$400C_const,1
231,$400C_vol,2
232,$4000_duty,3
232,$4000_const,1
232,$4000_vol,12
232,$4000_duty,3
232,$4000_const,1
232,$4000_vol,12
232,$4004_duty,0
232,$4004_const,1
232,$4004_vol,0
232,$4004_duty,0
232,$4004_const,1
232,$4004_vol,1
232,$4005_sweep,0
232,$4006_period,453
232,$4008_linear,16
232,$400C_const,1
232,$400C_vol,2
232,$400C_const,1
232,$400C_vol,2
233,$4000_duty,3
233,$4000_const,1
233,$4000_vol,12
233,$4000_duty,3
233,$4000_const,1
233,$4000_vol,12
233,$4004_duty,0
233,$4004_const,1
233,$4004_vol,1
233,$4004_duty,0
233,$4004_const,1
233,$4004_vol,1
233,$4008_linear,16
233,$400C_const,1
233,$400C_vol,2
233,$400C_const,1
233,$400C_vol,2
234,$4000_duty,3
234,$4000_const,1
234,$4000_vol,12
234,$4000_duty,3
234,$4000_const,1
234,$4000_vol,12
234,$4004_duty,0
234,$4004_const,1
234,$4004_vol,1
234,$4004_duty,0
234,$4004_const,1
234,$4004_vol,1
234,$4008_linear,16
234,$400C_const,1
234,$400C_vol,2
234,$400C_const,1
234,$400C_vol,2
235,$4000_duty,3
235,$4000_const,1
235,$4000_vol,12
235,$4000_duty,3
235,$4000_const,1
235,$4000_vol,12
235,$4004_duty,0
235,$4004_const,1
235,$4004_vol,1
235,$4004_duty,0
235,$4004_const,1
235,$4004_vol,1
235,$4008_linear,16
235,$400C_const,1
235,$400C_vol,2
235,$400C_const,1
235,$400C_vol,2
236,$4000_duty,3
236,$4000_const,1
236,$4000_vol,12
236,$4000_duty,3
236,$4000_const,1
236,$4000_vol,12
236,$4004_duty,0
236,$4004_const,1
236,$4004_vol,1
236,$4004_duty,0
236,$4004_const,1
236,$4004_vol,0
236,$4008_linear,16
236,$400C_const,1
236,$400C_vol,2
236,$400C_const,1
236,$400C_vol,2
237,$4000_duty,3
237,$4000_const,1
237,$4000_vol,12
237,$4000_duty,3
237,$4000_const,1
237,$4000_vol,12
237,$4004_duty,0
237,$4004_const,1
237,$4004_vol,0
237,$4004_duty,0
237,$4004_const,1
237,$4004_vol,0
237,$4008_linear,16
237,$400C_const,1
237,$400C_vol,2
237,$400C_const,1
237,$400C_vol,2
238,$4000_duty,3
238,$4000_const,1
238,$4000_vol,12
238,$4000_duty,3
238,$4000_const,1
238,$4000_vol,12
238,$4004_duty,0
238,$4004_const,1
238,$4004_vol,0
238,$4004_duty,0
238,$4004_const,1
238,$4004_vol,2
238,$4005_sweep,0
238,$4006_period,381
238,$4008_linear,16
238,$400A_period,679
238,$400B_length,9
238,$400C_const,1
238,$400C_vol,2
238,$400C_const,1
238,$400C_vol,15
238,$400E_period,1
238,$400E_mode,0
239,$4000_duty,3
239,$4000_const,1
239,$4000_vol,12
239,$4000_duty,3
239,$4000_const,1
239,$4000_vol,12
239,$4004_duty,0
239,$4004_const,1
239,$4004_vol,2
239,$4004_duty,0
239,$4004_const,1
239,$4004_vol,1
239,$4008_linear,16
239,$400C_const,1
239,$400C_vol,15
239,$400C_const,1
239,$400C_vol,7
240,$4000_duty,3
240,$4000_const,1
240,$4000_vol,12
240,$4000_duty,3
240,$4000_const,1
240,$4000_vol,12
240,$4004_duty,0
240,$4004_const,1
240,$4004_vol,1
240,$4004_duty,0
240,$4004_const,1
240,$4004_vol,2
240,$4008_linear,16
240,$400C_const,1
240,$400C_vol,7
240,$400C_const,1
240,$400C_vol,2
241,$4000_duty,3
241,$4000_const,1
241,$4000_vol,12
241,$4000_duty,3
241,$4000_const,1
241,$4000_vol,12
241,$4004_duty,0
241,$4004_const,1
241,$4004_vol,2
241,$4004_duty,0
241,$4004_const,1
241,$4004_vol,1
241,$4008_linear,16
241,$400C_const,1
241,$400C_vol,2
241,$400C_const,1
241,$400C_vol,2
242,$4000_duty,3
242,$4000_const,1
242,$4000_vol,12
242,$4000_duty,3
242,$4000_const,1
242,$4000_vol,12
242,$4004_duty,0
242,$4004_const,1
242,$4004_vol,1
242,$4004_duty,0
242,$4004_const,1
242,$4004_vol,1
242,$4008_linear,16
242,$400C_const,1
242,$400C_vol,2
242,$400C_const,1
242,$400C_vol,2
243,$4000_duty,3
243,$4000_const,1
243,$4000_vol,12
243,$4000_duty,3
243,$4000_const,1
243,$4000_vol,12
243,$4004_duty,0
243,$4004_const,1
243,$4004_vol,1
243,$4004_duty,0
243,$4004_const,1
243,$4004_vol,1
243,$4008_linear,16
243,$400C_const,1
243,$400C_vol,2
243,$400C_const,1
243,$400C_vol,2
244,$4000_duty,3
244,$4000_const,1
244,$4000_vol,12
244,$4000_duty,3
244,$4000_const,1
244,$4000_vol,12
244,$4004_duty,0
244,$4004_const,1
244,$4004_vol,1
244,$4004_duty,0
244,$4004_const,1
244,$4004_vol,2
244,$4005_sweep,0
244,$4006_period,339
244,$4008_linear,16
244,$400A_period,679
244,$400B_length,9
244,$400C_const,1
244,$400C_vol,2
244,$400C_const,1
244,$400C_vol,15
244,$400E_period,3
244,$400E_mode,0
245,$4000_duty,3
245,$4000_const,1
245,$4000_vol,12
245,$4000_duty,3
245,$4000_const,1
245,$4000_vol,12
245,$4004_duty,0
245,$4004_const,1
245,$4004_vol,2
245,$4004_duty,0
245,$4004_const,1
245,$4004_vol,1
245,$4008_linear,16
245,$400C_const,1
245,$400C_vol,15
245,$400C_const,1
245,$400C_vol,7
246,$4000_duty,3
246,$4000_const,1
246,$4000_vol,12
246,$4000_duty,3
246,$4000_const,1
246,$4000_vol,12
246,$4004_duty,0
246,$4004_const,1
246,$4004_vol,1
246,$4004_duty,0
246,$4004_const,1
246,$4004_vol,2
246,$4008_linear,16
246,$400C_const,1
246,$400C_vol,7
246,$400C_const,1
246,$400C_vol,2
247,$4000_duty,3
247,$4000_const,1
247,$4000_vol,12
247,$4000_duty,3
247,$4000_const,1
247,$4000_vol,12
247,$4004_duty,0
247,$4004_const,1
247,$4004_vol,2
247,$4004_duty,0
247,$4004_const,1
247,$4004_vol,1
247,$4008_linear,16
247,$400C_const,1
247,$400C_vol,2
247,$400C_const,1
247,$400C_vol,2
248,$4000_duty,3
248,$4000_const,1
248,$4000_vol,12
248,$4000_duty,3
248,$4000_const,1
248,$4000_vol,12
248,$4004_duty,0
248,$4004_const,1
248,$4004_vol,1
248,$4004_duty,0
248,$4004_const,1
248,$4004_vol,1
248,$4008_linear,16
248,$400C_const,1
248,$400C_vol,2
248,$400C_const,1
248,$400C_vol,2
249,$4000_duty,3
249,$4000_const,1
249,$4000_vol,12
249,$4000_duty,3
249,$4000_const,1
249,$4000_vol,12
249,$4004_duty,0
249,$4004_const,1
249,$4004_vol,1
249,$4004_duty,0
249,$4004_const,1
249,$4004_vol,1
249,$4008_linear,16
249,$400C_const,1
249,$400C_vol,2
249,$400C_const,1
249,$400C_vol,2
250,$4000_duty,3
250,$4000_const,1
250,$4000_vol,12
250,$4000_duty,3
250,$4000_const,1
250,$4000_vol,12
250,$4004_duty,0
250,$4004_const,1
250,$4004_vol,1
250,$4004_duty,0
250,$4004_const,1
250,$4004_vol,2
250,$4005_sweep,0
250,$4006_period,509
250,$4008_linear,16
250,$400A_period,679
250,$400B_length,9
250,$400C_const,1
250,$400C_vol,2
250,$400C_const,1
250,$400C_vol,15
250,$400E_period,9
250,$400E_mode,0
251,$4000_duty,3
251,$4000_const,1
251,$4000_vol,12
251,$4000_duty,3
251,$4000_const,1
251,$4000_vol,12
251,$4004_duty,0
251,$4004_const,1
251,$4004_vol,2
251,$4004_duty,0
251,$4004_const,1
251,$4004_vol,1
251,$4008_linear,16
251,$400C_const,1
251,$400C_vol,15
251,$400C_const,1
251,$400C_vol,7
252,$4000_duty,3
252,$4000_const,1
252,$4000_vol,12
252,$4000_duty,3
252,$4000_const,1
252,$4000_vol,12
252,$4004_duty,0
252,$4004_const,1
252,$4004_vol,1
252,$4004_duty,0
252,$4004_const,1
252,$4004_vol,2
252,$4008_linear,16
252,$400C_const,1
252,$400C_vol,7
252,$400C_const,1
252,$400C_vol,2
253,$4000_duty,3
253,$4000_const,1
253,$4000_vol,12
253,$4000_duty,3
253,$4000_const,1
253,$4000_vol,12
253,$4004_duty,0
253,$4004_const,1
253,$4004_vol,2
253,$4004_duty,0
253,$4004_const,1
253,$4004_vol,1
253,$4008_linear,16
253,$400C_const,1
253,$400C_vol,2
253,$400C_const,1
253,$400C_vol,2
254,$4000_duty,3
254,$4000_const,1
254,$4000_vol,12
254,$4000_duty,3
254,$4000_const,1
254,$4000_vol,12
254,$4004_duty,0
254,$4004_const,1
254,$4004_vol,1
254,$4004_duty,0
254,$4004_const,1
254,$4004_vol,1
254,$4008_linear,16
254,$400C_const,1
254,$400C_vol,2
254,$400C_const,1
254,$400C_vol,2
255,$4000_duty,3
255,$4000_const,1
255,$4000_vol,12
255,$4000_duty,3
255,$4000_const,1
255,$4000_vol,12
255,$4004_duty,0
255,$4004_const,1
255,$4004_vol,1
255,$4004_duty,0
255,$4004_const,1
255,$4004_vol,1
255,$4008_linear,16
255,$400C_const,1
255,$400C_vol,2
255,$400C_const,1
255,$400C_vol,2
256,$4000_duty,3
256,$4000_const,1
256,$4000_vol,12
256,$4000_duty,3
256,$4000_const,1
256,$4000_vol,12
256,$4004_duty,0
256,$4004_const,1
256,$4004_vol,1
256,$4004_duty,0
256,$4004_const,1
256,$4004_vol,2
256,$4005_sweep,0
256,$4006_period,453
256,$4008_linear,16
256,$400C_const,1
256,$400C_vol,2
256,$400C_const,1
256,$400C_vol,2
257,$4000_duty,3
257,$4000_const,1
257,$4000_vol,12
257,$4000_duty,3
257,$4000_const,1
257,$4000_vol,12
257,$4004_duty,0
257,$4004_const,1
257,$4004_vol,2
257,$4004_duty,0
257,$4004_const,1
257,$4004_vol,1
257,$4008_linear,16
257,$400C_const,1
257,$400C_vol,2
257,$400C_const,1
257,$400C_vol,2
258,$4000_duty,3
258,$4000_const,1
258,$4000_vol,12
258,$4000_duty,3
258,$4000_const,1
258,$4000_vol,12
258,$4004_duty,0
258,$4004_const,1
258,$4004_vol,1
258,$4004_duty,0
258,$4004_const,1
258,$4004_vol,2
258,$4008_linear,16
258,$400C_const,1
258,$400C_vol,2
258,$400C_const,1
258,$400C_vol,2
259,$4000_duty,3
259,$4000_const,1
259,$4000_vol,12
259,$4000_duty,3
259,$4000_const,1
259,$4000_vol,12
259,$4004_duty,0
259,$4004_const,1
259,$4004_vol,2
259,$4004_duty,0
259,$4004_const,1
259,$4004_vol,1
259,$4008_linear,16
259,$400C_const,1
259,$400C_vol,2
259,$400C_const,1
259,$400C_vol,2
260,$4000_duty,3
260,$4000_const,1
260,$4000_vol,12
260,$4000_duty,3
260,$4000_const,1
260,$4000_vol,12
260,$4004_duty,0
260,$4004_const,1
260,$4004_vol,1
260,$4004_duty,0
260,$4004_const,1
260,$4004_vol,1
260,$4008_linear,16
260,$400C_const,1
260,$400C_vol,2
260,$400C_const,1
260,$400C_vol,2
261,$4000_duty,3
261,$4000_const,1
261,$4000_vol,12
261,$4000_duty,3
261,$4000_const,1
261,$4000_vol,12
261,$4004_duty,0
261,$4004_const,1
261,$4004_vol,1
261,$4004_duty,0
261,$4004_const,1
261,$4004_vol,1
261,$4008_linear,16
261,$400C_const,1
261,$400C_vol,2
261,$400C_const,1
261,$400C_vol,2
262,$4000_duty,3
262,$4000_const,1
262,$4000_vol,12
262,$4000_duty,3
262,$4000_const,1
262,$4000_vol,12
262,$4004_duty,0
262,$4004_const,1
262,$4004_vol,1
262,$4004_duty,0
262,$4004_const,1
262,$4004_vol,2
262,$4005_sweep,0
262,$4006_period,381
262,$4008_linear,16
262,$400A_period,679
262,$400B_length,9
262,$400C_const,1
262,$400C_vol,2
262,$400C_const,1
262,$400C_vol,15
262,$400E_period,1
262,$400E_mode,0
263,$4000_duty,3
263,$4000_const,1
263,$4000_vol,12
263,$4000_duty,3
263,$4000_const,1
263,$4000_vol,12
263,$4004_duty,0
263,$4004_const,1
263,$4004_vol,2
263,$4004_duty,0
263,$4004_const,1
263,$4004_vol,1
263,$4008_linear,16
263,$400C_const,1
263,$400C_vol,15
263,$400C_const,1
263,$400C_vol,7
264,$4000_duty,3
264,$4000_const,1
264,$4000_vol,12
264,$4000_duty,3
264,$4000_const,1
264,$4000_vol,12
264,$4004_duty,0
264,$4004_const,1
264,$4004_vol,1
264,$4004_duty,0
264,$4004_const,1
264,$4004_vol,2
264,$4008_linear,16
264,$400C_const,1
264,$400C_vol,7
264,$400C_const,1
264,$400C_vol,2
265,$4000_duty,3
265,$4000_const,1
265,$4000_vol,12
265,$4000_duty,3
265,$4000_const,1
265,$4000_vol,12
265,$4004_duty,0
265,$4004_const,1
265,$4004_vol,2
265,$4004_duty,0
265,$4004_const,1
265,$4004_vol,1
265,$4008_linear,16
265,$400C_const,1
265,$400C_vol,2
265,$400C_const,1
265,$400C_vol,2
266,$4000_duty,3
266,$4000_const,1
266,$4000_vol,12
266,$4000_duty,3
266,$4000_const,1
266,$4000_vol,12
266,$4004_duty,0
266,$4004_const,1
266,$4004_vol,1
266,$4004_duty,0
266,$4004_const,1
266,$4004_vol,1
266,$4008_linear,16
266,$400C_const,1
266,$400C_vol,2
266,$400C_const,1
266,$400C_vol,2
267,$4000_duty,3
267,$4000_const,1
267,$4000_vol,12
267,$4000_duty,3
267,$4000_const,1
267,$4000_vol,12
267,$4004_duty,0
267,$4004_const,1
267,$4004_vol,1
267,$4004_duty,0
267,$4004_const,1
267,$4004_vol,1
267,$4008_linear,16
267,$400C_const,1
267,$400C_vol,2
267,$400C_const,1
267,$400C_vol,2
268,$4000_duty,3
268,$4000_const,1
268,$4000_vol,12
268,$4000_duty,3
268,$4000_const,1
268,$4000_vol,12
268,$4004_duty,0
268,$4004_const,1
268,$4004_vol,1
268,$4004_duty,0
268,$4004_const,1
268,$4004_vol,3
268,$4005_sweep,0
268,$4006_period,339
268,$4008_linear,16
268,$400A_period,679
268,$400B_length,9
268,$400C_const,1
268,$400C_vol,2
268,$400C_const,1
268,$400C_vol,15
268,$400E_period,3
268,$400E_mode,0
269,$4000_duty,3
269,$4000_const,1
269,$4000_vol,12
269,$4000_duty,3
269,$4000_const,1
269,$4000_vol,12
269,$4004_duty,0
269,$4004_const,1
269,$4004_vol,3
269,$4004_duty,0
269,$4004_const,1
269,$4004_vol,2
269,$4008_linear,16
269,$400C_const,1
269,$400C_vol,15
269,$400C_const,1
269,$400C_vol,7
270,$4000_duty,3
270,$4000_const,1
270,$4000_vol,12
270,$4000_duty,3
270,$4000_const,1
270,$4000_vol,12
270,$4004_duty,0
270,$4004_const,1
270,$4004_vol,2
270,$4004_duty,0
270,$4004_const,1
270,$4004_vol,3
270,$4008_linear,16
270,$400C_const,1
270,$400C_vol,7
270,$400C_const,1
270,$400C_vol,2
271,$4000_duty,3
271,$4000_const,1
271,$4000_vol,12
271,$4000_duty,3
271,$4000_const,1
271,$4000_vol,12
271,$4004_duty,0
271,$4004_const,1
271,$4004_vol,3
271,$4004_duty,0
271,$4004_const,1
271,$4004_vol,2
271,$4008_linear,16
271,$400C_const,1
271,$400C_vol,2
271,$400C_const,1
271,$400C_vol,2
272,$4000_duty,3
272,$4000_const,1
272,$4000_vol,12
272,$4000_duty,3
272,$4000_const,1
272,$4000_vol,12
272,$4004_duty,0
272,$4004_const,1
272,$4004_vol,2
272,$4004_duty,0
272,$4004_const,1
272,$4004_vol,1
272,$4008_linear,16
272,$400C_const,1
272,$400C_vol,2
272,$400C_const,1
272,$400C_vol,2
273,$4000_duty,3
273,$4000_const,1
273,$4000_vol,12
273,$4000_duty,3
273,$4000_const,1
273,$4000_vol,12
273,$4004_duty,0
273,$4004_const,1
273,$4004_vol,1
273,$4004_duty,0
273,$4004_const,1
273,$4004_vol,1
273,$4008_linear,16
273,$400C_const,1
273,$400C_vol,2
273,$400C_const,1
273,$400C_vol,2
274,$4000_duty,3
274,$4000_const,1
274,$4000_vol,12
274,$4000_duty,3
274,$4000_const,1
274,$4000_vol,12
274,$4004_duty,0
274,$4004_const,1
274,$4004_vol,1
274,$4004_duty,0
274,$4004_const,1
274,$4004_vol,3
274,$4005_sweep,0
274,$4006_period,509
274,$4008_linear,16
274,$400A_period,679
274,$400B_length,9
274,$400C_const,1
274,$400C_vol,2
274,$400C_const,1
274,$400C_vol,15
274,$400E_period,9
274,$400E_mode,0
275,$4000_duty,3
275,$4000_const,1
275,$4000_vol,12
275,$4000_duty,3
275,$4000_const,1
275,$4000_vol,12
275,$4004_duty,0
275,$4004_const,1
275,$4004_vol,3
275,$4004_duty,0
275,$4004_const,1
275,$4004_vol,2
275,$4008_linear,16
275,$400C_const,1
275,$400C_vol,15
275,$400C_const,1
275,$400C_vol,7
276,$4000_duty,3
276,$4000_const,1
276,$4000_vol,12
276,$4000_duty,3
276,$4000_const,1
276,$4000_vol,12
276,$4004_duty,0
276,$4004_const,1
276,$4004_vol,2
276,$4004_duty,0
276,$4004_const,1
276,$4004_vol,3
276,$4008_linear,16
276,$400C_const,1
276,$400C_vol,7
276,$400C_const,1
276,$400C_vol,2
277,$4000_duty,3
277,$4000_const,1
277,$4000_vol,12
277,$4000_duty,3
277,$4000_const,1
277,$4000_vol,12
277,$4004_duty,0
277,$4004_const,1
277,$4004_vol,3
277,$4004_duty,0
277,$4004_const,1
277,$4004_vol,2
277,$4008_linear,16
277,$400C_const,1
277,$400C_vol,2
277,$400C_const,1
277,$400C_vol,2
278,$4000_duty,3
278,$4000_const,1
278,$4000_vol,12
278,$4000_duty,3
278,$4000_const,1
278,$4000_vol,12
278,$4004_duty,0
278,$4004_const,1
278,$4004_vol,2
278,$4004_duty,0
278,$4004_const,1
278,$4004_vol,1
278,$4008_linear,16
278,$400C_const,1
278,$400C_vol,2
278,$400C_const,1
278,$400C_vol,2
279,$4000_duty,3
279,$4000_const,1
279,$4000_vol,12
279,$4000_duty,3
279,$4000_const,1
279,$4000_vol,12
279,$4004_duty,0
279,$4004_const,1
279,$4004_vol,1
279,$4004_duty,0
279,$4004_const,1
279,$4004_vol,1
279,$4008_linear,16
279,$400C_const,1
279,$400C_vol,2
279,$400C_const,1
279,$400C_vol,2
280,$4000_duty,3
280,$4000_const,1
280,$4000_vol,12
280,$4000_duty,3
280,$4000_const,1
280,$4000_vol,12
280,$4004_duty,0
280,$4004_const,1
280,$4004_vol,1
280,$4004_duty,0
280,$4004_const,1
280,$4004_vol,3
280,$4005_sweep,0
280,$4006_period,453
280,$4008_linear,16
280,$400C_const,1
280,$400C_vol,2
280,$400C_const,1
280,$400C_vol,2
281,$4000_duty,3
281,$4000_const,1
281,$4000_vol,12
281,$4000_duty,3
281,$4000_const,1
281,$4000_vol,12
281,$4004_duty,0
281,$4004_const,1
281,$4004_vol,3
281,$4004_duty,0
281,$4004_const,1
281,$4004_vol,2
281,$4008_linear,16
281,$400C_const,1
281,$400C_vol,2
281,$400C_const,1
281,$400C_vol,2
282,$4000_duty,3
282,$4000_const,1
282,$4000_vol,12
282,$4000_duty,3
282,$4000_const,1
282,$4000_vol,12
282,$4004_duty,0
282,$4004_const,1
282,$4004_vol,2
282,$4004_duty,0
282,$4004_const,1
282,$4004_vol,3
282,$4008_linear,16
282,$400C_const,1
282,$400C_vol,2
282,$400C_const,1
282,$400C_vol,2
283,$4000_duty,3
283,$4000_const,1
283,$4000_vol,12
283,$4000_duty,3
283,$4000_const,1
283,$4000_vol,12
283,$4004_duty,0
283,$4004_const,1
283,$4004_vol,3
283,$4004_duty,0
283,$4004_const,1
283,$4004_vol,2
283,$4008_linear,16
283,$400C_const,1
283,$400C_vol,2
283,$400C_const,1
283,$400C_vol,2
284,$4000_duty,3
284,$4000_const,1
284,$4000_vol,12
284,$4000_duty,3
284,$4000_const,1
284,$4000_vol,12
284,$4004_duty,0
284,$4004_const,1
284,$4004_vol,2
284,$4004_duty,0
284,$4004_const,1
284,$4004_vol,1
284,$4008_linear,16
284,$400C_const,1
284,$400C_vol,2
284,$400C_const,1
284,$400C_vol,2
285,$4000_duty,3
285,$4000_const,1
285,$4000_vol,12
285,$4000_duty,3
285,$4000_const,1
285,$4000_vol,12
285,$4004_duty,0
285,$4004_const,1
285,$4004_vol,1
285,$4004_duty,0
285,$4004_const,1
285,$4004_vol,1
285,$4008_linear,16
285,$400C_const,1
285,$400C_vol,2
285,$400C_const,1
285,$400C_vol,2
286,$4000_duty,3
286,$4000_const,1
286,$4000_vol,12
286,$4000_duty,3
286,$4000_const,1
286,$4000_vol,12
286,$4004_duty,0
286,$4004_const,1
286,$4004_vol,1
286,$4004_duty,0
286,$4004_const,1
286,$4004_vol,3
286,$4005_sweep,0
286,$4006_period,381
286,$4008_linear,16
286,$400A_period,679
286,$400B_length,9
286,$400C_const,1
286,$400C_vol,2
286,$400C_const,1
286,$400C_vol,15
286,$400E_period,1
286,$400E_mode,0
287,$4000_duty,3
287,$4000_const,1
287,$4000_vol,12
287,$4000_duty,3
287,$4000_const,1
287,$4000_vol,12
287,$4004_duty,0
287,$4004_const,1
287,$4004_vol,3
287,$4004_duty,0
287,$4004_const,1
287,$4004_vol,2
287,$4008_linear,16
287,$400C_const,1
287,$400C_vol,15
287,$400C_const,1
287,$400C_vol,7
288,$4000_duty,3
288,$4000_const,1
288,$4000_vol,12
288,$4000_duty,3
288,$4000_const,1
288,$4000_vol,12
288,$4004_duty,0
288,$4004_const,1
288,$4004_vol,2
288,$4004_duty,0
288,$4004_const,1
288,$4004_vol,3
288,$4008_linear,16
288,$400C_const,1
288,$400C_vol,7
288,$400C_const,1
288,$400C_vol,2
289,$4000_duty,3
289,$4000_const,1
289,$4000_vol,12
289,$4000_duty,3
289,$4000_const,1
289,$4000_vol,12
289,$4004_duty,0
289,$4004_const,1
289,$4004_vol,3
289,$4004_duty,0
289,$4004_const,1
289,$4004_vol,2
289,$4008_linear,16
289,$400C_const,1
289,$400C_vol,2
289,$400C_const,1
289,$400C_vol,2
290,$4000_duty,3
290,$4000_const,1
290,$4000_vol,12
290,$4000_duty,3
290,$4000_const,1
290,$4000_vol,12
290,$4004_duty,0
290,$4004_const,1
290,$4004_vol,2
290,$4004_duty,0
290,$4004_const,1
290,$4004_vol,1
290,$4008_linear,16
290,$400C_const,1
290,$400C_vol,2
290,$400C_const,1
290,$400C_vol,2
291,$4000_duty,3
291,$4000_const,1
291,$4000_vol,12
291,$4000_duty,3
291,$4000_const,1
291,$4000_vol,12
291,$4004_duty,0
291,$4004_const,1
291,$4004_vol,1
291,$4004_duty,0
291,$4004_const,1
291,$4004_vol,1
291,$4008_linear,16
291,$400C_const,1
291,$400C_vol,2
291,$400C_const,1
291,$400C_vol,2
292,$4000_duty,3
292,$4000_const,1
292,$4000_vol,12
292,$4000_duty,3
292,$4000_const,1
292,$4000_vol,12
292,$4004_duty,0
292,$4004_const,1
292,$4004_vol,1
292,$4004_duty,0
292,$4004_const,1
292,$4004_vol,3
292,$4005_sweep,0
292,$4006_period,339
292,$4008_linear,16
292,$400A_period,679
292,$400B_length,9
292,$400C_const,1
292,$400C_vol,2
292,$400C_const,1
292,$400C_vol,15
292,$400E_period,3
292,$400E_mode,0
293,$4000_duty,3
293,$4000_const,1
293,$4000_vol,12
293,$4000_duty,3
293,$4000_const,1
293,$4000_vol,12
293,$4004_duty,0
293,$4004_const,1
293,$4004_vol,3
293,$4004_duty,0
293,$4004_const,1
293,$4004_vol,2
293,$4008_linear,16
293,$400C_const,1
293,$400C_vol,15
293,$400C_const,1
293,$400C_vol,7
294,$4000_duty,3
294,$4000_const,1
294,$4000_vol,12
294,$4000_duty,3
294,$4000_const,1
294,$4000_vol,12
294,$4004_duty,0
294,$4004_const,1
294,$4004_vol,2
294,$4004_duty,0
294,$4004_const,1
294,$4004_vol,3
294,$4008_linear,16
294,$400C_const,1
294,$400C_vol,7
294,$400C_const,1
294,$400C_vol,2
295,$4000_duty,3
295,$4000_const,1
295,$4000_vol,12
295,$4000_duty,3
295,$4000_const,1
295,$4000_vol,12
295,$4004_duty,0
295,$4004_const,1
295,$4004_vol,3
295,$4004_duty,0
295,$4004_const,1
295,$4004_vol,2
295,$4008_linear,16
295,$400C_const,1
295,$400C_vol,2
295,$400C_const,1
295,$400C_vol,2
296,$4000_duty,3
296,$4000_const,1
296,$4000_vol,12
296,$4000_duty,3
296,$4000_const,1
296,$4000_vol,12
296,$4004_duty,0
296,$4004_const,1
296,$4004_vol,2
296,$4004_duty,0
296,$4004_const,1
296,$4004_vol,1
296,$4008_linear,16
296,$400C_const,1
296,$400C_vol,2
296,$400C_const,1
296,$400C_vol,2
297,$4000_duty,3
297,$4000_const,1
297,$4000_vol,12
297,$4000_duty,3
297,$4000_const,1
297,$4000_vol,12
297,$4004_duty,0
297,$4004_const,1
297,$4004_vol,1
297,$4004_duty,0
297,$4004_const,1
297,$4004_vol,1
297,$4008_linear,16
297,$400C_const,1
297,$400C_vol,2
297,$400C_const,1
297,$400C_vol,2
298,$4000_duty,3
298,$4000_const,1
298,$4000_vol,12
298,$4000_duty,3
298,$4000_const,1
298,$4000_vol,12
298,$4004_duty,0
298,$4004_const,1
298,$4004_vol,1
298,$4004_duty,0
298,$4004_const,1
298,$4004_vol,4
298,$4005_sweep,0
298,$4006_period,509
298,$4008_linear,16
298,$400A_period,679
298,$400B_length,9
298,$400C_const,1
298,$400C_vol,2
298,$400C_const,1
298,$400C_vol,15
298,$400E_period,9
298,$400E_mode,0
299,$4000_duty,3
299,$4000_const,1
299,$4000_vol,12
299,$4000_duty,3
299,$4000_const,1
299,$4000_vol,12
299,$4004_duty,0
299,$4004_const,1
299,$4004_vol,4
299,$4004_duty,0
299,$4004_const,1
299,$4004_vol,3
299,$4008_linear,16
299,$400C_const,1
299,$400C_vol,15
299,$400C_const,1
299,$400C_vol,7
300,$4000_duty,3
300,$4000_const,1
300,$4000_vol,12
300,$4000_duty,3
300,$4000_const,1
300,$4000_vol,12
300,$4004_duty,0
300,$4004_const,1
300,$4004_vol,3
300,$4004_duty,0
300,$4004_const,1
300,$4004_vol,4
300,$4008_linear,16
300,$400C_const,1
300,$400C_vol,7
300,$400C_const,1
300,$400C_vol,2
301,$4000_duty,3
301,$4000_const,1
301,$4000_vol,12
301,$4000_duty,3
301,$4000_const,1
301,$4000_vol,12
301,$4004_duty,0
301,$4004_const,1
301,$4004_vol,4
301,$4004_duty,0
301,$4004_const,1
301,$4004_vol,3
301,$4008_linear,16
301,$400C_const,1
301,$400C_vol,2
301,$400C_const,1
301,$400C_vol,2
302,$4000_duty,3
302,$4000_const,1
302,$4000_vol,12
302,$4000_duty,3
302,$4000_const,1
302,$4000_vol,12
302,$4004_duty,0
302,$4004_const,1
302,$4004_vol,3
302,$4004_duty,0
302,$4004_const,1
302,$4004_vol,2
302,$4008_linear,16
302,$400C_const,1
302,$400C_vol,2
302,$400C_const,1
302,$400C_vol,2
303,$4000_duty,3
303,$4000_const,1
303,$4000_vol,12
303,$4000_duty,3
303,$4000_const,1
303,$4000_vol,12
303,$4004_duty,0
303,$4004_const,1
303,$4004_vol,2
303,$4004_duty,0
303,$4004_const,1
303,$4004_vol,2
303,$4008_linear,16
303,$400C_const,1
303,$400C_vol,2
303,$400C_const,1
303,$400C_vol,2
304,$4000_duty,3
304,$4000_const,1
304,$4000_vol,12
304,$4000_duty,3
304,$4000_const,1
304,$4000_vol,12
304,$4004_duty,0
304,$4004_const,1
304,$4004_vol,2
304,$4004_duty,0
304,$4004_const,1
304,$4004_vol,4
304,$4005_sweep,0
304,$4006_period,453
304,$4008_linear,16
304,$400C_const,1
304,$400C_vol,2
304,$400C_const,1
304,$400C_vol,2
305,$4000_duty,3
305,$4000_const,1
305,$4000_vol,12
305,$4000_duty,3
305,$4000_const,1
305,$4000_vol,12
305,$4004_duty,0
305,$4004_const,1
305,$4004_vol,4
305,$4004_duty,0
305,$4004_const,1
305,$4004_vol,3
305,$4008_linear,16
305,$400C_const,1
305,$400C_vol,2
305,$400C_const,1
305,$400C_vol,2
306,$4000_duty,3
306,$4000_const,1
306,$4000_vol,12
306,$4000_duty,3
306,$4000_const,1
306,$4000_vol,12
306,$4004_duty,0
306,$4004_const,1
306,$4004_vol,3
306,$4004_duty,0
306,$4004_const,1
306,$4004_vol,4
306,$4008_linear,16
306,$400C_const,1
306,$400C_vol,2
306,$400C_const,1
306,$400C_vol,2
307,$4000_duty,3
307,$4000_const,1
307,$4000_vol,12
307,$4000_duty,3
307,$4000_const,1
307,$4000_vol,12
307,$4004_duty,0
307,$4004_const,1
307,$4004_vol,4
307,$4004_duty,0
307,$4004_const,1
307,$4004_vol,3
307,$4008_linear,16
307,$400C_const,1
307,$400C_vol,2
307,$400C_const,1
307,$400C_vol,2
308,$4000_duty,3
308,$4000_const,1
308,$4000_vol,12
308,$4000_duty,3
308,$4000_const,1
308,$4000_vol,12
308,$4004_duty,0
308,$4004_const,1
308,$4004_vol,3
308,$4004_duty,0
308,$4004_const,1
308,$4004_vol,2
308,$4008_linear,16
308,$400C_const,1
308,$400C_vol,2
308,$400C_const,1
308,$400C_vol,2
309,$4000_duty,3
309,$4000_const,1
309,$4000_vol,12
309,$4000_duty,3
309,$4000_const,1
309,$4000_vol,12
309,$4004_duty,0
309,$4004_const,1
309,$4004_vol,2
309,$4004_duty,0
309,$4004_const,1
309,$4004_vol,2
309,$4008_linear,16
309,$400C_const,1
309,$400C_vol,2
309,$400C_const,1
309,$400C_vol,2
310,$4000_duty,3
310,$4000_const,1
310,$4000_vol,12
310,$4000_duty,3
310,$4000_const,1
310,$4000_vol,12
310,$4004_duty,0
310,$4004_const,1
310,$4004_vol,2
310,$4004_duty,0
310,$4004_const,1
310,$4004_vol,4
310,$4005_sweep,0
310,$4006_period,381
310,$4008_linear,16
310,$400A_period,571
310,$400B_length,9
310,$400C_const,1
310,$400C_vol,2
310,$400C_const,1
310,$400C_vol,15
310,$400E_period,1
310,$400E_mode,0
311,$4000_duty,3
311,$4000_const,1
311,$4000_vol,12
311,$4000_duty,3
311,$4000_const,1
311,$4000_vol,12
311,$4004_duty,0
311,$4004_const,1
311,$4004_vol,4
311,$4004_duty,0
311,$4004_const,1
311,$4004_vol,3
311,$4008_linear,16
311,$400C_const,1
311,$400C_vol,15
311,$400C_const,1
311,$400C_vol,7
312,$4000_duty,3
312,$4000_const,1
312,$4000_vol,12
312,$4000_duty,3
312,$4000_const,1
312,$4000_vol,12
312,$4004_duty,0
312,$4004_const,1
312,$4004_vol,3
312,$4004_duty,0
312,$4004_const,1
312,$4004_vol,4
312,$4008_linear,16
312,$400C_const,1
312,$400C_vol,7
312,$400C_const,1
312,$400C_vol,2
313,$4000_duty,3
313,$4000_const,1
313,$4000_vol,12
313,$4000_duty,3
313,$4000_const,1
313,$4000_vol,12
313,$4004_duty,0
313,$4004_const,1
313,$4004_vol,4
313,$4004_duty,0
313,$4004_const,1
313,$4004_vol,3
313,$4008_linear,16
313,$400C_const,1
313,$400C_vol,2
313,$400C_const,1
313,$400C_vol,2
314,$4000_duty,3
314,$4000_const,1
314,$4000_vol,12
314,$4000_duty,3
314,$4000_const,1
314,$4000_vol,12
314,$4004_duty,0
314,$4004_const,1
314,$4004_vol,3
314,$4004_duty,0
314,$4004_const,1
314,$4004_vol,2
314,$4008_linear,16
314,$400C_const,1
314,$400C_vol,2
314,$400C_const,1
314,$400C_vol,2
315,$4000_duty,3
315,$4000_const,1
315,$4000_vol,12
315,$4000_duty,3
315,$4000_const,1
315,$4000_vol,12
315,$4004_duty,0
315,$4004_const,1
315,$4004_vol,2
315,$4004_duty,0
315,$4004_const,1
315,$4004_vol,2
315,$4008_linear,16
315,$400C_const,1
315,$400C_vol,2
315,$400C_const,1
315,$400C_vol,2
316,$4000_duty,3
316,$4000_const,1
316,$4000_vol,12
316,$4000_duty,3
316,$4000_const,1
316,$4000_vol,12
316,$4004_duty,0
316,$4004_const,1
316,$4004_vol,2
316,$4004_duty,0
316,$4004_const,1
316,$4004_vol,4
316,$4005_sweep,0
316,$4006_period,339
316,$4008_linear,16
316,$400C_const,1
316,$400C_vol,2
316,$400C_const,1
316,$400C_vol,15
316,$400E_period,3
316,$400E_mode,0
317,$4000_duty,3
317,$4000_const,1
317,$4000_vol,12
317,$4000_duty,3
317,$4000_const,1
317,$4000_vol,12
317,$4004_duty,0
317,$4004_const,1
317,$4004_vol,4
317,$4004_duty,0
317,$4004_const,1
317,$4004_vol,3
317,$4008_linear,16
317,$400C_const,1
317,$400C_vol,15
317,$400C_const,1
317,$400C_vol,7
318,$4000_duty,3
318,$4000_const,1
318,$4000_vol,12
318,$4000_duty,3
318,$4000_const,1
318,$4000_vol,12
318,$4004_duty,0
318,$4004_const,1
318,$4004_vol,3
318,$4004_duty,0
318,$4004_const,1
318,$4004_vol,4
318,$4008_linear,16
318,$400C_const,1
318,$400C_vol,7
318,$400C_const,1
318,$400C_vol,2
319,$4000_duty,3
319,$4000_const,1
319,$4000_vol,12
319,$4000_duty,3
319,$4000_const,1
319,$4000_vol,12
319,$4004_duty,0
319,$4004_const,1
319,$4004_vol,4
319,$4004_duty,0
319,$4004_const,1
319,$4004_vol,3
319,$4008_linear,16
319,$400C_const,1
319,$400C_vol,2
319,$400C_const,1
319,$400C_vol,2
320,$4000_duty,3
320,$4000_const,1
320,$4000_vol,12
320,$4000_duty,3
320,$4000_const,1
320,$4000_vol,12
320,$4004_duty,0
320,$4004_const,1
320,$4004_vol,3
320,$4004_duty,0
320,$4004_const,1
320,$4004_vol,2
320,$4008_linear,16
320,$400C_const,1
320,$400C_vol,2
320,$400C_const,1
320,$400C_vol,2
321,$4000_duty,3
321,$4000_const,1
321,$4000_vol,12
321,$4000_duty,3
321,$4000_const,1
321,$4000_vol,12
321,$4004_duty,0
321,$4004_const,1
321,$4004_vol,2
321,$4004_duty,0
321,$4004_const,1
321,$4004_vol,2
321,$4008_linear,16
321,$400C_const,1
321,$400C_vol,2
321,$400C_const,1
321,$400C_vol,2
322,$4000_duty,3
322,$4000_const,1
322,$4000_vol,12
322,$4000_duty,3
322,$4000_const,1
322,$4000_vol,12
322,$4004_duty,0
322,$4004_const,1
322,$4004_vol,2
322,$4004_duty,0
322,$4004_const,1
322,$4004_vol,4
322,$4005_sweep,0
322,$4006_period,509
322,$4008_linear,16
322,$400C_const,1
322,$400C_vol,2
322,$400C_const,1
322,$400C_vol,15
322,$400E_period,9
322,$400E_mode,0
323,$4000_duty,3
323,$4000_const,1
323,$4000_vol,12
323,$4000_duty,3
323,$4000_const,1
323,$4000_vol,12
323,$4004_duty,0
323,$4004_const,1
323,$4004_vol,4
323,$4004_duty,0
323,$4004_const,1
323,$4004_vol,3
323,$4008_linear,16
323,$400C_const,1
323,$400C_vol,15
323,$400C_const,1
323,$400C_vol,7
324,$4000_duty,3
324,$4000_const,1
324,$4000_vol,12
324,$4000_duty,3
324,$4000_const,1
324,$4000_vol,12
324,$4004_duty,0
324,$4004_const,1
324,$4004_vol,3
324,$4004_duty,0
324,$4004_const,1
324,$4004_vol,4
324,$4008_linear,16
324,$400C_const,1
324,$400C_vol,7
324,$400C_const,1
324,$400C_vol,2
325,$4000_duty,3
325,$4000_const,1
325,$4000_vol,12
325,$4000_duty,3
325,$4000_const,1
325,$4000_vol,12
325,$4004_duty,0
325,$4004_const,1
325,$4004_vol,4
325,$4004_duty,0
325,$4004_const,1
325,$4004_vol,3
325,$4008_linear,16
325,$400C_const,1
325,$400C_vol,2
325,$400C_const,1
325,$400C_vol,2
326,$4000_duty,3
326,$4000_const,1
326,$4000_vol,12
326,$4000_duty,3
326,$4000_const,1
326,$4000_vol,12
326,$4004_duty,0
326,$4004_const,1
326,$4004_vol,3
326,$4004_duty,0
326,$4004_const,1
326,$4004_vol,2
326,$4008_linear,16
326,$400C_const,1
326,$400C_vol,2
326,$400C_const,1
326,$400C_vol,2
327,$4000_duty,3
327,$4000_const,1
327,$4000_vol,12
327,$4000_duty,3
327,$4000_const,1
327,$4000_vol,12
327,$4004_duty,0
327,$4004_const,1
327,$4004_vol,2
327,$4004_duty,0
327,$4004_const,1
327,$4004_vol,2
327,$4008_linear,16
327,$400C_const,1
327,$400C_vol,2
327,$400C_const,1
327,$400C_vol,2
328,$4000_duty,3
328,$4000_const,1
328,$4000_vol,12
328,$4000_duty,3
328,$4000_const,1
328,$4000_vol,12
328,$4004_duty,0
328,$4004_const,1
328,$4004_vol,2
328,$4004_duty,0
328,$4004_const,1
328,$4004_vol,5
328,$4005_sweep,0
328,$4006_period,453
328,$4008_linear,16
328,$400C_const,1
328,$400C_vol,2
328,$400C_const,1
328,$400C_vol,2
329,$4000_duty,3
329,$4000_const,1
329,$4000_vol,12
329,$4000_duty,3
329,$4000_const,1
329,$4000_vol,12
329,$4004_duty,0
329,$4004_const,1
329,$4004_vol,5
329,$4004_duty,0
329,$4004_const,1
329,$4004_vol,3
329,$4008_linear,16
329,$400C_const,1
329,$400C_vol,2
329,$400C_const,1
329,$400C_vol,2
330,$4000_duty,3
330,$4000_const,1
330,$4000_vol,12
330,$4000_duty,3
330,$4000_const,1
330,$4000_vol,12
330,$4004_duty,0
330,$4004_const,1
330,$4004_vol,3
330,$4004_duty,0
330,$4004_const,1
330,$4004_vol,5
330,$4008_linear,16
330,$400C_const,1
330,$400C_vol,2
330,$400C_const,1
330,$400C_vol,2
331,$4000_duty,3
331,$4000_const,1
331,$4000_vol,12
331,$4000_duty,3
331,$4000_const,1
331,$4000_vol,12
331,$4004_duty,0
331,$4004_const,1
331,$4004_vol,5
331,$4004_duty,0
331,$4004_const,1
331,$4004_vol,3
331,$4008_linear,16
331,$400C_const,1
331,$400C_vol,2
331,$400C_const,1
331,$400C_vol,2
332,$4000_duty,3
332,$4000_const,1
332,$4000_vol,12
332,$4000_duty,3
332,$4000_const,1
332,$4000_vol,12
332,$4004_duty,0
332,$4004_const,1
332,$4004_vol,3
332,$4004_duty,0
332,$4004_const,1
332,$4004_vol,2
332,$4008_linear,16
332,$400C_const,1
332,$400C_vol,2
332,$400C_const,1
332,$400C_vol,2
333,$4000_duty,3
333,$4000_const,1
333,$4000_vol,12
333,$4000_duty,3
333,$4000_const,1
333,$4000_vol,12
333,$4004_duty,0
333,$4004_const,1
333,$4004_vol,2
333,$4004_duty,0
333,$4004_const,1
333,$4004_vol,2
333,$4008_linear,16
333,$400C_const,1
333,$400C_vol,2
333,$400C_const,1
333,$400C_vol,2
334,$4000_duty,3
334,$4000_const,1
334,$4000_vol,12
334,$4000_duty,3
334,$4000_const,1
334,$4000_vol,12
334,$4004_duty,0
334,$4004_const,1
334,$4004_vol,2
334,$4004_duty,0
334,$4004_const,1
334,$4004_vol,5
334,$4005_sweep,0
334,$4006_period,381
334,$4008_linear,16
334,$400A_period,509
334,$400B_length,8
334,$400C_const,1
334,$400C_vol,2
334,$400C_const,1
334,$400C_vol,15
334,$400E_period,1
334,$400E_mode,0
335,$4000_duty,3
335,$4000_const,1
335,$4000_vol,12
335,$4000_duty,3
335,$4000_const,1
335,$4000_vol,12
335,$4004_duty,0
335,$4004_const,1
335,$4004_vol,5
335,$4004_duty,0
335,$4004_const,1
335,$4004_vol,3
335,$4008_linear,16
335,$400C_const,1
335,$400C_vol,15
335,$400C_const,1
335,$400C_vol,7
336,$4000_duty,3
336,$4000_const,1
336,$4000_vol,12
336,$4000_duty,3
336,$4000_const,1
336,$4000_vol,12
336,$4004_duty,0
336,$4004_const,1
336,$4004_vol,3
336,$4004_duty,0
336,$4004_const,1
336,$4004_vol,5
336,$4008_linear,16
336,$400C_const,1
336,$400C_vol,7
336,$400C_const,1
336,$400C_vol,2
337,$4000_duty,3
337,$4000_const,1
337,$4000_vol,12
337,$4000_duty,3
337,$4000_const,1
337,$4000_vol,12
337,$4004_duty,0
337,$4004_const,1
337,$4004_vol,5
337,$4004_duty,0
337,$4004_const,1
337,$4004_vol,3
337,$4008_linear,16
337,$400C_const,1
337,$400C_vol,2
337,$400C_const,1
337,$400C_vol,2
338,$4000_duty,3
338,$4000_const,1
338,$4000_vol,12
338,$4000_duty,3
338,$4000_const,1
338,$4000_vol,12
338,$4004_duty,0
338,$4004_const,1
338,$4004_vol,3
338,$4004_duty,0
338,$4004_const,1
338,$4004_vol,2
338,$4008_linear,16
338,$400C_const,1
338,$400C_vol,2
338,$400C_const,1
338,$400C_vol,2
339,$4000_duty,3
339,$4000_const,1
339,$4000_vol,12
339,$4000_duty,3
339,$4000_const,1
339,$4000_vol,12
339,$4004_duty,0
339,$4004_const,1
339,$4004_vol,2
339,$4004_duty,0
339,$4004_const,1
339,$4004_vol,2
339,$4008_linear,16
339,$400C_const,1
339,$400C_vol,2
339,$400C_const,1
339,$400C_vol,2
340,$4000_duty,3
340,$4000_const,1
340,$4000_vol,12
340,$4000_duty,3
340,$4000_const,1
340,$4000_vol,12
340,$4004_duty,0
340,$4004_const,1
340,$4004_vol,2
340,$4004_duty,0
340,$4004_const,1
340,$4004_vol,5
340,$4005_sweep,0
340,$4006_period,339
340,$4008_linear,16
340,$400C_const,1
340,$400C_vol,2
340,$400C_const,1
340,$400C_vol,15
340,$400E_period,3
340,$400E_mode,0
341,$4000_duty,3
341,$4000_const,1
341,$4000_vol,12
341,$4000_duty,3
341,$4000_const,1
341,$4000_vol,12
341,$4004_duty,0
341,$4004_const,1
341,$4004_vol,5
341,$4004_duty,0
341,$4004_const,1
341,$4004_vol,3
341,$4008_linear,16
341,$400C_const,1
341,$400C_vol,15
341,$400C_const,1
341,$400C_vol,7
342,$4000_duty,3
342,$4000_const,1
342,$4000_vol,12
342,$4000_duty,3
342,$4000_const,1
342,$4000_vol,12
342,$4004_duty,0
342,$4004_const,1
342,$4004_vol,3
342,$4004_duty,0
342,$4004_const,1
342,$4004_vol,5
342,$4008_linear,16
342,$400C_const,1
342,$400C_vol,7
342,$400C_const,1
342,$400C_vol,2
343,$4000_duty,3
343,$4000_const,1
343,$4000_vol,12
343,$4000_duty,3
343,$4000_const,1
343,$4000_vol,12
343,$4004_duty,0
343,$4004_const,1
343,$4004_vol,5
343,$4004_duty,0
343,$4004_const,1
343,$4004_vol,3
343,$4008_linear,16
343,$400C_const,1
343,$400C_vol,2
343,$400C_const,1
343,$400C_vol,2
344,$4000_duty,3
344,$4000_const,1
344,$4000_vol,12
344,$4000_duty,3
344,$4000_const,1
344,$4000_vol,12
344,$4004_duty,0
344,$4004_const,1
344,$4004_vol,3
344,$4004_duty,0
344,$4004_const,1
344,$4004_vol,2
344,$4008_linear,16
344,$400C_const,1
344,$400C_vol,2
344,$400C_const,1
344,$400C_vol,2
345,$4000_duty,3
345,$4000_const,1
345,$4000_vol,12
345,$4000_duty,3
345,$4000_const,1
345,$4000_vol,12
345,$4004_duty,0
345,$4004_const,1
345,$4004_vol,2
345,$4004_duty,0
345,$4004_const,1
345,$4004_vol,2
345,$4008_linear,16
345,$400C_const,1
345,$400C_vol,2
345,$400C_const,1
345,$400C_vol,2
346,$4000_duty,3
346,$4000_const,1
346,$4000_vol,12
346,$4000_duty,3
346,$4000_const,1
346,$4000_vol,12
346,$4004_duty,0
346,$4004_const,1
346,$4004_vol,2
346,$4004_duty,0
346,$4004_const,1
346,$4004_vol,5
346,$4005_sweep,0
346,$4006_period,509
346,$4008_linear,16
346,$400C_const,1
346,$400C_vol,2
346,$400C_const,1
346,$400C_vol,15
346,$400E_period,9
346,$400E_mode,0
347,$4000_duty,3
347,$4000_const,1
347,$4000_vol,12
347,$4000_duty,3
347,$4000_const,1
347,$4000_vol,12
347,$4004_duty,0
347,$4004_const,1
347,$4004_vol,5
347,$4004_duty,0
347,$4004_const,1
347,$4004_vol,3
347,$4008_linear,16
347,$400C_const,1
347,$400C_vol,15
347,$400C_const,1
347,$400C_vol,7
348,$4000_duty,3
348,$4000_const,1
348,$4000_vol,12
348,$4000_duty,3
348,$4000_const,1
348,$4000_vol,12
348,$4004_duty,0
348,$4004_const,1
348,$4004_vol,3
348,$4004_duty,0
348,$4004_const,1
348,$4004_vol,5
348,$4008_linear,16
348,$400C_const,1
348,$400C_vol,7
348,$400C_const,1
348,$400C_vol,2
349,$4000_duty,3
349,$4000_const,1
349,$4000_vol,12
349,$4000_duty,3
349,$4000_const,1
349,$4000_vol,12
349,$4004_duty,0
349,$4004_const,1
349,$4004_vol,5
349,$4004_duty,0
349,$4004_const,1
349,$4004_vol,3
349,$4008_linear,16
349,$400C_const,1
349,$400C_vol,2
349,$400C_const,1
349,$400C_vol,2
350,$4000_duty,3
350,$4000_const,1
350,$4000_vol,12
350,$4000_duty,3
350,$4000_const,1
350,$4000_vol,12
350,$4004_duty,0
350,$4004_const,1
350,$4004_vol,3
350,$4004_duty,0
350,$4004_const,1
350,$4004_vol,2
350,$4008_linear,16
350,$400C_const,1
350,$400C_vol,2
350,$400C_const,1
350,$400C_vol,2
351,$4000_duty,3
351,$4000_const,1
351,$4000_vol,12
351,$4000_duty,3
351,$4000_const,1
351,$4000_vol,12
351,$4004_duty,0
351,$4004_const,1
351,$4004_vol,2
351,$4004_duty,0
351,$4004_const,1
351,$4004_vol,2
351,$4008_linear,16
351,$400C_const,1
351,$400C_vol,2
351,$400C_const,1
351,$400C_vol,2
352,$4000_duty,3
352,$4000_const,1
352,$4000_vol,12
352,$4000_duty,3
352,$4000_const,1
352,$4000_vol,12
352,$4004_duty,0
352,$4004_const,1
352,$4004_vol,2
352,$4004_duty,0
352,$4004_const,1
352,$4004_vol,5
352,$4005_sweep,0
352,$4006_period,453
352,$4008_linear,16
352,$400C_const,1
352,$400C_vol,2
352,$400C_const,1
352,$400C_vol,2
353,$4000_duty,3
353,$4000_const,1
353,$4000_vol,12
353,$4000_duty,3
353,$4000_const,1
353,$4000_vol,12
353,$4004_duty,0
353,$4004_const,1
353,$4004_vol,5
353,$4004_duty,0
353,$4004_const,1
353,$4004_vol,3
353,$4008_linear,16
353,$400C_const,1
353,$400C_vol,2
353,$400C_const,1
353,$400C_vol,2
354,$4000_duty,3
354,$4000_const,1
354,$4000_vol,12
354,$4000_duty,3
354,$4000_const,1
354,$4000_vol,12
354,$4004_duty,0
354,$4004_const,1
354,$4004_vol,3
354,$4004_duty,0
354,$4004_const,1
354,$4004_vol,5
354,$4008_linear,16
354,$400C_const,1
354,$400C_vol,2
354,$400C_const,1
354,$400C_vol,2
355,$4000_duty,3
355,$4000_const,1
355,$4000_vol,12
355,$4000_duty,3
355,$4000_const,1
355,$4000_vol,12
355,$4004_duty,0
355,$4004_const,1
355,$4004_vol,5
355,$4004_duty,0
355,$4004_const,1
355,$4004_vol,3
355,$4008_linear,16
355,$400C_const,1
355,$400C_vol,2
355,$400C_const,1
355,$400C_vol,2
356,$4000_duty,3
356,$4000_const,1
356,$4000_vol,12
356,$4000_duty,3
356,$4000_const,1
356,$4000_vol,12
356,$4004_duty,0
356,$4004_const,1
356,$4004_vol,3
356,$4004_duty,0
356,$4004_const,1
356,$4004_vol,2
356,$4008_linear,16
356,$400C_const,1
356,$400C_vol,2
356,$400C_const,1
356,$400C_vol,2
357,$4000_duty,3
357,$4000_const,1
357,$4000_vol,12
357,$4000_duty,3
357,$4000_const,1
357,$4000_vol,12
357,$4004_duty,0
357,$4004_const,1
357,$4004_vol,2
357,$4004_duty,0
357,$4004_const,1
357,$4004_vol,2
357,$4008_linear,16
357,$400C_const,1
357,$400C_vol,2
357,$400C_const,1
357,$400C_vol,2
358,$4000_duty,3
358,$4000_const,1
358,$4000_vol,12
358,$4000_duty,3
358,$4000_const,1
358,$4000_vol,12
358,$4004_duty,0
358,$4004_const,1
358,$4004_vol,2
358,$4004_duty,0
358,$4004_const,1
358,$4004_vol,6
358,$4005_sweep,0
358,$4006_period,381
358,$4008_linear,16
358,$400A_period,571
358,$400B_length,9
358,$400C_const,1
358,$400C_vol,2
358,$400C_const,1
358,$400C_vol,15
358,$400E_period,1
358,$400E_mode,0
359,$4000_duty,3
359,$4000_const,1
359,$4000_vol,12
359,$4000_duty,3
359,$4000_const,1
359,$4000_vol,12
359,$4004_duty,0
359,$4004_const,1
359,$4004_vol,6
359,$4004_duty,0
359,$4004_const,1
359,$4004_vol,4
359,$4008_linear,16
359,$400C_const,1
359,$400C_vol,15
359,$400C_const,1
359,$400C_vol,7
360,$4000_duty,3
360,$4000_const,1
360,$4000_vol,12
360,$4000_duty,3
360,$4000_const,1
360,$4000_vol,12
360,$4004_duty,0
360,$4004_const,1
360,$4004_vol,4
360,$4004_duty,0
360,$4004_const,1
360,$4004_vol,6
360,$4008_linear,16
360,$400C_const,1
360,$400C_vol,7
360,$400C_const,1
360,$400C_vol,2
361,$4000_duty,3
361,$4000_const,1
361,$4000_vol,12
361,$4000_duty,3
361,$4000_const,1
361,$4000_vol,12
361,$4004_duty,0
361,$4004_const,1
361,$4004_vol,6
361,$4004_duty,0
361,$4004_const,1
361,$4004_vol,4
361,$4008_linear,16
361,$400C_const,1
361,$400C_vol,2
361,$400C_const,1
361,$400C_vol,2
362,$4000_duty,3
362,$4000_const,1
362,$4000_vol,12
362,$4000_duty,3
362,$4000_const,1
362,$4000_vol,12
362,$4004_duty,0
362,$4004_const,1
362,$4004_vol,4
362,$4004_duty,0
362,$4004_const,1
362,$4004_vol,3
362,$4008_linear,16
362,$400C_const,1
362,$400C_vol,2
362,$400C_const,1
362,$400C_vol,2
363,$4000_duty,3
363,$4000_const,1
363,$4000_vol,12
363,$4000_duty,3
363,$4000_const,1
363,$4000_vol,12
363,$4004_duty,0
363,$4004_const,1
363,$4004_vol,3
363,$4004_duty,0
363,$4004_const,1
363,$4004_vol,2
363,$4008_linear,16
363,$400C_const,1
363,$400C_vol,2
363,$400C_const,1
363,$400C_vol,2
364,$4000_duty,3
364,$4000_const,1
364,$4000_vol,12
364,$4000_duty,3
364,$4000_const,1
364,$4000_vol,12
364,$4004_duty,0
364,$4004_const,1
364,$4004_vol,2
364,$4004_duty,0
364,$4004_const,1
364,$4004_vol,6
364,$4005_sweep,0
364,$4006_period,339
364,$4008_linear,16
364,$400C_const,1
364,$400C_vol,2
364,$400C_const,1
364,$400C_vol,15
364,$400E_period,3
364,$400E_mode,0
365,$4000_duty,3
365,$4000_const,1
365,$4000_vol,12
365,$4000_duty,3
365,$4000_const,1
365,$4000_vol,12
365,$4004_duty,0
365,$4004_const,1
365,$4004_vol,6
365,$4004_duty,0
365,$4004_const,1
365,$4004_vol,4
365,$4008_linear,16
365,$400C_const,1
365,$400C_vol,15
365,$400C_const,1
365,$400C_vol,7
366,$4000_duty,3
366,$4000_const,1
366,$4000_vol,12
366,$4000_duty,3
366,$4000_const,1
366,$4000_vol,12
366,$4004_duty,0
366,$4004_const,1
366,$4004_vol,4
366,$4004_duty,0
366,$4004_const,1
366,$4004_vol,6
366,$4008_linear,16
366,$400C_const,1
366,$400C_vol,7
366,$400C_const,1
366,$400C_vol,2
367,$4000_duty,3
367,$4000_const,1
367,$4000_vol,12
367,$4000_duty,3
367,$4000_const,1
367,$4000_vol,12
367,$4004_duty,0
367,$4004_const,1
367,$4004_vol,6
367,$4004_duty,0
367,$4004_const,1
367,$4004_vol,4
367,$4008_linear,16
367,$400C_const,1
367,$400C_vol,2
367,$400C_const,1
367,$400C_vol,2
368,$4000_duty,3
368,$4000_const,1
368,$4000_vol,12
368,$4000_duty,3
368,$4000_const,1
368,$4000_vol,12
368,$4004_duty,0
368,$4004_const,1
368,$4004_vol,4
368,$4004_duty,0
368,$4004_const,1
368,$4004_vol,3
368,$4008_linear,16
368,$400C_const,1
368,$400C_vol,2
368,$400C_const,1
368,$400C_vol,2
369,$4000_duty,3
369,$4000_const,1
369,$4000_vol,12
369,$4000_duty,3
369,$4000_const,1
369,$4000_vol,12
369,$4004_duty,0
369,$4004_const,1
369,$4004_vol,3
369,$4004_duty,0
369,$4004_const,1
369,$4004_vol,2
369,$4008_linear,16
369,$400C_const,1
369,$400C_vol,2
369,$400C_const,1
369,$400C_vol,2
370,$4000_duty,3
370,$4000_const,1
370,$4000_vol,12
370,$4000_duty,3
370,$4000_const,1
370,$4000_vol,12
370,$4004_duty,0
370,$4004_const,1
370,$4004_vol,2
370,$4004_duty,0
370,$4004_const,1
370,$4004_vol,6
370,$4005_sweep,0
370,$4006_period,509
370,$4008_linear,16
370,$400A_period,679
370,$400B_length,9
370,$400C_const,1
370,$400C_vol,2
370,$400C_const,1
370,$400C_vol,15
370,$400E_period,9
370,$400E_mode,0
371,$4000_duty,3
371,$4000_const,1
371,$4000_vol,12
371,$4000_duty,3
371,$4000_const,1
371,$4000_vol,12
371,$4004_duty,0
371,$4004_const,1
371,$4004_vol,6
371,$4004_duty,0
371,$4004_const,1
371,$4004_vol,4
371,$4008_linear,16
371,$400C_const,1
371,$400C_vol,15
371,$400C_const,1
371,$400C_vol,7
372,$4000_duty,3
372,$4000_const,1
372,$4000_vol,12
372,$4000_duty,3
372,$4000_const,1
372,$4000_vol,12
372,$4004_duty,0
372,$4004_const,1
372,$4004_vol,4
372,$4004_duty,0
372,$4004_const,1
372,$4004_vol,6
372,$4008_linear,16
372,$400C_const,1
372,$400C_vol,7
372,$400C_const,1
372,$400C_vol,2
373,$4000_duty,3
373,$4000_const,1
373,$4000_vol,12
373,$4000_duty,3
373,$4000_const,1
373,$4000_vol,12
373,$4004_duty,0
373,$4004_const,1
373,$4004_vol,6
373,$4004_duty,0
373,$4004_const,1
373,$4004_vol,4
373,$4008_linear,16
373,$400C_const,1
373,$400C_vol,2
373,$400C_const,1
373,$400C_vol,2
374,$4000_duty,3
374,$4000_const,1
374,$4000_vol,12
374,$4000_duty,3
374,$4000_const,1
374,$4000_vol,12
374,$4004_duty,0
374,$4004_const,1
374,$4004_vol,4
374,$4004_duty,0
374,$4004_const,1
374,$4004_vol,3
374,$4008_linear,16
374,$400C_const,1
374,$400C_vol,2
374,$400C_const,1
374,$400C_vol,2
375,$4000_duty,3
375,$4000_const,1
375,$4000_vol,12
375,$4000_duty,3
375,$4000_const,1
375,$4000_vol,12
375,$4004_duty,0
375,$4004_const,1
375,$4004_vol,3
375,$4004_duty,0
375,$4004_const,1
375,$4004_vol,2
375,$4008_linear,16
375,$400C_const,1
375,$400C_vol,2
375,$400C_const,1
375,$400C_vol,2
376,$4000_duty,3
376,$4000_const,1
376,$4000_vol,12
376,$4000_duty,3
376,$4000_const,1
376,$4000_vol,12
376,$4004_duty,0
376,$4004_const,1
376,$4004_vol,2
376,$4004_duty,0
376,$4004_const,1
376,$4004_vol,6
376,$4005_sweep,0
376,$4006_period,453
376,$4008_linear,16
376,$400C_const,1
376,$400C_vol,2
376,$400C_const,1
376,$400C_vol,2
377,$4000_duty,3
377,$4000_const,1
377,$4000_vol,12
377,$4000_duty,3
377,$4000_const,1
377,$4000_vol,12
377,$4004_duty,0
377,$4004_const,1
377,$4004_vol,6
377,$4004_duty,0
377,$4004_const,1
377,$4004_vol,4
377,$4008_linear,16
377,$400C_const,1
377,$400C_vol,2
377,$400C_const,1
377,$400C_vol,2
378,$4000_duty,3
378,$4000_const,1
378,$4000_vol,12
378,$4000_duty,3
378,$4000_const,1
378,$4000_vol,12
378,$4004_duty,0
378,$4004_const,1
378,$4004_vol,4
378,$4004_duty,0
378,$4004_const,1
378,$4004_vol,6
378,$4008_linear,16
378,$400C_const,1
378,$400C_vol,2
378,$400C_const,1
378,$400C_vol,2
379,$4000_duty,3
379,$4000_const,1
379,$4000_vol,12
379,$4000_duty,3
379,$4000_const,1
379,$4000_vol,12
379,$4004_duty,0
379,$4004_const,1
379,$4004_vol,6
379,$4004_duty,0
379,$4004_const,1
379,$4004_vol,4
379,$4008_linear,16
379,$400C_const,1
379,$400C_vol,2
379,$400C_const,1
379,$400C_vol,2
380,$4000_duty,3
380,$4000_const,1
380,$4000_vol,12
380,$4000_duty,3
380,$4000_const,1
380,$4000_vol,12
380,$4004_duty,0
380,$4004_const,1
380,$4004_vol,4
380,$4004_duty,0
380,$4004_const,1
380,$4004_vol,3
380,$4008_linear,16
380,$400C_const,1
380,$400C_vol,2
380,$400C_const,1
380,$400C_vol,2
381,$4000_duty,3
381,$4000_const,1
381,$4000_vol,12
381,$4000_duty,3
381,$4000_const,1
381,$4000_vol,12
381,$4004_duty,0
381,$4004_const,1
381,$4004_vol,3
381,$4004_duty,0
381,$4004_const,1
381,$4004_vol,2
381,$4008_linear,16
381,$400C_const,1
381,$400C_vol,2
381,$400C_const,1
381,$400C_vol,2
382,$4000_duty,3
382,$4000_const,1
382,$4000_vol,12
382,$4000_duty,3
382,$4000_const,1
382,$4000_vol,12
382,$4004_duty,0
382,$4004_const,1
382,$4004_vol,2
382,$4004_duty,0
382,$4004_const,1
382,$4004_vol,6
382,$4005_sweep,0
382,$4006_period,381
382,$4008_linear,16
382,$400A_period,679
382,$400B_length,9
382,$400C_const,1
382,$400C_vol,2
382,$400C_const,1
382,$400C_vol,15
382,$400E_period,1
382,$400E_mode,0
383,$4000_duty,3
383,$4000_const,1
383,$4000_vol,12
383,$4000_duty,3
383,$4000_const,1
383,$4000_vol,12
383,$4004_duty,0
383,$4004_const,1
383,$4004_vol,6
383,$4004_duty,0
383,$4004_const,1
383,$4004_vol,4
383,$4008_linear,16
383,$400C_const,1
383,$400C_vol,15
383,$400C_const,1
383,$400C_vol,7
384,$4000_duty,3
384,$4000_const,1
384,$4000_vol,12
384,$4000_duty,3
384,$4000_const,1
384,$4000_vol,12
384,$4004_duty,0
384,$4004_const,1
384,$4004_vol,4
384,$4004_duty,0
384,$4004_const,1
384,$4004_vol,6
384,$4008_linear,16
384,$400C_const,1
384,$400C_vol,7
384,$400C_const,1
384,$400C_vol,2
385,$4000_duty,3
385,$4000_const,1
385,$4000_vol,12
385,$4000_duty,3
385,$4000_const,1
385,$4000_vol,12
385,$4004_duty,0
385,$4004_const,1
385,$4004_vol,6
385,$4004_duty,0
385,$4004_const,1
385,$4004_vol,4
385,$4008_linear,16
385,$400C_const,1
385,$400C_vol,2
385,$400C_const,1
385,$400C_vol,2
386,$4000_duty,3
386,$4000_const,1
386,$4000_vol,12
386,$4000_duty,3
386,$4000_const,1
386,$4000_vol,12
386,$4004_duty,0
386,$4004_const,1
386,$4004_vol,4
386,$4004_duty,0
386,$4004_const,1
386,$4004_vol,3
386,$4008_linear,16
386,$400C_const,1
386,$400C_vol,2
386,$400C_const,1
386,$400C_vol,2
387,$4000_duty,3
387,$4000_const,1
387,$4000_vol,12
387,$4000_duty,3
387,$4000_const,1
387,$4000_vol,12
387,$4004_duty,0
387,$4004_const,1
387,$4004_vol,3
387,$4004_duty,0
387,$4004_const,1
387,$4004_vol,2
387,$4008_linear,16
387,$400C_const,1
387,$400C_vol,2
387,$400C_const,1
387,$400C_vol,2
388,$4000_duty,3
388,$4000_const,1
388,$4000_vol,12
388,$4000_duty,3
388,$4000_const,1
388,$4000_vol,12
388,$4004_duty,0
388,$4004_const,1
388,$4004_vol,2
388,$4004_duty,0
388,$4004_const,1
388,$4004_vol,7
388,$4005_sweep,0
388,$4006_period,339
388,$4008_linear,16
388,$400A_period,679
388,$400B_length,9
388,$400C_const,1
388,$400C_vol,2
388,$400C_const,1
388,$400C_vol,15
388,$400E_period,3
388,$400E_mode,0
389,$4000_duty,3
389,$4000_const,1
389,$4000_vol,12
389,$4000_duty,3
389,$4000_const,1
389,$4000_vol,12
389,$4004_duty,0
389,$4004_const,1
389,$4004_vol,7
389,$4004_duty,0
389,$4004_const,1
389,$4004_vol,5
389,$4008_linear,16
389,$400C_const,1
389,$400C_vol,15
389,$400C_const,1
389,$400C_vol,7
390,$4000_duty,3
390,$4000_const,1
390,$4000_vol,12
390,$4000_duty,3
390,$4000_const,1
390,$4000_vol,12
390,$4004_duty,0
390,$4004_const,1
390,$4004_vol,5
390,$4004_duty,0
390,$4004_const,1
390,$4004_vol,7
390,$4008_linear,16
390,$400C_const,1
390,$400C_vol,7
390,$400C_const,1
390,$400C_vol,2
391,$4000_duty,3
391,$4000_const,1
391,$4000_vol,12
391,$4000_duty,3
391,$4000_const,1
391,$4000_vol,12
391,$4004_duty,0
391,$4004_const,1
391,$4004_vol,7
391,$4004_duty,0
391,$4004_const,1
391,$4004_vol,5
391,$4008_linear,16
391,$400C_const,1
391,$400C_vol,2
391,$400C_const,1
391,$400C_vol,2
392,$4000_duty,3
392,$4000_const,1
392,$4000_vol,12
392,$4000_duty,3
392,$4000_const,1
392,$4000_vol,12
392,$4004_duty,0
392,$4004_const,1
392,$4004_vol,5
392,$4004_duty,0
392,$4004_const,1
392,$4004_vol,3
392,$4008_linear,16
392,$400C_const,1
392,$400C_vol,2
392,$400C_const,1
392,$400C_vol,2
393,$4000_duty,3
393,$4000_const,1
393,$4000_vol,12
393,$4000_duty,3
393,$4000_const,1
393,$4000_vol,12
393,$4004_duty,0
393,$4004_const,1
393,$4004_vol,3
393,$4004_duty,0
393,$4004_const,1
393,$4004_vol,3
393,$4008_linear,16
393,$400C_const,1
393,$400C_vol,2
393,$400C_const,1
393,$400C_vol,2
394,$4000_duty,3
394,$4000_const,1
394,$4000_vol,12
394,$4000_duty,3
394,$4000_const,1
394,$4000_vol,12
394,$4004_duty,0
394,$4004_const,1
394,$4004_vol,3
394,$4004_duty,0
394,$4004_const,1
394,$4004_vol,7
394,$4005_sweep,0
394,$4006_period,509
394,$4008_linear,16
394,$400A_period,679
394,$400B_length,9
394,$400C_const,1
394,$400C_vol,2
394,$400C_const,1
394,$400C_vol,15
394,$400E_period,9
394,$400E_mode,0
395,$4000_duty,3
395,$4000_const,1
395,$4000_vol,12
395,$4000_duty,3
395,$4000_const,1
395,$4000_vol,12
395,$4004_duty,0
395,$4004_const,1
395,$4004_vol,7
395,$4004_duty,0
395,$4004_const,1
395,$4004_vol,5
395,$4008_linear,16
395,$400C_const,1
395,$400C_vol,15
395,$400C_const,1
395,$400C_vol,7
396,$4000_duty,3
396,$4000_const,1
396,$4000_vol,12
396,$4000_duty,3
396,$4000_const,1
396,$4000_vol,12
396,$4004_duty,0
396,$4004_const,1
396,$4004_vol,5
396,$4004_duty,0
396,$4004_const,1
396,$4004_vol,7
396,$4008_linear,16
396,$400C_const,1
396,$400C_vol,7
396,$400C_const,1
396,$400C_vol,2
397,$4000_duty,3
397,$4000_const,1
397,$4000_vol,12
397,$4000_duty,3
397,$4000_const,1
397,$4000_vol,12
397,$4004_duty,0
397,$4004_const,1
397,$4004_vol,7
397,$4004_duty,0
397,$4004_const,1
397,$4004_vol,5
397,$4008_linear,16
397,$400C_const,1
397,$400C_vol,2
397,$400C_const,1
397,$400C_vol,2
398,$4000_duty,3
398,$4000_const,1
398,$4000_vol,12
398,$4000_duty,3
398,$4000_const,1
398,$4000_vol,12
398,$4004_duty,0
398,$4004_const,1
398,$4004_vol,5
398,$4004_duty,0
398,$4004_const,1
398,$4004_vol,3
398,$4008_linear,16
398,$400C_const,1
398,$400C_vol,2
398,$400C_const,1
398,$400C_vol,2
399,$4000_duty,3
399,$4000_const,1
399,$4000_vol,12
399,$4000_duty,3
399,$4000_const,1
399,$4000_vol,12
399,$4004_duty,0
399,$4004_const,1
399,$4004_vol,3
399,$4004_duty,0
399,$4004_const,1
399,$4004_vol,3
399,$4008_linear,16
399,$400C_const,1
399,$400C_vol,2
399,$400C_const,1
399,$400C_vol,2
400,$4000_duty,3
400,$4000_const,1
400,$4000_vol,12
400,$4000_duty,3
400,$4000_const,1
400,$4000_vol,12
400,$4004_duty,0
400,$4004_const,1
400,$4004_vol,3
400,$4004_duty,0
400,$4004_const,1
400,$4004_vol,7
400,$4005_sweep,0
400,$4006_period,453
400,$4008_linear,16
400,$400C_const,1
400,$400C_vol,2
400,$400C_const,1
400,$400C_vol,2
401,$4000_duty,3
401,$4000_const,1
401,$4000_vol,12
401,$4000_duty,3
401,$4000_const,1
401,$4000_vol,12
401,$4004_duty,0
401,$4004_const,1
401,$4004_vol,7
401,$4004_duty,0
401,$4004_const,1
401,$4004_vol,5
401,$4008_linear,16
401,$400C_const,1
401,$400C_vol,2
401,$400C_const,1
401,$400C_vol,2
402,$4000_duty,3
402,$4000_const,1
402,$4000_vol,12
402,$4000_duty,3
402,$4000_const,1
402,$4000_vol,12
402,$4004_duty,0
402,$4004_const,1
402,$4004_vol,5
402,$4004_duty,0
402,$4004_const,1
402,$4004_vol,7
402,$4008_linear,16
402,$400C_const,1
402,$400C_vol,2
402,$400C_const,1
402,$400C_vol,2
403,$4000_duty,3
403,$4000_const,1
403,$4000_vol,12
403,$4000_duty,3
403,$4000_const,1
403,$4000_vol,12
403,$4004_duty,0
403,$4004_const,1
403,$4004_vol,7
403,$4004_duty,0
403,$4004_const,1
403,$4004_vol,5
403,$4008_linear,16
403,$400C_const,1
403,$400C_vol,2
403,$400C_const,1
403,$400C_vol,2
404,$4000_duty,3
404,$4000_const,1
404,$4000_vol,12
404,$4000_duty,3
404,$4000_const,1
404,$4000_vol,12
404,$4004_duty,0
404,$4004_const,1
404,$4004_vol,5
404,$4004_duty,0
404,$4004_const,1
404,$4004_vol,3
404,$4008_linear,16
404,$400C_const,1
404,$400C_vol,2
404,$400C_const,1
404,$400C_vol,2
405,$4000_duty,3
405,$4000_const,1
405,$4000_vol,12
405,$4000_duty,3
405,$4000_const,1
405,$4000_vol,12
405,$4004_duty,0
405,$4004_const,1
405,$4004_vol,3
405,$4004_duty,0
405,$4004_const,1
405,$4004_vol,3
405,$4008_linear,16
405,$400C_const,1
405,$400C_vol,2
405,$400C_const,1
405,$400C_vol,2
406,$4000_duty,3
406,$4000_const,1
406,$4000_vol,12
406,$4000_duty,3
406,$4000_const,1
406,$4000_vol,12
406,$4004_duty,0
406,$4004_const,1
406,$4004_vol,3
406,$4004_duty,0
406,$4004_const,1
406,$4004_vol,7
406,$4005_sweep,0
406,$4006_period,381
406,$4008_linear,16
406,$400A_period,679
406,$400B_length,9
406,$400C_const,1
406,$400C_vol,2
406,$400C_const,1
406,$400C_vol,15
406,$400E_period,1
406,$400E_mode,0
407,$4000_duty,3
407,$4000_const,1
407,$4000_vol,12
407,$4000_duty,3
407,$4000_const,1
407,$4000_vol,12
407,$4004_duty,0
407,$4004_const,1
407,$4004_vol,7
407,$4004_duty,0
407,$4004_const,1
407,$4004_vol,5
407,$4008_linear,16
407,$400C_const,1
407,$400C_vol,15
407,$400C_const,1
407,$400C_vol,7
408,$4000_duty,3
408,$4000_const,1
408,$4000_vol,12
408,$4000_duty,3
408,$4000_const,1
408,$4000_vol,12
408,$4004_duty,0
408,$4004_const,1
408,$4004_vol,5
408,$4004_duty,0
408,$4004_const,1
408,$4004_vol,7
408,$4008_linear,16
408,$400C_const,1
408,$400C_vol,7
408,$400C_const,1
408,$400C_vol,2
409,$4000_duty,3
409,$4000_const,1
409,$4000_vol,12
409,$4000_duty,3
409,$4000_const,1
409,$4000_vol,12
409,$4004_duty,0
409,$4004_const,1
409,$4004_vol,7
409,$4004_duty,0
409,$4004_const,1
409,$4004_vol,5
409,$4008_linear,16
409,$400C_const,1
409,$400C_vol,2
409,$400C_const,1
409,$400C_vol,2
410,$4000_duty,3
410,$4000_const,1
410,$4000_vol,12
410,$4000_duty,3
410,$4000_const,1
410,$4000_vol,12
410,$4004_duty,0
410,$4004_const,1
410,$4004_vol,5
410,$4004_duty,0
410,$4004_const,1
410,$4004_vol,3
410,$4008_linear,16
410,$400C_const,1
410,$400C_vol,2
410,$400C_const,1
410,$400C_vol,2
411,$4000_duty,3
411,$4000_const,1
411,$4000_vol,12
411,$4000_duty,3
411,$4000_const,1
411,$4000_vol,12
411,$4004_duty,0
411,$4004_const,1
411,$4004_vol,3
411,$4004_duty,0
411,$4004_const,1
411,$4004_vol,3
411,$4008_linear,16
411,$400C_const,1
411,$400C_vol,2
411,$400C_const,1
411,$400C_vol,2
412,$4000_duty,3
412,$4000_const,1
412,$4000_vol,12
412,$4000_duty,3
412,$4000_const,1
412,$4000_vol,12
412,$4004_duty,0
412,$4004_const,1
412,$4004_vol,3
412,$4004_duty,0
412,$4004_const,1
412,$4004_vol,7
412,$4005_sweep,0
412,$4006_period,339
412,$4008_linear,16
412,$400A_period,679
412,$400B_length,9
412,$400C_const,1
412,$400C_vol,2
412,$400C_const,1
412,$400C_vol,15
412,$400E_period,3
412,$400E_mode,0
413,$4000_duty,3
413,$4000_const,1
413,$4000_vol,12
413,$4000_duty,3
413,$4000_const,1
413,$4000_vol,12
413,$4004_duty,0
413,$4004_const,1
413,$4004_vol,7
413,$4004_duty,0
413,$4004_const,1
413,$4004_vol,5
413,$4008_linear,16
413,$400C_const,1
413,$400C_vol,15
413,$400C_const,1
413,$400C_vol,7
414,$4000_duty,3
414,$4000_const,1
414,$4000_vol,12
414,$4000_duty,3
414,$4000_const,1
414,$4000_vol,12
414,$4004_duty,0
414,$4004_const,1
414,$4004_vol,5
414,$4004_duty,0
414,$4004_const,1
414,$4004_vol,7
414,$4008_linear,16
414,$400C_const,1
414,$400C_vol,7
414,$400C_const,1
414,$400C_vol,2
415,$4000_duty,3
415,$4000_const,1
415,$4000_vol,12
415,$4000_duty,3
415,$4000_const,1
415,$4000_vol,12
415,$4004_duty,0
415,$4004_const,1
415,$4004_vol,7
415,$4004_duty,0
415,$4004_const,1
415,$4004_vol,5
415,$4008_linear,16
415,$400C_const,1
415,$400C_vol,2
415,$400C_const,1
415,$400C_vol,2
416,$4000_duty,3
416,$4000_const,1
416,$4000_vol,12
416,$4000_duty,3
416,$4000_const,1
416,$4000_vol,12
416,$4004_duty,0
416,$4004_const,1
416,$4004_vol,5
416,$4004_duty,0
416,$4004_const,1
416,$4004_vol,3
416,$4008_linear,16
416,$400C_const,1
416,$400C_vol,2
416,$400C_const,1
416,$400C_vol,2
417,$4000_duty,3
417,$4000_const,1
417,$4000_vol,12
417,$4000_duty,3
417,$4000_const,1
417,$4000_vol,12
417,$4004_duty,0
417,$4004_const,1
417,$4004_vol,3
417,$4004_duty,0
417,$4004_const,1
417,$4004_vol,3
417,$4008_linear,16
417,$400C_const,1
417,$400C_vol,2
417,$400C_const,1
417,$400C_vol,2
418,$4000_duty,3
418,$4000_const,1
418,$4000_vol,12
418,$4000_duty,3
418,$4000_const,1
418,$4000_vol,12
418,$4004_duty,0
418,$4004_const,1
418,$4004_vol,3
418,$4004_duty,0
418,$4004_const,1
418,$4004_vol,8
418,$4005_sweep,0
418,$4006_period,509
418,$4008_linear,16
418,$400A_period,679
418,$400B_length,9
418,$400C_const,1
418,$400C_vol,2
418,$400C_const,1
418,$400C_vol,15
418,$400E_period,9
418,$400E_mode,0
419,$4000_duty,3
419,$4000_const,1
419,$4000_vol,12
419,$4000_duty,3
419,$4000_const,1
419,$4000_vol,12
419,$4004_duty,0
419,$4004_const,1
419,$4004_vol,8
419,$4004_duty,0
419,$4004_const,1
419,$4004_vol,5
419,$4008_linear,16
419,$400C_const,1
419,$400C_vol,15
419,$400C_const,1
419,$400C_vol,7
420,$4000_duty,3
420,$4000_const,1
420,$4000_vol,12
420,$4000_duty,3
420,$4000_const,1
420,$4000_vol,12
420,$4004_duty,0
420,$4004_const,1
420,$4004_vol,5
420,$4004_duty,0
420,$4004_const,1
420,$4004_vol,8
420,$4008_linear,16
420,$400C_const,1
420,$400C_vol,7
420,$400C_const,1
420,$400C_vol,2
421,$4000_duty,3
421,$4000_const,1
421,$4000_vol,12
421,$4000_duty,3
421,$4000_const,1
421,$4000_vol,12
421,$4004_duty,0
421,$4004_const,1
421,$4004_vol,8
421,$4004_duty,0
421,$4004_const,1
421,$4004_vol,5
421,$4008_linear,16
421,$400C_const,1
421,$400C_vol,2
421,$400C_const,1
421,$400C_vol,2
422,$4000_duty,3
422,$4000_const,1
422,$4000_vol,12
422,$4000_duty,3
422,$4000_const,1
422,$4000_vol,12
422,$4004_duty,0
422,$4004_const,1
422,$4004_vol,5
422,$4004_duty,0
422,$4004_const,1
422,$4004_vol,4
422,$4008_linear,16
422,$400C_const,1
422,$400C_vol,2
422,$400C_const,1
422,$400C_vol,2
423,$4000_duty,3
423,$4000_const,1
423,$4000_vol,12
423,$4000_duty,3
423,$4000_const,1
423,$4000_vol,12
423,$4004_duty,0
423,$4004_const,1
423,$4004_vol,4
423,$4004_duty,0
423,$4004_const,1
423,$4004_vol,3
423,$4008_linear,16
423,$400C_const,1
423,$400C_vol,2
423,$400C_const,1
423,$400C_vol,2
424,$4000_duty,3
424,$4000_const,1
424,$4000_vol,12
424,$4000_duty,3
424,$4000_const,1
424,$4000_vol,12
424,$4004_duty,0
424,$4004_const,1
424,$4004_vol,3
424,$4004_duty,0
424,$4004_const,1
424,$4004_vol,8
424,$4005_sweep,0
424,$4006_period,453
424,$4008_linear,16
424,$400C_const,1
424,$400C_vol,2
424,$400C_const,1
424,$400C_vol,2
425,$4000_duty,3
425,$4000_const,1
425,$4000_vol,12
425,$4000_duty,3
425,$4000_const,1
425,$4000_vol,12
425,$4004_duty,0
425,$4004_const,1
425,$4004_vol,8
425,$4004_duty,0
425,$4004_const,1
425,$4004_vol,5
425,$4008_linear,16
425,$400C_const,1
425,$400C_vol,2
425,$400C_const,1
425,$400C_vol,2
426,$4000_duty,3
426,$4000_const,1
426,$4000_vol,12
426,$4000_duty,3
426,$4000_const,1
426,$4000_vol,12
426,$4004_duty,0
426,$4004_const,1
426,$4004_vol,5
426,$4004_duty,0
426,$4004_const,1
426,$4004_vol,8
426,$4008_linear,16
426,$400C_const,1
426,$400C_vol,2
426,$400C_const,1
426,$400C_vol,2
427,$4000_duty,3
427,$4000_const,1
427,$4000_vol,12
427,$4000_duty,3
427,$4000_const,1
427,$4000_vol,12
427,$4004_duty,0
427,$4004_const,1
427,$4004_vol,8
427,$4004_duty,0
427,$4004_const,1
427,$4004_vol,5
427,$4008_linear,16
427,$400C_const,1
427,$400C_vol,2
427,$400C_const,1
427,$400C_vol,2
428,$4000_duty,3
428,$4000_const,1
428,$4000_vol,12
428,$4000_duty,3
428,$4000_const,1
428,$4000_vol,12
428,$4004_duty,0
428,$4004_const,1
428,$4004_vol,5
428,$4004_duty,0
428,$4004_const,1
428,$4004_vol,4
428,$4008_linear,16
428,$400C_const,1
428,$400C_vol,2
428,$400C_const,1
428,$400C_vol,2
429,$4000_duty,3
429,$4000_const,1
429,$4000_vol,12
429,$4000_duty,3
429,$4000_const,1
429,$4000_vol,12
429,$4004_duty,0
429,$4004_const,1
429,$4004_vol,4
429,$4004_duty,0
429,$4004_const,1
429,$4004_vol,3
429,$4008_linear,16
429,$400C_const,1
429,$400C_vol,2
429,$400C_const,1
429,$400C_vol,2
430,$4000_duty,3
430,$4000_const,1
430,$4000_vol,12
430,$4000_duty,3
430,$4000_const,1
430,$4000_vol,12
430,$4004_duty,0
430,$4004_const,1
430,$4004_vol,3
430,$4004_duty,0
430,$4004_const,1
430,$4004_vol,8
430,$4005_sweep,0
430,$4006_period,381
430,$4008_linear,16
430,$400A_period,679
430,$400B_length,9
430,$400C_const,1
430,$400C_vol,2
430,$400C_const,1
430,$400C_vol,15
430,$400E_period,1
430,$400E_mode,0
431,$4000_duty,3
431,$4000_const,1
431,$4000_vol,12
431,$4000_duty,3
431,$4000_const,1
431,$4000_vol,12
431,$4004_duty,0
431,$4004_const,1
431,$4004_vol,8
431,$4004_duty,0
431,$4004_const,1
431,$4004_vol,5
431,$4008_linear,16
431,$400C_const,1
431,$400C_vol,15
431,$400C_const,1
431,$400C_vol,7
432,$4000_duty,3
432,$4000_const,1
432,$4000_vol,12
432,$4000_duty,3
432,$4000_const,1
432,$4000_vol,12
432,$4004_duty,0
432,$4004_const,1
432,$4004_vol,5
432,$4004_duty,0
432,$4004_const,1
432,$4004_vol,8
432,$4008_linear,16
432,$400C_const,1
432,$400C_vol,7
432,$400C_const,1
432,$400C_vol,2
433,$4000_duty,3
433,$4000_const,1
433,$4000_vol,12
433,$4000_duty,3
433,$4000_const,1
433,$4000_vol,12
433,$4004_duty,0
433,$4004_const,1
433,$4004_vol,8
433,$4004_duty,0
433,$4004_const,1
433,$4004_vol,5
433,$4008_linear,16
433,$400C_const,1
433,$400C_vol,2
433,$400C_const,1
433,$400C_vol,2
434,$4000_duty,3
434,$4000_const,1
434,$4000_vol,12
434,$4000_duty,3
434,$4000_const,1
434,$4000_vol,12
434,$4004_duty,0
434,$4004_const,1
434,$4004_vol,5
434,$4004_duty,0
434,$4004_const,1
434,$4004_vol,4
434,$4008_linear,16
434,$400C_const,1
434,$400C_vol,2
434,$400C_const,1
434,$400C_vol,2
435,$4000_duty,3
435,$4000_const,1
435,$4000_vol,12
435,$4000_duty,3
435,$4000_const,1
435,$4000_vol,12
435,$4004_duty,0
435,$4004_const,1
435,$4004_vol,4
435,$4004_duty,0
435,$4004_const,1
435,$4004_vol,3
435,$4008_linear,16
435,$400C_const,1
435,$400C_vol,2
435,$400C_const,1
435,$400C_vol,2
436,$4000_duty,3
436,$4000_const,1
436,$4000_vol,12
436,$4000_duty,3
436,$4000_const,1
436,$4000_vol,12
436,$4004_duty,0
436,$4004_const,1
436,$4004_vol,3
436,$4004_duty,0
436,$4004_const,1
436,$4004_vol,8
436,$4005_sweep,0
436,$4006_period,339
436,$4008_linear,16
436,$400A_period,679
436,$400B_length,9
436,$400C_const,1
436,$400C_vol,2
436,$400C_const,1
436,$400C_vol,15
436,$400E_period,3
436,$400E_mode,0
437,$4000_duty,3
437,$4000_const,1
437,$4000_vol,12
437,$4000_duty,3
437,$4000_const,1
437,$4000_vol,12
437,$4004_duty,0
437,$4004_const,1
437,$4004_vol,8
437,$4004_duty,0
437,$4004_const,1
437,$4004_vol,5
437,$4008_linear,16
437,$400C_const,1
437,$400C_vol,15
437,$400C_const,1
437,$400C_vol,7
438,$4000_duty,3
438,$4000_const,1
438,$4000_vol,12
438,$4000_duty,3
438,$4000_const,1
438,$4000_vol,12
438,$4004_duty,0
438,$4004_const,1
438,$4004_vol,5
438,$4004_duty,0
438,$4004_const,1
438,$4004_vol,8
438,$4008_linear,16
438,$400C_const,1
438,$400C_vol,7
438,$400C_const,1
438,$400C_vol,2
439,$4000_duty,3
439,$4000_const,1
439,$4000_vol,12
439,$4000_duty,3
439,$4000_const,1
439,$4000_vol,12
439,$4004_duty,0
439,$4004_const,1
439,$4004_vol,8
439,$4004_duty,0
439,$4004_const,1
439,$4004_vol,5
439,$4008_linear,16
439,$400C_const,1
439,$400C_vol,2
439,$400C_const,1
439,$400C_vol,2
440,$4000_duty,3
440,$4000_const,1
440,$4000_vol,12
440,$4000_duty,3
440,$4000_const,1
440,$4000_vol,12
440,$4004_duty,0
440,$4004_const,1
440,$4004_vol,5
440,$4004_duty,0
440,$4004_const,1
440,$4004_vol,4
440,$4008_linear,16
440,$400C_const,1
440,$400C_vol,2
440,$400C_const,1
440,$400C_vol,2
441,$4000_duty,3
441,$4000_const,1
441,$4000_vol,12
441,$4000_duty,3
441,$4000_const,1
441,$4000_vol,12
441,$4004_duty,0
441,$4004_const,1
441,$4004_vol,4
441,$4004_duty,0
441,$4004_const,1
441,$4004_vol,3
441,$4008_linear,16
441,$400C_const,1
441,$400C_vol,2
441,$400C_const,1
441,$400C_vol,2
442,$4000_duty,3
442,$4000_const,1
442,$4000_vol,12
442,$4000_duty,3
442,$4000_const,1
442,$4000_vol,12
442,$4004_duty,0
442,$4004_const,1
442,$4004_vol,3
442,$4004_duty,0
442,$4004_const,1
442,$4004_vol,8
442,$4005_sweep,0
442,$4006_period,509
442,$4008_linear,16
442,$400A_period,679
442,$400B_length,9
442,$400C_const,1
442,$400C_vol,2
442,$400C_const,1
442,$400C_vol,15
442,$400E_period,9
442,$400E_mode,0
443,$4000_duty,3
443,$4000_const,1
443,$4000_vol,12
443,$4000_duty,3
443,$4000_const,1
443,$4000_vol,12
443,$4004_duty,0
443,$4004_const,1
443,$4004_vol,8
443,$4004_duty,0
443,$4004_const,1
443,$4004_vol,5
443,$4008_linear,16
443,$400C_const,1
443,$400C_vol,15
443,$400C_const,1
443,$400C_vol,7
444,$4000_duty,3
444,$4000_const,1
444,$4000_vol,12
444,$4000_duty,3
444,$4000_const,1
444,$4000_vol,12
444,$4004_duty,0
444,$4004_const,1
444,$4004_vol,5
444,$4004_duty,0
444,$4004_const,1
444,$4004_vol,8
444,$4008_linear,16
444,$400C_const,1
444,$400C_vol,7
444,$400C_const,1
444,$400C_vol,2
445,$4000_duty,3
445,$4000_const,1
445,$4000_vol,12
445,$4000_duty,3
445,$4000_const,1
445,$4000_vol,12
445,$4004_duty,0
445,$4004_const,1
445,$4004_vol,8
445,$4004_duty,0
445,$4004_const,1
445,$4004_vol,5
445,$4008_linear,16
445,$400C_const,1
445,$400C_vol,2
445,$400C_const,1
445,$400C_vol,2
446,$4000_duty,3
446,$4000_const,1
446,$4000_vol,12
446,$4000_duty,3
446,$4000_const,1
446,$4000_vol,12
446,$4004_duty,0
446,$4004_const,1
446,$4004_vol,5
446,$4004_duty,0
446,$4004_const,1
446,$4004_vol,4
446,$4008_linear,16
446,$400C_const,1
446,$400C_vol,2
446,$400C_const,1
446,$400C_vol,2
447,$4000_duty,3
447,$4000_const,1
447,$4000_vol,12
447,$4000_duty,3
447,$4000_const,1
447,$4000_vol,12
447,$4004_duty,0
447,$4004_const,1
447,$4004_vol,4
447,$4004_duty,0
447,$4004_const,1
447,$4004_vol,3
447,$4008_linear,16
447,$400C_const,1
447,$400C_vol,2
447,$400C_const,1
447,$400C_vol,2
448,$4000_duty,3
448,$4000_const,1
448,$4000_vol,12
448,$4000_duty,3
448,$4000_const,1
448,$4000_vol,12
448,$4004_duty,0
448,$4004_const,1
448,$4004_vol,3
448,$4004_duty,0
448,$4004_const,1
448,$4004_vol,9
448,$4005_sweep,0
448,$4006_period,453
448,$4008_linear,16
448,$400C_const,1
448,$400C_vol,2
448,$400C_const,1
448,$400C_vol,2
449,$4000_duty,3
449,$4000_const,1
449,$4000_vol,12
449,$4000_duty,3
449,$4000_const,1
449,$4000_vol,12
449,$4004_duty,0
449,$4004_const,1
449,$4004_vol,9
449,$4004_duty,0
449,$4004_const,1
449,$4004_vol,6
449,$4008_linear,16
449,$400C_const,1
449,$400C_vol,2
449,$400C_const,1
449,$400C_vol,2
450,$4000_duty,3
450,$4000_const,1
450,$4000_vol,12
450,$4000_duty,3
450,$4000_const,1
450,$4000_vol,12
450,$4004_duty,0
450,$4004_const,1
450,$4004_vol,6
450,$4004_duty,0
450,$4004_const,1
450,$4004_vol,9
450,$4008_linear,16
450,$400C_const,1
450,$400C_vol,2
450,$400C_const,1
450,$400C_vol,2
451,$4000_duty,3
451,$4000_const,1
451,$4000_vol,12
451,$4000_duty,3
451,$4000_const,1
451,$4000_vol,12
451,$4004_duty,0
451,$4004_const,1
451,$4004_vol,9
451,$4004_duty,0
451,$4004_const,1
451,$4004_vol,6
451,$4008_linear,16
451,$400C_const,1
451,$400C_vol,2
451,$400C_const,1
451,$400C_vol,2
452,$4000_duty,3
452,$4000_const,1
452,$4000_vol,12
452,$4000_duty,3
452,$4000_const,1
452,$4000_vol,12
452,$4004_duty,0
452,$4004_const,1
452,$4004_vol,6
452,$4004_duty,0
452,$4004_const,1
452,$4004_vol,4
452,$4008_linear,16
452,$400C_const,1
452,$400C_vol,2
452,$400C_const,1
452,$400C_vol,2
453,$4000_duty,3
453,$4000_const,1
453,$4000_vol,12
453,$4000_duty,3
453,$4000_const,1
453,$4000_vol,12
453,$4004_duty,0
453,$4004_const,1
453,$4004_vol,4
453,$4004_duty,0
453,$4004_const,1
453,$4004_vol,4
453,$4008_linear,16
453,$400C_const,1
453,$400C_vol,2
453,$400C_const,1
453,$400C_vol,2
454,$4000_duty,3
454,$4000_const,1
454,$4000_vol,12
454,$4000_duty,3
454,$4000_const,1
454,$4000_vol,12
454,$4004_duty,0
454,$4004_const,1
454,$4004_vol,4
454,$4004_duty,0
454,$4004_const,1
454,$4004_vol,9
454,$4005_sweep,0
454,$4006_period,381
454,$4008_linear,16
454,$400A_period,679
454,$400B_length,9
454,$400C_const,1
454,$400C_vol,2
454,$400C_const,1
454,$400C_vol,15
454,$400E_period,1
454,$400E_mode,0
455,$4000_duty,3
455,$4000_const,1
455,$4000_vol,12
455,$4000_duty,3
455,$4000_const,1
455,$4000_vol,12
455,$4004_duty,0
455,$4004_const,1
455,$4004_vol,9
455,$4004_duty,0
455,$4004_const,1
455,$4004_vol,6
455,$4008_linear,16
455,$400C_const,1
455,$400C_vol,15
455,$400C_const,1
455,$400C_vol,7
456,$4000_duty,3
456,$4000_const,1
456,$4000_vol,12
456,$4000_duty,3
456,$4000_const,1
456,$4000_vol,12
456,$4004_duty,0
456,$4004_const,1
456,$4004_vol,6
456,$4004_duty,0
456,$4004_const,1
456,$4004_vol,9
456,$4008_linear,16
456,$400C_const,1
456,$400C_vol,7
456,$400C_const,1
456,$400C_vol,2
457,$4000_duty,3
457,$4000_const,1
457,$4000_vol,12
457,$4000_duty,3
457,$4000_const,1
457,$4000_vol,12
457,$4004_duty,0
457,$4004_const,1
457,$4004_vol,9
457,$4004_duty,0
457,$4004_const,1
457,$4004_vol,6
457,$4008_linear,16
457,$400C_const,1
457,$400C_vol,2
457,$400C_const,1
457,$400C_vol,2
458,$4000_duty,3
458,$4000_const,1
458,$4000_vol,12
458,$4000_duty,3
458,$4000_const,1
458,$4000_vol,12
458,$4004_duty,0
458,$4004_const,1
458,$4004_vol,6
458,$4004_duty,0
458,$4004_const,1
458,$4004_vol,4
458,$4008_linear,16
458,$400C_const,1
458,$400C_vol,2
458,$400C_const,1
458,$400C_vol,2
459,$4000_duty,3
459,$4000_const,1
459,$4000_vol,12
459,$4000_duty,3
459,$4000_const,1
459,$4000_vol,12
459,$4004_duty,0
459,$4004_const,1
459,$4004_vol,4
459,$4004_duty,0
459,$4004_const,1
459,$4004_vol,4
459,$4008_linear,16
459,$400C_const,1
459,$400C_vol,2
459,$400C_const,1
459,$400C_vol,2
460,$4000_duty,3
460,$4000_const,1
460,$4000_vol,12
460,$4000_duty,3
460,$4000_const,1
460,$4000_vol,12
460,$4004_duty,0
460,$4004_const,1
460,$4004_vol,4
460,$4004_duty,0
460,$4004_const,1
460,$4004_vol,9
460,$4005_sweep,0
460,$4006_period,339
460,$4008_linear,16
460,$400A_period,679
460,$400B_length,9
460,$400C_const,1
460,$400C_vol,2
460,$400C_const,1
460,$400C_vol,15
460,$400E_period,3
460,$400E_mode,0
461,$4000_duty,3
461,$4000_const,1
461,$4000_vol,12
461,$4000_duty,3
461,$4000_const,1
461,$4000_vol,12
461,$4004_duty,0
461,$4004_const,1
461,$4004_vol,9
461,$4004_duty,0
461,$4004_const,1
461,$4004_vol,6
461,$4008_linear,16
461,$400C_const,1
461,$400C_vol,15
461,$400C_const,1
461,$400C_vol,7
462,$4000_duty,3
462,$4000_const,1
462,$4000_vol,12
462,$4000_duty,3
462,$4000_const,1
462,$4000_vol,12
462,$4004_duty,0
462,$4004_const,1
462,$4004_vol,6
462,$4004_duty,0
462,$4004_const,1
462,$4004_vol,9
462,$4008_linear,16
462,$400C_const,1
462,$400C_vol,7
462,$400C_const,1
462,$400C_vol,2
463,$4000_duty,3
463,$4000_const,1
463,$4000_vol,12
463,$4000_duty,3
463,$4000_const,1
463,$4000_vol,12
463,$4004_duty,0
463,$4004_const,1
463,$4004_vol,9
463,$4004_duty,0
463,$4004_const,1
463,$4004_vol,6
463,$4008_linear,16
463,$400C_const,1
463,$400C_vol,2
463,$400C_const,1
463,$400C_vol,2
464,$4000_duty,3
464,$4000_const,1
464,$4000_vol,12
464,$4000_duty,3
464,$4000_const,1
464,$4000_vol,12
464,$4004_duty,0
464,$4004_const,1
464,$4004_vol,6
464,$4004_duty,0
464,$4004_const,1
464,$4004_vol,4
464,$4008_linear,16
464,$400C_const,1
464,$400C_vol,2
464,$400C_const,1
464,$400C_vol,2
465,$4000_duty,3
465,$4000_const,1
465,$4000_vol,12
465,$4000_duty,3
465,$4000_const,1
465,$4000_vol,12
465,$4004_duty,0
465,$4004_const,1
465,$4004_vol,4
465,$4004_duty,0
465,$4004_const,1
465,$4004_vol,4
465,$4008_linear,16
465,$400C_const,1
465,$400C_vol,2
465,$400C_const,1
465,$400C_vol,2
466,$4000_duty,3
466,$4000_const,1
466,$4000_vol,12
466,$4000_duty,3
466,$4000_const,1
466,$4000_vol,12
466,$4004_duty,0
466,$4004_const,1
466,$4004_vol,4
466,$4004_duty,0
466,$4004_const,1
466,$4004_vol,9
466,$4005_sweep,0
466,$4006_period,509
466,$4008_linear,16
466,$400A_period,679
466,$400B_length,9
466,$400C_const,1
466,$400C_vol,2
466,$400C_const,1
466,$400C_vol,15
466,$400E_period,9
466,$400E_mode,0
467,$4000_duty,3
467,$4000_const,1
467,$4000_vol,12
467,$4000_duty,3
467,$4000_const,1
467,$4000_vol,12
467,$4004_duty,0
467,$4004_const,1
467,$4004_vol,9
467,$4004_duty,0
467,$4004_const,1
467,$4004_vol,6
467,$4008_linear,16
467,$400C_const,1
467,$400C_vol,15
467,$400C_const,1
467,$400C_vol,7
468,$4000_duty,3
468,$4000_const,1
468,$4000_vol,12
468,$4000_duty,3
468,$4000_const,1
468,$4000_vol,12
468,$4004_duty,0
468,$4004_const,1
468,$4004_vol,6
468,$4004_duty,0
468,$4004_const,1
468,$4004_vol,9
468,$4008_linear,16
468,$400C_const,1
468,$400C_vol,7
468,$400C_const,1
468,$400C_vol,2
469,$4000_duty,3
469,$4000_const,1
469,$4000_vol,12
469,$4000_duty,3
469,$4000_const,1
469,$4000_vol,12
469,$4004_duty,0
469,$4004_const,1
469,$4004_vol,9
469,$4004_duty,0
469,$4004_const,1
469,$4004_vol,6
469,$4008_linear,16
469,$400C_const,1
469,$400C_vol,2
469,$400C_const,1
469,$400C_vol,2
470,$4000_duty,3
470,$4000_const,1
470,$4000_vol,12
470,$4000_duty,3
470,$4000_const,1
470,$4000_vol,12
470,$4004_duty,0
470,$4004_const,1
470,$4004_vol,6
470,$4004_duty,0
470,$4004_const,1
470,$4004_vol,4
470,$4008_linear,16
470,$400C_const,1
470,$400C_vol,2
470,$400C_const,1
470,$400C_vol,2
471,$4000_duty,3
471,$4000_const,1
471,$4000_vol,12
471,$4000_duty,3
471,$4000_const,1
471,$4000_vol,12
471,$4004_duty,0
471,$4004_const,1
471,$4004_vol,4
471,$4004_duty,0
471,$4004_const,1
471,$4004_vol,4
471,$4008_linear,16
471,$400C_const,1
471,$400C_vol,2
471,$400C_const,1
471,$400C_vol,2
472,$4000_duty,3
472,$4000_const,1
472,$4000_vol,12
472,$4000_duty,3
472,$4000_const,1
472,$4000_vol,12
472,$4004_duty,0
472,$4004_const,1
472,$4004_vol,4
472,$4004_duty,0
472,$4004_const,1
472,$4004_vol,9
472,$4005_sweep,0
472,$4006_period,453
472,$4008_linear,16
472,$400C_const,1
472,$400C_vol,2
472,$400C_const,1
472,$400C_vol,2
473,$4000_duty,3
473,$4000_const,1
473,$4000_vol,12
473,$4000_duty,3
473,$4000_const,1
473,$4000_vol,12
473,$4004_duty,0
473,$4004_const,1
473,$4004_vol,9
473,$4004_duty,0
473,$4004_const,1
473,$4004_vol,6
473,$4008_linear,16
473,$400C_const,1
473,$400C_vol,2
473,$400C_const,1
473,$400C_vol,2
474,$4000_duty,3
474,$4000_const,1
474,$4000_vol,12
474,$4000_duty,3
474,$4000_const,1
474,$4000_vol,12
474,$4004_duty,0
474,$4004_const,1
474,$4004_vol,6
474,$4004_duty,0
474,$4004_const,1
474,$4004_vol,9
474,$4008_linear,16
474,$400C_const,1
474,$400C_vol,2
474,$400C_const,1
474,$400C_vol,2
475,$4000_duty,3
475,$4000_const,1
475,$4000_vol,12
475,$4000_duty,3
475,$4000_const,1
475,$4000_vol,12
475,$4004_duty,0
475,$4004_const,1
475,$4004_vol,9
475,$4004_duty,0
475,$4004_const,1
475,$4004_vol,6
475,$4008_linear,16
475,$400C_const,1
475,$400C_vol,2
475,$400C_const,1
475,$400C_vol,2
476,$4000_duty,3
476,$4000_const,1
476,$4000_vol,12
476,$4000_duty,3
476,$4000_const,1
476,$4000_vol,12
476,$4004_duty,0
476,$4004_const,1
476,$4004_vol,6
476,$4004_duty,0
476,$4004_const,1
476,$4004_vol,4
476,$4008_linear,16
476,$400C_const,1
476,$400C_vol,2
476,$400C_const,1
476,$400C_vol,2
477,$4000_duty,3
477,$4000_const,1
477,$4000_vol,12
477,$4000_duty,3
477,$4000_const,1
477,$4000_vol,12
477,$4004_duty,0
477,$4004_const,1
477,$4004_vol,4
477,$4004_duty,0
477,$4004_const,1
477,$4004_vol,4
477,$4008_linear,16
477,$400C_const,1
477,$400C_vol,2
477,$400C_const,1
477,$400C_vol,2
478,$4000_duty,3
478,$4000_const,1
478,$4000_vol,12
478,$4000_duty,3
478,$4000_const,1
478,$4000_vol,12
478,$4004_duty,0
478,$4004_const,1
478,$4004_vol,4
478,$4004_duty,0
478,$4004_const,1
478,$4004_vol,10
478,$4005_sweep,0
478,$4006_period,381
478,$4008_linear,16
478,$400A_period,679
478,$400B_length,9
478,$400C_const,1
478,$400C_vol,2
478,$400C_const,1
478,$400C_vol,15
478,$400E_period,1
478,$400E_mode,0
479,$4000_duty,3
479,$4000_const,1
479,$4000_vol,12
479,$4000_duty,3
479,$4000_const,1
479,$4000_vol,12
479,$4004_duty,0
479,$4004_const,1
479,$4004_vol,10
479,$4004_duty,0
479,$4004_const,1
479,$4004_vol,7
479,$4008_linear,16
479,$400C_const,1
479,$400C_vol,15
479,$400C_const,1
479,$400C_vol,7
480,$4000_duty,3
480,$4000_const,1
480,$4000_vol,12
480,$4000_duty,3
480,$4000_const,1
480,$4000_vol,12
480,$4004_duty,0
480,$4004_const,1
480,$4004_vol,7
480,$4004_duty,0
480,$4004_const,1
480,$4004_vol,10
480,$4008_linear,16
480,$400C_const,1
480,$400C_vol,7
480,$400C_const,1
480,$400C_vol,2
481,$4000_duty,3
481,$4000_const,1
481,$4000_vol,12
481,$4000_duty,3
481,$4000_const,1
481,$4000_vol,12
481,$4004_duty,0
481,$4004_const,1
481,$4004_vol,10
481,$4004_duty,0
481,$4004_const,1
481,$4004_vol,7
481,$4008_linear,16
481,$400C_const,1
481,$400C_vol,2
481,$400C_const,1
481,$400C_vol,2
482,$4000_duty,3
482,$4000_const,1
482,$4000_vol,12
482,$4000_duty,3
482,$4000_const,1
482,$4000_vol,12
482,$4004_duty,0
482,$4004_const,1
482,$4004_vol,7
482,$4004_duty,0
482,$4004_const,1
482,$4004_vol,5
482,$4008_linear,16
482,$400C_const,1
482,$400C_vol,2
482,$400C_const,1
482,$400C_vol,2
483,$4000_duty,3
483,$4000_const,1
483,$4000_vol,12
483,$4000_duty,3
483,$4000_const,1
483,$4000_vol,12
483,$4004_duty,0
483,$4004_const,1
483,$4004_vol,5
483,$4004_duty,0
483,$4004_const,1
483,$4004_vol,4
483,$4008_linear,16
483,$400C_const,1
483,$400C_vol,2
483,$400C_const,1
483,$400C_vol,2
484,$4000_duty,3
484,$4000_const,1
484,$4000_vol,12
484,$4000_duty,3
484,$4000_const,1
484,$4000_vol,12
484,$4004_duty,0
484,$4004_const,1
484,$4004_vol,4
484,$4004_duty,0
484,$4004_const,1
484,$4004_vol,10
484,$4005_sweep,0
484,$4006_period,339
484,$4008_linear,16
484,$400A_period,679
484,$400B_length,9
484,$400C_const,1
484,$400C_vol,2
484,$400C_const,1
484,$400C_vol,15
484,$400E_period,3
484,$400E_mode,0
485,$4000_duty,3
485,$4000_const,1
485,$4000_vol,12
485,$4000_duty,3
485,$4000_const,1
485,$4000_vol,12
485,$4004_duty,0
485,$4004_const,1
485,$4004_vol,10
485,$4004_duty,0
485,$4004_const,1
485,$4004_vol,7
485,$4008_linear,16
485,$400C_const,1
485,$400C_vol,15
485,$400C_const,1
485,$400C_vol,7
486,$4000_duty,3
486,$4000_const,1
486,$4000_vol,12
486,$4000_duty,3
486,$4000_const,1
486,$4000_vol,12
486,$4004_duty,0
486,$4004_const,1
486,$4004_vol,7
486,$4004_duty,0
486,$4004_const,1
486,$4004_vol,10
486,$4008_linear,16
486,$400C_const,1
486,$400C_vol,7
486,$400C_const,1
486,$400C_vol,2
487,$4000_duty,3
487,$4000_const,1
487,$4000_vol,12
487,$4000_duty,3
487,$4000_const,1
487,$4000_vol,12
487,$4004_duty,0
487,$4004_const,1
487,$4004_vol,10
487,$4004_duty,0
487,$4004_const,1
487,$4004_vol,7
487,$4008_linear,16
487,$400C_const,1
487,$400C_vol,2
487,$400C_const,1
487,$400C_vol,2
488,$4000_duty,3
488,$4000_const,1
488,$4000_vol,12
488,$4000_duty,3
488,$4000_const,1
488,$4000_vol,12
488,$4004_duty,0
488,$4004_const,1
488,$4004_vol,7
488,$4004_duty,0
488,$4004_const,1
488,$4004_vol,5
488,$4008_linear,16
488,$400C_const,1
488,$400C_vol,2
488,$400C_const,1
488,$400C_vol,2
489,$4000_duty,3
489,$4000_const,1
489,$4000_vol,12
489,$4000_duty,3
489,$4000_const,1
489,$4000_vol,12
489,$4004_duty,0
489,$4004_const,1
489,$4004_vol,5
489,$4004_duty,0
489,$4004_const,1
489,$4004_vol,4
489,$4008_linear,16
489,$400C_const,1
489,$400C_vol,2
489,$400C_const,1
489,$400C_vol,2
490,$4000_duty,3
490,$4000_const,1
490,$4000_vol,12
490,$4000_duty,3
490,$4000_const,1
490,$4000_vol,12
490,$4004_duty,0
490,$4004_const,1
490,$4004_vol,4
490,$4004_duty,0
490,$4004_const,1
490,$4004_vol,10
490,$4005_sweep,0
490,$4006_period,509
490,$4008_linear,16
490,$400A_period,679
490,$400B_length,9
490,$400C_const,1
490,$400C_vol,2
490,$400C_const,1
490,$400C_vol,15
490,$400E_period,9
490,$400E_mode,0
491,$4000_duty,3
491,$4000_const,1
491,$4000_vol,12
491,$4000_duty,3
491,$4000_const,1
491,$4000_vol,12
491,$4004_duty,0
491,$4004_const,1
491,$4004_vol,10
491,$4004_duty,0
491,$4004_const,1
491,$4004_vol,7
491,$4008_linear,16
491,$400C_const,1
491,$400C_vol,15
491,$400C_const,1
491,$400C_vol,7
492,$4000_duty,3
492,$4000_const,1
492,$4000_vol,12
492,$4000_duty,3
492,$4000_const,1
492,$4000_vol,12
492,$4004_duty,0
492,$4004_const,1
492,$4004_vol,7
492,$4004_duty,0
492,$4004_const,1
492,$4004_vol,10
492,$4008_linear,16
492,$400C_const,1
492,$400C_vol,7
492,$400C_const,1
492,$400C_vol,2
493,$4000_duty,3
493,$4000_const,1
493,$4000_vol,12
493,$4000_duty,3
493,$4000_const,1
493,$4000_vol,12
493,$4004_duty,0
493,$4004_const,1
493,$4004_vol,10
493,$4004_duty,0
493,$4004_const,1
493,$4004_vol,7
493,$4008_linear,16
493,$400C_const,1
493,$400C_vol,2
493,$400C_const,1
493,$400C_vol,2
494,$4000_duty,3
494,$4000_const,1
494,$4000_vol,12
494,$4000_duty,3
494,$4000_const,1
494,$4000_vol,12
494,$4004_duty,0
494,$4004_const,1
494,$4004_vol,7
494,$4004_duty,0
494,$4004_const,1
494,$4004_vol,5
494,$4008_linear,16
494,$400C_const,1
494,$400C_vol,2
494,$400C_const,1
494,$400C_vol,2
495,$4000_duty,3
495,$4000_const,1
495,$4000_vol,12
495,$4000_duty,3
495,$4000_const,1
495,$4000_vol,12
495,$4004_duty,0
495,$4004_const,1
495,$4004_vol,5
495,$4004_duty,0
495,$4004_const,1
495,$4004_vol,4
495,$4008_linear,16
495,$400C_const,1
495,$400C_vol,2
495,$400C_const,1
495,$400C_vol,2
496,$4000_duty,3
496,$4000_const,1
496,$4000_vol,12
496,$4000_duty,3
496,$4000_const,1
496,$4000_vol,12
496,$4004_duty,0
496,$4004_const,1
496,$4004_vol,4
496,$4004_duty,0
496,$4004_const,1
496,$4004_vol,10
496,$4005_sweep,0
496,$4006_period,453
496,$4008_linear,16
496,$400C_const,1
496,$400C_vol,2
496,$400C_const,1
496,$400C_vol,2
497,$4000_duty,3
497,$4000_const,1
497,$4000_vol,12
497,$4000_duty,3
497,$4000_const,1
497,$4000_vol,12
497,$4004_duty,0
497,$4004_const,1
497,$4004_vol,10
497,$4004_duty,0
497,$4004_const,1
497,$4004_vol,7
497,$4008_linear,16
497,$400C_const,1
497,$400C_vol,2
497,$400C_const,1
497,$400C_vol,2
498,$4000_duty,3
498,$4000_const,1
498,$4000_vol,12
498,$4000_duty,3
498,$4000_const,1
498,$4000_vol,12
498,$4004_duty,0
498,$4004_const,1
498,$4004_vol,7
498,$4004_duty,0
498,$4004_const,1
498,$4004_vol,10
498,$4008_linear,16
498,$400C_const,1
498,$400C_vol,2
498,$400C_const,1
498,$400C_vol,2
499,$4000_duty,3
499,$4000_const,1
499,$4000_vol,12
499,$4000_duty,3
499,$4000_const,1
499,$4000_vol,12
499,$4004_duty,0
499,$4004_const,1
499,$4004_vol,10
499,$4004_duty,0
499,$4004_const,1
499,$4004_vol,7
499,$4008_linear,16
499,$400C_const,1
499,$400C_vol,2
499,$400C_const,1
499,$400C_vol,2
500,$4000_duty,3
500,$4000_const,1
500,$4000_vol,12
500,$4000_duty,3
500,$4000_const,1
500,$4000_vol,12
500,$4004_duty,0
500,$4004_const,1
500,$4004_vol,7
500,$4004_duty,0
500,$4004_const,1
500,$4004_vol,5
500,$4008_linear,16
500,$400C_const,1
500,$400C_vol,2
500,$400C_const,1
500,$400C_vol,2
501,$4000_duty,3
501,$4000_const,1
501,$4000_vol,12
501,$4000_duty,3
501,$4000_const,1
501,$4000_vol,12
501,$4004_duty,0
501,$4004_const,1
501,$4004_vol,5
501,$4004_duty,0
501,$4004_const,1
501,$4004_vol,4
501,$4008_linear,16
501,$400C_const,1
501,$400C_vol,2
501,$400C_const,1
501,$400C_vol,2
502,$4000_duty,3
502,$4000_const,1
502,$4000_vol,12
502,$4000_duty,3
502,$4000_const,1
502,$4000_vol,12
502,$4004_duty,0
502,$4004_const,1
502,$4004_vol,4
502,$4004_duty,0
502,$4004_const,1
502,$4004_vol,10
502,$4005_sweep,0
502,$4006_period,381
502,$4008_linear,16
502,$400A_period,571
502,$400B_length,9
502,$400C_const,1
502,$400C_vol,2
502,$400C_const,1
502,$400C_vol,15
502,$400E_period,1
502,$400E_mode,0
503,$4000_duty,3
503,$4000_const,1
503,$4000_vol,12
503,$4000_duty,3
503,$4000_const,1
503,$4000_vol,12
503,$4004_duty,0
503,$4004_const,1
503,$4004_vol,10
503,$4004_duty,0
503,$4004_const,1
503,$4004_vol,7
503,$4008_linear,16
503,$400C_const,1
503,$400C_vol,15
503,$400C_const,1
503,$400C_vol,7
504,$4000_duty,3
504,$4000_const,1
504,$4000_vol,12
504,$4000_duty,3
504,$4000_const,1
504,$4000_vol,12
504,$4004_duty,0
504,$4004_const,1
504,$4004_vol,7
504,$4004_duty,0
504,$4004_const,1
504,$4004_vol,10
504,$4008_linear,16
504,$400C_const,1
504,$400C_vol,7
504,$400C_const,1
504,$400C_vol,2
505,$4000_duty,3
505,$4000_const,1
505,$4000_vol,12
505,$4000_duty,3
505,$4000_const,1
505,$4000_vol,12
505,$4004_duty,0
505,$4004_const,1
505,$4004_vol,10
505,$4004_duty,0
505,$4004_const,1
505,$4004_vol,7
505,$4008_linear,16
505,$400C_const,1
505,$400C_vol,2
505,$400C_const,1
505,$400C_vol,2
506,$4000_duty,3
506,$4000_const,1
506,$4000_vol,12
506,$4000_duty,3
506,$4000_const,1
506,$4000_vol,12
506,$4004_duty,0
506,$4004_const,1
506,$4004_vol,7
506,$4004_duty,0
506,$4004_const,1
506,$4004_vol,5
506,$4008_linear,16
506,$400C_const,1
506,$400C_vol,2
506,$400C_const,1
506,$400C_vol,2
507,$4000_duty,3
507,$4000_const,1
507,$4000_vol,12
507,$4000_duty,3
507,$4000_const,1
507,$4000_vol,12
507,$4004_duty,0
507,$4004_const,1
507,$4004_vol,5
507,$4004_duty,0
507,$4004_const,1
507,$4004_vol,4
507,$4008_linear,16
507,$400C_const,1
507,$400C_vol,2
507,$400C_const,1
507,$400C_vol,2
508,$4000_duty,3
508,$4000_const,1
508,$4000_vol,12
508,$4000_duty,3
508,$4000_const,1
508,$4000_vol,12
508,$4004_duty,0
508,$4004_const,1
508,$4004_vol,4
508,$4004_duty,0
508,$4004_const,1
508,$4004_vol,11
508,$4005_sweep,0
508,$4006_period,339
508,$4008_linear,16
508,$400C_const,1
508,$400C_vol,2
508,$400C_const,1
508,$400C_vol,15
508,$400E_period,3
508,$400E_mode,0
509,$4000_duty,3
509,$4000_const,1
509,$4000_vol,12
509,$4000_duty,3
509,$4000_const,1
509,$4000_vol,12
509,$4004_duty,0
509,$4004_const,1
509,$4004_vol,11
509,$4004_duty,0
509,$4004_const,1
509,$4004_vol,7
509,$4008_linear,16
509,$400C_const,1
509,$400C_vol,15
509,$400C_const,1
509,$400C_vol,7
510,$4000_duty,3
510,$4000_const,1
510,$4000_vol,12
510,$4000_duty,3
510,$4000_const,1
510,$4000_vol,12
510,$4004_duty,0
510,$4004_const,1
510,$4004_vol,7
510,$4004_duty,0
510,$4004_const,1
510,$4004_vol,11
510,$4008_linear,16
510,$400C_const,1
510,$400C_vol,7
510,$400C_const,1
510,$400C_vol,2
511,$4000_duty,3
511,$4000_const,1
511,$4000_vol,12
511,$4000_duty,3
511,$4000_const,1
511,$4000_vol,12
511,$4004_duty,0
511,$4004_const,1
511,$4004_vol,11
511,$4004_duty,0
511,$4004_const,1
511,$4004_vol,7
511,$4008_linear,16
511,$400C_const,1
511,$400C_vol,2
511,$400C_const,1
511,$400C_vol,2
512,$4000_duty,3
512,$4000_const,1
512,$4000_vol,12
512,$4000_duty,3
512,$4000_const,1
512,$4000_vol,12
512,$4004_duty,0
512,$4004_const,1
512,$4004_vol,7
512,$4004_duty,0
512,$4004_const,1
512,$4004_vol,5
512,$4008_linear,16
512,$400C_const,1
512,$400C_vol,2
512,$400C_const,1
512,$400C_vol,2
513,$4000_duty,3
513,$4000_const,1
513,$4000_vol,12
513,$4000_duty,3
513,$4000_const,1
513,$4000_vol,12
513,$4004_duty,0
513,$4004_const,1
513,$4004_vol,5
513,$4004_duty,0
513,$4004_const,1
513,$4004_vol,4
513,$4008_linear,16
513,$400C_const,1
513,$400C_vol,2
513,$400C_const,1
513,$400C_vol,2
514,$4000_duty,3
514,$4000_const,1
514,$4000_vol,12
514,$4000_duty,3
514,$4000_const,1
514,$4000_vol,12
514,$4004_duty,0
514,$4004_const,1
514,$4004_vol,4
514,$4004_duty,0
514,$4004_const,1
514,$4004_vol,11
514,$4005_sweep,0
514,$4006_period,509
514,$4008_linear,16
514,$400C_const,1
514,$400C_vol,2
514,$400C_const,1
514,$400C_vol,15
514,$400E_period,9
514,$400E_mode,0
515,$4000_duty,3
515,$4000_const,1
515,$4000_vol,12
515,$4000_duty,3
515,$4000_const,1
515,$4000_vol,12
515,$4004_duty,0
515,$4004_const,1
515,$4004_vol,11
515,$4004_duty,0
515,$4004_const,1
515,$4004_vol,7
515,$4008_linear,16
515,$400C_const,1
515,$400C_vol,15
515,$400C_const,1
515,$400C_vol,7
516,$4000_duty,3
516,$4000_const,1
516,$4000_vol,12
516,$4000_duty,3
516,$4000_const,1
516,$4000_vol,12
516,$4004_duty,0
516,$4004_const,1
516,$4004_vol,7
516,$4004_duty,0
516,$4004_const,1
516,$4004_vol,11
516,$4008_linear,16
516,$400C_const,1
516,$400C_vol,7
516,$400C_const,1
516,$400C_vol,2
517,$4000_duty,3
517,$4000_const,1
517,$4000_vol,12
517,$4000_duty,3
517,$4000_const,1
517,$4000_vol,12
517,$4004_duty,0
517,$4004_const,1
517,$4004_vol,11
517,$4004_duty,0
517,$4004_const,1
517,$4004_vol,7
517,$4008_linear,16
517,$400C_const,1
517,$400C_vol,2
517,$400C_const,1
517,$400C_vol,2
518,$4000_duty,3
518,$4000_const,1
518,$4000_vol,12
518,$4000_duty,3
518,$4000_const,1
518,$4000_vol,12
518,$4004_duty,0
518,$4004_const,1
518,$4004_vol,7
518,$4004_duty,0
518,$4004_const,1
518,$4004_vol,5
518,$4008_linear,16
518,$400C_const,1
518,$400C_vol,2
518,$400C_const,1
518,$400C_vol,2
519,$4000_duty,3
519,$4000_const,1
519,$4000_vol,12
519,$4000_duty,3
519,$4000_const,1
519,$4000_vol,12
519,$4004_duty,0
519,$4004_const,1
519,$4004_vol,5
519,$4004_duty,0
519,$4004_const,1
519,$4004_vol,4
519,$4008_linear,16
519,$400C_const,1
519,$400C_vol,2
519,$400C_const,1
519,$400C_vol,2
520,$4000_duty,3
520,$4000_const,1
520,$4000_vol,12
520,$4000_duty,3
520,$4000_const,1
520,$4000_vol,12
520,$4004_duty,0
520,$4004_const,1
520,$4004_vol,4
520,$4004_duty,0
520,$4004_const,1
520,$4004_vol,11
520,$4005_sweep,0
520,$4006_period,453
520,$4008_linear,16
520,$400C_const,1
520,$400C_vol,2
520,$400C_const,1
520,$400C_vol,2
521,$4000_duty,3
521,$4000_const,1
521,$4000_vol,12
521,$4000_duty,3
521,$4000_const,1
521,$4000_vol,12
521,$4004_duty,0
521,$4004_const,1
521,$4004_vol,11
521,$4004_duty,0
521,$4004_const,1
521,$4004_vol,7
521,$4008_linear,16
521,$400C_const,1
521,$400C_vol,2
521,$400C_const,1
521,$400C_vol,2
522,$4000_duty,3
522,$4000_const,1
522,$4000_vol,12
522,$4000_duty,3
522,$4000_const,1
522,$4000_vol,12
522,$4004_duty,0
522,$4004_const,1
522,$4004_vol,7
522,$4004_duty,0
522,$4004_const,1
522,$4004_vol,11
522,$4008_linear,16
522,$400C_const,1
522,$400C_vol,2
522,$400C_const,1
522,$400C_vol,2
523,$4000_duty,3
523,$4000_const,1
523,$4000_vol,12
523,$4000_duty,3
523,$4000_const,1
523,$4000_vol,12
523,$4004_duty,0
523,$4004_const,1
523,$4004_vol,11
523,$4004_duty,0
523,$4004_const,1
523,$4004_vol,7
523,$4008_linear,16
523,$400C_const,1
523,$400C_vol,2
523,$400C_const,1
523,$400C_vol,2
524,$4000_duty,3
524,$4000_const,1
524,$4000_vol,12
524,$4000_duty,3
524,$4000_const,1
524,$4000_vol,12
524,$4004_duty,0
524,$4004_const,1
524,$4004_vol,7
524,$4004_duty,0
524,$4004_const,1
524,$4004_vol,5
524,$4008_linear,16
524,$400C_const,1
524,$400C_vol,2
524,$400C_const,1
524,$400C_vol,2
525,$4000_duty,3
525,$4000_const,1
525,$4000_vol,12
525,$4000_duty,3
525,$4000_const,1
525,$4000_vol,12
525,$4004_duty,0
525,$4004_const,1
525,$4004_vol,5
525,$4004_duty,0
525,$4004_const,1
525,$4004_vol,4
525,$4008_linear,16
525,$400C_const,1
525,$400C_vol,2
525,$400C_const,1
525,$400C_vol,2
526,$4000_duty,3
526,$4000_const,1
526,$4000_vol,12
526,$4000_duty,3
526,$4000_const,1
526,$4000_vol,12
526,$4004_duty,0
526,$4004_const,1
526,$4004_vol,4
526,$4004_duty,0
526,$4004_const,1
526,$4004_vol,11
526,$4005_sweep,0
526,$4006_period,381
526,$4008_linear,16
526,$400A_period,509
526,$400B_length,8
526,$400C_const,1
526,$400C_vol,2
526,$400C_const,1
526,$400C_vol,15
526,$400E_period,1
526,$400E_mode,0
527,$4000_duty,3
527,$4000_const,1
527,$4000_vol,12
527,$4000_duty,3
527,$4000_const,1
527,$4000_vol,12
527,$4004_duty,0
527,$4004_const,1
527,$4004_vol,11
527,$4004_duty,0
527,$4004_const,1
527,$4004_vol,7
527,$4008_linear,16
527,$400C_const,1
527,$400C_vol,15
527,$400C_const,1
527,$400C_vol,7
528,$4000_duty,3
528,$4000_const,1
528,$4000_vol,12
528,$4000_duty,3
528,$4000_const,1
528,$4000_vol,12
528,$4004_duty,0
528,$4004_const,1
528,$4004_vol,7
528,$4004_duty,0
528,$4004_const,1
528,$4004_vol,11
528,$4008_linear,16
528,$400C_const,1
528,$400C_vol,7
528,$400C_const,1
528,$400C_vol,2
529,$4000_duty,3
529,$4000_const,1
529,$4000_vol,12
529,$4000_duty,3
529,$4000_const,1
529,$4000_vol,12
529,$4004_duty,0
529,$4004_const,1
529,$4004_vol,11
529,$4004_duty,0
529,$4004_const,1
529,$4004_vol,7
529,$4008_linear,16
529,$400C_const,1
529,$400C_vol,2
529,$400C_const,1
529,$400C_vol,2
530,$4000_duty,3
530,$4000_const,1
530,$4000_vol,12
530,$4000_duty,3
530,$4000_const,1
530,$4000_vol,12
530,$4004_duty,0
530,$4004_const,1
530,$4004_vol,7
530,$4004_duty,0
530,$4004_const,1
530,$4004_vol,5
530,$4008_linear,16
530,$400C_const,1
530,$400C_vol,2
530,$400C_const,1
530,$400C_vol,2
531,$4000_duty,3
531,$4000_const,1
531,$4000_vol,12
531,$4000_duty,3
531,$4000_const,1
531,$4000_vol,12
531,$4004_duty,0
531,$4004_const,1
531,$4004_vol,5
531,$4004_duty,0
531,$4004_const,1
531,$4004_vol,4
531,$4008_linear,16
531,$400C_const,1
531,$400C_vol,2
531,$400C_const,1
531,$400C_vol,2
532,$4000_duty,3
532,$4000_const,1
532,$4000_vol,12
532,$4000_duty,3
532,$4000_const,1
532,$4000_vol,12
532,$4004_duty,0
532,$4004_const,1
532,$4004_vol,4
532,$4004_duty,0
532,$4004_const,1
532,$4004_vol,11
532,$4005_sweep,0
532,$4006_period,339
532,$4008_linear,16
532,$400C_const,1
532,$400C_vol,2
532,$400C_const,1
532,$400C_vol,15
532,$400E_period,3
532,$400E_mode,0
533,$4000_duty,3
533,$4000_const,1
533,$4000_vol,12
533,$4000_duty,3
533,$4000_const,1
533,$4000_vol,12
533,$4004_duty,0
533,$4004_const,1
533,$4004_vol,11
533,$4004_duty,0
533,$4004_const,1
533,$4004_vol,7
533,$4008_linear,16
533,$400C_const,1
533,$400C_vol,15
533,$400C_const,1
533,$400C_vol,7
534,$4000_duty,3
534,$4000_const,1
534,$4000_vol,12
534,$4000_duty,3
534,$4000_const,1
534,$4000_vol,12
534,$4004_duty,0
534,$4004_const,1
534,$4004_vol,7
534,$4004_duty,0
534,$4004_const,1
534,$4004_vol,11
534,$4008_linear,16
534,$400C_const,1
534,$400C_vol,7
534,$400C_const,1
534,$400C_vol,2
535,$4000_duty,3
535,$4000_const,1
535,$4000_vol,12
535,$4000_duty,3
535,$4000_const,1
535,$4000_vol,12
535,$4004_duty,0
535,$4004_const,1
535,$4004_vol,11
535,$4004_duty,0
535,$4004_const,1
535,$4004_vol,7
535,$4008_linear,16
535,$400C_const,1
535,$400C_vol,2
535,$400C_const,1
535,$400C_vol,2
536,$4000_duty,3
536,$4000_const,1
536,$4000_vol,12
536,$4000_duty,3
536,$4000_const,1
536,$4000_vol,12
536,$4004_duty,0
536,$4004_const,1
536,$4004_vol,7
536,$4004_duty,0
536,$4004_const,1
536,$4004_vol,5
536,$4008_linear,16
536,$400C_const,1
536,$400C_vol,2
536,$400C_const,1
536,$400C_vol,2
537,$4000_duty,3
537,$4000_const,1
537,$4000_vol,12
537,$4000_duty,3
537,$4000_const,1
537,$4000_vol,12
537,$4004_duty,0
537,$4004_const,1
537,$4004_vol,5
537,$4004_duty,0
537,$4004_const,1
537,$4004_vol,4
537,$4008_linear,16
537,$400C_const,1
537,$400C_vol,2
537,$400C_const,1
537,$400C_vol,2
538,$4000_duty,3
538,$4000_const,1
538,$4000_vol,12
538,$4000_duty,3
538,$4000_const,1
538,$4000_vol,12
538,$4004_duty,0
538,$4004_const,1
538,$4004_vol,4
538,$4004_duty,0
538,$4004_const,1
538,$4004_vol,12
538,$4005_sweep,0
538,$4006_period,509
538,$4008_linear,16
538,$400C_const,1
538,$400C_vol,2
538,$400C_const,1
538,$400C_vol,15
538,$400E_period,9
538,$400E_mode,0
539,$4000_duty,3
539,$4000_const,1
539,$4000_vol,12
539,$4000_duty,3
539,$4000_const,1
539,$4000_vol,12
539,$4004_duty,0
539,$4004_const,1
539,$4004_vol,12
539,$4004_duty,0
539,$4004_const,1
539,$4004_vol,8
539,$4008_linear,16
539,$400C_const,1
539,$400C_vol,15
539,$400C_const,1
539,$400C_vol,7
540,$4000_duty,3
540,$4000_const,1
540,$4000_vol,12
540,$4000_duty,3
540,$4000_const,1
540,$4000_vol,12
540,$4004_duty,0
540,$4004_const,1
540,$4004_vol,8
540,$4004_duty,0
540,$4004_const,1
540,$4004_vol,12
540,$4008_linear,16
540,$400C_const,1
540,$400C_vol,7
540,$400C_const,1
540,$400C_vol,2
541,$4000_duty,3
541,$4000_const,1
541,$4000_vol,12
541,$4000_duty,3
541,$4000_const,1
541,$4000_vol,12
541,$4004_duty,0
541,$4004_const,1
541,$4004_vol,12
541,$4004_duty,0
541,$4004_const,1
541,$4004_vol,8
541,$4008_linear,16
541,$400C_const,1
541,$400C_vol,2
541,$400C_const,1
541,$400C_vol,2
542,$4000_duty,3
542,$4000_const,1
542,$4000_vol,12
542,$4000_duty,3
542,$4000_const,1
542,$4000_vol,12
542,$4004_duty,0
542,$4004_const,1
542,$4004_vol,8
542,$4004_duty,0
542,$4004_const,1
542,$4004_vol,6
542,$4008_linear,16
542,$400C_const,1
542,$400C_vol,2
542,$400C_const,1
542,$400C_vol,2
543,$4000_duty,3
543,$4000_const,1
543,$4000_vol,12
543,$4000_duty,3
543,$4000_const,1
543,$4000_vol,12
543,$4004_duty,0
543,$4004_const,1
543,$4004_vol,6
543,$4004_duty,0
543,$4004_const,1
543,$4004_vol,5
543,$4008_linear,16
543,$400C_const,1
543,$400C_vol,2
543,$400C_const,1
543,$400C_vol,2
544,$4000_duty,3
544,$4000_const,1
544,$4000_vol,12
544,$4000_duty,3
544,$4000_const,1
544,$4000_vol,12
544,$4004_duty,0
544,$4004_const,1
544,$4004_vol,5
544,$4004_duty,0
544,$4004_const,1
544,$4004_vol,12
544,$4005_sweep,0
544,$4006_period,453
544,$4008_linear,16
544,$400C_const,1
544,$400C_vol,2
544,$400C_const,1
544,$400C_vol,2
545,$4000_duty,3
545,$4000_const,1
545,$4000_vol,12
545,$4000_duty,3
545,$4000_const,1
545,$4000_vol,12
545,$4004_duty,0
545,$4004_const,1
545,$4004_vol,12
545,$4004_duty,0
545,$4004_const,1
545,$4004_vol,8
545,$4008_linear,16
545,$400C_const,1
545,$400C_vol,2
545,$400C_const,1
545,$400C_vol,2
546,$4000_duty,3
546,$4000_const,1
546,$4000_vol,12
546,$4000_duty,3
546,$4000_const,1
546,$4000_vol,12
546,$4004_duty,0
546,$4004_const,1
546,$4004_vol,8
546,$4004_duty,0
546,$4004_const,1
546,$4004_vol,12
546,$4008_linear,16
546,$400C_const,1
546,$400C_vol,2
546,$400C_const,1
546,$400C_vol,2
547,$4000_duty,3
547,$4000_const,1
547,$4000_vol,12
547,$4000_duty,3
547,$4000_const,1
547,$4000_vol,12
547,$4004_duty,0
547,$4004_const,1
547,$4004_vol,12
547,$4004_duty,0
547,$4004_const,1
547,$4004_vol,8
547,$4008_linear,16
547,$400C_const,1
547,$400C_vol,2
547,$400C_const,1
547,$400C_vol,2
548,$4000_duty,3
548,$4000_const,1
548,$4000_vol,12
548,$4000_duty,3
548,$4000_const,1
548,$4000_vol,12
548,$4004_duty,0
548,$4004_const,1
548,$4004_vol,8
548,$4004_duty,0
548,$4004_const,1
548,$4004_vol,6
548,$4008_linear,16
548,$400C_const,1
548,$400C_vol,2
548,$400C_const,1
548,$400C_vol,2
549,$4000_duty,3
549,$4000_const,1
549,$4000_vol,12
549,$4000_duty,3
549,$4000_const,1
549,$4000_vol,12
549,$4004_duty,0
549,$4004_const,1
549,$4004_vol,6
549,$4004_duty,0
549,$4004_const,1
549,$4004_vol,5
549,$4008_linear,16
549,$400C_const,1
549,$400C_vol,2
549,$400C_const,1
549,$400C_vol,2
550,$4000_duty,3
550,$4000_const,1
550,$4000_vol,12
550,$4000_duty,3
550,$4000_const,1
550,$4000_vol,12
550,$4004_duty,0
550,$4004_const,1
550,$4004_vol,5
550,$4004_duty,0
550,$4004_const,1
550,$4004_vol,12
550,$4005_sweep,0
550,$4006_period,381
550,$4008_linear,16
550,$400A_period,571
550,$400B_length,9
550,$400C_const,1
550,$400C_vol,2
550,$400C_const,1
550,$400C_vol,15
550,$400E_period,1
550,$400E_mode,0
551,$4000_duty,3
551,$4000_const,1
551,$4000_vol,12
551,$4000_duty,3
551,$4000_const,1
551,$4000_vol,12
551,$4004_duty,0
551,$4004_const,1
551,$4004_vol,12
551,$4004_duty,0
551,$4004_const,1
551,$4004_vol,8
551,$4008_linear,16
551,$400C_const,1
551,$400C_vol,15
551,$400C_const,1
551,$400C_vol,7
552,$4000_duty,3
552,$4000_const,1
552,$4000_vol,12
552,$4000_duty,3
552,$4000_const,1
552,$4000_vol,12
552,$4004_duty,0
552,$4004_const,1
552,$4004_vol,8
552,$4004_duty,0
552,$4004_const,1
552,$4004_vol,12
552,$4008_linear,16
552,$400C_const,1
552,$400C_vol,7
552,$400C_const,1
552,$400C_vol,2
553,$4000_duty,3
553,$4000_const,1
553,$4000_vol,12
553,$4000_duty,3
553,$4000_const,1
553,$4000_vol,12
553,$4004_duty,0
553,$4004_const,1
553,$4004_vol,12
553,$4004_duty,0
553,$4004_const,1
553,$4004_vol,8
553,$4008_linear,16
553,$400C_const,1
553,$400C_vol,2
553,$400C_const,1
553,$400C_vol,2
554,$4000_duty,3
554,$4000_const,1
554,$4000_vol,12
554,$4000_duty,3
554,$4000_const,1
554,$4000_vol,12
554,$4004_duty,0
554,$4004_const,1
554,$4004_vol,8
554,$4004_duty,0
554,$4004_const,1
554,$4004_vol,6
554,$4008_linear,16
554,$400C_const,1
554,$400C_vol,2
554,$400C_const,1
554,$400C_vol,2
555,$4000_duty,3
555,$4000_const,1
555,$4000_vol,12
555,$4000_duty,3
555,$4000_const,1
555,$4000_vol,12
555,$4004_duty,0
555,$4004_const,1
555,$4004_vol,6
555,$4004_duty,0
555,$4004_const,1
555,$4004_vol,5
555,$4008_linear,16
555,$400C_const,1
555,$400C_vol,2
555,$400C_const,1
555,$400C_vol,2
556,$4000_duty,3
556,$4000_const,1
556,$4000_vol,12
556,$4000_duty,3
556,$4000_const,1
556,$4000_vol,12
556,$4004_duty,0
556,$4004_const,1
556,$4004_vol,5
556,$4004_duty,0
556,$4004_const,1
556,$4004_vol,12
556,$4005_sweep,0
556,$4006_period,339
556,$4008_linear,16
556,$400C_const,1
556,$400C_vol,2
556,$400C_const,1
556,$400C_vol,15
556,$400E_period,3
556,$400E_mode,0
557,$4000_duty,3
557,$4000_const,1
557,$4000_vol,12
557,$4000_duty,3
557,$4000_const,1
557,$4000_vol,12
557,$4004_duty,0
557,$4004_const,1
557,$4004_vol,12
557,$4004_duty,0
557,$4004_const,1
557,$4004_vol,8
557,$4008_linear,16
557,$400C_const,1
557,$400C_vol,15
557,$400C_const,1
557,$400C_vol,7
558,$4000_duty,3
558,$4000_const,1
558,$4000_vol,12
558,$4000_duty,3
558,$4000_const,1
558,$4000_vol,12
558,$4004_duty,0
558,$4004_const,1
558,$4004_vol,8
558,$4004_duty,0
558,$4004_const,1
558,$4004_vol,12
558,$4008_linear,16
558,$400C_const,1
558,$400C_vol,7
558,$400C_const,1
558,$400C_vol,2
559,$4000_duty,3
559,$4000_const,1
559,$4000_vol,12
559,$4000_duty,3
559,$4000_const,1
559,$4000_vol,12
559,$4004_duty,0
559,$4004_const,1
559,$4004_vol,12
559,$4004_duty,0
559,$4004_const,1
559,$4004_vol,8
559,$4008_linear,16
559,$400C_const,1
559,$400C_vol,2
559,$400C_const,1
559,$400C_vol,2
560,$4000_duty,3
560,$4000_const,1
560,$4000_vol,12
560,$4000_duty,3
560,$4000_const,1
560,$4000_vol,12
560,$4004_duty,0
560,$4004_const,1
560,$4004_vol,8
560,$4004_duty,0
560,$4004_const,1
560,$4004_vol,6
560,$4008_linear,16
560,$400C_const,1
560,$400C_vol,2
560,$400C_const,1
560,$400C_vol,2
561,$4000_duty,3
561,$4000_const,1
561,$4000_vol,12
561,$4000_duty,3
561,$4000_const,1
561,$4000_vol,12
561,$4004_duty,0
561,$4004_const,1
561,$4004_vol,6
561,$4004_duty,0
561,$4004_const,1
561,$4004_vol,5
561,$4008_linear,16
561,$400C_const,1
561,$400C_vol,2
561,$400C_const,1
561,$400C_vol,2
562,$4000_duty,3
562,$4000_const,1
562,$4000_vol,12
562,$4000_duty,3
562,$4000_const,1
562,$4000_vol,0
562,$4001_sweep,153
562,$4002_period,453
562,$400B_length,8
562,$4004_duty,0
562,$4004_const,1
562,$4004_vol,5
562,$4004_duty,0
562,$4004_const,1
562,$4004_vol,0
562,$4005_sweep,0
562,$4006_period,763
562,$4008_linear,16
562,$400A_period,679
562,$400B_length,9
562,$400C_const,1
562,$400C_vol,2
562,$400C_const,1
562,$400C_vol,15
562,$400E_period,14
562,$400E_mode,0
563,$4000_duty,3
563,$4000_const,1
563,$4000_vol,0
563,$4000_duty,3
563,$4000_const,1
563,$4000_vol,1
563,$4004_duty,0
563,$4004_const,1
563,$4004_vol,0
563,$4004_duty,0
563,$4004_const,1
563,$4004_vol,2
563,$4008_linear,16
563,$400C_const,1
563,$400C_vol,15
563,$400C_const,1
563,$400C_vol,7
564,$4000_duty,3
564,$4000_const,1
564,$4000_vol,1
564,$4000_duty,3
564,$4000_const,1
564,$4000_vol,2
564,$4004_duty,0
564,$4004_const,1
564,$4004_vol,2
564,$4004_duty,0
564,$4004_const,1
564,$4004_vol,3
564,$4008_linear,16
564,$400C_const,1
564,$400C_vol,7
564,$400C_const,1
564,$400C_vol,2
565,$4000_duty,3
565,$4000_const,1
565,$4000_vol,2
565,$4000_duty,3
565,$4000_const,1
565,$4000_vol,2
565,$4004_duty,0
565,$4004_const,1
565,$4004_vol,3
565,$4004_duty,0
565,$4004_const,1
565,$4004_vol,5
565,$4008_linear,16
565,$400C_const,1
565,$400C_vol,2
565,$400C_const,1
565,$400C_vol,2
566,$4000_duty,3
566,$4000_const,1
566,$4000_vol,2
566,$4000_duty,3
566,$4000_const,1
566,$4000_vol,3
566,$4004_duty,0
566,$4004_const,1
566,$4004_vol,5
566,$4004_duty,0
566,$4004_const,1
566,$4004_vol,6
566,$4008_linear,16
566,$400C_const,1
566,$400C_vol,2
566,$400C_const,1
566,$400C_vol,2
567,$4000_duty,3
567,$4000_const,1
567,$4000_vol,3
567,$4000_duty,3
567,$4000_const,1
567,$4000_vol,4
567,$4004_duty,0
567,$4004_const,1
567,$4004_vol,6
567,$4004_duty,0
567,$4004_const,1
567,$4004_vol,8
567,$4008_linear,16
567,$400C_const,1
567,$400C_vol,2
567,$400C_const,1
567,$400C_vol,2
568,$4000_duty,3
568,$4000_const,1
568,$4000_vol,4
568,$4000_duty,3
568,$4000_const,1
568,$4000_vol,5
568,$4004_duty,0
568,$4004_const,1
568,$4004_vol,8
568,$4004_duty,0
568,$4004_const,1
568,$4004_vol,10
568,$4008_linear,16
568,$400C_const,1
568,$400C_vol,2
568,$400C_const,1
568,$400C_vol,2
569,$4000_duty,3
569,$4000_const,1
569,$4000_vol,5
569,$4000_duty,3
569,$4000_const,1
569,$4000_vol,6
569,$4004_duty,0
569,$4004_const,1
569,$4004_vol,10
569,$4004_duty,0
569,$4004_const,1
569,$4004_vol,12
569,$4008_linear,16
569,$400C_const,1
569,$400C_vol,2
569,$400C_const,1
569,$400C_vol,2
570,$4000_duty,3
570,$4000_const,1
570,$4000_vol,6
570,$4000_duty,3
570,$4000_const,1
570,$4000_vol,6
570,$4004_duty,0
570,$4004_const,1
570,$4004_vol,12
570,$4004_duty,0
570,$4004_const,1
570,$4004_vol,13
570,$4008_linear,16
570,$400C_const,1
570,$400C_vol,2
570,$400C_const,1
570,$400C_vol,2
571,$4000_duty,3
571,$4000_const,1
571,$4000_vol,6
571,$4000_duty,3
571,$4000_const,1
571,$4000_vol,7
571,$4004_duty,0
571,$4004_const,1
571,$4004_vol,13
571,$4004_duty,0
571,$4004_const,1
571,$4004_vol,13
571,$4008_linear,16
571,$400C_const,1
571,$400C_vol,2
571,$400C_const,1
571,$400C_vol,2
572,$4000_duty,3
572,$4000_const,1
572,$4000_vol,7
572,$4000_duty,3
572,$4000_const,1
572,$4000_vol,8
572,$4004_duty,0
572,$4004_const,1
572,$4004_vol,13
572,$4004_duty,0
572,$4004_const,1
572,$4004_vol,13
572,$4008_linear,16
572,$400C_const,1
572,$400C_vol,2
572,$400C_const,1
572,$400C_vol,2
573,$4000_duty,3
573,$4000_const,1
573,$4000_vol,8
573,$4000_duty,3
573,$4000_const,1
573,$4000_vol,9
573,$4004_duty,0
573,$4004_const,1
573,$4004_vol,13
573,$4004_duty,0
573,$4004_const,1
573,$4004_vol,13
573,$4008_linear,16
573,$400C_const,1
573,$400C_vol,2
573,$400C_const,1
573,$400C_vol,2
574,$4000_duty,3
574,$4000_const,1
574,$4000_vol,9
574,$4000_duty,3
574,$4000_const,1
574,$4000_vol,10
574,$4004_duty,0
574,$4004_const,1
574,$4004_vol,13
574,$4004_duty,0
574,$4004_const,1
574,$4004_vol,13
574,$4008_linear,16
574,$400A_period,679
574,$400B_length,9
574,$400C_const,1
574,$400C_vol,2
574,$400C_const,1
574,$400C_vol,15
574,$400E_period,1
574,$400E_mode,0
575,$4000_duty,3
575,$4000_const,1
575,$4000_vol,10
575,$4000_duty,3
575,$4000_const,1
575,$4000_vol,10
575,$4004_duty,0
575,$4004_const,1
575,$4004_vol,13
575,$4004_duty,0
575,$4004_const,1
575,$4004_vol,13
575,$4008_linear,16
575,$400C_const,1
575,$400C_vol,15
575,$400C_const,1
575,$400C_vol,7
576,$4000_duty,3
576,$4000_const,1
576,$4000_vol,10
576,$4000_duty,3
576,$4000_const,1
576,$4000_vol,11
576,$4004_duty,0
576,$4004_const,1
576,$4004_vol,13
576,$4004_duty,0
576,$4004_const,1
576,$4004_vol,13
576,$4008_linear,16
576,$400C_const,1
576,$400C_vol,7
576,$400C_const,1
576,$400C_vol,2
577,$4000_duty,3
577,$4000_const,1
577,$4000_vol,11
577,$4000_duty,3
577,$4000_const,1
577,$4000_vol,12
577,$4004_duty,0
577,$4004_const,1
577,$4004_vol,13
577,$4004_duty,0
577,$4004_const,1
577,$4004_vol,13
577,$4008_linear,16
577,$400C_const,1
577,$400C_vol,2
577,$400C_const,1
577,$400C_vol,2
578,$4000_duty,3
578,$4000_const,1
578,$4000_vol,12
578,$4000_duty,3
578,$4000_const,1
578,$4000_vol,12
578,$4004_duty,0
578,$4004_const,1
578,$4004_vol,13
578,$4004_duty,0
578,$4004_const,1
578,$4004_vol,13
578,$4008_linear,16
578,$400C_const,1
578,$400C_vol,2
578,$400C_const,1
578,$400C_vol,2
579,$4000_duty,3
579,$4000_const,1
579,$4000_vol,12
579,$4000_duty,3
579,$4000_const,1
579,$4000_vol,12
579,$4004_duty,0
579,$4004_const,1
579,$4004_vol,13
579,$4004_duty,0
579,$4004_const,1
579,$4004_vol,13
579,$4008_linear,16
579,$400C_const,1
579,$400C_vol,2
579,$400C_const,1
579,$400C_vol,2
580,$4000_duty,3
580,$4000_const,1
580,$4000_vol,12
580,$4000_duty,3
580,$4000_const,1
580,$4000_vol,12
580,$4004_duty,0
580,$4004_const,1
580,$4004_vol,13
580,$4004_duty,0
580,$4004_const,1
580,$4004_vol,13
580,$4008_linear,16
580,$400A_period,679
580,$400B_length,9
580,$400C_const,1
580,$400C_vol,2
580,$400C_const,1
580,$400C_vol,15
580,$400E_period,3
580,$400E_mode,0
581,$4000_duty,3
581,$4000_const,1
581,$4000_vol,12
581,$4000_duty,3
581,$4000_const,1
581,$4000_vol,12
581,$4004_duty,0
581,$4004_const,1
581,$4004_vol,13
581,$4004_duty,0
581,$4004_const,1
581,$4004_vol,13
581,$4008_linear,16
581,$400C_const,1
581,$400C_vol,15
581,$400C_const,1
581,$400C_vol,7
582,$4000_duty,3
582,$4000_const,1
582,$4000_vol,12
582,$4000_duty,3
582,$4000_const,1
582,$4000_vol,12
582,$4004_duty,0
582,$4004_const,1
582,$4004_vol,13
582,$4004_duty,0
582,$4004_const,1
582,$4004_vol,13
582,$4008_linear,16
582,$400C_const,1
582,$400C_vol,7
582,$400C_const,1
582,$400C_vol,2
583,$4000_duty,3
583,$4000_const,1
583,$4000_vol,12
583,$4000_duty,3
583,$4000_const,1
583,$4000_vol,12
583,$4004_duty,0
583,$4004_const,1
583,$4004_vol,13
583,$4004_duty,0
583,$4004_const,1
583,$4004_vol,13
583,$4008_linear,16
583,$400C_const,1
583,$400C_vol,2
583,$400C_const,1
583,$400C_vol,2
584,$4000_duty,3
584,$4000_const,1
584,$4000_vol,12
584,$4000_duty,3
584,$4000_const,1
584,$4000_vol,12
584,$4004_duty,0
584,$4004_const,1
584,$4004_vol,13
584,$4004_duty,0
584,$4004_const,1
584,$4004_vol,13
584,$4008_linear,16
584,$400C_const,1
584,$400C_vol,2
584,$400C_const,1
584,$400C_vol,2
585,$4000_duty,3
585,$4000_const,1
585,$4000_vol,12
585,$4000_duty,3
585,$4000_const,1
585,$4000_vol,12
585,$4004_duty,0
585,$4004_const,1
585,$4004_vol,13
585,$4004_duty,0
585,$4004_const,1
585,$4004_vol,13
585,$4008_linear,16
585,$400C_const,1
585,$400C_vol,2
585,$400C_const,1
585,$400C_vol,2
586,$4000_duty,3
586,$4000_const,1
586,$4000_vol,12
586,$4000_duty,3
586,$4000_const,1
586,$4000_vol,12
586,$4004_duty,0
586,$4004_const,1
586,$4004_vol,13
586,$4004_duty,0
586,$4004_const,1
586,$4004_vol,13
586,$4008_linear,16
586,$400A_period,679
586,$400B_length,9
586,$400C_const,1
586,$400C_vol,2
586,$400C_const,1
586,$400C_vol,15
586,$400E_period,10
586,$400E_mode,0
587,$4000_duty,3
587,$4000_const,1
587,$4000_vol,12
587,$4000_duty,3
587,$4000_const,1
587,$4000_vol,12
587,$4004_duty,0
587,$4004_const,1
587,$4004_vol,13
587,$4004_duty,0
587,$4004_const,1
587,$4004_vol,13
587,$4008_linear,16
587,$400C_const,1
587,$400C_vol,15
587,$400C_const,1
587,$400C_vol,7
588,$4000_duty,3
588,$4000_const,1
588,$4000_vol,12
588,$4000_duty,3
588,$4000_const,1
588,$4000_vol,12
588,$4004_duty,0
588,$4004_const,1
588,$4004_vol,13
588,$4004_duty,0
588,$4004_const,1
588,$4004_vol,13
588,$4008_linear,16
588,$400C_const,1
588,$400C_vol,7
588,$400C_const,1
588,$400C_vol,2
589,$4000_duty,3
589,$4000_const,1
589,$4000_vol,12
589,$4000_duty,3
589,$4000_const,1
589,$4000_vol,12
589,$4004_duty,0
589,$4004_const,1
589,$4004_vol,13
589,$4004_duty,0
589,$4004_const,1
589,$4004_vol,13
589,$4008_linear,16
589,$400C_const,1
589,$400C_vol,2
589,$400C_const,1
589,$400C_vol,2
590,$4000_duty,3
590,$4000_const,1
590,$4000_vol,12
590,$4000_duty,3
590,$4000_const,1
590,$4000_vol,12
590,$4004_duty,0
590,$4004_const,1
590,$4004_vol,13
590,$4004_duty,0
590,$4004_const,1
590,$4004_vol,13
590,$4008_linear,16
590,$400C_const,1
590,$400C_vol,2
590,$400C_const,1
590,$400C_vol,2
591,$4000_duty,3
591,$4000_const,1
591,$4000_vol,12
591,$4000_duty,3
591,$4000_const,1
591,$4000_vol,12
591,$4004_duty,0
591,$4004_const,1
591,$4004_vol,13
591,$4004_duty,0
591,$4004_const,1
591,$4004_vol,13
591,$4008_linear,16
591,$400C_const,1
591,$400C_vol,2
591,$400C_const,1
591,$400C_vol,2
592,$4000_duty,3
592,$4000_const,1
592,$4000_vol,12
592,$4000_duty,3
592,$4000_const,1
592,$4000_vol,12
592,$4004_duty,0
592,$4004_const,1
592,$4004_vol,13
592,$4004_duty,0
592,$4004_const,1
592,$4004_vol,13
592,$4008_linear,16
592,$400C_const,1
592,$400C_vol,2
592,$400C_const,1
592,$400C_vol,2
593,$4000_duty,3
593,$4000_const,1
593,$4000_vol,12
593,$4000_duty,3
593,$4000_const,1
593,$4000_vol,12
593,$4004_duty,0
593,$4004_const,1
593,$4004_vol,13
593,$4004_duty,0
593,$4004_const,1
593,$4004_vol,13
593,$4008_linear,16
593,$400C_const,1
593,$400C_vol,2
593,$400C_const,1
593,$400C_vol,2
594,$4000_duty,3
594,$4000_const,1
594,$4000_vol,12
594,$4000_duty,3
594,$4000_const,1
594,$4000_vol,12
594,$4004_duty,0
594,$4004_const,1
594,$4004_vol,13
594,$4004_duty,0
594,$4004_const,1
594,$4004_vol,13
594,$4008_linear,16
594,$400C_const,1
594,$400C_vol,2
594,$400C_const,1
594,$400C_vol,2
595,$4000_duty,3
595,$4000_const,1
595,$4000_vol,12
595,$4000_duty,3
595,$4000_const,1
595,$4000_vol,12
595,$4004_duty,0
595,$4004_const,1
595,$4004_vol,13
595,$4004_duty,0
595,$4004_const,1
595,$4004_vol,13
595,$4008_linear,16
595,$400C_const,1
595,$400C_vol,2
595,$400C_const,1
595,$400C_vol,2
596,$4000_duty,3
596,$4000_const,1
596,$4000_vol,12
596,$4000_duty,3
596,$4000_const,1
596,$4000_vol,12
596,$4004_duty,0
596,$4004_const,1
596,$4004_vol,13
596,$4004_duty,0
596,$4004_const,1
596,$4004_vol,13
596,$4008_linear,16
596,$400C_const,1
596,$400C_vol,2
596,$400C_const,1
596,$400C_vol,2
597,$4000_duty,3
597,$4000_const,1
597,$4000_vol,12
597,$4000_duty,3
597,$4000_const,1
597,$4000_vol,12
597,$4004_duty,0
597,$4004_const,1
597,$4004_vol,13
597,$4004_duty,0
597,$4004_const,1
597,$4004_vol,13
597,$4008_linear,16
597,$400C_const,1
597,$400C_vol,2
597,$400C_const,1
597,$400C_vol,2
598,$4000_duty,3
598,$4000_const,1
598,$4000_vol,12
598,$4000_duty,3
598,$4000_const,1
598,$4000_vol,12
598,$4004_duty,0
598,$4004_const,1
598,$4004_vol,13
598,$4004_duty,0
598,$4004_const,1
598,$4004_vol,14
598,$4008_linear,16
598,$400A_period,679
598,$400B_length,9
598,$400C_const,1
598,$400C_vol,2
598,$400C_const,1
598,$400C_vol,15
598,$400E_period,1
598,$400E_mode,0
599,$4000_duty,3
599,$4000_const,1
599,$4000_vol,12
599,$4000_duty,3
599,$4000_const,1
599,$4000_vol,12
599,$4004_duty,0
599,$4004_const,1
599,$4004_vol,14
599,$4004_duty,0
599,$4004_const,1
599,$4004_vol,14
599,$4008_linear,16
599,$400C_const,1
599,$400C_vol,15
599,$400C_const,1
599,$400C_vol,7
