frame,parameter,value
0,$4000_duty,3
0,$4000_const,1
0,$4000_vol,15
0,$4004_duty,3
0,$4004_const,1
0,$4004_vol,15
0,$4008_linear,127
0,$400C_const,1
0,$400C_vol,9
1,$4000_duty,3
1,$4000_const,1
1,$4000_vol,13
1,$4004_duty,3
1,$4004_const,1
1,$4004_vol,13
1,$4008_linear,127
1,$400C_const,1
1,$400C_vol,11
2,$4000_duty,3
2,$4000_const,1
2,$4000_vol,11
2,$4004_duty,3
2,$4004_const,1
2,$4004_vol,11
2,$4008_linear,127
2,$400C_const,1
2,$400C_vol,13
3,$4000_duty,3
3,$4000_const,1
3,$4000_vol,9
3,$4004_duty,3
3,$4004_const,1
3,$4004_vol,9
3,$4008_linear,127
3,$400C_const,1
3,$400C_vol,15
4,$4000_duty,3
4,$4000_const,1
4,$4000_vol,8
4,$4004_duty,3
4,$4004_const,1
4,$4004_vol,8
4,$4008_linear,127
4,$400C_const,1
4,$400C_vol,15
4,$400E_period,14
4,$400E_mode,0
5,$4000_duty,3
5,$4000_const,1
5,$4000_vol,7
5,$4004_duty,3
5,$4004_const,1
5,$4004_vol,7
5,$4008_linear,127
5,$400C_const,1
5,$400C_vol,15
5,$400E_period,14
5,$400E_mode,0
6,$4000_duty,3
6,$4000_const,1
6,$4000_vol,7
6,$4004_duty,3
6,$4004_const,1
6,$4004_vol,7
6,$4008_linear,127
6,$400C_const,1
6,$400C_vol,15
7,$4000_duty,3
7,$4000_const,1
7,$4000_vol,7
7,$4004_duty,3
7,$4004_const,1
7,$4004_vol,7
7,$4008_linear,127
7,$400C_const,1
7,$400C_vol,7
8,$4000_duty,3
8,$4000_const,1
8,$4000_vol,7
8,$4004_duty,3
8,$4004_const,1
8,$4004_vol,7
8,$4008_linear,127
8,$400C_const,1
8,$400C_vol,7
9,$4000_duty,3
9,$4000_const,1
9,$4000_vol,7
9,$4004_duty,3
9,$4004_const,1
9,$4004_vol,7
9,$4008_linear,127
9,$400C_const,1
9,$400C_vol,9
10,$4000_duty,3
10,$4000_const,1
10,$4000_vol,7
10,$4004_duty,3
10,$4004_const,1
10,$4004_vol,7
10,$4008_linear,127
10,$400C_const,1
10,$400C_vol,11
11,$4000_duty,3
11,$4000_const,1
11,$4000_vol,7
11,$4004_duty,3
11,$4004_const,1
11,$4004_vol,7
11,$4008_linear,127
11,$400C_const,1
11,$400C_vol,13
12,$4000_duty,3
12,$4000_const,1
12,$4000_vol,7
12,$4004_duty,3
12,$4004_const,1
12,$4004_vol,7
12,$4008_linear,127
12,$400C_const,1
12,$400C_vol,15
13,$4000_duty,3
13,$4000_const,1
13,$4000_vol,7
13,$4004_duty,3
13,$4004_const,1
13,$4004_vol,7
13,$4008_linear,127
13,$400A_period,1143
13,$400B_length,2
13,$400C_const,1
13,$400C_vol,15
13,$400E_period,14
13,$400E_mode,0
14,$4000_duty,3
14,$4000_const,1
14,$4000_vol,7
14,$4004_duty,3
14,$4004_const,1
14,$4004_vol,7
14,$4008_linear,127
14,$400C_const,1
14,$400C_vol,15
14,$400E_period,14
14,$400E_mode,0
15,$4000_duty,3
15,$4000_const,1
15,$4000_vol,7
15,$4004_duty,3
15,$4004_const,1
15,$4004_vol,7
15,$4008_linear,127
15,$400C_const,1
15,$400C_vol,15
16,$4000_duty,3
16,$4000_const,1
16,$4000_vol,7
16,$4004_duty,3
16,$4004_const,1
16,$4004_vol,7
16,$4008_linear,127
16,$400C_const,1
16,$400C_vol,7
17,$4000_duty,3
17,$4000_const,1
17,$4000_vol,7
17,$4004_duty,3
17,$4004_const,1
17,$4004_vol,7
17,$4008_linear,127
17,$400C_const,1
17,$400C_vol,7
18,$4000_duty,3
18,$4000_const,1
18,$4000_vol,7
18,$4004_duty,3
18,$4004_const,1
18,$4004_vol,7
18,$4008_linear,127
18,$400C_const,1
18,$400C_vol,9
19,$4000_duty,3
19,$4000_const,1
19,$4000_vol,7
19,$4004_duty,3
19,$4004_const,1
19,$4004_vol,7
19,$4008_linear,127
19,$400C_const,1
19,$400C_vol,11
20,$4000_duty,3
20,$4000_const,1
20,$4000_vol,7
20,$4004_duty,3
20,$4004_const,1
20,$4004_vol,7
20,$4008_linear,127
20,$400C_const,1
20,$400C_vol,13
21,$4000_duty,3
21,$4000_const,1
21,$4000_vol,7
21,$4004_duty,3
21,$4004_const,1
21,$4004_vol,7
21,$4008_linear,127
21,$400C_const,1
21,$400C_vol,15
22,$4000_duty,3
22,$4000_const,1
22,$4000_vol,7
22,$4001_sweep,0
22,$4002_period,453
22,$400B_length,0
22,$4004_duty,3
22,$4004_const,1
22,$4004_vol,7
22,$4005_sweep,0
22,$4006_period,571
22,$4008_linear,127
22,$400A_period,1143
22,$400B_length,2
22,$400C_const,1
22,$400C_vol,15
22,$400E_period,14
22,$400E_mode,0
23,$4000_duty,3
23,$4000_const,1
23,$4000_vol,11
23,$4004_duty,3
23,$4004_const,1
23,$4004_vol,11
23,$4008_linear,127
23,$400C_const,1
23,$400C_vol,15
23,$400E_period,14
23,$400E_mode,0
24,$4000_duty,3
24,$4000_const,1
24,$4000_vol,13
24,$4004_duty,3
24,$4004_const,1
24,$4004_vol,13
24,$4008_linear,127
24,$400C_const,1
24,$400C_vol,15
25,$4000_duty,3
25,$4000_const,1
25,$4000_vol,15
25,$4004_duty,3
25,$4004_const,1
25,$4004_vol,15
25,$4008_linear,127
25,$400C_const,1
25,$400C_vol,15
26,$4000_duty,3
26,$4000_const,1
26,$4000_vol,15
26,$4004_duty,3
26,$4004_const,1
26,$4004_vol,15
26,$4008_linear,127
26,$400C_const,1
26,$400C_vol,15
27,$4000_duty,3
27,$4000_const,1
27,$4000_vol,15
27,$4004_duty,3
27,$4004_const,1
27,$4004_vol,15
27,$4008_linear,127
27,$400C_const,1
27,$400C_vol,9
28,$4000_duty,3
28,$4000_const,1
28,$4000_vol,13
28,$4004_duty,3
28,$4004_const,1
28,$4004_vol,13
28,$4008_linear,127
28,$400C_const,1
28,$400C_vol,11
29,$4000_duty,3
29,$4000_const,1
29,$4000_vol,11
29,$4004_duty,3
29,$4004_const,1
29,$4004_vol,11
29,$4008_linear,127
29,$400C_const,1
29,$400C_vol,13
30,$4000_duty,3
30,$4000_const,1
30,$4000_vol,9
30,$4004_duty,3
30,$4004_const,1
30,$4004_vol,9
30,$4008_linear,127
30,$400C_const,1
30,$400C_vol,15
31,$4000_duty,3
31,$4000_const,1
31,$4000_vol,8
31,$4004_duty,3
31,$4004_const,1
31,$4004_vol,8
31,$4008_linear,127
31,$400C_const,1
31,$400C_vol,15
32,$4000_duty,3
32,$4000_const,1
32,$4000_vol,7
32,$4004_duty,3
32,$4004_const,1
32,$4004_vol,7
32,$4008_linear,127
32,$400C_const,1
32,$400C_vol,15
33,$4000_duty,3
33,$4000_const,1
33,$4000_vol,7
33,$4004_duty,3
33,$4004_const,1
33,$4004_vol,7
33,$4008_linear,127
33,$400C_const,1
33,$400C_vol,13
34,$4000_duty,3
34,$4000_const,1
34,$4000_vol,7
34,$4004_duty,3
34,$4004_const,1
34,$4004_vol,7
34,$4008_linear,127
34,$400C_const,1
34,$400C_vol,11
35,$4000_duty,3
35,$4000_const,1
35,$4000_vol,7
35,$4004_duty,3
35,$4004_const,1
35,$4004_vol,7
35,$4008_linear,127
35,$400C_const,1
35,$400C_vol,9
36,$4000_duty,3
36,$4000_const,1
36,$4000_vol,7
36,$4004_duty,3
36,$4004_const,1
36,$4004_vol,7
36,$4008_linear,127
36,$400C_const,1
36,$400C_vol,8
37,$4000_duty,3
37,$4000_const,1
37,$4000_vol,7
37,$4004_duty,3
37,$4004_const,1
37,$4004_vol,7
37,$4008_linear,127
37,$400C_const,1
37,$400C_vol,7
38,$4000_duty,3
38,$4000_const,1
38,$4000_vol,7
38,$4004_duty,3
38,$4004_const,1
38,$4004_vol,7
38,$4008_linear,127
38,$400C_const,1
38,$400C_vol,7
39,$4000_duty,3
39,$4000_const,1
39,$4000_vol,7
39,$4004_duty,3
39,$4004_const,1
39,$4004_vol,7
39,$4008_linear,127
39,$400C_const,1
39,$400C_vol,7
40,$4000_duty,3
40,$4000_const,1
40,$4000_vol,7
40,$4004_duty,3
40,$4004_const,1
40,$4004_vol,7
40,$4008_linear,127
40,$400A_period,1143
40,$400B_length,2
40,$400C_const,1
40,$400C_vol,7
40,$400E_period,14
40,$400E_mode,0
41,$4000_duty,3
41,$4000_const,1
41,$4000_vol,7
41,$4004_duty,3
41,$4004_const,1
41,$4004_vol,7
41,$4008_linear,127
41,$400C_const,1
41,$400C_vol,7
41,$400E_period,14
41,$400E_mode,0
42,$4000_duty,3
42,$4000_const,1
42,$4000_vol,7
42,$4004_duty,3
42,$4004_const,1
42,$4004_vol,7
42,$4008_linear,127
42,$400C_const,1
42,$400C_vol,15
43,$4000_duty,3
43,$4000_const,1
43,$4000_vol,7
43,$4004_duty,3
43,$4004_const,1
43,$4004_vol,7
43,$4008_linear,127
43,$400C_const,1
43,$400C_vol,7
44,$4000_duty,3
44,$4000_const,1
44,$4000_vol,7
44,$4004_duty,3
44,$4004_const,1
44,$4004_vol,7
44,$4008_linear,127
44,$400C_const,1
44,$400C_vol,7
45,$4000_duty,3
45,$4000_const,1
45,$4000_vol,7
45,$4004_duty,3
45,$4004_const,1
45,$4004_vol,7
45,$4008_linear,127
45,$400C_const,1
45,$400C_vol,9
46,$4000_duty,3
46,$4000_const,1
46,$4000_vol,7
46,$4004_duty,3
46,$4004_const,1
46,$4004_vol,7
46,$4008_linear,127
46,$400C_const,1
46,$400C_vol,11
47,$4000_duty,3
47,$4000_const,1
47,$4000_vol,7
47,$4004_duty,3
47,$4004_const,1
47,$4004_vol,7
47,$4008_linear,127
47,$400C_const,1
47,$400C_vol,13
48,$4000_duty,3
48,$4000_const,1
48,$4000_vol,7
48,$4004_duty,3
48,$4004_const,1
48,$4004_vol,7
48,$4008_linear,127
48,$400C_const,1
48,$400C_vol,15
49,$4000_duty,3
49,$4000_const,1
49,$4000_vol,7
49,$4001_sweep,0
49,$4002_period,453
49,$400B_length,0
49,$4004_duty,3
49,$4004_const,1
49,$4004_vol,7
49,$4005_sweep,0
49,$4006_period,571
49,$4008_linear,127
49,$400A_period,1143
49,$400B_length,2
49,$400C_const,1
49,$400C_vol,15
49,$400E_period,6
49,$400E_mode,0
50,$4000_duty,3
50,$4000_const,1
50,$4000_vol,11
50,$4004_duty,3
50,$4004_const,1
50,$4004_vol,11
50,$4008_linear,127
50,$400C_const,1
50,$400C_vol,15
50,$400E_period,6
50,$400E_mode,0
51,$4000_duty,3
51,$4000_const,1
51,$4000_vol,13
51,$4004_duty,3
51,$4004_const,1
51,$4004_vol,13
51,$4008_linear,127
51,$400C_const,1
51,$400C_vol,15
52,$4000_duty,3
52,$4000_const,1
52,$4000_vol,15
52,$4004_duty,3
52,$4004_const,1
52,$4004_vol,15
52,$4008_linear,127
52,$400C_const,1
52,$400C_vol,15
53,$4000_duty,3
53,$4000_const,1
53,$4000_vol,15
53,$4004_duty,3
53,$4004_const,1
53,$4004_vol,15
53,$4008_linear,127
53,$400C_const,1
53,$400C_vol,15
54,$4000_duty,3
54,$4000_const,1
54,$4000_vol,15
54,$4004_duty,3
54,$4004_const,1
54,$4004_vol,15
54,$4008_linear,127
54,$400C_const,1
54,$400C_vol,9
55,$4000_duty,3
55,$4000_const,1
55,$4000_vol,13
55,$4004_duty,3
55,$4004_const,1
55,$4004_vol,13
55,$4008_linear,127
55,$400C_const,1
55,$400C_vol,11
56,$4000_duty,3
56,$4000_const,1
56,$4000_vol,11
56,$4004_duty,3
56,$4004_const,1
56,$4004_vol,11
56,$4008_linear,127
56,$400C_const,1
56,$400C_vol,13
57,$4000_duty,3
57,$4000_const,1
57,$4000_vol,9
57,$4004_duty,3
57,$4004_const,1
57,$4004_vol,9
57,$4008_linear,127
57,$400C_const,1
57,$400C_vol,15
58,$4000_duty,3
58,$4000_const,1
58,$4000_vol,9
58,$4001_sweep,0
58,$4002_period,509
58,$400B_length,0
58,$4004_duty,3
58,$4004_const,1
58,$4004_vol,9
58,$4005_sweep,0
58,$4006_period,571
58,$4008_linear,127
58,$400C_const,1
58,$400C_vol,15
58,$400E_period,14
58,$400E_mode,0
59,$4000_duty,3
59,$4000_const,1
59,$4000_vol,11
59,$4004_duty,3
59,$4004_const,1
59,$4004_vol,11
59,$4008_linear,127
59,$400C_const,1
59,$400C_vol,15
59,$400E_period,14
59,$400E_mode,0
60,$4000_duty,3
60,$4000_const,1
60,$4000_vol,13
60,$4004_duty,3
60,$4004_const,1
60,$4004_vol,13
60,$4008_linear,127
60,$400C_const,1
60,$400C_vol,15
61,$4000_duty,3
61,$4000_const,1
61,$4000_vol,15
61,$4004_duty,3
61,$4004_const,1
61,$4004_vol,15
61,$4008_linear,127
61,$400C_const,1
61,$400C_vol,15
62,$4000_duty,3
62,$4000_const,1
62,$4000_vol,15
62,$4004_duty,3
62,$4004_const,1
62,$4004_vol,15
62,$4008_linear,127
62,$400C_const,1
62,$400C_vol,15
63,$4000_duty,3
63,$4000_const,1
63,$4000_vol,15
63,$4004_duty,3
63,$4004_const,1
63,$4004_vol,15
63,$4008_linear,127
63,$400C_const,1
63,$400C_vol,9
64,$4000_duty,3
64,$4000_const,1
64,$4000_vol,13
64,$4004_duty,3
64,$4004_const,1
64,$4004_vol,13
64,$4008_linear,127
64,$400C_const,1
64,$400C_vol,11
65,$4000_duty,3
65,$4000_const,1
65,$4000_vol,11
65,$4004_duty,3
65,$4004_const,1
65,$4004_vol,11
65,$4008_linear,127
65,$400C_const,1
65,$400C_vol,13
66,$4000_duty,3
66,$4000_const,1
66,$4000_vol,9
66,$4004_duty,3
66,$4004_const,1
66,$4004_vol,9
66,$4008_linear,127
66,$400C_const,1
66,$400C_vol,15
67,$4000_duty,3
67,$4000_const,1
67,$4000_vol,9
67,$4001_sweep,0
67,$4002_period,571
67,$400B_length,1
67,$4004_duty,3
67,$4004_const,1
67,$4004_vol,9
67,$4005_sweep,0
67,$4006_period,763
67,$4008_linear,127
67,$400A_period,1143
67,$400B_length,2
67,$400C_const,1
67,$400C_vol,15
67,$400E_period,14
67,$400E_mode,0
68,$4000_duty,3
68,$4000_const,1
68,$4000_vol,11
68,$4004_duty,3
68,$4004_const,1
68,$4004_vol,11
68,$4008_linear,127
68,$400C_const,1
68,$400C_vol,15
68,$400E_period,14
68,$400E_mode,0
69,$4000_duty,3
69,$4000_const,1
69,$4000_vol,13
69,$4004_duty,3
69,$4004_const,1
69,$4004_vol,13
69,$4008_linear,127
69,$400C_const,1
69,$400C_vol,15
70,$4000_duty,3
70,$4000_const,1
70,$4000_vol,15
70,$4004_duty,3
70,$4004_const,1
70,$4004_vol,15
70,$4008_linear,127
70,$400C_const,1
70,$400C_vol,15
71,$4000_duty,3
71,$4000_const,1
71,$4000_vol,15
71,$4004_duty,3
71,$4004_const,1
71,$4004_vol,15
71,$4008_linear,127
71,$400C_const,1
71,$400C_vol,15
72,$4000_duty,3
72,$4000_const,1
72,$4000_vol,15
72,$4004_duty,3
72,$4004_const,1
72,$4004_vol,15
72,$4008_linear,127
72,$400C_const,1
72,$400C_vol,9
73,$4000_duty,3
73,$4000_const,1
73,$4000_vol,13
73,$4004_duty,3
73,$4004_const,1
73,$4004_vol,13
73,$4008_linear,127
73,$400C_const,1
73,$400C_vol,11
74,$4000_duty,3
74,$4000_const,1
74,$4000_vol,11
74,$4004_duty,3
74,$4004_const,1
74,$4004_vol,11
74,$4008_linear,127
74,$400C_const,1
74,$400C_vol,13
75,$4000_duty,3
75,$4000_const,1
75,$4000_vol,9
75,$4004_duty,3
75,$4004_const,1
75,$4004_vol,9
75,$4008_linear,127
75,$400C_const,1
75,$400C_vol,15
76,$4000_duty,3
76,$4000_const,1
76,$4000_vol,9
76,$4001_sweep,0
76,$4002_period,509
76,$400B_length,0
76,$4004_duty,3
76,$4004_const,1
76,$4004_vol,9
76,$4005_sweep,0
76,$4006_period,641
76,$4008_linear,127
76,$400A_period,1283
76,$400B_length,2
76,$400C_const,1
76,$400C_vol,15
76,$400E_period,14
76,$400E_mode,0
77,$4000_duty,3
77,$4000_const,1
77,$4000_vol,11
77,$4004_duty,3
77,$4004_const,1
77,$4004_vol,11
77,$4008_linear,127
77,$400C_const,1
77,$400C_vol,15
77,$400E_period,14
77,$400E_mode,0
78,$4000_duty,3
78,$4000_const,1
78,$4000_vol,13
78,$4004_duty,3
78,$4004_const,1
78,$4004_vol,13
78,$4008_linear,127
78,$400C_const,1
78,$400C_vol,15
79,$4000_duty,3
79,$4000_const,1
79,$4000_vol,15
79,$4004_duty,3
79,$4004_const,1
79,$4004_vol,15
79,$4008_linear,127
79,$400C_const,1
79,$400C_vol,15
80,$4000_duty,3
80,$4000_const,1
80,$4000_vol,15
80,$4004_duty,3
80,$4004_const,1
80,$4004_vol,15
80,$4008_linear,127
80,$400C_const,1
80,$400C_vol,15
81,$4000_duty,3
81,$4000_const,1
81,$4000_vol,15
81,$4004_duty,3
81,$4004_const,1
81,$4004_vol,15
81,$4008_linear,127
81,$400C_const,1
81,$400C_vol,9
82,$4000_duty,3
82,$4000_const,1
82,$4000_vol,13
82,$4004_duty,3
82,$4004_const,1
82,$4004_vol,13
82,$4008_linear,127
82,$400C_const,1
82,$400C_vol,11
83,$4000_duty,3
83,$4000_const,1
83,$4000_vol,11
83,$4004_duty,3
83,$4004_const,1
83,$4004_vol,11
83,$4008_linear,127
83,$400C_const,1
83,$400C_vol,13
84,$4000_duty,3
84,$4000_const,1
84,$4000_vol,9
84,$4004_duty,3
84,$4004_const,1
84,$4004_vol,9
84,$4008_linear,127
84,$400C_const,1
84,$400C_vol,15
85,$4000_duty,3
85,$4000_const,1
85,$4000_vol,8
85,$4004_duty,3
85,$4004_const,1
85,$4004_vol,8
85,$4008_linear,127
85,$400C_const,1
85,$400C_vol,15
86,$4000_duty,3
86,$4000_const,1
86,$4000_vol,7
86,$4004_duty,3
86,$4004_const,1
86,$4004_vol,7
86,$4008_linear,127
86,$400C_const,1
86,$400C_vol,15
87,$4000_duty,3
87,$4000_const,1
87,$4000_vol,7
87,$4004_duty,3
87,$4004_const,1
87,$4004_vol,7
87,$4008_linear,127
87,$400C_const,1
87,$400C_vol,13
88,$4000_duty,3
88,$4000_const,1
88,$4000_vol,7
88,$4004_duty,3
88,$4004_const,1
88,$4004_vol,7
88,$4008_linear,127
88,$400C_const,1
88,$400C_vol,11
89,$4000_duty,3
89,$4000_const,1
89,$4000_vol,7
89,$4004_duty,3
89,$4004_const,1
89,$4004_vol,7
89,$4008_linear,127
89,$400C_const,1
89,$400C_vol,9
90,$4000_duty,3
90,$4000_const,1
90,$4000_vol,7
90,$4004_duty,3
90,$4004_const,1
90,$4004_vol,7
90,$4008_linear,127
90,$400C_const,1
90,$400C_vol,8
91,$4000_duty,3
91,$4000_const,1
91,$4000_vol,7
91,$4004_duty,3
91,$4004_const,1
91,$4004_vol,7
91,$4008_linear,127
91,$400C_const,1
91,$400C_vol,7
92,$4000_duty,3
92,$4000_const,1
92,$4000_vol,7
92,$4004_duty,3
92,$4004_const,1
92,$4004_vol,7
92,$4008_linear,127
92,$400C_const,1
92,$400C_vol,7
93,$4000_duty,3
93,$4000_const,1
93,$4000_vol,7
93,$4004_duty,3
93,$4004_const,1
93,$4004_vol,7
93,$4008_linear,127
93,$400C_const,1
93,$400C_vol,7
94,$4000_duty,3
94,$4000_const,1
94,$4000_vol,7
94,$4001_sweep,0
94,$4002_period,763
94,$400B_length,1
94,$4004_duty,3
94,$4004_const,1
94,$4004_vol,7
94,$4005_sweep,0
94,$4006_period,855
94,$4008_linear,127
94,$400A_period,1283
94,$400B_length,2
94,$400C_const,1
94,$400C_vol,7
94,$400E_period,14
94,$400E_mode,0
95,$4000_duty,3
95,$4000_const,1
95,$4000_vol,11
95,$4004_duty,3
95,$4004_const,1
95,$4004_vol,11
95,$4008_linear,127
95,$400C_const,1
95,$400C_vol,7
95,$400E_period,14
95,$400E_mode,0
96,$4000_duty,3
96,$4000_const,1
96,$4000_vol,13
96,$4004_duty,3
96,$4004_const,1
96,$4004_vol,13
96,$4008_linear,127
96,$400C_const,1
96,$400C_vol,15
97,$4000_duty,3
97,$4000_const,1
97,$4000_vol,15
97,$4004_duty,3
97,$4004_const,1
97,$4004_vol,15
97,$4008_linear,127
97,$400C_const,1
97,$400C_vol,15
98,$4000_duty,3
98,$4000_const,1
98,$4000_vol,15
98,$4004_duty,3
98,$4004_const,1
98,$4004_vol,15
98,$4008_linear,127
98,$400C_const,1
98,$400C_vol,15
99,$4000_duty,3
99,$4000_const,1
99,$4000_vol,15
99,$4004_duty,3
99,$4004_const,1
99,$4004_vol,15
99,$4008_linear,127
99,$400C_const,1
99,$400C_vol,9
100,$4000_duty,3
100,$4000_const,1
100,$4000_vol,13
100,$4004_duty,3
100,$4004_const,1
100,$4004_vol,13
100,$4008_linear,127
100,$400C_const,1
100,$400C_vol,11
101,$4000_duty,3
101,$4000_const,1
101,$4000_vol,11
101,$4004_duty,3
101,$4004_const,1
101,$4004_vol,11
101,$4008_linear,127
101,$400C_const,1
101,$400C_vol,13
102,$4000_duty,3
102,$4000_const,1
102,$4000_vol,9
102,$4004_duty,3
102,$4004_const,1
102,$4004_vol,9
102,$4008_linear,127
102,$400C_const,1
102,$400C_vol,15
103,$4000_duty,3
103,$4000_const,1
103,$4000_vol,9
103,$4001_sweep,0
103,$4002_period,763
103,$400B_length,1
103,$4004_duty,3
103,$4004_const,1
103,$4004_vol,9
103,$4005_sweep,0
103,$4006_period,855
103,$4008_linear,127
103,$400A_period,1283
103,$400B_length,2
103,$400C_const,1
103,$400C_vol,15
103,$400E_period,6
103,$400E_mode,0
104,$4000_duty,3
104,$4000_const,1
104,$4000_vol,11
104,$4004_duty,3
104,$4004_const,1
104,$4004_vol,11
104,$4008_linear,127
104,$400C_const,1
104,$400C_vol,15
104,$400E_period,6
104,$400E_mode,0
105,$4000_duty,3
105,$4000_const,1
105,$4000_vol,13
105,$4004_duty,3
105,$4004_const,1
105,$4004_vol,13
105,$4008_linear,127
105,$400C_const,1
105,$400C_vol,15
106,$4000_duty,3
106,$4000_const,1
106,$4000_vol,15
106,$4004_duty,3
106,$4004_const,1
106,$4004_vol,15
106,$4008_linear,127
106,$400C_const,1
106,$400C_vol,15
107,$4000_duty,3
107,$4000_const,1
107,$4000_vol,15
107,$4004_duty,3
107,$4004_const,1
107,$4004_vol,15
107,$4008_linear,127
107,$400C_const,1
107,$400C_vol,15
108,$4000_duty,3
108,$4000_const,1
108,$4000_vol,15
108,$4004_duty,3
108,$4004_const,1
108,$4004_vol,15
108,$4008_linear,127
108,$400C_const,1
108,$400C_vol,9
109,$4000_duty,3
109,$4000_const,1
109,$4000_vol,13
109,$4004_duty,3
109,$4004_const,1
109,$4004_vol,13
109,$4008_linear,127
109,$400C_const,1
109,$400C_vol,11
110,$4000_duty,3
110,$4000_const,1
110,$4000_vol,11
110,$4004_duty,3
110,$4004_const,1
110,$4004_vol,11
110,$4008_linear,127
110,$400C_const,1
110,$400C_vol,13
111,$4000_duty,3
111,$4000_const,1
111,$4000_vol,9
111,$4004_duty,3
111,$4004_const,1
111,$4004_vol,9
111,$4008_linear,127
111,$400C_const,1
111,$400C_vol,15
112,$4000_duty,3
112,$4000_const,1
112,$4000_vol,8
112,$4004_duty,3
112,$4004_const,1
112,$4004_vol,8
112,$4008_linear,127
112,$400C_const,1
112,$400C_vol,15
112,$400E_period,14
112,$400E_mode,0
113,$4000_duty,3
113,$4000_const,1
113,$4000_vol,7
113,$4004_duty,3
113,$4004_const,1
113,$4004_vol,7
113,$4008_linear,127
113,$400C_const,1
113,$400C_vol,15
113,$400E_period,14
113,$400E_mode,0
114,$4000_duty,3
114,$4000_const,1
114,$4000_vol,7
114,$4004_duty,3
114,$4004_const,1
114,$4004_vol,7
114,$4008_linear,127
114,$400C_const,1
114,$400C_vol,15
115,$4000_duty,3
115,$4000_const,1
115,$4000_vol,7
115,$4004_duty,3
115,$4004_const,1
115,$4004_vol,7
115,$4008_linear,127
115,$400C_const,1
115,$400C_vol,7
116,$4000_duty,3
116,$4000_const,1
116,$4000_vol,7
116,$4004_duty,3
116,$4004_const,1
116,$4004_vol,7
116,$4008_linear,127
116,$400C_const,1
116,$400C_vol,7
117,$4000_duty,3
117,$4000_const,1
117,$4000_vol,7
117,$4004_duty,3
117,$4004_const,1
117,$4004_vol,7
117,$4008_linear,127
117,$400C_const,1
117,$400C_vol,9
118,$4000_duty,3
118,$4000_const,1
118,$4000_vol,7
118,$4004_duty,3
118,$4004_const,1
118,$4004_vol,7
118,$4008_linear,127
118,$400C_const,1
118,$400C_vol,11
119,$4000_duty,3
119,$4000_const,1
119,$4000_vol,7
119,$4004_duty,3
119,$4004_const,1
119,$4004_vol,7
119,$4008_linear,127
119,$400C_const,1
119,$400C_vol,13
120,$4000_duty,3
120,$4000_const,1
120,$4000_vol,7
120,$4004_duty,3
120,$4004_const,1
120,$4004_vol,7
120,$4008_linear,127
120,$400C_const,1
120,$400C_vol,15
121,$4000_duty,3
121,$4000_const,1
121,$4000_vol,7
121,$4004_duty,3
121,$4004_const,1
121,$4004_vol,7
121,$4008_linear,127
121,$400A_period,1283
121,$400B_length,2
121,$400C_const,1
121,$400C_vol,15
121,$400E_period,14
121,$400E_mode,0
122,$4000_duty,3
122,$4000_const,1
122,$4000_vol,7
122,$4004_duty,3
122,$4004_const,1
122,$4004_vol,7
122,$4008_linear,127
122,$400C_const,1
122,$400C_vol,15
122,$400E_period,14
122,$400E_mode,0
123,$4000_duty,3
123,$4000_const,1
123,$4000_vol,7
123,$4004_duty,3
123,$4004_const,1
123,$4004_vol,7
123,$4008_linear,127
123,$400C_const,1
123,$400C_vol,15
124,$4000_duty,3
124,$4000_const,1
124,$4000_vol,7
124,$4004_duty,3
124,$4004_const,1
124,$4004_vol,7
124,$4008_linear,127
124,$400C_const,1
124,$400C_vol,7
125,$4000_duty,3
125,$4000_const,1
125,$4000_vol,7
125,$4004_duty,3
125,$4004_const,1
125,$4004_vol,7
125,$4008_linear,127
125,$400C_const,1
125,$400C_vol,7
126,$4000_duty,3
126,$4000_const,1
126,$4000_vol,7
126,$4004_duty,3
126,$4004_const,1
126,$4004_vol,7
126,$4008_linear,127
126,$400C_const,1
126,$400C_vol,9
127,$4000_duty,3
127,$4000_const,1
127,$4000_vol,7
127,$4004_duty,3
127,$4004_const,1
127,$4004_vol,7
127,$4008_linear,127
127,$400C_const,1
127,$400C_vol,11
128,$4000_duty,3
128,$4000_const,1
128,$4000_vol,7
128,$4004_duty,3
128,$4004_const,1
128,$4004_vol,7
128,$4008_linear,127
128,$400C_const,1
128,$400C_vol,13
129,$4000_duty,3
129,$4000_const,1
129,$4000_vol,7
129,$4004_duty,3
129,$4004_const,1
129,$4004_vol,7
129,$4008_linear,127
129,$400C_const,1
129,$400C_vol,15
130,$4000_duty,3
130,$4000_const,1
130,$4000_vol,7
130,$4004_duty,3
130,$4004_const,1
130,$4004_vol,7
130,$4008_linear,127
130,$400A_period,1283
130,$400B_length,2
130,$400C_const,1
130,$400C_vol,15
130,$400E_period,14
130,$400E_mode,0
131,$4000_duty,3
131,$4000_const,1
131,$4000_vol,7
131,$4004_duty,3
131,$4004_const,1
131,$4004_vol,7
131,$4008_linear,127
131,$400C_const,1
131,$400C_vol,15
131,$400E_period,14
131,$400E_mode,0
132,$4000_duty,3
132,$4000_const,1
132,$4000_vol,7
132,$4004_duty,3
132,$4004_const,1
132,$4004_vol,7
132,$4008_linear,127
132,$400C_const,1
132,$400C_vol,15
133,$4000_duty,3
133,$4000_const,1
133,$4000_vol,7
133,$4004_duty,3
133,$4004_const,1
133,$4004_vol,7
133,$4008_linear,127
133,$400C_const,1
133,$400C_vol,7
134,$4000_duty,3
134,$4000_const,1
134,$4000_vol,7
134,$4004_duty,3
134,$4004_const,1
134,$4004_vol,7
134,$4008_linear,127
134,$400C_const,1
134,$400C_vol,7
135,$4000_duty,3
135,$4000_const,1
135,$4000_vol,7
135,$4004_duty,3
135,$4004_const,1
135,$4004_vol,7
135,$4008_linear,127
135,$400C_const,1
135,$400C_vol,9
136,$4000_duty,3
136,$4000_const,1
136,$4000_vol,7
136,$4004_duty,3
136,$4004_const,1
136,$4004_vol,7
136,$4008_linear,127
136,$400C_const,1
136,$400C_vol,11
137,$4000_duty,3
137,$4000_const,1
137,$4000_vol,7
137,$4004_duty,3
137,$4004_const,1
137,$4004_vol,7
137,$4008_linear,127
137,$400C_const,1
137,$400C_vol,13
138,$4000_duty,3
138,$4000_const,1
138,$4000_vol,7
138,$4004_duty,3
138,$4004_const,1
138,$4004_vol,7
138,$4008_linear,127
138,$400C_const,1
138,$400C_vol,15
139,$4000_duty,3
139,$4000_const,1
139,$4000_vol,7
139,$4004_duty,3
139,$4004_const,1
139,$4004_vol,7
139,$4008_linear,127
139,$400C_const,1
139,$400C_vol,15
139,$400E_period,6
139,$400E_mode,0
140,$4000_duty,3
140,$4000_const,1
140,$4000_vol,7
140,$4004_duty,3
140,$4004_const,1
140,$4004_vol,7
140,$4008_linear,127
140,$400C_const,1
140,$400C_vol,15
140,$400E_period,6
140,$400E_mode,0
141,$4000_duty,3
141,$4000_const,1
141,$4000_vol,7
141,$4004_duty,3
141,$4004_const,1
141,$4004_vol,7
141,$4008_linear,127
141,$400C_const,1
141,$400C_vol,15
142,$4000_duty,3
142,$4000_const,1
142,$4000_vol,7
142,$4004_duty,3
142,$4004_const,1
142,$4004_vol,7
142,$4008_linear,127
142,$400C_const,1
142,$400C_vol,7
143,$4000_duty,3
143,$4000_const,1
143,$4000_vol,7
143,$4004_duty,3
143,$4004_const,1
143,$4004_vol,7
143,$4008_linear,127
143,$400C_const,1
143,$400C_vol,7
144,$4000_duty,3
144,$4000_const,1
144,$4000_vol,7
144,$4004_duty,3
144,$4004_const,1
144,$4004_vol,7
144,$4008_linear,127
144,$400C_const,1
144,$400C_vol,9
145,$4000_duty,3
145,$4000_const,1
145,$4000_vol,7
145,$4004_duty,3
145,$4004_const,1
145,$4004_vol,7
145,$4008_linear,127
145,$400C_const,1
145,$400C_vol,11
146,$4000_duty,3
146,$4000_const,1
146,$4000_vol,7
146,$4004_duty,3
146,$4004_const,1
146,$4004_vol,7
146,$4008_linear,127
146,$400C_const,1
146,$400C_vol,13
147,$4000_duty,3
147,$4000_const,1
147,$4000_vol,7
147,$4004_duty,3
147,$4004_const,1
147,$4004_vol,7
147,$4008_linear,127
147,$400C_const,1
147,$400C_vol,15
148,$4000_duty,3
148,$4000_const,1
148,$4000_vol,7
148,$4004_duty,3
148,$4004_const,1
148,$4004_vol,7
148,$4008_linear,127
148,$400A_period,1283
148,$400B_length,2
148,$400C_const,1
148,$400C_vol,15
148,$400E_period,14
148,$400E_mode,0
149,$4000_duty,3
149,$4000_const,1
149,$4000_vol,7
149,$4004_duty,3
149,$4004_const,1
149,$4004_vol,7
149,$4008_linear,127
149,$400C_const,1
149,$400C_vol,15
149,$400E_period,14
149,$400E_mode,0
150,$4000_duty,3
150,$4000_const,1
150,$4000_vol,7
150,$4004_duty,3
150,$4004_const,1
150,$4004_vol,7
150,$4008_linear,127
150,$400C_const,1
150,$400C_vol,15
151,$4000_duty,3
151,$4000_const,1
151,$4000_vol,7
151,$4004_duty,3
151,$4004_const,1
151,$4004_vol,7
151,$4008_linear,127
151,$400C_const,1
151,$400C_vol,7
152,$4000_duty,3
152,$4000_const,1
152,$4000_vol,7
152,$4004_duty,3
152,$4004_const,1
152,$4004_vol,7
152,$4008_linear,127
152,$400C_const,1
152,$400C_vol,7
153,$4000_duty,3
153,$4000_const,1
153,$4000_vol,7
153,$4004_duty,3
153,$4004_const,1
153,$4004_vol,7
153,$4008_linear,127
153,$400C_const,1
153,$400C_vol,9
154,$4000_duty,3
154,$4000_const,1
154,$4000_vol,7
154,$4004_duty,3
154,$4004_const,1
154,$4004_vol,7
154,$4008_linear,127
154,$400C_const,1
154,$400C_vol,11
155,$4000_duty,3
155,$4000_const,1
155,$4000_vol,7
155,$4004_duty,3
155,$4004_const,1
155,$4004_vol,7
155,$4008_linear,127
155,$400C_const,1
155,$400C_vol,13
156,$4000_duty,3
156,$4000_const,1
156,$4000_vol,7
156,$4004_duty,3
156,$4004_const,1
156,$4004_vol,7
156,$4008_linear,127
156,$400C_const,1
156,$400C_vol,15
157,$4000_duty,3
157,$4000_const,1
157,$4000_vol,7
157,$4001_sweep,0
157,$4002_period,763
157,$400B_length,1
157,$4004_duty,3
157,$4004_const,1
157,$4004_vol,7
157,$4005_sweep,0
157,$4006_period,1017
157,$4008_linear,127
157,$400A_period,1283
157,$400B_length,2
157,$400C_const,1
157,$400C_vol,15
157,$400E_period,6
157,$400E_mode,0
158,$4000_duty,3
158,$4000_const,1
158,$4000_vol,11
158,$4004_duty,3
158,$4004_const,1
158,$4004_vol,11
158,$4008_linear,127
158,$400C_const,1
158,$400C_vol,15
158,$400E_period,6
158,$400E_mode,0
159,$4000_duty,3
159,$4000_const,1
159,$4000_vol,13
159,$4004_duty,3
159,$4004_const,1
159,$4004_vol,13
159,$4008_linear,127
159,$400C_const,1
159,$400C_vol,15
160,$4000_duty,3
160,$4000_const,1
160,$4000_vol,15
160,$4004_duty,3
160,$4004_const,1
160,$4004_vol,15
160,$4008_linear,127
160,$400C_const,1
160,$400C_vol,15
161,$4000_duty,3
161,$4000_const,1
161,$4000_vol,15
161,$4004_duty,3
161,$4004_const,1
161,$4004_vol,15
161,$4008_linear,127
161,$400C_const,1
161,$400C_vol,15
162,$4000_duty,3
162,$4000_const,1
162,$4000_vol,15
162,$4004_duty,3
162,$4004_const,1
162,$4004_vol,15
162,$4008_linear,127
162,$400C_const,1
162,$400C_vol,9
163,$4000_duty,3
163,$4000_const,1
163,$4000_vol,13
163,$4004_duty,3
163,$4004_const,1
163,$4004_vol,13
163,$4008_linear,127
163,$400C_const,1
163,$400C_vol,11
164,$4000_duty,3
164,$4000_const,1
164,$4000_vol,11
164,$4004_duty,3
164,$4004_const,1
164,$4004_vol,11
164,$4008_linear,127
164,$400C_const,1
164,$400C_vol,13
165,$4000_duty,3
165,$4000_const,1
165,$4000_vol,9
165,$4004_duty,3
165,$4004_const,1
165,$4004_vol,9
165,$4008_linear,127
165,$400C_const,1
165,$400C_vol,15
166,$4000_duty,3
166,$4000_const,1
166,$4000_vol,8
166,$4004_duty,3
166,$4004_const,1
166,$4004_vol,8
166,$4008_linear,127
166,$400C_const,1
166,$400C_vol,15
166,$400E_period,14
166,$400E_mode,0
167,$4000_duty,3
167,$4000_const,1
167,$4000_vol,7
167,$4004_duty,3
167,$4004_const,1
167,$4004_vol,7
167,$4008_linear,127
167,$400C_const,1
167,$400C_vol,15
167,$400E_period,14
167,$400E_mode,0
168,$4000_duty,3
168,$4000_const,1
168,$4000_vol,7
168,$4004_duty,3
168,$4004_const,1
168,$4004_vol,7
168,$4008_linear,127
168,$400C_const,1
168,$400C_vol,15
169,$4000_duty,3
169,$4000_const,1
169,$4000_vol,7
169,$4004_duty,3
169,$4004_const,1
169,$4004_vol,7
169,$4008_linear,127
169,$400C_const,1
169,$400C_vol,7
170,$4000_duty,3
170,$4000_const,1
170,$4000_vol,7
170,$4004_duty,3
170,$4004_const,1
170,$4004_vol,7
170,$4008_linear,127
170,$400C_const,1
170,$400C_vol,7
171,$4000_duty,3
171,$4000_const,1
171,$4000_vol,7
171,$4004_duty,3
171,$4004_const,1
171,$4004_vol,7
171,$4008_linear,127
171,$400C_const,1
171,$400C_vol,9
172,$4000_duty,3
172,$4000_const,1
172,$4000_vol,7
172,$4004_duty,3
172,$4004_const,1
172,$4004_vol,7
172,$4008_linear,127
172,$400C_const,1
172,$400C_vol,11
173,$4000_duty,3
173,$4000_const,1
173,$4000_vol,7
173,$4004_duty,3
173,$4004_const,1
173,$4004_vol,7
173,$4008_linear,127
173,$400C_const,1
173,$400C_vol,13
174,$4000_duty,3
174,$4000_const,1
174,$4000_vol,7
174,$4004_duty,3
174,$4004_const,1
174,$4004_vol,7
174,$4008_linear,127
174,$400C_const,1
174,$400C_vol,15
175,$4000_duty,3
175,$4000_const,1
175,$4000_vol,7
175,$4001_sweep,0
175,$4002_period,763
175,$400B_length,1
175,$4004_duty,3
175,$4004_const,1
175,$4004_vol,7
175,$4005_sweep,0
175,$4006_period,1017
175,$4008_linear,127
175,$400A_period,1283
175,$400B_length,2
175,$400C_const,1
175,$400C_vol,15
175,$400E_period,14
175,$400E_mode,0
176,$4000_duty,3
176,$4000_const,1
176,$4000_vol,11
176,$4004_duty,3
176,$4004_const,1
176,$4004_vol,11
176,$4008_linear,127
176,$400C_const,1
176,$400C_vol,15
176,$400E_period,14
176,$400E_mode,0
177,$4000_duty,3
177,$4000_const,1
177,$4000_vol,13
177,$4004_duty,3
177,$4004_const,1
177,$4004_vol,13
177,$4008_linear,127
177,$400C_const,1
177,$400C_vol,15
178,$4000_duty,3
178,$4000_const,1
178,$4000_vol,15
178,$4004_duty,3
178,$4004_const,1
178,$4004_vol,15
178,$4008_linear,127
178,$400C_const,1
178,$400C_vol,15
179,$4000_duty,3
179,$4000_const,1
179,$4000_vol,15
179,$4004_duty,3
179,$4004_const,1
179,$4004_vol,15
179,$4008_linear,127
179,$400C_const,1
179,$400C_vol,15
180,$4000_duty,3
180,$4000_const,1
180,$4000_vol,15
180,$4004_duty,3
180,$4004_const,1
180,$4004_vol,15
180,$4008_linear,127
180,$400C_const,1
180,$400C_vol,9
181,$4000_duty,3
181,$4000_const,1
181,$4000_vol,13
181,$4004_duty,3
181,$4004_const,1
181,$4004_vol,13
181,$4008_linear,127
181,$400C_const,1
181,$400C_vol,11
182,$4000_duty,3
182,$4000_const,1
182,$4000_vol,11
182,$4004_duty,3
182,$4004_const,1
182,$4004_vol,11
182,$4008_linear,127
182,$400C_const,1
182,$400C_vol,13
183,$4000_duty,3
183,$4000_const,1
183,$4000_vol,9
183,$4004_duty,3
183,$4004_const,1
183,$4004_vol,9
183,$4008_linear,127
183,$400C_const,1
183,$400C_vol,15
184,$4000_duty,3
184,$4000_const,1
184,$4000_vol,9
184,$4001_sweep,0
184,$4002_period,571
184,$400B_length,1
184,$4004_duty,3
184,$4004_const,1
184,$4004_vol,9
184,$4005_sweep,0
184,$4006_period,679
184,$4008_linear,127
184,$400A_period,1359
184,$400B_length,2
184,$400C_const,1
184,$400C_vol,15
184,$400E_period,14
184,$400E_mode,0
185,$4000_duty,3
185,$4000_const,1
185,$4000_vol,11
185,$4004_duty,3
185,$4004_const,1
185,$4004_vol,11
185,$4008_linear,127
185,$400C_const,1
185,$400C_vol,15
185,$400E_period,14
185,$400E_mode,0
186,$4000_duty,3
186,$4000_const,1
186,$4000_vol,13
186,$4004_duty,3
186,$4004_const,1
186,$4004_vol,13
186,$4008_linear,127
186,$400C_const,1
186,$400C_vol,15
187,$4000_duty,3
187,$4000_const,1
187,$4000_vol,15
187,$4004_duty,3
187,$4004_const,1
187,$4004_vol,15
187,$4008_linear,127
187,$400C_const,1
187,$400C_vol,15
188,$4000_duty,3
188,$4000_const,1
188,$4000_vol,15
188,$4004_duty,3
188,$4004_const,1
188,$4004_vol,15
188,$4008_linear,127
188,$400C_const,1
188,$400C_vol,15
189,$4000_duty,3
189,$4000_const,1
189,$4000_vol,15
189,$4004_duty,3
189,$4004_const,1
189,$4004_vol,15
189,$4008_linear,127
189,$400C_const,1
189,$400C_vol,9
190,$4000_duty,3
190,$4000_const,1
190,$4000_vol,13
190,$4004_duty,3
190,$4004_const,1
190,$4004_vol,13
190,$4008_linear,127
190,$400C_const,1
190,$400C_vol,11
191,$4000_duty,3
191,$4000_const,1
191,$4000_vol,11
191,$4004_duty,3
191,$4004_const,1
191,$4004_vol,11
191,$4008_linear,127
191,$400C_const,1
191,$400C_vol,13
192,$4000_duty,3
192,$4000_const,1
192,$4000_vol,9
192,$4004_duty,3
192,$4004_const,1
192,$4004_vol,9
192,$4008_linear,127
192,$400C_const,1
192,$400C_vol,15
193,$4000_duty,3
193,$4000_const,1
193,$4000_vol,8
193,$4004_duty,3
193,$4004_const,1
193,$4004_vol,8
193,$4008_linear,127
193,$400C_const,1
193,$400C_vol,15
194,$4000_duty,3
194,$4000_const,1
194,$4000_vol,7
194,$4004_duty,3
194,$4004_const,1
194,$4004_vol,7
194,$4008_linear,127
194,$400C_const,1
194,$400C_vol,15
195,$4000_duty,3
195,$4000_const,1
195,$4000_vol,7
195,$4004_duty,3
195,$4004_const,1
195,$4004_vol,7
195,$4008_linear,127
195,$400C_const,1
195,$400C_vol,13
196,$4000_duty,3
196,$4000_const,1
196,$4000_vol,7
196,$4004_duty,3
196,$4004_const,1
196,$4004_vol,7
196,$4008_linear,127
196,$400C_const,1
196,$400C_vol,11
197,$4000_duty,3
197,$4000_const,1
197,$4000_vol,7
197,$4004_duty,3
197,$4004_const,1
197,$4004_vol,7
197,$4008_linear,127
197,$400C_const,1
197,$400C_vol,9
198,$4000_duty,3
198,$4000_const,1
198,$4000_vol,7
198,$4004_duty,3
198,$4004_const,1
198,$4004_vol,7
198,$4008_linear,127
198,$400C_const,1
198,$400C_vol,8
199,$4000_duty,3
199,$4000_const,1
199,$4000_vol,7
199,$4004_duty,3
199,$4004_const,1
199,$4004_vol,7
199,$4008_linear,127
199,$400C_const,1
199,$400C_vol,7
200,$4000_duty,3
200,$4000_const,1
200,$4000_vol,7
200,$4004_duty,3
200,$4004_const,1
200,$4004_vol,7
200,$4008_linear,127
200,$400C_const,1
200,$400C_vol,7
201,$4000_duty,3
201,$4000_const,1
201,$4000_vol,7
201,$4004_duty,3
201,$4004_const,1
201,$4004_vol,7
201,$4008_linear,127
201,$400C_const,1
201,$400C_vol,7
202,$4000_duty,3
202,$4000_const,1
202,$4000_vol,7
202,$4004_duty,3
202,$4004_const,1
202,$4004_vol,7
202,$4008_linear,127
202,$400A_period,1359
202,$400B_length,2
202,$400C_const,1
202,$400C_vol,7
202,$400E_period,14
202,$400E_mode,0
203,$4000_duty,3
203,$4000_const,1
203,$4000_vol,7
203,$4004_duty,3
203,$4004_const,1
203,$4004_vol,7
203,$4008_linear,127
203,$400C_const,1
203,$400C_vol,7
203,$400E_period,14
203,$400E_mode,0
204,$4000_duty,3
204,$4000_const,1
204,$4000_vol,7
204,$4004_duty,3
204,$4004_const,1
204,$4004_vol,7
204,$4008_linear,127
204,$400C_const,1
204,$400C_vol,15
205,$4000_duty,3
205,$4000_const,1
205,$4000_vol,7
205,$4004_duty,3
205,$4004_const,1
205,$4004_vol,7
205,$4008_linear,127
205,$400C_const,1
205,$400C_vol,7
206,$4000_duty,3
206,$4000_const,1
206,$4000_vol,7
206,$4004_duty,3
206,$4004_const,1
206,$4004_vol,7
206,$4008_linear,127
206,$400C_const,1
206,$400C_vol,7
207,$4000_duty,3
207,$4000_const,1
207,$4000_vol,7
207,$4004_duty,3
207,$4004_const,1
207,$4004_vol,7
207,$4008_linear,127
207,$400C_const,1
207,$400C_vol,9
208,$4000_duty,3
208,$4000_const,1
208,$4000_vol,7
208,$4004_duty,3
208,$4004_const,1
208,$4004_vol,7
208,$4008_linear,127
208,$400C_const,1
208,$400C_vol,11
209,$4000_duty,3
209,$4000_const,1
209,$4000_vol,7
209,$4004_duty,3
209,$4004_const,1
209,$4004_vol,7
209,$4008_linear,127
209,$400C_const,1
209,$400C_vol,13
210,$4000_duty,3
210,$4000_const,1
210,$4000_vol,7
210,$4004_duty,3
210,$4004_const,1
210,$4004_vol,7
210,$4008_linear,127
210,$400C_const,1
210,$400C_vol,15
211,$4000_duty,3
211,$4000_const,1
211,$4000_vol,7
211,$4001_sweep,0
211,$4002_period,427
211,$400B_length,0
211,$4004_duty,3
211,$4004_const,1
211,$4004_vol,7
211,$4005_sweep,0
211,$4006_period,571
211,$4008_linear,127
211,$400A_period,1359
211,$400B_length,2
211,$400C_const,1
211,$400C_vol,15
211,$400E_period,6
211,$400E_mode,0
212,$4000_duty,3
212,$4000_const,1
212,$4000_vol,11
212,$4004_duty,3
212,$4004_const,1
212,$4004_vol,11
212,$4008_linear,127
212,$400C_const,1
212,$400C_vol,15
212,$400E_period,6
212,$400E_mode,0
213,$4000_duty,3
213,$4000_const,1
213,$4000_vol,13
213,$4004_duty,3
213,$4004_const,1
213,$4004_vol,13
213,$4008_linear,127
213,$400C_const,1
213,$400C_vol,15
214,$4000_duty,3
214,$4000_const,1
214,$4000_vol,15
214,$4004_duty,3
214,$4004_const,1
214,$4004_vol,15
214,$4008_linear,127
214,$400C_const,1
214,$400C_vol,15
215,$4000_duty,3
215,$4000_const,1
215,$4000_vol,15
215,$4004_duty,3
215,$4004_const,1
215,$4004_vol,15
215,$4008_linear,127
215,$400C_const,1
215,$400C_vol,15
216,$4000_duty,3
216,$4000_const,1
216,$4000_vol,15
216,$4004_duty,3
216,$4004_const,1
216,$4004_vol,15
216,$4008_linear,127
216,$400C_const,1
216,$400C_vol,9
217,$4000_duty,3
217,$4000_const,1
217,$4000_vol,13
217,$4004_duty,3
217,$4004_const,1
217,$4004_vol,13
217,$4008_linear,127
217,$400C_const,1
217,$400C_vol,11
218,$4000_duty,3
218,$4000_const,1
218,$4000_vol,11
218,$4004_duty,3
218,$4004_const,1
218,$4004_vol,11
218,$4008_linear,127
218,$400C_const,1
218,$400C_vol,13
219,$4000_duty,3
219,$4000_const,1
219,$4000_vol,9
219,$4004_duty,3
219,$4004_const,1
219,$4004_vol,9
219,$4008_linear,127
219,$400C_const,1
219,$400C_vol,15
220,$4000_duty,3
220,$4000_const,1
220,$4000_vol,8
220,$4004_duty,3
220,$4004_const,1
220,$4004_vol,8
220,$4008_linear,127
220,$400C_const,1
220,$400C_vol,15
220,$400E_period,14
220,$400E_mode,0
221,$4000_duty,3
221,$4000_const,1
221,$4000_vol,7
221,$4004_duty,3
221,$4004_const,1
221,$4004_vol,7
221,$4008_linear,127
221,$400C_const,1
221,$400C_vol,15
221,$400E_period,14
221,$400E_mode,0
222,$4000_duty,3
222,$4000_const,1
222,$4000_vol,7
222,$4004_duty,3
222,$4004_const,1
222,$4004_vol,7
222,$4008_linear,127
222,$400C_const,1
222,$400C_vol,15
223,$4000_duty,3
223,$4000_const,1
223,$4000_vol,7
223,$4004_duty,3
223,$4004_const,1
223,$4004_vol,7
223,$4008_linear,127
223,$400C_const,1
223,$400C_vol,7
224,$4000_duty,3
224,$4000_const,1
224,$4000_vol,7
224,$4004_duty,3
224,$4004_const,1
224,$4004_vol,7
224,$4008_linear,127
224,$400C_const,1
224,$400C_vol,7
225,$4000_duty,3
225,$4000_const,1
225,$4000_vol,7
225,$4004_duty,3
225,$4004_const,1
225,$4004_vol,7
225,$4008_linear,127
225,$400C_const,1
225,$400C_vol,9
226,$4000_duty,3
226,$4000_const,1
226,$4000_vol,7
226,$4004_duty,3
226,$4004_const,1
226,$4004_vol,7
226,$4008_linear,127
226,$400C_const,1
226,$400C_vol,11
227,$4000_duty,3
227,$4000_const,1
227,$4000_vol,7
227,$4004_duty,3
227,$4004_const,1
227,$4004_vol,7
227,$4008_linear,127
227,$400C_const,1
227,$400C_vol,13
228,$4000_duty,3
228,$4000_const,1
228,$4000_vol,7
228,$4004_duty,3
228,$4004_const,1
228,$4004_vol,7
228,$4008_linear,127
228,$400C_const,1
228,$400C_vol,15
229,$4000_duty,3
229,$4000_const,1
229,$4000_vol,7
229,$4004_duty,3
229,$4004_const,1
229,$4004_vol,7
229,$4008_linear,127
229,$400A_period,1359
229,$400B_length,2
229,$400C_const,1
229,$400C_vol,15
229,$400E_period,14
229,$400E_mode,0
230,$4000_duty,3
230,$4000_const,1
230,$4000_vol,7
230,$4004_duty,3
230,$4004_const,1
230,$4004_vol,7
230,$4008_linear,127
230,$400C_const,1
230,$400C_vol,15
230,$400E_period,14
230,$400E_mode,0
231,$4000_duty,3
231,$4000_const,1
231,$4000_vol,7
231,$4004_duty,3
231,$4004_const,1
231,$4004_vol,7
231,$4008_linear,127
231,$400C_const,1
231,$400C_vol,15
232,$4000_duty,3
232,$4000_const,1
232,$4000_vol,7
232,$4004_duty,3
232,$4004_const,1
232,$4004_vol,7
232,$4008_linear,127
232,$400C_const,1
232,$400C_vol,7
233,$4000_duty,3
233,$4000_const,1
233,$4000_vol,7
233,$4004_duty,3
233,$4004_const,1
233,$4004_vol,7
233,$4008_linear,127
233,$400C_const,1
233,$400C_vol,7
234,$4000_duty,3
234,$4000_const,1
234,$4000_vol,7
234,$4004_duty,3
234,$4004_const,1
234,$4004_vol,7
234,$4008_linear,127
234,$400C_const,1
234,$400C_vol,9
235,$4000_duty,3
235,$4000_const,1
235,$4000_vol,7
235,$4004_duty,3
235,$4004_const,1
235,$4004_vol,7
235,$4008_linear,127
235,$400C_const,1
235,$400C_vol,11
236,$4000_duty,3
236,$4000_const,1
236,$4000_vol,7
236,$4004_duty,3
236,$4004_const,1
236,$4004_vol,7
236,$4008_linear,127
236,$400C_const,1
236,$400C_vol,13
237,$4000_duty,3
237,$4000_const,1
237,$4000_vol,7
237,$4004_duty,3
237,$4004_const,1
237,$4004_vol,7
237,$4008_linear,127
237,$400C_const,1
237,$400C_vol,15
238,$4000_duty,3
238,$4000_const,1
238,$4000_vol,7
238,$4001_sweep,0
238,$4002_period,453
238,$400B_length,0
238,$4004_duty,3
238,$4004_const,1
238,$4004_vol,7
238,$4005_sweep,0
238,$4006_period,571
238,$4008_linear,127
238,$400A_period,1359
238,$400B_length,2
238,$400C_const,1
238,$400C_vol,15
238,$400E_period,14
238,$400E_mode,0
239,$4000_duty,3
239,$4000_const,1
239,$4000_vol,11
239,$4004_duty,3
239,$4004_const,1
239,$4004_vol,11
239,$4008_linear,127
239,$400C_const,1
239,$400C_vol,15
239,$400E_period,14
239,$400E_mode,0
240,$4000_duty,3
240,$4000_const,1
240,$4000_vol,13
240,$4004_duty,3
240,$4004_const,1
240,$4004_vol,13
240,$4008_linear,127
240,$400C_const,1
240,$400C_vol,15
241,$4000_duty,3
241,$4000_const,1
241,$4000_vol,15
241,$4004_duty,3
241,$4004_const,1
241,$4004_vol,15
241,$4008_linear,127
241,$400C_const,1
241,$400C_vol,15
242,$4000_duty,3
242,$4000_const,1
242,$4000_vol,15
242,$4004_duty,3
242,$4004_const,1
242,$4004_vol,15
242,$4008_linear,127
242,$400C_const,1
242,$400C_vol,15
243,$4000_duty,3
243,$4000_const,1
243,$4000_vol,15
243,$4004_duty,3
243,$4004_const,1
243,$4004_vol,15
243,$4008_linear,127
243,$400C_const,1
243,$400C_vol,9
244,$4000_duty,3
244,$4000_const,1
244,$4000_vol,13
244,$4004_duty,3
244,$4004_const,1
244,$4004_vol,13
244,$4008_linear,127
244,$400C_const,1
244,$400C_vol,11
245,$4000_duty,3
245,$4000_const,1
245,$4000_vol,11
245,$4004_duty,3
245,$4004_const,1
245,$4004_vol,11
245,$4008_linear,127
245,$400C_const,1
245,$400C_vol,13
246,$4000_duty,3
246,$4000_const,1
246,$4000_vol,9
246,$4004_duty,3
246,$4004_const,1
246,$4004_vol,9
246,$4008_linear,127
246,$400C_const,1
246,$400C_vol,15
247,$4000_duty,3
247,$4000_const,1
247,$4000_vol,8
247,$4004_duty,3
247,$4004_const,1
247,$4004_vol,8
247,$4008_linear,127
247,$400C_const,1
247,$400C_vol,15
248,$4000_duty,3
248,$4000_const,1
248,$4000_vol,7
248,$4004_duty,3
248,$4004_const,1
248,$4004_vol,7
248,$4008_linear,127
248,$400C_const,1
248,$400C_vol,15
249,$4000_duty,3
249,$4000_const,1
249,$4000_vol,7
249,$4004_duty,3
249,$4004_const,1
249,$4004_vol,7
249,$4008_linear,127
249,$400C_const,1
249,$400C_vol,13
250,$4000_duty,3
250,$4000_const,1
250,$4000_vol,7
250,$4004_duty,3
250,$4004_const,1
250,$4004_vol,7
250,$4008_linear,127
250,$400C_const,1
250,$400C_vol,11
251,$4000_duty,3
251,$4000_const,1
251,$4000_vol,7
251,$4004_duty,3
251,$4004_const,1
251,$4004_vol,7
251,$4008_linear,127
251,$400C_const,1
251,$400C_vol,9
252,$4000_duty,3
252,$4000_const,1
252,$4000_vol,7
252,$4004_duty,3
252,$4004_const,1
252,$4004_vol,7
252,$4008_linear,127
252,$400C_const,1
252,$400C_vol,8
253,$4000_duty,3
253,$4000_const,1
253,$4000_vol,7
253,$4004_duty,3
253,$4004_const,1
253,$4004_vol,7
253,$4008_linear,127
253,$400C_const,1
253,$400C_vol,7
254,$4000_duty,3
254,$4000_const,1
254,$4000_vol,7
254,$4004_duty,3
254,$4004_const,1
254,$4004_vol,7
254,$4008_linear,127
254,$400C_const,1
254,$400C_vol,7
255,$4000_duty,3
255,$4000_const,1
255,$4000_vol,7
255,$4004_duty,3
255,$4004_const,1
255,$4004_vol,7
255,$4008_linear,127
255,$400C_const,1
255,$400C_vol,7
256,$4000_duty,3
256,$4000_const,1
256,$4000_vol,7
256,$4004_duty,3
256,$4004_const,1
256,$4004_vol,7
256,$4008_linear,127
256,$400A_period,1359
256,$400B_length,2
256,$400C_const,1
256,$400C_vol,7
256,$400E_period,14
256,$400E_mode,0
257,$4000_duty,3
257,$4000_const,1
257,$4000_vol,7
257,$4004_duty,3
257,$4004_const,1
257,$4004_vol,7
257,$4008_linear,127
257,$400C_const,1
257,$400C_vol,7
257,$400E_period,14
257,$400E_mode,0
258,$4000_duty,3
258,$4000_const,1
258,$4000_vol,7
258,$4004_duty,3
258,$4004_const,1
258,$4004_vol,7
258,$4008_linear,127
258,$400C_const,1
258,$400C_vol,15
259,$4000_duty,3
259,$4000_const,1
259,$4000_vol,7
259,$4004_duty,3
259,$4004_const,1
259,$4004_vol,7
259,$4008_linear,127
259,$400C_const,1
259,$400C_vol,7
260,$4000_duty,3
260,$4000_const,1
260,$4000_vol,7
260,$4004_duty,3
260,$4004_const,1
260,$4004_vol,7
260,$4008_linear,127
260,$400C_const,1
260,$400C_vol,7
261,$4000_duty,3
261,$4000_const,1
261,$4000_vol,7
261,$4004_duty,3
261,$4004_const,1
261,$4004_vol,7
261,$4008_linear,127
261,$400C_const,1
261,$400C_vol,9
262,$4000_duty,3
262,$4000_const,1
262,$4000_vol,7
262,$4004_duty,3
262,$4004_const,1
262,$4004_vol,7
262,$4008_linear,127
262,$400C_const,1
262,$400C_vol,11
263,$4000_duty,3
263,$4000_const,1
263,$4000_vol,7
263,$4004_duty,3
263,$4004_const,1
263,$4004_vol,7
263,$4008_linear,127
263,$400C_const,1
263,$400C_vol,13
264,$4000_duty,3
264,$4000_const,1
264,$4000_vol,7
264,$4004_duty,3
264,$4004_const,1
264,$4004_vol,7
264,$4008_linear,127
264,$400C_const,1
264,$400C_vol,15
265,$4000_duty,3
265,$4000_const,1
265,$4000_vol,7
265,$4001_sweep,0
265,$4002_period,453
265,$400B_length,0
265,$4004_duty,3
265,$4004_const,1
265,$4004_vol,7
265,$4005_sweep,0
265,$4006_period,571
265,$4008_linear,127
265,$400A_period,1359
265,$400B_length,2
265,$400C_const,1
265,$400C_vol,15
265,$400E_period,6
265,$400E_mode,0
266,$4000_duty,3
266,$4000_const,1
266,$4000_vol,11
266,$4004_duty,3
266,$4004_const,1
266,$4004_vol,11
266,$4008_linear,127
266,$400C_const,1
266,$400C_vol,15
266,$400E_period,6
266,$400E_mode,0
267,$4000_duty,3
267,$4000_const,1
267,$4000_vol,13
267,$4004_duty,3
267,$4004_const,1
267,$4004_vol,13
267,$4008_linear,127
267,$400C_const,1
267,$400C_vol,15
268,$4000_duty,3
268,$4000_const,1
268,$4000_vol,15
268,$4004_duty,3
268,$4004_const,1
268,$4004_vol,15
268,$4008_linear,127
268,$400C_const,1
268,$400C_vol,15
269,$4000_duty,3
269,$4000_const,1
269,$4000_vol,15
269,$4004_duty,3
269,$4004_const,1
269,$4004_vol,15
269,$4008_linear,127
269,$400C_const,1
269,$400C_vol,15
270,$4000_duty,3
270,$4000_const,1
270,$4000_vol,15
270,$4004_duty,3
270,$4004_const,1
270,$4004_vol,15
270,$4008_linear,127
270,$400C_const,1
270,$400C_vol,9
271,$4000_duty,3
271,$4000_const,1
271,$4000_vol,13
271,$4004_duty,3
271,$4004_const,1
271,$4004_vol,13
271,$4008_linear,127
271,$400C_const,1
271,$400C_vol,11
272,$4000_duty,3
272,$4000_const,1
272,$4000_vol,11
272,$4004_duty,3
272,$4004_const,1
272,$4004_vol,11
272,$4008_linear,127
272,$400C_const,1
272,$400C_vol,13
273,$4000_duty,3
273,$4000_const,1
273,$4000_vol,9
273,$4004_duty,3
273,$4004_const,1
273,$4004_vol,9
273,$4008_linear,127
273,$400C_const,1
273,$400C_vol,15
274,$4000_duty,3
274,$4000_const,1
274,$4000_vol,9
274,$4001_sweep,0
274,$4002_period,427
274,$400B_length,0
274,$4004_duty,3
274,$4004_const,1
274,$4004_vol,9
274,$4005_sweep,0
274,$4006_period,509
274,$4008_linear,127
274,$400C_const,1
274,$400C_vol,15
274,$400E_period,14
274,$400E_mode,0
275,$4000_duty,3
275,$4000_const,1
275,$4000_vol,11
275,$4004_duty,3
275,$4004_const,1
275,$4004_vol,11
275,$4008_linear,127
275,$400C_const,1
275,$400C_vol,15
275,$400E_period,14
275,$400E_mode,0
276,$4000_duty,3
276,$4000_const,1
276,$4000_vol,13
276,$4004_duty,3
276,$4004_const,1
276,$4004_vol,13
276,$4008_linear,127
276,$400C_const,1
276,$400C_vol,15
277,$4000_duty,3
277,$4000_const,1
277,$4000_vol,15
277,$4004_duty,3
277,$4004_const,1
277,$4004_vol,15
277,$4008_linear,127
277,$400C_const,1
277,$400C_vol,15
278,$4000_duty,3
278,$4000_const,1
278,$4000_vol,15
278,$4004_duty,3
278,$4004_const,1
278,$4004_vol,15
278,$4008_linear,127
278,$400C_const,1
278,$400C_vol,15
279,$4000_duty,3
279,$4000_const,1
279,$4000_vol,15
279,$4004_duty,3
279,$4004_const,1
279,$4004_vol,15
279,$4008_linear,127
279,$400C_const,1
279,$400C_vol,9
280,$4000_duty,3
280,$4000_const,1
280,$4000_vol,13
280,$4004_duty,3
280,$4004_const,1
280,$4004_vol,13
280,$4008_linear,127
280,$400C_const,1
280,$400C_vol,11
281,$4000_duty,3
281,$4000_const,1
281,$4000_vol,11
281,$4004_duty,3
281,$4004_const,1
281,$4004_vol,11
281,$4008_linear,127
281,$400C_const,1
281,$400C_vol,13
282,$4000_duty,3
282,$4000_const,1
282,$4000_vol,9
282,$4004_duty,3
282,$4004_const,1
282,$4004_vol,9
282,$4008_linear,127
282,$400C_const,1
282,$400C_vol,15
283,$4000_duty,3
283,$4000_const,1
283,$4000_vol,9
283,$4001_sweep,0
283,$4002_period,381
283,$400B_length,0
283,$4004_duty,3
283,$4004_const,1
283,$4004_vol,9
283,$4005_sweep,0
283,$4006_period,453
283,$4008_linear,127
283,$400A_period,1359
283,$400B_length,2
283,$400C_const,1
283,$400C_vol,15
283,$400E_period,14
283,$400E_mode,0
284,$4000_duty,3
284,$4000_const,1
284,$4000_vol,11
284,$4004_duty,3
284,$4004_const,1
284,$4004_vol,11
284,$4008_linear,127
284,$400C_const,1
284,$400C_vol,15
284,$400E_period,14
284,$400E_mode,0
285,$4000_duty,3
285,$4000_const,1
285,$4000_vol,13
285,$4004_duty,3
285,$4004_const,1
285,$4004_vol,13
285,$4008_linear,127
285,$400C_const,1
285,$400C_vol,15
286,$4000_duty,3
286,$4000_const,1
286,$4000_vol,15
286,$4004_duty,3
286,$4004_const,1
286,$4004_vol,15
286,$4008_linear,127
286,$400C_const,1
286,$400C_vol,15
287,$4000_duty,3
287,$4000_const,1
287,$4000_vol,15
287,$4004_duty,3
287,$4004_const,1
287,$4004_vol,15
287,$4008_linear,127
287,$400C_const,1
287,$400C_vol,15
288,$4000_duty,3
288,$4000_const,1
288,$4000_vol,15
288,$4004_duty,3
288,$4004_const,1
288,$4004_vol,15
288,$4008_linear,127
288,$400C_const,1
288,$400C_vol,9
289,$4000_duty,3
289,$4000_const,1
289,$4000_vol,13
289,$4004_duty,3
289,$4004_const,1
289,$4004_vol,13
289,$4008_linear,127
289,$400C_const,1
289,$400C_vol,11
290,$4000_duty,3
290,$4000_const,1
290,$4000_vol,11
290,$4004_duty,3
290,$4004_const,1
290,$4004_vol,11
290,$4008_linear,127
290,$400C_const,1
290,$400C_vol,13
291,$4000_duty,3
291,$4000_const,1
291,$4000_vol,9
291,$4004_duty,3
291,$4004_const,1
291,$4004_vol,9
291,$4008_linear,127
291,$400C_const,1
291,$400C_vol,15
292,$4000_duty,3
292,$4000_const,1
292,$4000_vol,9
292,$4001_sweep,0
292,$4002_period,381
292,$400B_length,0
292,$4004_duty,3
292,$4004_const,1
292,$4004_vol,9
292,$4005_sweep,0
292,$4006_period,509
292,$4008_linear,127
292,$400A_period,1525
292,$400B_length,2
292,$400C_const,1
292,$400C_vol,15
292,$400E_period,14
292,$400E_mode,0
293,$4000_duty,3
293,$4000_const,1
293,$4000_vol,11
293,$4004_duty,3
293,$4004_const,1
293,$4004_vol,11
293,$4008_linear,127
293,$400C_const,1
293,$400C_vol,15
293,$400E_period,14
293,$400E_mode,0
294,$4000_duty,3
294,$4000_const,1
294,$4000_vol,13
294,$4004_duty,3
294,$4004_const,1
294,$4004_vol,13
294,$4008_linear,127
294,$400C_const,1
294,$400C_vol,15
295,$4000_duty,3
295,$4000_const,1
295,$4000_vol,15
295,$4004_duty,3
295,$4004_const,1
295,$4004_vol,15
295,$4008_linear,127
295,$400C_const,1
295,$400C_vol,15
296,$4000_duty,3
296,$4000_const,1
296,$4000_vol,15
296,$4004_duty,3
296,$4004_const,1
296,$4004_vol,15
296,$4008_linear,127
296,$400C_const,1
296,$400C_vol,15
297,$4000_duty,3
297,$4000_const,1
297,$4000_vol,15
297,$4004_duty,3
297,$4004_const,1
297,$4004_vol,15
297,$4008_linear,127
297,$400C_const,1
297,$400C_vol,9
298,$4000_duty,3
298,$4000_const,1
298,$4000_vol,13
298,$4004_duty,3
298,$4004_const,1
298,$4004_vol,13
298,$4008_linear,127
298,$400C_const,1
298,$400C_vol,11
299,$4000_duty,3
299,$4000_const,1
299,$4000_vol,11
299,$4004_duty,3
299,$4004_const,1
299,$4004_vol,11
299,$4008_linear,127
299,$400C_const,1
299,$400C_vol,13
300,$4000_duty,3
300,$4000_const,1
300,$4000_vol,9
300,$4004_duty,3
300,$4004_const,1
300,$4004_vol,9
300,$4008_linear,127
300,$400C_const,1
300,$400C_vol,15
301,$4000_duty,3
301,$4000_const,1
301,$4000_vol,8
301,$4004_duty,3
301,$4004_const,1
301,$4004_vol,8
301,$4008_linear,127
301,$400C_const,1
301,$400C_vol,15
302,$4000_duty,3
302,$4000_const,1
302,$4000_vol,7
302,$4004_duty,3
302,$4004_const,1
302,$4004_vol,7
302,$4008_linear,127
302,$400C_const,1
302,$400C_vol,15
303,$4000_duty,3
303,$4000_const,1
303,$4000_vol,7
303,$4004_duty,3
303,$4004_const,1
303,$4004_vol,7
303,$4008_linear,127
303,$400C_const,1
303,$400C_vol,13
304,$4000_duty,3
304,$4000_const,1
304,$4000_vol,7
304,$4004_duty,3
304,$4004_const,1
304,$4004_vol,7
304,$4008_linear,127
304,$400C_const,1
304,$400C_vol,11
305,$4000_duty,3
305,$4000_const,1
305,$4000_vol,7
305,$4004_duty,3
305,$4004_const,1
305,$4004_vol,7
305,$4008_linear,127
305,$400C_const,1
305,$400C_vol,9
306,$4000_duty,3
306,$4000_const,1
306,$4000_vol,7
306,$4004_duty,3
306,$4004_const,1
306,$4004_vol,7
306,$4008_linear,127
306,$400C_const,1
306,$400C_vol,8
307,$4000_duty,3
307,$4000_const,1
307,$4000_vol,7
307,$4004_duty,3
307,$4004_const,1
307,$4004_vol,7
307,$4008_linear,127
307,$400C_const,1
307,$400C_vol,7
308,$4000_duty,3
308,$4000_const,1
308,$4000_vol,7
308,$4004_duty,3
308,$4004_const,1
308,$4004_vol,7
308,$4008_linear,127
308,$400C_const,1
308,$400C_vol,7
309,$4000_duty,3
309,$4000_const,1
309,$4000_vol,7
309,$4004_duty,3
309,$4004_const,1
309,$4004_vol,7
309,$4008_linear,127
309,$400C_const,1
309,$400C_vol,7
310,$4000_duty,3
310,$4000_const,1
310,$4000_vol,7
310,$4001_sweep,0
310,$4002_period,763
310,$400B_length,1
310,$4004_duty,3
310,$4004_const,1
310,$4004_vol,7
310,$4005_sweep,0
310,$4006_period,1017
310,$4008_linear,127
310,$400A_period,1525
310,$400B_length,2
310,$400C_const,1
310,$400C_vol,7
310,$400E_period,14
310,$400E_mode,0
311,$4000_duty,3
311,$4000_const,1
311,$4000_vol,11
311,$4004_duty,3
311,$4004_const,1
311,$4004_vol,11
311,$4008_linear,127
311,$400C_const,1
311,$400C_vol,7
311,$400E_period,14
311,$400E_mode,0
312,$4000_duty,3
312,$4000_const,1
312,$4000_vol,13
312,$4004_duty,3
312,$4004_const,1
312,$4004_vol,13
312,$4008_linear,127
312,$400C_const,1
312,$400C_vol,15
313,$4000_duty,3
313,$4000_const,1
313,$4000_vol,15
313,$4004_duty,3
313,$4004_const,1
313,$4004_vol,15
313,$4008_linear,127
313,$400C_const,1
313,$400C_vol,15
314,$4000_duty,3
314,$4000_const,1
314,$4000_vol,15
314,$4004_duty,3
314,$4004_const,1
314,$4004_vol,15
314,$4008_linear,127
314,$400C_const,1
314,$400C_vol,15
315,$4000_duty,3
315,$4000_const,1
315,$4000_vol,15
315,$4004_duty,3
315,$4004_const,1
315,$4004_vol,15
315,$4008_linear,127
315,$400C_const,1
315,$400C_vol,9
316,$4000_duty,3
316,$4000_const,1
316,$4000_vol,13
316,$4004_duty,3
316,$4004_const,1
316,$4004_vol,13
316,$4008_linear,127
316,$400C_const,1
316,$400C_vol,11
317,$4000_duty,3
317,$4000_const,1
317,$4000_vol,11
317,$4004_duty,3
317,$4004_const,1
317,$4004_vol,11
317,$4008_linear,127
317,$400C_const,1
317,$400C_vol,13
318,$4000_duty,3
318,$4000_const,1
318,$4000_vol,9
318,$4004_duty,3
318,$4004_const,1
318,$4004_vol,9
318,$4008_linear,127
318,$400C_const,1
318,$400C_vol,15
319,$4000_duty,3
319,$4000_const,1
319,$4000_vol,9
319,$4001_sweep,0
319,$4002_period,763
319,$400B_length,1
319,$4004_duty,3
319,$4004_const,1
319,$4004_vol,9
319,$4005_sweep,0
319,$4006_period,1017
319,$4008_linear,127
319,$400A_period,1525
319,$400B_length,2
319,$400C_const,1
319,$400C_vol,15
319,$400E_period,6
319,$400E_mode,0
320,$4000_duty,3
320,$4000_const,1
320,$4000_vol,11
320,$4004_duty,3
320,$4004_const,1
320,$4004_vol,11
320,$4008_linear,127
320,$400C_const,1
320,$400C_vol,15
320,$400E_period,6
320,$400E_mode,0
321,$4000_duty,3
321,$4000_const,1
321,$4000_vol,13
321,$4004_duty,3
321,$4004_const,1
321,$4004_vol,13
321,$4008_linear,127
321,$400C_const,1
321,$400C_vol,15
322,$4000_duty,3
322,$4000_const,1
322,$4000_vol,15
322,$4004_duty,3
322,$4004_const,1
322,$4004_vol,15
322,$4008_linear,127
322,$400C_const,1
322,$400C_vol,15
323,$4000_duty,3
323,$4000_const,1
323,$4000_vol,15
323,$4004_duty,3
323,$4004_const,1
323,$4004_vol,15
323,$4008_linear,127
323,$400C_const,1
323,$400C_vol,15
324,$4000_duty,3
324,$4000_const,1
324,$4000_vol,15
324,$4004_duty,3
324,$4004_const,1
324,$4004_vol,15
324,$4008_linear,127
324,$400C_const,1
324,$400C_vol,9
325,$4000_duty,3
325,$4000_const,1
325,$4000_vol,13
325,$4004_duty,3
325,$4004_const,1
325,$4004_vol,13
325,$4008_linear,127
325,$400C_const,1
325,$400C_vol,11
326,$4000_duty,3
326,$4000_const,1
326,$4000_vol,11
326,$4004_duty,3
326,$4004_const,1
326,$4004_vol,11
326,$4008_linear,127
326,$400C_const,1
326,$400C_vol,13
327,$4000_duty,3
327,$4000_const,1
327,$4000_vol,9
327,$4004_duty,3
327,$4004_const,1
327,$4004_vol,9
327,$4008_linear,127
327,$400C_const,1
327,$400C_vol,15
328,$4000_duty,3
328,$4000_const,1
328,$4000_vol,8
328,$4004_duty,3
328,$4004_const,1
328,$4004_vol,8
328,$4008_linear,127
328,$400C_const,1
328,$400C_vol,15
328,$400E_period,14
328,$400E_mode,0
329,$4000_duty,3
329,$4000_const,1
329,$4000_vol,7
329,$4004_duty,3
329,$4004_const,1
329,$4004_vol,7
329,$4008_linear,127
329,$400C_const,1
329,$400C_vol,15
329,$400E_period,14
329,$400E_mode,0
330,$4000_duty,3
330,$4000_const,1
330,$4000_vol,7
330,$4004_duty,3
330,$4004_const,1
330,$4004_vol,7
330,$4008_linear,127
330,$400C_const,1
330,$400C_vol,15
331,$4000_duty,3
331,$4000_const,1
331,$4000_vol,7
331,$4004_duty,3
331,$4004_const,1
331,$4004_vol,7
331,$4008_linear,127
331,$400C_const,1
331,$400C_vol,7
332,$4000_duty,3
332,$4000_const,1
332,$4000_vol,7
332,$4004_duty,3
332,$4004_const,1
332,$4004_vol,7
332,$4008_linear,127
332,$400C_const,1
332,$400C_vol,7
333,$4000_duty,3
333,$4000_const,1
333,$4000_vol,7
333,$4004_duty,3
333,$4004_const,1
333,$4004_vol,7
333,$4008_linear,127
333,$400C_const,1
333,$400C_vol,9
334,$4000_duty,3
334,$4000_const,1
334,$4000_vol,7
334,$4004_duty,3
334,$4004_const,1
334,$4004_vol,7
334,$4008_linear,127
334,$400C_const,1
334,$400C_vol,11
335,$4000_duty,3
335,$4000_const,1
335,$4000_vol,7
335,$4004_duty,3
335,$4004_const,1
335,$4004_vol,7
335,$4008_linear,127
335,$400C_const,1
335,$400C_vol,13
336,$4000_duty,3
336,$4000_const,1
336,$4000_vol,7
336,$4004_duty,3
336,$4004_const,1
336,$4004_vol,7
336,$4008_linear,127
336,$400C_const,1
336,$400C_vol,15
337,$4000_duty,3
337,$4000_const,1
337,$4000_vol,7
337,$4004_duty,3
337,$4004_const,1
337,$4004_vol,7
337,$4008_linear,127
337,$400A_period,1525
337,$400B_length,2
337,$400C_const,1
337,$400C_vol,15
337,$400E_period,14
337,$400E_mode,0
338,$4000_duty,3
338,$4000_const,1
338,$4000_vol,7
338,$4004_duty,3
338,$4004_const,1
338,$4004_vol,7
338,$4008_linear,127
338,$400C_const,1
338,$400C_vol,15
338,$400E_period,14
338,$400E_mode,0
339,$4000_duty,3
339,$4000_const,1
339,$4000_vol,7
339,$4004_duty,3
339,$4004_const,1
339,$4004_vol,7
339,$4008_linear,127
339,$400C_const,1
339,$400C_vol,15
340,$4000_duty,3
340,$4000_const,1
340,$4000_vol,7
340,$4004_duty,3
340,$4004_const,1
340,$4004_vol,7
340,$4008_linear,127
340,$400C_const,1
340,$400C_vol,7
341,$4000_duty,3
341,$4000_const,1
341,$4000_vol,7
341,$4004_duty,3
341,$4004_const,1
341,$4004_vol,7
341,$4008_linear,127
341,$400C_const,1
341,$400C_vol,7
342,$4000_duty,3
342,$4000_const,1
342,$4000_vol,7
342,$4004_duty,3
342,$4004_const,1
342,$4004_vol,7
342,$4008_linear,127
342,$400C_const,1
342,$400C_vol,9
343,$4000_duty,3
343,$4000_const,1
343,$4000_vol,7
343,$4004_duty,3
343,$4004_const,1
343,$4004_vol,7
343,$4008_linear,127
343,$400C_const,1
343,$400C_vol,11
344,$4000_duty,3
344,$4000_const,1
344,$4000_vol,7
344,$4004_duty,3
344,$4004_const,1
344,$4004_vol,7
344,$4008_linear,127
344,$400C_const,1
344,$400C_vol,13
345,$4000_duty,3
345,$4000_const,1
345,$4000_vol,7
345,$4004_duty,3
345,$4004_const,1
345,$4004_vol,7
345,$4008_linear,127
345,$400C_const,1
345,$400C_vol,15
346,$4000_duty,3
346,$4000_const,1
346,$4000_vol,7
346,$4004_duty,3
346,$4004_const,1
346,$4004_vol,7
346,$4008_linear,127
346,$400A_period,1525
346,$400B_length,2
346,$400C_const,1
346,$400C_vol,15
346,$400E_period,14
346,$400E_mode,0
347,$4000_duty,3
347,$4000_const,1
347,$4000_vol,7
347,$4004_duty,3
347,$4004_const,1
347,$4004_vol,7
347,$4008_linear,127
347,$400C_const,1
347,$400C_vol,15
347,$400E_period,14
347,$400E_mode,0
348,$4000_duty,3
348,$4000_const,1
348,$4000_vol,7
348,$4004_duty,3
348,$4004_const,1
348,$4004_vol,7
348,$4008_linear,127
348,$400C_const,1
348,$400C_vol,15
349,$4000_duty,3
349,$4000_const,1
349,$4000_vol,7
349,$4004_duty,3
349,$4004_const,1
349,$4004_vol,7
349,$4008_linear,127
349,$400C_const,1
349,$400C_vol,7
350,$4000_duty,3
350,$4000_const,1
350,$4000_vol,7
350,$4004_duty,3
350,$4004_const,1
350,$4004_vol,7
350,$4008_linear,127
350,$400C_const,1
350,$400C_vol,7
351,$4000_duty,3
351,$4000_const,1
351,$4000_vol,7
351,$4004_duty,3
351,$4004_const,1
351,$4004_vol,7
351,$4008_linear,127
351,$400C_const,1
351,$400C_vol,9
352,$4000_duty,3
352,$4000_const,1
352,$4000_vol,7
352,$4004_duty,3
352,$4004_const,1
352,$4004_vol,7
352,$4008_linear,127
352,$400C_const,1
352,$400C_vol,11
353,$4000_duty,3
353,$4000_const,1
353,$4000_vol,7
353,$4004_duty,3
353,$4004_const,1
353,$4004_vol,7
353,$4008_linear,127
353,$400C_const,1
353,$400C_vol,13
354,$4000_duty,3
354,$4000_const,1
354,$4000_vol,7
354,$4004_duty,3
354,$4004_const,1
354,$4004_vol,7
354,$4008_linear,127
354,$400C_const,1
354,$400C_vol,15
355,$4000_duty,3
355,$4000_const,1
355,$4000_vol,7
355,$4004_duty,3
355,$4004_const,1
355,$4004_vol,7
355,$4008_linear,127
355,$400C_const,1
355,$400C_vol,15
355,$400E_period,6
355,$400E_mode,0
356,$4000_duty,3
356,$4000_const,1
356,$4000_vol,7
356,$4004_duty,3
356,$4004_const,1
356,$4004_vol,7
356,$4008_linear,127
356,$400C_const,1
356,$400C_vol,15
356,$400E_period,6
356,$400E_mode,0
357,$4000_duty,3
357,$4000_const,1
357,$4000_vol,7
357,$4004_duty,3
357,$4004_const,1
357,$4004_vol,7
357,$4008_linear,127
357,$400C_const,1
357,$400C_vol,15
358,$4000_duty,3
358,$4000_const,1
358,$4000_vol,7
358,$4004_duty,3
358,$4004_const,1
358,$4004_vol,7
358,$4008_linear,127
358,$400C_const,1
358,$400C_vol,7
359,$4000_duty,3
359,$4000_const,1
359,$4000_vol,7
359,$4004_duty,3
359,$4004_const,1
359,$4004_vol,7
359,$4008_linear,127
359,$400C_const,1
359,$400C_vol,7
360,$4000_duty,3
360,$4000_const,1
360,$4000_vol,7
360,$4004_duty,3
360,$4004_const,1
360,$4004_vol,7
360,$4008_linear,127
360,$400C_const,1
360,$400C_vol,9
361,$4000_duty,3
361,$4000_const,1
361,$4000_vol,7
361,$4004_duty,3
361,$4004_const,1
361,$4004_vol,7
361,$4008_linear,127
361,$400C_const,1
361,$400C_vol,11
362,$4000_duty,3
362,$4000_const,1
362,$4000_vol,7
362,$4004_duty,3
362,$4004_const,1
362,$4004_vol,7
362,$4008_linear,127
362,$400C_const,1
362,$400C_vol,13
363,$4000_duty,3
363,$4000_const,1
363,$4000_vol,7
363,$4004_duty,3
363,$4004_const,1
363,$4004_vol,7
363,$4008_linear,127
363,$400C_const,1
363,$400C_vol,15
364,$4000_duty,3
364,$4000_const,1
364,$4000_vol,7
364,$4004_duty,3
364,$4004_const,1
364,$4004_vol,7
364,$4008_linear,127
364,$400A_period,1525
364,$400B_length,2
364,$400C_const,1
364,$400C_vol,15
364,$400E_period,14
364,$400E_mode,0
365,$4000_duty,3
365,$4000_const,1
365,$4000_vol,7
365,$4004_duty,3
365,$4004_const,1
365,$4004_vol,7
365,$4008_linear,127
365,$400C_const,1
365,$400C_vol,15
365,$400E_period,14
365,$400E_mode,0
366,$4000_duty,3
366,$4000_const,1
366,$4000_vol,7
366,$4004_duty,3
366,$4004_const,1
366,$4004_vol,7
366,$4008_linear,127
366,$400C_const,1
366,$400C_vol,15
367,$4000_duty,3
367,$4000_const,1
367,$4000_vol,7
367,$4004_duty,3
367,$4004_const,1
367,$4004_vol,7
367,$4008_linear,127
367,$400C_const,1
367,$400C_vol,7
368,$4000_duty,3
368,$4000_const,1
368,$4000_vol,7
368,$4004_duty,3
368,$4004_const,1
368,$4004_vol,7
368,$4008_linear,127
368,$400C_const,1
368,$400C_vol,7
369,$4000_duty,3
369,$4000_const,1
369,$4000_vol,7
369,$4004_duty,3
369,$4004_const,1
369,$4004_vol,7
369,$4008_linear,127
369,$400C_const,1
369,$400C_vol,9
370,$4000_duty,3
370,$4000_const,1
370,$4000_vol,7
370,$4004_duty,3
370,$4004_const,1
370,$4004_vol,7
370,$4008_linear,127
370,$400C_const,1
370,$400C_vol,11
371,$4000_duty,3
371,$4000_const,1
371,$4000_vol,7
371,$4004_duty,3
371,$4004_const,1
371,$4004_vol,7
371,$4008_linear,127
371,$400C_const,1
371,$400C_vol,13
372,$4000_duty,3
372,$4000_const,1
372,$4000_vol,7
372,$4004_duty,3
372,$4004_const,1
372,$4004_vol,7
372,$4008_linear,127
372,$400C_const,1
372,$400C_vol,15
373,$4000_duty,3
373,$4000_const,1
373,$4000_vol,7
373,$4001_sweep,0
373,$4002_period,763
373,$400B_length,1
373,$4004_duty,3
373,$4004_const,1
373,$4004_vol,7
373,$4005_sweep,0
373,$4006_period,1017
373,$4008_linear,127
373,$400A_period,1525
373,$400B_length,2
373,$400C_const,1
373,$400C_vol,15
373,$400E_period,6
373,$400E_mode,0
374,$4000_duty,3
374,$4000_const,1
374,$4000_vol,11
374,$4004_duty,3
374,$4004_const,1
374,$4004_vol,11
374,$4008_linear,127
374,$400C_const,1
374,$400C_vol,15
374,$400E_period,6
374,$400E_mode,0
375,$4000_duty,3
375,$4000_const,1
375,$4000_vol,13
375,$4004_duty,3
375,$4004_const,1
375,$4004_vol,13
375,$4008_linear,127
375,$400C_const,1
375,$400C_vol,15
376,$4000_duty,3
376,$4000_const,1
376,$4000_vol,15
376,$4004_duty,3
376,$4004_const,1
376,$4004_vol,15
376,$4008_linear,127
376,$400C_const,1
376,$400C_vol,15
377,$4000_duty,3
377,$4000_const,1
377,$4000_vol,15
377,$4004_duty,3
377,$4004_const,1
377,$4004_vol,15
377,$4008_linear,127
377,$400C_const,1
377,$400C_vol,15
378,$4000_duty,3
378,$4000_const,1
378,$4000_vol,15
378,$4004_duty,3
378,$4004_const,1
378,$4004_vol,15
378,$4008_linear,127
378,$400C_const,1
378,$400C_vol,9
379,$4000_duty,3
379,$4000_const,1
379,$4000_vol,13
379,$4004_duty,3
379,$4004_const,1
379,$4004_vol,13
379,$4008_linear,127
379,$400C_const,1
379,$400C_vol,11
380,$4000_duty,3
380,$4000_const,1
380,$4000_vol,11
380,$4004_duty,3
380,$4004_const,1
380,$4004_vol,11
380,$4008_linear,127
380,$400C_const,1
380,$400C_vol,13
381,$4000_duty,3
381,$4000_const,1
381,$4000_vol,9
381,$4004_duty,3
381,$4004_const,1
381,$4004_vol,9
381,$4008_linear,127
381,$400C_const,1
381,$400C_vol,15
382,$4000_duty,3
382,$4000_const,1
382,$4000_vol,8
382,$4004_duty,3
382,$4004_const,1
382,$4004_vol,8
382,$4008_linear,127
382,$400C_const,1
382,$400C_vol,15
382,$400E_period,14
382,$400E_mode,0
383,$4000_duty,3
383,$4000_const,1
383,$4000_vol,7
383,$4004_duty,3
383,$4004_const,1
383,$4004_vol,7
383,$4008_linear,127
383,$400C_const,1
383,$400C_vol,15
383,$400E_period,14
383,$400E_mode,0
384,$4000_duty,3
384,$4000_const,1
384,$4000_vol,7
384,$4004_duty,3
384,$4004_const,1
384,$4004_vol,7
384,$4008_linear,127
384,$400C_const,1
384,$400C_vol,15
385,$4000_duty,3
385,$4000_const,1
385,$4000_vol,7
385,$4004_duty,3
385,$4004_const,1
385,$4004_vol,7
385,$4008_linear,127
385,$400C_const,1
385,$400C_vol,7
386,$4000_duty,3
386,$4000_const,1
386,$4000_vol,7
386,$4004_duty,3
386,$4004_const,1
386,$4004_vol,7
386,$4008_linear,127
386,$400C_const,1
386,$400C_vol,7
387,$4000_duty,3
387,$4000_const,1
387,$4000_vol,7
387,$4004_duty,3
387,$4004_const,1
387,$4004_vol,7
387,$4008_linear,127
387,$400C_const,1
387,$400C_vol,9
388,$4000_duty,3
388,$4000_const,1
388,$4000_vol,7
388,$4004_duty,3
388,$4004_const,1
388,$4004_vol,7
388,$4008_linear,127
388,$400C_const,1
388,$400C_vol,11
389,$4000_duty,3
389,$4000_const,1
389,$4000_vol,7
389,$4004_duty,3
389,$4004_const,1
389,$4004_vol,7
389,$4008_linear,127
389,$400C_const,1
389,$400C_vol,13
390,$4000_duty,3
390,$4000_const,1
390,$4000_vol,7
390,$4004_duty,3
390,$4004_const,1
390,$4004_vol,7
390,$4008_linear,127
390,$400C_const,1
390,$400C_vol,15
391,$4000_duty,3
391,$4000_const,1
391,$4000_vol,7
391,$4001_sweep,0
391,$4002_period,763
391,$400B_length,1
391,$4004_duty,3
391,$4004_const,1
391,$4004_vol,7
391,$4005_sweep,0
391,$4006_period,1017
391,$4008_linear,127
391,$400A_period,1525
391,$400B_length,2
391,$400C_const,1
391,$400C_vol,15
391,$400E_period,14
391,$400E_mode,0
392,$4000_duty,3
392,$4000_const,1
392,$4000_vol,11
392,$4004_duty,3
392,$4004_const,1
392,$4004_vol,11
392,$4008_linear,127
392,$400C_const,1
392,$400C_vol,15
392,$400E_period,14
392,$400E_mode,0
393,$4000_duty,3
393,$4000_const,1
393,$4000_vol,13
393,$4004_duty,3
393,$4004_const,1
393,$4004_vol,13
393,$4008_linear,127
393,$400C_const,1
393,$400C_vol,15
394,$4000_duty,3
394,$4000_const,1
394,$4000_vol,15
394,$4004_duty,3
394,$4004_const,1
394,$4004_vol,15
394,$4008_linear,127
394,$400C_const,1
394,$400C_vol,15
395,$4000_duty,3
395,$4000_const,1
395,$4000_vol,15
395,$4004_duty,3
395,$4004_const,1
395,$4004_vol,15
395,$4008_linear,127
395,$400C_const,1
395,$400C_vol,15
396,$4000_duty,3
396,$4000_const,1
396,$4000_vol,15
396,$4004_duty,3
396,$4004_const,1
396,$4004_vol,15
396,$4008_linear,127
396,$400C_const,1
396,$400C_vol,9
397,$4000_duty,3
397,$4000_const,1
397,$4000_vol,13
397,$4004_duty,3
397,$4004_const,1
397,$4004_vol,13
397,$4008_linear,127
397,$400C_const,1
397,$400C_vol,11
398,$4000_duty,3
398,$4000_const,1
398,$4000_vol,11
398,$4004_duty,3
398,$4004_const,1
398,$4004_vol,11
398,$4008_linear,127
398,$400C_const,1
398,$400C_vol,13
399,$4000_duty,3
399,$4000_const,1
399,$4000_vol,9
399,$4004_duty,3
399,$4004_const,1
399,$4004_vol,9
399,$4008_linear,127
399,$400C_const,1
399,$400C_vol,15
400,$4000_duty,3
400,$4000_const,1
400,$4000_vol,9
400,$4001_sweep,0
400,$4002_period,571
400,$400B_length,1
400,$4004_duty,3
400,$4004_const,1
400,$4004_vol,9
400,$4005_sweep,0
400,$4006_period,763
400,$4008_linear,127
400,$400A_period,1143
400,$400B_length,2
400,$400C_const,1
400,$400C_vol,15
400,$400E_period,14
400,$400E_mode,0
401,$4000_duty,3
401,$4000_const,1
401,$4000_vol,11
401,$4004_duty,3
401,$4004_const,1
401,$4004_vol,11
401,$4008_linear,127
401,$400C_const,1
401,$400C_vol,15
401,$400E_period,14
401,$400E_mode,0
402,$4000_duty,3
402,$4000_const,1
402,$4000_vol,13
402,$4004_duty,3
402,$4004_const,1
402,$4004_vol,13
402,$4008_linear,127
402,$400C_const,1
402,$400C_vol,15
403,$4000_duty,3
403,$4000_const,1
403,$4000_vol,15
403,$4004_duty,3
403,$4004_const,1
403,$4004_vol,15
403,$4008_linear,127
403,$400C_const,1
403,$400C_vol,15
404,$4000_duty,3
404,$4000_const,1
404,$4000_vol,15
404,$4004_duty,3
404,$4004_const,1
404,$4004_vol,15
404,$4008_linear,127
404,$400C_const,1
404,$400C_vol,15
405,$4000_duty,3
405,$4000_const,1
405,$4000_vol,15
405,$4004_duty,3
405,$4004_const,1
405,$4004_vol,15
405,$4008_linear,127
405,$400C_const,1
405,$400C_vol,9
406,$4000_duty,3
406,$4000_const,1
406,$4000_vol,13
406,$4004_duty,3
406,$4004_const,1
406,$4004_vol,13
406,$4008_linear,127
406,$400C_const,1
406,$400C_vol,11
407,$4000_duty,3
407,$4000_const,1
407,$4000_vol,11
407,$4004_duty,3
407,$4004_const,1
407,$4004_vol,11
407,$4008_linear,127
407,$400C_const,1
407,$400C_vol,13
408,$4000_duty,3
408,$4000_const,1
408,$4000_vol,9
408,$4004_duty,3
408,$4004_const,1
408,$4004_vol,9
408,$4008_linear,127
408,$400C_const,1
408,$400C_vol,15
409,$4000_duty,3
409,$4000_const,1
409,$4000_vol,8
409,$4004_duty,3
409,$4004_const,1
409,$4004_vol,8
409,$4008_linear,127
409,$400C_const,1
409,$400C_vol,15
410,$4000_duty,3
410,$4000_const,1
410,$4000_vol,7
410,$4004_duty,3
410,$4004_const,1
410,$4004_vol,7
410,$4008_linear,127
410,$400C_const,1
410,$400C_vol,15
411,$4000_duty,3
411,$4000_const,1
411,$4000_vol,7
411,$4004_duty,3
411,$4004_const,1
411,$4004_vol,7
411,$4008_linear,127
411,$400C_const,1
411,$400C_vol,13
412,$4000_duty,3
412,$4000_const,1
412,$4000_vol,7
412,$4004_duty,3
412,$4004_const,1
412,$4004_vol,7
412,$4008_linear,127
412,$400C_const,1
412,$400C_vol,11
413,$4000_duty,3
413,$4000_const,1
413,$4000_vol,7
413,$4004_duty,3
413,$4004_const,1
413,$4004_vol,7
413,$4008_linear,127
413,$400C_const,1
413,$400C_vol,9
414,$4000_duty,3
414,$4000_const,1
414,$4000_vol,7
414,$4004_duty,3
414,$4004_const,1
414,$4004_vol,7
414,$4008_linear,127
414,$400C_const,1
414,$400C_vol,8
415,$4000_duty,3
415,$4000_const,1
415,$4000_vol,7
415,$4004_duty,3
415,$4004_const,1
415,$4004_vol,7
415,$4008_linear,127
415,$400C_const,1
415,$400C_vol,7
416,$4000_duty,3
416,$4000_const,1
416,$4000_vol,7
416,$4004_duty,3
416,$4004_const,1
416,$4004_vol,7
416,$4008_linear,127
416,$400C_const,1
416,$400C_vol,7
417,$4000_duty,3
417,$4000_const,1
417,$4000_vol,7
417,$4004_duty,3
417,$4004_const,1
417,$4004_vol,7
417,$4008_linear,127
417,$400C_const,1
417,$400C_vol,7
418,$4000_duty,3
418,$4000_const,1
418,$4000_vol,7
418,$4004_duty,3
418,$4004_const,1
418,$4004_vol,7
418,$4008_linear,127
418,$400A_period,1143
418,$400B_length,2
418,$400C_const,1
418,$400C_vol,7
418,$400E_period,14
418,$400E_mode,0
419,$4000_duty,3
419,$4000_const,1
419,$4000_vol,7
419,$4004_duty,3
419,$4004_const,1
419,$4004_vol,7
419,$4008_linear,127
419,$400C_const,1
419,$400C_vol,7
419,$400E_period,14
419,$400E_mode,0
420,$4000_duty,3
420,$4000_const,1
420,$4000_vol,7
420,$4004_duty,3
420,$4004_const,1
420,$4004_vol,7
420,$4008_linear,127
420,$400C_const,1
420,$400C_vol,15
421,$4000_duty,3
421,$4000_const,1
421,$4000_vol,7
421,$4004_duty,3
421,$4004_const,1
421,$4004_vol,7
421,$4008_linear,127
421,$400C_const,1
421,$400C_vol,7
422,$4000_duty,3
422,$4000_const,1
422,$4000_vol,7
422,$4004_duty,3
422,$4004_const,1
422,$4004_vol,7
422,$4008_linear,127
422,$400C_const,1
422,$400C_vol,7
423,$4000_duty,3
423,$4000_const,1
423,$4000_vol,7
423,$4004_duty,3
423,$4004_const,1
423,$4004_vol,7
423,$4008_linear,127
423,$400C_const,1
423,$400C_vol,9
424,$4000_duty,3
424,$4000_const,1
424,$4000_vol,7
424,$4004_duty,3
424,$4004_const,1
424,$4004_vol,7
424,$4008_linear,127
424,$400C_const,1
424,$400C_vol,11
425,$4000_duty,3
425,$4000_const,1
425,$4000_vol,7
425,$4004_duty,3
425,$4004_const,1
425,$4004_vol,7
425,$4008_linear,127
425,$400C_const,1
425,$400C_vol,13
426,$4000_duty,3
426,$4000_const,1
426,$4000_vol,7
426,$4004_duty,3
426,$4004_const,1
426,$4004_vol,7
426,$4008_linear,127
426,$400C_const,1
426,$400C_vol,15
427,$4000_duty,3
427,$4000_const,1
427,$4000_vol,7
427,$4001_sweep,0
427,$4002_period,427
427,$400B_length,0
427,$4004_duty,3
427,$4004_const,1
427,$4004_vol,7
427,$4005_sweep,0
427,$4006_period,571
427,$4008_linear,127
427,$400A_period,1143
427,$400B_length,2
427,$400C_const,1
427,$400C_vol,15
427,$400E_period,6
427,$400E_mode,0
428,$4000_duty,3
428,$4000_const,1
428,$4000_vol,11
428,$4004_duty,3
428,$4004_const,1
428,$4004_vol,11
428,$4008_linear,127
428,$400C_const,1
428,$400C_vol,15
428,$400E_period,6
428,$400E_mode,0
429,$4000_duty,3
429,$4000_const,1
429,$4000_vol,13
429,$4004_duty,3
429,$4004_const,1
429,$4004_vol,13
429,$4008_linear,127
429,$400C_const,1
429,$400C_vol,15
430,$4000_duty,3
430,$4000_const,1
430,$4000_vol,15
430,$4004_duty,3
430,$4004_const,1
430,$4004_vol,15
430,$4008_linear,127
430,$400C_const,1
430,$400C_vol,15
431,$4000_duty,3
431,$4000_const,1
431,$4000_vol,15
431,$4004_duty,3
431,$4004_const,1
431,$4004_vol,15
431,$4008_linear,127
431,$400C_const,1
431,$400C_vol,15
432,$4000_duty,3
432,$4000_const,1
432,$4000_vol,15
432,$4004_duty,3
432,$4004_const,1
432,$4004_vol,15
432,$4008_linear,127
432,$400C_const,1
432,$400C_vol,9
433,$4000_duty,3
433,$4000_const,1
433,$4000_vol,13
433,$4004_duty,3
433,$4004_const,1
433,$4004_vol,13
433,$4008_linear,127
433,$400C_const,1
433,$400C_vol,11
434,$4000_duty,3
434,$4000_const,1
434,$4000_vol,11
434,$4004_duty,3
434,$4004_const,1
434,$4004_vol,11
434,$4008_linear,127
434,$400C_const,1
434,$400C_vol,13
435,$4000_duty,3
435,$4000_const,1
435,$4000_vol,9
435,$4004_duty,3
435,$4004_const,1
435,$4004_vol,9
435,$4008_linear,127
435,$400C_const,1
435,$400C_vol,15
436,$4000_duty,3
436,$4000_const,1
436,$4000_vol,8
436,$4004_duty,3
436,$4004_const,1
436,$4004_vol,8
436,$4008_linear,127
436,$400C_const,1
436,$400C_vol,15
436,$400E_period,14
436,$400E_mode,0
437,$4000_duty,3
437,$4000_const,1
437,$4000_vol,7
437,$4004_duty,3
437,$4004_const,1
437,$4004_vol,7
437,$4008_linear,127
437,$400C_const,1
437,$400C_vol,15
437,$400E_period,14
437,$400E_mode,0
438,$4000_duty,3
438,$4000_const,1
438,$4000_vol,7
438,$4004_duty,3
438,$4004_const,1
438,$4004_vol,7
438,$4008_linear,127
438,$400C_const,1
438,$400C_vol,15
439,$4000_duty,3
439,$4000_const,1
439,$4000_vol,7
439,$4004_duty,3
439,$4004_const,1
439,$4004_vol,7
439,$4008_linear,127
439,$400C_const,1
439,$400C_vol,7
440,$4000_duty,3
440,$4000_const,1
440,$4000_vol,7
440,$4004_duty,3
440,$4004_const,1
440,$4004_vol,7
440,$4008_linear,127
440,$400C_const,1
440,$400C_vol,7
441,$4000_duty,3
441,$4000_const,1
441,$4000_vol,7
441,$4004_duty,3
441,$4004_const,1
441,$4004_vol,7
441,$4008_linear,127
441,$400C_const,1
441,$400C_vol,9
442,$4000_duty,3
442,$4000_const,1
442,$4000_vol,7
442,$4004_duty,3
442,$4004_const,1
442,$4004_vol,7
442,$4008_linear,127
442,$400C_const,1
442,$400C_vol,11
443,$4000_duty,3
443,$4000_const,1
443,$4000_vol,7
443,$4004_duty,3
443,$4004_const,1
443,$4004_vol,7
443,$4008_linear,127
443,$400C_const,1
443,$400C_vol,13
444,$4000_duty,3
444,$4000_const,1
444,$4000_vol,7
444,$4004_duty,3
444,$4004_const,1
444,$4004_vol,7
444,$4008_linear,127
444,$400C_const,1
444,$400C_vol,15
445,$4000_duty,3
445,$4000_const,1
445,$4000_vol,7
445,$4004_duty,3
445,$4004_const,1
445,$4004_vol,7
445,$4008_linear,127
445,$400A_period,1143
445,$400B_length,2
445,$400C_const,1
445,$400C_vol,15
445,$400E_period,14
445,$400E_mode,0
446,$4000_duty,3
446,$4000_const,1
446,$4000_vol,7
446,$4004_duty,3
446,$4004_const,1
446,$4004_vol,7
446,$4008_linear,127
446,$400C_const,1
446,$400C_vol,15
446,$400E_period,14
446,$400E_mode,0
447,$4000_duty,3
447,$4000_const,1
447,$4000_vol,7
447,$4004_duty,3
447,$4004_const,1
447,$4004_vol,7
447,$4008_linear,127
447,$400C_const,1
447,$400C_vol,15
448,$4000_duty,3
448,$4000_const,1
448,$4000_vol,7
448,$4004_duty,3
448,$4004_const,1
448,$4004_vol,7
448,$4008_linear,127
448,$400C_const,1
448,$400C_vol,7
449,$4000_duty,3
449,$4000_const,1
449,$4000_vol,7
449,$4004_duty,3
449,$4004_const,1
449,$4004_vol,7
449,$4008_linear,127
449,$400C_const,1
449,$400C_vol,7
450,$4000_duty,3
450,$4000_const,1
450,$4000_vol,7
450,$4004_duty,3
450,$4004_const,1
450,$4004_vol,7
450,$4008_linear,127
450,$400C_const,1
450,$400C_vol,9
451,$4000_duty,3
451,$4000_const,1
451,$4000_vol,7
451,$4004_duty,3
451,$4004_const,1
451,$4004_vol,7
451,$4008_linear,127
451,$400C_const,1
451,$400C_vol,11
452,$4000_duty,3
452,$4000_const,1
452,$4000_vol,7
452,$4004_duty,3
452,$4004_const,1
452,$4004_vol,7
452,$4008_linear,127
452,$400C_const,1
452,$400C_vol,13
453,$4000_duty,3
453,$4000_const,1
453,$4000_vol,7
453,$4004_duty,3
453,$4004_const,1
453,$4004_vol,7
453,$4008_linear,127
453,$400C_const,1
453,$400C_vol,15
454,$4000_duty,3
454,$4000_const,1
454,$4000_vol,7
454,$4001_sweep,0
454,$4002_period,453
454,$400B_length,0
454,$4004_duty,3
454,$4004_const,1
454,$4004_vol,7
454,$4005_sweep,0
454,$4006_period,571
454,$4008_linear,127
454,$400A_period,1143
454,$400B_length,2
454,$400C_const,1
454,$400C_vol,15
454,$400E_period,14
454,$400E_mode,0
455,$4000_duty,3
455,$4000_const,1
455,$4000_vol,11
455,$4004_duty,3
455,$4004_const,1
455,$4004_vol,11
455,$4008_linear,127
455,$400C_const,1
455,$400C_vol,15
455,$400E_period,14
455,$400E_mode,0
456,$4000_duty,3
456,$4000_const,1
456,$4000_vol,13
456,$4004_duty,3
456,$4004_const,1
456,$4004_vol,13
456,$4008_linear,127
456,$400C_const,1
456,$400C_vol,15
457,$4000_duty,3
457,$4000_const,1
457,$4000_vol,15
457,$4004_duty,3
457,$4004_const,1
457,$4004_vol,15
457,$4008_linear,127
457,$400C_const,1
457,$400C_vol,15
458,$4000_duty,3
458,$4000_const,1
458,$4000_vol,15
458,$4004_duty,3
458,$4004_const,1
458,$4004_vol,15
458,$4008_linear,127
458,$400C_const,1
458,$400C_vol,15
459,$4000_duty,3
459,$4000_const,1
459,$4000_vol,15
459,$4004_duty,3
459,$4004_const,1
459,$4004_vol,15
459,$4008_linear,127
459,$400C_const,1
459,$400C_vol,9
460,$4000_duty,3
460,$4000_const,1
460,$4000_vol,13
460,$4004_duty,3
460,$4004_const,1
460,$4004_vol,13
460,$4008_linear,127
460,$400C_const,1
460,$400C_vol,11
461,$4000_duty,3
461,$4000_const,1
461,$4000_vol,11
461,$4004_duty,3
461,$4004_const,1
461,$4004_vol,11
461,$4008_linear,127
461,$400C_const,1
461,$400C_vol,13
462,$4000_duty,3
462,$4000_const,1
462,$4000_vol,9
462,$4004_duty,3
462,$4004_const,1
462,$4004_vol,9
462,$4008_linear,127
462,$400C_const,1
462,$400C_vol,15
463,$4000_duty,3
463,$4000_const,1
463,$4000_vol,8
463,$4004_duty,3
463,$4004_const,1
463,$4004_vol,8
463,$4008_linear,127
463,$400C_const,1
463,$400C_vol,15
464,$4000_duty,3
464,$4000_const,1
464,$4000_vol,7
464,$4004_duty,3
464,$4004_const,1
464,$4004_vol,7
464,$4008_linear,127
464,$400C_const,1
464,$400C_vol,15
465,$4000_duty,3
465,$4000_const,1
465,$4000_vol,7
465,$4004_duty,3
465,$4004_const,1
465,$4004_vol,7
465,$4008_linear,127
465,$400C_const,1
465,$400C_vol,13
466,$4000_duty,3
466,$4000_const,1
466,$4000_vol,7
466,$4004_duty,3
466,$4004_const,1
466,$4004_vol,7
466,$4008_linear,127
466,$400C_const,1
466,$400C_vol,11
467,$4000_duty,3
467,$4000_const,1
467,$4000_vol,7
467,$4004_duty,3
467,$4004_const,1
467,$4004_vol,7
467,$4008_linear,127
467,$400C_const,1
467,$400C_vol,9
468,$4000_duty,3
468,$4000_const,1
468,$4000_vol,7
468,$4004_duty,3
468,$4004_const,1
468,$4004_vol,7
468,$4008_linear,127
468,$400C_const,1
468,$400C_vol,8
469,$4000_duty,3
469,$4000_const,1
469,$4000_vol,7
469,$4004_duty,3
469,$4004_const,1
469,$4004_vol,7
469,$4008_linear,127
469,$400C_const,1
469,$400C_vol,7
470,$4000_duty,3
470,$4000_const,1
470,$4000_vol,7
470,$4004_duty,3
470,$4004_const,1
470,$4004_vol,7
470,$4008_linear,127
470,$400C_const,1
470,$400C_vol,7
471,$4000_duty,3
471,$4000_const,1
471,$4000_vol,7
471,$4004_duty,3
471,$4004_const,1
471,$4004_vol,7
471,$4008_linear,127
471,$400C_const,1
471,$400C_vol,7
472,$4000_duty,3
472,$4000_const,1
472,$4000_vol,7
472,$4004_duty,3
472,$4004_const,1
472,$4004_vol,7
472,$4008_linear,127
472,$400A_period,1143
472,$400B_length,2
472,$400C_const,1
472,$400C_vol,7
472,$400E_period,14
472,$400E_mode,0
473,$4000_duty,3
473,$4000_const,1
473,$4000_vol,7
473,$4004_duty,3
473,$4004_const,1
473,$4004_vol,7
473,$4008_linear,127
473,$400C_const,1
473,$400C_vol,7
473,$400E_period,14
473,$400E_mode,0
474,$4000_duty,3
474,$4000_const,1
474,$4000_vol,7
474,$4004_duty,3
474,$4004_const,1
474,$4004_vol,7
474,$4008_linear,127
474,$400C_const,1
474,$400C_vol,15
475,$4000_duty,3
475,$4000_const,1
475,$4000_vol,7
475,$4004_duty,3
475,$4004_const,1
475,$4004_vol,7
475,$4008_linear,127
475,$400C_const,1
475,$400C_vol,7
476,$4000_duty,3
476,$4000_const,1
476,$4000_vol,7
476,$4004_duty,3
476,$4004_const,1
476,$4004_vol,7
476,$4008_linear,127
476,$400C_const,1
476,$400C_vol,7
477,$4000_duty,3
477,$4000_const,1
477,$4000_vol,7
477,$4004_duty,3
477,$4004_const,1
477,$4004_vol,7
477,$4008_linear,127
477,$400C_const,1
477,$400C_vol,9
478,$4000_duty,3
478,$4000_const,1
478,$4000_vol,7
478,$4004_duty,3
478,$4004_const,1
478,$4004_vol,7
478,$4008_linear,127
478,$400C_const,1
478,$400C_vol,11
479,$4000_duty,3
479,$4000_const,1
479,$4000_vol,7
479,$4004_duty,3
479,$4004_const,1
479,$4004_vol,7
479,$4008_linear,127
479,$400C_const,1
479,$400C_vol,13
480,$4000_duty,3
480,$4000_const,1
480,$4000_vol,7
480,$4004_duty,3
480,$4004_const,1
480,$4004_vol,7
480,$4008_linear,127
480,$400C_const,1
480,$400C_vol,15
481,$4000_duty,3
481,$4000_const,1
481,$4000_vol,7
481,$4001_sweep,0
481,$4002_period,453
481,$400B_length,0
481,$4004_duty,3
481,$4004_const,1
481,$4004_vol,7
481,$4005_sweep,0
481,$4006_period,571
481,$4008_linear,127
481,$400A_period,1143
481,$400B_length,2
481,$400C_const,1
481,$400C_vol,15
481,$400E_period,6
481,$400E_mode,0
482,$4000_duty,3
482,$4000_const,1
482,$4000_vol,11
482,$4004_duty,3
482,$4004_const,1
482,$4004_vol,11
482,$4008_linear,127
482,$400C_const,1
482,$400C_vol,15
482,$400E_period,6
482,$400E_mode,0
483,$4000_duty,3
483,$4000_const,1
483,$4000_vol,13
483,$4004_duty,3
483,$4004_const,1
483,$4004_vol,13
483,$4008_linear,127
483,$400C_const,1
483,$400C_vol,15
484,$4000_duty,3
484,$4000_const,1
484,$4000_vol,15
484,$4004_duty,3
484,$4004_const,1
484,$4004_vol,15
484,$4008_linear,127
484,$400C_const,1
484,$400C_vol,15
485,$4000_duty,3
485,$4000_const,1
485,$4000_vol,15
485,$4004_duty,3
485,$4004_const,1
485,$4004_vol,15
485,$4008_linear,127
485,$400C_const,1
485,$400C_vol,15
486,$4000_duty,3
486,$4000_const,1
486,$4000_vol,15
486,$4004_duty,3
486,$4004_const,1
486,$4004_vol,15
486,$4008_linear,127
486,$400C_const,1
486,$400C_vol,9
487,$4000_duty,3
487,$4000_const,1
487,$4000_vol,13
487,$4004_duty,3
487,$4004_const,1
487,$4004_vol,13
487,$4008_linear,127
487,$400C_const,1
487,$400C_vol,11
488,$4000_duty,3
488,$4000_const,1
488,$4000_vol,11
488,$4004_duty,3
488,$4004_const,1
488,$4004_vol,11
488,$4008_linear,127
488,$400C_const,1
488,$400C_vol,13
489,$4000_duty,3
489,$4000_const,1
489,$4000_vol,9
489,$4004_duty,3
489,$4004_const,1
489,$4004_vol,9
489,$4008_linear,127
489,$400C_const,1
489,$400C_vol,15
490,$4000_duty,3
490,$4000_const,1
490,$4000_vol,9
490,$4001_sweep,0
490,$4002_period,509
490,$400B_length,0
490,$4004_duty,3
490,$4004_const,1
490,$4004_vol,9
490,$4005_sweep,0
490,$4006_period,571
490,$4008_linear,127
490,$400C_const,1
490,$400C_vol,15
490,$400E_period,14
490,$400E_mode,0
491,$4000_duty,3
491,$4000_const,1
491,$4000_vol,11
491,$4004_duty,3
491,$4004_const,1
491,$4004_vol,11
491,$4008_linear,127
491,$400C_const,1
491,$400C_vol,15
491,$400E_period,14
491,$400E_mode,0
492,$4000_duty,3
492,$4000_const,1
492,$4000_vol,13
492,$4004_duty,3
492,$4004_const,1
492,$4004_vol,13
492,$4008_linear,127
492,$400C_const,1
492,$400C_vol,15
493,$4000_duty,3
493,$4000_const,1
493,$4000_vol,15
493,$4004_duty,3
493,$4004_const,1
493,$4004_vol,15
493,$4008_linear,127
493,$400C_const,1
493,$400C_vol,15
494,$4000_duty,3
494,$4000_const,1
494,$4000_vol,15
494,$4004_duty,3
494,$4004_const,1
494,$4004_vol,15
494,$4008_linear,127
494,$400C_const,1
494,$400C_vol,15
495,$4000_duty,3
495,$4000_const,1
495,$4000_vol,15
495,$4004_duty,3
495,$4004_const,1
495,$4004_vol,15
495,$4008_linear,127
495,$400C_const,1
495,$400C_vol,9
496,$4000_duty,3
496,$4000_const,1
496,$4000_vol,13
496,$4004_duty,3
496,$4004_const,1
496,$4004_vol,13
496,$4008_linear,127
496,$400C_const,1
496,$400C_vol,11
497,$4000_duty,3
497,$4000_const,1
497,$4000_vol,11
497,$4004_duty,3
497,$4004_const,1
497,$4004_vol,11
497,$4008_linear,127
497,$400C_const,1
497,$400C_vol,13
498,$4000_duty,3
498,$4000_const,1
498,$4000_vol,9
498,$4004_duty,3
498,$4004_const,1
498,$4004_vol,9
498,$4008_linear,127
498,$400C_const,1
498,$400C_vol,15
499,$4000_duty,3
499,$4000_const,1
499,$4000_vol,9
499,$4001_sweep,0
499,$4002_period,571
499,$400B_length,1
499,$4004_duty,3
499,$4004_const,1
499,$4004_vol,9
499,$4005_sweep,0
499,$4006_period,763
499,$4008_linear,127
499,$400A_period,1143
499,$400B_length,2
499,$400C_const,1
499,$400C_vol,15
499,$400E_period,14
499,$400E_mode,0
500,$4000_duty,3
500,$4000_const,1
500,$4000_vol,11
500,$4004_duty,3
500,$4004_const,1
500,$4004_vol,11
500,$4008_linear,127
500,$400C_const,1
500,$400C_vol,15
500,$400E_period,14
500,$400E_mode,0
501,$4000_duty,3
501,$4000_const,1
501,$4000_vol,13
501,$4004_duty,3
501,$4004_const,1
501,$4004_vol,13
501,$4008_linear,127
501,$400C_const,1
501,$400C_vol,15
502,$4000_duty,3
502,$4000_const,1
502,$4000_vol,15
502,$4004_duty,3
502,$4004_const,1
502,$4004_vol,15
502,$4008_linear,127
502,$400C_const,1
502,$400C_vol,15
503,$4000_duty,3
503,$4000_const,1
503,$4000_vol,15
503,$4004_duty,3
503,$4004_const,1
503,$4004_vol,15
503,$4008_linear,127
503,$400C_const,1
503,$400C_vol,15
504,$4000_duty,3
504,$4000_const,1
504,$4000_vol,15
504,$4004_duty,3
504,$4004_const,1
504,$4004_vol,15
504,$4008_linear,127
504,$400C_const,1
504,$400C_vol,9
505,$4000_duty,3
505,$4000_const,1
505,$4000_vol,13
505,$4004_duty,3
505,$4004_const,1
505,$4004_vol,13
505,$4008_linear,127
505,$400C_const,1
505,$400C_vol,11
506,$4000_duty,3
506,$4000_const,1
506,$4000_vol,11
506,$4004_duty,3
506,$4004_const,1
506,$4004_vol,11
506,$4008_linear,127
506,$400C_const,1
506,$400C_vol,13
507,$4000_duty,3
507,$4000_const,1
507,$4000_vol,9
507,$4004_duty,3
507,$4004_const,1
507,$4004_vol,9
507,$4008_linear,127
507,$400C_const,1
507,$400C_vol,15
508,$4000_duty,3
508,$4000_const,1
508,$4000_vol,9
508,$4001_sweep,0
508,$4002_period,509
508,$400B_length,0
508,$4004_duty,3
508,$4004_const,1
508,$4004_vol,9
508,$4005_sweep,0
508,$4006_period,641
508,$4008_linear,127
508,$400A_period,1283
508,$400B_length,2
508,$400C_const,1
508,$400C_vol,15
508,$400E_period,14
508,$400E_mode,0
509,$4000_duty,3
509,$4000_const,1
509,$4000_vol,11
509,$4004_duty,3
509,$4004_const,1
509,$4004_vol,11
509,$4008_linear,127
509,$400C_const,1
509,$400C_vol,15
509,$400E_period,14
509,$400E_mode,0
510,$4000_duty,3
510,$4000_const,1
510,$4000_vol,13
510,$4004_duty,3
510,$4004_const,1
510,$4004_vol,13
510,$4008_linear,127
510,$400C_const,1
510,$400C_vol,15
511,$4000_duty,3
511,$4000_const,1
511,$4000_vol,15
511,$4004_duty,3
511,$4004_const,1
511,$4004_vol,15
511,$4008_linear,127
511,$400C_const,1
511,$400C_vol,15
512,$4000_duty,3
512,$4000_const,1
512,$4000_vol,15
512,$4004_duty,3
512,$4004_const,1
512,$4004_vol,15
512,$4008_linear,127
512,$400C_const,1
512,$400C_vol,15
513,$4000_duty,3
513,$4000_const,1
513,$4000_vol,15
513,$4004_duty,3
513,$4004_const,1
513,$4004_vol,15
513,$4008_linear,127
513,$400C_const,1
513,$400C_vol,9
514,$4000_duty,3
514,$4000_const,1
514,$4000_vol,13
514,$4004_duty,3
514,$4004_const,1
514,$4004_vol,13
514,$4008_linear,127
514,$400C_const,1
514,$400C_vol,11
515,$4000_duty,3
515,$4000_const,1
515,$4000_vol,11
515,$4004_duty,3
515,$4004_const,1
515,$4004_vol,11
515,$4008_linear,127
515,$400C_const,1
515,$400C_vol,13
516,$4000_duty,3
516,$4000_const,1
516,$4000_vol,9
516,$4004_duty,3
516,$4004_const,1
516,$4004_vol,9
516,$4008_linear,127
516,$400C_const,1
516,$400C_vol,15
517,$4000_duty,3
517,$4000_const,1
517,$4000_vol,8
517,$4004_duty,3
517,$4004_const,1
517,$4004_vol,8
517,$4008_linear,127
517,$400C_const,1
517,$400C_vol,15
518,$4000_duty,3
518,$4000_const,1
518,$4000_vol,7
518,$4004_duty,3
518,$4004_const,1
518,$4004_vol,7
518,$4008_linear,127
518,$400C_const,1
518,$400C_vol,15
519,$4000_duty,3
519,$4000_const,1
519,$4000_vol,7
519,$4004_duty,3
519,$4004_const,1
519,$4004_vol,7
519,$4008_linear,127
519,$400C_const,1
519,$400C_vol,13
520,$4000_duty,3
520,$4000_const,1
520,$4000_vol,7
520,$4004_duty,3
520,$4004_const,1
520,$4004_vol,7
520,$4008_linear,127
520,$400C_const,1
520,$400C_vol,11
521,$4000_duty,3
521,$4000_const,1
521,$4000_vol,7
521,$4004_duty,3
521,$4004_const,1
521,$4004_vol,7
521,$4008_linear,127
521,$400C_const,1
521,$400C_vol,9
522,$4000_duty,3
522,$4000_const,1
522,$4000_vol,7
522,$4004_duty,3
522,$4004_const,1
522,$4004_vol,7
522,$4008_linear,127
522,$400C_const,1
522,$400C_vol,8
523,$4000_duty,3
523,$4000_const,1
523,$4000_vol,7
523,$4004_duty,3
523,$4004_const,1
523,$4004_vol,7
523,$4008_linear,127
523,$400C_const,1
523,$400C_vol,7
524,$4000_duty,3
524,$4000_const,1
524,$4000_vol,7
524,$4004_duty,3
524,$4004_const,1
524,$4004_vol,7
524,$4008_linear,127
524,$400C_const,1
524,$400C_vol,7
525,$4000_duty,3
525,$4000_const,1
525,$4000_vol,7
525,$4004_duty,3
525,$4004_const,1
525,$4004_vol,7
525,$4008_linear,127
525,$400C_const,1
525,$400C_vol,7
526,$4000_duty,3
526,$4000_const,1
526,$4000_vol,7
526,$4001_sweep,0
526,$4002_period,763
526,$400B_length,1
526,$4004_duty,3
526,$4004_const,1
526,$4004_vol,7
526,$4005_sweep,0
526,$4006_period,855
526,$4008_linear,127
526,$400A_period,1283
526,$400B_length,2
526,$400C_const,1
526,$400C_vol,7
526,$400E_period,14
526,$400E_mode,0
527,$4000_duty,3
527,$4000_const,1
527,$4000_vol,11
527,$4004_duty,3
527,$4004_const,1
527,$4004_vol,11
527,$4008_linear,127
527,$400C_const,1
527,$400C_vol,7
527,$400E_period,14
527,$400E_mode,0
528,$4000_duty,3
528,$4000_const,1
528,$4000_vol,13
528,$4004_duty,3
528,$4004_const,1
528,$4004_vol,13
528,$4008_linear,127
528,$400C_const,1
528,$400C_vol,15
529,$4000_duty,3
529,$4000_const,1
529,$4000_vol,15
529,$4004_duty,3
529,$4004_const,1
529,$4004_vol,15
529,$4008_linear,127
529,$400C_const,1
529,$400C_vol,15
530,$4000_duty,3
530,$4000_const,1
530,$4000_vol,15
530,$4004_duty,3
530,$4004_const,1
530,$4004_vol,15
530,$4008_linear,127
530,$400C_const,1
530,$400C_vol,15
531,$4000_duty,3
531,$4000_const,1
531,$4000_vol,15
531,$4004_duty,3
531,$4004_const,1
531,$4004_vol,15
531,$4008_linear,127
531,$400C_const,1
531,$400C_vol,9
532,$4000_duty,3
532,$4000_const,1
532,$4000_vol,13
532,$4004_duty,3
532,$4004_const,1
532,$4004_vol,13
532,$4008_linear,127
532,$400C_const,1
532,$400C_vol,11
533,$4000_duty,3
533,$4000_const,1
533,$4000_vol,11
533,$4004_duty,3
533,$4004_const,1
533,$4004_vol,11
533,$4008_linear,127
533,$400C_const,1
533,$400C_vol,13
534,$4000_duty,3
534,$4000_const,1
534,$4000_vol,9
534,$4004_duty,3
534,$4004_const,1
534,$4004_vol,9
534,$4008_linear,127
534,$400C_const,1
534,$400C_vol,15
535,$4000_duty,3
535,$4000_const,1
535,$4000_vol,9
535,$4001_sweep,0
535,$4002_period,763
535,$400B_length,1
535,$4004_duty,3
535,$4004_const,1
535,$4004_vol,9
535,$4005_sweep,0
535,$4006_period,855
535,$4008_linear,127
535,$400A_period,1283
535,$400B_length,2
535,$400C_const,1
535,$400C_vol,15
535,$400E_period,6
535,$400E_mode,0
536,$4000_duty,3
536,$4000_const,1
536,$4000_vol,11
536,$4004_duty,3
536,$4004_const,1
536,$4004_vol,11
536,$4008_linear,127
536,$400C_const,1
536,$400C_vol,15
536,$400E_period,6
536,$400E_mode,0
537,$4000_duty,3
537,$4000_const,1
537,$4000_vol,13
537,$4004_duty,3
537,$4004_const,1
537,$4004_vol,13
537,$4008_linear,127
537,$400C_const,1
537,$400C_vol,15
538,$4000_duty,3
538,$4000_const,1
538,$4000_vol,15
538,$4004_duty,3
538,$4004_const,1
538,$4004_vol,15
538,$4008_linear,127
538,$400C_const,1
538,$400C_vol,15
539,$4000_duty,3
539,$4000_const,1
539,$4000_vol,15
539,$4004_duty,3
539,$4004_const,1
539,$4004_vol,15
539,$4008_linear,127
539,$400C_const,1
539,$400C_vol,15
540,$4000_duty,3
540,$4000_const,1
540,$4000_vol,15
540,$4004_duty,3
540,$4004_const,1
540,$4004_vol,15
540,$4008_linear,127
540,$400C_const,1
540,$400C_vol,9
541,$4000_duty,3
541,$4000_const,1
541,$4000_vol,13
541,$4004_duty,3
541,$4004_const,1
541,$4004_vol,13
541,$4008_linear,127
541,$400C_const,1
541,$400C_vol,11
542,$4000_duty,3
542,$4000_const,1
542,$4000_vol,11
542,$4004_duty,3
542,$4004_const,1
542,$4004_vol,11
542,$4008_linear,127
542,$400C_const,1
542,$400C_vol,13
543,$4000_duty,3
543,$4000_const,1
543,$4000_vol,9
543,$4004_duty,3
543,$4004_const,1
543,$4004_vol,9
543,$4008_linear,127
543,$400C_const,1
543,$400C_vol,15
544,$4000_duty,3
544,$4000_const,1
544,$4000_vol,8
544,$4004_duty,3
544,$4004_const,1
544,$4004_vol,8
544,$4008_linear,127
544,$400C_const,1
544,$400C_vol,15
544,$400E_period,14
544,$400E_mode,0
545,$4000_duty,3
545,$4000_const,1
545,$4000_vol,7
545,$4004_duty,3
545,$4004_const,1
545,$4004_vol,7
545,$4008_linear,127
545,$400C_const,1
545,$400C_vol,15
545,$400E_period,14
545,$400E_mode,0
546,$4000_duty,3
546,$4000_const,1
546,$4000_vol,7
546,$4004_duty,3
546,$4004_const,1
546,$4004_vol,7
546,$4008_linear,127
546,$400C_const,1
546,$400C_vol,15
547,$4000_duty,3
547,$4000_const,1
547,$4000_vol,7
547,$4004_duty,3
547,$4004_const,1
547,$4004_vol,7
547,$4008_linear,127
547,$400C_const,1
547,$400C_vol,7
548,$4000_duty,3
548,$4000_const,1
548,$4000_vol,7
548,$4004_duty,3
548,$4004_const,1
548,$4004_vol,7
548,$4008_linear,127
548,$400C_const,1
548,$400C_vol,7
549,$4000_duty,3
549,$4000_const,1
549,$4000_vol,7
549,$4004_duty,3
549,$4004_const,1
549,$4004_vol,7
549,$4008_linear,127
549,$400C_const,1
549,$400C_vol,9
550,$4000_duty,3
550,$4000_const,1
550,$4000_vol,7
550,$4004_duty,3
550,$4004_const,1
550,$4004_vol,7
550,$4008_linear,127
550,$400C_const,1
550,$400C_vol,11
551,$4000_duty,3
551,$4000_const,1
551,$4000_vol,7
551,$4004_duty,3
551,$4004_const,1
551,$4004_vol,7
551,$4008_linear,127
551,$400C_const,1
551,$400C_vol,13
552,$4000_duty,3
552,$4000_const,1
552,$4000_vol,7
552,$4004_duty,3
552,$4004_const,1
552,$4004_vol,7
552,$4008_linear,127
552,$400C_const,1
552,$400C_vol,15
553,$4000_duty,3
553,$4000_const,1
553,$4000_vol,7
553,$4004_duty,3
553,$4004_const,1
553,$4004_vol,7
553,$4008_linear,127
553,$400A_period,1283
553,$400B_length,2
553,$400C_const,1
553,$400C_vol,15
553,$400E_period,14
553,$400E_mode,0
554,$4000_duty,3
554,$4000_const,1
554,$4000_vol,7
554,$4004_duty,3
554,$4004_const,1
554,$4004_vol,7
554,$4008_linear,127
554,$400C_const,1
554,$400C_vol,15
554,$400E_period,14
554,$400E_mode,0
555,$4000_duty,3
555,$4000_const,1
555,$4000_vol,7
555,$4004_duty,3
555,$4004_const,1
555,$4004_vol,7
555,$4008_linear,127
555,$400C_const,1
555,$400C_vol,15
556,$4000_duty,3
556,$4000_const,1
556,$4000_vol,7
556,$4004_duty,3
556,$4004_const,1
556,$4004_vol,7
556,$4008_linear,127
556,$400C_const,1
556,$400C_vol,7
557,$4000_duty,3
557,$4000_const,1
557,$4000_vol,7
557,$4004_duty,3
557,$4004_const,1
557,$4004_vol,7
557,$4008_linear,127
557,$400C_const,1
557,$400C_vol,7
558,$4000_duty,3
558,$4000_const,1
558,$4000_vol,7
558,$4004_duty,3
558,$4004_const,1
558,$4004_vol,7
558,$4008_linear,127
558,$400C_const,1
558,$400C_vol,9
559,$4000_duty,3
559,$4000_const,1
559,$4000_vol,7
559,$4004_duty,3
559,$4004_const,1
559,$4004_vol,7
559,$4008_linear,127
559,$400C_const,1
559,$400C_vol,11
560,$4000_duty,3
560,$4000_const,1
560,$4000_vol,7
560,$4004_duty,3
560,$4004_const,1
560,$4004_vol,7
560,$4008_linear,127
560,$400C_const,1
560,$400C_vol,13
561,$4000_duty,3
561,$4000_const,1
561,$4000_vol,7
561,$4004_duty,3
561,$4004_const,1
561,$4004_vol,7
561,$4008_linear,127
561,$400C_const,1
561,$400C_vol,15
562,$4000_duty,3
562,$4000_const,1
562,$4000_vol,7
562,$4004_duty,3
562,$4004_const,1
562,$4004_vol,7
562,$4008_linear,127
562,$400A_period,1283
562,$400B_length,2
562,$400C_const,1
562,$400C_vol,15
562,$400E_period,14
562,$400E_mode,0
563,$4000_duty,3
563,$4000_const,1
563,$4000_vol,7
563,$4004_duty,3
563,$4004_const,1
563,$4004_vol,7
563,$4008_linear,127
563,$400C_const,1
563,$400C_vol,15
563,$400E_period,14
563,$400E_mode,0
564,$4000_duty,3
564,$4000_const,1
564,$4000_vol,7
564,$4004_duty,3
564,$4004_const,1
564,$4004_vol,7
564,$4008_linear,127
564,$400C_const,1
564,$400C_vol,15
565,$4000_duty,3
565,$4000_const,1
565,$4000_vol,7
565,$4004_duty,3
565,$4004_const,1
565,$4004_vol,7
565,$4008_linear,127
565,$400C_const,1
565,$400C_vol,7
566,$4000_duty,3
566,$4000_const,1
566,$4000_vol,7
566,$4004_duty,3
566,$4004_const,1
566,$4004_vol,7
566,$4008_linear,127
566,$400C_const,1
566,$400C_vol,7
567,$4000_duty,3
567,$4000_const,1
567,$4000_vol,7
567,$4004_duty,3
567,$4004_const,1
567,$4004_vol,7
567,$4008_linear,127
567,$400C_const,1
567,$400C_vol,9
568,$4000_duty,3
568,$4000_const,1
568,$4000_vol,7
568,$4004_duty,3
568,$4004_const,1
568,$4004_vol,7
568,$4008_linear,127
568,$400C_const,1
568,$400C_vol,11
569,$4000_duty,3
569,$4000_const,1
569,$4000_vol,7
569,$4004_duty,3
569,$4004_const,1
569,$4004_vol,7
569,$4008_linear,127
569,$400C_const,1
569,$400C_vol,13
570,$4000_duty,3
570,$4000_const,1
570,$4000_vol,7
570,$4004_duty,3
570,$4004_const,1
570,$4004_vol,7
570,$4008_linear,127
570,$400C_const,1
570,$400C_vol,15
571,$4000_duty,3
571,$4000_const,1
571,$4000_vol,7
571,$4004_duty,3
571,$4004_const,1
571,$4004_vol,7
571,$4008_linear,127
571,$400C_const,1
571,$400C_vol,15
571,$400E_period,6
571,$400E_mode,0
572,$4000_duty,3
572,$4000_const,1
572,$4000_vol,7
572,$4004_duty,3
572,$4004_const,1
572,$4004_vol,7
572,$4008_linear,127
572,$400C_const,1
572,$400C_vol,15
572,$400E_period,6
572,$400E_mode,0
573,$4000_duty,3
573,$4000_const,1
573,$4000_vol,7
573,$4004_duty,3
573,$4004_const,1
573,$4004_vol,7
573,$4008_linear,127
573,$400C_const,1
573,$400C_vol,15
574,$4000_duty,3
574,$4000_const,1
574,$4000_vol,7
574,$4004_duty,3
574,$4004_const,1
574,$4004_vol,7
574,$4008_linear,127
574,$400C_const,1
574,$400C_vol,7
575,$4000_duty,3
575,$4000_const,1
575,$4000_vol,7
575,$4004_duty,3
575,$4004_const,1
575,$4004_vol,7
575,$4008_linear,127
575,$400C_const,1
575,$400C_vol,7
576,$4000_duty,3
576,$4000_const,1
576,$4000_vol,7
576,$4004_duty,3
576,$4004_const,1
576,$4004_vol,7
576,$4008_linear,127
576,$400C_const,1
576,$400C_vol,9
577,$4000_duty,3
577,$4000_const,1
577,$4000_vol,7
577,$4004_duty,3
577,$4004_const,1
577,$4004_vol,7
577,$4008_linear,127
577,$400C_const,1
577,$400C_vol,11
578,$4000_duty,3
578,$4000_const,1
578,$4000_vol,7
578,$4004_duty,3
578,$4004_const,1
578,$4004_vol,7
578,$4008_linear,127
578,$400C_const,1
578,$400C_vol,13
579,$4000_duty,3
579,$4000_const,1
579,$4000_vol,7
579,$4004_duty,3
579,$4004_const,1
579,$4004_vol,7
579,$4008_linear,127
579,$400C_const,1
579,$400C_vol,15
580,$4000_duty,3
580,$4000_const,1
580,$4000_vol,7
580,$4004_duty,3
580,$4004_const,1
580,$4004_vol,7
580,$4008_linear,127
580,$400A_period,1283
580,$400B_length,2
580,$400C_const,1
580,$400C_vol,15
580,$400E_period,14
580,$400E_mode,0
581,$4000_duty,3
581,$4000_const,1
581,$4000_vol,7
581,$4004_duty,3
581,$4004_const,1
581,$4004_vol,7
581,$4008_linear,127
581,$400C_const,1
581,$400C_vol,15
581,$400E_period,14
581,$400E_mode,0
582,$4000_duty,3
582,$4000_const,1
582,$4000_vol,7
582,$4004_duty,3
582,$4004_const,1
582,$4004_vol,7
582,$4008_linear,127
582,$400C_const,1
582,$400C_vol,15
583,$4000_duty,3
583,$4000_const,1
583,$4000_vol,7
583,$4004_duty,3
583,$4004_const,1
583,$4004_vol,7
583,$4008_linear,127
583,$400C_const,1
583,$400C_vol,7
584,$4000_duty,3
584,$4000_const,1
584,$4000_vol,7
584,$4004_duty,3
584,$4004_const,1
584,$4004_vol,7
584,$4008_linear,127
584,$400C_const,1
584,$400C_vol,7
585,$4000_duty,3
585,$4000_const,1
585,$4000_vol,7
585,$4004_duty,3
585,$4004_const,1
585,$4004_vol,7
585,$4008_linear,127
585,$400C_const,1
585,$400C_vol,9
586,$4000_duty,3
586,$4000_const,1
586,$4000_vol,7
586,$4004_duty,3
586,$4004_const,1
586,$4004_vol,7
586,$4008_linear,127
586,$400C_const,1
586,$400C_vol,11
587,$4000_duty,3
587,$4000_const,1
587,$4000_vol,7
587,$4004_duty,3
587,$4004_const,1
587,$4004_vol,7
587,$4008_linear,127
587,$400C_const,1
587,$400C_vol,13
588,$4000_duty,3
588,$4000_const,1
588,$4000_vol,7
588,$4004_duty,3
588,$4004_const,1
588,$4004_vol,7
588,$4008_linear,127
588,$400C_const,1
588,$400C_vol,15
589,$4000_duty,3
589,$4000_const,1
589,$4000_vol,7
589,$4001_sweep,0
589,$4002_period,763
589,$400B_length,1
589,$4004_duty,3
589,$4004_const,1
589,$4004_vol,7
589,$4005_sweep,0
589,$4006_period,1017
589,$4008_linear,127
589,$400A_period,1283
589,$400B_length,2
589,$400C_const,1
589,$400C_vol,15
589,$400E_period,6
589,$400E_mode,0
590,$4000_duty,3
590,$4000_const,1
590,$4000_vol,11
590,$4004_duty,3
590,$4004_const,1
590,$4004_vol,11
590,$4008_linear,127
590,$400C_const,1
590,$400C_vol,15
590,$400E_period,6
590,$400E_mode,0
591,$4000_duty,3
591,$4000_const,1
591,$4000_vol,13
591,$4004_duty,3
591,$4004_const,1
591,$4004_vol,13
591,$4008_linear,127
591,$400C_const,1
591,$400C_vol,15
592,$4000_duty,3
592,$4000_const,1
592,$4000_vol,15
592,$4004_duty,3
592,$4004_const,1
592,$4004_vol,15
592,$4008_linear,127
592,$400C_const,1
592,$400C_vol,15
593,$4000_duty,3
593,$4000_const,1
593,$4000_vol,15
593,$4004_duty,3
593,$4004_const,1
593,$4004_vol,15
593,$4008_linear,127
593,$400C_const,1
593,$400C_vol,15
594,$4000_duty,3
594,$4000_const,1
594,$4000_vol,15
594,$4004_duty,3
594,$4004_const,1
594,$4004_vol,15
594,$4008_linear,127
594,$400C_const,1
594,$400C_vol,9
595,$4000_duty,3
595,$4000_const,1
595,$4000_vol,13
595,$4004_duty,3
595,$4004_const,1
595,$4004_vol,13
595,$4008_linear,127
595,$400C_const,1
595,$400C_vol,11
596,$4000_duty,3
596,$4000_const,1
596,$4000_vol,11
596,$4004_duty,3
596,$4004_const,1
596,$4004_vol,11
596,$4008_linear,127
596,$400C_const,1
596,$400C_vol,13
597,$4000_duty,3
597,$4000_const,1
597,$4000_vol,9
597,$4004_duty,3
597,$4004_const,1
597,$4004_vol,9
597,$4008_linear,127
597,$400C_const,1
597,$400C_vol,15
598,$4000_duty,3
598,$4000_const,1
598,$4000_vol,8
598,$4004_duty,3
598,$4004_const,1
598,$4004_vol,8
598,$4008_linear,127
598,$400C_const,1
598,$400C_vol,15
598,$400E_period,14
598,$400E_mode,0
599,$4000_duty,3
599,$4000_const,1
599,$4000_vol,7
599,$4004_duty,3
599,$4004_const,1
599,$4004_vol,7
599,$4008_linear,127
599,$400C_const,1
599,$400C_vol,15
599,$400E_period,14
599,$400E_mode,0
