frame,parameter,value
0,$4000_duty,1
0,$4000_const,1
0,$4000_vol,10
0,$4004_duty,0
0,$4004_const,1
0,$4004_vol,8
0,$4008_linear,111
0,$400C_const,1
0,$400C_vol,6
0,$400E_period,3
0,$400E_mode,0
1,$4000_duty,1
1,$4000_const,1
1,$4000_vol,10
1,$4004_duty,0
1,$4004_const,1
1,$4004_vol,8
1,$4008_linear,111
1,$400C_const,1
1,$400C_vol,3
1,$400E_period,3
1,$400E_mode,0
2,$4000_duty,1
2,$4000_const,1
2,$4000_vol,10
2,$4004_duty,0
2,$4004_const,1
2,$4004_vol,8
2,$4008_linear,111
2,$400C_const,1
2,$400C_vol,0
2,$400E_period,3
2,$400E_mode,0
3,$4000_duty,1
3,$4000_const,1
3,$4000_vol,10
3,$4004_duty,0
3,$4004_const,1
3,$4004_vol,8
3,$4008_linear,111
4,$4000_duty,1
4,$4000_const,1
4,$4000_vol,10
4,$4004_duty,0
4,$4004_const,1
4,$4004_vol,8
4,$4008_linear,111
4,$400C_const,1
4,$400C_vol,12
4,$400E_period,3
4,$400E_mode,0
5,$4000_duty,1
5,$4000_const,1
5,$4000_vol,10
5,$4004_duty,0
5,$4004_const,1
5,$4004_vol,8
5,$4008_linear,111
5,$400C_const,1
5,$400C_vol,9
5,$400E_period,3
5,$400E_mode,0
6,$4000_duty,1
6,$4000_const,1
6,$4000_vol,10
6,$4004_duty,0
6,$4004_const,1
6,$4004_vol,8
6,$4008_linear,111
6,$400C_const,1
6,$400C_vol,6
6,$400E_period,3
6,$400E_mode,0
7,$4000_duty,1
7,$4000_const,1
7,$4000_vol,10
7,$4004_duty,0
7,$4004_const,1
7,$4004_vol,8
7,$4008_linear,111
7,$400C_const,1
7,$400C_vol,3
7,$400E_period,3
7,$400E_mode,0
8,$4000_duty,1
8,$4000_const,1
8,$4000_vol,10
8,$4004_duty,0
8,$4004_const,1
8,$4004_vol,8
8,$4008_linear,111
8,$400C_const,1
8,$400C_vol,0
8,$400E_period,3
8,$400E_mode,0
9,$4002_period,1
9,$400B_length,0
9,$4006_period,1
9,$400A_period,1
9,$400B_length,0
10,$4000_duty,1
10,$4000_const,1
10,$4000_vol,10
10,$4002_period,427
10,$400B_length,8
10,$4004_duty,0
10,$4004_const,1
10,$4004_vol,8
10,$4006_period,719
10,$4008_linear,111
10,$400A_period,481
10,$400B_length,8
11,$4000_duty,1
11,$4000_const,1
11,$4000_vol,10
11,$4004_duty,0
11,$4004_const,1
11,$4004_vol,8
11,$4008_linear,111
12,$4000_duty,1
12,$4000_const,1
12,$4000_vol,10
12,$4004_duty,0
12,$4004_const,1
12,$4004_vol,8
12,$4008_linear,111
13,$4000_duty,1
13,$4000_const,1
13,$4000_vol,10
13,$4004_duty,0
13,$4004_const,1
13,$4004_vol,8
13,$4008_linear,111
14,$4000_duty,1
14,$4000_const,1
14,$4000_vol,10
14,$4004_duty,0
14,$4004_const,1
14,$4004_vol,8
14,$4008_linear,111
15,$4000_duty,1
15,$4000_const,1
15,$4000_vol,10
15,$4004_duty,0
15,$4004_const,1
15,$4004_vol,8
15,$4008_linear,111
16,$4000_duty,1
16,$4000_const,1
16,$4000_vol,10
16,$4004_duty,0
16,$4004_const,1
16,$4004_vol,8
16,$4008_linear,111
17,$4000_duty,1
17,$4000_const,1
17,$4000_vol,10
17,$4004_duty,0
17,$4004_const,1
17,$4004_vol,8
17,$4008_linear,111
18,$4000_duty,1
18,$4000_const,1
18,$4000_vol,10
18,$4004_duty,0
18,$4004_const,1
18,$4004_vol,8
18,$4008_linear,111
19,$4000_duty,1
19,$4000_const,1
19,$4000_vol,10
19,$4004_duty,0
19,$4004_const,1
19,$4004_vol,8
19,$4008_linear,111
20,$4000_duty,1
20,$4000_const,1
20,$4000_vol,10
20,$4004_duty,0
20,$4004_const,1
20,$4004_vol,8
20,$4008_linear,111
21,$4002_period,1
21,$400B_length,0
21,$4006_period,1
21,$400A_period,1
21,$400B_length,0
22,$4000_duty,1
22,$4000_const,1
22,$4000_vol,10
22,$4002_period,481
22,$400B_length,8
22,$4004_duty,0
22,$4004_const,1
22,$4004_vol,8
22,$4006_period,763
22,$4008_linear,111
22,$400A_period,481
22,$400B_length,8
22,$400C_const,1
22,$400C_vol,12
22,$400E_period,3
22,$400E_mode,0
23,$4000_duty,1
23,$4000_const,1
23,$4000_vol,10
23,$4004_duty,0
23,$4004_const,1
23,$4004_vol,8
23,$4008_linear,111
23,$400C_const,1
23,$400C_vol,9
23,$400E_period,3
23,$400E_mode,0
24,$4000_duty,1
24,$4000_const,1
24,$4000_vol,10
24,$4004_duty,0
24,$4004_const,1
24,$4004_vol,8
24,$4008_linear,111
24,$400C_const,1
24,$400C_vol,6
24,$400E_period,3
24,$400E_mode,0
25,$4000_duty,1
25,$4000_const,1
25,$4000_vol,10
25,$4004_duty,0
25,$4004_const,1
25,$4004_vol,8
25,$4008_linear,111
25,$400C_const,1
25,$400C_vol,3
25,$400E_period,3
25,$400E_mode,0
26,$4000_duty,1
26,$4000_const,1
26,$4000_vol,10
26,$4004_duty,0
26,$4004_const,1
26,$4004_vol,8
26,$4008_linear,111
26,$400C_const,1
26,$400C_vol,0
26,$400E_period,3
26,$400E_mode,0
27,$4000_duty,1
27,$4000_const,1
27,$4000_vol,10
27,$4004_duty,0
27,$4004_const,1
27,$4004_vol,8
27,$4008_linear,111
28,$4000_duty,1
28,$4000_const,1
28,$4000_vol,10
28,$4004_duty,0
28,$4004_const,1
28,$4004_vol,8
28,$4008_linear,111
28,$400C_const,1
28,$400C_vol,12
28,$400E_period,3
28,$400E_mode,0
29,$4000_duty,1
29,$4000_const,1
29,$4000_vol,10
29,$4004_duty,0
29,$4004_const,1
29,$4004_vol,8
29,$4008_linear,111
29,$400C_const,1
29,$400C_vol,9
29,$400E_period,3
29,$400E_mode,0
30,$4000_duty,1
30,$4000_const,1
30,$4000_vol,10
30,$4004_duty,0
30,$4004_const,1
30,$4004_vol,8
30,$4008_linear,111
30,$400C_const,1
30,$400C_vol,6
30,$400E_period,3
30,$400E_mode,0
31,$4000_duty,1
31,$4000_const,1
31,$4000_vol,10
31,$4004_duty,0
31,$4004_const,1
31,$4004_vol,8
31,$4008_linear,111
31,$400C_const,1
31,$400C_vol,3
31,$400E_period,3
31,$400E_mode,0
32,$4000_duty,1
32,$4000_const,1
32,$4000_vol,10
32,$4004_duty,0
32,$4004_const,1
32,$4004_vol,8
32,$4008_linear,111
32,$400C_const,1
32,$400C_vol,0
32,$400E_period,3
32,$400E_mode,0
33,$4002_period,1
33,$400B_length,0
33,$4006_period,1
33,$400A_period,1
33,$400B_length,0
34,$4000_duty,1
34,$4000_const,1
34,$4000_vol,10
34,$4002_period,641
34,$400B_length,9
34,$4004_duty,0
34,$4004_const,1
34,$4004_vol,8
34,$4006_period,763
34,$4008_linear,111
34,$400A_period,509
34,$400B_length,8
34,$400C_const,1
34,$400C_vol,12
34,$400E_period,3
34,$400E_mode,0
35,$4000_duty,1
35,$4000_const,1
35,$4000_vol,10
35,$4004_duty,0
35,$4004_const,1
35,$4004_vol,8
35,$4008_linear,111
35,$400C_const,1
35,$400C_vol,9
35,$400E_period,3
35,$400E_mode,0
36,$4000_duty,1
36,$4000_const,1
36,$4000_vol,10
36,$4004_duty,0
36,$4004_const,1
36,$4004_vol,8
36,$4008_linear,111
36,$400C_const,1
36,$400C_vol,6
36,$400E_period,3
36,$400E_mode,0
37,$4000_duty,1
37,$4000_const,1
37,$4000_vol,10
37,$4004_duty,0
37,$4004_const,1
37,$4004_vol,8
37,$4008_linear,111
37,$400C_const,1
37,$400C_vol,3
37,$400E_period,3
37,$400E_mode,0
38,$4000_duty,1
38,$4000_const,1
38,$4000_vol,10
38,$4004_duty,0
38,$4004_const,1
38,$4004_vol,8
38,$4008_linear,111
38,$400C_const,1
38,$400C_vol,0
38,$400E_period,3
38,$400E_mode,0
39,$4000_duty,1
39,$4000_const,1
39,$4000_vol,10
39,$4004_duty,0
39,$4004_const,1
39,$4004_vol,8
39,$4008_linear,111
39,$400C_const,1
39,$400C_vol,0
39,$400E_period,3
39,$400E_mode,0
40,$4000_duty,1
40,$4000_const,1
40,$4000_vol,10
40,$4004_duty,0
40,$4004_const,1
40,$4004_vol,8
40,$4008_linear,111
40,$400C_const,1
40,$400C_vol,0
40,$400E_period,3
40,$400E_mode,0
41,$4000_duty,1
41,$4000_const,1
41,$4000_vol,10
41,$4004_duty,0
41,$4004_const,1
41,$4004_vol,8
41,$4008_linear,111
41,$400C_const,1
41,$400C_vol,0
41,$400E_period,3
41,$400E_mode,0
42,$4000_duty,1
42,$4000_const,1
42,$4000_vol,10
42,$4004_duty,0
42,$4004_const,1
42,$4004_vol,8
42,$4008_linear,111
42,$400C_const,1
42,$400C_vol,0
42,$400E_period,3
42,$400E_mode,0
43,$4000_duty,1
43,$4000_const,1
43,$4000_vol,10
43,$4004_duty,0
43,$4004_const,1
43,$4004_vol,8
43,$4008_linear,111
43,$400C_const,1
43,$400C_vol,0
43,$400E_period,3
43,$400E_mode,0
44,$4000_duty,1
44,$4000_const,1
44,$4000_vol,10
44,$4004_duty,0
44,$4004_const,1
44,$4004_vol,8
44,$4008_linear,111
44,$400C_const,1
44,$400C_vol,0
44,$400E_period,3
44,$400E_mode,0
45,$4002_period,1
45,$400B_length,0
45,$4006_period,1
45,$400A_period,1
45,$400B_length,0
46,$4000_duty,1
46,$4000_const,1
46,$4000_vol,10
46,$4002_period,481
46,$400B_length,8
46,$4004_duty,0
46,$4004_const,1
46,$4004_vol,8
46,$4006_period,1017
46,$4008_linear,111
46,$400A_period,509
46,$400B_length,8
46,$400C_const,1
46,$400C_vol,12
46,$400E_period,3
46,$400E_mode,0
47,$4000_duty,1
47,$4000_const,1
47,$4000_vol,10
47,$4004_duty,0
47,$4004_const,1
47,$4004_vol,8
47,$4008_linear,111
47,$400C_const,1
47,$400C_vol,9
47,$400E_period,3
47,$400E_mode,0
48,$4000_duty,1
48,$4000_const,1
48,$4000_vol,10
48,$4004_duty,0
48,$4004_const,1
48,$4004_vol,8
48,$4008_linear,111
48,$400C_const,1
48,$400C_vol,6
48,$400E_period,3
48,$400E_mode,0
49,$4000_duty,1
49,$4000_const,1
49,$4000_vol,10
49,$4004_duty,0
49,$4004_const,1
49,$4004_vol,8
49,$4008_linear,111
49,$400C_const,1
49,$400C_vol,3
49,$400E_period,3
49,$400E_mode,0
50,$4000_duty,1
50,$4000_const,1
50,$4000_vol,10
50,$4004_duty,0
50,$4004_const,1
50,$4004_vol,8
50,$4008_linear,111
50,$400C_const,1
50,$400C_vol,0
50,$400E_period,3
50,$400E_mode,0
51,$4000_duty,1
51,$4000_const,1
51,$4000_vol,10
51,$4004_duty,0
51,$4004_const,1
51,$4004_vol,8
51,$4008_linear,111
51,$400C_const,1
51,$400C_vol,0
51,$400E_period,3
51,$400E_mode,0
52,$4000_duty,1
52,$4000_const,1
52,$4000_vol,10
52,$4004_duty,0
52,$4004_const,1
52,$4004_vol,8
52,$4008_linear,111
52,$400C_const,1
52,$400C_vol,0
52,$400E_period,3
52,$400E_mode,0
53,$4000_duty,1
53,$4000_const,1
53,$4000_vol,10
53,$4004_duty,0
53,$4004_const,1
53,$4004_vol,8
53,$4008_linear,111
53,$400C_const,1
53,$400C_vol,0
53,$400E_period,3
53,$400E_mode,0
54,$4000_duty,1
54,$4000_const,1
54,$4000_vol,10
54,$4004_duty,0
54,$4004_const,1
54,$4004_vol,8
54,$4008_linear,111
54,$400C_const,1
54,$400C_vol,0
54,$400E_period,3
54,$400E_mode,0
55,$4000_duty,1
55,$4000_const,1
55,$4000_vol,10
55,$4004_duty,0
55,$4004_const,1
55,$4004_vol,8
55,$4008_linear,111
55,$400C_const,1
55,$400C_vol,0
55,$400E_period,3
55,$400E_mode,0
56,$4000_duty,1
56,$4000_const,1
56,$4000_vol,10
56,$4004_duty,0
56,$4004_const,1
56,$4004_vol,8
56,$4008_linear,111
56,$400C_const,1
56,$400C_vol,0
56,$400E_period,3
56,$400E_mode,0
57,$4002_period,1
57,$400B_length,0
57,$4006_period,1
57,$400A_period,1
57,$400B_length,0
58,$4000_duty,1
58,$4000_const,1
58,$4000_vol,10
58,$4002_period,359
58,$400B_length,8
58,$4004_duty,0
58,$4004_const,1
58,$4004_vol,8
58,$4006_period,719
58,$4008_linear,111
58,$400A_period,509
58,$400B_length,8
59,$4000_duty,1
59,$4000_const,1
59,$4000_vol,10
59,$4004_duty,0
59,$4004_const,1
59,$4004_vol,8
59,$4008_linear,111
60,$4000_duty,1
60,$4000_const,1
60,$4000_vol,10
60,$4004_duty,0
60,$4004_const,1
60,$4004_vol,8
60,$4008_linear,111
61,$4000_duty,1
61,$4000_const,1
61,$4000_vol,10
61,$4004_duty,0
61,$4004_const,1
61,$4004_vol,8
61,$4008_linear,111
62,$4000_duty,1
62,$4000_const,1
62,$4000_vol,10
62,$4004_duty,0
62,$4004_const,1
62,$4004_vol,8
62,$4008_linear,111
63,$4000_duty,1
63,$4000_const,1
63,$4000_vol,10
63,$4004_duty,0
63,$4004_const,1
63,$4004_vol,8
63,$4008_linear,111
64,$4000_duty,1
64,$4000_const,1
64,$4000_vol,10
64,$4004_duty,0
64,$4004_const,1
64,$4004_vol,8
64,$4008_linear,111
65,$4000_duty,1
65,$4000_const,1
65,$4000_vol,10
65,$4004_duty,0
65,$4004_const,1
65,$4004_vol,8
65,$4008_linear,111
66,$4000_duty,1
66,$4000_const,1
66,$4000_vol,10
66,$4004_duty,0
66,$4004_const,1
66,$4004_vol,8
66,$4008_linear,111
67,$4000_duty,1
67,$4000_const,1
67,$4000_vol,10
67,$4004_duty,0
67,$4004_const,1
67,$4004_vol,8
67,$4008_linear,111
68,$4000_duty,1
68,$4000_const,1
68,$4000_vol,10
68,$4004_duty,0
68,$4004_const,1
68,$4004_vol,8
68,$4008_linear,111
69,$4002_period,1
69,$400B_length,0
69,$4006_period,1
69,$400A_period,1
69,$400B_length,0
70,$4000_duty,1
70,$4000_const,1
70,$4000_vol,10
70,$4002_period,381
70,$400B_length,8
70,$4004_duty,0
70,$4004_const,1
70,$4004_vol,8
70,$4006_period,763
70,$4008_linear,111
70,$400A_period,509
70,$400B_length,8
70,$400C_const,1
70,$400C_vol,12
70,$400E_period,3
70,$400E_mode,0
71,$4000_duty,1
71,$4000_const,1
71,$4000_vol,10
71,$4004_duty,0
71,$4004_const,1
71,$4004_vol,8
71,$4008_linear,111
71,$400C_const,1
71,$400C_vol,9
71,$400E_period,3
71,$400E_mode,0
72,$4000_duty,1
72,$4000_const,1
72,$4000_vol,10
72,$4004_duty,0
72,$4004_const,1
72,$4004_vol,8
72,$4008_linear,111
72,$400C_const,1
72,$400C_vol,6
72,$400E_period,3
72,$400E_mode,0
73,$4000_duty,1
73,$4000_const,1
73,$4000_vol,10
73,$4004_duty,0
73,$4004_const,1
73,$4004_vol,8
73,$4008_linear,111
73,$400C_const,1
73,$400C_vol,3
73,$400E_period,3
73,$400E_mode,0
74,$4000_duty,1
74,$4000_const,1
74,$4000_vol,10
74,$4004_duty,0
74,$4004_const,1
74,$4004_vol,8
74,$4008_linear,111
74,$400C_const,1
74,$400C_vol,0
74,$400E_period,3
74,$400E_mode,0
75,$4000_duty,1
75,$4000_const,1
75,$4000_vol,10
75,$4004_duty,0
75,$4004_const,1
75,$4004_vol,8
75,$4008_linear,111
75,$400C_const,1
75,$400C_vol,0
75,$400E_period,3
75,$400E_mode,0
76,$4000_duty,1
76,$4000_const,1
76,$4000_vol,10
76,$4004_duty,0
76,$4004_const,1
76,$4004_vol,8
76,$4008_linear,111
76,$400C_const,1
76,$400C_vol,0
76,$400E_period,3
76,$400E_mode,0
77,$4000_duty,1
77,$4000_const,1
77,$4000_vol,10
77,$4004_duty,0
77,$4004_const,1
77,$4004_vol,8
77,$4008_linear,111
77,$400C_const,1
77,$400C_vol,0
77,$400E_period,3
77,$400E_mode,0
78,$4000_duty,1
78,$4000_const,1
78,$4000_vol,10
78,$4004_duty,0
78,$4004_const,1
78,$4004_vol,8
78,$4008_linear,111
78,$400C_const,1
78,$400C_vol,0
78,$400E_period,3
78,$400E_mode,0
79,$4000_duty,1
79,$4000_const,1
79,$4000_vol,10
79,$4004_duty,0
79,$4004_const,1
79,$4004_vol,8
79,$4008_linear,111
79,$400C_const,1
79,$400C_vol,0
79,$400E_period,3
79,$400E_mode,0
80,$4000_duty,1
80,$4000_const,1
80,$4000_vol,10
80,$4004_duty,0
80,$4004_const,1
80,$4004_vol,8
80,$4008_linear,111
80,$400C_const,1
80,$400C_vol,0
80,$400E_period,3
80,$400E_mode,0
81,$4000_duty,1
81,$4000_const,1
81,$4000_vol,10
81,$4006_period,1
81,$400A_period,1
81,$400B_length,0
82,$4000_duty,1
82,$4000_const,1
82,$4000_vol,10
82,$4004_duty,0
82,$4004_const,1
82,$4004_vol,8
82,$4006_period,855
82,$4008_linear,111
82,$400A_period,509
82,$400B_length,8
82,$400C_const,1
82,$400C_vol,12
82,$400E_period,3
82,$400E_mode,0
83,$4000_duty,1
83,$4000_const,1
83,$4000_vol,10
83,$4004_duty,0
83,$4004_const,1
83,$4004_vol,8
83,$4008_linear,111
83,$400C_const,1
83,$400C_vol,9
83,$400E_period,3
83,$400E_mode,0
84,$4000_duty,1
84,$4000_const,1
84,$4000_vol,10
84,$4004_duty,0
84,$4004_const,1
84,$4004_vol,8
84,$4008_linear,111
84,$400C_const,1
84,$400C_vol,6
84,$400E_period,3
84,$400E_mode,0
85,$4000_duty,1
85,$4000_const,1
85,$4000_vol,10
85,$4004_duty,0
85,$4004_const,1
85,$4004_vol,8
85,$4008_linear,111
85,$400C_const,1
85,$400C_vol,3
85,$400E_period,3
85,$400E_mode,0
86,$4000_duty,1
86,$4000_const,1
86,$4000_vol,10
86,$4004_duty,0
86,$4004_const,1
86,$4004_vol,8
86,$4008_linear,111
86,$400C_const,1
86,$400C_vol,0
86,$400E_period,3
86,$400E_mode,0
87,$4000_duty,1
87,$4000_const,1
87,$4000_vol,10
87,$4004_duty,0
87,$4004_const,1
87,$4004_vol,8
87,$4008_linear,111
87,$400C_const,1
87,$400C_vol,0
87,$400E_period,3
87,$400E_mode,0
88,$4000_duty,1
88,$4000_const,1
88,$4000_vol,10
88,$4004_duty,0
88,$4004_const,1
88,$4004_vol,8
88,$4008_linear,111
88,$400C_const,1
88,$400C_vol,0
88,$400E_period,3
88,$400E_mode,0
89,$4000_duty,1
89,$4000_const,1
89,$4000_vol,10
89,$4004_duty,0
89,$4004_const,1
89,$4004_vol,8
89,$4008_linear,111
89,$400C_const,1
89,$400C_vol,0
89,$400E_period,3
89,$400E_mode,0
90,$4000_duty,1
90,$4000_const,1
90,$4000_vol,8
90,$4004_duty,0
90,$4004_const,1
90,$4004_vol,8
90,$4008_linear,111
90,$400C_const,1
90,$400C_vol,0
90,$400E_period,3
90,$400E_mode,0
91,$4000_duty,1
91,$4000_const,1
91,$4000_vol,8
91,$4004_duty,0
91,$4004_const,1
91,$4004_vol,8
91,$4008_linear,111
91,$400C_const,1
91,$400C_vol,0
91,$400E_period,3
91,$400E_mode,0
92,$4000_duty,1
92,$4000_const,1
92,$4000_vol,8
92,$4004_duty,0
92,$4004_const,1
92,$4004_vol,8
92,$4008_linear,111
92,$400C_const,1
92,$400C_vol,0
92,$400E_period,3
92,$400E_mode,0
93,$4002_period,1
93,$400B_length,0
93,$4006_period,1
93,$400A_period,1
93,$400B_length,0
94,$4000_duty,1
94,$4000_const,1
94,$4000_vol,10
94,$4002_period,381
94,$400B_length,8
94,$4004_duty,0
94,$4004_const,1
94,$4004_vol,8
94,$4006_period,1017
94,$4008_linear,111
94,$400A_period,509
94,$400B_length,8
94,$400C_const,1
94,$400C_vol,12
94,$400E_period,3
94,$400E_mode,0
95,$4000_duty,1
95,$4000_const,1
95,$4000_vol,10
95,$4004_duty,0
95,$4004_const,1
95,$4004_vol,8
95,$4008_linear,111
95,$400C_const,1
95,$400C_vol,9
95,$400E_period,3
95,$400E_mode,0
96,$4000_duty,1
96,$4000_const,1
96,$4000_vol,10
96,$4004_duty,0
96,$4004_const,1
96,$4004_vol,8
96,$4008_linear,111
96,$400C_const,1
96,$400C_vol,6
96,$400E_period,3
96,$400E_mode,0
97,$4000_duty,1
97,$4000_const,1
97,$4000_vol,10
97,$4004_duty,0
97,$4004_const,1
97,$4004_vol,8
97,$4008_linear,111
97,$400C_const,1
97,$400C_vol,3
97,$400E_period,3
97,$400E_mode,0
98,$4000_duty,1
98,$4000_const,1
98,$4000_vol,10
98,$4004_duty,0
98,$4004_const,1
98,$4004_vol,8
98,$4008_linear,111
98,$400C_const,1
98,$400C_vol,0
98,$400E_period,3
98,$400E_mode,0
99,$4000_duty,1
99,$4000_const,1
99,$4000_vol,10
99,$4004_duty,0
99,$4004_const,1
99,$4004_vol,8
99,$4008_linear,111
100,$4000_duty,1
100,$4000_const,1
100,$4000_vol,10
100,$4004_duty,0
100,$4004_const,1
100,$4004_vol,8
100,$4008_linear,111
100,$400C_const,1
100,$400C_vol,12
100,$400E_period,3
100,$400E_mode,0
101,$4000_duty,1
101,$4000_const,1
101,$4000_vol,10
101,$4004_duty,0
101,$4004_const,1
101,$4004_vol,8
101,$4008_linear,111
101,$400C_const,1
101,$400C_vol,9
101,$400E_period,3
101,$400E_mode,0
102,$4000_duty,1
102,$4000_const,1
102,$4000_vol,10
102,$4004_duty,0
102,$4004_const,1
102,$4004_vol,8
102,$4008_linear,111
102,$400C_const,1
102,$400C_vol,6
102,$400E_period,3
102,$400E_mode,0
103,$4000_duty,1
103,$4000_const,1
103,$4000_vol,10
103,$4004_duty,0
103,$4004_const,1
103,$4004_vol,8
103,$4008_linear,111
103,$400C_const,1
103,$400C_vol,3
103,$400E_period,3
103,$400E_mode,0
104,$4000_duty,1
104,$4000_const,1
104,$4000_vol,10
104,$4004_duty,0
104,$4004_const,1
104,$4004_vol,8
104,$4008_linear,111
104,$400C_const,1
104,$400C_vol,0
104,$400E_period,3
104,$400E_mode,0
105,$4002_period,1
105,$400B_length,0
105,$4006_period,1
105,$400A_period,1
105,$400B_length,0
106,$4000_duty,1
106,$4000_const,1
106,$4000_vol,10
106,$4002_period,427
106,$400B_length,8
106,$4004_duty,0
106,$4004_const,1
106,$4004_vol,8
106,$4006_period,719
106,$4008_linear,111
106,$400A_period,509
106,$400B_length,8
107,$4000_duty,1
107,$4000_const,1
107,$4000_vol,10
107,$4004_duty,0
107,$4004_const,1
107,$4004_vol,8
107,$4008_linear,111
108,$4000_duty,1
108,$4000_const,1
108,$4000_vol,10
108,$4004_duty,0
108,$4004_const,1
108,$4004_vol,8
108,$4008_linear,111
109,$4000_duty,1
109,$4000_const,1
109,$4000_vol,10
109,$4004_duty,0
109,$4004_const,1
109,$4004_vol,8
109,$4008_linear,111
110,$4000_duty,1
110,$4000_const,1
110,$4000_vol,10
110,$4004_duty,0
110,$4004_const,1
110,$4004_vol,8
110,$4008_linear,111
111,$4000_duty,1
111,$4000_const,1
111,$4000_vol,10
111,$4004_duty,0
111,$4004_const,1
111,$4004_vol,8
111,$4008_linear,111
112,$4000_duty,1
112,$4000_const,1
112,$4000_vol,10
112,$4004_duty,0
112,$4004_const,1
112,$4004_vol,8
112,$4008_linear,111
113,$4000_duty,1
113,$4000_const,1
113,$4000_vol,10
113,$4004_duty,0
113,$4004_const,1
113,$4004_vol,8
113,$4008_linear,111
114,$4000_duty,1
114,$4000_const,1
114,$4000_vol,10
114,$4004_duty,0
114,$4004_const,1
114,$4004_vol,8
114,$4008_linear,111
115,$4000_duty,1
115,$4000_const,1
115,$4000_vol,10
115,$4004_duty,0
115,$4004_const,1
115,$4004_vol,8
115,$4008_linear,111
116,$4000_duty,1
116,$4000_const,1
116,$4000_vol,10
116,$4004_duty,0
116,$4004_const,1
116,$4004_vol,8
116,$4008_linear,111
117,$4002_period,1
117,$400B_length,0
117,$4006_period,1
117,$400A_period,1
117,$400B_length,0
118,$4000_duty,1
118,$4000_const,1
118,$4000_vol,10
118,$4002_period,481
118,$400B_length,8
118,$4004_duty,0
118,$4004_const,1
118,$4004_vol,8
118,$4006_period,763
118,$4008_linear,111
118,$400A_period,509
118,$400B_length,8
118,$400C_const,1
118,$400C_vol,12
118,$400E_period,3
118,$400E_mode,0
119,$4000_duty,1
119,$4000_const,1
119,$4000_vol,10
119,$4004_duty,0
119,$4004_const,1
119,$4004_vol,8
119,$4008_linear,111
119,$400C_const,1
119,$400C_vol,9
119,$400E_period,3
119,$400E_mode,0
120,$4000_duty,1
120,$4000_const,1
120,$4000_vol,10
120,$4004_duty,0
120,$4004_const,1
120,$4004_vol,8
120,$4008_linear,111
120,$400C_const,1
120,$400C_vol,6
120,$400E_period,3
120,$400E_mode,0
121,$4000_duty,1
121,$4000_const,1
121,$4000_vol,10
121,$4004_duty,0
121,$4004_const,1
121,$4004_vol,8
121,$4008_linear,111
121,$400C_const,1
121,$400C_vol,3
121,$400E_period,3
121,$400E_mode,0
122,$4000_duty,1
122,$4000_const,1
122,$4000_vol,10
122,$4004_duty,0
122,$4004_const,1
122,$4004_vol,8
122,$4008_linear,111
122,$400C_const,1
122,$400C_vol,0
122,$400E_period,3
122,$400E_mode,0
123,$4000_duty,1
123,$4000_const,1
123,$4000_vol,10
123,$4004_duty,0
123,$4004_const,1
123,$4004_vol,8
123,$4008_linear,111
124,$4000_duty,1
124,$4000_const,1
124,$4000_vol,10
124,$4004_duty,0
124,$4004_const,1
124,$4004_vol,8
124,$4008_linear,111
124,$400C_const,1
124,$400C_vol,12
124,$400E_period,3
124,$400E_mode,0
125,$4000_duty,1
125,$4000_const,1
125,$4000_vol,10
125,$4004_duty,0
125,$4004_const,1
125,$4004_vol,8
125,$4008_linear,111
125,$400C_const,1
125,$400C_vol,9
125,$400E_period,3
125,$400E_mode,0
126,$4000_duty,1
126,$4000_const,1
126,$4000_vol,10
126,$4004_duty,0
126,$4004_const,1
126,$4004_vol,8
126,$4008_linear,111
126,$400C_const,1
126,$400C_vol,6
126,$400E_period,3
126,$400E_mode,0
127,$4000_duty,1
127,$4000_const,1
127,$4000_vol,10
127,$4004_duty,0
127,$4004_const,1
127,$4004_vol,8
127,$4008_linear,111
127,$400C_const,1
127,$400C_vol,3
127,$400E_period,3
127,$400E_mode,0
128,$4000_duty,1
128,$4000_const,1
128,$4000_vol,10
128,$4004_duty,0
128,$4004_const,1
128,$4004_vol,8
128,$4008_linear,111
128,$400C_const,1
128,$400C_vol,0
128,$400E_period,3
128,$400E_mode,0
129,$4002_period,1
129,$400B_length,0
129,$4006_period,1
129,$400A_period,1
129,$400B_length,0
130,$4000_duty,1
130,$4000_const,1
130,$4000_vol,10
130,$4002_period,571
130,$400B_length,9
130,$4004_duty,0
130,$4004_const,1
130,$4004_vol,8
130,$4006_period,719
130,$4008_linear,111
130,$400A_period,571
130,$400B_length,9
130,$400C_const,1
130,$400C_vol,12
130,$400E_period,3
130,$400E_mode,0
131,$4000_duty,1
131,$4000_const,1
131,$4000_vol,10
131,$4004_duty,0
131,$4004_const,1
131,$4004_vol,8
131,$4008_linear,111
131,$400C_const,1
131,$400C_vol,9
131,$400E_period,3
131,$400E_mode,0
132,$4000_duty,1
132,$4000_const,1
132,$4000_vol,10
132,$4004_duty,0
132,$4004_const,1
132,$4004_vol,8
132,$4008_linear,111
132,$400C_const,1
132,$400C_vol,6
132,$400E_period,3
132,$400E_mode,0
133,$4000_duty,1
133,$4000_const,1
133,$4000_vol,10
133,$4004_duty,0
133,$4004_const,1
133,$4004_vol,8
133,$4008_linear,111
133,$400C_const,1
133,$400C_vol,3
133,$400E_period,3
133,$400E_mode,0
134,$4000_duty,1
134,$4000_const,1
134,$4000_vol,10
134,$4004_duty,0
134,$4004_const,1
134,$4004_vol,8
134,$4008_linear,111
134,$400C_const,1
134,$400C_vol,0
134,$400E_period,3
134,$400E_mode,0
135,$4000_duty,1
135,$4000_const,1
135,$4000_vol,10
135,$4004_duty,0
135,$4004_const,1
135,$4004_vol,8
135,$4008_linear,111
135,$400C_const,1
135,$400C_vol,0
135,$400E_period,3
135,$400E_mode,0
136,$4000_duty,1
136,$4000_const,1
136,$4000_vol,10
136,$4004_duty,0
136,$4004_const,1
136,$4004_vol,8
136,$4008_linear,111
136,$400C_const,1
136,$400C_vol,0
136,$400E_period,3
136,$400E_mode,0
137,$4000_duty,1
137,$4000_const,1
137,$4000_vol,10
137,$4004_duty,0
137,$4004_const,1
137,$4004_vol,8
137,$4008_linear,111
137,$400C_const,1
137,$400C_vol,0
137,$400E_period,3
137,$400E_mode,0
138,$4000_duty,1
138,$4000_const,1
138,$4000_vol,10
138,$4004_duty,0
138,$4004_const,1
138,$4004_vol,8
138,$4008_linear,111
138,$400C_const,1
138,$400C_vol,0
138,$400E_period,3
138,$400E_mode,0
139,$4000_duty,1
139,$4000_const,1
139,$4000_vol,10
139,$4004_duty,0
139,$4004_const,1
139,$4004_vol,8
139,$4008_linear,111
139,$400C_const,1
139,$400C_vol,0
139,$400E_period,3
139,$400E_mode,0
140,$4000_duty,1
140,$4000_const,1
140,$4000_vol,10
140,$4004_duty,0
140,$4004_const,1
140,$4004_vol,8
140,$4008_linear,111
140,$400C_const,1
140,$400C_vol,0
140,$400E_period,3
140,$400E_mode,0
141,$4002_period,1
141,$400B_length,0
141,$4006_period,1
141,$400A_period,1
141,$400B_length,0
142,$4000_duty,1
142,$4000_const,1
142,$4000_vol,10
142,$4002_period,481
142,$400B_length,8
142,$4004_duty,0
142,$4004_const,1
142,$4004_vol,8
142,$4006_period,961
142,$4008_linear,111
142,$400A_period,571
142,$400B_length,9
142,$400C_const,1
142,$400C_vol,12
142,$400E_period,3
142,$400E_mode,0
143,$4000_duty,1
143,$4000_const,1
143,$4000_vol,10
143,$4004_duty,0
143,$4004_const,1
143,$4004_vol,8
143,$4008_linear,111
143,$400C_const,1
143,$400C_vol,9
143,$400E_period,3
143,$400E_mode,0
144,$4000_duty,1
144,$4000_const,1
144,$4000_vol,10
144,$4004_duty,0
144,$4004_const,1
144,$4004_vol,8
144,$4008_linear,111
144,$400C_const,1
144,$400C_vol,6
144,$400E_period,3
144,$400E_mode,0
145,$4000_duty,1
145,$4000_const,1
145,$4000_vol,10
145,$4004_duty,0
145,$4004_const,1
145,$4004_vol,8
145,$4008_linear,111
145,$400C_const,1
145,$400C_vol,3
145,$400E_period,3
145,$400E_mode,0
146,$4000_duty,1
146,$4000_const,1
146,$4000_vol,10
146,$4004_duty,0
146,$4004_const,1
146,$4004_vol,8
146,$4008_linear,111
146,$400C_const,1
146,$400C_vol,0
146,$400E_period,3
146,$400E_mode,0
147,$4000_duty,1
147,$4000_const,1
147,$4000_vol,10
147,$4004_duty,0
147,$4004_const,1
147,$4004_vol,8
147,$4008_linear,111
147,$400C_const,1
147,$400C_vol,0
147,$400E_period,3
147,$400E_mode,0
148,$4000_duty,1
148,$4000_const,1
148,$4000_vol,10
148,$4004_duty,0
148,$4004_const,1
148,$4004_vol,8
148,$4008_linear,111
148,$400C_const,1
148,$400C_vol,0
148,$400E_period,3
148,$400E_mode,0
149,$4000_duty,1
149,$4000_const,1
149,$4000_vol,10
149,$4004_duty,0
149,$4004_const,1
149,$4004_vol,8
149,$4008_linear,111
149,$400C_const,1
149,$400C_vol,0
149,$400E_period,3
149,$400E_mode,0
150,$4000_duty,1
150,$4000_const,1
150,$4000_vol,10
150,$4004_duty,0
150,$4004_const,1
150,$4004_vol,8
150,$4008_linear,111
150,$400C_const,1
150,$400C_vol,0
150,$400E_period,3
150,$400E_mode,0
151,$4000_duty,1
151,$4000_const,1
151,$4000_vol,10
151,$4004_duty,0
151,$4004_const,1
151,$4004_vol,8
151,$4008_linear,111
151,$400C_const,1
151,$400C_vol,0
151,$400E_period,3
151,$400E_mode,0
152,$4000_duty,1
152,$4000_const,1
152,$4000_vol,10
152,$4004_duty,0
152,$4004_const,1
152,$4004_vol,8
152,$4008_linear,111
152,$400C_const,1
152,$400C_vol,0
152,$400E_period,3
152,$400E_mode,0
153,$4002_period,1
153,$400B_length,0
153,$4006_period,1
153,$400A_period,1
153,$400B_length,0
154,$4000_duty,1
154,$4000_const,1
154,$4000_vol,10
154,$4002_period,321
154,$400B_length,8
154,$4004_duty,0
154,$4004_const,1
154,$4004_vol,8
154,$4006_period,641
154,$4008_linear,111
154,$400A_period,571
154,$400B_length,9
155,$4000_duty,1
155,$4000_const,1
155,$4000_vol,10
155,$4004_duty,0
155,$4004_const,1
155,$4004_vol,8
155,$4008_linear,111
156,$4000_duty,1
156,$4000_const,1
156,$4000_vol,10
156,$4004_duty,0
156,$4004_const,1
156,$4004_vol,8
156,$4008_linear,111
157,$4000_duty,1
157,$4000_const,1
157,$4000_vol,10
157,$4004_duty,0
157,$4004_const,1
157,$4004_vol,8
157,$4008_linear,111
158,$4000_duty,1
158,$4000_const,1
158,$4000_vol,10
158,$4004_duty,0
158,$4004_const,1
158,$4004_vol,8
158,$4008_linear,111
159,$4000_duty,1
159,$4000_const,1
159,$4000_vol,10
159,$4004_duty,0
159,$4004_const,1
159,$4004_vol,8
159,$4008_linear,111
160,$4000_duty,1
160,$4000_const,1
160,$4000_vol,10
160,$4004_duty,0
160,$4004_const,1
160,$4004_vol,8
160,$4008_linear,111
161,$4000_duty,1
161,$4000_const,1
161,$4000_vol,10
161,$4004_duty,0
161,$4004_const,1
161,$4004_vol,8
161,$4008_linear,111
162,$4000_duty,1
162,$4000_const,1
162,$4000_vol,10
162,$4004_duty,0
162,$4004_const,1
162,$4004_vol,8
162,$4008_linear,111
163,$4000_duty,1
163,$4000_const,1
163,$4000_vol,10
163,$4004_duty,0
163,$4004_const,1
163,$4004_vol,8
163,$4008_linear,111
164,$4000_duty,1
164,$4000_const,1
164,$4000_vol,10
164,$4004_duty,0
164,$4004_const,1
164,$4004_vol,8
164,$4008_linear,111
165,$4002_period,1
165,$400B_length,0
165,$4006_period,1
165,$400A_period,1
165,$400B_length,0
166,$4000_duty,1
166,$4000_const,1
166,$4000_vol,10
166,$4002_period,359
166,$400B_length,8
166,$4004_duty,0
166,$4004_const,1
166,$4004_vol,8
166,$4006_period,719
166,$4008_linear,111
166,$400A_period,571
166,$400B_length,9
166,$400C_const,1
166,$400C_vol,12
166,$400E_period,3
166,$400E_mode,0
167,$4000_duty,1
167,$4000_const,1
167,$4000_vol,10
167,$4004_duty,0
167,$4004_const,1
167,$4004_vol,8
167,$4008_linear,111
167,$400C_const,1
167,$400C_vol,9
167,$400E_period,3
167,$400E_mode,0
168,$4000_duty,1
168,$4000_const,1
168,$4000_vol,10
168,$4004_duty,0
168,$4004_const,1
168,$4004_vol,8
168,$4008_linear,111
168,$400C_const,1
168,$400C_vol,6
168,$400E_period,3
168,$400E_mode,0
169,$4000_duty,1
169,$4000_const,1
169,$4000_vol,10
169,$4004_duty,0
169,$4004_const,1
169,$4004_vol,8
169,$4008_linear,111
169,$400C_const,1
169,$400C_vol,3
169,$400E_period,3
169,$400E_mode,0
170,$4000_duty,1
170,$4000_const,1
170,$4000_vol,10
170,$4004_duty,0
170,$4004_const,1
170,$4004_vol,8
170,$4008_linear,111
170,$400C_const,1
170,$400C_vol,0
170,$400E_period,3
170,$400E_mode,0
171,$4000_duty,1
171,$4000_const,1
171,$4000_vol,10
171,$4004_duty,0
171,$4004_const,1
171,$4004_vol,8
171,$4008_linear,111
171,$400C_const,1
171,$400C_vol,0
171,$400E_period,3
171,$400E_mode,0
172,$4000_duty,1
172,$4000_const,1
172,$4000_vol,10
172,$4004_duty,0
172,$4004_const,1
172,$4004_vol,8
172,$4008_linear,111
172,$400C_const,1
172,$400C_vol,0
172,$400E_period,3
172,$400E_mode,0
173,$4000_duty,1
173,$4000_const,1
173,$4000_vol,10
173,$4004_duty,0
173,$4004_const,1
173,$4004_vol,8
173,$4008_linear,111
173,$400C_const,1
173,$400C_vol,0
173,$400E_period,3
173,$400E_mode,0
174,$4000_duty,1
174,$4000_const,1
174,$4000_vol,10
174,$4004_duty,0
174,$4004_const,1
174,$4004_vol,8
174,$4008_linear,111
174,$400C_const,1
174,$400C_vol,0
174,$400E_period,3
174,$400E_mode,0
175,$4000_duty,1
175,$4000_const,1
175,$4000_vol,10
175,$4004_duty,0
175,$4004_const,1
175,$4004_vol,8
175,$4008_linear,111
175,$400C_const,1
175,$400C_vol,0
175,$400E_period,3
175,$400E_mode,0
176,$4000_duty,1
176,$4000_const,1
176,$4000_vol,10
176,$4004_duty,0
176,$4004_const,1
176,$4004_vol,8
176,$4008_linear,111
176,$400C_const,1
176,$400C_vol,0
176,$400E_period,3
176,$400E_mode,0
177,$4000_duty,1
177,$4000_const,1
177,$4000_vol,10
177,$4006_period,1
177,$400A_period,1
177,$400B_length,0
178,$4000_duty,1
178,$4000_const,1
178,$4000_vol,10
178,$4004_duty,0
178,$4004_const,1
178,$4004_vol,8
178,$4006_period,855
178,$4008_linear,111
178,$400A_period,571
178,$400B_length,9
178,$400C_const,1
178,$400C_vol,12
178,$400E_period,3
178,$400E_mode,0
179,$4000_duty,1
179,$4000_const,1
179,$4000_vol,10
179,$4004_duty,0
179,$4004_const,1
179,$4004_vol,8
179,$4008_linear,111
179,$400C_const,1
179,$400C_vol,9
179,$400E_period,3
179,$400E_mode,0
180,$4000_duty,1
180,$4000_const,1
180,$4000_vol,10
180,$4004_duty,0
180,$4004_const,1
180,$4004_vol,8
180,$4008_linear,111
180,$400C_const,1
180,$400C_vol,6
180,$400E_period,3
180,$400E_mode,0
181,$4000_duty,1
181,$4000_const,1
181,$4000_vol,10
181,$4004_duty,0
181,$4004_const,1
181,$4004_vol,8
181,$4008_linear,111
181,$400C_const,1
181,$400C_vol,3
181,$400E_period,3
181,$400E_mode,0
182,$4000_duty,1
182,$4000_const,1
182,$4000_vol,10
182,$4004_duty,0
182,$4004_const,1
182,$4004_vol,8
182,$4008_linear,111
182,$400C_const,1
182,$400C_vol,0
182,$400E_period,3
182,$400E_mode,0
183,$4000_duty,1
183,$4000_const,1
183,$4000_vol,10
183,$4004_duty,0
183,$4004_const,1
183,$4004_vol,8
183,$4008_linear,111
183,$400C_const,1
183,$400C_vol,0
183,$400E_period,3
183,$400E_mode,0
184,$4000_duty,1
184,$4000_const,1
184,$4000_vol,10
184,$4004_duty,0
184,$4004_const,1
184,$4004_vol,8
184,$4008_linear,111
184,$400C_const,1
184,$400C_vol,0
184,$400E_period,3
184,$400E_mode,0
185,$4000_duty,1
185,$4000_const,1
185,$4000_vol,10
185,$4004_duty,0
185,$4004_const,1
185,$4004_vol,8
185,$4008_linear,111
185,$400C_const,1
185,$400C_vol,0
185,$400E_period,3
185,$400E_mode,0
186,$4000_duty,1
186,$4000_const,1
186,$4000_vol,8
186,$4004_duty,0
186,$4004_const,1
186,$4004_vol,8
186,$4008_linear,111
186,$400C_const,1
186,$400C_vol,0
186,$400E_period,3
186,$400E_mode,0
187,$4000_duty,1
187,$4000_const,1
187,$4000_vol,8
187,$4004_duty,0
187,$4004_const,1
187,$4004_vol,8
187,$4008_linear,111
187,$400C_const,1
187,$400C_vol,0
187,$400E_period,3
187,$400E_mode,0
188,$4000_duty,1
188,$4000_const,1
188,$4000_vol,8
188,$4004_duty,0
188,$4004_const,1
188,$4004_vol,8
188,$4008_linear,111
188,$400C_const,1
188,$400C_vol,0
188,$400E_period,3
188,$400E_mode,0
189,$4002_period,1
189,$400B_length,0
189,$4006_period,1
189,$400A_period,1
189,$400B_length,0
190,$4000_duty,1
190,$4000_const,1
190,$4000_vol,10
190,$4002_period,571
190,$400B_length,9
190,$4004_duty,0
190,$4004_const,1
190,$4004_vol,8
190,$4006_period,961
190,$4008_linear,111
190,$400A_period,571
190,$400B_length,9
190,$400C_const,1
190,$400C_vol,12
190,$400E_period,3
190,$400E_mode,0
191,$4000_duty,1
191,$4000_const,1
191,$4000_vol,10
191,$4004_duty,0
191,$4004_const,1
191,$4004_vol,8
191,$4008_linear,111
191,$400C_const,1
191,$400C_vol,9
191,$400E_period,3
191,$400E_mode,0
192,$4000_duty,1
192,$4000_const,1
192,$4000_vol,10
192,$4004_duty,0
192,$4004_const,1
192,$4004_vol,8
192,$4008_linear,111
192,$400C_const,1
192,$400C_vol,6
192,$400E_period,3
192,$400E_mode,0
193,$4000_duty,1
193,$4000_const,1
193,$4000_vol,10
193,$4004_duty,0
193,$4004_const,1
193,$4004_vol,8
193,$4008_linear,111
193,$400C_const,1
193,$400C_vol,3
193,$400E_period,3
193,$400E_mode,0
194,$4000_duty,1
194,$4000_const,1
194,$4000_vol,10
194,$4004_duty,0
194,$4004_const,1
194,$4004_vol,8
194,$4008_linear,111
194,$400C_const,1
194,$400C_vol,0
194,$400E_period,3
194,$400E_mode,0
195,$4000_duty,1
195,$4000_const,1
195,$4000_vol,10
195,$4004_duty,0
195,$4004_const,1
195,$4004_vol,8
195,$4008_linear,111
196,$4000_duty,1
196,$4000_const,1
196,$4000_vol,10
196,$4004_duty,0
196,$4004_const,1
196,$4004_vol,8
196,$4008_linear,111
196,$400C_const,1
196,$400C_vol,12
196,$400E_period,3
196,$400E_mode,0
197,$4000_duty,1
197,$4000_const,1
197,$4000_vol,10
197,$4004_duty,0
197,$4004_const,1
197,$4004_vol,8
197,$4008_linear,111
197,$400C_const,1
197,$400C_vol,9
197,$400E_period,3
197,$400E_mode,0
198,$4000_duty,1
198,$4000_const,1
198,$4000_vol,10
198,$4004_duty,0
198,$4004_const,1
198,$4004_vol,8
198,$4008_linear,111
198,$400C_const,1
198,$400C_vol,6
198,$400E_period,3
198,$400E_mode,0
199,$4000_duty,1
199,$4000_const,1
199,$4000_vol,10
199,$4004_duty,0
199,$4004_const,1
199,$4004_vol,8
199,$4008_linear,111
199,$400C_const,1
199,$400C_vol,3
199,$400E_period,3
199,$400E_mode,0
200,$4000_duty,1
200,$4000_const,1
200,$4000_vol,10
200,$4004_duty,0
200,$4004_const,1
200,$4004_vol,8
200,$4008_linear,111
200,$400C_const,1
200,$400C_vol,0
200,$400E_period,3
200,$400E_mode,0
201,$4002_period,1
201,$400B_length,0
201,$4006_period,1
201,$400A_period,1
201,$400B_length,0
202,$4000_duty,1
202,$4000_const,1
202,$4000_vol,10
202,$4002_period,509
202,$400B_length,8
202,$4004_duty,0
202,$4004_const,1
202,$4004_vol,8
202,$4006_period,641
202,$4008_linear,111
202,$400A_period,571
202,$400B_length,9
203,$4000_duty,1
203,$4000_const,1
203,$4000_vol,10
203,$4004_duty,0
203,$4004_const,1
203,$4004_vol,8
203,$4008_linear,111
204,$4000_duty,1
204,$4000_const,1
204,$4000_vol,10
204,$4004_duty,0
204,$4004_const,1
204,$4004_vol,8
204,$4008_linear,111
205,$4000_duty,1
205,$4000_const,1
205,$4000_vol,10
205,$4004_duty,0
205,$4004_const,1
205,$4004_vol,8
205,$4008_linear,111
206,$4000_duty,1
206,$4000_const,1
206,$4000_vol,10
206,$4004_duty,0
206,$4004_const,1
206,$4004_vol,8
206,$4008_linear,111
207,$4000_duty,1
207,$4000_const,1
207,$4000_vol,10
207,$4004_duty,0
207,$4004_const,1
207,$4004_vol,8
207,$4008_linear,111
208,$4000_duty,1
208,$4000_const,1
208,$4000_vol,10
208,$4004_duty,0
208,$4004_const,1
208,$4004_vol,8
208,$4008_linear,111
209,$4000_duty,1
209,$4000_const,1
209,$4000_vol,10
209,$4004_duty,0
209,$4004_const,1
209,$4004_vol,8
209,$4008_linear,111
210,$4000_duty,1
210,$4000_const,1
210,$4000_vol,10
210,$4004_duty,0
210,$4004_const,1
210,$4004_vol,8
210,$4008_linear,111
211,$4000_duty,1
211,$4000_const,1
211,$4000_vol,10
211,$4004_duty,0
211,$4004_const,1
211,$4004_vol,8
211,$4008_linear,111
212,$4000_duty,1
212,$4000_const,1
212,$4000_vol,10
212,$4004_duty,0
212,$4004_const,1
212,$4004_vol,8
212,$4008_linear,111
213,$4002_period,1
213,$400B_length,0
213,$4006_period,1
213,$400A_period,1
213,$400B_length,0
214,$4000_duty,1
214,$4000_const,1
214,$4000_vol,10
214,$4002_period,481
214,$400B_length,8
214,$4004_duty,0
214,$4004_const,1
214,$4004_vol,8
214,$4006_period,719
214,$4008_linear,111
214,$400A_period,571
214,$400B_length,9
214,$400C_const,1
214,$400C_vol,12
214,$400E_period,3
214,$400E_mode,0
215,$4000_duty,1
215,$4000_const,1
215,$4000_vol,10
215,$4004_duty,0
215,$4004_const,1
215,$4004_vol,8
215,$4008_linear,111
215,$400C_const,1
215,$400C_vol,9
215,$400E_period,3
215,$400E_mode,0
216,$4000_duty,1
216,$4000_const,1
216,$4000_vol,10
216,$4004_duty,0
216,$4004_const,1
216,$4004_vol,8
216,$4008_linear,111
216,$400C_const,1
216,$400C_vol,6
216,$400E_period,3
216,$400E_mode,0
217,$4000_duty,1
217,$4000_const,1
217,$4000_vol,10
217,$4004_duty,0
217,$4004_const,1
217,$4004_vol,8
217,$4008_linear,111
217,$400C_const,1
217,$400C_vol,3
217,$400E_period,3
217,$400E_mode,0
218,$4000_duty,1
218,$4000_const,1
218,$4000_vol,10
218,$4004_duty,0
218,$4004_const,1
218,$4004_vol,8
218,$4008_linear,111
218,$400C_const,1
218,$400C_vol,0
218,$400E_period,3
218,$400E_mode,0
219,$4000_duty,1
219,$4000_const,1
219,$4000_vol,10
219,$4004_duty,0
219,$4004_const,1
219,$4004_vol,8
219,$4008_linear,111
220,$4000_duty,1
220,$4000_const,1
220,$4000_vol,10
220,$4004_duty,0
220,$4004_const,1
220,$4004_vol,8
220,$4008_linear,111
220,$400C_const,1
220,$400C_vol,12
220,$400E_period,3
220,$400E_mode,0
221,$4000_duty,1
221,$4000_const,1
221,$4000_vol,10
221,$4004_duty,0
221,$4004_const,1
221,$4004_vol,8
221,$4008_linear,111
221,$400C_const,1
221,$400C_vol,9
221,$400E_period,3
221,$400E_mode,0
222,$4000_duty,1
222,$4000_const,1
222,$4000_vol,10
222,$4004_duty,0
222,$4004_const,1
222,$4004_vol,8
222,$4008_linear,111
222,$400C_const,1
222,$400C_vol,6
222,$400E_period,3
222,$400E_mode,0
223,$4000_duty,1
223,$4000_const,1
223,$4000_vol,10
223,$4004_duty,0
223,$4004_const,1
223,$4004_vol,8
223,$4008_linear,111
223,$400C_const,1
223,$400C_vol,3
223,$400E_period,3
223,$400E_mode,0
224,$4000_duty,1
224,$4000_const,1
224,$4000_vol,10
224,$4004_duty,0
224,$4004_const,1
224,$4004_vol,8
224,$4008_linear,111
224,$400C_const,1
224,$400C_vol,0
224,$400E_period,3
224,$400E_mode,0
225,$4002_period,1
225,$400B_length,0
225,$4006_period,1
225,$400A_period,1
225,$400B_length,0
226,$4000_duty,1
226,$4000_const,1
226,$4000_vol,10
226,$4002_period,381
226,$400B_length,8
226,$4004_duty,0
226,$4004_const,1
226,$4004_vol,8
226,$4006_period,641
226,$4008_linear,111
226,$400A_period,641
226,$400B_length,9
226,$400C_const,1
226,$400C_vol,12
226,$400E_period,3
226,$400E_mode,0
227,$4000_duty,1
227,$4000_const,1
227,$4000_vol,10
227,$4004_duty,0
227,$4004_const,1
227,$4004_vol,8
227,$4008_linear,111
227,$400C_const,1
227,$400C_vol,9
227,$400E_period,3
227,$400E_mode,0
228,$4000_duty,1
228,$4000_const,1
228,$4000_vol,10
228,$4004_duty,0
228,$4004_const,1
228,$4004_vol,8
228,$4008_linear,111
228,$400C_const,1
228,$400C_vol,6
228,$400E_period,3
228,$400E_mode,0
229,$4000_duty,1
229,$4000_const,1
229,$4000_vol,10
229,$4004_duty,0
229,$4004_const,1
229,$4004_vol,8
229,$4008_linear,111
229,$400C_const,1
229,$400C_vol,3
229,$400E_period,3
229,$400E_mode,0
230,$4000_duty,1
230,$4000_const,1
230,$4000_vol,10
230,$4004_duty,0
230,$4004_const,1
230,$4004_vol,8
230,$4008_linear,111
230,$400C_const,1
230,$400C_vol,0
230,$400E_period,3
230,$400E_mode,0
231,$4000_duty,1
231,$4000_const,1
231,$4000_vol,10
231,$4004_duty,0
231,$4004_const,1
231,$4004_vol,8
231,$4008_linear,111
231,$400C_const,1
231,$400C_vol,0
231,$400E_period,3
231,$400E_mode,0
232,$4000_duty,1
232,$4000_const,1
232,$4000_vol,10
232,$4004_duty,0
232,$4004_const,1
232,$4004_vol,8
232,$4008_linear,111
232,$400C_const,1
232,$400C_vol,0
232,$400E_period,3
232,$400E_mode,0
233,$4000_duty,1
233,$4000_const,1
233,$4000_vol,10
233,$4004_duty,0
233,$4004_const,1
233,$4004_vol,8
233,$4008_linear,111
233,$400C_const,1
233,$400C_vol,0
233,$400E_period,3
233,$400E_mode,0
234,$4000_duty,1
234,$4000_const,1
234,$4000_vol,10
234,$4004_duty,0
234,$4004_const,1
234,$4004_vol,8
234,$4008_linear,111
234,$400C_const,1
234,$400C_vol,0
234,$400E_period,3
234,$400E_mode,0
235,$4000_duty,1
235,$4000_const,1
235,$4000_vol,10
235,$4004_duty,0
235,$4004_const,1
235,$4004_vol,8
235,$4008_linear,111
235,$400C_const,1
235,$400C_vol,0
235,$400E_period,3
235,$400E_mode,0
236,$4000_duty,1
236,$4000_const,1
236,$4000_vol,10
236,$4004_duty,0
236,$4004_const,1
236,$4004_vol,8
236,$4008_linear,111
236,$400C_const,1
236,$400C_vol,0
236,$400E_period,3
236,$400E_mode,0
237,$4000_duty,1
237,$4000_const,1
237,$4000_vol,10
237,$4006_period,1
237,$400A_period,1
237,$400B_length,0
238,$4000_duty,1
238,$4000_const,1
238,$4000_vol,10
238,$4004_duty,0
238,$4004_const,1
238,$4004_vol,8
238,$4006_period,961
238,$4008_linear,111
238,$400A_period,641
238,$400B_length,9
238,$400C_const,1
238,$400C_vol,12
238,$400E_period,3
238,$400E_mode,0
239,$4000_duty,1
239,$4000_const,1
239,$4000_vol,10
239,$4004_duty,0
239,$4004_const,1
239,$4004_vol,8
239,$4008_linear,111
239,$400C_const,1
239,$400C_vol,9
239,$400E_period,3
239,$400E_mode,0
240,$4000_duty,1
240,$4000_const,1
240,$4000_vol,10
240,$4004_duty,0
240,$4004_const,1
240,$4004_vol,8
240,$4008_linear,111
240,$400C_const,1
240,$400C_vol,6
240,$400E_period,3
240,$400E_mode,0
241,$4000_duty,1
241,$4000_const,1
241,$4000_vol,10
241,$4004_duty,0
241,$4004_const,1
241,$4004_vol,8
241,$4008_linear,111
241,$400C_const,1
241,$400C_vol,3
241,$400E_period,3
241,$400E_mode,0
242,$4000_duty,1
242,$4000_const,1
242,$4000_vol,10
242,$4004_duty,0
242,$4004_const,1
242,$4004_vol,8
242,$4008_linear,111
242,$400C_const,1
242,$400C_vol,0
242,$400E_period,3
242,$400E_mode,0
243,$4000_duty,1
243,$4000_const,1
243,$4000_vol,10
243,$4004_duty,0
243,$4004_const,1
243,$4004_vol,8
243,$4008_linear,111
243,$400C_const,1
243,$400C_vol,0
243,$400E_period,3
243,$400E_mode,0
244,$4000_duty,1
244,$4000_const,1
244,$4000_vol,10
244,$4004_duty,0
244,$4004_const,1
244,$4004_vol,8
244,$4008_linear,111
244,$400C_const,1
244,$400C_vol,0
244,$400E_period,3
244,$400E_mode,0
245,$4000_duty,1
245,$4000_const,1
245,$4000_vol,10
245,$4004_duty,0
245,$4004_const,1
245,$4004_vol,8
245,$4008_linear,111
245,$400C_const,1
245,$400C_vol,0
245,$400E_period,3
245,$400E_mode,0
246,$4000_duty,1
246,$4000_const,1
246,$4000_vol,8
246,$4004_duty,0
246,$4004_const,1
246,$4004_vol,8
246,$4008_linear,111
246,$400C_const,1
246,$400C_vol,0
246,$400E_period,3
246,$400E_mode,0
247,$4000_duty,1
247,$4000_const,1
247,$4000_vol,8
247,$4004_duty,0
247,$4004_const,1
247,$4004_vol,8
247,$4008_linear,111
247,$400C_const,1
247,$400C_vol,0
247,$400E_period,3
247,$400E_mode,0
248,$4000_duty,1
248,$4000_const,1
248,$4000_vol,8
248,$4004_duty,0
248,$4004_const,1
248,$4004_vol,8
248,$4008_linear,111
248,$400C_const,1
248,$400C_vol,0
248,$400E_period,3
248,$400E_mode,0
249,$4002_period,1
249,$400B_length,0
249,$4006_period,1
249,$400A_period,1
249,$400B_length,0
250,$4000_duty,1
250,$4000_const,1
250,$4000_vol,10
250,$4002_period,381
250,$400B_length,8
250,$4004_duty,0
250,$4004_const,1
250,$4004_vol,8
250,$4006_period,641
250,$4008_linear,111
250,$400A_period,641
250,$400B_length,9
251,$4000_duty,1
251,$4000_const,1
251,$4000_vol,10
251,$4004_duty,0
251,$4004_const,1
251,$4004_vol,8
251,$4008_linear,111
252,$4000_duty,1
252,$4000_const,1
252,$4000_vol,10
252,$4004_duty,0
252,$4004_const,1
252,$4004_vol,8
252,$4008_linear,111
253,$4000_duty,1
253,$4000_const,1
253,$4000_vol,10
253,$4004_duty,0
253,$4004_const,1
253,$4004_vol,8
253,$4008_linear,111
254,$4000_duty,1
254,$4000_const,1
254,$4000_vol,10
254,$4004_duty,0
254,$4004_const,1
254,$4004_vol,8
254,$4008_linear,111
255,$4000_duty,1
255,$4000_const,1
255,$4000_vol,10
255,$4004_duty,0
255,$4004_const,1
255,$4004_vol,8
255,$4008_linear,111
256,$4000_duty,1
256,$4000_const,1
256,$4000_vol,10
256,$4004_duty,0
256,$4004_const,1
256,$4004_vol,8
256,$4008_linear,111
257,$4000_duty,1
257,$4000_const,1
257,$4000_vol,10
257,$4004_duty,0
257,$4004_const,1
257,$4004_vol,8
257,$4008_linear,111
258,$4000_duty,1
258,$4000_const,1
258,$4000_vol,10
258,$4004_duty,0
258,$4004_const,1
258,$4004_vol,8
258,$4008_linear,111
259,$4000_duty,1
259,$4000_const,1
259,$4000_vol,10
259,$4004_duty,0
259,$4004_const,1
259,$4004_vol,8
259,$4008_linear,111
260,$4000_duty,1
260,$4000_const,1
260,$4000_vol,10
260,$4004_duty,0
260,$4004_const,1
260,$4004_vol,8
260,$4008_linear,111
261,$4002_period,1
261,$400B_length,0
261,$4006_period,1
261,$400A_period,1
261,$400B_length,0
262,$4000_duty,1
262,$4000_const,1
262,$4000_vol,10
262,$4002_period,427
262,$400B_length,8
262,$4004_duty,0
262,$4004_const,1
262,$4004_vol,8
262,$4006_period,1017
262,$4008_linear,111
262,$400A_period,641
262,$400B_length,9
262,$400C_const,1
262,$400C_vol,12
262,$400E_period,3
262,$400E_mode,0
263,$4000_duty,1
263,$4000_const,1
263,$4000_vol,10
263,$4004_duty,0
263,$4004_const,1
263,$4004_vol,8
263,$4008_linear,111
263,$400C_const,1
263,$400C_vol,9
263,$400E_period,3
263,$400E_mode,0
264,$4000_duty,1
264,$4000_const,1
264,$4000_vol,10
264,$4004_duty,0
264,$4004_const,1
264,$4004_vol,8
264,$4008_linear,111
264,$400C_const,1
264,$400C_vol,6
264,$400E_period,3
264,$400E_mode,0
265,$4000_duty,1
265,$4000_const,1
265,$4000_vol,10
265,$4004_duty,0
265,$4004_const,1
265,$4004_vol,8
265,$4008_linear,111
265,$400C_const,1
265,$400C_vol,3
265,$400E_period,3
265,$400E_mode,0
266,$4000_duty,1
266,$4000_const,1
266,$4000_vol,10
266,$4004_duty,0
266,$4004_const,1
266,$4004_vol,8
266,$4008_linear,111
266,$400C_const,1
266,$400C_vol,0
266,$400E_period,3
266,$400E_mode,0
267,$4000_duty,1
267,$4000_const,1
267,$4000_vol,10
267,$4004_duty,0
267,$4004_const,1
267,$4004_vol,8
267,$4008_linear,111
267,$400C_const,1
267,$400C_vol,0
267,$400E_period,3
267,$400E_mode,0
268,$4000_duty,1
268,$4000_const,1
268,$4000_vol,10
268,$4004_duty,0
268,$4004_const,1
268,$4004_vol,8
268,$4008_linear,111
268,$400C_const,1
268,$400C_vol,0
268,$400E_period,3
268,$400E_mode,0
269,$4000_duty,1
269,$4000_const,1
269,$4000_vol,10
269,$4004_duty,0
269,$4004_const,1
269,$4004_vol,8
269,$4008_linear,111
269,$400C_const,1
269,$400C_vol,0
269,$400E_period,3
269,$400E_mode,0
270,$4000_duty,1
270,$4000_const,1
270,$4000_vol,10
270,$4004_duty,0
270,$4004_const,1
270,$4004_vol,8
270,$4008_linear,111
270,$400C_const,1
270,$400C_vol,0
270,$400E_period,3
270,$400E_mode,0
271,$4000_duty,1
271,$4000_const,1
271,$4000_vol,10
271,$4004_duty,0
271,$4004_const,1
271,$4004_vol,8
271,$4008_linear,111
271,$400C_const,1
271,$400C_vol,0
271,$400E_period,3
271,$400E_mode,0
272,$4000_duty,1
272,$4000_const,1
272,$4000_vol,10
272,$4004_duty,0
272,$4004_const,1
272,$4004_vol,8
272,$4008_linear,111
272,$400C_const,1
272,$400C_vol,0
272,$400E_period,3
272,$400E_mode,0
273,$4006_period,1
273,$400A_period,1
273,$400B_length,0
274,$4000_duty,1
274,$4000_const,1
274,$4000_vol,10
274,$4004_duty,0
274,$4004_const,1
274,$4004_vol,8
274,$4006_period,719
274,$4008_linear,111
274,$400A_period,641
274,$400B_length,9
275,$4000_duty,1
275,$4000_const,1
275,$4000_vol,10
275,$4004_duty,0
275,$4004_const,1
275,$4004_vol,8
275,$4008_linear,111
276,$4000_duty,1
276,$4000_const,1
276,$4000_vol,10
276,$4004_duty,0
276,$4004_const,1
276,$4004_vol,8
276,$4008_linear,111
277,$4000_duty,1
277,$4000_const,1
277,$4000_vol,10
277,$4004_duty,0
277,$4004_const,1
277,$4004_vol,8
277,$4008_linear,111
278,$4000_duty,1
278,$4000_const,1
278,$4000_vol,10
278,$4004_duty,0
278,$4004_const,1
278,$4004_vol,8
278,$4008_linear,111
279,$4000_duty,1
279,$4000_const,1
279,$4000_vol,10
279,$4004_duty,0
279,$4004_const,1
279,$4004_vol,8
279,$4008_linear,111
280,$4000_duty,1
280,$4000_const,1
280,$4000_vol,10
280,$4004_duty,0
280,$4004_const,1
280,$4004_vol,8
280,$4008_linear,111
281,$4000_duty,1
281,$4000_const,1
281,$4000_vol,10
281,$4004_duty,0
281,$4004_const,1
281,$4004_vol,8
281,$4008_linear,111
282,$4000_duty,1
282,$4000_const,1
282,$4000_vol,8
282,$4004_duty,0
282,$4004_const,1
282,$4004_vol,8
282,$4008_linear,111
283,$4000_duty,1
283,$4000_const,1
283,$4000_vol,8
283,$4004_duty,0
283,$4004_const,1
283,$4004_vol,8
283,$4008_linear,111
284,$4000_duty,1
284,$4000_const,1
284,$4000_vol,8
284,$4004_duty,0
284,$4004_const,1
284,$4004_vol,8
284,$4008_linear,111
285,$4000_duty,1
285,$4000_const,1
285,$4000_vol,8
285,$4006_period,1
285,$400A_period,1
285,$400B_length,0
286,$4000_duty,1
286,$4000_const,1
286,$4000_vol,8
286,$4004_duty,0
286,$4004_const,1
286,$4004_vol,8
286,$4006_period,763
286,$4008_linear,111
286,$400A_period,641
286,$400B_length,9
286,$400C_const,1
286,$400C_vol,12
286,$400E_period,3
286,$400E_mode,0
287,$4000_duty,1
287,$4000_const,1
287,$4000_vol,8
287,$4004_duty,0
287,$4004_const,1
287,$4004_vol,8
287,$4008_linear,111
287,$400C_const,1
287,$400C_vol,9
287,$400E_period,3
287,$400E_mode,0
288,$4000_duty,1
288,$4000_const,1
288,$4000_vol,8
288,$4004_duty,0
288,$4004_const,1
288,$4004_vol,8
288,$4008_linear,111
288,$400C_const,1
288,$400C_vol,6
288,$400E_period,3
288,$400E_mode,0
289,$4000_duty,1
289,$4000_const,1
289,$4000_vol,8
289,$4004_duty,0
289,$4004_const,1
289,$4004_vol,8
289,$4008_linear,111
289,$400C_const,1
289,$400C_vol,3
289,$400E_period,3
289,$400E_mode,0
290,$4000_duty,1
290,$4000_const,1
290,$4000_vol,8
290,$4004_duty,0
290,$4004_const,1
290,$4004_vol,8
290,$4008_linear,111
290,$400C_const,1
290,$400C_vol,0
290,$400E_period,3
290,$400E_mode,0
291,$4000_duty,1
291,$4000_const,1
291,$4000_vol,8
291,$4004_duty,0
291,$4004_const,1
291,$4004_vol,8
291,$4008_linear,111
291,$400C_const,1
291,$400C_vol,0
291,$400E_period,3
291,$400E_mode,0
292,$4000_duty,1
292,$4000_const,1
292,$4000_vol,8
292,$4004_duty,0
292,$4004_const,1
292,$4004_vol,8
292,$4008_linear,111
292,$400C_const,1
292,$400C_vol,0
292,$400E_period,3
292,$400E_mode,0
293,$4000_duty,1
293,$4000_const,1
293,$4000_vol,8
293,$4004_duty,0
293,$4004_const,1
293,$4004_vol,8
293,$4008_linear,111
293,$400C_const,1
293,$400C_vol,0
293,$400E_period,3
293,$400E_mode,0
294,$4000_duty,1
294,$4000_const,1
294,$4000_vol,8
294,$4004_duty,0
294,$4004_const,1
294,$4004_vol,8
294,$4008_linear,111
294,$400C_const,1
294,$400C_vol,0
294,$400E_period,3
294,$400E_mode,0
295,$4000_duty,1
295,$4000_const,1
295,$4000_vol,8
295,$4004_duty,0
295,$4004_const,1
295,$4004_vol,8
295,$4008_linear,111
295,$400C_const,1
295,$400C_vol,0
295,$400E_period,3
295,$400E_mode,0
296,$4000_duty,1
296,$4000_const,1
296,$4000_vol,8
296,$4004_duty,0
296,$4004_const,1
296,$4004_vol,8
296,$4008_linear,111
296,$400C_const,1
296,$400C_vol,0
296,$400E_period,3
296,$400E_mode,0
297,$4000_duty,1
297,$4000_const,1
297,$4000_vol,8
297,$4006_period,1
297,$400A_period,1
297,$400B_length,0
298,$4000_duty,1
298,$4000_const,1
298,$4000_vol,8
298,$4004_duty,0
298,$4004_const,1
298,$4004_vol,8
298,$4006_period,855
298,$4008_linear,111
298,$400A_period,641
298,$400B_length,9
298,$400C_const,1
298,$400C_vol,12
298,$400E_period,3
298,$400E_mode,0
299,$4000_duty,1
299,$4000_const,1
299,$4000_vol,8
299,$4004_duty,0
299,$4004_const,1
299,$4004_vol,8
299,$4008_linear,111
299,$400C_const,1
299,$400C_vol,9
299,$400E_period,3
299,$400E_mode,0
300,$4000_duty,1
300,$4000_const,1
300,$4000_vol,8
300,$4004_duty,0
300,$4004_const,1
300,$4004_vol,8
300,$4008_linear,111
300,$400C_const,1
300,$400C_vol,6
300,$400E_period,3
300,$400E_mode,0
301,$4000_duty,1
301,$4000_const,1
301,$4000_vol,8
301,$4004_duty,0
301,$4004_const,1
301,$4004_vol,8
301,$4008_linear,111
301,$400C_const,1
301,$400C_vol,3
301,$400E_period,3
301,$400E_mode,0
302,$4000_duty,1
302,$4000_const,1
302,$4000_vol,8
302,$4004_duty,0
302,$4004_const,1
302,$4004_vol,8
302,$4008_linear,111
302,$400C_const,1
302,$400C_vol,0
302,$400E_period,3
302,$400E_mode,0
303,$4000_duty,1
303,$4000_const,1
303,$4000_vol,6
303,$4004_duty,0
303,$4004_const,1
303,$4004_vol,8
303,$4008_linear,111
303,$400C_const,1
303,$400C_vol,0
303,$400E_period,3
303,$400E_mode,0
304,$4000_duty,1
304,$4000_const,1
304,$4000_vol,6
304,$4004_duty,0
304,$4004_const,1
304,$4004_vol,8
304,$4008_linear,111
304,$400C_const,1
304,$400C_vol,0
304,$400E_period,3
304,$400E_mode,0
305,$4000_duty,1
305,$4000_const,1
305,$4000_vol,6
305,$4004_duty,0
305,$4004_const,1
305,$4004_vol,8
305,$4008_linear,111
305,$400C_const,1
305,$400C_vol,0
305,$400E_period,3
305,$400E_mode,0
306,$4000_duty,1
306,$4000_const,1
306,$4000_vol,6
306,$4004_duty,0
306,$4004_const,1
306,$4004_vol,8
306,$4008_linear,111
306,$400C_const,1
306,$400C_vol,0
306,$400E_period,3
306,$400E_mode,0
307,$4000_duty,1
307,$4000_const,1
307,$4000_vol,6
307,$4004_duty,0
307,$4004_const,1
307,$4004_vol,8
307,$4008_linear,111
307,$400C_const,1
307,$400C_vol,0
307,$400E_period,3
307,$400E_mode,0
308,$4000_duty,1
308,$4000_const,1
308,$4000_vol,6
308,$4004_duty,0
308,$4004_const,1
308,$4004_vol,8
308,$4008_linear,111
308,$400C_const,1
308,$400C_vol,0
308,$400E_period,3
308,$400E_mode,0
309,$4000_duty,1
309,$4000_const,1
309,$4000_vol,6
309,$4006_period,1
309,$400A_period,1
309,$400B_length,0
310,$4000_duty,1
310,$4000_const,1
310,$4000_vol,6
310,$4004_duty,0
310,$4004_const,1
310,$4004_vol,8
310,$4006_period,1017
310,$4008_linear,111
310,$400A_period,641
310,$400B_length,9
310,$400C_const,1
310,$400C_vol,12
310,$400E_period,3
310,$400E_mode,0
311,$4000_duty,1
311,$4000_const,1
311,$4000_vol,6
311,$4004_duty,0
311,$4004_const,1
311,$4004_vol,8
311,$4008_linear,111
311,$400C_const,1
311,$400C_vol,9
311,$400E_period,3
311,$400E_mode,0
312,$4000_duty,1
312,$4000_const,1
312,$4000_vol,6
312,$4004_duty,0
312,$4004_const,1
312,$4004_vol,8
312,$4008_linear,111
312,$400C_const,1
312,$400C_vol,6
312,$400E_period,3
312,$400E_mode,0
313,$4000_duty,1
313,$4000_const,1
313,$4000_vol,6
313,$4004_duty,0
313,$4004_const,1
313,$4004_vol,8
313,$4008_linear,111
313,$400C_const,1
313,$400C_vol,3
313,$400E_period,3
313,$400E_mode,0
314,$4000_duty,1
314,$4000_const,1
314,$4000_vol,6
314,$4004_duty,0
314,$4004_const,1
314,$4004_vol,8
314,$4008_linear,111
314,$400C_const,1
314,$400C_vol,0
314,$400E_period,3
314,$400E_mode,0
315,$4000_duty,1
315,$4000_const,1
315,$4000_vol,6
315,$4004_duty,0
315,$4004_const,1
315,$4004_vol,8
315,$4008_linear,111
315,$400C_const,1
315,$400C_vol,0
315,$400E_period,3
315,$400E_mode,0
316,$4000_duty,1
316,$4000_const,1
316,$4000_vol,6
316,$4004_duty,0
316,$4004_const,1
316,$4004_vol,8
316,$4008_linear,111
316,$400C_const,1
316,$400C_vol,0
316,$400E_period,3
316,$400E_mode,0
317,$4000_duty,1
317,$4000_const,1
317,$4000_vol,6
317,$4004_duty,0
317,$4004_const,1
317,$4004_vol,8
317,$4008_linear,111
317,$400C_const,1
317,$400C_vol,0
317,$400E_period,3
317,$400E_mode,0
318,$4000_duty,1
318,$4000_const,1
318,$4000_vol,6
318,$4004_duty,0
318,$4004_const,1
318,$4004_vol,8
318,$4008_linear,111
318,$400C_const,1
318,$400C_vol,0
318,$400E_period,3
318,$400E_mode,0
319,$4000_duty,1
319,$4000_const,1
319,$4000_vol,6
319,$4004_duty,0
319,$4004_const,1
319,$4004_vol,8
319,$4008_linear,111
319,$400C_const,1
319,$400C_vol,0
319,$400E_period,3
319,$400E_mode,0
320,$4000_duty,1
320,$4000_const,1
320,$4000_vol,6
320,$4004_duty,0
320,$4004_const,1
320,$4004_vol,8
320,$4008_linear,111
320,$400C_const,1
320,$400C_vol,0
320,$400E_period,3
320,$400E_mode,0
321,$4002_period,1
321,$400B_length,0
321,$4006_period,1
321,$400A_period,1
321,$400B_length,0
322,$4000_duty,1
322,$4000_const,1
322,$4000_vol,10
322,$4002_period,641
322,$400B_length,9
322,$4004_duty,0
322,$4004_const,1
322,$4004_vol,8
322,$4006_period,763
322,$4008_linear,111
322,$400A_period,481
322,$400B_length,8
322,$400C_const,1
322,$400C_vol,12
322,$400E_period,3
322,$400E_mode,0
323,$4000_duty,1
323,$4000_const,1
323,$4000_vol,10
323,$4004_duty,0
323,$4004_const,1
323,$4004_vol,8
323,$4008_linear,111
323,$400C_const,1
323,$400C_vol,9
323,$400E_period,3
323,$400E_mode,0
324,$4000_duty,1
324,$4000_const,1
324,$4000_vol,10
324,$4004_duty,0
324,$4004_const,1
324,$4004_vol,8
324,$4008_linear,111
324,$400C_const,1
324,$400C_vol,6
324,$400E_period,3
324,$400E_mode,0
325,$4000_duty,1
325,$4000_const,1
325,$4000_vol,10
325,$4004_duty,0
325,$4004_const,1
325,$4004_vol,8
325,$4008_linear,111
325,$400C_const,1
325,$400C_vol,3
325,$400E_period,3
325,$400E_mode,0
326,$4000_duty,1
326,$4000_const,1
326,$4000_vol,10
326,$4004_duty,0
326,$4004_const,1
326,$4004_vol,8
326,$4008_linear,111
326,$400C_const,1
326,$400C_vol,0
326,$400E_period,3
326,$400E_mode,0
327,$4000_duty,1
327,$4000_const,1
327,$4000_vol,10
327,$4004_duty,0
327,$4004_const,1
327,$4004_vol,8
327,$4008_linear,111
327,$400C_const,1
327,$400C_vol,0
327,$400E_period,3
327,$400E_mode,0
328,$4000_duty,1
328,$4000_const,1
328,$4000_vol,10
328,$4004_duty,0
328,$4004_const,1
328,$4004_vol,8
328,$4008_linear,111
328,$400C_const,1
328,$400C_vol,0
328,$400E_period,3
328,$400E_mode,0
329,$4000_duty,1
329,$4000_const,1
329,$4000_vol,10
329,$4004_duty,0
329,$4004_const,1
329,$4004_vol,8
329,$4008_linear,111
329,$400C_const,1
329,$400C_vol,0
329,$400E_period,3
329,$400E_mode,0
330,$4000_duty,1
330,$4000_const,1
330,$4000_vol,10
330,$4004_duty,0
330,$4004_const,1
330,$4004_vol,8
330,$4008_linear,111
330,$400C_const,1
330,$400C_vol,0
330,$400E_period,3
330,$400E_mode,0
331,$4000_duty,1
331,$4000_const,1
331,$4000_vol,10
331,$4004_duty,0
331,$4004_const,1
331,$4004_vol,8
331,$4008_linear,111
331,$400C_const,1
331,$400C_vol,0
331,$400E_period,3
331,$400E_mode,0
332,$4000_duty,1
332,$4000_const,1
332,$4000_vol,10
332,$4004_duty,0
332,$4004_const,1
332,$4004_vol,8
332,$4008_linear,111
332,$400C_const,1
332,$400C_vol,0
332,$400E_period,3
332,$400E_mode,0
333,$4002_period,1
333,$400B_length,0
333,$4006_period,1
333,$400A_period,1
333,$400B_length,0
334,$4000_duty,1
334,$4000_const,1
334,$4000_vol,10
334,$4002_period,481
334,$400B_length,8
334,$4004_duty,0
334,$4004_const,1
334,$4004_vol,8
334,$4006_period,961
334,$4008_linear,111
334,$400A_period,481
334,$400B_length,8
334,$400C_const,1
334,$400C_vol,12
334,$400E_period,3
334,$400E_mode,0
335,$4000_duty,1
335,$4000_const,1
335,$4000_vol,10
335,$4004_duty,0
335,$4004_const,1
335,$4004_vol,8
335,$4008_linear,111
335,$400C_const,1
335,$400C_vol,9
335,$400E_period,3
335,$400E_mode,0
336,$4000_duty,1
336,$4000_const,1
336,$4000_vol,10
336,$4004_duty,0
336,$4004_const,1
336,$4004_vol,8
336,$4008_linear,111
336,$400C_const,1
336,$400C_vol,6
336,$400E_period,3
336,$400E_mode,0
337,$4000_duty,1
337,$4000_const,1
337,$4000_vol,10
337,$4004_duty,0
337,$4004_const,1
337,$4004_vol,8
337,$4008_linear,111
337,$400C_const,1
337,$400C_vol,3
337,$400E_period,3
337,$400E_mode,0
338,$4000_duty,1
338,$4000_const,1
338,$4000_vol,10
338,$4004_duty,0
338,$4004_const,1
338,$4004_vol,8
338,$4008_linear,111
338,$400C_const,1
338,$400C_vol,0
338,$400E_period,3
338,$400E_mode,0
339,$4000_duty,1
339,$4000_const,1
339,$4000_vol,10
339,$4004_duty,0
339,$4004_const,1
339,$4004_vol,8
339,$4008_linear,111
339,$400C_const,1
339,$400C_vol,0
339,$400E_period,3
339,$400E_mode,0
340,$4000_duty,1
340,$4000_const,1
340,$4000_vol,10
340,$4004_duty,0
340,$4004_const,1
340,$4004_vol,8
340,$4008_linear,111
340,$400C_const,1
340,$400C_vol,0
340,$400E_period,3
340,$400E_mode,0
341,$4000_duty,1
341,$4000_const,1
341,$4000_vol,10
341,$4004_duty,0
341,$4004_const,1
341,$4004_vol,8
341,$4008_linear,111
341,$400C_const,1
341,$400C_vol,0
341,$400E_period,3
341,$400E_mode,0
342,$4000_duty,1
342,$4000_const,1
342,$4000_vol,10
342,$4004_duty,0
342,$4004_const,1
342,$4004_vol,8
342,$4008_linear,111
342,$400C_const,1
342,$400C_vol,0
342,$400E_period,3
342,$400E_mode,0
343,$4000_duty,1
343,$4000_const,1
343,$4000_vol,10
343,$4004_duty,0
343,$4004_const,1
343,$4004_vol,8
343,$4008_linear,111
343,$400C_const,1
343,$400C_vol,0
343,$400E_period,3
343,$400E_mode,0
344,$4000_duty,1
344,$4000_const,1
344,$4000_vol,10
344,$4004_duty,0
344,$4004_const,1
344,$4004_vol,8
344,$4008_linear,111
344,$400C_const,1
344,$400C_vol,0
344,$400E_period,3
344,$400E_mode,0
345,$4002_period,1
345,$400B_length,0
345,$4006_period,1
345,$400A_period,1
345,$400B_length,0
346,$4000_duty,1
346,$4000_const,1
346,$4000_vol,10
346,$4002_period,359
346,$400B_length,8
346,$4004_duty,0
346,$4004_const,1
346,$4004_vol,8
346,$4006_period,719
346,$4008_linear,111
346,$400A_period,481
346,$400B_length,8
347,$4000_duty,1
347,$4000_const,1
347,$4000_vol,10
347,$4004_duty,0
347,$4004_const,1
347,$4004_vol,8
347,$4008_linear,111
348,$4000_duty,1
348,$4000_const,1
348,$4000_vol,10
348,$4004_duty,0
348,$4004_const,1
348,$4004_vol,8
348,$4008_linear,111
349,$4000_duty,1
349,$4000_const,1
349,$4000_vol,10
349,$4004_duty,0
349,$4004_const,1
349,$4004_vol,8
349,$4008_linear,111
350,$4000_duty,1
350,$4000_const,1
350,$4000_vol,10
350,$4004_duty,0
350,$4004_const,1
350,$4004_vol,8
350,$4008_linear,111
351,$4000_duty,1
351,$4000_const,1
351,$4000_vol,10
351,$4004_duty,0
351,$4004_const,1
351,$4004_vol,8
351,$4008_linear,111
352,$4000_duty,1
352,$4000_const,1
352,$4000_vol,10
352,$4004_duty,0
352,$4004_const,1
352,$4004_vol,8
352,$4008_linear,111
353,$4000_duty,1
353,$4000_const,1
353,$4000_vol,10
353,$4004_duty,0
353,$4004_const,1
353,$4004_vol,8
353,$4008_linear,111
354,$4000_duty,1
354,$4000_const,1
354,$4000_vol,10
354,$4004_duty,0
354,$4004_const,1
354,$4004_vol,8
354,$4008_linear,111
355,$4000_duty,1
355,$4000_const,1
355,$4000_vol,10
355,$4004_duty,0
355,$4004_const,1
355,$4004_vol,8
355,$4008_linear,111
356,$4000_duty,1
356,$4000_const,1
356,$4000_vol,10
356,$4004_duty,0
356,$4004_const,1
356,$4004_vol,8
356,$4008_linear,111
357,$4002_period,1
357,$400B_length,0
357,$4006_period,1
357,$400A_period,1
357,$400B_length,0
358,$4000_duty,1
358,$4000_const,1
358,$4000_vol,10
358,$4002_period,381
358,$400B_length,8
358,$4004_duty,0
358,$4004_const,1
358,$4004_vol,8
358,$4006_period,763
358,$4008_linear,111
358,$400A_period,481
358,$400B_length,8
358,$400C_const,1
358,$400C_vol,12
358,$400E_period,3
358,$400E_mode,0
359,$4000_duty,1
359,$4000_const,1
359,$4000_vol,10
359,$4004_duty,0
359,$4004_const,1
359,$4004_vol,8
359,$4008_linear,111
359,$400C_const,1
359,$400C_vol,9
359,$400E_period,3
359,$400E_mode,0
360,$4000_duty,1
360,$4000_const,1
360,$4000_vol,10
360,$4004_duty,0
360,$4004_const,1
360,$4004_vol,8
360,$4008_linear,111
360,$400C_const,1
360,$400C_vol,6
360,$400E_period,3
360,$400E_mode,0
361,$4000_duty,1
361,$4000_const,1
361,$4000_vol,10
361,$4004_duty,0
361,$4004_const,1
361,$4004_vol,8
361,$4008_linear,111
361,$400C_const,1
361,$400C_vol,3
361,$400E_period,3
361,$400E_mode,0
362,$4000_duty,1
362,$4000_const,1
362,$4000_vol,10
362,$4004_duty,0
362,$4004_const,1
362,$4004_vol,8
362,$4008_linear,111
362,$400C_const,1
362,$400C_vol,0
362,$400E_period,3
362,$400E_mode,0
363,$4000_duty,1
363,$4000_const,1
363,$4000_vol,10
363,$4004_duty,0
363,$4004_const,1
363,$4004_vol,8
363,$4008_linear,111
363,$400C_const,1
363,$400C_vol,0
363,$400E_period,3
363,$400E_mode,0
364,$4000_duty,1
364,$4000_const,1
364,$4000_vol,10
364,$4004_duty,0
364,$4004_const,1
364,$4004_vol,8
364,$4008_linear,111
364,$400C_const,1
364,$400C_vol,0
364,$400E_period,3
364,$400E_mode,0
365,$4000_duty,1
365,$4000_const,1
365,$4000_vol,10
365,$4004_duty,0
365,$4004_const,1
365,$4004_vol,8
365,$4008_linear,111
365,$400C_const,1
365,$400C_vol,0
365,$400E_period,3
365,$400E_mode,0
366,$4000_duty,1
366,$4000_const,1
366,$4000_vol,10
366,$4004_duty,0
366,$4004_const,1
366,$4004_vol,8
366,$4008_linear,111
366,$400C_const,1
366,$400C_vol,0
366,$400E_period,3
366,$400E_mode,0
367,$4000_duty,1
367,$4000_const,1
367,$4000_vol,10
367,$4004_duty,0
367,$4004_const,1
367,$4004_vol,8
367,$4008_linear,111
367,$400C_const,1
367,$400C_vol,0
367,$400E_period,3
367,$400E_mode,0
368,$4000_duty,1
368,$4000_const,1
368,$4000_vol,10
368,$4004_duty,0
368,$4004_const,1
368,$4004_vol,8
368,$4008_linear,111
368,$400C_const,1
368,$400C_vol,0
368,$400E_period,3
368,$400E_mode,0
369,$4000_duty,1
369,$4000_const,1
369,$4000_vol,10
369,$4006_period,1
369,$400A_period,1
369,$400B_length,0
370,$4000_duty,1
370,$4000_const,1
370,$4000_vol,10
370,$4004_duty,0
370,$4004_const,1
370,$4004_vol,8
370,$4006_period,855
370,$4008_linear,111
370,$400A_period,481
370,$400B_length,8
370,$400C_const,1
370,$400C_vol,12
370,$400E_period,3
370,$400E_mode,0
371,$4000_duty,1
371,$4000_const,1
371,$4000_vol,10
371,$4004_duty,0
371,$4004_const,1
371,$4004_vol,8
371,$4008_linear,111
371,$400C_const,1
371,$400C_vol,9
371,$400E_period,3
371,$400E_mode,0
372,$4000_duty,1
372,$4000_const,1
372,$4000_vol,10
372,$4004_duty,0
372,$4004_const,1
372,$4004_vol,8
372,$4008_linear,111
372,$400C_const,1
372,$400C_vol,6
372,$400E_period,3
372,$400E_mode,0
373,$4000_duty,1
373,$4000_const,1
373,$4000_vol,10
373,$4004_duty,0
373,$4004_const,1
373,$4004_vol,8
373,$4008_linear,111
373,$400C_const,1
373,$400C_vol,3
373,$400E_period,3
373,$400E_mode,0
374,$4000_duty,1
374,$4000_const,1
374,$4000_vol,10
374,$4004_duty,0
374,$4004_const,1
374,$4004_vol,8
374,$4008_linear,111
374,$400C_const,1
374,$400C_vol,0
374,$400E_period,3
374,$400E_mode,0
375,$4000_duty,1
375,$4000_const,1
375,$4000_vol,10
375,$4004_duty,0
375,$4004_const,1
375,$4004_vol,8
375,$4008_linear,111
375,$400C_const,1
375,$400C_vol,0
375,$400E_period,3
375,$400E_mode,0
376,$4000_duty,1
376,$4000_const,1
376,$4000_vol,10
376,$4004_duty,0
376,$4004_const,1
376,$4004_vol,8
376,$4008_linear,111
376,$400C_const,1
376,$400C_vol,0
376,$400E_period,3
376,$400E_mode,0
377,$4000_duty,1
377,$4000_const,1
377,$4000_vol,10
377,$4004_duty,0
377,$4004_const,1
377,$4004_vol,8
377,$4008_linear,111
377,$400C_const,1
377,$400C_vol,0
377,$400E_period,3
377,$400E_mode,0
378,$4000_duty,1
378,$4000_const,1
378,$4000_vol,8
378,$4004_duty,0
378,$4004_const,1
378,$4004_vol,8
378,$4008_linear,111
378,$400C_const,1
378,$400C_vol,0
378,$400E_period,3
378,$400E_mode,0
379,$4000_duty,1
379,$4000_const,1
379,$4000_vol,8
379,$4004_duty,0
379,$4004_const,1
379,$4004_vol,8
379,$4008_linear,111
379,$400C_const,1
379,$400C_vol,0
379,$400E_period,3
379,$400E_mode,0
380,$4000_duty,1
380,$4000_const,1
380,$4000_vol,8
380,$4004_duty,0
380,$4004_const,1
380,$4004_vol,8
380,$4008_linear,111
380,$400C_const,1
380,$400C_vol,0
380,$400E_period,3
380,$400E_mode,0
381,$4002_period,1
381,$400B_length,0
381,$4006_period,1
381,$400A_period,1
381,$400B_length,0
382,$4000_duty,1
382,$4000_const,1
382,$4000_vol,10
382,$4002_period,381
382,$400B_length,8
382,$4004_duty,0
382,$4004_const,1
382,$4004_vol,8
382,$4006_period,961
382,$4008_linear,111
382,$400A_period,481
382,$400B_length,8
382,$400C_const,1
382,$400C_vol,12
382,$400E_period,3
382,$400E_mode,0
383,$4000_duty,1
383,$4000_const,1
383,$4000_vol,10
383,$4004_duty,0
383,$4004_const,1
383,$4004_vol,8
383,$4008_linear,111
383,$400C_const,1
383,$400C_vol,9
383,$400E_period,3
383,$400E_mode,0
384,$4000_duty,1
384,$4000_const,1
384,$4000_vol,10
384,$4004_duty,0
384,$4004_const,1
384,$4004_vol,8
384,$4008_linear,111
384,$400C_const,1
384,$400C_vol,6
384,$400E_period,3
384,$400E_mode,0
385,$4000_duty,1
385,$4000_const,1
385,$4000_vol,10
385,$4004_duty,0
385,$4004_const,1
385,$4004_vol,8
385,$4008_linear,111
385,$400C_const,1
385,$400C_vol,3
385,$400E_period,3
385,$400E_mode,0
386,$4000_duty,1
386,$4000_const,1
386,$4000_vol,10
386,$4004_duty,0
386,$4004_const,1
386,$4004_vol,8
386,$4008_linear,111
386,$400C_const,1
386,$400C_vol,0
386,$400E_period,3
386,$400E_mode,0
387,$4000_duty,1
387,$4000_const,1
387,$4000_vol,10
387,$4004_duty,0
387,$4004_const,1
387,$4004_vol,8
387,$4008_linear,111
388,$4000_duty,1
388,$4000_const,1
388,$4000_vol,10
388,$4004_duty,0
388,$4004_const,1
388,$4004_vol,8
388,$4008_linear,111
388,$400C_const,1
388,$400C_vol,12
388,$400E_period,3
388,$400E_mode,0
389,$4000_duty,1
389,$4000_const,1
389,$4000_vol,10
389,$4004_duty,0
389,$4004_const,1
389,$4004_vol,8
389,$4008_linear,111
389,$400C_const,1
389,$400C_vol,9
389,$400E_period,3
389,$400E_mode,0
390,$4000_duty,1
390,$4000_const,1
390,$4000_vol,10
390,$4004_duty,0
390,$4004_const,1
390,$4004_vol,8
390,$4008_linear,111
390,$400C_const,1
390,$400C_vol,6
390,$400E_period,3
390,$400E_mode,0
391,$4000_duty,1
391,$4000_const,1
391,$4000_vol,10
391,$4004_duty,0
391,$4004_const,1
391,$4004_vol,8
391,$4008_linear,111
391,$400C_const,1
391,$400C_vol,3
391,$400E_period,3
391,$400E_mode,0
392,$4000_duty,1
392,$4000_const,1
392,$4000_vol,10
392,$4004_duty,0
392,$4004_const,1
392,$4004_vol,8
392,$4008_linear,111
392,$400C_const,1
392,$400C_vol,0
392,$400E_period,3
392,$400E_mode,0
393,$4002_period,1
393,$400B_length,0
393,$4006_period,1
393,$400A_period,1
393,$400B_length,0
394,$4000_duty,1
394,$4000_const,1
394,$4000_vol,10
394,$4002_period,427
394,$400B_length,8
394,$4004_duty,0
394,$4004_const,1
394,$4004_vol,8
394,$4006_period,719
394,$4008_linear,111
394,$400A_period,481
394,$400B_length,8
395,$4000_duty,1
395,$4000_const,1
395,$4000_vol,10
395,$4004_duty,0
395,$4004_const,1
395,$4004_vol,8
395,$4008_linear,111
396,$4000_duty,1
396,$4000_const,1
396,$4000_vol,10
396,$4004_duty,0
396,$4004_const,1
396,$4004_vol,8
396,$4008_linear,111
397,$4000_duty,1
397,$4000_const,1
397,$4000_vol,10
397,$4004_duty,0
397,$4004_const,1
397,$4004_vol,8
397,$4008_linear,111
398,$4000_duty,1
398,$4000_const,1
398,$4000_vol,10
398,$4004_duty,0
398,$4004_const,1
398,$4004_vol,8
398,$4008_linear,111
399,$4000_duty,1
399,$4000_const,1
399,$4000_vol,10
399,$4004_duty,0
399,$4004_const,1
399,$4004_vol,8
399,$4008_linear,111
400,$4000_duty,1
400,$4000_const,1
400,$4000_vol,10
400,$4004_duty,0
400,$4004_const,1
400,$4004_vol,8
400,$4008_linear,111
401,$4000_duty,1
401,$4000_const,1
401,$4000_vol,10
401,$4004_duty,0
401,$4004_const,1
401,$4004_vol,8
401,$4008_linear,111
402,$4000_duty,1
402,$4000_const,1
402,$4000_vol,10
402,$4004_duty,0
402,$4004_const,1
402,$4004_vol,8
402,$4008_linear,111
403,$4000_duty,1
403,$4000_const,1
403,$4000_vol,10
403,$4004_duty,0
403,$4004_const,1
403,$4004_vol,8
403,$4008_linear,111
404,$4000_duty,1
404,$4000_const,1
404,$4000_vol,10
404,$4004_duty,0
404,$4004_const,1
404,$4004_vol,8
404,$4008_linear,111
405,$4002_period,1
405,$400B_length,0
405,$4006_period,1
405,$400A_period,1
405,$400B_length,0
406,$4000_duty,1
406,$4000_const,1
406,$4000_vol,10
406,$4002_period,481
406,$400B_length,8
406,$4004_duty,0
406,$4004_const,1
406,$4004_vol,8
406,$4006_period,763
406,$4008_linear,111
406,$400A_period,481
406,$400B_length,8
406,$400C_const,1
406,$400C_vol,12
406,$400E_period,3
406,$400E_mode,0
407,$4000_duty,1
407,$4000_const,1
407,$4000_vol,10
407,$4004_duty,0
407,$4004_const,1
407,$4004_vol,8
407,$4008_linear,111
407,$400C_const,1
407,$400C_vol,9
407,$400E_period,3
407,$400E_mode,0
408,$4000_duty,1
408,$4000_const,1
408,$4000_vol,10
408,$4004_duty,0
408,$4004_const,1
408,$4004_vol,8
408,$4008_linear,111
408,$400C_const,1
408,$400C_vol,6
408,$400E_period,3
408,$400E_mode,0
409,$4000_duty,1
409,$4000_const,1
409,$4000_vol,10
409,$4004_duty,0
409,$4004_const,1
409,$4004_vol,8
409,$4008_linear,111
409,$400C_const,1
409,$400C_vol,3
409,$400E_period,3
409,$400E_mode,0
410,$4000_duty,1
410,$4000_const,1
410,$4000_vol,10
410,$4004_duty,0
410,$4004_const,1
410,$4004_vol,8
410,$4008_linear,111
410,$400C_const,1
410,$400C_vol,0
410,$400E_period,3
410,$400E_mode,0
411,$4000_duty,1
411,$4000_const,1
411,$4000_vol,10
411,$4004_duty,0
411,$4004_const,1
411,$4004_vol,8
411,$4008_linear,111
412,$4000_duty,1
412,$4000_const,1
412,$4000_vol,10
412,$4004_duty,0
412,$4004_const,1
412,$4004_vol,8
412,$4008_linear,111
412,$400C_const,1
412,$400C_vol,12
412,$400E_period,3
412,$400E_mode,0
413,$4000_duty,1
413,$4000_const,1
413,$4000_vol,10
413,$4004_duty,0
413,$4004_const,1
413,$4004_vol,8
413,$4008_linear,111
413,$400C_const,1
413,$400C_vol,9
413,$400E_period,3
413,$400E_mode,0
414,$4000_duty,1
414,$4000_const,1
414,$4000_vol,10
414,$4004_duty,0
414,$4004_const,1
414,$4004_vol,8
414,$4008_linear,111
414,$400C_const,1
414,$400C_vol,6
414,$400E_period,3
414,$400E_mode,0
415,$4000_duty,1
415,$4000_const,1
415,$4000_vol,10
415,$4004_duty,0
415,$4004_const,1
415,$4004_vol,8
415,$4008_linear,111
415,$400C_const,1
415,$400C_vol,3
415,$400E_period,3
415,$400E_mode,0
416,$4000_duty,1
416,$4000_const,1
416,$4000_vol,10
416,$4004_duty,0
416,$4004_const,1
416,$4004_vol,8
416,$4008_linear,111
416,$400C_const,1
416,$400C_vol,0
416,$400E_period,3
416,$400E_mode,0
417,$4002_period,1
417,$400B_length,0
417,$4006_period,1
417,$400A_period,1
417,$400B_length,0
418,$4000_duty,1
418,$4000_const,1
418,$4000_vol,10
418,$4002_period,641
418,$400B_length,9
418,$4004_duty,0
418,$4004_const,1
418,$4004_vol,8
418,$4006_period,763
418,$4008_linear,111
418,$400A_period,509
418,$400B_length,8
418,$400C_const,1
418,$400C_vol,12
418,$400E_period,3
418,$400E_mode,0
419,$4000_duty,1
419,$4000_const,1
419,$4000_vol,10
419,$4004_duty,0
419,$4004_const,1
419,$4004_vol,8
419,$4008_linear,111
419,$400C_const,1
419,$400C_vol,9
419,$400E_period,3
419,$400E_mode,0
420,$4000_duty,1
420,$4000_const,1
420,$4000_vol,10
420,$4004_duty,0
420,$4004_const,1
420,$4004_vol,8
420,$4008_linear,111
420,$400C_const,1
420,$400C_vol,6
420,$400E_period,3
420,$400E_mode,0
421,$4000_duty,1
421,$4000_const,1
421,$4000_vol,10
421,$4004_duty,0
421,$4004_const,1
421,$4004_vol,8
421,$4008_linear,111
421,$400C_const,1
421,$400C_vol,3
421,$400E_period,3
421,$400E_mode,0
422,$4000_duty,1
422,$4000_const,1
422,$4000_vol,10
422,$4004_duty,0
422,$4004_const,1
422,$4004_vol,8
422,$4008_linear,111
422,$400C_const,1
422,$400C_vol,0
422,$400E_period,3
422,$400E_mode,0
423,$4000_duty,1
423,$4000_const,1
423,$4000_vol,10
423,$4004_duty,0
423,$4004_const,1
423,$4004_vol,8
423,$4008_linear,111
423,$400C_const,1
423,$400C_vol,0
423,$400E_period,3
423,$400E_mode,0
424,$4000_duty,1
424,$4000_const,1
424,$4000_vol,10
424,$4004_duty,0
424,$4004_const,1
424,$4004_vol,8
424,$4008_linear,111
424,$400C_const,1
424,$400C_vol,0
424,$400E_period,3
424,$400E_mode,0
425,$4000_duty,1
425,$4000_const,1
425,$4000_vol,10
425,$4004_duty,0
425,$4004_const,1
425,$4004_vol,8
425,$4008_linear,111
425,$400C_const,1
425,$400C_vol,0
425,$400E_period,3
425,$400E_mode,0
426,$4000_duty,1
426,$4000_const,1
426,$4000_vol,10
426,$4004_duty,0
426,$4004_const,1
426,$4004_vol,8
426,$4008_linear,111
426,$400C_const,1
426,$400C_vol,0
426,$400E_period,3
426,$400E_mode,0
427,$4000_duty,1
427,$4000_const,1
427,$4000_vol,10
427,$4004_duty,0
427,$4004_const,1
427,$4004_vol,8
427,$4008_linear,111
427,$400C_const,1
427,$400C_vol,0
427,$400E_period,3
427,$400E_mode,0
428,$4000_duty,1
428,$4000_const,1
428,$4000_vol,10
428,$4004_duty,0
428,$4004_const,1
428,$4004_vol,8
428,$4008_linear,111
428,$400C_const,1
428,$400C_vol,0
428,$400E_period,3
428,$400E_mode,0
429,$4002_period,1
429,$400B_length,0
429,$4006_period,1
429,$400A_period,1
429,$400B_length,0
430,$4000_duty,1
430,$4000_const,1
430,$4000_vol,10
430,$4002_period,481
430,$400B_length,8
430,$4004_duty,0
430,$4004_const,1
430,$4004_vol,8
430,$4006_period,1017
430,$4008_linear,111
430,$400A_period,509
430,$400B_length,8
430,$400C_const,1
430,$400C_vol,12
430,$400E_period,3
430,$400E_mode,0
431,$4000_duty,1
431,$4000_const,1
431,$4000_vol,10
431,$4004_duty,0
431,$4004_const,1
431,$4004_vol,8
431,$4008_linear,111
431,$400C_const,1
431,$400C_vol,9
431,$400E_period,3
431,$400E_mode,0
432,$4000_duty,1
432,$4000_const,1
432,$4000_vol,10
432,$4004_duty,0
432,$4004_const,1
432,$4004_vol,8
432,$4008_linear,111
432,$400C_const,1
432,$400C_vol,6
432,$400E_period,3
432,$400E_mode,0
433,$4000_duty,1
433,$4000_const,1
433,$4000_vol,10
433,$4004_duty,0
433,$4004_const,1
433,$4004_vol,8
433,$4008_linear,111
433,$400C_const,1
433,$400C_vol,3
433,$400E_period,3
433,$400E_mode,0
434,$4000_duty,1
434,$4000_const,1
434,$4000_vol,10
434,$4004_duty,0
434,$4004_const,1
434,$4004_vol,8
434,$4008_linear,111
434,$400C_const,1
434,$400C_vol,0
434,$400E_period,3
434,$400E_mode,0
435,$4000_duty,1
435,$4000_const,1
435,$4000_vol,10
435,$4004_duty,0
435,$4004_const,1
435,$4004_vol,8
435,$4008_linear,111
435,$400C_const,1
435,$400C_vol,0
435,$400E_period,3
435,$400E_mode,0
436,$4000_duty,1
436,$4000_const,1
436,$4000_vol,10
436,$4004_duty,0
436,$4004_const,1
436,$4004_vol,8
436,$4008_linear,111
436,$400C_const,1
436,$400C_vol,0
436,$400E_period,3
436,$400E_mode,0
437,$4000_duty,1
437,$4000_const,1
437,$4000_vol,10
437,$4004_duty,0
437,$4004_const,1
437,$4004_vol,8
437,$4008_linear,111
437,$400C_const,1
437,$400C_vol,0
437,$400E_period,3
437,$400E_mode,0
438,$4000_duty,1
438,$4000_const,1
438,$4000_vol,10
438,$4004_duty,0
438,$4004_const,1
438,$4004_vol,8
438,$4008_linear,111
438,$400C_const,1
438,$400C_vol,0
438,$400E_period,3
438,$400E_mode,0
439,$4000_duty,1
439,$4000_const,1
439,$4000_vol,10
439,$4004_duty,0
439,$4004_const,1
439,$4004_vol,8
439,$4008_linear,111
439,$400C_const,1
439,$400C_vol,0
439,$400E_period,3
439,$400E_mode,0
440,$4000_duty,1
440,$4000_const,1
440,$4000_vol,10
440,$4004_duty,0
440,$4004_const,1
440,$4004_vol,8
440,$4008_linear,111
440,$400C_const,1
440,$400C_vol,0
440,$400E_period,3
440,$400E_mode,0
441,$4002_period,1
441,$400B_length,0
441,$4006_period,1
441,$400A_period,1
441,$400B_length,0
442,$4000_duty,1
442,$4000_const,1
442,$4000_vol,10
442,$4002_period,359
442,$400B_length,8
442,$4004_duty,0
442,$4004_const,1
442,$4004_vol,8
442,$4006_period,719
442,$4008_linear,111
442,$400A_period,509
442,$400B_length,8
443,$4000_duty,1
443,$4000_const,1
443,$4000_vol,10
443,$4004_duty,0
443,$4004_const,1
443,$4004_vol,8
443,$4008_linear,111
444,$4000_duty,1
444,$4000_const,1
444,$4000_vol,10
444,$4004_duty,0
444,$4004_const,1
444,$4004_vol,8
444,$4008_linear,111
445,$4000_duty,1
445,$4000_const,1
445,$4000_vol,10
445,$4004_duty,0
445,$4004_const,1
445,$4004_vol,8
445,$4008_linear,111
446,$4000_duty,1
446,$4000_const,1
446,$4000_vol,10
446,$4004_duty,0
446,$4004_const,1
446,$4004_vol,8
446,$4008_linear,111
447,$4000_duty,1
447,$4000_const,1
447,$4000_vol,10
447,$4004_duty,0
447,$4004_const,1
447,$4004_vol,8
447,$4008_linear,111
448,$4000_duty,1
448,$4000_const,1
448,$4000_vol,10
448,$4004_duty,0
448,$4004_const,1
448,$4004_vol,8
448,$4008_linear,111
449,$4000_duty,1
449,$4000_const,1
449,$4000_vol,10
449,$4004_duty,0
449,$4004_const,1
449,$4004_vol,8
449,$4008_linear,111
450,$4000_duty,1
450,$4000_const,1
450,$4000_vol,10
450,$4004_duty,0
450,$4004_const,1
450,$4004_vol,8
450,$4008_linear,111
451,$4000_duty,1
451,$4000_const,1
451,$4000_vol,10
451,$4004_duty,0
451,$4004_const,1
451,$4004_vol,8
451,$4008_linear,111
452,$4000_duty,1
452,$4000_const,1
452,$4000_vol,10
452,$4004_duty,0
452,$4004_const,1
452,$4004_vol,8
452,$4008_linear,111
453,$4002_period,1
453,$400B_length,0
453,$4006_period,1
453,$400A_period,1
453,$400B_length,0
454,$4000_duty,1
454,$4000_const,1
454,$4000_vol,10
454,$4002_period,381
454,$400B_length,8
454,$4004_duty,0
454,$4004_const,1
454,$4004_vol,8
454,$4006_period,763
454,$4008_linear,111
454,$400A_period,509
454,$400B_length,8
454,$400C_const,1
454,$400C_vol,12
454,$400E_period,3
454,$400E_mode,0
455,$4000_duty,1
455,$4000_const,1
455,$4000_vol,10
455,$4004_duty,0
455,$4004_const,1
455,$4004_vol,8
455,$4008_linear,111
455,$400C_const,1
455,$400C_vol,9
455,$400E_period,3
455,$400E_mode,0
456,$4000_duty,1
456,$4000_const,1
456,$4000_vol,10
456,$4004_duty,0
456,$4004_const,1
456,$4004_vol,8
456,$4008_linear,111
456,$400C_const,1
456,$400C_vol,6
456,$400E_period,3
456,$400E_mode,0
457,$4000_duty,1
457,$4000_const,1
457,$4000_vol,10
457,$4004_duty,0
457,$4004_const,1
457,$4004_vol,8
457,$4008_linear,111
457,$400C_const,1
457,$400C_vol,3
457,$400E_period,3
457,$400E_mode,0
458,$4000_duty,1
458,$4000_const,1
458,$4000_vol,10
458,$4004_duty,0
458,$4004_const,1
458,$4004_vol,8
458,$4008_linear,111
458,$400C_const,1
458,$400C_vol,0
458,$400E_period,3
458,$400E_mode,0
459,$4000_duty,1
459,$4000_const,1
459,$4000_vol,10
459,$4004_duty,0
459,$4004_const,1
459,$4004_vol,8
459,$4008_linear,111
459,$400C_const,1
459,$400C_vol,0
459,$400E_period,3
459,$400E_mode,0
460,$4000_duty,1
460,$4000_const,1
460,$4000_vol,10
460,$4004_duty,0
460,$4004_const,1
460,$4004_vol,8
460,$4008_linear,111
460,$400C_const,1
460,$400C_vol,0
460,$400E_period,3
460,$400E_mode,0
461,$4000_duty,1
461,$4000_const,1
461,$4000_vol,10
461,$4004_duty,0
461,$4004_const,1
461,$4004_vol,8
461,$4008_linear,111
461,$400C_const,1
461,$400C_vol,0
461,$400E_period,3
461,$400E_mode,0
462,$4000_duty,1
462,$4000_const,1
462,$4000_vol,10
462,$4004_duty,0
462,$4004_const,1
462,$4004_vol,8
462,$4008_linear,111
462,$400C_const,1
462,$400C_vol,0
462,$400E_period,3
462,$400E_mode,0
463,$4000_duty,1
463,$4000_const,1
463,$4000_vol,10
463,$4004_duty,0
463,$4004_const,1
463,$4004_vol,8
463,$4008_linear,111
463,$400C_const,1
463,$400C_vol,0
463,$400E_period,3
463,$400E_mode,0
464,$4000_duty,1
464,$4000_const,1
464,$4000_vol,10
464,$4004_duty,0
464,$4004_const,1
464,$4004_vol,8
464,$4008_linear,111
464,$400C_const,1
464,$400C_vol,0
464,$400E_period,3
464,$400E_mode,0
465,$4000_duty,1
465,$4000_const,1
465,$4000_vol,10
465,$4006_period,1
465,$400A_period,1
465,$400B_length,0
466,$4000_duty,1
466,$4000_const,1
466,$4000_vol,10
466,$4004_duty,0
466,$4004_const,1
466,$4004_vol,8
466,$4006_period,855
466,$4008_linear,111
466,$400A_period,509
466,$400B_length,8
466,$400C_const,1
466,$400C_vol,12
466,$400E_period,3
466,$400E_mode,0
467,$4000_duty,1
467,$4000_const,1
467,$4000_vol,10
467,$4004_duty,0
467,$4004_const,1
467,$4004_vol,8
467,$4008_linear,111
467,$400C_const,1
467,$400C_vol,9
467,$400E_period,3
467,$400E_mode,0
468,$4000_duty,1
468,$4000_const,1
468,$4000_vol,10
468,$4004_duty,0
468,$4004_const,1
468,$4004_vol,8
468,$4008_linear,111
468,$400C_const,1
468,$400C_vol,6
468,$400E_period,3
468,$400E_mode,0
469,$4000_duty,1
469,$4000_const,1
469,$4000_vol,10
469,$4004_duty,0
469,$4004_const,1
469,$4004_vol,8
469,$4008_linear,111
469,$400C_const,1
469,$400C_vol,3
469,$400E_period,3
469,$400E_mode,0
470,$4000_duty,1
470,$4000_const,1
470,$4000_vol,10
470,$4004_duty,0
470,$4004_const,1
470,$4004_vol,8
470,$4008_linear,111
470,$400C_const,1
470,$400C_vol,0
470,$400E_period,3
470,$400E_mode,0
471,$4000_duty,1
471,$4000_const,1
471,$4000_vol,10
471,$4004_duty,0
471,$4004_const,1
471,$4004_vol,8
471,$4008_linear,111
471,$400C_const,1
471,$400C_vol,0
471,$400E_period,3
471,$400E_mode,0
472,$4000_duty,1
472,$4000_const,1
472,$4000_vol,10
472,$4004_duty,0
472,$4004_const,1
472,$4004_vol,8
472,$4008_linear,111
472,$400C_const,1
472,$400C_vol,0
472,$400E_period,3
472,$400E_mode,0
473,$4000_duty,1
473,$4000_const,1
473,$4000_vol,10
473,$4004_duty,0
473,$4004_const,1
473,$4004_vol,8
473,$4008_linear,111
473,$400C_const,1
473,$400C_vol,0
473,$400E_period,3
473,$400E_mode,0
474,$4000_duty,1
474,$4000_const,1
474,$4000_vol,8
474,$4004_duty,0
474,$4004_const,1
474,$4004_vol,8
474,$4008_linear,111
474,$400C_const,1
474,$400C_vol,0
474,$400E_period,3
474,$400E_mode,0
475,$4000_duty,1
475,$4000_const,1
475,$4000_vol,8
475,$4004_duty,0
475,$4004_const,1
475,$4004_vol,8
475,$4008_linear,111
475,$400C_const,1
475,$400C_vol,0
475,$400E_period,3
475,$400E_mode,0
476,$4000_duty,1
476,$4000_const,1
476,$4000_vol,8
476,$4004_duty,0
476,$4004_const,1
476,$4004_vol,8
476,$4008_linear,111
476,$400C_const,1
476,$400C_vol,0
476,$400E_period,3
476,$400E_mode,0
477,$4002_period,1
477,$400B_length,0
477,$4006_period,1
477,$400A_period,1
477,$400B_length,0
478,$4000_duty,1
478,$4000_const,1
478,$4000_vol,10
478,$4002_period,381
478,$400B_length,8
478,$4004_duty,0
478,$4004_const,1
478,$4004_vol,8
478,$4006_period,1017
478,$4008_linear,111
478,$400A_period,509
478,$400B_length,8
478,$400C_const,1
478,$400C_vol,12
478,$400E_period,3
478,$400E_mode,0
479,$4000_duty,1
479,$4000_const,1
479,$4000_vol,10
479,$4004_duty,0
479,$4004_const,1
479,$4004_vol,8
479,$4008_linear,111
479,$400C_const,1
479,$400C_vol,9
479,$400E_period,3
479,$400E_mode,0
480,$4000_duty,1
480,$4000_const,1
480,$4000_vol,10
480,$4004_duty,0
480,$4004_const,1
480,$4004_vol,8
480,$4008_linear,111
480,$400C_const,1
480,$400C_vol,6
480,$400E_period,3
480,$400E_mode,0
481,$4000_duty,1
481,$4000_const,1
481,$4000_vol,10
481,$4004_duty,0
481,$4004_const,1
481,$4004_vol,8
481,$4008_linear,111
481,$400C_const,1
481,$400C_vol,3
481,$400E_period,3
481,$400E_mode,0
482,$4000_duty,1
482,$4000_const,1
482,$4000_vol,10
482,$4004_duty,0
482,$4004_const,1
482,$4004_vol,8
482,$4008_linear,111
482,$400C_const,1
482,$400C_vol,0
482,$400E_period,3
482,$400E_mode,0
483,$4000_duty,1
483,$4000_const,1
483,$4000_vol,10
483,$4004_duty,0
483,$4004_const,1
483,$4004_vol,8
483,$4008_linear,111
484,$4000_duty,1
484,$4000_const,1
484,$4000_vol,10
484,$4004_duty,0
484,$4004_const,1
484,$4004_vol,8
484,$4008_linear,111
484,$400C_const,1
484,$400C_vol,12
484,$400E_period,3
484,$400E_mode,0
485,$4000_duty,1
485,$4000_const,1
485,$4000_vol,10
485,$4004_duty,0
485,$4004_const,1
485,$4004_vol,8
485,$4008_linear,111
485,$400C_const,1
485,$400C_vol,9
485,$400E_period,3
485,$400E_mode,0
486,$4000_duty,1
486,$4000_const,1
486,$4000_vol,10
486,$4004_duty,0
486,$4004_const,1
486,$4004_vol,8
486,$4008_linear,111
486,$400C_const,1
486,$400C_vol,6
486,$400E_period,3
486,$400E_mode,0
487,$4000_duty,1
487,$4000_const,1
487,$4000_vol,10
487,$4004_duty,0
487,$4004_const,1
487,$4004_vol,8
487,$4008_linear,111
487,$400C_const,1
487,$400C_vol,3
487,$400E_period,3
487,$400E_mode,0
488,$4000_duty,1
488,$4000_const,1
488,$4000_vol,10
488,$4004_duty,0
488,$4004_const,1
488,$4004_vol,8
488,$4008_linear,111
488,$400C_const,1
488,$400C_vol,0
488,$400E_period,3
488,$400E_mode,0
489,$4002_period,1
489,$400B_length,0
489,$4006_period,1
489,$400A_period,1
489,$400B_length,0
490,$4000_duty,1
490,$4000_const,1
490,$4000_vol,10
490,$4002_period,427
490,$400B_length,8
490,$4004_duty,0
490,$4004_const,1
490,$4004_vol,8
490,$4006_period,719
490,$4008_linear,111
490,$400A_period,509
490,$400B_length,8
491,$4000_duty,1
491,$4000_const,1
491,$4000_vol,10
491,$4004_duty,0
491,$4004_const,1
491,$4004_vol,8
491,$4008_linear,111
492,$4000_duty,1
492,$4000_const,1
492,$4000_vol,10
492,$4004_duty,0
492,$4004_const,1
492,$4004_vol,8
492,$4008_linear,111
493,$4000_duty,1
493,$4000_const,1
493,$4000_vol,10
493,$4004_duty,0
493,$4004_const,1
493,$4004_vol,8
493,$4008_linear,111
494,$4000_duty,1
494,$4000_const,1
494,$4000_vol,10
494,$4004_duty,0
494,$4004_const,1
494,$4004_vol,8
494,$4008_linear,111
495,$4000_duty,1
495,$4000_const,1
495,$4000_vol,10
495,$4004_duty,0
495,$4004_const,1
495,$4004_vol,8
495,$4008_linear,111
496,$4000_duty,1
496,$4000_const,1
496,$4000_vol,10
496,$4004_duty,0
496,$4004_const,1
496,$4004_vol,8
496,$4008_linear,111
497,$4000_duty,1
497,$4000_const,1
497,$4000_vol,10
497,$4004_duty,0
497,$4004_const,1
497,$4004_vol,8
497,$4008_linear,111
498,$4000_duty,1
498,$4000_const,1
498,$4000_vol,10
498,$4004_duty,0
498,$4004_const,1
498,$4004_vol,8
498,$4008_linear,111
499,$4000_duty,1
499,$4000_const,1
499,$4000_vol,10
499,$4004_duty,0
499,$4004_const,1
499,$4004_vol,8
499,$4008_linear,111
500,$4000_duty,1
500,$4000_const,1
500,$4000_vol,10
500,$4004_duty,0
500,$4004_const,1
500,$4004_vol,8
500,$4008_linear,111
501,$4002_period,1
501,$400B_length,0
501,$4006_period,1
501,$400A_period,1
501,$400B_length,0
502,$4000_duty,1
502,$4000_const,1
502,$4000_vol,10
502,$4002_period,481
502,$400B_length,8
502,$4004_duty,0
502,$4004_const,1
502,$4004_vol,8
502,$4006_period,763
502,$4008_linear,111
502,$400A_period,509
502,$400B_length,8
502,$400C_const,1
502,$400C_vol,12
502,$400E_period,3
502,$400E_mode,0
503,$4000_duty,1
503,$4000_const,1
503,$4000_vol,10
503,$4004_duty,0
503,$4004_const,1
503,$4004_vol,8
503,$4008_linear,111
503,$400C_const,1
503,$400C_vol,9
503,$400E_period,3
503,$400E_mode,0
504,$4000_duty,1
504,$4000_const,1
504,$4000_vol,10
504,$4004_duty,0
504,$4004_const,1
504,$4004_vol,8
504,$4008_linear,111
504,$400C_const,1
504,$400C_vol,6
504,$400E_period,3
504,$400E_mode,0
505,$4000_duty,1
505,$4000_const,1
505,$4000_vol,10
505,$4004_duty,0
505,$4004_const,1
505,$4004_vol,8
505,$4008_linear,111
505,$400C_const,1
505,$400C_vol,3
505,$400E_period,3
505,$400E_mode,0
506,$4000_duty,1
506,$4000_const,1
506,$4000_vol,10
506,$4004_duty,0
506,$4004_const,1
506,$4004_vol,8
506,$4008_linear,111
506,$400C_const,1
506,$400C_vol,0
506,$400E_period,3
506,$400E_mode,0
507,$4000_duty,1
507,$4000_const,1
507,$4000_vol,10
507,$4004_duty,0
507,$4004_const,1
507,$4004_vol,8
507,$4008_linear,111
508,$4000_duty,1
508,$4000_const,1
508,$4000_vol,10
508,$4004_duty,0
508,$4004_const,1
508,$4004_vol,8
508,$4008_linear,111
508,$400C_const,1
508,$400C_vol,12
508,$400E_period,3
508,$400E_mode,0
509,$4000_duty,1
509,$4000_const,1
509,$4000_vol,10
509,$4004_duty,0
509,$4004_const,1
509,$4004_vol,8
509,$4008_linear,111
509,$400C_const,1
509,$400C_vol,9
509,$400E_period,3
509,$400E_mode,0
510,$4000_duty,1
510,$4000_const,1
510,$4000_vol,10
510,$4004_duty,0
510,$4004_const,1
510,$4004_vol,8
510,$4008_linear,111
510,$400C_const,1
510,$400C_vol,6
510,$400E_period,3
510,$400E_mode,0
511,$4000_duty,1
511,$4000_const,1
511,$4000_vol,10
511,$4004_duty,0
511,$4004_const,1
511,$4004_vol,8
511,$4008_linear,111
511,$400C_const,1
511,$400C_vol,3
511,$400E_period,3
511,$400E_mode,0
512,$4000_duty,1
512,$4000_const,1
512,$4000_vol,10
512,$4004_duty,0
512,$4004_const,1
512,$4004_vol,8
512,$4008_linear,111
512,$400C_const,1
512,$400C_vol,0
512,$400E_period,3
512,$400E_mode,0
513,$4002_period,1
513,$400B_length,0
513,$4006_period,1
513,$400A_period,1
513,$400B_length,0
514,$4000_duty,1
514,$4000_const,1
514,$4000_vol,10
514,$4002_period,571
514,$400B_length,9
514,$4004_duty,0
514,$4004_const,1
514,$4004_vol,8
514,$4006_period,719
514,$4008_linear,111
514,$400A_period,571
514,$400B_length,9
514,$400C_const,1
514,$400C_vol,12
514,$400E_period,3
514,$400E_mode,0
515,$4000_duty,1
515,$4000_const,1
515,$4000_vol,10
515,$4004_duty,0
515,$4004_const,1
515,$4004_vol,8
515,$4008_linear,111
515,$400C_const,1
515,$400C_vol,9
515,$400E_period,3
515,$400E_mode,0
516,$4000_duty,1
516,$4000_const,1
516,$4000_vol,10
516,$4004_duty,0
516,$4004_const,1
516,$4004_vol,8
516,$4008_linear,111
516,$400C_const,1
516,$400C_vol,6
516,$400E_period,3
516,$400E_mode,0
517,$4000_duty,1
517,$4000_const,1
517,$4000_vol,10
517,$4004_duty,0
517,$4004_const,1
517,$4004_vol,8
517,$4008_linear,111
517,$400C_const,1
517,$400C_vol,3
517,$400E_period,3
517,$400E_mode,0
518,$4000_duty,1
518,$4000_const,1
518,$4000_vol,10
518,$4004_duty,0
518,$4004_const,1
518,$4004_vol,8
518,$4008_linear,111
518,$400C_const,1
518,$400C_vol,0
518,$400E_period,3
518,$400E_mode,0
519,$4000_duty,1
519,$4000_const,1
519,$4000_vol,10
519,$4004_duty,0
519,$4004_const,1
519,$4004_vol,8
519,$4008_linear,111
519,$400C_const,1
519,$400C_vol,0
519,$400E_period,3
519,$400E_mode,0
520,$4000_duty,1
520,$4000_const,1
520,$4000_vol,10
520,$4004_duty,0
520,$4004_const,1
520,$4004_vol,8
520,$4008_linear,111
520,$400C_const,1
520,$400C_vol,0
520,$400E_period,3
520,$400E_mode,0
521,$4000_duty,1
521,$4000_const,1
521,$4000_vol,10
521,$4004_duty,0
521,$4004_const,1
521,$4004_vol,8
521,$4008_linear,111
521,$400C_const,1
521,$400C_vol,0
521,$400E_period,3
521,$400E_mode,0
522,$4000_duty,1
522,$4000_const,1
522,$4000_vol,10
522,$4004_duty,0
522,$4004_const,1
522,$4004_vol,8
522,$4008_linear,111
522,$400C_const,1
522,$400C_vol,0
522,$400E_period,3
522,$400E_mode,0
523,$4000_duty,1
523,$4000_const,1
523,$4000_vol,10
523,$4004_duty,0
523,$4004_const,1
523,$4004_vol,8
523,$4008_linear,111
523,$400C_const,1
523,$400C_vol,0
523,$400E_period,3
523,$400E_mode,0
524,$4000_duty,1
524,$4000_const,1
524,$4000_vol,10
524,$4004_duty,0
524,$4004_const,1
524,$4004_vol,8
524,$4008_linear,111
524,$400C_const,1
524,$400C_vol,0
524,$400E_period,3
524,$400E_mode,0
525,$4002_period,1
525,$400B_length,0
525,$4006_period,1
525,$400A_period,1
525,$400B_length,0
526,$4000_duty,1
526,$4000_const,1
526,$4000_vol,10
526,$4002_period,481
526,$400B_length,8
526,$4004_duty,0
526,$4004_const,1
526,$4004_vol,8
526,$4006_period,961
526,$4008_linear,111
526,$400A_period,571
526,$400B_length,9
526,$400C_const,1
526,$400C_vol,12
526,$400E_period,3
526,$400E_mode,0
527,$4000_duty,1
527,$4000_const,1
527,$4000_vol,10
527,$4004_duty,0
527,$4004_const,1
527,$4004_vol,8
527,$4008_linear,111
527,$400C_const,1
527,$400C_vol,9
527,$400E_period,3
527,$400E_mode,0
528,$4000_duty,1
528,$4000_const,1
528,$4000_vol,10
528,$4004_duty,0
528,$4004_const,1
528,$4004_vol,8
528,$4008_linear,111
528,$400C_const,1
528,$400C_vol,6
528,$400E_period,3
528,$400E_mode,0
529,$4000_duty,1
529,$4000_const,1
529,$4000_vol,10
529,$4004_duty,0
529,$4004_const,1
529,$4004_vol,8
529,$4008_linear,111
529,$400C_const,1
529,$400C_vol,3
529,$400E_period,3
529,$400E_mode,0
530,$4000_duty,1
530,$4000_const,1
530,$4000_vol,10
530,$4004_duty,0
530,$4004_const,1
530,$4004_vol,8
530,$4008_linear,111
530,$400C_const,1
530,$400C_vol,0
530,$400E_period,3
530,$400E_mode,0
531,$4000_duty,1
531,$4000_const,1
531,$4000_vol,10
531,$4004_duty,0
531,$4004_const,1
531,$4004_vol,8
531,$4008_linear,111
531,$400C_const,1
531,$400C_vol,0
531,$400E_period,3
531,$400E_mode,0
532,$4000_duty,1
532,$4000_const,1
532,$4000_vol,10
532,$4004_duty,0
532,$4004_const,1
532,$4004_vol,8
532,$4008_linear,111
532,$400C_const,1
532,$400C_vol,0
532,$400E_period,3
532,$400E_mode,0
533,$4000_duty,1
533,$4000_const,1
533,$4000_vol,10
533,$4004_duty,0
533,$4004_const,1
533,$4004_vol,8
533,$4008_linear,111
533,$400C_const,1
533,$400C_vol,0
533,$400E_period,3
533,$400E_mode,0
534,$4000_duty,1
534,$4000_const,1
534,$4000_vol,10
534,$4004_duty,0
534,$4004_const,1
534,$4004_vol,8
534,$4008_linear,111
534,$400C_const,1
534,$400C_vol,0
534,$400E_period,3
534,$400E_mode,0
535,$4000_duty,1
535,$4000_const,1
535,$4000_vol,10
535,$4004_duty,0
535,$4004_const,1
535,$4004_vol,8
535,$4008_linear,111
535,$400C_const,1
535,$400C_vol,0
535,$400E_period,3
535,$400E_mode,0
536,$4000_duty,1
536,$4000_const,1
536,$4000_vol,10
536,$4004_duty,0
536,$4004_const,1
536,$4004_vol,8
536,$4008_linear,111
536,$400C_const,1
536,$400C_vol,0
536,$400E_period,3
536,$400E_mode,0
537,$4002_period,1
537,$400B_length,0
537,$4006_period,1
537,$400A_period,1
537,$400B_length,0
538,$4000_duty,1
538,$4000_const,1
538,$4000_vol,10
538,$4002_period,321
538,$400B_length,8
538,$4004_duty,0
538,$4004_const,1
538,$4004_vol,8
538,$4006_period,641
538,$4008_linear,111
538,$400A_period,571
538,$400B_length,9
539,$4000_duty,1
539,$4000_const,1
539,$4000_vol,10
539,$4004_duty,0
539,$4004_const,1
539,$4004_vol,8
539,$4008_linear,111
540,$4000_duty,1
540,$4000_const,1
540,$4000_vol,10
540,$4004_duty,0
540,$4004_const,1
540,$4004_vol,8
540,$4008_linear,111
541,$4000_duty,1
541,$4000_const,1
541,$4000_vol,10
541,$4004_duty,0
541,$4004_const,1
541,$4004_vol,8
541,$4008_linear,111
542,$4000_duty,1
542,$4000_const,1
542,$4000_vol,10
542,$4004_duty,0
542,$4004_const,1
542,$4004_vol,8
542,$4008_linear,111
543,$4000_duty,1
543,$4000_const,1
543,$4000_vol,10
543,$4004_duty,0
543,$4004_const,1
543,$4004_vol,8
543,$4008_linear,111
544,$4000_duty,1
544,$4000_const,1
544,$4000_vol,10
544,$4004_duty,0
544,$4004_const,1
544,$4004_vol,8
544,$4008_linear,111
545,$4000_duty,1
545,$4000_const,1
545,$4000_vol,10
545,$4004_duty,0
545,$4004_const,1
545,$4004_vol,8
545,$4008_linear,111
546,$4000_duty,1
546,$4000_const,1
546,$4000_vol,10
546,$4004_duty,0
546,$4004_const,1
546,$4004_vol,8
546,$4008_linear,111
547,$4000_duty,1
547,$4000_const,1
547,$4000_vol,10
547,$4004_duty,0
547,$4004_const,1
547,$4004_vol,8
547,$4008_linear,111
548,$4000_duty,1
548,$4000_const,1
548,$4000_vol,10
548,$4004_duty,0
548,$4004_const,1
548,$4004_vol,8
548,$4008_linear,111
549,$4002_period,1
549,$400B_length,0
549,$4006_period,1
549,$400A_period,1
549,$400B_length,0
550,$4000_duty,1
550,$4000_const,1
550,$4000_vol,10
550,$4002_period,359
550,$400B_length,8
550,$4004_duty,0
550,$4004_const,1
550,$4004_vol,8
550,$4006_period,719
550,$4008_linear,111
550,$400A_period,571
550,$400B_length,9
550,$400C_const,1
550,$400C_vol,12
550,$400E_period,3
550,$400E_mode,0
551,$4000_duty,1
551,$4000_const,1
551,$4000_vol,10
551,$4004_duty,0
551,$4004_const,1
551,$4004_vol,8
551,$4008_linear,111
551,$400C_const,1
551,$400C_vol,9
551,$400E_period,3
551,$400E_mode,0
552,$4000_duty,1
552,$4000_const,1
552,$4000_vol,10
552,$4004_duty,0
552,$4004_const,1
552,$4004_vol,8
552,$4008_linear,111
552,$400C_const,1
552,$400C_vol,6
552,$400E_period,3
552,$400E_mode,0
553,$4000_duty,1
553,$4000_const,1
553,$4000_vol,10
553,$4004_duty,0
553,$4004_const,1
553,$4004_vol,8
553,$4008_linear,111
553,$400C_const,1
553,$400C_vol,3
553,$400E_period,3
553,$400E_mode,0
554,$4000_duty,1
554,$4000_const,1
554,$4000_vol,10
554,$4004_duty,0
554,$4004_const,1
554,$4004_vol,8
554,$4008_linear,111
554,$400C_const,1
554,$400C_vol,0
554,$400E_period,3
554,$400E_mode,0
555,$4000_duty,1
555,$4000_const,1
555,$4000_vol,10
555,$4004_duty,0
555,$4004_const,1
555,$4004_vol,8
555,$4008_linear,111
555,$400C_const,1
555,$400C_vol,0
555,$400E_period,3
555,$400E_mode,0
556,$4000_duty,1
556,$4000_const,1
556,$4000_vol,10
556,$4004_duty,0
556,$4004_const,1
556,$4004_vol,8
556,$4008_linear,111
556,$400C_const,1
556,$400C_vol,0
556,$400E_period,3
556,$400E_mode,0
557,$4000_duty,1
557,$4000_const,1
557,$4000_vol,10
557,$4004_duty,0
557,$4004_const,1
557,$4004_vol,8
557,$4008_linear,111
557,$400C_const,1
557,$400C_vol,0
557,$400E_period,3
557,$400E_mode,0
558,$4000_duty,1
558,$4000_const,1
558,$4000_vol,10
558,$4004_duty,0
558,$4004_const,1
558,$4004_vol,8
558,$4008_linear,111
558,$400C_const,1
558,$400C_vol,0
558,$400E_period,3
558,$400E_mode,0
559,$4000_duty,1
559,$4000_const,1
559,$4000_vol,10
559,$4004_duty,0
559,$4004_const,1
559,$4004_vol,8
559,$4008_linear,111
559,$400C_const,1
559,$400C_vol,0
559,$400E_period,3
559,$400E_mode,0
560,$4000_duty,1
560,$4000_const,1
560,$4000_vol,10
560,$4004_duty,0
560,$4004_const,1
560,$4004_vol,8
560,$4008_linear,111
560,$400C_const,1
560,$400C_vol,0
560,$400E_period,3
560,$400E_mode,0
561,$4000_duty,1
561,$4000_const,1
561,$4000_vol,10
561,$4006_period,1
561,$400A_period,1
561,$400B_length,0
562,$4000_duty,1
562,$4000_const,1
562,$4000_vol,10
562,$4004_duty,0
562,$4004_const,1
562,$4004_vol,8
562,$4006_period,855
562,$4008_linear,111
562,$400A_period,571
562,$400B_length,9
562,$400C_const,1
562,$400C_vol,12
562,$400E_period,3
562,$400E_mode,0
563,$4000_duty,1
563,$4000_const,1
563,$4000_vol,10
563,$4004_duty,0
563,$4004_const,1
563,$4004_vol,8
563,$4008_linear,111
563,$400C_const,1
563,$400C_vol,9
563,$400E_period,3
563,$400E_mode,0
564,$4000_duty,1
564,$4000_const,1
564,$4000_vol,10
564,$4004_duty,0
564,$4004_const,1
564,$4004_vol,8
564,$4008_linear,111
564,$400C_const,1
564,$400C_vol,6
564,$400E_period,3
564,$400E_mode,0
565,$4000_duty,1
565,$4000_const,1
565,$4000_vol,10
565,$4004_duty,0
565,$4004_const,1
565,$4004_vol,8
565,$4008_linear,111
565,$400C_const,1
565,$400C_vol,3
565,$400E_period,3
565,$400E_mode,0
566,$4000_duty,1
566,$4000_const,1
566,$4000_vol,10
566,$4004_duty,0
566,$4004_const,1
566,$4004_vol,8
566,$4008_linear,111
566,$400C_const,1
566,$400C_vol,0
566,$400E_period,3
566,$400E_mode,0
567,$4000_duty,1
567,$4000_const,1
567,$4000_vol,10
567,$4004_duty,0
567,$4004_const,1
567,$4004_vol,8
567,$4008_linear,111
567,$400C_const,1
567,$400C_vol,0
567,$400E_period,3
567,$400E_mode,0
568,$4000_duty,1
568,$4000_const,1
568,$4000_vol,10
568,$4004_duty,0
568,$4004_const,1
568,$4004_vol,8
568,$4008_linear,111
568,$400C_const,1
568,$400C_vol,0
568,$400E_period,3
568,$400E_mode,0
569,$4000_duty,1
569,$4000_const,1
569,$4000_vol,10
569,$4004_duty,0
569,$4004_const,1
569,$4004_vol,8
569,$4008_linear,111
569,$400C_const,1
569,$400C_vol,0
569,$400E_period,3
569,$400E_mode,0
570,$4000_duty,1
570,$4000_const,1
570,$4000_vol,8
570,$4004_duty,0
570,$4004_const,1
570,$4004_vol,8
570,$4008_linear,111
570,$400C_const,1
570,$400C_vol,0
570,$400E_period,3
570,$400E_mode,0
571,$4000_duty,1
571,$4000_const,1
571,$4000_vol,8
571,$4004_duty,0
571,$4004_const,1
571,$4004_vol,8
571,$4008_linear,111
571,$400C_const,1
571,$400C_vol,0
571,$400E_period,3
571,$400E_mode,0
572,$4000_duty,1
572,$4000_const,1
572,$4000_vol,8
572,$4004_duty,0
572,$4004_const,1
572,$4004_vol,8
572,$4008_linear,111
572,$400C_const,1
572,$400C_vol,0
572,$400E_period,3
572,$400E_mode,0
573,$4002_period,1
573,$400B_length,0
573,$4006_period,1
573,$400A_period,1
573,$400B_length,0
574,$4000_duty,1
574,$4000_const,1
574,$4000_vol,10
574,$4002_period,427
574,$400B_length,8
574,$4004_duty,0
574,$4004_const,1
574,$4004_vol,8
574,$4006_period,961
574,$4008_linear,111
574,$400A_period,571
574,$400B_length,9
574,$400C_const,1
574,$400C_vol,12
574,$400E_period,3
574,$400E_mode,0
575,$4000_duty,1
575,$4000_const,1
575,$4000_vol,10
575,$4004_duty,0
575,$4004_const,1
575,$4004_vol,8
575,$4008_linear,111
575,$400C_const,1
575,$400C_vol,9
575,$400E_period,3
575,$400E_mode,0
576,$4000_duty,1
576,$4000_const,1
576,$4000_vol,10
576,$4004_duty,0
576,$4004_const,1
576,$4004_vol,8
576,$4008_linear,111
576,$400C_const,1
576,$400C_vol,6
576,$400E_period,3
576,$400E_mode,0
577,$4000_duty,1
577,$4000_const,1
577,$4000_vol,10
577,$4004_duty,0
577,$4004_const,1
577,$4004_vol,8
577,$4008_linear,111
577,$400C_const,1
577,$400C_vol,3
577,$400E_period,3
577,$400E_mode,0
578,$4000_duty,1
578,$4000_const,1
578,$4000_vol,10
578,$4004_duty,0
578,$4004_const,1
578,$4004_vol,8
578,$4008_linear,111
578,$400C_const,1
578,$400C_vol,0
578,$400E_period,3
578,$400E_mode,0
579,$4000_duty,1
579,$4000_const,1
579,$4000_vol,10
579,$4004_duty,0
579,$4004_const,1
579,$4004_vol,8
579,$4008_linear,111
580,$4000_duty,1
580,$4000_const,1
580,$4000_vol,10
580,$4004_duty,0
580,$4004_const,1
580,$4004_vol,8
580,$4008_linear,111
580,$400C_const,1
580,$400C_vol,12
580,$400E_period,3
580,$400E_mode,0
581,$4000_duty,1
581,$4000_const,1
581,$4000_vol,10
581,$4004_duty,0
581,$4004_const,1
581,$4004_vol,8
581,$4008_linear,111
581,$400C_const,1
581,$400C_vol,9
581,$400E_period,3
581,$400E_mode,0
582,$4000_duty,1
582,$4000_const,1
582,$4000_vol,10
582,$4004_duty,0
582,$4004_const,1
582,$4004_vol,8
582,$4008_linear,111
582,$400C_const,1
582,$400C_vol,6
582,$400E_period,3
582,$400E_mode,0
583,$4000_duty,1
583,$4000_const,1
583,$4000_vol,10
583,$4004_duty,0
583,$4004_const,1
583,$4004_vol,8
583,$4008_linear,111
583,$400C_const,1
583,$400C_vol,3
583,$400E_period,3
583,$400E_mode,0
584,$4000_duty,1
584,$4000_const,1
584,$4000_vol,10
584,$4004_duty,0
584,$4004_const,1
584,$4004_vol,8
584,$4008_linear,111
584,$400C_const,1
584,$400C_vol,0
584,$400E_period,3
584,$400E_mode,0
585,$4002_period,1
585,$400B_length,0
585,$4006_period,1
585,$400A_period,1
585,$400B_length,0
586,$4000_duty,1
586,$4000_const,1
586,$4000_vol,10
586,$4002_period,381
586,$400B_length,8
586,$4004_duty,0
586,$4004_const,1
586,$4004_vol,8
586,$4006_period,641
586,$4008_linear,111
586,$400A_period,571
586,$400B_length,9
587,$4000_duty,1
587,$4000_const,1
587,$4000_vol,10
587,$4004_duty,0
587,$4004_const,1
587,$4004_vol,8
587,$4008_linear,111
588,$4000_duty,1
588,$4000_const,1
588,$4000_vol,10
588,$4004_duty,0
588,$4004_const,1
588,$4004_vol,8
588,$4008_linear,111
589,$4000_duty,1
589,$4000_const,1
589,$4000_vol,10
589,$4004_duty,0
589,$4004_const,1
589,$4004_vol,8
589,$4008_linear,111
590,$4000_duty,1
590,$4000_const,1
590,$4000_vol,10
590,$4004_duty,0
590,$4004_const,1
590,$4004_vol,8
590,$4008_linear,111
591,$4000_duty,1
591,$4000_const,1
591,$4000_vol,10
591,$4004_duty,0
591,$4004_const,1
591,$4004_vol,8
591,$4008_linear,111
592,$4000_duty,1
592,$4000_const,1
592,$4000_vol,10
592,$4004_duty,0
592,$4004_const,1
592,$4004_vol,8
592,$4008_linear,111
593,$4000_duty,1
593,$4000_const,1
593,$4000_vol,10
593,$4004_duty,0
593,$4004_const,1
593,$4004_vol,8
593,$4008_linear,111
594,$4000_duty,1
594,$4000_const,1
594,$4000_vol,10
594,$4004_duty,0
594,$4004_const,1
594,$4004_vol,8
594,$4008_linear,111
595,$4000_duty,1
595,$4000_const,1
595,$4000_vol,10
595,$4004_duty,0
595,$4004_const,1
595,$4004_vol,8
595,$4008_linear,111
596,$4000_duty,1
596,$4000_const,1
596,$4000_vol,10
596,$4004_duty,0
596,$4004_const,1
596,$4004_vol,8
596,$4008_linear,111
597,$4002_period,1
597,$400B_length,0
597,$4006_period,1
597,$400A_period,1
597,$400B_length,0
598,$4000_duty,1
598,$4000_const,1
598,$4000_vol,10
598,$4002_period,359
598,$400B_length,8
598,$4004_duty,0
598,$4004_const,1
598,$4004_vol,8
598,$4006_period,719
598,$4008_linear,111
598,$400A_period,571
598,$400B_length,9
598,$400C_const,1
598,$400C_vol,12
598,$400E_period,3
598,$400E_mode,0
599,$4000_duty,1
599,$4000_const,1
599,$4000_vol,10
599,$4004_duty,0
599,$4004_const,1
599,$4004_vol,8
599,$4008_linear,111
599,$400C_const,1
599,$400C_vol,9
599,$400E_period,3
599,$400E_mode,0
