frame,parameter,value
0,$400E_period,13
0,$400E_mode,0
0,$400C_const,1
0,$400C_vol,5
0,$4008_linear,7
0,$4005_sweep,0
0,$4004_duty,0
0,$4004_const,1
0,$4004_vol,0
0,$4001_sweep,0
0,$4000_duty,0
0,$4000_const,1
0,$4000_vol,0
1,$400E_period,13
1,$400E_mode,0
1,$400C_const,1
1,$400C_vol,5
1,$4008_linear,7
1,$4005_sweep,0
1,$4004_duty,0
1,$4004_const,1
1,$4004_vol,0
1,$4001_sweep,0
1,$4000_duty,0
1,$4000_const,1
1,$4000_vol,0
2,$400E_period,13
2,$400E_mode,0
2,$400C_const,1
2,$400C_vol,5
2,$400A_period,2547
2,$400B_length,4
2,$4008_linear,7
2,$4005_sweep,0
2,$4004_duty,0
2,$4004_const,1
2,$4004_vol,0
2,$4001_sweep,0
2,$4000_duty,0
2,$4000_const,1
2,$4000_vol,0
3,$400E_period,13
3,$400E_mode,0
3,$400C_const,1
3,$400C_vol,5
3,$4008_linear,7
3,$4005_sweep,0
3,$4004_duty,0
3,$4004_const,1
3,$4004_vol,0
3,$4001_sweep,0
3,$4000_duty,0
3,$4000_const,1
3,$4000_vol,0
4,$400E_period,13
4,$400E_mode,0
4,$400C_const,1
4,$400C_vol,5
4,$4008_linear,7
4,$4005_sweep,0
4,$4004_duty,0
4,$4004_const,1
4,$4004_vol,0
4,$4001_sweep,0
4,$4000_duty,0
4,$4000_const,1
4,$4000_vol,0
5,$400E_period,13
5,$400E_mode,0
5,$400C_const,1
5,$400C_vol,5
5,$4008_linear,7
5,$4005_sweep,0
5,$4004_duty,0
5,$4004_const,1
5,$4004_vol,0
5,$4001_sweep,0
5,$4000_duty,0
5,$4000_const,1
5,$4000_vol,0
6,$400E_period,13
6,$400E_mode,0
6,$400C_const,1
6,$400C_vol,5
6,$4008_linear,7
6,$4005_sweep,0
6,$4004_duty,0
6,$4004_const,1
6,$4004_vol,0
6,$4001_sweep,0
6,$4000_duty,0
6,$4000_const,1
6,$4000_vol,0
7,$400E_period,13
7,$400E_mode,0
7,$400C_const,1
7,$400C_vol,5
7,$400A_period,1537
7,$400B_length,3
7,$4008_linear,7
7,$4005_sweep,0
7,$4004_duty,0
7,$4004_const,1
7,$4004_vol,0
7,$4001_sweep,0
7,$4000_duty,0
7,$4000_const,1
7,$4000_vol,0
8,$400E_period,13
8,$400E_mode,0
8,$400C_const,1
8,$400C_vol,5
8,$4008_linear,7
8,$4005_sweep,0
8,$4004_duty,0
8,$4004_const,1
8,$4004_vol,0
8,$4001_sweep,0
8,$4000_duty,0
8,$4000_const,1
8,$4000_vol,0
9,$400E_period,13
9,$400E_mode,0
9,$400C_const,1
9,$400C_vol,5
9,$4008_linear,7
9,$4005_sweep,0
9,$4004_duty,0
9,$4004_const,1
9,$4004_vol,0
9,$4001_sweep,0
9,$4000_duty,0
9,$4000_const,1
9,$4000_vol,0
10,$400E_period,13
10,$400E_mode,0
10,$400C_const,1
10,$400C_vol,5
10,$4008_linear,7
10,$4005_sweep,0
10,$4004_duty,0
10,$4004_const,1
10,$4004_vol,0
10,$4001_sweep,0
10,$4000_duty,0
10,$4000_const,1
10,$4000_vol,0
11,$400E_period,13
11,$400E_mode,0
11,$400C_const,1
11,$400C_vol,5
11,$4008_linear,7
11,$4005_sweep,0
11,$4004_duty,0
11,$4004_const,1
11,$4004_vol,0
11,$4001_sweep,0
11,$4000_duty,0
11,$4000_const,1
11,$4000_vol,0
12,$400E_period,13
12,$400E_mode,0
12,$400C_const,1
12,$400C_vol,5
12,$400A_period,2547
12,$400B_length,4
12,$4008_linear,7
12,$4005_sweep,0
12,$4004_duty,0
12,$4004_const,1
12,$4004_vol,0
12,$4001_sweep,0
12,$4000_duty,0
12,$4000_const,1
12,$4000_vol,0
13,$400E_period,13
13,$400E_mode,0
13,$400C_const,1
13,$400C_vol,5
13,$4008_linear,7
13,$4005_sweep,0
13,$4004_duty,0
13,$4004_const,1
13,$4004_vol,0
13,$4001_sweep,0
13,$4000_duty,0
13,$4000_const,1
13,$4000_vol,0
14,$400E_period,13
14,$400E_mode,0
14,$400C_const,1
14,$400C_vol,5
14,$4008_linear,7
14,$4005_sweep,0
14,$4004_duty,0
14,$4004_const,1
14,$4004_vol,0
14,$4001_sweep,0
14,$4000_duty,0
14,$4000_const,1
14,$4000_vol,0
15,$400E_period,13
15,$400E_mode,0
15,$400C_const,1
15,$400C_vol,5
15,$4008_linear,7
15,$4005_sweep,0
15,$4004_duty,0
15,$4004_const,1
15,$4004_vol,0
15,$4001_sweep,0
15,$4000_duty,0
15,$4000_const,1
15,$4000_vol,0
16,$400E_period,13
16,$400E_mode,0
16,$400C_const,1
16,$400C_vol,5
16,$4008_linear,7
16,$4005_sweep,0
16,$4004_duty,0
16,$4004_const,1
16,$4004_vol,0
16,$4001_sweep,0
16,$4000_duty,0
16,$4000_const,1
16,$4000_vol,0
17,$400E_period,13
17,$400E_mode,0
17,$400C_const,1
17,$400C_vol,5
17,$400A_period,1537
17,$400B_length,3
17,$4008_linear,7
17,$4005_sweep,0
17,$4004_duty,0
17,$4004_const,1
17,$4004_vol,0
17,$4001_sweep,0
17,$4000_duty,0
17,$4000_const,1
17,$4000_vol,0
18,$400E_period,13
18,$400E_mode,0
18,$400C_const,1
18,$400C_vol,0
18,$4008_linear,7
18,$4005_sweep,0
18,$4004_duty,0
18,$4004_const,1
18,$4004_vol,0
18,$4001_sweep,0
18,$4000_duty,0
18,$4000_const,1
18,$4000_vol,0
19,$400E_period,13
19,$400E_mode,0
19,$400C_const,1
19,$400C_vol,5
19,$4008_linear,7
19,$4005_sweep,0
19,$4004_duty,0
19,$4004_const,1
19,$4004_vol,0
19,$4001_sweep,0
19,$4000_duty,0
19,$4000_const,1
19,$4000_vol,0
20,$400E_period,13
20,$400E_mode,0
20,$400C_const,1
20,$400C_vol,5
20,$4008_linear,7
20,$4005_sweep,0
20,$4004_duty,0
20,$4004_const,1
20,$4004_vol,0
20,$4001_sweep,0
20,$4000_duty,0
20,$4000_const,1
20,$4000_vol,0
21,$400E_period,13
21,$400E_mode,0
21,$400C_const,1
21,$400C_vol,5
21,$4008_linear,7
21,$4005_sweep,0
21,$4004_duty,0
21,$4004_const,1
21,$4004_vol,0
21,$4001_sweep,0
21,$4000_duty,0
21,$4000_const,1
21,$4000_vol,0
22,$400E_period,13
22,$400E_mode,0
22,$400C_const,1
22,$400C_vol,5
22,$400A_period,2547
22,$400B_length,4
22,$4008_linear,7
22,$4005_sweep,0
22,$4004_duty,0
22,$4004_const,1
22,$4004_vol,0
22,$4001_sweep,0
22,$4000_duty,0
22,$4000_const,1
22,$4000_vol,0
23,$400E_period,13
23,$400E_mode,0
23,$400C_const,1
23,$400C_vol,5
23,$4008_linear,7
23,$4005_sweep,0
23,$4004_duty,0
23,$4004_const,1
23,$4004_vol,0
23,$4001_sweep,0
23,$4000_duty,0
23,$4000_const,1
23,$4000_vol,0
24,$400E_period,13
24,$400E_mode,0
24,$400C_const,1
24,$400C_vol,5
24,$4008_linear,7
24,$4005_sweep,0
24,$4004_duty,0
24,$4004_const,1
24,$4004_vol,0
24,$4001_sweep,0
24,$4000_duty,0
24,$4000_const,1
24,$4000_vol,0
25,$400E_period,13
25,$400E_mode,0
25,$400C_const,1
25,$400C_vol,5
25,$4008_linear,7
25,$4005_sweep,0
25,$4004_duty,0
25,$4004_const,1
25,$4004_vol,0
25,$4001_sweep,0
25,$4000_duty,0
25,$4000_const,1
25,$4000_vol,0
26,$400E_period,13
26,$400E_mode,0
26,$400C_const,1
26,$400C_vol,5
26,$4008_linear,7
26,$4005_sweep,0
26,$4004_duty,0
26,$4004_const,1
26,$4004_vol,0
26,$4001_sweep,0
26,$4000_duty,0
26,$4000_const,1
26,$4000_vol,0
27,$400E_period,13
27,$400E_mode,0
27,$400C_const,1
27,$400C_vol,5
27,$400A_period,1537
27,$400B_length,3
27,$4008_linear,7
27,$4005_sweep,0
27,$4004_duty,0
27,$4004_const,1
27,$4004_vol,0
27,$4001_sweep,0
27,$4000_duty,0
27,$4000_const,1
27,$4000_vol,0
28,$400E_period,13
28,$400E_mode,0
28,$400C_const,1
28,$400C_vol,5
28,$4008_linear,7
28,$4005_sweep,0
28,$4004_duty,0
28,$4004_const,1
28,$4004_vol,0
28,$4001_sweep,0
28,$4000_duty,0
28,$4000_const,1
28,$4000_vol,0
29,$400E_period,13
29,$400E_mode,0
29,$400C_const,1
29,$400C_vol,5
29,$4008_linear,7
29,$4005_sweep,0
29,$4004_duty,0
29,$4004_const,1
29,$4004_vol,0
29,$4001_sweep,0
29,$4000_duty,0
29,$4000_const,1
29,$4000_vol,0
30,$400E_period,13
30,$400E_mode,0
30,$400C_const,1
30,$400C_vol,5
30,$4008_linear,7
30,$4005_sweep,0
30,$4004_duty,0
30,$4004_const,1
30,$4004_vol,0
30,$4001_sweep,0
30,$4000_duty,0
30,$4000_const,1
30,$4000_vol,0
31,$400E_period,13
31,$400E_mode,0
31,$400C_const,1
31,$400C_vol,5
31,$4008_linear,7
31,$4005_sweep,0
31,$4004_duty,0
31,$4004_const,1
31,$4004_vol,0
31,$4001_sweep,0
31,$4000_duty,0
31,$4000_const,1
31,$4000_vol,0
32,$400E_period,13
32,$400E_mode,0
32,$400C_const,1
32,$400C_vol,5
32,$400A_period,2547
32,$400B_length,4
32,$4008_linear,7
32,$4005_sweep,0
32,$4004_duty,0
32,$4004_const,1
32,$4004_vol,0
32,$4001_sweep,0
32,$4000_duty,0
32,$4000_const,1
32,$4000_vol,0
33,$400E_period,13
33,$400E_mode,0
33,$400C_const,1
33,$400C_vol,5
33,$4008_linear,7
33,$4005_sweep,0
33,$4004_duty,0
33,$4004_const,1
33,$4004_vol,0
33,$4001_sweep,0
33,$4000_duty,0
33,$4000_const,1
33,$4000_vol,0
34,$400E_period,13
34,$400E_mode,0
34,$400C_const,1
34,$400C_vol,5
34,$4008_linear,7
34,$4005_sweep,0
34,$4004_duty,0
34,$4004_const,1
34,$4004_vol,0
34,$4001_sweep,0
34,$4000_duty,0
34,$4000_const,1
34,$4000_vol,0
35,$400E_period,13
35,$400E_mode,0
35,$400C_const,1
35,$400C_vol,5
35,$4008_linear,7
35,$4005_sweep,0
35,$4004_duty,0
35,$4004_const,1
35,$4004_vol,0
35,$4001_sweep,0
35,$4000_duty,0
35,$4000_const,1
35,$4000_vol,0
36,$400E_period,13
36,$400E_mode,0
36,$400C_const,1
36,$400C_vol,5
36,$4008_linear,7
36,$4005_sweep,0
36,$4004_duty,0
36,$4004_const,1
36,$4004_vol,0
36,$4001_sweep,0
36,$4000_duty,0
36,$4000_const,1
36,$4000_vol,0
37,$400E_period,13
37,$400E_mode,0
37,$400C_const,1
37,$400C_vol,5
37,$400A_period,1537
37,$400B_length,3
37,$4008_linear,7
37,$4005_sweep,0
37,$4004_duty,0
37,$4004_const,1
37,$4004_vol,0
37,$4001_sweep,0
37,$4000_duty,0
37,$4000_const,1
37,$4000_vol,0
38,$400E_period,13
38,$400E_mode,0
38,$400C_const,1
38,$400C_vol,5
38,$4008_linear,7
38,$4005_sweep,0
38,$4004_duty,0
38,$4004_const,1
38,$4004_vol,0
38,$4001_sweep,0
38,$4000_duty,0
38,$4000_const,1
38,$4000_vol,0
39,$400E_period,13
39,$400E_mode,0
39,$400C_const,1
39,$400C_vol,5
39,$4008_linear,7
39,$4005_sweep,0
39,$4004_duty,0
39,$4004_const,1
39,$4004_vol,0
39,$4001_sweep,0
39,$4000_duty,0
39,$4000_const,1
39,$4000_vol,0
40,$400E_period,13
40,$400E_mode,0
40,$400C_const,1
40,$400C_vol,5
40,$4008_linear,7
40,$4005_sweep,0
40,$4004_duty,0
40,$4004_const,1
40,$4004_vol,0
40,$4001_sweep,0
40,$4000_duty,0
40,$4000_const,1
40,$4000_vol,0
41,$400E_period,13
41,$400E_mode,0
41,$400C_const,1
41,$400C_vol,5
41,$4008_linear,7
41,$4005_sweep,0
41,$4004_duty,0
41,$4004_const,1
41,$4004_vol,0
41,$4001_sweep,0
41,$4000_duty,0
41,$4000_const,1
41,$4000_vol,0
42,$400E_period,13
42,$400E_mode,0
42,$400C_const,1
42,$400C_vol,5
42,$400A_period,2547
42,$400B_length,4
42,$4008_linear,7
42,$4005_sweep,0
42,$4004_duty,0
42,$4004_const,1
42,$4004_vol,0
42,$4001_sweep,0
42,$4000_duty,0
42,$4000_const,1
42,$4000_vol,0
43,$400E_period,13
43,$400E_mode,0
43,$400C_const,1
43,$400C_vol,5
43,$4008_linear,7
43,$4005_sweep,0
43,$4004_duty,0
43,$4004_const,1
43,$4004_vol,0
43,$4001_sweep,0
43,$4000_duty,0
43,$4000_const,1
43,$4000_vol,0
44,$400E_period,13
44,$400E_mode,0
44,$400C_const,1
44,$400C_vol,5
44,$4008_linear,7
44,$4005_sweep,0
44,$4004_duty,0
44,$4004_const,1
44,$4004_vol,0
44,$4001_sweep,0
44,$4000_duty,0
44,$4000_const,1
44,$4000_vol,0
45,$400E_period,13
45,$400E_mode,0
45,$400C_const,1
45,$400C_vol,5
45,$4008_linear,7
45,$4005_sweep,0
45,$4004_duty,0
45,$4004_const,1
45,$4004_vol,0
45,$4001_sweep,0
45,$4000_duty,0
45,$4000_const,1
45,$4000_vol,0
46,$400E_period,13
46,$400E_mode,0
46,$400C_const,1
46,$400C_vol,5
46,$4008_linear,7
46,$4005_sweep,0
46,$4004_duty,0
46,$4004_const,1
46,$4004_vol,0
46,$4001_sweep,0
46,$4000_duty,0
46,$4000_const,1
46,$4000_vol,0
47,$400E_period,13
47,$400E_mode,0
47,$400C_const,1
47,$400C_vol,5
47,$400A_period,1537
47,$400B_length,3
47,$4008_linear,7
47,$4005_sweep,0
47,$4004_duty,0
47,$4004_const,1
47,$4004_vol,0
47,$4001_sweep,0
47,$4000_duty,0
47,$4000_const,1
47,$4000_vol,0
48,$400E_period,13
48,$400E_mode,0
48,$400C_const,1
48,$400C_vol,5
48,$4008_linear,7
48,$4005_sweep,0
48,$4004_duty,0
48,$4004_const,1
48,$4004_vol,0
48,$4001_sweep,0
48,$4000_duty,0
48,$4000_const,1
48,$4000_vol,0
49,$400E_period,13
49,$400E_mode,0
49,$400C_const,1
49,$400C_vol,5
49,$4008_linear,7
49,$4005_sweep,0
49,$4004_duty,0
49,$4004_const,1
49,$4004_vol,0
49,$4001_sweep,0
49,$4000_duty,0
49,$4000_const,1
49,$4000_vol,0
50,$400E_period,13
50,$400E_mode,0
50,$400C_const,1
50,$400C_vol,5
50,$4008_linear,7
50,$4005_sweep,0
50,$4004_duty,0
50,$4004_const,1
50,$4004_vol,0
50,$4001_sweep,0
50,$4000_duty,0
50,$4000_const,1
50,$4000_vol,0
51,$400E_period,13
51,$400E_mode,0
51,$400C_const,1
51,$400C_vol,5
51,$4008_linear,7
51,$4005_sweep,0
51,$4004_duty,0
51,$4004_const,1
51,$4004_vol,0
51,$4001_sweep,0
51,$4000_duty,0
51,$4000_const,1
51,$4000_vol,0
52,$400E_period,13
52,$400E_mode,0
52,$400C_const,1
52,$400C_vol,5
52,$400A_period,2547
52,$400B_length,4
52,$4008_linear,7
52,$4005_sweep,0
52,$4004_duty,0
52,$4004_const,1
52,$4004_vol,0
52,$4001_sweep,0
52,$4000_duty,0
52,$4000_const,1
52,$4000_vol,0
53,$400E_period,13
53,$400E_mode,0
53,$400C_const,1
53,$400C_vol,5
53,$4008_linear,7
53,$4005_sweep,0
53,$4004_duty,0
53,$4004_const,1
53,$4004_vol,0
53,$4001_sweep,0
53,$4000_duty,0
53,$4000_const,1
53,$4000_vol,0
54,$400E_period,13
54,$400E_mode,0
54,$400C_const,1
54,$400C_vol,5
54,$4008_linear,7
54,$4005_sweep,0
54,$4004_duty,0
54,$4004_const,1
54,$4004_vol,0
54,$4001_sweep,0
54,$4000_duty,0
54,$4000_const,1
54,$4000_vol,0
55,$400E_period,13
55,$400E_mode,0
55,$400C_const,1
55,$400C_vol,5
55,$4008_linear,7
55,$4005_sweep,0
55,$4004_duty,0
55,$4004_const,1
55,$4004_vol,0
55,$4001_sweep,0
55,$4000_duty,0
55,$4000_const,1
55,$4000_vol,0
56,$400E_period,13
56,$400E_mode,0
56,$400C_const,1
56,$400C_vol,5
56,$4008_linear,7
56,$4005_sweep,0
56,$4004_duty,0
56,$4004_const,1
56,$4004_vol,0
56,$4001_sweep,0
56,$4000_duty,0
56,$4000_const,1
56,$4000_vol,0
57,$400E_period,13
57,$400E_mode,0
57,$400C_const,1
57,$400C_vol,5
57,$400A_period,1537
57,$400B_length,3
57,$4008_linear,7
57,$4005_sweep,0
57,$4004_duty,0
57,$4004_const,1
57,$4004_vol,0
57,$4001_sweep,0
57,$4000_duty,0
57,$4000_const,1
57,$4000_vol,0
58,$400E_period,13
58,$400E_mode,0
58,$400C_const,1
58,$400C_vol,5
58,$4008_linear,7
58,$4005_sweep,0
58,$4004_duty,0
58,$4004_const,1
58,$4004_vol,0
58,$4001_sweep,0
58,$4000_duty,0
58,$4000_const,1
58,$4000_vol,0
59,$400E_period,13
59,$400E_mode,0
59,$400C_const,1
59,$400C_vol,5
59,$4008_linear,7
59,$4005_sweep,0
59,$4004_duty,0
59,$4004_const,1
59,$4004_vol,0
59,$4001_sweep,0
59,$4000_duty,0
59,$4000_const,1
59,$4000_vol,0
60,$400E_period,13
60,$400E_mode,0
60,$400C_const,1
60,$400C_vol,5
60,$4008_linear,7
60,$4005_sweep,0
60,$4004_duty,0
60,$4004_const,1
60,$4004_vol,0
60,$4001_sweep,0
60,$4000_duty,0
60,$4000_const,1
60,$4000_vol,0
61,$400E_period,13
61,$400E_mode,0
61,$400C_const,1
61,$400C_vol,5
61,$4008_linear,7
61,$4005_sweep,0
61,$4004_duty,0
61,$4004_const,1
61,$4004_vol,0
61,$4001_sweep,0
61,$4000_duty,0
61,$4000_const,1
61,$4000_vol,0
62,$400E_period,13
62,$400E_mode,0
62,$400C_const,1
62,$400C_vol,5
62,$400A_period,2547
62,$400B_length,4
62,$4008_linear,7
62,$4005_sweep,0
62,$4004_duty,0
62,$4004_const,1
62,$4004_vol,0
62,$4001_sweep,0
62,$4000_duty,0
62,$4000_const,1
62,$4000_vol,0
63,$400E_period,13
63,$400E_mode,0
63,$400C_const,1
63,$400C_vol,5
63,$4008_linear,7
63,$4005_sweep,0
63,$4004_duty,0
63,$4004_const,1
63,$4004_vol,0
63,$4001_sweep,0
63,$4000_duty,0
63,$4000_const,1
63,$4000_vol,0
64,$400E_period,13
64,$400E_mode,0
64,$400C_const,1
64,$400C_vol,5
64,$4008_linear,7
64,$4005_sweep,0
64,$4004_duty,0
64,$4004_const,1
64,$4004_vol,0
64,$4001_sweep,0
64,$4000_duty,0
64,$4000_const,1
64,$4000_vol,0
65,$400E_period,13
65,$400E_mode,0
65,$400C_const,1
65,$400C_vol,5
65,$4008_linear,7
65,$4005_sweep,0
65,$4004_duty,0
65,$4004_const,1
65,$4004_vol,0
65,$4001_sweep,0
65,$4000_duty,0
65,$4000_const,1
65,$4000_vol,0
66,$400E_period,13
66,$400E_mode,0
66,$400C_const,1
66,$400C_vol,5
66,$4008_linear,7
66,$4005_sweep,0
66,$4004_duty,0
66,$4004_const,1
66,$4004_vol,0
66,$4001_sweep,0
66,$4000_duty,0
66,$4000_const,1
66,$4000_vol,0
67,$400E_period,13
67,$400E_mode,0
67,$400C_const,1
67,$400C_vol,5
67,$400A_period,1537
67,$400B_length,3
67,$4008_linear,7
67,$4005_sweep,0
67,$4004_duty,0
67,$4004_const,1
67,$4004_vol,0
67,$4001_sweep,0
67,$4000_duty,0
67,$4000_const,1
67,$4000_vol,0
68,$400E_period,13
68,$400E_mode,0
68,$400C_const,1
68,$400C_vol,5
68,$4008_linear,7
68,$4005_sweep,0
68,$4004_duty,0
68,$4004_const,1
68,$4004_vol,0
68,$4001_sweep,0
68,$4000_duty,0
68,$4000_const,1
68,$4000_vol,0
69,$400E_period,13
69,$400E_mode,0
69,$400C_const,1
69,$400C_vol,5
69,$4008_linear,7
69,$4005_sweep,0
69,$4004_duty,0
69,$4004_const,1
69,$4004_vol,0
69,$4001_sweep,0
69,$4000_duty,0
69,$4000_const,1
69,$4000_vol,0
70,$400E_period,13
70,$400E_mode,0
70,$400C_const,1
70,$400C_vol,5
70,$4008_linear,7
70,$4005_sweep,0
70,$4004_duty,0
70,$4004_const,1
70,$4004_vol,0
70,$4001_sweep,0
70,$4000_duty,0
70,$4000_const,1
70,$4000_vol,0
71,$400E_period,13
71,$400E_mode,0
71,$400C_const,1
71,$400C_vol,5
71,$4008_linear,7
71,$4005_sweep,0
71,$4004_duty,0
71,$4004_const,1
71,$4004_vol,0
71,$4001_sweep,0
71,$4000_duty,0
71,$4000_const,1
71,$4000_vol,0
72,$400E_period,13
72,$400E_mode,0
72,$400C_const,1
72,$400C_vol,5
72,$400A_period,2547
72,$400B_length,4
72,$4008_linear,7
72,$4005_sweep,0
72,$4004_duty,0
72,$4004_const,1
72,$4004_vol,0
72,$4001_sweep,0
72,$4000_duty,0
72,$4000_const,1
72,$4000_vol,0
73,$400E_period,13
73,$400E_mode,0
73,$400C_const,1
73,$400C_vol,5
73,$4008_linear,7
73,$4005_sweep,0
73,$4004_duty,0
73,$4004_const,1
73,$4004_vol,0
73,$4001_sweep,0
73,$4000_duty,0
73,$4000_const,1
73,$4000_vol,0
74,$400E_period,13
74,$400E_mode,0
74,$400C_const,1
74,$400C_vol,5
74,$4008_linear,7
74,$4005_sweep,0
74,$4004_duty,0
74,$4004_const,1
74,$4004_vol,0
74,$4001_sweep,0
74,$4000_duty,0
74,$4000_const,1
74,$4000_vol,0
75,$400E_period,13
75,$400E_mode,0
75,$400C_const,1
75,$400C_vol,5
75,$4008_linear,7
75,$4005_sweep,0
75,$4004_duty,0
75,$4004_const,1
75,$4004_vol,0
75,$4001_sweep,0
75,$4000_duty,0
75,$4000_const,1
75,$4000_vol,0
76,$400E_period,13
76,$400E_mode,0
76,$400C_const,1
76,$400C_vol,5
76,$4008_linear,7
76,$4005_sweep,0
76,$4004_duty,0
76,$4004_const,1
76,$4004_vol,0
76,$4001_sweep,0
76,$4000_duty,0
76,$4000_const,1
76,$4000_vol,0
77,$400E_period,13
77,$400E_mode,0
77,$400C_const,1
77,$400C_vol,5
77,$400A_period,1537
77,$400B_length,3
77,$4008_linear,7
77,$4005_sweep,0
77,$4004_duty,0
77,$4004_const,1
77,$4004_vol,0
77,$4001_sweep,0
77,$4000_duty,0
77,$4000_const,1
77,$4000_vol,0
78,$400E_period,13
78,$400E_mode,0
78,$400C_const,1
78,$400C_vol,5
78,$4008_linear,7
78,$4005_sweep,0
78,$4004_duty,0
78,$4004_const,1
78,$4004_vol,0
78,$4001_sweep,0
78,$4000_duty,0
78,$4000_const,1
78,$4000_vol,0
79,$400E_period,13
79,$400E_mode,0
79,$400C_const,1
79,$400C_vol,5
79,$4008_linear,7
79,$4005_sweep,0
79,$4004_duty,0
79,$4004_const,1
79,$4004_vol,0
79,$4001_sweep,0
79,$4000_duty,0
79,$4000_const,1
79,$4000_vol,0
80,$400E_period,13
80,$400E_mode,0
80,$400C_const,1
80,$400C_vol,5
80,$4008_linear,7
80,$4005_sweep,0
80,$4004_duty,0
80,$4004_const,1
80,$4004_vol,0
80,$4001_sweep,0
80,$4000_duty,0
80,$4000_const,1
80,$4000_vol,0
81,$400E_period,13
81,$400E_mode,0
81,$400C_const,1
81,$400C_vol,5
81,$4008_linear,7
81,$4005_sweep,0
81,$4004_duty,0
81,$4004_const,1
81,$4004_vol,0
81,$4001_sweep,0
81,$4000_duty,0
81,$4000_const,1
81,$4000_vol,0
82,$400E_period,13
82,$400E_mode,0
82,$400C_const,1
82,$400C_vol,5
82,$400A_period,2547
82,$400B_length,4
82,$4008_linear,7
82,$4005_sweep,0
82,$4004_duty,0
82,$4004_const,1
82,$4004_vol,0
82,$4001_sweep,0
82,$4000_duty,0
82,$4000_const,1
82,$4000_vol,0
83,$400E_period,13
83,$400E_mode,0
83,$400C_const,1
83,$400C_vol,5
83,$4008_linear,7
83,$4005_sweep,0
83,$4004_duty,0
83,$4004_const,1
83,$4004_vol,0
83,$4001_sweep,0
83,$4000_duty,0
83,$4000_const,1
83,$4000_vol,0
84,$400E_period,13
84,$400E_mode,0
84,$400C_const,1
84,$400C_vol,5
84,$4008_linear,7
84,$4005_sweep,0
84,$4004_duty,0
84,$4004_const,1
84,$4004_vol,0
84,$4001_sweep,0
84,$4000_duty,0
84,$4000_const,1
84,$4000_vol,0
85,$400E_period,13
85,$400E_mode,0
85,$400C_const,1
85,$400C_vol,5
85,$4008_linear,7
85,$4005_sweep,0
85,$4004_duty,0
85,$4004_const,1
85,$4004_vol,0
85,$4001_sweep,0
85,$4000_duty,0
85,$4000_const,1
85,$4000_vol,0
86,$400E_period,13
86,$400E_mode,0
86,$400C_const,1
86,$400C_vol,5
86,$4008_linear,7
86,$4005_sweep,0
86,$4004_duty,0
86,$4004_const,1
86,$4004_vol,0
86,$4001_sweep,0
86,$4000_duty,0
86,$4000_const,1
86,$4000_vol,0
87,$400E_period,13
87,$400E_mode,0
87,$400C_const,1
87,$400C_vol,5
87,$400A_period,1537
87,$400B_length,3
87,$4008_linear,7
87,$4005_sweep,0
87,$4004_duty,0
87,$4004_const,1
87,$4004_vol,0
87,$4001_sweep,0
87,$4000_duty,0
87,$4000_const,1
87,$4000_vol,0
88,$400E_period,13
88,$400E_mode,0
88,$400C_const,1
88,$400C_vol,5
88,$4008_linear,7
88,$4005_sweep,0
88,$4004_duty,0
88,$4004_const,1
88,$4004_vol,0
88,$4001_sweep,0
88,$4000_duty,0
88,$4000_const,1
88,$4000_vol,0
89,$400E_period,13
89,$400E_mode,0
89,$400C_const,1
89,$400C_vol,5
89,$4008_linear,7
89,$4005_sweep,0
89,$4004_duty,0
89,$4004_const,1
89,$4004_vol,0
89,$4001_sweep,0
89,$4000_duty,0
89,$4000_const,1
89,$4000_vol,0
90,$400E_period,13
90,$400E_mode,0
90,$400C_const,1
90,$400C_vol,5
90,$4008_linear,7
90,$4005_sweep,0
90,$4004_duty,0
90,$4004_const,1
90,$4004_vol,0
90,$4001_sweep,0
90,$4000_duty,0
90,$4000_const,1
90,$4000_vol,0
91,$400E_period,13
91,$400E_mode,0
91,$400C_const,1
91,$400C_vol,5
91,$400A_period,1011
91,$400B_length,1
91,$4008_linear,7
91,$4005_sweep,0
91,$4004_duty,0
91,$4004_const,1
91,$4004_vol,0
91,$4001_sweep,0
91,$4000_duty,0
91,$4000_const,1
91,$4000_vol,0
92,$400E_period,13
92,$400E_mode,0
92,$400C_const,1
92,$400C_vol,5
92,$400A_period,2043
92,$400B_length,3
92,$4008_linear,7
92,$4005_sweep,0
92,$4004_duty,0
92,$4004_const,1
92,$4004_vol,0
92,$4001_sweep,0
92,$4000_duty,0
92,$4000_const,1
92,$4000_vol,0
93,$400E_period,13
93,$400E_mode,0
93,$400C_const,1
93,$400C_vol,5
93,$4008_linear,7
93,$4005_sweep,0
93,$4004_duty,0
93,$4004_const,1
93,$4004_vol,0
93,$4001_sweep,0
93,$4000_duty,0
93,$4000_const,1
93,$4000_vol,0
94,$400E_period,13
94,$400E_mode,0
94,$400C_const,1
94,$400C_vol,5
94,$4008_linear,7
94,$4005_sweep,0
94,$4004_duty,0
94,$4004_const,1
94,$4004_vol,0
94,$4001_sweep,0
94,$4000_duty,0
94,$4000_const,1
94,$4000_vol,0
95,$400E_period,13
95,$400E_mode,0
95,$400C_const,1
95,$400C_vol,5
95,$4008_linear,7
95,$4005_sweep,0
95,$4004_duty,0
95,$4004_const,1
95,$4004_vol,0
95,$4001_sweep,0
95,$4000_duty,0
95,$4000_const,1
95,$4000_vol,0
96,$400E_period,13
96,$400E_mode,0
96,$400C_const,1
96,$400C_vol,5
96,$4008_linear,7
96,$4005_sweep,0
96,$4004_duty,0
96,$4004_const,1
96,$4004_vol,0
96,$4001_sweep,0
96,$4000_duty,0
96,$4000_const,1
96,$4000_vol,0
97,$400E_period,13
97,$400E_mode,0
97,$400C_const,1
97,$400C_vol,5
97,$4008_linear,7
97,$4005_sweep,0
97,$4004_duty,0
97,$4004_const,1
97,$4004_vol,0
97,$4001_sweep,0
97,$4000_duty,0
97,$4000_const,1
97,$4000_vol,0
98,$400E_period,13
98,$400E_mode,0
98,$400C_const,1
98,$400C_vol,5
98,$4008_linear,7
98,$4005_sweep,0
98,$4004_duty,0
98,$4004_const,1
98,$4004_vol,0
98,$4001_sweep,0
98,$4000_duty,0
98,$4000_const,1
98,$4000_vol,0
99,$400E_period,13
99,$400E_mode,0
99,$400C_const,1
99,$400C_vol,5
99,$4008_linear,7
99,$4005_sweep,0
99,$4004_duty,0
99,$4004_const,1
99,$4004_vol,0
99,$4001_sweep,0
99,$4000_duty,0
99,$4000_const,1
99,$4000_vol,0
100,$400E_period,13
100,$400E_mode,0
100,$400C_const,1
100,$400C_vol,5
100,$4008_linear,7
100,$4005_sweep,0
100,$4004_duty,0
100,$4004_const,1
100,$4004_vol,0
100,$4001_sweep,0
100,$4000_duty,0
100,$4000_const,1
100,$4000_vol,0
101,$400E_period,13
101,$400E_mode,0
101,$400C_const,1
101,$400C_vol,5
101,$4008_linear,7
101,$4005_sweep,0
101,$4004_duty,0
101,$4004_const,1
101,$4004_vol,0
101,$4001_sweep,0
101,$4000_duty,0
101,$4000_const,1
101,$4000_vol,0
102,$400E_period,13
102,$400E_mode,0
102,$400C_const,1
102,$400C_vol,5
102,$4008_linear,7
102,$4005_sweep,0
102,$4004_duty,0
102,$4004_const,1
102,$4004_vol,0
102,$4001_sweep,0
102,$4000_duty,0
102,$4000_const,1
102,$4000_vol,0
103,$400E_period,13
103,$400E_mode,0
103,$400C_const,1
103,$400C_vol,5
103,$4008_linear,7
103,$4005_sweep,0
103,$4004_duty,0
103,$4004_const,1
103,$4004_vol,0
103,$4001_sweep,0
103,$4000_duty,0
103,$4000_const,1
103,$4000_vol,0
104,$400E_period,13
104,$400E_mode,0
104,$400C_const,1
104,$400C_vol,5
104,$4008_linear,7
104,$4005_sweep,0
104,$4004_duty,0
104,$4004_const,1
104,$4004_vol,0
104,$4001_sweep,0
104,$4000_duty,0
104,$4000_const,1
104,$4000_vol,0
105,$400E_period,13
105,$400E_mode,0
105,$400C_const,1
105,$400C_vol,5
105,$4008_linear,7
105,$4005_sweep,0
105,$4004_duty,0
105,$4004_const,1
105,$4004_vol,0
105,$4001_sweep,0
105,$4000_duty,0
105,$4000_const,1
105,$4000_vol,0
106,$400E_period,13
106,$400E_mode,0
106,$400C_const,1
106,$400C_vol,5
106,$400A_period,2547
106,$400B_length,4
106,$4008_linear,7
106,$4005_sweep,0
106,$4004_duty,0
106,$4004_const,1
106,$4004_vol,0
106,$4001_sweep,0
106,$4000_duty,0
106,$4000_const,1
106,$4000_vol,0
107,$400E_period,13
107,$400E_mode,0
107,$400C_const,1
107,$400C_vol,5
107,$4008_linear,7
107,$4005_sweep,0
107,$4004_duty,0
107,$4004_const,1
107,$4004_vol,0
107,$4001_sweep,0
107,$4000_duty,0
107,$4000_const,1
107,$4000_vol,0
108,$400E_period,13
108,$400E_mode,0
108,$400C_const,1
108,$400C_vol,5
108,$4008_linear,7
108,$4005_sweep,0
108,$4004_duty,0
108,$4004_const,1
108,$4004_vol,0
108,$4001_sweep,0
108,$4000_duty,0
108,$4000_const,1
108,$4000_vol,0
109,$400E_period,13
109,$400E_mode,0
109,$400C_const,1
109,$400C_vol,5
109,$4008_linear,7
109,$4005_sweep,0
109,$4004_duty,0
109,$4004_const,1
109,$4004_vol,0
109,$4001_sweep,0
109,$4000_duty,0
109,$4000_const,1
109,$4000_vol,0
110,$400E_period,13
110,$400E_mode,0
110,$400C_const,1
110,$400C_vol,5
110,$4008_linear,7
110,$4005_sweep,0
110,$4004_duty,0
110,$4004_const,1
110,$4004_vol,0
110,$4001_sweep,0
110,$4000_duty,0
110,$4000_const,1
110,$4000_vol,0
111,$400E_period,13
111,$400E_mode,0
111,$400C_const,1
111,$400C_vol,5
111,$400A_period,1537
111,$400B_length,3
111,$4008_linear,7
111,$4005_sweep,0
111,$4004_duty,0
111,$4004_const,1
111,$4004_vol,0
111,$4001_sweep,0
111,$4000_duty,0
111,$4000_const,1
111,$4000_vol,0
112,$400E_period,13
112,$400E_mode,0
112,$400C_const,1
112,$400C_vol,5
112,$4008_linear,7
112,$4005_sweep,0
112,$4004_duty,0
112,$4004_const,1
112,$4004_vol,0
112,$4001_sweep,0
112,$4000_duty,0
112,$4000_const,1
112,$4000_vol,0
113,$400E_period,13
113,$400E_mode,0
113,$400C_const,1
113,$400C_vol,5
113,$4008_linear,7
113,$4005_sweep,0
113,$4004_duty,0
113,$4004_const,1
113,$4004_vol,0
113,$4001_sweep,0
113,$4000_duty,0
113,$4000_const,1
113,$4000_vol,0
114,$400E_period,13
114,$400E_mode,0
114,$400C_const,1
114,$400C_vol,5
114,$4008_linear,7
114,$4005_sweep,0
114,$4004_duty,0
114,$4004_const,1
114,$4004_vol,0
114,$4001_sweep,0
114,$4000_duty,0
114,$4000_const,1
114,$4000_vol,0
115,$400E_period,13
115,$400E_mode,0
115,$400C_const,1
115,$400C_vol,5
115,$4008_linear,7
115,$4005_sweep,0
115,$4004_duty,0
115,$4004_const,1
115,$4004_vol,0
115,$4001_sweep,0
115,$4000_duty,0
115,$4000_const,1
115,$4000_vol,0
116,$400E_period,13
116,$400E_mode,0
116,$400C_const,1
116,$400C_vol,5
116,$400A_period,2547
116,$400B_length,4
116,$4008_linear,7
116,$4005_sweep,0
116,$4004_duty,0
116,$4004_const,1
116,$4004_vol,0
116,$4001_sweep,0
116,$4000_duty,0
116,$4000_const,1
116,$4000_vol,0
117,$400E_period,13
117,$400E_mode,0
117,$400C_const,1
117,$400C_vol,5
117,$4008_linear,7
117,$4005_sweep,0
117,$4004_duty,0
117,$4004_const,1
117,$4004_vol,0
117,$4001_sweep,0
117,$4000_duty,0
117,$4000_const,1
117,$4000_vol,0
118,$400E_period,13
118,$400E_mode,0
118,$400C_const,1
118,$400C_vol,5
118,$4008_linear,7
118,$4005_sweep,0
118,$4004_duty,0
118,$4004_const,1
118,$4004_vol,0
118,$4001_sweep,0
118,$4000_duty,0
118,$4000_const,1
118,$4000_vol,0
119,$400E_period,13
119,$400E_mode,0
119,$400C_const,1
119,$400C_vol,5
119,$4008_linear,7
119,$4005_sweep,0
119,$4004_duty,0
119,$4004_const,1
119,$4004_vol,0
119,$4001_sweep,0
119,$4000_duty,0
119,$4000_const,1
119,$4000_vol,0
120,$400E_period,13
120,$400E_mode,0
120,$400C_const,1
120,$400C_vol,5
120,$4008_linear,7
120,$4005_sweep,0
120,$4004_duty,0
120,$4004_const,1
120,$4004_vol,0
120,$4001_sweep,0
120,$4000_duty,0
120,$4000_const,1
120,$4000_vol,0
121,$400E_period,13
121,$400E_mode,0
121,$400C_const,1
121,$400C_vol,5
121,$400A_period,1537
121,$400B_length,3
121,$4008_linear,7
121,$4005_sweep,0
121,$4004_duty,0
121,$4004_const,1
121,$4004_vol,0
121,$4001_sweep,0
121,$4000_duty,0
121,$4000_const,1
121,$4000_vol,0
122,$400E_period,13
122,$400E_mode,0
122,$400C_const,1
122,$400C_vol,5
122,$4008_linear,7
122,$4005_sweep,0
122,$4004_duty,0
122,$4004_const,1
122,$4004_vol,0
122,$4001_sweep,0
122,$4000_duty,0
122,$4000_const,1
122,$4000_vol,0
123,$400E_period,13
123,$400E_mode,0
123,$400C_const,1
123,$400C_vol,5
123,$4008_linear,7
123,$4005_sweep,0
123,$4004_duty,0
123,$4004_const,1
123,$4004_vol,0
123,$4001_sweep,0
123,$4000_duty,0
123,$4000_const,1
123,$4000_vol,0
124,$400E_period,13
124,$400E_mode,0
124,$400C_const,1
124,$400C_vol,5
124,$4008_linear,7
124,$4005_sweep,0
124,$4004_duty,0
124,$4004_const,1
124,$4004_vol,0
124,$4001_sweep,0
124,$4000_duty,0
124,$4000_const,1
124,$4000_vol,0
125,$400E_period,13
125,$400E_mode,0
125,$400C_const,1
125,$400C_vol,5
125,$4008_linear,7
125,$4005_sweep,0
125,$4004_duty,0
125,$4004_const,1
125,$4004_vol,0
125,$4001_sweep,0
125,$4000_duty,0
125,$4000_const,1
125,$4000_vol,0
126,$400E_period,13
126,$400E_mode,0
126,$400C_const,1
126,$400C_vol,5
126,$400A_period,2547
126,$400B_length,4
126,$4008_linear,7
126,$4005_sweep,0
126,$4004_duty,0
126,$4004_const,1
126,$4004_vol,0
126,$4001_sweep,0
126,$4000_duty,0
126,$4000_const,1
126,$4000_vol,0
127,$400E_period,13
127,$400E_mode,0
127,$400C_const,1
127,$400C_vol,5
127,$4008_linear,7
127,$4005_sweep,0
127,$4004_duty,0
127,$4004_const,1
127,$4004_vol,0
127,$4001_sweep,0
127,$4000_duty,0
127,$4000_const,1
127,$4000_vol,0
128,$400E_period,13
128,$400E_mode,0
128,$400C_const,1
128,$400C_vol,5
128,$4008_linear,7
128,$4005_sweep,0
128,$4004_duty,0
128,$4004_const,1
128,$4004_vol,0
128,$4001_sweep,0
128,$4000_duty,0
128,$4000_const,1
128,$4000_vol,0
129,$400E_period,13
129,$400E_mode,0
129,$400C_const,1
129,$400C_vol,5
129,$4008_linear,7
129,$4005_sweep,0
129,$4004_duty,0
129,$4004_const,1
129,$4004_vol,0
129,$4001_sweep,0
129,$4000_duty,0
129,$4000_const,1
129,$4000_vol,0
130,$400E_period,13
130,$400E_mode,0
130,$400C_const,1
130,$400C_vol,5
130,$4008_linear,7
130,$4005_sweep,0
130,$4004_duty,0
130,$4004_const,1
130,$4004_vol,0
130,$4001_sweep,0
130,$4000_duty,0
130,$4000_const,1
130,$4000_vol,0
131,$400E_period,13
131,$400E_mode,0
131,$400C_const,1
131,$400C_vol,5
131,$400A_period,1537
131,$400B_length,3
131,$4008_linear,7
131,$4005_sweep,0
131,$4004_duty,0
131,$4004_const,1
131,$4004_vol,0
131,$4001_sweep,0
131,$4000_duty,0
131,$4000_const,1
131,$4000_vol,0
132,$400E_period,13
132,$400E_mode,0
132,$400C_const,1
132,$400C_vol,5
132,$4008_linear,7
132,$4005_sweep,0
132,$4004_duty,0
132,$4004_const,1
132,$4004_vol,0
132,$4001_sweep,0
132,$4000_duty,0
132,$4000_const,1
132,$4000_vol,0
133,$400E_period,13
133,$400E_mode,0
133,$400C_const,1
133,$400C_vol,5
133,$4008_linear,7
133,$4005_sweep,0
133,$4004_duty,0
133,$4004_const,1
133,$4004_vol,0
133,$4001_sweep,0
133,$4000_duty,0
133,$4000_const,1
133,$4000_vol,0
134,$400E_period,13
134,$400E_mode,0
134,$400C_const,1
134,$400C_vol,5
134,$4008_linear,7
134,$4005_sweep,0
134,$4004_duty,0
134,$4004_const,1
134,$4004_vol,0
134,$4001_sweep,0
134,$4000_duty,0
134,$4000_const,1
134,$4000_vol,0
135,$400E_period,13
135,$400E_mode,0
135,$400C_const,1
135,$400C_vol,5
135,$4008_linear,7
135,$4005_sweep,0
135,$4004_duty,0
135,$4004_const,1
135,$4004_vol,0
135,$4001_sweep,0
135,$4000_duty,0
135,$4000_const,1
135,$4000_vol,0
136,$400E_period,13
136,$400E_mode,0
136,$400C_const,1
136,$400C_vol,5
136,$400A_period,2547
136,$400B_length,4
136,$4008_linear,7
136,$4005_sweep,0
136,$4004_duty,0
136,$4004_const,1
136,$4004_vol,0
136,$4001_sweep,0
136,$4000_duty,0
136,$4000_const,1
136,$4000_vol,0
137,$400E_period,13
137,$400E_mode,0
137,$400C_const,1
137,$400C_vol,5
137,$4008_linear,7
137,$4005_sweep,0
137,$4004_duty,0
137,$4004_const,1
137,$4004_vol,0
137,$4001_sweep,0
137,$4000_duty,0
137,$4000_const,1
137,$4000_vol,0
138,$400E_period,13
138,$400E_mode,0
138,$400C_const,1
138,$400C_vol,5
138,$4008_linear,7
138,$4005_sweep,0
138,$4004_duty,0
138,$4004_const,1
138,$4004_vol,0
138,$4001_sweep,0
138,$4000_duty,0
138,$4000_const,1
138,$4000_vol,0
139,$400E_period,13
139,$400E_mode,0
139,$400C_const,1
139,$400C_vol,5
139,$4008_linear,7
139,$4005_sweep,0
139,$4004_duty,0
139,$4004_const,1
139,$4004_vol,0
139,$4001_sweep,0
139,$4000_duty,0
139,$4000_const,1
139,$4000_vol,0
140,$400E_period,13
140,$400E_mode,0
140,$400C_const,1
140,$400C_vol,5
140,$4008_linear,7
140,$4005_sweep,0
140,$4004_duty,0
140,$4004_const,1
140,$4004_vol,0
140,$4001_sweep,0
140,$4000_duty,0
140,$4000_const,1
140,$4000_vol,0
141,$400E_period,13
141,$400E_mode,0
141,$400C_const,1
141,$400C_vol,5
141,$400A_period,1537
141,$400B_length,3
141,$4008_linear,7
141,$4005_sweep,0
141,$4004_duty,0
141,$4004_const,1
141,$4004_vol,0
141,$4001_sweep,0
141,$4000_duty,0
141,$4000_const,1
141,$4000_vol,0
142,$400E_period,13
142,$400E_mode,0
142,$400C_const,1
142,$400C_vol,5
142,$4008_linear,7
142,$4005_sweep,0
142,$4004_duty,0
142,$4004_const,1
142,$4004_vol,0
142,$4001_sweep,0
142,$4000_duty,0
142,$4000_const,1
142,$4000_vol,0
143,$400E_period,13
143,$400E_mode,0
143,$400C_const,1
143,$400C_vol,5
143,$4008_linear,7
143,$4005_sweep,0
143,$4004_duty,0
143,$4004_const,1
143,$4004_vol,0
143,$4001_sweep,0
143,$4000_duty,0
143,$4000_const,1
143,$4000_vol,0
144,$400E_period,13
144,$400E_mode,0
144,$400C_const,1
144,$400C_vol,5
144,$4008_linear,7
144,$4005_sweep,0
144,$4004_duty,0
144,$4004_const,1
144,$4004_vol,0
144,$4001_sweep,0
144,$4000_duty,0
144,$4000_const,1
144,$4000_vol,0
145,$400E_period,13
145,$400E_mode,0
145,$400C_const,1
145,$400C_vol,5
145,$4008_linear,7
145,$4005_sweep,0
145,$4004_duty,0
145,$4004_const,1
145,$4004_vol,0
145,$4001_sweep,0
145,$4000_duty,0
145,$4000_const,1
145,$4000_vol,0
146,$400E_period,13
146,$400E_mode,0
146,$400C_const,1
146,$400C_vol,5
146,$400A_period,2547
146,$400B_length,4
146,$4008_linear,7
146,$4005_sweep,0
146,$4004_duty,0
146,$4004_const,1
146,$4004_vol,0
146,$4001_sweep,0
146,$4000_duty,0
146,$4000_const,1
146,$4000_vol,0
147,$400E_period,13
147,$400E_mode,0
147,$400C_const,1
147,$400C_vol,5
147,$4008_linear,7
147,$4005_sweep,0
147,$4004_duty,0
147,$4004_const,1
147,$4004_vol,0
147,$4001_sweep,0
147,$4000_duty,0
147,$4000_const,1
147,$4000_vol,0
148,$400E_period,13
148,$400E_mode,0
148,$400C_const,1
148,$400C_vol,5
148,$4008_linear,7
148,$4005_sweep,0
148,$4004_duty,0
148,$4004_const,1
148,$4004_vol,0
148,$4001_sweep,0
148,$4000_duty,0
148,$4000_const,1
148,$4000_vol,0
149,$400E_period,13
149,$400E_mode,0
149,$400C_const,1
149,$400C_vol,5
149,$4008_linear,7
149,$4005_sweep,0
149,$4004_duty,0
149,$4004_const,1
149,$4004_vol,0
149,$4001_sweep,0
149,$4000_duty,0
149,$4000_const,1
149,$4000_vol,0
150,$400E_period,13
150,$400E_mode,0
150,$400C_const,1
150,$400C_vol,5
150,$4008_linear,7
150,$4005_sweep,0
150,$4004_duty,0
150,$4004_const,1
150,$4004_vol,0
150,$4001_sweep,0
150,$4000_duty,0
150,$4000_const,1
150,$4000_vol,0
151,$400E_period,13
151,$400E_mode,0
151,$400C_const,1
151,$400C_vol,5
151,$400A_period,1537
151,$400B_length,3
151,$4008_linear,7
151,$4005_sweep,0
151,$4004_duty,0
151,$4004_const,1
151,$4004_vol,0
151,$4001_sweep,0
151,$4000_duty,0
151,$4000_const,1
151,$4000_vol,0
152,$400E_period,13
152,$400E_mode,0
152,$400C_const,1
152,$400C_vol,5
152,$4008_linear,7
152,$4005_sweep,0
152,$4004_duty,0
152,$4004_const,1
152,$4004_vol,0
152,$4001_sweep,0
152,$4000_duty,0
152,$4000_const,1
152,$4000_vol,0
153,$400E_period,13
153,$400E_mode,0
153,$400C_const,1
153,$400C_vol,5
153,$4008_linear,7
153,$4005_sweep,0
153,$4004_duty,0
153,$4004_const,1
153,$4004_vol,0
153,$4001_sweep,0
153,$4000_duty,0
153,$4000_const,1
153,$4000_vol,0
154,$400E_period,13
154,$400E_mode,0
154,$400C_const,1
154,$400C_vol,5
154,$4008_linear,7
154,$4005_sweep,0
154,$4004_duty,0
154,$4004_const,1
154,$4004_vol,0
154,$4001_sweep,0
154,$4000_duty,0
154,$4000_const,1
154,$4000_vol,0
155,$400E_period,13
155,$400E_mode,0
155,$400C_const,1
155,$400C_vol,5
155,$4008_linear,7
155,$4005_sweep,0
155,$4004_duty,0
155,$4004_const,1
155,$4004_vol,0
155,$4001_sweep,0
155,$4000_duty,0
155,$4000_const,1
155,$4000_vol,0
156,$400E_period,13
156,$400E_mode,0
156,$400C_const,1
156,$400C_vol,5
156,$400A_period,2547
156,$400B_length,4
156,$4008_linear,7
156,$4005_sweep,0
156,$4004_duty,0
156,$4004_const,1
156,$4004_vol,0
156,$4001_sweep,0
156,$4000_duty,0
156,$4000_const,1
156,$4000_vol,0
157,$400E_period,13
157,$400E_mode,0
157,$400C_const,1
157,$400C_vol,5
157,$4008_linear,7
157,$4005_sweep,0
157,$4004_duty,0
157,$4004_const,1
157,$4004_vol,0
157,$4001_sweep,0
157,$4000_duty,0
157,$4000_const,1
157,$4000_vol,0
158,$400E_period,13
158,$400E_mode,0
158,$400C_const,1
158,$400C_vol,5
158,$4008_linear,7
158,$4005_sweep,0
158,$4004_duty,0
158,$4004_const,1
158,$4004_vol,0
158,$4001_sweep,0
158,$4000_duty,0
158,$4000_const,1
158,$4000_vol,0
159,$400E_period,13
159,$400E_mode,0
159,$400C_const,1
159,$400C_vol,5
159,$4008_linear,7
159,$4005_sweep,0
159,$4004_duty,0
159,$4004_const,1
159,$4004_vol,0
159,$4001_sweep,0
159,$4000_duty,0
159,$4000_const,1
159,$4000_vol,0
160,$400E_period,13
160,$400E_mode,0
160,$400C_const,1
160,$400C_vol,5
160,$4008_linear,7
160,$4005_sweep,0
160,$4004_duty,0
160,$4004_const,1
160,$4004_vol,0
160,$4001_sweep,0
160,$4000_duty,0
160,$4000_const,1
160,$4000_vol,0
161,$400E_period,13
161,$400E_mode,0
161,$400C_const,1
161,$400C_vol,5
161,$400A_period,1537
161,$400B_length,3
161,$4008_linear,7
161,$4005_sweep,0
161,$4004_duty,0
161,$4004_const,1
161,$4004_vol,0
161,$4001_sweep,0
161,$4000_duty,0
161,$4000_const,1
161,$4000_vol,0
162,$400E_period,13
162,$400E_mode,0
162,$400C_const,1
162,$400C_vol,0
162,$4008_linear,0
162,$4005_sweep,0
162,$4004_duty,0
162,$4004_const,1
162,$4004_vol,0
162,$4001_sweep,0
162,$4000_duty,2
162,$4000_const,1
162,$4000_vol,0
163,$400E_period,13
163,$400E_mode,0
163,$400C_const,1
163,$400C_vol,4
163,$4008_linear,0
163,$4005_sweep,0
163,$4004_duty,0
163,$4004_const,1
163,$4004_vol,0
163,$4001_sweep,0
163,$4000_duty,2
163,$4000_const,1
163,$4000_vol,2
164,$400E_period,13
164,$400E_mode,0
164,$400C_const,1
164,$400C_vol,4
164,$4008_linear,0
164,$4005_sweep,0
164,$4004_duty,0
164,$4004_const,1
164,$4004_vol,0
164,$4001_sweep,0
164,$4000_duty,2
164,$4000_const,1
164,$4000_vol,2
165,$400E_period,13
165,$400E_mode,0
165,$400C_const,1
165,$400C_vol,4
165,$4008_linear,0
165,$4005_sweep,0
165,$4004_duty,2
165,$4004_const,1
165,$4004_vol,0
165,$4001_sweep,0
165,$4000_duty,2
165,$4000_const,1
165,$4000_vol,2
166,$400E_period,13
166,$400E_mode,0
166,$400C_const,1
166,$400C_vol,4
166,$4008_linear,0
166,$4005_sweep,0
166,$4004_duty,2
166,$4004_const,1
166,$4004_vol,2
166,$4001_sweep,0
166,$4000_duty,2
166,$4000_const,1
166,$4000_vol,1
167,$400E_period,13
167,$400E_mode,0
167,$400C_const,1
167,$400C_vol,4
167,$4008_linear,0
167,$4005_sweep,0
167,$4004_duty,2
167,$4004_const,1
167,$4004_vol,2
167,$4001_sweep,0
167,$4000_duty,2
167,$4000_const,1
167,$4000_vol,1
168,$400E_period,13
168,$400E_mode,0
168,$400C_const,1
168,$400C_vol,4
168,$4008_linear,0
168,$4005_sweep,0
168,$4004_duty,2
168,$4004_const,1
168,$4004_vol,2
168,$4001_sweep,0
168,$4000_duty,2
168,$4000_const,1
168,$4000_vol,0
169,$400E_period,13
169,$400E_mode,0
169,$400C_const,1
169,$400C_vol,4
169,$4008_linear,0
169,$4005_sweep,0
169,$4004_duty,2
169,$4004_const,1
169,$4004_vol,1
169,$4001_sweep,0
169,$4000_duty,2
169,$4000_const,1
169,$4000_vol,2
170,$400E_period,13
170,$400E_mode,0
170,$400C_const,1
170,$400C_vol,4
170,$4008_linear,0
170,$4005_sweep,0
170,$4004_duty,2
170,$4004_const,1
170,$4004_vol,1
170,$4001_sweep,0
170,$4000_duty,2
170,$4000_const,1
170,$4000_vol,2
171,$400E_period,13
171,$400E_mode,0
171,$400C_const,1
171,$400C_vol,4
171,$4008_linear,0
171,$4005_sweep,0
171,$4004_duty,2
171,$4004_const,1
171,$4004_vol,0
171,$4001_sweep,0
171,$4000_duty,2
171,$4000_const,1
171,$4000_vol,2
172,$400E_period,13
172,$400E_mode,0
172,$400C_const,1
172,$400C_vol,4
172,$4008_linear,0
172,$4005_sweep,0
172,$4004_duty,2
172,$4004_const,1
172,$4004_vol,2
172,$4001_sweep,0
172,$4000_duty,2
172,$4000_const,1
172,$4000_vol,1
173,$400E_period,13
173,$400E_mode,0
173,$400C_const,1
173,$400C_vol,4
173,$4008_linear,0
173,$4005_sweep,0
173,$4004_duty,2
173,$4004_const,1
173,$4004_vol,2
173,$4001_sweep,0
173,$4000_duty,2
173,$4000_const,1
173,$4000_vol,1
174,$400E_period,13
174,$400E_mode,0
174,$400C_const,1
174,$400C_vol,4
174,$4008_linear,0
174,$4005_sweep,0
174,$4004_duty,2
174,$4004_const,1
174,$4004_vol,2
174,$4001_sweep,0
174,$4000_duty,2
174,$4000_const,1
174,$4000_vol,0
175,$400E_period,13
175,$400E_mode,0
175,$400C_const,1
175,$400C_vol,4
175,$4008_linear,0
175,$4005_sweep,0
175,$4004_duty,2
175,$4004_const,1
175,$4004_vol,1
175,$4001_sweep,0
175,$4000_duty,2
175,$4000_const,1
175,$4000_vol,3
176,$400E_period,13
176,$400E_mode,0
176,$400C_const,1
176,$400C_vol,4
176,$4008_linear,0
176,$4005_sweep,0
176,$4004_duty,2
176,$4004_const,1
176,$4004_vol,1
176,$4001_sweep,0
176,$4000_duty,2
176,$4000_const,1
176,$4000_vol,2
177,$400E_period,13
177,$400E_mode,0
177,$400C_const,1
177,$400C_vol,4
177,$4008_linear,0
177,$4005_sweep,0
177,$4004_duty,2
177,$4004_const,1
177,$4004_vol,0
177,$4001_sweep,0
177,$4000_duty,2
177,$4000_const,1
177,$4000_vol,2
178,$400E_period,13
178,$400E_mode,0
178,$400C_const,1
178,$400C_vol,4
178,$4008_linear,0
178,$4005_sweep,0
178,$4004_duty,2
178,$4004_const,1
178,$4004_vol,3
178,$4001_sweep,0
178,$4000_duty,2
178,$4000_const,1
178,$4000_vol,2
179,$400E_period,13
179,$400E_mode,0
179,$400C_const,1
179,$400C_vol,4
179,$4008_linear,0
179,$4005_sweep,0
179,$4004_duty,2
179,$4004_const,1
179,$4004_vol,2
179,$4001_sweep,0
179,$4000_duty,2
179,$4000_const,1
179,$4000_vol,2
180,$400E_period,13
180,$400E_mode,0
180,$400C_const,1
180,$400C_vol,4
180,$4008_linear,0
180,$4005_sweep,0
180,$4004_duty,2
180,$4004_const,1
180,$4004_vol,2
180,$4001_sweep,0
180,$4000_duty,2
180,$4000_const,1
180,$4000_vol,0
181,$400E_period,13
181,$400E_mode,0
181,$400C_const,1
181,$400C_vol,4
181,$4008_linear,0
181,$4005_sweep,0
181,$4004_duty,2
181,$4004_const,1
181,$4004_vol,2
181,$4001_sweep,0
181,$4000_duty,2
181,$4000_const,1
181,$4000_vol,3
182,$400E_period,13
182,$400E_mode,0
182,$400C_const,1
182,$400C_vol,4
182,$4008_linear,0
182,$4005_sweep,0
182,$4004_duty,2
182,$4004_const,1
182,$4004_vol,2
182,$4001_sweep,0
182,$4000_duty,2
182,$4000_const,1
182,$4000_vol,2
183,$400E_period,13
183,$400E_mode,0
183,$400C_const,1
183,$400C_vol,4
183,$4008_linear,0
183,$4005_sweep,0
183,$4004_duty,2
183,$4004_const,1
183,$4004_vol,0
183,$4001_sweep,0
183,$4000_duty,2
183,$4000_const,1
183,$4000_vol,2
184,$400E_period,13
184,$400E_mode,0
184,$400C_const,1
184,$400C_vol,4
184,$4008_linear,0
184,$4005_sweep,0
184,$4004_duty,2
184,$4004_const,1
184,$4004_vol,3
184,$4001_sweep,0
184,$4000_duty,2
184,$4000_const,1
184,$4000_vol,2
185,$400E_period,13
185,$400E_mode,0
185,$400C_const,1
185,$400C_vol,4
185,$4008_linear,0
185,$4005_sweep,0
185,$4004_duty,2
185,$4004_const,1
185,$4004_vol,2
185,$4001_sweep,0
185,$4000_duty,2
185,$4000_const,1
185,$4000_vol,2
186,$400E_period,13
186,$400E_mode,0
186,$400C_const,1
186,$400C_vol,0
186,$4008_linear,0
186,$4005_sweep,0
186,$4004_duty,2
186,$4004_const,1
186,$4004_vol,2
186,$4001_sweep,0
186,$4000_duty,2
186,$4000_const,1
186,$4000_vol,0
187,$400E_period,13
187,$400E_mode,0
187,$400C_const,1
187,$400C_vol,3
187,$4008_linear,0
187,$4005_sweep,0
187,$4004_duty,2
187,$4004_const,1
187,$4004_vol,2
187,$4001_sweep,0
187,$4000_duty,2
187,$4000_const,1
187,$4000_vol,4
188,$400E_period,13
188,$400E_mode,0
188,$400C_const,1
188,$400C_vol,3
188,$4008_linear,0
188,$4005_sweep,0
188,$4004_duty,2
188,$4004_const,1
188,$4004_vol,2
188,$4001_sweep,0
188,$4000_duty,2
188,$4000_const,1
188,$4000_vol,3
189,$400E_period,13
189,$400E_mode,0
189,$400C_const,1
189,$400C_vol,3
189,$4008_linear,0
189,$4005_sweep,0
189,$4004_duty,2
189,$4004_const,1
189,$4004_vol,0
189,$4001_sweep,0
189,$4000_duty,2
189,$4000_const,1
189,$4000_vol,3
190,$400E_period,13
190,$400E_mode,0
190,$400C_const,1
190,$400C_vol,3
190,$4008_linear,0
190,$4005_sweep,0
190,$4004_duty,2
190,$4004_const,1
190,$4004_vol,4
190,$4001_sweep,0
190,$4000_duty,2
190,$4000_const,1
190,$4000_vol,3
191,$400E_period,13
191,$400E_mode,0
191,$400C_const,1
191,$400C_vol,3
191,$4008_linear,0
191,$4005_sweep,0
191,$4004_duty,2
191,$4004_const,1
191,$4004_vol,3
191,$4001_sweep,0
191,$4000_duty,2
191,$4000_const,1
191,$4000_vol,2
192,$400E_period,13
192,$400E_mode,0
192,$400C_const,1
192,$400C_vol,3
192,$4008_linear,0
192,$4005_sweep,0
192,$4004_duty,2
192,$4004_const,1
192,$4004_vol,3
192,$4001_sweep,0
192,$4000_duty,2
192,$4000_const,1
192,$4000_vol,0
193,$400E_period,13
193,$400E_mode,0
193,$400C_const,1
193,$400C_vol,3
193,$4008_linear,0
193,$4005_sweep,0
193,$4004_duty,2
193,$4004_const,1
193,$4004_vol,3
193,$4001_sweep,0
193,$4000_duty,2
193,$4000_const,1
193,$4000_vol,4
194,$400E_period,13
194,$400E_mode,0
194,$400C_const,1
194,$400C_vol,3
194,$4008_linear,0
194,$4005_sweep,0
194,$4004_duty,2
194,$4004_const,1
194,$4004_vol,2
194,$4001_sweep,0
194,$4000_duty,2
194,$4000_const,1
194,$4000_vol,3
195,$400E_period,13
195,$400E_mode,0
195,$400C_const,1
195,$400C_vol,3
195,$4008_linear,0
195,$4005_sweep,0
195,$4004_duty,2
195,$4004_const,1
195,$4004_vol,0
195,$4001_sweep,0
195,$4000_duty,2
195,$4000_const,1
195,$4000_vol,3
196,$400E_period,13
196,$400E_mode,0
196,$400C_const,1
196,$400C_vol,3
196,$4008_linear,0
196,$4005_sweep,0
196,$4004_duty,2
196,$4004_const,1
196,$4004_vol,4
196,$4001_sweep,0
196,$4000_duty,2
196,$4000_const,1
196,$4000_vol,3
197,$400E_period,13
197,$400E_mode,0
197,$400C_const,1
197,$400C_vol,3
197,$4008_linear,0
197,$4005_sweep,0
197,$4004_duty,2
197,$4004_const,1
197,$4004_vol,3
197,$4001_sweep,0
197,$4000_duty,2
197,$4000_const,1
197,$4000_vol,2
198,$400E_period,13
198,$400E_mode,0
198,$400C_const,1
198,$400C_vol,3
198,$4008_linear,0
198,$4005_sweep,0
198,$4004_duty,2
198,$4004_const,1
198,$4004_vol,3
198,$4001_sweep,0
198,$4000_duty,2
198,$4000_const,1
198,$4000_vol,0
199,$400E_period,13
199,$400E_mode,0
199,$400C_const,1
199,$400C_vol,3
199,$4008_linear,0
199,$4005_sweep,0
199,$4004_duty,2
199,$4004_const,1
199,$4004_vol,3
199,$4001_sweep,0
199,$4000_duty,2
199,$4000_const,1
199,$4000_vol,6
200,$400E_period,13
200,$400E_mode,0
200,$400C_const,1
200,$400C_vol,3
200,$4008_linear,0
200,$4005_sweep,0
200,$4004_duty,2
200,$4004_const,1
200,$4004_vol,2
200,$4001_sweep,0
200,$4000_duty,2
200,$4000_const,1
200,$4000_vol,5
201,$400E_period,13
201,$400E_mode,0
201,$400C_const,1
201,$400C_vol,3
201,$4008_linear,0
201,$4005_sweep,0
201,$4004_duty,2
201,$4004_const,1
201,$4004_vol,0
201,$4001_sweep,0
201,$4000_duty,2
201,$4000_const,1
201,$4000_vol,4
202,$400E_period,13
202,$400E_mode,0
202,$400C_const,1
202,$400C_vol,3
202,$4008_linear,0
202,$4005_sweep,0
202,$4004_duty,2
202,$4004_const,1
202,$4004_vol,5
202,$4001_sweep,0
202,$4000_duty,2
202,$4000_const,1
202,$4000_vol,4
203,$400E_period,13
203,$400E_mode,0
203,$400C_const,1
203,$400C_vol,3
203,$4008_linear,0
203,$4005_sweep,0
203,$4004_duty,2
203,$4004_const,1
203,$4004_vol,4
203,$4001_sweep,0
203,$4000_duty,2
203,$4000_const,1
203,$4000_vol,3
204,$400E_period,13
204,$400E_mode,0
204,$400C_const,1
204,$400C_vol,3
204,$4008_linear,0
204,$4005_sweep,0
204,$4004_duty,2
204,$4004_const,1
204,$4004_vol,4
204,$4001_sweep,0
204,$4000_duty,2
204,$4000_const,1
204,$4000_vol,0
205,$400E_period,13
205,$400E_mode,0
205,$400C_const,1
205,$400C_vol,3
205,$4008_linear,0
205,$4005_sweep,0
205,$4004_duty,2
205,$4004_const,1
205,$4004_vol,3
205,$4001_sweep,0
205,$4000_duty,2
205,$4000_const,1
205,$4000_vol,6
206,$400E_period,13
206,$400E_mode,0
206,$400C_const,1
206,$400C_vol,3
206,$4008_linear,0
206,$4005_sweep,0
206,$4004_duty,2
206,$4004_const,1
206,$4004_vol,3
206,$4001_sweep,0
206,$4000_duty,2
206,$4000_const,1
206,$4000_vol,5
207,$400E_period,13
207,$400E_mode,0
207,$400C_const,1
207,$400C_vol,3
207,$4008_linear,0
207,$4005_sweep,0
207,$4004_duty,2
207,$4004_const,1
207,$4004_vol,0
207,$4001_sweep,0
207,$4000_duty,2
207,$4000_const,1
207,$4000_vol,4
208,$400E_period,13
208,$400E_mode,0
208,$400C_const,1
208,$400C_vol,3
208,$4008_linear,0
208,$4005_sweep,0
208,$4004_duty,2
208,$4004_const,1
208,$4004_vol,5
208,$4001_sweep,0
208,$4000_duty,2
208,$4000_const,1
208,$4000_vol,4
209,$400E_period,13
209,$400E_mode,0
209,$400C_const,1
209,$400C_vol,3
209,$4008_linear,0
209,$4005_sweep,0
209,$4004_duty,2
209,$4004_const,1
209,$4004_vol,4
209,$4001_sweep,0
209,$4000_duty,2
209,$4000_const,1
209,$4000_vol,3
210,$400E_period,13
210,$400E_mode,0
210,$400C_const,1
210,$400C_vol,0
210,$4008_linear,0
210,$4005_sweep,0
210,$4004_duty,2
210,$4004_const,1
210,$4004_vol,4
210,$4001_sweep,0
210,$4000_duty,2
210,$4000_const,1
210,$4000_vol,0
211,$400E_period,13
211,$400E_mode,0
211,$400C_const,1
211,$400C_vol,2
211,$4008_linear,0
211,$4005_sweep,0
211,$4004_duty,2
211,$4004_const,1
211,$4004_vol,3
211,$4001_sweep,0
211,$4000_duty,2
211,$4000_const,1
211,$4000_vol,8
212,$400E_period,13
212,$400E_mode,0
212,$400C_const,1
212,$400C_vol,2
212,$4008_linear,0
212,$4005_sweep,0
212,$4004_duty,2
212,$4004_const,1
212,$4004_vol,3
212,$4001_sweep,0
212,$4000_duty,2
212,$4000_const,1
212,$4000_vol,6
213,$400E_period,13
213,$400E_mode,0
213,$400C_const,1
213,$400C_vol,2
213,$4008_linear,0
213,$4005_sweep,0
213,$4004_duty,2
213,$4004_const,1
213,$4004_vol,0
213,$4001_sweep,0
213,$4000_duty,2
213,$4000_const,1
213,$4000_vol,6
214,$400E_period,13
214,$400E_mode,0
214,$400C_const,1
214,$400C_vol,2
214,$4008_linear,0
214,$4005_sweep,0
214,$4004_duty,2
214,$4004_const,1
214,$4004_vol,6
214,$4001_sweep,0
214,$4000_duty,2
214,$4000_const,1
214,$4000_vol,5
215,$400E_period,13
215,$400E_mode,0
215,$400C_const,1
215,$400C_vol,2
215,$4008_linear,0
215,$4005_sweep,0
215,$4004_duty,2
215,$4004_const,1
215,$4004_vol,5
215,$4001_sweep,0
215,$4000_duty,2
215,$4000_const,1
215,$4000_vol,4
216,$400E_period,13
216,$400E_mode,0
216,$400C_const,1
216,$400C_vol,2
216,$4008_linear,0
216,$4005_sweep,0
216,$4004_duty,2
216,$4004_const,1
216,$4004_vol,4
216,$4001_sweep,0
216,$4000_duty,2
216,$4000_const,1
216,$4000_vol,0
217,$400E_period,13
217,$400E_mode,0
217,$400C_const,1
217,$400C_vol,2
217,$4008_linear,0
217,$4005_sweep,0
217,$4004_duty,2
217,$4004_const,1
217,$4004_vol,4
217,$4001_sweep,0
217,$4000_duty,2
217,$4000_const,1
217,$4000_vol,8
218,$400E_period,13
218,$400E_mode,0
218,$400C_const,1
218,$400C_vol,2
218,$4008_linear,0
218,$4005_sweep,0
218,$4004_duty,2
218,$4004_const,1
218,$4004_vol,3
218,$4001_sweep,0
218,$4000_duty,2
218,$4000_const,1
218,$4000_vol,6
219,$400E_period,13
219,$400E_mode,0
219,$400C_const,1
219,$400C_vol,2
219,$4008_linear,0
219,$4005_sweep,0
219,$4004_duty,2
219,$4004_const,1
219,$4004_vol,0
219,$4001_sweep,0
219,$4000_duty,2
219,$4000_const,1
219,$4000_vol,6
220,$400E_period,13
220,$400E_mode,0
220,$400C_const,1
220,$400C_vol,2
220,$4008_linear,0
220,$4005_sweep,0
220,$4004_duty,2
220,$4004_const,1
220,$4004_vol,6
220,$4001_sweep,0
220,$4000_duty,2
220,$4000_const,1
220,$4000_vol,5
221,$400E_period,13
221,$400E_mode,0
221,$400C_const,1
221,$400C_vol,2
221,$4008_linear,0
221,$4005_sweep,0
221,$4004_duty,2
221,$4004_const,1
221,$4004_vol,5
221,$4001_sweep,0
221,$4000_duty,2
221,$4000_const,1
221,$4000_vol,4
222,$400E_period,13
222,$400E_mode,0
222,$400C_const,1
222,$400C_vol,2
222,$4008_linear,0
222,$4005_sweep,0
222,$4004_duty,2
222,$4004_const,1
222,$4004_vol,4
222,$4001_sweep,0
222,$4000_duty,2
222,$4000_const,1
222,$4000_vol,0
223,$400E_period,13
223,$400E_mode,0
223,$400C_const,1
223,$400C_vol,2
223,$4008_linear,0
223,$4005_sweep,0
223,$4004_duty,2
223,$4004_const,1
223,$4004_vol,4
223,$4001_sweep,0
223,$4000_duty,2
223,$4000_const,1
223,$4000_vol,8
224,$400E_period,13
224,$400E_mode,0
224,$400C_const,1
224,$400C_vol,2
224,$4008_linear,0
224,$4005_sweep,0
224,$4004_duty,2
224,$4004_const,1
224,$4004_vol,3
224,$4001_sweep,0
224,$4000_duty,2
224,$4000_const,1
224,$4000_vol,6
225,$400E_period,13
225,$400E_mode,0
225,$400C_const,1
225,$400C_vol,2
225,$4008_linear,0
225,$4005_sweep,0
225,$4004_duty,2
225,$4004_const,1
225,$4004_vol,0
225,$4001_sweep,0
225,$4000_duty,2
225,$4000_const,1
225,$4000_vol,6
226,$400E_period,13
226,$400E_mode,0
226,$400C_const,1
226,$400C_vol,2
226,$4008_linear,0
226,$4005_sweep,0
226,$4004_duty,2
226,$4004_const,1
226,$4004_vol,6
226,$4001_sweep,0
226,$4000_duty,2
226,$4000_const,1
226,$4000_vol,5
227,$400E_period,13
227,$400E_mode,0
227,$400C_const,1
227,$400C_vol,2
227,$4008_linear,0
227,$4005_sweep,0
227,$4004_duty,2
227,$4004_const,1
227,$4004_vol,5
227,$4001_sweep,0
227,$4000_duty,2
227,$4000_const,1
227,$4000_vol,4
228,$400E_period,13
228,$400E_mode,0
228,$400C_const,1
228,$400C_vol,2
228,$4008_linear,0
228,$4005_sweep,0
228,$4004_duty,2
228,$4004_const,1
228,$4004_vol,4
228,$4001_sweep,0
228,$4000_duty,2
228,$4000_const,1
228,$4000_vol,0
229,$400E_period,13
229,$400E_mode,0
229,$400C_const,1
229,$400C_vol,2
229,$4008_linear,0
229,$4005_sweep,0
229,$4004_duty,2
229,$4004_const,1
229,$4004_vol,4
229,$4001_sweep,0
229,$4000_duty,2
229,$4000_const,1
229,$4000_vol,8
230,$400E_period,13
230,$400E_mode,0
230,$400C_const,1
230,$400C_vol,2
230,$4008_linear,0
230,$4005_sweep,0
230,$4004_duty,2
230,$4004_const,1
230,$4004_vol,3
230,$4001_sweep,0
230,$4000_duty,2
230,$4000_const,1
230,$4000_vol,6
231,$400E_period,13
231,$400E_mode,0
231,$400C_const,1
231,$400C_vol,2
231,$4008_linear,0
231,$4005_sweep,0
231,$4004_duty,2
231,$4004_const,1
231,$4004_vol,0
231,$4001_sweep,0
231,$4000_duty,2
231,$4000_const,1
231,$4000_vol,6
232,$400E_period,13
232,$400E_mode,0
232,$400C_const,1
232,$400C_vol,2
232,$4008_linear,0
232,$4005_sweep,0
232,$4004_duty,2
232,$4004_const,1
232,$4004_vol,6
232,$4001_sweep,0
232,$4000_duty,2
232,$4000_const,1
232,$4000_vol,5
233,$400E_period,13
233,$400E_mode,0
233,$400C_const,1
233,$400C_vol,2
233,$4008_linear,0
233,$4005_sweep,0
233,$4004_duty,2
233,$4004_const,1
233,$4004_vol,5
233,$4001_sweep,0
233,$4000_duty,2
233,$4000_const,1
233,$4000_vol,4
234,$400E_period,13
234,$400E_mode,0
234,$400C_const,1
234,$400C_vol,0
234,$4008_linear,0
234,$4005_sweep,0
234,$4004_duty,2
234,$4004_const,1
234,$4004_vol,4
234,$4001_sweep,0
234,$4000_duty,2
234,$4000_const,1
234,$4000_vol,0
235,$400E_period,13
235,$400E_mode,0
235,$400C_const,1
235,$400C_vol,1
235,$4008_linear,0
235,$4005_sweep,0
235,$4004_duty,2
235,$4004_const,1
235,$4004_vol,4
235,$4001_sweep,0
235,$4000_duty,2
235,$4000_const,1
235,$4000_vol,8
236,$400E_period,13
236,$400E_mode,0
236,$400C_const,1
236,$400C_vol,1
236,$4008_linear,0
236,$4005_sweep,0
236,$4004_duty,2
236,$4004_const,1
236,$4004_vol,3
236,$4001_sweep,0
236,$4000_duty,2
236,$4000_const,1
236,$4000_vol,6
237,$400E_period,13
237,$400E_mode,0
237,$400C_const,1
237,$400C_vol,1
237,$4008_linear,0
237,$4005_sweep,0
237,$4004_duty,2
237,$4004_const,1
237,$4004_vol,0
237,$4001_sweep,0
237,$4000_duty,2
237,$4000_const,1
237,$4000_vol,6
238,$400E_period,13
238,$400E_mode,0
238,$400C_const,1
238,$400C_vol,1
238,$4008_linear,0
238,$4005_sweep,0
238,$4004_duty,2
238,$4004_const,1
238,$4004_vol,6
238,$4001_sweep,0
238,$4000_duty,2
238,$4000_const,1
238,$4000_vol,5
239,$400E_period,13
239,$400E_mode,0
239,$400C_const,1
239,$400C_vol,1
239,$4008_linear,0
239,$4005_sweep,0
239,$4004_duty,2
239,$4004_const,1
239,$4004_vol,5
239,$4001_sweep,0
239,$4000_duty,2
239,$4000_const,1
239,$4000_vol,4
240,$400E_period,13
240,$400E_mode,0
240,$400C_const,1
240,$400C_vol,1
240,$4008_linear,0
240,$4005_sweep,0
240,$4004_duty,2
240,$4004_const,1
240,$4004_vol,4
240,$4001_sweep,0
240,$4000_duty,2
240,$4000_const,1
240,$4000_vol,0
241,$400E_period,13
241,$400E_mode,0
241,$400C_const,1
241,$400C_vol,1
241,$4008_linear,0
241,$4005_sweep,0
241,$4004_duty,2
241,$4004_const,1
241,$4004_vol,4
241,$4001_sweep,0
241,$4000_duty,2
241,$4000_const,1
241,$4000_vol,8
242,$400E_period,13
242,$400E_mode,0
242,$400C_const,1
242,$400C_vol,1
242,$4008_linear,0
242,$4005_sweep,0
242,$4004_duty,2
242,$4004_const,1
242,$4004_vol,3
242,$4001_sweep,0
242,$4000_duty,2
242,$4000_const,1
242,$4000_vol,6
243,$400E_period,13
243,$400E_mode,0
243,$400C_const,1
243,$400C_vol,1
243,$4008_linear,0
243,$4005_sweep,0
243,$4004_duty,2
243,$4004_const,1
243,$4004_vol,0
243,$4001_sweep,0
243,$4000_duty,2
243,$4000_const,1
243,$4000_vol,6
244,$400E_period,13
244,$400E_mode,0
244,$400C_const,1
244,$400C_vol,1
244,$4008_linear,0
244,$4005_sweep,0
244,$4004_duty,2
244,$4004_const,1
244,$4004_vol,6
244,$4001_sweep,0
244,$4000_duty,2
244,$4000_const,1
244,$4000_vol,5
245,$400E_period,13
245,$400E_mode,0
245,$400C_const,1
245,$400C_vol,1
245,$4008_linear,0
245,$4005_sweep,0
245,$4004_duty,2
245,$4004_const,1
245,$4004_vol,5
245,$4001_sweep,0
245,$4000_duty,2
245,$4000_const,1
245,$4000_vol,4
246,$400E_period,13
246,$400E_mode,0
246,$400C_const,1
246,$400C_vol,1
246,$4008_linear,0
246,$4005_sweep,0
246,$4004_duty,2
246,$4004_const,1
246,$4004_vol,4
246,$4001_sweep,0
246,$4000_duty,2
246,$4000_const,1
246,$4000_vol,0
247,$400E_period,13
247,$400E_mode,0
247,$400C_const,1
247,$400C_vol,1
247,$4008_linear,0
247,$4005_sweep,0
247,$4004_duty,2
247,$4004_const,1
247,$4004_vol,4
247,$4001_sweep,0
247,$4000_duty,2
247,$4000_const,1
247,$4000_vol,8
248,$400E_period,13
248,$400E_mode,0
248,$400C_const,1
248,$400C_vol,1
248,$4008_linear,0
248,$4005_sweep,0
248,$4004_duty,2
248,$4004_const,1
248,$4004_vol,3
248,$4001_sweep,0
248,$4000_duty,2
248,$4000_const,1
248,$4000_vol,6
249,$400E_period,13
249,$400E_mode,0
249,$400C_const,1
249,$400C_vol,1
249,$4008_linear,0
249,$4005_sweep,0
249,$4004_duty,2
249,$4004_const,1
249,$4004_vol,0
249,$4001_sweep,0
249,$4000_duty,2
249,$4000_const,1
249,$4000_vol,6
250,$400E_period,13
250,$400E_mode,0
250,$400C_const,1
250,$400C_vol,1
250,$4008_linear,0
250,$4005_sweep,0
250,$4004_duty,2
250,$4004_const,1
250,$4004_vol,6
250,$4001_sweep,0
250,$4000_duty,2
250,$4000_const,1
250,$4000_vol,5
251,$400E_period,13
251,$400E_mode,0
251,$400C_const,1
251,$400C_vol,1
251,$4008_linear,0
251,$4005_sweep,0
251,$4004_duty,2
251,$4004_const,1
251,$4004_vol,5
251,$4001_sweep,0
251,$4000_duty,2
251,$4000_const,1
251,$4000_vol,4
252,$400E_period,13
252,$400E_mode,0
252,$400C_const,1
252,$400C_vol,1
252,$4008_linear,0
252,$4005_sweep,0
252,$4004_duty,2
252,$4004_const,1
252,$4004_vol,4
252,$4001_sweep,0
252,$4000_duty,2
252,$4000_const,1
252,$4000_vol,0
253,$400E_period,13
253,$400E_mode,0
253,$400C_const,1
253,$400C_vol,1
253,$4008_linear,0
253,$4005_sweep,0
253,$4004_duty,2
253,$4004_const,1
253,$4004_vol,4
253,$4001_sweep,0
253,$4000_duty,2
253,$4000_const,1
253,$4000_vol,8
254,$400E_period,13
254,$400E_mode,0
254,$400C_const,1
254,$400C_vol,1
254,$4008_linear,0
254,$4005_sweep,0
254,$4004_duty,2
254,$4004_const,1
254,$4004_vol,3
254,$4001_sweep,0
254,$4000_duty,2
254,$4000_const,1
254,$4000_vol,6
255,$400E_period,13
255,$400E_mode,0
255,$400C_const,1
255,$400C_vol,1
255,$4008_linear,0
255,$4005_sweep,0
255,$4004_duty,2
255,$4004_const,1
255,$4004_vol,0
255,$4001_sweep,0
255,$4000_duty,2
255,$4000_const,1
255,$4000_vol,6
256,$400E_period,13
256,$400E_mode,0
256,$400C_const,1
256,$400C_vol,1
256,$4008_linear,0
256,$4005_sweep,0
256,$4004_duty,2
256,$4004_const,1
256,$4004_vol,6
256,$4001_sweep,0
256,$4000_duty,2
256,$4000_const,1
256,$4000_vol,5
257,$400E_period,13
257,$400E_mode,0
257,$400C_const,1
257,$400C_vol,1
257,$4008_linear,0
257,$4005_sweep,0
257,$4004_duty,2
257,$4004_const,1
257,$4004_vol,5
257,$4001_sweep,0
257,$4000_duty,2
257,$4000_const,1
257,$4000_vol,4
258,$400E_period,1
258,$400E_mode,0
258,$400C_const,1
258,$400C_vol,0
258,$400A_period,1011
258,$400B_length,1
258,$4008_linear,7
258,$4005_sweep,0
258,$4004_duty,2
258,$4004_const,1
258,$4004_vol,4
258,$4001_sweep,0
258,$4000_duty,2
258,$4000_const,1
258,$4000_vol,0
259,$400E_period,1
259,$400E_mode,0
259,$400C_const,1
259,$400C_vol,15
259,$400A_period,507
259,$400B_length,0
259,$4008_linear,7
259,$4005_sweep,0
259,$4004_duty,2
259,$4004_const,1
259,$4004_vol,4
259,$4001_sweep,0
259,$4000_duty,2
259,$4000_const,1
259,$4000_vol,10
260,$400E_period,1
260,$400E_mode,0
260,$400C_const,1
260,$400C_vol,11
260,$400A_period,1021
260,$400B_length,1
260,$4008_linear,7
260,$4005_sweep,0
260,$4004_duty,2
260,$4004_const,1
260,$4004_vol,3
260,$4001_sweep,0
260,$4000_duty,2
260,$4000_const,1
260,$4000_vol,8
261,$400E_period,1
261,$400E_mode,0
261,$400C_const,1
261,$400C_vol,10
261,$4008_linear,7
261,$4005_sweep,0
261,$4004_duty,2
261,$4004_const,1
261,$4004_vol,3
261,$4001_sweep,0
261,$4000_duty,2
261,$4000_const,1
261,$4000_vol,7
262,$400E_period,1
262,$400E_mode,0
262,$400C_const,1
262,$400C_vol,9
262,$4008_linear,7
262,$4005_sweep,0
262,$4004_duty,2
262,$4004_const,1
262,$4004_vol,3
262,$4001_sweep,0
262,$4000_duty,2
262,$4000_const,1
262,$4000_vol,7
263,$400E_period,1
263,$400E_mode,0
263,$400C_const,1
263,$400C_vol,8
263,$4008_linear,7
263,$4005_sweep,0
263,$4004_duty,2
263,$4004_const,1
263,$4004_vol,3
263,$4001_sweep,0
263,$4000_duty,2
263,$4000_const,1
263,$4000_vol,6
264,$400E_period,1
264,$400E_mode,0
264,$400C_const,1
264,$400C_vol,8
264,$4008_linear,7
264,$4006_period,1021
264,$4005_sweep,0
264,$4004_duty,2
264,$4004_const,1
264,$4004_vol,0
264,$4001_sweep,0
264,$4000_duty,2
264,$4000_const,1
264,$4000_vol,6
265,$400E_period,1
265,$400E_mode,0
265,$400C_const,1
265,$400C_vol,8
265,$4008_linear,7
265,$4005_sweep,0
265,$4004_duty,2
265,$4004_const,1
265,$4004_vol,6
265,$4001_sweep,0
265,$4000_duty,2
265,$4000_const,1
265,$4000_vol,6
266,$400E_period,1
266,$400E_mode,0
266,$400C_const,1
266,$400C_vol,8
266,$4008_linear,7
266,$4005_sweep,0
266,$4004_duty,2
266,$4004_const,1
266,$4004_vol,5
266,$4001_sweep,0
266,$4000_duty,2
266,$4000_const,1
266,$4000_vol,6
267,$400E_period,1
267,$400E_mode,0
267,$400C_const,1
267,$400C_vol,8
267,$4008_linear,7
267,$4005_sweep,0
267,$4004_duty,2
267,$4004_const,1
267,$4004_vol,4
267,$4001_sweep,0
267,$4000_duty,2
267,$4000_const,1
267,$4000_vol,6
268,$400E_period,1
268,$400E_mode,0
268,$400C_const,1
268,$400C_vol,7
268,$4008_linear,7
268,$4005_sweep,0
268,$4004_duty,2
268,$4004_const,1
268,$4004_vol,4
268,$4001_sweep,0
268,$4000_duty,2
268,$4000_const,1
268,$4000_vol,5
269,$400E_period,1
269,$400E_mode,0
269,$400C_const,1
269,$400C_vol,7
269,$4008_linear,7
269,$4005_sweep,0
269,$4004_duty,2
269,$4004_const,1
269,$4004_vol,3
269,$4001_sweep,0
269,$4000_duty,2
269,$4000_const,1
269,$4000_vol,5
270,$400E_period,1
270,$400E_mode,0
270,$400C_const,1
270,$400C_vol,7
270,$4008_linear,7
270,$4006_period,27
270,$4005_sweep,0
270,$4004_duty,2
270,$4004_const,1
270,$4004_vol,0
270,$4001_sweep,0
270,$4000_duty,2
270,$4000_const,1
270,$4000_vol,5
271,$400E_period,1
271,$400E_mode,0
271,$400C_const,1
271,$400C_vol,7
271,$4008_linear,7
271,$4005_sweep,0
271,$4004_duty,2
271,$4004_const,1
271,$4004_vol,6
271,$4001_sweep,0
271,$4000_duty,2
271,$4000_const,1
271,$4000_vol,5
272,$400E_period,1
272,$400E_mode,0
272,$400C_const,1
272,$400C_vol,6
272,$4008_linear,7
272,$4005_sweep,0
272,$4004_duty,2
272,$4004_const,1
272,$4004_vol,5
272,$4001_sweep,0
272,$4000_duty,2
272,$4000_const,1
272,$4000_vol,4
273,$400E_period,1
273,$400E_mode,0
273,$400C_const,1
273,$400C_vol,5
273,$4008_linear,7
273,$4005_sweep,0
273,$4004_duty,2
273,$4004_const,1
273,$4004_vol,4
273,$4001_sweep,0
273,$4000_duty,2
273,$4000_const,1
273,$4000_vol,4
274,$400E_period,1
274,$400E_mode,0
274,$400C_const,1
274,$400C_vol,6
274,$400A_period,1531
274,$400B_length,2
274,$4008_linear,7
274,$4005_sweep,0
274,$4004_duty,2
274,$4004_const,1
274,$4004_vol,4
274,$4001_sweep,0
274,$4000_duty,2
274,$4000_const,1
274,$4000_vol,4
275,$400E_period,1
275,$400E_mode,0
275,$400C_const,1
275,$400C_vol,7
275,$4008_linear,7
275,$4005_sweep,0
275,$4004_duty,2
275,$4004_const,1
275,$4004_vol,3
275,$4001_sweep,0
275,$4000_duty,2
275,$4000_const,1
275,$4000_vol,5
276,$400E_period,1
276,$400E_mode,0
276,$400C_const,1
276,$400C_vol,7
276,$4008_linear,7
276,$4005_sweep,0
276,$4004_duty,2
276,$4004_const,1
276,$4004_vol,0
276,$4001_sweep,0
276,$4000_duty,2
276,$4000_const,1
276,$4000_vol,5
277,$400E_period,1
277,$400E_mode,0
277,$400C_const,1
277,$400C_vol,7
277,$4008_linear,7
277,$4005_sweep,0
277,$4004_duty,2
277,$4004_const,1
277,$4004_vol,6
277,$4001_sweep,0
277,$4000_duty,2
277,$4000_const,1
277,$4000_vol,5
278,$400E_period,1
278,$400E_mode,0
278,$400C_const,1
278,$400C_vol,7
278,$4008_linear,7
278,$4005_sweep,0
278,$4004_duty,2
278,$4004_const,1
278,$4004_vol,5
278,$4001_sweep,0
278,$4000_duty,2
278,$4000_const,1
278,$4000_vol,5
279,$400E_period,1
279,$400E_mode,0
279,$400C_const,1
279,$400C_vol,7
279,$400A_period,513
279,$400B_length,1
279,$4008_linear,7
279,$4005_sweep,0
279,$4004_duty,2
279,$4004_const,1
279,$4004_vol,4
279,$4001_sweep,0
279,$4000_duty,2
279,$4000_const,1
279,$4000_vol,5
280,$400E_period,1
280,$400E_mode,0
280,$400C_const,1
280,$400C_vol,6
280,$4008_linear,7
280,$4005_sweep,0
280,$4004_duty,2
280,$4004_const,1
280,$4004_vol,4
280,$4001_sweep,0
280,$4000_duty,2
280,$4000_const,1
280,$4000_vol,4
281,$400E_period,1
281,$400E_mode,0
281,$400C_const,1
281,$400C_vol,6
281,$4008_linear,7
281,$4005_sweep,0
281,$4004_duty,2
281,$4004_const,1
281,$4004_vol,3
281,$4001_sweep,0
281,$4000_duty,2
281,$4000_const,1
281,$4000_vol,4
282,$400E_period,1
282,$400E_mode,0
282,$400C_const,1
282,$400C_vol,6
282,$4008_linear,7
282,$4005_sweep,0
282,$4004_duty,2
282,$4004_const,1
282,$4004_vol,0
282,$4001_sweep,0
282,$4000_duty,2
282,$4000_const,1
282,$4000_vol,4
283,$400E_period,1
283,$400E_mode,0
283,$400C_const,1
283,$400C_vol,6
283,$4008_linear,7
283,$4005_sweep,0
283,$4004_duty,2
283,$4004_const,1
283,$4004_vol,6
283,$4001_sweep,0
283,$4000_duty,2
283,$4000_const,1
283,$4000_vol,4
284,$400E_period,1
284,$400E_mode,0
284,$400C_const,1
284,$400C_vol,6
284,$400A_period,1531
284,$400B_length,2
284,$4008_linear,7
284,$4005_sweep,0
284,$4004_duty,2
284,$4004_const,1
284,$4004_vol,5
284,$4001_sweep,0
284,$4000_duty,2
284,$4000_const,1
284,$4000_vol,4
285,$400E_period,1
285,$400E_mode,0
285,$400C_const,1
285,$400C_vol,5
285,$4008_linear,7
285,$4005_sweep,0
285,$4004_duty,2
285,$4004_const,1
285,$4004_vol,4
285,$4001_sweep,0
285,$4000_duty,2
285,$4000_const,1
285,$4000_vol,4
286,$400E_period,1
286,$400E_mode,0
286,$400C_const,1
286,$400C_vol,5
286,$4008_linear,7
286,$4005_sweep,0
286,$4004_duty,2
286,$4004_const,1
286,$4004_vol,4
286,$4001_sweep,0
286,$4000_duty,2
286,$4000_const,1
286,$4000_vol,4
287,$400E_period,1
287,$400E_mode,0
287,$400C_const,1
287,$400C_vol,5
287,$4008_linear,7
287,$4005_sweep,0
287,$4004_duty,2
287,$4004_const,1
287,$4004_vol,3
287,$4001_sweep,0
287,$4000_duty,2
287,$4000_const,1
287,$4000_vol,4
288,$400E_period,1
288,$400E_mode,0
288,$400C_const,1
288,$400C_vol,5
288,$4008_linear,7
288,$4005_sweep,0
288,$4004_duty,2
288,$4004_const,1
288,$4004_vol,0
288,$4001_sweep,0
288,$4000_duty,2
288,$4000_const,1
288,$4000_vol,4
289,$400E_period,1
289,$400E_mode,0
289,$400C_const,1
289,$400C_vol,5
289,$400A_period,847
289,$400B_length,1
289,$4008_linear,7
289,$4005_sweep,0
289,$4004_duty,2
289,$4004_const,1
289,$4004_vol,6
289,$4001_sweep,0
289,$4000_duty,2
289,$4000_const,1
289,$4000_vol,4
290,$400E_period,1
290,$400E_mode,0
290,$400C_const,1
290,$400C_vol,4
290,$400A_period,1191
290,$400B_length,2
290,$4008_linear,7
290,$4005_sweep,0
290,$4004_duty,2
290,$4004_const,1
290,$4004_vol,5
290,$4001_sweep,0
290,$4000_duty,2
290,$4000_const,1
290,$4000_vol,3
291,$400E_period,1
291,$400E_mode,0
291,$400C_const,1
291,$400C_vol,4
291,$4008_linear,7
291,$4005_sweep,0
291,$4004_duty,2
291,$4004_const,1
291,$4004_vol,4
291,$4001_sweep,0
291,$4000_duty,2
291,$4000_const,1
291,$4000_vol,3
292,$400E_period,1
292,$400E_mode,0
292,$400C_const,1
292,$400C_vol,4
292,$4008_linear,7
292,$4005_sweep,0
292,$4004_duty,2
292,$4004_const,1
292,$4004_vol,4
292,$4001_sweep,0
292,$4000_duty,2
292,$4000_const,1
292,$4000_vol,3
293,$400E_period,1
293,$400E_mode,0
293,$400C_const,1
293,$400C_vol,4
293,$4008_linear,7
293,$4005_sweep,0
293,$4004_duty,2
293,$4004_const,1
293,$4004_vol,3
293,$4001_sweep,0
293,$4000_duty,2
293,$4000_const,1
293,$4000_vol,3
294,$400E_period,1
294,$400E_mode,0
294,$400C_const,1
294,$400C_vol,3
294,$4008_linear,7
294,$4005_sweep,0
294,$4004_duty,2
294,$4004_const,1
294,$4004_vol,0
294,$4001_sweep,0
294,$4000_duty,2
294,$4000_const,1
294,$4000_vol,2
295,$400E_period,1
295,$400E_mode,0
295,$400C_const,1
295,$400C_vol,3
295,$4008_linear,7
295,$4005_sweep,0
295,$4004_duty,2
295,$4004_const,1
295,$4004_vol,6
295,$4001_sweep,0
295,$4000_duty,2
295,$4000_const,1
295,$4000_vol,2
296,$400E_period,1
296,$400E_mode,0
296,$400C_const,1
296,$400C_vol,3
296,$4008_linear,7
296,$4005_sweep,0
296,$4004_duty,2
296,$4004_const,1
296,$4004_vol,5
296,$4001_sweep,0
296,$4000_duty,2
296,$4000_const,1
296,$4000_vol,2
297,$400E_period,1
297,$400E_mode,0
297,$400C_const,1
297,$400C_vol,3
297,$4008_linear,7
297,$4005_sweep,0
297,$4004_duty,2
297,$4004_const,1
297,$4004_vol,4
297,$4001_sweep,0
297,$4000_duty,2
297,$4000_const,1
297,$4000_vol,2
298,$400E_period,1
298,$400E_mode,0
298,$400C_const,1
298,$400C_vol,2
298,$4008_linear,7
298,$4005_sweep,0
298,$4004_duty,2
298,$4004_const,1
298,$4004_vol,4
298,$4001_sweep,0
298,$4000_duty,2
298,$4000_const,1
298,$4000_vol,1
299,$400E_period,1
299,$400E_mode,0
299,$400C_const,1
299,$400C_vol,2
299,$4008_linear,7
299,$4005_sweep,0
299,$4004_duty,2
299,$4004_const,1
299,$4004_vol,3
299,$4001_sweep,0
299,$4000_duty,2
299,$4000_const,1
299,$4000_vol,1
300,$400E_period,1
300,$400E_mode,0
300,$400C_const,1
300,$400C_vol,2
300,$4008_linear,7
300,$4005_sweep,0
300,$4004_duty,2
300,$4004_const,1
300,$4004_vol,0
300,$4001_sweep,0
300,$4000_duty,2
300,$4000_const,1
300,$4000_vol,1
301,$400E_period,1
301,$400E_mode,0
301,$400C_const,1
301,$400C_vol,2
301,$4008_linear,7
301,$4005_sweep,0
301,$4004_duty,2
301,$4004_const,1
301,$4004_vol,6
301,$4001_sweep,0
301,$4000_duty,2
301,$4000_const,1
301,$4000_vol,1
302,$400E_period,1
302,$400E_mode,0
302,$400C_const,1
302,$400C_vol,1
302,$4008_linear,7
302,$4005_sweep,0
302,$4004_duty,2
302,$4004_const,1
302,$4004_vol,5
302,$4001_sweep,0
302,$4000_duty,2
302,$4000_const,1
302,$4000_vol,1
303,$400E_period,1
303,$400E_mode,0
303,$400C_const,1
303,$400C_vol,1
303,$4008_linear,7
303,$4005_sweep,0
303,$4004_duty,2
303,$4004_const,1
303,$4004_vol,4
303,$4001_sweep,0
303,$4000_duty,2
303,$4000_const,1
303,$4000_vol,1
304,$400E_period,1
304,$400E_mode,0
304,$400C_const,1
304,$400C_vol,1
304,$4008_linear,7
304,$4005_sweep,0
304,$4004_duty,2
304,$4004_const,1
304,$4004_vol,4
304,$4001_sweep,0
304,$4000_duty,2
304,$4000_const,1
304,$4000_vol,1
305,$400E_period,1
305,$400E_mode,0
305,$400C_const,1
305,$400C_vol,1
305,$4008_linear,7
305,$4005_sweep,0
305,$4004_duty,2
305,$4004_const,1
305,$4004_vol,3
305,$4001_sweep,0
305,$4000_duty,2
305,$4000_const,1
305,$4000_vol,1
306,$400E_period,1
306,$400E_mode,0
306,$400C_const,1
306,$400C_vol,0
306,$400A_period,867
306,$400B_length,1
306,$4008_linear,7
306,$4005_sweep,0
306,$4004_duty,2
306,$4004_const,1
306,$4004_vol,3
306,$4001_sweep,0
306,$4000_duty,2
306,$4000_const,1
306,$4000_vol,0
307,$400E_period,1
307,$400E_mode,0
307,$400C_const,1
307,$400C_vol,15
307,$400A_period,507
307,$400B_length,0
307,$4008_linear,7
307,$4005_sweep,0
307,$4004_duty,2
307,$4004_const,1
307,$4004_vol,3
307,$4001_sweep,0
307,$4000_duty,2
307,$4000_const,1
307,$4000_vol,10
308,$400E_period,1
308,$400E_mode,0
308,$400C_const,1
308,$400C_vol,11
308,$400A_period,1021
308,$400B_length,1
308,$4008_linear,7
308,$4005_sweep,0
308,$4004_duty,2
308,$4004_const,1
308,$4004_vol,3
308,$4001_sweep,0
308,$4000_duty,2
308,$4000_const,1
308,$4000_vol,8
309,$400E_period,1
309,$400E_mode,0
309,$400C_const,1
309,$400C_vol,10
309,$4008_linear,7
309,$4005_sweep,0
309,$4004_duty,2
309,$4004_const,1
309,$4004_vol,3
309,$4001_sweep,0
309,$4000_duty,2
309,$4000_const,1
309,$4000_vol,7
310,$400E_period,1
310,$400E_mode,0
310,$400C_const,1
310,$400C_vol,9
310,$4008_linear,7
310,$4005_sweep,0
310,$4004_duty,2
310,$4004_const,1
310,$4004_vol,3
310,$4001_sweep,0
310,$4000_duty,2
310,$4000_const,1
310,$4000_vol,7
311,$400E_period,1
311,$400E_mode,0
311,$400C_const,1
311,$400C_vol,8
311,$4008_linear,7
311,$4005_sweep,0
311,$4004_duty,2
311,$4004_const,1
311,$4004_vol,3
311,$4001_sweep,0
311,$4000_duty,2
311,$4000_const,1
311,$4000_vol,6
312,$400E_period,1
312,$400E_mode,0
312,$400C_const,1
312,$400C_vol,8
312,$4008_linear,7
312,$4005_sweep,0
312,$4004_duty,2
312,$4004_const,1
312,$4004_vol,0
312,$4001_sweep,0
312,$4000_duty,2
312,$4000_const,1
312,$4000_vol,6
313,$400E_period,1
313,$400E_mode,0
313,$400C_const,1
313,$400C_vol,8
313,$4008_linear,7
313,$4005_sweep,0
313,$4004_duty,2
313,$4004_const,1
313,$4004_vol,6
313,$4001_sweep,0
313,$4000_duty,2
313,$4000_const,1
313,$4000_vol,6
314,$400E_period,1
314,$400E_mode,0
314,$400C_const,1
314,$400C_vol,8
314,$4008_linear,7
314,$4005_sweep,0
314,$4004_duty,2
314,$4004_const,1
314,$4004_vol,5
314,$4001_sweep,0
314,$4000_duty,2
314,$4000_const,1
314,$4000_vol,6
315,$400E_period,1
315,$400E_mode,0
315,$400C_const,1
315,$400C_vol,8
315,$4008_linear,7
315,$4005_sweep,0
315,$4004_duty,2
315,$4004_const,1
315,$4004_vol,0
315,$4001_sweep,0
315,$4000_duty,2
315,$4000_const,1
315,$4000_vol,6
316,$400E_period,1
316,$400E_mode,0
316,$400C_const,1
316,$400C_vol,7
316,$4008_linear,7
316,$4005_sweep,0
316,$4004_duty,2
316,$4004_const,1
316,$4004_vol,6
316,$4001_sweep,0
316,$4000_duty,2
316,$4000_const,1
316,$4000_vol,5
317,$400E_period,1
317,$400E_mode,0
317,$400C_const,1
317,$400C_vol,7
317,$4008_linear,7
317,$4005_sweep,0
317,$4004_duty,2
317,$4004_const,1
317,$4004_vol,5
317,$4001_sweep,0
317,$4000_duty,2
317,$4000_const,1
317,$4000_vol,5
318,$400E_period,1
318,$400E_mode,0
318,$400C_const,1
318,$400C_vol,7
318,$4008_linear,7
318,$4005_sweep,0
318,$4004_duty,2
318,$4004_const,1
318,$4004_vol,0
318,$4001_sweep,0
318,$4000_duty,2
318,$4000_const,1
318,$4000_vol,5
319,$400E_period,1
319,$400E_mode,0
319,$400C_const,1
319,$400C_vol,7
319,$4008_linear,7
319,$4005_sweep,0
319,$4004_duty,2
319,$4004_const,1
319,$4004_vol,5
319,$4001_sweep,0
319,$4000_duty,2
319,$4000_const,1
319,$4000_vol,5
320,$400E_period,1
320,$400E_mode,0
320,$400C_const,1
320,$400C_vol,6
320,$4008_linear,7
320,$4005_sweep,0
320,$4004_duty,2
320,$4004_const,1
320,$4004_vol,4
320,$4001_sweep,0
320,$4000_duty,2
320,$4000_const,1
320,$4000_vol,4
321,$400E_period,1
321,$400E_mode,0
321,$400C_const,1
321,$400C_vol,5
321,$4008_linear,7
321,$4005_sweep,0
321,$4004_duty,2
321,$4004_const,1
321,$4004_vol,0
321,$4001_sweep,0
321,$4000_duty,2
321,$4000_const,1
321,$4000_vol,4
322,$400E_period,1
322,$400E_mode,0
322,$400C_const,1
322,$400C_vol,6
322,$400A_period,1531
322,$400B_length,2
322,$4008_linear,7
322,$4005_sweep,0
322,$4004_duty,2
322,$4004_const,1
322,$4004_vol,5
322,$4001_sweep,0
322,$4000_duty,2
322,$4000_const,1
322,$4000_vol,4
323,$400E_period,1
323,$400E_mode,0
323,$400C_const,1
323,$400C_vol,7
323,$4008_linear,7
323,$4005_sweep,0
323,$4004_duty,2
323,$4004_const,1
323,$4004_vol,4
323,$4001_sweep,0
323,$4000_duty,2
323,$4000_const,1
323,$4000_vol,5
324,$400E_period,1
324,$400E_mode,0
324,$400C_const,1
324,$400C_vol,7
324,$4008_linear,7
324,$4005_sweep,0
324,$4004_duty,2
324,$4004_const,1
324,$4004_vol,0
324,$4001_sweep,0
324,$4000_duty,2
324,$4000_const,1
324,$4000_vol,5
325,$400E_period,1
325,$400E_mode,0
325,$400C_const,1
325,$400C_vol,7
325,$4008_linear,7
325,$4005_sweep,0
325,$4004_duty,2
325,$4004_const,1
325,$4004_vol,4
325,$4001_sweep,0
325,$4000_duty,2
325,$4000_const,1
325,$4000_vol,5
326,$400E_period,1
326,$400E_mode,0
326,$400C_const,1
326,$400C_vol,7
326,$4008_linear,7
326,$4005_sweep,0
326,$4004_duty,2
326,$4004_const,1
326,$4004_vol,3
326,$4001_sweep,0
326,$4000_duty,2
326,$4000_const,1
326,$4000_vol,5
327,$400E_period,1
327,$400E_mode,0
327,$400C_const,1
327,$400C_vol,7
327,$400A_period,513
327,$400B_length,1
327,$4008_linear,7
327,$4005_sweep,0
327,$4004_duty,2
327,$4004_const,1
327,$4004_vol,3
327,$4001_sweep,0
327,$4000_duty,2
327,$4000_const,1
327,$4000_vol,5
328,$400E_period,1
328,$400E_mode,0
328,$400C_const,1
328,$400C_vol,6
328,$4008_linear,7
328,$4005_sweep,0
328,$4004_duty,2
328,$4004_const,1
328,$4004_vol,3
328,$4001_sweep,0
328,$4000_duty,2
328,$4000_const,1
328,$4000_vol,4
329,$400E_period,1
329,$400E_mode,0
329,$400C_const,1
329,$400C_vol,6
329,$4008_linear,7
329,$4005_sweep,0
329,$4004_duty,2
329,$4004_const,1
329,$4004_vol,2
329,$4001_sweep,0
329,$4000_duty,2
329,$4000_const,1
329,$4000_vol,4
330,$400E_period,1
330,$400E_mode,0
330,$400C_const,1
330,$400C_vol,6
330,$4008_linear,7
330,$4005_sweep,0
330,$4004_duty,2
330,$4004_const,1
330,$4004_vol,0
330,$4001_sweep,0
330,$4000_duty,2
330,$4000_const,1
330,$4000_vol,4
331,$400E_period,1
331,$400E_mode,0
331,$400C_const,1
331,$400C_vol,6
331,$4008_linear,7
331,$4005_sweep,0
331,$4004_duty,2
331,$4004_const,1
331,$4004_vol,4
331,$4001_sweep,0
331,$4000_duty,2
331,$4000_const,1
331,$4000_vol,4
332,$400E_period,1
332,$400E_mode,0
332,$400C_const,1
332,$400C_vol,6
332,$400A_period,1531
332,$400B_length,2
332,$4008_linear,7
332,$4005_sweep,0
332,$4004_duty,2
332,$4004_const,1
332,$4004_vol,3
332,$4001_sweep,0
332,$4000_duty,2
332,$4000_const,1
332,$4000_vol,4
333,$400E_period,1
333,$400E_mode,0
333,$400C_const,1
333,$400C_vol,5
333,$4008_linear,7
333,$4005_sweep,0
333,$4004_duty,2
333,$4004_const,1
333,$4004_vol,3
333,$4001_sweep,0
333,$4000_duty,2
333,$4000_const,1
333,$4000_vol,4
334,$400E_period,1
334,$400E_mode,0
334,$400C_const,1
334,$400C_vol,5
334,$4008_linear,7
334,$4005_sweep,0
334,$4004_duty,2
334,$4004_const,1
334,$4004_vol,3
334,$4001_sweep,0
334,$4000_duty,2
334,$4000_const,1
334,$4000_vol,4
335,$400E_period,1
335,$400E_mode,0
335,$400C_const,1
335,$400C_vol,5
335,$4008_linear,7
335,$4005_sweep,0
335,$4004_duty,2
335,$4004_const,1
335,$4004_vol,2
335,$4001_sweep,0
335,$4000_duty,2
335,$4000_const,1
335,$4000_vol,4
336,$400E_period,1
336,$400E_mode,0
336,$400C_const,1
336,$400C_vol,5
336,$4008_linear,7
336,$4005_sweep,0
336,$4004_duty,2
336,$4004_const,1
336,$4004_vol,0
336,$4001_sweep,0
336,$4000_duty,2
336,$4000_const,1
336,$4000_vol,4
337,$400E_period,1
337,$400E_mode,0
337,$400C_const,1
337,$400C_vol,5
337,$400A_period,513
337,$400B_length,1
337,$4008_linear,7
337,$4005_sweep,0
337,$4004_duty,2
337,$4004_const,1
337,$4004_vol,3
337,$4001_sweep,0
337,$4000_duty,2
337,$4000_const,1
337,$4000_vol,4
338,$400E_period,1
338,$400E_mode,0
338,$400C_const,1
338,$400C_vol,4
338,$4008_linear,7
338,$4005_sweep,0
338,$4004_duty,2
338,$4004_const,1
338,$4004_vol,2
338,$4001_sweep,0
338,$4000_duty,2
338,$4000_const,1
338,$4000_vol,3
339,$400E_period,1
339,$400E_mode,0
339,$400C_const,1
339,$400C_vol,4
339,$4008_linear,7
339,$4005_sweep,0
339,$4004_duty,2
339,$4004_const,1
339,$4004_vol,2
339,$4001_sweep,0
339,$4000_duty,2
339,$4000_const,1
339,$4000_vol,3
340,$400E_period,1
340,$400E_mode,0
340,$400C_const,1
340,$400C_vol,4
340,$4008_linear,7
340,$4005_sweep,0
340,$4004_duty,2
340,$4004_const,1
340,$4004_vol,2
340,$4001_sweep,0
340,$4000_duty,2
340,$4000_const,1
340,$4000_vol,3
341,$400E_period,1
341,$400E_mode,0
341,$400C_const,1
341,$400C_vol,4
341,$4008_linear,7
341,$4005_sweep,0
341,$4004_duty,2
341,$4004_const,1
341,$4004_vol,2
341,$4001_sweep,0
341,$4000_duty,2
341,$4000_const,1
341,$4000_vol,3
342,$400E_period,1
342,$400E_mode,0
342,$400C_const,1
342,$400C_vol,3
342,$4008_linear,0
342,$4005_sweep,0
342,$4004_duty,2
342,$4004_const,1
342,$4004_vol,0
342,$4001_sweep,0
342,$4000_duty,2
342,$4000_const,1
342,$4000_vol,2
343,$400E_period,1
343,$400E_mode,0
343,$400C_const,1
343,$400C_vol,3
343,$4008_linear,0
343,$4005_sweep,0
343,$4004_duty,2
343,$4004_const,1
343,$4004_vol,3
343,$4001_sweep,0
343,$4000_duty,2
343,$4000_const,1
343,$4000_vol,2
344,$400E_period,1
344,$400E_mode,0
344,$400C_const,1
344,$400C_vol,3
344,$4008_linear,0
344,$4005_sweep,0
344,$4004_duty,2
344,$4004_const,1
344,$4004_vol,2
344,$4001_sweep,0
344,$4000_duty,2
344,$4000_const,1
344,$4000_vol,2
345,$400E_period,1
345,$400E_mode,0
345,$400C_const,1
345,$400C_vol,3
345,$4008_linear,0
345,$4005_sweep,0
345,$4004_duty,2
345,$4004_const,1
345,$4004_vol,2
345,$4001_sweep,0
345,$4000_duty,2
345,$4000_const,1
345,$4000_vol,2
346,$400E_period,1
346,$400E_mode,0
346,$400C_const,1
346,$400C_vol,2
346,$4008_linear,0
346,$4005_sweep,0
346,$4004_duty,2
346,$4004_const,1
346,$4004_vol,2
346,$4001_sweep,0
346,$4000_duty,2
346,$4000_const,1
346,$4000_vol,1
347,$400E_period,1
347,$400E_mode,0
347,$400C_const,1
347,$400C_vol,2
347,$4008_linear,0
347,$4005_sweep,0
347,$4004_duty,2
347,$4004_const,1
347,$4004_vol,2
347,$4001_sweep,0
347,$4000_duty,2
347,$4000_const,1
347,$4000_vol,1
348,$400E_period,1
348,$400E_mode,0
348,$400C_const,1
348,$400C_vol,2
348,$4008_linear,0
348,$4005_sweep,0
348,$4004_duty,2
348,$4004_const,1
348,$4004_vol,0
348,$4001_sweep,0
348,$4000_duty,2
348,$4000_const,1
348,$4000_vol,1
349,$400E_period,1
349,$400E_mode,0
349,$400C_const,1
349,$400C_vol,2
349,$4008_linear,0
349,$4005_sweep,0
349,$4004_duty,2
349,$4004_const,1
349,$4004_vol,2
349,$4001_sweep,0
349,$4000_duty,2
349,$4000_const,1
349,$4000_vol,1
350,$400E_period,1
350,$400E_mode,0
350,$400C_const,1
350,$400C_vol,1
350,$4008_linear,0
350,$4005_sweep,0
350,$4004_duty,2
350,$4004_const,1
350,$4004_vol,2
350,$4001_sweep,0
350,$4000_duty,2
350,$4000_const,1
350,$4000_vol,1
351,$400E_period,1
351,$400E_mode,0
351,$400C_const,1
351,$400C_vol,1
351,$4008_linear,0
351,$4005_sweep,0
351,$4004_duty,2
351,$4004_const,1
351,$4004_vol,2
351,$4001_sweep,0
351,$4000_duty,2
351,$4000_const,1
351,$4000_vol,1
352,$400E_period,1
352,$400E_mode,0
352,$400C_const,1
352,$400C_vol,1
352,$4008_linear,0
352,$4005_sweep,0
352,$4004_duty,2
352,$4004_const,1
352,$4004_vol,1
352,$4001_sweep,0
352,$4000_duty,2
352,$4000_const,1
352,$4000_vol,1
353,$400E_period,1
353,$400E_mode,0
353,$400C_const,1
353,$400C_vol,1
353,$4008_linear,0
353,$4005_sweep,0
353,$4004_duty,2
353,$4004_const,1
353,$4004_vol,1
353,$4001_sweep,0
353,$4000_duty,2
353,$4000_const,1
353,$4000_vol,1
354,$400E_period,1
354,$400E_mode,0
354,$400C_const,1
354,$400C_vol,1
354,$400A_period,1531
354,$400B_length,2
354,$4008_linear,7
354,$4005_sweep,0
354,$4004_duty,2
354,$4004_const,1
354,$4004_vol,1
354,$4001_sweep,0
354,$4000_duty,2
354,$4000_const,1
354,$4000_vol,1
355,$400E_period,1
355,$400E_mode,0
355,$400C_const,1
355,$400C_vol,0
355,$400A_period,699
355,$400B_length,1
355,$4008_linear,7
355,$4005_sweep,0
355,$4004_duty,2
355,$4004_const,1
355,$4004_vol,1
355,$4001_sweep,0
355,$4000_duty,2
355,$4000_const,1
355,$4000_vol,0
356,$400E_period,1
356,$400E_mode,0
356,$400C_const,1
356,$400C_vol,1
356,$400A_period,1117
356,$400B_length,2
356,$4008_linear,7
356,$4005_sweep,0
356,$4004_duty,2
356,$4004_const,1
356,$4004_vol,1
356,$4001_sweep,0
356,$4000_duty,2
356,$4000_const,1
356,$4000_vol,1
357,$400E_period,1
357,$400E_mode,0
357,$400C_const,1
357,$400C_vol,1
357,$4008_linear,7
357,$4005_sweep,0
357,$4004_duty,2
357,$4004_const,1
357,$4004_vol,0
357,$4001_sweep,0
357,$4000_duty,2
357,$4000_const,1
357,$4000_vol,1
358,$400E_period,1
358,$400E_mode,0
358,$400C_const,1
358,$400C_vol,1
358,$4008_linear,7
358,$4005_sweep,0
358,$4004_duty,2
358,$4004_const,1
358,$4004_vol,2
358,$4001_sweep,0
358,$4000_duty,2
358,$4000_const,1
358,$4000_vol,1
359,$400E_period,1
359,$400E_mode,0
359,$400C_const,1
359,$400C_vol,1
359,$4008_linear,7
359,$4005_sweep,0
359,$4004_duty,2
359,$4004_const,1
359,$4004_vol,2
359,$4001_sweep,0
359,$4000_duty,2
359,$4000_const,1
359,$4000_vol,1
360,$400E_period,1
360,$400E_mode,0
360,$400C_const,1
360,$400C_vol,1
360,$4008_linear,7
360,$4005_sweep,0
360,$4004_duty,2
360,$4004_const,1
360,$4004_vol,2
360,$4001_sweep,0
360,$4000_duty,2
360,$4000_const,1
360,$4000_vol,1
361,$400E_period,1
361,$400E_mode,0
361,$400C_const,1
361,$400C_vol,2
361,$4008_linear,7
361,$4005_sweep,0
361,$4004_duty,2
361,$4004_const,1
361,$4004_vol,1
361,$4001_sweep,0
361,$4000_duty,2
361,$4000_const,1
361,$4000_vol,1
362,$400E_period,1
362,$400E_mode,0
362,$400C_const,1
362,$400C_vol,2
362,$4008_linear,7
362,$4005_sweep,0
362,$4004_duty,2
362,$4004_const,1
362,$4004_vol,1
362,$4001_sweep,0
362,$4000_duty,2
362,$4000_const,1
362,$4000_vol,1
363,$400E_period,1
363,$400E_mode,0
363,$400C_const,1
363,$400C_vol,2
363,$4008_linear,7
363,$4005_sweep,0
363,$4004_duty,2
363,$4004_const,1
363,$4004_vol,1
363,$4001_sweep,0
363,$4000_duty,2
363,$4000_const,1
363,$4000_vol,1
364,$400E_period,1
364,$400E_mode,0
364,$400C_const,1
364,$400C_vol,3
364,$4008_linear,7
364,$4005_sweep,0
364,$4004_duty,2
364,$4004_const,1
364,$4004_vol,1
364,$4001_sweep,0
364,$4000_duty,2
364,$4000_const,1
364,$4000_vol,2
365,$400E_period,1
365,$400E_mode,0
365,$400C_const,1
365,$400C_vol,3
365,$4008_linear,7
365,$4005_sweep,0
365,$4004_duty,2
365,$4004_const,1
365,$4004_vol,1
365,$4001_sweep,0
365,$4000_duty,2
365,$4000_const,1
365,$4000_vol,2
366,$400E_period,1
366,$400E_mode,0
366,$400C_const,1
366,$400C_vol,3
366,$4008_linear,7
366,$4005_sweep,0
366,$4004_duty,2
366,$4004_const,1
366,$4004_vol,0
366,$4001_sweep,0
366,$4000_duty,2
366,$4000_const,1
366,$4000_vol,2
367,$400E_period,1
367,$400E_mode,0
367,$400C_const,1
367,$400C_vol,4
367,$4008_linear,7
367,$4005_sweep,0
367,$4004_duty,2
367,$4004_const,1
367,$4004_vol,1
367,$4001_sweep,0
367,$4000_duty,2
367,$4000_const,1
367,$4000_vol,3
368,$400E_period,1
368,$400E_mode,0
368,$400C_const,1
368,$400C_vol,4
368,$4008_linear,7
368,$4005_sweep,0
368,$4004_duty,2
368,$4004_const,1
368,$4004_vol,1
368,$4001_sweep,0
368,$4000_duty,2
368,$4000_const,1
368,$4000_vol,3
369,$400E_period,1
369,$400E_mode,0
369,$400C_const,1
369,$400C_vol,4
369,$4008_linear,7
369,$4005_sweep,0
369,$4004_duty,2
369,$4004_const,1
369,$4004_vol,1
369,$4001_sweep,0
369,$4000_duty,2
369,$4000_const,1
369,$4000_vol,3
370,$400E_period,1
370,$400E_mode,0
370,$400C_const,1
370,$400C_vol,5
370,$400A_period,567
370,$400B_length,1
370,$4008_linear,7
370,$4005_sweep,0
370,$4004_duty,2
370,$4004_const,1
370,$4004_vol,1
370,$4001_sweep,0
370,$4000_duty,2
370,$4000_const,1
370,$4000_vol,4
371,$400E_period,1
371,$400E_mode,0
371,$400C_const,1
371,$400C_vol,5
371,$400A_period,1051
371,$400B_length,2
371,$4008_linear,7
371,$4005_sweep,0
371,$4004_duty,2
371,$4004_const,1
371,$4004_vol,1
371,$4001_sweep,0
371,$4000_duty,2
371,$4000_const,1
371,$4000_vol,4
372,$400E_period,1
372,$400E_mode,0
372,$400C_const,1
372,$400C_vol,6
372,$4008_linear,7
372,$4005_sweep,0
372,$4004_duty,2
372,$4004_const,1
372,$4004_vol,1
372,$4001_sweep,0
372,$4000_duty,2
372,$4000_const,1
372,$4000_vol,4
373,$400E_period,1
373,$400E_mode,0
373,$400C_const,1
373,$400C_vol,6
373,$4008_linear,7
373,$4005_sweep,0
373,$4004_duty,2
373,$4004_const,1
373,$4004_vol,1
373,$4001_sweep,0
373,$4000_duty,2
373,$4000_const,1
373,$4000_vol,4
374,$400E_period,1
374,$400E_mode,0
374,$400C_const,1
374,$400C_vol,7
374,$4008_linear,7
374,$4005_sweep,0
374,$4004_duty,2
374,$4004_const,1
374,$4004_vol,1
374,$4001_sweep,0
374,$4000_duty,2
374,$4000_const,1
374,$4000_vol,5
375,$400E_period,1
375,$400E_mode,0
375,$400C_const,1
375,$400C_vol,7
375,$4008_linear,7
375,$4005_sweep,0
375,$4004_duty,2
375,$4004_const,1
375,$4004_vol,0
375,$4001_sweep,0
375,$4000_duty,2
375,$4000_const,1
375,$4000_vol,5
376,$400E_period,1
376,$400E_mode,0
376,$400C_const,1
376,$400C_vol,8
376,$4008_linear,7
376,$4005_sweep,0
376,$4004_duty,2
376,$4004_const,1
376,$4004_vol,1
376,$4001_sweep,0
376,$4000_duty,2
376,$4000_const,1
376,$4000_vol,6
377,$400E_period,1
377,$400E_mode,0
377,$400C_const,1
377,$400C_vol,8
377,$4008_linear,7
377,$4005_sweep,0
377,$4004_duty,2
377,$4004_const,1
377,$4004_vol,1
377,$4001_sweep,0
377,$4000_duty,2
377,$4000_const,1
377,$4000_vol,6
378,$400E_period,1
378,$400E_mode,0
378,$400C_const,1
378,$400C_vol,9
378,$4008_linear,7
378,$4005_sweep,0
378,$4004_duty,2
378,$4004_const,1
378,$4004_vol,1
378,$4001_sweep,0
378,$4000_duty,2
378,$4000_const,1
378,$4000_vol,7
379,$400E_period,1
379,$400E_mode,0
379,$400C_const,1
379,$400C_vol,9
379,$4008_linear,7
379,$4005_sweep,0
379,$4004_duty,2
379,$4004_const,1
379,$4004_vol,1
379,$4001_sweep,0
379,$4000_duty,2
379,$4000_const,1
379,$4000_vol,7
380,$400E_period,1
380,$400E_mode,0
380,$400C_const,1
380,$400C_vol,8
380,$4008_linear,7
380,$4005_sweep,0
380,$4004_duty,2
380,$4004_const,1
380,$4004_vol,1
380,$4001_sweep,0
380,$4000_duty,2
380,$4000_const,1
380,$4000_vol,6
381,$400E_period,1
381,$400E_mode,0
381,$400C_const,1
381,$400C_vol,8
381,$4008_linear,7
381,$4005_sweep,0
381,$4004_duty,2
381,$4004_const,1
381,$4004_vol,1
381,$4001_sweep,0
381,$4000_duty,2
381,$4000_const,1
381,$4000_vol,6
382,$400E_period,1
382,$400E_mode,0
382,$400C_const,1
382,$400C_vol,7
382,$4008_linear,7
382,$4005_sweep,0
382,$4004_duty,2
382,$4004_const,1
382,$4004_vol,1
382,$4001_sweep,0
382,$4000_duty,2
382,$4000_const,1
382,$4000_vol,5
383,$400E_period,1
383,$400E_mode,0
383,$400C_const,1
383,$400C_vol,7
383,$4008_linear,7
383,$4005_sweep,0
383,$4004_duty,2
383,$4004_const,1
383,$4004_vol,1
383,$4001_sweep,0
383,$4000_duty,2
383,$4000_const,1
383,$4000_vol,5
384,$400E_period,1
384,$400E_mode,0
384,$400C_const,1
384,$400C_vol,0
384,$400A_period,559
384,$400B_length,1
384,$4008_linear,7
384,$4005_sweep,0
384,$4004_duty,2
384,$4004_const,1
384,$4004_vol,0
384,$4001_sweep,0
384,$4000_duty,2
384,$4000_const,1
384,$4000_vol,0
385,$400E_period,1
385,$400E_mode,0
385,$400C_const,1
385,$400C_vol,15
385,$400A_period,507
385,$400B_length,0
385,$4008_linear,7
385,$4005_sweep,0
385,$4004_duty,2
385,$4004_const,1
385,$4004_vol,3
385,$4001_sweep,0
385,$4000_duty,2
385,$4000_const,1
385,$4000_vol,10
386,$400E_period,1
386,$400E_mode,0
386,$400C_const,1
386,$400C_vol,11
386,$400A_period,1021
386,$400B_length,1
386,$4008_linear,7
386,$4005_sweep,0
386,$4004_duty,2
386,$4004_const,1
386,$4004_vol,2
386,$4001_sweep,0
386,$4000_duty,2
386,$4000_const,1
386,$4000_vol,8
387,$400E_period,1
387,$400E_mode,0
387,$400C_const,1
387,$400C_vol,10
387,$4008_linear,7
387,$4005_sweep,0
387,$4004_duty,2
387,$4004_const,1
387,$4004_vol,2
387,$4001_sweep,0
387,$4000_duty,2
387,$4000_const,1
387,$4000_vol,7
388,$400E_period,1
388,$400E_mode,0
388,$400C_const,1
388,$400C_vol,9
388,$4008_linear,7
388,$4005_sweep,0
388,$4004_duty,2
388,$4004_const,1
388,$4004_vol,2
388,$4001_sweep,0
388,$4000_duty,2
388,$4000_const,1
388,$4000_vol,7
389,$400E_period,1
389,$400E_mode,0
389,$400C_const,1
389,$400C_vol,8
389,$4008_linear,7
389,$4005_sweep,0
389,$4004_duty,2
389,$4004_const,1
389,$4004_vol,2
389,$4001_sweep,0
389,$4000_duty,2
389,$4000_const,1
389,$4000_vol,6
390,$400E_period,1
390,$400E_mode,0
390,$400C_const,1
390,$400C_vol,8
390,$4008_linear,7
390,$4005_sweep,0
390,$4004_duty,2
390,$4004_const,1
390,$4004_vol,2
390,$4001_sweep,0
390,$4000_duty,2
390,$4000_const,1
390,$4000_vol,6
391,$400E_period,1
391,$400E_mode,0
391,$400C_const,1
391,$400C_vol,8
391,$4008_linear,7
391,$4005_sweep,0
391,$4004_duty,2
391,$4004_const,1
391,$4004_vol,2
391,$4001_sweep,0
391,$4000_duty,2
391,$4000_const,1
391,$4000_vol,6
392,$400E_period,1
392,$400E_mode,0
392,$400C_const,1
392,$400C_vol,8
392,$4008_linear,7
392,$4005_sweep,0
392,$4004_duty,2
392,$4004_const,1
392,$4004_vol,2
392,$4001_sweep,0
392,$4000_duty,2
392,$4000_const,1
392,$4000_vol,6
393,$400E_period,1
393,$400E_mode,0
393,$400C_const,1
393,$400C_vol,8
393,$4008_linear,7
393,$4005_sweep,0
393,$4004_duty,2
393,$4004_const,1
393,$4004_vol,2
393,$4001_sweep,0
393,$4000_duty,2
393,$4000_const,1
393,$4000_vol,6
394,$400E_period,1
394,$400E_mode,0
394,$400C_const,1
394,$400C_vol,7
394,$4008_linear,7
394,$4005_sweep,0
394,$4004_duty,2
394,$4004_const,1
394,$4004_vol,1
394,$4001_sweep,0
394,$4000_duty,2
394,$4000_const,1
394,$4000_vol,5
395,$400E_period,1
395,$400E_mode,0
395,$400C_const,1
395,$400C_vol,7
395,$4008_linear,7
395,$4005_sweep,0
395,$4004_duty,2
395,$4004_const,1
395,$4004_vol,1
395,$4001_sweep,0
395,$4000_duty,2
395,$4000_const,1
395,$4000_vol,5
396,$400E_period,1
396,$400E_mode,0
396,$400C_const,1
396,$400C_vol,7
396,$4008_linear,7
396,$4005_sweep,0
396,$4004_duty,2
396,$4004_const,1
396,$4004_vol,1
396,$4001_sweep,0
396,$4000_duty,2
396,$4000_const,1
396,$4000_vol,5
397,$400E_period,1
397,$400E_mode,0
397,$400C_const,1
397,$400C_vol,7
397,$4008_linear,7
397,$4005_sweep,0
397,$4004_duty,2
397,$4004_const,1
397,$4004_vol,1
397,$4001_sweep,0
397,$4000_duty,2
397,$4000_const,1
397,$4000_vol,5
398,$400E_period,1
398,$400E_mode,0
398,$400C_const,1
398,$400C_vol,6
398,$4008_linear,7
398,$4005_sweep,0
398,$4004_duty,2
398,$4004_const,1
398,$4004_vol,1
398,$4001_sweep,0
398,$4000_duty,2
398,$4000_const,1
398,$4000_vol,4
399,$400E_period,1
399,$400E_mode,0
399,$400C_const,1
399,$400C_vol,5
399,$4008_linear,7
399,$4005_sweep,0
399,$4004_duty,2
399,$4004_const,1
399,$4004_vol,1
399,$4001_sweep,0
399,$4000_duty,2
399,$4000_const,1
399,$4000_vol,4
400,$400E_period,1
400,$400E_mode,0
400,$400C_const,1
400,$400C_vol,6
400,$400A_period,1531
400,$400B_length,2
400,$4008_linear,7
400,$4005_sweep,0
400,$4004_duty,2
400,$4004_const,1
400,$4004_vol,1
400,$4001_sweep,0
400,$4000_duty,2
400,$4000_const,1
400,$4000_vol,4
401,$400E_period,1
401,$400E_mode,0
401,$400C_const,1
401,$400C_vol,7
401,$4008_linear,7
401,$4005_sweep,0
401,$4004_duty,2
401,$4004_const,1
401,$4004_vol,1
401,$4001_sweep,0
401,$4000_duty,2
401,$4000_const,1
401,$4000_vol,5
402,$400E_period,1
402,$400E_mode,0
402,$400C_const,1
402,$400C_vol,7
402,$4008_linear,7
402,$4005_sweep,0
402,$4004_duty,2
402,$4004_const,1
402,$4004_vol,1
402,$4001_sweep,0
402,$4000_duty,2
402,$4000_const,1
402,$4000_vol,5
403,$400E_period,1
403,$400E_mode,0
403,$400C_const,1
403,$400C_vol,7
403,$4008_linear,7
403,$4005_sweep,0
403,$4004_duty,2
403,$4004_const,1
403,$4004_vol,1
403,$4001_sweep,0
403,$4000_duty,2
403,$4000_const,1
403,$4000_vol,5
404,$400E_period,1
404,$400E_mode,0
404,$400C_const,1
404,$400C_vol,7
404,$4008_linear,7
404,$4005_sweep,0
404,$4004_duty,2
404,$4004_const,1
404,$4004_vol,1
404,$4001_sweep,0
404,$4000_duty,2
404,$4000_const,1
404,$4000_vol,5
405,$400E_period,1
405,$400E_mode,0
405,$400C_const,1
405,$400C_vol,7
405,$400A_period,513
405,$400B_length,1
405,$4008_linear,7
405,$4005_sweep,0
405,$4004_duty,2
405,$4004_const,1
405,$4004_vol,1
405,$4001_sweep,0
405,$4000_duty,2
405,$4000_const,1
405,$4000_vol,5
406,$400E_period,1
406,$400E_mode,0
406,$400C_const,1
406,$400C_vol,6
406,$4008_linear,7
406,$4005_sweep,0
406,$4004_duty,2
406,$4004_const,1
406,$4004_vol,1
406,$4001_sweep,0
406,$4000_duty,2
406,$4000_const,1
406,$4000_vol,4
407,$400E_period,1
407,$400E_mode,0
407,$400C_const,1
407,$400C_vol,6
407,$4008_linear,7
407,$4005_sweep,0
407,$4004_duty,2
407,$4004_const,1
407,$4004_vol,1
407,$4001_sweep,0
407,$4000_duty,2
407,$4000_const,1
407,$4000_vol,4
408,$400E_period,1
408,$400E_mode,0
408,$400C_const,1
408,$400C_vol,6
408,$4008_linear,7
408,$4005_sweep,0
408,$4004_duty,2
408,$4004_const,1
408,$4004_vol,1
408,$4001_sweep,0
408,$4000_duty,2
408,$4000_const,1
408,$4000_vol,4
409,$400E_period,1
409,$400E_mode,0
409,$400C_const,1
409,$400C_vol,6
409,$4008_linear,7
409,$4005_sweep,0
409,$4004_duty,2
409,$4004_const,1
409,$4004_vol,1
409,$4001_sweep,0
409,$4000_duty,2
409,$4000_const,1
409,$4000_vol,4
410,$400E_period,1
410,$400E_mode,0
410,$400C_const,1
410,$400C_vol,6
410,$400A_period,1531
410,$400B_length,2
410,$4008_linear,7
410,$4005_sweep,0
410,$4004_duty,2
410,$4004_const,1
410,$4004_vol,1
410,$4001_sweep,0
410,$4000_duty,2
410,$4000_const,1
410,$4000_vol,4
411,$400E_period,1
411,$400E_mode,0
411,$400C_const,1
411,$400C_vol,5
411,$4008_linear,7
411,$4005_sweep,0
411,$4004_duty,2
411,$4004_const,1
411,$4004_vol,1
411,$4001_sweep,0
411,$4000_duty,2
411,$4000_const,1
411,$4000_vol,4
412,$400E_period,1
412,$400E_mode,0
412,$400C_const,1
412,$400C_vol,5
412,$4008_linear,7
412,$4005_sweep,0
412,$4004_duty,2
412,$4004_const,1
412,$4004_vol,1
412,$4001_sweep,0
412,$4000_duty,2
412,$4000_const,1
412,$4000_vol,4
413,$400E_period,1
413,$400E_mode,0
413,$400C_const,1
413,$400C_vol,5
413,$4008_linear,7
413,$4005_sweep,0
413,$4004_duty,2
413,$4004_const,1
413,$4004_vol,1
413,$4001_sweep,0
413,$4000_duty,2
413,$4000_const,1
413,$4000_vol,4
414,$400E_period,1
414,$400E_mode,0
414,$400C_const,1
414,$400C_vol,5
414,$4008_linear,7
414,$4005_sweep,0
414,$4004_duty,2
414,$4004_const,1
414,$4004_vol,1
414,$4001_sweep,0
414,$4000_duty,2
414,$4000_const,1
414,$4000_vol,4
415,$400E_period,1
415,$400E_mode,0
415,$400C_const,1
415,$400C_vol,5
415,$400A_period,631
415,$400B_length,1
415,$4008_linear,7
415,$4005_sweep,0
415,$4004_duty,2
415,$4004_const,1
415,$4004_vol,1
415,$4001_sweep,0
415,$4000_duty,2
415,$4000_const,1
415,$4000_vol,4
416,$400E_period,1
416,$400E_mode,0
416,$400C_const,1
416,$400C_vol,4
416,$400A_period,1083
416,$400B_length,2
416,$4008_linear,7
416,$4005_sweep,0
416,$4004_duty,2
416,$4004_const,1
416,$4004_vol,1
416,$4001_sweep,0
416,$4000_duty,2
416,$4000_const,1
416,$4000_vol,3
417,$400E_period,1
417,$400E_mode,0
417,$400C_const,1
417,$400C_vol,4
417,$4008_linear,7
417,$4005_sweep,0
417,$4004_duty,2
417,$4004_const,1
417,$4004_vol,1
417,$4001_sweep,0
417,$4000_duty,2
417,$4000_const,1
417,$4000_vol,3
418,$400E_period,1
418,$400E_mode,0
418,$400C_const,1
418,$400C_vol,4
418,$4008_linear,7
418,$4005_sweep,0
418,$4004_duty,2
418,$4004_const,1
418,$4004_vol,1
418,$4001_sweep,0
418,$4000_duty,2
418,$4000_const,1
418,$4000_vol,3
419,$400E_period,1
419,$400E_mode,0
419,$400C_const,1
419,$400C_vol,4
419,$4008_linear,7
419,$4005_sweep,0
419,$4004_duty,2
419,$4004_const,1
419,$4004_vol,1
419,$4001_sweep,0
419,$4000_duty,2
419,$4000_const,1
419,$4000_vol,3
420,$400E_period,1
420,$400E_mode,0
420,$400C_const,1
420,$400C_vol,3
420,$4008_linear,7
420,$4005_sweep,0
420,$4004_duty,2
420,$4004_const,1
420,$4004_vol,0
420,$4001_sweep,0
420,$4000_duty,2
420,$4000_const,1
420,$4000_vol,2
421,$400E_period,1
421,$400E_mode,0
421,$400C_const,1
421,$400C_vol,3
421,$4008_linear,7
421,$4005_sweep,0
421,$4004_duty,2
421,$4004_const,1
421,$4004_vol,0
421,$4001_sweep,0
421,$4000_duty,2
421,$4000_const,1
421,$4000_vol,2
422,$400E_period,1
422,$400E_mode,0
422,$400C_const,1
422,$400C_vol,3
422,$4008_linear,7
422,$4005_sweep,0
422,$4004_duty,2
422,$4004_const,1
422,$4004_vol,0
422,$4001_sweep,0
422,$4000_duty,2
422,$4000_const,1
422,$4000_vol,2
423,$400E_period,1
423,$400E_mode,0
423,$400C_const,1
423,$400C_vol,3
423,$4008_linear,7
423,$4005_sweep,0
423,$4004_duty,2
423,$4004_const,1
423,$4004_vol,0
423,$4001_sweep,0
423,$4000_duty,2
423,$4000_const,1
423,$4000_vol,2
424,$400E_period,1
424,$400E_mode,0
424,$400C_const,1
424,$400C_vol,2
424,$4008_linear,7
424,$4005_sweep,0
424,$4004_duty,2
424,$4004_const,1
424,$4004_vol,0
424,$4001_sweep,0
424,$4000_duty,2
424,$4000_const,1
424,$4000_vol,1
425,$400E_period,1
425,$400E_mode,0
425,$400C_const,1
425,$400C_vol,2
425,$4008_linear,7
425,$4005_sweep,0
425,$4004_duty,2
425,$4004_const,1
425,$4004_vol,0
425,$4001_sweep,0
425,$4000_duty,2
425,$4000_const,1
425,$4000_vol,1
426,$400E_period,1
426,$400E_mode,0
426,$400C_const,1
426,$400C_vol,2
426,$4008_linear,7
426,$4005_sweep,0
426,$4004_duty,2
426,$4004_const,1
426,$4004_vol,0
426,$4001_sweep,0
426,$4000_duty,2
426,$4000_const,1
426,$4000_vol,1
427,$400E_period,1
427,$400E_mode,0
427,$400C_const,1
427,$400C_vol,2
427,$4008_linear,7
427,$4005_sweep,0
427,$4004_duty,2
427,$4004_const,1
427,$4004_vol,0
427,$4001_sweep,0
427,$4000_duty,2
427,$4000_const,1
427,$4000_vol,1
428,$400E_period,1
428,$400E_mode,0
428,$400C_const,1
428,$400C_vol,1
428,$4008_linear,7
428,$4005_sweep,0
428,$4004_duty,2
428,$4004_const,1
428,$4004_vol,0
428,$4001_sweep,0
428,$4000_duty,2
428,$4000_const,1
428,$4000_vol,1
429,$400E_period,1
429,$400E_mode,0
429,$400C_const,1
429,$400C_vol,1
429,$4008_linear,7
429,$4005_sweep,0
429,$4004_duty,2
429,$4004_const,1
429,$4004_vol,0
429,$4001_sweep,0
429,$4000_duty,2
429,$4000_const,1
429,$4000_vol,1
430,$400E_period,1
430,$400E_mode,0
430,$400C_const,1
430,$400C_vol,1
430,$4008_linear,7
430,$4005_sweep,0
430,$4004_duty,2
430,$4004_const,1
430,$4004_vol,0
430,$4001_sweep,0
430,$4000_duty,2
430,$4000_const,1
430,$4000_vol,1
431,$400E_period,1
431,$400E_mode,0
431,$400C_const,1
431,$400C_vol,1
431,$4008_linear,7
431,$4005_sweep,0
431,$4004_duty,2
431,$4004_const,1
431,$4004_vol,0
431,$4001_sweep,0
431,$4000_duty,2
431,$4000_const,1
431,$4000_vol,1
432,$400E_period,1
432,$400E_mode,0
432,$400C_const,1
432,$400C_vol,1
432,$400A_period,647
432,$400B_length,1
432,$4008_linear,7
432,$4005_sweep,0
432,$4004_duty,2
432,$4004_const,1
432,$4004_vol,0
432,$4001_sweep,0
432,$4000_duty,2
432,$4000_const,1
432,$4000_vol,1
433,$400E_period,1
433,$400E_mode,0
433,$400C_const,1
433,$400C_vol,0
433,$400A_period,507
433,$400B_length,0
433,$4008_linear,7
433,$4005_sweep,0
433,$4004_duty,2
433,$4004_const,1
433,$4004_vol,0
433,$4001_sweep,0
433,$4000_duty,2
433,$4000_const,1
433,$4000_vol,0
434,$400E_period,1
434,$400E_mode,0
434,$400C_const,1
434,$400C_vol,1
434,$400A_period,1021
434,$400B_length,1
434,$4008_linear,7
434,$4005_sweep,0
434,$4004_duty,2
434,$4004_const,1
434,$4004_vol,0
434,$4001_sweep,0
434,$4000_duty,2
434,$4000_const,1
434,$4000_vol,1
435,$400E_period,1
435,$400E_mode,0
435,$400C_const,1
435,$400C_vol,1
435,$4008_linear,7
435,$4005_sweep,0
435,$4004_duty,2
435,$4004_const,1
435,$4004_vol,0
435,$4001_sweep,0
435,$4000_duty,2
435,$4000_const,1
435,$4000_vol,1
436,$400E_period,1
436,$400E_mode,0
436,$400C_const,1
436,$400C_vol,1
436,$4008_linear,7
436,$4005_sweep,0
436,$4004_duty,2
436,$4004_const,1
436,$4004_vol,0
436,$4001_sweep,0
436,$4000_duty,2
436,$4000_const,1
436,$4000_vol,1
437,$400E_period,1
437,$400E_mode,0
437,$400C_const,1
437,$400C_vol,1
437,$4008_linear,7
437,$4005_sweep,0
437,$4004_duty,2
437,$4004_const,1
437,$4004_vol,0
437,$4001_sweep,0
437,$4000_duty,2
437,$4000_const,1
437,$4000_vol,1
438,$400E_period,1
438,$400E_mode,0
438,$400C_const,1
438,$400C_vol,1
438,$4008_linear,7
438,$4005_sweep,0
438,$4004_duty,2
438,$4004_const,1
438,$4004_vol,0
438,$4001_sweep,0
438,$4000_duty,2
438,$4000_const,1
438,$4000_vol,1
439,$400E_period,1
439,$400E_mode,0
439,$400C_const,1
439,$400C_vol,2
439,$4008_linear,7
439,$4005_sweep,0
439,$4004_duty,2
439,$4004_const,1
439,$4004_vol,0
439,$4001_sweep,0
439,$4000_duty,2
439,$4000_const,1
439,$4000_vol,1
440,$400E_period,1
440,$400E_mode,0
440,$400C_const,1
440,$400C_vol,2
440,$4008_linear,7
440,$4005_sweep,0
440,$4004_duty,2
440,$4004_const,1
440,$4004_vol,0
440,$4001_sweep,0
440,$4000_duty,2
440,$4000_const,1
440,$4000_vol,1
441,$400E_period,1
441,$400E_mode,0
441,$400C_const,1
441,$400C_vol,2
441,$4008_linear,7
441,$4005_sweep,0
441,$4004_duty,2
441,$4004_const,1
441,$4004_vol,0
441,$4001_sweep,0
441,$4000_duty,2
441,$4000_const,1
441,$4000_vol,1
442,$400E_period,1
442,$400E_mode,0
442,$400C_const,1
442,$400C_vol,3
442,$4008_linear,7
442,$4005_sweep,0
442,$4004_duty,2
442,$4004_const,1
442,$4004_vol,0
442,$4001_sweep,0
442,$4000_duty,2
442,$4000_const,1
442,$4000_vol,2
443,$400E_period,1
443,$400E_mode,0
443,$400C_const,1
443,$400C_vol,3
443,$4008_linear,7
443,$4005_sweep,0
443,$4004_duty,2
443,$4004_const,1
443,$4004_vol,0
443,$4001_sweep,0
443,$4000_duty,2
443,$4000_const,1
443,$4000_vol,2
444,$400E_period,1
444,$400E_mode,0
444,$400C_const,1
444,$400C_vol,3
444,$4008_linear,7
444,$4005_sweep,0
444,$4004_duty,2
444,$4004_const,1
444,$4004_vol,0
444,$4001_sweep,0
444,$4000_duty,2
444,$4000_const,1
444,$4000_vol,2
445,$400E_period,1
445,$400E_mode,0
445,$400C_const,1
445,$400C_vol,4
445,$4008_linear,7
445,$4005_sweep,0
445,$4004_duty,2
445,$4004_const,1
445,$4004_vol,1
445,$4001_sweep,0
445,$4000_duty,2
445,$4000_const,1
445,$4000_vol,3
446,$400E_period,1
446,$400E_mode,0
446,$400C_const,1
446,$400C_vol,4
446,$4008_linear,7
446,$4005_sweep,0
446,$4004_duty,2
446,$4004_const,1
446,$4004_vol,1
446,$4001_sweep,0
446,$4000_duty,2
446,$4000_const,1
446,$4000_vol,3
447,$400E_period,1
447,$400E_mode,0
447,$400C_const,1
447,$400C_vol,4
447,$4008_linear,7
447,$4005_sweep,0
447,$4004_duty,2
447,$4004_const,1
447,$4004_vol,1
447,$4001_sweep,0
447,$4000_duty,2
447,$4000_const,1
447,$4000_vol,3
448,$400E_period,1
448,$400E_mode,0
448,$400C_const,1
448,$400C_vol,5
448,$400A_period,1531
448,$400B_length,2
448,$4008_linear,7
448,$4005_sweep,0
448,$4004_duty,2
448,$4004_const,1
448,$4004_vol,1
448,$4001_sweep,0
448,$4000_duty,2
448,$4000_const,1
448,$4000_vol,4
449,$400E_period,1
449,$400E_mode,0
449,$400C_const,1
449,$400C_vol,5
449,$4008_linear,7
449,$4005_sweep,0
449,$4004_duty,2
449,$4004_const,1
449,$4004_vol,1
449,$4001_sweep,0
449,$4000_duty,2
449,$4000_const,1
449,$4000_vol,4
450,$400E_period,1
450,$400E_mode,0
450,$400C_const,1
450,$400C_vol,0
450,$4008_linear,7
450,$4005_sweep,0
450,$4004_duty,1
450,$4004_const,1
450,$4004_vol,0
450,$4001_sweep,0
450,$4000_duty,2
450,$4000_const,1
450,$4000_vol,0
451,$400E_period,1
451,$400E_mode,0
451,$400C_const,1
451,$400C_vol,15
451,$400A_period,1013
451,$400B_length,1
451,$4008_linear,7
451,$4005_sweep,0
451,$4004_duty,1
451,$4004_const,1
451,$4004_vol,8
451,$4001_sweep,0
451,$4000_duty,2
451,$4000_const,1
451,$4000_vol,10
452,$400E_period,1
452,$400E_mode,0
452,$400C_const,1
452,$400C_vol,11
452,$400A_period,1275
452,$400B_length,2
452,$4008_linear,7
452,$4005_sweep,0
452,$4004_duty,1
452,$4004_const,1
452,$4004_vol,7
452,$4001_sweep,0
452,$4000_duty,2
452,$4000_const,1
452,$4000_vol,8
453,$400E_period,1
453,$400E_mode,0
453,$400C_const,1
453,$400C_vol,10
453,$4008_linear,7
453,$4005_sweep,0
453,$4004_duty,1
453,$4004_const,1
453,$4004_vol,6
453,$4001_sweep,0
453,$4000_duty,2
453,$4000_const,1
453,$4000_vol,7
454,$400E_period,1
454,$400E_mode,0
454,$400C_const,1
454,$400C_vol,9
454,$4008_linear,7
454,$4005_sweep,0
454,$4004_duty,1
454,$4004_const,1
454,$4004_vol,6
454,$4001_sweep,0
454,$4000_duty,2
454,$4000_const,1
454,$4000_vol,7
455,$400E_period,1
455,$400E_mode,0
455,$400C_const,1
455,$400C_vol,8
455,$4008_linear,7
455,$4005_sweep,0
455,$4004_duty,1
455,$4004_const,1
455,$4004_vol,6
455,$4001_sweep,0
455,$4000_duty,2
455,$4000_const,1
455,$4000_vol,6
456,$400E_period,1
456,$400E_mode,0
456,$400C_const,1
456,$400C_vol,8
456,$4008_linear,7
456,$4005_sweep,0
456,$4004_duty,1
456,$4004_const,1
456,$4004_vol,5
456,$4001_sweep,0
456,$4000_duty,2
456,$4000_const,1
456,$4000_vol,6
457,$400E_period,1
457,$400E_mode,0
457,$400C_const,1
457,$400C_vol,8
457,$4008_linear,7
457,$4005_sweep,0
457,$4004_duty,1
457,$4004_const,1
457,$4004_vol,5
457,$4001_sweep,0
457,$4000_duty,2
457,$4000_const,1
457,$4000_vol,6
458,$400E_period,1
458,$400E_mode,0
458,$400C_const,1
458,$400C_vol,8
458,$4008_linear,7
458,$4005_sweep,0
458,$4004_duty,1
458,$4004_const,1
458,$4004_vol,4
458,$4001_sweep,0
458,$4000_duty,2
458,$4000_const,1
458,$4000_vol,6
459,$400E_period,1
459,$400E_mode,0
459,$400C_const,1
459,$400C_vol,8
459,$4008_linear,7
459,$4005_sweep,0
459,$4004_duty,1
459,$4004_const,1
459,$4004_vol,4
459,$4001_sweep,0
459,$4000_duty,2
459,$4000_const,1
459,$4000_vol,6
460,$400E_period,1
460,$400E_mode,0
460,$400C_const,1
460,$400C_vol,7
460,$4008_linear,7
460,$4005_sweep,0
460,$4004_duty,1
460,$4004_const,1
460,$4004_vol,4
460,$4001_sweep,0
460,$4000_duty,2
460,$4000_const,1
460,$4000_vol,5
461,$400E_period,1
461,$400E_mode,0
461,$400C_const,1
461,$400C_vol,7
461,$4008_linear,7
461,$4005_sweep,0
461,$4004_duty,1
461,$4004_const,1
461,$4004_vol,4
461,$4001_sweep,0
461,$4000_duty,2
461,$4000_const,1
461,$4000_vol,5
462,$400E_period,1
462,$400E_mode,0
462,$400C_const,1
462,$400C_vol,7
462,$4008_linear,7
462,$4005_sweep,0
462,$4004_duty,1
462,$4004_const,1
462,$4004_vol,4
462,$4001_sweep,0
462,$4000_duty,2
462,$4000_const,1
462,$4000_vol,5
463,$400E_period,1
463,$400E_mode,0
463,$400C_const,1
463,$400C_vol,7
463,$4008_linear,7
463,$4005_sweep,0
463,$4004_duty,1
463,$4004_const,1
463,$4004_vol,3
463,$4001_sweep,0
463,$4000_duty,2
463,$4000_const,1
463,$4000_vol,5
464,$400E_period,1
464,$400E_mode,0
464,$400C_const,1
464,$400C_vol,6
464,$4008_linear,7
464,$4005_sweep,0
464,$4004_duty,1
464,$4004_const,1
464,$4004_vol,3
464,$4001_sweep,0
464,$4000_duty,2
464,$4000_const,1
464,$4000_vol,4
465,$400E_period,1
465,$400E_mode,0
465,$400C_const,1
465,$400C_vol,5
465,$4008_linear,7
465,$4005_sweep,0
465,$4004_duty,1
465,$4004_const,1
465,$4004_vol,3
465,$4001_sweep,0
465,$4000_duty,2
465,$4000_const,1
465,$4000_vol,4
466,$400E_period,1
466,$400E_mode,0
466,$400C_const,1
466,$400C_vol,6
466,$4008_linear,7
466,$4005_sweep,0
466,$4004_duty,1
466,$4004_const,1
466,$4004_vol,2
466,$4001_sweep,0
466,$4000_duty,2
466,$4000_const,1
466,$4000_vol,4
467,$400E_period,1
467,$400E_mode,0
467,$400C_const,1
467,$400C_vol,7
467,$400A_period,2047
467,$400B_length,3
467,$4008_linear,7
467,$4005_sweep,0
467,$4004_duty,1
467,$4004_const,1
467,$4004_vol,2
467,$4001_sweep,0
467,$4000_duty,2
467,$4000_const,1
467,$4000_vol,5
468,$400E_period,1
468,$400E_mode,0
468,$400C_const,1
468,$400C_vol,7
468,$4008_linear,7
468,$4005_sweep,0
468,$4004_duty,1
468,$4004_const,1
468,$4004_vol,2
468,$4001_sweep,0
468,$4000_duty,2
468,$4000_const,1
468,$4000_vol,5
469,$400E_period,1
469,$400E_mode,0
469,$400C_const,1
469,$400C_vol,7
469,$4008_linear,7
469,$4005_sweep,0
469,$4004_duty,1
469,$4004_const,1
469,$4004_vol,2
469,$4001_sweep,0
469,$4000_duty,2
469,$4000_const,1
469,$4000_vol,5
470,$400E_period,1
470,$400E_mode,0
470,$400C_const,1
470,$400C_vol,7
470,$400A_period,1033
470,$400B_length,2
470,$4008_linear,7
470,$4005_sweep,0
470,$4004_duty,1
470,$4004_const,1
470,$4004_vol,2
470,$4001_sweep,0
470,$4000_duty,2
470,$4000_const,1
470,$4000_vol,5
471,$400E_period,1
471,$400E_mode,0
471,$400C_const,1
471,$400C_vol,7
471,$4008_linear,7
471,$4005_sweep,0
471,$4004_duty,1
471,$4004_const,1
471,$4004_vol,2
471,$4001_sweep,0
471,$4000_duty,2
471,$4000_const,1
471,$4000_vol,5
472,$400E_period,1
472,$400E_mode,0
472,$400C_const,1
472,$400C_vol,6
472,$4008_linear,7
472,$4005_sweep,0
472,$4004_duty,1
472,$4004_const,1
472,$4004_vol,2
472,$4001_sweep,0
472,$4000_duty,2
472,$4000_const,1
472,$4000_vol,4
473,$400E_period,1
473,$400E_mode,0
473,$400C_const,1
473,$400C_vol,6
473,$4008_linear,7
473,$4005_sweep,0
473,$4004_duty,1
473,$4004_const,1
473,$4004_vol,1
473,$4001_sweep,0
473,$4000_duty,2
473,$4000_const,1
473,$4000_vol,4
474,$400E_period,1
474,$400E_mode,0
474,$400C_const,1
474,$400C_vol,6
474,$4008_linear,0
474,$4005_sweep,0
474,$4004_duty,1
474,$4004_const,1
474,$4004_vol,1
474,$4001_sweep,0
474,$4000_duty,2
474,$4000_const,1
474,$4000_vol,4
475,$400E_period,1
475,$400E_mode,0
475,$400C_const,1
475,$400C_vol,6
475,$4008_linear,0
475,$4005_sweep,0
475,$4004_duty,1
475,$4004_const,1
475,$4004_vol,1
475,$4001_sweep,0
475,$4000_duty,2
475,$4000_const,1
475,$4000_vol,4
476,$400E_period,1
476,$400E_mode,0
476,$400C_const,1
476,$400C_vol,6
476,$4008_linear,0
476,$4005_sweep,0
476,$4004_duty,1
476,$4004_const,1
476,$4004_vol,1
476,$4001_sweep,0
476,$4000_duty,2
476,$4000_const,1
476,$4000_vol,4
477,$400E_period,1
477,$400E_mode,0
477,$400C_const,1
477,$400C_vol,5
477,$4008_linear,0
477,$4005_sweep,0
477,$4004_duty,1
477,$4004_const,1
477,$4004_vol,1
477,$4001_sweep,0
477,$4000_duty,2
477,$4000_const,1
477,$4000_vol,4
478,$400E_period,1
478,$400E_mode,0
478,$400C_const,1
478,$400C_vol,5
478,$4008_linear,0
478,$4005_sweep,0
478,$4004_duty,1
478,$4004_const,1
478,$4004_vol,1
478,$4001_sweep,0
478,$4000_duty,2
478,$4000_const,1
478,$4000_vol,4
479,$400E_period,1
479,$400E_mode,0
479,$400C_const,1
479,$400C_vol,5
479,$4008_linear,0
479,$4005_sweep,0
479,$4004_duty,1
479,$4004_const,1
479,$4004_vol,1
479,$4001_sweep,0
479,$4000_duty,2
479,$4000_const,1
479,$4000_vol,4
480,$400E_period,1
480,$400E_mode,0
480,$400C_const,1
480,$400C_vol,5
480,$4008_linear,0
480,$4005_sweep,0
480,$4004_duty,1
480,$4004_const,1
480,$4004_vol,1
480,$4001_sweep,0
480,$4000_duty,2
480,$4000_const,1
480,$4000_vol,4
481,$400E_period,1
481,$400E_mode,0
481,$400C_const,1
481,$400C_vol,5
481,$4008_linear,0
481,$4005_sweep,0
481,$4004_duty,1
481,$4004_const,1
481,$4004_vol,0
481,$4001_sweep,0
481,$4000_duty,2
481,$4000_const,1
481,$4000_vol,4
482,$400E_period,1
482,$400E_mode,0
482,$400C_const,1
482,$400C_vol,4
482,$4008_linear,0
482,$4005_sweep,0
482,$4004_duty,1
482,$4004_const,1
482,$4004_vol,0
482,$4001_sweep,0
482,$4000_duty,2
482,$4000_const,1
482,$4000_vol,3
483,$400E_period,1
483,$400E_mode,0
483,$400C_const,1
483,$400C_vol,4
483,$4008_linear,0
483,$4005_sweep,0
483,$4004_duty,1
483,$4004_const,1
483,$4004_vol,0
483,$4001_sweep,0
483,$4000_duty,2
483,$4000_const,1
483,$4000_vol,3
484,$400E_period,1
484,$400E_mode,0
484,$400C_const,1
484,$400C_vol,4
484,$4008_linear,0
484,$4005_sweep,0
484,$4004_duty,1
484,$4004_const,1
484,$4004_vol,0
484,$4001_sweep,0
484,$4000_duty,2
484,$4000_const,1
484,$4000_vol,3
485,$400E_period,1
485,$400E_mode,0
485,$400C_const,1
485,$400C_vol,4
485,$4008_linear,0
485,$4005_sweep,0
485,$4004_duty,1
485,$4004_const,1
485,$4004_vol,0
485,$4001_sweep,0
485,$4000_duty,2
485,$4000_const,1
485,$4000_vol,3
486,$400E_period,1
486,$400E_mode,0
486,$400C_const,1
486,$400C_vol,0
486,$4008_linear,7
486,$4005_sweep,0
486,$4004_duty,1
486,$4004_const,1
486,$4004_vol,0
486,$4001_sweep,0
486,$4000_duty,2
486,$4000_const,1
486,$4000_vol,0
487,$400E_period,1
487,$400E_mode,0
487,$400C_const,1
487,$400C_vol,15
487,$400A_period,847
487,$400B_length,1
487,$4008_linear,7
487,$4005_sweep,0
487,$4004_duty,1
487,$4004_const,1
487,$4004_vol,8
487,$4001_sweep,0
487,$4000_duty,2
487,$4000_const,1
487,$4000_vol,10
488,$400E_period,1
488,$400E_mode,0
488,$400C_const,1
488,$400C_vol,11
488,$400A_period,1191
488,$400B_length,2
488,$4008_linear,7
488,$4005_sweep,0
488,$4004_duty,1
488,$4004_const,1
488,$4004_vol,7
488,$4001_sweep,0
488,$4000_duty,2
488,$4000_const,1
488,$4000_vol,8
489,$400E_period,1
489,$400E_mode,0
489,$400C_const,1
489,$400C_vol,10
489,$4008_linear,7
489,$4005_sweep,0
489,$4004_duty,1
489,$4004_const,1
489,$4004_vol,6
489,$4001_sweep,0
489,$4000_duty,2
489,$4000_const,1
489,$4000_vol,7
490,$400E_period,1
490,$400E_mode,0
490,$400C_const,1
490,$400C_vol,9
490,$4008_linear,7
490,$4005_sweep,0
490,$4004_duty,1
490,$4004_const,1
490,$4004_vol,6
490,$4001_sweep,0
490,$4000_duty,2
490,$4000_const,1
490,$4000_vol,7
491,$400E_period,1
491,$400E_mode,0
491,$400C_const,1
491,$400C_vol,8
491,$4008_linear,7
491,$4005_sweep,0
491,$4004_duty,1
491,$4004_const,1
491,$4004_vol,6
491,$4001_sweep,0
491,$4000_duty,2
491,$4000_const,1
491,$4000_vol,6
492,$400E_period,1
492,$400E_mode,0
492,$400C_const,1
492,$400C_vol,8
492,$4008_linear,7
492,$4005_sweep,0
492,$4004_duty,1
492,$4004_const,1
492,$4004_vol,5
492,$4001_sweep,0
492,$4000_duty,2
492,$4000_const,1
492,$4000_vol,6
493,$400E_period,1
493,$400E_mode,0
493,$400C_const,1
493,$400C_vol,8
493,$4008_linear,7
493,$4005_sweep,0
493,$4004_duty,1
493,$4004_const,1
493,$4004_vol,5
493,$4001_sweep,0
493,$4000_duty,2
493,$4000_const,1
493,$4000_vol,6
494,$400E_period,1
494,$400E_mode,0
494,$400C_const,1
494,$400C_vol,8
494,$4008_linear,7
494,$4005_sweep,0
494,$4004_duty,1
494,$4004_const,1
494,$4004_vol,4
494,$4001_sweep,0
494,$4000_duty,2
494,$4000_const,1
494,$4000_vol,6
495,$400E_period,1
495,$400E_mode,0
495,$400C_const,1
495,$400C_vol,8
495,$4008_linear,7
495,$4005_sweep,0
495,$4004_duty,1
495,$4004_const,1
495,$4004_vol,4
495,$4001_sweep,0
495,$4000_duty,2
495,$4000_const,1
495,$4000_vol,6
496,$400E_period,1
496,$400E_mode,0
496,$400C_const,1
496,$400C_vol,7
496,$4008_linear,7
496,$4005_sweep,0
496,$4004_duty,1
496,$4004_const,1
496,$4004_vol,4
496,$4001_sweep,0
496,$4000_duty,2
496,$4000_const,1
496,$4000_vol,5
497,$400E_period,1
497,$400E_mode,0
497,$400C_const,1
497,$400C_vol,7
497,$4008_linear,7
497,$4005_sweep,0
497,$4004_duty,1
497,$4004_const,1
497,$4004_vol,4
497,$4001_sweep,0
497,$4000_duty,2
497,$4000_const,1
497,$4000_vol,5
498,$400E_period,1
498,$400E_mode,0
498,$400C_const,1
498,$400C_vol,7
498,$4008_linear,7
498,$4005_sweep,0
498,$4004_duty,1
498,$4004_const,1
498,$4004_vol,4
498,$4001_sweep,0
498,$4000_duty,2
498,$4000_const,1
498,$4000_vol,5
499,$400E_period,1
499,$400E_mode,0
499,$400C_const,1
499,$400C_vol,7
499,$4008_linear,7
499,$4005_sweep,0
499,$4004_duty,1
499,$4004_const,1
499,$4004_vol,3
499,$4001_sweep,0
499,$4000_duty,2
499,$4000_const,1
499,$4000_vol,5
500,$400E_period,1
500,$400E_mode,0
500,$400C_const,1
500,$400C_vol,6
500,$4008_linear,7
500,$4005_sweep,0
500,$4004_duty,1
500,$4004_const,1
500,$4004_vol,3
500,$4001_sweep,0
500,$4000_duty,2
500,$4000_const,1
500,$4000_vol,4
501,$400E_period,1
501,$400E_mode,0
501,$400C_const,1
501,$400C_vol,5
501,$4008_linear,7
501,$4005_sweep,0
501,$4004_duty,1
501,$4004_const,1
501,$4004_vol,3
501,$4001_sweep,0
501,$4000_duty,2
501,$4000_const,1
501,$4000_vol,4
502,$400E_period,1
502,$400E_mode,0
502,$400C_const,1
502,$400C_vol,6
502,$4008_linear,7
502,$4005_sweep,0
502,$4004_duty,1
502,$4004_const,1
502,$4004_vol,2
502,$4001_sweep,0
502,$4000_duty,2
502,$4000_const,1
502,$4000_vol,4
503,$400E_period,1
503,$400E_mode,0
503,$400C_const,1
503,$400C_vol,7
503,$4008_linear,7
503,$4005_sweep,0
503,$4004_duty,1
503,$4004_const,1
503,$4004_vol,2
503,$4001_sweep,0
503,$4000_duty,2
503,$4000_const,1
503,$4000_vol,5
504,$400E_period,1
504,$400E_mode,0
504,$400C_const,1
504,$400C_vol,7
504,$4008_linear,7
504,$4005_sweep,0
504,$4004_duty,1
504,$4004_const,1
504,$4004_vol,2
504,$4001_sweep,0
504,$4000_duty,2
504,$4000_const,1
504,$4000_vol,5
505,$400E_period,1
505,$400E_mode,0
505,$400C_const,1
505,$400C_vol,7
505,$4008_linear,7
505,$4005_sweep,0
505,$4004_duty,1
505,$4004_const,1
505,$4004_vol,2
505,$4001_sweep,0
505,$4000_duty,2
505,$4000_const,1
505,$4000_vol,5
506,$400E_period,1
506,$400E_mode,0
506,$400C_const,1
506,$400C_vol,7
506,$4008_linear,7
506,$4005_sweep,0
506,$4004_duty,1
506,$4004_const,1
506,$4004_vol,2
506,$4001_sweep,0
506,$4000_duty,2
506,$4000_const,1
506,$4000_vol,5
507,$400E_period,1
507,$400E_mode,0
507,$400C_const,1
507,$400C_vol,7
507,$4008_linear,7
507,$4005_sweep,0
507,$4004_duty,1
507,$4004_const,1
507,$4004_vol,2
507,$4001_sweep,0
507,$4000_duty,2
507,$4000_const,1
507,$4000_vol,5
508,$400E_period,1
508,$400E_mode,0
508,$400C_const,1
508,$400C_vol,6
508,$4008_linear,7
508,$4005_sweep,0
508,$4004_duty,1
508,$4004_const,1
508,$4004_vol,2
508,$4001_sweep,0
508,$4000_duty,2
508,$4000_const,1
508,$4000_vol,4
509,$400E_period,1
509,$400E_mode,0
509,$400C_const,1
509,$400C_vol,6
509,$4008_linear,7
509,$4005_sweep,0
509,$4004_duty,1
509,$4004_const,1
509,$4004_vol,1
509,$4001_sweep,0
509,$4000_duty,2
509,$4000_const,1
509,$4000_vol,4
510,$400E_period,1
510,$400E_mode,0
510,$400C_const,1
510,$400C_vol,6
510,$4008_linear,0
510,$4005_sweep,0
510,$4004_duty,1
510,$4004_const,1
510,$4004_vol,1
510,$4001_sweep,0
510,$4000_duty,2
510,$4000_const,1
510,$4000_vol,4
511,$400E_period,1
511,$400E_mode,0
511,$400C_const,1
511,$400C_vol,6
511,$4008_linear,0
511,$4005_sweep,0
511,$4004_duty,1
511,$4004_const,1
511,$4004_vol,1
511,$4001_sweep,0
511,$4000_duty,2
511,$4000_const,1
511,$4000_vol,4
512,$400E_period,1
512,$400E_mode,0
512,$400C_const,1
512,$400C_vol,6
512,$4008_linear,0
512,$4005_sweep,0
512,$4004_duty,1
512,$4004_const,1
512,$4004_vol,1
512,$4001_sweep,0
512,$4000_duty,2
512,$4000_const,1
512,$4000_vol,4
513,$400E_period,1
513,$400E_mode,0
513,$400C_const,1
513,$400C_vol,5
513,$4008_linear,0
513,$4005_sweep,0
513,$4004_duty,1
513,$4004_const,1
513,$4004_vol,1
513,$4001_sweep,0
513,$4000_duty,2
513,$4000_const,1
513,$4000_vol,4
514,$400E_period,1
514,$400E_mode,0
514,$400C_const,1
514,$400C_vol,5
514,$4008_linear,0
514,$4005_sweep,0
514,$4004_duty,1
514,$4004_const,1
514,$4004_vol,1
514,$4001_sweep,0
514,$4000_duty,2
514,$4000_const,1
514,$4000_vol,4
515,$400E_period,1
515,$400E_mode,0
515,$400C_const,1
515,$400C_vol,5
515,$4008_linear,0
515,$4005_sweep,0
515,$4004_duty,1
515,$4004_const,1
515,$4004_vol,1
515,$4001_sweep,0
515,$4000_duty,2
515,$4000_const,1
515,$4000_vol,4
516,$400E_period,1
516,$400E_mode,0
516,$400C_const,1
516,$400C_vol,5
516,$4008_linear,0
516,$4005_sweep,0
516,$4004_duty,1
516,$4004_const,1
516,$4004_vol,1
516,$4001_sweep,0
516,$4000_duty,2
516,$4000_const,1
516,$4000_vol,4
517,$400E_period,1
517,$400E_mode,0
517,$400C_const,1
517,$400C_vol,5
517,$4008_linear,0
517,$4005_sweep,0
517,$4004_duty,1
517,$4004_const,1
517,$4004_vol,0
517,$4001_sweep,0
517,$4000_duty,2
517,$4000_const,1
517,$4000_vol,4
518,$400E_period,1
518,$400E_mode,0
518,$400C_const,1
518,$400C_vol,4
518,$4008_linear,0
518,$4005_sweep,0
518,$4004_duty,1
518,$4004_const,1
518,$4004_vol,0
518,$4001_sweep,0
518,$4000_duty,2
518,$4000_const,1
518,$4000_vol,3
519,$400E_period,1
519,$400E_mode,0
519,$400C_const,1
519,$400C_vol,4
519,$4008_linear,0
519,$4005_sweep,0
519,$4004_duty,1
519,$4004_const,1
519,$4004_vol,0
519,$4001_sweep,0
519,$4000_duty,2
519,$4000_const,1
519,$4000_vol,3
520,$400E_period,1
520,$400E_mode,0
520,$400C_const,1
520,$400C_vol,4
520,$4008_linear,0
520,$4005_sweep,0
520,$4004_duty,1
520,$4004_const,1
520,$4004_vol,0
520,$4001_sweep,0
520,$4000_duty,2
520,$4000_const,1
520,$4000_vol,3
521,$400E_period,1
521,$400E_mode,0
521,$400C_const,1
521,$400C_vol,4
521,$4008_linear,0
521,$4005_sweep,0
521,$4004_duty,1
521,$4004_const,1
521,$4004_vol,0
521,$4001_sweep,0
521,$4000_duty,2
521,$4000_const,1
521,$4000_vol,3
522,$400E_period,1
522,$400E_mode,0
522,$400C_const,1
522,$400C_vol,0
522,$400A_period,827
522,$400B_length,1
522,$4008_linear,7
522,$4005_sweep,0
522,$4004_duty,2
522,$4004_const,1
522,$4004_vol,0
522,$4001_sweep,0
522,$4000_duty,0
522,$4000_const,1
522,$4000_vol,0
523,$400E_period,1
523,$400E_mode,0
523,$400C_const,1
523,$400C_vol,11
523,$400A_period,507
523,$400B_length,0
523,$4008_linear,7
523,$4005_sweep,0
523,$4004_duty,2
523,$4004_const,1
523,$4004_vol,9
523,$4001_sweep,0
523,$4000_duty,0
523,$4000_const,1
523,$4000_vol,3
524,$400E_period,1
524,$400E_mode,0
524,$400C_const,1
524,$400C_vol,6
524,$400A_period,1021
524,$400B_length,1
524,$4008_linear,7
524,$4005_sweep,0
524,$4004_duty,2
524,$4004_const,1
524,$4004_vol,7
524,$4001_sweep,0
524,$4000_duty,0
524,$4000_const,1
524,$4000_vol,3
525,$400E_period,1
525,$400E_mode,0
525,$400C_const,1
525,$400C_vol,2
525,$4008_linear,7
525,$4005_sweep,0
525,$4004_duty,2
525,$4004_const,1
525,$4004_vol,6
525,$4001_sweep,0
525,$4000_duty,0
525,$4000_const,1
525,$4000_vol,3
526,$400E_period,1
526,$400E_mode,0
526,$400C_const,1
526,$400C_vol,1
526,$4008_linear,7
526,$4005_sweep,0
526,$4004_duty,2
526,$4004_const,1
526,$4004_vol,6
526,$4001_sweep,0
526,$4000_duty,0
526,$4000_const,1
526,$4000_vol,3
527,$400E_period,1
527,$400E_mode,0
527,$400C_const,1
527,$400C_vol,0
527,$4008_linear,7
527,$4005_sweep,0
527,$4004_duty,2
527,$4004_const,1
527,$4004_vol,5
527,$4001_sweep,0
527,$4000_duty,0
527,$4000_const,1
527,$4000_vol,3
528,$400E_period,1
528,$400E_mode,0
528,$400C_const,1
528,$400C_vol,0
528,$4008_linear,7
528,$4005_sweep,0
528,$4004_duty,2
528,$4004_const,1
528,$4004_vol,5
528,$4001_sweep,0
528,$4000_duty,0
528,$4000_const,1
528,$4000_vol,3
529,$400E_period,1
529,$400E_mode,0
529,$400C_const,1
529,$400C_vol,0
529,$4008_linear,7
529,$4005_sweep,0
529,$4004_duty,2
529,$4004_const,1
529,$4004_vol,5
529,$4001_sweep,0
529,$4000_duty,0
529,$4000_const,1
529,$4000_vol,3
530,$400E_period,1
530,$400E_mode,0
530,$400C_const,1
530,$400C_vol,0
530,$4008_linear,7
530,$4005_sweep,0
530,$4004_duty,2
530,$4004_const,1
530,$4004_vol,5
530,$4001_sweep,0
530,$4000_duty,0
530,$4000_const,1
530,$4000_vol,3
531,$400E_period,1
531,$400E_mode,0
531,$400C_const,1
531,$400C_vol,0
531,$4008_linear,7
531,$4005_sweep,0
531,$4004_duty,2
531,$4004_const,1
531,$4004_vol,5
531,$4001_sweep,0
531,$4000_duty,0
531,$4000_const,1
531,$4000_vol,3
532,$400E_period,1
532,$400E_mode,0
532,$400C_const,1
532,$400C_vol,0
532,$4008_linear,7
532,$4005_sweep,0
532,$4004_duty,2
532,$4004_const,1
532,$4004_vol,4
532,$4001_sweep,0
532,$4000_duty,0
532,$4000_const,1
532,$4000_vol,3
533,$400E_period,1
533,$400E_mode,0
533,$400C_const,1
533,$400C_vol,0
533,$4008_linear,7
533,$4005_sweep,0
533,$4004_duty,2
533,$4004_const,1
533,$4004_vol,4
533,$4001_sweep,0
533,$4000_duty,0
533,$4000_const,1
533,$4000_vol,3
534,$400E_period,1
534,$400E_mode,0
534,$400C_const,1
534,$400C_vol,0
534,$4008_linear,7
534,$4005_sweep,0
534,$4004_duty,2
534,$4004_const,1
534,$4004_vol,4
534,$4001_sweep,0
534,$4000_duty,0
534,$4000_const,1
534,$4000_vol,3
535,$400E_period,1
535,$400E_mode,0
535,$400C_const,1
535,$400C_vol,8
535,$4008_linear,7
535,$4005_sweep,0
535,$4004_duty,2
535,$4004_const,1
535,$4004_vol,4
535,$4001_sweep,0
535,$4000_duty,0
535,$4000_const,1
535,$4000_vol,3
536,$400E_period,1
536,$400E_mode,0
536,$400C_const,1
536,$400C_vol,4
536,$4008_linear,7
536,$4005_sweep,0
536,$4004_duty,2
536,$4004_const,1
536,$4004_vol,4
536,$4001_sweep,0
536,$4000_duty,0
536,$4000_const,1
536,$4000_vol,3
537,$400E_period,1
537,$400E_mode,0
537,$400C_const,1
537,$400C_vol,1
537,$4008_linear,7
537,$4005_sweep,0
537,$4004_duty,2
537,$4004_const,1
537,$4004_vol,3
537,$4001_sweep,0
537,$4000_duty,0
537,$4000_const,1
537,$4000_vol,3
538,$400E_period,1
538,$400E_mode,0
538,$400C_const,1
538,$400C_vol,1
538,$400A_period,1531
538,$400B_length,2
538,$4008_linear,7
538,$4005_sweep,0
538,$4004_duty,2
538,$4004_const,1
538,$4004_vol,4
538,$4001_sweep,0
538,$4000_duty,0
538,$4000_const,1
538,$4000_vol,3
539,$400E_period,1
539,$400E_mode,0
539,$400C_const,1
539,$400C_vol,0
539,$4008_linear,7
539,$4005_sweep,0
539,$4004_duty,2
539,$4004_const,1
539,$4004_vol,4
539,$4001_sweep,0
539,$4000_duty,0
539,$4000_const,1
539,$4000_vol,3
540,$400E_period,1
540,$400E_mode,0
540,$400C_const,1
540,$400C_vol,0
540,$4008_linear,0
540,$4005_sweep,0
540,$4004_duty,2
540,$4004_const,1
540,$4004_vol,4
540,$4001_sweep,0
540,$4000_duty,0
540,$4000_const,1
540,$4000_vol,3
541,$400E_period,1
541,$400E_mode,0
541,$400C_const,1
541,$400C_vol,12
541,$4008_linear,0
541,$4005_sweep,0
541,$4004_duty,2
541,$4004_const,1
541,$4004_vol,4
541,$4001_sweep,0
541,$4000_duty,0
541,$4000_const,1
541,$4000_vol,3
542,$400E_period,1
542,$400E_mode,0
542,$400C_const,1
542,$400C_vol,7
542,$4008_linear,0
542,$4005_sweep,0
542,$4004_duty,2
542,$4004_const,1
542,$4004_vol,4
542,$4001_sweep,0
542,$4000_duty,0
542,$4000_const,1
542,$4000_vol,3
543,$400E_period,1
543,$400E_mode,0
543,$400C_const,1
543,$400C_vol,5
543,$4008_linear,0
543,$4005_sweep,0
543,$4004_duty,2
543,$4004_const,1
543,$4004_vol,4
543,$4001_sweep,0
543,$4000_duty,0
543,$4000_const,1
543,$4000_vol,3
544,$400E_period,1
544,$400E_mode,0
544,$400C_const,1
544,$400C_vol,5
544,$4008_linear,0
544,$4005_sweep,0
544,$4004_duty,2
544,$4004_const,1
544,$4004_vol,4
544,$4001_sweep,0
544,$4000_duty,0
544,$4000_const,1
544,$4000_vol,3
545,$400E_period,1
545,$400E_mode,0
545,$400C_const,1
545,$400C_vol,5
545,$4008_linear,0
545,$4005_sweep,0
545,$4004_duty,2
545,$4004_const,1
545,$4004_vol,4
545,$4001_sweep,0
545,$4000_duty,0
545,$4000_const,1
545,$4000_vol,3
546,$400E_period,1
546,$400E_mode,0
546,$400C_const,1
546,$400C_vol,5
546,$4008_linear,0
546,$4005_sweep,0
546,$4004_duty,2
546,$4004_const,1
546,$4004_vol,4
546,$4001_sweep,0
546,$4000_duty,0
546,$4000_const,1
546,$4000_vol,3
547,$400E_period,1
547,$400E_mode,0
547,$400C_const,1
547,$400C_vol,5
547,$4008_linear,0
547,$4005_sweep,0
547,$4004_duty,2
547,$4004_const,1
547,$4004_vol,4
547,$4001_sweep,0
547,$4000_duty,0
547,$4000_const,1
547,$4000_vol,3
548,$400E_period,1
548,$400E_mode,0
548,$400C_const,1
548,$400C_vol,5
548,$4008_linear,0
548,$4005_sweep,0
548,$4004_duty,2
548,$4004_const,1
548,$4004_vol,4
548,$4001_sweep,0
548,$4000_duty,0
548,$4000_const,1
548,$4000_vol,3
549,$400E_period,1
549,$400E_mode,0
549,$400C_const,1
549,$400C_vol,5
549,$4008_linear,0
549,$4005_sweep,0
549,$4004_duty,2
549,$4004_const,1
549,$4004_vol,3
549,$4001_sweep,0
549,$4000_duty,0
549,$4000_const,1
549,$4000_vol,3
550,$400E_period,1
550,$400E_mode,0
550,$400C_const,1
550,$400C_vol,5
550,$4008_linear,0
550,$4005_sweep,0
550,$4004_duty,2
550,$4004_const,1
550,$4004_vol,3
550,$4001_sweep,0
550,$4000_duty,0
550,$4000_const,1
550,$4000_vol,3
551,$400E_period,1
551,$400E_mode,0
551,$400C_const,1
551,$400C_vol,5
551,$4008_linear,0
551,$4005_sweep,0
551,$4004_duty,2
551,$4004_const,1
551,$4004_vol,3
551,$4001_sweep,0
551,$4000_duty,0
551,$4000_const,1
551,$4000_vol,3
552,$400E_period,1
552,$400E_mode,0
552,$400C_const,1
552,$400C_vol,0
552,$4008_linear,0
552,$4005_sweep,0
552,$4004_duty,2
552,$4004_const,1
552,$4004_vol,3
552,$4001_sweep,0
552,$4000_duty,0
552,$4000_const,1
552,$4000_vol,3
553,$400E_period,1
553,$400E_mode,0
553,$400C_const,1
553,$400C_vol,11
553,$4008_linear,0
553,$4005_sweep,0
553,$4004_duty,2
553,$4004_const,1
553,$4004_vol,3
553,$4001_sweep,0
553,$4000_duty,0
553,$4000_const,1
553,$4000_vol,3
554,$400E_period,1
554,$400E_mode,0
554,$400C_const,1
554,$400C_vol,6
554,$4008_linear,0
554,$4005_sweep,0
554,$4004_duty,2
554,$4004_const,1
554,$4004_vol,2
554,$4001_sweep,0
554,$4000_duty,0
554,$4000_const,1
554,$4000_vol,3
555,$400E_period,1
555,$400E_mode,0
555,$400C_const,1
555,$400C_vol,2
555,$4008_linear,0
555,$4005_sweep,0
555,$4004_duty,2
555,$4004_const,1
555,$4004_vol,2
555,$4001_sweep,0
555,$4000_duty,0
555,$4000_const,1
555,$4000_vol,3
556,$400E_period,1
556,$400E_mode,0
556,$400C_const,1
556,$400C_vol,1
556,$4008_linear,0
556,$4005_sweep,0
556,$4004_duty,2
556,$4004_const,1
556,$4004_vol,2
556,$4001_sweep,0
556,$4000_duty,0
556,$4000_const,1
556,$4000_vol,3
557,$400E_period,1
557,$400E_mode,0
557,$400C_const,1
557,$400C_vol,0
557,$4008_linear,0
557,$4005_sweep,0
557,$4004_duty,2
557,$4004_const,1
557,$4004_vol,2
557,$4001_sweep,0
557,$4000_duty,0
557,$4000_const,1
557,$4000_vol,3
558,$400E_period,5
558,$400E_mode,0
558,$400C_const,1
558,$400C_vol,0
558,$400A_period,519
558,$400B_length,1
558,$4008_linear,7
558,$4005_sweep,0
558,$4004_duty,2
558,$4004_const,1
558,$4004_vol,2
558,$4001_sweep,0
558,$4000_duty,0
558,$4000_const,1
558,$4000_vol,3
559,$400E_period,5
559,$400E_mode,0
559,$400C_const,1
559,$400C_vol,13
559,$400A_period,507
559,$400B_length,0
559,$4008_linear,7
559,$4005_sweep,0
559,$4004_duty,2
559,$4004_const,1
559,$4004_vol,2
559,$4001_sweep,0
559,$4000_duty,0
559,$4000_const,1
559,$4000_vol,3
560,$400E_period,5
560,$400E_mode,0
560,$400C_const,1
560,$400C_vol,6
560,$400A_period,1021
560,$400B_length,1
560,$4008_linear,7
560,$4005_sweep,0
560,$4004_duty,2
560,$4004_const,1
560,$4004_vol,2
560,$4001_sweep,0
560,$4000_duty,0
560,$4000_const,1
560,$4000_vol,3
561,$400E_period,5
561,$400E_mode,0
561,$400C_const,1
561,$400C_vol,2
561,$4008_linear,7
561,$4005_sweep,0
561,$4004_duty,2
561,$4004_const,1
561,$4004_vol,2
561,$4001_sweep,0
561,$4000_duty,0
561,$4000_const,1
561,$4000_vol,3
562,$400E_period,5
562,$400E_mode,0
562,$400C_const,1
562,$400C_vol,1
562,$4008_linear,7
562,$4005_sweep,0
562,$4004_duty,2
562,$4004_const,1
562,$4004_vol,1
562,$4001_sweep,0
562,$4000_duty,0
562,$4000_const,1
562,$4000_vol,3
563,$400E_period,5
563,$400E_mode,0
563,$400C_const,1
563,$400C_vol,0
563,$4008_linear,7
563,$4005_sweep,0
563,$4004_duty,2
563,$4004_const,1
563,$4004_vol,1
563,$4001_sweep,0
563,$4000_duty,0
563,$4000_const,1
563,$4000_vol,3
564,$400E_period,5
564,$400E_mode,0
564,$400C_const,1
564,$400C_vol,0
564,$4008_linear,7
564,$4005_sweep,0
564,$4004_duty,2
564,$4004_const,1
564,$4004_vol,1
564,$4001_sweep,0
564,$4000_duty,0
564,$4000_const,1
564,$4000_vol,3
565,$400E_period,5
565,$400E_mode,0
565,$400C_const,1
565,$400C_vol,0
565,$4008_linear,7
565,$4005_sweep,0
565,$4004_duty,2
565,$4004_const,1
565,$4004_vol,1
565,$4001_sweep,0
565,$4000_duty,0
565,$4000_const,1
565,$4000_vol,3
566,$400E_period,5
566,$400E_mode,0
566,$400C_const,1
566,$400C_vol,0
566,$4008_linear,7
566,$4005_sweep,0
566,$4004_duty,2
566,$4004_const,1
566,$4004_vol,1
566,$4001_sweep,0
566,$4000_duty,0
566,$4000_const,1
566,$4000_vol,3
567,$400E_period,5
567,$400E_mode,0
567,$400C_const,1
567,$400C_vol,0
567,$4008_linear,7
567,$4005_sweep,0
567,$4004_duty,2
567,$4004_const,1
567,$4004_vol,1
567,$4001_sweep,0
567,$4000_duty,0
567,$4000_const,1
567,$4000_vol,3
568,$400E_period,5
568,$400E_mode,0
568,$400C_const,1
568,$400C_vol,0
568,$4008_linear,7
568,$4005_sweep,0
568,$4004_duty,2
568,$4004_const,1
568,$4004_vol,1
568,$4001_sweep,0
568,$4000_duty,0
568,$4000_const,1
568,$4000_vol,3
569,$400E_period,5
569,$400E_mode,0
569,$400C_const,1
569,$400C_vol,0
569,$4008_linear,7
569,$4005_sweep,0
569,$4004_duty,2
569,$4004_const,1
569,$4004_vol,1
569,$4001_sweep,0
569,$4000_duty,0
569,$4000_const,1
569,$4000_vol,3
570,$400E_period,1
570,$400E_mode,0
570,$400C_const,1
570,$400C_vol,0
570,$4008_linear,7
570,$4005_sweep,0
570,$4004_duty,2
570,$4004_const,1
570,$4004_vol,1
570,$4001_sweep,0
570,$4000_duty,0
570,$4000_const,1
570,$4000_vol,3
571,$400E_period,1
571,$400E_mode,0
571,$400C_const,1
571,$400C_vol,11
571,$4008_linear,7
571,$4005_sweep,0
571,$4004_duty,2
571,$4004_const,1
571,$4004_vol,0
571,$4001_sweep,0
571,$4000_duty,0
571,$4000_const,1
571,$4000_vol,3
572,$400E_period,1
572,$400E_mode,0
572,$400C_const,1
572,$400C_vol,6
572,$4008_linear,7
572,$4005_sweep,0
572,$4004_duty,2
572,$4004_const,1
572,$4004_vol,1
572,$4001_sweep,0
572,$4000_duty,0
572,$4000_const,1
572,$4000_vol,3
573,$400E_period,1
573,$400E_mode,0
573,$400C_const,1
573,$400C_vol,2
573,$4008_linear,7
573,$4005_sweep,0
573,$4004_duty,2
573,$4004_const,1
573,$4004_vol,1
573,$4001_sweep,0
573,$4000_duty,0
573,$4000_const,1
573,$4000_vol,3
574,$400E_period,1
574,$400E_mode,0
574,$400C_const,1
574,$400C_vol,1
574,$400A_period,1531
574,$400B_length,2
574,$4008_linear,7
574,$4005_sweep,0
574,$4004_duty,2
574,$4004_const,1
574,$4004_vol,1
574,$4001_sweep,0
574,$4000_duty,0
574,$4000_const,1
574,$4000_vol,3
575,$400E_period,1
575,$400E_mode,0
575,$400C_const,1
575,$400C_vol,0
575,$4008_linear,7
575,$4005_sweep,0
575,$4004_duty,2
575,$4004_const,1
575,$4004_vol,1
575,$4001_sweep,0
575,$4000_duty,0
575,$4000_const,1
575,$4000_vol,3
576,$400E_period,1
576,$400E_mode,0
576,$400C_const,1
576,$400C_vol,0
576,$4008_linear,0
576,$4005_sweep,0
576,$4004_duty,2
576,$4004_const,1
576,$4004_vol,0
576,$4002_period,853
576,$400B_length,1
576,$4001_sweep,0
576,$4000_duty,0
576,$4000_const,1
576,$4000_vol,0
577,$400E_period,1
577,$400E_mode,0
577,$400C_const,1
577,$400C_vol,11
577,$4008_linear,0
577,$4005_sweep,0
577,$4004_duty,2
577,$4004_const,1
577,$4004_vol,9
577,$4001_sweep,0
577,$4000_duty,0
577,$4000_const,1
577,$4000_vol,3
578,$400E_period,1
578,$400E_mode,0
578,$400C_const,1
578,$400C_vol,6
578,$4008_linear,0
578,$4005_sweep,0
578,$4004_duty,2
578,$4004_const,1
578,$4004_vol,7
578,$4002_period,27
578,$400B_length,0
578,$4001_sweep,0
578,$4000_duty,0
578,$4000_const,1
578,$4000_vol,3
579,$400E_period,1
579,$400E_mode,0
579,$400C_const,1
579,$400C_vol,2
579,$4008_linear,0
579,$4005_sweep,0
579,$4004_duty,2
579,$4004_const,1
579,$4004_vol,6
579,$4001_sweep,0
579,$4000_duty,0
579,$4000_const,1
579,$4000_vol,3
580,$400E_period,1
580,$400E_mode,0
580,$400C_const,1
580,$400C_vol,1
580,$4008_linear,0
580,$4005_sweep,0
580,$4004_duty,2
580,$4004_const,1
580,$4004_vol,6
580,$4001_sweep,0
580,$4000_duty,0
580,$4000_const,1
580,$4000_vol,3
581,$400E_period,1
581,$400E_mode,0
581,$400C_const,1
581,$400C_vol,0
581,$4008_linear,0
581,$4005_sweep,0
581,$4004_duty,2
581,$4004_const,1
581,$4004_vol,5
581,$4001_sweep,0
581,$4000_duty,0
581,$4000_const,1
581,$4000_vol,3
582,$400E_period,1
582,$400E_mode,0
582,$400C_const,1
582,$400C_vol,0
582,$4008_linear,0
582,$4005_sweep,0
582,$4004_duty,2
582,$4004_const,1
582,$4004_vol,5
582,$4002_period,853
582,$400B_length,1
582,$4001_sweep,0
582,$4000_duty,0
582,$4000_const,1
582,$4000_vol,3
583,$400E_period,1
583,$400E_mode,0
583,$400C_const,1
583,$400C_vol,0
583,$4008_linear,0
583,$4005_sweep,0
583,$4004_duty,2
583,$4004_const,1
583,$4004_vol,5
583,$4001_sweep,0
583,$4000_duty,0
583,$4000_const,1
583,$4000_vol,3
584,$400E_period,1
584,$400E_mode,0
584,$400C_const,1
584,$400C_vol,0
584,$4008_linear,0
584,$4005_sweep,0
584,$4004_duty,2
584,$4004_const,1
584,$4004_vol,5
584,$4002_period,27
584,$400B_length,0
584,$4001_sweep,0
584,$4000_duty,0
584,$4000_const,1
584,$4000_vol,3
585,$400E_period,1
585,$400E_mode,0
585,$400C_const,1
585,$400C_vol,0
585,$4008_linear,0
585,$4005_sweep,0
585,$4004_duty,2
585,$4004_const,1
585,$4004_vol,5
585,$4001_sweep,0
585,$4000_duty,0
585,$4000_const,1
585,$4000_vol,3
586,$400E_period,1
586,$400E_mode,0
586,$400C_const,1
586,$400C_vol,0
586,$4008_linear,0
586,$4005_sweep,0
586,$4004_duty,2
586,$4004_const,1
586,$4004_vol,4
586,$4001_sweep,0
586,$4000_duty,0
586,$4000_const,1
586,$4000_vol,3
587,$400E_period,1
587,$400E_mode,0
587,$400C_const,1
587,$400C_vol,0
587,$4008_linear,0
587,$4005_sweep,0
587,$4004_duty,2
587,$4004_const,1
587,$4004_vol,4
587,$4001_sweep,0
587,$4000_duty,0
587,$4000_const,1
587,$4000_vol,3
588,$400E_period,1
588,$400E_mode,0
588,$400C_const,1
588,$400C_vol,0
588,$4008_linear,7
588,$4005_sweep,0
588,$4004_duty,2
588,$4004_const,1
588,$4004_vol,4
588,$4002_period,853
588,$400B_length,1
588,$4001_sweep,0
588,$4000_duty,0
588,$4000_const,1
588,$4000_vol,3
589,$400E_period,1
589,$400E_mode,0
589,$400C_const,1
589,$400C_vol,11
589,$400A_period,847
589,$400B_length,1
589,$4008_linear,7
589,$4005_sweep,0
589,$4004_duty,2
589,$4004_const,1
589,$4004_vol,4
589,$4001_sweep,0
589,$4000_duty,0
589,$4000_const,1
589,$4000_vol,3
590,$400E_period,1
590,$400E_mode,0
590,$400C_const,1
590,$400C_vol,6
590,$400A_period,1191
590,$400B_length,2
590,$4008_linear,7
590,$4005_sweep,0
590,$4004_duty,2
590,$4004_const,1
590,$4004_vol,4
590,$4002_period,27
590,$400B_length,0
590,$4001_sweep,0
590,$4000_duty,0
590,$4000_const,1
590,$4000_vol,3
591,$400E_period,1
591,$400E_mode,0
591,$400C_const,1
591,$400C_vol,2
591,$4008_linear,7
591,$4005_sweep,0
591,$4004_duty,2
591,$4004_const,1
591,$4004_vol,3
591,$4001_sweep,0
591,$4000_duty,0
591,$4000_const,1
591,$4000_vol,3
592,$400E_period,1
592,$400E_mode,0
592,$400C_const,1
592,$400C_vol,1
592,$4008_linear,7
592,$4005_sweep,0
592,$4004_duty,2
592,$4004_const,1
592,$4004_vol,4
592,$4001_sweep,0
592,$4000_duty,0
592,$4000_const,1
592,$4000_vol,3
593,$400E_period,1
593,$400E_mode,0
593,$400C_const,1
593,$400C_vol,0
593,$4008_linear,7
593,$4005_sweep,0
593,$4004_duty,2
593,$4004_const,1
593,$4004_vol,4
593,$4001_sweep,0
593,$4000_duty,0
593,$4000_const,1
593,$4000_vol,3
594,$400E_period,1
594,$400E_mode,0
594,$400C_const,1
594,$400C_vol,0
594,$4008_linear,7
594,$4005_sweep,0
594,$4004_duty,2
594,$4004_const,1
594,$4004_vol,4
594,$4002_period,853
594,$400B_length,1
594,$4001_sweep,0
594,$4000_duty,0
594,$4000_const,1
594,$4000_vol,3
595,$400E_period,1
595,$400E_mode,0
595,$400C_const,1
595,$400C_vol,11
595,$4008_linear,7
595,$4005_sweep,0
595,$4004_duty,2
595,$4004_const,1
595,$4004_vol,4
595,$4001_sweep,0
595,$4000_duty,0
595,$4000_const,1
595,$4000_vol,3
596,$400E_period,1
596,$400E_mode,0
596,$400C_const,1
596,$400C_vol,6
596,$4008_linear,7
596,$4005_sweep,0
596,$4004_duty,2
596,$4004_const,1
596,$4004_vol,4
596,$4002_period,27
596,$400B_length,0
596,$4001_sweep,0
596,$4000_duty,0
596,$4000_const,1
596,$4000_vol,3
597,$400E_period,1
597,$400E_mode,0
597,$400C_const,1
597,$400C_vol,2
597,$4008_linear,7
597,$4005_sweep,0
597,$4004_duty,2
597,$4004_const,1
597,$4004_vol,4
597,$4001_sweep,0
597,$4000_duty,0
597,$4000_const,1
597,$4000_vol,3
598,$400E_period,1
598,$400E_mode,0
598,$400C_const,1
598,$400C_vol,1
598,$4008_linear,7
598,$4005_sweep,0
598,$4004_duty,2
598,$4004_const,1
598,$4004_vol,4
598,$4001_sweep,0
598,$4000_duty,0
598,$4000_const,1
598,$4000_vol,3
599,$400E_period,1
599,$400E_mode,0
599,$400C_const,1
599,$400C_vol,0
599,$4008_linear,7
599,$4005_sweep,0
599,$4004_duty,2
599,$4004_const,1
599,$4004_vol,4
599,$4001_sweep,0
599,$4000_duty,0
599,$4000_const,1
599,$4000_vol,3
